0 1 3
0 1 5
0 1 7
0 1 12
0 1 13
0 1 16
0 1 18
0 1 19
0 1 22
0 1 25
0 1 33
0 1 35
0 1 36
0 1 38
0 1 40
0 1 43
0 1 45
0 1 48
0 1 50
0 1 53
0 1 55
0 1 57
0 1 59
0 1 62
0 1 63
0 1 64
0 1 65
0 1 66
0 1 68
0 1 71
0 1 73
0 1 77
0 1 79
0 1 82
0 1 85
0 1 89
0 1 95
0 1 98
0 1 102
0 1 106
0 1 107
0 1 108
0 1 110
0 1 112
0 1 114
0 1 115
0 1 120
0 1 121
0 1 124
0 1 125
0 1 128
0 1 130
0 1 131
0 1 132
0 1 134
0 1 136
0 1 151
0 1 159
0 1 160
0 1 162
0 1 171
0 1 172
0 1 173
0 1 177
0 1 179
0 1 180
0 1 182
0 1 183
0 1 184
0 1 186
0 1 187
0 1 189
0 1 190
0 1 196
0 1 197
0 1 198
0 1 199
0 1 202
0 1 206
0 1 207
0 1 208
0 1 211
0 1 212
0 1 213
0 1 214
0 1 216
0 1 217
0 1 218
0 1 219
0 1 220
0 1 222
0 1 223
0 1 224
0 1 228
0 1 229
0 1 232
0 1 235
0 1 237
0 1 239
0 1 240
0 1 242
0 1 244
0 1 247
0 1 253
0 1 255
0 1 257
0 1 258
0 1 259
0 1 260
0 1 261
0 1 269
0 1 272
0 1 273
0 1 277
0 1 280
0 1 281
0 1 284
0 1 286
0 1 287
0 1 288
0 1 294
0 1 298
0 1 301
0 1 305
0 1 307
0 1 309
0 1 313
0 1 314
0 1 316
0 1 319
0 1 320
0 1 321
0 1 323
0 1 326
0 1 327
0 1 328
0 1 329
0 1 331
0 1 332
0 1 333
0 1 334
0 1 338
0 1 340
0 1 341
0 1 345
0 1 349
0 1 350
0 1 352
0 1 353
0 1 354
0 1 356
0 1 359
0 1 360
0 1 361
0 1 366
0 1 367
0 1 369
0 1 370
0 1 371
0 1 372
0 1 374
0 1 377
0 1 379
0 1 383
0 1 388
0 1 389
0 1 402
0 1 403
0 1 409
0 1 411
0 1 412
0 1 414
0 1 416
0 1 418
0 1 419
0 1 420
0 1 421
0 1 427
0 1 428
0 1 430
0 1 432
0 1 433
0 1 434
0 1 439
0 1 445
0 1 448
0 1 449
0 1 450
0 1 452
0 1 454
0 1 456
0 1 457
0 1 459
0 1 460
0 1 461
0 1 462
0 1 467
0 1 469
0 1 475
0 1 476
0 1 477
0 1 480
0 1 481
0 1 482
0 1 485
0 1 486
0 1 489
0 1 495
0 1 496
0 1 497
0 1 500
0 1 501
0 1 503
0 1 506
0 1 510
0 1 516
0 1 517
0 1 521
0 1 524
0 1 525
0 1 527
0 1 532
0 1 534
0 1 536
0 1 541
0 1 547
0 1 550
0 1 551
0 1 552
0 1 555
0 1 556
0 1 557
0 1 563
0 1 568
0 1 571
0 1 575
0 1 585
0 1 586
0 1 587
0 1 589
0 1 593
0 1 597
0 1 600
0 1 603
0 1 606
0 1 607
0 1 608
0 1 609
0 1 614
0 1 615
0 1 616
0 1 617
0 1 620
0 1 623
0 1 624
0 1 626
0 1 627
0 1 630
0 1 632
0 1 633
0 1 634
0 1 640
0 1 649
0 1 651
0 1 652
0 1 654
0 1 655
0 1 656
0 1 658
0 1 659
0 1 661
0 1 665
0 1 666
0 1 671
0 1 672
0 1 675
0 1 676
0 1 681
0 1 682
0 1 691
0 1 694
0 1 695
0 1 701
0 1 702
0 1 703
0 1 704
0 1 707
0 1 709
0 1 712
0 1 716
0 1 720
0 1 721
0 1 724
0 1 725
0 1 726
0 1 727
0 1 730
0 1 733
0 1 734
0 1 737
0 1 740
0 1 741
0 1 745
0 1 746
0 1 747
0 1 748
0 1 751
0 1 752
0 1 753
0 1 755
0 1 760
0 1 761
0 1 767
0 1 769
0 1 770
0 1 771
0 1 774
0 1 775
0 1 776
0 1 778
0 1 781
0 1 783
0 1 786
0 1 789
0 1 791
0 1 794
0 1 796
0 1 797
0 1 798
0 1 801
0 1 811
0 1 814
0 1 818
0 1 823
0 1 829
0 1 830
0 1 831
0 1 834
0 1 836
0 1 838
0 1 839
0 1 841
0 1 842
0 1 846
0 1 847
0 1 851
0 1 855
0 1 856
0 1 857
0 1 863
0 1 864
0 1 865
0 1 866
0 1 867
0 1 868
0 1 870
0 1 871
0 1 873
0 1 876
0 1 879
0 1 881
0 1 882
0 1 883
0 1 884
0 1 886
0 1 888
0 1 890
0 1 892
0 1 893
0 1 894
0 1 896
0 1 897
0 1 901
0 1 902
0 1 903
0 1 905
0 1 913
0 1 914
0 1 916
0 1 918
0 1 919
0 1 920
0 1 921
0 1 924
0 1 931
0 1 933
0 1 935
0 1 943
0 1 949
0 1 950
0 1 960
0 1 962
0 1 965
0 1 966
0 1 967
0 1 968
0 1 969
0 1 970
0 1 974
0 1 977
0 1 978
0 1 979
0 1 980
0 1 984
0 1 986
0 1 990
0 1 992
0 1 996
0 1 999
0 1 1000
0 1 1002
0 1 1003
0 1 1007
0 1 1013
0 1 1015
0 1 1017
0 1 1025
0 1 1027
0 1 1029
0 1 1030
0 1 1031
0 1 1038
0 1 1041
0 1 1047
0 1 1048
0 1 1049
0 1 1051
0 1 1060
0 1 1062
0 1 1063
0 1 1067
0 1 1071
0 1 1073
0 1 1074
0 1 1075
0 1 1080
0 1 1081
0 1 1083
0 1 1084
0 1 1088
0 1 1092
0 1 1093
0 1 1094
0 1 1095
0 1 1096
0 1 1097
0 1 1099
0 1 1108
0 1 1109
0 1 1110
0 1 1111
0 1 1113
0 1 1116
0 1 1120
0 1 1121
0 1 1122
0 1 1123
0 1 1124
0 1 1127
0 1 1132
0 1 1133
0 1 1135
0 1 1136
0 1 1138
0 1 1141
0 1 1147
0 1 1148
0 1 1149
0 1 1151
0 1 1152
0 1 1153
0 1 1157
0 1 1158
0 1 1159
0 1 1161
0 1 1166
0 1 1169
0 1 1171
0 1 1173
0 1 1175
0 1 1176
0 1 1177
0 1 1178
0 1 1181
0 1 1182
0 1 1184
0 1 1187
0 1 1190
0 1 1191
0 1 1192
0 1 1197
0 1 1199
0 1 1200
0 1 1201
0 1 1202
0 1 1203
0 1 1206
0 1 1210
0 1 1211
0 1 1212
0 1 1215
0 1 1218
0 1 1221
0 1 1223
0 1 1224
0 1 1227
0 1 1228
0 1 1230
0 1 1231
0 1 1235
0 1 1236
0 1 1238
0 1 1239
0 1 1240
0 1 1242
0 1 1244
0 1 1246
0 1 1247
0 1 1248
0 1 1249
0 1 1252
0 1 1256
0 1 1259
0 1 1260
0 1 1263
0 1 1265
0 1 1268
0 1 1270
0 1 1272
0 1 1275
0 1 1277
0 1 1278
0 1 1280
0 1 1285
0 1 1287
0 1 1288
0 1 1289
0 1 1290
0 1 1292
0 1 1293
0 1 1299
0 1 1301
0 1 1304
0 1 1305
0 1 1306
0 1 1309
0 1 1311
0 1 1318
0 1 1319
0 1 1321
0 1 1324
0 1 1327
0 1 1328
0 1 1331
0 1 1332
0 1 1334
0 1 1335
0 1 1338
0 1 1339
0 1 1340
0 1 1341
0 1 1342
0 1 1343
0 1 1344
0 1 1346
0 1 1347
0 1 1350
0 1 1355
0 1 1358
0 1 1367
0 1 1369
0 1 1371
0 1 1373
0 1 1375
0 1 1376
0 1 1377
0 1 1384
0 1 1389
0 1 1391
0 1 1394
0 1 1395
0 1 1399
0 1 1400
0 1 1406
0 1 1407
0 1 1408
0 1 1410
0 1 1417
0 1 1418
0 1 1422
0 1 1424
0 1 1427
0 1 1428
0 1 1433
0 1 1435
0 1 1437
0 1 1440
0 1 1443
0 1 1448
0 1 1452
0 1 1460
0 1 1463
0 1 1464
0 1 1467
0 1 1468
0 1 1469
0 1 1470
0 1 1473
0 1 1476
0 1 1481
0 1 1483
0 1 1485
0 1 1486
0 1 1487
0 1 1492
0 1 1493
0 1 1494
0 1 1496
0 1 1497
0 1 1499
0 1 1500
0 1 1501
0 1 1505
0 1 1510
0 1 1511
0 1 1513
0 1 1514
0 1 1521
0 1 1522
0 1 1526
0 1 1529
0 1 1533
0 1 1536
0 1 1537
0 1 1539
0 1 1541
0 1 1545
0 1 1548
0 1 1551
0 1 1556
0 1 1558
0 1 1560
0 1 1562
0 1 1564
0 1 1571
0 1 1572
0 1 1573
0 1 1577
0 1 1579
0 1 1580
0 1 1584
0 1 1585
0 1 1587
0 1 1588
0 1 1589
0 1 1591
0 1 1593
0 1 1596
0 1 1601
0 1 1602
0 1 1604
0 1 1607
0 1 1608
0 1 1609
0 1 1610
0 1 1612
0 1 1613
0 1 1615
0 1 1617
0 1 1620
0 1 1627
0 1 1629
0 1 1630
0 1 1631
0 1 1632
0 1 1634
0 1 1635
0 1 1636
0 1 1639
0 1 1641
0 1 1645
0 1 1650
0 1 1651
0 1 1655
0 1 1658
0 1 1660
0 1 1661
0 1 1663
0 1 1664
0 1 1667
0 1 1669
0 1 1678
0 1 1684
0 1 1686
0 1 1689
0 1 1692
0 1 1693
0 1 1694
0 1 1698
0 1 1702
0 1 1704
0 1 1705
0 1 1706
0 1 1707
0 1 1712
0 1 1713
0 1 1714
0 1 1715
0 1 1716
0 1 1718
0 1 1719
0 1 1722
0 1 1724
0 1 1729
0 1 1738
0 1 1740
0 1 1743
0 1 1747
0 1 1753
0 1 1754
0 1 1758
0 1 1763
0 1 1765
0 1 1766
0 1 1767
0 1 1771
0 1 1775
0 1 1779
0 1 1781
0 1 1782
0 1 1785
0 1 1789
0 1 1790
0 1 1796
0 1 1798
0 1 1802
0 1 1803
0 1 1804
0 1 1806
0 1 1807
0 1 1813
0 1 1814
0 1 1815
0 1 1819
0 1 1820
0 1 1824
0 1 1831
0 1 1845
0 1 1848
0 1 1850
0 1 1851
0 1 1852
0 1 1858
0 1 1859
0 1 1863
0 1 1866
0 1 1870
0 1 1871
0 1 1875
0 1 1879
0 1 1884
0 1 1888
0 1 1889
0 1 1892
0 1 1896
0 1 1898
0 1 1900
0 1 1901
0 1 1904
0 1 1905
0 1 1908
0 1 1909
0 1 1916
0 1 1922
0 1 1923
0 1 1926
0 1 1929
0 1 1932
0 1 1933
0 1 1935
0 1 1940
0 1 1943
0 1 1945
0 1 1946
0 1 1955
0 1 1956
0 1 1957
0 1 1959
0 1 1960
0 1 1962
0 1 1963
0 1 1965
0 1 1968
0 1 1970
0 1 1971
0 1 1973
0 1 1978
0 1 1982
0 1 1983
0 1 1985
0 1 1991
0 1 1993
0 1 1994
0 1 1999
0 1 2000
0 1 2001
0 1 2010
0 1 2012
0 1 2014
0 1 2016
0 1 2017
0 1 2018
0 1 2019
0 1 2020
0 1 2021
0 1 2023
0 1 2026
0 1 2037
0 1 2043
0 1 2045
0 1 2048
0 1 2049
0 1 2051
0 1 2052
0 1 2056
0 1 2060
0 1 2061
0 1 2062
0 1 2063
0 1 2065
0 1 2068
0 1 2069
0 1 2072
0 1 2073
0 1 2083
0 1 2087
0 1 2089
0 1 2092
0 1 2093
0 1 2096
0 1 2097
0 1 2103
0 1 2104
0 1 2109
0 1 2110
0 1 2111
0 1 2116
0 1 2121
0 1 2126
0 1 2127
0 1 2128
0 1 2131
0 1 2132
0 1 2135
0 1 2140
0 1 2142
0 1 2147
0 1 2149
0 1 2156
0 1 2158
0 1 2159
0 1 2161
0 1 2162
0 1 2166
0 1 2171
0 1 2177
0 1 2178
0 1 2181
0 1 2182
0 1 2184
0 1 2186
0 1 2187
0 1 2193
0 1 2194
0 1 2195
0 1 2197
0 1 2199
0 1 2201
0 1 2202
0 1 2203
0 1 2207
0 1 2209
0 1 2210
0 1 2214
0 1 2217
0 1 2218
0 1 2222
0 1 2230
0 1 2233
0 1 2234
0 1 2244
0 1 2249
0 1 2251
0 1 2252
0 1 2255
0 1 2256
0 1 2257
0 1 2258
0 1 2261
0 1 2263
0 1 2264
0 1 2265
0 1 2270
0 1 2272
0 1 2273
0 1 2278
0 1 2279
0 1 2280
0 1 2283
0 1 2285
0 1 2286
0 1 2290
0 1 2291
0 1 2293
0 1 2300
0 1 2301
0 1 2306
0 1 2315
0 1 2316
0 1 2319
0 1 2321
0 1 2322
0 1 2323
0 1 2325
0 1 2328
0 1 2329
0 1 2330
0 1 2333
0 1 2337
0 1 2344
0 1 2345
0 1 2347
0 1 2353
0 1 2355
0 1 2356
0 1 2358
0 1 2360
0 1 2361
0 1 2364
0 1 2365
0 1 2366
0 1 2369
0 1 2389
0 1 2392
0 1 2393
0 1 2396
0 1 2398
0 1 2399
0 1 2400
0 1 2401
0 1 2402
0 1 2403
0 1 2404
0 1 2407
0 1 2408
0 1 2410
0 1 2414
0 1 2415
0 1 2417
0 1 2419
0 1 2420
0 1 2422
0 1 2425
0 1 2426
0 1 2429
0 1 2431
0 1 2438
0 1 2440
0 1 2445
0 1 2450
0 1 2451
0 1 2452
0 1 2453
0 1 2454
0 1 2462
0 1 2463
0 1 2468
0 1 2469
0 1 2475
0 1 2477
0 1 2478
0 1 2480
0 1 2485
0 1 2488
0 1 2490
0 1 2494
0 1 2498
0 1 2500
0 1 2501
0 1 2502
0 1 2510
0 1 2512
0 1 2513
0 1 2515
0 1 2518
0 1 2520
0 1 2521
0 1 2522
0 1 2524
0 1 2529
0 1 2532
0 1 2542
0 1 2544
0 1 2546
0 1 2549
0 1 2550
0 1 2551
0 1 2552
0 1 2553
0 1 2554
0 1 2556
0 1 2563
0 1 2564
0 1 2571
0 1 2573
0 1 2575
0 1 2577
0 1 2578
0 1 2579
0 1 2588
0 1 2589
0 1 2590
0 1 2591
0 1 2592
0 1 2594
0 1 2595
0 1 2600
0 1 2604
0 1 2610
0 1 2622
0 1 2626
0 1 2631
0 1 2632
0 1 2633
0 1 2635
0 1 2637
0 1 2640
0 1 2642
0 1 2643
0 1 2645
0 1 2646
0 1 2648
0 1 2650
0 1 2652
0 1 2656
0 1 2666
0 1 2670
0 1 2672
0 1 2673
0 1 2674
0 1 2676
0 1 2686
0 1 2687
0 1 2689
0 1 2692
0 1 2694
0 1 2695
0 1 2699
0 1 2702
0 1 2703
0 1 2704
0 1 2707
0 1 2708
0 1 2709
0 1 2710
0 1 2711
0 1 2715
0 1 2724
0 1 2727
0 1 2728
0 1 2731
0 1 2733
0 1 2734
0 1 2735
0 1 2737
0 1 2738
0 1 2741
0 1 2746
0 1 2750
0 1 2752
0 1 2758
0 1 2767
0 1 2770
0 1 2771
0 1 2773
0 1 2775
0 1 2776
0 1 2777
0 1 2778
0 1 2779
0 1 2781
0 1 2782
0 1 2783
0 1 2784
0 1 2785
0 1 2786
0 1 2788
0 1 2789
0 1 2790
0 1 2791
0 1 2793
0 1 2794
0 1 2795
0 1 2796
0 1 2797
0 1 2799
0 1 2801
0 1 2802
0 1 2803
0 1 2809
0 1 2810
0 1 2817
0 1 2820
0 1 2826
0 1 2827
0 1 2829
0 1 2830
0 1 2831
0 1 2835
0 1 2836
0 1 2841
0 1 2844
0 1 2847
0 1 2848
0 1 2849
0 1 2854
0 1 2858
0 1 2859
0 1 2860
0 1 2864
0 1 2866
0 1 2867
0 1 2870
0 1 2879
0 1 2880
0 1 2881
0 1 2885
0 1 2889
0 1 2890
0 1 2891
0 1 2893
0 1 2895
0 1 2896
0 1 2897
0 1 2898
0 1 2899
0 1 2904
0 1 2905
0 1 2906
0 1 2909
0 1 2910
0 1 2911
0 1 2913
0 1 2914
0 1 2915
0 1 2916
0 1 2924
0 1 2925
0 1 2931
0 1 2937
0 1 2938
0 1 2941
0 1 2942
0 1 2947
0 1 2949
0 1 2950
0 1 2957
0 1 2959
0 1 2960
0 1 2961
0 1 2962
0 1 2963
0 1 2964
0 1 2966
0 1 2968
0 1 2969
0 1 2970
0 1 2972
0 1 2973
0 1 2976
0 1 2977
0 1 2983
0 1 2985
0 1 2986
0 1 2987
0 1 2988
0 1 2989
0 1 2992
0 1 2993
0 1 2997
0 1 2998
0 1 3000
0 1 3001
0 1 3002
0 1 3006
0 1 3007
0 1 3009
0 1 3012
0 1 3013
0 1 3014
0 1 3015
0 1 3020
0 1 3022
0 1 3023
0 1 3025
0 1 3029
0 1 3033
0 1 3034
0 1 3036
0 1 3037
0 1 3050
0 1 3051
0 1 3054
0 1 3057
0 1 3059
0 1 3061
0 1 3062
0 1 3066
0 1 3067
0 1 3069
0 1 3071
0 1 3072
0 1 3073
0 1 3074
0 1 3077
0 1 3082
0 1 3085
0 1 3086
0 1 3088
0 1 3090
0 1 3092
0 1 3095
0 1 3099
0 1 3101
0 1 3105
0 1 3108
0 1 3109
0 1 3110
0 1 3112
0 1 3113
0 1 3118
0 1 3122
0 1 3123
0 1 3124
0 1 3130
0 1 3133
0 1 3134
0 1 3137
0 1 3139
0 1 3141
0 1 3143
0 1 3144
0 1 3145
0 1 3146
0 1 3151
0 1 3152
0 1 3153
0 1 3156
0 1 3160
0 1 3162
0 1 3163
0 1 3164
0 1 3168
0 1 3169
0 1 3170
0 1 3171
0 1 3172
0 1 3174
0 1 3175
0 1 3178
0 1 3179
0 1 3181
0 1 3182
0 1 3188
0 1 3190
0 1 3192
0 1 3195
0 1 3198
0 1 3202
0 1 3204
0 1 3206
0 1 3208
0 1 3212
0 1 3213
0 1 3214
0 1 3215
0 1 3218
0 1 3220
0 1 3223
0 1 3227
0 1 3230
0 1 3235
0 1 3239
0 1 3243
0 1 3244
0 1 3251
0 1 3256
0 1 3259
0 1 3260
0 1 3262
0 1 3263
0 1 3264
0 1 3265
0 1 3268
0 1 3270
0 1 3275
0 1 3278
0 1 3281
0 1 3282
0 1 3287
0 1 3288
0 1 3291
0 1 3292
0 1 3293
0 1 3294
0 1 3295
0 1 3296
0 1 3297
0 1 3298
0 1 3300
0 1 3301
0 1 3302
0 1 3304
0 1 3307
0 1 3308
0 1 3309
0 1 3311
0 1 3312
0 1 3313
0 1 3314
0 1 3317
0 1 3319
0 1 3322
0 1 3326
0 1 3331
0 1 3334
0 1 3335
0 1 3337
0 1 3340
0 1 3345
0 1 3347
0 1 3348
0 1 3351
0 1 3353
0 1 3356
0 1 3360
0 1 3361
0 1 3365
0 1 3367
0 1 3371
0 1 3373
0 1 3374
0 1 3378
0 1 3381
0 1 3382
0 1 3383
0 1 3384
0 1 3386
0 1 3387
0 1 3389
0 1 3390
0 1 3392
0 1 3394
0 1 3395
0 1 3396
0 1 3400
0 1 3403
0 1 3407
0 1 3409
0 1 3410
0 1 3411
0 1 3412
0 1 3414
0 1 3415
0 1 3419
0 1 3421
0 1 3424
0 1 3426
0 1 3432
0 1 3433
0 1 3434
0 1 3441
0 1 3442
0 1 3443
0 1 3444
0 1 3446
0 1 3449
0 1 3450
0 1 3452
0 1 3454
0 1 3455
0 1 3458
0 1 3464
0 1 3469
0 1 3475
0 1 3476
0 1 3484
0 1 3487
0 1 3490
0 1 3494
0 1 3495
0 1 3498
0 1 3501
0 1 3503
0 1 3504
0 1 3506
0 1 3508
0 1 3509
0 1 3511
0 1 3513
0 1 3516
0 1 3517
0 1 3519
0 1 3528
0 1 3529
0 1 3530
0 1 3532
0 1 3535
0 1 3538
0 1 3545
0 1 3547
0 1 3551
0 1 3553
0 1 3554
0 1 3555
0 1 3556
0 1 3558
0 1 3560
0 1 3563
0 1 3566
0 1 3567
0 1 3568
0 1 3569
0 1 3572
0 1 3573
0 1 3574
0 1 3575
0 1 3576
0 1 3577
0 1 3578
0 1 3585
0 1 3586
0 1 3588
0 1 3589
0 1 3590
0 1 3593
0 1 3595
0 1 3596
0 1 3598
0 1 3601
0 1 3603
0 1 3604
0 1 3607
0 1 3611
0 1 3612
0 1 3618
0 1 3620
0 1 3623
0 1 3631
0 1 3632
0 1 3633
0 1 3634
0 1 3641
0 1 3643
0 1 3644
0 1 3645
0 1 3646
0 1 3648
0 1 3653
0 1 3655
0 1 3657
0 1 3664
0 1 3665
0 1 3667
0 1 3668
0 1 3670
0 1 3671
0 1 3675
0 1 3676
0 1 3678
0 1 3679
0 1 3683
0 1 3684
0 1 3685
0 1 3686
0 1 3688
0 1 3693
0 1 3695
0 1 3700
0 1 3701
0 1 3706
0 1 3707
0 1 3710
0 1 3711
0 1 3713
0 1 3714
0 1 3717
0 1 3718
0 1 3719
0 1 3720
0 1 3721
0 1 3722
0 1 3723
0 1 3725
0 1 3726
0 1 3727
0 1 3733
0 1 3735
0 1 3736
0 1 3738
0 1 3739
0 1 3740
0 1 3743
0 1 3749
0 1 3753
0 1 3756
0 1 3760
0 1 3762
0 1 3763
0 1 3765
0 1 3767
0 1 3772
0 1 3773
0 1 3777
0 1 3780
0 1 3781
0 1 3782
0 1 3785
0 1 3786
0 1 3787
0 1 3788
0 1 3789
0 1 3790
0 1 3793
0 1 3794
0 1 3796
0 1 3797
0 1 3800
0 1 3802
0 1 3812
0 1 3814
0 1 3816
0 1 3817
0 1 3822
0 1 3824
0 1 3828
0 1 3832
0 1 3833
0 1 3836
0 1 3838
0 1 3839
0 1 3840
0 1 3841
0 1 3842
0 1 3844
0 1 3848
0 1 3850
0 1 3853
0 1 3854
0 1 3857
0 1 3858
0 1 3859
0 1 3861
0 1 3864
0 1 3866
0 1 3868
0 1 3869
0 1 3874
0 1 3876
0 1 3878
0 1 3885
0 1 3887
0 1 3889
0 1 3890
0 1 3892
0 1 3893
0 1 3900
0 1 3903
0 1 3908
0 1 3910
0 1 3911
0 1 3912
0 1 3914
0 1 3919
0 1 3920
0 1 3921
0 1 3922
0 1 3934
0 1 3941
0 1 3944
0 1 3945
0 1 3948
0 1 3949
0 1 3950
0 1 3954
0 1 3956
0 1 3957
0 1 3959
0 1 3961
0 1 3964
0 1 3966
0 1 3967
0 1 3970
0 1 3971
0 1 3973
0 1 3975
0 1 3978
0 1 3979
0 1 3985
0 1 3989
0 1 3992
0 1 3995
0 1 3998
0 1 4000
0 1 4008
0 1 4015
0 1 4019
0 1 4021
0 1 4022
0 1 4026
0 1 4028
0 1 4035
0 1 4036
0 1 4042
0 1 4043
0 1 4047
0 1 4049
0 1 4063
0 1 4069
0 1 4074
0 1 4075
0 1 4077
0 1 4082
0 1 4087
0 1 4090
0 1 4091
0 1 4093
0 1 4095
0 1 4096
0 1 4099
0 1 4102
0 1 4105
0 1 4107
0 1 4109
0 1 4112
0 1 4119
0 1 4120
0 1 4121
0 1 4124
0 1 4125
0 1 4131
0 1 4133
0 1 4135
0 1 4141
0 1 4142
0 1 4148
0 1 4150
0 1 4151
0 1 4153
0 1 4156
0 1 4159
0 1 4162
0 1 4163
0 1 4166
0 1 4169
0 1 4170
0 1 4172
0 1 4174
0 1 4180
0 1 4184
0 1 4190
0 1 4191
0 1 4192
0 1 4193
0 1 4194
0 1 4196
0 1 4197
0 1 4199
0 1 4200
0 1 4202
0 1 4204
0 1 4205
0 1 4206
0 1 4211
0 1 4212
0 1 4213
0 1 4217
0 1 4219
0 1 4221
0 1 4224
0 1 4228
0 1 4230
0 1 4231
0 1 4232
0 1 4234
0 1 4236
0 1 4238
0 1 4239
0 1 4244
0 1 4249
0 1 4250
0 1 4251
0 1 4252
0 1 4254
0 1 4255
0 1 4256
0 1 4257
0 1 4259
0 1 4260
0 1 4262
0 1 4265
0 1 4268
0 1 4269
0 1 4270
0 1 4271
0 1 4274
0 1 4276
0 1 4277
0 1 4278
0 1 4279
0 1 4281
0 1 4284
0 1 4289
0 1 4291
0 1 4293
0 1 4299
0 1 4300
0 1 4302
0 1 4304
0 1 4309
0 1 4314
0 1 4320
0 1 4321
0 1 4322
0 1 4326
0 1 4331
0 1 4334
0 1 4335
0 1 4340
0 1 4341
0 1 4346
0 1 4348
0 1 4351
0 1 4353
0 1 4354
0 1 4357
0 1 4358
0 1 4359
0 1 4362
0 1 4365
0 1 4369
0 1 4371
0 1 4372
0 1 4374
0 1 4378
0 1 4380
0 1 4389
0 1 4391
0 1 4395
0 1 4397
0 1 4399
0 1 4400
0 1 4401
0 1 4407
0 1 4410
0 1 4412
0 1 4416
0 1 4417
0 1 4419
0 1 4421
0 1 4422
0 1 4423
0 1 4424
0 1 4425
0 1 4430
0 1 4432
0 1 4436
0 1 4437
0 1 4439
0 1 4440
0 1 4446
0 1 4447
0 1 4449
0 1 4452
0 1 4458
0 1 4461
0 1 4469
0 1 4471
0 1 4475
0 1 4476
0 1 4477
0 1 4479
0 1 4481
0 1 4486
0 1 4487
0 1 4488
0 1 4490
0 1 4491
0 1 4492
0 1 4493
0 1 4494
0 1 4495
0 1 4498
0 1 4501
0 1 4504
0 1 4506
0 1 4507
0 1 4509
0 1 4512
0 1 4514
0 1 4521
0 1 4524
0 1 4527
0 1 4533
0 1 4534
0 1 4536
0 1 4538
0 1 4539
0 1 4540
0 1 4542
0 1 4543
0 1 4549
0 1 4551
0 1 4556
0 1 4557
0 1 4558
0 1 4559
0 1 4562
0 1 4569
0 1 4571
0 1 4577
0 1 4579
0 1 4582
0 1 4584
0 1 4586
0 1 4590
0 1 4592
0 1 4596
0 1 4605
0 1 4606
0 1 4607
0 1 4611
0 1 4612
0 1 4614
0 1 4615
0 1 4616
0 1 4618
0 1 4629
0 1 4630
0 1 4632
0 1 4635
0 1 4639
0 1 4641
0 1 4643
0 1 4644
0 1 4645
0 1 4652
0 1 4655
0 1 4659
0 1 4660
0 1 4663
0 1 4667
0 1 4670
0 1 4672
0 1 4675
0 1 4677
0 1 4678
0 1 4679
0 1 4680
0 1 4682
0 1 4686
0 1 4688
0 1 4689
0 1 4690
0 1 4695
0 1 4696
0 1 4697
0 1 4700
0 1 4701
0 1 4702
0 1 4703
0 1 4707
0 1 4708
0 1 4709
0 1 4715
0 1 4716
0 1 4719
0 1 4720
0 1 4723
0 1 4725
0 1 4731
0 1 4737
0 1 4738
0 1 4739
0 1 4740
0 1 4742
0 1 4743
0 1 4745
0 1 4747
0 1 4751
0 1 4755
0 1 4761
0 1 4765
0 1 4773
0 1 4774
0 1 4776
0 1 4779
0 1 4780
0 1 4783
0 1 4785
0 1 4786
0 1 4792
0 1 4795
0 1 4798
0 1 4799
0 1 4802
0 1 4809
0 1 4811
0 1 4812
0 1 4813
0 1 4814
0 1 4819
0 1 4821
0 1 4822
0 1 4824
0 1 4825
0 1 4827
0 1 4832
0 1 4834
0 1 4835
0 1 4836
0 1 4843
0 1 4844
0 1 4848
0 1 4849
0 1 4850
0 1 4852
0 1 4853
0 1 4858
0 1 4859
0 1 4861
0 1 4864
0 1 4867
0 1 4872
0 1 4874
0 1 4875
0 1 4877
0 1 4878
0 1 4882
0 1 4884
0 1 4885
0 1 4886
0 1 4887
0 1 4888
0 1 4891
0 1 4896
0 1 4903
0 1 4912
0 1 4913
0 1 4914
0 1 4915
0 1 4917
0 1 4920
0 1 4922
0 1 4926
0 1 4927
0 1 4929
0 1 4930
0 1 4932
0 1 4933
0 1 4934
0 1 4935
0 1 4937
0 1 4938
0 1 4939
0 1 4943
0 1 4945
0 1 4948
0 1 4949
0 1 4951
0 1 4952
0 1 4956
0 1 4957
0 1 4959
0 1 4960
0 1 4961
0 1 4962
0 1 4968
0 1 4970
0 1 4971
0 1 4973
0 1 4974
0 1 4975
0 1 4976
0 1 4978
0 1 4982
0 1 4983
0 1 4988
0 1 4992
0 1 4993
0 1 4996
0 1 4997
0 1 4998
0 1 5000
0 1 5003
0 1 5004
0 1 5011
0 1 5012
0 1 5018
0 1 5020
0 1 5022
0 1 5025
0 1 5029
0 1 5030
0 1 5037
0 1 5039
0 1 5043
0 1 5044
0 1 5046
0 1 5047
0 1 5051
0 1 5055
0 1 5056
0 1 5059
0 1 5062
0 1 5066
0 1 5067
0 1 5072
0 1 5075
0 1 5077
0 1 5079
0 1 5082
0 1 5083
0 1 5084
0 1 5086
0 1 5089
0 1 5092
0 1 5093
0 1 5095
0 1 5101
0 1 5105
0 1 5107
0 1 5111
0 1 5112
0 1 5113
0 1 5118
0 1 5119
0 1 5121
0 1 5124
0 1 5126
0 1 5128
0 1 5130
0 1 5131
0 1 5138
0 1 5139
0 1 5140
0 1 5144
0 1 5147
0 1 5148
0 1 5149
0 1 5150
0 1 5152
0 1 5153
0 1 5157
0 1 5161
0 1 5163
0 1 5164
0 1 5166
0 1 5167
0 1 5168
0 1 5169
0 1 5171
0 1 5172
0 1 5176
0 1 5177
0 1 5178
0 1 5179
0 1 5182
0 1 5184
0 1 5190
0 1 5193
0 1 5196
0 1 5198
0 1 5204
0 1 5207
0 1 5210
0 1 5211
0 1 5212
0 1 5213
0 1 5216
0 1 5217
0 1 5218
0 1 5222
0 1 5226
0 1 5227
0 1 5229
0 1 5237
0 1 5242
0 1 5246
0 1 5249
0 1 5250
0 1 5252
0 1 5253
0 1 5254
0 1 5257
0 1 5259
0 1 5260
0 1 5263
0 1 5267
0 1 5272
0 1 5273
0 1 5274
0 1 5276
0 1 5278
0 1 5279
0 1 5280
0 1 5281
0 1 5285
0 1 5289
0 1 5290
0 1 5294
0 1 5300
0 1 5301
0 1 5304
0 1 5305
0 1 5306
0 1 5310
0 1 5311
0 1 5313
0 1 5316
0 1 5317
0 1 5320
0 1 5321
0 1 5323
0 1 5327
0 1 5328
0 1 5332
0 1 5338
0 1 5339
0 1 5341
0 1 5342
0 1 5345
0 1 5346
0 1 5347
0 1 5349
0 1 5350
0 1 5353
0 1 5354
0 1 5355
0 1 5356
0 1 5362
0 1 5363
0 1 5365
0 1 5368
0 1 5371
0 1 5372
0 1 5373
0 1 5374
0 1 5377
0 1 5383
0 1 5384
0 1 5385
0 1 5389
0 1 5395
0 1 5403
0 1 5404
0 1 5405
0 1 5406
0 1 5411
0 1 5413
0 1 5417
0 1 5418
0 1 5419
0 1 5424
0 1 5427
0 1 5429
0 1 5431
0 1 5435
0 1 5438
0 1 5439
0 1 5440
0 1 5442
0 1 5443
0 1 5449
0 1 5450
0 1 5451
0 1 5454
0 1 5456
0 1 5457
0 1 5459
0 1 5461
0 1 5464
0 1 5465
0 1 5466
0 1 5471
0 1 5472
0 1 5473
0 1 5474
0 1 5479
0 1 5480
0 1 5481
0 1 5482
0 1 5487
0 1 5489
0 1 5490
0 1 5491
0 1 5492
0 1 5495
0 1 5499
0 1 5500
0 1 5503
0 1 5504
0 1 5506
0 1 5507
0 1 5510
0 1 5511
0 1 5515
0 1 5522
0 1 5526
0 1 5530
0 1 5531
0 1 5533
0 1 5534
0 1 5535
0 1 5542
0 1 5543
0 1 5548
0 1 5549
0 1 5550
0 1 5551
0 1 5552
0 1 5554
0 1 5558
0 1 5559
0 1 5562
0 1 5564
0 1 5566
0 1 5567
0 1 5569
0 1 5571
0 1 5572
0 1 5573
0 1 5576
0 1 5581
0 1 5582
0 1 5583
0 1 5585
0 1 5591
0 1 5595
0 1 5599
0 1 5602
0 1 5603
0 1 5604
0 1 5606
0 1 5614
0 1 5615
0 1 5616
0 1 5619
0 1 5623
0 1 5627
0 1 5628
0 1 5630
0 1 5634
0 1 5636
0 1 5639
0 1 5641
0 1 5645
0 1 5648
0 1 5650
0 1 5652
0 1 5656
0 1 5658
0 1 5660
0 1 5663
0 1 5664
0 1 5667
0 1 5668
0 1 5669
0 1 5673
0 1 5675
0 1 5676
0 1 5677
0 1 5679
0 1 5681
0 1 5684
0 1 5690
0 1 5693
0 1 5694
0 1 5695
0 1 5696
0 1 5702
0 1 5703
0 1 5704
0 1 5708
0 1 5713
0 1 5717
0 1 5718
0 1 5723
0 1 5725
0 1 5732
0 1 5733
0 1 5736
0 1 5740
0 1 5742
0 1 5743
0 1 5746
0 1 5755
0 1 5758
0 1 5759
0 1 5761
0 1 5763
0 1 5766
0 1 5767
0 1 5771
0 1 5772
0 1 5773
0 1 5774
0 1 5776
0 1 5778
0 1 5780
0 1 5781
0 1 5782
0 1 5783
0 1 5788
0 1 5789
0 1 5790
0 1 5795
0 1 5796
0 1 5797
0 1 5798
0 1 5799
0 1 5802
0 1 5803
0 1 5804
0 1 5805
0 1 5806
0 1 5809
0 1 5810
0 1 5814
0 1 5816
0 1 5817
0 1 5829
0 1 5831
0 1 5836
0 1 5837
0 1 5843
0 1 5848
0 1 5849
0 1 5851
0 1 5853
0 1 5854
0 1 5855
0 1 5858
0 1 5863
0 1 5864
0 1 5866
0 1 5867
0 1 5869
0 1 5870
0 1 5875
0 1 5877
0 1 5880
0 1 5884
0 1 5885
0 1 5890
0 1 5891
0 1 5895
0 1 5896
0 1 5898
0 1 5901
0 1 5902
0 1 5904
0 1 5905
0 1 5906
0 1 5907
0 1 5908
0 1 5914
0 1 5919
0 1 5929
0 1 5930
0 1 5931
0 1 5933
0 1 5934
0 1 5941
0 1 5942
0 1 5944
0 1 5947
0 1 5948
0 1 5949
0 1 5951
0 1 5956
0 1 5957
0 1 5961
0 1 5962
0 1 5969
0 1 5971
0 1 5972
0 1 5973
0 1 5975
0 1 5976
0 1 5978
0 1 5980
0 1 5982
0 1 5983
0 1 5987
0 1 5990
0 1 5992
0 1 5993
0 1 5994
0 1 5995
0 1 5999
0 1 6001
0 1 6005
0 1 6006
0 1 6007
0 1 6009
0 1 6011
0 1 6012
0 1 6015
0 1 6016
0 1 6020
0 1 6021
0 1 6022
0 1 6024
0 1 6026
0 1 6028
0 1 6047
0 1 6054
0 1 6056
0 1 6057
0 1 6059
0 1 6061
0 1 6068
0 1 6069
0 1 6070
0 1 6071
0 1 6076
0 1 6078
0 1 6080
0 1 6081
0 1 6085
0 1 6087
0 1 6090
0 1 6093
0 1 6095
0 1 6097
0 1 6102
0 1 6105
0 1 6108
0 1 6110
0 1 6111
0 1 6113
0 1 6120
0 1 6121
0 1 6125
0 1 6128
0 1 6129
0 1 6134
0 1 6135
0 1 6137
0 1 6140
0 1 6142
0 1 6144
0 1 6147
0 1 6150
0 1 6156
0 1 6159
0 1 6160
0 1 6162
0 1 6167
0 1 6171
0 1 6173
0 1 6176
0 1 6178
0 1 6179
0 1 6185
0 1 6187
0 1 6188
0 1 6190
0 1 6191
0 1 6192
0 1 6193
0 1 6195
0 1 6198
0 1 6199
0 1 6200
0 1 6204
0 1 6207
0 1 6210
0 1 6213
0 1 6216
0 1 6222
0 1 6223
0 1 6227
0 1 6235
0 1 6236
0 1 6237
0 1 6238
0 1 6241
0 1 6244
0 1 6247
0 1 6249
0 1 6250
0 1 6251
0 1 6253
0 1 6254
0 1 6260
0 1 6261
0 1 6262
0 1 6267
0 1 6270
0 1 6272
0 1 6273
0 1 6274
0 1 6275
0 1 6276
0 1 6277
0 1 6279
0 1 6281
0 1 6282
0 1 6283
0 1 6284
0 1 6285
0 1 6286
0 1 6288
0 1 6289
0 1 6291
0 1 6295
0 1 6296
0 1 6297
0 1 6298
0 1 6299
0 1 6300
0 1 6303
0 1 6305
0 1 6307
0 1 6308
0 1 6311
0 1 6313
0 1 6325
0 1 6326
0 1 6328
0 1 6329
0 1 6330
0 1 6332
0 1 6339
0 1 6342
0 1 6343
0 1 6344
0 1 6346
0 1 6350
0 1 6353
0 1 6354
0 1 6356
0 1 6357
0 1 6358
0 1 6360
0 1 6362
0 1 6363
0 1 6364
0 1 6365
0 1 6366
0 1 6372
0 1 6374
0 1 6378
0 1 6381
0 1 6383
0 1 6385
0 1 6388
0 1 6391
0 1 6394
0 1 6400
0 1 6401
0 1 6402
0 1 6403
0 1 6405
0 1 6408
0 1 6409
0 1 6413
0 1 6414
0 1 6422
0 1 6424
0 1 6431
0 1 6436
0 1 6437
0 1 6439
0 1 6441
0 1 6443
0 1 6444
0 1 6449
0 1 6451
0 1 6452
0 1 6454
0 1 6455
0 1 6456
0 1 6458
0 1 6460
0 1 6464
0 1 6465
0 1 6475
0 1 6477
0 1 6483
0 1 6490
0 1 6491
0 1 6492
0 1 6496
0 1 6498
0 1 6500
0 1 6501
0 1 6507
0 1 6508
0 1 6509
0 1 6511
0 1 6513
0 1 6514
0 1 6521
0 1 6523
0 1 6524
0 1 6525
0 1 6528
0 1 6532
0 1 6534
0 1 6535
0 1 6536
0 1 6539
0 1 6540
0 1 6542
0 1 6547
0 1 6548
0 1 6550
0 1 6555
0 1 6560
0 1 6561
0 1 6564
0 1 6573
0 1 6574
0 1 6575
0 1 6581
0 1 6583
0 1 6585
0 1 6586
0 1 6590
0 1 6591
0 1 6592
0 1 6594
0 1 6595
0 1 6601
0 1 6602
0 1 6603
0 1 6605
0 1 6607
0 1 6608
0 1 6609
0 1 6620
0 1 6624
0 1 6625
0 1 6627
0 1 6629
0 1 6633
0 1 6634
0 1 6635
0 1 6637
0 1 6639
0 1 6640
0 1 6642
0 1 6645
0 1 6649
0 1 6651
0 1 6652
0 1 6654
0 1 6655
0 1 6657
0 1 6660
0 1 6663
0 1 6665
0 1 6667
0 1 6672
0 1 6673
0 1 6680
0 1 6681
0 1 6682
0 1 6683
0 1 6686
0 1 6690
0 1 6691
0 1 6692
0 1 6693
0 1 6695
0 1 6699
0 1 6703
0 1 6704
0 1 6706
0 1 6707
0 1 6712
0 1 6713
0 1 6714
0 1 6715
0 1 6720
0 1 6721
0 1 6723
0 1 6728
0 1 6730
0 1 6733
0 1 6734
0 1 6735
0 1 6738
0 1 6740
0 1 6744
0 1 6745
0 1 6747
0 1 6748
0 1 6749
0 1 6751
0 1 6755
0 1 6756
0 1 6758
0 1 6759
0 1 6760
0 1 6762
0 1 6763
0 1 6768
0 1 6770
0 1 6774
0 1 6775
0 1 6777
0 1 6780
0 1 6784
0 1 6785
0 1 6788
0 1 6791
0 1 6793
0 1 6798
0 1 6802
0 1 6803
0 1 6804
0 1 6805
0 1 6807
0 1 6812
0 1 6816
0 1 6817
0 1 6822
0 1 6823
0 1 6825
0 1 6826
0 1 6828
0 1 6831
0 1 6833
0 1 6834
0 1 6835
0 1 6838
0 1 6843
0 1 6844
0 1 6846
0 1 6848
0 1 6849
0 1 6852
0 1 6855
0 1 6856
0 1 6860
0 1 6861
0 1 6864
0 1 6867
0 1 6868
0 1 6871
0 1 6872
0 1 6873
0 1 6875
0 1 6880
0 1 6881
0 1 6887
0 1 6888
0 1 6890
0 1 6892
0 1 6893
0 1 6896
0 1 6899
0 1 6901
0 1 6903
0 1 6905
0 1 6906
0 1 6907
0 1 6914
0 1 6920
0 1 6925
0 1 6926
0 1 6929
0 1 6930
0 1 6932
0 1 6934
0 1 6935
0 1 6936
0 1 6941
0 1 6942
0 1 6945
0 1 6946
0 1 6947
0 1 6948
0 1 6953
0 1 6954
0 1 6956
0 1 6957
0 1 6958
0 1 6959
0 1 6961
0 1 6962
0 1 6965
0 1 6966
0 1 6967
0 1 6968
0 1 6971
0 1 6972
0 1 6977
0 1 6985
0 1 6988
0 1 6989
0 1 6991
0 1 6992
0 1 6994
0 1 6997
0 1 6998
0 1 6999
0 1 7000
0 1 7001
0 1 7002
0 1 7003
0 1 7008
0 1 7010
0 1 7011
0 1 7018
0 1 7019
0 1 7020
0 1 7021
0 1 7024
0 1 7025
0 1 7026
0 1 7027
0 1 7029
0 1 7030
0 1 7031
0 1 7032
0 1 7034
0 1 7035
0 1 7039
0 1 7040
0 1 7042
0 1 7043
0 1 7044
0 1 7046
0 1 7048
0 1 7051
0 1 7054
0 1 7055
0 1 7056
0 1 7062
0 1 7064
0 1 7069
0 1 7071
0 1 7072
0 1 7078
0 1 7080
0 1 7082
0 1 7084
0 1 7085
0 1 7090
0 1 7091
0 1 7092
0 1 7093
0 1 7095
0 1 7098
0 1 7100
0 1 7103
0 1 7104
0 1 7105
0 1 7106
0 1 7112
0 1 7114
0 1 7115
0 1 7118
0 1 7119
0 1 7120
0 1 7121
0 1 7124
0 1 7125
0 1 7128
0 1 7133
0 1 7134
0 1 7135
0 1 7136
0 1 7139
0 1 7142
0 1 7147
0 1 7148
0 1 7152
0 1 7160
0 1 7162
0 1 7163
0 1 7167
0 1 7171
0 1 7172
0 1 7173
0 1 7176
0 1 7178
0 1 7180
0 1 7184
0 1 7188
0 1 7189
0 1 7191
0 1 7192
0 1 7193
0 1 7194
0 1 7200
0 1 7203
0 1 7208
0 1 7213
0 1 7214
0 1 7215
0 1 7216
0 1 7219
0 1 7220
0 1 7221
0 1 7223
0 1 7224
0 1 7225
0 1 7230
0 1 7233
0 1 7234
0 1 7235
0 1 7237
0 1 7238
0 1 7239
0 1 7240
0 1 7246
0 1 7247
0 1 7248
0 1 7249
0 1 7253
0 1 7255
0 1 7261
0 1 7263
0 1 7264
0 1 7270
0 1 7272
0 1 7275
0 1 7282
0 1 7285
0 1 7286
0 1 7288
0 1 7290
0 1 7291
0 1 7293
0 1 7294
0 1 7298
0 1 7300
0 1 7302
0 1 7304
0 1 7305
0 1 7307
0 1 7308
0 1 7309
0 1 7311
0 1 7312
0 1 7315
0 1 7318
0 1 7320
0 1 7321
0 1 7324
0 1 7326
0 1 7327
0 1 7328
0 1 7329
0 1 7331
0 1 7334
0 1 7335
0 1 7337
0 1 7339
0 1 7340
0 1 7342
0 1 7344
0 1 7345
0 1 7348
0 1 7354
0 1 7355
0 1 7356
0 1 7360
0 1 7362
0 1 7364
0 1 7368
0 1 7369
0 1 7372
0 1 7374
0 1 7377
0 1 7378
0 1 7381
0 1 7382
0 1 7387
0 1 7388
0 1 7391
0 1 7392
0 1 7393
0 1 7396
0 1 7397
0 1 7399
0 1 7401
0 1 7402
0 1 7405
0 1 7410
0 1 7412
0 1 7417
0 1 7418
0 1 7425
0 1 7426
0 1 7427
0 1 7428
0 1 7431
0 1 7434
0 1 7436
0 1 7437
0 1 7442
0 1 7445
0 1 7449
0 1 7450
0 1 7452
0 1 7455
0 1 7456
0 1 7459
0 1 7463
0 1 7464
0 1 7466
0 1 7468
0 1 7470
0 1 7471
0 1 7473
0 1 7476
0 1 7480
0 1 7482
0 1 7483
0 1 7485
0 1 7486
0 1 7489
0 1 7491
0 1 7492
0 1 7493
0 1 7494
0 1 7495
0 1 7497
0 1 7501
0 1 7502
0 1 7503
0 1 7505
0 1 7506
0 1 7509
0 1 7510
0 1 7512
0 1 7514
0 1 7516
0 1 7518
0 1 7525
0 1 7527
0 1 7534
0 1 7535
0 1 7536
0 1 7539
0 1 7540
0 1 7542
0 1 7544
0 1 7545
0 1 7546
0 1 7547
0 1 7548
0 1 7550
0 1 7552
0 1 7556
0 1 7557
0 1 7559
0 1 7560
0 1 7562
0 1 7565
0 1 7568
0 1 7569
0 1 7570
0 1 7571
0 1 7572
0 1 7573
0 1 7575
0 1 7576
0 1 7577
0 1 7580
0 1 7583
0 1 7589
0 1 7591
0 1 7592
0 1 7596
0 1 7603
0 1 7606
0 1 7607
0 1 7608
0 1 7610
0 1 7614
0 1 7618
0 1 7621
0 1 7622
0 1 7626
0 1 7628
0 1 7629
0 1 7632
0 1 7635
0 1 7638
0 1 7639
0 1 7641
0 1 7642
0 1 7646
0 1 7648
0 1 7653
0 1 7660
0 1 7661
0 1 7662
0 1 7664
0 1 7667
0 1 7668
0 1 7670
0 1 7672
0 1 7678
0 1 7681
0 1 7682
0 1 7683
0 1 7684
0 1 7685
0 1 7690
0 1 7691
0 1 7692
0 1 7693
0 1 7698
0 1 7703
0 1 7707
0 1 7708
0 1 7710
0 1 7716
0 1 7718
0 1 7722
0 1 7724
0 1 7726
0 1 7729
0 1 7730
0 1 7733
0 1 7736
0 1 7739
0 1 7747
0 1 7748
0 1 7749
0 1 7750
0 1 7751
0 1 7753
0 1 7755
0 1 7756
0 1 7760
0 1 7765
0 1 7767
0 1 7776
0 1 7777
0 1 7781
0 1 7782
0 1 7786
0 1 7787
0 1 7794
0 1 7795
0 1 7798
0 1 7800
0 1 7802
0 1 7803
0 1 7804
0 1 7806
0 1 7808
0 1 7812
0 1 7814
0 1 7816
0 1 7817
0 1 7819
0 1 7826
0 1 7829
0 1 7830
0 1 7831
0 1 7834
0 1 7836
0 1 7838
0 1 7841
0 1 7842
0 1 7845
0 1 7846
0 1 7848
0 1 7850
0 1 7852
0 1 7855
0 1 7858
0 1 7864
0 1 7865
0 1 7869
0 1 7872
0 1 7875
0 1 7876
0 1 7877
0 1 7886
0 1 7887
0 1 7889
0 1 7892
0 1 7893
0 1 7894
0 1 7897
0 1 7900
0 1 7903
0 1 7904
0 1 7905
0 1 7908
0 1 7911
0 1 7912
0 1 7913
0 1 7916
0 1 7917
0 1 7919
0 1 7920
0 1 7921
0 1 7923
0 1 7925
0 1 7926
0 1 7927
0 1 7929
0 1 7930
0 1 7933
0 1 7935
0 1 7936
0 1 7938
0 1 7939
0 1 7942
0 1 7944
0 1 7945
0 1 7947
0 1 7949
0 1 7950
0 1 7954
0 1 7958
0 1 7962
0 1 7967
0 1 7969
0 1 7970
0 1 7972
0 1 7973
0 1 7974
0 1 7976
0 1 7977
0 1 7982
0 1 7987
0 1 7988
0 1 7989
0 1 7990
0 1 7992
0 1 7997
0 1 7999
0 1 8000
0 1 8005
0 1 8007
0 1 8008
0 1 8012
0 1 8014
0 1 8020
0 1 8026
0 1 8029
0 1 8032
0 1 8033
0 1 8036
0 1 8039
0 1 8046
0 1 8047
0 1 8049
0 1 8050
0 1 8060
0 1 8062
0 1 8063
0 1 8064
0 1 8065
0 1 8066
0 1 8068
0 1 8069
0 1 8071
0 1 8072
0 1 8073
0 1 8075
0 1 8078
0 1 8079
0 1 8082
0 1 8083
0 1 8084
0 1 8087
0 1 8089
0 1 8093
0 1 8094
0 1 8095
0 1 8096
0 1 8097
0 1 8102
0 1 8103
0 1 8105
0 1 8107
0 1 8108
0 1 8110
0 1 8112
0 1 8115
0 1 8118
0 1 8119
0 1 8123
0 1 8124
0 1 8125
0 1 8128
0 1 8130
0 1 8133
0 1 8136
0 1 8141
0 1 8144
0 1 8145
0 1 8149
0 1 8151
0 1 8153
0 1 8155
0 1 8157
0 1 8161
0 1 8163
0 1 8165
0 1 8167
0 1 8168
0 1 8169
0 1 8173
0 1 8174
0 1 8176
0 1 8178
0 1 8180
0 1 8182
0 1 8183
0 1 8186
0 1 8188
0 1 8189
0 1 8194
0 1 8198
0 1 8199
0 1 8202
0 1 8207
0 1 8209
0 1 8210
0 1 8211
0 1 8212
0 1 8215
0 1 8219
0 1 8220
0 1 8221
0 1 8231
0 1 8232
0 1 8234
0 1 8235
0 1 8236
0 1 8237
0 1 8240
0 1 8241
0 1 8243
0 1 8245
0 1 8247
0 1 8248
0 1 8251
0 1 8254
0 1 8255
0 1 8261
0 1 8262
0 1 8266
0 1 8269
0 1 8270
0 1 8271
0 1 8273
0 1 8274
0 1 8276
0 1 8277
0 1 8280
0 1 8282
0 1 8286
0 1 8294
0 1 8295
0 1 8296
0 1 8302
0 1 8306
0 1 8315
0 1 8317
0 1 8320
0 1 8322
0 1 8327
0 1 8329
0 1 8333
0 1 8335
0 1 8336
0 1 8337
0 1 8338
0 1 8340
0 1 8344
0 1 8346
0 1 8348
0 1 8350
0 1 8351
0 1 8353
0 1 8355
0 1 8358
0 1 8359
0 1 8363
0 1 8366
0 1 8368
0 1 8376
0 1 8381
0 1 8382
0 1 8385
0 1 8387
0 1 8390
0 1 8393
0 1 8399
0 1 8402
0 1 8403
0 1 8405
0 1 8406
0 1 8407
0 1 8408
0 1 8411
0 1 8414
0 1 8415
0 1 8417
0 1 8420
0 1 8424
0 1 8426
0 1 8427
0 1 8428
0 1 8429
0 1 8430
0 1 8432
0 1 8435
0 1 8437
0 1 8439
0 1 8440
0 1 8441
0 1 8442
0 1 8443
0 1 8444
0 1 8447
0 1 8449
0 1 8450
0 1 8451
0 1 8455
0 1 8460
0 1 8461
0 1 8463
0 1 8464
0 1 8465
0 1 8467
0 1 8473
0 1 8474
0 1 8475
0 1 8476
0 1 8479
0 1 8481
0 1 8483
0 1 8486
0 1 8488
0 1 8493
0 1 8495
0 1 8499
0 1 8502
0 1 8503
0 1 8504
0 1 8505
0 1 8507
0 1 8509
0 1 8511
0 1 8512
0 1 8513
0 1 8514
0 1 8518
0 1 8521
0 1 8522
0 1 8523
0 1 8527
0 1 8529
0 1 8536
0 1 8540
0 1 8541
0 1 8544
0 1 8546
0 1 8547
0 1 8552
0 1 8554
0 1 8555
0 1 8563
0 1 8566
0 1 8567
0 1 8568
0 1 8570
0 1 8571
0 1 8574
0 1 8577
0 1 8581
0 1 8582
0 1 8588
0 1 8589
0 1 8592
0 1 8593
0 1 8594
0 1 8600
0 1 8602
0 1 8603
0 1 8606
0 1 8607
0 1 8610
0 1 8614
0 1 8615
0 1 8622
0 1 8624
0 1 8627
0 1 8628
0 1 8633
0 1 8637
0 1 8638
0 1 8640
0 1 8641
0 1 8642
0 1 8645
0 1 8647
0 1 8648
0 1 8650
0 1 8652
0 1 8653
0 1 8657
0 1 8658
0 1 8659
0 1 8663
0 1 8665
0 1 8672
0 1 8673
0 1 8676
0 1 8689
0 1 8691
0 1 8695
0 1 8697
0 1 8701
0 1 8703
0 1 8705
0 1 8707
0 1 8708
0 1 8711
0 1 8712
0 1 8715
0 1 8717
0 1 8720
0 1 8722
0 1 8724
0 1 8725
0 1 8726
0 1 8727
0 1 8728
0 1 8731
0 1 8733
0 1 8734
0 1 8737
0 1 8738
0 1 8739
0 1 8741
0 1 8745
0 1 8746
0 1 8750
0 1 8751
0 1 8753
0 1 8760
0 1 8761
0 1 8763
0 1 8765
0 1 8768
0 1 8770
0 1 8772
0 1 8775
0 1 8776
0 1 8778
0 1 8782
0 1 8785
0 1 8788
0 1 8793
0 1 8798
0 1 8799
0 1 8800
0 1 8801
0 1 8804
0 1 8807
0 1 8812
0 1 8813
0 1 8815
0 1 8816
0 1 8819
0 1 8820
0 1 8827
0 1 8829
0 1 8830
0 1 8832
0 1 8835
0 1 8837
0 1 8840
0 1 8844
0 1 8845
0 1 8846
0 1 8849
0 1 8850
0 1 8851
0 1 8853
0 1 8854
0 1 8855
0 1 8857
0 1 8859
0 1 8860
0 1 8861
0 1 8864
0 1 8867
0 1 8871
0 1 8872
0 1 8879
0 1 8883
0 1 8884
0 1 8885
0 1 8887
0 1 8890
0 1 8891
0 1 8892
0 1 8893
0 1 8895
0 1 8896
0 1 8903
0 1 8906
0 1 8908
0 1 8909
0 1 8910
0 1 8913
0 1 8919
0 1 8922
0 1 8926
0 1 8927
0 1 8932
0 1 8935
0 1 8937
0 1 8938
0 1 8940
0 1 8943
0 1 8945
0 1 8946
0 1 8947
0 1 8952
0 1 8953
0 1 8956
0 1 8957
0 1 8958
0 1 8960
0 1 8964
0 1 8965
0 1 8966
0 1 8968
0 1 8973
0 1 8979
0 1 8981
0 1 8983
0 1 8984
0 1 8985
0 1 8986
0 1 8993
0 1 8994
0 1 8995
0 1 8996
0 1 8997
0 1 9000
0 1 9001
0 1 9003
0 1 9007
0 1 9008
0 1 9013
0 1 9015
0 1 9016
0 1 9022
0 1 9024
0 1 9027
0 1 9028
0 1 9029
0 1 9030
0 1 9031
0 1 9037
0 1 9038
0 1 9043
0 1 9045
0 1 9054
0 1 9055
0 1 9057
0 1 9059
0 1 9060
0 1 9064
0 1 9069
0 1 9070
0 1 9072
0 1 9083
0 1 9088
0 1 9089
0 1 9092
0 1 9093
0 1 9096
0 1 9097
0 1 9101
0 1 9102
0 1 9106
0 1 9108
0 1 9109
0 1 9113
0 1 9114
0 1 9118
0 1 9120
0 1 9124
0 1 9126
0 1 9129
0 1 9131
0 1 9134
0 1 9135
0 1 9136
0 1 9138
0 1 9143
0 1 9144
0 1 9149
0 1 9151
0 1 9156
0 1 9165
0 1 9166
0 1 9170
0 1 9172
0 1 9173
0 1 9175
0 1 9176
0 1 9180
0 1 9181
0 1 9184
0 1 9185
0 1 9186
0 1 9193
0 1 9194
0 1 9197
0 1 9198
0 1 9199
0 1 9201
0 1 9202
0 1 9206
0 1 9207
0 1 9208
0 1 9209
0 1 9210
0 1 9211
0 1 9215
0 1 9218
0 1 9220
0 1 9227
0 1 9230
0 1 9231
0 1 9234
0 1 9235
0 1 9237
0 1 9239
0 1 9241
0 1 9243
0 1 9246
0 1 9247
0 1 9251
0 1 9253
0 1 9262
0 1 9263
0 1 9264
0 1 9265
0 1 9266
0 1 9270
0 1 9273
0 1 9274
0 1 9280
0 1 9285
0 1 9287
0 1 9289
0 1 9291
0 1 9295
0 1 9299
0 1 9301
0 1 9304
0 1 9305
0 1 9307
0 1 9308
0 1 9310
0 1 9311
0 1 9313
0 1 9316
0 1 9325
0 1 9326
0 1 9327
0 1 9330
0 1 9331
0 1 9334
0 1 9339
0 1 9341
0 1 9343
0 1 9346
0 1 9349
0 1 9350
0 1 9352
0 1 9353
0 1 9354
0 1 9355
0 1 9359
0 1 9360
0 1 9361
0 1 9363
0 1 9365
0 1 9366
0 1 9369
0 1 9372
0 1 9373
0 1 9374
0 1 9380
0 1 9381
0 1 9384
0 1 9387
0 1 9392
0 1 9394
0 1 9396
0 1 9399
0 1 9403
0 1 9406
0 1 9409
0 1 9412
0 1 9413
0 1 9414
0 1 9415
0 1 9417
0 1 9418
0 1 9419
0 1 9421
0 1 9428
0 1 9429
0 1 9432
0 1 9435
0 1 9436
0 1 9439
0 1 9441
0 1 9443
0 1 9447
0 1 9450
0 1 9454
0 1 9456
0 1 9457
0 1 9459
0 1 9460
0 1 9462
0 1 9465
0 1 9469
0 1 9471
0 1 9473
0 1 9476
0 1 9477
0 1 9478
0 1 9484
0 1 9485
0 1 9488
0 1 9489
0 1 9490
0 1 9491
0 1 9492
0 1 9494
0 1 9495
0 1 9496
0 1 9501
0 1 9502
0 1 9503
0 1 9505
0 1 9507
0 1 9509
0 1 9512
0 1 9513
0 1 9518
0 1 9519
0 1 9520
0 1 9522
0 1 9523
0 1 9526
0 1 9528
0 1 9536
0 1 9537
0 1 9540
0 1 9548
0 1 9550
0 1 9551
0 1 9552
0 1 9555
0 1 9559
0 1 9560
0 1 9561
0 1 9565
0 1 9567
0 1 9573
0 1 9574
0 1 9577
0 1 9578
0 1 9580
0 1 9581
0 1 9583
0 1 9585
0 1 9587
0 1 9588
0 1 9591
0 1 9593
0 1 9597
0 1 9598
0 1 9600
0 1 9602
0 1 9608
0 1 9613
0 1 9619
0 1 9621
0 1 9622
0 1 9624
0 1 9625
0 1 9627
0 1 9628
0 1 9631
0 1 9632
0 1 9633
0 1 9636
0 1 9641
0 1 9642
0 1 9645
0 1 9651
0 1 9654
0 1 9655
0 1 9656
0 1 9657
0 1 9658
0 1 9659
0 1 9666
0 1 9667
0 1 9668
0 1 9672
0 1 9674
0 1 9678
0 1 9679
0 1 9681
0 1 9682
0 1 9684
0 1 9686
0 1 9688
0 1 9691
0 1 9694
0 1 9695
0 1 9697
0 1 9698
0 1 9699
0 1 9704
0 1 9705
0 1 9706
0 1 9710
0 1 9711
0 1 9713
0 1 9715
0 1 9716
0 1 9718
0 1 9721
0 1 9727
0 1 9728
0 1 9731
0 1 9733
0 1 9734
0 1 9736
0 1 9737
0 1 9739
0 1 9740
0 1 9742
0 1 9744
0 1 9745
0 1 9749
0 1 9750
0 1 9751
0 1 9753
0 1 9754
0 1 9755
0 1 9758
0 1 9759
0 1 9760
0 1 9764
0 1 9765
0 1 9767
0 1 9768
0 1 9771
0 1 9775
0 1 9776
0 1 9777
0 1 9779
0 1 9780
0 1 9784
0 1 9786
0 1 9790
0 1 9795
0 1 9797
0 1 9798
0 1 9799
0 1 9802
0 1 9806
0 1 9809
0 1 9812
0 1 9813
0 1 9814
0 1 9821
0 1 9822
0 1 9826
0 1 9829
0 1 9830
0 1 9832
0 1 9834
0 1 9845
0 1 9847
0 1 9848
0 1 9849
0 1 9851
0 1 9855
0 1 9861
0 1 9866
0 1 9867
0 1 9869
0 1 9872
0 1 9874
0 1 9876
0 1 9882
0 1 9885
0 1 9886
0 1 9887
0 1 9889
0 1 9890
0 1 9894
0 1 9896
0 1 9897
0 1 9898
0 1 9901
0 1 9904
0 1 9906
0 1 9910
0 1 9912
0 1 9915
0 1 9916
0 1 9924
0 1 9930
0 1 9934
0 1 9937
0 1 9938
0 1 9941
0 1 9945
0 1 9947
0 1 9954
0 1 9956
0 1 9959
0 1 9960
0 1 9962
0 1 9963
0 1 9965
0 1 9969
0 1 9976
0 1 9979
0 1 9982
0 1 9985
0 1 9993
0 1 9994
0 1 9995
0 1 9997
0 1 9998
0 1 9999
0 1 10002
0 1 10006
0 1 10009
0 1 10011
0 1 10013
0 1 10015
0 1 10017
0 1 10021
0 1 10023
0 1 10026
0 1 10035
0 1 10037
0 1 10043
0 1 10047
0 1 10051
0 1 10053
0 1 10055
0 1 10056
0 1 10059
0 1 10062
0 1 10063
0 1 10065
0 1 10068
0 1 10069
0 1 10071
0 1 10075
0 1 10077
0 1 10081
0 1 10082
0 1 10090
0 1 10095
0 1 10097
0 1 10098
0 1 10100
0 1 10103
0 1 10104
0 1 10105
0 1 10106
0 1 10107
0 1 10108
0 1 10109
0 1 10114
0 1 10117
0 1 10120
0 1 10126
0 1 10128
0 1 10129
0 1 10133
0 1 10134
0 1 10139
0 1 10141
0 1 10142
0 1 10143
0 1 10144
0 1 10146
0 1 10148
0 1 10154
0 1 10155
0 1 10158
0 1 10159
0 1 10161
0 1 10163
0 1 10166
0 1 10169
0 1 10170
0 1 10172
0 1 10173
0 1 10175
0 1 10177
0 1 10178
0 1 10186
0 1 10187
0 1 10188
0 1 10189
0 1 10191
0 1 10192
0 1 10193
0 1 10194
0 1 10195
0 1 10197
0 1 10198
0 1 10201
0 1 10202
0 1 10203
0 1 10207
0 1 10209
0 1 10211
0 1 10214
0 1 10218
0 1 10220
0 1 10222
0 1 10226
0 1 10227
0 1 10228
0 1 10231
0 1 10232
0 1 10235
0 1 10237
0 1 10238
0 1 10241
0 1 10245
0 1 10246
0 1 10249
0 1 10250
0 1 10252
0 1 10253
0 1 10258
0 1 10259
0 1 10261
0 1 10265
0 1 10268
0 1 10276
0 1 10290
0 1 10293
0 1 10294
0 1 10298
0 1 10301
0 1 10309
0 1 10311
0 1 10314
0 1 10317
0 1 10322
0 1 10323
0 1 10324
0 1 10329
0 1 10331
0 1 10332
0 1 10333
0 1 10334
0 1 10335
0 1 10336
0 1 10339
0 1 10341
0 1 10343
0 1 10345
0 1 10347
0 1 10349
0 1 10352
0 1 10353
0 1 10355
0 1 10356
0 1 10361
0 1 10364
0 1 10366
0 1 10367
0 1 10368
0 1 10371
0 1 10372
0 1 10374
0 1 10377
0 1 10384
0 1 10386
0 1 10391
0 1 10394
0 1 10399
0 1 10401
0 1 10403
0 1 10404
0 1 10406
0 1 10410
0 1 10411
0 1 10414
0 1 10415
0 1 10417
0 1 10419
0 1 10420
0 1 10422
0 1 10423
0 1 10425
0 1 10426
0 1 10427
0 1 10428
0 1 10429
0 1 10430
0 1 10433
0 1 10434
0 1 10436
0 1 10437
0 1 10440
0 1 10441
0 1 10444
0 1 10446
0 1 10447
0 1 10448
0 1 10449
0 1 10452
0 1 10453
0 1 10456
0 1 10459
0 1 10462
0 1 10474
0 1 10475
0 1 10477
0 1 10479
0 1 10482
0 1 10486
0 1 10488
0 1 10492
0 1 10495
0 1 10496
0 1 10505
0 1 10506
0 1 10508
0 1 10511
0 1 10512
0 1 10515
0 1 10521
0 1 10524
0 1 10526
0 1 10527
0 1 10531
0 1 10533
0 1 10535
0 1 10536
0 1 10537
0 1 10538
0 1 10539
0 1 10544
0 1 10545
0 1 10550
0 1 10553
0 1 10554
0 1 10555
0 1 10557
0 1 10558
0 1 10559
0 1 10565
0 1 10566
0 1 10573
0 1 10574
0 1 10577
0 1 10578
0 1 10580
0 1 10584
0 1 10585
0 1 10589
0 1 10591
0 1 10592
0 1 10595
0 1 10597
0 1 10598
0 1 10604
0 1 10605
0 1 10606
0 1 10616
0 1 10620
0 1 10621
0 1 10622
0 1 10628
0 1 10629
0 1 10633
0 1 10636
0 1 10639
0 1 10640
0 1 10644
0 1 10648
0 1 10650
0 1 10653
0 1 10660
0 1 10661
0 1 10664
0 1 10670
0 1 10671
0 1 10676
0 1 10677
0 1 10678
0 1 10679
0 1 10685
0 1 10686
0 1 10689
0 1 10692
0 1 10693
0 1 10701
0 1 10704
0 1 10706
0 1 10707
0 1 10708
0 1 10709
0 1 10711
0 1 10715
0 1 10720
0 1 10721
0 1 10725
0 1 10727
0 1 10728
0 1 10729
0 1 10731
0 1 10733
0 1 10735
0 1 10738
0 1 10742
0 1 10743
0 1 10747
0 1 10748
0 1 10749
0 1 10750
0 1 10751
0 1 10756
0 1 10760
0 1 10762
0 1 10765
0 1 10766
0 1 10767
0 1 10768
0 1 10770
0 1 10771
0 1 10773
0 1 10776
0 1 10778
0 1 10779
0 1 10782
0 1 10786
0 1 10788
0 1 10789
0 1 10790
0 1 10792
0 1 10795
0 1 10796
0 1 10798
0 1 10800
0 1 10802
0 1 10803
0 1 10805
0 1 10807
0 1 10812
0 1 10815
0 1 10822
0 1 10823
0 1 10826
0 1 10828
0 1 10830
0 1 10833
0 1 10836
0 1 10841
0 1 10842
0 1 10843
0 1 10844
0 1 10845
0 1 10848
0 1 10849
0 1 10854
0 1 10858
0 1 10860
0 1 10863
0 1 10864
0 1 10865
0 1 10866
0 1 10867
0 1 10868
0 1 10870
0 1 10873
0 1 10876
0 1 10877
0 1 10878
0 1 10879
0 1 10880
0 1 10885
0 1 10891
0 1 10892
0 1 10900
0 1 10903
0 1 10909
0 1 10911
0 1 10913
0 1 10914
0 1 10916
0 1 10919
0 1 10922
0 1 10923
0 1 10925
0 1 10929
0 1 10930
0 1 10933
0 1 10935
0 1 10938
0 1 10939
0 1 10940
0 1 10941
0 1 10947
0 1 10949
0 1 10950
0 1 10951
0 1 10952
0 1 10956
0 1 10957
0 1 10959
0 1 10965
0 1 10974
0 1 10979
0 1 10982
0 1 10983
0 1 10986
0 1 10987
0 1 10988
0 1 10989
0 1 10992
0 1 10994
0 1 10995
0 1 10998
0 1 11003
0 1 11005
0 1 11006
0 1 11007
0 1 11008
0 1 11010
0 1 11011
0 1 11012
0 1 11016
0 1 11017
0 1 11019
0 1 11021
0 1 11024
0 1 11026
0 1 11027
0 1 11031
0 1 11033
0 1 11035
0 1 11036
0 1 11039
0 1 11042
0 1 11047
0 1 11048
0 1 11050
0 1 11053
0 1 11055
0 1 11057
0 1 11058
0 1 11060
0 1 11061
0 1 11063
0 1 11066
0 1 11067
0 1 11068
0 1 11071
0 1 11072
0 1 11073
0 1 11075
0 1 11076
0 1 11077
0 1 11082
0 1 11083
0 1 11084
0 1 11089
0 1 11095
0 1 11096
0 1 11100
0 1 11101
0 1 11103
0 1 11106
0 1 11108
0 1 11111
0 1 11112
0 1 11123
0 1 11127
0 1 11131
0 1 11133
0 1 11136
0 1 11137
0 1 11139
0 1 11142
0 1 11145
0 1 11146
0 1 11148
0 1 11150
0 1 11155
0 1 11156
0 1 11158
0 1 11160
0 1 11164
0 1 11165
0 1 11169
0 1 11171
0 1 11176
0 1 11180
0 1 11182
0 1 11185
0 1 11186
0 1 11187
0 1 11188
0 1 11189
0 1 11190
0 1 11191
0 1 11192
0 1 11195
0 1 11196
0 1 11199
0 1 11201
0 1 11202
0 1 11206
0 1 11208
0 1 11209
0 1 11210
0 1 11214
0 1 11216
0 1 11220
0 1 11223
0 1 11224
0 1 11230
0 1 11235
0 1 11236
0 1 11238
0 1 11240
0 1 11241
0 1 11256
0 1 11257
0 1 11258
0 1 11260
0 1 11263
0 1 11267
0 1 11269
0 1 11270
0 1 11271
0 1 11277
0 1 11280
0 1 11281
0 1 11283
0 1 11284
0 1 11287
0 1 11293
0 1 11296
0 1 11299
0 1 11300
0 1 11301
0 1 11302
0 1 11303
0 1 11304
0 1 11305
0 1 11306
0 1 11307
0 1 11309
0 1 11311
0 1 11312
0 1 11315
0 1 11316
0 1 11317
0 1 11320
0 1 11323
0 1 11324
0 1 11326
0 1 11327
0 1 11329
0 1 11330
0 1 11331
0 1 11332
0 1 11334
0 1 11336
0 1 11337
0 1 11338
0 1 11343
0 1 11345
0 1 11354
0 1 11356
0 1 11358
0 1 11359
0 1 11361
0 1 11365
0 1 11366
0 1 11369
0 1 11373
0 1 11374
0 1 11379
0 1 11382
0 1 11383
0 1 11384
0 1 11390
0 1 11398
0 1 11402
0 1 11407
0 1 11408
0 1 11411
0 1 11413
0 1 11415
0 1 11416
0 1 11417
0 1 11418
0 1 11421
0 1 11423
0 1 11424
0 1 11425
0 1 11426
0 1 11427
0 1 11429
0 1 11433
0 1 11435
0 1 11436
0 1 11440
0 1 11442
0 1 11444
0 1 11445
0 1 11446
0 1 11447
0 1 11452
0 1 11454
0 1 11455
0 1 11456
0 1 11459
0 1 11462
0 1 11468
0 1 11469
0 1 11471
0 1 11473
0 1 11475
0 1 11477
0 1 11478
0 1 11479
0 1 11480
0 1 11485
0 1 11490
0 1 11491
0 1 11493
0 1 11496
0 1 11499
0 1 11502
0 1 11504
0 1 11506
0 1 11507
0 1 11510
0 1 11522
0 1 11526
0 1 11527
0 1 11528
0 1 11535
0 1 11537
0 1 11540
0 1 11544
0 1 11545
0 1 11547
0 1 11548
0 1 11549
0 1 11550
0 1 11552
0 1 11558
0 1 11563
0 1 11564
0 1 11567
0 1 11568
0 1 11575
0 1 11576
0 1 11580
0 1 11581
0 1 11582
0 1 11584
0 1 11587
0 1 11588
0 1 11590
0 1 11591
0 1 11597
0 1 11603
0 1 11606
0 1 11610
0 1 11615
0 1 11617
0 1 11620
0 1 11623
0 1 11624
0 1 11625
0 1 11626
0 1 11630
0 1 11631
0 1 11634
0 1 11635
0 1 11636
0 1 11638
0 1 11641
0 1 11644
0 1 11645
0 1 11647
0 1 11648
0 1 11651
0 1 11654
0 1 11656
0 1 11658
0 1 11659
0 1 11660
0 1 11662
0 1 11664
0 1 11666
0 1 11668
0 1 11672
0 1 11674
0 1 11679
0 1 11680
0 1 11684
0 1 11686
0 1 11690
0 1 11692
0 1 11693
0 1 11694
0 1 11697
0 1 11702
0 1 11706
0 1 11707
0 1 11709
0 1 11712
0 1 11714
0 1 11722
0 1 11724
0 1 11734
0 1 11735
0 1 11736
0 1 11741
0 1 11745
0 1 11746
0 1 11747
0 1 11748
0 1 11749
0 1 11752
0 1 11754
0 1 11755
0 1 11759
0 1 11760
0 1 11761
0 1 11762
0 1 11769
0 1 11770
0 1 11771
0 1 11773
0 1 11774
0 1 11779
0 1 11782
0 1 11788
0 1 11789
0 1 11791
0 1 11796
0 1 11801
0 1 11802
0 1 11803
0 1 11804
0 1 11806
0 1 11807
0 1 11809
0 1 11814
0 1 11820
0 1 11821
0 1 11822
0 1 11823
0 1 11830
0 1 11834
0 1 11835
0 1 11840
0 1 11841
0 1 11844
0 1 11845
0 1 11846
0 1 11848
0 1 11852
0 1 11853
0 1 11854
0 1 11861
0 1 11862
0 1 11864
0 1 11872
0 1 11874
0 1 11883
0 1 11884
0 1 11886
0 1 11891
0 1 11893
0 1 11894
0 1 11895
0 1 11896
0 1 11898
0 1 11900
0 1 11904
0 1 11908
0 1 11909
0 1 11911
0 1 11912
0 1 11921
0 1 11923
0 1 11928
0 1 11929
0 1 11934
0 1 11935
0 1 11936
0 1 11938
0 1 11942
0 1 11944
0 1 11950
0 1 11951
0 1 11955
0 1 11958
0 1 11964
0 1 11966
0 1 11973
0 1 11974
0 1 11976
0 1 11977
0 1 11978
0 1 11984
0 1 11985
0 1 11988
0 1 11989
0 1 11990
0 1 11994
0 1 11995
0 1 12001
0 1 12003
0 1 12007
0 1 12009
0 1 12016
0 1 12017
0 1 12019
0 1 12020
0 1 12021
0 1 12022
0 1 12028
0 1 12030
0 1 12034
0 1 12035
0 1 12037
0 1 12042
0 1 12045
0 1 12049
0 1 12055
0 1 12060
0 1 12061
0 1 12062
0 1 12063
0 1 12065
0 1 12066
0 1 12068
0 1 12070
0 1 12071
0 1 12074
0 1 12075
0 1 12076
0 1 12077
0 1 12082
0 1 12084
0 1 12086
0 1 12088
0 1 12092
0 1 12094
0 1 12100
0 1 12103
0 1 12105
0 1 12106
0 1 12110
0 1 12111
0 1 12116
0 1 12119
0 1 12122
0 1 12123
0 1 12124
0 1 12125
0 1 12128
0 1 12131
0 1 12136
0 1 12137
0 1 12140
0 1 12142
0 1 12143
0 1 12146
0 1 12147
0 1 12149
0 1 12150
0 1 12156
0 1 12163
0 1 12165
0 1 12166
0 1 12167
0 1 12169
0 1 12171
0 1 12181
0 1 12182
0 1 12183
0 1 12186
0 1 12188
0 1 12189
0 1 12190
0 1 12191
0 1 12199
0 1 12203
0 1 12204
0 1 12205
0 1 12208
0 1 12209
0 1 12216
0 1 12223
0 1 12225
0 1 12230
0 1 12234
0 1 12235
0 1 12237
0 1 12248
0 1 12250
0 1 12251
0 1 12259
0 1 12266
0 1 12267
0 1 12268
0 1 12274
0 1 12275
0 1 12285
0 1 12286
0 1 12291
0 1 12292
0 1 12293
0 1 12295
0 1 12296
0 1 12297
0 1 12299
0 1 12300
0 1 12303
0 1 12306
0 1 12313
0 1 12318
0 1 12319
0 1 12327
0 1 12328
0 1 12329
0 1 12334
0 1 12337
0 1 12341
0 1 12343
0 1 12346
0 1 12347
0 1 12349
0 1 12350
0 1 12352
0 1 12355
0 1 12359
0 1 12360
0 1 12365
0 1 12372
0 1 12374
0 1 12375
0 1 12377
0 1 12386
0 1 12388
0 1 12395
0 1 12396
0 1 12397
0 1 12398
0 1 12399
0 1 12401
0 1 12402
0 1 12406
0 1 12407
0 1 12412
0 1 12413
0 1 12414
0 1 12419
0 1 12424
0 1 12427
0 1 12430
0 1 12441
0 1 12442
0 1 12444
0 1 12445
0 1 12447
0 1 12448
0 1 12449
0 1 12450
0 1 12451
0 1 12453
0 1 12457
0 1 12463
0 1 12464
0 1 12465
0 1 12467
0 1 12470
0 1 12472
0 1 12474
0 1 12475
0 1 12478
0 1 12479
0 1 12481
0 1 12482
0 1 12484
0 1 12485
0 1 12486
0 1 12491
0 1 12492
0 1 12494
0 1 12496
0 1 12499
0 1 12501
0 1 12503
0 1 12504
0 1 12505
0 1 12506
0 1 12508
0 1 12511
0 1 12515
0 1 12516
0 1 12517
0 1 12518
0 1 12520
0 1 12523
0 1 12526
0 1 12527
0 1 12528
0 1 12530
0 1 12536
0 1 12539
0 1 12543
0 1 12544
0 1 12548
0 1 12549
0 1 12550
0 1 12555
0 1 12556
0 1 12561
0 1 12563
0 1 12568
0 1 12569
0 1 12570
0 1 12572
0 1 12580
0 1 12586
0 1 12587
0 1 12590
0 1 12597
0 1 12598
0 1 12599
0 1 12600
0 1 12602
0 1 12604
0 1 12606
0 1 12609
0 1 12613
0 1 12616
0 1 12625
0 1 12626
0 1 12627
0 1 12629
0 1 12630
0 1 12633
0 1 12634
0 1 12635
0 1 12638
0 1 12639
0 1 12644
0 1 12646
0 1 12648
0 1 12651
0 1 12655
0 1 12656
0 1 12661
0 1 12662
0 1 12663
0 1 12664
0 1 12666
0 1 12668
0 1 12669
0 1 12672
0 1 12674
0 1 12675
0 1 12677
0 1 12678
0 1 12679
0 1 12682
0 1 12686
0 1 12687
0 1 12690
0 1 12695
0 1 12696
0 1 12698
0 1 12700
0 1 12701
0 1 12704
0 1 12710
0 1 12714
0 1 12715
0 1 12716
0 1 12717
0 1 12718
0 1 12720
0 1 12722
0 1 12725
0 1 12726
0 1 12729
0 1 12732
0 1 12734
0 1 12739
0 1 12740
0 1 12741
0 1 12742
0 1 12744
0 1 12747
0 1 12752
0 1 12753
0 1 12755
0 1 12763
0 1 12768
0 1 12769
0 1 12770
0 1 12771
0 1 12775
0 1 12778
0 1 12780
0 1 12781
0 1 12782
0 1 12783
0 1 12785
0 1 12786
0 1 12791
0 1 12793
0 1 12797
0 1 12800
0 1 12805
0 1 12806
0 1 12807
0 1 12808
0 1 12809
0 1 12810
0 1 12816
0 1 12817
0 1 12822
0 1 12823
0 1 12824
0 1 12829
0 1 12830
0 1 12837
0 1 12842
0 1 12849
0 1 12851
0 1 12853
0 1 12854
0 1 12856
0 1 12857
0 1 12863
0 1 12864
0 1 12867
0 1 12868
0 1 12870
0 1 12874
0 1 12884
0 1 12886
0 1 12887
0 1 12890
0 1 12893
0 1 12894
0 1 12895
0 1 12896
0 1 12898
0 1 12901
0 1 12902
0 1 12903
0 1 12904
0 1 12906
0 1 12907
0 1 12910
0 1 12911
0 1 12913
0 1 12916
0 1 12918
0 1 12920
0 1 12921
0 1 12922
0 1 12923
0 1 12924
0 1 12928
0 1 12931
0 1 12933
0 1 12934
0 1 12939
0 1 12943
0 1 12944
0 1 12947
0 1 12952
0 1 12956
0 1 12959
0 1 12961
0 1 12973
0 1 12974
0 1 12976
0 1 12977
0 1 12979
0 1 12980
0 1 12984
0 1 12988
0 1 12991
0 1 12994
0 1 12998
0 1 13000
0 1 13003
0 1 13004
0 1 13006
0 1 13007
0 1 13008
0 1 13009
0 1 13010
0 1 13014
0 1 13015
0 1 13021
0 1 13023
0 1 13027
0 1 13028
0 1 13032
0 1 13033
0 1 13037
0 1 13039
0 1 13040
0 1 13042
0 1 13044
0 1 13045
0 1 13048
0 1 13050
0 1 13051
0 1 13053
0 1 13054
0 1 13056
0 1 13057
0 1 13060
0 1 13063
0 1 13069
0 1 13076
0 1 13077
0 1 13079
0 1 13080
0 1 13084
0 1 13085
0 1 13088
0 1 13089
0 1 13091
0 1 13092
0 1 13093
0 1 13097
0 1 13100
0 1 13101
0 1 13102
0 1 13105
0 1 13106
0 1 13107
0 1 13110
0 1 13112
0 1 13117
0 1 13121
0 1 13123
0 1 13127
0 1 13130
0 1 13131
0 1 13133
0 1 13136
0 1 13137
0 1 13142
0 1 13144
0 1 13149
0 1 13152
0 1 13154
0 1 13155
0 1 13156
0 1 13161
0 1 13162
0 1 13164
0 1 13166
0 1 13167
0 1 13168
0 1 13169
0 1 13170
0 1 13177
0 1 13180
0 1 13181
0 1 13183
0 1 13186
0 1 13189
0 1 13191
0 1 13193
0 1 13198
0 1 13200
0 1 13201
0 1 13207
0 1 13209
0 1 13213
0 1 13215
0 1 13217
0 1 13219
0 1 13220
0 1 13222
0 1 13224
0 1 13225
0 1 13227
0 1 13229
0 1 13230
0 1 13231
0 1 13233
0 1 13234
0 1 13237
0 1 13239
0 1 13244
0 1 13245
0 1 13246
0 1 13247
0 1 13252
0 1 13254
0 1 13256
0 1 13261
0 1 13267
0 1 13269
0 1 13272
0 1 13273
0 1 13274
0 1 13277
0 1 13279
0 1 13280
0 1 13284
0 1 13292
0 1 13293
0 1 13295
0 1 13298
0 1 13299
0 1 13301
0 1 13302
0 1 13305
0 1 13309
0 1 13314
0 1 13315
0 1 13316
0 1 13322
0 1 13329
0 1 13333
0 1 13336
0 1 13337
0 1 13341
0 1 13342
0 1 13345
0 1 13352
0 1 13355
0 1 13358
0 1 13359
0 1 13360
0 1 13363
0 1 13364
0 1 13365
0 1 13367
0 1 13368
0 1 13371
0 1 13373
0 1 13381
0 1 13386
0 1 13391
0 1 13392
0 1 13394
0 1 13398
0 1 13402
0 1 13403
0 1 13405
0 1 13412
0 1 13414
0 1 13415
0 1 13418
0 1 13425
0 1 13426
0 1 13427
0 1 13428
0 1 13430
0 1 13431
0 1 13432
0 1 13436
0 1 13437
0 1 13438
0 1 13439
0 1 13440
0 1 13443
0 1 13444
0 1 13446
0 1 13447
0 1 13448
0 1 13449
0 1 13451
0 1 13455
0 1 13457
0 1 13469
0 1 13470
0 1 13473
0 1 13474
0 1 13475
0 1 13476
0 1 13477
0 1 13478
0 1 13480
0 1 13483
0 1 13485
0 1 13488
0 1 13489
0 1 13491
0 1 13492
0 1 13494
0 1 13499
0 1 13509
0 1 13513
0 1 13514
0 1 13517
0 1 13518
0 1 13519
0 1 13528
0 1 13529
0 1 13534
0 1 13535
0 1 13536
0 1 13537
0 1 13540
0 1 13543
0 1 13544
0 1 13547
0 1 13549
0 1 13550
0 1 13553
0 1 13557
0 1 13559
0 1 13560
0 1 13564
0 1 13565
0 1 13566
0 1 13570
0 1 13572
0 1 13574
0 1 13575
0 1 13577
0 1 13579
0 1 13583
0 1 13584
0 1 13588
0 1 13591
0 1 13592
0 1 13596
0 1 13601
0 1 13602
0 1 13606
0 1 13613
0 1 13618
0 1 13622
0 1 13623
0 1 13625
0 1 13630
0 1 13631
0 1 13633
0 1 13634
0 1 13636
0 1 13638
0 1 13643
0 1 13645
0 1 13646
0 1 13648
0 1 13650
0 1 13655
0 1 13658
0 1 13662
0 1 13665
0 1 13666
0 1 13668
0 1 13674
0 1 13675
0 1 13676
0 1 13678
0 1 13679
0 1 13685
0 1 13686
0 1 13696
0 1 13698
0 1 13705
0 1 13708
0 1 13711
0 1 13717
0 1 13718
0 1 13719
0 1 13720
0 1 13721
0 1 13722
0 1 13723
0 1 13725
0 1 13726
0 1 13730
0 1 13731
0 1 13733
0 1 13735
0 1 13736
0 1 13737
0 1 13738
0 1 13744
0 1 13751
0 1 13752
0 1 13753
0 1 13754
0 1 13757
0 1 13758
0 1 13759
0 1 13760
0 1 13762
0 1 13764
0 1 13765
0 1 13767
0 1 13768
0 1 13775
0 1 13779
0 1 13780
0 1 13781
0 1 13782
0 1 13783
0 1 13788
0 1 13789
0 1 13790
0 1 13794
0 1 13802
0 1 13804
0 1 13806
0 1 13808
0 1 13813
0 1 13816
0 1 13817
0 1 13818
0 1 13822
0 1 13825
0 1 13828
0 1 13829
0 1 13832
0 1 13834
0 1 13835
0 1 13836
0 1 13842
0 1 13843
0 1 13846
0 1 13857
0 1 13861
0 1 13863
0 1 13869
0 1 13873
0 1 13874
0 1 13876
0 1 13878
0 1 13882
0 1 13883
0 1 13884
0 1 13891
0 1 13892
0 1 13900
0 1 13902
0 1 13905
0 1 13910
0 1 13911
0 1 13912
0 1 13915
0 1 13916
0 1 13917
0 1 13920
0 1 13921
0 1 13923
0 1 13925
0 1 13927
0 1 13928
0 1 13929
0 1 13930
0 1 13932
0 1 13935
0 1 13937
0 1 13941
0 1 13942
0 1 13944
0 1 13951
0 1 13952
0 1 13953
0 1 13954
0 1 13959
0 1 13960
0 1 13964
0 1 13966
0 1 13970
0 1 13972
0 1 13973
0 1 13975
0 1 13978
0 1 13984
0 1 13989
0 1 13990
0 1 13995
0 1 13996
0 1 14002
0 1 14004
0 1 14006
0 1 14008
0 1 14009
0 1 14010
0 1 14015
0 1 14016
0 1 14018
0 1 14021
0 1 14025
0 1 14029
0 1 14030
0 1 14035
0 1 14038
0 1 14039
0 1 14041
0 1 14042
0 1 14048
0 1 14059
0 1 14060
0 1 14066
0 1 14071
0 1 14075
0 1 14076
0 1 14080
0 1 14081
0 1 14084
0 1 14087
0 1 14090
0 1 14092
0 1 14095
0 1 14096
0 1 14097
0 1 14099
0 1 14100
0 1 14102
0 1 14108
0 1 14109
0 1 14115
0 1 14116
0 1 14119
0 1 14122
0 1 14124
0 1 14127
0 1 14129
0 1 14134
0 1 14136
0 1 14137
0 1 14140
0 1 14142
0 1 14144
0 1 14145
0 1 14146
0 1 14150
0 1 14151
0 1 14157
0 1 14163
0 1 14164
0 1 14166
0 1 14169
0 1 14171
0 1 14172
0 1 14173
0 1 14175
0 1 14187
0 1 14193
0 1 14199
0 1 14200
0 1 14202
0 1 14203
0 1 14207
0 1 14210
0 1 14212
0 1 14214
0 1 14216
0 1 14220
0 1 14221
0 1 14224
0 1 14225
0 1 14231
0 1 14233
0 1 14236
0 1 14241
0 1 14242
0 1 14243
0 1 14248
0 1 14249
0 1 14256
0 1 14260
0 1 14263
0 1 14264
0 1 14267
0 1 14278
0 1 14280
0 1 14282
0 1 14284
0 1 14287
0 1 14292
0 1 14293
0 1 14295
0 1 14296
0 1 14297
0 1 14298
0 1 14299
0 1 14303
0 1 14308
0 1 14312
0 1 14313
0 1 14317
0 1 14318
0 1 14319
0 1 14323
0 1 14324
0 1 14328
0 1 14329
0 1 14330
0 1 14333
0 1 14336
0 1 14340
0 1 14341
0 1 14344
0 1 14349
0 1 14353
0 1 14354
0 1 14357
0 1 14358
0 1 14363
0 1 14365
0 1 14366
0 1 14367
0 1 14368
0 1 14371
0 1 14375
0 1 14377
0 1 14382
0 1 14386
0 1 14388
0 1 14393
0 1 14395
0 1 14396
0 1 14398
0 1 14402
0 1 14405
0 1 14407
0 1 14408
0 1 14412
0 1 14414
0 1 14419
0 1 14421
0 1 14422
0 1 14425
0 1 14426
0 1 14430
0 1 14431
0 1 14433
0 1 14437
0 1 14438
0 1 14439
0 1 14444
0 1 14446
0 1 14448
0 1 14450
0 1 14451
0 1 14453
0 1 14457
0 1 14460
0 1 14461
0 1 14465
0 1 14471
0 1 14472
0 1 14477
0 1 14481
0 1 14485
0 1 14487
0 1 14488
0 1 14490
0 1 14494
0 1 14496
0 1 14500
0 1 14501
0 1 14504
0 1 14506
0 1 14508
0 1 14509
0 1 14510
0 1 14511
0 1 14517
0 1 14518
0 1 14520
0 1 14521
0 1 14522
0 1 14525
0 1 14526
0 1 14527
0 1 14529
0 1 14530
0 1 14534
0 1 14536
0 1 14538
0 1 14540
0 1 14544
0 1 14545
0 1 14550
0 1 14552
0 1 14555
0 1 14556
0 1 14559
0 1 14560
0 1 14562
0 1 14564
0 1 14569
0 1 14573
0 1 14574
0 1 14576
0 1 14579
0 1 14588
0 1 14590
0 1 14593
0 1 14596
0 1 14598
0 1 14600
0 1 14602
0 1 14604
0 1 14606
0 1 14608
0 1 14613
0 1 14615
0 1 14618
0 1 14627
0 1 14628
0 1 14629
0 1 14632
0 1 14634
0 1 14635
0 1 14636
0 1 14638
0 1 14644
0 1 14653
0 1 14654
0 1 14657
0 1 14663
0 1 14667
0 1 14671
0 1 14674
0 1 14676
0 1 14677
0 1 14678
0 1 14682
0 1 14688
0 1 14689
0 1 14690
0 1 14693
0 1 14695
0 1 14699
0 1 14704
0 1 14706
0 1 14710
0 1 14711
0 1 14712
0 1 14718
0 1 14719
0 1 14721
0 1 14723
0 1 14725
0 1 14726
0 1 14727
0 1 14728
0 1 14729
0 1 14730
0 1 14735
0 1 14737
0 1 14742
0 1 14744
0 1 14746
0 1 14747
0 1 14751
0 1 14752
0 1 14755
0 1 14756
0 1 14758
0 1 14762
0 1 14765
0 1 14769
0 1 14771
0 1 14774
0 1 14775
0 1 14779
0 1 14780
0 1 14783
0 1 14793
0 1 14795
0 1 14797
0 1 14801
0 1 14803
0 1 14807
0 1 14808
0 1 14809
0 1 14816
0 1 14817
0 1 14819
0 1 14826
0 1 14830
0 1 14832
0 1 14842
0 1 14846
0 1 14847
0 1 14851
0 1 14855
0 1 14856
0 1 14857
0 1 14860
0 1 14864
0 1 14865
0 1 14867
0 1 14871
0 1 14873
0 1 14876
0 1 14878
0 1 14879
0 1 14884
0 1 14886
0 1 14888
0 1 14891
0 1 14893
0 1 14894
0 1 14895
0 1 14897
0 1 14898
0 1 14900
0 1 14901
0 1 14902
0 1 14905
0 1 14907
0 1 14908
0 1 14911
0 1 14913
0 1 14914
0 1 14916
0 1 14918
0 1 14924
0 1 14930
0 1 14932
0 1 14934
0 1 14935
0 1 14937
0 1 14938
0 1 14940
0 1 14941
0 1 14945
0 1 14946
0 1 14948
0 1 14952
0 1 14954
0 1 14959
0 1 14960
0 1 14964
0 1 14967
0 1 14970
0 1 14971
0 1 14972
0 1 14973
0 1 14975
0 1 14976
0 1 14978
0 1 14980
0 1 14981
0 1 14984
0 1 14987
0 1 14990
0 1 14993
0 1 14994
0 1 14996
0 1 14999
0 1 15008
0 1 15012
0 1 15014
0 1 15016
0 1 15017
0 1 15018
0 1 15020
0 1 15022
0 1 15025
0 1 15028
0 1 15029
0 1 15030
0 1 15031
0 1 15032
0 1 15034
0 1 15039
0 1 15044
0 1 15045
0 1 15051
0 1 15052
0 1 15053
0 1 15057
0 1 15058
0 1 15059
0 1 15061
0 1 15063
0 1 15066
0 1 15068
0 1 15069
0 1 15077
0 1 15078
0 1 15079
0 1 15082
0 1 15083
0 1 15084
0 1 15086
0 1 15093
0 1 15095
0 1 15096
0 1 15103
0 1 15104
0 1 15108
0 1 15109
0 1 15110
0 1 15111
0 1 15119
0 1 15122
0 1 15124
0 1 15125
0 1 15127
0 1 15128
0 1 15130
0 1 15132
0 1 15136
0 1 15140
0 1 15142
0 1 15148
0 1 15153
0 1 15154
0 1 15155
0 1 15158
0 1 15159
0 1 15160
0 1 15162
0 1 15167
0 1 15171
0 1 15172
0 1 15173
0 1 15177
0 1 15179
0 1 15180
0 1 15181
0 1 15182
0 1 15183
0 1 15184
0 1 15189
0 1 15192
0 1 15194
0 1 15199
0 1 15200
0 1 15204
0 1 15207
0 1 15208
0 1 15211
0 1 15214
0 1 15215
0 1 15216
0 1 15217
0 1 15219
0 1 15221
0 1 15223
0 1 15225
0 1 15227
0 1 15229
0 1 15230
0 1 15234
0 1 15235
0 1 15242
0 1 15245
0 1 15246
0 1 15250
0 1 15252
0 1 15255
0 1 15259
0 1 15261
0 1 15262
0 1 15263
0 1 15268
0 1 15269
0 1 15270
0 1 15271
0 1 15272
0 1 15275
0 1 15277
0 1 15278
0 1 15280
0 1 15285
0 1 15287
0 1 15288
0 1 15290
0 1 15291
0 1 15292
0 1 15293
0 1 15295
0 1 15299
0 1 15300
0 1 15301
0 1 15314
0 1 15315
0 1 15317
0 1 15320
0 1 15322
0 1 15325
0 1 15326
0 1 15327
0 1 15330
0 1 15333
0 1 15338
0 1 15339
0 1 15340
0 1 15346
0 1 15347
0 1 15350
0 1 15352
0 1 15354
0 1 15357
0 1 15361
0 1 15367
0 1 15368
0 1 15369
0 1 15370
0 1 15371
0 1 15372
0 1 15374
0 1 15376
0 1 15379
0 1 15382
0 1 15385
0 1 15386
0 1 15387
0 1 15396
0 1 15397
0 1 15398
0 1 15399
0 1 15402
0 1 15404
0 1 15406
0 1 15408
0 1 15411
0 1 15412
0 1 15424
0 1 15427
0 1 15428
0 1 15430
0 1 15436
0 1 15439
0 1 15441
0 1 15445
0 1 15446
0 1 15447
0 1 15448
0 1 15451
0 1 15452
0 1 15454
0 1 15457
0 1 15462
0 1 15463
0 1 15470
0 1 15479
0 1 15482
0 1 15484
0 1 15485
0 1 15488
0 1 15490
0 1 15491
0 1 15492
0 1 15493
0 1 15494
0 1 15498
0 1 15502
0 1 15503
0 1 15507
0 1 15509
0 1 15511
0 1 15513
0 1 15515
0 1 15516
0 1 15517
0 1 15518
0 1 15523
0 1 15525
0 1 15527
0 1 15530
0 1 15531
0 1 15532
0 1 15533
0 1 15538
0 1 15544
0 1 15545
0 1 15546
0 1 15548
0 1 15550
0 1 15551
0 1 15552
0 1 15554
0 1 15560
0 1 15561
0 1 15562
0 1 15563
0 1 15564
0 1 15565
0 1 15566
0 1 15567
0 1 15568
0 1 15571
0 1 15573
0 1 15577
0 1 15578
0 1 15579
0 1 15581
0 1 15583
0 1 15590
0 1 15591
0 1 15592
0 1 15593
0 1 15594
0 1 15598
0 1 15600
0 1 15604
0 1 15605
0 1 15611
0 1 15614
0 1 15615
0 1 15619
0 1 15623
0 1 15626
0 1 15627
0 1 15633
0 1 15635
0 1 15640
0 1 15645
0 1 15647
0 1 15648
0 1 15649
0 1 15652
0 1 15656
0 1 15659
0 1 15660
0 1 15666
0 1 15668
0 1 15674
0 1 15675
0 1 15676
0 1 15677
0 1 15678
0 1 15683
0 1 15689
0 1 15690
0 1 15692
0 1 15693
0 1 15695
0 1 15700
0 1 15705
0 1 15706
0 1 15707
0 1 15708
0 1 15711
0 1 15712
0 1 15713
0 1 15715
0 1 15718
0 1 15720
0 1 15721
0 1 15722
0 1 15723
0 1 15724
0 1 15725
0 1 15728
0 1 15730
0 1 15738
0 1 15739
0 1 15740
0 1 15745
0 1 15746
0 1 15748
0 1 15749
0 1 15750
0 1 15751
0 1 15752
0 1 15753
0 1 15754
0 1 15755
0 1 15757
0 1 15763
0 1 15764
0 1 15765
0 1 15771
0 1 15773
0 1 15774
0 1 15775
0 1 15776
0 1 15777
0 1 15782
0 1 15786
0 1 15787
0 1 15788
0 1 15790
0 1 15795
0 1 15796
0 1 15798
0 1 15800
0 1 15802
0 1 15803
0 1 15806
0 1 15808
0 1 15809
0 1 15810
0 1 15827
0 1 15830
0 1 15831
0 1 15832
0 1 15834
0 1 15836
0 1 15840
0 1 15845
0 1 15846
0 1 15847
0 1 15853
0 1 15855
0 1 15856
0 1 15859
0 1 15861
0 1 15863
0 1 15864
0 1 15865
0 1 15868
0 1 15870
0 1 15873
0 1 15878
0 1 15883
0 1 15885
0 1 15890
0 1 15893
0 1 15897
0 1 15899
0 1 15901
0 1 15903
0 1 15906
0 1 15914
0 1 15918
0 1 15919
0 1 15920
0 1 15923
0 1 15924
0 1 15928
0 1 15932
0 1 15933
0 1 15934
0 1 15936
0 1 15937
0 1 15940
0 1 15941
0 1 15945
0 1 15946
0 1 15950
0 1 15953
0 1 15954
0 1 15957
0 1 15959
0 1 15960
0 1 15962
0 1 15968
0 1 15973
0 1 15976
0 1 15978
0 1 15983
0 1 15987
0 1 15989
0 1 15992
0 1 15993
0 1 15994
0 1 15995
0 1 15996
0 1 15998
0 1 15999
0 1 16000
0 1 16003
0 1 16007
0 1 16008
0 1 16012
0 1 16013
0 1 16015
0 1 16016
0 1 16019
0 1 16020
0 1 16022
0 1 16027
0 1 16028
0 1 16030
0 1 16034
0 1 16036
0 1 16038
0 1 16044
0 1 16045
0 1 16048
0 1 16052
0 1 16055
0 1 16056
0 1 16057
0 1 16058
0 1 16059
0 1 16060
0 1 16061
0 1 16065
0 1 16069
0 1 16072
0 1 16076
0 1 16079
0 1 16080
0 1 16083
0 1 16085
0 1 16086
0 1 16091
0 1 16092
0 1 16094
0 1 16096
0 1 16099
0 1 16100
0 1 16104
0 1 16105
0 1 16108
0 1 16109
0 1 16111
0 1 16115
0 1 16116
0 1 16122
0 1 16124
0 1 16134
0 1 16137
0 1 16140
0 1 16141
0 1 16142
0 1 16143
0 1 16145
0 1 16149
0 1 16150
0 1 16152
0 1 16155
0 1 16156
0 1 16157
0 1 16158
0 1 16159
0 1 16161
0 1 16165
0 1 16167
0 1 16168
0 1 16169
0 1 16171
0 1 16174
0 1 16175
0 1 16177
0 1 16180
0 1 16185
0 1 16187
0 1 16188
0 1 16190
0 1 16193
0 1 16196
0 1 16199
0 1 16202
0 1 16205
0 1 16206
0 1 16207
0 1 16208
0 1 16211
0 1 16214
0 1 16216
0 1 16219
0 1 16224
0 1 16226
0 1 16230
0 1 16233
0 1 16235
0 1 16236
0 1 16238
0 1 16240
0 1 16241
0 1 16248
0 1 16250
0 1 16251
0 1 16253
0 1 16254
0 1 16261
0 1 16263
0 1 16264
0 1 16266
0 1 16267
0 1 16275
0 1 16277
0 1 16278
0 1 16281
0 1 16283
0 1 16285
0 1 16287
0 1 16288
0 1 16289
0 1 16290
0 1 16293
0 1 16296
0 1 16297
0 1 16299
0 1 16301
0 1 16302
0 1 16307
0 1 16308
0 1 16309
0 1 16310
0 1 16311
0 1 16312
0 1 16314
0 1 16316
0 1 16317
0 1 16318
0 1 16321
0 1 16325
0 1 16328
0 1 16329
0 1 16332
0 1 16334
0 1 16337
0 1 16340
0 1 16341
0 1 16342
0 1 16343
0 1 16344
0 1 16346
0 1 16347
0 1 16349
0 1 16353
0 1 16354
0 1 16355
0 1 16356
0 1 16363
0 1 16364
0 1 16366
0 1 16367
0 1 16368
0 1 16369
0 1 16370
0 1 16375
0 1 16376
0 1 16378
0 1 16379
0 1 16380
0 1 16382
0 1 16385
0 1 16386
0 1 16387
0 1 16388
0 1 16389
0 1 16391
0 1 16396
0 1 16397
0 1 16398
0 1 16403
0 1 16404
0 1 16406
0 1 16408
0 1 16411
0 1 16415
0 1 16419
0 1 16420
0 1 16427
0 1 16428
0 1 16438
0 1 16442
0 1 16443
0 1 16448
0 1 16450
0 1 16451
0 1 16452
0 1 16454
0 1 16458
0 1 16461
0 1 16464
0 1 16466
0 1 16467
0 1 16468
0 1 16469
0 1 16471
0 1 16472
0 1 16477
0 1 16478
0 1 16482
0 1 16486
0 1 16487
0 1 16489
0 1 16491
0 1 16496
0 1 16498
0 1 16500
0 1 16502
0 1 16507
0 1 16508
0 1 16509
0 1 16511
0 1 16512
0 1 16513
0 1 16518
0 1 16519
0 1 16521
0 1 16522
0 1 16527
0 1 16529
0 1 16531
0 1 16533
0 1 16535
0 1 16536
0 1 16537
0 1 16541
0 1 16542
0 1 16543
0 1 16544
0 1 16546
0 1 16547
0 1 16548
0 1 16549
0 1 16553
0 1 16554
0 1 16555
0 1 16557
0 1 16558
0 1 16560
0 1 16561
0 1 16564
0 1 16565
0 1 16566
0 1 16568
0 1 16570
0 1 16571
0 1 16572
0 1 16576
0 1 16577
0 1 16580
0 1 16581
0 1 16587
0 1 16588
0 1 16591
0 1 16595
0 1 16596
0 1 16597
0 1 16599
0 1 16601
0 1 16602
0 1 16604
0 1 16605
0 1 16609
0 1 16611
0 1 16612
0 1 16613
0 1 16614
0 1 16616
0 1 16621
0 1 16623
0 1 16626
0 1 16629
0 1 16630
0 1 16633
0 1 16635
0 1 16637
0 1 16638
0 1 16642
0 1 16643
0 1 16649
0 1 16655
0 1 16656
0 1 16658
0 1 16660
0 1 16665
0 1 16666
0 1 16668
0 1 16669
0 1 16670
0 1 16672
0 1 16673
0 1 16676
0 1 16677
0 1 16679
0 1 16680
0 1 16684
0 1 16685
0 1 16686
0 1 16687
0 1 16689
0 1 16690
0 1 16691
0 1 16694
0 1 16695
0 1 16697
0 1 16699
0 1 16701
0 1 16702
0 1 16707
0 1 16708
0 1 16709
0 1 16711
0 1 16716
0 1 16719
0 1 16723
0 1 16724
0 1 16726
0 1 16729
0 1 16733
0 1 16735
0 1 16739
0 1 16753
0 1 16754
0 1 16755
0 1 16762
0 1 16771
0 1 16772
0 1 16775
0 1 16779
0 1 16782
0 1 16783
0 1 16785
0 1 16789
0 1 16790
0 1 16791
0 1 16793
0 1 16795
0 1 16798
0 1 16802
0 1 16803
0 1 16804
0 1 16809
0 1 16811
0 1 16812
0 1 16816
0 1 16817
0 1 16818
0 1 16819
0 1 16821
0 1 16822
0 1 16827
0 1 16831
0 1 16839
0 1 16842
0 1 16843
0 1 16845
0 1 16851
0 1 16852
0 1 16853
0 1 16860
0 1 16862
0 1 16863
0 1 16866
0 1 16868
0 1 16871
0 1 16872
0 1 16885
0 1 16887
0 1 16889
0 1 16891
0 1 16903
0 1 16906
0 1 16907
0 1 16909
0 1 16913
0 1 16914
0 1 16915
0 1 16917
0 1 16919
0 1 16920
0 1 16921
0 1 16922
0 1 16924
0 1 16925
0 1 16928
0 1 16929
0 1 16932
0 1 16934
0 1 16937
0 1 16938
0 1 16940
0 1 16944
0 1 16945
0 1 16949
0 1 16954
0 1 16957
0 1 16960
0 1 16962
0 1 16963
0 1 16965
0 1 16966
0 1 16967
0 1 16968
0 1 16969
0 1 16970
0 1 16971
0 1 16972
0 1 16975
0 1 16985
0 1 16990
0 1 16991
0 1 16992
0 1 17001
0 1 17008
0 1 17009
0 1 17012
0 1 17018
0 1 17025
0 1 17028
0 1 17030
0 1 17031
0 1 17032
0 1 17035
0 1 17038
0 1 17039
0 1 17040
0 1 17041
0 1 17042
0 1 17047
0 1 17050
0 1 17052
0 1 17053
0 1 17058
0 1 17059
0 1 17063
0 1 17065
0 1 17070
0 1 17071
0 1 17073
0 1 17075
0 1 17076
0 1 17078
0 1 17079
0 1 17080
0 1 17082
0 1 17084
0 1 17085
0 1 17086
0 1 17091
0 1 17094
0 1 17099
0 1 17101
0 1 17103
0 1 17105
0 1 17108
0 1 17109
0 1 17114
0 1 17118
0 1 17120
0 1 17123
0 1 17125
0 1 17127
0 1 17129
0 1 17135
0 1 17138
0 1 17140
0 1 17141
0 1 17142
0 1 17148
0 1 17150
0 1 17153
0 1 17156
0 1 17159
0 1 17160
0 1 17163
0 1 17164
0 1 17166
0 1 17168
0 1 17169
0 1 17177
0 1 17178
0 1 17184
0 1 17188
0 1 17192
0 1 17194
0 1 17199
0 1 17202
0 1 17204
0 1 17206
0 1 17208
0 1 17216
0 1 17219
0 1 17222
0 1 17223
0 1 17225
0 1 17226
0 1 17228
0 1 17231
0 1 17232
0 1 17233
0 1 17235
0 1 17236
0 1 17238
0 1 17243
0 1 17244
0 1 17246
0 1 17249
0 1 17251
0 1 17253
0 1 17254
0 1 17256
0 1 17268
0 1 17269
0 1 17270
0 1 17272
0 1 17273
0 1 17275
0 1 17276
0 1 17277
0 1 17284
0 1 17285
0 1 17287
0 1 17288
0 1 17290
0 1 17293
0 1 17297
0 1 17298
0 1 17299
0 1 17302
0 1 17304
0 1 17305
0 1 17306
0 1 17308
0 1 17313
0 1 17315
0 1 17316
0 1 17317
0 1 17320
0 1 17321
0 1 17328
0 1 17332
0 1 17335
0 1 17337
0 1 17339
0 1 17341
0 1 17344
0 1 17346
0 1 17347
0 1 17349
0 1 17351
0 1 17356
0 1 17359
0 1 17360
0 1 17361
0 1 17362
0 1 17363
0 1 17365
0 1 17367
0 1 17368
0 1 17373
0 1 17375
0 1 17378
0 1 17384
0 1 17387
0 1 17393
0 1 17394
0 1 17398
0 1 17404
0 1 17405
0 1 17406
0 1 17407
0 1 17408
0 1 17412
0 1 17414
0 1 17417
0 1 17419
0 1 17428
0 1 17429
0 1 17431
0 1 17432
0 1 17436
0 1 17437
0 1 17438
0 1 17441
0 1 17444
0 1 17445
0 1 17446
0 1 17447
0 1 17448
0 1 17449
0 1 17450
0 1 17451
0 1 17455
0 1 17463
0 1 17464
0 1 17465
0 1 17468
0 1 17469
0 1 17472
0 1 17478
0 1 17480
0 1 17482
0 1 17484
0 1 17485
0 1 17490
0 1 17494
0 1 17495
0 1 17496
0 1 17497
0 1 17498
0 1 17501
0 1 17504
0 1 17508
0 1 17509
0 1 17510
0 1 17511
0 1 17512
0 1 17513
0 1 17515
0 1 17520
0 1 17521
0 1 17523
0 1 17525
0 1 17530
0 1 17533
0 1 17537
0 1 17539
0 1 17541
0 1 17543
0 1 17546
0 1 17547
0 1 17552
0 1 17553
0 1 17554
0 1 17555
0 1 17556
0 1 17557
0 1 17559
0 1 17561
0 1 17566
0 1 17567
0 1 17569
0 1 17571
0 1 17573
0 1 17576
0 1 17577
0 1 17578
0 1 17579
0 1 17581
0 1 17582
0 1 17583
0 1 17585
0 1 17588
0 1 17589
0 1 17592
0 1 17596
0 1 17597
0 1 17598
0 1 17599
0 1 17600
0 1 17603
0 1 17604
0 1 17606
0 1 17611
0 1 17612
0 1 17614
0 1 17615
0 1 17616
0 1 17617
0 1 17618
0 1 17619
0 1 17622
0 1 17623
0 1 17630
0 1 17631
0 1 17636
0 1 17637
0 1 17639
0 1 17645
0 1 17647
0 1 17648
0 1 17654
0 1 17656
0 1 17659
0 1 17660
0 1 17662
0 1 17665
0 1 17666
0 1 17669
0 1 17670
0 1 17671
0 1 17674
0 1 17675
0 1 17676
0 1 17680
0 1 17681
0 1 17683
0 1 17684
0 1 17687
0 1 17688
0 1 17689
0 1 17691
0 1 17692
0 1 17693
0 1 17696
0 1 17699
0 1 17702
0 1 17704
0 1 17705
0 1 17706
0 1 17707
0 1 17710
0 1 17711
0 1 17715
0 1 17716
0 1 17719
0 1 17721
0 1 17722
0 1 17723
0 1 17724
0 1 17726
0 1 17732
0 1 17735
0 1 17736
0 1 17742
0 1 17744
0 1 17745
0 1 17748
0 1 17760
0 1 17761
0 1 17767
0 1 17769
0 1 17770
0 1 17773
0 1 17776
0 1 17784
0 1 17786
0 1 17790
0 1 17791
0 1 17794
0 1 17807
0 1 17809
0 1 17810
0 1 17813
0 1 17814
0 1 17819
0 1 17824
0 1 17825
0 1 17826
0 1 17827
0 1 17832
0 1 17833
0 1 17835
0 1 17836
0 1 17837
0 1 17840
0 1 17842
0 1 17845
0 1 17846
0 1 17847
0 1 17849
0 1 17853
0 1 17855
0 1 17857
0 1 17858
0 1 17863
0 1 17870
0 1 17872
0 1 17873
0 1 17875
0 1 17876
0 1 17877
0 1 17878
0 1 17880
0 1 17885
0 1 17886
0 1 17889
0 1 17892
0 1 17894
0 1 17895
0 1 17896
0 1 17902
0 1 17905
0 1 17906
0 1 17907
0 1 17908
0 1 17909
0 1 17913
0 1 17922
0 1 17928
0 1 17930
0 1 17932
0 1 17936
0 1 17937
0 1 17938
0 1 17942
0 1 17944
0 1 17946
0 1 17951
0 1 17953
0 1 17955
0 1 17959
0 1 17961
0 1 17963
0 1 17967
0 1 17976
0 1 17979
0 1 17983
0 1 17985
0 1 17987
0 1 17988
0 1 17991
0 1 17993
0 1 17994
0 1 17998
0 1 17999
0 1 18000
0 1 18001
0 1 18002
0 1 18005
0 1 18006
0 1 18009
0 1 18010
0 1 18013
0 1 18014
0 1 18015
0 1 18018
0 1 18019
0 1 18020
0 1 18021
0 1 18023
0 1 18025
0 1 18026
0 1 18027
0 1 18028
0 1 18030
0 1 18031
0 1 18032
0 1 18035
0 1 18036
0 1 18037
0 1 18044
0 1 18047
0 1 18048
0 1 18056
0 1 18059
0 1 18060
0 1 18064
0 1 18070
0 1 18071
0 1 18073
0 1 18074
0 1 18079
0 1 18086
0 1 18088
0 1 18098
0 1 18100
0 1 18104
0 1 18111
0 1 18112
0 1 18113
0 1 18115
0 1 18116
0 1 18117
0 1 18119
0 1 18124
0 1 18128
0 1 18131
0 1 18132
0 1 18133
0 1 18134
0 1 18135
0 1 18137
0 1 18140
0 1 18141
0 1 18142
0 1 18145
0 1 18147
0 1 18150
0 1 18153
0 1 18154
0 1 18158
0 1 18162
0 1 18163
0 1 18165
0 1 18166
0 1 18167
0 1 18174
0 1 18178
0 1 18179
0 1 18181
0 1 18182
0 1 18183
0 1 18187
0 1 18188
0 1 18194
0 1 18195
0 1 18196
0 1 18198
0 1 18199
0 1 18200
0 1 18203
0 1 18204
0 1 18205
0 1 18208
0 1 18212
0 1 18213
0 1 18214
0 1 18216
0 1 18224
0 1 18227
0 1 18228
0 1 18231
0 1 18232
0 1 18233
0 1 18234
0 1 18235
0 1 18237
0 1 18239
0 1 18242
0 1 18243
0 1 18247
0 1 18248
0 1 18249
0 1 18250
0 1 18251
0 1 18252
0 1 18253
0 1 18254
0 1 18255
0 1 18256
0 1 18258
0 1 18261
0 1 18270
0 1 18272
0 1 18274
0 1 18278
0 1 18280
0 1 18281
0 1 18284
0 1 18289
0 1 18290
0 1 18291
0 1 18300
0 1 18305
0 1 18308
0 1 18313
0 1 18316
0 1 18317
0 1 18318
0 1 18319
0 1 18321
0 1 18324
0 1 18325
0 1 18326
0 1 18332
0 1 18342
0 1 18343
0 1 18345
0 1 18348
0 1 18349
0 1 18351
0 1 18352
0 1 18353
0 1 18355
0 1 18358
0 1 18363
0 1 18367
0 1 18369
0 1 18371
0 1 18372
0 1 18373
0 1 18375
0 1 18380
0 1 18381
0 1 18384
0 1 18385
0 1 18390
0 1 18391
0 1 18394
0 1 18395
0 1 18396
0 1 18397
0 1 18401
0 1 18404
0 1 18405
0 1 18408
0 1 18409
0 1 18410
0 1 18411
0 1 18413
0 1 18416
0 1 18419
0 1 18420
0 1 18436
0 1 18439
0 1 18440
0 1 18442
0 1 18443
0 1 18447
0 1 18450
0 1 18451
0 1 18452
0 1 18453
0 1 18454
0 1 18456
0 1 18457
0 1 18458
0 1 18459
0 1 18464
0 1 18465
0 1 18467
0 1 18468
0 1 18470
0 1 18474
0 1 18475
0 1 18477
0 1 18478
0 1 18479
0 1 18482
0 1 18485
0 1 18491
0 1 18494
0 1 18496
0 1 18497
0 1 18498
0 1 18501
0 1 18502
0 1 18504
0 1 18506
0 1 18507
0 1 18508
0 1 18509
0 1 18510
0 1 18512
0 1 18514
0 1 18517
0 1 18525
0 1 18532
0 1 18533
0 1 18535
0 1 18538
0 1 18539
0 1 18544
0 1 18546
0 1 18548
0 1 18549
0 1 18552
0 1 18553
0 1 18556
0 1 18559
0 1 18564
0 1 18568
0 1 18572
0 1 18575
0 1 18576
0 1 18577
0 1 18579
0 1 18583
0 1 18585
0 1 18587
0 1 18588
0 1 18589
0 1 18594
0 1 18596
0 1 18598
0 1 18600
0 1 18601
0 1 18602
0 1 18605
0 1 18609
0 1 18610
0 1 18612
0 1 18616
0 1 18619
0 1 18620
0 1 18624
0 1 18626
0 1 18627
0 1 18628
0 1 18630
0 1 18635
0 1 18636
0 1 18637
0 1 18638
0 1 18648
0 1 18650
0 1 18652
0 1 18653
0 1 18654
0 1 18656
0 1 18659
0 1 18660
0 1 18663
0 1 18664
0 1 18666
0 1 18667
0 1 18669
0 1 18671
0 1 18673
0 1 18674
0 1 18676
0 1 18677
0 1 18678
0 1 18679
0 1 18681
0 1 18682
0 1 18684
0 1 18685
0 1 18688
0 1 18695
0 1 18697
0 1 18699
0 1 18700
0 1 18703
0 1 18705
0 1 18706
0 1 18711
0 1 18717
0 1 18718
0 1 18721
0 1 18722
0 1 18724
0 1 18725
0 1 18726
0 1 18728
0 1 18729
0 1 18730
0 1 18733
0 1 18734
0 1 18740
0 1 18741
0 1 18748
0 1 18749
0 1 18752
0 1 18756
0 1 18758
0 1 18760
0 1 18761
0 1 18764
0 1 18765
0 1 18766
0 1 18768
0 1 18773
0 1 18775
0 1 18777
0 1 18778
0 1 18783
0 1 18786
0 1 18787
0 1 18789
0 1 18791
0 1 18792
0 1 18793
0 1 18797
0 1 18798
0 1 18799
0 1 18801
0 1 18805
0 1 18806
0 1 18809
0 1 18810
0 1 18811
0 1 18821
0 1 18824
0 1 18825
0 1 18830
0 1 18831
0 1 18835
0 1 18836
0 1 18837
0 1 18839
0 1 18840
0 1 18842
0 1 18844
0 1 18846
0 1 18847
0 1 18850
0 1 18852
0 1 18853
0 1 18855
0 1 18856
0 1 18858
0 1 18859
0 1 18860
0 1 18862
0 1 18863
0 1 18866
0 1 18868
0 1 18870
0 1 18875
0 1 18877
0 1 18881
0 1 18884
0 1 18887
0 1 18888
0 1 18891
0 1 18892
0 1 18893
0 1 18894
0 1 18895
0 1 18897
0 1 18898
0 1 18901
0 1 18903
0 1 18905
0 1 18906
0 1 18907
0 1 18910
0 1 18911
0 1 18916
0 1 18920
0 1 18921
0 1 18928
0 1 18930
0 1 18931
0 1 18935
0 1 18939
0 1 18942
0 1 18944
0 1 18945
0 1 18947
0 1 18955
0 1 18963
0 1 18964
0 1 18965
0 1 18966
0 1 18967
0 1 18973
0 1 18976
0 1 18978
0 1 18979
0 1 18980
0 1 18988
0 1 18989
0 1 18993
0 1 18994
0 1 18995
0 1 18996
0 1 18998
0 1 19001
0 1 19002
0 1 19006
0 1 19008
0 1 19010
0 1 19012
0 1 19016
0 1 19017
0 1 19018
0 1 19019
0 1 19024
0 1 19025
0 1 19029
0 1 19030
0 1 19031
0 1 19032
0 1 19033
0 1 19035
0 1 19036
0 1 19038
0 1 19039
0 1 19041
0 1 19043
0 1 19044
0 1 19048
0 1 19052
0 1 19056
0 1 19057
0 1 19064
0 1 19065
0 1 19068
0 1 19069
0 1 19070
0 1 19071
0 1 19072
0 1 19073
0 1 19074
0 1 19075
0 1 19080
0 1 19084
0 1 19093
0 1 19095
0 1 19096
0 1 19098
0 1 19099
0 1 19100
0 1 19103
0 1 19104
0 1 19106
0 1 19107
0 1 19111
0 1 19112
0 1 19113
0 1 19114
0 1 19119
0 1 19120
0 1 19121
0 1 19124
0 1 19128
0 1 19130
0 1 19135
0 1 19136
0 1 19138
0 1 19139
0 1 19140
0 1 19141
0 1 19142
0 1 19144
0 1 19148
0 1 19150
0 1 19151
0 1 19152
0 1 19158
0 1 19159
0 1 19160
0 1 19164
0 1 19169
0 1 19173
0 1 19174
0 1 19175
0 1 19176
0 1 19177
0 1 19179
0 1 19181
0 1 19182
0 1 19183
0 1 19189
0 1 19190
0 1 19192
0 1 19195
0 1 19196
0 1 19197
0 1 19198
0 1 19201
0 1 19202
0 1 19203
0 1 19204
0 1 19207
0 1 19208
0 1 19212
0 1 19218
0 1 19226
0 1 19230
0 1 19231
0 1 19232
0 1 19233
0 1 19237
0 1 19241
0 1 19242
0 1 19244
0 1 19245
0 1 19251
0 1 19253
0 1 19255
0 1 19257
0 1 19258
0 1 19259
0 1 19260
0 1 19263
0 1 19264
0 1 19269
0 1 19270
0 1 19271
0 1 19273
0 1 19276
0 1 19279
0 1 19282
0 1 19283
0 1 19292
0 1 19293
0 1 19294
0 1 19295
0 1 19296
0 1 19297
0 1 19299
0 1 19300
0 1 19301
0 1 19303
0 1 19304
0 1 19305
0 1 19316
0 1 19323
0 1 19325
0 1 19329
0 1 19332
0 1 19333
0 1 19336
0 1 19338
0 1 19340
0 1 19342
0 1 19344
0 1 19347
0 1 19356
0 1 19364
0 1 19365
0 1 19367
0 1 19368
0 1 19372
0 1 19373
0 1 19374
0 1 19376
0 1 19377
0 1 19379
0 1 19380
0 1 19381
0 1 19382
0 1 19384
0 1 19385
0 1 19386
0 1 19388
0 1 19392
0 1 19394
0 1 19396
0 1 19402
0 1 19403
0 1 19406
0 1 19407
0 1 19408
0 1 19409
0 1 19410
0 1 19411
0 1 19413
0 1 19416
0 1 19418
0 1 19419
0 1 19421
0 1 19424
0 1 19426
0 1 19429
0 1 19433
0 1 19436
0 1 19439
0 1 19441
0 1 19447
0 1 19452
0 1 19454
0 1 19455
0 1 19458
0 1 19459
0 1 19462
0 1 19463
0 1 19464
0 1 19467
0 1 19469
0 1 19470
0 1 19471
0 1 19472
0 1 19474
0 1 19485
0 1 19486
0 1 19491
0 1 19496
0 1 19497
0 1 19501
0 1 19514
0 1 19517
0 1 19526
0 1 19530
0 1 19532
0 1 19533
0 1 19534
0 1 19537
0 1 19538
0 1 19539
0 1 19540
0 1 19541
0 1 19544
0 1 19546
0 1 19547
0 1 19548
0 1 19549
0 1 19557
0 1 19563
0 1 19576
0 1 19577
0 1 19579
0 1 19580
0 1 19583
0 1 19585
0 1 19586
0 1 19590
0 1 19592
0 1 19594
0 1 19595
0 1 19597
0 1 19599
0 1 19604
0 1 19605
0 1 19606
0 1 19608
0 1 19614
0 1 19620
0 1 19621
0 1 19622
0 1 19623
0 1 19626
0 1 19628
0 1 19629
0 1 19635
0 1 19637
0 1 19639
0 1 19642
0 1 19643
0 1 19644
0 1 19647
0 1 19652
0 1 19655
0 1 19657
0 1 19664
0 1 19667
0 1 19673
0 1 19675
0 1 19677
0 1 19680
0 1 19681
0 1 19690
0 1 19691
0 1 19692
0 1 19693
0 1 19697
0 1 19698
0 1 19699
0 1 19700
0 1 19702
0 1 19706
0 1 19709
0 1 19710
0 1 19711
0 1 19715
0 1 19719
0 1 19724
0 1 19726
0 1 19729
0 1 19731
0 1 19733
0 1 19734
0 1 19735
0 1 19737
0 1 19739
0 1 19741
0 1 19744
0 1 19745
0 1 19746
0 1 19749
0 1 19750
0 1 19751
0 1 19753
0 1 19755
0 1 19757
0 1 19758
0 1 19760
0 1 19761
0 1 19762
0 1 19765
0 1 19769
0 1 19770
0 1 19777
0 1 19784
0 1 19785
0 1 19786
0 1 19787
0 1 19790
0 1 19791
0 1 19792
0 1 19794
0 1 19796
0 1 19799
0 1 19802
0 1 19805
0 1 19809
0 1 19810
0 1 19819
0 1 19820
0 1 19821
0 1 19823
0 1 19827
0 1 19831
0 1 19834
0 1 19836
0 1 19841
0 1 19847
0 1 19848
0 1 19849
0 1 19853
0 1 19855
0 1 19856
0 1 19858
0 1 19860
0 1 19861
0 1 19862
0 1 19863
0 1 19864
0 1 19868
0 1 19870
0 1 19873
0 1 19876
0 1 19880
0 1 19882
0 1 19884
0 1 19886
0 1 19888
0 1 19893
0 1 19898
0 1 19899
0 1 19902
0 1 19905
0 1 19907
0 1 19908
0 1 19909
0 1 19911
0 1 19912
0 1 19913
0 1 19917
0 1 19919
0 1 19920
0 1 19926
0 1 19929
0 1 19932
0 1 19933
0 1 19934
0 1 19940
0 1 19942
0 1 19946
0 1 19951
0 1 19952
0 1 19954
0 1 19957
0 1 19958
0 1 19960
0 1 19963
0 1 19971
0 1 19974
0 1 19975
0 1 19984
0 1 19985
0 1 19988
0 1 19993
0 1 19995
0 1 19996
0 1 19998
0 1 20000
0 1 20001
0 1 20002
0 1 20004
0 1 20005
0 1 20009
0 1 20011
0 1 20016
0 1 20017
0 1 20020
0 1 20023
0 1 20024
0 1 20025
0 1 20026
0 1 20027
0 1 20032
0 1 20033
0 1 20037
0 1 20038
0 1 20039
0 1 20040
0 1 20042
0 1 20046
0 1 20047
0 1 20048
0 1 20049
0 1 20054
0 1 20060
0 1 20062
0 1 20063
0 1 20064
0 1 20065
0 1 20068
0 1 20069
0 1 20076
0 1 20078
0 1 20079
0 1 20080
0 1 20081
0 1 20085
0 1 20092
0 1 20095
0 1 20097
0 1 20098
0 1 20099
0 1 20100
0 1 20104
0 1 20112
0 1 20113
0 1 20114
0 1 20125
0 1 20126
0 1 20127
0 1 20128
0 1 20129
0 1 20130
0 1 20131
0 1 20134
0 1 20138
0 1 20140
0 1 20143
0 1 20147
0 1 20152
0 1 20157
0 1 20158
0 1 20160
0 1 20161
0 1 20162
0 1 20163
0 1 20167
0 1 20168
0 1 20170
0 1 20171
0 1 20173
0 1 20176
0 1 20178
0 1 20180
0 1 20183
0 1 20185
0 1 20186
0 1 20187
0 1 20188
0 1 20189
0 1 20190
0 1 20194
0 1 20196
0 1 20197
0 1 20198
0 1 20199
0 1 20200
0 1 20201
0 1 20202
0 1 20207
0 1 20208
0 1 20209
0 1 20210
0 1 20214
0 1 20219
0 1 20221
0 1 20224
0 1 20225
0 1 20226
0 1 20230
0 1 20232
0 1 20235
0 1 20236
0 1 20238
0 1 20240
0 1 20243
0 1 20244
0 1 20245
0 1 20246
0 1 20249
0 1 20252
0 1 20253
0 1 20255
0 1 20256
0 1 20259
0 1 20260
0 1 20264
0 1 20266
0 1 20274
0 1 20276
0 1 20280
0 1 20282
0 1 20288
0 1 20289
0 1 20291
0 1 20292
0 1 20293
0 1 20294
0 1 20295
0 1 20300
0 1 20306
0 1 20310
0 1 20311
0 1 20315
0 1 20316
0 1 20320
0 1 20323
0 1 20324
0 1 20328
0 1 20329
0 1 20341
0 1 20342
0 1 20346
0 1 20352
0 1 20357
0 1 20359
0 1 20360
0 1 20365
0 1 20368
0 1 20372
0 1 20373
0 1 20375
0 1 20378
0 1 20379
0 1 20382
0 1 20384
0 1 20387
0 1 20388
0 1 20391
0 1 20399
0 1 20400
0 1 20401
0 1 20402
0 1 20403
0 1 20409
0 1 20415
0 1 20416
0 1 20417
0 1 20420
0 1 20421
0 1 20424
0 1 20426
0 1 20429
0 1 20431
0 1 20432
0 1 20433
0 1 20436
0 1 20438
0 1 20444
0 1 20445
0 1 20448
0 1 20450
0 1 20452
0 1 20453
0 1 20454
0 1 20455
0 1 20456
0 1 20459
0 1 20462
0 1 20463
0 1 20465
0 1 20471
0 1 20472
0 1 20474
0 1 20476
0 1 20477
0 1 20478
0 1 20480
0 1 20482
0 1 20484
0 1 20485
0 1 20486
0 1 20487
0 1 20488
0 1 20490
0 1 20493
0 1 20496
0 1 20497
0 1 20499
0 1 20508
0 1 20509
0 1 20510
0 1 20512
0 1 20513
0 1 20514
0 1 20520
0 1 20525
0 1 20527
0 1 20529
0 1 20532
0 1 20534
0 1 20537
0 1 20538
0 1 20544
0 1 20547
0 1 20549
0 1 20554
0 1 20555
0 1 20556
0 1 20559
0 1 20560
0 1 20561
0 1 20562
0 1 20569
0 1 20570
0 1 20571
0 1 20573
0 1 20575
0 1 20581
0 1 20582
0 1 20583
0 1 20584
0 1 20586
0 1 20592
0 1 20594
0 1 20597
0 1 20599
0 1 20601
0 1 20604
0 1 20606
0 1 20609
0 1 20610
0 1 20615
0 1 20616
0 1 20618
0 1 20620
0 1 20621
0 1 20622
0 1 20625
0 1 20627
0 1 20629
0 1 20630
0 1 20634
0 1 20637
0 1 20638
0 1 20647
0 1 20652
0 1 20660
0 1 20661
0 1 20664
0 1 20669
0 1 20671
0 1 20673
0 1 20677
0 1 20678
0 1 20679
0 1 20680
0 1 20681
0 1 20682
0 1 20687
0 1 20688
0 1 20691
0 1 20692
0 1 20693
0 1 20694
0 1 20702
0 1 20703
0 1 20704
0 1 20706
0 1 20708
0 1 20713
0 1 20714
0 1 20720
0 1 20721
0 1 20725
0 1 20727
0 1 20729
0 1 20732
0 1 20737
0 1 20738
0 1 20739
0 1 20743
0 1 20747
0 1 20753
0 1 20758
0 1 20762
0 1 20765
0 1 20769
0 1 20776
0 1 20777
0 1 20779
0 1 20781
0 1 20784
0 1 20786
0 1 20788
0 1 20792
0 1 20799
0 1 20800
0 1 20802
0 1 20804
0 1 20805
0 1 20808
0 1 20816
0 1 20818
0 1 20819
0 1 20827
0 1 20829
0 1 20830
0 1 20831
0 1 20833
0 1 20834
0 1 20835
0 1 20837
0 1 20839
0 1 20841
0 1 20844
0 1 20848
0 1 20852
0 1 20853
0 1 20858
0 1 20860
0 1 20862
0 1 20864
0 1 20865
0 1 20866
0 1 20868
0 1 20870
0 1 20873
0 1 20876
0 1 20877
0 1 20878
0 1 20880
0 1 20881
0 1 20882
0 1 20893
0 1 20894
0 1 20899
0 1 20900
0 1 20901
0 1 20903
0 1 20904
0 1 20905
0 1 20907
0 1 20911
0 1 20918
0 1 20920
0 1 20928
0 1 20931
0 1 20933
0 1 20934
0 1 20936
0 1 20937
0 1 20939
0 1 20941
0 1 20942
0 1 20943
0 1 20955
0 1 20958
0 1 20960
0 1 20965
0 1 20968
0 1 20969
0 1 20972
0 1 20974
0 1 20975
0 1 20979
0 1 20981
0 1 20984
0 1 20988
0 1 20990
0 1 20991
0 1 20994
0 1 20995
0 1 20996
0 1 20998
0 1 20999
0 1 21001
0 1 21007
0 1 21009
0 1 21010
0 1 21015
0 1 21017
0 1 21024
0 1 21025
0 1 21028
0 1 21029
0 1 21030
0 1 21031
0 1 21033
0 1 21034
0 1 21036
0 1 21040
0 1 21042
0 1 21044
0 1 21045
0 1 21048
0 1 21049
0 1 21050
0 1 21051
0 1 21053
0 1 21056
0 1 21057
0 1 21058
0 1 21062
0 1 21063
0 1 21064
0 1 21065
0 1 21067
0 1 21069
0 1 21075
0 1 21079
0 1 21081
0 1 21082
0 1 21083
0 1 21085
0 1 21087
0 1 21088
0 1 21089
0 1 21091
0 1 21092
0 1 21095
0 1 21096
0 1 21098
0 1 21100
0 1 21102
0 1 21106
0 1 21107
0 1 21109
0 1 21110
0 1 21111
0 1 21114
0 1 21119
0 1 21122
0 1 21132
0 1 21135
0 1 21136
0 1 21141
0 1 21143
0 1 21145
0 1 21147
0 1 21148
0 1 21151
0 1 21152
0 1 21153
0 1 21157
0 1 21158
0 1 21163
0 1 21169
0 1 21170
0 1 21171
0 1 21172
0 1 21173
0 1 21176
0 1 21177
0 1 21178
0 1 21180
0 1 21181
0 1 21183
0 1 21185
0 1 21188
0 1 21197
0 1 21203
0 1 21204
0 1 21206
0 1 21208
0 1 21209
0 1 21215
0 1 21217
0 1 21220
0 1 21222
0 1 21223
0 1 21225
0 1 21226
0 1 21228
0 1 21229
0 1 21230
0 1 21233
0 1 21235
0 1 21237
0 1 21239
0 1 21241
0 1 21243
0 1 21244
0 1 21245
0 1 21248
0 1 21249
0 1 21250
0 1 21251
0 1 21252
0 1 21253
0 1 21257
0 1 21259
0 1 21260
0 1 21261
0 1 21265
0 1 21268
0 1 21269
0 1 21271
0 1 21272
0 1 21274
0 1 21277
0 1 21281
0 1 21282
0 1 21285
0 1 21286
0 1 21287
0 1 21289
0 1 21292
0 1 21293
0 1 21299
0 1 21301
0 1 21303
0 1 21306
0 1 21308
0 1 21314
0 1 21316
0 1 21317
0 1 21318
0 1 21319
0 1 21320
0 1 21321
0 1 21323
0 1 21326
0 1 21328
0 1 21330
0 1 21331
0 1 21334
0 1 21336
0 1 21337
0 1 21338
0 1 21339
0 1 21340
0 1 21341
0 1 21342
0 1 21344
0 1 21351
0 1 21357
0 1 21359
0 1 21360
0 1 21362
0 1 21366
0 1 21367
0 1 21370
0 1 21373
0 1 21376
0 1 21378
0 1 21379
0 1 21382
0 1 21386
0 1 21390
0 1 21392
0 1 21394
0 1 21397
0 1 21401
0 1 21407
0 1 21409
0 1 21416
0 1 21421
0 1 21424
0 1 21427
0 1 21429
0 1 21438
0 1 21439
0 1 21440
0 1 21441
0 1 21442
0 1 21444
0 1 21448
0 1 21451
0 1 21454
0 1 21455
0 1 21458
0 1 21461
0 1 21462
0 1 21464
0 1 21467
0 1 21468
0 1 21469
0 1 21472
0 1 21473
0 1 21474
0 1 21475
0 1 21476
0 1 21478
0 1 21479
0 1 21481
0 1 21482
0 1 21484
0 1 21485
0 1 21486
0 1 21487
0 1 21489
0 1 21490
0 1 21491
0 1 21494
0 1 21495
0 1 21498
0 1 21499
0 1 21503
0 1 21506
0 1 21512
0 1 21514
0 1 21517
0 1 21523
0 1 21524
0 1 21525
0 1 21526
0 1 21527
0 1 21531
0 1 21533
0 1 21534
0 1 21537
0 1 21538
0 1 21542
0 1 21544
0 1 21545
0 1 21546
0 1 21547
0 1 21549
0 1 21551
0 1 21554
0 1 21558
0 1 21559
0 1 21561
0 1 21562
0 1 21563
0 1 21564
0 1 21572
0 1 21574
0 1 21575
0 1 21576
0 1 21577
0 1 21579
0 1 21582
0 1 21584
0 1 21586
0 1 21589
0 1 21591
0 1 21595
0 1 21599
0 1 21603
0 1 21604
0 1 21607
0 1 21608
0 1 21610
0 1 21612
0 1 21615
0 1 21616
0 1 21621
0 1 21622
0 1 21623
0 1 21631
0 1 21635
0 1 21636
0 1 21639
0 1 21640
0 1 21641
0 1 21642
0 1 21644
0 1 21646
0 1 21648
0 1 21651
0 1 21653
0 1 21655
0 1 21656
0 1 21658
0 1 21661
0 1 21662
0 1 21663
0 1 21667
0 1 21669
0 1 21670
0 1 21671
0 1 21674
0 1 21678
0 1 21679
0 1 21681
0 1 21684
0 1 21686
0 1 21687
0 1 21691
0 1 21692
0 1 21695
0 1 21696
0 1 21701
0 1 21702
0 1 21703
0 1 21704
0 1 21705
0 1 21707
0 1 21708
0 1 21712
0 1 21715
0 1 21717
0 1 21720
0 1 21724
0 1 21725
0 1 21726
0 1 21730
0 1 21732
0 1 21735
0 1 21736
0 1 21737
0 1 21738
0 1 21739
0 1 21741
0 1 21742
0 1 21744
0 1 21747
0 1 21748
0 1 21749
0 1 21750
0 1 21752
0 1 21753
0 1 21754
0 1 21756
0 1 21760
0 1 21764
0 1 21765
0 1 21768
0 1 21779
0 1 21782
0 1 21784
0 1 21786
0 1 21787
0 1 21788
0 1 21789
0 1 21790
0 1 21792
0 1 21797
0 1 21798
0 1 21799
0 1 21801
0 1 21802
0 1 21803
0 1 21805
0 1 21808
0 1 21810
0 1 21813
0 1 21814
0 1 21815
0 1 21817
0 1 21821
0 1 21826
0 1 21828
0 1 21830
0 1 21831
0 1 21832
0 1 21833
0 1 21837
0 1 21838
0 1 21839
0 1 21840
0 1 21841
0 1 21844
0 1 21845
0 1 21847
0 1 21848
0 1 21855
0 1 21856
0 1 21860
0 1 21861
0 1 21873
0 1 21875
0 1 21876
0 1 21879
0 1 21881
0 1 21883
0 1 21885
0 1 21887
0 1 21888
0 1 21893
0 1 21894
0 1 21895
0 1 21896
0 1 21903
0 1 21906
0 1 21907
0 1 21908
0 1 21909
0 1 21910
0 1 21913
0 1 21915
0 1 21916
0 1 21917
0 1 21918
0 1 21925
0 1 21927
0 1 21935
0 1 21939
0 1 21940
0 1 21945
0 1 21947
0 1 21948
0 1 21950
0 1 21954
0 1 21955
0 1 21957
0 1 21958
0 1 21959
0 1 21961
0 1 21965
0 1 21966
0 1 21972
0 1 21973
0 1 21977
0 1 21978
0 1 21979
0 1 21983
0 1 21984
0 1 21987
0 1 21989
0 1 21994
0 1 21999
0 1 22001
0 1 22014
0 1 22016
0 1 22018
0 1 22021
0 1 22022
0 1 22023
0 1 22024
0 1 22025
0 1 22027
0 1 22028
0 1 22031
0 1 22034
0 1 22035
0 1 22038
0 1 22044
0 1 22046
0 1 22047
0 1 22058
0 1 22061
0 1 22062
0 1 22065
0 1 22066
0 1 22071
0 1 22072
0 1 22077
0 1 22079
0 1 22083
0 1 22084
0 1 22085
0 1 22087
0 1 22088
0 1 22089
0 1 22095
0 1 22106
0 1 22108
0 1 22109
0 1 22114
0 1 22116
0 1 22117
0 1 22118
0 1 22119
0 1 22123
0 1 22127
0 1 22128
0 1 22131
0 1 22132
0 1 22133
0 1 22134
0 1 22135
0 1 22137
0 1 22138
0 1 22139
0 1 22141
0 1 22144
0 1 22151
0 1 22152
0 1 22153
0 1 22154
0 1 22158
0 1 22160
0 1 22162
0 1 22164
0 1 22166
0 1 22171
0 1 22175
0 1 22177
0 1 22183
0 1 22184
0 1 22185
0 1 22186
0 1 22187
0 1 22189
0 1 22191
0 1 22192
0 1 22193
0 1 22194
0 1 22195
0 1 22196
0 1 22197
0 1 22200
0 1 22201
0 1 22204
0 1 22206
0 1 22209
0 1 22215
0 1 22216
0 1 22218
0 1 22221
0 1 22228
0 1 22245
0 1 22248
0 1 22249
0 1 22254
0 1 22257
0 1 22259
0 1 22269
0 1 22270
0 1 22278
0 1 22285
0 1 22290
0 1 22292
0 1 22293
0 1 22296
0 1 22305
0 1 22308
0 1 22310
0 1 22315
0 1 22316
0 1 22317
0 1 22319
0 1 22320
0 1 22322
0 1 22326
0 1 22328
0 1 22329
0 1 22330
0 1 22333
0 1 22340
0 1 22343
0 1 22345
0 1 22347
0 1 22351
0 1 22356
0 1 22357
0 1 22358
0 1 22364
0 1 22365
0 1 22370
0 1 22372
0 1 22375
0 1 22376
0 1 22378
0 1 22379
0 1 22382
0 1 22384
0 1 22385
0 1 22386
0 1 22390
0 1 22392
0 1 22397
0 1 22399
0 1 22404
0 1 22405
0 1 22407
0 1 22411
0 1 22413
0 1 22414
0 1 22418
0 1 22421
0 1 22425
0 1 22429
0 1 22430
0 1 22431
0 1 22432
0 1 22436
0 1 22439
0 1 22440
0 1 22442
0 1 22445
0 1 22446
0 1 22448
0 1 22449
0 1 22450
0 1 22451
0 1 22454
0 1 22458
0 1 22459
0 1 22460
0 1 22463
0 1 22464
0 1 22465
0 1 22466
0 1 22467
0 1 22470
0 1 22471
0 1 22472
0 1 22473
0 1 22474
0 1 22475
0 1 22477
0 1 22479
0 1 22482
0 1 22484
0 1 22485
0 1 22486
0 1 22487
0 1 22488
0 1 22492
0 1 22496
0 1 22498
0 1 22501
0 1 22502
0 1 22511
0 1 22513
0 1 22514
0 1 22515
0 1 22517
0 1 22519
0 1 22521
0 1 22524
0 1 22526
0 1 22527
0 1 22533
0 1 22534
0 1 22536
0 1 22539
0 1 22543
0 1 22545
0 1 22553
0 1 22554
0 1 22560
0 1 22563
0 1 22568
0 1 22572
0 1 22576
0 1 22578
0 1 22579
0 1 22580
0 1 22586
0 1 22587
0 1 22591
0 1 22592
0 1 22595
0 1 22596
0 1 22598
0 1 22606
0 1 22610
0 1 22613
0 1 22614
0 1 22615
0 1 22617
0 1 22620
0 1 22623
0 1 22624
0 1 22628
0 1 22629
0 1 22631
0 1 22636
0 1 22637
0 1 22641
0 1 22645
0 1 22646
0 1 22650
0 1 22653
0 1 22655
0 1 22656
0 1 22658
0 1 22663
0 1 22669
0 1 22670
0 1 22672
0 1 22673
0 1 22676
0 1 22681
0 1 22684
0 1 22685
0 1 22687
0 1 22688
0 1 22693
0 1 22697
0 1 22700
0 1 22703
0 1 22704
0 1 22705
0 1 22711
0 1 22715
0 1 22719
0 1 22722
0 1 22723
0 1 22724
0 1 22725
0 1 22726
0 1 22728
0 1 22732
0 1 22733
0 1 22734
0 1 22736
0 1 22741
0 1 22745
0 1 22748
0 1 22751
0 1 22756
0 1 22758
0 1 22764
0 1 22766
0 1 22767
0 1 22769
0 1 22770
0 1 22771
0 1 22773
0 1 22776
0 1 22777
0 1 22779
0 1 22782
0 1 22783
0 1 22787
0 1 22788
0 1 22790
0 1 22791
0 1 22793
0 1 22795
0 1 22797
0 1 22799
0 1 22800
0 1 22802
0 1 22803
0 1 22805
0 1 22808
0 1 22809
0 1 22810
0 1 22811
0 1 22815
0 1 22817
0 1 22819
0 1 22820
0 1 22821
0 1 22822
0 1 22826
0 1 22829
0 1 22830
0 1 22831
0 1 22832
0 1 22834
0 1 22838
0 1 22840
0 1 22841
0 1 22842
0 1 22843
0 1 22847
0 1 22849
0 1 22851
0 1 22852
0 1 22861
0 1 22863
0 1 22865
0 1 22867
0 1 22868
0 1 22869
0 1 22872
0 1 22873
0 1 22875
0 1 22876
0 1 22878
0 1 22880
0 1 22881
0 1 22882
0 1 22884
0 1 22888
0 1 22890
0 1 22895
0 1 22899
0 1 22907
0 1 22908
0 1 22911
0 1 22913
0 1 22919
0 1 22922
0 1 22926
0 1 22927
0 1 22929
0 1 22930
0 1 22931
0 1 22933
0 1 22936
0 1 22937
0 1 22938
0 1 22939
0 1 22940
0 1 22942
0 1 22947
0 1 22948
0 1 22949
0 1 22952
0 1 22954
0 1 22956
0 1 22957
0 1 22959
0 1 22960
0 1 22961
0 1 22962
0 1 22965
0 1 22966
0 1 22970
0 1 22974
0 1 22975
0 1 22977
0 1 22981
0 1 22984
0 1 22986
0 1 22990
0 1 22991
0 1 22992
0 1 22994
0 1 22995
0 1 22997
0 1 23000
0 1 23004
0 1 23010
0 1 23011
0 1 23017
0 1 23020
0 1 23022
0 1 23023
0 1 23024
0 1 23030
0 1 23031
0 1 23032
0 1 23033
0 1 23035
0 1 23038
0 1 23041
0 1 23047
0 1 23052
0 1 23053
0 1 23054
0 1 23057
0 1 23059
0 1 23060
0 1 23067
0 1 23068
0 1 23069
0 1 23072
0 1 23076
0 1 23077
0 1 23079
0 1 23080
0 1 23082
0 1 23083
0 1 23085
0 1 23091
0 1 23092
0 1 23096
0 1 23101
0 1 23102
0 1 23103
0 1 23105
0 1 23106
0 1 23107
0 1 23108
0 1 23113
0 1 23119
0 1 23121
0 1 23122
0 1 23123
0 1 23125
0 1 23127
0 1 23130
0 1 23132
0 1 23137
0 1 23139
0 1 23140
0 1 23142
0 1 23145
0 1 23149
0 1 23150
0 1 23151
0 1 23154
0 1 23155
0 1 23157
0 1 23159
0 1 23161
0 1 23163
0 1 23164
0 1 23166
0 1 23167
0 1 23169
0 1 23173
0 1 23176
0 1 23179
0 1 23180
0 1 23182
0 1 23185
0 1 23187
0 1 23188
0 1 23194
0 1 23198
0 1 23201
0 1 23202
0 1 23211
0 1 23213
0 1 23214
0 1 23215
0 1 23219
0 1 23220
0 1 23223
0 1 23231
0 1 23233
0 1 23236
0 1 23239
0 1 23242
0 1 23244
0 1 23245
0 1 23247
0 1 23250
0 1 23252
0 1 23254
0 1 23256
0 1 23260
0 1 23263
0 1 23265
0 1 23266
0 1 23268
0 1 23271
0 1 23277
0 1 23278
0 1 23282
0 1 23284
0 1 23285
0 1 23286
0 1 23295
0 1 23299
0 1 23300
0 1 23302
0 1 23306
0 1 23307
0 1 23310
0 1 23313
0 1 23316
0 1 23317
0 1 23319
0 1 23324
0 1 23330
0 1 23332
0 1 23334
0 1 23337
0 1 23339
0 1 23343
0 1 23350
0 1 23356
0 1 23357
0 1 23363
0 1 23368
0 1 23369
0 1 23376
0 1 23377
0 1 23380
0 1 23381
0 1 23383
0 1 23384
0 1 23385
0 1 23388
0 1 23389
0 1 23390
0 1 23396
0 1 23397
0 1 23398
0 1 23399
0 1 23400
0 1 23402
0 1 23404
0 1 23405
0 1 23406
0 1 23411
0 1 23412
0 1 23427
0 1 23430
0 1 23432
0 1 23433
0 1 23436
0 1 23437
0 1 23440
0 1 23441
0 1 23448
0 1 23449
0 1 23455
0 1 23458
0 1 23463
0 1 23468
0 1 23469
0 1 23471
0 1 23472
0 1 23473
0 1 23475
0 1 23480
0 1 23481
0 1 23484
0 1 23487
0 1 23488
0 1 23490
0 1 23495
0 1 23498
0 1 23500
0 1 23501
0 1 23512
0 1 23513
0 1 23515
0 1 23516
0 1 23521
0 1 23523
0 1 23530
0 1 23534
0 1 23536
0 1 23537
0 1 23541
0 1 23544
0 1 23547
0 1 23550
0 1 23551
0 1 23552
0 1 23553
0 1 23555
0 1 23556
0 1 23558
0 1 23561
0 1 23563
0 1 23566
0 1 23567
0 1 23568
0 1 23569
0 1 23574
0 1 23575
0 1 23576
0 1 23578
0 1 23579
0 1 23580
0 1 23581
0 1 23583
0 1 23585
0 1 23587
0 1 23592
0 1 23594
0 1 23595
0 1 23596
0 1 23601
0 1 23606
0 1 23611
0 1 23612
0 1 23613
0 1 23619
0 1 23623
0 1 23624
0 1 23625
0 1 23626
0 1 23631
0 1 23633
0 1 23634
0 1 23638
0 1 23639
0 1 23640
0 1 23647
0 1 23648
0 1 23649
0 1 23652
0 1 23653
0 1 23654
0 1 23655
0 1 23658
0 1 23662
0 1 23668
0 1 23669
0 1 23672
0 1 23674
0 1 23676
0 1 23678
0 1 23682
0 1 23686
0 1 23690
0 1 23695
0 1 23700
0 1 23701
0 1 23706
0 1 23717
0 1 23718
0 1 23720
0 1 23722
0 1 23723
0 1 23727
0 1 23734
0 1 23737
0 1 23740
0 1 23741
0 1 23747
0 1 23748
0 1 23750
0 1 23751
0 1 23754
0 1 23756
0 1 23761
0 1 23762
0 1 23763
0 1 23764
0 1 23772
0 1 23776
0 1 23778
0 1 23780
0 1 23783
0 1 23789
0 1 23796
0 1 23797
0 1 23801
0 1 23803
0 1 23807
0 1 23809
0 1 23810
0 1 23811
0 1 23812
0 1 23813
0 1 23814
0 1 23815
0 1 23816
0 1 23817
0 1 23818
0 1 23819
0 1 23820
0 1 23821
0 1 23826
0 1 23828
0 1 23830
0 1 23832
0 1 23838
0 1 23840
0 1 23841
0 1 23842
0 1 23843
0 1 23847
0 1 23848
0 1 23849
0 1 23850
0 1 23851
0 1 23853
0 1 23857
0 1 23859
0 1 23865
0 1 23866
0 1 23871
0 1 23875
0 1 23876
0 1 23877
0 1 23885
0 1 23886
0 1 23888
0 1 23890
0 1 23892
0 1 23894
0 1 23896
0 1 23900
0 1 23902
0 1 23905
0 1 23906
0 1 23910
0 1 23912
0 1 23913
0 1 23914
0 1 23917
0 1 23919
0 1 23920
0 1 23924
0 1 23925
0 1 23926
0 1 23927
0 1 23930
0 1 23931
0 1 23932
0 1 23935
0 1 23937
0 1 23940
0 1 23941
0 1 23944
0 1 23945
0 1 23948
0 1 23950
0 1 23951
0 1 23952
0 1 23953
0 1 23956
0 1 23957
0 1 23967
0 1 23971
0 1 23972
0 1 23973
0 1 23975
0 1 23977
0 1 23978
0 1 23979
0 1 23982
0 1 23983
0 1 23984
0 1 23985
0 1 23986
0 1 23987
0 1 23988
0 1 23990
0 1 23992
0 1 23993
0 1 23996
0 1 24000
0 1 24001
0 1 24007
0 1 24008
0 1 24012
0 1 24017
0 1 24018
0 1 24023
0 1 24026
0 1 24029
0 1 24034
0 1 24037
0 1 24039
0 1 24040
0 1 24046
0 1 24047
0 1 24051
0 1 24052
0 1 24055
0 1 24058
0 1 24061
0 1 24065
0 1 24066
0 1 24067
0 1 24077
0 1 24078
0 1 24079
0 1 24080
0 1 24081
0 1 24084
0 1 24087
0 1 24088
0 1 24089
0 1 24090
0 1 24091
0 1 24092
0 1 24093
0 1 24096
0 1 24101
0 1 24102
0 1 24107
0 1 24108
0 1 24110
0 1 24111
0 1 24112
0 1 24113
0 1 24114
0 1 24118
0 1 24119
0 1 24120
0 1 24122
0 1 24124
0 1 24129
0 1 24131
0 1 24132
0 1 24133
0 1 24135
0 1 24139
0 1 24141
0 1 24147
0 1 24151
0 1 24152
0 1 24158
0 1 24160
0 1 24162
0 1 24163
0 1 24164
0 1 24166
0 1 24167
0 1 24168
0 1 24170
0 1 24172
0 1 24176
0 1 24177
0 1 24184
0 1 24186
0 1 24187
0 1 24188
0 1 24190
0 1 24191
0 1 24192
0 1 24194
0 1 24196
0 1 24198
0 1 24200
0 1 24203
0 1 24209
0 1 24210
0 1 24212
0 1 24213
0 1 24214
0 1 24218
0 1 24219
0 1 24220
0 1 24222
0 1 24223
0 1 24224
0 1 24225
0 1 24226
0 1 24227
0 1 24233
0 1 24235
0 1 24236
0 1 24238
0 1 24239
0 1 24240
0 1 24241
0 1 24243
0 1 24248
0 1 24249
0 1 24250
0 1 24254
0 1 24258
0 1 24259
0 1 24261
0 1 24262
0 1 24265
0 1 24266
0 1 24267
0 1 24271
0 1 24276
0 1 24277
0 1 24278
0 1 24282
0 1 24283
0 1 24284
0 1 24286
0 1 24293
0 1 24295
0 1 24296
0 1 24298
0 1 24302
0 1 24303
0 1 24307
0 1 24310
0 1 24311
0 1 24313
0 1 24315
0 1 24316
0 1 24321
0 1 24322
0 1 24323
0 1 24325
0 1 24327
0 1 24328
0 1 24329
0 1 24330
0 1 24335
0 1 24336
0 1 24337
0 1 24338
0 1 24339
0 1 24340
0 1 24341
0 1 24342
0 1 24343
0 1 24346
0 1 24347
0 1 24352
0 1 24353
0 1 24354
0 1 24356
0 1 24359
0 1 24362
0 1 24369
0 1 24370
0 1 24376
0 1 24377
0 1 24379
0 1 24380
0 1 24383
0 1 24384
0 1 24386
0 1 24387
0 1 24388
0 1 24389
0 1 24392
0 1 24395
0 1 24397
0 1 24399
0 1 24402
0 1 24404
0 1 24405
0 1 24406
0 1 24410
0 1 24413
0 1 24414
0 1 24415
0 1 24418
0 1 24419
0 1 24420
0 1 24421
0 1 24422
0 1 24427
0 1 24429
0 1 24431
0 1 24435
0 1 24438
0 1 24439
0 1 24447
0 1 24448
0 1 24449
0 1 24450
0 1 24453
0 1 24460
0 1 24462
0 1 24465
0 1 24468
0 1 24469
0 1 24472
0 1 24473
0 1 24476
0 1 24478
0 1 24480
0 1 24481
0 1 24482
0 1 24485
0 1 24492
0 1 24493
0 1 24495
0 1 24497
0 1 24500
0 1 24501
0 1 24506
0 1 24507
0 1 24511
0 1 24515
0 1 24516
0 1 24517
0 1 24518
0 1 24519
0 1 24520
0 1 24521
0 1 24522
0 1 24523
0 1 24525
0 1 24526
0 1 24529
0 1 24533
0 1 24541
0 1 24543
0 1 24544
0 1 24545
0 1 24547
0 1 24548
0 1 24549
0 1 24550
0 1 24551
0 1 24553
0 1 24555
0 1 24556
0 1 24558
0 1 24562
0 1 24566
0 1 24575
0 1 24576
0 1 24577
0 1 24578
0 1 24579
0 1 24586
0 1 24588
0 1 24591
0 1 24592
0 1 24593
0 1 24601
0 1 24602
0 1 24604
0 1 24605
0 1 24612
0 1 24616
0 1 24619
0 1 24622
0 1 24623
0 1 24624
0 1 24625
0 1 24626
0 1 24630
0 1 24636
0 1 24638
0 1 24639
0 1 24641
0 1 24644
0 1 24648
0 1 24652
0 1 24656
0 1 24657
0 1 24658
0 1 24659
0 1 24661
0 1 24662
0 1 24663
0 1 24664
0 1 24666
0 1 24668
0 1 24669
0 1 24671
0 1 24673
0 1 24675
0 1 24677
0 1 24678
0 1 24679
0 1 24680
0 1 24687
0 1 24688
0 1 24689
0 1 24693
0 1 24695
0 1 24696
0 1 24703
0 1 24705
0 1 24710
0 1 24713
0 1 24714
0 1 24715
0 1 24718
0 1 24722
0 1 24723
0 1 24729
0 1 24731
0 1 24732
0 1 24733
0 1 24734
0 1 24735
0 1 24738
0 1 24740
0 1 24741
0 1 24745
0 1 24746
0 1 24748
0 1 24750
0 1 24756
0 1 24757
0 1 24759
0 1 24761
0 1 24762
0 1 24764
0 1 24765
0 1 24767
0 1 24768
0 1 24770
0 1 24772
0 1 24774
0 1 24776
0 1 24778
0 1 24779
0 1 24780
0 1 24781
0 1 24783
0 1 24785
0 1 24788
0 1 24789
0 1 24790
0 1 24795
0 1 24799
0 1 24801
0 1 24802
0 1 24805
0 1 24808
0 1 24810
0 1 24811
0 1 24813
0 1 24815
0 1 24817
0 1 24818
0 1 24820
0 1 24821
0 1 24823
0 1 24830
0 1 24831
0 1 24835
0 1 24838
0 1 24842
0 1 24844
0 1 24846
0 1 24848
0 1 24851
0 1 24854
0 1 24855
0 1 24857
0 1 24858
0 1 24860
0 1 24866
0 1 24867
0 1 24869
0 1 24873
0 1 24876
0 1 24880
0 1 24882
0 1 24884
0 1 24885
0 1 24890
0 1 24895
0 1 24896
0 1 24899
0 1 24903
0 1 24904
0 1 24905
0 1 24908
0 1 24912
0 1 24914
0 1 24915
0 1 24919
0 1 24921
0 1 24924
0 1 24925
0 1 24926
0 1 24928
0 1 24931
0 1 24934
0 1 24935
0 1 24936
0 1 24937
0 1 24940
0 1 24942
0 1 24944
0 1 24946
0 1 24950
0 1 24952
0 1 24956
0 1 24961
0 1 24962
0 1 24963
0 1 24964
0 1 24967
0 1 24968
0 1 24972
0 1 24974
0 1 24975
0 1 24985
0 1 24990
0 1 24993
0 1 24997
0 1 24998
0 1 24999
0 1 25000
0 1 25001
0 1 25009
0 1 25010
0 1 25016
0 1 25017
0 1 25022
0 1 25023
0 1 25027
0 1 25032
0 1 25036
0 1 25038
0 1 25046
0 1 25047
0 1 25053
0 1 25054
0 1 25055
0 1 25061
0 1 25063
0 1 25066
0 1 25067
0 1 25068
0 1 25071
0 1 25073
0 1 25074
0 1 25076
0 1 25078
0 1 25083
0 1 25084
0 1 25092
0 1 25099
0 1 25102
0 1 25104
0 1 25105
0 1 25106
0 1 25110
0 1 25113
0 1 25116
0 1 25124
0 1 25127
0 1 25131
0 1 25132
0 1 25135
0 1 25138
0 1 25143
0 1 25147
0 1 25150
0 1 25151
0 1 25152
0 1 25156
0 1 25161
0 1 25163
0 1 25165
0 1 25174
0 1 25178
0 1 25182
0 1 25185
0 1 25187
0 1 25190
0 1 25194
0 1 25203
0 1 25204
0 1 25206
0 1 25210
0 1 25214
0 1 25218
0 1 25219
0 1 25221
0 1 25225
0 1 25228
0 1 25234
0 1 25236
0 1 25238
0 1 25239
0 1 25240
0 1 25242
0 1 25244
0 1 25246
0 1 25247
0 1 25249
0 1 25254
0 1 25255
0 1 25256
0 1 25259
0 1 25262
0 1 25263
0 1 25269
0 1 25272
0 1 25273
0 1 25275
0 1 25277
0 1 25280
0 1 25281
0 1 25284
0 1 25285
0 1 25287
0 1 25288
0 1 25290
0 1 25293
0 1 25294
0 1 25297
0 1 25298
0 1 25299
0 1 25300
0 1 25309
0 1 25311
0 1 25313
0 1 25315
0 1 25316
0 1 25317
0 1 25319
0 1 25320
0 1 25323
0 1 25324
0 1 25325
0 1 25328
0 1 25330
0 1 25333
0 1 25335
0 1 25336
0 1 25337
0 1 25341
0 1 25344
0 1 25347
0 1 25348
0 1 25349
0 1 25352
0 1 25354
0 1 25355
0 1 25356
0 1 25357
0 1 25358
0 1 25359
0 1 25360
0 1 25363
0 1 25364
0 1 25367
0 1 25370
0 1 25372
0 1 25377
0 1 25378
0 1 25381
0 1 25383
0 1 25384
0 1 25385
0 1 25386
0 1 25387
0 1 25391
0 1 25393
0 1 25395
0 1 25400
0 1 25404
0 1 25410
0 1 25412
0 1 25413
0 1 25423
0 1 25424
0 1 25425
0 1 25427
0 1 25429
0 1 25430
0 1 25432
0 1 25434
0 1 25435
0 1 25440
0 1 25442
0 1 25443
0 1 25444
0 1 25445
0 1 25448
0 1 25451
0 1 25453
0 1 25454
0 1 25457
0 1 25458
0 1 25460
0 1 25463
0 1 25465
0 1 25470
0 1 25472
0 1 25476
0 1 25482
0 1 25489
0 1 25491
0 1 25495
0 1 25499
0 1 25502
0 1 25507
0 1 25510
0 1 25516
0 1 25519
0 1 25521
0 1 25526
0 1 25527
0 1 25529
0 1 25532
0 1 25533
0 1 25535
0 1 25539
0 1 25540
0 1 25542
0 1 25544
0 1 25545
0 1 25549
0 1 25550
0 1 25553
0 1 25556
0 1 25557
0 1 25558
0 1 25560
0 1 25561
0 1 25562
0 1 25564
0 1 25565
0 1 25571
0 1 25574
0 1 25575
0 1 25578
0 1 25580
0 1 25582
0 1 25583
0 1 25585
0 1 25587
0 1 25597
0 1 25598
0 1 25600
0 1 25602
0 1 25605
0 1 25608
0 1 25610
0 1 25612
0 1 25613
0 1 25614
0 1 25615
0 1 25620
0 1 25621
0 1 25622
0 1 25624
0 1 25625
0 1 25626
0 1 25631
0 1 25632
0 1 25634
0 1 25638
0 1 25641
0 1 25648
0 1 25650
0 1 25651
0 1 25653
0 1 25655
0 1 25661
0 1 25663
0 1 25667
0 1 25670
0 1 25672
0 1 25674
0 1 25677
0 1 25679
0 1 25683
0 1 25684
0 1 25685
0 1 25687
0 1 25688
0 1 25690
0 1 25696
0 1 25699
0 1 25701
0 1 25703
0 1 25705
0 1 25707
0 1 25711
0 1 25712
0 1 25713
0 1 25718
0 1 25719
0 1 25722
0 1 25724
0 1 25725
0 1 25728
0 1 25729
0 1 25735
0 1 25738
0 1 25741
0 1 25742
0 1 25745
0 1 25746
0 1 25751
0 1 25753
0 1 25758
0 1 25759
0 1 25766
0 1 25768
0 1 25769
0 1 25772
0 1 25777
0 1 25779
0 1 25780
0 1 25782
0 1 25783
0 1 25784
0 1 25789
0 1 25792
0 1 25797
0 1 25799
0 1 25800
0 1 25805
0 1 25806
0 1 25808
0 1 25809
0 1 25810
0 1 25811
0 1 25812
0 1 25815
0 1 25816
0 1 25818
0 1 25819
0 1 25821
0 1 25822
0 1 25824
0 1 25827
0 1 25828
0 1 25830
0 1 25832
0 1 25834
0 1 25835
0 1 25842
0 1 25846
0 1 25847
0 1 25851
0 1 25860
0 1 25862
0 1 25869
0 1 25871
0 1 25876
0 1 25883
0 1 25887
0 1 25888
0 1 25893
0 1 25895
0 1 25898
0 1 25899
0 1 25900
0 1 25903
0 1 25909
0 1 25917
0 1 25918
0 1 25919
0 1 25920
0 1 25921
0 1 25927
0 1 25931
0 1 25932
0 1 25934
0 1 25938
0 1 25939
0 1 25942
0 1 25943
0 1 25944
0 1 25945
0 1 25946
0 1 25947
0 1 25949
0 1 25954
0 1 25955
0 1 25957
0 1 25959
0 1 25961
0 1 25964
0 1 25965
0 1 25970
0 1 25973
0 1 25977
0 1 25978
0 1 25982
0 1 25985
0 1 25991
0 1 25993
0 1 25995
0 1 25997
0 1 25999
0 1 26000
0 1 26001
0 1 26002
0 1 26003
0 1 26004
0 1 26005
0 1 26007
0 1 26010
0 1 26012
0 1 26015
0 1 26017
0 1 26023
0 1 26027
0 1 26029
0 1 26031
0 1 26034
0 1 26035
0 1 26036
0 1 26041
0 1 26044
0 1 26045
0 1 26049
0 1 26050
0 1 26054
0 1 26055
0 1 26056
0 1 26057
0 1 26059
0 1 26060
0 1 26062
0 1 26063
0 1 26066
0 1 26067
0 1 26068
0 1 26071
0 1 26076
0 1 26077
0 1 26082
0 1 26083
0 1 26084
0 1 26085
0 1 26086
0 1 26089
0 1 26092
0 1 26095
0 1 26096
0 1 26097
0 1 26098
0 1 26102
0 1 26106
0 1 26107
0 1 26108
0 1 26109
0 1 26110
0 1 26116
0 1 26117
0 1 26120
0 1 26129
0 1 26130
0 1 26134
0 1 26140
0 1 26142
0 1 26143
0 1 26147
0 1 26154
0 1 26155
0 1 26157
0 1 26161
0 1 26166
0 1 26168
0 1 26170
0 1 26171
0 1 26177
0 1 26178
0 1 26179
0 1 26180
0 1 26181
0 1 26182
0 1 26183
0 1 26184
0 1 26187
0 1 26188
0 1 26190
0 1 26193
0 1 26197
0 1 26198
0 1 26201
0 1 26211
0 1 26214
0 1 26215
0 1 26216
0 1 26219
0 1 26221
0 1 26227
0 1 26231
0 1 26232
0 1 26235
0 1 26238
0 1 26239
0 1 26242
0 1 26249
0 1 26250
0 1 26254
0 1 26257
0 1 26258
0 1 26261
0 1 26265
0 1 26268
0 1 26269
0 1 26270
0 1 26274
0 1 26277
0 1 26280
0 1 26282
0 1 26283
0 1 26284
0 1 26285
0 1 26286
0 1 26287
0 1 26291
0 1 26294
0 1 26296
0 1 26298
0 1 26305
0 1 26307
0 1 26309
0 1 26319
0 1 26323
0 1 26325
0 1 26335
0 1 26336
0 1 26339
0 1 26341
0 1 26342
0 1 26343
0 1 26344
0 1 26346
0 1 26349
0 1 26351
0 1 26353
0 1 26354
0 1 26355
0 1 26357
0 1 26358
0 1 26361
0 1 26364
0 1 26365
0 1 26368
0 1 26371
0 1 26378
0 1 26379
0 1 26382
0 1 26384
0 1 26391
0 1 26392
0 1 26395
0 1 26401
0 1 26402
0 1 26404
0 1 26405
0 1 26407
0 1 26408
0 1 26409
0 1 26411
0 1 26412
0 1 26415
0 1 26421
0 1 26425
0 1 26429
0 1 26431
0 1 26432
0 1 26433
0 1 26436
0 1 26438
0 1 26442
0 1 26444
0 1 26445
0 1 26447
0 1 26448
0 1 26450
0 1 26453
0 1 26457
0 1 26458
0 1 26463
0 1 26466
0 1 26469
0 1 26470
0 1 26473
0 1 26474
0 1 26475
0 1 26480
0 1 26481
0 1 26489
0 1 26493
0 1 26497
0 1 26501
0 1 26502
0 1 26504
0 1 26505
0 1 26506
0 1 26509
0 1 26510
0 1 26512
0 1 26513
0 1 26514
0 1 26517
0 1 26518
0 1 26523
0 1 26524
0 1 26526
0 1 26527
0 1 26532
0 1 26534
0 1 26536
0 1 26538
0 1 26541
0 1 26543
0 1 26548
0 1 26553
0 1 26557
0 1 26560
0 1 26563
0 1 26565
0 1 26566
0 1 26567
0 1 26569
0 1 26571
0 1 26573
0 1 26574
0 1 26575
0 1 26584
0 1 26585
0 1 26587
0 1 26588
0 1 26590
0 1 26591
0 1 26592
0 1 26594
0 1 26597
0 1 26598
0 1 26600
0 1 26602
0 1 26609
0 1 26611
0 1 26612
0 1 26614
0 1 26617
0 1 26618
0 1 26631
0 1 26639
0 1 26645
0 1 26646
0 1 26651
0 1 26653
0 1 26656
0 1 26666
0 1 26672
0 1 26674
0 1 26676
0 1 26677
0 1 26679
0 1 26680
0 1 26683
0 1 26688
0 1 26690
0 1 26691
0 1 26693
0 1 26694
0 1 26698
0 1 26701
0 1 26702
0 1 26703
0 1 26704
0 1 26706
0 1 26710
0 1 26716
0 1 26718
0 1 26722
0 1 26724
0 1 26725
0 1 26726
0 1 26728
0 1 26731
0 1 26733
0 1 26734
0 1 26737
0 1 26738
0 1 26739
0 1 26740
0 1 26741
0 1 26742
0 1 26744
0 1 26748
0 1 26750
0 1 26751
0 1 26752
0 1 26753
0 1 26755
0 1 26756
0 1 26759
0 1 26761
0 1 26762
0 1 26764
0 1 26765
0 1 26766
0 1 26767
0 1 26768
0 1 26769
0 1 26771
0 1 26776
0 1 26779
0 1 26785
0 1 26787
0 1 26789
0 1 26791
0 1 26795
0 1 26796
0 1 26798
0 1 26799
0 1 26801
0 1 26802
0 1 26803
0 1 26805
0 1 26807
0 1 26809
0 1 26810
0 1 26812
0 1 26817
0 1 26818
0 1 26820
0 1 26823
0 1 26824
0 1 26825
0 1 26827
0 1 26830
0 1 26832
0 1 26838
0 1 26839
0 1 26843
0 1 26844
0 1 26847
0 1 26849
0 1 26850
0 1 26860
0 1 26862
0 1 26863
0 1 26867
0 1 26878
0 1 26881
0 1 26882
0 1 26883
0 1 26889
0 1 26890
0 1 26895
0 1 26905
0 1 26906
0 1 26916
0 1 26917
0 1 26920
0 1 26922
0 1 26923
0 1 26926
0 1 26927
0 1 26931
0 1 26932
0 1 26933
0 1 26936
0 1 26939
0 1 26940
0 1 26941
0 1 26942
0 1 26943
0 1 26944
0 1 26946
0 1 26951
0 1 26952
0 1 26955
0 1 26957
0 1 26960
0 1 26961
0 1 26968
0 1 26969
0 1 26972
0 1 26975
0 1 26976
0 1 26981
0 1 26987
0 1 26988
0 1 26992
0 1 26993
0 1 26994
0 1 26996
0 1 26999
0 1 27001
0 1 27003
0 1 27005
0 1 27007
0 1 27008
0 1 27010
0 1 27012
0 1 27015
0 1 27020
0 1 27022
0 1 27024
0 1 27025
0 1 27027
0 1 27028
0 1 27030
0 1 27032
0 1 27043
0 1 27046
0 1 27048
0 1 27049
0 1 27054
0 1 27056
0 1 27064
0 1 27065
0 1 27067
0 1 27068
0 1 27069
0 1 27070
0 1 27072
0 1 27074
0 1 27075
0 1 27076
0 1 27078
0 1 27079
0 1 27082
0 1 27090
0 1 27093
0 1 27097
0 1 27098
0 1 27099
0 1 27101
0 1 27108
0 1 27109
0 1 27110
0 1 27112
0 1 27119
0 1 27120
0 1 27122
0 1 27124
0 1 27126
0 1 27128
0 1 27129
0 1 27130
0 1 27131
0 1 27134
0 1 27137
0 1 27138
0 1 27141
0 1 27142
0 1 27143
0 1 27144
0 1 27147
0 1 27149
0 1 27150
0 1 27154
0 1 27158
0 1 27159
0 1 27163
0 1 27165
0 1 27167
0 1 27168
0 1 27169
0 1 27170
0 1 27171
0 1 27174
0 1 27175
0 1 27179
0 1 27180
0 1 27181
0 1 27183
0 1 27184
0 1 27192
0 1 27194
0 1 27198
0 1 27199
0 1 27202
0 1 27204
0 1 27206
0 1 27211
0 1 27213
0 1 27216
0 1 27217
0 1 27218
0 1 27221
0 1 27224
0 1 27225
0 1 27226
0 1 27228
0 1 27229
0 1 27231
0 1 27237
0 1 27239
0 1 27240
0 1 27241
0 1 27243
0 1 27244
0 1 27245
0 1 27247
0 1 27249
0 1 27257
0 1 27260
0 1 27264
0 1 27266
0 1 27269
0 1 27270
0 1 27271
0 1 27272
0 1 27273
0 1 27276
0 1 27277
0 1 27279
0 1 27282
0 1 27291
0 1 27292
0 1 27293
0 1 27294
0 1 27299
0 1 27300
0 1 27305
0 1 27306
0 1 27307
0 1 27309
0 1 27312
0 1 27317
0 1 27319
0 1 27320
0 1 27322
0 1 27323
0 1 27325
0 1 27331
0 1 27332
0 1 27333
0 1 27338
0 1 27340
0 1 27343
0 1 27344
0 1 27345
0 1 27351
0 1 27356
0 1 27357
0 1 27358
0 1 27367
0 1 27368
0 1 27375
0 1 27377
0 1 27381
0 1 27386
0 1 27388
0 1 27396
0 1 27400
0 1 27404
0 1 27405
0 1 27406
0 1 27408
0 1 27410
0 1 27412
0 1 27414
0 1 27417
0 1 27421
0 1 27422
0 1 27426
0 1 27430
0 1 27433
0 1 27434
0 1 27435
0 1 27437
0 1 27442
0 1 27443
0 1 27444
0 1 27446
0 1 27451
0 1 27455
0 1 27457
0 1 27459
0 1 27461
0 1 27462
0 1 27470
0 1 27471
0 1 27473
0 1 27478
0 1 27483
0 1 27488
0 1 27490
0 1 27496
0 1 27501
0 1 27505
0 1 27508
0 1 27513
0 1 27514
0 1 27525
0 1 27526
0 1 27529
0 1 27533
0 1 27534
0 1 27539
0 1 27542
0 1 27544
0 1 27546
0 1 27549
0 1 27551
0 1 27552
0 1 27554
0 1 27555
0 1 27558
0 1 27560
0 1 27561
0 1 27566
0 1 27570
0 1 27572
0 1 27574
0 1 27578
0 1 27579
0 1 27582
0 1 27583
0 1 27588
0 1 27596
0 1 27597
0 1 27598
0 1 27601
0 1 27602
0 1 27607
0 1 27609
0 1 27610
0 1 27611
0 1 27612
0 1 27613
0 1 27615
0 1 27616
0 1 27618
0 1 27619
0 1 27620
0 1 27621
0 1 27629
0 1 27630
0 1 27632
0 1 27633
0 1 27636
0 1 27644
0 1 27646
0 1 27648
0 1 27650
0 1 27652
0 1 27653
0 1 27654
0 1 27656
0 1 27658
0 1 27659
0 1 27660
0 1 27665
0 1 27666
0 1 27667
0 1 27668
0 1 27670
0 1 27672
0 1 27673
0 1 27674
0 1 27675
0 1 27677
0 1 27681
0 1 27686
0 1 27692
0 1 27694
0 1 27695
0 1 27701
0 1 27702
0 1 27705
0 1 27708
0 1 27711
0 1 27713
0 1 27714
0 1 27715
0 1 27716
0 1 27718
0 1 27721
0 1 27723
0 1 27725
0 1 27727
0 1 27728
0 1 27731
0 1 27732
0 1 27733
0 1 27735
0 1 27738
0 1 27741
0 1 27742
0 1 27743
0 1 27745
0 1 27746
0 1 27749
0 1 27753
0 1 27754
0 1 27755
0 1 27756
0 1 27758
0 1 27759
0 1 27766
0 1 27767
0 1 27769
0 1 27770
0 1 27772
0 1 27776
0 1 27778
0 1 27780
0 1 27784
0 1 27787
0 1 27788
0 1 27789
0 1 27790
0 1 27791
0 1 27792
0 1 27793
0 1 27798
0 1 27803
0 1 27807
0 1 27809
0 1 27810
0 1 27812
0 1 27813
0 1 27815
0 1 27819
0 1 27820
0 1 27823
0 1 27825
0 1 27826
0 1 27829
0 1 27830
0 1 27835
0 1 27838
0 1 27841
0 1 27846
0 1 27852
0 1 27855
0 1 27865
0 1 27867
0 1 27870
0 1 27873
0 1 27878
0 1 27879
0 1 27882
0 1 27887
0 1 27892
0 1 27896
0 1 27897
0 1 27899
0 1 27900
0 1 27901
0 1 27902
0 1 27906
0 1 27912
0 1 27913
0 1 27914
0 1 27915
0 1 27920
0 1 27921
0 1 27923
0 1 27924
0 1 27925
0 1 27933
0 1 27934
0 1 27935
0 1 27937
0 1 27940
0 1 27941
0 1 27944
0 1 27948
0 1 27950
0 1 27956
0 1 27968
0 1 27969
0 1 27972
0 1 27973
0 1 27976
0 1 27978
0 1 27979
0 1 27980
0 1 27983
0 1 27992
0 1 27994
0 1 27997
0 1 27998
0 1 27999
0 1 28000
0 1 28001
0 1 28002
0 1 28003
0 1 28005
0 1 28008
0 1 28010
0 1 28011
0 1 28015
0 1 28016
0 1 28020
0 1 28021
0 1 28022
0 1 28027
0 1 28028
0 1 28032
0 1 28033
0 1 28035
0 1 28038
0 1 28039
0 1 28042
0 1 28045
0 1 28049
0 1 28050
0 1 28052
0 1 28053
0 1 28055
0 1 28057
0 1 28058
0 1 28060
0 1 28062
0 1 28068
0 1 28070
0 1 28071
0 1 28073
0 1 28074
0 1 28075
0 1 28077
0 1 28078
0 1 28079
0 1 28082
0 1 28083
0 1 28085
0 1 28086
0 1 28088
0 1 28090
0 1 28094
0 1 28095
0 1 28101
0 1 28103
0 1 28106
0 1 28111
0 1 28112
0 1 28121
0 1 28122
0 1 28123
0 1 28126
0 1 28128
0 1 28129
0 1 28133
0 1 28139
0 1 28140
0 1 28141
0 1 28144
0 1 28148
0 1 28149
0 1 28150
0 1 28151
0 1 28152
0 1 28156
0 1 28157
0 1 28158
0 1 28163
0 1 28167
0 1 28168
0 1 28170
0 1 28171
0 1 28175
0 1 28178
0 1 28180
0 1 28183
0 1 28187
0 1 28188
0 1 28194
0 1 28196
0 1 28197
0 1 28207
0 1 28208
0 1 28210
0 1 28212
0 1 28219
0 1 28222
0 1 28225
0 1 28227
0 1 28229
0 1 28230
0 1 28231
0 1 28236
0 1 28237
0 1 28238
0 1 28241
0 1 28243
0 1 28245
0 1 28246
0 1 28251
0 1 28257
0 1 28258
0 1 28259
0 1 28260
0 1 28261
0 1 28262
0 1 28267
0 1 28273
0 1 28275
0 1 28277
0 1 28284
0 1 28285
0 1 28286
0 1 28289
0 1 28294
0 1 28295
0 1 28297
0 1 28302
0 1 28304
0 1 28308
0 1 28310
0 1 28314
0 1 28317
0 1 28320
0 1 28322
0 1 28324
0 1 28326
0 1 28328
0 1 28330
0 1 28338
0 1 28346
0 1 28351
0 1 28352
0 1 28354
0 1 28358
0 1 28359
0 1 28361
0 1 28366
0 1 28369
0 1 28371
0 1 28372
0 1 28375
0 1 28378
0 1 28382
0 1 28384
0 1 28385
0 1 28390
0 1 28394
0 1 28397
0 1 28398
0 1 28399
0 1 28400
0 1 28401
0 1 28403
0 1 28404
0 1 28405
0 1 28408
0 1 28411
0 1 28412
0 1 28421
0 1 28424
0 1 28425
0 1 28426
0 1 28428
0 1 28432
0 1 28434
0 1 28437
0 1 28450
0 1 28452
0 1 28454
0 1 28456
0 1 28460
0 1 28461
0 1 28465
0 1 28466
0 1 28467
0 1 28472
0 1 28479
0 1 28481
0 1 28483
0 1 28484
0 1 28487
0 1 28494
0 1 28497
0 1 28500
0 1 28502
0 1 28506
0 1 28507
0 1 28509
0 1 28510
0 1 28511
0 1 28515
0 1 28516
0 1 28520
0 1 28525
0 1 28528
0 1 28529
0 1 28530
0 1 28532
0 1 28533
0 1 28538
0 1 28540
0 1 28542
0 1 28543
0 1 28546
0 1 28547
0 1 28553
0 1 28555
0 1 28558
0 1 28559
0 1 28561
0 1 28565
0 1 28570
0 1 28571
0 1 28572
0 1 28581
0 1 28583
0 1 28584
0 1 28587
0 1 28590
0 1 28592
0 1 28595
0 1 28598
0 1 28604
0 1 28606
0 1 28608
0 1 28609
0 1 28610
0 1 28613
0 1 28615
0 1 28618
0 1 28619
0 1 28620
0 1 28621
0 1 28623
0 1 28627
0 1 28629
0 1 28631
0 1 28634
0 1 28635
0 1 28640
0 1 28643
0 1 28644
0 1 28649
0 1 28651
0 1 28652
0 1 28653
0 1 28656
0 1 28658
0 1 28660
0 1 28661
0 1 28662
0 1 28665
0 1 28666
0 1 28668
0 1 28670
0 1 28673
0 1 28675
0 1 28677
0 1 28678
0 1 28681
0 1 28682
0 1 28683
0 1 28687
0 1 28690
0 1 28693
0 1 28694
0 1 28695
0 1 28696
0 1 28698
0 1 28702
0 1 28707
0 1 28708
0 1 28710
0 1 28711
0 1 28715
0 1 28719
0 1 28721
0 1 28723
0 1 28724
0 1 28725
0 1 28726
0 1 28728
0 1 28733
0 1 28739
0 1 28740
0 1 28741
0 1 28744
0 1 28747
0 1 28749
0 1 28754
0 1 28756
0 1 28757
0 1 28759
0 1 28760
0 1 28763
0 1 28773
0 1 28784
0 1 28785
0 1 28788
0 1 28792
0 1 28796
0 1 28801
0 1 28802
0 1 28804
0 1 28805
0 1 28806
0 1 28807
0 1 28810
0 1 28811
0 1 28813
0 1 28814
0 1 28817
0 1 28818
0 1 28820
0 1 28823
0 1 28824
0 1 28830
0 1 28833
0 1 28834
0 1 28835
0 1 28839
0 1 28840
0 1 28843
0 1 28846
0 1 28847
0 1 28851
0 1 28852
0 1 28853
0 1 28856
0 1 28858
0 1 28863
0 1 28865
0 1 28867
0 1 28869
0 1 28870
0 1 28878
0 1 28880
0 1 28882
0 1 28884
0 1 28885
0 1 28886
0 1 28892
0 1 28894
0 1 28900
0 1 28903
0 1 28905
0 1 28909
0 1 28910
0 1 28914
0 1 28915
0 1 28917
0 1 28918
0 1 28921
0 1 28922
0 1 28929
0 1 28931
0 1 28932
0 1 28934
0 1 28939
0 1 28940
0 1 28941
0 1 28942
0 1 28944
0 1 28947
0 1 28949
0 1 28956
0 1 28959
0 1 28961
0 1 28962
0 1 28965
0 1 28968
0 1 28970
0 1 28972
0 1 28973
0 1 28974
0 1 28975
0 1 28978
0 1 28980
0 1 28983
0 1 28985
0 1 28987
0 1 28988
0 1 28993
0 1 28994
0 1 28995
0 1 28997
0 1 28999
0 1 29000
0 1 29001
0 1 29003
0 1 29007
0 1 29010
0 1 29013
0 1 29015
0 1 29016
0 1 29017
0 1 29019
0 1 29020
0 1 29026
0 1 29028
0 1 29031
0 1 29036
0 1 29037
0 1 29038
0 1 29040
0 1 29042
0 1 29046
0 1 29049
0 1 29050
0 1 29052
0 1 29053
0 1 29059
0 1 29060
0 1 29065
0 1 29066
0 1 29068
0 1 29069
0 1 29071
0 1 29072
0 1 29080
0 1 29082
0 1 29087
0 1 29096
0 1 29100
0 1 29101
0 1 29102
0 1 29103
0 1 29107
0 1 29113
0 1 29116
0 1 29118
0 1 29119
0 1 29120
0 1 29121
0 1 29123
0 1 29127
0 1 29128
0 1 29129
0 1 29132
0 1 29135
0 1 29136
0 1 29140
0 1 29144
0 1 29145
0 1 29148
0 1 29150
0 1 29151
0 1 29155
0 1 29158
0 1 29159
0 1 29163
0 1 29165
0 1 29166
0 1 29167
0 1 29168
0 1 29169
0 1 29170
0 1 29171
0 1 29172
0 1 29175
0 1 29176
0 1 29178
0 1 29179
0 1 29180
0 1 29182
0 1 29183
0 1 29185
0 1 29189
0 1 29190
0 1 29191
0 1 29192
0 1 29194
0 1 29204
0 1 29208
0 1 29212
0 1 29214
0 1 29215
0 1 29217
0 1 29220
0 1 29223
0 1 29224
0 1 29227
0 1 29229
0 1 29231
0 1 29233
0 1 29234
0 1 29236
0 1 29240
0 1 29242
0 1 29245
0 1 29246
0 1 29249
0 1 29251
0 1 29254
0 1 29255
0 1 29256
0 1 29258
0 1 29259
0 1 29261
0 1 29263
0 1 29264
0 1 29267
0 1 29268
0 1 29269
0 1 29271
0 1 29276
0 1 29278
0 1 29279
0 1 29280
0 1 29289
0 1 29291
0 1 29294
0 1 29296
0 1 29299
0 1 29303
0 1 29304
0 1 29307
0 1 29308
0 1 29314
0 1 29319
0 1 29320
0 1 29321
0 1 29323
0 1 29327
0 1 29330
0 1 29332
0 1 29333
0 1 29334
0 1 29336
0 1 29338
0 1 29340
0 1 29341
0 1 29342
0 1 29344
0 1 29346
0 1 29347
0 1 29354
0 1 29355
0 1 29359
0 1 29362
0 1 29364
0 1 29365
0 1 29366
0 1 29367
0 1 29368
0 1 29373
0 1 29378
0 1 29379
0 1 29381
0 1 29385
0 1 29388
0 1 29390
0 1 29391
0 1 29394
0 1 29396
0 1 29398
0 1 29400
0 1 29405
0 1 29407
0 1 29410
0 1 29411
0 1 29413
0 1 29415
0 1 29416
0 1 29419
0 1 29421
0 1 29425
0 1 29427
0 1 29429
0 1 29430
0 1 29433
0 1 29437
0 1 29439
0 1 29440
0 1 29441
0 1 29442
0 1 29443
0 1 29445
0 1 29446
0 1 29449
0 1 29450
0 1 29455
0 1 29456
0 1 29461
0 1 29462
0 1 29466
0 1 29468
0 1 29471
0 1 29472
0 1 29475
0 1 29477
0 1 29479
0 1 29481
0 1 29483
0 1 29484
0 1 29488
0 1 29495
0 1 29499
0 1 29501
0 1 29503
0 1 29504
0 1 29507
0 1 29509
0 1 29510
0 1 29514
0 1 29515
0 1 29519
0 1 29528
0 1 29530
0 1 29531
0 1 29532
0 1 29535
0 1 29541
0 1 29545
0 1 29546
0 1 29548
0 1 29551
0 1 29552
0 1 29555
0 1 29558
0 1 29561
0 1 29563
0 1 29564
0 1 29565
0 1 29566
0 1 29569
0 1 29572
0 1 29573
0 1 29574
0 1 29575
0 1 29577
0 1 29580
0 1 29582
0 1 29589
0 1 29590
0 1 29593
0 1 29594
0 1 29595
0 1 29601
0 1 29603
0 1 29604
0 1 29606
0 1 29609
0 1 29610
0 1 29612
0 1 29614
0 1 29619
0 1 29626
0 1 29631
0 1 29636
0 1 29638
0 1 29639
0 1 29641
0 1 29643
0 1 29644
0 1 29649
0 1 29650
0 1 29652
0 1 29654
0 1 29655
0 1 29656
0 1 29660
0 1 29663
0 1 29666
0 1 29669
0 1 29671
0 1 29675
0 1 29677
0 1 29679
0 1 29680
0 1 29681
0 1 29685
0 1 29692
0 1 29694
0 1 29698
0 1 29699
0 1 29701
0 1 29702
0 1 29704
0 1 29712
0 1 29714
0 1 29724
0 1 29726
0 1 29727
0 1 29731
0 1 29732
0 1 29738
0 1 29743
0 1 29746
0 1 29748
0 1 29750
0 1 29752
0 1 29753
0 1 29754
0 1 29757
0 1 29761
0 1 29763
0 1 29770
0 1 29771
0 1 29773
0 1 29777
0 1 29780
0 1 29781
0 1 29784
0 1 29785
0 1 29793
0 1 29794
0 1 29798
0 1 29802
0 1 29806
0 1 29807
0 1 29811
0 1 29812
0 1 29814
0 1 29820
0 1 29821
0 1 29823
0 1 29824
0 1 29825
0 1 29832
0 1 29833
0 1 29834
0 1 29835
0 1 29839
0 1 29845
0 1 29846
0 1 29851
0 1 29853
0 1 29854
0 1 29855
0 1 29859
0 1 29865
0 1 29869
0 1 29872
0 1 29874
0 1 29876
0 1 29878
0 1 29880
0 1 29883
0 1 29884
0 1 29887
0 1 29888
0 1 29892
0 1 29894
0 1 29898
0 1 29905
0 1 29913
0 1 29916
0 1 29917
0 1 29918
0 1 29920
0 1 29923
0 1 29925
0 1 29929
0 1 29930
0 1 29933
0 1 29936
0 1 29940
0 1 29942
0 1 29951
0 1 29952
0 1 29953
0 1 29954
0 1 29956
0 1 29957
0 1 29958
0 1 29959
0 1 29960
0 1 29969
0 1 29970
0 1 29971
0 1 29973
0 1 29974
0 1 29975
0 1 29978
0 1 29979
0 1 29980
0 1 29984
0 1 29986
0 1 29987
0 1 29989
0 1 29990
0 1 29993
0 1 29999
0 1 30001
0 1 30002
0 1 30003
0 1 30007
0 1 30009
0 1 30010
0 1 30012
0 1 30013
0 1 30015
0 1 30016
0 1 30021
0 1 30026
0 1 30036
0 1 30037
0 1 30038
0 1 30039
0 1 30042
0 1 30043
0 1 30045
0 1 30047
0 1 30048
0 1 30049
0 1 30058
0 1 30061
0 1 30063
0 1 30066
0 1 30069
0 1 30072
0 1 30074
0 1 30075
0 1 30077
0 1 30081
0 1 30082
0 1 30090
0 1 30093
0 1 30094
0 1 30095
0 1 30099
0 1 30100
0 1 30102
0 1 30103
0 1 30105
0 1 30108
0 1 30113
0 1 30114
0 1 30115
0 1 30117
0 1 30125
0 1 30126
0 1 30128
0 1 30129
0 1 30132
0 1 30133
0 1 30134
0 1 30136
0 1 30137
0 1 30138
0 1 30140
0 1 30142
0 1 30144
0 1 30146
0 1 30147
0 1 30148
0 1 30151
0 1 30154
0 1 30156
0 1 30159
0 1 30160
0 1 30161
0 1 30164
0 1 30168
0 1 30169
0 1 30171
0 1 30172
0 1 30174
0 1 30175
0 1 30179
0 1 30182
0 1 30183
0 1 30187
0 1 30190
0 1 30193
0 1 30195
0 1 30196
0 1 30197
0 1 30198
0 1 30202
0 1 30203
0 1 30204
0 1 30205
0 1 30210
0 1 30213
0 1 30216
0 1 30217
0 1 30221
0 1 30222
0 1 30226
0 1 30228
0 1 30232
0 1 30237
0 1 30239
0 1 30241
0 1 30243
0 1 30244
0 1 30246
0 1 30248
0 1 30250
0 1 30252
0 1 30253
0 1 30255
0 1 30265
0 1 30271
0 1 30272
0 1 30273
0 1 30276
0 1 30280
0 1 30283
0 1 30285
0 1 30290
0 1 30291
0 1 30293
0 1 30294
0 1 30295
0 1 30298
0 1 30300
0 1 30301
0 1 30304
0 1 30305
0 1 30307
0 1 30308
0 1 30309
0 1 30310
0 1 30313
0 1 30318
0 1 30322
0 1 30324
0 1 30326
0 1 30327
0 1 30328
0 1 30332
0 1 30333
0 1 30334
0 1 30337
0 1 30338
0 1 30339
0 1 30340
0 1 30341
0 1 30342
0 1 30343
0 1 30344
0 1 30345
0 1 30350
0 1 30361
0 1 30364
0 1 30367
0 1 30368
0 1 30371
0 1 30372
0 1 30374
0 1 30377
0 1 30380
0 1 30384
0 1 30386
0 1 30389
0 1 30392
0 1 30393
0 1 30396
0 1 30400
0 1 30401
0 1 30409
0 1 30413
0 1 30417
0 1 30418
0 1 30419
0 1 30423
0 1 30425
0 1 30426
0 1 30429
0 1 30432
0 1 30440
0 1 30443
0 1 30446
0 1 30447
0 1 30448
0 1 30450
0 1 30451
0 1 30453
0 1 30455
0 1 30458
0 1 30459
0 1 30462
0 1 30463
0 1 30475
0 1 30479
0 1 30481
0 1 30482
0 1 30483
0 1 30484
0 1 30485
0 1 30489
0 1 30490
0 1 30493
0 1 30495
0 1 30497
0 1 30501
0 1 30503
0 1 30507
0 1 30508
0 1 30510
0 1 30511
0 1 30512
0 1 30521
0 1 30528
0 1 30529
0 1 30532
0 1 30533
0 1 30534
0 1 30535
0 1 30538
0 1 30539
0 1 30542
0 1 30543
0 1 30547
0 1 30549
0 1 30559
0 1 30561
0 1 30564
0 1 30569
0 1 30570
0 1 30575
0 1 30576
0 1 30579
0 1 30583
0 1 30587
0 1 30588
0 1 30589
0 1 30592
0 1 30593
0 1 30594
0 1 30596
0 1 30597
0 1 30600
0 1 30604
0 1 30605
0 1 30606
0 1 30607
0 1 30608
0 1 30609
0 1 30612
0 1 30613
0 1 30616
0 1 30620
0 1 30621
0 1 30622
0 1 30624
0 1 30625
0 1 30626
0 1 30628
0 1 30634
0 1 30637
0 1 30641
0 1 30646
0 1 30648
0 1 30654
0 1 30658
0 1 30661
0 1 30662
0 1 30664
0 1 30668
0 1 30669
0 1 30672
0 1 30677
0 1 30678
0 1 30680
0 1 30681
0 1 30685
0 1 30687
0 1 30688
0 1 30689
0 1 30691
0 1 30692
0 1 30693
0 1 30694
0 1 30696
0 1 30697
0 1 30698
0 1 30700
0 1 30701
0 1 30702
0 1 30703
0 1 30704
0 1 30705
0 1 30708
0 1 30709
0 1 30710
0 1 30713
0 1 30715
0 1 30716
0 1 30717
0 1 30718
0 1 30720
0 1 30724
0 1 30726
0 1 30728
0 1 30729
0 1 30730
0 1 30733
0 1 30736
0 1 30739
0 1 30741
0 1 30748
0 1 30752
0 1 30753
0 1 30756
0 1 30758
0 1 30759
0 1 30762
0 1 30763
0 1 30764
0 1 30765
0 1 30766
0 1 30769
0 1 30771
0 1 30776
0 1 30779
0 1 30780
0 1 30781
0 1 30782
0 1 30790
0 1 30792
0 1 30794
0 1 30797
0 1 30800
0 1 30803
0 1 30805
0 1 30806
0 1 30807
0 1 30811
0 1 30812
0 1 30813
0 1 30815
0 1 30816
0 1 30817
0 1 30820
0 1 30822
0 1 30826
0 1 30827
0 1 30829
0 1 30830
0 1 30832
0 1 30835
0 1 30836
0 1 30841
0 1 30842
0 1 30843
0 1 30844
0 1 30848
0 1 30849
0 1 30851
0 1 30856
0 1 30857
0 1 30858
0 1 30859
0 1 30863
0 1 30866
0 1 30867
0 1 30869
0 1 30873
0 1 30878
0 1 30883
0 1 30884
0 1 30887
0 1 30895
0 1 30903
0 1 30906
0 1 30907
0 1 30908
0 1 30909
0 1 30919
0 1 30923
0 1 30925
0 1 30926
0 1 30930
0 1 30931
0 1 30932
0 1 30939
0 1 30940
0 1 30941
0 1 30942
0 1 30943
0 1 30944
0 1 30945
0 1 30948
0 1 30954
0 1 30955
0 1 30956
0 1 30963
0 1 30966
0 1 30969
0 1 30971
0 1 30972
0 1 30974
0 1 30976
0 1 30981
0 1 30982
0 1 30986
0 1 30991
0 1 30993
0 1 30994
0 1 30997
0 1 31001
0 1 31003
0 1 31005
0 1 31006
0 1 31007
0 1 31010
0 1 31012
0 1 31018
0 1 31020
0 1 31022
0 1 31031
0 1 31035
0 1 31036
0 1 31040
0 1 31047
0 1 31053
0 1 31054
0 1 31056
0 1 31060
0 1 31061
0 1 31062
0 1 31065
0 1 31067
0 1 31069
0 1 31071
0 1 31073
0 1 31076
0 1 31079
0 1 31082
0 1 31086
0 1 31087
0 1 31088
0 1 31089
0 1 31092
0 1 31094
0 1 31099
0 1 31105
0 1 31106
0 1 31107
0 1 31114
0 1 31117
0 1 31122
0 1 31123
0 1 31124
0 1 31127
0 1 31128
0 1 31130
0 1 31144
0 1 31148
0 1 31154
0 1 31157
0 1 31161
0 1 31164
0 1 31165
0 1 31175
0 1 31180
0 1 31184
0 1 31188
0 1 31191
0 1 31192
0 1 31193
0 1 31197
0 1 31198
0 1 31199
0 1 31200
0 1 31203
0 1 31205
0 1 31207
0 1 31211
0 1 31212
0 1 31213
0 1 31215
0 1 31216
0 1 31218
0 1 31219
0 1 31220
0 1 31221
0 1 31222
0 1 31225
0 1 31227
0 1 31228
0 1 31233
0 1 31234
0 1 31235
0 1 31237
0 1 31242
0 1 31243
0 1 31245
0 1 31246
0 1 31248
0 1 31252
0 1 31254
0 1 31258
0 1 31262
0 1 31263
0 1 31265
0 1 31268
0 1 31270
0 1 31274
0 1 31275
0 1 31280
0 1 31281
0 1 31285
0 1 31286
0 1 31288
0 1 31289
0 1 31290
0 1 31292
0 1 31300
0 1 31301
0 1 31302
0 1 31305
0 1 31307
0 1 31313
0 1 31315
0 1 31318
0 1 31319
0 1 31321
0 1 31322
0 1 31324
0 1 31328
0 1 31333
0 1 31336
0 1 31337
0 1 31343
0 1 31346
0 1 31347
0 1 31348
0 1 31349
0 1 31353
0 1 31355
0 1 31356
0 1 31357
0 1 31359
0 1 31360
0 1 31366
0 1 31367
0 1 31368
0 1 31369
0 1 31371
0 1 31377
0 1 31389
0 1 31393
0 1 31397
0 1 31403
0 1 31416
0 1 31418
0 1 31420
0 1 31421
0 1 31423
0 1 31427
0 1 31429
0 1 31437
0 1 31439
0 1 31443
0 1 31444
0 1 31447
0 1 31449
0 1 31450
0 1 31454
0 1 31455
0 1 31459
0 1 31461
0 1 31462
0 1 31464
0 1 31466
0 1 31468
0 1 31469
0 1 31470
0 1 31471
0 1 31472
0 1 31473
0 1 31481
0 1 31483
0 1 31485
0 1 31487
0 1 31494
0 1 31495
0 1 31496
0 1 31502
0 1 31513
0 1 31516
0 1 31518
0 1 31523
0 1 31525
0 1 31528
0 1 31530
0 1 31531
0 1 31532
0 1 31534
0 1 31540
0 1 31541
0 1 31542
0 1 31547
0 1 31548
0 1 31550
0 1 31551
0 1 31554
0 1 31557
0 1 31558
0 1 31559
0 1 31560
0 1 31562
0 1 31563
0 1 31565
0 1 31566
0 1 31568
0 1 31570
0 1 31571
0 1 31572
0 1 31573
0 1 31575
0 1 31576
0 1 31577
0 1 31579
0 1 31581
0 1 31582
0 1 31584
0 1 31588
0 1 31590
0 1 31595
0 1 31596
0 1 31597
0 1 31600
0 1 31601
0 1 31604
0 1 31605
0 1 31606
0 1 31607
0 1 31609
0 1 31611
0 1 31615
0 1 31618
0 1 31619
0 1 31620
0 1 31621
0 1 31622
0 1 31623
0 1 31626
0 1 31627
0 1 31630
0 1 31631
0 1 31633
0 1 31634
0 1 31635
0 1 31637
0 1 31638
0 1 31647
0 1 31649
0 1 31651
0 1 31652
0 1 31654
0 1 31657
0 1 31664
0 1 31666
0 1 31679
0 1 31682
0 1 31683
0 1 31685
0 1 31686
0 1 31688
0 1 31695
0 1 31696
0 1 31697
0 1 31698
0 1 31699
0 1 31701
0 1 31704
0 1 31705
0 1 31706
0 1 31708
0 1 31709
0 1 31712
0 1 31713
0 1 31715
0 1 31720
0 1 31721
0 1 31723
0 1 31724
0 1 31727
0 1 31729
0 1 31734
0 1 31735
0 1 31739
0 1 31740
0 1 31742
0 1 31743
0 1 31744
0 1 31745
0 1 31746
0 1 31748
0 1 31749
0 1 31750
0 1 31751
0 1 31756
0 1 31759
0 1 31765
0 1 31769
0 1 31770
0 1 31771
0 1 31780
0 1 31782
0 1 31785
0 1 31792
0 1 31799
0 1 31802
0 1 31809
0 1 31811
0 1 31819
0 1 31821
0 1 31824
0 1 31825
0 1 31828
0 1 31838
0 1 31841
0 1 31842
0 1 31843
0 1 31844
0 1 31845
0 1 31847
0 1 31849
0 1 31851
0 1 31854
0 1 31858
0 1 31860
0 1 31861
0 1 31862
0 1 31864
0 1 31865
0 1 31870
0 1 31871
0 1 31872
0 1 31876
0 1 31882
0 1 31886
0 1 31887
0 1 31888
0 1 31890
0 1 31892
0 1 31893
0 1 31894
0 1 31895
0 1 31897
0 1 31898
0 1 31899
0 1 31900
0 1 31902
0 1 31903
0 1 31906
0 1 31907
0 1 31909
0 1 31911
0 1 31914
0 1 31915
0 1 31918
0 1 31923
0 1 31925
0 1 31926
0 1 31930
0 1 31931
0 1 31935
0 1 31937
0 1 31938
0 1 31945
0 1 31947
0 1 31948
0 1 31950
0 1 31953
0 1 31954
0 1 31958
0 1 31961
0 1 31963
0 1 31964
0 1 31965
0 1 31966
0 1 31973
0 1 31977
0 1 31980
0 1 31981
0 1 31982
0 1 31983
0 1 31984
0 1 31985
0 1 31989
0 1 31993
0 1 31994
0 1 31996
0 1 31997
0 1 31999
0 1 32002
0 1 32008
0 1 32012
0 1 32014
0 1 32015
0 1 32020
0 1 32022
0 1 32026
0 1 32027
0 1 32032
0 1 32034
0 1 32036
0 1 32038
0 1 32039
0 1 32040
0 1 32042
0 1 32043
0 1 32044
0 1 32045
0 1 32047
0 1 32052
0 1 32054
0 1 32055
0 1 32058
0 1 32061
0 1 32064
0 1 32066
0 1 32067
0 1 32068
0 1 32069
0 1 32070
0 1 32071
0 1 32075
0 1 32076
0 1 32078
0 1 32079
0 1 32080
0 1 32083
0 1 32086
0 1 32087
0 1 32088
0 1 32089
0 1 32091
0 1 32094
0 1 32100
0 1 32102
0 1 32105
0 1 32108
0 1 32109
0 1 32112
0 1 32113
0 1 32114
0 1 32115
0 1 32116
0 1 32117
0 1 32118
0 1 32123
0 1 32131
0 1 32132
0 1 32135
0 1 32136
0 1 32137
0 1 32140
0 1 32142
0 1 32148
0 1 32151
0 1 32154
0 1 32162
0 1 32167
0 1 32168
0 1 32175
0 1 32176
0 1 32180
0 1 32181
0 1 32187
0 1 32190
0 1 32191
0 1 32193
0 1 32195
0 1 32198
0 1 32199
0 1 32200
0 1 32206
0 1 32207
0 1 32208
0 1 32209
0 1 32210
0 1 32214
0 1 32215
0 1 32220
0 1 32221
0 1 32223
0 1 32227
0 1 32228
0 1 32232
0 1 32233
0 1 32235
0 1 32240
0 1 32242
0 1 32245
0 1 32248
0 1 32249
0 1 32250
0 1 32251
0 1 32253
0 1 32257
0 1 32260
0 1 32263
0 1 32265
0 1 32268
0 1 32270
0 1 32273
0 1 32274
0 1 32276
0 1 32279
0 1 32286
0 1 32293
0 1 32294
0 1 32295
0 1 32296
0 1 32301
0 1 32303
0 1 32305
0 1 32306
0 1 32307
0 1 32308
0 1 32310
0 1 32311
0 1 32317
0 1 32318
0 1 32319
0 1 32320
0 1 32322
0 1 32324
0 1 32325
0 1 32327
0 1 32328
0 1 32329
0 1 32330
0 1 32334
0 1 32339
0 1 32341
0 1 32343
0 1 32346
0 1 32350
0 1 32354
0 1 32358
0 1 32360
0 1 32361
0 1 32367
0 1 32370
0 1 32372
0 1 32373
0 1 32374
0 1 32376
0 1 32377
0 1 32378
0 1 32384
0 1 32385
0 1 32388
0 1 32389
0 1 32391
0 1 32393
0 1 32398
0 1 32399
0 1 32400
0 1 32401
0 1 32403
0 1 32404
0 1 32406
0 1 32407
0 1 32408
0 1 32409
0 1 32412
0 1 32414
0 1 32416
0 1 32418
0 1 32420
0 1 32423
0 1 32424
0 1 32426
0 1 32429
0 1 32430
0 1 32431
0 1 32434
0 1 32435
0 1 32436
0 1 32437
0 1 32439
0 1 32441
0 1 32442
0 1 32443
0 1 32444
0 1 32445
0 1 32447
0 1 32448
0 1 32452
0 1 32456
0 1 32457
0 1 32461
0 1 32463
0 1 32466
0 1 32468
0 1 32470
0 1 32472
0 1 32475
0 1 32476
0 1 32479
0 1 32487
0 1 32490
0 1 32491
0 1 32493
0 1 32502
0 1 32507
0 1 32508
0 1 32510
0 1 32515
0 1 32518
0 1 32519
0 1 32521
0 1 32527
0 1 32529
0 1 32530
0 1 32531
0 1 32534
0 1 32535
0 1 32545
0 1 32547
0 1 32548
0 1 32553
0 1 32555
0 1 32556
0 1 32558
0 1 32560
0 1 32561
0 1 32562
0 1 32563
0 1 32565
0 1 32568
0 1 32571
0 1 32572
0 1 32573
0 1 32574
0 1 32575
0 1 32576
0 1 32578
0 1 32580
0 1 32586
0 1 32592
0 1 32593
0 1 32594
0 1 32595
0 1 32598
0 1 32601
0 1 32603
0 1 32610
0 1 32611
0 1 32613
0 1 32615
0 1 32616
0 1 32617
0 1 32623
0 1 32625
0 1 32626
0 1 32630
0 1 32632
0 1 32636
0 1 32638
0 1 32639
0 1 32640
0 1 32642
0 1 32643
0 1 32645
0 1 32646
0 1 32647
0 1 32649
0 1 32650
0 1 32652
0 1 32653
0 1 32654
0 1 32655
0 1 32656
0 1 32657
0 1 32658
0 1 32660
0 1 32661
0 1 32662
0 1 32667
0 1 32669
0 1 32672
0 1 32674
0 1 32677
0 1 32679
0 1 32680
0 1 32681
0 1 32688
0 1 32689
0 1 32690
0 1 32698
0 1 32699
0 1 32701
0 1 32702
0 1 32703
0 1 32707
0 1 32709
0 1 32711
0 1 32714
0 1 32717
0 1 32718
0 1 32719
0 1 32726
0 1 32727
0 1 32728
0 1 32729
0 1 32732
0 1 32733
0 1 32734
0 1 32736
0 1 32737
0 1 32740
0 1 32746
0 1 32750
0 1 32753
0 1 32755
0 1 32756
0 1 32757
0 1 32758
0 1 32761
0 1 32762
0 1 32763
0 1 32765
0 1 32766
0 1 32770
0 1 32772
0 1 32778
0 1 32779
0 1 32781
0 1 32786
0 1 32791
0 1 32792
0 1 32796
0 1 32797
0 1 32801
0 1 32802
0 1 32803
0 1 32811
0 1 32812
0 1 32813
0 1 32814
0 1 32826
0 1 32827
0 1 32829
0 1 32833
0 1 32837
0 1 32838
0 1 32840
0 1 32844
0 1 32849
0 1 32853
0 1 32854
0 1 32855
0 1 32857
0 1 32860
0 1 32862
0 1 32863
0 1 32868
0 1 32870
0 1 32877
0 1 32879
0 1 32880
0 1 32881
0 1 32884
0 1 32887
0 1 32888
0 1 32889
0 1 32891
0 1 32893
0 1 32897
0 1 32900
0 1 32906
0 1 32908
0 1 32911
0 1 32914
0 1 32916
0 1 32921
0 1 32923
0 1 32927
0 1 32928
0 1 32929
0 1 32930
0 1 32931
0 1 32935
0 1 32936
0 1 32937
0 1 32938
0 1 32941
0 1 32946
0 1 32949
0 1 32950
0 1 32951
0 1 32952
0 1 32953
0 1 32956
0 1 32957
0 1 32961
0 1 32963
0 1 32969
0 1 32970
0 1 32974
0 1 32975
0 1 32976
0 1 32977
0 1 32978
0 1 32979
0 1 32985
0 1 32988
0 1 32989
0 1 32992
0 1 32993
0 1 32995
0 1 32997
0 1 32999
0 1 33001
0 1 33002
0 1 33003
0 1 33008
0 1 33010
0 1 33022
0 1 33024
0 1 33027
0 1 33028
0 1 33031
0 1 33035
0 1 33040
0 1 33041
0 1 33043
0 1 33049
0 1 33050
0 1 33052
0 1 33054
0 1 33055
0 1 33059
0 1 33060
0 1 33062
0 1 33063
0 1 33070
0 1 33074
0 1 33082
0 1 33088
0 1 33091
0 1 33096
0 1 33097
0 1 33098
0 1 33100
0 1 33103
0 1 33105
0 1 33107
0 1 33109
0 1 33111
0 1 33116
0 1 33121
0 1 33126
0 1 33127
0 1 33128
0 1 33131
0 1 33133
0 1 33135
0 1 33139
0 1 33140
0 1 33142
0 1 33145
0 1 33146
0 1 33149
0 1 33150
0 1 33151
0 1 33152
0 1 33155
0 1 33158
0 1 33162
0 1 33164
0 1 33165
0 1 33172
0 1 33177
0 1 33179
0 1 33180
0 1 33184
0 1 33188
0 1 33190
0 1 33191
0 1 33192
0 1 33195
0 1 33199
0 1 33202
0 1 33207
0 1 33213
0 1 33214
0 1 33216
0 1 33218
0 1 33222
0 1 33223
0 1 33227
0 1 33230
0 1 33241
0 1 33249
0 1 33250
0 1 33251
0 1 33252
0 1 33253
0 1 33254
0 1 33256
0 1 33257
0 1 33259
0 1 33260
0 1 33262
0 1 33264
0 1 33267
0 1 33268
0 1 33269
0 1 33270
0 1 33271
0 1 33273
0 1 33274
0 1 33280
0 1 33284
0 1 33285
0 1 33286
0 1 33292
0 1 33293
0 1 33295
0 1 33297
0 1 33298
0 1 33309
0 1 33312
0 1 33314
0 1 33316
0 1 33317
0 1 33318
0 1 33321
0 1 33325
0 1 33327
0 1 33330
0 1 33335
0 1 33339
0 1 33340
0 1 33341
0 1 33346
0 1 33351
0 1 33353
0 1 33354
0 1 33356
0 1 33361
0 1 33364
0 1 33369
0 1 33371
0 1 33372
0 1 33374
0 1 33377
0 1 33380
0 1 33383
0 1 33384
0 1 33387
0 1 33395
0 1 33399
0 1 33403
0 1 33404
0 1 33408
0 1 33412
0 1 33414
0 1 33416
0 1 33419
0 1 33423
0 1 33426
0 1 33438
0 1 33439
0 1 33440
0 1 33442
0 1 33443
0 1 33445
0 1 33447
0 1 33448
0 1 33449
0 1 33450
0 1 33451
0 1 33454
0 1 33455
0 1 33456
0 1 33457
0 1 33459
0 1 33463
0 1 33464
0 1 33468
0 1 33469
0 1 33470
0 1 33471
0 1 33474
0 1 33475
0 1 33476
0 1 33478
0 1 33480
0 1 33481
0 1 33482
0 1 33483
0 1 33488
0 1 33490
0 1 33491
0 1 33493
0 1 33494
0 1 33498
0 1 33501
0 1 33505
0 1 33507
0 1 33513
0 1 33514
0 1 33516
0 1 33520
0 1 33522
0 1 33526
0 1 33527
0 1 33528
0 1 33529
0 1 33530
0 1 33533
0 1 33535
0 1 33537
0 1 33538
0 1 33539
0 1 33541
0 1 33545
0 1 33559
0 1 33560
0 1 33561
0 1 33564
0 1 33565
0 1 33568
0 1 33570
0 1 33571
0 1 33573
0 1 33574
0 1 33576
0 1 33577
0 1 33579
0 1 33583
0 1 33587
0 1 33588
0 1 33589
0 1 33594
0 1 33596
0 1 33600
0 1 33601
0 1 33602
0 1 33605
0 1 33607
0 1 33608
0 1 33609
0 1 33610
0 1 33611
0 1 33613
0 1 33614
0 1 33616
0 1 33617
0 1 33619
0 1 33620
0 1 33624
0 1 33627
0 1 33628
0 1 33635
0 1 33636
0 1 33639
0 1 33640
0 1 33642
0 1 33644
0 1 33645
0 1 33646
0 1 33648
0 1 33652
0 1 33660
0 1 33664
0 1 33665
0 1 33670
0 1 33672
0 1 33678
0 1 33679
0 1 33680
0 1 33682
0 1 33683
0 1 33686
0 1 33688
0 1 33690
0 1 33691
0 1 33692
0 1 33693
0 1 33699
0 1 33700
0 1 33701
0 1 33705
0 1 33708
0 1 33713
0 1 33715
0 1 33716
0 1 33718
0 1 33720
0 1 33722
0 1 33724
0 1 33730
0 1 33731
0 1 33733
0 1 33740
0 1 33744
0 1 33747
0 1 33749
0 1 33751
0 1 33752
0 1 33754
0 1 33761
0 1 33764
0 1 33765
0 1 33766
0 1 33770
0 1 33772
0 1 33776
0 1 33782
0 1 33783
0 1 33787
0 1 33790
0 1 33792
0 1 33794
0 1 33797
0 1 33798
0 1 33799
0 1 33803
0 1 33805
0 1 33810
0 1 33813
0 1 33815
0 1 33817
0 1 33820
0 1 33832
0 1 33835
0 1 33839
0 1 33842
0 1 33843
0 1 33844
0 1 33851
0 1 33852
0 1 33855
0 1 33857
0 1 33859
0 1 33861
0 1 33862
0 1 33868
0 1 33869
0 1 33870
0 1 33871
0 1 33872
0 1 33876
0 1 33878
0 1 33879
0 1 33884
0 1 33885
0 1 33887
0 1 33888
0 1 33889
0 1 33891
0 1 33892
0 1 33893
0 1 33896
0 1 33897
0 1 33898
0 1 33903
0 1 33904
0 1 33906
0 1 33910
0 1 33911
0 1 33915
0 1 33920
0 1 33934
0 1 33935
0 1 33936
0 1 33940
0 1 33942
0 1 33945
0 1 33947
0 1 33951
0 1 33952
0 1 33953
0 1 33955
0 1 33957
0 1 33958
0 1 33960
0 1 33963
0 1 33965
0 1 33966
0 1 33967
0 1 33968
0 1 33969
0 1 33971
0 1 33972
0 1 33975
0 1 33978
0 1 33982
0 1 33983
0 1 33984
0 1 33986
0 1 33987
0 1 33989
0 1 33990
0 1 33992
0 1 33999
0 1 34002
0 1 34005
0 1 34010
0 1 34011
0 1 34015
0 1 34024
0 1 34027
0 1 34029
0 1 34030
0 1 34031
0 1 34032
0 1 34035
0 1 34037
0 1 34038
0 1 34039
0 1 34041
0 1 34044
0 1 34054
0 1 34055
0 1 34056
0 1 34057
0 1 34058
0 1 34061
0 1 34063
0 1 34067
0 1 34069
0 1 34073
0 1 34075
0 1 34080
0 1 34087
0 1 34095
0 1 34096
0 1 34100
0 1 34101
0 1 34104
0 1 34107
0 1 34116
0 1 34118
0 1 34121
0 1 34123
0 1 34124
0 1 34125
0 1 34128
0 1 34130
0 1 34131
0 1 34133
0 1 34134
0 1 34135
0 1 34136
0 1 34146
0 1 34147
0 1 34150
0 1 34153
0 1 34154
0 1 34160
0 1 34161
0 1 34166
0 1 34168
0 1 34170
0 1 34171
0 1 34182
0 1 34185
0 1 34193
0 1 34195
0 1 34205
0 1 34209
0 1 34211
0 1 34213
0 1 34215
0 1 34217
0 1 34220
0 1 34224
0 1 34225
0 1 34227
0 1 34230
0 1 34231
0 1 34232
0 1 34234
0 1 34235
0 1 34236
0 1 34239
0 1 34241
0 1 34243
0 1 34244
0 1 34247
0 1 34248
0 1 34249
0 1 34251
0 1 34253
0 1 34254
0 1 34255
0 1 34257
0 1 34259
0 1 34263
0 1 34264
0 1 34265
0 1 34271
0 1 34272
0 1 34275
0 1 34276
0 1 34278
0 1 34279
0 1 34280
0 1 34283
0 1 34284
0 1 34286
0 1 34289
0 1 34293
0 1 34296
0 1 34298
0 1 34301
0 1 34302
0 1 34308
0 1 34309
0 1 34314
0 1 34317
0 1 34318
0 1 34320
0 1 34323
0 1 34327
0 1 34332
0 1 34338
0 1 34344
0 1 34347
0 1 34348
0 1 34350
0 1 34354
0 1 34355
0 1 34356
0 1 34357
0 1 34367
0 1 34370
0 1 34372
0 1 34374
0 1 34375
0 1 34379
0 1 34387
0 1 34390
0 1 34393
0 1 34398
0 1 34401
0 1 34403
0 1 34406
0 1 34407
0 1 34410
0 1 34412
0 1 34416
0 1 34417
0 1 34418
0 1 34421
0 1 34425
0 1 34427
0 1 34428
0 1 34430
0 1 34431
0 1 34432
0 1 34435
0 1 34438
0 1 34439
0 1 34441
0 1 34443
0 1 34444
0 1 34446
0 1 34450
0 1 34451
0 1 34453
0 1 34457
0 1 34460
0 1 34462
0 1 34465
0 1 34467
0 1 34469
0 1 34470
0 1 34471
0 1 34472
0 1 34475
0 1 34476
0 1 34477
0 1 34478
0 1 34483
0 1 34484
0 1 34485
0 1 34486
0 1 34487
0 1 34488
0 1 34495
0 1 34498
0 1 34502
0 1 34503
0 1 34504
0 1 34512
0 1 34515
0 1 34522
0 1 34525
0 1 34531
0 1 34533
0 1 34534
0 1 34536
0 1 34543
0 1 34546
0 1 34548
0 1 34551
0 1 34552
0 1 34555
0 1 34563
0 1 34565
0 1 34566
0 1 34568
0 1 34572
0 1 34575
0 1 34578
0 1 34579
0 1 34580
0 1 34581
0 1 34589
0 1 34590
0 1 34591
0 1 34592
0 1 34596
0 1 34597
0 1 34600
0 1 34601
0 1 34606
0 1 34607
0 1 34608
0 1 34613
0 1 34614
0 1 34617
0 1 34618
0 1 34620
0 1 34630
0 1 34631
0 1 34635
0 1 34638
0 1 34639
0 1 34640
0 1 34642
0 1 34647
0 1 34650
0 1 34651
0 1 34652
0 1 34653
0 1 34654
0 1 34655
0 1 34656
0 1 34658
0 1 34662
0 1 34667
0 1 34668
0 1 34669
0 1 34676
0 1 34683
0 1 34684
0 1 34685
0 1 34687
0 1 34693
0 1 34694
0 1 34696
0 1 34698
0 1 34699
0 1 34703
0 1 34704
0 1 34706
0 1 34708
0 1 34709
0 1 34712
0 1 34713
0 1 34714
0 1 34716
0 1 34718
0 1 34720
0 1 34721
0 1 34724
0 1 34728
0 1 34729
0 1 34733
0 1 34734
0 1 34736
0 1 34745
0 1 34747
0 1 34749
0 1 34752
0 1 34754
0 1 34759
0 1 34763
0 1 34764
0 1 34766
0 1 34767
0 1 34769
0 1 34770
0 1 34775
0 1 34779
0 1 34780
0 1 34781
0 1 34782
0 1 34786
0 1 34789
0 1 34795
0 1 34798
0 1 34801
0 1 34803
0 1 34806
0 1 34808
0 1 34809
0 1 34811
0 1 34814
0 1 34815
0 1 34818
0 1 34820
0 1 34822
0 1 34825
0 1 34826
0 1 34829
0 1 34830
0 1 34832
0 1 34834
0 1 34836
0 1 34837
0 1 34838
0 1 34841
0 1 34844
0 1 34848
0 1 34849
0 1 34850
0 1 34852
0 1 34853
0 1 34854
0 1 34856
0 1 34859
0 1 34860
0 1 34861
0 1 34872
0 1 34873
0 1 34874
0 1 34875
0 1 34877
0 1 34878
0 1 34879
0 1 34881
0 1 34885
0 1 34886
0 1 34887
0 1 34893
0 1 34894
0 1 34897
0 1 34899
0 1 34900
0 1 34903
0 1 34908
0 1 34909
0 1 34910
0 1 34912
0 1 34915
0 1 34917
0 1 34920
0 1 34926
0 1 34927
0 1 34928
0 1 34930
0 1 34936
0 1 34939
0 1 34940
0 1 34947
0 1 34948
0 1 34952
0 1 34955
0 1 34959
0 1 34960
0 1 34962
0 1 34965
0 1 34966
0 1 34968
0 1 34970
0 1 34972
0 1 34982
0 1 34984
0 1 34985
0 1 34987
0 1 34990
0 1 34993
0 1 34995
0 1 34996
0 1 34998
0 1 34999
0 1 35000
0 1 35001
0 1 35005
0 1 35006
0 1 35008
0 1 35010
0 1 35014
0 1 35019
0 1 35025
0 1 35030
0 1 35031
0 1 35032
0 1 35038
0 1 35045
0 1 35048
0 1 35049
0 1 35052
0 1 35057
0 1 35060
0 1 35062
0 1 35063
0 1 35067
0 1 35071
0 1 35072
0 1 35074
0 1 35083
0 1 35084
0 1 35085
0 1 35088
0 1 35089
0 1 35091
0 1 35092
0 1 35095
0 1 35097
0 1 35100
0 1 35105
0 1 35108
0 1 35109
0 1 35111
0 1 35113
0 1 35115
0 1 35116
0 1 35120
0 1 35121
0 1 35122
0 1 35123
0 1 35127
0 1 35129
0 1 35131
0 1 35132
0 1 35135
0 1 35136
0 1 35139
0 1 35144
0 1 35146
0 1 35147
0 1 35148
0 1 35151
0 1 35153
0 1 35154
0 1 35157
0 1 35158
0 1 35159
0 1 35161
0 1 35165
0 1 35171
0 1 35172
0 1 35179
0 1 35180
0 1 35183
0 1 35184
0 1 35191
0 1 35194
0 1 35195
0 1 35200
0 1 35201
0 1 35202
0 1 35203
0 1 35204
0 1 35205
0 1 35212
0 1 35213
0 1 35214
0 1 35215
0 1 35216
0 1 35217
0 1 35221
0 1 35226
0 1 35229
0 1 35230
0 1 35244
0 1 35245
0 1 35247
0 1 35248
0 1 35249
0 1 35254
0 1 35257
0 1 35259
0 1 35260
0 1 35261
0 1 35262
0 1 35263
0 1 35267
0 1 35270
0 1 35273
0 1 35274
0 1 35275
0 1 35276
0 1 35277
0 1 35282
0 1 35285
0 1 35286
0 1 35290
0 1 35295
0 1 35296
0 1 35299
0 1 35300
0 1 35301
0 1 35305
0 1 35309
0 1 35311
0 1 35312
0 1 35314
0 1 35317
0 1 35320
0 1 35321
0 1 35322
0 1 35326
0 1 35331
0 1 35334
0 1 35335
0 1 35336
0 1 35338
0 1 35339
0 1 35340
0 1 35341
0 1 35346
0 1 35350
0 1 35352
0 1 35353
0 1 35355
0 1 35358
0 1 35376
0 1 35377
0 1 35379
0 1 35381
0 1 35384
0 1 35390
0 1 35391
0 1 35392
0 1 35394
0 1 35399
0 1 35406
0 1 35409
0 1 35411
0 1 35413
0 1 35419
0 1 35424
0 1 35426
0 1 35427
0 1 35430
0 1 35436
0 1 35438
0 1 35439
0 1 35444
0 1 35448
0 1 35449
0 1 35451
0 1 35457
0 1 35458
0 1 35459
0 1 35460
0 1 35464
0 1 35466
0 1 35469
0 1 35470
0 1 35472
0 1 35478
0 1 35479
0 1 35481
0 1 35484
0 1 35486
0 1 35488
0 1 35490
0 1 35491
0 1 35493
0 1 35494
0 1 35495
0 1 35496
0 1 35502
0 1 35503
0 1 35504
0 1 35505
0 1 35506
0 1 35516
0 1 35518
0 1 35519
0 1 35522
0 1 35524
0 1 35527
0 1 35529
0 1 35531
0 1 35532
0 1 35534
0 1 35536
0 1 35543
0 1 35544
0 1 35547
0 1 35548
0 1 35549
0 1 35550
0 1 35551
0 1 35552
0 1 35554
0 1 35557
0 1 35558
0 1 35560
0 1 35561
0 1 35563
0 1 35571
0 1 35572
0 1 35577
0 1 35578
0 1 35580
0 1 35581
0 1 35582
0 1 35583
0 1 35585
0 1 35587
0 1 35593
0 1 35598
0 1 35599
0 1 35603
0 1 35608
0 1 35609
0 1 35611
0 1 35612
0 1 35613
0 1 35614
0 1 35617
0 1 35622
0 1 35623
0 1 35625
0 1 35631
0 1 35634
0 1 35635
0 1 35636
0 1 35637
0 1 35644
0 1 35649
0 1 35650
0 1 35651
0 1 35654
0 1 35657
0 1 35662
0 1 35665
0 1 35666
0 1 35676
0 1 35678
0 1 35682
0 1 35684
0 1 35685
0 1 35687
0 1 35688
0 1 35691
0 1 35692
0 1 35694
0 1 35695
0 1 35702
0 1 35703
0 1 35709
0 1 35713
0 1 35714
0 1 35717
0 1 35718
0 1 35719
0 1 35721
0 1 35723
0 1 35724
0 1 35727
0 1 35729
0 1 35736
0 1 35738
0 1 35739
0 1 35740
0 1 35741
0 1 35746
0 1 35747
0 1 35749
0 1 35751
0 1 35753
0 1 35754
0 1 35757
0 1 35758
0 1 35760
0 1 35761
0 1 35766
0 1 35772
0 1 35776
0 1 35777
0 1 35779
0 1 35780
0 1 35782
0 1 35790
0 1 35795
0 1 35797
0 1 35798
0 1 35800
0 1 35801
0 1 35802
0 1 35803
0 1 35804
0 1 35812
0 1 35813
0 1 35814
0 1 35816
0 1 35817
0 1 35818
0 1 35819
0 1 35824
0 1 35825
0 1 35826
0 1 35827
0 1 35832
0 1 35834
0 1 35836
0 1 35838
0 1 35843
0 1 35846
0 1 35848
0 1 35850
0 1 35856
0 1 35864
0 1 35869
0 1 35870
0 1 35874
0 1 35876
0 1 35877
0 1 35881
0 1 35882
0 1 35886
0 1 35887
0 1 35888
0 1 35895
0 1 35898
0 1 35899
0 1 35908
0 1 35909
0 1 35910
0 1 35911
0 1 35913
0 1 35917
0 1 35918
0 1 35919
0 1 35922
0 1 35933
0 1 35934
0 1 35936
0 1 35937
0 1 35943
0 1 35945
0 1 35948
0 1 35951
0 1 35956
0 1 35961
0 1 35962
0 1 35963
0 1 35967
0 1 35973
0 1 35975
0 1 35977
0 1 35978
0 1 35980
0 1 35981
0 1 35982
0 1 35985
0 1 35986
0 1 35989
0 1 35992
0 1 35995
0 1 35996
0 1 35997
0 1 36003
0 1 36008
0 1 36011
0 1 36014
0 1 36016
0 1 36018
0 1 36024
0 1 36026
0 1 36027
0 1 36028
0 1 36038
0 1 36043
0 1 36044
0 1 36048
0 1 36052
0 1 36053
0 1 36064
0 1 36066
0 1 36068
0 1 36071
0 1 36073
0 1 36074
0 1 36076
0 1 36083
0 1 36085
0 1 36089
0 1 36093
0 1 36096
0 1 36098
0 1 36099
0 1 36108
0 1 36109
0 1 36112
0 1 36113
0 1 36114
0 1 36118
0 1 36124
0 1 36125
0 1 36128
0 1 36130
0 1 36131
0 1 36132
0 1 36134
0 1 36135
0 1 36136
0 1 36137
0 1 36139
0 1 36141
0 1 36142
0 1 36144
0 1 36146
0 1 36147
0 1 36154
0 1 36155
0 1 36162
0 1 36167
0 1 36170
0 1 36173
0 1 36177
0 1 36182
0 1 36183
0 1 36184
0 1 36185
0 1 36186
0 1 36190
0 1 36199
0 1 36200
0 1 36207
0 1 36208
0 1 36216
0 1 36217
0 1 36218
0 1 36219
0 1 36220
0 1 36222
0 1 36226
0 1 36228
0 1 36230
0 1 36234
0 1 36235
0 1 36237
0 1 36239
0 1 36240
0 1 36242
0 1 36243
0 1 36244
0 1 36251
0 1 36252
0 1 36253
0 1 36258
0 1 36259
0 1 36260
0 1 36266
0 1 36267
0 1 36270
0 1 36272
0 1 36275
0 1 36276
0 1 36277
0 1 36278
0 1 36279
0 1 36281
0 1 36283
0 1 36284
0 1 36288
0 1 36289
0 1 36290
0 1 36292
0 1 36293
0 1 36294
0 1 36295
0 1 36296
0 1 36298
0 1 36301
0 1 36304
0 1 36305
0 1 36306
0 1 36308
0 1 36310
0 1 36314
0 1 36320
0 1 36322
0 1 36323
0 1 36324
0 1 36325
0 1 36327
0 1 36331
0 1 36335
0 1 36336
0 1 36337
0 1 36338
0 1 36340
0 1 36343
0 1 36345
0 1 36348
0 1 36350
0 1 36352
0 1 36353
0 1 36358
0 1 36359
0 1 36364
0 1 36365
0 1 36367
0 1 36371
0 1 36376
0 1 36383
0 1 36386
0 1 36391
0 1 36393
0 1 36396
0 1 36397
0 1 36401
0 1 36402
0 1 36403
0 1 36406
0 1 36407
0 1 36410
0 1 36412
0 1 36413
0 1 36416
0 1 36420
0 1 36422
0 1 36424
0 1 36425
0 1 36428
0 1 36429
0 1 36431
0 1 36435
0 1 36437
0 1 36438
0 1 36441
0 1 36443
0 1 36444
0 1 36447
0 1 36448
0 1 36449
0 1 36454
0 1 36459
0 1 36461
0 1 36465
0 1 36467
0 1 36468
0 1 36470
0 1 36472
0 1 36474
0 1 36475
0 1 36476
0 1 36477
0 1 36478
0 1 36485
0 1 36487
0 1 36494
0 1 36498
0 1 36499
0 1 36501
0 1 36503
0 1 36505
0 1 36507
0 1 36509
0 1 36510
0 1 36514
0 1 36515
0 1 36517
0 1 36518
0 1 36521
0 1 36525
0 1 36527
0 1 36529
0 1 36531
0 1 36534
0 1 36535
0 1 36537
0 1 36538
0 1 36541
0 1 36542
0 1 36543
0 1 36545
0 1 36546
0 1 36547
0 1 36548
0 1 36549
0 1 36550
0 1 36552
0 1 36555
0 1 36557
0 1 36558
0 1 36559
0 1 36561
0 1 36562
0 1 36564
0 1 36566
0 1 36567
0 1 36568
0 1 36569
0 1 36572
0 1 36575
0 1 36578
0 1 36580
0 1 36588
0 1 36590
0 1 36591
0 1 36592
0 1 36595
0 1 36600
0 1 36602
0 1 36604
0 1 36608
0 1 36613
0 1 36615
0 1 36618
0 1 36620
0 1 36622
0 1 36624
0 1 36625
0 1 36626
0 1 36628
0 1 36631
0 1 36633
0 1 36634
0 1 36637
0 1 36641
0 1 36644
0 1 36645
0 1 36646
0 1 36648
0 1 36652
0 1 36654
0 1 36657
0 1 36659
0 1 36661
0 1 36663
0 1 36664
0 1 36665
0 1 36666
0 1 36668
0 1 36669
0 1 36670
0 1 36671
0 1 36675
0 1 36676
0 1 36681
0 1 36691
0 1 36694
0 1 36697
0 1 36701
0 1 36702
0 1 36704
0 1 36705
0 1 36707
0 1 36708
0 1 36709
0 1 36711
0 1 36716
0 1 36718
0 1 36721
0 1 36727
0 1 36730
0 1 36732
0 1 36733
0 1 36734
0 1 36736
0 1 36737
0 1 36742
0 1 36744
0 1 36747
0 1 36750
0 1 36751
0 1 36752
0 1 36753
0 1 36756
0 1 36760
0 1 36761
0 1 36764
0 1 36767
0 1 36768
0 1 36769
0 1 36774
0 1 36775
0 1 36776
0 1 36777
0 1 36782
0 1 36784
0 1 36786
0 1 36787
0 1 36789
0 1 36793
0 1 36794
0 1 36796
0 1 36801
0 1 36805
0 1 36806
0 1 36809
0 1 36810
0 1 36813
0 1 36816
0 1 36822
0 1 36823
0 1 36824
0 1 36832
0 1 36833
0 1 36836
0 1 36839
0 1 36840
0 1 36841
0 1 36842
0 1 36843
0 1 36846
0 1 36847
0 1 36848
0 1 36849
0 1 36851
0 1 36852
0 1 36855
0 1 36860
0 1 36869
0 1 36875
0 1 36877
0 1 36878
0 1 36880
0 1 36885
0 1 36886
0 1 36888
0 1 36895
0 1 36899
0 1 36900
0 1 36906
0 1 36908
0 1 36913
0 1 36916
0 1 36919
0 1 36920
0 1 36922
0 1 36925
0 1 36934
0 1 36936
0 1 36938
0 1 36939
0 1 36940
0 1 36943
0 1 36945
0 1 36946
0 1 36953
0 1 36956
0 1 36957
0 1 36958
0 1 36959
0 1 36962
0 1 36963
0 1 36964
0 1 36967
0 1 36970
0 1 36973
0 1 36974
0 1 36978
0 1 36982
0 1 36983
0 1 36987
0 1 36989
0 1 36990
0 1 36991
0 1 36992
0 1 36993
0 1 36994
0 1 36996
0 1 36998
0 1 37001
0 1 37002
0 1 37004
0 1 37008
0 1 37011
0 1 37012
0 1 37013
0 1 37017
0 1 37019
0 1 37020
0 1 37023
0 1 37027
0 1 37032
0 1 37034
0 1 37036
0 1 37042
0 1 37047
0 1 37048
0 1 37049
0 1 37054
0 1 37061
0 1 37062
0 1 37063
0 1 37064
0 1 37065
0 1 37071
0 1 37073
0 1 37074
0 1 37075
0 1 37079
0 1 37081
0 1 37082
0 1 37085
0 1 37088
0 1 37095
0 1 37100
0 1 37101
0 1 37102
0 1 37104
0 1 37105
0 1 37110
0 1 37111
0 1 37115
0 1 37116
0 1 37117
0 1 37121
0 1 37124
0 1 37126
0 1 37127
0 1 37128
0 1 37129
0 1 37131
0 1 37132
0 1 37133
0 1 37134
0 1 37138
0 1 37139
0 1 37141
0 1 37142
0 1 37146
0 1 37147
0 1 37148
0 1 37150
0 1 37151
0 1 37152
0 1 37155
0 1 37159
0 1 37160
0 1 37161
0 1 37162
0 1 37165
0 1 37166
0 1 37167
0 1 37169
0 1 37172
0 1 37173
0 1 37174
0 1 37179
0 1 37180
0 1 37181
0 1 37183
0 1 37186
0 1 37187
0 1 37188
0 1 37189
0 1 37191
0 1 37197
0 1 37200
0 1 37206
0 1 37209
0 1 37211
0 1 37214
0 1 37219
0 1 37220
0 1 37222
0 1 37224
0 1 37225
0 1 37227
0 1 37228
0 1 37229
0 1 37231
0 1 37234
0 1 37236
0 1 37239
0 1 37240
0 1 37242
0 1 37243
0 1 37244
0 1 37247
0 1 37248
0 1 37249
0 1 37251
0 1 37259
0 1 37260
0 1 37264
0 1 37266
0 1 37269
0 1 37272
0 1 37273
0 1 37274
0 1 37278
0 1 37281
0 1 37286
0 1 37290
0 1 37295
0 1 37296
0 1 37305
0 1 37306
0 1 37307
0 1 37309
0 1 37311
0 1 37314
0 1 37316
0 1 37317
0 1 37319
0 1 37320
0 1 37322
0 1 37323
0 1 37325
0 1 37327
0 1 37329
0 1 37330
0 1 37331
0 1 37332
0 1 37338
0 1 37339
0 1 37341
0 1 37346
0 1 37349
0 1 37352
0 1 37354
0 1 37358
0 1 37360
0 1 37361
0 1 37362
0 1 37367
0 1 37375
0 1 37376
0 1 37377
0 1 37380
0 1 37382
0 1 37385
0 1 37387
0 1 37388
0 1 37392
0 1 37395
0 1 37401
0 1 37403
0 1 37404
0 1 37406
0 1 37408
0 1 37410
0 1 37412
0 1 37419
0 1 37420
0 1 37422
0 1 37423
0 1 37428
0 1 37429
0 1 37430
0 1 37431
0 1 37433
0 1 37434
0 1 37435
0 1 37436
0 1 37437
0 1 37439
0 1 37440
0 1 37443
0 1 37446
0 1 37452
0 1 37454
0 1 37455
0 1 37456
0 1 37457
0 1 37459
0 1 37460
0 1 37461
0 1 37463
0 1 37466
0 1 37469
0 1 37474
0 1 37475
0 1 37477
0 1 37479
0 1 37482
0 1 37484
0 1 37487
0 1 37490
0 1 37493
0 1 37496
0 1 37499
0 1 37501
0 1 37502
0 1 37504
0 1 37505
0 1 37507
0 1 37508
0 1 37509
0 1 37514
0 1 37516
0 1 37518
0 1 37520
0 1 37525
0 1 37528
0 1 37529
0 1 37534
0 1 37535
0 1 37537
0 1 37538
0 1 37540
0 1 37541
0 1 37542
0 1 37544
0 1 37547
0 1 37548
0 1 37550
0 1 37551
0 1 37556
0 1 37558
0 1 37560
0 1 37562
0 1 37563
0 1 37567
0 1 37569
0 1 37580
0 1 37581
0 1 37584
0 1 37585
0 1 37589
0 1 37590
0 1 37591
0 1 37593
0 1 37594
0 1 37596
0 1 37599
0 1 37608
0 1 37611
0 1 37612
0 1 37613
0 1 37616
0 1 37619
0 1 37624
0 1 37625
0 1 37627
0 1 37628
0 1 37629
0 1 37630
0 1 37633
0 1 37639
0 1 37644
0 1 37646
0 1 37647
0 1 37648
0 1 37649
0 1 37654
0 1 37655
0 1 37657
0 1 37658
0 1 37661
0 1 37672
0 1 37673
0 1 37675
0 1 37677
0 1 37678
0 1 37683
0 1 37685
0 1 37690
0 1 37692
0 1 37697
0 1 37698
0 1 37700
0 1 37702
0 1 37705
0 1 37706
0 1 37710
0 1 37716
0 1 37719
0 1 37721
0 1 37725
0 1 37731
0 1 37735
0 1 37737
0 1 37740
0 1 37742
0 1 37743
0 1 37746
0 1 37748
0 1 37756
0 1 37763
0 1 37766
0 1 37768
0 1 37769
0 1 37770
0 1 37771
0 1 37772
0 1 37774
0 1 37777
0 1 37779
0 1 37783
0 1 37785
0 1 37790
0 1 37791
0 1 37795
0 1 37798
0 1 37800
0 1 37803
0 1 37806
0 1 37813
0 1 37814
0 1 37815
0 1 37822
0 1 37824
0 1 37825
0 1 37827
0 1 37828
0 1 37829
0 1 37833
0 1 37837
0 1 37840
0 1 37842
0 1 37844
0 1 37845
0 1 37846
0 1 37847
0 1 37849
0 1 37852
0 1 37853
0 1 37856
0 1 37858
0 1 37859
0 1 37864
0 1 37868
0 1 37875
0 1 37876
0 1 37879
0 1 37880
0 1 37883
0 1 37884
0 1 37886
0 1 37887
0 1 37899
0 1 37901
0 1 37902
0 1 37904
0 1 37905
0 1 37906
0 1 37913
0 1 37915
0 1 37916
0 1 37917
0 1 37918
0 1 37923
0 1 37926
0 1 37927
0 1 37930
0 1 37931
0 1 37934
0 1 37941
0 1 37947
0 1 37948
0 1 37950
0 1 37955
0 1 37957
0 1 37961
0 1 37965
0 1 37966
0 1 37968
0 1 37971
0 1 37975
0 1 37977
0 1 37978
0 1 37981
0 1 37982
0 1 37988
0 1 37990
0 1 37991
0 1 37993
0 1 37994
0 1 37995
0 1 37996
0 1 37998
0 1 38001
0 1 38006
0 1 38008
0 1 38009
0 1 38011
0 1 38014
0 1 38016
0 1 38017
0 1 38018
0 1 38021
0 1 38023
0 1 38027
0 1 38028
0 1 38038
0 1 38039
0 1 38040
0 1 38042
0 1 38050
0 1 38051
0 1 38052
0 1 38057
0 1 38058
0 1 38062
0 1 38065
0 1 38066
0 1 38067
0 1 38070
0 1 38077
0 1 38083
0 1 38089
0 1 38092
0 1 38093
0 1 38095
0 1 38097
0 1 38098
0 1 38100
0 1 38103
0 1 38105
0 1 38106
0 1 38109
0 1 38110
0 1 38112
0 1 38115
0 1 38119
0 1 38121
0 1 38123
0 1 38129
0 1 38131
0 1 38132
0 1 38133
0 1 38135
0 1 38136
0 1 38139
0 1 38147
0 1 38151
0 1 38153
0 1 38154
0 1 38158
0 1 38163
0 1 38164
0 1 38165
0 1 38169
0 1 38170
0 1 38174
0 1 38176
0 1 38183
0 1 38191
0 1 38192
0 1 38193
0 1 38194
0 1 38198
0 1 38202
0 1 38204
0 1 38206
0 1 38207
0 1 38209
0 1 38211
0 1 38215
0 1 38216
0 1 38220
0 1 38222
0 1 38224
0 1 38226
0 1 38236
0 1 38238
0 1 38241
0 1 38244
0 1 38245
0 1 38246
0 1 38248
0 1 38249
0 1 38250
0 1 38251
0 1 38254
0 1 38256
0 1 38258
0 1 38260
0 1 38261
0 1 38262
0 1 38263
0 1 38265
0 1 38268
0 1 38269
0 1 38271
0 1 38272
0 1 38278
0 1 38280
0 1 38281
0 1 38284
0 1 38287
0 1 38289
0 1 38295
0 1 38299
0 1 38306
0 1 38307
0 1 38308
0 1 38309
0 1 38310
0 1 38312
0 1 38314
0 1 38315
0 1 38318
0 1 38327
0 1 38331
0 1 38335
0 1 38336
0 1 38337
0 1 38338
0 1 38339
0 1 38344
0 1 38345
0 1 38346
0 1 38350
0 1 38352
0 1 38353
0 1 38354
0 1 38359
0 1 38360
0 1 38363
0 1 38364
0 1 38366
0 1 38368
0 1 38371
0 1 38376
0 1 38377
0 1 38378
0 1 38380
0 1 38381
0 1 38382
0 1 38384
0 1 38390
0 1 38395
0 1 38398
0 1 38403
0 1 38406
0 1 38407
0 1 38413
0 1 38414
0 1 38415
0 1 38418
0 1 38420
0 1 38423
0 1 38427
0 1 38430
0 1 38431
0 1 38437
0 1 38438
0 1 38439
0 1 38440
0 1 38442
0 1 38444
0 1 38447
0 1 38449
0 1 38451
0 1 38452
0 1 38454
0 1 38456
0 1 38458
0 1 38459
0 1 38461
0 1 38469
0 1 38472
0 1 38473
0 1 38474
0 1 38479
0 1 38481
0 1 38484
0 1 38486
0 1 38487
0 1 38489
0 1 38491
0 1 38493
0 1 38494
0 1 38496
0 1 38497
0 1 38498
0 1 38501
0 1 38502
0 1 38506
0 1 38509
0 1 38513
0 1 38514
0 1 38516
0 1 38524
0 1 38526
0 1 38527
0 1 38528
0 1 38529
0 1 38535
0 1 38540
0 1 38543
0 1 38548
0 1 38549
0 1 38550
0 1 38556
0 1 38559
0 1 38561
0 1 38562
0 1 38564
0 1 38568
0 1 38570
0 1 38571
0 1 38572
0 1 38574
0 1 38577
0 1 38578
0 1 38579
0 1 38581
0 1 38584
0 1 38592
0 1 38594
0 1 38595
0 1 38606
0 1 38607
0 1 38609
0 1 38617
0 1 38622
0 1 38624
0 1 38625
0 1 38628
0 1 38630
0 1 38631
0 1 38632
0 1 38635
0 1 38637
0 1 38640
0 1 38646
0 1 38647
0 1 38648
0 1 38649
0 1 38653
0 1 38654
0 1 38656
0 1 38658
0 1 38661
0 1 38664
0 1 38665
0 1 38668
0 1 38669
0 1 38671
0 1 38676
0 1 38677
0 1 38684
0 1 38685
0 1 38689
0 1 38692
0 1 38699
0 1 38701
0 1 38702
0 1 38704
0 1 38705
0 1 38706
0 1 38707
0 1 38710
0 1 38717
0 1 38719
0 1 38720
0 1 38721
0 1 38723
0 1 38724
0 1 38728
0 1 38730
0 1 38731
0 1 38733
0 1 38736
0 1 38737
0 1 38738
0 1 38741
0 1 38743
0 1 38747
0 1 38749
0 1 38751
0 1 38753
0 1 38756
0 1 38757
0 1 38758
0 1 38761
0 1 38763
0 1 38766
0 1 38767
0 1 38770
0 1 38771
0 1 38776
0 1 38777
0 1 38778
0 1 38781
0 1 38782
0 1 38783
0 1 38785
0 1 38787
0 1 38791
0 1 38792
0 1 38796
0 1 38798
0 1 38799
0 1 38805
0 1 38809
0 1 38810
0 1 38811
0 1 38813
0 1 38814
0 1 38815
0 1 38817
0 1 38820
0 1 38821
0 1 38822
0 1 38824
0 1 38827
0 1 38828
0 1 38831
0 1 38840
0 1 38842
0 1 38845
0 1 38846
0 1 38848
0 1 38849
0 1 38852
0 1 38857
0 1 38858
0 1 38860
0 1 38862
0 1 38864
0 1 38866
0 1 38868
0 1 38871
0 1 38874
0 1 38878
0 1 38886
0 1 38889
0 1 38890
0 1 38893
0 1 38904
0 1 38905
0 1 38908
0 1 38910
0 1 38917
0 1 38921
0 1 38923
0 1 38925
0 1 38926
0 1 38929
0 1 38930
0 1 38931
0 1 38935
0 1 38936
0 1 38937
0 1 38938
0 1 38939
0 1 38944
0 1 38945
0 1 38949
0 1 38950
0 1 38952
0 1 38953
0 1 38954
0 1 38956
0 1 38958
0 1 38959
0 1 38961
0 1 38962
0 1 38964
0 1 38965
0 1 38966
0 1 38969
0 1 38971
0 1 38973
0 1 38976
0 1 38980
0 1 38981
0 1 38983
0 1 38984
0 1 38985
0 1 38987
0 1 38990
0 1 38991
0 1 38993
0 1 38996
0 1 38998
0 1 39000
0 1 39002
0 1 39011
0 1 39012
0 1 39013
0 1 39016
0 1 39018
0 1 39021
0 1 39024
0 1 39025
0 1 39029
0 1 39031
0 1 39033
0 1 39034
0 1 39035
0 1 39036
0 1 39037
0 1 39038
0 1 39039
0 1 39040
0 1 39042
0 1 39044
0 1 39054
0 1 39056
0 1 39064
0 1 39070
0 1 39071
0 1 39075
0 1 39077
0 1 39078
0 1 39082
0 1 39083
0 1 39086
0 1 39087
0 1 39089
0 1 39098
0 1 39102
0 1 39103
0 1 39104
0 1 39105
0 1 39107
0 1 39109
0 1 39111
0 1 39112
0 1 39114
0 1 39115
0 1 39118
0 1 39120
0 1 39122
0 1 39123
0 1 39126
0 1 39128
0 1 39130
0 1 39132
0 1 39134
0 1 39135
0 1 39138
0 1 39142
0 1 39143
0 1 39147
0 1 39152
0 1 39155
0 1 39156
0 1 39157
0 1 39159
0 1 39161
0 1 39162
0 1 39163
0 1 39164
0 1 39168
0 1 39169
0 1 39171
0 1 39172
0 1 39177
0 1 39179
0 1 39182
0 1 39184
0 1 39186
0 1 39187
0 1 39189
0 1 39192
0 1 39196
0 1 39200
0 1 39201
0 1 39203
0 1 39205
0 1 39207
0 1 39208
0 1 39209
0 1 39211
0 1 39213
0 1 39217
0 1 39219
0 1 39220
0 1 39221
0 1 39222
0 1 39223
0 1 39224
0 1 39227
0 1 39228
0 1 39229
0 1 39230
0 1 39233
0 1 39235
0 1 39243
0 1 39245
0 1 39246
0 1 39247
0 1 39253
0 1 39254
0 1 39257
0 1 39259
0 1 39264
0 1 39267
0 1 39274
0 1 39278
0 1 39280
0 1 39281
0 1 39283
0 1 39285
0 1 39286
0 1 39289
0 1 39295
0 1 39298
0 1 39299
0 1 39308
0 1 39309
0 1 39313
0 1 39314
0 1 39317
0 1 39318
0 1 39322
0 1 39323
0 1 39325
0 1 39326
0 1 39328
0 1 39329
0 1 39334
0 1 39336
0 1 39339
0 1 39340
0 1 39342
0 1 39343
0 1 39344
0 1 39352
0 1 39353
0 1 39355
0 1 39356
0 1 39360
0 1 39362
0 1 39363
0 1 39366
0 1 39368
0 1 39369
0 1 39370
0 1 39374
0 1 39379
0 1 39380
0 1 39383
0 1 39386
0 1 39387
0 1 39391
0 1 39392
0 1 39393
0 1 39394
0 1 39396
0 1 39399
0 1 39400
0 1 39403
0 1 39404
0 1 39409
0 1 39414
0 1 39416
0 1 39419
0 1 39420
0 1 39421
0 1 39422
0 1 39423
0 1 39425
0 1 39426
0 1 39429
0 1 39431
0 1 39434
0 1 39435
0 1 39439
0 1 39442
0 1 39443
0 1 39444
0 1 39445
0 1 39446
0 1 39447
0 1 39448
0 1 39449
0 1 39450
0 1 39457
0 1 39459
0 1 39462
0 1 39463
0 1 39464
0 1 39465
0 1 39467
0 1 39469
0 1 39470
0 1 39471
0 1 39473
0 1 39480
0 1 39482
0 1 39484
0 1 39487
0 1 39490
0 1 39491
0 1 39495
0 1 39498
0 1 39501
0 1 39502
0 1 39503
0 1 39506
0 1 39511
0 1 39513
0 1 39514
0 1 39515
0 1 39519
0 1 39526
0 1 39532
0 1 39534
0 1 39535
0 1 39539
0 1 39540
0 1 39545
0 1 39546
0 1 39548
0 1 39549
0 1 39550
0 1 39551
0 1 39554
0 1 39555
0 1 39556
0 1 39558
0 1 39559
0 1 39560
0 1 39561
0 1 39562
0 1 39564
0 1 39566
0 1 39571
0 1 39578
0 1 39579
0 1 39582
0 1 39583
0 1 39585
0 1 39586
0 1 39587
0 1 39588
0 1 39589
0 1 39590
0 1 39591
0 1 39592
0 1 39593
0 1 39595
0 1 39597
0 1 39598
0 1 39599
0 1 39600
0 1 39602
0 1 39609
0 1 39611
0 1 39615
0 1 39620
0 1 39621
0 1 39622
0 1 39625
0 1 39626
0 1 39627
0 1 39628
0 1 39629
0 1 39630
0 1 39631
0 1 39632
0 1 39634
0 1 39637
0 1 39638
0 1 39642
0 1 39656
0 1 39658
0 1 39660
0 1 39664
0 1 39665
0 1 39668
0 1 39670
0 1 39671
0 1 39673
0 1 39674
0 1 39675
0 1 39676
0 1 39677
0 1 39678
0 1 39684
0 1 39688
0 1 39689
0 1 39690
0 1 39691
0 1 39694
0 1 39697
0 1 39699
0 1 39701
0 1 39703
0 1 39705
0 1 39710
0 1 39711
0 1 39712
0 1 39717
0 1 39721
0 1 39722
0 1 39723
0 1 39727
0 1 39728
0 1 39730
0 1 39732
0 1 39734
0 1 39739
0 1 39740
0 1 39744
0 1 39746
0 1 39747
0 1 39754
0 1 39756
0 1 39757
0 1 39760
0 1 39761
0 1 39766
0 1 39767
0 1 39768
0 1 39771
0 1 39772
0 1 39774
0 1 39777
0 1 39784
0 1 39787
0 1 39788
0 1 39790
0 1 39793
0 1 39794
0 1 39795
0 1 39804
0 1 39805
0 1 39806
0 1 39808
0 1 39811
0 1 39814
0 1 39816
0 1 39817
0 1 39818
0 1 39822
0 1 39828
0 1 39835
0 1 39836
0 1 39837
0 1 39839
0 1 39841
0 1 39842
0 1 39844
0 1 39846
0 1 39848
0 1 39849
0 1 39850
0 1 39853
0 1 39857
0 1 39859
0 1 39861
0 1 39862
0 1 39863
0 1 39865
0 1 39867
0 1 39868
0 1 39871
0 1 39872
0 1 39875
0 1 39881
0 1 39884
0 1 39885
0 1 39886
0 1 39888
0 1 39894
0 1 39895
0 1 39896
0 1 39901
0 1 39903
0 1 39904
0 1 39909
0 1 39910
0 1 39912
0 1 39915
0 1 39916
0 1 39917
0 1 39918
0 1 39919
0 1 39921
0 1 39924
0 1 39926
0 1 39927
0 1 39931
0 1 39935
0 1 39937
0 1 39938
0 1 39943
0 1 39944
0 1 39947
0 1 39948
0 1 39952
0 1 39956
0 1 39957
0 1 39959
0 1 39962
0 1 39964
0 1 39965
0 1 39967
0 1 39968
0 1 39976
0 1 39977
0 1 39978
0 1 39979
0 1 39981
0 1 39983
0 1 39994
0 1 39998
0 1 39999
0 1 40003
0 1 40004
0 1 40005
0 1 40010
0 1 40012
0 1 40017
0 1 40020
0 1 40021
0 1 40022
0 1 40023
0 1 40025
0 1 40026
0 1 40027
0 1 40028
0 1 40033
0 1 40034
0 1 40036
0 1 40044
0 1 40046
0 1 40048
0 1 40053
0 1 40061
0 1 40063
0 1 40064
0 1 40065
0 1 40070
0 1 40071
0 1 40079
0 1 40081
0 1 40083
0 1 40088
0 1 40090
0 1 40091
0 1 40092
0 1 40093
0 1 40096
0 1 40099
0 1 40101
0 1 40102
0 1 40103
0 1 40105
0 1 40106
0 1 40107
0 1 40111
0 1 40118
0 1 40120
0 1 40122
0 1 40123
0 1 40128
0 1 40130
0 1 40131
0 1 40132
0 1 40135
0 1 40137
0 1 40140
0 1 40141
0 1 40146
0 1 40148
0 1 40151
0 1 40152
0 1 40154
0 1 40156
0 1 40157
0 1 40158
0 1 40159
0 1 40160
0 1 40161
0 1 40166
0 1 40170
0 1 40171
0 1 40174
0 1 40176
0 1 40182
0 1 40183
0 1 40186
0 1 40187
0 1 40189
0 1 40190
0 1 40195
0 1 40196
0 1 40198
0 1 40209
0 1 40213
0 1 40214
0 1 40219
0 1 40221
0 1 40224
0 1 40225
0 1 40226
0 1 40230
0 1 40231
0 1 40232
0 1 40233
0 1 40238
0 1 40240
0 1 40243
0 1 40245
0 1 40249
0 1 40250
0 1 40251
0 1 40252
0 1 40256
0 1 40257
0 1 40261
0 1 40262
0 1 40263
0 1 40265
0 1 40266
0 1 40272
0 1 40277
0 1 40279
0 1 40281
0 1 40288
0 1 40296
0 1 40298
0 1 40299
0 1 40300
0 1 40301
0 1 40302
0 1 40308
0 1 40309
0 1 40310
0 1 40313
0 1 40314
0 1 40315
0 1 40317
0 1 40318
0 1 40320
0 1 40324
0 1 40329
0 1 40333
0 1 40337
0 1 40339
0 1 40342
0 1 40343
0 1 40344
0 1 40347
0 1 40348
0 1 40359
0 1 40361
0 1 40362
0 1 40364
0 1 40366
0 1 40370
0 1 40372
0 1 40374
0 1 40375
0 1 40383
0 1 40384
0 1 40385
0 1 40386
0 1 40388
0 1 40393
0 1 40396
0 1 40398
0 1 40402
0 1 40403
0 1 40410
0 1 40418
0 1 40419
0 1 40420
0 1 40422
0 1 40423
0 1 40425
0 1 40428
0 1 40430
0 1 40431
0 1 40433
0 1 40434
0 1 40435
0 1 40437
0 1 40438
0 1 40441
0 1 40442
0 1 40445
0 1 40448
0 1 40449
0 1 40450
0 1 40451
0 1 40453
0 1 40454
0 1 40455
0 1 40456
0 1 40457
0 1 40458
0 1 40460
0 1 40463
0 1 40465
0 1 40467
0 1 40469
0 1 40473
0 1 40476
0 1 40480
0 1 40485
0 1 40488
0 1 40494
0 1 40495
0 1 40496
0 1 40500
0 1 40502
0 1 40503
0 1 40504
0 1 40508
0 1 40510
0 1 40513
0 1 40514
0 1 40515
0 1 40516
0 1 40518
0 1 40524
0 1 40526
0 1 40527
0 1 40528
0 1 40529
0 1 40530
0 1 40531
0 1 40532
0 1 40535
0 1 40536
0 1 40537
0 1 40541
0 1 40542
0 1 40549
0 1 40551
0 1 40557
0 1 40560
0 1 40566
0 1 40567
0 1 40568
0 1 40569
0 1 40570
0 1 40571
0 1 40578
0 1 40583
0 1 40586
0 1 40589
0 1 40590
0 1 40592
0 1 40593
0 1 40595
0 1 40598
0 1 40601
0 1 40603
0 1 40604
0 1 40605
0 1 40606
0 1 40607
0 1 40613
0 1 40614
0 1 40617
0 1 40619
0 1 40622
0 1 40623
0 1 40624
0 1 40625
0 1 40626
0 1 40627
0 1 40628
0 1 40631
0 1 40632
0 1 40633
0 1 40639
0 1 40641
0 1 40649
0 1 40650
0 1 40651
0 1 40652
0 1 40654
0 1 40656
0 1 40661
0 1 40662
0 1 40664
0 1 40665
0 1 40668
0 1 40669
0 1 40671
0 1 40677
0 1 40679
0 1 40680
0 1 40690
0 1 40695
0 1 40697
0 1 40699
0 1 40701
0 1 40703
0 1 40705
0 1 40709
0 1 40714
0 1 40715
0 1 40718
0 1 40721
0 1 40722
0 1 40723
0 1 40725
0 1 40727
0 1 40729
0 1 40730
0 1 40732
0 1 40735
0 1 40738
0 1 40744
0 1 40745
0 1 40752
0 1 40756
0 1 40758
0 1 40765
0 1 40766
0 1 40767
0 1 40768
0 1 40773
0 1 40776
0 1 40778
0 1 40779
0 1 40781
0 1 40784
0 1 40787
0 1 40789
0 1 40790
0 1 40791
0 1 40800
0 1 40809
0 1 40810
0 1 40811
0 1 40812
0 1 40815
0 1 40820
0 1 40823
0 1 40824
0 1 40827
0 1 40829
0 1 40834
0 1 40835
0 1 40837
0 1 40840
0 1 40841
0 1 40844
0 1 40846
0 1 40848
0 1 40853
0 1 40854
0 1 40857
0 1 40858
0 1 40862
0 1 40865
0 1 40868
0 1 40871
0 1 40872
0 1 40874
0 1 40876
0 1 40877
0 1 40878
0 1 40884
0 1 40886
0 1 40890
0 1 40894
0 1 40895
0 1 40898
0 1 40899
0 1 40900
0 1 40906
0 1 40907
0 1 40910
0 1 40913
0 1 40914
0 1 40915
0 1 40918
0 1 40921
0 1 40922
0 1 40923
0 1 40925
0 1 40927
0 1 40928
0 1 40930
0 1 40932
0 1 40939
0 1 40944
0 1 40945
0 1 40946
0 1 40950
0 1 40952
0 1 40955
0 1 40958
0 1 40963
0 1 40964
0 1 40965
0 1 40969
0 1 40973
0 1 40977
0 1 40978
0 1 40980
0 1 40982
0 1 40987
0 1 40991
0 1 40993
0 1 40994
0 1 40997
0 1 41001
0 1 41003
0 1 41011
0 1 41013
0 1 41017
0 1 41019
0 1 41020
0 1 41027
0 1 41029
0 1 41030
0 1 41032
0 1 41033
0 1 41038
0 1 41039
0 1 41045
0 1 41047
0 1 41049
0 1 41060
0 1 41064
0 1 41066
0 1 41068
0 1 41070
0 1 41075
0 1 41078
0 1 41084
0 1 41088
0 1 41090
0 1 41091
0 1 41092
0 1 41098
0 1 41099
0 1 41100
0 1 41101
0 1 41102
0 1 41103
0 1 41106
0 1 41107
0 1 41113
0 1 41114
0 1 41117
0 1 41121
0 1 41122
0 1 41123
0 1 41124
0 1 41129
0 1 41134
0 1 41136
0 1 41142
0 1 41146
0 1 41148
0 1 41152
0 1 41154
0 1 41157
0 1 41159
0 1 41161
0 1 41165
0 1 41169
0 1 41170
0 1 41171
0 1 41172
0 1 41177
0 1 41178
0 1 41179
0 1 41182
0 1 41183
0 1 41186
0 1 41187
0 1 41191
0 1 41193
0 1 41196
0 1 41197
0 1 41199
0 1 41200
0 1 41202
0 1 41208
0 1 41210
0 1 41211
0 1 41214
0 1 41216
0 1 41217
0 1 41219
0 1 41221
0 1 41224
0 1 41225
0 1 41229
0 1 41237
0 1 41238
0 1 41239
0 1 41240
0 1 41245
0 1 41246
0 1 41249
0 1 41251
0 1 41252
0 1 41255
0 1 41259
0 1 41266
0 1 41267
0 1 41268
0 1 41273
0 1 41274
0 1 41275
0 1 41279
0 1 41285
0 1 41286
0 1 41287
0 1 41288
0 1 41289
0 1 41294
0 1 41296
0 1 41300
0 1 41301
0 1 41302
0 1 41303
0 1 41308
0 1 41312
0 1 41314
0 1 41315
0 1 41316
0 1 41317
0 1 41326
0 1 41328
0 1 41329
0 1 41331
0 1 41332
0 1 41334
0 1 41336
0 1 41337
0 1 41341
0 1 41342
0 1 41343
0 1 41344
0 1 41350
0 1 41351
0 1 41352
0 1 41354
0 1 41356
0 1 41357
0 1 41358
0 1 41361
0 1 41364
0 1 41365
0 1 41367
0 1 41369
0 1 41372
0 1 41375
0 1 41379
0 1 41382
0 1 41384
0 1 41386
0 1 41387
0 1 41389
0 1 41390
0 1 41395
0 1 41397
0 1 41400
0 1 41405
0 1 41407
0 1 41408
0 1 41409
0 1 41412
0 1 41416
0 1 41418
0 1 41421
0 1 41427
0 1 41431
0 1 41432
0 1 41434
0 1 41439
0 1 41441
0 1 41442
0 1 41443
0 1 41446
0 1 41451
0 1 41452
0 1 41455
0 1 41456
0 1 41457
0 1 41458
0 1 41459
0 1 41461
0 1 41462
0 1 41463
0 1 41465
0 1 41467
0 1 41471
0 1 41473
0 1 41478
0 1 41479
0 1 41480
0 1 41481
0 1 41483
0 1 41486
0 1 41487
0 1 41489
0 1 41495
0 1 41496
0 1 41498
0 1 41499
0 1 41502
0 1 41505
0 1 41506
0 1 41509
0 1 41510
0 1 41512
0 1 41514
0 1 41516
0 1 41517
0 1 41520
0 1 41522
0 1 41526
0 1 41531
0 1 41532
0 1 41534
0 1 41535
0 1 41539
0 1 41540
0 1 41541
0 1 41544
0 1 41545
0 1 41548
0 1 41549
0 1 41550
0 1 41551
0 1 41552
0 1 41553
0 1 41554
0 1 41559
0 1 41561
0 1 41566
0 1 41568
0 1 41574
0 1 41579
0 1 41580
0 1 41582
0 1 41583
0 1 41584
0 1 41587
0 1 41588
0 1 41590
0 1 41592
0 1 41593
0 1 41594
0 1 41596
0 1 41597
0 1 41598
0 1 41599
0 1 41605
0 1 41606
0 1 41607
0 1 41608
0 1 41611
0 1 41615
0 1 41617
0 1 41621
0 1 41627
0 1 41628
0 1 41636
0 1 41637
0 1 41638
0 1 41639
0 1 41640
0 1 41651
0 1 41653
0 1 41658
0 1 41661
0 1 41662
0 1 41663
0 1 41665
0 1 41666
0 1 41668
0 1 41669
0 1 41671
0 1 41677
0 1 41684
0 1 41686
0 1 41688
0 1 41690
0 1 41691
0 1 41692
0 1 41693
0 1 41695
0 1 41697
0 1 41698
0 1 41699
0 1 41703
0 1 41705
0 1 41709
0 1 41710
0 1 41712
0 1 41714
0 1 41716
0 1 41717
0 1 41718
0 1 41719
0 1 41720
0 1 41721
0 1 41725
0 1 41729
0 1 41730
0 1 41737
0 1 41742
0 1 41743
0 1 41748
0 1 41753
0 1 41755
0 1 41758
0 1 41763
0 1 41766
0 1 41769
0 1 41771
0 1 41772
0 1 41773
0 1 41779
0 1 41780
0 1 41783
0 1 41787
0 1 41793
0 1 41795
0 1 41799
0 1 41800
0 1 41804
0 1 41807
0 1 41808
0 1 41809
0 1 41815
0 1 41817
0 1 41820
0 1 41825
0 1 41826
0 1 41827
0 1 41828
0 1 41829
0 1 41831
0 1 41832
0 1 41834
0 1 41837
0 1 41838
0 1 41841
0 1 41842
0 1 41847
0 1 41853
0 1 41854
0 1 41860
0 1 41861
0 1 41863
0 1 41865
0 1 41866
0 1 41871
0 1 41872
0 1 41873
0 1 41874
0 1 41875
0 1 41877
0 1 41883
0 1 41891
0 1 41892
0 1 41896
0 1 41900
0 1 41901
0 1 41903
0 1 41904
0 1 41905
0 1 41906
0 1 41908
0 1 41910
0 1 41911
0 1 41915
0 1 41917
0 1 41918
0 1 41919
0 1 41921
0 1 41922
0 1 41926
0 1 41934
0 1 41937
0 1 41938
0 1 41939
0 1 41940
0 1 41942
0 1 41945
0 1 41946
0 1 41947
0 1 41952
0 1 41954
0 1 41959
0 1 41960
0 1 41963
0 1 41964
0 1 41968
0 1 41970
0 1 41974
0 1 41977
0 1 41979
0 1 41984
0 1 41985
0 1 41986
0 1 41988
0 1 41990
0 1 41994
0 1 41995
0 1 41998
0 1 42002
0 1 42003
0 1 42007
0 1 42013
0 1 42016
0 1 42017
0 1 42019
0 1 42021
0 1 42023
0 1 42024
0 1 42026
0 1 42027
0 1 42032
0 1 42039
0 1 42040
0 1 42041
0 1 42044
0 1 42045
0 1 42049
0 1 42057
0 1 42059
0 1 42060
0 1 42063
0 1 42065
0 1 42066
0 1 42067
0 1 42069
0 1 42071
0 1 42074
0 1 42077
0 1 42081
0 1 42083
0 1 42086
0 1 42089
0 1 42090
0 1 42091
0 1 42095
0 1 42098
0 1 42099
0 1 42102
0 1 42104
0 1 42106
0 1 42110
0 1 42113
0 1 42116
0 1 42117
0 1 42126
0 1 42130
0 1 42133
0 1 42135
0 1 42139
0 1 42140
0 1 42143
0 1 42146
0 1 42147
0 1 42149
0 1 42151
0 1 42152
0 1 42154
0 1 42156
0 1 42157
0 1 42164
0 1 42165
0 1 42167
0 1 42168
0 1 42171
0 1 42173
0 1 42175
0 1 42178
0 1 42179
0 1 42180
0 1 42181
0 1 42186
0 1 42190
0 1 42196
0 1 42198
0 1 42199
0 1 42205
0 1 42207
0 1 42208
0 1 42209
0 1 42216
0 1 42218
0 1 42219
0 1 42220
0 1 42221
0 1 42222
0 1 42223
0 1 42227
0 1 42229
0 1 42231
0 1 42235
0 1 42236
0 1 42237
0 1 42240
0 1 42241
0 1 42245
0 1 42246
0 1 42249
0 1 42251
0 1 42258
0 1 42259
0 1 42261
0 1 42266
0 1 42268
0 1 42269
0 1 42270
0 1 42271
0 1 42272
0 1 42274
0 1 42275
0 1 42277
0 1 42283
0 1 42291
0 1 42293
0 1 42294
0 1 42296
0 1 42298
0 1 42299
0 1 42305
0 1 42311
0 1 42315
0 1 42323
0 1 42324
0 1 42326
0 1 42329
0 1 42330
0 1 42334
0 1 42337
0 1 42338
0 1 42341
0 1 42345
0 1 42347
0 1 42348
0 1 42352
0 1 42360
0 1 42362
0 1 42364
0 1 42365
0 1 42367
0 1 42368
0 1 42372
0 1 42373
0 1 42374
0 1 42375
0 1 42379
0 1 42381
0 1 42382
0 1 42385
0 1 42386
0 1 42394
0 1 42395
0 1 42397
0 1 42398
0 1 42402
0 1 42404
0 1 42407
0 1 42408
0 1 42409
0 1 42412
0 1 42413
0 1 42416
0 1 42419
0 1 42422
0 1 42425
0 1 42433
0 1 42434
0 1 42437
0 1 42438
0 1 42441
0 1 42442
0 1 42443
0 1 42447
0 1 42450
0 1 42451
0 1 42453
0 1 42454
0 1 42458
0 1 42462
0 1 42463
0 1 42468
0 1 42472
0 1 42473
0 1 42476
0 1 42482
0 1 42484
0 1 42485
0 1 42490
0 1 42491
0 1 42498
0 1 42501
0 1 42503
0 1 42504
0 1 42506
0 1 42507
0 1 42509
0 1 42510
0 1 42511
0 1 42512
0 1 42514
0 1 42516
0 1 42520
0 1 42521
0 1 42522
0 1 42525
0 1 42526
0 1 42529
0 1 42532
0 1 42533
0 1 42534
0 1 42535
0 1 42536
0 1 42540
0 1 42541
0 1 42544
0 1 42545
0 1 42546
0 1 42549
0 1 42551
0 1 42552
0 1 42555
0 1 42556
0 1 42557
0 1 42558
0 1 42560
0 1 42566
0 1 42568
0 1 42569
0 1 42570
0 1 42574
0 1 42576
0 1 42577
0 1 42578
0 1 42581
0 1 42583
0 1 42584
0 1 42587
0 1 42589
0 1 42590
0 1 42594
0 1 42599
0 1 42606
0 1 42607
0 1 42609
0 1 42611
0 1 42614
0 1 42619
0 1 42620
0 1 42630
0 1 42636
0 1 42637
0 1 42638
0 1 42640
0 1 42647
0 1 42650
0 1 42654
0 1 42656
0 1 42657
0 1 42658
0 1 42663
0 1 42664
0 1 42666
0 1 42668
0 1 42671
0 1 42675
0 1 42676
0 1 42682
0 1 42684
0 1 42686
0 1 42687
0 1 42688
0 1 42689
0 1 42690
0 1 42693
0 1 42698
0 1 42699
0 1 42703
0 1 42707
0 1 42708
0 1 42713
0 1 42714
0 1 42715
0 1 42716
0 1 42717
0 1 42719
0 1 42724
0 1 42725
0 1 42726
0 1 42729
0 1 42730
0 1 42731
0 1 42733
0 1 42735
0 1 42736
0 1 42737
0 1 42740
0 1 42741
0 1 42742
0 1 42747
0 1 42748
0 1 42749
0 1 42750
0 1 42753
0 1 42755
0 1 42757
0 1 42761
0 1 42762
0 1 42765
0 1 42766
0 1 42769
0 1 42771
0 1 42772
0 1 42777
0 1 42778
0 1 42780
0 1 42781
0 1 42782
0 1 42784
0 1 42788
0 1 42789
0 1 42790
0 1 42792
0 1 42803
0 1 42805
0 1 42806
0 1 42815
0 1 42816
0 1 42817
0 1 42822
0 1 42823
0 1 42825
0 1 42828
0 1 42829
0 1 42834
0 1 42835
0 1 42839
0 1 42841
0 1 42842
0 1 42843
0 1 42844
0 1 42846
0 1 42848
0 1 42850
0 1 42852
0 1 42854
0 1 42857
0 1 42858
0 1 42862
0 1 42863
0 1 42866
0 1 42867
0 1 42871
0 1 42874
0 1 42876
0 1 42880
0 1 42881
0 1 42884
0 1 42885
0 1 42886
0 1 42889
0 1 42890
0 1 42891
0 1 42893
0 1 42894
0 1 42896
0 1 42899
0 1 42902
0 1 42903
0 1 42905
0 1 42906
0 1 42907
0 1 42909
0 1 42911
0 1 42914
0 1 42916
0 1 42922
0 1 42925
0 1 42926
0 1 42935
0 1 42936
0 1 42938
0 1 42939
0 1 42940
0 1 42943
0 1 42944
0 1 42947
0 1 42950
0 1 42954
0 1 42957
0 1 42958
0 1 42959
0 1 42967
0 1 42973
0 1 42974
0 1 42976
0 1 42979
0 1 42982
0 1 42986
0 1 42990
0 1 42991
0 1 42994
0 1 42995
0 1 43002
0 1 43005
0 1 43007
0 1 43010
0 1 43011
0 1 43013
0 1 43014
0 1 43017
0 1 43021
0 1 43023
0 1 43028
0 1 43029
0 1 43030
0 1 43031
0 1 43032
0 1 43033
0 1 43036
0 1 43042
0 1 43043
0 1 43044
0 1 43046
0 1 43047
0 1 43049
0 1 43050
0 1 43052
0 1 43053
0 1 43055
0 1 43058
0 1 43061
0 1 43064
0 1 43066
0 1 43067
0 1 43070
0 1 43071
0 1 43074
0 1 43076
0 1 43078
0 1 43079
0 1 43080
0 1 43085
0 1 43088
0 1 43089
0 1 43094
0 1 43095
0 1 43097
0 1 43098
0 1 43101
0 1 43104
0 1 43105
0 1 43108
0 1 43109
0 1 43110
0 1 43115
0 1 43116
0 1 43120
0 1 43125
0 1 43126
0 1 43128
0 1 43130
0 1 43133
0 1 43134
0 1 43143
0 1 43144
0 1 43152
0 1 43157
0 1 43159
0 1 43166
0 1 43169
0 1 43177
0 1 43178
0 1 43181
0 1 43182
0 1 43183
0 1 43184
0 1 43185
0 1 43186
0 1 43187
0 1 43191
0 1 43192
0 1 43193
0 1 43196
0 1 43198
0 1 43200
0 1 43201
0 1 43206
0 1 43221
0 1 43222
0 1 43225
0 1 43226
0 1 43227
0 1 43229
0 1 43239
0 1 43241
0 1 43248
0 1 43249
0 1 43250
0 1 43251
0 1 43253
0 1 43255
0 1 43258
0 1 43260
0 1 43262
0 1 43263
0 1 43265
0 1 43270
0 1 43275
0 1 43283
0 1 43284
0 1 43287
0 1 43288
0 1 43289
0 1 43292
0 1 43293
0 1 43294
0 1 43297
0 1 43298
0 1 43304
0 1 43307
0 1 43308
0 1 43311
0 1 43316
0 1 43317
0 1 43318
0 1 43319
0 1 43322
0 1 43324
0 1 43327
0 1 43329
0 1 43330
0 1 43332
0 1 43333
0 1 43334
0 1 43339
0 1 43340
0 1 43342
0 1 43351
0 1 43353
0 1 43358
0 1 43360
0 1 43361
0 1 43362
0 1 43364
0 1 43369
0 1 43370
0 1 43371
0 1 43375
0 1 43382
0 1 43383
0 1 43388
0 1 43390
0 1 43393
0 1 43394
0 1 43395
0 1 43397
0 1 43399
0 1 43400
0 1 43405
0 1 43409
0 1 43410
0 1 43411
0 1 43412
0 1 43413
0 1 43414
0 1 43418
0 1 43420
0 1 43422
0 1 43427
0 1 43432
0 1 43434
0 1 43438
0 1 43446
0 1 43449
0 1 43451
0 1 43459
0 1 43465
0 1 43466
0 1 43468
0 1 43472
0 1 43473
0 1 43474
0 1 43476
0 1 43480
0 1 43481
0 1 43482
0 1 43484
0 1 43485
0 1 43487
0 1 43491
0 1 43494
0 1 43498
0 1 43500
0 1 43508
0 1 43509
0 1 43514
0 1 43517
0 1 43520
0 1 43521
0 1 43522
0 1 43523
0 1 43527
0 1 43528
0 1 43530
0 1 43531
0 1 43532
0 1 43537
0 1 43542
0 1 43544
0 1 43547
0 1 43549
0 1 43550
0 1 43552
0 1 43554
0 1 43555
0 1 43558
0 1 43560
0 1 43561
0 1 43562
0 1 43568
0 1 43571
0 1 43573
0 1 43574
0 1 43578
0 1 43582
0 1 43583
0 1 43585
0 1 43588
0 1 43592
0 1 43593
0 1 43594
0 1 43596
0 1 43599
0 1 43600
0 1 43601
0 1 43602
0 1 43603
0 1 43606
0 1 43609
0 1 43613
0 1 43615
0 1 43617
0 1 43618
0 1 43619
0 1 43620
0 1 43626
0 1 43628
0 1 43629
0 1 43630
0 1 43633
0 1 43635
0 1 43638
0 1 43639
0 1 43640
0 1 43641
0 1 43644
0 1 43645
0 1 43646
0 1 43647
0 1 43648
0 1 43650
0 1 43652
0 1 43657
0 1 43659
0 1 43660
0 1 43662
0 1 43664
0 1 43666
0 1 43669
0 1 43671
0 1 43674
0 1 43678
0 1 43679
0 1 43683
0 1 43688
0 1 43689
0 1 43694
0 1 43695
0 1 43696
0 1 43698
0 1 43699
0 1 43700
0 1 43701
0 1 43702
0 1 43703
0 1 43706
0 1 43707
0 1 43709
0 1 43712
0 1 43713
0 1 43719
0 1 43723
0 1 43724
0 1 43725
0 1 43728
0 1 43729
0 1 43730
0 1 43735
0 1 43739
0 1 43742
0 1 43743
0 1 43744
0 1 43747
0 1 43748
0 1 43749
0 1 43750
0 1 43755
0 1 43763
0 1 43764
0 1 43765
0 1 43766
0 1 43771
0 1 43772
0 1 43773
0 1 43775
0 1 43777
0 1 43778
0 1 43780
0 1 43781
0 1 43782
0 1 43783
0 1 43786
0 1 43791
0 1 43795
0 1 43798
0 1 43799
0 1 43801
0 1 43803
0 1 43805
0 1 43810
0 1 43822
0 1 43825
0 1 43826
0 1 43827
0 1 43829
0 1 43833
0 1 43837
0 1 43840
0 1 43848
0 1 43850
0 1 43855
0 1 43856
0 1 43862
0 1 43863
0 1 43865
0 1 43871
0 1 43872
0 1 43873
0 1 43874
0 1 43883
0 1 43886
0 1 43887
0 1 43888
0 1 43889
0 1 43890
0 1 43891
0 1 43895
0 1 43896
0 1 43897
0 1 43899
0 1 43902
0 1 43903
0 1 43904
0 1 43908
0 1 43909
0 1 43910
0 1 43912
0 1 43914
0 1 43920
0 1 43921
0 1 43930
0 1 43931
0 1 43935
0 1 43937
0 1 43941
0 1 43944
0 1 43945
0 1 43953
0 1 43954
0 1 43961
0 1 43962
0 1 43964
0 1 43965
0 1 43969
0 1 43971
0 1 43972
0 1 43975
0 1 43976
0 1 43978
0 1 43980
0 1 43982
0 1 43983
0 1 43987
0 1 43990
0 1 43991
0 1 43996
0 1 44003
0 1 44005
0 1 44006
0 1 44007
0 1 44012
0 1 44013
0 1 44014
0 1 44017
0 1 44018
0 1 44020
0 1 44021
0 1 44022
0 1 44025
0 1 44027
0 1 44033
0 1 44034
0 1 44039
0 1 44040
0 1 44042
0 1 44043
0 1 44047
0 1 44048
0 1 44050
0 1 44051
0 1 44053
0 1 44056
0 1 44058
0 1 44063
0 1 44064
0 1 44066
0 1 44067
0 1 44068
0 1 44069
0 1 44071
0 1 44078
0 1 44079
0 1 44083
0 1 44084
0 1 44087
0 1 44088
0 1 44089
0 1 44092
0 1 44095
0 1 44097
0 1 44104
0 1 44105
0 1 44110
0 1 44112
0 1 44113
0 1 44119
0 1 44120
0 1 44124
0 1 44125
0 1 44126
0 1 44127
0 1 44132
0 1 44133
0 1 44136
0 1 44137
0 1 44145
0 1 44148
0 1 44153
0 1 44157
0 1 44158
0 1 44167
0 1 44170
0 1 44175
0 1 44177
0 1 44178
0 1 44180
0 1 44190
0 1 44191
0 1 44192
0 1 44193
0 1 44194
0 1 44198
0 1 44201
0 1 44203
0 1 44204
0 1 44207
0 1 44211
0 1 44213
0 1 44215
0 1 44216
0 1 44220
0 1 44221
0 1 44226
0 1 44227
0 1 44228
0 1 44229
0 1 44230
0 1 44233
0 1 44234
0 1 44236
0 1 44239
0 1 44242
0 1 44245
0 1 44247
0 1 44248
0 1 44252
0 1 44256
0 1 44260
0 1 44261
0 1 44263
0 1 44266
0 1 44270
0 1 44272
0 1 44273
0 1 44274
0 1 44277
0 1 44280
0 1 44281
0 1 44284
0 1 44286
0 1 44287
0 1 44290
0 1 44291
0 1 44292
0 1 44293
0 1 44295
0 1 44296
0 1 44298
0 1 44301
0 1 44303
0 1 44305
0 1 44306
0 1 44309
0 1 44310
0 1 44313
0 1 44316
0 1 44317
0 1 44319
0 1 44320
0 1 44321
0 1 44323
0 1 44324
0 1 44327
0 1 44331
0 1 44332
0 1 44338
0 1 44340
0 1 44342
0 1 44343
0 1 44346
0 1 44348
0 1 44354
0 1 44355
0 1 44359
0 1 44360
0 1 44367
0 1 44370
0 1 44372
0 1 44374
0 1 44376
0 1 44380
0 1 44381
0 1 44382
0 1 44385
0 1 44391
0 1 44392
0 1 44393
0 1 44402
0 1 44403
0 1 44410
0 1 44412
0 1 44415
0 1 44416
0 1 44429
0 1 44436
0 1 44437
0 1 44438
0 1 44439
0 1 44442
0 1 44443
0 1 44444
0 1 44445
0 1 44447
0 1 44449
0 1 44450
0 1 44454
0 1 44455
0 1 44456
0 1 44457
0 1 44459
0 1 44460
0 1 44461
0 1 44467
0 1 44469
0 1 44472
0 1 44473
0 1 44476
0 1 44479
0 1 44482
0 1 44484
0 1 44485
0 1 44490
0 1 44498
0 1 44505
0 1 44506
0 1 44511
0 1 44512
0 1 44516
0 1 44524
0 1 44527
0 1 44528
0 1 44531
0 1 44534
0 1 44535
0 1 44536
0 1 44540
0 1 44542
0 1 44547
0 1 44549
0 1 44551
0 1 44552
0 1 44553
0 1 44556
0 1 44558
0 1 44562
0 1 44563
0 1 44565
0 1 44566
0 1 44567
0 1 44568
0 1 44572
0 1 44574
0 1 44589
0 1 44592
0 1 44596
0 1 44597
0 1 44598
0 1 44599
0 1 44600
0 1 44610
0 1 44615
0 1 44616
0 1 44617
0 1 44619
0 1 44620
0 1 44622
0 1 44630
0 1 44631
0 1 44632
0 1 44633
0 1 44634
0 1 44636
0 1 44639
0 1 44640
0 1 44646
0 1 44648
0 1 44651
0 1 44652
0 1 44658
0 1 44661
0 1 44666
0 1 44668
0 1 44669
0 1 44676
0 1 44677
0 1 44679
0 1 44681
0 1 44682
0 1 44684
0 1 44690
0 1 44694
0 1 44695
0 1 44702
0 1 44703
0 1 44704
0 1 44707
0 1 44710
0 1 44711
0 1 44713
0 1 44714
0 1 44715
0 1 44717
0 1 44722
0 1 44723
0 1 44727
0 1 44730
0 1 44737
0 1 44739
0 1 44740
0 1 44741
0 1 44742
0 1 44744
0 1 44750
0 1 44751
0 1 44754
0 1 44755
0 1 44757
0 1 44763
0 1 44765
0 1 44766
0 1 44767
0 1 44768
0 1 44769
0 1 44778
0 1 44779
0 1 44781
0 1 44782
0 1 44785
0 1 44786
0 1 44787
0 1 44788
0 1 44790
0 1 44791
0 1 44792
0 1 44794
0 1 44795
0 1 44799
0 1 44802
0 1 44804
0 1 44805
0 1 44809
0 1 44811
0 1 44812
0 1 44813
0 1 44817
0 1 44818
0 1 44821
0 1 44827
0 1 44828
0 1 44829
0 1 44831
0 1 44832
0 1 44834
0 1 44835
0 1 44836
0 1 44839
0 1 44842
0 1 44845
0 1 44846
0 1 44849
0 1 44851
0 1 44852
0 1 44856
0 1 44857
0 1 44858
0 1 44862
0 1 44864
0 1 44872
0 1 44877
0 1 44881
0 1 44884
0 1 44885
0 1 44888
0 1 44890
0 1 44893
0 1 44894
0 1 44897
0 1 44898
0 1 44899
0 1 44902
0 1 44905
0 1 44909
0 1 44918
0 1 44920
0 1 44922
0 1 44924
0 1 44925
0 1 44927
0 1 44928
0 1 44930
0 1 44931
0 1 44932
0 1 44933
0 1 44935
0 1 44940
0 1 44944
0 1 44945
0 1 44946
0 1 44948
0 1 44949
0 1 44952
0 1 44956
0 1 44958
0 1 44960
0 1 44961
0 1 44962
0 1 44968
0 1 44970
0 1 44980
0 1 44983
0 1 44986
0 1 44993
0 1 44995
0 1 44996
0 1 44999
0 1 45000
0 1 45004
0 1 45010
0 1 45011
0 1 45014
0 1 45016
0 1 45017
0 1 45019
0 1 45020
0 1 45022
0 1 45024
0 1 45028
0 1 45030
0 1 45032
0 1 45033
0 1 45044
0 1 45047
0 1 45050
0 1 45051
0 1 45052
0 1 45054
0 1 45055
0 1 45057
0 1 45058
0 1 45062
0 1 45063
0 1 45064
0 1 45067
0 1 45068
0 1 45070
0 1 45071
0 1 45072
0 1 45075
0 1 45076
0 1 45082
0 1 45083
0 1 45085
0 1 45086
0 1 45090
0 1 45091
0 1 45092
0 1 45093
0 1 45096
0 1 45098
0 1 45103
0 1 45105
0 1 45107
0 1 45108
0 1 45109
0 1 45110
0 1 45112
0 1 45113
0 1 45114
0 1 45120
0 1 45122
0 1 45123
0 1 45124
0 1 45129
0 1 45132
0 1 45133
0 1 45135
0 1 45138
0 1 45140
0 1 45141
0 1 45143
0 1 45145
0 1 45151
0 1 45156
0 1 45161
0 1 45167
0 1 45168
0 1 45173
0 1 45174
0 1 45177
0 1 45178
0 1 45179
0 1 45180
0 1 45184
0 1 45185
0 1 45187
0 1 45190
0 1 45191
0 1 45192
0 1 45195
0 1 45197
0 1 45198
0 1 45202
0 1 45203
0 1 45205
0 1 45206
0 1 45207
0 1 45210
0 1 45212
0 1 45213
0 1 45216
0 1 45220
0 1 45225
0 1 45232
0 1 45233
0 1 45234
0 1 45235
0 1 45237
0 1 45242
0 1 45243
0 1 45245
0 1 45247
0 1 45253
0 1 45254
0 1 45255
0 1 45256
0 1 45257
0 1 45267
0 1 45268
0 1 45271
0 1 45274
0 1 45275
0 1 45280
0 1 45284
0 1 45286
0 1 45287
0 1 45288
0 1 45289
0 1 45293
0 1 45297
0 1 45302
0 1 45305
0 1 45306
0 1 45312
0 1 45317
0 1 45319
0 1 45320
0 1 45323
0 1 45327
0 1 45330
0 1 45331
0 1 45332
0 1 45333
0 1 45334
0 1 45336
0 1 45340
0 1 45344
0 1 45346
0 1 45348
0 1 45350
0 1 45353
0 1 45354
0 1 45355
0 1 45357
0 1 45358
0 1 45359
0 1 45361
0 1 45362
0 1 45366
0 1 45370
0 1 45372
0 1 45375
0 1 45376
0 1 45383
0 1 45385
0 1 45386
0 1 45387
0 1 45389
0 1 45406
0 1 45407
0 1 45408
0 1 45412
0 1 45414
0 1 45418
0 1 45420
0 1 45421
0 1 45422
0 1 45423
0 1 45425
0 1 45426
0 1 45428
0 1 45430
0 1 45431
0 1 45434
0 1 45435
0 1 45438
0 1 45439
0 1 45440
0 1 45446
0 1 45448
0 1 45454
0 1 45464
0 1 45465
0 1 45467
0 1 45469
0 1 45471
0 1 45472
0 1 45473
0 1 45480
0 1 45481
0 1 45486
0 1 45487
0 1 45490
0 1 45497
0 1 45498
0 1 45502
0 1 45503
0 1 45504
0 1 45508
0 1 45509
0 1 45510
0 1 45511
0 1 45512
0 1 45513
0 1 45516
0 1 45517
0 1 45519
0 1 45520
0 1 45523
0 1 45525
0 1 45527
0 1 45532
0 1 45533
0 1 45535
0 1 45536
0 1 45537
0 1 45541
0 1 45542
0 1 45545
0 1 45546
0 1 45547
0 1 45550
0 1 45551
0 1 45557
0 1 45561
0 1 45564
0 1 45566
0 1 45568
0 1 45569
0 1 45576
0 1 45578
0 1 45580
0 1 45581
0 1 45583
0 1 45584
0 1 45586
0 1 45588
0 1 45589
0 1 45591
0 1 45592
0 1 45593
0 1 45596
0 1 45602
0 1 45605
0 1 45614
0 1 45615
0 1 45617
0 1 45620
0 1 45622
0 1 45627
0 1 45628
0 1 45630
0 1 45631
0 1 45632
0 1 45633
0 1 45637
0 1 45640
0 1 45641
0 1 45642
0 1 45645
0 1 45646
0 1 45649
0 1 45651
0 1 45652
0 1 45660
0 1 45661
0 1 45662
0 1 45665
0 1 45666
0 1 45667
0 1 45668
0 1 45671
0 1 45673
0 1 45676
0 1 45677
0 1 45680
0 1 45681
0 1 45685
0 1 45686
0 1 45689
0 1 45694
0 1 45696
0 1 45698
0 1 45700
0 1 45702
0 1 45703
0 1 45704
0 1 45712
0 1 45713
0 1 45716
0 1 45719
0 1 45720
0 1 45721
0 1 45725
0 1 45728
0 1 45731
0 1 45735
0 1 45736
0 1 45737
0 1 45741
0 1 45744
0 1 45746
0 1 45750
0 1 45751
0 1 45753
0 1 45755
0 1 45756
0 1 45758
0 1 45761
0 1 45762
0 1 45767
0 1 45769
0 1 45775
0 1 45777
0 1 45778
0 1 45779
0 1 45782
0 1 45786
0 1 45787
0 1 45789
0 1 45791
0 1 45793
0 1 45795
0 1 45797
0 1 45799
0 1 45804
0 1 45809
0 1 45812
0 1 45814
0 1 45818
0 1 45828
0 1 45831
0 1 45837
0 1 45838
0 1 45839
0 1 45840
0 1 45846
0 1 45847
0 1 45851
0 1 45853
0 1 45854
0 1 45862
0 1 45864
0 1 45870
0 1 45871
0 1 45875
0 1 45879
0 1 45881
0 1 45899
0 1 45907
0 1 45912
0 1 45914
0 1 45918
0 1 45920
0 1 45921
0 1 45922
0 1 45923
0 1 45928
0 1 45931
0 1 45932
0 1 45933
0 1 45938
0 1 45939
0 1 45940
0 1 45941
0 1 45946
0 1 45953
0 1 45955
0 1 45956
0 1 45957
0 1 45962
0 1 45965
0 1 45966
0 1 45968
0 1 45970
0 1 45972
0 1 45973
0 1 45974
0 1 45980
0 1 45981
0 1 45983
0 1 45984
0 1 45985
0 1 45987
0 1 45989
0 1 45991
0 1 45993
0 1 45994
0 1 45995
0 1 45998
0 1 45999
0 1 46000
0 1 46001
0 1 46002
0 1 46007
0 1 46008
0 1 46011
0 1 46015
0 1 46016
0 1 46018
0 1 46020
0 1 46022
0 1 46025
0 1 46028
0 1 46029
0 1 46033
0 1 46034
0 1 46038
0 1 46043
0 1 46048
0 1 46050
0 1 46052
0 1 46053
0 1 46055
0 1 46057
0 1 46062
0 1 46063
0 1 46065
0 1 46067
0 1 46069
0 1 46070
0 1 46077
0 1 46079
0 1 46080
0 1 46087
0 1 46088
0 1 46092
0 1 46098
0 1 46100
0 1 46110
0 1 46113
0 1 46117
0 1 46119
0 1 46123
0 1 46126
0 1 46128
0 1 46133
0 1 46134
0 1 46136
0 1 46137
0 1 46138
0 1 46141
0 1 46142
0 1 46143
0 1 46148
0 1 46149
0 1 46150
0 1 46151
0 1 46155
0 1 46157
0 1 46158
0 1 46159
0 1 46162
0 1 46164
0 1 46166
0 1 46167
0 1 46170
0 1 46171
0 1 46172
0 1 46173
0 1 46182
0 1 46183
0 1 46184
0 1 46186
0 1 46187
0 1 46189
0 1 46190
0 1 46191
0 1 46193
0 1 46194
0 1 46195
0 1 46197
0 1 46198
0 1 46199
0 1 46204
0 1 46208
0 1 46210
0 1 46211
0 1 46212
0 1 46224
0 1 46226
0 1 46228
0 1 46229
0 1 46232
0 1 46234
0 1 46236
0 1 46238
0 1 46240
0 1 46242
0 1 46245
0 1 46246
0 1 46247
0 1 46248
0 1 46250
0 1 46251
0 1 46253
0 1 46254
0 1 46256
0 1 46259
0 1 46261
0 1 46263
0 1 46264
0 1 46265
0 1 46267
0 1 46271
0 1 46272
0 1 46274
0 1 46276
0 1 46278
0 1 46280
0 1 46281
0 1 46282
0 1 46284
0 1 46289
0 1 46291
0 1 46293
0 1 46297
0 1 46298
0 1 46299
0 1 46301
0 1 46303
0 1 46304
0 1 46306
0 1 46307
0 1 46308
0 1 46309
0 1 46310
0 1 46311
0 1 46312
0 1 46313
0 1 46316
0 1 46321
0 1 46324
0 1 46326
0 1 46337
0 1 46338
0 1 46342
0 1 46343
0 1 46345
0 1 46346
0 1 46347
0 1 46349
0 1 46354
0 1 46356
0 1 46360
0 1 46361
0 1 46362
0 1 46364
0 1 46368
0 1 46369
0 1 46372
0 1 46374
0 1 46375
0 1 46376
0 1 46381
0 1 46382
0 1 46383
0 1 46387
0 1 46389
0 1 46392
0 1 46394
0 1 46395
0 1 46399
0 1 46402
0 1 46404
0 1 46411
0 1 46416
0 1 46419
0 1 46426
0 1 46428
0 1 46429
0 1 46431
0 1 46434
0 1 46436
0 1 46437
0 1 46438
0 1 46441
0 1 46443
0 1 46447
0 1 46450
0 1 46452
0 1 46453
0 1 46454
0 1 46456
0 1 46458
0 1 46460
0 1 46461
0 1 46465
0 1 46467
0 1 46470
0 1 46471
0 1 46475
0 1 46476
0 1 46477
0 1 46478
0 1 46484
0 1 46487
0 1 46489
0 1 46490
0 1 46495
0 1 46499
0 1 46500
0 1 46501
0 1 46502
0 1 46505
0 1 46508
0 1 46509
0 1 46516
0 1 46519
0 1 46522
0 1 46527
0 1 46530
0 1 46531
0 1 46532
0 1 46535
0 1 46536
0 1 46537
0 1 46544
0 1 46545
0 1 46547
0 1 46552
0 1 46553
0 1 46555
0 1 46556
0 1 46557
0 1 46558
0 1 46561
0 1 46562
0 1 46563
0 1 46565
0 1 46566
0 1 46572
0 1 46573
0 1 46574
0 1 46575
0 1 46576
0 1 46577
0 1 46581
0 1 46582
0 1 46583
0 1 46584
0 1 46588
0 1 46590
0 1 46591
0 1 46592
0 1 46594
0 1 46597
0 1 46599
0 1 46600
0 1 46603
0 1 46609
0 1 46612
0 1 46614
0 1 46619
0 1 46621
0 1 46627
0 1 46629
0 1 46634
0 1 46639
0 1 46640
0 1 46644
0 1 46650
0 1 46654
0 1 46656
0 1 46657
0 1 46658
0 1 46659
0 1 46661
0 1 46663
0 1 46666
0 1 46667
0 1 46669
0 1 46670
0 1 46677
0 1 46678
0 1 46681
0 1 46682
0 1 46683
0 1 46684
0 1 46685
0 1 46686
0 1 46687
0 1 46688
0 1 46692
0 1 46694
0 1 46695
0 1 46701
0 1 46705
0 1 46706
0 1 46707
0 1 46709
0 1 46710
0 1 46721
0 1 46724
0 1 46731
0 1 46732
0 1 46733
0 1 46734
0 1 46736
0 1 46737
0 1 46738
0 1 46741
0 1 46743
0 1 46744
0 1 46748
0 1 46750
0 1 46752
0 1 46754
0 1 46755
0 1 46758
0 1 46760
0 1 46761
0 1 46767
0 1 46769
0 1 46770
0 1 46771
0 1 46772
0 1 46773
0 1 46777
0 1 46780
0 1 46781
0 1 46785
0 1 46786
0 1 46788
0 1 46790
0 1 46796
0 1 46799
0 1 46805
0 1 46806
0 1 46810
0 1 46811
0 1 46812
0 1 46813
0 1 46816
0 1 46822
0 1 46825
0 1 46826
0 1 46827
0 1 46829
0 1 46830
0 1 46833
0 1 46836
0 1 46840
0 1 46841
0 1 46842
0 1 46843
0 1 46847
0 1 46851
0 1 46853
0 1 46854
0 1 46856
0 1 46858
0 1 46862
0 1 46864
0 1 46866
0 1 46868
0 1 46870
0 1 46874
0 1 46875
0 1 46877
0 1 46882
0 1 46885
0 1 46886
0 1 46887
0 1 46891
0 1 46893
0 1 46898
0 1 46899
0 1 46901
0 1 46905
0 1 46906
0 1 46908
0 1 46919
0 1 46921
0 1 46926
0 1 46927
0 1 46934
0 1 46936
0 1 46937
0 1 46938
0 1 46939
0 1 46943
0 1 46944
0 1 46948
0 1 46949
0 1 46950
0 1 46954
0 1 46955
0 1 46957
0 1 46960
0 1 46963
0 1 46964
0 1 46965
0 1 46966
0 1 46968
0 1 46969
0 1 46970
0 1 46974
0 1 46978
0 1 46983
0 1 46985
0 1 46987
0 1 46988
0 1 46990
0 1 46994
0 1 46995
0 1 46997
0 1 47004
0 1 47005
0 1 47007
0 1 47008
0 1 47011
0 1 47013
0 1 47014
0 1 47018
0 1 47019
0 1 47022
0 1 47023
0 1 47030
0 1 47031
0 1 47033
0 1 47034
0 1 47036
0 1 47037
0 1 47039
0 1 47043
0 1 47044
0 1 47046
0 1 47049
0 1 47051
0 1 47052
0 1 47053
0 1 47055
0 1 47059
0 1 47063
0 1 47065
0 1 47068
0 1 47071
0 1 47074
0 1 47078
0 1 47080
0 1 47085
0 1 47086
0 1 47087
0 1 47089
0 1 47093
0 1 47095
0 1 47099
0 1 47102
0 1 47105
0 1 47110
0 1 47111
0 1 47115
0 1 47116
0 1 47119
0 1 47120
0 1 47123
0 1 47125
0 1 47130
0 1 47131
0 1 47132
0 1 47136
0 1 47140
0 1 47142
0 1 47143
0 1 47149
0 1 47150
0 1 47153
0 1 47158
0 1 47160
0 1 47161
0 1 47164
0 1 47169
0 1 47170
0 1 47171
0 1 47174
0 1 47175
0 1 47177
0 1 47178
0 1 47179
0 1 47184
0 1 47185
0 1 47186
0 1 47188
0 1 47189
0 1 47193
0 1 47197
0 1 47200
0 1 47201
0 1 47202
0 1 47207
0 1 47208
0 1 47209
0 1 47210
0 1 47213
0 1 47215
0 1 47216
0 1 47219
0 1 47220
0 1 47221
0 1 47223
0 1 47227
0 1 47228
0 1 47231
0 1 47235
0 1 47236
0 1 47243
0 1 47246
0 1 47248
0 1 47249
0 1 47250
0 1 47259
0 1 47260
0 1 47262
0 1 47263
0 1 47265
0 1 47269
0 1 47272
0 1 47280
0 1 47284
0 1 47287
0 1 47288
0 1 47289
0 1 47294
0 1 47298
0 1 47300
0 1 47301
0 1 47309
0 1 47310
0 1 47311
0 1 47320
0 1 47322
0 1 47325
0 1 47326
0 1 47328
0 1 47330
0 1 47333
0 1 47334
0 1 47335
0 1 47337
0 1 47338
0 1 47340
0 1 47341
0 1 47343
0 1 47345
0 1 47348
0 1 47350
0 1 47351
0 1 47355
0 1 47356
0 1 47358
0 1 47360
0 1 47361
0 1 47362
0 1 47364
0 1 47368
0 1 47369
0 1 47370
0 1 47372
0 1 47375
0 1 47376
0 1 47377
0 1 47378
0 1 47379
0 1 47382
0 1 47387
0 1 47389
0 1 47391
0 1 47393
0 1 47394
0 1 47395
0 1 47405
0 1 47407
0 1 47408
0 1 47412
0 1 47417
0 1 47419
0 1 47420
0 1 47422
0 1 47432
0 1 47435
0 1 47436
0 1 47438
0 1 47441
0 1 47446
0 1 47452
0 1 47454
0 1 47455
0 1 47456
0 1 47457
0 1 47458
0 1 47459
0 1 47460
0 1 47464
0 1 47467
0 1 47470
0 1 47471
0 1 47474
0 1 47484
0 1 47490
0 1 47497
0 1 47498
0 1 47499
0 1 47500
0 1 47501
0 1 47502
0 1 47503
0 1 47504
0 1 47505
0 1 47507
0 1 47513
0 1 47519
0 1 47520
0 1 47526
0 1 47528
0 1 47530
0 1 47531
0 1 47533
0 1 47537
0 1 47539
0 1 47541
0 1 47543
0 1 47547
0 1 47549
0 1 47553
0 1 47554
0 1 47555
0 1 47557
0 1 47559
0 1 47567
0 1 47568
0 1 47571
0 1 47573
0 1 47574
0 1 47581
0 1 47582
0 1 47586
0 1 47589
0 1 47591
0 1 47592
0 1 47595
0 1 47596
0 1 47597
0 1 47599
0 1 47602
0 1 47603
0 1 47605
0 1 47608
0 1 47611
0 1 47619
0 1 47620
0 1 47623
0 1 47624
0 1 47626
0 1 47628
0 1 47629
0 1 47632
0 1 47634
0 1 47637
0 1 47638
0 1 47639
0 1 47640
0 1 47644
0 1 47648
0 1 47649
0 1 47651
0 1 47657
0 1 47663
0 1 47664
0 1 47666
0 1 47668
0 1 47674
0 1 47675
0 1 47678
0 1 47679
0 1 47683
0 1 47685
0 1 47688
0 1 47689
0 1 47692
0 1 47693
0 1 47695
0 1 47697
0 1 47700
0 1 47704
0 1 47705
0 1 47707
0 1 47709
0 1 47710
0 1 47711
0 1 47712
0 1 47713
0 1 47717
0 1 47719
0 1 47721
0 1 47722
0 1 47726
0 1 47728
0 1 47731
0 1 47732
0 1 47733
0 1 47734
0 1 47738
0 1 47740
0 1 47744
0 1 47749
0 1 47753
0 1 47755
0 1 47757
0 1 47762
0 1 47764
0 1 47771
0 1 47773
0 1 47775
0 1 47776
0 1 47778
0 1 47779
0 1 47780
0 1 47782
0 1 47789
0 1 47790
0 1 47794
0 1 47796
0 1 47799
0 1 47804
0 1 47805
0 1 47806
0 1 47809
0 1 47814
0 1 47815
0 1 47816
0 1 47819
0 1 47827
0 1 47836
0 1 47838
0 1 47840
0 1 47841
0 1 47847
0 1 47851
0 1 47852
0 1 47854
0 1 47857
0 1 47861
0 1 47862
0 1 47870
0 1 47874
0 1 47876
0 1 47883
0 1 47887
0 1 47889
0 1 47891
0 1 47893
0 1 47895
0 1 47898
0 1 47903
0 1 47904
0 1 47907
0 1 47909
0 1 47914
0 1 47915
0 1 47919
0 1 47924
0 1 47928
0 1 47929
0 1 47932
0 1 47936
0 1 47940
0 1 47942
0 1 47945
0 1 47946
0 1 47953
0 1 47960
0 1 47961
0 1 47962
0 1 47966
0 1 47969
0 1 47974
0 1 47975
0 1 47977
0 1 47978
0 1 47982
0 1 47983
0 1 47984
0 1 47986
0 1 47989
0 1 47991
0 1 47998
0 1 48001
0 1 48003
0 1 48004
0 1 48005
0 1 48007
0 1 48008
0 1 48010
0 1 48011
0 1 48012
0 1 48013
0 1 48017
0 1 48019
0 1 48021
0 1 48023
0 1 48025
0 1 48026
0 1 48028
0 1 48033
0 1 48038
0 1 48039
0 1 48040
0 1 48041
0 1 48044
0 1 48047
0 1 48053
0 1 48054
0 1 48055
0 1 48060
0 1 48064
0 1 48067
0 1 48075
0 1 48079
0 1 48082
0 1 48084
0 1 48088
0 1 48091
0 1 48094
0 1 48101
0 1 48102
0 1 48103
0 1 48108
0 1 48111
0 1 48112
0 1 48116
0 1 48117
0 1 48118
0 1 48119
0 1 48120
0 1 48121
0 1 48127
0 1 48129
0 1 48135
0 1 48140
0 1 48141
0 1 48142
0 1 48143
0 1 48145
0 1 48147
0 1 48156
0 1 48159
0 1 48165
0 1 48169
0 1 48170
0 1 48176
0 1 48182
0 1 48184
0 1 48186
0 1 48187
0 1 48188
0 1 48189
0 1 48193
0 1 48195
0 1 48201
0 1 48204
0 1 48205
0 1 48211
0 1 48214
0 1 48217
0 1 48218
0 1 48219
0 1 48220
0 1 48225
0 1 48227
0 1 48231
0 1 48232
0 1 48234
0 1 48235
0 1 48236
0 1 48242
0 1 48245
0 1 48246
0 1 48248
0 1 48251
0 1 48252
0 1 48253
0 1 48256
0 1 48259
0 1 48261
0 1 48265
0 1 48266
0 1 48271
0 1 48272
0 1 48274
0 1 48275
0 1 48277
0 1 48280
0 1 48281
0 1 48284
0 1 48286
0 1 48287
0 1 48289
0 1 48291
0 1 48296
0 1 48299
0 1 48306
0 1 48308
0 1 48309
0 1 48310
0 1 48311
0 1 48317
0 1 48318
0 1 48320
0 1 48321
0 1 48322
0 1 48324
0 1 48327
0 1 48328
0 1 48330
0 1 48331
0 1 48332
0 1 48333
0 1 48336
0 1 48340
0 1 48342
0 1 48343
0 1 48346
0 1 48347
0 1 48350
0 1 48356
0 1 48359
0 1 48360
0 1 48363
0 1 48367
0 1 48368
0 1 48369
0 1 48370
0 1 48372
0 1 48378
0 1 48382
0 1 48383
0 1 48385
0 1 48386
0 1 48389
0 1 48390
0 1 48391
0 1 48392
0 1 48397
0 1 48399
0 1 48412
0 1 48417
0 1 48418
0 1 48421
0 1 48422
0 1 48423
0 1 48428
0 1 48430
0 1 48434
0 1 48437
0 1 48442
0 1 48444
0 1 48445
0 1 48448
0 1 48450
0 1 48451
0 1 48452
0 1 48455
0 1 48458
0 1 48459
0 1 48463
0 1 48465
0 1 48467
0 1 48468
0 1 48469
0 1 48472
0 1 48473
0 1 48474
0 1 48476
0 1 48477
0 1 48480
0 1 48488
0 1 48491
0 1 48493
0 1 48496
0 1 48497
0 1 48499
0 1 48505
0 1 48508
0 1 48509
0 1 48512
0 1 48516
0 1 48521
0 1 48522
0 1 48524
0 1 48526
0 1 48527
0 1 48528
0 1 48531
0 1 48533
0 1 48534
0 1 48538
0 1 48544
0 1 48545
0 1 48546
0 1 48548
0 1 48550
0 1 48552
0 1 48556
0 1 48559
0 1 48562
0 1 48563
0 1 48569
0 1 48570
0 1 48571
0 1 48577
0 1 48578
0 1 48579
0 1 48580
0 1 48581
0 1 48583
0 1 48584
0 1 48585
0 1 48586
0 1 48587
0 1 48589
0 1 48591
0 1 48594
0 1 48598
0 1 48599
0 1 48601
0 1 48602
0 1 48603
0 1 48605
0 1 48608
0 1 48610
0 1 48616
0 1 48617
0 1 48620
0 1 48626
0 1 48628
0 1 48630
0 1 48633
0 1 48639
0 1 48640
0 1 48642
0 1 48645
0 1 48647
0 1 48649
0 1 48650
0 1 48653
0 1 48657
0 1 48658
0 1 48669
0 1 48674
0 1 48679
0 1 48680
0 1 48683
0 1 48684
0 1 48686
0 1 48687
0 1 48688
0 1 48691
0 1 48696
0 1 48702
0 1 48703
0 1 48707
0 1 48708
0 1 48709
0 1 48710
0 1 48711
0 1 48712
0 1 48713
0 1 48715
0 1 48717
0 1 48719
0 1 48721
0 1 48725
0 1 48726
0 1 48731
0 1 48733
0 1 48736
0 1 48738
0 1 48739
0 1 48744
0 1 48750
0 1 48751
0 1 48752
0 1 48753
0 1 48762
0 1 48765
0 1 48766
0 1 48767
0 1 48768
0 1 48769
0 1 48771
0 1 48774
0 1 48775
0 1 48778
0 1 48780
0 1 48781
0 1 48784
0 1 48786
0 1 48787
0 1 48788
0 1 48792
0 1 48794
0 1 48795
0 1 48798
0 1 48799
0 1 48800
0 1 48801
0 1 48802
0 1 48805
0 1 48806
0 1 48807
0 1 48808
0 1 48810
0 1 48816
0 1 48819
0 1 48820
0 1 48822
0 1 48824
0 1 48825
0 1 48837
0 1 48840
0 1 48842
0 1 48847
0 1 48848
0 1 48849
0 1 48851
0 1 48856
0 1 48857
0 1 48859
0 1 48861
0 1 48862
0 1 48864
0 1 48867
0 1 48869
0 1 48871
0 1 48875
0 1 48876
0 1 48877
0 1 48882
0 1 48887
0 1 48891
0 1 48892
0 1 48894
0 1 48897
0 1 48898
0 1 48899
0 1 48903
0 1 48905
0 1 48906
0 1 48908
0 1 48916
0 1 48918
0 1 48919
0 1 48920
0 1 48922
0 1 48925
0 1 48926
0 1 48929
0 1 48930
0 1 48936
0 1 48942
0 1 48943
0 1 48945
0 1 48946
0 1 48947
0 1 48948
0 1 48951
0 1 48952
0 1 48955
0 1 48956
0 1 48957
0 1 48960
0 1 48962
0 1 48965
0 1 48966
0 1 48971
0 1 48972
0 1 48976
0 1 48977
0 1 48980
0 1 48981
0 1 48982
0 1 48986
0 1 48990
0 1 48992
0 1 48995
0 1 48996
0 1 48998
0 1 49000
0 1 49002
0 1 49006
0 1 49010
0 1 49012
0 1 49014
0 1 49016
0 1 49017
0 1 49020
0 1 49023
0 1 49026
0 1 49030
0 1 49033
0 1 49035
0 1 49036
0 1 49038
0 1 49039
0 1 49041
0 1 49042
0 1 49043
0 1 49046
0 1 49047
0 1 49048
0 1 49049
0 1 49051
0 1 49052
0 1 49053
0 1 49058
0 1 49064
0 1 49069
0 1 49070
0 1 49071
0 1 49072
0 1 49078
0 1 49079
0 1 49081
0 1 49082
0 1 49090
0 1 49091
0 1 49092
0 1 49093
0 1 49094
0 1 49096
0 1 49097
0 1 49098
0 1 49099
0 1 49101
0 1 49102
0 1 49104
0 1 49114
0 1 49116
0 1 49120
0 1 49122
0 1 49123
0 1 49125
0 1 49127
0 1 49129
0 1 49130
0 1 49131
0 1 49133
0 1 49134
0 1 49136
0 1 49137
0 1 49139
0 1 49143
0 1 49146
0 1 49148
0 1 49149
0 1 49150
0 1 49152
0 1 49153
0 1 49155
0 1 49156
0 1 49165
0 1 49166
0 1 49167
0 1 49171
0 1 49179
0 1 49180
0 1 49181
0 1 49183
0 1 49184
0 1 49186
0 1 49189
0 1 49191
0 1 49192
0 1 49193
0 1 49194
0 1 49195
0 1 49197
0 1 49198
0 1 49202
0 1 49206
0 1 49211
0 1 49212
0 1 49214
0 1 49215
0 1 49216
0 1 49222
0 1 49223
0 1 49225
0 1 49226
0 1 49228
0 1 49230
0 1 49231
0 1 49232
0 1 49236
0 1 49239
0 1 49242
0 1 49246
0 1 49249
0 1 49252
0 1 49253
0 1 49259
0 1 49262
0 1 49268
0 1 49270
0 1 49272
0 1 49278
0 1 49281
0 1 49285
0 1 49286
0 1 49290
0 1 49293
0 1 49295
0 1 49298
0 1 49300
0 1 49302
0 1 49308
0 1 49310
0 1 49312
0 1 49318
0 1 49319
0 1 49320
0 1 49321
0 1 49322
0 1 49323
0 1 49326
0 1 49329
0 1 49330
0 1 49338
0 1 49342
0 1 49345
0 1 49348
0 1 49349
0 1 49353
0 1 49357
0 1 49362
0 1 49363
0 1 49364
0 1 49366
0 1 49368
0 1 49371
0 1 49373
0 1 49377
0 1 49380
0 1 49381
0 1 49382
0 1 49385
0 1 49387
0 1 49390
0 1 49391
0 1 49392
0 1 49395
0 1 49396
0 1 49400
0 1 49403
0 1 49410
0 1 49413
0 1 49414
0 1 49418
0 1 49419
0 1 49423
0 1 49425
0 1 49426
0 1 49429
0 1 49430
0 1 49433
0 1 49435
0 1 49437
0 1 49441
0 1 49446
0 1 49448
0 1 49449
0 1 49450
0 1 49451
0 1 49454
0 1 49458
0 1 49462
0 1 49463
0 1 49464
0 1 49465
0 1 49466
0 1 49467
0 1 49471
0 1 49472
0 1 49474
0 1 49475
0 1 49480
0 1 49482
0 1 49484
0 1 49486
0 1 49490
0 1 49492
0 1 49493
0 1 49495
0 1 49496
0 1 49497
0 1 49502
0 1 49506
0 1 49509
0 1 49510
0 1 49515
0 1 49518
0 1 49519
0 1 49521
0 1 49523
0 1 49525
0 1 49527
0 1 49530
0 1 49531
0 1 49533
0 1 49536
0 1 49538
0 1 49540
0 1 49541
0 1 49543
0 1 49544
0 1 49545
0 1 49552
0 1 49553
0 1 49558
0 1 49561
0 1 49563
0 1 49564
0 1 49566
0 1 49567
0 1 49569
0 1 49570
0 1 49571
0 1 49575
0 1 49577
0 1 49579
0 1 49581
0 1 49582
0 1 49589
0 1 49591
0 1 49592
0 1 49597
0 1 49611
0 1 49615
0 1 49616
0 1 49617
0 1 49621
0 1 49628
0 1 49631
0 1 49642
0 1 49643
0 1 49644
0 1 49648
0 1 49650
0 1 49651
0 1 49652
0 1 49655
0 1 49659
0 1 49663
0 1 49664
0 1 49666
0 1 49672
0 1 49677
0 1 49678
0 1 49679
0 1 49681
0 1 49684
0 1 49685
0 1 49686
0 1 49689
0 1 49690
0 1 49692
0 1 49694
0 1 49695
0 1 49696
0 1 49698
0 1 49700
0 1 49703
0 1 49707
0 1 49708
0 1 49711
0 1 49714
0 1 49716
0 1 49719
0 1 49723
0 1 49725
0 1 49731
0 1 49732
0 1 49733
0 1 49737
0 1 49741
0 1 49742
0 1 49743
0 1 49744
0 1 49745
0 1 49748
0 1 49749
0 1 49752
0 1 49760
0 1 49761
0 1 49769
0 1 49773
0 1 49774
0 1 49777
0 1 49778
0 1 49780
0 1 49781
0 1 49783
0 1 49785
0 1 49786
0 1 49791
0 1 49793
0 1 49795
0 1 49797
0 1 49803
0 1 49810
0 1 49811
0 1 49817
0 1 49818
0 1 49820
0 1 49822
0 1 49823
0 1 49824
0 1 49826
0 1 49828
0 1 49829
0 1 49831
0 1 49833
0 1 49838
0 1 49839
0 1 49842
0 1 49843
0 1 49844
0 1 49846
0 1 49850
0 1 49854
0 1 49857
0 1 49860
0 1 49862
0 1 49865
0 1 49866
0 1 49869
0 1 49873
0 1 49878
0 1 49886
0 1 49888
0 1 49891
0 1 49892
0 1 49893
0 1 49894
0 1 49899
0 1 49903
0 1 49905
0 1 49910
0 1 49912
0 1 49914
0 1 49915
0 1 49916
0 1 49917
0 1 49918
0 1 49920
0 1 49921
0 1 49922
0 1 49926
0 1 49927
0 1 49929
0 1 49933
0 1 49934
0 1 49935
0 1 49938
0 1 49939
0 1 49944
0 1 49949
0 1 49954
0 1 49955
0 1 49957
0 1 49961
0 1 49962
0 1 49967
0 1 49968
0 1 49971
0 1 49972
0 1 49973
0 1 49975
0 1 49978
0 1 49979
0 1 49980
0 1 49982
0 1 49988
0 1 49989
0 1 49990
0 1 49991
0 1 49992
0 1 49995
0 1 49996
0 1 49997
0 1 49998
0 1 49999
0 1 50003
0 1 50011
0 1 50012
0 1 50014
0 1 50015
0 1 50018
0 1 50019
0 1 50021
0 1 50022
0 1 50029
0 1 50030
0 1 50032
0 1 50036
0 1 50041
0 1 50042
0 1 50043
0 1 50046
0 1 50049
0 1 50050
0 1 50051
0 1 50052
0 1 50058
0 1 50059
0 1 50060
0 1 50063
0 1 50066
0 1 50067
0 1 50068
0 1 50070
0 1 50071
0 1 50072
0 1 50073
0 1 50075
0 1 50076
0 1 50077
0 1 50079
0 1 50083
0 1 50086
0 1 50089
0 1 50090
0 1 50091
0 1 50095
0 1 50098
0 1 50099
0 1 50101
0 1 50102
0 1 50106
0 1 50109
0 1 50115
0 1 50117
0 1 50118
0 1 50119
0 1 50123
0 1 50125
0 1 50141
0 1 50143
0 1 50148
0 1 50152
0 1 50155
0 1 50162
0 1 50167
0 1 50169
0 1 50174
0 1 50180
0 1 50181
0 1 50184
0 1 50187
0 1 50188
0 1 50192
0 1 50193
0 1 50195
0 1 50196
0 1 50203
0 1 50206
0 1 50207
0 1 50208
0 1 50209
0 1 50211
0 1 50214
0 1 50216
0 1 50217
0 1 50219
0 1 50228
0 1 50230
0 1 50231
0 1 50234
0 1 50236
0 1 50238
0 1 50239
0 1 50242
0 1 50245
0 1 50246
0 1 50247
0 1 50249
0 1 50250
0 1 50252
0 1 50255
0 1 50260
0 1 50262
0 1 50273
0 1 50274
0 1 50279
0 1 50282
0 1 50283
0 1 50286
0 1 50287
0 1 50288
0 1 50292
0 1 50294
0 1 50295
0 1 50298
0 1 50299
0 1 50307
0 1 50309
0 1 50310
0 1 50315
0 1 50316
0 1 50321
0 1 50322
0 1 50324
0 1 50327
0 1 50328
0 1 50329
0 1 50330
0 1 50332
0 1 50336
0 1 50339
0 1 50342
0 1 50346
0 1 50350
0 1 50352
0 1 50355
0 1 50363
0 1 50364
0 1 50365
0 1 50367
0 1 50368
0 1 50370
0 1 50374
0 1 50376
0 1 50378
0 1 50379
0 1 50380
0 1 50382
0 1 50383
0 1 50384
0 1 50386
0 1 50388
0 1 50389
0 1 50390
0 1 50391
0 1 50395
0 1 50401
0 1 50402
0 1 50404
0 1 50405
0 1 50406
0 1 50409
0 1 50410
0 1 50411
0 1 50414
0 1 50426
0 1 50429
0 1 50437
0 1 50438
0 1 50439
0 1 50440
0 1 50441
0 1 50445
0 1 50446
0 1 50449
0 1 50451
0 1 50452
0 1 50457
0 1 50459
0 1 50460
0 1 50461
0 1 50463
0 1 50464
0 1 50468
0 1 50469
0 1 50470
0 1 50472
0 1 50474
0 1 50476
0 1 50477
0 1 50483
0 1 50494
0 1 50495
0 1 50497
0 1 50498
0 1 50500
0 1 50502
0 1 50503
0 1 50504
0 1 50505
0 1 50508
0 1 50513
0 1 50515
0 1 50518
0 1 50519
0 1 50520
0 1 50526
0 1 50528
0 1 50530
0 1 50531
0 1 50532
0 1 50534
0 1 50535
0 1 50537
0 1 50538
0 1 50540
0 1 50542
0 1 50543
0 1 50546
0 1 50547
0 1 50548
0 1 50549
0 1 50551
0 1 50553
0 1 50554
0 1 50557
0 1 50558
0 1 50561
0 1 50562
0 1 50564
0 1 50568
0 1 50569
0 1 50571
0 1 50573
0 1 50575
0 1 50577
0 1 50578
0 1 50581
0 1 50583
0 1 50585
0 1 50587
0 1 50589
0 1 50590
0 1 50591
0 1 50598
0 1 50601
0 1 50606
0 1 50609
0 1 50610
0 1 50611
0 1 50612
0 1 50613
0 1 50614
0 1 50621
0 1 50622
0 1 50624
0 1 50626
0 1 50629
0 1 50631
0 1 50633
0 1 50640
0 1 50642
0 1 50647
0 1 50648
0 1 50652
0 1 50654
0 1 50655
0 1 50661
0 1 50662
0 1 50667
0 1 50668
0 1 50671
0 1 50675
0 1 50678
0 1 50682
0 1 50683
0 1 50685
0 1 50686
0 1 50692
0 1 50694
0 1 50695
0 1 50697
0 1 50700
0 1 50701
0 1 50706
0 1 50708
0 1 50710
0 1 50716
0 1 50718
0 1 50725
0 1 50726
0 1 50728
0 1 50729
0 1 50730
0 1 50735
0 1 50736
0 1 50738
0 1 50739
0 1 50742
0 1 50744
0 1 50745
0 1 50746
0 1 50747
0 1 50750
0 1 50753
0 1 50755
0 1 50762
0 1 50763
0 1 50766
0 1 50768
0 1 50769
0 1 50770
0 1 50772
0 1 50774
0 1 50775
0 1 50776
0 1 50777
0 1 50779
0 1 50782
0 1 50784
0 1 50785
0 1 50788
0 1 50789
0 1 50792
0 1 50798
0 1 50800
0 1 50802
0 1 50807
0 1 50820
0 1 50823
0 1 50826
0 1 50827
0 1 50828
0 1 50830
0 1 50833
0 1 50835
0 1 50841
0 1 50842
0 1 50843
0 1 50848
0 1 50852
0 1 50853
0 1 50855
0 1 50863
0 1 50865
0 1 50866
0 1 50868
0 1 50874
0 1 50876
0 1 50887
0 1 50888
0 1 50891
0 1 50892
0 1 50895
0 1 50898
0 1 50900
0 1 50901
0 1 50902
0 1 50903
0 1 50904
0 1 50911
0 1 50912
0 1 50914
0 1 50915
0 1 50917
0 1 50918
0 1 50921
0 1 50922
0 1 50927
0 1 50930
0 1 50934
0 1 50935
0 1 50942
0 1 50943
0 1 50949
0 1 50951
0 1 50955
0 1 50956
0 1 50957
0 1 50960
0 1 50962
0 1 50967
0 1 50969
0 1 50970
0 1 50972
0 1 50974
0 1 50975
0 1 50976
0 1 50981
0 1 50982
0 1 50984
0 1 50986
0 1 50988
0 1 50993
0 1 50995
0 1 50997
0 1 51000
0 1 51003
0 1 51004
0 1 51007
0 1 51008
0 1 51010
0 1 51015
0 1 51018
0 1 51019
0 1 51021
0 1 51023
0 1 51025
0 1 51027
0 1 51029
0 1 51030
0 1 51032
0 1 51033
0 1 51035
0 1 51036
0 1 51042
0 1 51045
0 1 51048
0 1 51050
0 1 51052
0 1 51054
0 1 51056
0 1 51058
0 1 51060
0 1 51061
0 1 51062
0 1 51063
0 1 51064
0 1 51065
0 1 51071
0 1 51073
0 1 51074
0 1 51076
0 1 51077
0 1 51079
0 1 51080
0 1 51083
0 1 51084
0 1 51090
0 1 51094
0 1 51095
0 1 51096
0 1 51097
0 1 51099
0 1 51101
0 1 51102
0 1 51104
0 1 51108
0 1 51110
0 1 51111
0 1 51113
0 1 51114
0 1 51115
0 1 51117
0 1 51120
0 1 51121
0 1 51122
0 1 51123
0 1 51125
0 1 51128
0 1 51129
0 1 51131
0 1 51133
0 1 51140
0 1 51142
0 1 51143
0 1 51144
0 1 51145
0 1 51147
0 1 51150
0 1 51151
0 1 51153
0 1 51155
0 1 51159
0 1 51162
0 1 51163
0 1 51168
0 1 51171
0 1 51172
0 1 51173
0 1 51176
0 1 51177
0 1 51179
0 1 51180
0 1 51181
0 1 51183
0 1 51185
0 1 51187
0 1 51190
0 1 51199
0 1 51200
0 1 51204
0 1 51205
0 1 51206
0 1 51207
0 1 51208
0 1 51212
0 1 51215
0 1 51217
0 1 51219
0 1 51220
0 1 51222
0 1 51223
0 1 51225
0 1 51228
0 1 51229
0 1 51232
0 1 51233
0 1 51234
0 1 51237
0 1 51239
0 1 51240
0 1 51243
0 1 51248
0 1 51252
0 1 51256
0 1 51257
0 1 51258
0 1 51259
0 1 51261
0 1 51264
0 1 51267
0 1 51268
0 1 51271
0 1 51273
0 1 51274
0 1 51279
0 1 51283
0 1 51285
0 1 51287
0 1 51288
0 1 51292
0 1 51295
0 1 51296
0 1 51297
0 1 51298
0 1 51299
0 1 51300
0 1 51301
0 1 51309
0 1 51312
0 1 51313
0 1 51314
0 1 51316
0 1 51318
0 1 51320
0 1 51324
0 1 51327
0 1 51329
0 1 51333
0 1 51335
0 1 51339
0 1 51340
0 1 51341
0 1 51343
0 1 51348
0 1 51349
0 1 51350
0 1 51353
0 1 51358
0 1 51361
0 1 51364
0 1 51365
0 1 51368
0 1 51372
0 1 51373
0 1 51374
0 1 51376
0 1 51381
0 1 51382
0 1 51384
0 1 51385
0 1 51387
0 1 51388
0 1 51389
0 1 51394
0 1 51395
0 1 51396
0 1 51400
0 1 51402
0 1 51403
0 1 51408
0 1 51409
0 1 51412
0 1 51414
0 1 51415
0 1 51416
0 1 51417
0 1 51419
0 1 51424
0 1 51425
0 1 51427
0 1 51429
0 1 51430
0 1 51432
0 1 51433
0 1 51434
0 1 51436
0 1 51437
0 1 51439
0 1 51440
0 1 51444
0 1 51449
0 1 51453
0 1 51457
0 1 51458
0 1 51461
0 1 51466
0 1 51469
0 1 51473
0 1 51476
0 1 51477
0 1 51480
0 1 51481
0 1 51486
0 1 51487
0 1 51488
0 1 51489
0 1 51494
0 1 51495
0 1 51496
0 1 51498
0 1 51501
0 1 51505
0 1 51506
0 1 51507
0 1 51508
0 1 51511
0 1 51512
0 1 51513
0 1 51515
0 1 51516
0 1 51517
0 1 51518
0 1 51520
0 1 51521
0 1 51523
0 1 51526
0 1 51534
0 1 51537
0 1 51540
0 1 51541
0 1 51544
0 1 51548
0 1 51549
0 1 51552
0 1 51553
0 1 51554
0 1 51556
0 1 51559
0 1 51561
0 1 51568
0 1 51570
0 1 51572
0 1 51578
0 1 51581
0 1 51583
0 1 51586
0 1 51588
0 1 51592
0 1 51594
0 1 51596
0 1 51601
0 1 51604
0 1 51606
0 1 51607
0 1 51608
0 1 51610
0 1 51612
0 1 51615
0 1 51620
0 1 51628
0 1 51629
0 1 51630
0 1 51634
0 1 51636
0 1 51638
0 1 51639
0 1 51641
0 1 51642
0 1 51645
0 1 51646
0 1 51647
0 1 51650
0 1 51652
0 1 51654
0 1 51659
0 1 51660
0 1 51661
0 1 51663
0 1 51665
0 1 51666
0 1 51667
0 1 51670
0 1 51677
0 1 51679
0 1 51680
0 1 51682
0 1 51683
0 1 51689
0 1 51690
0 1 51693
0 1 51694
0 1 51695
0 1 51698
0 1 51703
0 1 51704
0 1 51705
0 1 51707
0 1 51711
0 1 51712
0 1 51713
0 1 51719
0 1 51720
0 1 51721
0 1 51722
0 1 51724
0 1 51725
0 1 51727
0 1 51728
0 1 51729
0 1 51730
0 1 51736
0 1 51737
0 1 51742
0 1 51746
0 1 51750
0 1 51755
0 1 51756
0 1 51763
0 1 51765
0 1 51767
0 1 51774
0 1 51776
0 1 51781
0 1 51782
0 1 51783
0 1 51784
0 1 51785
0 1 51786
0 1 51787
0 1 51790
0 1 51793
0 1 51794
0 1 51795
0 1 51796
0 1 51801
0 1 51806
0 1 51807
0 1 51808
0 1 51810
0 1 51815
0 1 51816
0 1 51817
0 1 51819
0 1 51823
0 1 51826
0 1 51833
0 1 51836
0 1 51839
0 1 51840
0 1 51844
0 1 51847
0 1 51849
0 1 51854
0 1 51856
0 1 51858
0 1 51859
0 1 51860
0 1 51864
0 1 51867
0 1 51871
0 1 51872
0 1 51873
0 1 51875
0 1 51879
0 1 51880
0 1 51882
0 1 51884
0 1 51885
0 1 51886
0 1 51888
0 1 51894
0 1 51895
0 1 51896
0 1 51897
0 1 51898
0 1 51904
0 1 51907
0 1 51911
0 1 51913
0 1 51914
0 1 51919
0 1 51924
0 1 51926
0 1 51930
0 1 51931
0 1 51937
0 1 51939
0 1 51941
0 1 51947
0 1 51948
0 1 51949
0 1 51955
0 1 51956
0 1 51962
0 1 51965
0 1 51968
0 1 51973
0 1 51974
0 1 51977
0 1 51983
0 1 51986
0 1 51987
0 1 51991
0 1 51992
0 1 51993
0 1 51994
0 1 51995
0 1 51998
0 1 51999
0 1 52000
0 1 52002
0 1 52005
0 1 52008
0 1 52012
0 1 52014
0 1 52016
0 1 52019
0 1 52020
0 1 52023
0 1 52024
0 1 52025
0 1 52027
0 1 52029
0 1 52032
0 1 52036
0 1 52038
0 1 52047
0 1 52051
0 1 52053
0 1 52055
0 1 52056
0 1 52057
0 1 52058
0 1 52061
0 1 52062
0 1 52070
0 1 52071
0 1 52072
0 1 52076
0 1 52079
0 1 52080
0 1 52082
0 1 52087
0 1 52088
0 1 52092
0 1 52097
0 1 52098
0 1 52100
0 1 52103
0 1 52105
0 1 52108
0 1 52110
0 1 52111
0 1 52113
0 1 52115
0 1 52117
0 1 52118
0 1 52119
0 1 52127
0 1 52129
0 1 52130
0 1 52135
0 1 52136
0 1 52137
0 1 52138
0 1 52140
0 1 52142
0 1 52144
0 1 52149
0 1 52151
0 1 52155
0 1 52166
0 1 52167
0 1 52175
0 1 52177
0 1 52178
0 1 52182
0 1 52184
0 1 52185
0 1 52188
0 1 52190
0 1 52192
0 1 52198
0 1 52199
0 1 52201
0 1 52205
0 1 52206
0 1 52207
0 1 52208
0 1 52210
0 1 52215
0 1 52216
0 1 52217
0 1 52221
0 1 52223
0 1 52225
0 1 52226
0 1 52228
0 1 52232
0 1 52241
0 1 52243
0 1 52244
0 1 52246
0 1 52247
0 1 52249
0 1 52251
0 1 52257
0 1 52258
0 1 52259
0 1 52260
0 1 52261
0 1 52266
0 1 52271
0 1 52272
0 1 52274
0 1 52277
0 1 52278
0 1 52279
0 1 52280
0 1 52283
0 1 52284
0 1 52287
0 1 52288
0 1 52289
0 1 52291
0 1 52294
0 1 52298
0 1 52299
0 1 52302
0 1 52307
0 1 52308
0 1 52315
0 1 52316
0 1 52317
0 1 52320
0 1 52323
0 1 52326
0 1 52327
0 1 52328
0 1 52329
0 1 52330
0 1 52332
0 1 52333
0 1 52339
0 1 52344
0 1 52348
0 1 52350
0 1 52351
0 1 52353
0 1 52354
0 1 52355
0 1 52359
0 1 52361
0 1 52363
0 1 52368
0 1 52372
0 1 52374
0 1 52381
0 1 52383
0 1 52384
0 1 52385
0 1 52389
0 1 52390
0 1 52391
0 1 52394
0 1 52395
0 1 52396
0 1 52397
0 1 52398
0 1 52402
0 1 52408
0 1 52410
0 1 52412
0 1 52415
0 1 52421
0 1 52423
0 1 52428
0 1 52429
0 1 52432
0 1 52435
0 1 52441
0 1 52446
0 1 52447
0 1 52452
0 1 52455
0 1 52457
0 1 52459
0 1 52461
0 1 52464
0 1 52465
0 1 52466
0 1 52469
0 1 52470
0 1 52472
0 1 52473
0 1 52475
0 1 52479
0 1 52480
0 1 52481
0 1 52482
0 1 52488
0 1 52492
0 1 52494
0 1 52495
0 1 52502
0 1 52503
0 1 52504
0 1 52507
0 1 52508
0 1 52510
0 1 52513
0 1 52520
0 1 52521
0 1 52522
0 1 52526
0 1 52527
0 1 52528
0 1 52529
0 1 52534
0 1 52536
0 1 52542
0 1 52544
0 1 52546
0 1 52547
0 1 52549
0 1 52552
0 1 52553
0 1 52554
0 1 52556
0 1 52558
0 1 52559
0 1 52563
0 1 52570
0 1 52571
0 1 52575
0 1 52576
0 1 52577
0 1 52578
0 1 52580
0 1 52581
0 1 52596
0 1 52598
0 1 52603
0 1 52604
0 1 52610
0 1 52618
0 1 52619
0 1 52621
0 1 52622
0 1 52627
0 1 52630
0 1 52634
0 1 52635
0 1 52639
0 1 52640
0 1 52644
0 1 52647
0 1 52648
0 1 52654
0 1 52658
0 1 52659
0 1 52661
0 1 52662
0 1 52663
0 1 52666
0 1 52672
0 1 52675
0 1 52676
0 1 52678
0 1 52679
0 1 52682
0 1 52684
0 1 52685
0 1 52686
0 1 52688
0 1 52691
0 1 52692
0 1 52697
0 1 52701
0 1 52704
0 1 52706
0 1 52709
0 1 52714
0 1 52715
0 1 52720
0 1 52722
0 1 52723
0 1 52726
0 1 52728
0 1 52730
0 1 52731
0 1 52734
0 1 52737
0 1 52739
0 1 52740
0 1 52742
0 1 52747
0 1 52748
0 1 52749
0 1 52750
0 1 52751
0 1 52753
0 1 52754
0 1 52755
0 1 52757
0 1 52758
0 1 52759
0 1 52762
0 1 52763
0 1 52765
0 1 52772
0 1 52774
0 1 52777
0 1 52779
0 1 52781
0 1 52782
0 1 52783
0 1 52784
0 1 52785
0 1 52786
0 1 52787
0 1 52792
0 1 52793
0 1 52794
0 1 52796
0 1 52800
0 1 52809
0 1 52812
0 1 52813
0 1 52814
0 1 52815
0 1 52817
0 1 52820
0 1 52823
0 1 52826
0 1 52828
0 1 52829
0 1 52830
0 1 52832
0 1 52833
0 1 52837
0 1 52844
0 1 52845
0 1 52848
0 1 52851
0 1 52858
0 1 52864
0 1 52872
0 1 52874
0 1 52875
0 1 52878
0 1 52881
0 1 52892
0 1 52895
0 1 52897
0 1 52900
0 1 52902
0 1 52904
0 1 52905
0 1 52908
0 1 52909
0 1 52911
0 1 52913
0 1 52916
0 1 52922
0 1 52923
0 1 52924
0 1 52936
0 1 52937
0 1 52942
0 1 52947
0 1 52948
0 1 52951
0 1 52953
0 1 52955
0 1 52956
0 1 52958
0 1 52959
0 1 52960
0 1 52961
0 1 52963
0 1 52970
0 1 52972
0 1 52973
0 1 52974
0 1 52975
0 1 52977
0 1 52981
0 1 52983
0 1 52987
0 1 52989
0 1 52990
0 1 52992
0 1 52994
0 1 52996
0 1 52997
0 1 52998
0 1 52999
0 1 53000
0 1 53001
0 1 53006
0 1 53008
0 1 53013
0 1 53015
0 1 53017
0 1 53018
0 1 53020
0 1 53022
0 1 53023
0 1 53025
0 1 53030
0 1 53034
0 1 53036
0 1 53038
0 1 53040
0 1 53041
0 1 53042
0 1 53043
0 1 53044
0 1 53045
0 1 53046
0 1 53047
0 1 53049
0 1 53054
0 1 53055
0 1 53058
0 1 53059
0 1 53063
0 1 53064
0 1 53066
0 1 53069
0 1 53079
0 1 53082
0 1 53090
0 1 53092
0 1 53093
0 1 53097
0 1 53103
0 1 53106
0 1 53109
0 1 53110
0 1 53111
0 1 53113
0 1 53116
0 1 53122
0 1 53124
0 1 53126
0 1 53128
0 1 53131
0 1 53134
0 1 53135
0 1 53137
0 1 53148
0 1 53155
0 1 53156
0 1 53157
0 1 53160
0 1 53161
0 1 53162
0 1 53164
0 1 53165
0 1 53170
0 1 53173
0 1 53175
0 1 53179
0 1 53181
0 1 53185
0 1 53189
0 1 53190
0 1 53191
0 1 53193
0 1 53194
0 1 53195
0 1 53197
0 1 53204
0 1 53205
0 1 53206
0 1 53208
0 1 53210
0 1 53213
0 1 53218
0 1 53221
0 1 53223
0 1 53224
0 1 53225
0 1 53227
0 1 53231
0 1 53232
0 1 53233
0 1 53236
0 1 53240
0 1 53241
0 1 53242
0 1 53243
0 1 53244
0 1 53245
0 1 53246
0 1 53250
0 1 53251
0 1 53252
0 1 53253
0 1 53256
0 1 53257
0 1 53259
0 1 53261
0 1 53262
0 1 53263
0 1 53265
0 1 53268
0 1 53269
0 1 53271
0 1 53276
0 1 53277
0 1 53280
0 1 53281
0 1 53283
0 1 53284
0 1 53285
0 1 53288
0 1 53289
0 1 53294
0 1 53298
0 1 53299
0 1 53303
0 1 53306
0 1 53308
0 1 53309
0 1 53310
0 1 53311
0 1 53316
0 1 53317
0 1 53325
0 1 53326
0 1 53329
0 1 53331
0 1 53333
0 1 53341
0 1 53349
0 1 53351
0 1 53356
0 1 53359
0 1 53361
0 1 53362
0 1 53366
0 1 53368
0 1 53369
0 1 53372
0 1 53373
0 1 53374
0 1 53376
0 1 53378
0 1 53381
0 1 53383
0 1 53387
0 1 53389
0 1 53395
0 1 53396
0 1 53398
0 1 53399
0 1 53402
0 1 53407
0 1 53410
0 1 53412
0 1 53413
0 1 53414
0 1 53417
0 1 53419
0 1 53424
0 1 53426
0 1 53427
0 1 53429
0 1 53430
0 1 53431
0 1 53433
0 1 53437
0 1 53440
0 1 53442
0 1 53444
0 1 53445
0 1 53447
0 1 53449
0 1 53451
0 1 53457
0 1 53459
0 1 53461
0 1 53462
0 1 53463
0 1 53468
0 1 53470
0 1 53471
0 1 53473
0 1 53474
0 1 53476
0 1 53477
0 1 53478
0 1 53480
0 1 53481
0 1 53484
0 1 53488
0 1 53491
0 1 53492
0 1 53493
0 1 53496
0 1 53498
0 1 53500
0 1 53501
0 1 53504
0 1 53505
0 1 53506
0 1 53510
0 1 53512
0 1 53514
0 1 53515
0 1 53519
0 1 53520
0 1 53523
0 1 53527
0 1 53530
0 1 53532
0 1 53537
0 1 53544
0 1 53546
0 1 53548
0 1 53549
0 1 53553
0 1 53554
0 1 53556
0 1 53559
0 1 53567
0 1 53572
0 1 53573
0 1 53574
0 1 53577
0 1 53578
0 1 53581
0 1 53594
0 1 53595
0 1 53597
0 1 53598
0 1 53602
0 1 53606
0 1 53607
0 1 53611
0 1 53613
0 1 53615
0 1 53617
0 1 53620
0 1 53621
0 1 53623
0 1 53625
0 1 53626
0 1 53627
0 1 53634
0 1 53635
0 1 53642
0 1 53648
0 1 53652
0 1 53655
0 1 53656
0 1 53658
0 1 53661
0 1 53662
0 1 53663
0 1 53664
0 1 53666
0 1 53668
0 1 53673
0 1 53674
0 1 53676
0 1 53681
0 1 53687
0 1 53688
0 1 53689
0 1 53693
0 1 53695
0 1 53696
0 1 53697
0 1 53702
0 1 53703
0 1 53706
0 1 53712
0 1 53713
0 1 53717
0 1 53721
0 1 53728
0 1 53729
0 1 53732
0 1 53733
0 1 53734
0 1 53737
0 1 53738
0 1 53739
0 1 53740
0 1 53741
0 1 53745
0 1 53747
0 1 53748
0 1 53750
0 1 53753
0 1 53754
0 1 53755
0 1 53757
0 1 53760
0 1 53762
0 1 53766
0 1 53770
0 1 53774
0 1 53775
0 1 53776
0 1 53777
0 1 53778
0 1 53780
0 1 53781
0 1 53783
0 1 53784
0 1 53785
0 1 53786
0 1 53790
0 1 53791
0 1 53795
0 1 53797
0 1 53801
0 1 53803
0 1 53805
0 1 53806
0 1 53807
0 1 53808
0 1 53810
0 1 53811
0 1 53816
0 1 53819
0 1 53820
0 1 53821
0 1 53824
0 1 53825
0 1 53826
0 1 53837
0 1 53838
0 1 53841
0 1 53842
0 1 53844
0 1 53851
0 1 53853
0 1 53855
0 1 53856
0 1 53859
0 1 53860
0 1 53861
0 1 53862
0 1 53865
0 1 53866
0 1 53868
0 1 53871
0 1 53872
0 1 53873
0 1 53876
0 1 53879
0 1 53883
0 1 53885
0 1 53886
0 1 53889
0 1 53890
0 1 53891
0 1 53896
0 1 53897
0 1 53904
0 1 53906
0 1 53910
0 1 53911
0 1 53912
0 1 53913
0 1 53917
0 1 53918
0 1 53919
0 1 53921
0 1 53922
0 1 53923
0 1 53925
0 1 53931
0 1 53935
0 1 53936
0 1 53937
0 1 53941
0 1 53942
0 1 53944
0 1 53945
0 1 53950
0 1 53951
0 1 53953
0 1 53957
0 1 53960
0 1 53962
0 1 53963
0 1 53966
0 1 53975
0 1 53978
0 1 53980
0 1 53987
0 1 53988
0 1 53991
0 1 53993
0 1 53994
0 1 53996
0 1 53998
0 1 53999
0 1 54001
0 1 54002
0 1 54003
0 1 54004
0 1 54007
0 1 54009
0 1 54011
0 1 54012
0 1 54020
0 1 54024
0 1 54025
0 1 54026
0 1 54028
0 1 54029
0 1 54031
0 1 54032
0 1 54038
0 1 54042
0 1 54043
0 1 54046
0 1 54052
0 1 54056
0 1 54058
0 1 54060
0 1 54062
0 1 54066
0 1 54069
0 1 54075
0 1 54077
0 1 54082
0 1 54087
0 1 54088
0 1 54097
0 1 54100
0 1 54102
0 1 54104
0 1 54105
0 1 54106
0 1 54113
0 1 54115
0 1 54117
0 1 54122
0 1 54126
0 1 54128
0 1 54129
0 1 54130
0 1 54132
0 1 54136
0 1 54138
0 1 54139
0 1 54140
0 1 54142
0 1 54145
0 1 54146
0 1 54150
0 1 54152
0 1 54156
0 1 54157
0 1 54161
0 1 54162
0 1 54165
0 1 54167
0 1 54169
0 1 54171
0 1 54176
0 1 54178
0 1 54179
0 1 54181
0 1 54183
0 1 54185
0 1 54187
0 1 54188
0 1 54191
0 1 54192
0 1 54195
0 1 54196
0 1 54198
0 1 54199
0 1 54201
0 1 54202
0 1 54203
0 1 54204
0 1 54205
0 1 54208
0 1 54210
0 1 54211
0 1 54212
0 1 54216
0 1 54217
0 1 54218
0 1 54219
0 1 54224
0 1 54232
0 1 54236
0 1 54238
0 1 54239
0 1 54241
0 1 54242
0 1 54243
0 1 54245
0 1 54246
0 1 54249
0 1 54250
0 1 54252
0 1 54253
0 1 54254
0 1 54257
0 1 54260
0 1 54261
0 1 54262
0 1 54268
0 1 54269
0 1 54270
0 1 54271
0 1 54276
0 1 54278
0 1 54282
0 1 54283
0 1 54285
0 1 54286
0 1 54288
0 1 54290
0 1 54292
0 1 54294
0 1 54295
0 1 54296
0 1 54302
0 1 54307
0 1 54310
0 1 54311
0 1 54312
0 1 54315
0 1 54318
0 1 54319
0 1 54321
0 1 54322
0 1 54323
0 1 54324
0 1 54328
0 1 54330
0 1 54331
0 1 54332
0 1 54336
0 1 54340
0 1 54341
0 1 54342
0 1 54344
0 1 54345
0 1 54349
0 1 54350
0 1 54352
0 1 54353
0 1 54358
0 1 54361
0 1 54365
0 1 54366
0 1 54367
0 1 54375
0 1 54376
0 1 54378
0 1 54379
0 1 54380
0 1 54381
0 1 54383
0 1 54385
0 1 54389
0 1 54392
0 1 54395
0 1 54396
0 1 54405
0 1 54406
0 1 54408
0 1 54410
0 1 54411
0 1 54419
0 1 54420
0 1 54421
0 1 54423
0 1 54425
0 1 54428
0 1 54429
0 1 54434
0 1 54436
0 1 54437
0 1 54438
0 1 54443
0 1 54449
0 1 54450
0 1 54451
0 1 54452
0 1 54454
0 1 54455
0 1 54456
0 1 54457
0 1 54460
0 1 54466
0 1 54468
0 1 54471
0 1 54472
0 1 54475
0 1 54478
0 1 54480
0 1 54483
0 1 54485
0 1 54487
0 1 54488
0 1 54493
0 1 54495
0 1 54496
0 1 54497
0 1 54505
0 1 54507
0 1 54508
0 1 54509
0 1 54510
0 1 54511
0 1 54512
0 1 54515
0 1 54523
0 1 54524
0 1 54525
0 1 54526
0 1 54529
0 1 54530
0 1 54532
0 1 54536
0 1 54538
0 1 54541
0 1 54542
0 1 54545
0 1 54553
0 1 54554
0 1 54555
0 1 54558
0 1 54559
0 1 54566
0 1 54569
0 1 54570
0 1 54572
0 1 54574
0 1 54575
0 1 54577
0 1 54578
0 1 54581
0 1 54583
0 1 54586
0 1 54588
0 1 54589
0 1 54590
0 1 54592
0 1 54594
0 1 54596
0 1 54597
0 1 54600
0 1 54604
0 1 54605
0 1 54607
0 1 54611
0 1 54619
0 1 54622
0 1 54624
0 1 54626
0 1 54628
0 1 54631
0 1 54633
0 1 54634
0 1 54635
0 1 54643
0 1 54644
0 1 54646
0 1 54649
0 1 54653
0 1 54658
0 1 54660
0 1 54667
0 1 54674
0 1 54678
0 1 54679
0 1 54684
0 1 54685
0 1 54687
0 1 54688
0 1 54689
0 1 54690
0 1 54691
0 1 54692
0 1 54693
0 1 54695
0 1 54698
0 1 54700
0 1 54701
0 1 54702
0 1 54703
0 1 54704
0 1 54705
0 1 54706
0 1 54707
0 1 54708
0 1 54709
0 1 54710
0 1 54712
0 1 54713
0 1 54714
0 1 54717
0 1 54726
0 1 54727
0 1 54728
0 1 54730
0 1 54733
0 1 54740
0 1 54743
0 1 54746
0 1 54748
0 1 54750
0 1 54752
0 1 54753
0 1 54758
0 1 54763
0 1 54765
0 1 54766
0 1 54767
0 1 54769
0 1 54772
0 1 54773
0 1 54777
0 1 54780
0 1 54781
0 1 54784
0 1 54785
0 1 54788
0 1 54791
0 1 54792
0 1 54793
0 1 54794
0 1 54795
0 1 54796
0 1 54797
0 1 54798
0 1 54801
0 1 54804
0 1 54808
0 1 54814
0 1 54815
0 1 54824
0 1 54826
0 1 54829
0 1 54830
0 1 54832
0 1 54833
0 1 54834
0 1 54836
0 1 54838
0 1 54847
0 1 54848
0 1 54851
0 1 54854
0 1 54857
0 1 54858
0 1 54860
0 1 54861
0 1 54863
0 1 54864
0 1 54867
0 1 54871
0 1 54872
0 1 54874
0 1 54875
0 1 54877
0 1 54878
0 1 54880
0 1 54884
0 1 54886
0 1 54887
0 1 54890
0 1 54893
0 1 54896
0 1 54897
0 1 54898
0 1 54899
0 1 54900
0 1 54902
0 1 54906
0 1 54909
0 1 54912
0 1 54915
0 1 54916
0 1 54917
0 1 54918
0 1 54919
0 1 54920
0 1 54921
0 1 54922
0 1 54923
0 1 54925
0 1 54926
0 1 54927
0 1 54928
0 1 54929
0 1 54935
0 1 54936
0 1 54938
0 1 54941
0 1 54942
0 1 54943
0 1 54946
0 1 54951
0 1 54956
0 1 54958
0 1 54967
0 1 54970
0 1 54973
0 1 54975
0 1 54976
0 1 54978
0 1 54979
0 1 54989
0 1 54995
0 1 54996
0 1 54998
0 1 54999
0 1 55000
0 1 55001
0 1 55002
0 1 55003
0 1 55004
0 1 55008
0 1 55009
0 1 55010
0 1 55012
0 1 55017
0 1 55019
0 1 55024
0 1 55027
0 1 55031
0 1 55034
0 1 55036
0 1 55039
0 1 55042
0 1 55043
0 1 55046
0 1 55052
0 1 55054
0 1 55056
0 1 55058
0 1 55060
0 1 55064
0 1 55065
0 1 55067
0 1 55069
0 1 55070
0 1 55071
0 1 55073
0 1 55076
0 1 55079
0 1 55081
0 1 55083
0 1 55087
0 1 55095
0 1 55096
0 1 55102
0 1 55104
0 1 55105
0 1 55107
0 1 55109
0 1 55110
0 1 55114
0 1 55119
0 1 55120
0 1 55121
0 1 55123
0 1 55131
0 1 55135
0 1 55136
0 1 55139
0 1 55141
0 1 55142
0 1 55143
0 1 55144
0 1 55145
0 1 55149
0 1 55150
0 1 55151
0 1 55156
0 1 55158
0 1 55160
0 1 55162
0 1 55164
0 1 55165
0 1 55168
0 1 55169
0 1 55170
0 1 55172
0 1 55173
0 1 55174
0 1 55175
0 1 55191
0 1 55194
0 1 55197
0 1 55202
0 1 55204
0 1 55205
0 1 55206
0 1 55210
0 1 55214
0 1 55217
0 1 55218
0 1 55222
0 1 55223
0 1 55225
0 1 55227
0 1 55230
0 1 55232
0 1 55235
0 1 55236
0 1 55238
0 1 55240
0 1 55245
0 1 55250
0 1 55252
0 1 55253
0 1 55254
0 1 55255
0 1 55261
0 1 55264
0 1 55265
0 1 55268
0 1 55269
0 1 55275
0 1 55280
0 1 55288
0 1 55289
0 1 55290
0 1 55291
0 1 55294
0 1 55300
0 1 55303
0 1 55304
0 1 55306
0 1 55308
0 1 55312
0 1 55318
0 1 55321
0 1 55323
0 1 55324
0 1 55326
0 1 55329
0 1 55330
0 1 55337
0 1 55339
0 1 55341
0 1 55342
0 1 55345
0 1 55349
0 1 55351
0 1 55353
0 1 55355
0 1 55357
0 1 55358
0 1 55362
0 1 55368
0 1 55371
0 1 55373
0 1 55374
0 1 55375
0 1 55377
0 1 55381
0 1 55382
0 1 55383
0 1 55388
0 1 55390
0 1 55393
0 1 55394
0 1 55397
0 1 55401
0 1 55402
0 1 55403
0 1 55404
0 1 55405
0 1 55407
0 1 55408
0 1 55412
0 1 55413
0 1 55415
0 1 55416
0 1 55419
0 1 55420
0 1 55422
0 1 55425
0 1 55429
0 1 55432
0 1 55434
0 1 55436
0 1 55437
0 1 55438
0 1 55439
0 1 55441
0 1 55443
0 1 55445
0 1 55447
0 1 55449
0 1 55453
0 1 55456
0 1 55457
0 1 55459
0 1 55464
0 1 55465
0 1 55467
0 1 55474
0 1 55475
0 1 55477
0 1 55482
0 1 55483
0 1 55484
0 1 55490
0 1 55491
0 1 55497
0 1 55498
0 1 55500
0 1 55503
0 1 55504
0 1 55506
0 1 55509
0 1 55512
0 1 55514
0 1 55515
0 1 55517
0 1 55521
0 1 55522
0 1 55526
0 1 55528
0 1 55529
0 1 55530
0 1 55531
0 1 55532
0 1 55535
0 1 55536
0 1 55538
0 1 55539
0 1 55540
0 1 55543
0 1 55544
0 1 55546
0 1 55547
0 1 55549
0 1 55550
0 1 55552
0 1 55558
0 1 55559
0 1 55561
0 1 55562
0 1 55563
0 1 55564
0 1 55566
0 1 55569
0 1 55572
0 1 55579
0 1 55580
0 1 55584
0 1 55587
0 1 55588
0 1 55589
0 1 55592
0 1 55596
0 1 55598
0 1 55600
0 1 55603
0 1 55604
0 1 55605
0 1 55610
0 1 55613
0 1 55614
0 1 55616
0 1 55619
0 1 55620
0 1 55626
0 1 55628
0 1 55630
0 1 55632
0 1 55635
0 1 55640
0 1 55641
0 1 55643
0 1 55644
0 1 55646
0 1 55647
0 1 55648
0 1 55649
0 1 55650
0 1 55651
0 1 55660
0 1 55661
0 1 55664
0 1 55667
0 1 55674
0 1 55675
0 1 55676
0 1 55680
0 1 55683
0 1 55689
0 1 55691
0 1 55694
0 1 55697
0 1 55699
0 1 55702
0 1 55703
0 1 55705
0 1 55710
0 1 55711
0 1 55713
0 1 55715
0 1 55717
0 1 55718
0 1 55721
0 1 55729
0 1 55731
0 1 55736
0 1 55738
0 1 55740
0 1 55745
0 1 55746
0 1 55747
0 1 55750
0 1 55751
0 1 55753
0 1 55757
0 1 55761
0 1 55762
0 1 55763
0 1 55767
0 1 55768
0 1 55771
0 1 55772
0 1 55780
0 1 55781
0 1 55784
0 1 55785
0 1 55789
0 1 55791
0 1 55792
0 1 55793
0 1 55797
0 1 55800
0 1 55802
0 1 55804
0 1 55805
0 1 55810
0 1 55811
0 1 55813
0 1 55814
0 1 55815
0 1 55817
0 1 55818
0 1 55820
0 1 55821
0 1 55825
0 1 55829
0 1 55834
0 1 55841
0 1 55842
0 1 55844
0 1 55846
0 1 55847
0 1 55849
0 1 55851
0 1 55852
0 1 55853
0 1 55855
0 1 55857
0 1 55858
0 1 55859
0 1 55860
0 1 55861
0 1 55863
0 1 55869
0 1 55872
0 1 55874
0 1 55877
0 1 55878
0 1 55883
0 1 55885
0 1 55887
0 1 55889
0 1 55891
0 1 55892
0 1 55893
0 1 55894
0 1 55901
0 1 55905
0 1 55907
0 1 55908
0 1 55910
0 1 55913
0 1 55915
0 1 55918
0 1 55919
0 1 55922
0 1 55926
0 1 55928
0 1 55929
0 1 55936
0 1 55938
0 1 55945
0 1 55949
0 1 55952
0 1 55957
0 1 55959
0 1 55960
0 1 55962
0 1 55966
0 1 55967
0 1 55969
0 1 55970
0 1 55973
0 1 55974
0 1 55976
0 1 55977
0 1 55979
0 1 55980
0 1 55981
0 1 55984
0 1 55985
0 1 55988
0 1 55991
0 1 55994
0 1 55995
0 1 55996
0 1 55999
0 1 56000
0 1 56003
0 1 56004
0 1 56007
0 1 56008
0 1 56009
0 1 56013
0 1 56014
0 1 56017
0 1 56019
0 1 56021
0 1 56022
0 1 56025
0 1 56028
0 1 56030
0 1 56033
0 1 56034
0 1 56041
0 1 56042
0 1 56044
0 1 56045
0 1 56046
0 1 56048
0 1 56050
0 1 56053
0 1 56054
0 1 56056
0 1 56059
0 1 56060
0 1 56073
0 1 56076
0 1 56077
0 1 56080
0 1 56082
0 1 56083
0 1 56084
0 1 56086
0 1 56088
0 1 56089
0 1 56092
0 1 56094
0 1 56096
0 1 56099
0 1 56100
0 1 56103
0 1 56104
0 1 56105
0 1 56107
0 1 56108
0 1 56118
0 1 56123
0 1 56124
0 1 56128
0 1 56131
0 1 56135
0 1 56136
0 1 56137
0 1 56138
0 1 56140
0 1 56142
0 1 56146
0 1 56148
0 1 56149
0 1 56151
0 1 56152
0 1 56153
0 1 56155
0 1 56157
0 1 56160
0 1 56161
0 1 56166
0 1 56167
0 1 56169
0 1 56172
0 1 56173
0 1 56176
0 1 56179
0 1 56183
0 1 56184
0 1 56185
0 1 56186
0 1 56187
0 1 56189
0 1 56194
0 1 56195
0 1 56196
0 1 56200
0 1 56201
0 1 56204
0 1 56206
0 1 56207
0 1 56213
0 1 56214
0 1 56215
0 1 56218
0 1 56219
0 1 56224
0 1 56225
0 1 56228
0 1 56234
0 1 56236
0 1 56241
0 1 56242
0 1 56245
0 1 56251
0 1 56255
0 1 56259
0 1 56264
0 1 56266
0 1 56267
0 1 56270
0 1 56276
0 1 56280
0 1 56281
0 1 56282
0 1 56284
0 1 56286
0 1 56287
0 1 56288
0 1 56289
0 1 56294
0 1 56296
0 1 56297
0 1 56299
0 1 56302
0 1 56305
0 1 56307
0 1 56309
0 1 56310
0 1 56311
0 1 56313
0 1 56315
0 1 56316
0 1 56320
0 1 56324
0 1 56331
0 1 56332
0 1 56333
0 1 56334
0 1 56338
0 1 56342
0 1 56344
0 1 56348
0 1 56351
0 1 56355
0 1 56359
0 1 56361
0 1 56362
0 1 56364
0 1 56366
0 1 56367
0 1 56369
0 1 56371
0 1 56372
0 1 56376
0 1 56386
0 1 56387
0 1 56390
0 1 56393
0 1 56394
0 1 56399
0 1 56400
0 1 56402
0 1 56403
0 1 56405
0 1 56408
0 1 56410
0 1 56413
0 1 56414
0 1 56415
0 1 56417
0 1 56423
0 1 56424
0 1 56425
0 1 56427
0 1 56430
0 1 56434
0 1 56437
0 1 56441
0 1 56444
0 1 56449
0 1 56450
0 1 56459
0 1 56460
0 1 56462
0 1 56465
0 1 56467
0 1 56468
0 1 56470
0 1 56479
0 1 56483
0 1 56485
0 1 56486
0 1 56488
0 1 56489
0 1 56491
0 1 56493
0 1 56494
0 1 56496
0 1 56497
0 1 56499
0 1 56500
0 1 56503
0 1 56506
0 1 56511
0 1 56513
0 1 56514
0 1 56515
0 1 56516
0 1 56517
0 1 56525
0 1 56526
0 1 56535
0 1 56537
0 1 56538
0 1 56540
0 1 56543
0 1 56548
0 1 56552
0 1 56554
0 1 56556
0 1 56559
0 1 56565
0 1 56568
0 1 56569
0 1 56571
0 1 56572
0 1 56576
0 1 56578
0 1 56580
0 1 56584
0 1 56595
0 1 56598
0 1 56599
0 1 56600
0 1 56603
0 1 56605
0 1 56606
0 1 56607
0 1 56610
0 1 56612
0 1 56614
0 1 56616
0 1 56618
0 1 56620
0 1 56621
0 1 56625
0 1 56627
0 1 56632
0 1 56633
0 1 56635
0 1 56637
0 1 56639
0 1 56640
0 1 56643
0 1 56646
0 1 56647
0 1 56651
0 1 56652
0 1 56658
0 1 56660
0 1 56663
0 1 56672
0 1 56678
0 1 56681
0 1 56682
0 1 56683
0 1 56684
0 1 56687
0 1 56688
0 1 56694
0 1 56696
0 1 56697
0 1 56704
0 1 56708
0 1 56712
0 1 56721
0 1 56722
0 1 56723
0 1 56727
0 1 56729
0 1 56730
0 1 56731
0 1 56733
0 1 56734
0 1 56736
0 1 56738
0 1 56740
0 1 56741
0 1 56743
0 1 56744
0 1 56745
0 1 56748
0 1 56749
0 1 56750
0 1 56751
0 1 56753
0 1 56754
0 1 56759
0 1 56760
0 1 56763
0 1 56764
0 1 56770
0 1 56772
0 1 56780
0 1 56783
0 1 56784
0 1 56785
0 1 56786
0 1 56787
0 1 56788
0 1 56789
0 1 56790
0 1 56793
0 1 56795
0 1 56796
0 1 56797
0 1 56799
0 1 56800
0 1 56804
0 1 56805
0 1 56806
0 1 56810
0 1 56811
0 1 56812
0 1 56813
0 1 56815
0 1 56823
0 1 56825
0 1 56827
0 1 56833
0 1 56834
0 1 56837
0 1 56838
0 1 56839
0 1 56842
0 1 56843
0 1 56844
0 1 56847
0 1 56853
0 1 56855
0 1 56862
0 1 56863
0 1 56865
0 1 56866
0 1 56869
0 1 56875
0 1 56877
0 1 56879
0 1 56881
0 1 56883
0 1 56884
0 1 56888
0 1 56889
0 1 56892
0 1 56893
0 1 56894
0 1 56895
0 1 56896
0 1 56898
0 1 56899
0 1 56902
0 1 56904
0 1 56907
0 1 56911
0 1 56914
0 1 56915
0 1 56921
0 1 56923
0 1 56924
0 1 56926
0 1 56927
0 1 56931
0 1 56932
0 1 56934
0 1 56935
0 1 56937
0 1 56938
0 1 56940
0 1 56942
0 1 56944
0 1 56951
0 1 56954
0 1 56957
0 1 56958
0 1 56959
0 1 56965
0 1 56967
0 1 56969
0 1 56970
0 1 56975
0 1 56976
0 1 56980
0 1 56981
0 1 56983
0 1 56989
0 1 56990
0 1 56993
0 1 56994
0 1 56997
0 1 56999
0 1 57001
0 1 57004
0 1 57005
0 1 57006
0 1 57007
0 1 57008
0 1 57010
0 1 57011
0 1 57013
0 1 57014
0 1 57015
0 1 57016
0 1 57019
0 1 57020
0 1 57021
0 1 57022
0 1 57023
0 1 57027
0 1 57031
0 1 57033
0 1 57038
0 1 57041
0 1 57045
0 1 57049
0 1 57051
0 1 57052
0 1 57057
0 1 57059
0 1 57061
0 1 57062
0 1 57063
0 1 57065
0 1 57070
0 1 57072
0 1 57077
0 1 57079
0 1 57080
0 1 57081
0 1 57083
0 1 57085
0 1 57087
0 1 57092
0 1 57093
0 1 57095
0 1 57096
0 1 57107
0 1 57108
0 1 57111
0 1 57112
0 1 57116
0 1 57117
0 1 57118
0 1 57123
0 1 57124
0 1 57127
0 1 57130
0 1 57132
0 1 57134
0 1 57144
0 1 57147
0 1 57148
0 1 57150
0 1 57154
0 1 57155
0 1 57156
0 1 57160
0 1 57162
0 1 57169
0 1 57170
0 1 57173
0 1 57177
0 1 57179
0 1 57180
0 1 57184
0 1 57186
0 1 57187
0 1 57188
0 1 57189
0 1 57190
0 1 57192
0 1 57193
0 1 57195
0 1 57196
0 1 57197
0 1 57199
0 1 57200
0 1 57203
0 1 57207
0 1 57208
0 1 57209
0 1 57210
0 1 57214
0 1 57216
0 1 57217
0 1 57219
0 1 57223
0 1 57224
0 1 57225
0 1 57226
0 1 57229
0 1 57230
0 1 57232
0 1 57234
0 1 57235
0 1 57236
0 1 57237
0 1 57238
0 1 57241
0 1 57242
0 1 57244
0 1 57245
0 1 57247
0 1 57248
0 1 57252
0 1 57264
0 1 57266
0 1 57268
0 1 57273
0 1 57276
0 1 57278
0 1 57279
0 1 57289
0 1 57292
0 1 57293
0 1 57295
0 1 57297
0 1 57299
0 1 57300
0 1 57301
0 1 57302
0 1 57308
0 1 57309
0 1 57314
0 1 57316
0 1 57317
0 1 57319
0 1 57321
0 1 57322
0 1 57323
0 1 57331
0 1 57336
0 1 57339
0 1 57344
0 1 57345
0 1 57348
0 1 57351
0 1 57352
0 1 57354
0 1 57355
0 1 57358
0 1 57361
0 1 57362
0 1 57363
0 1 57367
0 1 57371
0 1 57372
0 1 57373
0 1 57375
0 1 57383
0 1 57386
0 1 57389
0 1 57395
0 1 57397
0 1 57407
0 1 57413
0 1 57414
0 1 57416
0 1 57417
0 1 57419
0 1 57420
0 1 57421
0 1 57425
0 1 57427
0 1 57428
0 1 57429
0 1 57430
0 1 57434
0 1 57435
0 1 57439
0 1 57447
0 1 57452
0 1 57453
0 1 57463
0 1 57466
0 1 57467
0 1 57468
0 1 57469
0 1 57472
0 1 57473
0 1 57474
0 1 57475
0 1 57476
0 1 57478
0 1 57488
0 1 57490
0 1 57491
0 1 57493
0 1 57495
0 1 57496
0 1 57500
0 1 57504
0 1 57505
0 1 57506
0 1 57508
0 1 57509
0 1 57511
0 1 57513
0 1 57515
0 1 57518
0 1 57521
0 1 57522
0 1 57524
0 1 57528
0 1 57529
0 1 57530
0 1 57534
0 1 57535
0 1 57536
0 1 57538
0 1 57541
0 1 57548
0 1 57550
0 1 57554
0 1 57557
0 1 57558
0 1 57563
0 1 57565
0 1 57567
0 1 57570
0 1 57571
0 1 57573
0 1 57577
0 1 57579
0 1 57580
0 1 57581
0 1 57587
0 1 57590
0 1 57591
0 1 57593
0 1 57595
0 1 57599
0 1 57601
0 1 57602
0 1 57607
0 1 57611
0 1 57613
0 1 57617
0 1 57618
0 1 57620
0 1 57621
0 1 57627
0 1 57630
0 1 57631
0 1 57632
0 1 57634
0 1 57635
0 1 57636
0 1 57639
0 1 57646
0 1 57647
0 1 57648
0 1 57654
0 1 57656
0 1 57657
0 1 57658
0 1 57661
0 1 57663
0 1 57665
0 1 57668
0 1 57671
0 1 57672
0 1 57674
0 1 57677
0 1 57678
0 1 57679
0 1 57693
0 1 57694
0 1 57695
0 1 57701
0 1 57705
0 1 57707
0 1 57710
0 1 57712
0 1 57714
0 1 57716
0 1 57720
0 1 57721
0 1 57725
0 1 57726
0 1 57728
0 1 57731
0 1 57732
0 1 57736
0 1 57745
0 1 57746
0 1 57749
0 1 57752
0 1 57756
0 1 57757
0 1 57758
0 1 57759
0 1 57761
0 1 57766
0 1 57767
0 1 57768
0 1 57769
0 1 57772
0 1 57773
0 1 57781
0 1 57783
0 1 57786
0 1 57789
0 1 57794
0 1 57795
0 1 57798
0 1 57800
0 1 57801
0 1 57807
0 1 57808
0 1 57810
0 1 57812
0 1 57818
0 1 57821
0 1 57823
0 1 57829
0 1 57839
0 1 57840
0 1 57841
0 1 57844
0 1 57846
0 1 57854
0 1 57864
0 1 57867
0 1 57870
0 1 57871
0 1 57879
0 1 57880
0 1 57881
0 1 57882
0 1 57885
0 1 57886
0 1 57890
0 1 57894
0 1 57895
0 1 57896
0 1 57899
0 1 57904
0 1 57908
0 1 57912
0 1 57914
0 1 57916
0 1 57923
0 1 57925
0 1 57930
0 1 57931
0 1 57934
0 1 57935
0 1 57938
0 1 57940
0 1 57941
0 1 57944
0 1 57947
0 1 57949
0 1 57950
0 1 57951
0 1 57952
0 1 57953
0 1 57954
0 1 57955
0 1 57958
0 1 57964
0 1 57965
0 1 57966
0 1 57967
0 1 57974
0 1 57980
0 1 57982
0 1 57984
0 1 57992
0 1 57993
0 1 57995
0 1 57997
0 1 58007
0 1 58008
0 1 58011
0 1 58015
0 1 58017
0 1 58018
0 1 58019
0 1 58026
0 1 58027
0 1 58028
0 1 58031
0 1 58032
0 1 58036
0 1 58038
0 1 58039
0 1 58040
0 1 58042
0 1 58043
0 1 58044
0 1 58045
0 1 58046
0 1 58047
0 1 58053
0 1 58056
0 1 58059
0 1 58062
0 1 58064
0 1 58066
0 1 58070
0 1 58073
0 1 58074
0 1 58079
0 1 58084
0 1 58085
0 1 58086
0 1 58087
0 1 58088
0 1 58089
0 1 58090
0 1 58093
0 1 58097
0 1 58098
0 1 58101
0 1 58108
0 1 58110
0 1 58112
0 1 58113
0 1 58117
0 1 58118
0 1 58121
0 1 58125
0 1 58128
0 1 58129
0 1 58135
0 1 58139
0 1 58141
0 1 58143
0 1 58144
0 1 58148
0 1 58154
0 1 58159
0 1 58160
0 1 58161
0 1 58162
0 1 58168
0 1 58170
0 1 58171
0 1 58174
0 1 58177
0 1 58178
0 1 58179
0 1 58180
0 1 58181
0 1 58182
0 1 58184
0 1 58188
0 1 58192
0 1 58195
0 1 58196
0 1 58200
0 1 58203
0 1 58204
0 1 58212
0 1 58213
0 1 58215
0 1 58219
0 1 58220
0 1 58224
0 1 58225
0 1 58226
0 1 58233
0 1 58236
0 1 58237
0 1 58241
0 1 58245
0 1 58248
0 1 58250
0 1 58251
0 1 58252
0 1 58254
0 1 58255
0 1 58256
0 1 58263
0 1 58265
0 1 58268
0 1 58269
0 1 58270
0 1 58272
0 1 58273
0 1 58274
0 1 58275
0 1 58277
0 1 58278
0 1 58285
0 1 58286
0 1 58287
0 1 58293
0 1 58294
0 1 58295
0 1 58297
0 1 58298
0 1 58300
0 1 58304
0 1 58306
0 1 58310
0 1 58311
0 1 58314
0 1 58315
0 1 58319
0 1 58324
0 1 58327
0 1 58329
0 1 58332
0 1 58334
0 1 58336
0 1 58339
0 1 58340
0 1 58344
0 1 58345
0 1 58346
0 1 58349
0 1 58350
0 1 58352
0 1 58353
0 1 58355
0 1 58356
0 1 58361
0 1 58363
0 1 58368
0 1 58369
0 1 58370
0 1 58371
0 1 58373
0 1 58375
0 1 58376
0 1 58379
0 1 58384
0 1 58385
0 1 58395
0 1 58396
0 1 58403
0 1 58404
0 1 58407
0 1 58410
0 1 58411
0 1 58412
0 1 58416
0 1 58417
0 1 58423
0 1 58428
0 1 58431
0 1 58434
0 1 58436
0 1 58442
0 1 58447
0 1 58448
0 1 58452
0 1 58453
0 1 58454
0 1 58457
0 1 58462
0 1 58464
0 1 58466
0 1 58470
0 1 58472
0 1 58481
0 1 58485
0 1 58486
0 1 58487
0 1 58490
0 1 58491
0 1 58493
0 1 58495
0 1 58496
0 1 58498
0 1 58500
0 1 58504
0 1 58509
0 1 58512
0 1 58513
0 1 58515
0 1 58516
0 1 58518
0 1 58519
0 1 58520
0 1 58521
0 1 58522
0 1 58523
0 1 58525
0 1 58529
0 1 58531
0 1 58533
0 1 58538
0 1 58539
0 1 58546
0 1 58551
0 1 58553
0 1 58554
0 1 58556
0 1 58562
0 1 58563
0 1 58564
0 1 58567
0 1 58568
0 1 58569
0 1 58571
0 1 58574
0 1 58575
0 1 58579
0 1 58580
0 1 58583
0 1 58584
0 1 58589
0 1 58590
0 1 58591
0 1 58592
0 1 58599
0 1 58604
0 1 58611
0 1 58614
0 1 58618
0 1 58622
0 1 58624
0 1 58631
0 1 58633
0 1 58634
0 1 58636
0 1 58637
0 1 58650
0 1 58652
0 1 58657
0 1 58659
0 1 58662
0 1 58664
0 1 58668
0 1 58675
0 1 58676
0 1 58678
0 1 58682
0 1 58683
0 1 58685
0 1 58687
0 1 58689
0 1 58691
0 1 58694
0 1 58697
0 1 58700
0 1 58701
0 1 58702
0 1 58704
0 1 58705
0 1 58706
0 1 58707
0 1 58709
0 1 58710
0 1 58713
0 1 58716
0 1 58717
0 1 58722
0 1 58726
0 1 58727
0 1 58735
0 1 58736
0 1 58739
0 1 58740
0 1 58742
0 1 58744
0 1 58748
0 1 58749
0 1 58750
0 1 58751
0 1 58754
0 1 58757
0 1 58759
0 1 58763
0 1 58765
0 1 58771
0 1 58780
0 1 58782
0 1 58785
0 1 58786
0 1 58787
0 1 58789
0 1 58792
0 1 58793
0 1 58794
0 1 58797
0 1 58798
0 1 58801
0 1 58802
0 1 58803
0 1 58805
0 1 58807
0 1 58808
0 1 58809
0 1 58811
0 1 58814
0 1 58815
0 1 58816
0 1 58817
0 1 58818
0 1 58820
0 1 58825
0 1 58827
0 1 58832
0 1 58836
0 1 58837
0 1 58839
0 1 58840
0 1 58842
0 1 58844
0 1 58847
0 1 58848
0 1 58852
0 1 58859
0 1 58860
0 1 58862
0 1 58868
0 1 58871
0 1 58872
0 1 58873
0 1 58874
0 1 58876
0 1 58879
0 1 58883
0 1 58886
0 1 58888
0 1 58889
0 1 58890
0 1 58891
0 1 58892
0 1 58894
0 1 58899
0 1 58902
0 1 58904
0 1 58905
0 1 58907
0 1 58910
0 1 58911
0 1 58912
0 1 58914
0 1 58916
0 1 58917
0 1 58918
0 1 58921
0 1 58922
0 1 58923
0 1 58924
0 1 58925
0 1 58926
0 1 58931
0 1 58933
0 1 58934
0 1 58938
0 1 58939
0 1 58940
0 1 58943
0 1 58946
0 1 58947
0 1 58949
0 1 58956
0 1 58957
0 1 58960
0 1 58962
0 1 58964
0 1 58968
0 1 58969
0 1 58970
0 1 58972
0 1 58973
0 1 58977
0 1 58980
0 1 58983
0 1 58984
0 1 58985
0 1 58986
0 1 58990
0 1 58991
0 1 58992
0 1 58994
0 1 58997
0 1 58999
0 1 59000
0 1 59005
0 1 59006
0 1 59008
0 1 59009
0 1 59012
0 1 59014
0 1 59015
0 1 59017
0 1 59019
0 1 59021
0 1 59025
0 1 59026
0 1 59027
0 1 59028
0 1 59031
0 1 59032
0 1 59034
0 1 59036
0 1 59037
0 1 59040
0 1 59043
0 1 59048
0 1 59049
0 1 59051
0 1 59052
0 1 59062
0 1 59065
0 1 59068
0 1 59070
0 1 59072
0 1 59074
0 1 59075
0 1 59076
0 1 59077
0 1 59078
0 1 59080
0 1 59081
0 1 59082
0 1 59084
0 1 59088
0 1 59089
0 1 59090
0 1 59091
0 1 59093
0 1 59098
0 1 59101
0 1 59102
0 1 59103
0 1 59105
0 1 59106
0 1 59108
0 1 59109
0 1 59110
0 1 59112
0 1 59116
0 1 59122
0 1 59124
0 1 59125
0 1 59126
0 1 59130
0 1 59133
0 1 59136
0 1 59137
0 1 59139
0 1 59142
0 1 59143
0 1 59147
0 1 59148
0 1 59152
0 1 59154
0 1 59155
0 1 59160
0 1 59161
0 1 59163
0 1 59164
0 1 59165
0 1 59168
0 1 59173
0 1 59183
0 1 59184
0 1 59186
0 1 59187
0 1 59188
0 1 59191
0 1 59192
0 1 59194
0 1 59197
0 1 59198
0 1 59200
0 1 59203
0 1 59205
0 1 59206
0 1 59211
0 1 59214
0 1 59218
0 1 59219
0 1 59220
0 1 59221
0 1 59224
0 1 59225
0 1 59226
0 1 59229
0 1 59231
0 1 59236
0 1 59238
0 1 59241
0 1 59242
0 1 59243
0 1 59254
0 1 59255
0 1 59256
0 1 59259
0 1 59262
0 1 59265
0 1 59266
0 1 59267
0 1 59271
0 1 59273
0 1 59274
0 1 59275
0 1 59283
0 1 59288
0 1 59290
0 1 59293
0 1 59296
0 1 59299
0 1 59300
0 1 59304
0 1 59305
0 1 59306
0 1 59308
0 1 59317
0 1 59318
0 1 59319
0 1 59324
0 1 59325
0 1 59326
0 1 59327
0 1 59331
0 1 59332
0 1 59333
0 1 59336
0 1 59337
0 1 59341
0 1 59343
0 1 59344
0 1 59347
0 1 59349
0 1 59350
0 1 59351
0 1 59352
0 1 59353
0 1 59354
0 1 59355
0 1 59356
0 1 59361
0 1 59363
0 1 59371
0 1 59377
0 1 59379
0 1 59381
0 1 59382
0 1 59384
0 1 59388
0 1 59389
0 1 59390
0 1 59392
0 1 59395
0 1 59397
0 1 59403
0 1 59405
0 1 59410
0 1 59412
0 1 59417
0 1 59421
0 1 59423
0 1 59429
0 1 59430
0 1 59433
0 1 59435
0 1 59436
0 1 59438
0 1 59440
0 1 59442
0 1 59443
0 1 59444
0 1 59445
0 1 59448
0 1 59457
0 1 59467
0 1 59470
0 1 59475
0 1 59477
0 1 59480
0 1 59481
0 1 59486
0 1 59489
0 1 59492
0 1 59493
0 1 59496
0 1 59498
0 1 59499
0 1 59501
0 1 59502
0 1 59503
0 1 59504
0 1 59509
0 1 59511
0 1 59512
0 1 59516
0 1 59518
0 1 59519
0 1 59521
0 1 59524
0 1 59529
0 1 59535
0 1 59540
0 1 59543
0 1 59544
0 1 59545
0 1 59548
0 1 59555
0 1 59556
0 1 59561
0 1 59562
0 1 59567
0 1 59568
0 1 59569
0 1 59570
0 1 59571
0 1 59572
0 1 59573
0 1 59574
0 1 59577
0 1 59578
0 1 59581
0 1 59582
0 1 59585
0 1 59586
0 1 59591
0 1 59592
0 1 59594
0 1 59600
0 1 59601
0 1 59605
0 1 59608
0 1 59610
0 1 59613
0 1 59617
0 1 59619
0 1 59622
0 1 59623
0 1 59624
0 1 59625
0 1 59627
0 1 59633
0 1 59635
0 1 59636
0 1 59640
0 1 59646
0 1 59647
0 1 59648
0 1 59652
0 1 59655
0 1 59661
0 1 59672
0 1 59680
0 1 59681
0 1 59682
0 1 59683
0 1 59688
0 1 59689
0 1 59691
0 1 59694
0 1 59695
0 1 59696
0 1 59697
0 1 59700
0 1 59703
0 1 59704
0 1 59705
0 1 59707
0 1 59708
0 1 59710
0 1 59717
0 1 59725
0 1 59734
0 1 59735
0 1 59736
0 1 59738
0 1 59742
0 1 59743
0 1 59744
0 1 59749
0 1 59750
0 1 59751
0 1 59754
0 1 59755
0 1 59757
0 1 59760
0 1 59761
0 1 59763
0 1 59764
0 1 59765
0 1 59766
0 1 59768
0 1 59770
0 1 59771
0 1 59778
0 1 59779
0 1 59780
0 1 59784
0 1 59785
0 1 59787
0 1 59788
0 1 59789
0 1 59795
0 1 59797
0 1 59799
0 1 59802
0 1 59803
0 1 59804
0 1 59805
0 1 59806
0 1 59808
0 1 59810
0 1 59812
0 1 59815
0 1 59817
0 1 59819
0 1 59822
0 1 59823
0 1 59824
0 1 59831
0 1 59835
0 1 59836
0 1 59837
0 1 59840
0 1 59841
0 1 59842
0 1 59844
0 1 59848
0 1 59850
0 1 59852
0 1 59853
0 1 59855
0 1 59856
0 1 59857
0 1 59862
0 1 59867
0 1 59868
0 1 59869
0 1 59870
0 1 59873
0 1 59875
0 1 59876
0 1 59877
0 1 59879
0 1 59881
0 1 59884
0 1 59887
0 1 59888
0 1 59889
0 1 59898
0 1 59899
0 1 59901
0 1 59905
0 1 59907
0 1 59909
0 1 59912
0 1 59913
0 1 59914
0 1 59915
0 1 59916
0 1 59918
0 1 59920
0 1 59924
0 1 59926
0 1 59929
0 1 59931
0 1 59932
0 1 59933
0 1 59934
0 1 59935
0 1 59936
0 1 59938
0 1 59939
0 1 59944
0 1 59945
0 1 59946
0 1 59951
0 1 59953
0 1 59954
0 1 59958
0 1 59960
0 1 59961
0 1 59963
0 1 59965
0 1 59966
0 1 59968
0 1 59970
0 1 59971
0 1 59972
0 1 59975
0 1 59976
0 1 59981
0 1 59982
0 1 59983
0 1 59985
0 1 59986
0 1 59987
0 1 59989
0 1 59994
0 1 60001
0 1 60004
0 1 60005
0 1 60010
0 1 60014
0 1 60015
0 1 60022
0 1 60023
0 1 60026
0 1 60027
0 1 60028
0 1 60031
0 1 60032
0 1 60039
0 1 60040
0 1 60041
0 1 60047
0 1 60049
0 1 60051
0 1 60055
0 1 60057
0 1 60059
0 1 60060
0 1 60067
0 1 60068
0 1 60069
0 1 60073
0 1 60078
0 1 60079
0 1 60080
0 1 60082
0 1 60084
0 1 60086
0 1 60087
0 1 60094
0 1 60095
0 1 60098
0 1 60100
0 1 60102
0 1 60103
0 1 60104
0 1 60106
0 1 60117
0 1 60118
0 1 60120
0 1 60123
0 1 60125
0 1 60132
0 1 60135
0 1 60137
0 1 60143
0 1 60149
0 1 60150
0 1 60151
0 1 60157
0 1 60158
0 1 60162
0 1 60163
0 1 60164
0 1 60165
0 1 60172
0 1 60174
0 1 60180
0 1 60181
0 1 60182
0 1 60185
0 1 60188
0 1 60192
0 1 60195
0 1 60197
0 1 60198
0 1 60201
0 1 60202
0 1 60203
0 1 60204
0 1 60206
0 1 60209
0 1 60210
0 1 60212
0 1 60216
0 1 60218
0 1 60220
0 1 60229
0 1 60233
0 1 60241
0 1 60242
0 1 60244
0 1 60246
0 1 60247
0 1 60248
0 1 60249
0 1 60259
0 1 60263
0 1 60267
0 1 60269
0 1 60270
0 1 60271
0 1 60274
0 1 60276
0 1 60278
0 1 60282
0 1 60286
0 1 60291
0 1 60293
0 1 60294
0 1 60299
0 1 60300
0 1 60302
0 1 60303
0 1 60304
0 1 60305
0 1 60306
0 1 60310
0 1 60311
0 1 60312
0 1 60313
0 1 60314
0 1 60320
0 1 60322
0 1 60323
0 1 60324
0 1 60327
0 1 60332
0 1 60333
0 1 60334
0 1 60337
0 1 60339
0 1 60349
0 1 60352
0 1 60360
0 1 60361
0 1 60365
0 1 60366
0 1 60372
0 1 60374
0 1 60377
0 1 60380
0 1 60382
0 1 60387
0 1 60388
0 1 60389
0 1 60392
0 1 60393
0 1 60395
0 1 60399
0 1 60401
0 1 60403
0 1 60404
0 1 60405
0 1 60406
0 1 60408
0 1 60409
0 1 60414
0 1 60415
0 1 60416
0 1 60417
0 1 60418
0 1 60420
0 1 60421
0 1 60429
0 1 60430
0 1 60431
0 1 60433
0 1 60434
0 1 60440
0 1 60441
0 1 60443
0 1 60445
0 1 60446
0 1 60447
0 1 60448
0 1 60450
0 1 60453
0 1 60458
0 1 60459
0 1 60460
0 1 60461
0 1 60462
0 1 60463
0 1 60464
0 1 60466
0 1 60471
0 1 60472
0 1 60474
0 1 60475
0 1 60478
0 1 60479
0 1 60481
0 1 60482
0 1 60484
0 1 60487
0 1 60493
0 1 60495
0 1 60498
0 1 60499
0 1 60501
0 1 60503
0 1 60504
0 1 60505
0 1 60507
0 1 60509
0 1 60510
0 1 60511
0 1 60513
0 1 60516
0 1 60526
0 1 60528
0 1 60532
0 1 60538
0 1 60543
0 1 60546
0 1 60547
0 1 60553
0 1 60561
0 1 60565
0 1 60566
0 1 60567
0 1 60569
0 1 60574
0 1 60575
0 1 60578
0 1 60582
0 1 60583
0 1 60588
0 1 60590
0 1 60591
0 1 60592
0 1 60595
0 1 60598
0 1 60601
0 1 60604
0 1 60608
0 1 60609
0 1 60610
0 1 60612
0 1 60614
0 1 60615
0 1 60622
0 1 60633
0 1 60640
0 1 60641
0 1 60642
0 1 60644
0 1 60647
0 1 60648
0 1 60649
0 1 60652
0 1 60653
0 1 60656
0 1 60660
0 1 60662
0 1 60668
0 1 60669
0 1 60670
0 1 60672
0 1 60678
0 1 60679
0 1 60680
0 1 60682
0 1 60684
0 1 60686
0 1 60690
0 1 60691
0 1 60692
0 1 60695
0 1 60697
0 1 60698
0 1 60703
0 1 60704
0 1 60707
0 1 60710
0 1 60711
0 1 60714
0 1 60717
0 1 60720
0 1 60722
0 1 60723
0 1 60727
0 1 60730
0 1 60731
0 1 60732
0 1 60733
0 1 60738
0 1 60744
0 1 60747
0 1 60754
0 1 60755
0 1 60757
0 1 60759
0 1 60760
0 1 60765
0 1 60768
0 1 60776
0 1 60786
0 1 60787
0 1 60790
0 1 60791
0 1 60792
0 1 60798
0 1 60799
0 1 60800
0 1 60804
0 1 60805
0 1 60807
0 1 60808
0 1 60811
0 1 60813
0 1 60815
0 1 60817
0 1 60818
0 1 60823
0 1 60825
0 1 60827
0 1 60829
0 1 60830
0 1 60831
0 1 60835
0 1 60840
0 1 60842
0 1 60846
0 1 60847
0 1 60848
0 1 60849
0 1 60851
0 1 60860
0 1 60862
0 1 60863
0 1 60865
0 1 60866
0 1 60868
0 1 60870
0 1 60871
0 1 60873
0 1 60874
0 1 60879
0 1 60882
0 1 60883
0 1 60885
0 1 60886
0 1 60887
0 1 60888
0 1 60889
0 1 60891
0 1 60894
0 1 60896
0 1 60898
0 1 60900
0 1 60901
0 1 60905
0 1 60908
0 1 60909
0 1 60910
0 1 60912
0 1 60913
0 1 60915
0 1 60918
0 1 60919
0 1 60920
0 1 60925
0 1 60926
0 1 60927
0 1 60928
0 1 60932
0 1 60933
0 1 60938
0 1 60945
0 1 60946
0 1 60947
0 1 60948
0 1 60949
0 1 60954
0 1 60955
0 1 60958
0 1 60959
0 1 60960
0 1 60965
0 1 60968
0 1 60969
0 1 60970
0 1 60975
0 1 60981
0 1 60984
0 1 60989
0 1 60990
0 1 60991
0 1 60993
0 1 60994
0 1 60999
0 1 61001
0 1 61006
0 1 61007
0 1 61011
0 1 61015
0 1 61017
0 1 61020
0 1 61021
0 1 61027
0 1 61029
0 1 61034
0 1 61035
0 1 61037
0 1 61039
0 1 61041
0 1 61044
0 1 61048
0 1 61049
0 1 61052
0 1 61054
0 1 61055
0 1 61059
0 1 61064
0 1 61067
0 1 61069
0 1 61070
0 1 61071
0 1 61072
0 1 61075
0 1 61080
0 1 61081
0 1 61082
0 1 61084
0 1 61089
0 1 61090
0 1 61091
0 1 61092
0 1 61093
0 1 61095
0 1 61097
0 1 61099
0 1 61106
0 1 61109
0 1 61110
0 1 61111
0 1 61116
0 1 61120
0 1 61123
0 1 61126
0 1 61129
0 1 61130
0 1 61132
0 1 61133
0 1 61134
0 1 61135
0 1 61137
0 1 61139
0 1 61141
0 1 61143
0 1 61145
0 1 61146
0 1 61148
0 1 61152
0 1 61154
0 1 61156
0 1 61159
0 1 61160
0 1 61168
0 1 61169
0 1 61171
0 1 61173
0 1 61176
0 1 61178
0 1 61185
0 1 61187
0 1 61189
0 1 61190
0 1 61191
0 1 61194
0 1 61195
0 1 61196
0 1 61199
0 1 61201
0 1 61202
0 1 61204
0 1 61208
0 1 61209
0 1 61212
0 1 61215
0 1 61217
0 1 61221
0 1 61224
0 1 61226
0 1 61228
0 1 61229
0 1 61230
0 1 61232
0 1 61238
0 1 61239
0 1 61243
0 1 61250
0 1 61251
0 1 61252
0 1 61255
0 1 61263
0 1 61265
0 1 61272
0 1 61274
0 1 61275
0 1 61276
0 1 61277
0 1 61278
0 1 61281
0 1 61282
0 1 61283
0 1 61285
0 1 61288
0 1 61295
0 1 61296
0 1 61297
0 1 61299
0 1 61300
0 1 61306
0 1 61307
0 1 61311
0 1 61313
0 1 61318
0 1 61326
0 1 61327
0 1 61329
0 1 61331
0 1 61334
0 1 61336
0 1 61338
0 1 61341
0 1 61344
0 1 61345
0 1 61346
0 1 61348
0 1 61349
0 1 61353
0 1 61354
0 1 61356
0 1 61358
0 1 61361
0 1 61365
0 1 61366
0 1 61369
0 1 61370
0 1 61371
0 1 61373
0 1 61376
0 1 61377
0 1 61379
0 1 61384
0 1 61387
0 1 61388
0 1 61390
0 1 61394
0 1 61404
0 1 61408
0 1 61411
0 1 61412
0 1 61413
0 1 61414
0 1 61416
0 1 61417
0 1 61422
0 1 61424
0 1 61428
0 1 61431
0 1 61436
0 1 61439
0 1 61440
0 1 61441
0 1 61442
0 1 61444
0 1 61450
0 1 61451
0 1 61453
0 1 61455
0 1 61457
0 1 61458
0 1 61459
0 1 61462
0 1 61467
0 1 61471
0 1 61474
0 1 61475
0 1 61476
0 1 61479
0 1 61480
0 1 61481
0 1 61485
0 1 61488
0 1 61490
0 1 61493
0 1 61497
0 1 61498
0 1 61500
0 1 61501
0 1 61509
0 1 61512
0 1 61522
0 1 61527
0 1 61533
0 1 61534
0 1 61539
0 1 61541
0 1 61549
0 1 61550
0 1 61553
0 1 61560
0 1 61561
0 1 61562
0 1 61565
0 1 61566
0 1 61567
0 1 61568
0 1 61573
0 1 61576
0 1 61577
0 1 61578
0 1 61579
0 1 61582
0 1 61585
0 1 61589
0 1 61590
0 1 61591
0 1 61595
0 1 61596
0 1 61603
0 1 61605
0 1 61606
0 1 61609
0 1 61610
0 1 61612
0 1 61624
0 1 61625
0 1 61631
0 1 61636
0 1 61638
0 1 61641
0 1 61642
0 1 61643
0 1 61644
0 1 61647
0 1 61651
0 1 61652
0 1 61653
0 1 61657
0 1 61658
0 1 61660
0 1 61661
0 1 61663
0 1 61664
0 1 61665
0 1 61666
0 1 61667
0 1 61668
0 1 61669
0 1 61670
0 1 61675
0 1 61677
0 1 61680
0 1 61684
0 1 61685
0 1 61688
0 1 61690
0 1 61691
0 1 61692
0 1 61695
0 1 61696
0 1 61697
0 1 61698
0 1 61699
0 1 61702
0 1 61703
0 1 61705
0 1 61706
0 1 61707
0 1 61709
0 1 61712
0 1 61714
0 1 61717
0 1 61718
0 1 61721
0 1 61722
0 1 61723
0 1 61727
0 1 61733
0 1 61735
0 1 61737
0 1 61739
0 1 61740
0 1 61742
0 1 61747
0 1 61749
0 1 61751
0 1 61756
0 1 61759
0 1 61760
0 1 61761
0 1 61762
0 1 61764
0 1 61768
0 1 61771
0 1 61772
0 1 61773
0 1 61779
0 1 61782
0 1 61784
0 1 61785
0 1 61788
0 1 61790
0 1 61791
0 1 61792
0 1 61798
0 1 61799
0 1 61800
0 1 61804
0 1 61809
0 1 61812
0 1 61813
0 1 61814
0 1 61816
0 1 61818
0 1 61819
0 1 61820
0 1 61821
0 1 61834
0 1 61835
0 1 61836
0 1 61837
0 1 61838
0 1 61839
0 1 61840
0 1 61841
0 1 61843
0 1 61846
0 1 61848
0 1 61852
0 1 61856
0 1 61857
0 1 61858
0 1 61861
0 1 61864
0 1 61868
0 1 61869
0 1 61871
0 1 61874
0 1 61877
0 1 61880
0 1 61883
0 1 61884
0 1 61887
0 1 61888
0 1 61889
0 1 61892
0 1 61893
0 1 61896
0 1 61897
0 1 61899
0 1 61902
0 1 61911
0 1 61913
0 1 61914
0 1 61915
0 1 61920
0 1 61924
0 1 61925
0 1 61929
0 1 61931
0 1 61932
0 1 61934
0 1 61935
0 1 61937
0 1 61943
0 1 61944
0 1 61945
0 1 61946
0 1 61947
0 1 61949
0 1 61954
0 1 61957
0 1 61960
0 1 61961
0 1 61962
0 1 61963
0 1 61967
0 1 61977
0 1 61979
0 1 61980
0 1 61983
0 1 61992
0 1 61996
0 1 61999
0 1 62001
0 1 62004
0 1 62006
0 1 62007
0 1 62008
0 1 62010
0 1 62011
0 1 62012
0 1 62018
0 1 62019
0 1 62020
0 1 62021
0 1 62024
0 1 62025
0 1 62026
0 1 62027
0 1 62032
0 1 62033
0 1 62034
0 1 62037
0 1 62038
0 1 62040
0 1 62041
0 1 62043
0 1 62044
0 1 62046
0 1 62049
0 1 62050
0 1 62051
0 1 62053
0 1 62054
0 1 62056
0 1 62058
0 1 62059
0 1 62062
0 1 62064
0 1 62068
0 1 62071
0 1 62075
0 1 62076
0 1 62077
0 1 62082
0 1 62085
0 1 62086
0 1 62088
0 1 62091
0 1 62092
0 1 62095
0 1 62097
0 1 62099
0 1 62100
0 1 62103
0 1 62104
0 1 62105
0 1 62106
0 1 62109
0 1 62110
0 1 62111
0 1 62118
0 1 62120
0 1 62122
0 1 62123
0 1 62125
0 1 62127
0 1 62128
0 1 62129
0 1 62130
0 1 62131
0 1 62134
0 1 62135
0 1 62139
0 1 62142
0 1 62143
0 1 62145
0 1 62146
0 1 62147
0 1 62149
0 1 62150
0 1 62153
0 1 62160
0 1 62162
0 1 62163
0 1 62164
0 1 62167
0 1 62170
0 1 62172
0 1 62173
0 1 62176
0 1 62180
0 1 62182
0 1 62190
0 1 62192
0 1 62194
0 1 62196
0 1 62197
0 1 62198
0 1 62201
0 1 62204
0 1 62205
0 1 62206
0 1 62213
0 1 62216
0 1 62218
0 1 62220
0 1 62221
0 1 62222
0 1 62224
0 1 62225
0 1 62226
0 1 62228
0 1 62230
0 1 62232
0 1 62233
0 1 62234
0 1 62235
0 1 62240
0 1 62243
0 1 62247
0 1 62249
0 1 62251
0 1 62253
0 1 62254
0 1 62256
0 1 62260
0 1 62267
0 1 62268
0 1 62273
0 1 62275
0 1 62278
0 1 62284
0 1 62288
0 1 62292
0 1 62297
0 1 62302
0 1 62304
0 1 62305
0 1 62306
0 1 62314
0 1 62315
0 1 62318
0 1 62319
0 1 62325
0 1 62327
0 1 62329
0 1 62331
0 1 62333
0 1 62340
0 1 62341
0 1 62346
0 1 62347
0 1 62349
0 1 62350
0 1 62352
0 1 62353
0 1 62355
0 1 62358
0 1 62363
0 1 62365
0 1 62372
0 1 62376
0 1 62378
0 1 62380
0 1 62383
0 1 62387
0 1 62391
0 1 62393
0 1 62395
0 1 62398
0 1 62399
0 1 62400
0 1 62403
0 1 62407
0 1 62409
0 1 62412
0 1 62414
0 1 62420
0 1 62421
0 1 62424
0 1 62425
0 1 62426
0 1 62427
0 1 62428
0 1 62430
0 1 62431
0 1 62434
0 1 62441
0 1 62443
0 1 62445
0 1 62452
0 1 62454
0 1 62458
0 1 62459
0 1 62460
0 1 62462
0 1 62463
0 1 62464
0 1 62478
0 1 62481
0 1 62482
0 1 62485
0 1 62491
0 1 62496
0 1 62499
0 1 62501
0 1 62502
0 1 62503
0 1 62505
0 1 62507
0 1 62509
0 1 62512
0 1 62515
0 1 62516
0 1 62517
0 1 62521
0 1 62522
0 1 62524
0 1 62528
0 1 62529
0 1 62531
0 1 62538
0 1 62539
0 1 62542
0 1 62544
0 1 62545
0 1 62546
0 1 62548
0 1 62550
0 1 62551
0 1 62552
0 1 62555
0 1 62557
0 1 62558
0 1 62559
0 1 62560
0 1 62565
0 1 62569
0 1 62570
0 1 62571
0 1 62572
0 1 62573
0 1 62581
0 1 62587
0 1 62588
0 1 62589
0 1 62590
0 1 62592
0 1 62594
0 1 62596
0 1 62597
0 1 62601
0 1 62604
0 1 62605
0 1 62608
0 1 62613
0 1 62614
0 1 62618
0 1 62621
0 1 62624
0 1 62625
0 1 62626
0 1 62627
0 1 62629
0 1 62630
0 1 62631
0 1 62634
0 1 62636
0 1 62640
0 1 62642
0 1 62645
0 1 62651
0 1 62655
0 1 62660
0 1 62661
0 1 62664
0 1 62671
0 1 62672
0 1 62673
0 1 62675
0 1 62677
0 1 62678
0 1 62679
0 1 62680
0 1 62682
0 1 62683
0 1 62684
0 1 62685
0 1 62686
0 1 62687
0 1 62689
0 1 62692
0 1 62693
0 1 62694
0 1 62695
0 1 62700
0 1 62706
0 1 62709
0 1 62713
0 1 62714
0 1 62715
0 1 62717
0 1 62718
0 1 62720
0 1 62728
0 1 62731
0 1 62732
0 1 62734
0 1 62735
0 1 62737
0 1 62740
0 1 62741
0 1 62744
0 1 62751
0 1 62752
0 1 62754
0 1 62755
0 1 62756
0 1 62758
0 1 62760
0 1 62761
0 1 62763
0 1 62765
0 1 62766
0 1 62769
0 1 62771
0 1 62772
0 1 62773
0 1 62775
0 1 62778
0 1 62785
0 1 62786
0 1 62788
0 1 62790
0 1 62791
0 1 62793
0 1 62796
0 1 62799
0 1 62803
0 1 62809
0 1 62810
0 1 62813
0 1 62815
0 1 62816
0 1 62819
0 1 62821
0 1 62823
0 1 62825
0 1 62828
0 1 62829
0 1 62830
0 1 62833
0 1 62835
0 1 62837
0 1 62842
0 1 62843
0 1 62848
0 1 62853
0 1 62854
0 1 62859
0 1 62868
0 1 62869
0 1 62871
0 1 62872
0 1 62875
0 1 62876
0 1 62877
0 1 62880
0 1 62881
0 1 62882
0 1 62885
0 1 62889
0 1 62891
0 1 62892
0 1 62894
0 1 62897
0 1 62899
0 1 62905
0 1 62907
0 1 62909
0 1 62910
0 1 62914
0 1 62919
0 1 62921
0 1 62924
0 1 62926
0 1 62927
0 1 62928
0 1 62930
0 1 62931
0 1 62932
0 1 62933
0 1 62935
0 1 62937
0 1 62940
0 1 62943
0 1 62945
0 1 62947
0 1 62948
0 1 62952
0 1 62953
0 1 62958
0 1 62960
0 1 62961
0 1 62963
0 1 62964
0 1 62968
0 1 62972
0 1 62973
0 1 62974
0 1 62978
0 1 62979
0 1 62982
0 1 62985
0 1 62990
0 1 62991
0 1 62992
0 1 62993
0 1 62994
0 1 62995
0 1 62996
0 1 62999
0 1 63005
0 1 63007
0 1 63008
0 1 63010
0 1 63011
0 1 63012
0 1 63015
0 1 63017
0 1 63027
0 1 63028
0 1 63029
0 1 63030
0 1 63032
0 1 63035
0 1 63036
0 1 63039
0 1 63040
0 1 63041
0 1 63043
0 1 63044
0 1 63048
0 1 63049
0 1 63051
0 1 63052
0 1 63057
0 1 63058
0 1 63061
0 1 63063
0 1 63064
0 1 63068
0 1 63071
0 1 63073
0 1 63080
0 1 63081
0 1 63084
0 1 63086
0 1 63092
0 1 63095
0 1 63096
0 1 63105
0 1 63106
0 1 63112
0 1 63115
0 1 63116
0 1 63118
0 1 63123
0 1 63124
0 1 63127
0 1 63129
0 1 63130
0 1 63132
0 1 63133
0 1 63136
0 1 63143
0 1 63144
0 1 63145
0 1 63146
0 1 63148
0 1 63150
0 1 63152
0 1 63155
0 1 63156
0 1 63159
0 1 63160
0 1 63161
0 1 63162
0 1 63164
0 1 63166
0 1 63169
0 1 63171
0 1 63174
0 1 63179
0 1 63180
0 1 63183
0 1 63185
0 1 63189
0 1 63190
0 1 63191
0 1 63195
0 1 63197
0 1 63205
0 1 63206
0 1 63208
0 1 63210
0 1 63211
0 1 63212
0 1 63213
0 1 63215
0 1 63220
0 1 63222
0 1 63224
0 1 63225
0 1 63227
0 1 63231
0 1 63232
0 1 63233
0 1 63241
0 1 63243
0 1 63244
0 1 63245
0 1 63247
0 1 63249
0 1 63255
0 1 63256
0 1 63257
0 1 63260
0 1 63261
0 1 63262
0 1 63263
0 1 63265
0 1 63266
0 1 63270
0 1 63274
0 1 63276
0 1 63281
0 1 63285
0 1 63288
0 1 63297
0 1 63298
0 1 63299
0 1 63300
0 1 63303
0 1 63307
0 1 63308
0 1 63309
0 1 63311
0 1 63314
0 1 63316
0 1 63319
0 1 63320
0 1 63323
0 1 63330
0 1 63338
0 1 63341
0 1 63346
0 1 63349
0 1 63351
0 1 63352
0 1 63354
0 1 63357
0 1 63360
0 1 63366
0 1 63368
0 1 63369
0 1 63372
0 1 63374
0 1 63381
0 1 63384
0 1 63389
0 1 63390
0 1 63391
0 1 63395
0 1 63396
0 1 63397
0 1 63401
0 1 63403
0 1 63405
0 1 63406
0 1 63407
0 1 63409
0 1 63411
0 1 63414
0 1 63415
0 1 63420
0 1 63421
0 1 63424
0 1 63427
0 1 63429
0 1 63431
0 1 63439
0 1 63440
0 1 63445
0 1 63448
0 1 63453
0 1 63454
0 1 63456
0 1 63457
0 1 63460
0 1 63464
0 1 63465
0 1 63471
0 1 63472
0 1 63476
0 1 63480
0 1 63483
0 1 63484
0 1 63491
0 1 63492
0 1 63494
0 1 63495
0 1 63497
0 1 63502
0 1 63503
0 1 63504
0 1 63508
0 1 63509
0 1 63511
0 1 63513
0 1 63518
0 1 63520
0 1 63523
0 1 63526
0 1 63527
0 1 63528
0 1 63534
0 1 63535
0 1 63548
0 1 63549
0 1 63550
0 1 63552
0 1 63553
0 1 63563
0 1 63564
0 1 63565
0 1 63566
0 1 63569
0 1 63573
0 1 63575
0 1 63577
0 1 63579
0 1 63583
0 1 63584
0 1 63585
0 1 63587
0 1 63588
0 1 63589
0 1 63593
0 1 63594
0 1 63595
0 1 63596
0 1 63597
0 1 63598
0 1 63599
0 1 63601
0 1 63602
0 1 63603
0 1 63606
0 1 63612
0 1 63614
0 1 63620
0 1 63622
0 1 63625
0 1 63626
0 1 63630
0 1 63631
0 1 63634
0 1 63639
0 1 63641
0 1 63644
0 1 63646
0 1 63647
0 1 63649
0 1 63651
0 1 63653
0 1 63655
0 1 63657
0 1 63660
0 1 63663
0 1 63668
0 1 63670
0 1 63672
0 1 63673
0 1 63676
0 1 63683
0 1 63684
0 1 63686
0 1 63688
0 1 63690
0 1 63693
0 1 63694
0 1 63697
0 1 63698
0 1 63701
0 1 63702
0 1 63704
0 1 63710
0 1 63711
0 1 63713
0 1 63717
0 1 63719
0 1 63722
0 1 63723
0 1 63728
0 1 63731
0 1 63733
0 1 63735
0 1 63737
0 1 63740
0 1 63741
0 1 63745
0 1 63747
0 1 63752
0 1 63754
0 1 63755
0 1 63758
0 1 63761
0 1 63772
0 1 63774
0 1 63775
0 1 63776
0 1 63777
0 1 63780
0 1 63783
0 1 63786
0 1 63788
0 1 63789
0 1 63790
0 1 63795
0 1 63798
0 1 63802
0 1 63810
0 1 63811
0 1 63812
0 1 63813
0 1 63817
0 1 63818
0 1 63819
0 1 63822
0 1 63826
0 1 63827
0 1 63828
0 1 63829
0 1 63834
0 1 63835
0 1 63838
0 1 63845
0 1 63846
0 1 63852
0 1 63856
0 1 63860
0 1 63864
0 1 63865
0 1 63866
0 1 63869
0 1 63871
0 1 63873
0 1 63874
0 1 63876
0 1 63878
0 1 63879
0 1 63880
0 1 63883
0 1 63890
0 1 63898
0 1 63900
0 1 63901
0 1 63903
0 1 63904
0 1 63905
0 1 63910
0 1 63912
0 1 63913
0 1 63919
0 1 63922
0 1 63924
0 1 63925
0 1 63927
0 1 63928
0 1 63929
0 1 63930
0 1 63931
0 1 63942
0 1 63943
0 1 63945
0 1 63947
0 1 63948
0 1 63949
0 1 63950
0 1 63951
0 1 63953
0 1 63955
0 1 63957
0 1 63959
0 1 63960
0 1 63961
0 1 63966
0 1 63969
0 1 63970
0 1 63972
0 1 63976
0 1 63979
0 1 63981
0 1 63982
0 1 63984
0 1 63992
0 1 63993
0 1 63996
0 1 63997
0 1 63998
0 1 64000
0 1 64001
0 1 64002
0 1 64003
0 1 64006
0 1 64007
0 1 64008
0 1 64009
0 1 64013
0 1 64021
0 1 64022
0 1 64023
0 1 64025
0 1 64026
0 1 64029
0 1 64032
0 1 64035
0 1 64037
0 1 64038
0 1 64041
0 1 64043
0 1 64044
0 1 64047
0 1 64051
0 1 64056
0 1 64058
0 1 64059
0 1 64063
0 1 64066
0 1 64067
0 1 64071
0 1 64072
0 1 64074
0 1 64077
0 1 64082
0 1 64085
0 1 64088
0 1 64089
0 1 64091
0 1 64093
0 1 64095
0 1 64096
0 1 64097
0 1 64098
0 1 64101
0 1 64105
0 1 64106
0 1 64108
0 1 64109
0 1 64110
0 1 64111
0 1 64113
0 1 64114
0 1 64116
0 1 64119
0 1 64121
0 1 64123
0 1 64126
0 1 64129
0 1 64131
0 1 64132
0 1 64134
0 1 64135
0 1 64137
0 1 64138
0 1 64143
0 1 64147
0 1 64148
0 1 64149
0 1 64157
0 1 64159
0 1 64160
0 1 64164
0 1 64165
0 1 64171
0 1 64174
0 1 64179
0 1 64180
0 1 64182
0 1 64183
0 1 64184
0 1 64185
0 1 64186
0 1 64191
0 1 64194
0 1 64195
0 1 64197
0 1 64198
0 1 64199
0 1 64200
0 1 64201
0 1 64205
0 1 64210
0 1 64227
0 1 64231
0 1 64232
0 1 64233
0 1 64235
0 1 64238
0 1 64239
0 1 64240
0 1 64243
0 1 64244
0 1 64248
0 1 64249
0 1 64250
0 1 64253
0 1 64254
0 1 64255
0 1 64256
0 1 64261
0 1 64268
0 1 64269
0 1 64271
0 1 64273
0 1 64275
0 1 64276
0 1 64278
0 1 64280
0 1 64282
0 1 64287
0 1 64288
0 1 64290
0 1 64291
0 1 64293
0 1 64296
0 1 64298
0 1 64302
0 1 64305
0 1 64306
0 1 64308
0 1 64310
0 1 64311
0 1 64312
0 1 64313
0 1 64314
0 1 64319
0 1 64320
0 1 64322
0 1 64326
0 1 64327
0 1 64328
0 1 64329
0 1 64330
0 1 64335
0 1 64336
0 1 64338
0 1 64343
0 1 64344
0 1 64347
0 1 64348
0 1 64350
0 1 64352
0 1 64353
0 1 64355
0 1 64356
0 1 64359
0 1 64360
0 1 64364
0 1 64365
0 1 64368
0 1 64370
0 1 64372
0 1 64381
0 1 64383
0 1 64386
0 1 64388
0 1 64393
0 1 64396
0 1 64398
0 1 64399
0 1 64401
0 1 64402
0 1 64406
0 1 64407
0 1 64417
0 1 64420
0 1 64421
0 1 64425
0 1 64435
0 1 64436
0 1 64437
0 1 64443
0 1 64445
0 1 64446
0 1 64450
0 1 64453
0 1 64456
0 1 64461
0 1 64462
0 1 64464
0 1 64472
0 1 64475
0 1 64476
0 1 64477
0 1 64479
0 1 64482
0 1 64483
0 1 64485
0 1 64486
0 1 64488
0 1 64491
0 1 64492
0 1 64494
0 1 64495
0 1 64498
0 1 64499
0 1 64501
0 1 64502
0 1 64509
0 1 64512
0 1 64517
0 1 64519
0 1 64520
0 1 64526
0 1 64527
0 1 64531
0 1 64533
0 1 64535
0 1 64540
0 1 64541
0 1 64542
0 1 64545
0 1 64553
0 1 64556
0 1 64558
0 1 64559
0 1 64562
0 1 64566
0 1 64569
0 1 64570
0 1 64573
0 1 64575
0 1 64578
0 1 64581
0 1 64582
0 1 64592
0 1 64593
0 1 64595
0 1 64599
0 1 64600
0 1 64603
0 1 64604
0 1 64605
0 1 64611
0 1 64612
0 1 64616
0 1 64621
0 1 64630
0 1 64631
0 1 64633
0 1 64634
0 1 64637
0 1 64638
0 1 64639
0 1 64641
0 1 64645
0 1 64646
0 1 64649
0 1 64657
0 1 64658
0 1 64659
0 1 64660
0 1 64661
0 1 64663
0 1 64664
0 1 64665
0 1 64668
0 1 64671
0 1 64675
0 1 64676
0 1 64677
0 1 64678
0 1 64679
0 1 64680
0 1 64682
0 1 64683
0 1 64685
0 1 64687
0 1 64691
0 1 64692
0 1 64693
0 1 64704
0 1 64709
0 1 64710
0 1 64711
0 1 64712
0 1 64713
0 1 64714
0 1 64716
0 1 64717
0 1 64720
0 1 64721
0 1 64724
0 1 64726
0 1 64729
0 1 64731
0 1 64735
0 1 64736
0 1 64740
0 1 64742
0 1 64745
0 1 64746
0 1 64747
0 1 64749
0 1 64750
0 1 64751
0 1 64752
0 1 64753
0 1 64758
0 1 64759
0 1 64762
0 1 64764
0 1 64769
0 1 64770
0 1 64775
0 1 64776
0 1 64778
0 1 64782
0 1 64783
0 1 64786
0 1 64788
0 1 64792
0 1 64794
0 1 64797
0 1 64802
0 1 64803
0 1 64804
0 1 64805
0 1 64806
0 1 64808
0 1 64809
0 1 64810
0 1 64813
0 1 64814
0 1 64816
0 1 64818
0 1 64819
0 1 64820
0 1 64821
0 1 64823
0 1 64824
0 1 64825
0 1 64828
0 1 64830
0 1 64834
0 1 64835
0 1 64837
0 1 64841
0 1 64843
0 1 64844
0 1 64847
0 1 64849
0 1 64852
0 1 64857
0 1 64860
0 1 64861
0 1 64865
0 1 64869
0 1 64870
0 1 64871
0 1 64872
0 1 64877
0 1 64881
0 1 64887
0 1 64892
0 1 64896
0 1 64898
0 1 64901
0 1 64902
0 1 64905
0 1 64911
0 1 64912
0 1 64913
0 1 64915
0 1 64917
0 1 64918
0 1 64921
0 1 64923
0 1 64924
0 1 64928
0 1 64929
0 1 64934
0 1 64935
0 1 64939
0 1 64945
0 1 64951
0 1 64952
0 1 64953
0 1 64955
0 1 64960
0 1 64962
0 1 64965
0 1 64966
0 1 64969
0 1 64973
0 1 64976
0 1 64980
0 1 64981
0 1 64982
0 1 64986
0 1 64987
0 1 64989
0 1 64990
0 1 64991
0 1 64993
0 1 64995
0 1 64999
0 1 65000
0 1 65001
0 1 65003
0 1 65004
0 1 65005
0 1 65011
0 1 65013
0 1 65014
0 1 65015
0 1 65016
0 1 65018
0 1 65021
0 1 65022
0 1 65024
0 1 65025
0 1 65027
0 1 65031
0 1 65034
0 1 65040
0 1 65044
0 1 65046
0 1 65049
0 1 65050
0 1 65051
0 1 65053
0 1 65056
0 1 65058
0 1 65060
0 1 65061
0 1 65063
0 1 65069
0 1 65070
0 1 65080
0 1 65082
0 1 65085
0 1 65086
0 1 65087
0 1 65088
0 1 65089
0 1 65095
0 1 65098
0 1 65100
0 1 65102
0 1 65108
0 1 65111
0 1 65113
0 1 65117
0 1 65119
0 1 65121
0 1 65123
0 1 65124
0 1 65128
0 1 65129
0 1 65130
0 1 65131
0 1 65136
0 1 65138
0 1 65139
0 1 65141
0 1 65142
0 1 65143
0 1 65148
0 1 65149
0 1 65150
0 1 65152
0 1 65153
0 1 65154
0 1 65159
0 1 65162
0 1 65163
0 1 65164
0 1 65165
0 1 65166
0 1 65168
0 1 65170
0 1 65173
0 1 65177
0 1 65180
0 1 65182
0 1 65183
0 1 65184
0 1 65185
0 1 65186
0 1 65192
0 1 65195
0 1 65198
0 1 65200
0 1 65202
0 1 65205
0 1 65212
0 1 65213
0 1 65216
0 1 65217
0 1 65219
0 1 65220
0 1 65221
0 1 65223
0 1 65227
0 1 65228
0 1 65229
0 1 65231
0 1 65232
0 1 65236
0 1 65242
0 1 65245
0 1 65247
0 1 65254
0 1 65256
0 1 65258
0 1 65261
0 1 65265
0 1 65267
0 1 65268
0 1 65271
0 1 65273
0 1 65274
0 1 65277
0 1 65279
0 1 65282
0 1 65285
0 1 65290
0 1 65291
0 1 65293
0 1 65294
0 1 65298
0 1 65300
0 1 65302
0 1 65303
0 1 65309
0 1 65312
0 1 65314
0 1 65318
0 1 65320
0 1 65323
0 1 65326
0 1 65328
0 1 65329
0 1 65331
0 1 65332
0 1 65337
0 1 65339
0 1 65340
0 1 65343
0 1 65352
0 1 65358
0 1 65364
0 1 65365
0 1 65366
0 1 65367
0 1 65370
0 1 65376
0 1 65377
0 1 65379
0 1 65383
0 1 65384
0 1 65386
0 1 65389
0 1 65390
0 1 65391
0 1 65395
0 1 65399
0 1 65401
0 1 65405
0 1 65406
0 1 65411
0 1 65412
0 1 65415
0 1 65417
0 1 65419
0 1 65423
0 1 65426
0 1 65427
0 1 65431
0 1 65432
0 1 65436
0 1 65437
0 1 65444
0 1 65446
0 1 65447
0 1 65453
0 1 65455
0 1 65456
0 1 65458
0 1 65459
0 1 65460
0 1 65462
0 1 65466
0 1 65468
0 1 65470
0 1 65471
0 1 65474
0 1 65475
0 1 65476
0 1 65480
0 1 65483
0 1 65484
0 1 65486
0 1 65492
0 1 65493
0 1 65495
0 1 65496
0 1 65497
0 1 65498
0 1 65501
0 1 65503
0 1 65504
0 1 65505
0 1 65508
0 1 65511
0 1 65512
0 1 65513
0 1 65514
0 1 65517
0 1 65518
0 1 65521
0 1 65522
0 1 65525
0 1 65528
0 1 65530
0 1 65531
0 1 65532
0 1 65533
0 1 65536
0 1 65538
0 1 65539
0 1 65541
0 1 65544
0 1 65545
0 1 65547
0 1 65548
0 1 65550
0 1 65552
0 1 65553
0 1 65554
0 1 65556
0 1 65557
0 1 65560
0 1 65561
0 1 65563
0 1 65567
0 1 65570
0 1 65571
0 1 65574
0 1 65577
0 1 65581
0 1 65587
0 1 65588
0 1 65591
0 1 65595
0 1 65597
0 1 65598
0 1 65599
0 1 65600
0 1 65601
0 1 65604
0 1 65606
0 1 65608
0 1 65612
0 1 65613
0 1 65620
0 1 65623
0 1 65626
0 1 65629
0 1 65630
0 1 65633
0 1 65636
0 1 65637
0 1 65639
0 1 65646
0 1 65647
0 1 65649
0 1 65650
0 1 65651
0 1 65662
0 1 65664
0 1 65669
0 1 65673
0 1 65678
0 1 65680
0 1 65681
0 1 65686
0 1 65690
0 1 65693
0 1 65695
0 1 65697
0 1 65701
0 1 65705
0 1 65707
0 1 65709
0 1 65710
0 1 65714
0 1 65715
0 1 65717
0 1 65721
0 1 65723
0 1 65724
0 1 65729
0 1 65731
0 1 65736
0 1 65737
0 1 65741
0 1 65742
0 1 65745
0 1 65755
0 1 65761
0 1 65762
0 1 65769
0 1 65774
0 1 65775
0 1 65776
0 1 65777
0 1 65778
0 1 65782
0 1 65795
0 1 65797
0 1 65798
0 1 65799
0 1 65801
0 1 65807
0 1 65813
0 1 65819
0 1 65820
0 1 65822
0 1 65823
0 1 65825
0 1 65834
0 1 65835
0 1 65838
0 1 65841
0 1 65845
0 1 65847
0 1 65849
0 1 65851
0 1 65856
0 1 65859
0 1 65862
0 1 65863
0 1 65864
0 1 65867
0 1 65868
0 1 65869
0 1 65870
0 1 65874
0 1 65875
0 1 65876
0 1 65877
0 1 65882
0 1 65883
0 1 65884
0 1 65886
0 1 65887
0 1 65891
0 1 65892
0 1 65897
0 1 65902
0 1 65906
0 1 65907
0 1 65908
0 1 65918
0 1 65920
0 1 65925
0 1 65927
0 1 65928
0 1 65929
0 1 65930
0 1 65931
0 1 65934
0 1 65940
0 1 65946
0 1 65948
0 1 65949
0 1 65950
0 1 65951
0 1 65952
0 1 65953
0 1 65962
0 1 65963
0 1 65967
0 1 65974
0 1 65975
0 1 65976
0 1 65978
0 1 65979
0 1 65980
0 1 65984
0 1 65986
0 1 65987
0 1 65988
0 1 65991
0 1 65992
0 1 65995
0 1 65997
0 1 65998
0 1 66006
0 1 66008
0 1 66009
0 1 66010
0 1 66012
0 1 66013
0 1 66014
0 1 66015
0 1 66016
0 1 66017
0 1 66018
0 1 66019
0 1 66020
0 1 66022
0 1 66023
0 1 66024
0 1 66026
0 1 66027
0 1 66028
0 1 66029
0 1 66032
0 1 66036
0 1 66039
0 1 66042
0 1 66046
0 1 66049
0 1 66051
0 1 66057
0 1 66058
0 1 66063
0 1 66065
0 1 66066
0 1 66067
0 1 66069
0 1 66070
0 1 66075
0 1 66081
0 1 66088
0 1 66089
0 1 66092
0 1 66094
0 1 66096
0 1 66101
0 1 66104
0 1 66107
0 1 66110
0 1 66111
0 1 66114
0 1 66115
0 1 66117
0 1 66121
0 1 66122
0 1 66123
0 1 66126
0 1 66127
0 1 66129
0 1 66130
0 1 66131
0 1 66137
0 1 66139
0 1 66141
0 1 66144
0 1 66146
0 1 66151
0 1 66152
0 1 66153
0 1 66155
0 1 66160
0 1 66165
0 1 66166
0 1 66167
0 1 66168
0 1 66173
0 1 66174
0 1 66176
0 1 66178
0 1 66180
0 1 66181
0 1 66186
0 1 66191
0 1 66193
0 1 66194
0 1 66198
0 1 66200
0 1 66203
0 1 66204
0 1 66209
0 1 66210
0 1 66211
0 1 66213
0 1 66216
0 1 66220
0 1 66223
0 1 66226
0 1 66229
0 1 66235
0 1 66236
0 1 66237
0 1 66242
0 1 66243
0 1 66245
0 1 66246
0 1 66247
0 1 66249
0 1 66250
0 1 66252
0 1 66254
0 1 66256
0 1 66257
0 1 66258
0 1 66259
0 1 66262
0 1 66268
0 1 66269
0 1 66271
0 1 66273
0 1 66282
0 1 66284
0 1 66285
0 1 66290
0 1 66292
0 1 66293
0 1 66294
0 1 66300
0 1 66302
0 1 66306
0 1 66307
0 1 66309
0 1 66312
0 1 66320
0 1 66324
0 1 66326
0 1 66329
0 1 66335
0 1 66337
0 1 66340
0 1 66341
0 1 66342
0 1 66345
0 1 66346
0 1 66348
0 1 66349
0 1 66352
0 1 66354
0 1 66355
0 1 66356
0 1 66361
0 1 66362
0 1 66363
0 1 66371
0 1 66372
0 1 66374
0 1 66377
0 1 66378
0 1 66380
0 1 66389
0 1 66392
0 1 66394
0 1 66395
0 1 66396
0 1 66405
0 1 66406
0 1 66412
0 1 66414
0 1 66415
0 1 66417
0 1 66418
0 1 66419
0 1 66421
0 1 66423
0 1 66424
0 1 66428
0 1 66432
0 1 66433
0 1 66435
0 1 66437
0 1 66440
0 1 66441
0 1 66442
0 1 66445
0 1 66446
0 1 66448
0 1 66454
0 1 66458
0 1 66459
0 1 66460
0 1 66461
0 1 66465
0 1 66467
0 1 66469
0 1 66474
0 1 66475
0 1 66477
0 1 66478
0 1 66481
0 1 66483
0 1 66485
0 1 66486
0 1 66491
0 1 66492
0 1 66493
0 1 66495
0 1 66499
0 1 66503
0 1 66504
0 1 66507
0 1 66510
0 1 66513
0 1 66522
0 1 66523
0 1 66524
0 1 66526
0 1 66528
0 1 66529
0 1 66532
0 1 66535
0 1 66537
0 1 66539
0 1 66540
0 1 66544
0 1 66546
0 1 66552
0 1 66553
0 1 66554
0 1 66560
0 1 66563
0 1 66564
0 1 66565
0 1 66568
0 1 66573
0 1 66574
0 1 66577
0 1 66585
0 1 66586
0 1 66587
0 1 66588
0 1 66589
0 1 66590
0 1 66591
0 1 66592
0 1 66593
0 1 66594
0 1 66596
0 1 66597
0 1 66599
0 1 66600
0 1 66602
0 1 66605
0 1 66607
0 1 66611
0 1 66612
0 1 66614
0 1 66616
0 1 66617
0 1 66621
0 1 66623
0 1 66627
0 1 66628
0 1 66629
0 1 66631
0 1 66632
0 1 66634
0 1 66643
0 1 66645
0 1 66647
0 1 66651
0 1 66655
0 1 66659
0 1 66661
0 1 66662
0 1 66664
0 1 66665
0 1 66669
0 1 66671
0 1 66680
0 1 66683
0 1 66684
0 1 66690
0 1 66691
0 1 66693
0 1 66695
0 1 66696
0 1 66704
0 1 66705
0 1 66706
0 1 66707
0 1 66714
0 1 66715
0 1 66717
0 1 66720
0 1 66721
0 1 66722
0 1 66723
0 1 66726
0 1 66727
0 1 66729
0 1 66730
0 1 66736
0 1 66737
0 1 66738
0 1 66744
0 1 66746
0 1 66747
0 1 66749
0 1 66750
0 1 66752
0 1 66754
0 1 66755
0 1 66757
0 1 66758
0 1 66765
0 1 66769
0 1 66770
0 1 66772
0 1 66773
0 1 66775
0 1 66781
0 1 66783
0 1 66784
0 1 66785
0 1 66786
0 1 66790
0 1 66797
0 1 66800
0 1 66803
0 1 66805
0 1 66806
0 1 66812
0 1 66816
0 1 66817
0 1 66819
0 1 66824
0 1 66828
0 1 66829
0 1 66830
0 1 66831
0 1 66835
0 1 66836
0 1 66837
0 1 66841
0 1 66844
0 1 66845
0 1 66847
0 1 66850
0 1 66852
0 1 66853
0 1 66855
0 1 66858
0 1 66862
0 1 66864
0 1 66866
0 1 66869
0 1 66870
0 1 66871
0 1 66872
0 1 66873
0 1 66875
0 1 66879
0 1 66881
0 1 66883
0 1 66884
0 1 66885
0 1 66887
0 1 66888
0 1 66891
0 1 66894
0 1 66897
0 1 66901
0 1 66902
0 1 66907
0 1 66908
0 1 66909
0 1 66912
0 1 66916
0 1 66920
0 1 66922
0 1 66923
0 1 66924
0 1 66929
0 1 66930
0 1 66931
0 1 66939
0 1 66942
0 1 66943
0 1 66945
0 1 66946
0 1 66949
0 1 66950
0 1 66951
0 1 66952
0 1 66953
0 1 66955
0 1 66957
0 1 66958
0 1 66963
0 1 66965
0 1 66970
0 1 66971
0 1 66972
0 1 66974
0 1 66975
0 1 66979
0 1 66980
0 1 66984
0 1 66985
0 1 66987
0 1 66988
0 1 66993
0 1 66995
0 1 66996
0 1 67003
0 1 67004
0 1 67005
0 1 67007
0 1 67013
0 1 67015
0 1 67017
0 1 67019
0 1 67020
0 1 67028
0 1 67030
0 1 67031
0 1 67035
0 1 67041
0 1 67043
0 1 67045
0 1 67048
0 1 67051
0 1 67053
0 1 67056
0 1 67057
0 1 67061
0 1 67062
0 1 67065
0 1 67070
0 1 67072
0 1 67080
0 1 67084
0 1 67088
0 1 67090
0 1 67091
0 1 67094
0 1 67095
0 1 67096
0 1 67097
0 1 67098
0 1 67104
0 1 67105
0 1 67107
0 1 67114
0 1 67117
0 1 67118
0 1 67123
0 1 67124
0 1 67125
0 1 67126
0 1 67127
0 1 67143
0 1 67144
0 1 67145
0 1 67149
0 1 67155
0 1 67158
0 1 67159
0 1 67160
0 1 67165
0 1 67167
0 1 67169
0 1 67170
0 1 67173
0 1 67180
0 1 67192
0 1 67193
0 1 67194
0 1 67201
0 1 67202
0 1 67207
0 1 67208
0 1 67209
0 1 67211
0 1 67213
0 1 67215
0 1 67216
0 1 67221
0 1 67224
0 1 67227
0 1 67228
0 1 67229
0 1 67230
0 1 67237
0 1 67241
0 1 67242
0 1 67243
0 1 67245
0 1 67253
0 1 67255
0 1 67266
0 1 67270
0 1 67271
0 1 67273
0 1 67280
0 1 67285
0 1 67286
0 1 67289
0 1 67292
0 1 67294
0 1 67295
0 1 67299
0 1 67301
0 1 67304
0 1 67307
0 1 67309
0 1 67315
0 1 67317
0 1 67320
0 1 67322
0 1 67329
0 1 67330
0 1 67337
0 1 67338
0 1 67339
0 1 67341
0 1 67346
0 1 67348
0 1 67351
0 1 67361
0 1 67363
0 1 67366
0 1 67367
0 1 67370
0 1 67373
0 1 67376
0 1 67377
0 1 67379
0 1 67381
0 1 67382
0 1 67383
0 1 67393
0 1 67396
0 1 67398
0 1 67399
0 1 67403
0 1 67404
0 1 67407
0 1 67409
0 1 67410
0 1 67425
0 1 67426
0 1 67428
0 1 67429
0 1 67432
0 1 67433
0 1 67435
0 1 67438
0 1 67439
0 1 67441
0 1 67443
0 1 67444
0 1 67447
0 1 67449
0 1 67457
0 1 67459
0 1 67466
0 1 67467
0 1 67469
0 1 67470
0 1 67475
0 1 67477
0 1 67478
0 1 67480
0 1 67481
0 1 67485
0 1 67492
0 1 67499
0 1 67502
0 1 67504
0 1 67505
0 1 67507
0 1 67509
0 1 67514
0 1 67518
0 1 67522
0 1 67524
0 1 67525
0 1 67527
0 1 67528
0 1 67531
0 1 67533
0 1 67534
0 1 67535
0 1 67540
0 1 67543
0 1 67544
0 1 67545
0 1 67548
0 1 67549
0 1 67551
0 1 67552
0 1 67553
0 1 67558
0 1 67559
0 1 67562
0 1 67564
0 1 67565
0 1 67568
0 1 67569
0 1 67570
0 1 67572
0 1 67574
0 1 67575
0 1 67580
0 1 67581
0 1 67586
0 1 67589
0 1 67591
0 1 67595
0 1 67598
0 1 67603
0 1 67607
0 1 67609
0 1 67610
0 1 67613
0 1 67616
0 1 67617
0 1 67622
0 1 67626
0 1 67634
0 1 67636
0 1 67637
0 1 67638
0 1 67642
0 1 67644
0 1 67645
0 1 67646
0 1 67649
0 1 67650
0 1 67651
0 1 67652
0 1 67654
0 1 67657
0 1 67662
0 1 67663
0 1 67664
0 1 67665
0 1 67670
0 1 67675
0 1 67677
0 1 67680
0 1 67682
0 1 67683
0 1 67684
0 1 67685
0 1 67691
0 1 67696
0 1 67704
0 1 67705
0 1 67706
0 1 67707
0 1 67712
0 1 67713
0 1 67715
0 1 67716
0 1 67719
0 1 67731
0 1 67735
0 1 67737
0 1 67741
0 1 67742
0 1 67745
0 1 67746
0 1 67747
0 1 67748
0 1 67749
0 1 67751
0 1 67753
0 1 67754
0 1 67756
0 1 67760
0 1 67762
0 1 67764
0 1 67766
0 1 67770
0 1 67771
0 1 67775
0 1 67776
0 1 67777
0 1 67778
0 1 67779
0 1 67781
0 1 67787
0 1 67789
0 1 67792
0 1 67798
0 1 67800
0 1 67805
0 1 67806
0 1 67807
0 1 67810
0 1 67811
0 1 67814
0 1 67815
0 1 67816
0 1 67817
0 1 67819
0 1 67820
0 1 67822
0 1 67823
0 1 67824
0 1 67829
0 1 67832
0 1 67833
0 1 67835
0 1 67839
0 1 67840
0 1 67841
0 1 67845
0 1 67846
0 1 67848
0 1 67850
0 1 67852
0 1 67854
0 1 67855
0 1 67859
0 1 67860
0 1 67861
0 1 67865
0 1 67877
0 1 67879
0 1 67886
0 1 67890
0 1 67896
0 1 67899
0 1 67901
0 1 67905
0 1 67906
0 1 67907
0 1 67909
0 1 67910
0 1 67914
0 1 67919
0 1 67921
0 1 67922
0 1 67927
0 1 67933
0 1 67937
0 1 67943
0 1 67944
0 1 67946
0 1 67947
0 1 67950
0 1 67953
0 1 67955
0 1 67958
0 1 67959
0 1 67960
0 1 67964
0 1 67968
0 1 67970
0 1 67972
0 1 67973
0 1 67976
0 1 67978
0 1 67986
0 1 67988
0 1 67990
0 1 67993
0 1 67997
0 1 68004
0 1 68005
0 1 68017
0 1 68019
0 1 68021
0 1 68029
0 1 68030
0 1 68031
0 1 68032
0 1 68033
0 1 68039
0 1 68040
0 1 68041
0 1 68044
0 1 68046
0 1 68049
0 1 68051
0 1 68052
0 1 68053
0 1 68056
0 1 68057
0 1 68059
0 1 68063
0 1 68069
0 1 68070
0 1 68073
0 1 68076
0 1 68077
0 1 68083
0 1 68084
0 1 68085
0 1 68086
0 1 68087
0 1 68089
0 1 68091
0 1 68093
0 1 68094
0 1 68097
0 1 68102
0 1 68105
0 1 68106
0 1 68108
0 1 68110
0 1 68112
0 1 68117
0 1 68123
0 1 68124
0 1 68125
0 1 68126
0 1 68129
0 1 68130
0 1 68133
0 1 68135
0 1 68139
0 1 68140
0 1 68142
0 1 68143
0 1 68144
0 1 68148
0 1 68153
0 1 68157
0 1 68159
0 1 68162
0 1 68163
0 1 68164
0 1 68165
0 1 68167
0 1 68171
0 1 68174
0 1 68175
0 1 68178
0 1 68180
0 1 68183
0 1 68186
0 1 68190
0 1 68191
0 1 68193
0 1 68195
0 1 68198
0 1 68200
0 1 68202
0 1 68203
0 1 68207
0 1 68208
0 1 68209
0 1 68210
0 1 68211
0 1 68212
0 1 68217
0 1 68220
0 1 68222
0 1 68223
0 1 68225
0 1 68226
0 1 68228
0 1 68229
0 1 68230
0 1 68231
0 1 68239
0 1 68240
0 1 68241
0 1 68242
0 1 68246
0 1 68248
0 1 68249
0 1 68252
0 1 68254
0 1 68262
0 1 68263
0 1 68266
0 1 68267
0 1 68272
0 1 68274
0 1 68278
0 1 68280
0 1 68281
0 1 68282
0 1 68284
0 1 68286
0 1 68287
0 1 68288
0 1 68290
0 1 68295
0 1 68296
0 1 68299
0 1 68302
0 1 68305
0 1 68306
0 1 68307
0 1 68311
0 1 68313
0 1 68314
0 1 68318
0 1 68323
0 1 68324
0 1 68328
0 1 68336
0 1 68338
0 1 68340
0 1 68341
0 1 68343
0 1 68347
0 1 68349
0 1 68350
0 1 68354
0 1 68357
0 1 68361
0 1 68364
0 1 68368
0 1 68371
0 1 68372
0 1 68375
0 1 68380
0 1 68381
0 1 68382
0 1 68385
0 1 68386
0 1 68387
0 1 68388
0 1 68392
0 1 68393
0 1 68395
0 1 68396
0 1 68397
0 1 68401
0 1 68402
0 1 68404
0 1 68409
0 1 68410
0 1 68412
0 1 68416
0 1 68421
0 1 68425
0 1 68427
0 1 68428
0 1 68430
0 1 68431
0 1 68433
0 1 68437
0 1 68442
0 1 68445
0 1 68448
0 1 68450
0 1 68452
0 1 68457
0 1 68458
0 1 68459
0 1 68462
0 1 68464
0 1 68470
0 1 68471
0 1 68472
0 1 68474
0 1 68482
0 1 68485
0 1 68488
0 1 68490
0 1 68493
0 1 68494
0 1 68497
0 1 68500
0 1 68503
0 1 68505
0 1 68506
0 1 68509
0 1 68514
0 1 68515
0 1 68519
0 1 68521
0 1 68527
0 1 68530
0 1 68531
0 1 68533
0 1 68534
0 1 68535
0 1 68536
0 1 68538
0 1 68545
0 1 68547
0 1 68548
0 1 68551
0 1 68552
0 1 68553
0 1 68554
0 1 68559
0 1 68562
0 1 68563
0 1 68564
0 1 68565
0 1 68566
0 1 68569
0 1 68570
0 1 68572
0 1 68573
0 1 68575
0 1 68576
0 1 68588
0 1 68592
0 1 68594
0 1 68595
0 1 68598
0 1 68599
0 1 68600
0 1 68603
0 1 68608
0 1 68609
0 1 68610
0 1 68612
0 1 68613
0 1 68614
0 1 68615
0 1 68617
0 1 68618
0 1 68621
0 1 68622
0 1 68623
0 1 68624
0 1 68625
0 1 68630
0 1 68634
0 1 68635
0 1 68637
0 1 68638
0 1 68641
0 1 68642
0 1 68643
0 1 68644
0 1 68647
0 1 68650
0 1 68651
0 1 68654
0 1 68657
0 1 68659
0 1 68660
0 1 68662
0 1 68665
0 1 68666
0 1 68668
0 1 68669
0 1 68671
0 1 68676
0 1 68677
0 1 68681
0 1 68682
0 1 68683
0 1 68684
0 1 68687
0 1 68689
0 1 68696
0 1 68698
0 1 68703
0 1 68706
0 1 68707
0 1 68709
0 1 68712
0 1 68713
0 1 68714
0 1 68716
0 1 68717
0 1 68718
0 1 68719
0 1 68720
0 1 68721
0 1 68722
0 1 68724
0 1 68725
0 1 68728
0 1 68730
0 1 68733
0 1 68736
0 1 68740
0 1 68742
0 1 68744
0 1 68748
0 1 68749
0 1 68751
0 1 68754
0 1 68758
0 1 68760
0 1 68763
0 1 68764
0 1 68771
0 1 68772
0 1 68774
0 1 68775
0 1 68779
0 1 68783
0 1 68785
0 1 68786
0 1 68788
0 1 68791
0 1 68793
0 1 68794
0 1 68796
0 1 68799
0 1 68801
0 1 68803
0 1 68804
0 1 68807
0 1 68809
0 1 68811
0 1 68814
0 1 68817
0 1 68826
0 1 68827
0 1 68829
0 1 68830
0 1 68834
0 1 68835
0 1 68838
0 1 68845
0 1 68853
0 1 68854
0 1 68857
0 1 68858
0 1 68859
0 1 68860
0 1 68861
0 1 68867
0 1 68868
0 1 68871
0 1 68873
0 1 68877
0 1 68879
0 1 68883
0 1 68885
0 1 68886
0 1 68887
0 1 68891
0 1 68892
0 1 68900
0 1 68902
0 1 68904
0 1 68910
0 1 68918
0 1 68919
0 1 68920
0 1 68921
0 1 68922
0 1 68924
0 1 68925
0 1 68932
0 1 68933
0 1 68935
0 1 68936
0 1 68940
0 1 68943
0 1 68945
0 1 68946
0 1 68948
0 1 68949
0 1 68953
0 1 68955
0 1 68958
0 1 68959
0 1 68960
0 1 68961
0 1 68962
0 1 68966
0 1 68969
0 1 68970
0 1 68971
0 1 68975
0 1 68976
0 1 68977
0 1 68981
0 1 68983
0 1 68984
0 1 68986
0 1 68988
0 1 68989
0 1 68994
0 1 68995
0 1 68996
0 1 69001
0 1 69003
0 1 69005
0 1 69009
0 1 69010
0 1 69013
0 1 69018
0 1 69019
0 1 69020
0 1 69022
0 1 69023
0 1 69024
0 1 69025
0 1 69026
0 1 69027
0 1 69029
0 1 69031
0 1 69036
0 1 69040
0 1 69041
0 1 69044
0 1 69045
0 1 69046
0 1 69047
0 1 69048
0 1 69050
0 1 69055
0 1 69058
0 1 69061
0 1 69064
0 1 69065
0 1 69067
0 1 69072
0 1 69073
0 1 69075
0 1 69076
0 1 69078
0 1 69079
0 1 69082
0 1 69083
0 1 69087
0 1 69088
0 1 69089
0 1 69094
0 1 69097
0 1 69100
0 1 69101
0 1 69102
0 1 69104
0 1 69107
0 1 69113
0 1 69115
0 1 69117
0 1 69123
0 1 69124
0 1 69126
0 1 69127
0 1 69129
0 1 69134
0 1 69137
0 1 69141
0 1 69142
0 1 69143
0 1 69145
0 1 69147
0 1 69148
0 1 69150
0 1 69152
0 1 69153
0 1 69155
0 1 69157
0 1 69162
0 1 69163
0 1 69167
0 1 69168
0 1 69169
0 1 69175
0 1 69177
0 1 69180
0 1 69186
0 1 69192
0 1 69195
0 1 69198
0 1 69202
0 1 69203
0 1 69204
0 1 69206
0 1 69207
0 1 69208
0 1 69211
0 1 69213
0 1 69219
0 1 69223
0 1 69224
0 1 69225
0 1 69226
0 1 69232
0 1 69235
0 1 69236
0 1 69237
0 1 69238
0 1 69242
0 1 69243
0 1 69247
0 1 69253
0 1 69254
0 1 69255
0 1 69256
0 1 69257
0 1 69265
0 1 69267
0 1 69268
0 1 69271
0 1 69272
0 1 69274
0 1 69275
0 1 69277
0 1 69278
0 1 69279
0 1 69280
0 1 69283
0 1 69285
0 1 69286
0 1 69289
0 1 69290
0 1 69291
0 1 69292
0 1 69294
0 1 69298
0 1 69301
0 1 69303
0 1 69305
0 1 69307
0 1 69311
0 1 69312
0 1 69313
0 1 69314
0 1 69320
0 1 69326
0 1 69328
0 1 69329
0 1 69331
0 1 69335
0 1 69341
0 1 69343
0 1 69348
0 1 69349
0 1 69355
0 1 69356
0 1 69358
0 1 69364
0 1 69366
0 1 69367
0 1 69369
0 1 69378
0 1 69379
0 1 69381
0 1 69385
0 1 69387
0 1 69388
0 1 69391
0 1 69393
0 1 69397
0 1 69399
0 1 69402
0 1 69403
0 1 69405
0 1 69408
0 1 69414
0 1 69422
0 1 69423
0 1 69425
0 1 69428
0 1 69429
0 1 69436
0 1 69438
0 1 69439
0 1 69440
0 1 69443
0 1 69444
0 1 69447
0 1 69449
0 1 69451
0 1 69453
0 1 69457
0 1 69458
0 1 69459
0 1 69460
0 1 69465
0 1 69467
0 1 69472
0 1 69475
0 1 69477
0 1 69478
0 1 69479
0 1 69480
0 1 69483
0 1 69486
0 1 69488
0 1 69489
0 1 69490
0 1 69493
0 1 69494
0 1 69495
0 1 69496
0 1 69497
0 1 69498
0 1 69500
0 1 69504
0 1 69505
0 1 69508
0 1 69510
0 1 69517
0 1 69518
0 1 69520
0 1 69521
0 1 69523
0 1 69524
0 1 69526
0 1 69528
0 1 69531
0 1 69534
0 1 69535
0 1 69543
0 1 69545
0 1 69546
0 1 69550
0 1 69561
0 1 69563
0 1 69566
0 1 69570
0 1 69573
0 1 69574
0 1 69575
0 1 69582
0 1 69586
0 1 69587
0 1 69588
0 1 69589
0 1 69592
0 1 69594
0 1 69595
0 1 69599
0 1 69601
0 1 69602
0 1 69606
0 1 69610
0 1 69611
0 1 69612
0 1 69614
0 1 69616
0 1 69621
0 1 69622
0 1 69624
0 1 69626
0 1 69627
0 1 69628
0 1 69633
0 1 69635
0 1 69637
0 1 69643
0 1 69647
0 1 69651
0 1 69652
0 1 69653
0 1 69655
0 1 69657
0 1 69662
0 1 69665
0 1 69666
0 1 69667
0 1 69671
0 1 69672
0 1 69673
0 1 69675
0 1 69677
0 1 69678
0 1 69684
0 1 69685
0 1 69687
0 1 69689
0 1 69692
0 1 69693
0 1 69694
0 1 69696
0 1 69698
0 1 69699
0 1 69700
0 1 69703
0 1 69707
0 1 69708
0 1 69709
0 1 69710
0 1 69712
0 1 69713
0 1 69715
0 1 69717
0 1 69724
0 1 69730
0 1 69731
0 1 69733
0 1 69734
0 1 69736
0 1 69741
0 1 69745
0 1 69747
0 1 69749
0 1 69751
0 1 69752
0 1 69753
0 1 69757
0 1 69758
0 1 69760
0 1 69761
0 1 69763
0 1 69770
0 1 69777
0 1 69779
0 1 69781
0 1 69783
0 1 69787
0 1 69788
0 1 69789
0 1 69791
0 1 69792
0 1 69793
0 1 69794
0 1 69795
0 1 69797
0 1 69798
0 1 69799
0 1 69803
0 1 69804
0 1 69805
0 1 69806
0 1 69807
0 1 69808
0 1 69812
0 1 69813
0 1 69816
0 1 69818
0 1 69820
0 1 69825
0 1 69826
0 1 69828
0 1 69831
0 1 69839
0 1 69841
0 1 69844
0 1 69847
0 1 69850
0 1 69852
0 1 69855
0 1 69857
0 1 69858
0 1 69863
0 1 69865
0 1 69867
0 1 69870
0 1 69873
0 1 69876
0 1 69880
0 1 69882
0 1 69886
0 1 69889
0 1 69890
0 1 69893
0 1 69895
0 1 69896
0 1 69904
0 1 69919
0 1 69920
0 1 69922
0 1 69923
0 1 69924
0 1 69925
0 1 69927
0 1 69932
0 1 69935
0 1 69936
0 1 69937
0 1 69942
0 1 69944
0 1 69946
0 1 69949
0 1 69950
0 1 69952
0 1 69953
0 1 69962
0 1 69964
0 1 69965
0 1 69966
0 1 69971
0 1 69972
0 1 69975
0 1 69976
0 1 69978
0 1 69980
0 1 69982
0 1 69983
0 1 69984
0 1 69989
0 1 69990
0 1 69991
0 1 69993
0 1 69994
0 1 69995
0 1 69996
0 1 69999
0 1 70001
0 1 70004
0 1 70005
0 1 70014
0 1 70015
0 1 70021
0 1 70026
0 1 70033
0 1 70036
0 1 70038
0 1 70042
0 1 70043
0 1 70046
0 1 70048
0 1 70049
0 1 70050
0 1 70052
0 1 70057
0 1 70058
0 1 70060
0 1 70061
0 1 70066
0 1 70067
0 1 70069
0 1 70070
0 1 70079
0 1 70080
0 1 70083
0 1 70086
0 1 70088
0 1 70089
0 1 70091
0 1 70092
0 1 70093
0 1 70094
0 1 70098
0 1 70099
0 1 70100
0 1 70103
0 1 70104
0 1 70112
0 1 70116
0 1 70117
0 1 70118
0 1 70119
0 1 70121
0 1 70126
0 1 70128
0 1 70130
0 1 70135
0 1 70136
0 1 70140
0 1 70143
0 1 70145
0 1 70147
0 1 70150
0 1 70151
0 1 70154
0 1 70158
0 1 70160
0 1 70171
0 1 70172
0 1 70174
0 1 70177
0 1 70181
0 1 70182
0 1 70185
0 1 70188
0 1 70192
0 1 70193
0 1 70201
0 1 70204
0 1 70205
0 1 70207
0 1 70208
0 1 70209
0 1 70214
0 1 70216
0 1 70220
0 1 70222
0 1 70226
0 1 70227
0 1 70228
0 1 70229
0 1 70233
0 1 70238
0 1 70239
0 1 70240
0 1 70241
0 1 70245
0 1 70247
0 1 70252
0 1 70253
0 1 70254
0 1 70256
0 1 70257
0 1 70258
0 1 70261
0 1 70262
0 1 70263
0 1 70270
0 1 70271
0 1 70272
0 1 70275
0 1 70277
0 1 70282
0 1 70283
0 1 70286
0 1 70288
0 1 70289
0 1 70291
0 1 70295
0 1 70298
0 1 70299
0 1 70300
0 1 70301
0 1 70302
0 1 70303
0 1 70304
0 1 70305
0 1 70311
0 1 70313
0 1 70314
0 1 70315
0 1 70316
0 1 70320
0 1 70329
0 1 70333
0 1 70336
0 1 70337
0 1 70338
0 1 70339
0 1 70340
0 1 70344
0 1 70347
0 1 70351
0 1 70356
0 1 70358
0 1 70359
0 1 70360
0 1 70363
0 1 70371
0 1 70372
0 1 70375
0 1 70376
0 1 70377
0 1 70378
0 1 70381
0 1 70384
0 1 70394
0 1 70396
0 1 70398
0 1 70403
0 1 70404
0 1 70405
0 1 70406
0 1 70407
0 1 70409
0 1 70410
0 1 70411
0 1 70412
0 1 70414
0 1 70416
0 1 70419
0 1 70421
0 1 70426
0 1 70427
0 1 70429
0 1 70430
0 1 70436
0 1 70443
0 1 70444
0 1 70445
0 1 70447
0 1 70454
0 1 70459
0 1 70460
0 1 70462
0 1 70463
0 1 70465
0 1 70471
0 1 70473
0 1 70474
0 1 70475
0 1 70477
0 1 70480
0 1 70481
0 1 70482
0 1 70483
0 1 70487
0 1 70491
0 1 70493
0 1 70494
0 1 70495
0 1 70499
0 1 70500
0 1 70502
0 1 70504
0 1 70513
0 1 70514
0 1 70515
0 1 70517
0 1 70519
0 1 70523
0 1 70524
0 1 70526
0 1 70531
0 1 70532
0 1 70535
0 1 70538
0 1 70540
0 1 70542
0 1 70544
0 1 70548
0 1 70549
0 1 70550
0 1 70554
0 1 70555
0 1 70559
0 1 70562
0 1 70565
0 1 70569
0 1 70571
0 1 70573
0 1 70574
0 1 70577
0 1 70581
0 1 70582
0 1 70590
0 1 70591
0 1 70593
0 1 70597
0 1 70599
0 1 70601
0 1 70607
0 1 70609
0 1 70612
0 1 70620
0 1 70621
0 1 70624
0 1 70625
0 1 70626
0 1 70627
0 1 70629
0 1 70634
0 1 70635
0 1 70641
0 1 70644
0 1 70646
0 1 70648
0 1 70653
0 1 70655
0 1 70656
0 1 70661
0 1 70662
0 1 70663
0 1 70667
0 1 70668
0 1 70670
0 1 70672
0 1 70676
0 1 70679
0 1 70681
0 1 70682
0 1 70690
0 1 70693
0 1 70694
0 1 70696
0 1 70697
0 1 70698
0 1 70701
0 1 70706
0 1 70708
0 1 70711
0 1 70715
0 1 70716
0 1 70721
0 1 70722
0 1 70723
0 1 70724
0 1 70727
0 1 70733
0 1 70738
0 1 70739
0 1 70740
0 1 70741
0 1 70748
0 1 70749
0 1 70755
0 1 70756
0 1 70757
0 1 70758
0 1 70762
0 1 70763
0 1 70767
0 1 70771
0 1 70773
0 1 70781
0 1 70782
0 1 70783
0 1 70787
0 1 70788
0 1 70791
0 1 70795
0 1 70798
0 1 70800
0 1 70801
0 1 70804
0 1 70805
0 1 70808
0 1 70810
0 1 70811
0 1 70812
0 1 70813
0 1 70814
0 1 70817
0 1 70820
0 1 70822
0 1 70823
0 1 70825
0 1 70827
0 1 70829
0 1 70831
0 1 70834
0 1 70839
0 1 70841
0 1 70844
0 1 70845
0 1 70846
0 1 70847
0 1 70850
0 1 70853
0 1 70856
0 1 70859
0 1 70862
0 1 70866
0 1 70870
0 1 70871
0 1 70873
0 1 70874
0 1 70875
0 1 70878
0 1 70883
0 1 70884
0 1 70887
0 1 70888
0 1 70890
0 1 70891
0 1 70892
0 1 70895
0 1 70898
0 1 70900
0 1 70902
0 1 70907
0 1 70909
0 1 70912
0 1 70913
0 1 70914
0 1 70916
0 1 70918
0 1 70920
0 1 70924
0 1 70925
0 1 70926
0 1 70928
0 1 70932
0 1 70934
0 1 70948
0 1 70951
0 1 70953
0 1 70954
0 1 70958
0 1 70962
0 1 70966
0 1 70968
0 1 70971
0 1 70977
0 1 70978
0 1 70980
0 1 70981
0 1 70985
0 1 70986
0 1 70987
0 1 70988
0 1 70989
0 1 70993
0 1 70996
0 1 70998
0 1 71000
0 1 71001
0 1 71010
0 1 71011
0 1 71013
0 1 71014
0 1 71020
0 1 71029
0 1 71032
0 1 71042
0 1 71046
0 1 71047
0 1 71049
0 1 71058
0 1 71059
0 1 71061
0 1 71062
0 1 71065
0 1 71067
0 1 71071
0 1 71076
0 1 71078
0 1 71081
0 1 71085
0 1 71088
0 1 71089
0 1 71090
0 1 71095
0 1 71097
0 1 71098
0 1 71099
0 1 71100
0 1 71101
0 1 71102
0 1 71103
0 1 71104
0 1 71110
0 1 71111
0 1 71114
0 1 71116
0 1 71117
0 1 71120
0 1 71122
0 1 71124
0 1 71125
0 1 71130
0 1 71131
0 1 71132
0 1 71135
0 1 71136
0 1 71137
0 1 71139
0 1 71140
0 1 71142
0 1 71143
0 1 71146
0 1 71147
0 1 71150
0 1 71152
0 1 71153
0 1 71155
0 1 71158
0 1 71162
0 1 71163
0 1 71164
0 1 71165
0 1 71166
0 1 71168
0 1 71171
0 1 71172
0 1 71178
0 1 71179
0 1 71182
0 1 71183
0 1 71185
0 1 71186
0 1 71191
0 1 71200
0 1 71201
0 1 71202
0 1 71208
0 1 71214
0 1 71216
0 1 71217
0 1 71218
0 1 71219
0 1 71220
0 1 71221
0 1 71222
0 1 71225
0 1 71227
0 1 71228
0 1 71233
0 1 71234
0 1 71239
0 1 71240
0 1 71241
0 1 71242
0 1 71244
0 1 71248
0 1 71250
0 1 71254
0 1 71255
0 1 71257
0 1 71258
0 1 71261
0 1 71262
0 1 71263
0 1 71264
0 1 71271
0 1 71274
0 1 71279
0 1 71282
0 1 71284
0 1 71287
0 1 71290
0 1 71291
0 1 71293
0 1 71294
0 1 71295
0 1 71298
0 1 71299
0 1 71310
0 1 71312
0 1 71314
0 1 71316
0 1 71318
0 1 71320
0 1 71321
0 1 71322
0 1 71323
0 1 71324
0 1 71325
0 1 71328
0 1 71329
0 1 71330
0 1 71332
0 1 71336
0 1 71337
0 1 71343
0 1 71345
0 1 71346
0 1 71349
0 1 71353
0 1 71356
0 1 71357
0 1 71360
0 1 71366
0 1 71367
0 1 71369
0 1 71370
0 1 71371
0 1 71372
0 1 71374
0 1 71376
0 1 71378
0 1 71380
0 1 71381
0 1 71382
0 1 71385
0 1 71388
0 1 71389
0 1 71391
0 1 71397
0 1 71398
0 1 71399
0 1 71400
0 1 71402
0 1 71404
0 1 71406
0 1 71408
0 1 71412
0 1 71413
0 1 71416
0 1 71417
0 1 71420
0 1 71421
0 1 71423
0 1 71424
0 1 71426
0 1 71428
0 1 71429
0 1 71430
0 1 71434
0 1 71436
0 1 71439
0 1 71440
0 1 71441
0 1 71443
0 1 71444
0 1 71446
0 1 71448
0 1 71449
0 1 71450
0 1 71457
0 1 71458
0 1 71461
0 1 71462
0 1 71464
0 1 71466
0 1 71467
0 1 71468
0 1 71469
0 1 71470
0 1 71471
0 1 71473
0 1 71475
0 1 71476
0 1 71478
0 1 71479
0 1 71481
0 1 71483
0 1 71486
0 1 71489
0 1 71492
0 1 71493
0 1 71497
0 1 71499
0 1 71500
0 1 71501
0 1 71503
0 1 71507
0 1 71508
0 1 71509
0 1 71513
0 1 71515
0 1 71518
0 1 71519
0 1 71520
0 1 71523
0 1 71526
0 1 71528
0 1 71530
0 1 71535
0 1 71538
0 1 71539
0 1 71540
0 1 71541
0 1 71542
0 1 71544
0 1 71545
0 1 71547
0 1 71549
0 1 71552
0 1 71553
0 1 71556
0 1 71558
0 1 71559
0 1 71561
0 1 71563
0 1 71564
0 1 71565
0 1 71568
0 1 71569
0 1 71570
0 1 71573
0 1 71574
0 1 71576
0 1 71579
0 1 71580
0 1 71581
0 1 71583
0 1 71584
0 1 71596
0 1 71597
0 1 71598
0 1 71599
0 1 71605
0 1 71610
0 1 71612
0 1 71613
0 1 71614
0 1 71615
0 1 71619
0 1 71621
0 1 71622
0 1 71623
0 1 71630
0 1 71636
0 1 71638
0 1 71639
0 1 71640
0 1 71641
0 1 71643
0 1 71645
0 1 71647
0 1 71650
0 1 71652
0 1 71653
0 1 71654
0 1 71656
0 1 71658
0 1 71659
0 1 71660
0 1 71661
0 1 71662
0 1 71664
0 1 71665
0 1 71666
0 1 71667
0 1 71671
0 1 71677
0 1 71678
0 1 71681
0 1 71683
0 1 71686
0 1 71695
0 1 71696
0 1 71698
0 1 71700
0 1 71702
0 1 71708
0 1 71712
0 1 71713
0 1 71715
0 1 71717
0 1 71718
0 1 71719
0 1 71720
0 1 71722
0 1 71725
0 1 71726
0 1 71727
0 1 71728
0 1 71729
0 1 71736
0 1 71738
0 1 71739
0 1 71741
0 1 71747
0 1 71750
0 1 71755
0 1 71756
0 1 71757
0 1 71758
0 1 71760
0 1 71761
0 1 71765
0 1 71772
0 1 71773
0 1 71783
0 1 71786
0 1 71790
0 1 71793
0 1 71799
0 1 71801
0 1 71804
0 1 71807
0 1 71811
0 1 71813
0 1 71816
0 1 71820
0 1 71822
0 1 71823
0 1 71825
0 1 71828
0 1 71829
0 1 71831
0 1 71832
0 1 71834
0 1 71835
0 1 71837
0 1 71839
0 1 71842
0 1 71843
0 1 71844
0 1 71849
0 1 71851
0 1 71854
0 1 71855
0 1 71856
0 1 71859
0 1 71860
0 1 71861
0 1 71863
0 1 71866
0 1 71870
0 1 71871
0 1 71873
0 1 71875
0 1 71877
0 1 71879
0 1 71881
0 1 71882
0 1 71885
0 1 71889
0 1 71892
0 1 71893
0 1 71897
0 1 71902
0 1 71903
0 1 71905
0 1 71906
0 1 71907
0 1 71910
0 1 71911
0 1 71914
0 1 71916
0 1 71920
0 1 71923
0 1 71925
0 1 71929
0 1 71933
0 1 71934
0 1 71935
0 1 71936
0 1 71939
0 1 71940
0 1 71941
0 1 71944
0 1 71945
0 1 71947
0 1 71948
0 1 71951
0 1 71955
0 1 71959
0 1 71962
0 1 71963
0 1 71964
0 1 71965
0 1 71967
0 1 71968
0 1 71970
0 1 71972
0 1 71973
0 1 71975
0 1 71977
0 1 71979
0 1 71981
0 1 71986
0 1 71991
0 1 71993
0 1 71996
0 1 71997
0 1 71998
0 1 71999
0 1 72000
0 1 72002
0 1 72003
0 1 72006
0 1 72010
0 1 72011
0 1 72012
0 1 72014
0 1 72018
0 1 72022
0 1 72024
0 1 72027
0 1 72028
0 1 72029
0 1 72037
0 1 72044
0 1 72045
0 1 72048
0 1 72050
0 1 72051
0 1 72053
0 1 72055
0 1 72057
0 1 72058
0 1 72059
0 1 72062
0 1 72065
0 1 72066
0 1 72069
0 1 72071
0 1 72072
0 1 72073
0 1 72076
0 1 72077
0 1 72081
0 1 72084
0 1 72085
0 1 72086
0 1 72087
0 1 72088
0 1 72089
0 1 72091
0 1 72093
0 1 72096
0 1 72097
0 1 72100
0 1 72101
0 1 72103
0 1 72107
0 1 72109
0 1 72110
0 1 72111
0 1 72112
0 1 72113
0 1 72114
0 1 72115
0 1 72118
0 1 72119
0 1 72122
0 1 72123
0 1 72127
0 1 72131
0 1 72134
0 1 72135
0 1 72136
0 1 72138
0 1 72143
0 1 72144
0 1 72145
0 1 72157
0 1 72162
0 1 72163
0 1 72164
0 1 72166
0 1 72168
0 1 72170
0 1 72174
0 1 72176
0 1 72177
0 1 72178
0 1 72180
0 1 72181
0 1 72182
0 1 72186
0 1 72191
0 1 72193
0 1 72195
0 1 72196
0 1 72199
0 1 72201
0 1 72209
0 1 72215
0 1 72217
0 1 72222
0 1 72225
0 1 72226
0 1 72227
0 1 72231
0 1 72232
0 1 72233
0 1 72234
0 1 72236
0 1 72238
0 1 72239
0 1 72240
0 1 72243
0 1 72245
0 1 72251
0 1 72253
0 1 72254
0 1 72255
0 1 72257
0 1 72258
0 1 72260
0 1 72263
0 1 72265
0 1 72269
0 1 72270
0 1 72272
0 1 72276
0 1 72278
0 1 72283
0 1 72284
0 1 72293
0 1 72301
0 1 72303
0 1 72305
0 1 72307
0 1 72309
0 1 72313
0 1 72317
0 1 72318
0 1 72322
0 1 72326
0 1 72328
0 1 72330
0 1 72337
0 1 72339
0 1 72340
0 1 72352
0 1 72356
0 1 72362
0 1 72368
0 1 72369
0 1 72371
0 1 72373
0 1 72374
0 1 72375
0 1 72381
0 1 72385
0 1 72388
0 1 72389
0 1 72391
0 1 72392
0 1 72397
0 1 72398
0 1 72401
0 1 72402
0 1 72406
0 1 72411
0 1 72413
0 1 72416
0 1 72417
0 1 72418
0 1 72422
0 1 72423
0 1 72425
0 1 72426
0 1 72427
0 1 72432
0 1 72433
0 1 72434
0 1 72436
0 1 72438
0 1 72439
0 1 72442
0 1 72443
0 1 72444
0 1 72450
0 1 72454
0 1 72455
0 1 72456
0 1 72462
0 1 72464
0 1 72469
0 1 72470
0 1 72471
0 1 72472
0 1 72473
0 1 72475
0 1 72477
0 1 72479
0 1 72481
0 1 72484
0 1 72487
0 1 72488
0 1 72489
0 1 72492
0 1 72495
0 1 72498
0 1 72499
0 1 72502
0 1 72503
0 1 72506
0 1 72510
0 1 72514
0 1 72517
0 1 72519
0 1 72521
0 1 72522
0 1 72528
0 1 72532
0 1 72533
0 1 72536
0 1 72540
0 1 72543
0 1 72544
0 1 72546
0 1 72548
0 1 72549
0 1 72551
0 1 72552
0 1 72553
0 1 72555
0 1 72557
0 1 72559
0 1 72561
0 1 72562
0 1 72569
0 1 72570
0 1 72572
0 1 72573
0 1 72576
0 1 72578
0 1 72580
0 1 72583
0 1 72585
0 1 72586
0 1 72590
0 1 72591
0 1 72599
0 1 72600
0 1 72602
0 1 72604
0 1 72605
0 1 72606
0 1 72607
0 1 72609
0 1 72610
0 1 72611
0 1 72613
0 1 72614
0 1 72615
0 1 72616
0 1 72618
0 1 72620
0 1 72621
0 1 72622
0 1 72623
0 1 72624
0 1 72625
0 1 72626
0 1 72628
0 1 72629
0 1 72632
0 1 72633
0 1 72636
0 1 72637
0 1 72641
0 1 72645
0 1 72647
0 1 72649
0 1 72650
0 1 72652
0 1 72655
0 1 72656
0 1 72663
0 1 72664
0 1 72669
0 1 72670
0 1 72672
0 1 72677
0 1 72678
0 1 72680
0 1 72684
0 1 72685
0 1 72687
0 1 72689
0 1 72690
0 1 72692
0 1 72696
0 1 72704
0 1 72706
0 1 72707
0 1 72708
0 1 72709
0 1 72716
0 1 72726
0 1 72732
0 1 72734
0 1 72739
0 1 72743
0 1 72744
0 1 72746
0 1 72752
0 1 72754
0 1 72755
0 1 72756
0 1 72757
0 1 72760
0 1 72764
0 1 72770
0 1 72773
0 1 72776
0 1 72777
0 1 72778
0 1 72780
0 1 72781
0 1 72784
0 1 72785
0 1 72786
0 1 72788
0 1 72796
0 1 72798
0 1 72800
0 1 72802
0 1 72805
0 1 72806
0 1 72808
0 1 72810
0 1 72811
0 1 72813
0 1 72814
0 1 72818
0 1 72821
0 1 72823
0 1 72824
0 1 72828
0 1 72830
0 1 72832
0 1 72834
0 1 72838
0 1 72840
0 1 72841
0 1 72842
0 1 72845
0 1 72847
0 1 72849
0 1 72854
0 1 72856
0 1 72857
0 1 72860
0 1 72862
0 1 72868
0 1 72869
0 1 72871
0 1 72874
0 1 72879
0 1 72881
0 1 72883
0 1 72886
0 1 72888
0 1 72892
0 1 72895
0 1 72904
0 1 72905
0 1 72907
0 1 72909
0 1 72911
0 1 72915
0 1 72920
0 1 72928
0 1 72929
0 1 72930
0 1 72933
0 1 72938
0 1 72939
0 1 72941
0 1 72942
0 1 72944
0 1 72945
0 1 72948
0 1 72949
0 1 72952
0 1 72955
0 1 72956
0 1 72960
0 1 72961
0 1 72967
0 1 72969
0 1 72977
0 1 72980
0 1 72984
0 1 72988
0 1 72990
0 1 72991
0 1 72992
0 1 72993
0 1 72997
0 1 72998
0 1 72999
0 1 73000
0 1 73005
0 1 73008
0 1 73009
0 1 73013
0 1 73014
0 1 73015
0 1 73016
0 1 73017
0 1 73018
0 1 73019
0 1 73023
0 1 73024
0 1 73025
0 1 73033
0 1 73034
0 1 73044
0 1 73046
0 1 73056
0 1 73059
0 1 73060
0 1 73065
0 1 73066
0 1 73067
0 1 73068
0 1 73069
0 1 73074
0 1 73077
0 1 73078
0 1 73084
0 1 73087
0 1 73093
0 1 73094
0 1 73095
0 1 73096
0 1 73100
0 1 73101
0 1 73107
0 1 73114
0 1 73116
0 1 73120
0 1 73122
0 1 73124
0 1 73126
0 1 73129
0 1 73130
0 1 73132
0 1 73135
0 1 73140
0 1 73144
0 1 73147
0 1 73148
0 1 73151
0 1 73158
0 1 73160
0 1 73163
0 1 73164
0 1 73166
0 1 73167
0 1 73169
0 1 73170
0 1 73172
0 1 73174
0 1 73175
0 1 73176
0 1 73177
0 1 73178
0 1 73179
0 1 73180
0 1 73181
0 1 73182
0 1 73186
0 1 73187
0 1 73190
0 1 73198
0 1 73200
0 1 73203
0 1 73204
0 1 73206
0 1 73207
0 1 73209
0 1 73211
0 1 73213
0 1 73224
0 1 73225
0 1 73226
0 1 73227
0 1 73229
0 1 73232
0 1 73242
0 1 73245
0 1 73246
0 1 73247
0 1 73248
0 1 73255
0 1 73258
0 1 73259
0 1 73261
0 1 73262
0 1 73264
0 1 73265
0 1 73266
0 1 73267
0 1 73268
0 1 73273
0 1 73274
0 1 73278
0 1 73285
0 1 73286
0 1 73287
0 1 73297
0 1 73301
0 1 73303
0 1 73306
0 1 73310
0 1 73315
0 1 73317
0 1 73318
0 1 73320
0 1 73321
0 1 73326
0 1 73327
0 1 73328
0 1 73330
0 1 73335
0 1 73342
0 1 73343
0 1 73344
0 1 73345
0 1 73346
0 1 73348
0 1 73351
0 1 73354
0 1 73358
0 1 73361
0 1 73364
0 1 73369
0 1 73370
0 1 73371
0 1 73373
0 1 73374
0 1 73377
0 1 73378
0 1 73380
0 1 73384
0 1 73386
0 1 73387
0 1 73393
0 1 73396
0 1 73399
0 1 73404
0 1 73409
0 1 73410
0 1 73411
0 1 73412
0 1 73418
0 1 73419
0 1 73424
0 1 73426
0 1 73428
0 1 73429
0 1 73430
0 1 73431
0 1 73436
0 1 73439
0 1 73441
0 1 73442
0 1 73447
0 1 73448
0 1 73450
0 1 73452
0 1 73453
0 1 73455
0 1 73462
0 1 73463
0 1 73465
0 1 73467
0 1 73470
0 1 73474
0 1 73476
0 1 73479
0 1 73481
0 1 73483
0 1 73485
0 1 73488
0 1 73489
0 1 73490
0 1 73492
0 1 73493
0 1 73495
0 1 73498
0 1 73500
0 1 73501
0 1 73506
0 1 73507
0 1 73513
0 1 73515
0 1 73518
0 1 73520
0 1 73521
0 1 73524
0 1 73525
0 1 73527
0 1 73531
0 1 73532
0 1 73534
0 1 73535
0 1 73537
0 1 73539
0 1 73540
0 1 73542
0 1 73545
0 1 73549
0 1 73553
0 1 73557
0 1 73565
0 1 73567
0 1 73568
0 1 73571
0 1 73572
0 1 73575
0 1 73576
0 1 73579
0 1 73586
0 1 73588
0 1 73590
0 1 73591
0 1 73598
0 1 73599
0 1 73601
0 1 73603
0 1 73607
0 1 73610
0 1 73611
0 1 73614
0 1 73620
0 1 73625
0 1 73626
0 1 73628
0 1 73629
0 1 73633
0 1 73636
0 1 73638
0 1 73642
0 1 73644
0 1 73645
0 1 73647
0 1 73649
0 1 73650
0 1 73652
0 1 73653
0 1 73654
0 1 73658
0 1 73661
0 1 73663
0 1 73668
0 1 73669
0 1 73672
0 1 73674
0 1 73677
0 1 73681
0 1 73686
0 1 73687
0 1 73688
0 1 73689
0 1 73694
0 1 73696
0 1 73698
0 1 73701
0 1 73702
0 1 73705
0 1 73706
0 1 73712
0 1 73714
0 1 73715
0 1 73716
0 1 73717
0 1 73720
0 1 73723
0 1 73724
0 1 73725
0 1 73726
0 1 73727
0 1 73728
0 1 73731
0 1 73733
0 1 73735
0 1 73737
0 1 73741
0 1 73744
0 1 73746
0 1 73747
0 1 73748
0 1 73749
0 1 73750
0 1 73752
0 1 73754
0 1 73755
0 1 73757
0 1 73759
0 1 73761
0 1 73762
0 1 73765
0 1 73769
0 1 73770
0 1 73773
0 1 73774
0 1 73778
0 1 73779
0 1 73780
0 1 73781
0 1 73784
0 1 73786
0 1 73788
0 1 73789
0 1 73794
0 1 73799
0 1 73800
0 1 73801
0 1 73803
0 1 73804
0 1 73805
0 1 73807
0 1 73810
0 1 73814
0 1 73815
0 1 73818
0 1 73820
0 1 73821
0 1 73834
0 1 73839
0 1 73842
0 1 73846
0 1 73849
0 1 73850
0 1 73851
0 1 73852
0 1 73853
0 1 73859
0 1 73860
0 1 73864
0 1 73865
0 1 73866
0 1 73867
0 1 73868
0 1 73870
0 1 73871
0 1 73879
0 1 73880
0 1 73882
0 1 73883
0 1 73885
0 1 73886
0 1 73887
0 1 73888
0 1 73889
0 1 73891
0 1 73894
0 1 73895
0 1 73899
0 1 73902
0 1 73904
0 1 73906
0 1 73911
0 1 73912
0 1 73913
0 1 73915
0 1 73916
0 1 73919
0 1 73920
0 1 73921
0 1 73923
0 1 73924
0 1 73928
0 1 73931
0 1 73934
0 1 73935
0 1 73938
0 1 73941
0 1 73942
0 1 73945
0 1 73946
0 1 73948
0 1 73949
0 1 73950
0 1 73953
0 1 73958
0 1 73959
0 1 73961
0 1 73963
0 1 73970
0 1 73971
0 1 73975
0 1 73976
0 1 73979
0 1 73981
0 1 73982
0 1 73983
0 1 73985
0 1 73988
0 1 73990
0 1 73991
0 1 73996
0 1 73997
0 1 73998
0 1 73999
0 1 74003
0 1 74009
0 1 74020
0 1 74028
0 1 74030
0 1 74031
0 1 74037
0 1 74039
0 1 74040
0 1 74043
0 1 74044
0 1 74045
0 1 74047
0 1 74050
0 1 74053
0 1 74055
0 1 74056
0 1 74057
0 1 74059
0 1 74061
0 1 74062
0 1 74064
0 1 74068
0 1 74069
0 1 74070
0 1 74072
0 1 74073
0 1 74077
0 1 74079
0 1 74081
0 1 74084
0 1 74090
0 1 74096
0 1 74097
0 1 74099
0 1 74100
0 1 74104
0 1 74105
0 1 74107
0 1 74109
0 1 74112
0 1 74113
0 1 74118
0 1 74119
0 1 74124
0 1 74132
0 1 74136
0 1 74137
0 1 74140
0 1 74141
0 1 74143
0 1 74145
0 1 74146
0 1 74148
0 1 74149
0 1 74154
0 1 74155
0 1 74156
0 1 74158
0 1 74162
0 1 74168
0 1 74169
0 1 74172
0 1 74174
0 1 74175
0 1 74177
0 1 74181
0 1 74183
0 1 74184
0 1 74185
0 1 74186
0 1 74187
0 1 74190
0 1 74194
0 1 74195
0 1 74198
0 1 74201
0 1 74204
0 1 74205
0 1 74216
0 1 74217
0 1 74219
0 1 74223
0 1 74225
0 1 74228
0 1 74230
0 1 74232
0 1 74235
0 1 74236
0 1 74239
0 1 74244
0 1 74247
0 1 74248
0 1 74249
0 1 74254
0 1 74261
0 1 74264
0 1 74265
0 1 74271
0 1 74273
0 1 74274
0 1 74276
0 1 74277
0 1 74278
0 1 74280
0 1 74281
0 1 74290
0 1 74292
0 1 74295
0 1 74296
0 1 74297
0 1 74298
0 1 74299
0 1 74300
0 1 74306
0 1 74307
0 1 74310
0 1 74317
0 1 74320
0 1 74321
0 1 74324
0 1 74325
0 1 74326
0 1 74327
0 1 74328
0 1 74329
0 1 74330
0 1 74346
0 1 74348
0 1 74349
0 1 74350
0 1 74352
0 1 74354
0 1 74355
0 1 74356
0 1 74361
0 1 74363
0 1 74364
0 1 74366
0 1 74368
0 1 74371
0 1 74375
0 1 74379
0 1 74385
0 1 74389
0 1 74392
0 1 74393
0 1 74397
0 1 74403
0 1 74405
0 1 74410
0 1 74411
0 1 74413
0 1 74417
0 1 74420
0 1 74422
0 1 74423
0 1 74425
0 1 74426
0 1 74432
0 1 74434
0 1 74436
0 1 74439
0 1 74440
0 1 74443
0 1 74444
0 1 74449
0 1 74450
0 1 74451
0 1 74454
0 1 74457
0 1 74461
0 1 74463
0 1 74465
0 1 74467
0 1 74473
0 1 74476
0 1 74478
0 1 74480
0 1 74484
0 1 74485
0 1 74487
0 1 74490
0 1 74491
0 1 74492
0 1 74493
0 1 74500
0 1 74501
0 1 74503
0 1 74505
0 1 74506
0 1 74507
0 1 74514
0 1 74515
0 1 74516
0 1 74520
0 1 74522
0 1 74523
0 1 74530
0 1 74531
0 1 74533
0 1 74534
0 1 74537
0 1 74540
0 1 74543
0 1 74545
0 1 74551
0 1 74553
0 1 74555
0 1 74558
0 1 74561
0 1 74568
0 1 74570
0 1 74572
0 1 74573
0 1 74575
0 1 74580
0 1 74582
0 1 74587
0 1 74588
0 1 74590
0 1 74593
0 1 74599
0 1 74604
0 1 74606
0 1 74609
0 1 74610
0 1 74615
0 1 74617
0 1 74618
0 1 74621
0 1 74624
0 1 74625
0 1 74630
0 1 74631
0 1 74632
0 1 74634
0 1 74635
0 1 74636
0 1 74637
0 1 74640
0 1 74641
0 1 74645
0 1 74646
0 1 74648
0 1 74652
0 1 74654
0 1 74655
0 1 74662
0 1 74667
0 1 74668
0 1 74671
0 1 74673
0 1 74674
0 1 74676
0 1 74678
0 1 74682
0 1 74683
0 1 74685
0 1 74687
0 1 74691
0 1 74698
0 1 74704
0 1 74706
0 1 74707
0 1 74710
0 1 74711
0 1 74712
0 1 74715
0 1 74716
0 1 74718
0 1 74719
0 1 74721
0 1 74729
0 1 74740
0 1 74745
0 1 74749
0 1 74753
0 1 74754
0 1 74758
0 1 74760
0 1 74762
0 1 74763
0 1 74770
0 1 74771
0 1 74772
0 1 74775
0 1 74777
0 1 74780
0 1 74782
0 1 74787
0 1 74788
0 1 74790
0 1 74794
0 1 74795
0 1 74797
0 1 74799
0 1 74802
0 1 74803
0 1 74804
0 1 74808
0 1 74809
0 1 74810
0 1 74814
0 1 74815
0 1 74818
0 1 74822
0 1 74823
0 1 74825
0 1 74826
0 1 74827
0 1 74828
0 1 74831
0 1 74834
0 1 74836
0 1 74838
0 1 74839
0 1 74841
0 1 74842
0 1 74843
0 1 74846
0 1 74851
0 1 74853
0 1 74855
0 1 74856
0 1 74861
0 1 74863
0 1 74864
0 1 74865
0 1 74866
0 1 74868
0 1 74869
0 1 74870
0 1 74873
0 1 74874
0 1 74875
0 1 74882
0 1 74884
0 1 74885
0 1 74886
0 1 74887
0 1 74888
0 1 74890
0 1 74896
0 1 74897
0 1 74900
0 1 74901
0 1 74902
0 1 74906
0 1 74915
0 1 74917
0 1 74918
0 1 74919
0 1 74921
0 1 74922
0 1 74924
0 1 74928
0 1 74929
0 1 74930
0 1 74932
0 1 74934
0 1 74935
0 1 74938
0 1 74944
0 1 74948
0 1 74950
0 1 74955
0 1 74958
0 1 74959
0 1 74962
0 1 74964
0 1 74966
0 1 74972
0 1 74974
0 1 74975
0 1 74977
0 1 74978
0 1 74979
0 1 74983
0 1 74984
0 1 74986
0 1 74987
0 1 74988
0 1 74992
0 1 74993
0 1 74996
0 1 74998
0 1 75000
0 1 75004
0 1 75007
0 1 75008
0 1 75009
0 1 75010
0 1 75011
0 1 75012
0 1 75014
0 1 75015
0 1 75016
0 1 75017
0 1 75021
0 1 75023
0 1 75024
0 1 75025
0 1 75028
0 1 75029
0 1 75032
0 1 75034
0 1 75035
0 1 75040
0 1 75043
0 1 75044
0 1 75047
0 1 75049
0 1 75054
0 1 75056
0 1 75058
0 1 75060
0 1 75061
0 1 75062
0 1 75065
0 1 75067
0 1 75068
0 1 75069
0 1 75074
0 1 75077
0 1 75081
0 1 75082
0 1 75083
0 1 75084
0 1 75086
0 1 75090
0 1 75092
0 1 75093
0 1 75096
0 1 75097
0 1 75098
0 1 75099
0 1 75101
0 1 75102
0 1 75105
0 1 75106
0 1 75113
0 1 75116
0 1 75117
0 1 75119
0 1 75120
0 1 75125
0 1 75126
0 1 75127
0 1 75131
0 1 75133
0 1 75135
0 1 75137
0 1 75138
0 1 75140
0 1 75141
0 1 75142
0 1 75145
0 1 75146
0 1 75149
0 1 75151
0 1 75152
0 1 75157
0 1 75158
0 1 75161
0 1 75169
0 1 75174
0 1 75175
0 1 75178
0 1 75181
0 1 75184
0 1 75185
0 1 75190
0 1 75192
0 1 75196
0 1 75197
0 1 75203
0 1 75206
0 1 75208
0 1 75210
0 1 75211
0 1 75213
0 1 75217
0 1 75221
0 1 75230
0 1 75232
0 1 75233
0 1 75235
0 1 75239
0 1 75240
0 1 75242
0 1 75248
0 1 75249
0 1 75251
0 1 75254
0 1 75258
0 1 75261
0 1 75264
0 1 75266
0 1 75267
0 1 75268
0 1 75269
0 1 75270
0 1 75271
0 1 75273
0 1 75274
0 1 75275
0 1 75279
0 1 75283
0 1 75284
0 1 75285
0 1 75286
0 1 75289
0 1 75291
0 1 75292
0 1 75294
0 1 75295
0 1 75296
0 1 75299
0 1 75301
0 1 75303
0 1 75304
0 1 75307
0 1 75308
0 1 75310
0 1 75314
0 1 75315
0 1 75316
0 1 75318
0 1 75319
0 1 75322
0 1 75331
0 1 75332
0 1 75337
0 1 75339
0 1 75346
0 1 75349
0 1 75351
0 1 75352
0 1 75356
0 1 75357
0 1 75359
0 1 75361
0 1 75362
0 1 75371
0 1 75378
0 1 75379
0 1 75380
0 1 75386
0 1 75388
0 1 75389
0 1 75391
0 1 75392
0 1 75394
0 1 75399
0 1 75400
0 1 75402
0 1 75405
0 1 75408
0 1 75410
0 1 75411
0 1 75413
0 1 75416
0 1 75417
0 1 75419
0 1 75424
0 1 75426
0 1 75428
0 1 75431
0 1 75433
0 1 75436
0 1 75437
0 1 75438
0 1 75439
0 1 75440
0 1 75442
0 1 75446
0 1 75455
0 1 75456
0 1 75457
0 1 75462
0 1 75464
0 1 75466
0 1 75467
0 1 75468
0 1 75472
0 1 75475
0 1 75480
0 1 75484
0 1 75485
0 1 75487
0 1 75488
0 1 75491
0 1 75495
0 1 75496
0 1 75498
0 1 75504
0 1 75506
0 1 75510
0 1 75511
0 1 75513
0 1 75524
0 1 75525
0 1 75526
0 1 75528
0 1 75530
0 1 75531
0 1 75537
0 1 75540
0 1 75542
0 1 75545
0 1 75550
0 1 75552
0 1 75553
0 1 75555
0 1 75556
0 1 75558
0 1 75561
0 1 75562
0 1 75565
0 1 75566
0 1 75570
0 1 75572
0 1 75574
0 1 75576
0 1 75577
0 1 75578
0 1 75579
0 1 75581
0 1 75582
0 1 75583
0 1 75585
0 1 75586
0 1 75589
0 1 75598
0 1 75599
0 1 75600
0 1 75601
0 1 75604
0 1 75614
0 1 75615
0 1 75616
0 1 75619
0 1 75621
0 1 75622
0 1 75628
0 1 75633
0 1 75636
0 1 75637
0 1 75638
0 1 75640
0 1 75641
0 1 75644
0 1 75645
0 1 75648
0 1 75649
0 1 75654
0 1 75655
0 1 75657
0 1 75659
0 1 75661
0 1 75663
0 1 75664
0 1 75665
0 1 75667
0 1 75669
0 1 75670
0 1 75671
0 1 75674
0 1 75677
0 1 75678
0 1 75679
0 1 75680
0 1 75681
0 1 75682
0 1 75686
0 1 75688
0 1 75691
0 1 75698
0 1 75699
0 1 75700
0 1 75706
0 1 75707
0 1 75709
0 1 75713
0 1 75715
0 1 75718
0 1 75719
0 1 75723
0 1 75724
0 1 75726
0 1 75729
0 1 75730
0 1 75731
0 1 75733
0 1 75735
0 1 75740
0 1 75741
0 1 75743
0 1 75754
0 1 75757
0 1 75764
0 1 75766
0 1 75767
0 1 75771
0 1 75783
0 1 75785
0 1 75788
0 1 75792
0 1 75794
0 1 75795
0 1 75797
0 1 75803
0 1 75806
0 1 75807
0 1 75808
0 1 75810
0 1 75812
0 1 75813
0 1 75814
0 1 75821
0 1 75824
0 1 75825
0 1 75829
0 1 75833
0 1 75839
0 1 75842
0 1 75845
0 1 75846
0 1 75847
0 1 75851
0 1 75852
0 1 75853
0 1 75855
0 1 75857
0 1 75861
0 1 75863
0 1 75868
0 1 75869
0 1 75870
0 1 75872
0 1 75881
0 1 75883
0 1 75884
0 1 75888
0 1 75893
0 1 75894
0 1 75899
0 1 75900
0 1 75901
0 1 75903
0 1 75904
0 1 75905
0 1 75906
0 1 75912
0 1 75915
0 1 75916
0 1 75919
0 1 75920
0 1 75921
0 1 75924
0 1 75927
0 1 75934
0 1 75937
0 1 75938
0 1 75939
0 1 75945
0 1 75946
0 1 75947
0 1 75951
0 1 75960
0 1 75963
0 1 75966
0 1 75968
0 1 75970
0 1 75972
0 1 75975
0 1 75976
0 1 75979
0 1 75980
0 1 75983
0 1 75986
0 1 75987
0 1 75989
0 1 75991
0 1 75992
0 1 75994
0 1 75995
0 1 75996
0 1 75999
0 1 76000
0 1 76002
0 1 76009
0 1 76010
0 1 76014
0 1 76015
0 1 76017
0 1 76021
0 1 76023
0 1 76030
0 1 76031
0 1 76033
0 1 76034
0 1 76035
0 1 76038
0 1 76046
0 1 76051
0 1 76052
0 1 76054
0 1 76055
0 1 76057
0 1 76058
0 1 76061
0 1 76063
0 1 76067
0 1 76068
0 1 76080
0 1 76081
0 1 76083
0 1 76085
0 1 76086
0 1 76088
0 1 76090
0 1 76092
0 1 76096
0 1 76097
0 1 76098
0 1 76099
0 1 76104
0 1 76107
0 1 76109
0 1 76111
0 1 76112
0 1 76114
0 1 76116
0 1 76120
0 1 76123
0 1 76124
0 1 76126
0 1 76127
0 1 76130
0 1 76131
0 1 76133
0 1 76137
0 1 76140
0 1 76144
0 1 76145
0 1 76146
0 1 76148
0 1 76151
0 1 76156
0 1 76158
0 1 76159
0 1 76168
0 1 76169
0 1 76172
0 1 76173
0 1 76176
0 1 76177
0 1 76178
0 1 76180
0 1 76183
0 1 76185
0 1 76190
0 1 76194
0 1 76195
0 1 76196
0 1 76199
0 1 76200
0 1 76205
0 1 76208
0 1 76210
0 1 76213
0 1 76214
0 1 76218
0 1 76221
0 1 76226
0 1 76227
0 1 76228
0 1 76229
0 1 76230
0 1 76233
0 1 76234
0 1 76237
0 1 76240
0 1 76241
0 1 76247
0 1 76248
0 1 76251
0 1 76254
0 1 76260
0 1 76262
0 1 76263
0 1 76267
0 1 76273
0 1 76274
0 1 76275
0 1 76279
0 1 76281
0 1 76286
0 1 76287
0 1 76289
0 1 76290
0 1 76291
0 1 76293
0 1 76304
0 1 76309
0 1 76312
0 1 76314
0 1 76315
0 1 76320
0 1 76322
0 1 76324
0 1 76329
0 1 76330
0 1 76334
0 1 76335
0 1 76336
0 1 76337
0 1 76339
0 1 76341
0 1 76345
0 1 76349
0 1 76352
0 1 76354
0 1 76356
0 1 76357
0 1 76361
0 1 76362
0 1 76363
0 1 76373
0 1 76376
0 1 76377
0 1 76379
0 1 76381
0 1 76382
0 1 76383
0 1 76386
0 1 76388
0 1 76390
0 1 76392
0 1 76395
0 1 76397
0 1 76402
0 1 76403
0 1 76406
0 1 76409
0 1 76410
0 1 76411
0 1 76416
0 1 76420
0 1 76422
0 1 76424
0 1 76428
0 1 76429
0 1 76433
0 1 76437
0 1 76438
0 1 76441
0 1 76447
0 1 76449
0 1 76450
0 1 76453
0 1 76460
0 1 76463
0 1 76465
0 1 76466
0 1 76467
0 1 76468
0 1 76469
0 1 76471
0 1 76473
0 1 76474
0 1 76475
0 1 76476
0 1 76477
0 1 76478
0 1 76479
0 1 76481
0 1 76482
0 1 76485
0 1 76486
0 1 76487
0 1 76488
0 1 76494
0 1 76496
0 1 76498
0 1 76499
0 1 76501
0 1 76507
0 1 76508
0 1 76510
0 1 76513
0 1 76514
0 1 76517
0 1 76519
0 1 76521
0 1 76522
0 1 76523
0 1 76524
0 1 76527
0 1 76529
0 1 76531
0 1 76533
0 1 76534
0 1 76538
0 1 76544
0 1 76547
0 1 76548
0 1 76554
0 1 76556
0 1 76557
0 1 76558
0 1 76563
0 1 76566
0 1 76573
0 1 76574
0 1 76575
0 1 76581
0 1 76583
0 1 76588
0 1 76589
0 1 76590
0 1 76592
0 1 76594
0 1 76595
0 1 76597
0 1 76601
0 1 76605
0 1 76607
0 1 76609
0 1 76610
0 1 76613
0 1 76615
0 1 76616
0 1 76617
0 1 76618
0 1 76620
0 1 76627
0 1 76628
0 1 76630
0 1 76631
0 1 76632
0 1 76634
0 1 76636
0 1 76638
0 1 76643
0 1 76645
0 1 76646
0 1 76650
0 1 76652
0 1 76653
0 1 76655
0 1 76658
0 1 76662
0 1 76664
0 1 76673
0 1 76675
0 1 76676
0 1 76681
0 1 76682
0 1 76683
0 1 76684
0 1 76690
0 1 76694
0 1 76698
0 1 76700
0 1 76701
0 1 76707
0 1 76715
0 1 76716
0 1 76721
0 1 76730
0 1 76731
0 1 76737
0 1 76738
0 1 76741
0 1 76742
0 1 76743
0 1 76744
0 1 76745
0 1 76746
0 1 76750
0 1 76751
0 1 76754
0 1 76758
0 1 76761
0 1 76765
0 1 76766
0 1 76770
0 1 76773
0 1 76776
0 1 76777
0 1 76778
0 1 76779
0 1 76781
0 1 76783
0 1 76784
0 1 76786
0 1 76788
0 1 76789
0 1 76792
0 1 76796
0 1 76799
0 1 76803
0 1 76807
0 1 76813
0 1 76815
0 1 76818
0 1 76819
0 1 76820
0 1 76822
0 1 76824
0 1 76827
0 1 76830
0 1 76832
0 1 76833
0 1 76836
0 1 76837
0 1 76842
0 1 76844
0 1 76847
0 1 76852
0 1 76853
0 1 76855
0 1 76859
0 1 76860
0 1 76861
0 1 76862
0 1 76869
0 1 76870
0 1 76871
0 1 76872
0 1 76875
0 1 76877
0 1 76879
0 1 76891
0 1 76896
0 1 76899
0 1 76901
0 1 76903
0 1 76906
0 1 76907
0 1 76908
0 1 76910
0 1 76911
0 1 76913
0 1 76916
0 1 76918
0 1 76919
0 1 76921
0 1 76922
0 1 76925
0 1 76932
0 1 76933
0 1 76934
0 1 76935
0 1 76938
0 1 76940
0 1 76941
0 1 76942
0 1 76945
0 1 76946
0 1 76948
0 1 76952
0 1 76953
0 1 76955
0 1 76956
0 1 76957
0 1 76963
0 1 76964
0 1 76965
0 1 76967
0 1 76972
0 1 76976
0 1 76979
0 1 76980
0 1 76983
0 1 76986
0 1 76989
0 1 76995
0 1 76996
0 1 76997
0 1 77001
0 1 77002
0 1 77003
0 1 77005
0 1 77007
0 1 77010
0 1 77011
0 1 77012
0 1 77015
0 1 77016
0 1 77019
0 1 77022
0 1 77024
0 1 77025
0 1 77028
0 1 77030
0 1 77031
0 1 77035
0 1 77036
0 1 77038
0 1 77039
0 1 77041
0 1 77049
0 1 77052
0 1 77056
0 1 77059
0 1 77063
0 1 77065
0 1 77068
0 1 77069
0 1 77071
0 1 77074
0 1 77080
0 1 77086
0 1 77087
0 1 77088
0 1 77089
0 1 77090
0 1 77091
0 1 77092
0 1 77094
0 1 77096
0 1 77098
0 1 77100
0 1 77101
0 1 77104
0 1 77105
0 1 77106
0 1 77107
0 1 77112
0 1 77116
0 1 77117
0 1 77120
0 1 77122
0 1 77123
0 1 77127
0 1 77129
0 1 77137
0 1 77140
0 1 77144
0 1 77145
0 1 77148
0 1 77152
0 1 77153
0 1 77154
0 1 77155
0 1 77158
0 1 77161
0 1 77166
0 1 77169
0 1 77170
0 1 77171
0 1 77172
0 1 77173
0 1 77174
0 1 77176
0 1 77179
0 1 77181
0 1 77183
0 1 77185
0 1 77187
0 1 77188
0 1 77190
0 1 77191
0 1 77194
0 1 77196
0 1 77199
0 1 77200
0 1 77202
0 1 77203
0 1 77207
0 1 77209
0 1 77210
0 1 77213
0 1 77214
0 1 77215
0 1 77218
0 1 77220
0 1 77221
0 1 77223
0 1 77225
0 1 77227
0 1 77231
0 1 77232
0 1 77233
0 1 77237
0 1 77238
0 1 77248
0 1 77251
0 1 77254
0 1 77257
0 1 77258
0 1 77262
0 1 77264
0 1 77265
0 1 77266
0 1 77268
0 1 77269
0 1 77273
0 1 77275
0 1 77279
0 1 77281
0 1 77285
0 1 77287
0 1 77288
0 1 77290
0 1 77291
0 1 77295
0 1 77300
0 1 77306
0 1 77307
0 1 77308
0 1 77313
0 1 77314
0 1 77316
0 1 77317
0 1 77318
0 1 77322
0 1 77324
0 1 77325
0 1 77330
0 1 77331
0 1 77332
0 1 77333
0 1 77337
0 1 77338
0 1 77340
0 1 77347
0 1 77349
0 1 77353
0 1 77354
0 1 77359
0 1 77362
0 1 77363
0 1 77364
0 1 77369
0 1 77370
0 1 77376
0 1 77378
0 1 77379
0 1 77381
0 1 77382
0 1 77386
0 1 77391
0 1 77393
0 1 77397
0 1 77399
0 1 77403
0 1 77408
0 1 77409
0 1 77413
0 1 77415
0 1 77418
0 1 77419
0 1 77426
0 1 77430
0 1 77431
0 1 77433
0 1 77437
0 1 77441
0 1 77442
0 1 77444
0 1 77448
0 1 77449
0 1 77452
0 1 77455
0 1 77459
0 1 77463
0 1 77464
0 1 77465
0 1 77467
0 1 77469
0 1 77473
0 1 77474
0 1 77475
0 1 77476
0 1 77477
0 1 77478
0 1 77484
0 1 77487
0 1 77489
0 1 77491
0 1 77492
0 1 77495
0 1 77497
0 1 77498
0 1 77499
0 1 77501
0 1 77507
0 1 77511
0 1 77512
0 1 77513
0 1 77514
0 1 77515
0 1 77518
0 1 77521
0 1 77522
0 1 77524
0 1 77526
0 1 77529
0 1 77532
0 1 77535
0 1 77540
0 1 77544
0 1 77547
0 1 77552
0 1 77562
0 1 77563
0 1 77564
0 1 77567
0 1 77570
0 1 77571
0 1 77573
0 1 77574
0 1 77578
0 1 77579
0 1 77580
0 1 77581
0 1 77582
0 1 77587
0 1 77588
0 1 77590
0 1 77596
0 1 77599
0 1 77600
0 1 77604
0 1 77605
0 1 77607
0 1 77612
0 1 77613
0 1 77616
0 1 77617
0 1 77618
0 1 77619
0 1 77620
0 1 77622
0 1 77623
0 1 77625
0 1 77626
0 1 77630
0 1 77633
0 1 77634
0 1 77636
0 1 77644
0 1 77647
0 1 77650
0 1 77660
0 1 77661
0 1 77662
0 1 77667
0 1 77672
0 1 77676
0 1 77682
0 1 77685
0 1 77693
0 1 77694
0 1 77697
0 1 77701
0 1 77702
0 1 77705
0 1 77707
0 1 77712
0 1 77715
0 1 77716
0 1 77720
0 1 77724
0 1 77729
0 1 77730
0 1 77732
0 1 77735
0 1 77736
0 1 77739
0 1 77740
0 1 77742
0 1 77744
0 1 77752
0 1 77753
0 1 77755
0 1 77757
0 1 77759
0 1 77763
0 1 77765
0 1 77766
0 1 77767
0 1 77768
0 1 77769
0 1 77770
0 1 77771
0 1 77772
0 1 77773
0 1 77775
0 1 77776
0 1 77777
0 1 77778
0 1 77783
0 1 77788
0 1 77791
0 1 77793
0 1 77794
0 1 77806
0 1 77808
0 1 77811
0 1 77813
0 1 77815
0 1 77816
0 1 77817
0 1 77819
0 1 77821
0 1 77823
0 1 77825
0 1 77828
0 1 77829
0 1 77832
0 1 77833
0 1 77835
0 1 77838
0 1 77839
0 1 77840
0 1 77841
0 1 77843
0 1 77847
0 1 77848
0 1 77851
0 1 77854
0 1 77860
0 1 77862
0 1 77863
0 1 77869
0 1 77873
0 1 77876
0 1 77877
0 1 77879
0 1 77880
0 1 77885
0 1 77887
0 1 77888
0 1 77889
0 1 77891
0 1 77898
0 1 77899
0 1 77900
0 1 77902
0 1 77904
0 1 77909
0 1 77911
0 1 77913
0 1 77914
0 1 77916
0 1 77925
0 1 77927
0 1 77928
0 1 77931
0 1 77935
0 1 77936
0 1 77941
0 1 77943
0 1 77947
0 1 77948
0 1 77949
0 1 77953
0 1 77955
0 1 77958
0 1 77961
0 1 77966
0 1 77968
0 1 77975
0 1 77977
0 1 77979
0 1 77984
0 1 77997
0 1 77999
0 1 78000
0 1 78001
0 1 78002
0 1 78005
0 1 78007
0 1 78008
0 1 78009
0 1 78011
0 1 78018
0 1 78020
0 1 78022
0 1 78025
0 1 78027
0 1 78031
0 1 78032
0 1 78033
0 1 78034
0 1 78038
0 1 78039
0 1 78040
0 1 78042
0 1 78043
0 1 78047
0 1 78050
0 1 78053
0 1 78055
0 1 78057
0 1 78059
0 1 78060
0 1 78061
0 1 78062
0 1 78065
0 1 78072
0 1 78074
0 1 78076
0 1 78077
0 1 78079
0 1 78086
0 1 78088
0 1 78090
0 1 78092
0 1 78099
0 1 78101
0 1 78102
0 1 78104
0 1 78107
0 1 78108
0 1 78109
0 1 78112
0 1 78115
0 1 78117
0 1 78119
0 1 78120
0 1 78121
0 1 78122
0 1 78123
0 1 78125
0 1 78128
0 1 78130
0 1 78132
0 1 78135
0 1 78136
0 1 78141
0 1 78143
0 1 78144
0 1 78150
0 1 78152
0 1 78153
0 1 78154
0 1 78158
0 1 78159
0 1 78165
0 1 78167
0 1 78174
0 1 78177
0 1 78186
0 1 78187
0 1 78189
0 1 78191
0 1 78195
0 1 78197
0 1 78198
0 1 78201
0 1 78202
0 1 78203
0 1 78204
0 1 78207
0 1 78211
0 1 78213
0 1 78214
0 1 78218
0 1 78220
0 1 78223
0 1 78226
0 1 78228
0 1 78230
0 1 78232
0 1 78233
0 1 78234
0 1 78237
0 1 78239
0 1 78244
0 1 78246
0 1 78250
0 1 78253
0 1 78254
0 1 78256
0 1 78257
0 1 78259
0 1 78263
0 1 78265
0 1 78266
0 1 78267
0 1 78268
0 1 78273
0 1 78274
0 1 78275
0 1 78276
0 1 78277
0 1 78281
0 1 78283
0 1 78284
0 1 78285
0 1 78289
0 1 78293
0 1 78294
0 1 78298
0 1 78301
0 1 78302
0 1 78303
0 1 78305
0 1 78307
0 1 78310
0 1 78311
0 1 78312
0 1 78313
0 1 78316
0 1 78318
0 1 78319
0 1 78326
0 1 78341
0 1 78345
0 1 78347
0 1 78351
0 1 78352
0 1 78354
0 1 78355
0 1 78356
0 1 78362
0 1 78364
0 1 78365
0 1 78369
0 1 78370
0 1 78371
0 1 78372
0 1 78374
0 1 78381
0 1 78382
0 1 78383
0 1 78386
0 1 78388
0 1 78390
0 1 78391
0 1 78392
0 1 78395
0 1 78397
0 1 78399
0 1 78400
0 1 78401
0 1 78404
0 1 78405
0 1 78406
0 1 78407
0 1 78412
0 1 78414
0 1 78415
0 1 78417
0 1 78423
0 1 78424
0 1 78428
0 1 78434
0 1 78435
0 1 78437
0 1 78438
0 1 78439
0 1 78446
0 1 78447
0 1 78450
0 1 78455
0 1 78458
0 1 78460
0 1 78463
0 1 78464
0 1 78472
0 1 78473
0 1 78477
0 1 78480
0 1 78484
0 1 78487
0 1 78490
0 1 78492
0 1 78493
0 1 78494
0 1 78495
0 1 78496
0 1 78499
0 1 78501
0 1 78507
0 1 78508
0 1 78510
0 1 78511
0 1 78517
0 1 78520
0 1 78524
0 1 78526
0 1 78529
0 1 78539
0 1 78544
0 1 78546
0 1 78551
0 1 78554
0 1 78557
0 1 78559
0 1 78562
0 1 78565
0 1 78566
0 1 78570
0 1 78574
0 1 78575
0 1 78577
0 1 78580
0 1 78583
0 1 78586
0 1 78588
0 1 78590
0 1 78591
0 1 78592
0 1 78595
0 1 78598
0 1 78599
0 1 78602
0 1 78606
0 1 78609
0 1 78610
0 1 78611
0 1 78612
0 1 78614
0 1 78615
0 1 78616
0 1 78617
0 1 78618
0 1 78623
0 1 78624
0 1 78625
0 1 78627
0 1 78631
0 1 78637
0 1 78640
0 1 78653
0 1 78656
0 1 78657
0 1 78658
0 1 78659
0 1 78664
0 1 78666
0 1 78667
0 1 78669
0 1 78670
0 1 78673
0 1 78674
0 1 78679
0 1 78681
0 1 78683
0 1 78686
0 1 78688
0 1 78692
0 1 78694
0 1 78697
0 1 78698
0 1 78703
0 1 78704
0 1 78705
0 1 78709
0 1 78710
0 1 78713
0 1 78715
0 1 78722
0 1 78726
0 1 78727
0 1 78728
0 1 78729
0 1 78731
0 1 78733
0 1 78734
0 1 78735
0 1 78736
0 1 78737
0 1 78738
0 1 78741
0 1 78749
0 1 78753
0 1 78761
0 1 78762
0 1 78764
0 1 78770
0 1 78771
0 1 78772
0 1 78773
0 1 78774
0 1 78777
0 1 78778
0 1 78781
0 1 78782
0 1 78784
0 1 78787
0 1 78797
0 1 78798
0 1 78801
0 1 78803
0 1 78804
0 1 78806
0 1 78810
0 1 78812
0 1 78813
0 1 78821
0 1 78824
0 1 78825
0 1 78828
0 1 78829
0 1 78835
0 1 78841
0 1 78842
0 1 78846
0 1 78847
0 1 78850
0 1 78851
0 1 78853
0 1 78854
0 1 78856
0 1 78857
0 1 78859
0 1 78860
0 1 78862
0 1 78863
0 1 78865
0 1 78869
0 1 78871
0 1 78872
0 1 78873
0 1 78875
0 1 78880
0 1 78884
0 1 78885
0 1 78887
0 1 78892
0 1 78893
0 1 78894
0 1 78898
0 1 78899
0 1 78900
0 1 78901
0 1 78902
0 1 78908
0 1 78909
0 1 78910
0 1 78912
0 1 78915
0 1 78919
0 1 78921
0 1 78922
0 1 78927
0 1 78928
0 1 78930
0 1 78937
0 1 78940
0 1 78941
0 1 78942
0 1 78945
0 1 78947
0 1 78951
0 1 78954
0 1 78958
0 1 78960
0 1 78964
0 1 78968
0 1 78969
0 1 78971
0 1 78972
0 1 78973
0 1 78984
0 1 78985
0 1 78986
0 1 78990
0 1 78992
0 1 78993
0 1 79001
0 1 79004
0 1 79005
0 1 79006
0 1 79008
0 1 79010
0 1 79011
0 1 79012
0 1 79017
0 1 79019
0 1 79023
0 1 79025
0 1 79030
0 1 79031
0 1 79037
0 1 79038
0 1 79040
0 1 79041
0 1 79042
0 1 79046
0 1 79048
0 1 79056
0 1 79057
0 1 79062
0 1 79066
0 1 79067
0 1 79068
0 1 79074
0 1 79075
0 1 79076
0 1 79078
0 1 79080
0 1 79081
0 1 79082
0 1 79088
0 1 79096
0 1 79098
0 1 79103
0 1 79106
0 1 79107
0 1 79108
0 1 79112
0 1 79117
0 1 79118
0 1 79119
0 1 79121
0 1 79122
0 1 79123
0 1 79129
0 1 79131
0 1 79134
0 1 79135
0 1 79139
0 1 79140
0 1 79142
0 1 79143
0 1 79144
0 1 79146
0 1 79151
0 1 79155
0 1 79158
0 1 79164
0 1 79165
0 1 79166
0 1 79167
0 1 79168
0 1 79170
0 1 79181
0 1 79182
0 1 79184
0 1 79187
0 1 79188
0 1 79190
0 1 79193
0 1 79194
0 1 79197
0 1 79203
0 1 79204
0 1 79206
0 1 79213
0 1 79217
0 1 79218
0 1 79224
0 1 79229
0 1 79231
0 1 79237
0 1 79240
0 1 79243
0 1 79244
0 1 79248
0 1 79254
0 1 79256
0 1 79257
0 1 79258
0 1 79260
0 1 79262
0 1 79263
0 1 79264
0 1 79265
0 1 79268
0 1 79270
0 1 79272
0 1 79273
0 1 79275
0 1 79276
0 1 79277
0 1 79278
0 1 79279
0 1 79280
0 1 79281
0 1 79282
0 1 79284
0 1 79286
0 1 79287
0 1 79298
0 1 79300
0 1 79302
0 1 79308
0 1 79310
0 1 79311
0 1 79312
0 1 79314
0 1 79316
0 1 79319
0 1 79320
0 1 79321
0 1 79323
0 1 79324
0 1 79326
0 1 79327
0 1 79328
0 1 79332
0 1 79339
0 1 79340
0 1 79341
0 1 79343
0 1 79346
0 1 79348
0 1 79350
0 1 79353
0 1 79354
0 1 79355
0 1 79356
0 1 79359
0 1 79361
0 1 79368
0 1 79370
0 1 79371
0 1 79373
0 1 79376
0 1 79377
0 1 79380
0 1 79381
0 1 79384
0 1 79385
0 1 79388
0 1 79389
0 1 79390
0 1 79392
0 1 79395
0 1 79399
0 1 79400
0 1 79405
0 1 79406
0 1 79407
0 1 79408
0 1 79409
0 1 79410
0 1 79411
0 1 79417
0 1 79421
0 1 79425
0 1 79426
0 1 79430
0 1 79431
0 1 79432
0 1 79435
0 1 79438
0 1 79440
0 1 79443
0 1 79445
0 1 79448
0 1 79449
0 1 79451
0 1 79452
0 1 79453
0 1 79454
0 1 79456
0 1 79457
0 1 79462
0 1 79466
0 1 79472
0 1 79474
0 1 79477
0 1 79479
0 1 79485
0 1 79490
0 1 79491
0 1 79492
0 1 79493
0 1 79496
0 1 79498
0 1 79500
0 1 79502
0 1 79504
0 1 79506
0 1 79512
0 1 79514
0 1 79519
0 1 79521
0 1 79526
0 1 79527
0 1 79530
0 1 79533
0 1 79534
0 1 79535
0 1 79536
0 1 79537
0 1 79538
0 1 79539
0 1 79540
0 1 79542
0 1 79544
0 1 79547
0 1 79550
0 1 79553
0 1 79554
0 1 79555
0 1 79558
0 1 79563
0 1 79564
0 1 79567
0 1 79572
0 1 79573
0 1 79576
0 1 79578
0 1 79579
0 1 79580
0 1 79584
0 1 79585
0 1 79589
0 1 79590
0 1 79591
0 1 79593
0 1 79594
0 1 79595
0 1 79597
0 1 79602
0 1 79606
0 1 79608
0 1 79610
0 1 79613
0 1 79615
0 1 79616
0 1 79620
0 1 79621
0 1 79623
0 1 79624
0 1 79626
0 1 79628
0 1 79629
0 1 79641
0 1 79642
0 1 79648
0 1 79649
0 1 79652
0 1 79653
0 1 79658
0 1 79660
0 1 79661
0 1 79663
0 1 79664
0 1 79665
0 1 79668
0 1 79669
0 1 79671
0 1 79672
0 1 79673
0 1 79679
0 1 79681
0 1 79684
0 1 79688
0 1 79689
0 1 79690
0 1 79696
0 1 79697
0 1 79698
0 1 79699
0 1 79700
0 1 79705
0 1 79706
0 1 79707
0 1 79710
0 1 79711
0 1 79714
0 1 79717
0 1 79718
0 1 79719
0 1 79720
0 1 79721
0 1 79723
0 1 79724
0 1 79725
0 1 79728
0 1 79729
0 1 79732
0 1 79733
0 1 79737
0 1 79739
0 1 79741
0 1 79742
0 1 79743
0 1 79744
0 1 79745
0 1 79747
0 1 79749
0 1 79751
0 1 79755
0 1 79758
0 1 79764
0 1 79771
0 1 79772
0 1 79773
0 1 79774
0 1 79775
0 1 79778
0 1 79779
0 1 79781
0 1 79782
0 1 79786
0 1 79790
0 1 79791
0 1 79794
0 1 79796
0 1 79797
0 1 79798
0 1 79801
0 1 79804
0 1 79807
0 1 79809
0 1 79810
0 1 79813
0 1 79819
0 1 79820
0 1 79821
0 1 79823
0 1 79826
0 1 79827
0 1 79832
0 1 79834
0 1 79837
0 1 79838
0 1 79840
0 1 79841
0 1 79842
0 1 79843
0 1 79844
0 1 79845
0 1 79847
0 1 79848
0 1 79849
0 1 79852
0 1 79855
0 1 79857
0 1 79858
0 1 79859
0 1 79869
0 1 79870
0 1 79871
0 1 79872
0 1 79874
0 1 79875
0 1 79876
0 1 79878
0 1 79879
0 1 79880
0 1 79883
0 1 79885
0 1 79887
0 1 79894
0 1 79898
0 1 79900
0 1 79904
0 1 79905
0 1 79906
0 1 79911
0 1 79916
0 1 79917
0 1 79920
0 1 79921
0 1 79922
0 1 79926
0 1 79928
0 1 79929
0 1 79930
0 1 79932
0 1 79936
0 1 79937
0 1 79938
0 1 79939
0 1 79941
0 1 79943
0 1 79947
0 1 79950
0 1 79952
0 1 79955
0 1 79957
0 1 79961
0 1 79963
0 1 79968
0 1 79972
0 1 79973
0 1 79975
0 1 79976
0 1 79978
0 1 79979
0 1 79980
0 1 79985
0 1 79986
0 1 79987
0 1 79990
0 1 79993
0 1 79994
0 1 79996
0 1 79997
0 1 80000
0 1 80002
0 1 80003
0 1 80004
0 1 80005
0 1 80006
0 1 80008
0 1 80011
0 1 80012
0 1 80013
0 1 80014
0 1 80018
0 1 80020
0 1 80021
0 1 80022
0 1 80023
0 1 80024
0 1 80025
0 1 80027
0 1 80028
0 1 80030
0 1 80031
0 1 80034
0 1 80035
0 1 80038
0 1 80040
0 1 80046
0 1 80047
0 1 80050
0 1 80052
0 1 80053
0 1 80054
0 1 80057
0 1 80059
0 1 80060
0 1 80062
0 1 80063
0 1 80066
0 1 80069
0 1 80071
0 1 80072
0 1 80076
0 1 80079
0 1 80083
0 1 80084
0 1 80085
0 1 80086
0 1 80087
0 1 80091
0 1 80094
0 1 80097
0 1 80098
0 1 80102
0 1 80106
0 1 80107
0 1 80108
0 1 80109
0 1 80110
0 1 80112
0 1 80114
0 1 80116
0 1 80117
0 1 80120
0 1 80121
0 1 80122
0 1 80126
0 1 80129
0 1 80134
0 1 80136
0 1 80137
0 1 80138
0 1 80139
0 1 80140
0 1 80142
0 1 80146
0 1 80147
0 1 80148
0 1 80156
0 1 80157
0 1 80158
0 1 80160
0 1 80165
0 1 80167
0 1 80172
0 1 80173
0 1 80174
0 1 80175
0 1 80180
0 1 80181
0 1 80183
0 1 80189
0 1 80194
0 1 80195
0 1 80200
0 1 80201
0 1 80202
0 1 80203
0 1 80205
0 1 80206
0 1 80208
0 1 80210
0 1 80211
0 1 80212
0 1 80213
0 1 80214
0 1 80215
0 1 80217
0 1 80219
0 1 80221
0 1 80223
0 1 80226
0 1 80229
0 1 80230
0 1 80231
0 1 80238
0 1 80242
0 1 80246
0 1 80250
0 1 80256
0 1 80258
0 1 80261
0 1 80264
0 1 80268
0 1 80274
0 1 80277
0 1 80278
0 1 80288
0 1 80289
0 1 80294
0 1 80295
0 1 80296
0 1 80299
0 1 80300
0 1 80301
0 1 80302
0 1 80304
0 1 80306
0 1 80309
0 1 80312
0 1 80313
0 1 80314
0 1 80316
0 1 80317
0 1 80321
0 1 80322
0 1 80324
0 1 80327
0 1 80329
0 1 80333
0 1 80336
0 1 80337
0 1 80338
0 1 80339
0 1 80341
0 1 80342
0 1 80345
0 1 80346
0 1 80354
0 1 80358
0 1 80359
0 1 80370
0 1 80373
0 1 80374
0 1 80375
0 1 80376
0 1 80382
0 1 80383
0 1 80384
0 1 80385
0 1 80386
0 1 80388
0 1 80396
0 1 80397
0 1 80399
0 1 80402
0 1 80404
0 1 80408
0 1 80410
0 1 80411
0 1 80412
0 1 80413
0 1 80416
0 1 80418
0 1 80421
0 1 80422
0 1 80423
0 1 80426
0 1 80427
0 1 80428
0 1 80430
0 1 80436
0 1 80439
0 1 80440
0 1 80444
0 1 80446
0 1 80447
0 1 80448
0 1 80450
0 1 80451
0 1 80453
0 1 80454
0 1 80456
0 1 80457
0 1 80459
0 1 80460
0 1 80462
0 1 80464
0 1 80465
0 1 80466
0 1 80467
0 1 80468
0 1 80469
0 1 80471
0 1 80474
0 1 80476
0 1 80477
0 1 80480
0 1 80481
0 1 80482
0 1 80483
0 1 80487
0 1 80495
0 1 80496
0 1 80497
0 1 80503
0 1 80515
0 1 80517
0 1 80518
0 1 80519
0 1 80521
0 1 80527
0 1 80540
0 1 80541
0 1 80543
0 1 80544
0 1 80545
0 1 80547
0 1 80549
0 1 80552
0 1 80554
0 1 80558
0 1 80559
0 1 80560
0 1 80561
0 1 80562
0 1 80564
0 1 80567
0 1 80570
0 1 80571
0 1 80573
0 1 80574
0 1 80575
0 1 80579
0 1 80580
0 1 80583
0 1 80585
0 1 80586
0 1 80587
0 1 80588
0 1 80596
0 1 80606
0 1 80608
0 1 80614
0 1 80615
0 1 80616
0 1 80617
0 1 80619
0 1 80620
0 1 80621
0 1 80623
0 1 80626
0 1 80627
0 1 80628
0 1 80632
0 1 80635
0 1 80637
0 1 80639
0 1 80641
0 1 80645
0 1 80650
0 1 80652
0 1 80655
0 1 80658
0 1 80660
0 1 80661
0 1 80662
0 1 80666
0 1 80667
0 1 80668
0 1 80669
0 1 80671
0 1 80673
0 1 80683
0 1 80684
0 1 80692
0 1 80694
0 1 80695
0 1 80699
0 1 80702
0 1 80704
0 1 80705
0 1 80709
0 1 80712
0 1 80716
0 1 80718
0 1 80720
0 1 80724
0 1 80725
0 1 80726
0 1 80727
0 1 80733
0 1 80734
0 1 80736
0 1 80741
0 1 80744
0 1 80745
0 1 80747
0 1 80748
0 1 80751
0 1 80752
0 1 80753
0 1 80754
0 1 80758
0 1 80762
0 1 80763
0 1 80764
0 1 80768
0 1 80770
0 1 80774
0 1 80776
0 1 80779
0 1 80780
0 1 80782
0 1 80789
0 1 80791
0 1 80794
0 1 80796
0 1 80798
0 1 80799
0 1 80801
0 1 80803
0 1 80807
0 1 80813
0 1 80815
0 1 80817
0 1 80818
0 1 80820
0 1 80822
0 1 80823
0 1 80825
0 1 80826
0 1 80830
0 1 80832
0 1 80833
0 1 80834
0 1 80838
0 1 80839
0 1 80840
0 1 80841
0 1 80844
0 1 80845
0 1 80847
0 1 80848
0 1 80850
0 1 80859
0 1 80860
0 1 80863
0 1 80864
0 1 80867
0 1 80870
0 1 80876
0 1 80878
0 1 80882
0 1 80883
0 1 80884
0 1 80888
0 1 80890
0 1 80894
0 1 80895
0 1 80904
0 1 80908
0 1 80910
0 1 80919
0 1 80921
0 1 80925
0 1 80930
0 1 80931
0 1 80935
0 1 80937
0 1 80939
0 1 80940
0 1 80941
0 1 80942
0 1 80948
0 1 80950
0 1 80952
0 1 80957
0 1 80959
0 1 80960
0 1 80962
0 1 80964
0 1 80969
0 1 80972
0 1 80974
0 1 80975
0 1 80977
0 1 80982
0 1 80984
0 1 80986
0 1 80990
0 1 80991
0 1 80992
0 1 80997
0 1 80999
0 1 81002
0 1 81004
0 1 81007
0 1 81009
0 1 81010
0 1 81011
0 1 81017
0 1 81019
0 1 81020
0 1 81021
0 1 81022
0 1 81023
0 1 81025
0 1 81027
0 1 81028
0 1 81029
0 1 81031
0 1 81032
0 1 81038
0 1 81041
0 1 81047
0 1 81049
0 1 81051
0 1 81054
0 1 81062
0 1 81063
0 1 81065
0 1 81066
0 1 81067
0 1 81075
0 1 81076
0 1 81077
0 1 81078
0 1 81079
0 1 81080
0 1 81089
0 1 81094
0 1 81097
0 1 81098
0 1 81100
0 1 81102
0 1 81103
0 1 81105
0 1 81108
0 1 81110
0 1 81111
0 1 81114
0 1 81115
0 1 81119
0 1 81120
0 1 81121
0 1 81122
0 1 81128
0 1 81130
0 1 81133
0 1 81134
0 1 81139
0 1 81146
0 1 81147
0 1 81150
0 1 81152
0 1 81153
0 1 81155
0 1 81157
0 1 81159
0 1 81160
0 1 81161
0 1 81162
0 1 81163
0 1 81167
0 1 81168
0 1 81171
0 1 81176
0 1 81177
0 1 81179
0 1 81181
0 1 81184
0 1 81188
0 1 81193
0 1 81194
0 1 81195
0 1 81198
0 1 81199
0 1 81206
0 1 81209
0 1 81213
0 1 81217
0 1 81218
0 1 81219
0 1 81222
0 1 81223
0 1 81224
0 1 81227
0 1 81228
0 1 81230
0 1 81232
0 1 81234
0 1 81237
0 1 81241
0 1 81243
0 1 81246
0 1 81247
0 1 81251
0 1 81252
0 1 81254
0 1 81256
0 1 81265
0 1 81266
0 1 81267
0 1 81268
0 1 81271
0 1 81273
0 1 81276
0 1 81281
0 1 81282
0 1 81285
0 1 81291
0 1 81294
0 1 81296
0 1 81303
0 1 81305
0 1 81309
0 1 81310
0 1 81311
0 1 81313
0 1 81316
0 1 81317
0 1 81320
0 1 81323
0 1 81324
0 1 81325
0 1 81327
0 1 81329
0 1 81335
0 1 81339
0 1 81340
0 1 81342
0 1 81343
0 1 81348
0 1 81349
0 1 81356
0 1 81360
0 1 81361
0 1 81362
0 1 81364
0 1 81365
0 1 81366
0 1 81368
0 1 81369
0 1 81372
0 1 81373
0 1 81374
0 1 81375
0 1 81378
0 1 81379
0 1 81382
0 1 81383
0 1 81385
0 1 81386
0 1 81387
0 1 81389
0 1 81391
0 1 81393
0 1 81399
0 1 81408
0 1 81411
0 1 81415
0 1 81416
0 1 81421
0 1 81423
0 1 81424
0 1 81426
0 1 81430
0 1 81431
0 1 81432
0 1 81436
0 1 81441
0 1 81442
0 1 81447
0 1 81448
0 1 81452
0 1 81453
0 1 81456
0 1 81457
0 1 81458
0 1 81463
0 1 81470
0 1 81474
0 1 81483
0 1 81485
0 1 81488
0 1 81492
0 1 81495
0 1 81499
0 1 81500
0 1 81501
0 1 81503
0 1 81505
0 1 81507
0 1 81511
0 1 81512
0 1 81513
0 1 81514
0 1 81516
0 1 81521
0 1 81523
0 1 81526
0 1 81529
0 1 81531
0 1 81535
0 1 81538
0 1 81539
0 1 81540
0 1 81543
0 1 81544
0 1 81552
0 1 81554
0 1 81555
0 1 81557
0 1 81559
0 1 81561
0 1 81565
0 1 81571
0 1 81572
0 1 81574
0 1 81576
0 1 81579
0 1 81580
0 1 81582
0 1 81583
0 1 81584
0 1 81585
0 1 81588
0 1 81590
0 1 81591
0 1 81593
0 1 81594
0 1 81596
0 1 81597
0 1 81598
0 1 81599
0 1 81601
0 1 81603
0 1 81604
0 1 81610
0 1 81611
0 1 81613
0 1 81617
0 1 81622
0 1 81623
0 1 81630
0 1 81632
0 1 81633
0 1 81637
0 1 81641
0 1 81643
0 1 81647
0 1 81649
0 1 81653
0 1 81656
0 1 81659
0 1 81664
0 1 81667
0 1 81669
0 1 81675
0 1 81680
0 1 81682
0 1 81683
0 1 81686
0 1 81688
0 1 81689
0 1 81691
0 1 81694
0 1 81695
0 1 81696
0 1 81697
0 1 81698
0 1 81703
0 1 81704
0 1 81705
0 1 81706
0 1 81710
0 1 81711
0 1 81712
0 1 81714
0 1 81719
0 1 81722
0 1 81724
0 1 81725
0 1 81730
0 1 81732
0 1 81735
0 1 81736
0 1 81741
0 1 81742
0 1 81743
0 1 81744
0 1 81750
0 1 81751
0 1 81762
0 1 81763
0 1 81765
0 1 81767
0 1 81768
0 1 81769
0 1 81770
0 1 81771
0 1 81772
0 1 81773
0 1 81775
0 1 81776
0 1 81778
0 1 81779
0 1 81783
0 1 81785
0 1 81788
0 1 81789
0 1 81790
0 1 81791
0 1 81793
0 1 81795
0 1 81805
0 1 81808
0 1 81809
0 1 81812
0 1 81815
0 1 81817
0 1 81818
0 1 81819
0 1 81824
0 1 81826
0 1 81827
0 1 81829
0 1 81830
0 1 81834
0 1 81836
0 1 81840
0 1 81843
0 1 81846
0 1 81847
0 1 81852
0 1 81853
0 1 81855
0 1 81857
0 1 81860
0 1 81864
0 1 81865
0 1 81866
0 1 81867
0 1 81871
0 1 81872
0 1 81873
0 1 81875
0 1 81876
0 1 81880
0 1 81881
0 1 81888
0 1 81893
0 1 81896
0 1 81897
0 1 81899
0 1 81900
0 1 81901
0 1 81902
0 1 81904
0 1 81905
0 1 81908
0 1 81910
0 1 81913
0 1 81914
0 1 81916
0 1 81922
0 1 81924
0 1 81930
0 1 81931
0 1 81932
0 1 81934
0 1 81938
0 1 81939
0 1 81940
0 1 81942
0 1 81943
0 1 81947
0 1 81948
0 1 81950
0 1 81951
0 1 81954
0 1 81956
0 1 81969
0 1 81971
0 1 81974
0 1 81976
0 1 81977
0 1 81979
0 1 81980
0 1 81983
0 1 81989
0 1 81990
0 1 81994
0 1 81995
0 1 81996
0 1 81999
0 1 82000
0 1 82001
0 1 82002
0 1 82007
0 1 82008
0 1 82009
0 1 82010
0 1 82011
0 1 82013
0 1 82019
0 1 82022
0 1 82024
0 1 82026
0 1 82027
0 1 82030
0 1 82031
0 1 82036
0 1 82037
0 1 82039
0 1 82045
0 1 82047
0 1 82052
0 1 82053
0 1 82055
0 1 82061
0 1 82062
0 1 82063
0 1 82067
0 1 82070
0 1 82071
0 1 82073
0 1 82074
0 1 82075
0 1 82078
0 1 82085
0 1 82089
0 1 82090
0 1 82091
0 1 82093
0 1 82094
0 1 82095
0 1 82100
0 1 82102
0 1 82106
0 1 82110
0 1 82112
0 1 82113
0 1 82114
0 1 82116
0 1 82118
0 1 82124
0 1 82125
0 1 82127
0 1 82128
0 1 82131
0 1 82132
0 1 82134
0 1 82137
0 1 82139
0 1 82143
0 1 82144
0 1 82146
0 1 82147
0 1 82152
0 1 82154
0 1 82156
0 1 82157
0 1 82160
0 1 82162
0 1 82163
0 1 82164
0 1 82168
0 1 82172
0 1 82173
0 1 82177
0 1 82179
0 1 82181
0 1 82182
0 1 82183
0 1 82186
0 1 82189
0 1 82190
0 1 82192
0 1 82193
0 1 82194
0 1 82196
0 1 82197
0 1 82198
0 1 82199
0 1 82200
0 1 82202
0 1 82204
0 1 82206
0 1 82207
0 1 82208
0 1 82210
0 1 82213
0 1 82215
0 1 82221
0 1 82230
0 1 82233
0 1 82242
0 1 82244
0 1 82246
0 1 82247
0 1 82253
0 1 82254
0 1 82256
0 1 82259
0 1 82260
0 1 82262
0 1 82263
0 1 82266
0 1 82267
0 1 82271
0 1 82276
0 1 82277
0 1 82278
0 1 82280
0 1 82281
0 1 82287
0 1 82289
0 1 82293
0 1 82297
0 1 82298
0 1 82302
0 1 82304
0 1 82307
0 1 82310
0 1 82312
0 1 82313
0 1 82315
0 1 82319
0 1 82320
0 1 82327
0 1 82330
0 1 82332
0 1 82335
0 1 82338
0 1 82341
0 1 82344
0 1 82345
0 1 82346
0 1 82350
0 1 82352
0 1 82355
0 1 82356
0 1 82357
0 1 82358
0 1 82359
0 1 82360
0 1 82362
0 1 82365
0 1 82366
0 1 82373
0 1 82374
0 1 82376
0 1 82377
0 1 82378
0 1 82383
0 1 82384
0 1 82385
0 1 82388
0 1 82390
0 1 82391
0 1 82392
0 1 82396
0 1 82399
0 1 82403
0 1 82407
0 1 82408
0 1 82409
0 1 82413
0 1 82414
0 1 82415
0 1 82419
0 1 82420
0 1 82422
0 1 82424
0 1 82425
0 1 82426
0 1 82427
0 1 82428
0 1 82429
0 1 82430
0 1 82438
0 1 82439
0 1 82440
0 1 82441
0 1 82444
0 1 82445
0 1 82446
0 1 82448
0 1 82449
0 1 82450
0 1 82451
0 1 82453
0 1 82455
0 1 82460
0 1 82467
0 1 82468
0 1 82469
0 1 82477
0 1 82481
0 1 82486
0 1 82492
0 1 82493
0 1 82494
0 1 82495
0 1 82497
0 1 82499
0 1 82504
0 1 82507
0 1 82508
0 1 82510
0 1 82512
0 1 82517
0 1 82520
0 1 82521
0 1 82524
0 1 82526
0 1 82529
0 1 82531
0 1 82536
0 1 82538
0 1 82540
0 1 82541
0 1 82542
0 1 82543
0 1 82545
0 1 82547
0 1 82549
0 1 82552
0 1 82553
0 1 82554
0 1 82558
0 1 82559
0 1 82560
0 1 82561
0 1 82562
0 1 82563
0 1 82564
0 1 82570
0 1 82572
0 1 82573
0 1 82578
0 1 82579
0 1 82581
0 1 82582
0 1 82586
0 1 82588
0 1 82590
0 1 82593
0 1 82594
0 1 82596
0 1 82598
0 1 82599
0 1 82602
0 1 82603
0 1 82610
0 1 82616
0 1 82619
0 1 82620
0 1 82625
0 1 82627
0 1 82628
0 1 82638
0 1 82642
0 1 82644
0 1 82645
0 1 82646
0 1 82649
0 1 82653
0 1 82654
0 1 82657
0 1 82658
0 1 82664
0 1 82671
0 1 82673
0 1 82675
0 1 82676
0 1 82677
0 1 82679
0 1 82680
0 1 82686
0 1 82687
0 1 82688
0 1 82690
0 1 82694
0 1 82698
0 1 82699
0 1 82700
0 1 82701
0 1 82704
0 1 82712
0 1 82716
0 1 82728
0 1 82732
0 1 82733
0 1 82734
0 1 82735
0 1 82736
0 1 82737
0 1 82740
0 1 82743
0 1 82744
0 1 82746
0 1 82747
0 1 82750
0 1 82751
0 1 82761
0 1 82764
0 1 82767
0 1 82770
0 1 82771
0 1 82773
0 1 82774
0 1 82778
0 1 82779
0 1 82783
0 1 82785
0 1 82786
0 1 82787
0 1 82789
0 1 82794
0 1 82795
0 1 82796
0 1 82797
0 1 82798
0 1 82800
0 1 82802
0 1 82813
0 1 82818
0 1 82819
0 1 82820
0 1 82821
0 1 82827
0 1 82828
0 1 82829
0 1 82830
0 1 82838
0 1 82839
0 1 82840
0 1 82841
0 1 82845
0 1 82848
0 1 82851
0 1 82852
0 1 82853
0 1 82855
0 1 82859
0 1 82861
0 1 82862
0 1 82864
0 1 82868
0 1 82870
0 1 82879
0 1 82884
0 1 82890
0 1 82898
0 1 82903
0 1 82905
0 1 82907
0 1 82908
0 1 82915
0 1 82916
0 1 82918
0 1 82924
0 1 82928
0 1 82930
0 1 82933
0 1 82934
0 1 82936
0 1 82941
0 1 82943
0 1 82945
0 1 82946
0 1 82954
0 1 82956
0 1 82963
0 1 82964
0 1 82965
0 1 82968
0 1 82974
0 1 82977
0 1 82993
0 1 82994
0 1 82996
0 1 82997
0 1 82999
0 1 83001
0 1 83003
0 1 83005
0 1 83007
0 1 83008
0 1 83009
0 1 83012
0 1 83016
0 1 83017
0 1 83019
0 1 83024
0 1 83025
0 1 83026
0 1 83027
0 1 83029
0 1 83030
0 1 83033
0 1 83035
0 1 83036
0 1 83040
0 1 83042
0 1 83044
0 1 83048
0 1 83052
0 1 83054
0 1 83055
0 1 83057
0 1 83058
0 1 83062
0 1 83070
0 1 83072
0 1 83073
0 1 83075
0 1 83076
0 1 83077
0 1 83078
0 1 83081
0 1 83083
0 1 83084
0 1 83093
0 1 83095
0 1 83096
0 1 83099
0 1 83101
0 1 83102
0 1 83105
0 1 83107
0 1 83108
0 1 83113
0 1 83115
0 1 83116
0 1 83118
0 1 83119
0 1 83121
0 1 83122
0 1 83123
0 1 83127
0 1 83128
0 1 83130
0 1 83132
0 1 83134
0 1 83136
0 1 83137
0 1 83138
0 1 83139
0 1 83141
0 1 83142
0 1 83144
0 1 83146
0 1 83149
0 1 83151
0 1 83163
0 1 83167
0 1 83169
0 1 83170
0 1 83171
0 1 83172
0 1 83174
0 1 83175
0 1 83176
0 1 83180
0 1 83181
0 1 83185
0 1 83190
0 1 83194
0 1 83196
0 1 83201
0 1 83202
0 1 83203
0 1 83206
0 1 83209
0 1 83210
0 1 83211
0 1 83215
0 1 83218
0 1 83219
0 1 83222
0 1 83224
0 1 83226
0 1 83231
0 1 83233
0 1 83234
0 1 83235
0 1 83240
0 1 83243
0 1 83244
0 1 83250
0 1 83251
0 1 83253
0 1 83254
0 1 83257
0 1 83258
0 1 83262
0 1 83263
0 1 83264
0 1 83276
0 1 83278
0 1 83279
0 1 83280
0 1 83284
0 1 83285
0 1 83286
0 1 83291
0 1 83294
0 1 83295
0 1 83297
0 1 83300
0 1 83302
0 1 83304
0 1 83313
0 1 83323
0 1 83326
0 1 83331
0 1 83332
0 1 83334
0 1 83335
0 1 83339
0 1 83340
0 1 83343
0 1 83345
0 1 83346
0 1 83348
0 1 83350
0 1 83354
0 1 83355
0 1 83356
0 1 83358
0 1 83359
0 1 83366
0 1 83367
0 1 83369
0 1 83372
0 1 83373
0 1 83376
0 1 83379
0 1 83380
0 1 83390
0 1 83391
0 1 83393
0 1 83400
0 1 83403
0 1 83406
0 1 83407
0 1 83408
0 1 83410
0 1 83412
0 1 83413
0 1 83418
0 1 83419
0 1 83420
0 1 83421
0 1 83423
0 1 83427
0 1 83428
0 1 83429
0 1 83432
0 1 83433
0 1 83434
0 1 83435
0 1 83436
0 1 83440
0 1 83441
0 1 83444
0 1 83445
0 1 83446
0 1 83450
0 1 83453
0 1 83456
0 1 83460
0 1 83462
0 1 83468
0 1 83471
0 1 83474
0 1 83476
0 1 83478
0 1 83481
0 1 83482
0 1 83483
0 1 83485
0 1 83487
0 1 83494
0 1 83496
0 1 83498
0 1 83502
0 1 83503
0 1 83504
0 1 83508
0 1 83510
0 1 83511
0 1 83512
0 1 83517
0 1 83520
0 1 83522
0 1 83523
0 1 83525
0 1 83528
0 1 83534
0 1 83539
0 1 83540
0 1 83541
0 1 83546
0 1 83547
0 1 83550
0 1 83556
0 1 83557
0 1 83558
0 1 83559
0 1 83561
0 1 83566
0 1 83568
0 1 83574
0 1 83575
0 1 83576
0 1 83583
0 1 83584
0 1 83587
0 1 83589
0 1 83592
0 1 83593
0 1 83594
0 1 83595
0 1 83599
0 1 83602
0 1 83604
0 1 83606
0 1 83609
0 1 83611
0 1 83612
0 1 83614
0 1 83620
0 1 83624
0 1 83625
0 1 83627
0 1 83629
0 1 83634
0 1 83635
0 1 83637
0 1 83639
0 1 83640
0 1 83642
0 1 83648
0 1 83649
0 1 83650
0 1 83651
0 1 83654
0 1 83666
0 1 83667
0 1 83668
0 1 83671
0 1 83673
0 1 83674
0 1 83675
0 1 83677
0 1 83682
0 1 83683
0 1 83684
0 1 83686
0 1 83687
0 1 83688
0 1 83690
0 1 83692
0 1 83694
0 1 83696
0 1 83697
0 1 83701
0 1 83703
0 1 83708
0 1 83709
0 1 83713
0 1 83715
0 1 83716
0 1 83719
0 1 83721
0 1 83722
0 1 83727
0 1 83728
0 1 83731
0 1 83732
0 1 83736
0 1 83737
0 1 83741
0 1 83743
0 1 83747
0 1 83749
0 1 83756
0 1 83758
0 1 83762
0 1 83764
0 1 83768
0 1 83769
0 1 83770
0 1 83771
0 1 83773
0 1 83776
0 1 83780
0 1 83783
0 1 83789
0 1 83792
0 1 83797
0 1 83800
0 1 83808
0 1 83809
0 1 83818
0 1 83821
0 1 83824
0 1 83825
0 1 83830
0 1 83835
0 1 83837
0 1 83838
0 1 83844
0 1 83855
0 1 83856
0 1 83861
0 1 83868
0 1 83872
0 1 83873
0 1 83875
0 1 83876
0 1 83879
0 1 83880
0 1 83883
0 1 83886
0 1 83887
0 1 83891
0 1 83896
0 1 83899
0 1 83900
0 1 83902
0 1 83903
0 1 83904
0 1 83905
0 1 83907
0 1 83908
0 1 83910
0 1 83912
0 1 83913
0 1 83916
0 1 83921
0 1 83925
0 1 83927
0 1 83930
0 1 83931
0 1 83933
0 1 83934
0 1 83937
0 1 83938
0 1 83940
0 1 83942
0 1 83943
0 1 83944
0 1 83945
0 1 83946
0 1 83947
0 1 83949
0 1 83952
0 1 83958
0 1 83967
0 1 83971
0 1 83972
0 1 83973
0 1 83976
0 1 83979
0 1 83981
0 1 83982
0 1 83985
0 1 83987
0 1 83990
0 1 83994
0 1 83996
0 1 83998
0 1 84003
0 1 84004
0 1 84007
0 1 84008
0 1 84009
0 1 84010
0 1 84011
0 1 84013
0 1 84015
0 1 84020
0 1 84022
0 1 84023
0 1 84024
0 1 84027
0 1 84028
0 1 84033
0 1 84034
0 1 84035
0 1 84040
0 1 84041
0 1 84044
0 1 84045
0 1 84046
0 1 84048
0 1 84050
0 1 84052
0 1 84054
0 1 84055
0 1 84061
0 1 84062
0 1 84063
0 1 84064
0 1 84065
0 1 84066
0 1 84067
0 1 84068
0 1 84072
0 1 84073
0 1 84077
0 1 84078
0 1 84079
0 1 84081
0 1 84083
0 1 84084
0 1 84085
0 1 84086
0 1 84088
0 1 84090
0 1 84091
0 1 84097
0 1 84102
0 1 84104
0 1 84105
0 1 84106
0 1 84112
0 1 84116
0 1 84117
0 1 84118
0 1 84121
0 1 84123
0 1 84126
0 1 84127
0 1 84128
0 1 84132
0 1 84134
0 1 84139
0 1 84142
0 1 84144
0 1 84145
0 1 84152
0 1 84153
0 1 84154
0 1 84155
0 1 84156
0 1 84157
0 1 84160
0 1 84162
0 1 84164
0 1 84171
0 1 84172
0 1 84175
0 1 84178
0 1 84180
0 1 84182
0 1 84184
0 1 84188
0 1 84194
0 1 84195
0 1 84197
0 1 84199
0 1 84200
0 1 84205
0 1 84206
0 1 84207
0 1 84209
0 1 84210
0 1 84211
0 1 84212
0 1 84213
0 1 84216
0 1 84221
0 1 84223
0 1 84225
0 1 84228
0 1 84229
0 1 84230
0 1 84232
0 1 84236
0 1 84240
0 1 84241
0 1 84248
0 1 84250
0 1 84252
0 1 84255
0 1 84259
0 1 84262
0 1 84263
0 1 84266
0 1 84269
0 1 84275
0 1 84276
0 1 84277
0 1 84281
0 1 84285
0 1 84293
0 1 84294
0 1 84295
0 1 84296
0 1 84297
0 1 84302
0 1 84304
0 1 84305
0 1 84308
0 1 84310
0 1 84311
0 1 84312
0 1 84313
0 1 84316
0 1 84317
0 1 84318
0 1 84321
0 1 84322
0 1 84327
0 1 84328
0 1 84329
0 1 84330
0 1 84334
0 1 84336
0 1 84337
0 1 84338
0 1 84340
0 1 84342
0 1 84347
0 1 84349
0 1 84350
0 1 84353
0 1 84356
0 1 84357
0 1 84359
0 1 84362
0 1 84364
0 1 84366
0 1 84370
0 1 84372
0 1 84373
0 1 84375
0 1 84377
0 1 84378
0 1 84383
0 1 84390
0 1 84391
0 1 84392
0 1 84393
0 1 84402
0 1 84404
0 1 84405
0 1 84406
0 1 84415
0 1 84417
0 1 84419
0 1 84421
0 1 84422
0 1 84423
0 1 84425
0 1 84426
0 1 84428
0 1 84429
0 1 84431
0 1 84433
0 1 84434
0 1 84438
0 1 84441
0 1 84443
0 1 84444
0 1 84445
0 1 84446
0 1 84449
0 1 84451
0 1 84454
0 1 84457
0 1 84460
0 1 84461
0 1 84462
0 1 84463
0 1 84465
0 1 84468
0 1 84470
0 1 84477
0 1 84478
0 1 84479
0 1 84488
0 1 84490
0 1 84491
0 1 84496
0 1 84507
0 1 84508
0 1 84509
0 1 84512
0 1 84515
0 1 84516
0 1 84518
0 1 84523
0 1 84528
0 1 84530
0 1 84531
0 1 84532
0 1 84534
0 1 84537
0 1 84540
0 1 84542
0 1 84543
0 1 84544
0 1 84545
0 1 84548
0 1 84550
0 1 84551
0 1 84553
0 1 84554
0 1 84555
0 1 84557
0 1 84560
0 1 84562
0 1 84563
0 1 84566
0 1 84573
0 1 84575
0 1 84576
0 1 84577
0 1 84578
0 1 84579
0 1 84581
0 1 84582
0 1 84592
0 1 84595
0 1 84596
0 1 84600
0 1 84609
0 1 84611
0 1 84613
0 1 84615
0 1 84616
0 1 84619
0 1 84620
0 1 84625
0 1 84626
0 1 84630
0 1 84633
0 1 84635
0 1 84636
0 1 84641
0 1 84647
0 1 84648
0 1 84650
0 1 84656
0 1 84659
0 1 84661
0 1 84662
0 1 84663
0 1 84665
0 1 84671
0 1 84672
0 1 84673
0 1 84674
0 1 84677
0 1 84682
0 1 84684
0 1 84687
0 1 84688
0 1 84691
0 1 84696
0 1 84698
0 1 84700
0 1 84701
0 1 84703
0 1 84708
0 1 84709
0 1 84711
0 1 84713
0 1 84716
0 1 84717
0 1 84723
0 1 84725
0 1 84727
0 1 84728
0 1 84729
0 1 84731
0 1 84732
0 1 84734
0 1 84735
0 1 84736
0 1 84746
0 1 84747
0 1 84750
0 1 84752
0 1 84754
0 1 84756
0 1 84759
0 1 84761
0 1 84763
0 1 84765
0 1 84767
0 1 84768
0 1 84769
0 1 84770
0 1 84774
0 1 84778
0 1 84780
0 1 84783
0 1 84786
0 1 84791
0 1 84792
0 1 84796
0 1 84797
0 1 84799
0 1 84800
0 1 84806
0 1 84807
0 1 84815
0 1 84817
0 1 84818
0 1 84820
0 1 84823
0 1 84826
0 1 84827
0 1 84828
0 1 84830
0 1 84831
0 1 84838
0 1 84840
0 1 84843
0 1 84844
0 1 84846
0 1 84847
0 1 84848
0 1 84853
0 1 84856
0 1 84859
0 1 84863
0 1 84871
0 1 84872
0 1 84873
0 1 84874
0 1 84878
0 1 84880
0 1 84881
0 1 84882
0 1 84883
0 1 84889
0 1 84891
0 1 84897
0 1 84899
0 1 84900
0 1 84901
0 1 84903
0 1 84907
0 1 84909
0 1 84910
0 1 84912
0 1 84913
0 1 84915
0 1 84916
0 1 84918
0 1 84925
0 1 84927
0 1 84928
0 1 84929
0 1 84931
0 1 84932
0 1 84935
0 1 84938
0 1 84939
0 1 84942
0 1 84943
0 1 84946
0 1 84948
0 1 84950
0 1 84953
0 1 84954
0 1 84957
0 1 84960
0 1 84962
0 1 84963
0 1 84964
0 1 84965
0 1 84970
0 1 84975
0 1 84976
0 1 84978
0 1 84979
0 1 84980
0 1 84982
0 1 84983
0 1 84984
0 1 84991
0 1 84994
0 1 84996
0 1 84999
0 1 85005
0 1 85006
0 1 85008
0 1 85009
0 1 85011
0 1 85016
0 1 85017
0 1 85021
0 1 85027
0 1 85029
0 1 85033
0 1 85035
0 1 85036
0 1 85038
0 1 85041
0 1 85049
0 1 85052
0 1 85055
0 1 85056
0 1 85057
0 1 85058
0 1 85060
0 1 85066
0 1 85068
0 1 85070
0 1 85072
0 1 85074
0 1 85075
0 1 85076
0 1 85078
0 1 85080
0 1 85083
0 1 85085
0 1 85086
0 1 85091
0 1 85092
0 1 85095
0 1 85103
0 1 85109
0 1 85111
0 1 85113
0 1 85115
0 1 85116
0 1 85118
0 1 85121
0 1 85123
0 1 85124
0 1 85133
0 1 85135
0 1 85140
0 1 85144
0 1 85147
0 1 85151
0 1 85152
0 1 85156
0 1 85158
0 1 85159
0 1 85161
0 1 85163
0 1 85165
0 1 85167
0 1 85168
0 1 85169
0 1 85170
0 1 85171
0 1 85177
0 1 85179
0 1 85180
0 1 85182
0 1 85184
0 1 85187
0 1 85189
0 1 85190
0 1 85193
0 1 85194
0 1 85199
0 1 85205
0 1 85207
0 1 85208
0 1 85210
0 1 85211
0 1 85216
0 1 85217
0 1 85218
0 1 85219
0 1 85221
0 1 85223
0 1 85227
0 1 85232
0 1 85234
0 1 85235
0 1 85236
0 1 85237
0 1 85241
0 1 85242
0 1 85243
0 1 85244
0 1 85249
0 1 85250
0 1 85251
0 1 85254
0 1 85255
0 1 85257
0 1 85263
0 1 85264
0 1 85269
0 1 85271
0 1 85279
0 1 85283
0 1 85287
0 1 85290
0 1 85292
0 1 85295
0 1 85296
0 1 85297
0 1 85303
0 1 85312
0 1 85316
0 1 85318
0 1 85320
0 1 85321
0 1 85328
0 1 85333
0 1 85335
0 1 85336
0 1 85341
0 1 85343
0 1 85347
0 1 85348
0 1 85349
0 1 85351
0 1 85354
0 1 85357
0 1 85361
0 1 85362
0 1 85367
0 1 85368
0 1 85369
0 1 85373
0 1 85375
0 1 85377
0 1 85378
0 1 85379
0 1 85380
0 1 85383
0 1 85386
0 1 85388
0 1 85395
0 1 85398
0 1 85399
0 1 85404
0 1 85407
0 1 85411
0 1 85413
0 1 85416
0 1 85417
0 1 85419
0 1 85420
0 1 85421
0 1 85425
0 1 85428
0 1 85436
0 1 85440
0 1 85441
0 1 85443
0 1 85445
0 1 85447
0 1 85449
0 1 85450
0 1 85452
0 1 85453
0 1 85455
0 1 85461
0 1 85462
0 1 85463
0 1 85466
0 1 85469
0 1 85471
0 1 85479
0 1 85481
0 1 85482
0 1 85483
0 1 85486
0 1 85487
0 1 85489
0 1 85490
0 1 85491
0 1 85493
0 1 85494
0 1 85495
0 1 85497
0 1 85500
0 1 85503
0 1 85504
0 1 85505
0 1 85507
0 1 85512
0 1 85513
0 1 85514
0 1 85515
0 1 85520
0 1 85521
0 1 85522
0 1 85525
0 1 85526
0 1 85527
0 1 85528
0 1 85529
0 1 85530
0 1 85533
0 1 85534
0 1 85536
0 1 85539
0 1 85544
0 1 85545
0 1 85549
0 1 85550
0 1 85551
0 1 85552
0 1 85553
0 1 85554
0 1 85555
0 1 85557
0 1 85558
0 1 85561
0 1 85563
0 1 85567
0 1 85569
0 1 85570
0 1 85573
0 1 85578
0 1 85582
0 1 85584
0 1 85586
0 1 85588
0 1 85590
0 1 85591
0 1 85593
0 1 85595
0 1 85598
0 1 85599
0 1 85602
0 1 85604
0 1 85606
0 1 85611
0 1 85620
0 1 85621
0 1 85623
0 1 85626
0 1 85628
0 1 85630
0 1 85631
0 1 85638
0 1 85640
0 1 85643
0 1 85644
0 1 85646
0 1 85647
0 1 85648
0 1 85649
0 1 85654
0 1 85658
0 1 85660
0 1 85661
0 1 85662
0 1 85663
0 1 85666
0 1 85667
0 1 85670
0 1 85671
0 1 85672
0 1 85674
0 1 85679
0 1 85683
0 1 85685
0 1 85687
0 1 85689
0 1 85690
0 1 85692
0 1 85695
0 1 85696
0 1 85697
0 1 85698
0 1 85699
0 1 85706
0 1 85707
0 1 85708
0 1 85709
0 1 85710
0 1 85713
0 1 85715
0 1 85716
0 1 85717
0 1 85722
0 1 85724
0 1 85728
0 1 85731
0 1 85734
0 1 85736
0 1 85737
0 1 85742
0 1 85743
0 1 85745
0 1 85750
0 1 85765
0 1 85766
0 1 85770
0 1 85771
0 1 85774
0 1 85777
0 1 85778
0 1 85779
0 1 85781
0 1 85785
0 1 85786
0 1 85787
0 1 85795
0 1 85800
0 1 85801
0 1 85804
0 1 85806
0 1 85809
0 1 85814
0 1 85815
0 1 85816
0 1 85817
0 1 85819
0 1 85822
0 1 85823
0 1 85824
0 1 85830
0 1 85834
0 1 85837
0 1 85839
0 1 85840
0 1 85841
0 1 85849
0 1 85855
0 1 85860
0 1 85864
0 1 85865
0 1 85868
0 1 85869
0 1 85870
0 1 85871
0 1 85873
0 1 85875
0 1 85878
0 1 85880
0 1 85882
0 1 85887
0 1 85893
0 1 85898
0 1 85900
0 1 85905
0 1 85908
0 1 85911
0 1 85916
0 1 85922
0 1 85923
0 1 85924
0 1 85925
0 1 85931
0 1 85936
0 1 85941
0 1 85942
0 1 85943
0 1 85944
0 1 85946
0 1 85948
0 1 85950
0 1 85951
0 1 85953
0 1 85954
0 1 85955
0 1 85956
0 1 85961
0 1 85962
0 1 85965
0 1 85966
0 1 85972
0 1 85981
0 1 85984
0 1 85985
0 1 85988
0 1 85990
0 1 85991
0 1 85993
0 1 85994
0 1 85995
0 1 85997
0 1 85999
0 1 86000
0 1 86001
0 1 86003
0 1 86005
0 1 86007
0 1 86009
0 1 86012
0 1 86014
0 1 86017
0 1 86019
0 1 86020
0 1 86021
0 1 86022
0 1 86024
0 1 86025
0 1 86026
0 1 86028
0 1 86036
0 1 86037
0 1 86038
0 1 86039
0 1 86041
0 1 86044
0 1 86047
0 1 86048
0 1 86050
0 1 86053
0 1 86056
0 1 86057
0 1 86060
0 1 86061
0 1 86062
0 1 86063
0 1 86064
0 1 86067
0 1 86071
0 1 86074
0 1 86076
0 1 86077
0 1 86079
0 1 86081
0 1 86083
0 1 86084
0 1 86086
0 1 86088
0 1 86090
0 1 86091
0 1 86093
0 1 86096
0 1 86099
0 1 86101
0 1 86105
0 1 86106
0 1 86107
0 1 86111
0 1 86114
0 1 86120
0 1 86127
0 1 86129
0 1 86132
0 1 86133
0 1 86137
0 1 86138
0 1 86139
0 1 86140
0 1 86141
0 1 86142
0 1 86143
0 1 86145
0 1 86151
0 1 86153
0 1 86156
0 1 86157
0 1 86158
0 1 86161
0 1 86163
0 1 86164
0 1 86165
0 1 86166
0 1 86167
0 1 86168
0 1 86171
0 1 86173
0 1 86174
0 1 86178
0 1 86179
0 1 86181
0 1 86182
0 1 86183
0 1 86190
0 1 86191
0 1 86193
0 1 86199
0 1 86201
0 1 86204
0 1 86208
0 1 86213
0 1 86214
0 1 86217
0 1 86222
0 1 86223
0 1 86226
0 1 86229
0 1 86232
0 1 86235
0 1 86236
0 1 86237
0 1 86239
0 1 86243
0 1 86245
0 1 86247
0 1 86249
0 1 86251
0 1 86255
0 1 86257
0 1 86261
0 1 86263
0 1 86264
0 1 86265
0 1 86267
0 1 86268
0 1 86269
0 1 86271
0 1 86273
0 1 86275
0 1 86276
0 1 86278
0 1 86283
0 1 86286
0 1 86289
0 1 86290
0 1 86292
0 1 86293
0 1 86296
0 1 86298
0 1 86299
0 1 86304
0 1 86307
0 1 86309
0 1 86312
0 1 86314
0 1 86319
0 1 86321
0 1 86327
0 1 86330
0 1 86333
0 1 86340
0 1 86342
0 1 86344
0 1 86346
0 1 86351
0 1 86357
0 1 86360
0 1 86365
0 1 86368
0 1 86375
0 1 86381
0 1 86383
0 1 86385
0 1 86386
0 1 86389
0 1 86394
0 1 86396
0 1 86403
0 1 86404
0 1 86411
0 1 86412
0 1 86413
0 1 86415
0 1 86416
0 1 86418
0 1 86419
0 1 86424
0 1 86426
0 1 86430
0 1 86432
0 1 86433
0 1 86435
0 1 86440
0 1 86441
0 1 86446
0 1 86451
0 1 86452
0 1 86453
0 1 86456
0 1 86457
0 1 86460
0 1 86462
0 1 86463
0 1 86464
0 1 86465
0 1 86466
0 1 86467
0 1 86469
0 1 86471
0 1 86473
0 1 86478
0 1 86480
0 1 86483
0 1 86489
0 1 86492
0 1 86493
0 1 86497
0 1 86498
0 1 86501
0 1 86502
0 1 86504
0 1 86508
0 1 86516
0 1 86518
0 1 86520
0 1 86523
0 1 86525
0 1 86528
0 1 86529
0 1 86530
0 1 86533
0 1 86536
0 1 86538
0 1 86544
0 1 86551
0 1 86555
0 1 86556
0 1 86562
0 1 86565
0 1 86568
0 1 86570
0 1 86577
0 1 86579
0 1 86584
0 1 86586
0 1 86592
0 1 86596
0 1 86597
0 1 86598
0 1 86599
0 1 86601
0 1 86604
0 1 86606
0 1 86607
0 1 86610
0 1 86611
0 1 86612
0 1 86613
0 1 86614
0 1 86618
0 1 86620
0 1 86624
0 1 86629
0 1 86630
0 1 86633
0 1 86634
0 1 86637
0 1 86638
0 1 86639
0 1 86640
0 1 86643
0 1 86644
0 1 86648
0 1 86651
0 1 86655
0 1 86658
0 1 86659
0 1 86663
0 1 86668
0 1 86671
0 1 86674
0 1 86675
0 1 86678
0 1 86682
0 1 86684
0 1 86685
0 1 86686
0 1 86688
0 1 86689
0 1 86691
0 1 86693
0 1 86696
0 1 86697
0 1 86706
0 1 86708
0 1 86710
0 1 86713
0 1 86716
0 1 86719
0 1 86722
0 1 86723
0 1 86724
0 1 86727
0 1 86728
0 1 86729
0 1 86732
0 1 86734
0 1 86735
0 1 86737
0 1 86739
0 1 86741
0 1 86743
0 1 86744
0 1 86750
0 1 86752
0 1 86755
0 1 86757
0 1 86762
0 1 86763
0 1 86764
0 1 86765
0 1 86766
0 1 86769
0 1 86770
0 1 86771
0 1 86774
0 1 86775
0 1 86778
0 1 86780
0 1 86781
0 1 86783
0 1 86786
0 1 86791
0 1 86792
0 1 86793
0 1 86794
0 1 86801
0 1 86803
0 1 86805
0 1 86807
0 1 86811
0 1 86814
0 1 86815
0 1 86817
0 1 86818
0 1 86819
0 1 86820
0 1 86821
0 1 86822
0 1 86825
0 1 86827
0 1 86828
0 1 86829
0 1 86834
0 1 86835
0 1 86839
0 1 86840
0 1 86847
0 1 86848
0 1 86849
0 1 86854
0 1 86855
0 1 86858
0 1 86861
0 1 86862
0 1 86863
0 1 86864
0 1 86865
0 1 86866
0 1 86871
0 1 86876
0 1 86877
0 1 86883
0 1 86889
0 1 86891
0 1 86892
0 1 86893
0 1 86894
0 1 86895
0 1 86898
0 1 86900
0 1 86903
0 1 86904
0 1 86905
0 1 86906
0 1 86909
0 1 86910
0 1 86911
0 1 86914
0 1 86916
0 1 86924
0 1 86926
0 1 86927
0 1 86928
0 1 86931
0 1 86932
0 1 86934
0 1 86935
0 1 86941
0 1 86944
0 1 86945
0 1 86950
0 1 86951
0 1 86952
0 1 86953
0 1 86955
0 1 86957
0 1 86958
0 1 86961
0 1 86967
0 1 86968
0 1 86970
0 1 86971
0 1 86972
0 1 86973
0 1 86977
0 1 86978
0 1 86979
0 1 86982
0 1 86985
0 1 86987
0 1 86989
0 1 86990
0 1 86991
0 1 86992
0 1 86993
0 1 86999
0 1 87000
0 1 87004
0 1 87006
0 1 87008
0 1 87010
0 1 87011
0 1 87013
0 1 87015
0 1 87018
0 1 87021
0 1 87029
0 1 87030
0 1 87031
0 1 87034
0 1 87035
0 1 87036
0 1 87038
0 1 87040
0 1 87041
0 1 87042
0 1 87043
0 1 87044
0 1 87045
0 1 87046
0 1 87047
0 1 87049
0 1 87050
0 1 87052
0 1 87053
0 1 87056
0 1 87057
0 1 87058
0 1 87060
0 1 87068
0 1 87070
0 1 87074
0 1 87076
0 1 87083
0 1 87085
0 1 87086
0 1 87090
0 1 87091
0 1 87095
0 1 87097
0 1 87100
0 1 87101
0 1 87106
0 1 87108
0 1 87109
0 1 87111
0 1 87114
0 1 87115
0 1 87116
0 1 87117
0 1 87119
0 1 87121
0 1 87122
0 1 87124
0 1 87127
0 1 87130
0 1 87134
0 1 87135
0 1 87136
0 1 87142
0 1 87148
0 1 87149
0 1 87151
0 1 87153
0 1 87160
0 1 87163
0 1 87164
0 1 87167
0 1 87168
0 1 87170
0 1 87171
0 1 87173
0 1 87174
0 1 87177
0 1 87179
0 1 87182
0 1 87184
0 1 87187
0 1 87190
0 1 87191
0 1 87192
0 1 87196
0 1 87197
0 1 87199
0 1 87202
0 1 87204
0 1 87207
0 1 87209
0 1 87211
0 1 87213
0 1 87216
0 1 87221
0 1 87231
0 1 87232
0 1 87235
0 1 87237
0 1 87242
0 1 87245
0 1 87247
0 1 87249
0 1 87251
0 1 87259
0 1 87263
0 1 87269
0 1 87271
0 1 87273
0 1 87274
0 1 87279
0 1 87281
0 1 87284
0 1 87285
0 1 87286
0 1 87287
0 1 87289
0 1 87290
0 1 87293
0 1 87296
0 1 87298
0 1 87299
0 1 87300
0 1 87303
0 1 87306
0 1 87313
0 1 87315
0 1 87318
0 1 87321
0 1 87322
0 1 87324
0 1 87325
0 1 87326
0 1 87327
0 1 87328
0 1 87329
0 1 87330
0 1 87331
0 1 87332
0 1 87334
0 1 87335
0 1 87338
0 1 87344
0 1 87347
0 1 87349
0 1 87355
0 1 87358
0 1 87360
0 1 87362
0 1 87363
0 1 87366
0 1 87367
0 1 87368
0 1 87370
0 1 87374
0 1 87376
0 1 87380
0 1 87381
0 1 87382
0 1 87384
0 1 87385
0 1 87386
0 1 87391
0 1 87392
0 1 87394
0 1 87403
0 1 87404
0 1 87405
0 1 87411
0 1 87413
0 1 87416
0 1 87418
0 1 87421
0 1 87422
0 1 87426
0 1 87427
0 1 87428
0 1 87429
0 1 87430
0 1 87432
0 1 87438
0 1 87442
0 1 87444
0 1 87446
0 1 87448
0 1 87449
0 1 87451
0 1 87452
0 1 87457
0 1 87461
0 1 87462
0 1 87464
0 1 87467
0 1 87470
0 1 87471
0 1 87472
0 1 87473
0 1 87474
0 1 87476
0 1 87477
0 1 87481
0 1 87483
0 1 87484
0 1 87485
0 1 87489
0 1 87492
0 1 87494
0 1 87495
0 1 87496
0 1 87502
0 1 87504
0 1 87506
0 1 87507
0 1 87509
0 1 87515
0 1 87517
0 1 87518
0 1 87519
0 1 87521
0 1 87523
0 1 87526
0 1 87527
0 1 87529
0 1 87531
0 1 87533
0 1 87535
0 1 87536
0 1 87537
0 1 87538
0 1 87540
0 1 87541
0 1 87543
0 1 87544
0 1 87550
0 1 87551
0 1 87553
0 1 87555
0 1 87556
0 1 87557
0 1 87568
0 1 87572
0 1 87584
0 1 87591
0 1 87592
0 1 87594
0 1 87595
0 1 87596
0 1 87597
0 1 87598
0 1 87599
0 1 87600
0 1 87602
0 1 87606
0 1 87608
0 1 87609
0 1 87612
0 1 87618
0 1 87619
0 1 87620
0 1 87625
0 1 87626
0 1 87631
0 1 87634
0 1 87635
0 1 87638
0 1 87640
0 1 87645
0 1 87647
0 1 87648
0 1 87650
0 1 87651
0 1 87652
0 1 87657
0 1 87659
0 1 87662
0 1 87663
0 1 87664
0 1 87666
0 1 87668
0 1 87672
0 1 87673
0 1 87675
0 1 87676
0 1 87677
0 1 87678
0 1 87679
0 1 87687
0 1 87692
0 1 87696
0 1 87703
0 1 87706
0 1 87709
0 1 87711
0 1 87714
0 1 87715
0 1 87717
0 1 87720
0 1 87721
0 1 87722
0 1 87732
0 1 87738
0 1 87739
0 1 87740
0 1 87743
0 1 87751
0 1 87756
0 1 87757
0 1 87762
0 1 87763
0 1 87766
0 1 87767
0 1 87775
0 1 87777
0 1 87778
0 1 87780
0 1 87781
0 1 87782
0 1 87787
0 1 87791
0 1 87793
0 1 87796
0 1 87804
0 1 87810
0 1 87811
0 1 87814
0 1 87815
0 1 87821
0 1 87824
0 1 87825
0 1 87831
0 1 87832
0 1 87842
0 1 87850
0 1 87853
0 1 87854
0 1 87855
0 1 87858
0 1 87859
0 1 87861
0 1 87865
0 1 87866
0 1 87867
0 1 87868
0 1 87870
0 1 87872
0 1 87873
0 1 87874
0 1 87875
0 1 87878
0 1 87879
0 1 87881
0 1 87882
0 1 87883
0 1 87884
0 1 87886
0 1 87889
0 1 87890
0 1 87892
0 1 87893
0 1 87894
0 1 87895
0 1 87896
0 1 87897
0 1 87899
0 1 87905
0 1 87907
0 1 87911
0 1 87914
0 1 87915
0 1 87916
0 1 87919
0 1 87923
0 1 87926
0 1 87928
0 1 87930
0 1 87932
0 1 87933
0 1 87937
0 1 87943
0 1 87944
0 1 87946
0 1 87948
0 1 87950
0 1 87951
0 1 87952
0 1 87954
0 1 87956
0 1 87958
0 1 87959
0 1 87961
0 1 87971
0 1 87972
0 1 87977
0 1 87983
0 1 87984
0 1 87994
0 1 87996
0 1 87998
0 1 88000
0 1 88001
0 1 88005
0 1 88007
0 1 88008
0 1 88010
0 1 88013
0 1 88017
0 1 88023
0 1 88029
0 1 88031
0 1 88038
0 1 88039
0 1 88042
0 1 88044
0 1 88047
0 1 88048
0 1 88053
0 1 88057
0 1 88060
0 1 88063
0 1 88066
0 1 88069
0 1 88071
0 1 88076
0 1 88077
0 1 88082
0 1 88084
0 1 88089
0 1 88091
0 1 88093
0 1 88098
0 1 88099
0 1 88101
0 1 88109
0 1 88110
0 1 88113
0 1 88115
0 1 88116
0 1 88117
0 1 88121
0 1 88122
0 1 88124
0 1 88125
0 1 88127
0 1 88130
0 1 88132
0 1 88133
0 1 88136
0 1 88140
0 1 88145
0 1 88147
0 1 88149
0 1 88151
0 1 88156
0 1 88157
0 1 88160
0 1 88164
0 1 88165
0 1 88168
0 1 88172
0 1 88174
0 1 88181
0 1 88183
0 1 88184
0 1 88187
0 1 88188
0 1 88194
0 1 88197
0 1 88198
0 1 88199
0 1 88205
0 1 88209
0 1 88210
0 1 88211
0 1 88212
0 1 88214
0 1 88215
0 1 88220
0 1 88221
0 1 88222
0 1 88226
0 1 88229
0 1 88233
0 1 88235
0 1 88240
0 1 88241
0 1 88248
0 1 88249
0 1 88254
0 1 88263
0 1 88267
0 1 88268
0 1 88270
0 1 88272
0 1 88275
0 1 88276
0 1 88277
0 1 88282
0 1 88283
0 1 88285
0 1 88286
0 1 88288
0 1 88289
0 1 88290
0 1 88291
0 1 88292
0 1 88293
0 1 88294
0 1 88297
0 1 88300
0 1 88302
0 1 88304
0 1 88305
0 1 88306
0 1 88308
0 1 88310
0 1 88311
0 1 88315
0 1 88317
0 1 88319
0 1 88322
0 1 88324
0 1 88327
0 1 88328
0 1 88330
0 1 88332
0 1 88334
0 1 88335
0 1 88336
0 1 88337
0 1 88339
0 1 88340
0 1 88350
0 1 88351
0 1 88352
0 1 88353
0 1 88354
0 1 88356
0 1 88358
0 1 88361
0 1 88363
0 1 88364
0 1 88366
0 1 88367
0 1 88377
0 1 88380
0 1 88381
0 1 88383
0 1 88385
0 1 88388
0 1 88391
0 1 88394
0 1 88396
0 1 88397
0 1 88404
0 1 88405
0 1 88408
0 1 88410
0 1 88412
0 1 88413
0 1 88415
0 1 88418
0 1 88420
0 1 88427
0 1 88428
0 1 88432
0 1 88433
0 1 88436
0 1 88437
0 1 88438
0 1 88440
0 1 88441
0 1 88442
0 1 88445
0 1 88446
0 1 88448
0 1 88452
0 1 88453
0 1 88457
0 1 88458
0 1 88461
0 1 88462
0 1 88463
0 1 88466
0 1 88475
0 1 88476
0 1 88477
0 1 88480
0 1 88481
0 1 88482
0 1 88483
0 1 88484
0 1 88487
0 1 88490
0 1 88492
0 1 88494
0 1 88497
0 1 88500
0 1 88501
0 1 88503
0 1 88504
0 1 88506
0 1 88519
0 1 88520
0 1 88522
0 1 88523
0 1 88529
0 1 88530
0 1 88535
0 1 88536
0 1 88537
0 1 88538
0 1 88539
0 1 88541
0 1 88543
0 1 88544
0 1 88545
0 1 88549
0 1 88550
0 1 88552
0 1 88553
0 1 88554
0 1 88555
0 1 88561
0 1 88562
0 1 88563
0 1 88564
0 1 88566
0 1 88567
0 1 88568
0 1 88569
0 1 88576
0 1 88578
0 1 88579
0 1 88580
0 1 88581
0 1 88584
0 1 88585
0 1 88588
0 1 88589
0 1 88590
0 1 88591
0 1 88593
0 1 88594
0 1 88595
0 1 88597
0 1 88601
0 1 88606
0 1 88609
0 1 88617
0 1 88620
0 1 88621
0 1 88624
0 1 88627
0 1 88628
0 1 88629
0 1 88633
0 1 88634
0 1 88636
0 1 88637
0 1 88638
0 1 88639
0 1 88640
0 1 88648
0 1 88649
0 1 88651
0 1 88658
0 1 88668
0 1 88669
0 1 88672
0 1 88673
0 1 88674
0 1 88683
0 1 88684
0 1 88688
0 1 88689
0 1 88690
0 1 88693
0 1 88694
0 1 88696
0 1 88699
0 1 88701
0 1 88706
0 1 88707
0 1 88711
0 1 88715
0 1 88716
0 1 88717
0 1 88718
0 1 88728
0 1 88730
0 1 88731
0 1 88732
0 1 88733
0 1 88734
0 1 88739
0 1 88741
0 1 88742
0 1 88745
0 1 88749
0 1 88755
0 1 88757
0 1 88763
0 1 88765
0 1 88767
0 1 88770
0 1 88771
0 1 88773
0 1 88775
0 1 88777
0 1 88781
0 1 88783
0 1 88785
0 1 88788
0 1 88790
0 1 88792
0 1 88794
0 1 88802
0 1 88806
0 1 88810
0 1 88812
0 1 88816
0 1 88822
0 1 88824
0 1 88825
0 1 88826
0 1 88827
0 1 88831
0 1 88832
0 1 88835
0 1 88836
0 1 88837
0 1 88843
0 1 88849
0 1 88853
0 1 88854
0 1 88857
0 1 88859
0 1 88862
0 1 88865
0 1 88867
0 1 88868
0 1 88870
0 1 88871
0 1 88877
0 1 88880
0 1 88881
0 1 88882
0 1 88884
0 1 88889
0 1 88892
0 1 88894
0 1 88896
0 1 88897
0 1 88899
0 1 88901
0 1 88902
0 1 88903
0 1 88907
0 1 88908
0 1 88909
0 1 88911
0 1 88912
0 1 88914
0 1 88918
0 1 88924
0 1 88926
0 1 88927
0 1 88929
0 1 88933
0 1 88934
0 1 88935
0 1 88938
0 1 88939
0 1 88943
0 1 88945
0 1 88946
0 1 88947
0 1 88949
0 1 88950
0 1 88952
0 1 88954
0 1 88957
0 1 88958
0 1 88960
0 1 88969
0 1 88971
0 1 88981
0 1 88984
0 1 88985
0 1 88989
0 1 88990
0 1 88992
0 1 88993
0 1 88995
0 1 88997
0 1 88998
0 1 88999
0 1 89000
0 1 89001
0 1 89004
0 1 89009
0 1 89010
0 1 89020
0 1 89023
0 1 89030
0 1 89035
0 1 89037
0 1 89043
0 1 89044
0 1 89046
0 1 89047
0 1 89050
0 1 89051
0 1 89054
0 1 89056
0 1 89057
0 1 89058
0 1 89059
0 1 89060
0 1 89066
0 1 89071
0 1 89072
0 1 89075
0 1 89076
0 1 89078
0 1 89086
0 1 89089
0 1 89094
0 1 89097
0 1 89100
0 1 89101
0 1 89106
0 1 89107
0 1 89109
0 1 89110
0 1 89111
0 1 89117
0 1 89131
0 1 89133
0 1 89136
0 1 89139
0 1 89141
0 1 89143
0 1 89146
0 1 89148
0 1 89149
0 1 89154
0 1 89157
0 1 89159
0 1 89160
0 1 89163
0 1 89164
0 1 89167
0 1 89168
0 1 89170
0 1 89176
0 1 89180
0 1 89183
0 1 89185
0 1 89186
0 1 89189
0 1 89191
0 1 89194
0 1 89195
0 1 89199
0 1 89200
0 1 89205
0 1 89206
0 1 89207
0 1 89208
0 1 89210
0 1 89211
0 1 89213
0 1 89214
0 1 89215
0 1 89220
0 1 89222
0 1 89223
0 1 89225
0 1 89226
0 1 89227
0 1 89230
0 1 89232
0 1 89234
0 1 89235
0 1 89243
0 1 89250
0 1 89253
0 1 89255
0 1 89257
0 1 89258
0 1 89259
0 1 89263
0 1 89265
0 1 89268
0 1 89269
0 1 89274
0 1 89276
0 1 89279
0 1 89281
0 1 89282
0 1 89283
0 1 89284
0 1 89286
0 1 89287
0 1 89290
0 1 89291
0 1 89297
0 1 89299
0 1 89300
0 1 89303
0 1 89304
0 1 89305
0 1 89306
0 1 89311
0 1 89313
0 1 89318
0 1 89324
0 1 89325
0 1 89328
0 1 89329
0 1 89332
0 1 89336
0 1 89337
0 1 89341
0 1 89344
0 1 89345
0 1 89346
0 1 89354
0 1 89356
0 1 89358
0 1 89359
0 1 89360
0 1 89361
0 1 89362
0 1 89364
0 1 89366
0 1 89367
0 1 89372
0 1 89373
0 1 89376
0 1 89378
0 1 89380
0 1 89384
0 1 89386
0 1 89387
0 1 89388
0 1 89391
0 1 89393
0 1 89396
0 1 89400
0 1 89403
0 1 89405
0 1 89408
0 1 89411
0 1 89412
0 1 89415
0 1 89417
0 1 89418
0 1 89419
0 1 89420
0 1 89421
0 1 89422
0 1 89423
0 1 89427
0 1 89429
0 1 89433
0 1 89435
0 1 89438
0 1 89441
0 1 89445
0 1 89447
0 1 89448
0 1 89452
0 1 89457
0 1 89464
0 1 89467
0 1 89471
0 1 89472
0 1 89475
0 1 89476
0 1 89482
0 1 89483
0 1 89484
0 1 89486
0 1 89487
0 1 89500
0 1 89507
0 1 89512
0 1 89517
0 1 89518
0 1 89519
0 1 89520
0 1 89524
0 1 89526
0 1 89529
0 1 89530
0 1 89531
0 1 89534
0 1 89539
0 1 89543
0 1 89546
0 1 89551
0 1 89554
0 1 89555
0 1 89556
0 1 89559
0 1 89560
0 1 89562
0 1 89563
0 1 89567
0 1 89568
0 1 89571
0 1 89574
0 1 89575
0 1 89577
0 1 89580
0 1 89582
0 1 89583
0 1 89584
0 1 89586
0 1 89587
0 1 89588
0 1 89589
0 1 89594
0 1 89595
0 1 89596
0 1 89598
0 1 89600
0 1 89601
0 1 89606
0 1 89610
0 1 89611
0 1 89615
0 1 89620
0 1 89621
0 1 89623
0 1 89625
0 1 89626
0 1 89627
0 1 89629
0 1 89630
0 1 89634
0 1 89638
0 1 89640
0 1 89642
0 1 89646
0 1 89647
0 1 89649
0 1 89658
0 1 89660
0 1 89662
0 1 89664
0 1 89666
0 1 89670
0 1 89673
0 1 89674
0 1 89676
0 1 89677
0 1 89678
0 1 89679
0 1 89680
0 1 89697
0 1 89699
0 1 89700
0 1 89704
0 1 89707
0 1 89708
0 1 89713
0 1 89714
0 1 89716
0 1 89720
0 1 89726
0 1 89727
0 1 89728
0 1 89730
0 1 89734
0 1 89736
0 1 89739
0 1 89740
0 1 89742
0 1 89743
0 1 89744
0 1 89748
0 1 89751
0 1 89754
0 1 89756
0 1 89758
0 1 89761
0 1 89762
0 1 89763
0 1 89765
0 1 89768
0 1 89769
0 1 89771
0 1 89772
0 1 89777
0 1 89779
0 1 89780
0 1 89783
0 1 89785
0 1 89787
0 1 89792
0 1 89793
0 1 89794
0 1 89795
0 1 89797
0 1 89802
0 1 89804
0 1 89808
0 1 89812
0 1 89814
0 1 89815
0 1 89820
0 1 89822
0 1 89823
0 1 89826
0 1 89828
0 1 89829
0 1 89830
0 1 89832
0 1 89834
0 1 89837
0 1 89838
0 1 89841
0 1 89842
0 1 89844
0 1 89846
0 1 89852
0 1 89853
0 1 89854
0 1 89857
0 1 89859
0 1 89861
0 1 89862
0 1 89865
0 1 89872
0 1 89873
0 1 89875
0 1 89877
0 1 89880
0 1 89884
0 1 89891
0 1 89892
0 1 89894
0 1 89899
0 1 89901
0 1 89903
0 1 89904
0 1 89908
0 1 89915
0 1 89916
0 1 89917
0 1 89921
0 1 89922
0 1 89925
0 1 89927
0 1 89934
0 1 89939
0 1 89940
0 1 89942
0 1 89943
0 1 89944
0 1 89953
0 1 89954
0 1 89955
0 1 89958
0 1 89959
0 1 89960
0 1 89970
0 1 89973
0 1 89975
0 1 89977
0 1 89980
0 1 89984
0 1 89986
0 1 89987
0 1 89989
0 1 89991
0 1 89993
0 1 89994
0 1 89996
0 1 90000
0 1 90001
0 1 90002
0 1 90005
0 1 90012
0 1 90014
0 1 90017
0 1 90020
0 1 90021
0 1 90022
0 1 90023
0 1 90024
0 1 90025
0 1 90026
0 1 90027
0 1 90032
0 1 90033
0 1 90034
0 1 90035
0 1 90036
0 1 90037
0 1 90039
0 1 90040
0 1 90041
0 1 90043
0 1 90046
0 1 90047
0 1 90048
0 1 90050
0 1 90054
0 1 90055
0 1 90058
0 1 90061
0 1 90063
0 1 90064
0 1 90067
0 1 90069
0 1 90070
0 1 90074
0 1 90077
0 1 90085
0 1 90086
0 1 90088
0 1 90090
0 1 90092
0 1 90093
0 1 90095
0 1 90096
0 1 90099
0 1 90101
0 1 90107
0 1 90108
0 1 90109
0 1 90111
0 1 90113
0 1 90114
0 1 90117
0 1 90118
0 1 90121
0 1 90125
0 1 90127
0 1 90128
0 1 90129
0 1 90136
0 1 90137
0 1 90138
0 1 90139
0 1 90140
0 1 90141
0 1 90143
0 1 90144
0 1 90146
0 1 90147
0 1 90152
0 1 90154
0 1 90158
0 1 90161
0 1 90164
0 1 90165
0 1 90166
0 1 90170
0 1 90173
0 1 90174
0 1 90175
0 1 90179
0 1 90180
0 1 90181
0 1 90183
0 1 90184
0 1 90188
0 1 90189
0 1 90191
0 1 90200
0 1 90203
0 1 90204
0 1 90205
0 1 90206
0 1 90207
0 1 90208
0 1 90209
0 1 90211
0 1 90214
0 1 90217
0 1 90218
0 1 90222
0 1 90223
0 1 90224
0 1 90225
0 1 90227
0 1 90228
0 1 90231
0 1 90233
0 1 90236
0 1 90237
0 1 90238
0 1 90239
0 1 90240
0 1 90243
0 1 90246
0 1 90252
0 1 90257
0 1 90264
0 1 90268
0 1 90272
0 1 90273
0 1 90279
0 1 90280
0 1 90281
0 1 90282
0 1 90288
0 1 90289
0 1 90290
0 1 90293
0 1 90294
0 1 90300
0 1 90301
0 1 90303
0 1 90307
0 1 90308
0 1 90309
0 1 90312
0 1 90315
0 1 90317
0 1 90318
0 1 90322
0 1 90323
0 1 90324
0 1 90325
0 1 90326
0 1 90329
0 1 90330
0 1 90331
0 1 90332
0 1 90335
0 1 90338
0 1 90342
0 1 90343
0 1 90344
0 1 90347
0 1 90349
0 1 90351
0 1 90352
0 1 90357
0 1 90358
0 1 90359
0 1 90360
0 1 90362
0 1 90368
0 1 90371
0 1 90381
0 1 90382
0 1 90385
0 1 90390
0 1 90391
0 1 90394
0 1 90396
0 1 90399
0 1 90401
0 1 90403
0 1 90406
0 1 90408
0 1 90410
0 1 90413
0 1 90417
0 1 90418
0 1 90419
0 1 90421
0 1 90424
0 1 90430
0 1 90432
0 1 90433
0 1 90437
0 1 90442
0 1 90447
0 1 90448
0 1 90449
0 1 90450
0 1 90451
0 1 90452
0 1 90454
0 1 90458
0 1 90459
0 1 90461
0 1 90462
0 1 90463
0 1 90464
0 1 90468
0 1 90471
0 1 90472
0 1 90474
0 1 90475
0 1 90476
0 1 90477
0 1 90481
0 1 90487
0 1 90489
0 1 90493
0 1 90494
0 1 90501
0 1 90502
0 1 90505
0 1 90506
0 1 90507
0 1 90508
0 1 90513
0 1 90515
0 1 90517
0 1 90521
0 1 90523
0 1 90524
0 1 90526
0 1 90528
0 1 90530
0 1 90531
0 1 90533
0 1 90538
0 1 90541
0 1 90542
0 1 90545
0 1 90551
0 1 90552
0 1 90554
0 1 90555
0 1 90559
0 1 90562
0 1 90564
0 1 90569
0 1 90575
0 1 90581
0 1 90582
0 1 90583
0 1 90584
0 1 90585
0 1 90586
0 1 90593
0 1 90595
0 1 90600
0 1 90601
0 1 90602
0 1 90606
0 1 90608
0 1 90609
0 1 90614
0 1 90615
0 1 90624
0 1 90625
0 1 90635
0 1 90636
0 1 90638
0 1 90639
0 1 90643
0 1 90652
0 1 90655
0 1 90657
0 1 90663
0 1 90666
0 1 90671
0 1 90672
0 1 90676
0 1 90678
0 1 90680
0 1 90681
0 1 90683
0 1 90685
0 1 90687
0 1 90690
0 1 90695
0 1 90697
0 1 90698
0 1 90705
0 1 90710
0 1 90713
0 1 90716
0 1 90717
0 1 90723
0 1 90727
0 1 90728
0 1 90731
0 1 90733
0 1 90734
0 1 90735
0 1 90744
0 1 90753
0 1 90755
0 1 90756
0 1 90759
0 1 90760
0 1 90763
0 1 90764
0 1 90766
0 1 90769
0 1 90772
0 1 90773
0 1 90775
0 1 90776
0 1 90778
0 1 90785
0 1 90786
0 1 90792
0 1 90793
0 1 90794
0 1 90800
0 1 90802
0 1 90803
0 1 90804
0 1 90805
0 1 90809
0 1 90810
0 1 90815
0 1 90816
0 1 90819
0 1 90823
0 1 90824
0 1 90825
0 1 90826
0 1 90827
0 1 90829
0 1 90830
0 1 90833
0 1 90837
0 1 90839
0 1 90842
0 1 90843
0 1 90844
0 1 90848
0 1 90849
0 1 90850
0 1 90855
0 1 90856
0 1 90858
0 1 90868
0 1 90869
0 1 90870
0 1 90872
0 1 90874
0 1 90875
0 1 90876
0 1 90880
0 1 90885
0 1 90888
0 1 90892
0 1 90894
0 1 90896
0 1 90897
0 1 90898
0 1 90901
0 1 90902
0 1 90904
0 1 90905
0 1 90907
0 1 90908
0 1 90909
0 1 90910
0 1 90917
0 1 90919
0 1 90922
0 1 90924
0 1 90925
0 1 90926
0 1 90927
0 1 90928
0 1 90935
0 1 90936
0 1 90940
0 1 90942
0 1 90944
0 1 90945
0 1 90946
0 1 90948
0 1 90949
0 1 90950
0 1 90958
0 1 90959
0 1 90969
0 1 90971
0 1 90972
0 1 90973
0 1 90974
0 1 90976
0 1 90984
0 1 90985
0 1 90988
0 1 90996
0 1 91000
0 1 91001
0 1 91002
0 1 91003
0 1 91006
0 1 91007
0 1 91011
0 1 91013
0 1 91017
0 1 91018
0 1 91021
0 1 91024
0 1 91027
0 1 91028
0 1 91030
0 1 91032
0 1 91040
0 1 91041
0 1 91042
0 1 91044
0 1 91047
0 1 91048
0 1 91051
0 1 91052
0 1 91057
0 1 91059
0 1 91060
0 1 91064
0 1 91072
0 1 91073
0 1 91075
0 1 91076
0 1 91080
0 1 91081
0 1 91083
0 1 91084
0 1 91087
0 1 91088
0 1 91090
0 1 91093
0 1 91094
0 1 91096
0 1 91098
0 1 91099
0 1 91100
0 1 91104
0 1 91105
0 1 91109
0 1 91111
0 1 91114
0 1 91116
0 1 91117
0 1 91122
0 1 91123
0 1 91125
0 1 91126
0 1 91131
0 1 91132
0 1 91133
0 1 91134
0 1 91136
0 1 91137
0 1 91139
0 1 91140
0 1 91141
0 1 91143
0 1 91144
0 1 91147
0 1 91153
0 1 91157
0 1 91161
0 1 91162
0 1 91163
0 1 91164
0 1 91166
0 1 91167
0 1 91171
0 1 91172
0 1 91174
0 1 91176
0 1 91177
0 1 91181
0 1 91182
0 1 91183
0 1 91185
0 1 91186
0 1 91192
0 1 91196
0 1 91198
0 1 91199
0 1 91201
0 1 91203
0 1 91204
0 1 91205
0 1 91206
0 1 91209
0 1 91211
0 1 91213
0 1 91215
0 1 91218
0 1 91219
0 1 91224
0 1 91226
0 1 91229
0 1 91233
0 1 91235
0 1 91236
0 1 91240
0 1 91241
0 1 91242
0 1 91245
0 1 91247
0 1 91251
0 1 91252
0 1 91256
0 1 91257
0 1 91258
0 1 91259
0 1 91261
0 1 91262
0 1 91266
0 1 91268
0 1 91270
0 1 91272
0 1 91273
0 1 91276
0 1 91278
0 1 91280
0 1 91285
0 1 91286
0 1 91289
0 1 91290
0 1 91291
0 1 91292
0 1 91293
0 1 91299
0 1 91301
0 1 91302
0 1 91303
0 1 91305
0 1 91306
0 1 91307
0 1 91311
0 1 91313
0 1 91315
0 1 91316
0 1 91317
0 1 91321
0 1 91326
0 1 91327
0 1 91328
0 1 91329
0 1 91333
0 1 91337
0 1 91338
0 1 91340
0 1 91343
0 1 91348
0 1 91350
0 1 91351
0 1 91352
0 1 91353
0 1 91355
0 1 91356
0 1 91360
0 1 91365
0 1 91366
0 1 91367
0 1 91368
0 1 91374
0 1 91376
0 1 91379
0 1 91384
0 1 91385
0 1 91386
0 1 91387
0 1 91388
0 1 91394
0 1 91396
0 1 91397
0 1 91399
0 1 91402
0 1 91408
0 1 91409
0 1 91411
0 1 91413
0 1 91415
0 1 91417
0 1 91424
0 1 91433
0 1 91435
0 1 91438
0 1 91440
0 1 91441
0 1 91442
0 1 91444
0 1 91445
0 1 91448
0 1 91452
0 1 91453
0 1 91458
0 1 91463
0 1 91466
0 1 91468
0 1 91469
0 1 91475
0 1 91477
0 1 91479
0 1 91481
0 1 91483
0 1 91484
0 1 91486
0 1 91489
0 1 91490
0 1 91494
0 1 91495
0 1 91502
0 1 91505
0 1 91506
0 1 91507
0 1 91508
0 1 91510
0 1 91512
0 1 91513
0 1 91514
0 1 91515
0 1 91516
0 1 91519
0 1 91523
0 1 91524
0 1 91525
0 1 91526
0 1 91530
0 1 91537
0 1 91541
0 1 91543
0 1 91545
0 1 91549
0 1 91552
0 1 91553
0 1 91555
0 1 91557
0 1 91558
0 1 91561
0 1 91562
0 1 91563
0 1 91564
0 1 91567
0 1 91570
0 1 91573
0 1 91574
0 1 91577
0 1 91580
0 1 91586
0 1 91587
0 1 91588
0 1 91590
0 1 91591
0 1 91592
0 1 91595
0 1 91596
0 1 91597
0 1 91602
0 1 91605
0 1 91608
0 1 91618
0 1 91620
0 1 91636
0 1 91641
0 1 91647
0 1 91653
0 1 91656
0 1 91657
0 1 91663
0 1 91667
0 1 91669
0 1 91670
0 1 91671
0 1 91676
0 1 91677
0 1 91678
0 1 91681
0 1 91682
0 1 91683
0 1 91684
0 1 91691
0 1 91701
0 1 91702
0 1 91703
0 1 91706
0 1 91708
0 1 91709
0 1 91711
0 1 91715
0 1 91726
0 1 91729
0 1 91731
0 1 91733
0 1 91734
0 1 91736
0 1 91740
0 1 91741
0 1 91742
0 1 91749
0 1 91750
0 1 91753
0 1 91758
0 1 91766
0 1 91767
0 1 91772
0 1 91774
0 1 91775
0 1 91778
0 1 91780
0 1 91783
0 1 91784
0 1 91785
0 1 91787
0 1 91789
0 1 91791
0 1 91792
0 1 91793
0 1 91798
0 1 91800
0 1 91801
0 1 91807
0 1 91809
0 1 91811
0 1 91816
0 1 91819
0 1 91822
0 1 91823
0 1 91827
0 1 91828
0 1 91829
0 1 91832
0 1 91834
0 1 91837
0 1 91840
0 1 91842
0 1 91843
0 1 91845
0 1 91847
0 1 91849
0 1 91851
0 1 91853
0 1 91855
0 1 91856
0 1 91857
0 1 91862
0 1 91866
0 1 91867
0 1 91870
0 1 91877
0 1 91879
0 1 91881
0 1 91883
0 1 91884
0 1 91896
0 1 91899
0 1 91900
0 1 91901
0 1 91906
0 1 91908
0 1 91911
0 1 91914
0 1 91915
0 1 91916
0 1 91918
0 1 91924
0 1 91927
0 1 91931
0 1 91932
0 1 91941
0 1 91943
0 1 91947
0 1 91950
0 1 91951
0 1 91957
0 1 91964
0 1 91966
0 1 91973
0 1 91974
0 1 91986
0 1 91989
0 1 91992
0 1 91993
0 1 92012
0 1 92015
0 1 92016
0 1 92019
0 1 92021
0 1 92023
0 1 92024
0 1 92025
0 1 92030
0 1 92036
0 1 92037
0 1 92038
0 1 92039
0 1 92041
0 1 92042
0 1 92043
0 1 92045
0 1 92048
0 1 92049
0 1 92054
0 1 92056
0 1 92058
0 1 92061
0 1 92063
0 1 92064
0 1 92069
0 1 92071
0 1 92072
0 1 92075
0 1 92076
0 1 92077
0 1 92080
0 1 92083
0 1 92084
0 1 92085
0 1 92090
0 1 92091
0 1 92093
0 1 92095
0 1 92096
0 1 92099
0 1 92101
0 1 92102
0 1 92103
0 1 92108
0 1 92111
0 1 92116
0 1 92117
0 1 92119
0 1 92121
0 1 92125
0 1 92127
0 1 92139
0 1 92142
0 1 92144
0 1 92146
0 1 92148
0 1 92152
0 1 92153
0 1 92154
0 1 92157
0 1 92159
0 1 92161
0 1 92164
0 1 92167
0 1 92168
0 1 92170
0 1 92171
0 1 92175
0 1 92177
0 1 92178
0 1 92181
0 1 92182
0 1 92188
0 1 92189
0 1 92192
0 1 92194
0 1 92198
0 1 92199
0 1 92200
0 1 92201
0 1 92202
0 1 92203
0 1 92204
0 1 92205
0 1 92207
0 1 92208
0 1 92214
0 1 92215
0 1 92216
0 1 92217
0 1 92219
0 1 92221
0 1 92222
0 1 92223
0 1 92224
0 1 92226
0 1 92230
0 1 92231
0 1 92232
0 1 92233
0 1 92234
0 1 92235
0 1 92236
0 1 92248
0 1 92250
0 1 92251
0 1 92255
0 1 92256
0 1 92258
0 1 92259
0 1 92264
0 1 92268
0 1 92271
0 1 92272
0 1 92273
0 1 92274
0 1 92275
0 1 92277
0 1 92278
0 1 92279
0 1 92280
0 1 92281
0 1 92282
0 1 92286
0 1 92288
0 1 92289
0 1 92291
0 1 92293
0 1 92297
0 1 92298
0 1 92303
0 1 92307
0 1 92313
0 1 92314
0 1 92315
0 1 92317
0 1 92320
0 1 92322
0 1 92323
0 1 92324
0 1 92325
0 1 92326
0 1 92329
0 1 92331
0 1 92332
0 1 92334
0 1 92335
0 1 92339
0 1 92340
0 1 92341
0 1 92345
0 1 92346
0 1 92348
0 1 92349
0 1 92352
0 1 92356
0 1 92357
0 1 92362
0 1 92366
0 1 92370
0 1 92371
0 1 92376
0 1 92377
0 1 92381
0 1 92383
0 1 92386
0 1 92388
0 1 92393
0 1 92394
0 1 92395
0 1 92398
0 1 92401
0 1 92403
0 1 92404
0 1 92405
0 1 92407
0 1 92408
0 1 92409
0 1 92411
0 1 92415
0 1 92418
0 1 92419
0 1 92420
0 1 92422
0 1 92428
0 1 92431
0 1 92433
0 1 92437
0 1 92438
0 1 92439
0 1 92440
0 1 92443
0 1 92444
0 1 92448
0 1 92451
0 1 92453
0 1 92457
0 1 92460
0 1 92462
0 1 92465
0 1 92466
0 1 92474
0 1 92479
0 1 92480
0 1 92481
0 1 92484
0 1 92486
0 1 92489
0 1 92495
0 1 92496
0 1 92497
0 1 92498
0 1 92505
0 1 92507
0 1 92508
0 1 92509
0 1 92510
0 1 92514
0 1 92515
0 1 92518
0 1 92519
0 1 92521
0 1 92522
0 1 92523
0 1 92525
0 1 92526
0 1 92527
0 1 92529
0 1 92530
0 1 92532
0 1 92538
0 1 92539
0 1 92540
0 1 92541
0 1 92545
0 1 92546
0 1 92550
0 1 92551
0 1 92553
0 1 92557
0 1 92558
0 1 92559
0 1 92566
0 1 92567
0 1 92568
0 1 92569
0 1 92570
0 1 92575
0 1 92576
0 1 92577
0 1 92581
0 1 92588
0 1 92591
0 1 92596
0 1 92597
0 1 92601
0 1 92605
0 1 92606
0 1 92608
0 1 92611
0 1 92615
0 1 92618
0 1 92620
0 1 92621
0 1 92623
0 1 92628
0 1 92635
0 1 92638
0 1 92640
0 1 92641
0 1 92642
0 1 92643
0 1 92644
0 1 92645
0 1 92646
0 1 92647
0 1 92654
0 1 92658
0 1 92659
0 1 92662
0 1 92663
0 1 92664
0 1 92666
0 1 92669
0 1 92670
0 1 92672
0 1 92674
0 1 92678
0 1 92679
0 1 92684
0 1 92685
0 1 92687
0 1 92692
0 1 92694
0 1 92695
0 1 92696
0 1 92702
0 1 92708
0 1 92710
0 1 92714
0 1 92715
0 1 92716
0 1 92718
0 1 92720
0 1 92722
0 1 92723
0 1 92725
0 1 92726
0 1 92732
0 1 92735
0 1 92736
0 1 92737
0 1 92739
0 1 92740
0 1 92742
0 1 92744
0 1 92746
0 1 92749
0 1 92752
0 1 92754
0 1 92763
0 1 92766
0 1 92768
0 1 92772
0 1 92773
0 1 92774
0 1 92781
0 1 92782
0 1 92784
0 1 92787
0 1 92788
0 1 92789
0 1 92794
0 1 92795
0 1 92801
0 1 92802
0 1 92804
0 1 92806
0 1 92807
0 1 92811
0 1 92813
0 1 92814
0 1 92815
0 1 92817
0 1 92818
0 1 92824
0 1 92827
0 1 92828
0 1 92830
0 1 92831
0 1 92832
0 1 92833
0 1 92834
0 1 92835
0 1 92836
0 1 92839
0 1 92840
0 1 92844
0 1 92845
0 1 92847
0 1 92848
0 1 92854
0 1 92856
0 1 92858
0 1 92859
0 1 92861
0 1 92862
0 1 92863
0 1 92864
0 1 92874
0 1 92875
0 1 92878
0 1 92879
0 1 92887
0 1 92893
0 1 92896
0 1 92897
0 1 92901
0 1 92902
0 1 92903
0 1 92904
0 1 92905
0 1 92909
0 1 92910
0 1 92915
0 1 92918
0 1 92920
0 1 92925
0 1 92927
0 1 92928
0 1 92929
0 1 92930
0 1 92931
0 1 92932
0 1 92933
0 1 92936
0 1 92937
0 1 92939
0 1 92941
0 1 92942
0 1 92944
0 1 92946
0 1 92947
0 1 92950
0 1 92952
0 1 92953
0 1 92954
0 1 92956
0 1 92957
0 1 92958
0 1 92959
0 1 92960
0 1 92966
0 1 92968
0 1 92974
0 1 92975
0 1 92977
0 1 92979
0 1 92982
0 1 92985
0 1 92990
0 1 92999
0 1 93002
0 1 93004
0 1 93007
0 1 93008
0 1 93011
0 1 93015
0 1 93017
0 1 93018
0 1 93021
0 1 93024
0 1 93028
0 1 93032
0 1 93033
0 1 93036
0 1 93038
0 1 93039
0 1 93040
0 1 93041
0 1 93042
0 1 93044
0 1 93045
0 1 93046
0 1 93047
0 1 93048
0 1 93050
0 1 93054
0 1 93065
0 1 93066
0 1 93067
0 1 93068
0 1 93070
0 1 93071
0 1 93074
0 1 93076
0 1 93077
0 1 93078
0 1 93079
0 1 93083
0 1 93084
0 1 93085
0 1 93090
0 1 93094
0 1 93096
0 1 93097
0 1 93098
0 1 93099
0 1 93103
0 1 93106
0 1 93109
0 1 93115
0 1 93116
0 1 93117
0 1 93119
0 1 93120
0 1 93122
0 1 93123
0 1 93126
0 1 93127
0 1 93128
0 1 93129
0 1 93136
0 1 93137
0 1 93138
0 1 93139
0 1 93142
0 1 93143
0 1 93144
0 1 93147
0 1 93148
0 1 93151
0 1 93153
0 1 93154
0 1 93155
0 1 93156
0 1 93164
0 1 93168
0 1 93172
0 1 93173
0 1 93174
0 1 93176
0 1 93183
0 1 93184
0 1 93190
0 1 93191
0 1 93192
0 1 93196
0 1 93203
0 1 93204
0 1 93205
0 1 93208
0 1 93209
0 1 93211
0 1 93212
0 1 93213
0 1 93214
0 1 93215
0 1 93217
0 1 93220
0 1 93225
0 1 93229
0 1 93238
0 1 93240
0 1 93241
0 1 93242
0 1 93243
0 1 93244
0 1 93246
0 1 93248
0 1 93250
0 1 93251
0 1 93256
0 1 93258
0 1 93261
0 1 93265
0 1 93267
0 1 93268
0 1 93270
0 1 93278
0 1 93280
0 1 93281
0 1 93282
0 1 93283
0 1 93288
0 1 93290
0 1 93291
0 1 93292
0 1 93295
0 1 93300
0 1 93302
0 1 93303
0 1 93304
0 1 93307
0 1 93308
0 1 93309
0 1 93310
0 1 93312
0 1 93314
0 1 93316
0 1 93317
0 1 93318
0 1 93321
0 1 93322
0 1 93323
0 1 93324
0 1 93326
0 1 93327
0 1 93331
0 1 93336
0 1 93339
0 1 93341
0 1 93342
0 1 93346
0 1 93347
0 1 93348
0 1 93351
0 1 93352
0 1 93356
0 1 93360
0 1 93361
0 1 93362
0 1 93366
0 1 93367
0 1 93369
0 1 93371
0 1 93378
0 1 93379
0 1 93380
0 1 93381
0 1 93382
0 1 93383
0 1 93386
0 1 93387
0 1 93388
0 1 93389
0 1 93391
0 1 93399
0 1 93400
0 1 93401
0 1 93403
0 1 93405
0 1 93406
0 1 93407
0 1 93409
0 1 93412
0 1 93413
0 1 93417
0 1 93418
0 1 93420
0 1 93423
0 1 93426
0 1 93430
0 1 93431
0 1 93436
0 1 93437
0 1 93447
0 1 93448
0 1 93449
0 1 93456
0 1 93459
0 1 93461
0 1 93464
0 1 93465
0 1 93468
0 1 93469
0 1 93470
0 1 93472
0 1 93474
0 1 93475
0 1 93478
0 1 93480
0 1 93483
0 1 93489
0 1 93493
0 1 93495
0 1 93496
0 1 93500
0 1 93501
0 1 93502
0 1 93503
0 1 93509
0 1 93511
0 1 93514
0 1 93516
0 1 93518
0 1 93519
0 1 93521
0 1 93522
0 1 93527
0 1 93529
0 1 93530
0 1 93538
0 1 93539
0 1 93543
0 1 93546
0 1 93549
0 1 93551
0 1 93552
0 1 93553
0 1 93555
0 1 93558
0 1 93561
0 1 93564
0 1 93565
0 1 93568
0 1 93571
0 1 93573
0 1 93574
0 1 93575
0 1 93576
0 1 93578
0 1 93579
0 1 93580
0 1 93582
0 1 93583
0 1 93586
0 1 93591
0 1 93592
0 1 93593
0 1 93595
0 1 93597
0 1 93598
0 1 93601
0 1 93602
0 1 93603
0 1 93604
0 1 93608
0 1 93609
0 1 93610
0 1 93612
0 1 93614
0 1 93615
0 1 93620
0 1 93622
0 1 93624
0 1 93631
0 1 93633
0 1 93638
0 1 93641
0 1 93642
0 1 93645
0 1 93649
0 1 93650
0 1 93651
0 1 93652
0 1 93653
0 1 93654
0 1 93655
0 1 93662
0 1 93664
0 1 93671
0 1 93673
0 1 93675
0 1 93676
0 1 93678
0 1 93681
0 1 93682
0 1 93684
0 1 93685
0 1 93689
0 1 93693
0 1 93694
0 1 93696
0 1 93699
0 1 93700
0 1 93702
0 1 93703
0 1 93706
0 1 93707
0 1 93711
0 1 93712
0 1 93714
0 1 93716
0 1 93717
0 1 93719
0 1 93720
0 1 93722
0 1 93725
0 1 93726
0 1 93732
0 1 93733
0 1 93735
0 1 93738
0 1 93742
0 1 93743
0 1 93744
0 1 93745
0 1 93746
0 1 93747
0 1 93749
0 1 93750
0 1 93751
0 1 93752
0 1 93754
0 1 93759
0 1 93760
0 1 93761
0 1 93762
0 1 93765
0 1 93768
0 1 93773
0 1 93775
0 1 93777
0 1 93778
0 1 93782
0 1 93783
0 1 93787
0 1 93790
0 1 93793
0 1 93794
0 1 93797
0 1 93802
0 1 93803
0 1 93804
0 1 93805
0 1 93807
0 1 93808
0 1 93809
0 1 93811
0 1 93812
0 1 93819
0 1 93822
0 1 93824
0 1 93825
0 1 93827
0 1 93831
0 1 93834
0 1 93837
0 1 93838
0 1 93839
0 1 93840
0 1 93841
0 1 93844
0 1 93845
0 1 93848
0 1 93851
0 1 93852
0 1 93853
0 1 93855
0 1 93856
0 1 93857
0 1 93859
0 1 93860
0 1 93861
0 1 93862
0 1 93865
0 1 93866
0 1 93871
0 1 93872
0 1 93873
0 1 93877
0 1 93880
0 1 93882
0 1 93883
0 1 93884
0 1 93887
0 1 93888
0 1 93892
0 1 93893
0 1 93897
0 1 93898
0 1 93899
0 1 93901
0 1 93902
0 1 93903
0 1 93904
0 1 93905
0 1 93906
0 1 93907
0 1 93915
0 1 93920
0 1 93921
0 1 93922
0 1 93926
0 1 93927
0 1 93929
0 1 93930
0 1 93931
0 1 93933
0 1 93935
0 1 93936
0 1 93937
0 1 93938
0 1 93943
0 1 93945
0 1 93947
0 1 93948
0 1 93950
0 1 93951
0 1 93953
0 1 93956
0 1 93962
0 1 93965
0 1 93966
0 1 93968
0 1 93972
0 1 93973
0 1 93975
0 1 93977
0 1 93979
0 1 93980
0 1 93981
0 1 93983
0 1 93985
0 1 93988
0 1 93990
0 1 93992
0 1 93993
0 1 93994
0 1 93995
0 1 93999
0 1 94002
0 1 94004
0 1 94006
0 1 94009
0 1 94011
0 1 94013
0 1 94015
0 1 94018
0 1 94020
0 1 94021
0 1 94023
0 1 94028
0 1 94029
0 1 94031
0 1 94033
0 1 94034
0 1 94037
0 1 94038
0 1 94039
0 1 94042
0 1 94043
0 1 94049
0 1 94052
0 1 94054
0 1 94059
0 1 94060
0 1 94066
0 1 94068
0 1 94069
0 1 94070
0 1 94073
0 1 94075
0 1 94076
0 1 94077
0 1 94078
0 1 94079
0 1 94080
0 1 94082
0 1 94087
0 1 94089
0 1 94090
0 1 94092
0 1 94094
0 1 94095
0 1 94096
0 1 94097
0 1 94098
0 1 94104
0 1 94105
0 1 94106
0 1 94107
0 1 94108
0 1 94110
0 1 94113
0 1 94117
0 1 94118
0 1 94119
0 1 94120
0 1 94122
0 1 94130
0 1 94133
0 1 94134
0 1 94136
0 1 94142
0 1 94143
0 1 94144
0 1 94146
0 1 94148
0 1 94149
0 1 94150
0 1 94151
0 1 94155
0 1 94158
0 1 94160
0 1 94165
0 1 94166
0 1 94172
0 1 94173
0 1 94181
0 1 94182
0 1 94183
0 1 94184
0 1 94192
0 1 94194
0 1 94195
0 1 94198
0 1 94201
0 1 94202
0 1 94204
0 1 94205
0 1 94208
0 1 94209
0 1 94211
0 1 94212
0 1 94214
0 1 94215
0 1 94218
0 1 94219
0 1 94221
0 1 94222
0 1 94225
0 1 94227
0 1 94228
0 1 94230
0 1 94234
0 1 94235
0 1 94240
0 1 94242
0 1 94244
0 1 94245
0 1 94246
0 1 94247
0 1 94248
0 1 94252
0 1 94254
0 1 94256
0 1 94257
0 1 94264
0 1 94265
0 1 94266
0 1 94272
0 1 94274
0 1 94275
0 1 94276
0 1 94278
0 1 94280
0 1 94281
0 1 94282
0 1 94284
0 1 94286
0 1 94288
0 1 94290
0 1 94296
0 1 94299
0 1 94306
0 1 94309
0 1 94311
0 1 94312
0 1 94313
0 1 94315
0 1 94317
0 1 94320
0 1 94322
0 1 94325
0 1 94327
0 1 94332
0 1 94334
0 1 94335
0 1 94337
0 1 94338
0 1 94341
0 1 94342
0 1 94344
0 1 94345
0 1 94347
0 1 94349
0 1 94351
0 1 94352
0 1 94353
0 1 94359
0 1 94369
0 1 94370
0 1 94371
0 1 94374
0 1 94379
0 1 94381
0 1 94385
0 1 94386
0 1 94389
0 1 94391
0 1 94393
0 1 94394
0 1 94396
0 1 94401
0 1 94403
0 1 94406
0 1 94407
0 1 94408
0 1 94409
0 1 94410
0 1 94413
0 1 94414
0 1 94415
0 1 94422
0 1 94427
0 1 94428
0 1 94440
0 1 94443
0 1 94445
0 1 94449
0 1 94457
0 1 94466
0 1 94470
0 1 94473
0 1 94477
0 1 94478
0 1 94479
0 1 94483
0 1 94485
0 1 94488
0 1 94491
0 1 94493
0 1 94498
0 1 94499
0 1 94502
0 1 94503
0 1 94504
0 1 94508
0 1 94510
0 1 94511
0 1 94514
0 1 94520
0 1 94527
0 1 94529
0 1 94530
0 1 94536
0 1 94540
0 1 94544
0 1 94546
0 1 94548
0 1 94549
0 1 94551
0 1 94554
0 1 94560
0 1 94561
0 1 94563
0 1 94565
0 1 94566
0 1 94567
0 1 94570
0 1 94571
0 1 94574
0 1 94577
0 1 94578
0 1 94579
0 1 94580
0 1 94582
0 1 94583
0 1 94586
0 1 94589
0 1 94591
0 1 94593
0 1 94594
0 1 94598
0 1 94601
0 1 94603
0 1 94604
0 1 94608
0 1 94610
0 1 94611
0 1 94613
0 1 94614
0 1 94615
0 1 94616
0 1 94622
0 1 94623
0 1 94624
0 1 94626
0 1 94627
0 1 94629
0 1 94632
0 1 94633
0 1 94634
0 1 94635
0 1 94636
0 1 94641
0 1 94642
0 1 94644
0 1 94646
0 1 94647
0 1 94649
0 1 94654
0 1 94655
0 1 94656
0 1 94658
0 1 94660
0 1 94662
0 1 94663
0 1 94669
0 1 94671
0 1 94672
0 1 94674
0 1 94677
0 1 94678
0 1 94680
0 1 94682
0 1 94687
0 1 94689
0 1 94690
0 1 94692
0 1 94694
0 1 94695
0 1 94697
0 1 94700
0 1 94703
0 1 94704
0 1 94705
0 1 94708
0 1 94709
0 1 94718
0 1 94719
0 1 94720
0 1 94726
0 1 94728
0 1 94730
0 1 94731
0 1 94739
0 1 94740
0 1 94741
0 1 94743
0 1 94747
0 1 94752
0 1 94753
0 1 94754
0 1 94755
0 1 94757
0 1 94760
0 1 94763
0 1 94765
0 1 94766
0 1 94768
0 1 94769
0 1 94770
0 1 94776
0 1 94779
0 1 94781
0 1 94783
0 1 94784
0 1 94785
0 1 94786
0 1 94793
0 1 94794
0 1 94796
0 1 94797
0 1 94798
0 1 94808
0 1 94809
0 1 94811
0 1 94812
0 1 94816
0 1 94822
0 1 94824
0 1 94826
0 1 94828
0 1 94832
0 1 94833
0 1 94834
0 1 94836
0 1 94841
0 1 94843
0 1 94844
0 1 94845
0 1 94846
0 1 94849
0 1 94850
0 1 94852
0 1 94860
0 1 94862
0 1 94865
0 1 94866
0 1 94867
0 1 94874
0 1 94875
0 1 94879
0 1 94880
0 1 94883
0 1 94884
0 1 94886
0 1 94889
0 1 94895
0 1 94896
0 1 94897
0 1 94898
0 1 94900
0 1 94904
0 1 94907
0 1 94912
0 1 94913
0 1 94921
0 1 94926
0 1 94933
0 1 94935
0 1 94937
0 1 94944
0 1 94947
0 1 94949
0 1 94950
0 1 94953
0 1 94956
0 1 94959
0 1 94960
0 1 94964
0 1 94966
0 1 94968
0 1 94975
0 1 94977
0 1 94978
0 1 94980
0 1 94982
0 1 94985
0 1 94986
0 1 94989
0 1 94990
0 1 94992
0 1 94994
0 1 94996
0 1 95001
0 1 95003
0 1 95004
0 1 95005
0 1 95006
0 1 95009
0 1 95010
0 1 95015
0 1 95016
0 1 95019
0 1 95027
0 1 95030
0 1 95034
0 1 95038
0 1 95041
0 1 95044
0 1 95045
0 1 95047
0 1 95050
0 1 95053
0 1 95056
0 1 95059
0 1 95060
0 1 95061
0 1 95062
0 1 95063
0 1 95064
0 1 95069
0 1 95070
0 1 95072
0 1 95076
0 1 95078
0 1 95085
0 1 95086
0 1 95089
0 1 95094
0 1 95096
0 1 95099
0 1 95101
0 1 95102
0 1 95105
0 1 95106
0 1 95107
0 1 95109
0 1 95110
0 1 95111
0 1 95117
0 1 95118
0 1 95119
0 1 95120
0 1 95125
0 1 95126
0 1 95131
0 1 95133
0 1 95137
0 1 95140
0 1 95141
0 1 95148
0 1 95149
0 1 95150
0 1 95153
0 1 95155
0 1 95158
0 1 95160
0 1 95161
0 1 95162
0 1 95171
0 1 95175
0 1 95178
0 1 95182
0 1 95184
0 1 95185
0 1 95190
0 1 95191
0 1 95192
0 1 95194
0 1 95196
0 1 95197
0 1 95198
0 1 95199
0 1 95201
0 1 95202
0 1 95205
0 1 95206
0 1 95207
0 1 95209
0 1 95211
0 1 95214
0 1 95217
0 1 95221
0 1 95223
0 1 95226
0 1 95227
0 1 95228
0 1 95230
0 1 95232
0 1 95234
0 1 95236
0 1 95239
0 1 95245
0 1 95246
0 1 95249
0 1 95251
0 1 95256
0 1 95257
0 1 95260
0 1 95262
0 1 95265
0 1 95266
0 1 95270
0 1 95271
0 1 95273
0 1 95277
0 1 95279
0 1 95284
0 1 95287
0 1 95293
0 1 95294
0 1 95300
0 1 95302
0 1 95304
0 1 95305
0 1 95308
0 1 95311
0 1 95312
0 1 95316
0 1 95317
0 1 95318
0 1 95320
0 1 95322
0 1 95323
0 1 95329
0 1 95330
0 1 95334
0 1 95335
0 1 95337
0 1 95340
0 1 95341
0 1 95342
0 1 95345
0 1 95346
0 1 95349
0 1 95350
0 1 95354
0 1 95355
0 1 95357
0 1 95358
0 1 95361
0 1 95363
0 1 95364
0 1 95371
0 1 95375
0 1 95379
0 1 95384
0 1 95386
0 1 95387
0 1 95391
0 1 95395
0 1 95396
0 1 95401
0 1 95404
0 1 95406
0 1 95408
0 1 95409
0 1 95411
0 1 95413
0 1 95414
0 1 95415
0 1 95418
0 1 95419
0 1 95422
0 1 95423
0 1 95424
0 1 95428
0 1 95430
0 1 95435
0 1 95437
0 1 95444
0 1 95445
0 1 95447
0 1 95448
0 1 95453
0 1 95457
0 1 95458
0 1 95459
0 1 95460
0 1 95463
0 1 95466
0 1 95467
0 1 95470
0 1 95473
0 1 95480
0 1 95481
0 1 95488
0 1 95491
0 1 95495
0 1 95497
0 1 95501
0 1 95509
0 1 95512
0 1 95513
0 1 95517
0 1 95518
0 1 95524
0 1 95525
0 1 95528
0 1 95529
0 1 95530
0 1 95531
0 1 95532
0 1 95533
0 1 95534
0 1 95535
0 1 95537
0 1 95539
0 1 95540
0 1 95542
0 1 95544
0 1 95548
0 1 95549
0 1 95552
0 1 95555
0 1 95556
0 1 95557
0 1 95559
0 1 95563
0 1 95565
0 1 95566
0 1 95567
0 1 95571
0 1 95573
0 1 95575
0 1 95587
0 1 95589
0 1 95590
0 1 95591
0 1 95592
0 1 95593
0 1 95595
0 1 95599
0 1 95600
0 1 95601
0 1 95602
0 1 95606
0 1 95607
0 1 95609
0 1 95610
0 1 95612
0 1 95622
0 1 95623
0 1 95625
0 1 95628
0 1 95629
0 1 95632
0 1 95635
0 1 95636
0 1 95637
0 1 95638
0 1 95639
0 1 95640
0 1 95642
0 1 95644
0 1 95645
0 1 95646
0 1 95650
0 1 95654
0 1 95657
0 1 95661
0 1 95663
0 1 95664
0 1 95669
0 1 95670
0 1 95671
0 1 95672
0 1 95673
0 1 95682
0 1 95684
0 1 95686
0 1 95687
0 1 95688
0 1 95691
0 1 95695
0 1 95697
0 1 95698
0 1 95700
0 1 95704
0 1 95707
0 1 95708
0 1 95709
0 1 95710
0 1 95712
0 1 95714
0 1 95715
0 1 95716
0 1 95722
0 1 95723
0 1 95727
0 1 95730
0 1 95736
0 1 95737
0 1 95738
0 1 95743
0 1 95745
0 1 95749
0 1 95751
0 1 95753
0 1 95756
0 1 95757
0 1 95762
0 1 95766
0 1 95768
0 1 95771
0 1 95781
0 1 95783
0 1 95784
0 1 95785
0 1 95787
0 1 95791
0 1 95795
0 1 95798
0 1 95804
0 1 95808
0 1 95809
0 1 95813
0 1 95818
0 1 95824
0 1 95828
0 1 95834
0 1 95838
0 1 95849
0 1 95853
0 1 95854
0 1 95857
0 1 95858
0 1 95870
0 1 95879
0 1 95880
0 1 95883
0 1 95885
0 1 95886
0 1 95887
0 1 95889
0 1 95891
0 1 95895
0 1 95896
0 1 95897
0 1 95900
0 1 95901
0 1 95902
0 1 95904
0 1 95906
0 1 95909
0 1 95910
0 1 95917
0 1 95918
0 1 95919
0 1 95920
0 1 95922
0 1 95929
0 1 95930
0 1 95931
0 1 95934
0 1 95935
0 1 95936
0 1 95939
0 1 95940
0 1 95941
0 1 95943
0 1 95944
0 1 95945
0 1 95946
0 1 95947
0 1 95950
0 1 95952
0 1 95954
0 1 95958
0 1 95959
0 1 95961
0 1 95966
0 1 95968
0 1 95976
0 1 95977
0 1 95978
0 1 95981
0 1 95982
0 1 95983
0 1 95988
0 1 95991
0 1 95994
0 1 95996
0 1 95997
0 1 95999
0 1 96002
0 1 96004
0 1 96007
0 1 96009
0 1 96014
0 1 96018
0 1 96019
0 1 96021
0 1 96022
0 1 96023
0 1 96029
0 1 96031
0 1 96035
0 1 96036
0 1 96037
0 1 96039
0 1 96040
0 1 96042
0 1 96046
0 1 96047
0 1 96050
0 1 96053
0 1 96058
0 1 96059
0 1 96062
0 1 96064
0 1 96067
0 1 96068
0 1 96070
0 1 96071
0 1 96072
0 1 96075
0 1 96079
0 1 96082
0 1 96083
0 1 96085
0 1 96088
0 1 96089
0 1 96093
0 1 96095
0 1 96096
0 1 96097
0 1 96099
0 1 96109
0 1 96110
0 1 96113
0 1 96115
0 1 96116
0 1 96117
0 1 96122
0 1 96123
0 1 96124
0 1 96127
0 1 96128
0 1 96130
0 1 96134
0 1 96135
0 1 96141
0 1 96142
0 1 96143
0 1 96146
0 1 96147
0 1 96158
0 1 96161
0 1 96163
0 1 96166
0 1 96170
0 1 96173
0 1 96175
0 1 96177
0 1 96179
0 1 96184
0 1 96186
0 1 96187
0 1 96189
0 1 96191
0 1 96193
0 1 96194
0 1 96198
0 1 96206
0 1 96209
0 1 96217
0 1 96218
0 1 96219
0 1 96220
0 1 96222
0 1 96228
0 1 96229
0 1 96231
0 1 96232
0 1 96234
0 1 96236
0 1 96237
0 1 96242
0 1 96247
0 1 96249
0 1 96253
0 1 96254
0 1 96258
0 1 96259
0 1 96260
0 1 96267
0 1 96273
0 1 96274
0 1 96278
0 1 96280
0 1 96285
0 1 96293
0 1 96299
0 1 96303
0 1 96306
0 1 96307
0 1 96310
0 1 96313
0 1 96314
0 1 96317
0 1 96326
0 1 96331
0 1 96332
0 1 96333
0 1 96334
0 1 96336
0 1 96338
0 1 96339
0 1 96343
0 1 96351
0 1 96352
0 1 96353
0 1 96358
0 1 96359
0 1 96360
0 1 96361
0 1 96364
0 1 96369
0 1 96370
0 1 96371
0 1 96372
0 1 96373
0 1 96374
0 1 96379
0 1 96381
0 1 96382
0 1 96388
0 1 96389
0 1 96394
0 1 96396
0 1 96397
0 1 96399
0 1 96403
0 1 96406
0 1 96408
0 1 96409
0 1 96411
0 1 96412
0 1 96418
0 1 96419
0 1 96420
0 1 96422
0 1 96423
0 1 96430
0 1 96431
0 1 96433
0 1 96434
0 1 96435
0 1 96436
0 1 96440
0 1 96441
0 1 96442
0 1 96444
0 1 96450
0 1 96456
0 1 96457
0 1 96458
0 1 96460
0 1 96466
0 1 96467
0 1 96468
0 1 96469
0 1 96470
0 1 96471
0 1 96474
0 1 96475
0 1 96476
0 1 96477
0 1 96478
0 1 96479
0 1 96480
0 1 96481
0 1 96489
0 1 96492
0 1 96495
0 1 96497
0 1 96498
0 1 96500
0 1 96504
0 1 96506
0 1 96509
0 1 96512
0 1 96514
0 1 96516
0 1 96517
0 1 96519
0 1 96520
0 1 96521
0 1 96523
0 1 96524
0 1 96526
0 1 96530
0 1 96532
0 1 96534
0 1 96540
0 1 96541
0 1 96547
0 1 96550
0 1 96554
0 1 96555
0 1 96558
0 1 96559
0 1 96562
0 1 96563
0 1 96564
0 1 96569
0 1 96570
0 1 96572
0 1 96573
0 1 96579
0 1 96580
0 1 96582
0 1 96587
0 1 96590
0 1 96596
0 1 96597
0 1 96602
0 1 96603
0 1 96605
0 1 96607
0 1 96608
0 1 96609
0 1 96611
0 1 96614
0 1 96615
0 1 96616
0 1 96620
0 1 96623
0 1 96625
0 1 96626
0 1 96627
0 1 96628
0 1 96629
0 1 96630
0 1 96632
0 1 96642
0 1 96644
0 1 96652
0 1 96653
0 1 96655
0 1 96659
0 1 96660
0 1 96661
0 1 96662
0 1 96663
0 1 96668
0 1 96669
0 1 96674
0 1 96675
0 1 96677
0 1 96678
0 1 96681
0 1 96683
0 1 96684
0 1 96688
0 1 96689
0 1 96690
0 1 96692
0 1 96693
0 1 96698
0 1 96699
0 1 96702
0 1 96704
0 1 96705
0 1 96708
0 1 96709
0 1 96717
0 1 96718
0 1 96719
0 1 96720
0 1 96721
0 1 96722
0 1 96723
0 1 96725
0 1 96729
0 1 96731
0 1 96733
0 1 96734
0 1 96736
0 1 96739
0 1 96742
0 1 96750
0 1 96751
0 1 96754
0 1 96756
0 1 96758
0 1 96760
0 1 96761
0 1 96762
0 1 96770
0 1 96773
0 1 96774
0 1 96776
0 1 96778
0 1 96783
0 1 96785
0 1 96786
0 1 96793
0 1 96796
0 1 96797
0 1 96799
0 1 96800
0 1 96804
0 1 96806
0 1 96813
0 1 96818
0 1 96819
0 1 96820
0 1 96821
0 1 96822
0 1 96823
0 1 96827
0 1 96830
0 1 96832
0 1 96833
0 1 96834
0 1 96838
0 1 96839
0 1 96840
0 1 96841
0 1 96843
0 1 96845
0 1 96850
0 1 96852
0 1 96858
0 1 96859
0 1 96865
0 1 96866
0 1 96868
0 1 96869
0 1 96870
0 1 96878
0 1 96881
0 1 96882
0 1 96889
0 1 96891
0 1 96893
0 1 96896
0 1 96899
0 1 96902
0 1 96905
0 1 96907
0 1 96911
0 1 96912
0 1 96915
0 1 96917
0 1 96918
0 1 96925
0 1 96926
0 1 96927
0 1 96928
0 1 96934
0 1 96939
0 1 96942
0 1 96943
0 1 96944
0 1 96945
0 1 96947
0 1 96949
0 1 96950
0 1 96952
0 1 96955
0 1 96956
0 1 96957
0 1 96962
0 1 96964
0 1 96965
0 1 96966
0 1 96967
0 1 96973
0 1 96976
0 1 96979
0 1 96982
0 1 96985
0 1 96986
0 1 96993
0 1 96994
0 1 96998
0 1 96999
0 1 97001
0 1 97002
0 1 97003
0 1 97005
0 1 97006
0 1 97007
0 1 97009
0 1 97011
0 1 97023
0 1 97026
0 1 97027
0 1 97029
0 1 97030
0 1 97031
0 1 97034
0 1 97035
0 1 97040
0 1 97044
0 1 97045
0 1 97050
0 1 97052
0 1 97059
0 1 97060
0 1 97061
0 1 97062
0 1 97072
0 1 97074
0 1 97082
0 1 97083
0 1 97084
0 1 97085
0 1 97086
0 1 97087
0 1 97089
0 1 97091
0 1 97093
0 1 97096
0 1 97099
0 1 97101
0 1 97103
0 1 97104
0 1 97105
0 1 97107
0 1 97108
0 1 97109
0 1 97124
0 1 97127
0 1 97128
0 1 97129
0 1 97130
0 1 97132
0 1 97134
0 1 97135
0 1 97137
0 1 97141
0 1 97144
0 1 97148
0 1 97149
0 1 97153
0 1 97157
0 1 97163
0 1 97167
0 1 97169
0 1 97174
0 1 97176
0 1 97179
0 1 97182
0 1 97186
0 1 97187
0 1 97192
0 1 97193
0 1 97194
0 1 97196
0 1 97197
0 1 97198
0 1 97202
0 1 97203
0 1 97204
0 1 97208
0 1 97212
0 1 97213
0 1 97216
0 1 97217
0 1 97218
0 1 97220
0 1 97222
0 1 97228
0 1 97229
0 1 97231
0 1 97232
0 1 97235
0 1 97237
0 1 97240
0 1 97242
0 1 97246
0 1 97247
0 1 97248
0 1 97250
0 1 97253
0 1 97258
0 1 97259
0 1 97261
0 1 97266
0 1 97268
0 1 97270
0 1 97273
0 1 97274
0 1 97276
0 1 97277
0 1 97283
0 1 97284
0 1 97286
0 1 97287
0 1 97289
0 1 97290
0 1 97291
0 1 97293
0 1 97294
0 1 97295
0 1 97297
0 1 97298
0 1 97301
0 1 97304
0 1 97308
0 1 97310
0 1 97311
0 1 97314
0 1 97316
0 1 97317
0 1 97321
0 1 97324
0 1 97325
0 1 97327
0 1 97329
0 1 97330
0 1 97334
0 1 97336
0 1 97338
0 1 97339
0 1 97340
0 1 97341
0 1 97345
0 1 97346
0 1 97351
0 1 97354
0 1 97357
0 1 97363
0 1 97365
0 1 97366
0 1 97370
0 1 97373
0 1 97374
0 1 97375
0 1 97377
0 1 97379
0 1 97386
0 1 97387
0 1 97392
0 1 97394
0 1 97395
0 1 97398
0 1 97399
0 1 97400
0 1 97407
0 1 97409
0 1 97410
0 1 97412
0 1 97416
0 1 97417
0 1 97420
0 1 97421
0 1 97422
0 1 97427
0 1 97429
0 1 97431
0 1 97433
0 1 97435
0 1 97436
0 1 97440
0 1 97441
0 1 97445
0 1 97447
0 1 97453
0 1 97454
0 1 97456
0 1 97459
0 1 97460
0 1 97461
0 1 97462
0 1 97463
0 1 97464
0 1 97471
0 1 97472
0 1 97478
0 1 97483
0 1 97485
0 1 97488
0 1 97489
0 1 97490
0 1 97492
0 1 97496
0 1 97497
0 1 97498
0 1 97501
0 1 97503
0 1 97507
0 1 97508
0 1 97509
0 1 97514
0 1 97516
0 1 97517
0 1 97518
0 1 97521
0 1 97526
0 1 97527
0 1 97528
0 1 97533
0 1 97534
0 1 97535
0 1 97537
0 1 97538
0 1 97541
0 1 97543
0 1 97548
0 1 97550
0 1 97555
0 1 97556
0 1 97559
0 1 97560
0 1 97562
0 1 97563
0 1 97565
0 1 97567
0 1 97568
0 1 97576
0 1 97577
0 1 97578
0 1 97583
0 1 97584
0 1 97585
0 1 97588
0 1 97589
0 1 97591
0 1 97593
0 1 97597
0 1 97598
0 1 97599
0 1 97604
0 1 97605
0 1 97606
0 1 97611
0 1 97616
0 1 97620
0 1 97626
0 1 97627
0 1 97628
0 1 97629
0 1 97631
0 1 97632
0 1 97640
0 1 97641
0 1 97642
0 1 97645
0 1 97658
0 1 97659
0 1 97666
0 1 97668
0 1 97671
0 1 97672
0 1 97673
0 1 97674
0 1 97677
0 1 97683
0 1 97690
0 1 97691
0 1 97693
0 1 97695
0 1 97699
0 1 97702
0 1 97704
0 1 97705
0 1 97714
0 1 97715
0 1 97716
0 1 97717
0 1 97721
0 1 97722
0 1 97725
0 1 97728
0 1 97729
0 1 97735
0 1 97736
0 1 97738
0 1 97740
0 1 97742
0 1 97747
0 1 97750
0 1 97758
0 1 97759
0 1 97761
0 1 97765
0 1 97768
0 1 97770
0 1 97772
0 1 97773
0 1 97774
0 1 97777
0 1 97779
0 1 97780
0 1 97781
0 1 97788
0 1 97794
0 1 97795
0 1 97796
0 1 97803
0 1 97804
0 1 97806
0 1 97807
0 1 97814
0 1 97815
0 1 97821
0 1 97822
0 1 97823
0 1 97824
0 1 97827
0 1 97831
0 1 97832
0 1 97834
0 1 97846
0 1 97847
0 1 97850
0 1 97853
0 1 97854
0 1 97856
0 1 97857
0 1 97860
0 1 97866
0 1 97867
0 1 97869
0 1 97870
0 1 97872
0 1 97874
0 1 97880
0 1 97885
0 1 97886
0 1 97888
0 1 97892
0 1 97893
0 1 97894
0 1 97898
0 1 97901
0 1 97902
0 1 97903
0 1 97904
0 1 97905
0 1 97909
0 1 97913
0 1 97916
0 1 97920
0 1 97922
0 1 97923
0 1 97925
0 1 97929
0 1 97930
0 1 97931
0 1 97933
0 1 97935
0 1 97939
0 1 97941
0 1 97947
0 1 97948
0 1 97949
0 1 97950
0 1 97951
0 1 97953
0 1 97958
0 1 97959
0 1 97960
0 1 97962
0 1 97963
0 1 97964
0 1 97966
0 1 97968
0 1 97970
0 1 97976
0 1 97984
0 1 97985
0 1 97986
0 1 97987
0 1 97989
0 1 97990
0 1 97991
0 1 97992
0 1 97996
0 1 98001
0 1 98005
0 1 98007
0 1 98010
0 1 98011
0 1 98012
0 1 98013
0 1 98014
0 1 98016
0 1 98017
0 1 98022
0 1 98023
0 1 98026
0 1 98029
0 1 98031
0 1 98032
0 1 98035
0 1 98042
0 1 98043
0 1 98044
0 1 98046
0 1 98053
0 1 98055
0 1 98059
0 1 98060
0 1 98061
0 1 98064
0 1 98065
0 1 98068
0 1 98069
0 1 98070
0 1 98071
0 1 98072
0 1 98073
0 1 98074
0 1 98075
0 1 98078
0 1 98083
0 1 98084
0 1 98085
0 1 98087
0 1 98091
0 1 98094
0 1 98097
0 1 98098
0 1 98101
0 1 98102
0 1 98103
0 1 98104
0 1 98105
0 1 98106
0 1 98108
0 1 98110
0 1 98111
0 1 98114
0 1 98115
0 1 98119
0 1 98124
0 1 98136
0 1 98137
0 1 98138
0 1 98139
0 1 98141
0 1 98146
0 1 98147
0 1 98148
0 1 98149
0 1 98155
0 1 98158
0 1 98159
0 1 98161
0 1 98164
0 1 98165
0 1 98169
0 1 98171
0 1 98173
0 1 98174
0 1 98176
0 1 98181
0 1 98182
0 1 98184
0 1 98187
0 1 98189
0 1 98191
0 1 98192
0 1 98196
0 1 98199
0 1 98204
0 1 98205
0 1 98209
0 1 98211
0 1 98213
0 1 98215
0 1 98216
0 1 98219
0 1 98221
0 1 98227
0 1 98228
0 1 98229
0 1 98230
0 1 98231
0 1 98232
0 1 98239
0 1 98240
0 1 98241
0 1 98243
0 1 98244
0 1 98248
0 1 98249
0 1 98250
0 1 98258
0 1 98262
0 1 98263
0 1 98264
0 1 98266
0 1 98267
0 1 98269
0 1 98270
0 1 98273
0 1 98282
0 1 98284
0 1 98286
0 1 98287
0 1 98288
0 1 98289
0 1 98290
0 1 98297
0 1 98299
0 1 98300
0 1 98301
0 1 98306
0 1 98312
0 1 98313
0 1 98314
0 1 98317
0 1 98320
0 1 98325
0 1 98330
0 1 98338
0 1 98342
0 1 98343
0 1 98344
0 1 98345
0 1 98346
0 1 98352
0 1 98354
0 1 98355
0 1 98356
0 1 98357
0 1 98358
0 1 98360
0 1 98363
0 1 98365
0 1 98367
0 1 98368
0 1 98374
0 1 98375
0 1 98379
0 1 98380
0 1 98383
0 1 98384
0 1 98387
0 1 98390
0 1 98395
0 1 98397
0 1 98400
0 1 98405
0 1 98407
0 1 98409
0 1 98411
0 1 98414
0 1 98415
0 1 98418
0 1 98420
0 1 98422
0 1 98427
0 1 98429
0 1 98430
0 1 98431
0 1 98432
0 1 98434
0 1 98441
0 1 98444
0 1 98445
0 1 98446
0 1 98448
0 1 98451
0 1 98452
0 1 98457
0 1 98462
0 1 98464
0 1 98468
0 1 98469
0 1 98470
0 1 98473
0 1 98474
0 1 98475
0 1 98476
0 1 98477
0 1 98478
0 1 98479
0 1 98486
0 1 98487
0 1 98491
0 1 98492
0 1 98500
0 1 98505
0 1 98506
0 1 98507
0 1 98509
0 1 98510
0 1 98511
0 1 98513
0 1 98514
0 1 98515
0 1 98518
0 1 98521
0 1 98526
0 1 98528
0 1 98529
0 1 98531
0 1 98532
0 1 98533
0 1 98534
0 1 98536
0 1 98540
0 1 98545
0 1 98547
0 1 98548
0 1 98549
0 1 98550
0 1 98552
0 1 98557
0 1 98558
0 1 98560
0 1 98561
0 1 98564
0 1 98566
0 1 98567
0 1 98570
0 1 98571
0 1 98572
0 1 98573
0 1 98574
0 1 98575
0 1 98576
0 1 98578
0 1 98580
0 1 98581
0 1 98585
0 1 98589
0 1 98590
0 1 98591
0 1 98592
0 1 98593
0 1 98595
0 1 98601
0 1 98604
0 1 98608
0 1 98611
0 1 98613
0 1 98619
0 1 98621
0 1 98622
0 1 98629
0 1 98630
0 1 98632
0 1 98639
0 1 98641
0 1 98642
0 1 98643
0 1 98644
0 1 98649
0 1 98650
0 1 98651
0 1 98652
0 1 98656
0 1 98658
0 1 98659
0 1 98660
0 1 98665
0 1 98666
0 1 98668
0 1 98672
0 1 98676
0 1 98683
0 1 98684
0 1 98687
0 1 98692
0 1 98694
0 1 98695
0 1 98697
0 1 98702
0 1 98703
0 1 98706
0 1 98707
0 1 98710
0 1 98711
0 1 98712
0 1 98716
0 1 98718
0 1 98719
0 1 98721
0 1 98725
0 1 98726
0 1 98728
0 1 98731
0 1 98732
0 1 98734
0 1 98735
0 1 98736
0 1 98741
0 1 98742
0 1 98743
0 1 98745
0 1 98750
0 1 98752
0 1 98754
0 1 98755
0 1 98757
0 1 98763
0 1 98764
0 1 98765
0 1 98766
0 1 98768
0 1 98770
0 1 98771
0 1 98772
0 1 98775
0 1 98778
0 1 98783
0 1 98784
0 1 98786
0 1 98792
0 1 98796
0 1 98797
0 1 98798
0 1 98807
0 1 98808
0 1 98811
0 1 98812
0 1 98813
0 1 98815
0 1 98817
0 1 98818
0 1 98819
0 1 98820
0 1 98821
0 1 98822
0 1 98827
0 1 98829
0 1 98837
0 1 98838
0 1 98839
0 1 98842
0 1 98843
0 1 98846
0 1 98847
0 1 98848
0 1 98851
0 1 98852
0 1 98853
0 1 98855
0 1 98856
0 1 98873
0 1 98874
0 1 98875
0 1 98879
0 1 98881
0 1 98885
0 1 98888
0 1 98889
0 1 98890
0 1 98891
0 1 98892
0 1 98894
0 1 98895
0 1 98896
0 1 98897
0 1 98898
0 1 98899
0 1 98901
0 1 98902
0 1 98903
0 1 98910
0 1 98912
0 1 98916
0 1 98917
0 1 98918
0 1 98919
0 1 98920
0 1 98921
0 1 98928
0 1 98937
0 1 98938
0 1 98941
0 1 98944
0 1 98946
0 1 98947
0 1 98948
0 1 98951
0 1 98952
0 1 98954
0 1 98955
0 1 98956
0 1 98957
0 1 98959
0 1 98961
0 1 98964
0 1 98966
0 1 98967
0 1 98968
0 1 98969
0 1 98970
0 1 98973
0 1 98976
0 1 98977
0 1 98978
0 1 98979
0 1 98980
0 1 98981
0 1 98982
0 1 98987
0 1 98989
0 1 98990
0 1 98992
0 1 98994
0 1 98995
0 1 98997
0 1 98999
0 1 99000
0 1 99005
0 1 99008
0 1 99009
0 1 99010
0 1 99012
0 1 99017
0 1 99019
0 1 99021
0 1 99022
0 1 99023
0 1 99025
0 1 99026
0 1 99027
0 1 99028
0 1 99029
0 1 99032
0 1 99034
0 1 99035
0 1 99037
0 1 99038
0 1 99039
0 1 99042
0 1 99043
0 1 99044
0 1 99045
0 1 99047
0 1 99048
0 1 99054
0 1 99056
0 1 99057
0 1 99059
0 1 99061
0 1 99062
0 1 99065
0 1 99071
0 1 99072
0 1 99075
0 1 99076
0 1 99077
0 1 99078
0 1 99080
0 1 99085
0 1 99088
0 1 99090
0 1 99097
0 1 99098
0 1 99104
0 1 99106
0 1 99109
0 1 99113
0 1 99116
0 1 99120
0 1 99121
0 1 99122
0 1 99125
0 1 99126
0 1 99127
0 1 99128
0 1 99129
0 1 99136
0 1 99140
0 1 99143
0 1 99144
0 1 99148
0 1 99149
0 1 99150
0 1 99151
0 1 99154
0 1 99157
0 1 99158
0 1 99160
0 1 99161
0 1 99162
0 1 99164
0 1 99167
0 1 99173
0 1 99174
0 1 99179
0 1 99180
0 1 99181
0 1 99182
0 1 99185
0 1 99187
0 1 99188
0 1 99189
0 1 99191
0 1 99195
0 1 99198
0 1 99199
0 1 99200
0 1 99201
0 1 99209
0 1 99210
0 1 99215
0 1 99217
0 1 99221
0 1 99226
0 1 99231
0 1 99234
0 1 99235
0 1 99236
0 1 99237
0 1 99239
0 1 99242
0 1 99245
0 1 99248
0 1 99257
0 1 99259
0 1 99265
0 1 99267
0 1 99268
0 1 99269
0 1 99271
0 1 99272
0 1 99273
0 1 99274
0 1 99277
0 1 99278
0 1 99283
0 1 99284
0 1 99285
0 1 99287
0 1 99290
0 1 99292
0 1 99293
0 1 99296
0 1 99298
0 1 99299
0 1 99306
0 1 99308
0 1 99309
0 1 99310
0 1 99311
0 1 99312
0 1 99313
0 1 99315
0 1 99316
0 1 99317
0 1 99318
0 1 99319
0 1 99322
0 1 99324
0 1 99327
0 1 99330
0 1 99333
0 1 99335
0 1 99336
0 1 99340
0 1 99342
0 1 99343
0 1 99345
0 1 99346
0 1 99348
0 1 99350
0 1 99352
0 1 99354
0 1 99355
0 1 99356
0 1 99357
0 1 99363
0 1 99367
0 1 99369
0 1 99370
0 1 99371
0 1 99373
0 1 99374
0 1 99375
0 1 99378
0 1 99385
0 1 99387
0 1 99388
0 1 99389
0 1 99392
0 1 99395
0 1 99397
0 1 99399
0 1 99400
0 1 99403
0 1 99404
0 1 99405
0 1 99407
0 1 99413
0 1 99414
0 1 99415
0 1 99418
0 1 99421
0 1 99422
0 1 99425
0 1 99426
0 1 99427
0 1 99429
0 1 99433
0 1 99434
0 1 99438
0 1 99441
0 1 99442
0 1 99444
0 1 99445
0 1 99446
0 1 99447
0 1 99450
0 1 99456
0 1 99457
0 1 99458
0 1 99461
0 1 99463
0 1 99468
0 1 99469
0 1 99470
0 1 99478
0 1 99479
0 1 99480
0 1 99484
0 1 99485
0 1 99487
0 1 99488
0 1 99489
0 1 99491
0 1 99492
0 1 99498
0 1 99499
0 1 99501
0 1 99502
0 1 99507
0 1 99508
0 1 99513
0 1 99516
0 1 99522
0 1 99523
0 1 99524
0 1 99525
0 1 99526
0 1 99532
0 1 99535
0 1 99536
0 1 99540
0 1 99555
0 1 99559
0 1 99562
0 1 99564
0 1 99566
0 1 99567
0 1 99568
0 1 99570
0 1 99572
0 1 99573
0 1 99575
0 1 99576
0 1 99577
0 1 99580
0 1 99582
0 1 99584
0 1 99585
0 1 99587
0 1 99596
0 1 99598
0 1 99602
0 1 99605
0 1 99607
0 1 99614
0 1 99619
0 1 99620
0 1 99624
0 1 99628
0 1 99629
0 1 99630
0 1 99631
0 1 99632
0 1 99635
0 1 99636
0 1 99639
0 1 99644
0 1 99646
0 1 99649
0 1 99650
0 1 99654
0 1 99656
0 1 99657
0 1 99659
0 1 99663
0 1 99665
0 1 99680
0 1 99683
0 1 99692
0 1 99694
0 1 99695
0 1 99697
0 1 99699
0 1 99707
0 1 99709
0 1 99712
0 1 99713
0 1 99725
0 1 99726
0 1 99728
0 1 99732
0 1 99737
0 1 99743
0 1 99746
0 1 99747
0 1 99750
0 1 99755
0 1 99763
0 1 99764
0 1 99765
0 1 99766
0 1 99767
0 1 99770
0 1 99771
0 1 99774
0 1 99778
0 1 99785
0 1 99786
0 1 99787
0 1 99788
0 1 99792
0 1 99793
0 1 99794
0 1 99796
0 1 99797
0 1 99799
0 1 99801
0 1 99805
0 1 99806
0 1 99811
0 1 99813
0 1 99816
0 1 99819
0 1 99820
0 1 99821
0 1 99828
0 1 99831
0 1 99836
0 1 99837
0 1 99838
0 1 99840
0 1 99841
0 1 99842
0 1 99843
0 1 99844
0 1 99846
0 1 99848
0 1 99849
0 1 99851
0 1 99856
0 1 99858
0 1 99859
0 1 99860
0 1 99861
0 1 99862
0 1 99866
0 1 99869
0 1 99870
0 1 99873
0 1 99874
0 1 99875
0 1 99878
0 1 99882
0 1 99886
0 1 99890
0 1 99891
0 1 99892
0 1 99896
0 1 99899
0 1 99901
0 1 99902
0 1 99904
0 1 99905
0 1 99908
0 1 99909
0 1 99910
0 1 99911
0 1 99916
0 1 99917
0 1 99920
0 1 99921
0 1 99922
0 1 99924
0 1 99925
0 1 99927
0 1 99930
0 1 99935
0 1 99937
0 1 99938
0 1 99947
0 1 99953
0 1 99954
0 1 99955
0 1 99959
0 1 99961
0 1 99962
0 1 99964
0 1 99965
0 1 99967
0 1 99972
0 1 99974
0 1 99979
0 1 99980
0 1 99984
0 1 99985
0 1 99986
0 1 99997
0 1 99998
