0 1 1
0 1 2
0 1 5
0 1 10
0 1 12
0 1 18
0 1 19
0 1 32
0 1 34
0 1 39
0 1 52
0 1 55
0 1 58
0 1 59
0 1 70
0 1 73
0 1 76
0 1 78
0 1 82
0 1 84
0 1 85
0 1 88
0 1 89
0 1 91
0 1 95
0 1 96
0 1 105
0 1 106
0 1 107
0 1 108
0 1 123
0 1 124
0 1 134
0 1 135
0 1 136
0 1 140
0 1 141
0 1 144
0 1 145
0 1 148
0 1 153
0 1 156
0 1 159
0 1 164
0 1 165
0 1 168
0 1 171
0 1 173
0 1 174
0 1 178
0 1 185
0 1 187
0 1 189
0 1 194
0 1 195
0 1 204
0 1 210
0 1 215
0 1 219
0 1 229
0 1 234
0 1 235
0 1 236
0 1 240
0 1 249
0 1 250
0 1 251
0 1 256
0 1 260
0 1 266
0 1 267
0 1 268
0 1 269
0 1 272
0 1 275
0 1 278
0 1 279
0 1 285
0 1 288
0 1 291
0 1 294
0 1 296
0 1 297
0 1 299
0 1 300
0 1 308
0 1 315
0 1 316
0 1 320
0 1 321
0 1 322
0 1 326
0 1 328
0 1 329
0 1 331
0 1 338
0 1 346
0 1 353
0 1 357
0 1 361
0 1 362
0 1 366
0 1 368
0 1 374
0 1 378
0 1 380
0 1 381
0 1 387
0 1 390
0 1 391
0 1 396
0 1 407
0 1 413
0 1 416
0 1 417
0 1 418
0 1 423
0 1 426
0 1 427
0 1 430
0 1 432
0 1 434
0 1 438
0 1 439
0 1 440
0 1 442
0 1 447
0 1 453
0 1 458
0 1 459
0 1 461
0 1 468
0 1 473
0 1 475
0 1 478
0 1 480
0 1 481
0 1 487
0 1 493
0 1 494
0 1 495
0 1 496
0 1 503
0 1 506
0 1 507
0 1 514
0 1 526
0 1 532
0 1 533
0 1 534
0 1 535
0 1 536
0 1 537
0 1 541
0 1 545
0 1 547
0 1 548
0 1 550
0 1 551
0 1 553
0 1 555
0 1 558
0 1 561
0 1 563
0 1 564
0 1 565
0 1 566
0 1 572
0 1 578
0 1 579
0 1 580
0 1 582
0 1 583
0 1 584
0 1 587
0 1 589
0 1 593
0 1 594
0 1 595
0 1 597
0 1 598
0 1 602
0 1 603
0 1 614
0 1 617
0 1 618
0 1 619
0 1 632
0 1 635
0 1 639
0 1 647
0 1 649
0 1 654
0 1 655
0 1 658
0 1 660
0 1 663
0 1 665
0 1 669
0 1 672
0 1 675
0 1 680
0 1 683
0 1 696
0 1 701
0 1 707
0 1 708
0 1 716
0 1 719
0 1 720
0 1 721
0 1 732
0 1 737
0 1 739
0 1 741
0 1 747
0 1 749
0 1 751
0 1 754
0 1 758
0 1 764
0 1 767
0 1 768
0 1 769
0 1 772
0 1 773
0 1 775
0 1 778
0 1 779
0 1 780
0 1 783
0 1 785
0 1 786
0 1 789
0 1 790
0 1 791
0 1 804
0 1 806
0 1 807
0 1 811
0 1 812
0 1 813
0 1 817
0 1 821
0 1 824
0 1 825
0 1 828
0 1 830
0 1 831
0 1 834
0 1 840
0 1 846
0 1 848
0 1 849
0 1 850
0 1 851
0 1 855
0 1 858
0 1 859
0 1 865
0 1 868
0 1 877
0 1 879
0 1 880
0 1 887
0 1 889
0 1 890
0 1 891
0 1 892
0 1 893
0 1 898
0 1 899
0 1 902
0 1 903
0 1 905
0 1 906
0 1 909
0 1 911
0 1 914
0 1 915
0 1 916
0 1 919
0 1 923
0 1 924
0 1 926
0 1 937
0 1 943
0 1 951
0 1 953
0 1 957
0 1 961
0 1 964
0 1 967
0 1 968
0 1 974
0 1 975
0 1 977
0 1 978
0 1 980
0 1 982
0 1 988
0 1 996
0 1 1000
0 1 1002
0 1 1009
0 1 1011
0 1 1012
0 1 1015
0 1 1018
0 1 1021
0 1 1023
0 1 1024
0 1 1027
0 1 1028
0 1 1032
0 1 1036
0 1 1037
0 1 1038
0 1 1040
0 1 1043
0 1 1048
0 1 1050
0 1 1051
0 1 1053
0 1 1058
0 1 1059
0 1 1064
0 1 1071
0 1 1074
0 1 1075
0 1 1077
0 1 1081
0 1 1084
0 1 1091
0 1 1099
0 1 1102
0 1 1107
0 1 1111
0 1 1116
0 1 1121
0 1 1126
0 1 1131
0 1 1132
0 1 1134
0 1 1135
0 1 1139
0 1 1146
0 1 1151
0 1 1153
0 1 1158
0 1 1159
0 1 1164
0 1 1166
0 1 1168
0 1 1169
0 1 1172
0 1 1174
0 1 1179
0 1 1191
0 1 1196
0 1 1201
0 1 1202
0 1 1205
0 1 1209
0 1 1214
0 1 1215
0 1 1218
0 1 1219
0 1 1231
0 1 1232
0 1 1233
0 1 1240
0 1 1242
0 1 1243
0 1 1244
0 1 1253
0 1 1258
0 1 1259
0 1 1262
0 1 1265
0 1 1266
0 1 1267
0 1 1269
0 1 1274
0 1 1278
0 1 1280
0 1 1281
0 1 1285
0 1 1290
0 1 1291
0 1 1297
0 1 1298
0 1 1312
0 1 1314
0 1 1323
0 1 1325
0 1 1334
0 1 1344
0 1 1346
0 1 1347
0 1 1351
0 1 1365
0 1 1367
0 1 1371
0 1 1372
0 1 1373
0 1 1375
0 1 1382
0 1 1384
0 1 1389
0 1 1392
0 1 1396
0 1 1398
0 1 1402
0 1 1403
0 1 1406
0 1 1411
0 1 1415
0 1 1416
0 1 1418
0 1 1420
0 1 1427
0 1 1428
0 1 1430
0 1 1432
0 1 1435
0 1 1438
0 1 1442
0 1 1446
0 1 1447
0 1 1450
0 1 1452
0 1 1471
0 1 1472
0 1 1477
0 1 1483
0 1 1491
0 1 1496
0 1 1498
0 1 1501
0 1 1503
0 1 1504
0 1 1505
0 1 1507
0 1 1520
0 1 1523
0 1 1526
0 1 1527
0 1 1528
0 1 1535
0 1 1536
0 1 1537
0 1 1541
0 1 1547
0 1 1548
0 1 1552
0 1 1553
0 1 1554
0 1 1557
0 1 1558
0 1 1560
0 1 1561
0 1 1565
0 1 1569
0 1 1574
0 1 1575
0 1 1577
0 1 1579
0 1 1584
0 1 1586
0 1 1589
0 1 1590
0 1 1596
0 1 1597
0 1 1603
0 1 1606
0 1 1608
0 1 1609
0 1 1611
0 1 1615
0 1 1618
0 1 1625
0 1 1626
0 1 1631
0 1 1632
0 1 1635
0 1 1639
0 1 1641
0 1 1643
0 1 1645
0 1 1647
0 1 1655
0 1 1659
0 1 1661
0 1 1662
0 1 1666
0 1 1669
0 1 1671
0 1 1672
0 1 1676
0 1 1680
0 1 1681
0 1 1684
0 1 1690
0 1 1692
0 1 1703
0 1 1704
0 1 1709
0 1 1713
0 1 1714
0 1 1716
0 1 1720
0 1 1726
0 1 1729
0 1 1730
0 1 1734
0 1 1740
0 1 1748
0 1 1749
0 1 1751
0 1 1754
0 1 1757
0 1 1758
0 1 1764
0 1 1766
0 1 1769
0 1 1774
0 1 1783
0 1 1786
0 1 1789
0 1 1794
0 1 1795
0 1 1797
0 1 1799
0 1 1801
0 1 1806
0 1 1808
0 1 1809
0 1 1810
0 1 1815
0 1 1816
0 1 1818
0 1 1821
0 1 1824
0 1 1825
0 1 1832
0 1 1835
0 1 1838
0 1 1845
0 1 1846
0 1 1851
0 1 1852
0 1 1855
0 1 1862
0 1 1867
0 1 1871
0 1 1872
0 1 1873
0 1 1878
0 1 1885
0 1 1893
0 1 1901
0 1 1903
0 1 1905
0 1 1906
0 1 1911
0 1 1916
0 1 1917
0 1 1919
0 1 1921
0 1 1923
0 1 1928
0 1 1929
0 1 1933
0 1 1934
0 1 1935
0 1 1937
0 1 1939
0 1 1940
0 1 1943
0 1 1956
0 1 1958
0 1 1959
0 1 1968
0 1 1970
0 1 1985
0 1 1987
0 1 1994
0 1 1995
0 1 2000
0 1 2006
0 1 2007
0 1 2008
0 1 2018
0 1 2021
0 1 2024
0 1 2026
0 1 2027
0 1 2028
0 1 2034
0 1 2039
0 1 2042
0 1 2043
0 1 2046
0 1 2049
0 1 2050
0 1 2052
0 1 2054
0 1 2056
0 1 2059
0 1 2062
0 1 2064
0 1 2066
0 1 2079
0 1 2080
0 1 2081
0 1 2085
0 1 2089
0 1 2098
0 1 2104
0 1 2106
0 1 2110
0 1 2112
0 1 2117
0 1 2118
0 1 2119
0 1 2123
0 1 2132
0 1 2138
0 1 2142
0 1 2143
0 1 2145
0 1 2147
0 1 2153
0 1 2154
0 1 2156
0 1 2158
0 1 2159
0 1 2168
0 1 2173
0 1 2174
0 1 2179
0 1 2185
0 1 2191
0 1 2196
0 1 2197
0 1 2199
0 1 2200
0 1 2201
0 1 2202
0 1 2203
0 1 2204
0 1 2210
0 1 2211
0 1 2218
0 1 2221
0 1 2225
0 1 2232
0 1 2233
0 1 2238
0 1 2239
0 1 2240
0 1 2245
0 1 2253
0 1 2255
0 1 2257
0 1 2258
0 1 2259
0 1 2261
0 1 2262
0 1 2263
0 1 2265
0 1 2266
0 1 2270
0 1 2271
0 1 2281
0 1 2285
0 1 2287
0 1 2289
0 1 2290
0 1 2294
0 1 2297
0 1 2299
0 1 2304
0 1 2306
0 1 2310
0 1 2317
0 1 2318
0 1 2319
0 1 2324
0 1 2332
0 1 2333
0 1 2334
0 1 2341
0 1 2342
0 1 2345
0 1 2349
0 1 2351
0 1 2352
0 1 2355
0 1 2363
0 1 2366
0 1 2376
0 1 2382
0 1 2383
0 1 2386
0 1 2390
0 1 2393
0 1 2402
0 1 2403
0 1 2404
0 1 2407
0 1 2409
0 1 2413
0 1 2414
0 1 2418
0 1 2419
0 1 2423
0 1 2425
0 1 2432
0 1 2434
0 1 2438
0 1 2445
0 1 2455
0 1 2456
0 1 2458
0 1 2461
0 1 2465
0 1 2470
0 1 2471
0 1 2472
0 1 2475
0 1 2476
0 1 2481
0 1 2482
0 1 2484
0 1 2488
0 1 2493
0 1 2499
0 1 2501
0 1 2511
0 1 2512
0 1 2513
0 1 2518
0 1 2522
0 1 2525
0 1 2528
0 1 2529
0 1 2536
0 1 2542
0 1 2544
0 1 2545
0 1 2549
0 1 2553
0 1 2564
0 1 2569
0 1 2571
0 1 2578
0 1 2582
0 1 2589
0 1 2592
0 1 2597
0 1 2606
0 1 2618
0 1 2619
0 1 2633
0 1 2635
0 1 2637
0 1 2639
0 1 2640
0 1 2644
0 1 2649
0 1 2652
0 1 2662
0 1 2666
0 1 2669
0 1 2671
0 1 2673
0 1 2674
0 1 2677
0 1 2678
0 1 2679
0 1 2680
0 1 2681
0 1 2682
0 1 2683
0 1 2690
0 1 2694
0 1 2705
0 1 2712
0 1 2714
0 1 2719
0 1 2722
0 1 2727
0 1 2728
0 1 2731
0 1 2733
0 1 2734
0 1 2737
0 1 2738
0 1 2739
0 1 2740
0 1 2746
0 1 2747
0 1 2748
0 1 2752
0 1 2755
0 1 2756
0 1 2757
0 1 2765
0 1 2766
0 1 2769
0 1 2773
0 1 2776
0 1 2777
0 1 2782
0 1 2788
0 1 2790
0 1 2796
0 1 2798
0 1 2803
0 1 2805
0 1 2807
0 1 2809
0 1 2815
0 1 2830
0 1 2834
0 1 2835
0 1 2841
0 1 2842
0 1 2848
0 1 2853
0 1 2855
0 1 2857
0 1 2860
0 1 2861
0 1 2863
0 1 2864
0 1 2883
0 1 2890
0 1 2893
0 1 2894
0 1 2902
0 1 2904
0 1 2905
0 1 2906
0 1 2915
0 1 2918
0 1 2924
0 1 2926
0 1 2928
0 1 2930
0 1 2934
0 1 2935
0 1 2936
0 1 2937
0 1 2939
0 1 2942
0 1 2947
0 1 2951
0 1 2952
0 1 2953
0 1 2959
0 1 2962
0 1 2971
0 1 2972
0 1 2973
0 1 2975
0 1 2982
0 1 2983
0 1 2985
0 1 2987
0 1 2988
0 1 2989
0 1 2992
0 1 2994
0 1 2998
0 1 3001
0 1 3002
0 1 3010
0 1 3012
0 1 3016
0 1 3018
0 1 3026
0 1 3027
0 1 3030
0 1 3044
0 1 3045
0 1 3049
0 1 3054
0 1 3075
0 1 3078
0 1 3080
0 1 3081
0 1 3085
0 1 3086
0 1 3099
0 1 3101
0 1 3102
0 1 3103
0 1 3105
0 1 3113
0 1 3117
0 1 3118
0 1 3123
0 1 3124
0 1 3126
0 1 3129
0 1 3131
0 1 3136
0 1 3145
0 1 3151
0 1 3153
0 1 3154
0 1 3156
0 1 3157
0 1 3161
0 1 3162
0 1 3165
0 1 3168
0 1 3170
0 1 3173
0 1 3174
0 1 3176
0 1 3187
0 1 3188
0 1 3190
0 1 3191
0 1 3198
0 1 3200
0 1 3202
0 1 3203
0 1 3207
0 1 3208
0 1 3209
0 1 3215
0 1 3217
0 1 3219
0 1 3221
0 1 3223
0 1 3224
0 1 3225
0 1 3228
0 1 3232
0 1 3235
0 1 3241
0 1 3242
0 1 3244
0 1 3245
0 1 3246
0 1 3254
0 1 3256
0 1 3257
0 1 3258
0 1 3265
0 1 3266
0 1 3268
0 1 3271
0 1 3272
0 1 3276
0 1 3277
0 1 3279
0 1 3281
0 1 3282
0 1 3286
0 1 3290
0 1 3291
0 1 3293
0 1 3295
0 1 3302
0 1 3303
0 1 3305
0 1 3306
0 1 3309
0 1 3310
0 1 3313
0 1 3315
0 1 3319
0 1 3320
0 1 3323
0 1 3330
0 1 3331
0 1 3333
0 1 3337
0 1 3339
0 1 3343
0 1 3344
0 1 3347
0 1 3360
0 1 3362
0 1 3364
0 1 3365
0 1 3366
0 1 3367
0 1 3373
0 1 3376
0 1 3379
0 1 3382
0 1 3388
0 1 3401
0 1 3402
0 1 3403
0 1 3408
0 1 3409
0 1 3411
0 1 3412
0 1 3414
0 1 3418
0 1 3419
0 1 3427
0 1 3429
0 1 3437
0 1 3439
0 1 3440
0 1 3448
0 1 3449
0 1 3454
0 1 3460
0 1 3464
0 1 3465
0 1 3466
0 1 3468
0 1 3473
0 1 3476
0 1 3481
0 1 3486
0 1 3489
0 1 3490
0 1 3494
0 1 3501
0 1 3502
0 1 3505
0 1 3506
0 1 3507
0 1 3514
0 1 3515
0 1 3517
0 1 3518
0 1 3519
0 1 3521
0 1 3523
0 1 3534
0 1 3537
0 1 3538
0 1 3543
0 1 3546
0 1 3547
0 1 3552
0 1 3556
0 1 3559
0 1 3566
0 1 3570
0 1 3571
0 1 3572
0 1 3575
0 1 3585
0 1 3586
0 1 3590
0 1 3594
0 1 3596
0 1 3599
0 1 3606
0 1 3610
0 1 3615
0 1 3617
0 1 3618
0 1 3619
0 1 3622
0 1 3630
0 1 3637
0 1 3643
0 1 3644
0 1 3645
0 1 3647
0 1 3654
0 1 3658
0 1 3659
0 1 3661
0 1 3662
0 1 3663
0 1 3672
0 1 3673
0 1 3679
0 1 3682
0 1 3683
0 1 3685
0 1 3689
0 1 3692
0 1 3714
0 1 3721
0 1 3722
0 1 3724
0 1 3732
0 1 3746
0 1 3747
0 1 3748
0 1 3749
0 1 3750
0 1 3751
0 1 3752
0 1 3759
0 1 3760
0 1 3761
0 1 3762
0 1 3764
0 1 3770
0 1 3771
0 1 3774
0 1 3775
0 1 3776
0 1 3779
0 1 3784
0 1 3787
0 1 3788
0 1 3789
0 1 3792
0 1 3795
0 1 3796
0 1 3797
0 1 3805
0 1 3808
0 1 3814
0 1 3817
0 1 3819
0 1 3820
0 1 3821
0 1 3830
0 1 3831
0 1 3833
0 1 3834
0 1 3837
0 1 3838
0 1 3839
0 1 3840
0 1 3844
0 1 3850
0 1 3851
0 1 3852
0 1 3855
0 1 3862
0 1 3864
0 1 3865
0 1 3866
0 1 3867
0 1 3872
0 1 3880
0 1 3882
0 1 3884
0 1 3889
0 1 3890
0 1 3892
0 1 3893
0 1 3896
0 1 3900
0 1 3903
0 1 3905
0 1 3910
0 1 3911
0 1 3913
0 1 3915
0 1 3916
0 1 3923
0 1 3929
0 1 3937
0 1 3942
0 1 3943
0 1 3946
0 1 3949
0 1 3951
0 1 3956
0 1 3958
0 1 3965
0 1 3974
0 1 3975
0 1 3976
0 1 3982
0 1 3983
0 1 3987
0 1 3990
0 1 3993
0 1 3994
0 1 3998
0 1 3999
0 1 4010
0 1 4011
0 1 4020
0 1 4021
0 1 4029
0 1 4033
0 1 4038
0 1 4042
0 1 4045
0 1 4046
0 1 4050
0 1 4051
0 1 4057
0 1 4058
0 1 4062
0 1 4066
0 1 4068
0 1 4069
0 1 4074
0 1 4076
0 1 4077
0 1 4080
0 1 4081
0 1 4085
0 1 4086
0 1 4087
0 1 4093
0 1 4094
0 1 4098
0 1 4100
0 1 4101
0 1 4102
0 1 4103
0 1 4104
0 1 4107
0 1 4112
0 1 4113
0 1 4115
0 1 4117
0 1 4118
0 1 4122
0 1 4136
0 1 4139
0 1 4144
0 1 4145
0 1 4147
0 1 4149
0 1 4151
0 1 4158
0 1 4162
0 1 4163
0 1 4166
0 1 4172
0 1 4179
0 1 4180
0 1 4182
0 1 4183
0 1 4186
0 1 4188
0 1 4189
0 1 4191
0 1 4192
0 1 4194
0 1 4197
0 1 4199
0 1 4200
0 1 4203
0 1 4207
0 1 4217
0 1 4220
0 1 4221
0 1 4223
0 1 4228
0 1 4231
0 1 4243
0 1 4250
0 1 4260
0 1 4263
0 1 4264
0 1 4268
0 1 4270
0 1 4273
0 1 4276
0 1 4277
0 1 4282
0 1 4284
0 1 4285
0 1 4289
0 1 4292
0 1 4293
0 1 4294
0 1 4298
0 1 4310
0 1 4314
0 1 4317
0 1 4320
0 1 4332
0 1 4334
0 1 4337
0 1 4338
0 1 4339
0 1 4340
0 1 4341
0 1 4342
0 1 4347
0 1 4348
0 1 4349
0 1 4351
0 1 4353
0 1 4354
0 1 4356
0 1 4368
0 1 4370
0 1 4371
0 1 4378
0 1 4379
0 1 4381
0 1 4384
0 1 4385
0 1 4386
0 1 4400
0 1 4413
0 1 4414
0 1 4417
0 1 4419
0 1 4422
0 1 4425
0 1 4426
0 1 4427
0 1 4428
0 1 4438
0 1 4439
0 1 4440
0 1 4443
0 1 4448
0 1 4451
0 1 4452
0 1 4454
0 1 4457
0 1 4462
0 1 4465
0 1 4466
0 1 4467
0 1 4473
0 1 4475
0 1 4477
0 1 4480
0 1 4481
0 1 4489
0 1 4496
0 1 4502
0 1 4506
0 1 4508
0 1 4518
0 1 4519
0 1 4520
0 1 4523
0 1 4525
0 1 4527
0 1 4529
0 1 4532
0 1 4533
0 1 4535
0 1 4537
0 1 4539
0 1 4541
0 1 4542
0 1 4544
0 1 4546
0 1 4554
0 1 4559
0 1 4560
0 1 4561
0 1 4563
0 1 4565
0 1 4576
0 1 4581
0 1 4583
0 1 4586
0 1 4589
0 1 4592
0 1 4596
0 1 4598
0 1 4599
0 1 4600
0 1 4601
0 1 4602
0 1 4603
0 1 4605
0 1 4611
0 1 4613
0 1 4615
0 1 4619
0 1 4626
0 1 4627
0 1 4630
0 1 4631
0 1 4632
0 1 4636
0 1 4643
0 1 4645
0 1 4650
0 1 4651
0 1 4652
0 1 4658
0 1 4659
0 1 4660
0 1 4661
0 1 4662
0 1 4663
0 1 4664
0 1 4665
0 1 4669
0 1 4670
0 1 4671
0 1 4674
0 1 4676
0 1 4680
0 1 4683
0 1 4685
0 1 4686
0 1 4687
0 1 4688
0 1 4694
0 1 4697
0 1 4700
0 1 4704
0 1 4706
0 1 4708
0 1 4711
0 1 4712
0 1 4717
0 1 4720
0 1 4724
0 1 4726
0 1 4727
0 1 4728
0 1 4729
0 1 4732
0 1 4733
0 1 4742
0 1 4743
0 1 4746
0 1 4747
0 1 4749
0 1 4750
0 1 4754
0 1 4756
0 1 4763
0 1 4764
0 1 4766
0 1 4770
0 1 4771
0 1 4772
0 1 4773
0 1 4774
0 1 4776
0 1 4777
0 1 4779
0 1 4781
0 1 4788
0 1 4800
0 1 4805
0 1 4807
0 1 4813
0 1 4814
0 1 4817
0 1 4818
0 1 4820
0 1 4824
0 1 4831
0 1 4833
0 1 4834
0 1 4840
0 1 4843
0 1 4845
0 1 4850
0 1 4853
0 1 4854
0 1 4855
0 1 4857
0 1 4866
0 1 4868
0 1 4871
0 1 4872
0 1 4874
0 1 4877
0 1 4886
0 1 4896
0 1 4901
0 1 4903
0 1 4905
0 1 4911
0 1 4915
0 1 4917
0 1 4919
0 1 4925
0 1 4928
0 1 4929
0 1 4937
0 1 4945
0 1 4946
0 1 4949
0 1 4952
0 1 4962
0 1 4963
0 1 4967
0 1 4970
0 1 4979
0 1 4986
0 1 4992
0 1 4997
0 1 4998
0 1 5000
0 1 5002
0 1 5015
0 1 5019
0 1 5027
0 1 5028
0 1 5031
0 1 5033
0 1 5036
0 1 5040
0 1 5048
0 1 5051
0 1 5052
0 1 5053
0 1 5054
0 1 5055
0 1 5061
0 1 5062
0 1 5064
0 1 5068
0 1 5074
0 1 5075
0 1 5080
0 1 5081
0 1 5082
0 1 5084
0 1 5085
0 1 5087
0 1 5093
0 1 5101
0 1 5108
0 1 5110
0 1 5115
0 1 5125
0 1 5129
0 1 5130
0 1 5135
0 1 5137
0 1 5144
0 1 5148
0 1 5149
0 1 5151
0 1 5152
0 1 5153
0 1 5157
0 1 5158
0 1 5161
0 1 5162
0 1 5167
0 1 5170
0 1 5176
0 1 5177
0 1 5186
0 1 5188
0 1 5193
0 1 5197
0 1 5198
0 1 5200
0 1 5201
0 1 5205
0 1 5210
0 1 5211
0 1 5215
0 1 5224
0 1 5228
0 1 5231
0 1 5234
0 1 5245
0 1 5246
0 1 5250
0 1 5251
0 1 5255
0 1 5256
0 1 5258
0 1 5259
0 1 5261
0 1 5264
0 1 5267
0 1 5272
0 1 5273
0 1 5277
0 1 5286
0 1 5287
0 1 5289
0 1 5290
0 1 5291
0 1 5293
0 1 5296
0 1 5297
0 1 5298
0 1 5299
0 1 5302
0 1 5306
0 1 5307
0 1 5313
0 1 5314
0 1 5316
0 1 5318
0 1 5320
0 1 5323
0 1 5324
0 1 5328
0 1 5329
0 1 5332
0 1 5343
0 1 5344
0 1 5345
0 1 5346
0 1 5348
0 1 5354
0 1 5358
0 1 5368
0 1 5369
0 1 5372
0 1 5375
0 1 5378
0 1 5380
0 1 5382
0 1 5383
0 1 5387
0 1 5390
0 1 5391
0 1 5394
0 1 5395
0 1 5398
0 1 5403
0 1 5408
0 1 5411
0 1 5415
0 1 5420
0 1 5421
0 1 5422
0 1 5424
0 1 5444
0 1 5450
0 1 5451
0 1 5454
0 1 5461
0 1 5472
0 1 5473
0 1 5478
0 1 5479
0 1 5481
0 1 5482
0 1 5485
0 1 5486
0 1 5487
0 1 5489
0 1 5494
0 1 5496
0 1 5498
0 1 5500
0 1 5503
0 1 5505
0 1 5510
0 1 5516
0 1 5519
0 1 5520
0 1 5521
0 1 5526
0 1 5528
0 1 5533
0 1 5536
0 1 5537
0 1 5538
0 1 5539
0 1 5543
0 1 5544
0 1 5545
0 1 5547
0 1 5552
0 1 5556
0 1 5559
0 1 5562
0 1 5574
0 1 5579
0 1 5581
0 1 5582
0 1 5592
0 1 5594
0 1 5596
0 1 5600
0 1 5602
0 1 5604
0 1 5609
0 1 5613
0 1 5615
0 1 5616
0 1 5628
0 1 5631
0 1 5636
0 1 5638
0 1 5645
0 1 5647
0 1 5650
0 1 5659
0 1 5662
0 1 5663
0 1 5666
0 1 5669
0 1 5670
0 1 5674
0 1 5675
0 1 5683
0 1 5685
0 1 5688
0 1 5690
0 1 5693
0 1 5694
0 1 5698
0 1 5700
0 1 5702
0 1 5703
0 1 5708
0 1 5714
0 1 5718
0 1 5722
0 1 5725
0 1 5731
0 1 5735
0 1 5749
0 1 5752
0 1 5753
0 1 5756
0 1 5758
0 1 5765
0 1 5766
0 1 5769
0 1 5772
0 1 5779
0 1 5780
0 1 5781
0 1 5783
0 1 5796
0 1 5800
0 1 5803
0 1 5804
0 1 5805
0 1 5806
0 1 5811
0 1 5813
0 1 5814
0 1 5816
0 1 5818
0 1 5819
0 1 5825
0 1 5845
0 1 5846
0 1 5856
0 1 5861
0 1 5862
0 1 5865
0 1 5875
0 1 5882
0 1 5895
0 1 5896
0 1 5898
0 1 5903
0 1 5909
0 1 5910
0 1 5914
0 1 5915
0 1 5922
0 1 5926
0 1 5927
0 1 5928
0 1 5929
0 1 5934
0 1 5939
0 1 5948
0 1 5949
0 1 5954
0 1 5955
0 1 5956
0 1 5959
0 1 5960
0 1 5962
0 1 5963
0 1 5965
0 1 5967
0 1 5968
0 1 5971
0 1 5976
0 1 5979
0 1 5983
0 1 5985
0 1 5986
0 1 5987
0 1 5991
0 1 5996
0 1 6002
0 1 6006
0 1 6008
0 1 6011
0 1 6013
0 1 6021
0 1 6022
0 1 6024
0 1 6027
0 1 6030
0 1 6037
0 1 6039
0 1 6045
0 1 6060
0 1 6061
0 1 6064
0 1 6071
0 1 6073
0 1 6075
0 1 6082
0 1 6084
0 1 6085
0 1 6087
0 1 6088
0 1 6091
0 1 6092
0 1 6095
0 1 6098
0 1 6105
0 1 6106
0 1 6115
0 1 6120
0 1 6122
0 1 6129
0 1 6134
0 1 6136
0 1 6138
0 1 6140
0 1 6143
0 1 6144
0 1 6153
0 1 6155
0 1 6156
0 1 6159
0 1 6160
0 1 6165
0 1 6168
0 1 6170
0 1 6171
0 1 6173
0 1 6175
0 1 6177
0 1 6178
0 1 6180
0 1 6183
0 1 6184
0 1 6185
0 1 6190
0 1 6192
0 1 6196
0 1 6203
0 1 6204
0 1 6207
0 1 6208
0 1 6212
0 1 6214
0 1 6217
0 1 6218
0 1 6219
0 1 6220
0 1 6222
0 1 6226
0 1 6227
0 1 6228
0 1 6239
0 1 6240
0 1 6244
0 1 6245
0 1 6251
0 1 6255
0 1 6262
0 1 6263
0 1 6265
0 1 6267
0 1 6270
0 1 6271
0 1 6272
0 1 6280
0 1 6285
0 1 6297
0 1 6298
0 1 6299
0 1 6304
0 1 6305
0 1 6312
0 1 6316
0 1 6317
0 1 6321
0 1 6324
0 1 6326
0 1 6330
0 1 6332
0 1 6335
0 1 6337
0 1 6339
0 1 6340
0 1 6341
0 1 6343
0 1 6344
0 1 6351
0 1 6359
0 1 6365
0 1 6366
0 1 6368
0 1 6371
0 1 6375
0 1 6376
0 1 6378
0 1 6379
0 1 6380
0 1 6382
0 1 6384
0 1 6385
0 1 6386
0 1 6397
0 1 6399
0 1 6406
0 1 6408
0 1 6411
0 1 6418
0 1 6420
0 1 6422
0 1 6423
0 1 6429
0 1 6430
0 1 6432
0 1 6435
0 1 6436
0 1 6443
0 1 6450
0 1 6453
0 1 6454
0 1 6456
0 1 6463
0 1 6466
0 1 6467
0 1 6471
0 1 6472
0 1 6473
0 1 6490
0 1 6493
0 1 6495
0 1 6496
0 1 6500
0 1 6509
0 1 6515
0 1 6529
0 1 6531
0 1 6532
0 1 6533
0 1 6535
0 1 6537
0 1 6538
0 1 6541
0 1 6549
0 1 6553
0 1 6554
0 1 6560
0 1 6562
0 1 6563
0 1 6564
0 1 6565
0 1 6577
0 1 6579
0 1 6580
0 1 6581
0 1 6583
0 1 6584
0 1 6585
0 1 6589
0 1 6592
0 1 6601
0 1 6604
0 1 6618
0 1 6621
0 1 6623
0 1 6633
0 1 6634
0 1 6638
0 1 6642
0 1 6644
0 1 6645
0 1 6649
0 1 6651
0 1 6656
0 1 6664
0 1 6672
0 1 6675
0 1 6677
0 1 6682
0 1 6683
0 1 6685
0 1 6696
0 1 6702
0 1 6703
0 1 6715
0 1 6717
0 1 6718
0 1 6719
0 1 6722
0 1 6724
0 1 6727
0 1 6730
0 1 6731
0 1 6736
0 1 6738
0 1 6746
0 1 6750
0 1 6752
0 1 6753
0 1 6755
0 1 6756
0 1 6760
0 1 6762
0 1 6766
0 1 6768
0 1 6774
0 1 6776
0 1 6781
0 1 6787
0 1 6792
0 1 6793
0 1 6796
0 1 6798
0 1 6800
0 1 6805
0 1 6807
0 1 6812
0 1 6813
0 1 6814
0 1 6816
0 1 6823
0 1 6825
0 1 6826
0 1 6828
0 1 6830
0 1 6832
0 1 6838
0 1 6840
0 1 6841
0 1 6843
0 1 6844
0 1 6855
0 1 6859
0 1 6863
0 1 6864
0 1 6866
0 1 6870
0 1 6872
0 1 6873
0 1 6874
0 1 6877
0 1 6879
0 1 6882
0 1 6884
0 1 6885
0 1 6900
0 1 6902
0 1 6911
0 1 6916
0 1 6918
0 1 6920
0 1 6924
0 1 6926
0 1 6931
0 1 6944
0 1 6947
0 1 6952
0 1 6953
0 1 6955
0 1 6960
0 1 6961
0 1 6964
0 1 6966
0 1 6973
0 1 6979
0 1 6980
0 1 6981
0 1 6988
0 1 6992
0 1 6993
0 1 6996
0 1 7000
0 1 7002
0 1 7003
0 1 7007
0 1 7016
0 1 7018
0 1 7019
0 1 7028
0 1 7033
0 1 7034
0 1 7040
0 1 7043
0 1 7045
0 1 7048
0 1 7051
0 1 7054
0 1 7057
0 1 7062
0 1 7067
0 1 7070
0 1 7074
0 1 7078
0 1 7082
0 1 7087
0 1 7090
0 1 7091
0 1 7096
0 1 7105
0 1 7109
0 1 7111
0 1 7116
0 1 7117
0 1 7119
0 1 7122
0 1 7124
0 1 7129
0 1 7138
0 1 7142
0 1 7144
0 1 7146
0 1 7150
0 1 7155
0 1 7157
0 1 7158
0 1 7159
0 1 7161
0 1 7167
0 1 7168
0 1 7171
0 1 7172
0 1 7174
0 1 7182
0 1 7183
0 1 7185
0 1 7192
0 1 7194
0 1 7197
0 1 7201
0 1 7205
0 1 7208
0 1 7215
0 1 7218
0 1 7219
0 1 7220
0 1 7222
0 1 7224
0 1 7226
0 1 7228
0 1 7229
0 1 7233
0 1 7238
0 1 7242
0 1 7243
0 1 7244
0 1 7246
0 1 7250
0 1 7256
0 1 7261
0 1 7263
0 1 7268
0 1 7272
0 1 7273
0 1 7281
0 1 7283
0 1 7284
0 1 7285
0 1 7287
0 1 7288
0 1 7289
0 1 7291
0 1 7301
0 1 7302
0 1 7303
0 1 7305
0 1 7314
0 1 7318
0 1 7322
0 1 7325
0 1 7333
0 1 7335
0 1 7340
0 1 7341
0 1 7362
0 1 7363
0 1 7366
0 1 7369
0 1 7370
0 1 7372
0 1 7373
0 1 7374
0 1 7381
0 1 7384
0 1 7386
0 1 7387
0 1 7389
0 1 7390
0 1 7392
0 1 7400
0 1 7402
0 1 7406
0 1 7408
0 1 7409
0 1 7411
0 1 7415
0 1 7420
0 1 7424
0 1 7425
0 1 7428
0 1 7430
0 1 7434
0 1 7435
0 1 7453
0 1 7459
0 1 7461
0 1 7464
0 1 7465
0 1 7471
0 1 7486
0 1 7487
0 1 7491
0 1 7501
0 1 7503
0 1 7506
0 1 7510
0 1 7512
0 1 7513
0 1 7514
0 1 7515
0 1 7517
0 1 7518
0 1 7521
0 1 7522
0 1 7523
0 1 7531
0 1 7534
0 1 7535
0 1 7543
0 1 7550
0 1 7552
0 1 7558
0 1 7560
0 1 7561
0 1 7562
0 1 7565
0 1 7572
0 1 7574
0 1 7577
0 1 7583
0 1 7588
0 1 7589
0 1 7590
0 1 7596
0 1 7602
0 1 7606
0 1 7610
0 1 7611
0 1 7613
0 1 7614
0 1 7615
0 1 7618
0 1 7622
0 1 7628
0 1 7632
0 1 7633
0 1 7635
0 1 7636
0 1 7639
0 1 7641
0 1 7644
0 1 7649
0 1 7652
0 1 7659
0 1 7660
0 1 7663
0 1 7665
0 1 7669
0 1 7674
0 1 7681
0 1 7682
0 1 7687
0 1 7700
0 1 7701
0 1 7709
0 1 7710
0 1 7711
0 1 7713
0 1 7714
0 1 7715
0 1 7716
0 1 7717
0 1 7718
0 1 7721
0 1 7722
0 1 7731
0 1 7733
0 1 7734
0 1 7735
0 1 7736
0 1 7742
0 1 7744
0 1 7748
0 1 7752
0 1 7753
0 1 7756
0 1 7758
0 1 7761
0 1 7764
0 1 7767
0 1 7771
0 1 7773
0 1 7778
0 1 7779
0 1 7781
0 1 7782
0 1 7784
0 1 7786
0 1 7788
0 1 7789
0 1 7796
0 1 7798
0 1 7805
0 1 7806
0 1 7810
0 1 7814
0 1 7821
0 1 7823
0 1 7825
0 1 7826
0 1 7834
0 1 7840
0 1 7841
0 1 7847
0 1 7850
0 1 7852
0 1 7853
0 1 7855
0 1 7856
0 1 7857
0 1 7864
0 1 7866
0 1 7867
0 1 7868
0 1 7873
0 1 7875
0 1 7879
0 1 7881
0 1 7889
0 1 7890
0 1 7891
0 1 7892
0 1 7893
0 1 7894
0 1 7896
0 1 7898
0 1 7905
0 1 7906
0 1 7908
0 1 7910
0 1 7911
0 1 7913
0 1 7914
0 1 7916
0 1 7920
0 1 7928
0 1 7929
0 1 7931
0 1 7932
0 1 7933
0 1 7937
0 1 7949
0 1 7950
0 1 7953
0 1 7956
0 1 7967
0 1 7969
0 1 7970
0 1 7973
0 1 7978
0 1 7979
0 1 7983
0 1 7984
0 1 7985
0 1 7987
0 1 7995
0 1 7997
0 1 7999
0 1 8001
0 1 8004
0 1 8005
0 1 8006
0 1 8008
0 1 8009
0 1 8010
0 1 8013
0 1 8014
0 1 8018
0 1 8019
0 1 8020
0 1 8021
0 1 8022
0 1 8023
0 1 8027
0 1 8031
0 1 8032
0 1 8041
0 1 8044
0 1 8045
0 1 8060
0 1 8061
0 1 8063
0 1 8068
0 1 8080
0 1 8083
0 1 8084
0 1 8087
0 1 8088
0 1 8093
0 1 8096
0 1 8106
0 1 8115
0 1 8117
0 1 8119
0 1 8121
0 1 8129
0 1 8130
0 1 8131
0 1 8137
0 1 8139
0 1 8141
0 1 8142
0 1 8144
0 1 8146
0 1 8152
0 1 8153
0 1 8155
0 1 8156
0 1 8158
0 1 8159
0 1 8161
0 1 8167
0 1 8170
0 1 8171
0 1 8173
0 1 8177
0 1 8179
0 1 8181
0 1 8185
0 1 8189
0 1 8191
0 1 8197
0 1 8201
0 1 8205
0 1 8207
0 1 8209
0 1 8211
0 1 8213
0 1 8215
0 1 8220
0 1 8224
0 1 8225
0 1 8227
0 1 8230
0 1 8232
0 1 8236
0 1 8240
0 1 8243
0 1 8250
0 1 8252
0 1 8258
0 1 8262
0 1 8267
0 1 8272
0 1 8274
0 1 8275
0 1 8279
0 1 8283
0 1 8284
0 1 8286
0 1 8294
0 1 8299
0 1 8300
0 1 8301
0 1 8306
0 1 8310
0 1 8311
0 1 8316
0 1 8318
0 1 8320
0 1 8321
0 1 8325
0 1 8328
0 1 8336
0 1 8338
0 1 8344
0 1 8347
0 1 8348
0 1 8353
0 1 8364
0 1 8368
0 1 8369
0 1 8371
0 1 8374
0 1 8378
0 1 8381
0 1 8384
0 1 8390
0 1 8391
0 1 8393
0 1 8397
0 1 8402
0 1 8406
0 1 8407
0 1 8409
0 1 8418
0 1 8419
0 1 8420
0 1 8422
0 1 8426
0 1 8427
0 1 8428
0 1 8430
0 1 8431
0 1 8437
0 1 8438
0 1 8446
0 1 8447
0 1 8453
0 1 8455
0 1 8462
0 1 8465
0 1 8482
0 1 8486
0 1 8490
0 1 8491
0 1 8492
0 1 8500
0 1 8501
0 1 8504
0 1 8507
0 1 8508
0 1 8512
0 1 8516
0 1 8517
0 1 8520
0 1 8523
0 1 8524
0 1 8530
0 1 8533
0 1 8534
0 1 8535
0 1 8540
0 1 8543
0 1 8546
0 1 8555
0 1 8556
0 1 8558
0 1 8562
0 1 8564
0 1 8565
0 1 8566
0 1 8568
0 1 8574
0 1 8578
0 1 8582
0 1 8583
0 1 8584
0 1 8587
0 1 8589
0 1 8599
0 1 8600
0 1 8603
0 1 8606
0 1 8607
0 1 8612
0 1 8616
0 1 8620
0 1 8625
0 1 8633
0 1 8635
0 1 8638
0 1 8639
0 1 8641
0 1 8645
0 1 8646
0 1 8647
0 1 8648
0 1 8658
0 1 8660
0 1 8666
0 1 8670
0 1 8671
0 1 8672
0 1 8674
0 1 8675
0 1 8677
0 1 8678
0 1 8683
0 1 8685
0 1 8689
0 1 8690
0 1 8695
0 1 8696
0 1 8700
0 1 8703
0 1 8704
0 1 8705
0 1 8707
0 1 8710
0 1 8711
0 1 8716
0 1 8718
0 1 8721
0 1 8722
0 1 8725
0 1 8728
0 1 8733
0 1 8734
0 1 8735
0 1 8737
0 1 8738
0 1 8739
0 1 8741
0 1 8744
0 1 8749
0 1 8753
0 1 8755
0 1 8756
0 1 8758
0 1 8759
0 1 8760
0 1 8763
0 1 8765
0 1 8766
0 1 8771
0 1 8772
0 1 8778
0 1 8781
0 1 8787
0 1 8792
0 1 8799
0 1 8800
0 1 8801
0 1 8804
0 1 8805
0 1 8806
0 1 8807
0 1 8809
0 1 8817
0 1 8819
0 1 8827
0 1 8838
0 1 8839
0 1 8846
0 1 8852
0 1 8857
0 1 8859
0 1 8860
0 1 8861
0 1 8862
0 1 8866
0 1 8867
0 1 8868
0 1 8871
0 1 8874
0 1 8876
0 1 8877
0 1 8878
0 1 8882
0 1 8889
0 1 8893
0 1 8895
0 1 8897
0 1 8904
0 1 8911
0 1 8913
0 1 8923
0 1 8926
0 1 8928
0 1 8929
0 1 8932
0 1 8935
0 1 8943
0 1 8949
0 1 8952
0 1 8953
0 1 8954
0 1 8955
0 1 8972
0 1 8978
0 1 8983
0 1 8989
0 1 8990
0 1 8993
0 1 8994
0 1 8998
0 1 8999
0 1 9000
0 1 9015
0 1 9018
0 1 9023
0 1 9026
0 1 9034
0 1 9040
0 1 9047
0 1 9049
0 1 9052
0 1 9054
0 1 9056
0 1 9058
0 1 9059
0 1 9060
0 1 9063
0 1 9065
0 1 9066
0 1 9077
0 1 9080
0 1 9083
0 1 9084
0 1 9088
0 1 9090
0 1 9094
0 1 9103
0 1 9108
0 1 9111
0 1 9113
0 1 9114
0 1 9121
0 1 9122
0 1 9125
0 1 9128
0 1 9129
0 1 9130
0 1 9134
0 1 9136
0 1 9141
0 1 9145
0 1 9151
0 1 9156
0 1 9160
0 1 9168
0 1 9171
0 1 9172
0 1 9180
0 1 9181
0 1 9187
0 1 9191
0 1 9192
0 1 9193
0 1 9194
0 1 9197
0 1 9199
0 1 9201
0 1 9203
0 1 9206
0 1 9207
0 1 9208
0 1 9212
0 1 9213
0 1 9214
0 1 9216
0 1 9223
0 1 9228
0 1 9231
0 1 9234
0 1 9235
0 1 9236
0 1 9238
0 1 9241
0 1 9242
0 1 9245
0 1 9246
0 1 9250
0 1 9251
0 1 9253
0 1 9257
0 1 9260
0 1 9261
0 1 9262
0 1 9263
0 1 9267
0 1 9268
0 1 9271
0 1 9276
0 1 9277
0 1 9285
0 1 9288
0 1 9290
0 1 9299
0 1 9300
0 1 9306
0 1 9312
0 1 9313
0 1 9315
0 1 9316
0 1 9320
0 1 9323
0 1 9339
0 1 9351
0 1 9352
0 1 9353
0 1 9355
0 1 9357
0 1 9358
0 1 9359
0 1 9362
0 1 9364
0 1 9367
0 1 9368
0 1 9369
0 1 9370
0 1 9372
0 1 9380
0 1 9382
0 1 9384
0 1 9385
0 1 9387
0 1 9392
0 1 9393
0 1 9396
0 1 9398
0 1 9399
0 1 9409
0 1 9411
0 1 9413
0 1 9415
0 1 9421
0 1 9423
0 1 9428
0 1 9429
0 1 9433
0 1 9435
0 1 9437
0 1 9444
0 1 9445
0 1 9448
0 1 9449
0 1 9454
0 1 9457
0 1 9459
0 1 9460
0 1 9470
0 1 9474
0 1 9477
0 1 9479
0 1 9481
0 1 9482
0 1 9488
0 1 9495
0 1 9496
0 1 9498
0 1 9499
0 1 9510
0 1 9512
0 1 9516
0 1 9522
0 1 9528
0 1 9529
0 1 9531
0 1 9536
0 1 9539
0 1 9541
0 1 9544
0 1 9551
0 1 9555
0 1 9556
0 1 9566
0 1 9572
0 1 9573
0 1 9575
0 1 9581
0 1 9588
0 1 9591
0 1 9592
0 1 9596
0 1 9597
0 1 9606
0 1 9611
0 1 9613
0 1 9615
0 1 9617
0 1 9621
0 1 9625
0 1 9630
0 1 9631
0 1 9632
0 1 9637
0 1 9639
0 1 9646
0 1 9654
0 1 9657
0 1 9659
0 1 9661
0 1 9662
0 1 9664
0 1 9666
0 1 9669
0 1 9671
0 1 9673
0 1 9674
0 1 9677
0 1 9680
0 1 9681
0 1 9682
0 1 9684
0 1 9689
0 1 9692
0 1 9695
0 1 9698
0 1 9701
0 1 9703
0 1 9704
0 1 9712
0 1 9720
0 1 9722
0 1 9733
0 1 9738
0 1 9739
0 1 9740
0 1 9747
0 1 9750
0 1 9751
0 1 9752
0 1 9760
0 1 9763
0 1 9765
0 1 9766
0 1 9769
0 1 9776
0 1 9779
0 1 9781
0 1 9783
0 1 9784
0 1 9790
0 1 9794
0 1 9796
0 1 9797
0 1 9803
0 1 9813
0 1 9821
0 1 9823
0 1 9830
0 1 9832
0 1 9838
0 1 9842
0 1 9843
0 1 9850
0 1 9852
0 1 9854
0 1 9856
0 1 9858
0 1 9859
0 1 9860
0 1 9863
0 1 9864
0 1 9865
0 1 9867
0 1 9870
0 1 9872
0 1 9878
0 1 9882
0 1 9884
0 1 9886
0 1 9888
0 1 9899
0 1 9900
0 1 9905
0 1 9909
0 1 9911
0 1 9914
0 1 9916
0 1 9918
0 1 9923
0 1 9924
0 1 9927
0 1 9928
0 1 9929
0 1 9931
0 1 9933
0 1 9938
0 1 9939
0 1 9944
0 1 9945
0 1 9946
0 1 9953
0 1 9957
0 1 9959
0 1 9964
0 1 9969
0 1 9972
0 1 9975
0 1 9976
0 1 9977
0 1 9985
0 1 9986
0 1 9987
0 1 9988
0 1 9990
0 1 9995
0 1 10001
0 1 10004
0 1 10006
0 1 10007
0 1 10008
0 1 10009
0 1 10011
0 1 10015
0 1 10016
0 1 10029
0 1 10032
0 1 10040
0 1 10044
0 1 10045
0 1 10046
0 1 10047
0 1 10048
0 1 10049
0 1 10058
0 1 10059
0 1 10061
0 1 10062
0 1 10066
0 1 10071
0 1 10083
0 1 10084
0 1 10088
0 1 10090
0 1 10094
0 1 10096
0 1 10106
0 1 10113
0 1 10120
0 1 10126
0 1 10127
0 1 10132
0 1 10133
0 1 10138
0 1 10140
0 1 10143
0 1 10147
0 1 10148
0 1 10149
0 1 10150
0 1 10154
0 1 10157
0 1 10159
0 1 10160
0 1 10164
0 1 10165
0 1 10166
0 1 10170
0 1 10172
0 1 10179
0 1 10181
0 1 10188
0 1 10191
0 1 10193
0 1 10197
0 1 10198
0 1 10200
0 1 10203
0 1 10206
0 1 10208
0 1 10210
0 1 10214
0 1 10215
0 1 10216
0 1 10242
0 1 10252
0 1 10257
0 1 10262
0 1 10264
0 1 10268
0 1 10269
0 1 10273
0 1 10280
0 1 10281
0 1 10282
0 1 10283
0 1 10284
0 1 10285
0 1 10286
0 1 10288
0 1 10294
0 1 10299
0 1 10310
0 1 10316
0 1 10320
0 1 10323
0 1 10324
0 1 10327
0 1 10333
0 1 10338
0 1 10340
0 1 10342
0 1 10344
0 1 10345
0 1 10347
0 1 10355
0 1 10356
0 1 10357
0 1 10361
0 1 10363
0 1 10364
0 1 10365
0 1 10367
0 1 10373
0 1 10375
0 1 10379
0 1 10385
0 1 10390
0 1 10392
0 1 10394
0 1 10396
0 1 10397
0 1 10398
0 1 10400
0 1 10403
0 1 10404
0 1 10405
0 1 10409
0 1 10412
0 1 10413
0 1 10419
0 1 10422
0 1 10428
0 1 10429
0 1 10430
0 1 10432
0 1 10435
0 1 10436
0 1 10440
0 1 10441
0 1 10442
0 1 10443
0 1 10444
0 1 10446
0 1 10448
0 1 10450
0 1 10453
0 1 10462
0 1 10466
0 1 10467
0 1 10471
0 1 10472
0 1 10476
0 1 10477
0 1 10485
0 1 10490
0 1 10494
0 1 10497
0 1 10498
0 1 10503
0 1 10504
0 1 10507
0 1 10510
0 1 10513
0 1 10514
0 1 10515
0 1 10517
0 1 10518
0 1 10521
0 1 10523
0 1 10524
0 1 10526
0 1 10535
0 1 10536
0 1 10539
0 1 10540
0 1 10541
0 1 10543
0 1 10546
0 1 10547
0 1 10548
0 1 10553
0 1 10568
0 1 10570
0 1 10571
0 1 10573
0 1 10575
0 1 10577
0 1 10583
0 1 10590
0 1 10592
0 1 10595
0 1 10601
0 1 10603
0 1 10606
0 1 10612
0 1 10614
0 1 10615
0 1 10624
0 1 10627
0 1 10633
0 1 10638
0 1 10639
0 1 10641
0 1 10649
0 1 10650
0 1 10652
0 1 10653
0 1 10656
0 1 10657
0 1 10660
0 1 10661
0 1 10663
0 1 10674
0 1 10675
0 1 10676
0 1 10683
0 1 10684
0 1 10685
0 1 10686
0 1 10688
0 1 10694
0 1 10698
0 1 10701
0 1 10703
0 1 10712
0 1 10713
0 1 10715
0 1 10716
0 1 10717
0 1 10723
0 1 10724
0 1 10726
0 1 10728
0 1 10733
0 1 10737
0 1 10738
0 1 10741
0 1 10747
0 1 10749
0 1 10752
0 1 10754
0 1 10757
0 1 10758
0 1 10759
0 1 10761
0 1 10762
0 1 10763
0 1 10765
0 1 10769
0 1 10771
0 1 10773
0 1 10777
0 1 10778
0 1 10780
0 1 10785
0 1 10789
0 1 10791
0 1 10792
0 1 10796
0 1 10798
0 1 10800
0 1 10801
0 1 10802
0 1 10805
0 1 10806
0 1 10809
0 1 10812
0 1 10816
0 1 10817
0 1 10821
0 1 10824
0 1 10828
0 1 10836
0 1 10837
0 1 10839
0 1 10844
0 1 10846
0 1 10847
0 1 10853
0 1 10855
0 1 10859
0 1 10863
0 1 10867
0 1 10868
0 1 10875
0 1 10876
0 1 10878
0 1 10879
0 1 10890
0 1 10891
0 1 10892
0 1 10893
0 1 10900
0 1 10903
0 1 10904
0 1 10912
0 1 10915
0 1 10916
0 1 10917
0 1 10922
0 1 10926
0 1 10928
0 1 10937
0 1 10939
0 1 10941
0 1 10944
0 1 10946
0 1 10951
0 1 10953
0 1 10954
0 1 10958
0 1 10959
0 1 10962
0 1 10963
0 1 10968
0 1 10971
0 1 10978
0 1 10980
0 1 10984
0 1 10985
0 1 10987
0 1 10988
0 1 10989
0 1 10991
0 1 10995
0 1 10997
0 1 11001
0 1 11002
0 1 11004
0 1 11005
0 1 11008
0 1 11010
0 1 11011
0 1 11012
0 1 11016
0 1 11022
0 1 11025
0 1 11031
0 1 11032
0 1 11033
0 1 11036
0 1 11040
0 1 11052
0 1 11053
0 1 11055
0 1 11059
0 1 11060
0 1 11065
0 1 11066
0 1 11067
0 1 11071
0 1 11072
0 1 11081
0 1 11087
0 1 11093
0 1 11097
0 1 11098
0 1 11099
0 1 11101
0 1 11102
0 1 11106
0 1 11109
0 1 11110
0 1 11116
0 1 11121
0 1 11127
0 1 11130
0 1 11131
0 1 11135
0 1 11137
0 1 11140
0 1 11143
0 1 11144
0 1 11151
0 1 11156
0 1 11158
0 1 11162
0 1 11166
0 1 11167
0 1 11172
0 1 11174
0 1 11176
0 1 11179
0 1 11183
0 1 11187
0 1 11188
0 1 11191
0 1 11193
0 1 11197
0 1 11203
0 1 11206
0 1 11207
0 1 11211
0 1 11213
0 1 11217
0 1 11221
0 1 11223
0 1 11228
0 1 11235
0 1 11239
0 1 11242
0 1 11247
0 1 11251
0 1 11254
0 1 11255
0 1 11258
0 1 11262
0 1 11264
0 1 11270
0 1 11271
0 1 11276
0 1 11279
0 1 11283
0 1 11285
0 1 11288
0 1 11294
0 1 11295
0 1 11300
0 1 11304
0 1 11305
0 1 11308
0 1 11310
0 1 11312
0 1 11316
0 1 11319
0 1 11321
0 1 11329
0 1 11330
0 1 11332
0 1 11333
0 1 11335
0 1 11337
0 1 11338
0 1 11339
0 1 11342
0 1 11347
0 1 11349
0 1 11351
0 1 11353
0 1 11356
0 1 11357
0 1 11362
0 1 11363
0 1 11365
0 1 11367
0 1 11368
0 1 11369
0 1 11376
0 1 11378
0 1 11381
0 1 11384
0 1 11385
0 1 11388
0 1 11393
0 1 11404
0 1 11415
0 1 11417
0 1 11421
0 1 11430
0 1 11431
0 1 11433
0 1 11440
0 1 11447
0 1 11449
0 1 11453
0 1 11455
0 1 11457
0 1 11467
0 1 11471
0 1 11474
0 1 11477
0 1 11482
0 1 11485
0 1 11486
0 1 11491
0 1 11495
0 1 11497
0 1 11498
0 1 11503
0 1 11504
0 1 11508
0 1 11510
0 1 11514
0 1 11517
0 1 11519
0 1 11521
0 1 11523
0 1 11528
0 1 11529
0 1 11531
0 1 11532
0 1 11534
0 1 11535
0 1 11549
0 1 11550
0 1 11553
0 1 11557
0 1 11558
0 1 11562
0 1 11563
0 1 11569
0 1 11572
0 1 11585
0 1 11587
0 1 11589
0 1 11590
0 1 11591
0 1 11592
0 1 11604
0 1 11606
0 1 11607
0 1 11608
0 1 11611
0 1 11617
0 1 11619
0 1 11625
0 1 11633
0 1 11634
0 1 11637
0 1 11639
0 1 11640
0 1 11643
0 1 11646
0 1 11651
0 1 11654
0 1 11657
0 1 11659
0 1 11661
0 1 11665
0 1 11666
0 1 11668
0 1 11669
0 1 11670
0 1 11676
0 1 11680
0 1 11682
0 1 11683
0 1 11690
0 1 11691
0 1 11695
0 1 11696
0 1 11697
0 1 11701
0 1 11708
0 1 11709
0 1 11711
0 1 11716
0 1 11719
0 1 11721
0 1 11722
0 1 11726
0 1 11730
0 1 11731
0 1 11732
0 1 11733
0 1 11738
0 1 11743
0 1 11744
0 1 11750
0 1 11751
0 1 11753
0 1 11754
0 1 11755
0 1 11757
0 1 11761
0 1 11769
0 1 11777
0 1 11780
0 1 11782
0 1 11785
0 1 11795
0 1 11797
0 1 11798
0 1 11806
0 1 11808
0 1 11809
0 1 11810
0 1 11813
0 1 11815
0 1 11823
0 1 11827
0 1 11829
0 1 11833
0 1 11834
0 1 11840
0 1 11841
0 1 11844
0 1 11846
0 1 11849
0 1 11859
0 1 11866
0 1 11870
0 1 11873
0 1 11876
0 1 11882
0 1 11886
0 1 11887
0 1 11888
0 1 11891
0 1 11895
0 1 11896
0 1 11903
0 1 11906
0 1 11912
0 1 11915
0 1 11916
0 1 11917
0 1 11918
0 1 11920
0 1 11923
0 1 11928
0 1 11929
0 1 11931
0 1 11932
0 1 11933
0 1 11936
0 1 11939
0 1 11943
0 1 11947
0 1 11948
0 1 11953
0 1 11954
0 1 11955
0 1 11957
0 1 11961
0 1 11966
0 1 11976
0 1 11979
0 1 11982
0 1 11983
0 1 11984
0 1 11987
0 1 11988
0 1 11990
0 1 11991
0 1 11995
0 1 11999
0 1 12004
0 1 12010
0 1 12015
0 1 12020
0 1 12021
0 1 12022
0 1 12023
0 1 12026
0 1 12027
0 1 12028
0 1 12029
0 1 12030
0 1 12035
0 1 12036
0 1 12038
0 1 12045
0 1 12052
0 1 12054
0 1 12062
0 1 12066
0 1 12067
0 1 12073
0 1 12074
0 1 12075
0 1 12078
0 1 12080
0 1 12082
0 1 12084
0 1 12088
0 1 12095
0 1 12099
0 1 12102
0 1 12106
0 1 12108
0 1 12120
0 1 12122
0 1 12127
0 1 12129
0 1 12132
0 1 12138
0 1 12141
0 1 12145
0 1 12149
0 1 12150
0 1 12152
0 1 12156
0 1 12159
0 1 12160
0 1 12164
0 1 12168
0 1 12170
0 1 12172
0 1 12175
0 1 12180
0 1 12182
0 1 12183
0 1 12188
0 1 12194
0 1 12195
0 1 12196
0 1 12202
0 1 12205
0 1 12207
0 1 12217
0 1 12221
0 1 12230
0 1 12237
0 1 12239
0 1 12240
0 1 12242
0 1 12244
0 1 12246
0 1 12249
0 1 12251
0 1 12252
0 1 12259
0 1 12262
0 1 12267
0 1 12268
0 1 12270
0 1 12273
0 1 12279
0 1 12282
0 1 12289
0 1 12291
0 1 12294
0 1 12295
0 1 12303
0 1 12304
0 1 12317
0 1 12326
0 1 12329
0 1 12331
0 1 12334
0 1 12335
0 1 12343
0 1 12345
0 1 12349
0 1 12352
0 1 12355
0 1 12363
0 1 12373
0 1 12374
0 1 12381
0 1 12383
0 1 12386
0 1 12387
0 1 12392
0 1 12396
0 1 12400
0 1 12401
0 1 12402
0 1 12408
0 1 12410
0 1 12411
0 1 12412
0 1 12413
0 1 12415
0 1 12418
0 1 12426
0 1 12435
0 1 12437
0 1 12445
0 1 12446
0 1 12451
0 1 12452
0 1 12453
0 1 12459
0 1 12460
0 1 12461
0 1 12463
0 1 12466
0 1 12468
0 1 12470
0 1 12472
0 1 12473
0 1 12474
0 1 12475
0 1 12476
0 1 12481
0 1 12482
0 1 12486
0 1 12488
0 1 12490
0 1 12491
0 1 12497
0 1 12501
0 1 12503
0 1 12504
0 1 12509
0 1 12516
0 1 12521
0 1 12523
0 1 12524
0 1 12528
0 1 12531
0 1 12533
0 1 12534
0 1 12535
0 1 12542
0 1 12549
0 1 12556
0 1 12557
0 1 12558
0 1 12562
0 1 12576
0 1 12577
0 1 12584
0 1 12588
0 1 12597
0 1 12598
0 1 12600
0 1 12609
0 1 12613
0 1 12615
0 1 12618
0 1 12619
0 1 12620
0 1 12625
0 1 12630
0 1 12631
0 1 12632
0 1 12647
0 1 12650
0 1 12652
0 1 12653
0 1 12654
0 1 12655
0 1 12658
0 1 12659
0 1 12662
0 1 12667
0 1 12671
0 1 12672
0 1 12676
0 1 12677
0 1 12678
0 1 12679
0 1 12685
0 1 12687
0 1 12688
0 1 12689
0 1 12691
0 1 12696
0 1 12697
0 1 12699
0 1 12701
0 1 12702
0 1 12703
0 1 12707
0 1 12711
0 1 12712
0 1 12714
0 1 12715
0 1 12716
0 1 12717
0 1 12720
0 1 12721
0 1 12722
0 1 12723
0 1 12724
0 1 12733
0 1 12734
0 1 12735
0 1 12738
0 1 12741
0 1 12743
0 1 12746
0 1 12756
0 1 12760
0 1 12763
0 1 12764
0 1 12776
0 1 12778
0 1 12787
0 1 12790
0 1 12791
0 1 12793
0 1 12804
0 1 12807
0 1 12808
0 1 12810
0 1 12817
0 1 12820
0 1 12821
0 1 12824
0 1 12825
0 1 12826
0 1 12827
0 1 12831
0 1 12832
0 1 12833
0 1 12834
0 1 12839
0 1 12848
0 1 12849
0 1 12853
0 1 12856
0 1 12860
0 1 12864
0 1 12865
0 1 12867
0 1 12869
0 1 12872
0 1 12873
0 1 12886
0 1 12887
0 1 12889
0 1 12890
0 1 12899
0 1 12900
0 1 12902
0 1 12906
0 1 12907
0 1 12913
0 1 12914
0 1 12915
0 1 12919
0 1 12921
0 1 12925
0 1 12926
0 1 12927
0 1 12928
0 1 12937
0 1 12938
0 1 12939
0 1 12942
0 1 12946
0 1 12949
0 1 12950
0 1 12954
0 1 12957
0 1 12959
0 1 12961
0 1 12964
0 1 12970
0 1 12974
0 1 12979
0 1 12981
0 1 12983
0 1 12985
0 1 12989
0 1 12991
0 1 12992
0 1 12995
0 1 13002
0 1 13003
0 1 13012
0 1 13017
0 1 13018
0 1 13020
0 1 13025
0 1 13026
0 1 13029
0 1 13031
0 1 13037
0 1 13039
0 1 13043
0 1 13044
0 1 13045
0 1 13046
0 1 13049
0 1 13050
0 1 13062
0 1 13064
0 1 13068
0 1 13071
0 1 13074
0 1 13087
0 1 13089
0 1 13090
0 1 13094
0 1 13099
0 1 13103
0 1 13105
0 1 13108
0 1 13109
0 1 13126
0 1 13129
0 1 13139
0 1 13141
0 1 13142
0 1 13147
0 1 13153
0 1 13154
0 1 13160
0 1 13166
0 1 13171
0 1 13174
0 1 13175
0 1 13177
0 1 13178
0 1 13181
0 1 13184
0 1 13187
0 1 13188
0 1 13190
0 1 13194
0 1 13207
0 1 13208
0 1 13214
0 1 13217
0 1 13219
0 1 13220
0 1 13223
0 1 13226
0 1 13227
0 1 13230
0 1 13232
0 1 13233
0 1 13234
0 1 13235
0 1 13238
0 1 13239
0 1 13240
0 1 13241
0 1 13242
0 1 13245
0 1 13247
0 1 13249
0 1 13254
0 1 13255
0 1 13256
0 1 13259
0 1 13266
0 1 13270
0 1 13282
0 1 13283
0 1 13287
0 1 13298
0 1 13300
0 1 13306
0 1 13312
0 1 13314
0 1 13316
0 1 13319
0 1 13327
0 1 13332
0 1 13335
0 1 13339
0 1 13341
0 1 13344
0 1 13347
0 1 13355
0 1 13364
0 1 13367
0 1 13368
0 1 13369
0 1 13372
0 1 13373
0 1 13380
0 1 13381
0 1 13385
0 1 13387
0 1 13388
0 1 13393
0 1 13396
0 1 13406
0 1 13413
0 1 13419
0 1 13429
0 1 13430
0 1 13434
0 1 13438
0 1 13441
0 1 13444
0 1 13450
0 1 13456
0 1 13458
0 1 13468
0 1 13469
0 1 13473
0 1 13479
0 1 13480
0 1 13488
0 1 13498
0 1 13502
0 1 13504
0 1 13505
0 1 13506
0 1 13509
0 1 13510
0 1 13512
0 1 13515
0 1 13518
0 1 13519
0 1 13521
0 1 13524
0 1 13531
0 1 13534
0 1 13536
0 1 13541
0 1 13545
0 1 13547
0 1 13552
0 1 13554
0 1 13560
0 1 13563
0 1 13566
0 1 13568
0 1 13572
0 1 13573
0 1 13574
0 1 13575
0 1 13577
0 1 13578
0 1 13579
0 1 13587
0 1 13588
0 1 13590
0 1 13591
0 1 13594
0 1 13596
0 1 13599
0 1 13603
0 1 13604
0 1 13609
0 1 13612
0 1 13613
0 1 13620
0 1 13626
0 1 13627
0 1 13631
0 1 13632
0 1 13638
0 1 13641
0 1 13646
0 1 13649
0 1 13657
0 1 13661
0 1 13667
0 1 13670
0 1 13676
0 1 13683
0 1 13685
0 1 13686
0 1 13687
0 1 13688
0 1 13689
0 1 13691
0 1 13692
0 1 13693
0 1 13696
0 1 13700
0 1 13704
0 1 13706
0 1 13707
0 1 13708
0 1 13712
0 1 13714
0 1 13715
0 1 13719
0 1 13720
0 1 13728
0 1 13729
0 1 13734
0 1 13735
0 1 13736
0 1 13738
0 1 13743
0 1 13744
0 1 13745
0 1 13747
0 1 13749
0 1 13751
0 1 13756
0 1 13764
0 1 13768
0 1 13776
0 1 13778
0 1 13784
0 1 13787
0 1 13790
0 1 13791
0 1 13794
0 1 13801
0 1 13804
0 1 13807
0 1 13813
0 1 13815
0 1 13816
0 1 13817
0 1 13819
0 1 13821
0 1 13822
0 1 13824
0 1 13834
0 1 13836
0 1 13840
0 1 13841
0 1 13848
0 1 13852
0 1 13855
0 1 13859
0 1 13868
0 1 13870
0 1 13874
0 1 13877
0 1 13882
0 1 13887
0 1 13891
0 1 13895
0 1 13899
0 1 13906
0 1 13912
0 1 13922
0 1 13923
0 1 13925
0 1 13928
0 1 13931
0 1 13933
0 1 13936
0 1 13946
0 1 13947
0 1 13950
0 1 13952
0 1 13959
0 1 13960
0 1 13961
0 1 13962
0 1 13963
0 1 13973
0 1 13978
0 1 13981
0 1 13982
0 1 13983
0 1 13991
0 1 13993
0 1 13994
0 1 14005
0 1 14009
0 1 14017
0 1 14021
0 1 14022
0 1 14029
0 1 14030
0 1 14033
0 1 14034
0 1 14035
0 1 14036
0 1 14039
0 1 14040
0 1 14044
0 1 14046
0 1 14048
0 1 14049
0 1 14053
0 1 14055
0 1 14060
0 1 14062
0 1 14064
0 1 14066
0 1 14068
0 1 14069
0 1 14070
0 1 14071
0 1 14077
0 1 14078
0 1 14083
0 1 14086
0 1 14090
0 1 14091
0 1 14093
0 1 14095
0 1 14106
0 1 14110
0 1 14113
0 1 14115
0 1 14121
0 1 14129
0 1 14133
0 1 14134
0 1 14135
0 1 14139
0 1 14144
0 1 14148
0 1 14151
0 1 14154
0 1 14155
0 1 14156
0 1 14160
0 1 14161
0 1 14162
0 1 14170
0 1 14176
0 1 14177
0 1 14178
0 1 14180
0 1 14187
0 1 14188
0 1 14189
0 1 14197
0 1 14199
0 1 14208
0 1 14209
0 1 14224
0 1 14225
0 1 14228
0 1 14241
0 1 14242
0 1 14244
0 1 14257
0 1 14263
0 1 14264
0 1 14266
0 1 14267
0 1 14269
0 1 14278
0 1 14286
0 1 14287
0 1 14288
0 1 14289
0 1 14290
0 1 14291
0 1 14293
0 1 14294
0 1 14295
0 1 14297
0 1 14298
0 1 14300
0 1 14301
0 1 14305
0 1 14308
0 1 14310
0 1 14311
0 1 14317
0 1 14325
0 1 14326
0 1 14328
0 1 14332
0 1 14335
0 1 14361
0 1 14365
0 1 14370
0 1 14371
0 1 14377
0 1 14380
0 1 14382
0 1 14390
0 1 14391
0 1 14394
0 1 14396
0 1 14399
0 1 14402
0 1 14404
0 1 14406
0 1 14415
0 1 14418
0 1 14419
0 1 14420
0 1 14424
0 1 14429
0 1 14431
0 1 14433
0 1 14437
0 1 14438
0 1 14444
0 1 14446
0 1 14451
0 1 14454
0 1 14457
0 1 14458
0 1 14465
0 1 14466
0 1 14471
0 1 14478
0 1 14480
0 1 14483
0 1 14484
0 1 14486
0 1 14487
0 1 14489
0 1 14497
0 1 14500
0 1 14501
0 1 14502
0 1 14503
0 1 14505
0 1 14521
0 1 14523
0 1 14525
0 1 14526
0 1 14528
0 1 14529
0 1 14535
0 1 14540
0 1 14542
0 1 14544
0 1 14547
0 1 14552
0 1 14555
0 1 14560
0 1 14567
0 1 14568
0 1 14581
0 1 14582
0 1 14584
0 1 14588
0 1 14593
0 1 14600
0 1 14602
0 1 14603
0 1 14605
0 1 14606
0 1 14607
0 1 14608
0 1 14610
0 1 14611
0 1 14622
0 1 14623
0 1 14627
0 1 14628
0 1 14632
0 1 14635
0 1 14636
0 1 14638
0 1 14648
0 1 14653
0 1 14654
0 1 14656
0 1 14660
0 1 14662
0 1 14663
0 1 14666
0 1 14667
0 1 14668
0 1 14671
0 1 14673
0 1 14677
0 1 14678
0 1 14687
0 1 14690
0 1 14698
0 1 14701
0 1 14703
0 1 14707
0 1 14710
0 1 14712
0 1 14713
0 1 14716
0 1 14717
0 1 14724
0 1 14725
0 1 14728
0 1 14732
0 1 14734
0 1 14743
0 1 14744
0 1 14746
0 1 14748
0 1 14749
0 1 14756
0 1 14764
0 1 14767
0 1 14769
0 1 14770
0 1 14779
0 1 14782
0 1 14786
0 1 14789
0 1 14790
0 1 14791
0 1 14800
0 1 14802
0 1 14804
0 1 14806
0 1 14807
0 1 14808
0 1 14809
0 1 14810
0 1 14813
0 1 14815
0 1 14817
0 1 14819
0 1 14823
0 1 14824
0 1 14829
0 1 14830
0 1 14835
0 1 14836
0 1 14842
0 1 14843
0 1 14845
0 1 14851
0 1 14854
0 1 14855
0 1 14856
0 1 14860
0 1 14861
0 1 14865
0 1 14869
0 1 14872
0 1 14873
0 1 14879
0 1 14880
0 1 14881
0 1 14885
0 1 14887
0 1 14888
0 1 14895
0 1 14896
0 1 14899
0 1 14901
0 1 14908
0 1 14916
0 1 14918
0 1 14921
0 1 14923
0 1 14926
0 1 14930
0 1 14933
0 1 14934
0 1 14935
0 1 14938
0 1 14940
0 1 14951
0 1 14953
0 1 14956
0 1 14957
0 1 14958
0 1 14960
0 1 14961
0 1 14962
0 1 14964
0 1 14965
0 1 14966
0 1 14967
0 1 14970
0 1 14972
0 1 14976
0 1 14991
0 1 14992
0 1 14994
0 1 14998
0 1 14999
0 1 15006
0 1 15011
0 1 15016
0 1 15023
0 1 15026
0 1 15028
0 1 15029
0 1 15030
0 1 15032
0 1 15035
0 1 15041
0 1 15046
0 1 15061
0 1 15063
0 1 15074
0 1 15076
0 1 15079
0 1 15080
0 1 15081
0 1 15084
0 1 15087
0 1 15089
0 1 15090
0 1 15094
0 1 15096
0 1 15097
0 1 15098
0 1 15100
0 1 15103
0 1 15109
0 1 15111
0 1 15120
0 1 15122
0 1 15131
0 1 15134
0 1 15135
0 1 15137
0 1 15142
0 1 15143
0 1 15148
0 1 15150
0 1 15160
0 1 15161
0 1 15162
0 1 15163
0 1 15164
0 1 15165
0 1 15167
0 1 15168
0 1 15171
0 1 15172
0 1 15174
0 1 15176
0 1 15181
0 1 15191
0 1 15197
0 1 15198
0 1 15200
0 1 15201
0 1 15207
0 1 15217
0 1 15219
0 1 15222
0 1 15223
0 1 15227
0 1 15228
0 1 15230
0 1 15237
0 1 15238
0 1 15239
0 1 15246
0 1 15251
0 1 15258
0 1 15259
0 1 15263
0 1 15267
0 1 15268
0 1 15269
0 1 15277
0 1 15281
0 1 15284
0 1 15289
0 1 15291
0 1 15292
0 1 15295
0 1 15296
0 1 15299
0 1 15310
0 1 15312
0 1 15320
0 1 15327
0 1 15330
0 1 15332
0 1 15340
0 1 15342
0 1 15343
0 1 15344
0 1 15346
0 1 15347
0 1 15348
0 1 15349
0 1 15353
0 1 15355
0 1 15362
0 1 15366
0 1 15373
0 1 15374
0 1 15375
0 1 15383
0 1 15389
0 1 15390
0 1 15391
0 1 15392
0 1 15394
0 1 15395
0 1 15397
0 1 15398
0 1 15402
0 1 15405
0 1 15406
0 1 15407
0 1 15410
0 1 15413
0 1 15416
0 1 15418
0 1 15419
0 1 15421
0 1 15422
0 1 15425
0 1 15430
0 1 15431
0 1 15434
0 1 15437
0 1 15439
0 1 15443
0 1 15445
0 1 15448
0 1 15456
0 1 15461
0 1 15465
0 1 15469
0 1 15471
0 1 15477
0 1 15478
0 1 15479
0 1 15483
0 1 15487
0 1 15491
0 1 15495
0 1 15501
0 1 15509
0 1 15511
0 1 15517
0 1 15520
0 1 15526
0 1 15527
0 1 15530
0 1 15532
0 1 15535
0 1 15537
0 1 15538
0 1 15544
0 1 15546
0 1 15547
0 1 15549
0 1 15551
0 1 15555
0 1 15556
0 1 15557
0 1 15564
0 1 15574
0 1 15577
0 1 15578
0 1 15580
0 1 15591
0 1 15592
0 1 15593
0 1 15594
0 1 15597
0 1 15599
0 1 15600
0 1 15601
0 1 15602
0 1 15605
0 1 15606
0 1 15610
0 1 15611
0 1 15612
0 1 15613
0 1 15616
0 1 15617
0 1 15620
0 1 15621
0 1 15622
0 1 15637
0 1 15639
0 1 15648
0 1 15650
0 1 15652
0 1 15653
0 1 15657
0 1 15660
0 1 15667
0 1 15670
0 1 15671
0 1 15672
0 1 15673
0 1 15675
0 1 15676
0 1 15679
0 1 15682
0 1 15684
0 1 15687
0 1 15695
0 1 15712
0 1 15713
0 1 15716
0 1 15719
0 1 15721
0 1 15722
0 1 15726
0 1 15731
0 1 15736
0 1 15745
0 1 15746
0 1 15747
0 1 15748
0 1 15749
0 1 15750
0 1 15760
0 1 15762
0 1 15764
0 1 15765
0 1 15766
0 1 15767
0 1 15772
0 1 15773
0 1 15774
0 1 15779
0 1 15787
0 1 15790
0 1 15792
0 1 15797
0 1 15798
0 1 15799
0 1 15805
0 1 15807
0 1 15809
0 1 15811
0 1 15813
0 1 15816
0 1 15818
0 1 15820
0 1 15831
0 1 15832
0 1 15833
0 1 15836
0 1 15839
0 1 15841
0 1 15847
0 1 15848
0 1 15850
0 1 15852
0 1 15854
0 1 15857
0 1 15859
0 1 15864
0 1 15865
0 1 15867
0 1 15870
0 1 15874
0 1 15878
0 1 15887
0 1 15888
0 1 15893
0 1 15894
0 1 15896
0 1 15899
0 1 15902
0 1 15904
0 1 15905
0 1 15906
0 1 15908
0 1 15909
0 1 15911
0 1 15913
0 1 15914
0 1 15916
0 1 15917
0 1 15918
0 1 15920
0 1 15921
0 1 15925
0 1 15930
0 1 15938
0 1 15943
0 1 15945
0 1 15949
0 1 15951
0 1 15952
0 1 15957
0 1 15958
0 1 15959
0 1 15961
0 1 15962
0 1 15964
0 1 15972
0 1 15973
0 1 15980
0 1 15991
0 1 15995
0 1 15997
0 1 15999
0 1 16009
0 1 16018
0 1 16019
0 1 16022
0 1 16023
0 1 16024
0 1 16025
0 1 16032
0 1 16037
0 1 16043
0 1 16045
0 1 16050
0 1 16051
0 1 16052
0 1 16063
0 1 16065
0 1 16070
0 1 16071
0 1 16072
0 1 16087
0 1 16090
0 1 16092
0 1 16101
0 1 16105
0 1 16107
0 1 16112
0 1 16115
0 1 16121
0 1 16134
0 1 16138
0 1 16141
0 1 16153
0 1 16154
0 1 16158
0 1 16162
0 1 16163
0 1 16168
0 1 16169
0 1 16170
0 1 16174
0 1 16178
0 1 16181
0 1 16186
0 1 16192
0 1 16201
0 1 16207
0 1 16215
0 1 16220
0 1 16223
0 1 16230
0 1 16232
0 1 16239
0 1 16240
0 1 16242
0 1 16244
0 1 16248
0 1 16250
0 1 16252
0 1 16253
0 1 16254
0 1 16255
0 1 16256
0 1 16257
0 1 16263
0 1 16278
0 1 16279
0 1 16284
0 1 16286
0 1 16288
0 1 16291
0 1 16297
0 1 16299
0 1 16301
0 1 16305
0 1 16308
0 1 16310
0 1 16312
0 1 16313
0 1 16315
0 1 16316
0 1 16324
0 1 16326
0 1 16327
0 1 16330
0 1 16332
0 1 16337
0 1 16341
0 1 16347
0 1 16350
0 1 16353
0 1 16356
0 1 16357
0 1 16361
0 1 16363
0 1 16364
0 1 16368
0 1 16375
0 1 16376
0 1 16379
0 1 16380
0 1 16381
0 1 16386
0 1 16387
0 1 16390
0 1 16391
0 1 16394
0 1 16397
0 1 16398
0 1 16399
0 1 16400
0 1 16403
0 1 16405
0 1 16412
0 1 16415
0 1 16416
0 1 16422
0 1 16426
0 1 16429
0 1 16430
0 1 16435
0 1 16437
0 1 16438
0 1 16439
0 1 16440
0 1 16443
0 1 16445
0 1 16446
0 1 16449
0 1 16452
0 1 16453
0 1 16454
0 1 16456
0 1 16457
0 1 16462
0 1 16465
0 1 16475
0 1 16477
0 1 16479
0 1 16483
0 1 16486
0 1 16493
0 1 16497
0 1 16502
0 1 16505
0 1 16506
0 1 16513
0 1 16526
0 1 16527
0 1 16528
0 1 16532
0 1 16533
0 1 16538
0 1 16540
0 1 16541
0 1 16548
0 1 16549
0 1 16550
0 1 16552
0 1 16556
0 1 16564
0 1 16571
0 1 16572
0 1 16573
0 1 16577
0 1 16578
0 1 16579
0 1 16580
0 1 16583
0 1 16587
0 1 16588
0 1 16589
0 1 16593
0 1 16596
0 1 16598
0 1 16605
0 1 16612
0 1 16616
0 1 16618
0 1 16620
0 1 16625
0 1 16631
0 1 16636
0 1 16637
0 1 16640
0 1 16641
0 1 16642
0 1 16644
0 1 16646
0 1 16648
0 1 16650
0 1 16653
0 1 16654
0 1 16658
0 1 16662
0 1 16665
0 1 16672
0 1 16673
0 1 16674
0 1 16676
0 1 16677
0 1 16678
0 1 16679
0 1 16682
0 1 16684
0 1 16693
0 1 16698
0 1 16699
0 1 16700
0 1 16701
0 1 16702
0 1 16705
0 1 16710
0 1 16715
0 1 16719
0 1 16721
0 1 16726
0 1 16728
0 1 16730
0 1 16732
0 1 16735
0 1 16739
0 1 16745
0 1 16749
0 1 16751
0 1 16752
0 1 16758
0 1 16759
0 1 16760
0 1 16766
0 1 16768
0 1 16769
0 1 16771
0 1 16772
0 1 16775
0 1 16776
0 1 16777
0 1 16784
0 1 16797
0 1 16798
0 1 16799
0 1 16801
0 1 16805
0 1 16806
0 1 16811
0 1 16815
0 1 16817
0 1 16820
0 1 16822
0 1 16826
0 1 16831
0 1 16832
0 1 16839
0 1 16841
0 1 16844
0 1 16848
0 1 16849
0 1 16859
0 1 16864
0 1 16868
0 1 16869
0 1 16871
0 1 16881
0 1 16885
0 1 16887
0 1 16890
0 1 16891
0 1 16894
0 1 16895
0 1 16896
0 1 16900
0 1 16906
0 1 16924
0 1 16926
0 1 16936
0 1 16942
0 1 16945
0 1 16946
0 1 16960
0 1 16961
0 1 16962
0 1 16963
0 1 16972
0 1 16980
0 1 16985
0 1 16987
0 1 16989
0 1 17002
0 1 17005
0 1 17006
0 1 17010
0 1 17011
0 1 17012
0 1 17015
0 1 17016
0 1 17018
0 1 17019
0 1 17028
0 1 17030
0 1 17033
0 1 17036
0 1 17038
0 1 17041
0 1 17044
0 1 17047
0 1 17048
0 1 17050
0 1 17056
0 1 17057
0 1 17067
0 1 17069
0 1 17073
0 1 17080
0 1 17081
0 1 17082
0 1 17088
0 1 17091
0 1 17095
0 1 17096
0 1 17098
0 1 17102
0 1 17105
0 1 17106
0 1 17113
0 1 17120
0 1 17126
0 1 17130
0 1 17131
0 1 17132
0 1 17136
0 1 17145
0 1 17147
0 1 17148
0 1 17151
0 1 17154
0 1 17168
0 1 17172
0 1 17174
0 1 17175
0 1 17176
0 1 17181
0 1 17184
0 1 17189
0 1 17190
0 1 17192
0 1 17199
0 1 17205
0 1 17206
0 1 17207
0 1 17218
0 1 17231
0 1 17235
0 1 17236
0 1 17241
0 1 17247
0 1 17248
0 1 17251
0 1 17253
0 1 17258
0 1 17259
0 1 17260
0 1 17264
0 1 17266
0 1 17267
0 1 17278
0 1 17279
0 1 17281
0 1 17285
0 1 17292
0 1 17297
0 1 17300
0 1 17301
0 1 17303
0 1 17304
0 1 17309
0 1 17310
0 1 17311
0 1 17312
0 1 17313
0 1 17314
0 1 17316
0 1 17319
0 1 17320
0 1 17323
0 1 17327
0 1 17328
0 1 17333
0 1 17334
0 1 17335
0 1 17337
0 1 17339
0 1 17344
0 1 17346
0 1 17348
0 1 17349
0 1 17350
0 1 17356
0 1 17359
0 1 17367
0 1 17380
0 1 17387
0 1 17393
0 1 17397
0 1 17406
0 1 17411
0 1 17412
0 1 17415
0 1 17418
0 1 17420
0 1 17421
0 1 17426
0 1 17428
0 1 17430
0 1 17431
0 1 17434
0 1 17435
0 1 17436
0 1 17437
0 1 17441
0 1 17444
0 1 17445
0 1 17447
0 1 17449
0 1 17450
0 1 17457
0 1 17460
0 1 17463
0 1 17467
0 1 17470
0 1 17471
0 1 17472
0 1 17473
0 1 17474
0 1 17478
0 1 17480
0 1 17482
0 1 17483
0 1 17484
0 1 17485
0 1 17487
0 1 17491
0 1 17494
0 1 17497
0 1 17500
0 1 17501
0 1 17503
0 1 17505
0 1 17506
0 1 17509
0 1 17513
0 1 17515
0 1 17519
0 1 17520
0 1 17522
0 1 17526
0 1 17527
0 1 17529
0 1 17532
0 1 17535
0 1 17538
0 1 17544
0 1 17548
0 1 17552
0 1 17556
0 1 17564
0 1 17566
0 1 17567
0 1 17571
0 1 17573
0 1 17576
0 1 17580
0 1 17584
0 1 17589
0 1 17595
0 1 17596
0 1 17598
0 1 17604
0 1 17605
0 1 17609
0 1 17610
0 1 17612
0 1 17615
0 1 17627
0 1 17630
0 1 17640
0 1 17642
0 1 17645
0 1 17650
0 1 17660
0 1 17661
0 1 17662
0 1 17663
0 1 17664
0 1 17669
0 1 17672
0 1 17679
0 1 17683
0 1 17686
0 1 17689
0 1 17691
0 1 17692
0 1 17697
0 1 17701
0 1 17703
0 1 17710
0 1 17712
0 1 17717
0 1 17719
0 1 17720
0 1 17721
0 1 17727
0 1 17730
0 1 17732
0 1 17736
0 1 17739
0 1 17742
0 1 17743
0 1 17745
0 1 17751
0 1 17753
0 1 17755
0 1 17756
0 1 17759
0 1 17761
0 1 17763
0 1 17764
0 1 17767
0 1 17776
0 1 17782
0 1 17784
0 1 17786
0 1 17787
0 1 17791
0 1 17797
0 1 17798
0 1 17800
0 1 17806
0 1 17808
0 1 17809
0 1 17810
0 1 17811
0 1 17812
0 1 17813
0 1 17817
0 1 17818
0 1 17821
0 1 17822
0 1 17823
0 1 17824
0 1 17827
0 1 17828
0 1 17836
0 1 17838
0 1 17841
0 1 17846
0 1 17849
0 1 17850
0 1 17853
0 1 17854
0 1 17856
0 1 17857
0 1 17858
0 1 17859
0 1 17861
0 1 17862
0 1 17866
0 1 17871
0 1 17873
0 1 17885
0 1 17892
0 1 17896
0 1 17898
0 1 17903
0 1 17904
0 1 17912
0 1 17914
0 1 17919
0 1 17920
0 1 17922
0 1 17925
0 1 17931
0 1 17932
0 1 17933
0 1 17937
0 1 17946
0 1 17952
0 1 17955
0 1 17956
0 1 17963
0 1 17968
0 1 17972
0 1 17977
0 1 17978
0 1 17994
0 1 17995
0 1 18002
0 1 18003
0 1 18004
0 1 18009
0 1 18012
0 1 18013
0 1 18020
0 1 18021
0 1 18022
0 1 18026
0 1 18027
0 1 18029
0 1 18030
0 1 18032
0 1 18037
0 1 18039
0 1 18040
0 1 18044
0 1 18049
0 1 18058
0 1 18068
0 1 18069
0 1 18081
0 1 18086
0 1 18088
0 1 18091
0 1 18092
0 1 18094
0 1 18095
0 1 18100
0 1 18101
0 1 18104
0 1 18107
0 1 18109
0 1 18118
0 1 18120
0 1 18125
0 1 18130
0 1 18135
0 1 18136
0 1 18138
0 1 18143
0 1 18146
0 1 18148
0 1 18149
0 1 18152
0 1 18154
0 1 18160
0 1 18162
0 1 18165
0 1 18166
0 1 18169
0 1 18173
0 1 18174
0 1 18179
0 1 18181
0 1 18185
0 1 18187
0 1 18196
0 1 18197
0 1 18199
0 1 18202
0 1 18212
0 1 18214
0 1 18215
0 1 18222
0 1 18225
0 1 18230
0 1 18232
0 1 18236
0 1 18238
0 1 18244
0 1 18247
0 1 18250
0 1 18252
0 1 18254
0 1 18263
0 1 18276
0 1 18278
0 1 18284
0 1 18288
0 1 18291
0 1 18292
0 1 18293
0 1 18296
0 1 18302
0 1 18304
0 1 18305
0 1 18306
0 1 18308
0 1 18310
0 1 18319
0 1 18320
0 1 18327
0 1 18338
0 1 18340
0 1 18344
0 1 18355
0 1 18357
0 1 18359
0 1 18360
0 1 18362
0 1 18375
0 1 18379
0 1 18381
0 1 18383
0 1 18386
0 1 18398
0 1 18403
0 1 18409
0 1 18412
0 1 18424
0 1 18426
0 1 18428
0 1 18430
0 1 18433
0 1 18435
0 1 18441
0 1 18445
0 1 18447
0 1 18453
0 1 18455
0 1 18466
0 1 18467
0 1 18472
0 1 18476
0 1 18477
0 1 18489
0 1 18490
0 1 18493
0 1 18498
0 1 18500
0 1 18502
0 1 18504
0 1 18511
0 1 18513
0 1 18515
0 1 18517
0 1 18523
0 1 18524
0 1 18527
0 1 18528
0 1 18535
0 1 18540
0 1 18541
0 1 18549
0 1 18560
0 1 18561
0 1 18563
0 1 18569
0 1 18578
0 1 18582
0 1 18583
0 1 18584
0 1 18585
0 1 18592
0 1 18597
0 1 18606
0 1 18610
0 1 18611
0 1 18614
0 1 18615
0 1 18616
0 1 18617
0 1 18618
0 1 18620
0 1 18621
0 1 18636
0 1 18639
0 1 18642
0 1 18643
0 1 18644
0 1 18646
0 1 18647
0 1 18648
0 1 18652
0 1 18667
0 1 18668
0 1 18672
0 1 18676
0 1 18681
0 1 18683
0 1 18687
0 1 18688
0 1 18691
0 1 18694
0 1 18695
0 1 18696
0 1 18698
0 1 18710
0 1 18714
0 1 18717
0 1 18718
0 1 18722
0 1 18723
0 1 18732
0 1 18736
0 1 18737
0 1 18740
0 1 18743
0 1 18755
0 1 18757
0 1 18758
0 1 18760
0 1 18761
0 1 18762
0 1 18763
0 1 18764
0 1 18767
0 1 18770
0 1 18776
0 1 18778
0 1 18779
0 1 18782
0 1 18788
0 1 18804
0 1 18805
0 1 18807
0 1 18809
0 1 18810
0 1 18813
0 1 18815
0 1 18818
0 1 18819
0 1 18824
0 1 18830
0 1 18833
0 1 18835
0 1 18843
0 1 18844
0 1 18846
0 1 18851
0 1 18852
0 1 18853
0 1 18855
0 1 18858
0 1 18860
0 1 18863
0 1 18868
0 1 18871
0 1 18878
0 1 18879
0 1 18882
0 1 18885
0 1 18887
0 1 18888
0 1 18891
0 1 18892
0 1 18904
0 1 18906
0 1 18907
0 1 18912
0 1 18919
0 1 18920
0 1 18922
0 1 18925
0 1 18927
0 1 18929
0 1 18934
0 1 18935
0 1 18937
0 1 18945
0 1 18950
0 1 18952
0 1 18953
0 1 18957
0 1 18958
0 1 18967
0 1 18968
0 1 18969
0 1 18971
0 1 18972
0 1 18973
0 1 18976
0 1 18977
0 1 18983
0 1 18984
0 1 18989
0 1 18990
0 1 18993
0 1 18999
0 1 19000
0 1 19008
0 1 19012
0 1 19013
0 1 19018
0 1 19019
0 1 19027
0 1 19028
0 1 19030
0 1 19031
0 1 19035
0 1 19036
0 1 19038
0 1 19039
0 1 19040
0 1 19041
0 1 19042
0 1 19044
0 1 19049
0 1 19054
0 1 19058
0 1 19065
0 1 19071
0 1 19073
0 1 19078
0 1 19079
0 1 19085
0 1 19087
0 1 19095
0 1 19096
0 1 19098
0 1 19102
0 1 19104
0 1 19108
0 1 19110
0 1 19113
0 1 19114
0 1 19118
0 1 19121
0 1 19126
0 1 19133
0 1 19136
0 1 19140
0 1 19141
0 1 19143
0 1 19150
0 1 19153
0 1 19160
0 1 19167
0 1 19168
0 1 19169
0 1 19175
0 1 19177
0 1 19178
0 1 19179
0 1 19187
0 1 19191
0 1 19196
0 1 19197
0 1 19199
0 1 19204
0 1 19205
0 1 19206
0 1 19208
0 1 19209
0 1 19210
0 1 19215
0 1 19221
0 1 19222
0 1 19223
0 1 19229
0 1 19231
0 1 19236
0 1 19240
0 1 19246
0 1 19251
0 1 19255
0 1 19256
0 1 19257
0 1 19259
0 1 19262
0 1 19265
0 1 19266
0 1 19270
0 1 19271
0 1 19273
0 1 19280
0 1 19282
0 1 19283
0 1 19287
0 1 19288
0 1 19291
0 1 19292
0 1 19295
0 1 19296
0 1 19297
0 1 19300
0 1 19302
0 1 19303
0 1 19304
0 1 19305
0 1 19310
0 1 19312
0 1 19315
0 1 19322
0 1 19329
0 1 19333
0 1 19336
0 1 19339
0 1 19343
0 1 19344
0 1 19345
0 1 19348
0 1 19350
0 1 19352
0 1 19354
0 1 19355
0 1 19362
0 1 19366
0 1 19368
0 1 19369
0 1 19370
0 1 19375
0 1 19377
0 1 19379
0 1 19380
0 1 19384
0 1 19385
0 1 19392
0 1 19398
0 1 19401
0 1 19403
0 1 19407
0 1 19409
0 1 19411
0 1 19412
0 1 19420
0 1 19422
0 1 19424
0 1 19425
0 1 19426
0 1 19428
0 1 19429
0 1 19431
0 1 19436
0 1 19446
0 1 19449
0 1 19454
0 1 19470
0 1 19473
0 1 19479
0 1 19481
0 1 19485
0 1 19486
0 1 19488
0 1 19489
0 1 19491
0 1 19496
0 1 19500
0 1 19501
0 1 19502
0 1 19503
0 1 19505
0 1 19507
0 1 19513
0 1 19525
0 1 19531
0 1 19533
0 1 19538
0 1 19544
0 1 19548
0 1 19549
0 1 19553
0 1 19554
0 1 19557
0 1 19558
0 1 19560
0 1 19561
0 1 19566
0 1 19568
0 1 19569
0 1 19570
0 1 19572
0 1 19573
0 1 19576
0 1 19578
0 1 19580
0 1 19591
0 1 19592
0 1 19593
0 1 19594
0 1 19599
0 1 19601
0 1 19606
0 1 19607
0 1 19608
0 1 19609
0 1 19610
0 1 19612
0 1 19615
0 1 19617
0 1 19618
0 1 19620
0 1 19626
0 1 19627
0 1 19628
0 1 19630
0 1 19631
0 1 19638
0 1 19641
0 1 19642
0 1 19643
0 1 19644
0 1 19645
0 1 19646
0 1 19649
0 1 19657
0 1 19665
0 1 19666
0 1 19670
0 1 19680
0 1 19686
0 1 19691
0 1 19696
0 1 19698
0 1 19708
0 1 19710
0 1 19714
0 1 19717
0 1 19728
0 1 19729
0 1 19734
0 1 19735
0 1 19736
0 1 19739
0 1 19743
0 1 19747
0 1 19748
0 1 19749
0 1 19754
0 1 19755
0 1 19760
0 1 19762
0 1 19763
0 1 19764
0 1 19765
0 1 19766
0 1 19772
0 1 19775
0 1 19783
0 1 19786
0 1 19788
0 1 19792
0 1 19796
0 1 19797
0 1 19798
0 1 19803
0 1 19807
0 1 19810
0 1 19812
0 1 19814
0 1 19815
0 1 19820
0 1 19821
0 1 19824
0 1 19828
0 1 19834
0 1 19835
0 1 19838
0 1 19841
0 1 19843
0 1 19847
0 1 19848
0 1 19851
0 1 19855
0 1 19856
0 1 19859
0 1 19862
0 1 19863
0 1 19864
0 1 19867
0 1 19876
0 1 19888
0 1 19889
0 1 19895
0 1 19897
0 1 19904
0 1 19907
0 1 19910
0 1 19912
0 1 19915
0 1 19918
0 1 19927
0 1 19930
0 1 19931
0 1 19952
0 1 19961
0 1 19963
0 1 19965
0 1 19968
0 1 19969
0 1 19972
0 1 19976
0 1 19982
0 1 19984
0 1 19991
0 1 19992
0 1 19994
0 1 19995
0 1 19998
0 1 20005
0 1 20006
0 1 20007
0 1 20008
0 1 20010
0 1 20013
0 1 20015
0 1 20017
0 1 20026
0 1 20027
0 1 20028
0 1 20035
0 1 20037
0 1 20044
0 1 20048
0 1 20049
0 1 20050
0 1 20053
0 1 20077
0 1 20084
0 1 20087
0 1 20088
0 1 20092
0 1 20094
0 1 20095
0 1 20098
0 1 20101
0 1 20102
0 1 20103
0 1 20107
0 1 20109
0 1 20119
0 1 20120
0 1 20124
0 1 20126
0 1 20132
0 1 20133
0 1 20140
0 1 20142
0 1 20145
0 1 20156
0 1 20159
0 1 20161
0 1 20163
0 1 20169
0 1 20170
0 1 20171
0 1 20178
0 1 20180
0 1 20181
0 1 20183
0 1 20186
0 1 20190
0 1 20191
0 1 20195
0 1 20199
0 1 20207
0 1 20208
0 1 20210
0 1 20212
0 1 20213
0 1 20214
0 1 20217
0 1 20219
0 1 20226
0 1 20228
0 1 20232
0 1 20233
0 1 20236
0 1 20239
0 1 20240
0 1 20245
0 1 20249
0 1 20253
0 1 20255
0 1 20258
0 1 20265
0 1 20267
0 1 20269
0 1 20270
0 1 20272
0 1 20287
0 1 20289
0 1 20301
0 1 20309
0 1 20316
0 1 20323
0 1 20326
0 1 20329
0 1 20331
0 1 20336
0 1 20337
0 1 20339
0 1 20341
0 1 20346
0 1 20347
0 1 20349
0 1 20351
0 1 20353
0 1 20354
0 1 20355
0 1 20357
0 1 20360
0 1 20363
0 1 20374
0 1 20377
0 1 20392
0 1 20396
0 1 20399
0 1 20402
0 1 20405
0 1 20408
0 1 20409
0 1 20414
0 1 20423
0 1 20425
0 1 20426
0 1 20429
0 1 20433
0 1 20437
0 1 20444
0 1 20446
0 1 20450
0 1 20451
0 1 20455
0 1 20465
0 1 20467
0 1 20471
0 1 20474
0 1 20476
0 1 20480
0 1 20482
0 1 20488
0 1 20491
0 1 20494
0 1 20495
0 1 20497
0 1 20498
0 1 20499
0 1 20500
0 1 20504
0 1 20506
0 1 20509
0 1 20510
0 1 20511
0 1 20513
0 1 20515
0 1 20521
0 1 20527
0 1 20528
0 1 20536
0 1 20537
0 1 20538
0 1 20541
0 1 20543
0 1 20546
0 1 20547
0 1 20550
0 1 20552
0 1 20557
0 1 20559
0 1 20566
0 1 20567
0 1 20570
0 1 20581
0 1 20587
0 1 20590
0 1 20593
0 1 20597
0 1 20600
0 1 20608
0 1 20609
0 1 20611
0 1 20612
0 1 20614
0 1 20616
0 1 20618
0 1 20621
0 1 20622
0 1 20625
0 1 20627
0 1 20635
0 1 20637
0 1 20638
0 1 20639
0 1 20640
0 1 20644
0 1 20647
0 1 20649
0 1 20650
0 1 20652
0 1 20657
0 1 20658
0 1 20659
0 1 20660
0 1 20669
0 1 20671
0 1 20678
0 1 20680
0 1 20681
0 1 20683
0 1 20689
0 1 20691
0 1 20692
0 1 20695
0 1 20699
0 1 20701
0 1 20703
0 1 20706
0 1 20707
0 1 20708
0 1 20711
0 1 20713
0 1 20718
0 1 20719
0 1 20722
0 1 20725
0 1 20726
0 1 20727
0 1 20730
0 1 20732
0 1 20737
0 1 20738
0 1 20739
0 1 20741
0 1 20744
0 1 20749
0 1 20753
0 1 20759
0 1 20763
0 1 20764
0 1 20768
0 1 20773
0 1 20776
0 1 20778
0 1 20790
0 1 20791
0 1 20800
0 1 20803
0 1 20805
0 1 20807
0 1 20813
0 1 20815
0 1 20817
0 1 20818
0 1 20819
0 1 20820
0 1 20821
0 1 20825
0 1 20830
0 1 20839
0 1 20840
0 1 20841
0 1 20842
0 1 20845
0 1 20846
0 1 20848
0 1 20862
0 1 20863
0 1 20868
0 1 20870
0 1 20872
0 1 20874
0 1 20882
0 1 20885
0 1 20894
0 1 20895
0 1 20900
0 1 20901
0 1 20905
0 1 20913
0 1 20914
0 1 20917
0 1 20918
0 1 20923
0 1 20932
0 1 20934
0 1 20935
0 1 20939
0 1 20946
0 1 20952
0 1 20956
0 1 20957
0 1 20958
0 1 20959
0 1 20960
0 1 20961
0 1 20966
0 1 20968
0 1 20970
0 1 20971
0 1 20973
0 1 20979
0 1 20980
0 1 20983
0 1 20984
0 1 20988
0 1 20992
0 1 20996
0 1 21004
0 1 21006
0 1 21013
0 1 21021
0 1 21023
0 1 21029
0 1 21031
0 1 21033
0 1 21037
0 1 21043
0 1 21044
0 1 21045
0 1 21047
0 1 21052
0 1 21054
0 1 21055
0 1 21057
0 1 21062
0 1 21063
0 1 21064
0 1 21065
0 1 21066
0 1 21073
0 1 21074
0 1 21078
0 1 21082
0 1 21084
0 1 21085
0 1 21090
0 1 21094
0 1 21097
0 1 21100
0 1 21101
0 1 21102
0 1 21104
0 1 21109
0 1 21115
0 1 21116
0 1 21117
0 1 21118
0 1 21119
0 1 21121
0 1 21125
0 1 21126
0 1 21127
0 1 21128
0 1 21132
0 1 21138
0 1 21139
0 1 21140
0 1 21143
0 1 21144
0 1 21146
0 1 21151
0 1 21152
0 1 21155
0 1 21156
0 1 21159
0 1 21165
0 1 21166
0 1 21170
0 1 21171
0 1 21173
0 1 21174
0 1 21177
0 1 21179
0 1 21181
0 1 21182
0 1 21185
0 1 21189
0 1 21192
0 1 21194
0 1 21197
0 1 21199
0 1 21202
0 1 21206
0 1 21207
0 1 21211
0 1 21214
0 1 21220
0 1 21226
0 1 21231
0 1 21233
0 1 21236
0 1 21237
0 1 21240
0 1 21250
0 1 21252
0 1 21254
0 1 21255
0 1 21257
0 1 21262
0 1 21263
0 1 21272
0 1 21280
0 1 21281
0 1 21287
0 1 21289
0 1 21290
0 1 21292
0 1 21296
0 1 21297
0 1 21299
0 1 21300
0 1 21303
0 1 21309
0 1 21316
0 1 21320
0 1 21323
0 1 21325
0 1 21328
0 1 21329
0 1 21337
0 1 21338
0 1 21350
0 1 21354
0 1 21355
0 1 21361
0 1 21364
0 1 21365
0 1 21366
0 1 21367
0 1 21372
0 1 21373
0 1 21383
0 1 21385
0 1 21390
0 1 21392
0 1 21395
0 1 21397
0 1 21404
0 1 21406
0 1 21407
0 1 21408
0 1 21409
0 1 21431
0 1 21433
0 1 21437
0 1 21441
0 1 21442
0 1 21444
0 1 21447
0 1 21449
0 1 21450
0 1 21453
0 1 21457
0 1 21462
0 1 21464
0 1 21469
0 1 21472
0 1 21474
0 1 21475
0 1 21479
0 1 21481
0 1 21482
0 1 21493
0 1 21494
0 1 21495
0 1 21504
0 1 21510
0 1 21511
0 1 21514
0 1 21515
0 1 21516
0 1 21517
0 1 21523
0 1 21524
0 1 21529
0 1 21534
0 1 21545
0 1 21546
0 1 21548
0 1 21549
0 1 21551
0 1 21556
0 1 21564
0 1 21567
0 1 21574
0 1 21575
0 1 21581
0 1 21584
0 1 21586
0 1 21592
0 1 21594
0 1 21595
0 1 21598
0 1 21599
0 1 21602
0 1 21603
0 1 21606
0 1 21609
0 1 21614
0 1 21617
0 1 21618
0 1 21620
0 1 21624
0 1 21626
0 1 21629
0 1 21634
0 1 21639
0 1 21642
0 1 21651
0 1 21653
0 1 21669
0 1 21672
0 1 21673
0 1 21680
0 1 21684
0 1 21687
0 1 21692
0 1 21702
0 1 21709
0 1 21714
0 1 21715
0 1 21716
0 1 21720
0 1 21723
0 1 21730
0 1 21732
0 1 21735
0 1 21746
0 1 21749
0 1 21756
0 1 21758
0 1 21760
0 1 21763
0 1 21765
0 1 21766
0 1 21771
0 1 21772
0 1 21773
0 1 21774
0 1 21778
0 1 21780
0 1 21781
0 1 21782
0 1 21789
0 1 21790
0 1 21800
0 1 21801
0 1 21803
0 1 21806
0 1 21807
0 1 21808
0 1 21809
0 1 21810
0 1 21812
0 1 21813
0 1 21816
0 1 21820
0 1 21821
0 1 21826
0 1 21830
0 1 21835
0 1 21837
0 1 21838
0 1 21840
0 1 21846
0 1 21850
0 1 21862
0 1 21863
0 1 21864
0 1 21866
0 1 21868
0 1 21869
0 1 21872
0 1 21875
0 1 21879
0 1 21882
0 1 21883
0 1 21884
0 1 21892
0 1 21894
0 1 21896
0 1 21908
0 1 21911
0 1 21912
0 1 21913
0 1 21915
0 1 21922
0 1 21924
0 1 21925
0 1 21927
0 1 21932
0 1 21933
0 1 21936
0 1 21941
0 1 21951
0 1 21958
0 1 21959
0 1 21965
0 1 21967
0 1 21968
0 1 21970
0 1 21974
0 1 21978
0 1 21991
0 1 21994
0 1 21995
0 1 22000
0 1 22002
0 1 22003
0 1 22006
0 1 22010
0 1 22011
0 1 22013
0 1 22015
0 1 22017
0 1 22021
0 1 22026
0 1 22027
0 1 22029
0 1 22035
0 1 22036
0 1 22038
0 1 22039
0 1 22040
0 1 22041
0 1 22042
0 1 22051
0 1 22052
0 1 22054
0 1 22060
0 1 22061
0 1 22066
0 1 22067
0 1 22069
0 1 22072
0 1 22076
0 1 22078
0 1 22081
0 1 22083
0 1 22085
0 1 22089
0 1 22090
0 1 22092
0 1 22094
0 1 22096
0 1 22097
0 1 22099
0 1 22100
0 1 22104
0 1 22108
0 1 22115
0 1 22116
0 1 22117
0 1 22127
0 1 22131
0 1 22132
0 1 22140
0 1 22144
0 1 22148
0 1 22149
0 1 22151
0 1 22152
0 1 22156
0 1 22159
0 1 22166
0 1 22167
0 1 22170
0 1 22171
0 1 22176
0 1 22178
0 1 22183
0 1 22185
0 1 22186
0 1 22193
0 1 22196
0 1 22197
0 1 22203
0 1 22209
0 1 22211
0 1 22214
0 1 22215
0 1 22219
0 1 22220
0 1 22225
0 1 22233
0 1 22236
0 1 22239
0 1 22243
0 1 22244
0 1 22250
0 1 22255
0 1 22256
0 1 22262
0 1 22263
0 1 22264
0 1 22266
0 1 22269
0 1 22271
0 1 22272
0 1 22273
0 1 22275
0 1 22278
0 1 22279
0 1 22281
0 1 22282
0 1 22284
0 1 22291
0 1 22293
0 1 22294
0 1 22302
0 1 22309
0 1 22313
0 1 22315
0 1 22316
0 1 22317
0 1 22325
0 1 22326
0 1 22328
0 1 22331
0 1 22332
0 1 22334
0 1 22339
0 1 22341
0 1 22344
0 1 22345
0 1 22346
0 1 22347
0 1 22350
0 1 22353
0 1 22357
0 1 22358
0 1 22360
0 1 22364
0 1 22368
0 1 22369
0 1 22377
0 1 22380
0 1 22384
0 1 22386
0 1 22387
0 1 22391
0 1 22393
0 1 22397
0 1 22400
0 1 22406
0 1 22407
0 1 22410
0 1 22415
0 1 22417
0 1 22418
0 1 22420
0 1 22421
0 1 22422
0 1 22425
0 1 22428
0 1 22436
0 1 22439
0 1 22444
0 1 22445
0 1 22447
0 1 22454
0 1 22461
0 1 22463
0 1 22464
0 1 22465
0 1 22469
0 1 22474
0 1 22478
0 1 22480
0 1 22481
0 1 22484
0 1 22485
0 1 22494
0 1 22497
0 1 22501
0 1 22503
0 1 22506
0 1 22507
0 1 22508
0 1 22510
0 1 22513
0 1 22515
0 1 22516
0 1 22517
0 1 22521
0 1 22528
0 1 22535
0 1 22537
0 1 22540
0 1 22541
0 1 22552
0 1 22553
0 1 22554
0 1 22556
0 1 22558
0 1 22560
0 1 22562
0 1 22566
0 1 22570
0 1 22571
0 1 22573
0 1 22574
0 1 22576
0 1 22578
0 1 22585
0 1 22587
0 1 22593
0 1 22601
0 1 22602
0 1 22606
0 1 22609
0 1 22613
0 1 22618
0 1 22619
0 1 22620
0 1 22621
0 1 22625
0 1 22628
0 1 22640
0 1 22641
0 1 22643
0 1 22644
0 1 22645
0 1 22652
0 1 22656
0 1 22657
0 1 22663
0 1 22664
0 1 22672
0 1 22674
0 1 22677
0 1 22680
0 1 22682
0 1 22683
0 1 22686
0 1 22687
0 1 22689
0 1 22691
0 1 22692
0 1 22695
0 1 22699
0 1 22709
0 1 22710
0 1 22711
0 1 22712
0 1 22713
0 1 22716
0 1 22718
0 1 22719
0 1 22721
0 1 22722
0 1 22723
0 1 22739
0 1 22740
0 1 22741
0 1 22754
0 1 22757
0 1 22762
0 1 22767
0 1 22770
0 1 22773
0 1 22775
0 1 22776
0 1 22783
0 1 22794
0 1 22802
0 1 22804
0 1 22807
0 1 22815
0 1 22817
0 1 22818
0 1 22820
0 1 22821
0 1 22822
0 1 22823
0 1 22827
0 1 22828
0 1 22832
0 1 22839
0 1 22843
0 1 22844
0 1 22845
0 1 22854
0 1 22856
0 1 22858
0 1 22864
0 1 22868
0 1 22875
0 1 22882
0 1 22887
0 1 22894
0 1 22899
0 1 22901
0 1 22907
0 1 22909
0 1 22914
0 1 22920
0 1 22922
0 1 22923
0 1 22924
0 1 22926
0 1 22927
0 1 22930
0 1 22932
0 1 22935
0 1 22937
0 1 22939
0 1 22942
0 1 22943
0 1 22945
0 1 22947
0 1 22948
0 1 22954
0 1 22958
0 1 22961
0 1 22964
0 1 22968
0 1 22972
0 1 22974
0 1 22975
0 1 22988
0 1 22991
0 1 22992
0 1 22994
0 1 22997
0 1 22999
0 1 23001
0 1 23004
0 1 23007
0 1 23008
0 1 23013
0 1 23016
0 1 23017
0 1 23018
0 1 23020
0 1 23021
0 1 23023
0 1 23031
0 1 23032
0 1 23045
0 1 23047
0 1 23048
0 1 23056
0 1 23060
0 1 23064
0 1 23067
0 1 23069
0 1 23071
0 1 23072
0 1 23076
0 1 23091
0 1 23093
0 1 23096
0 1 23097
0 1 23100
0 1 23101
0 1 23102
0 1 23103
0 1 23107
0 1 23113
0 1 23116
0 1 23119
0 1 23120
0 1 23121
0 1 23124
0 1 23126
0 1 23128
0 1 23129
0 1 23130
0 1 23131
0 1 23134
0 1 23136
0 1 23139
0 1 23143
0 1 23148
0 1 23149
0 1 23152
0 1 23155
0 1 23168
0 1 23170
0 1 23174
0 1 23175
0 1 23176
0 1 23179
0 1 23182
0 1 23183
0 1 23191
0 1 23192
0 1 23193
0 1 23196
0 1 23199
0 1 23200
0 1 23201
0 1 23202
0 1 23203
0 1 23205
0 1 23211
0 1 23215
0 1 23220
0 1 23223
0 1 23224
0 1 23225
0 1 23231
0 1 23233
0 1 23238
0 1 23240
0 1 23244
0 1 23246
0 1 23249
0 1 23253
0 1 23255
0 1 23259
0 1 23267
0 1 23268
0 1 23270
0 1 23271
0 1 23272
0 1 23273
0 1 23278
0 1 23280
0 1 23281
0 1 23282
0 1 23283
0 1 23286
0 1 23291
0 1 23292
0 1 23296
0 1 23299
0 1 23300
0 1 23308
0 1 23311
0 1 23313
0 1 23314
0 1 23315
0 1 23317
0 1 23320
0 1 23326
0 1 23336
0 1 23339
0 1 23343
0 1 23359
0 1 23361
0 1 23365
0 1 23373
0 1 23374
0 1 23375
0 1 23381
0 1 23389
0 1 23391
0 1 23392
0 1 23393
0 1 23399
0 1 23400
0 1 23401
0 1 23408
0 1 23409
0 1 23410
0 1 23412
0 1 23415
0 1 23416
0 1 23419
0 1 23420
0 1 23422
0 1 23425
0 1 23426
0 1 23428
0 1 23433
0 1 23436
0 1 23441
0 1 23454
0 1 23455
0 1 23459
0 1 23461
0 1 23469
0 1 23470
0 1 23472
0 1 23473
0 1 23475
0 1 23481
0 1 23484
0 1 23486
0 1 23491
0 1 23495
0 1 23496
0 1 23499
0 1 23502
0 1 23505
0 1 23512
0 1 23513
0 1 23514
0 1 23517
0 1 23518
0 1 23520
0 1 23523
0 1 23525
0 1 23533
0 1 23540
0 1 23545
0 1 23547
0 1 23550
0 1 23551
0 1 23556
0 1 23557
0 1 23568
0 1 23571
0 1 23575
0 1 23579
0 1 23580
0 1 23583
0 1 23593
0 1 23596
0 1 23599
0 1 23603
0 1 23604
0 1 23607
0 1 23611
0 1 23619
0 1 23620
0 1 23631
0 1 23634
0 1 23638
0 1 23640
0 1 23642
0 1 23648
0 1 23650
0 1 23651
0 1 23654
0 1 23656
0 1 23658
0 1 23659
0 1 23664
0 1 23665
0 1 23666
0 1 23667
0 1 23670
0 1 23672
0 1 23681
0 1 23682
0 1 23689
0 1 23699
0 1 23703
0 1 23705
0 1 23708
0 1 23709
0 1 23714
0 1 23718
0 1 23719
0 1 23728
0 1 23734
0 1 23737
0 1 23747
0 1 23748
0 1 23750
0 1 23752
0 1 23754
0 1 23756
0 1 23757
0 1 23760
0 1 23762
0 1 23764
0 1 23766
0 1 23767
0 1 23769
0 1 23771
0 1 23773
0 1 23781
0 1 23784
0 1 23790
0 1 23791
0 1 23792
0 1 23798
0 1 23799
0 1 23801
0 1 23805
0 1 23806
0 1 23810
0 1 23812
0 1 23816
0 1 23817
0 1 23818
0 1 23819
0 1 23820
0 1 23822
0 1 23824
0 1 23827
0 1 23830
0 1 23831
0 1 23833
0 1 23834
0 1 23840
0 1 23844
0 1 23851
0 1 23855
0 1 23857
0 1 23859
0 1 23861
0 1 23870
0 1 23871
0 1 23872
0 1 23881
0 1 23883
0 1 23888
0 1 23895
0 1 23913
0 1 23916
0 1 23918
0 1 23919
0 1 23920
0 1 23923
0 1 23924
0 1 23929
0 1 23930
0 1 23932
0 1 23933
0 1 23936
0 1 23937
0 1 23939
0 1 23944
0 1 23945
0 1 23951
0 1 23954
0 1 23956
0 1 23958
0 1 23959
0 1 23963
0 1 23965
0 1 23966
0 1 23969
0 1 23973
0 1 23976
0 1 23981
0 1 23983
0 1 23986
0 1 23992
0 1 24000
0 1 24001
0 1 24003
0 1 24012
0 1 24013
0 1 24023
0 1 24024
0 1 24025
0 1 24033
0 1 24034
0 1 24040
0 1 24042
0 1 24043
0 1 24046
0 1 24047
0 1 24048
0 1 24052
0 1 24056
0 1 24057
0 1 24067
0 1 24068
0 1 24071
0 1 24073
0 1 24076
0 1 24077
0 1 24083
0 1 24084
0 1 24087
0 1 24092
0 1 24094
0 1 24096
0 1 24098
0 1 24103
0 1 24108
0 1 24112
0 1 24113
0 1 24114
0 1 24117
0 1 24118
0 1 24119
0 1 24121
0 1 24122
0 1 24124
0 1 24129
0 1 24130
0 1 24135
0 1 24137
0 1 24139
0 1 24144
0 1 24145
0 1 24149
0 1 24152
0 1 24153
0 1 24154
0 1 24159
0 1 24161
0 1 24163
0 1 24168
0 1 24169
0 1 24170
0 1 24174
0 1 24176
0 1 24184
0 1 24189
0 1 24192
0 1 24194
0 1 24199
0 1 24200
0 1 24202
0 1 24204
0 1 24205
0 1 24206
0 1 24208
0 1 24209
0 1 24212
0 1 24215
0 1 24216
0 1 24218
0 1 24219
0 1 24221
0 1 24223
0 1 24225
0 1 24231
0 1 24236
0 1 24242
0 1 24249
0 1 24250
0 1 24256
0 1 24262
0 1 24267
0 1 24275
0 1 24281
0 1 24283
0 1 24287
0 1 24294
0 1 24295
0 1 24300
0 1 24302
0 1 24305
0 1 24306
0 1 24311
0 1 24312
0 1 24313
0 1 24316
0 1 24325
0 1 24330
0 1 24337
0 1 24342
0 1 24343
0 1 24344
0 1 24357
0 1 24360
0 1 24362
0 1 24367
0 1 24368
0 1 24370
0 1 24377
0 1 24378
0 1 24381
0 1 24389
0 1 24392
0 1 24396
0 1 24401
0 1 24403
0 1 24410
0 1 24413
0 1 24414
0 1 24429
0 1 24430
0 1 24434
0 1 24440
0 1 24442
0 1 24444
0 1 24447
0 1 24448
0 1 24454
0 1 24456
0 1 24461
0 1 24464
0 1 24468
0 1 24471
0 1 24472
0 1 24476
0 1 24481
0 1 24485
0 1 24488
0 1 24495
0 1 24496
0 1 24500
0 1 24503
0 1 24506
0 1 24509
0 1 24510
0 1 24524
0 1 24525
0 1 24526
0 1 24527
0 1 24531
0 1 24532
0 1 24537
0 1 24545
0 1 24546
0 1 24547
0 1 24548
0 1 24549
0 1 24550
0 1 24551
0 1 24554
0 1 24559
0 1 24560
0 1 24561
0 1 24563
0 1 24565
0 1 24567
0 1 24577
0 1 24578
0 1 24580
0 1 24585
0 1 24589
0 1 24592
0 1 24594
0 1 24598
0 1 24599
0 1 24601
0 1 24604
0 1 24608
0 1 24609
0 1 24610
0 1 24611
0 1 24614
0 1 24617
0 1 24622
0 1 24625
0 1 24628
0 1 24629
0 1 24633
0 1 24636
0 1 24639
0 1 24641
0 1 24643
0 1 24652
0 1 24659
0 1 24663
0 1 24664
0 1 24670
0 1 24672
0 1 24679
0 1 24680
0 1 24684
0 1 24685
0 1 24687
0 1 24688
0 1 24689
0 1 24691
0 1 24696
0 1 24699
0 1 24701
0 1 24702
0 1 24705
0 1 24709
0 1 24717
0 1 24721
0 1 24723
0 1 24725
0 1 24727
0 1 24728
0 1 24729
0 1 24733
0 1 24735
0 1 24738
0 1 24739
0 1 24741
0 1 24749
0 1 24751
0 1 24752
0 1 24761
0 1 24763
0 1 24766
0 1 24773
0 1 24774
0 1 24776
0 1 24783
0 1 24797
0 1 24804
0 1 24810
0 1 24816
0 1 24818
0 1 24819
0 1 24821
0 1 24824
0 1 24825
0 1 24827
0 1 24828
0 1 24833
0 1 24834
0 1 24836
0 1 24837
0 1 24839
0 1 24841
0 1 24844
0 1 24845
0 1 24846
0 1 24849
0 1 24851
0 1 24854
0 1 24862
0 1 24863
0 1 24865
0 1 24870
0 1 24873
0 1 24874
0 1 24877
0 1 24887
0 1 24895
0 1 24899
0 1 24900
0 1 24902
0 1 24904
0 1 24905
0 1 24906
0 1 24907
0 1 24908
0 1 24909
0 1 24914
0 1 24920
0 1 24921
0 1 24924
0 1 24925
0 1 24926
0 1 24931
0 1 24933
0 1 24934
0 1 24935
0 1 24937
0 1 24938
0 1 24940
0 1 24943
0 1 24949
0 1 24950
0 1 24951
0 1 24957
0 1 24959
0 1 24961
0 1 24963
0 1 24967
0 1 24972
0 1 24976
0 1 24980
0 1 24981
0 1 24988
0 1 24989
0 1 24995
0 1 24998
0 1 24999
0 1 25006
0 1 25007
0 1 25010
0 1 25015
0 1 25017
0 1 25019
0 1 25023
0 1 25032
0 1 25035
0 1 25036
0 1 25037
0 1 25039
0 1 25040
0 1 25042
0 1 25045
0 1 25046
0 1 25056
0 1 25058
0 1 25064
0 1 25070
0 1 25071
0 1 25075
0 1 25076
0 1 25077
0 1 25078
0 1 25079
0 1 25083
0 1 25084
0 1 25097
0 1 25099
0 1 25102
0 1 25104
0 1 25105
0 1 25107
0 1 25113
0 1 25114
0 1 25118
0 1 25122
0 1 25125
0 1 25128
0 1 25129
0 1 25130
0 1 25131
0 1 25135
0 1 25137
0 1 25138
0 1 25140
0 1 25147
0 1 25148
0 1 25153
0 1 25156
0 1 25158
0 1 25164
0 1 25170
0 1 25174
0 1 25179
0 1 25180
0 1 25182
0 1 25191
0 1 25193
0 1 25198
0 1 25205
0 1 25206
0 1 25212
0 1 25215
0 1 25216
0 1 25221
0 1 25228
0 1 25234
0 1 25236
0 1 25238
0 1 25240
0 1 25241
0 1 25245
0 1 25247
0 1 25250
0 1 25252
0 1 25258
0 1 25265
0 1 25266
0 1 25271
0 1 25274
0 1 25278
0 1 25279
0 1 25281
0 1 25282
0 1 25283
0 1 25284
0 1 25285
0 1 25289
0 1 25291
0 1 25294
0 1 25297
0 1 25298
0 1 25299
0 1 25309
0 1 25313
0 1 25327
0 1 25334
0 1 25338
0 1 25342
0 1 25343
0 1 25347
0 1 25354
0 1 25357
0 1 25365
0 1 25370
0 1 25372
0 1 25375
0 1 25378
0 1 25395
0 1 25399
0 1 25401
0 1 25403
0 1 25404
0 1 25405
0 1 25406
0 1 25410
0 1 25412
0 1 25415
0 1 25417
0 1 25418
0 1 25419
0 1 25426
0 1 25431
0 1 25441
0 1 25448
0 1 25450
0 1 25454
0 1 25455
0 1 25456
0 1 25464
0 1 25466
0 1 25472
0 1 25476
0 1 25479
0 1 25480
0 1 25485
0 1 25489
0 1 25496
0 1 25498
0 1 25501
0 1 25503
0 1 25505
0 1 25507
0 1 25511
0 1 25515
0 1 25516
0 1 25523
0 1 25525
0 1 25526
0 1 25527
0 1 25535
0 1 25538
0 1 25541
0 1 25543
0 1 25548
0 1 25552
0 1 25553
0 1 25556
0 1 25559
0 1 25562
0 1 25573
0 1 25575
0 1 25577
0 1 25582
0 1 25584
0 1 25588
0 1 25590
0 1 25593
0 1 25599
0 1 25600
0 1 25601
0 1 25602
0 1 25607
0 1 25612
0 1 25614
0 1 25616
0 1 25623
0 1 25624
0 1 25630
0 1 25631
0 1 25633
0 1 25637
0 1 25638
0 1 25642
0 1 25647
0 1 25650
0 1 25652
0 1 25659
0 1 25665
0 1 25672
0 1 25674
0 1 25675
0 1 25676
0 1 25677
0 1 25679
0 1 25686
0 1 25695
0 1 25696
0 1 25702
0 1 25703
0 1 25704
0 1 25707
0 1 25711
0 1 25717
0 1 25723
0 1 25726
0 1 25727
0 1 25730
0 1 25731
0 1 25733
0 1 25735
0 1 25743
0 1 25744
0 1 25748
0 1 25751
0 1 25752
0 1 25753
0 1 25756
0 1 25758
0 1 25762
0 1 25763
0 1 25767
0 1 25778
0 1 25783
0 1 25789
0 1 25792
0 1 25793
0 1 25795
0 1 25815
0 1 25818
0 1 25820
0 1 25824
0 1 25826
0 1 25829
0 1 25830
0 1 25832
0 1 25835
0 1 25837
0 1 25840
0 1 25842
0 1 25846
0 1 25849
0 1 25851
0 1 25853
0 1 25854
0 1 25855
0 1 25861
0 1 25869
0 1 25870
0 1 25872
0 1 25873
0 1 25874
0 1 25882
0 1 25883
0 1 25888
0 1 25889
0 1 25890
0 1 25891
0 1 25893
0 1 25898
0 1 25899
0 1 25905
0 1 25909
0 1 25913
0 1 25916
0 1 25922
0 1 25927
0 1 25928
0 1 25929
0 1 25930
0 1 25931
0 1 25932
0 1 25933
0 1 25934
0 1 25935
0 1 25940
0 1 25941
0 1 25942
0 1 25948
0 1 25951
0 1 25952
0 1 25954
0 1 25957
0 1 25962
0 1 25963
0 1 25965
0 1 25968
0 1 25969
0 1 25972
0 1 25973
0 1 25975
0 1 25979
0 1 25983
0 1 25985
0 1 25986
0 1 25989
0 1 25991
0 1 25993
0 1 25994
0 1 25998
0 1 25999
0 1 26008
0 1 26011
0 1 26013
0 1 26017
0 1 26021
0 1 26023
0 1 26024
0 1 26025
0 1 26029
0 1 26030
0 1 26031
0 1 26034
0 1 26035
0 1 26040
0 1 26041
0 1 26047
0 1 26049
0 1 26050
0 1 26052
0 1 26054
0 1 26055
0 1 26057
0 1 26062
0 1 26066
0 1 26067
0 1 26071
0 1 26076
0 1 26080
0 1 26081
0 1 26084
0 1 26086
0 1 26095
0 1 26097
0 1 26098
0 1 26100
0 1 26101
0 1 26103
0 1 26115
0 1 26116
0 1 26118
0 1 26123
0 1 26125
0 1 26128
0 1 26131
0 1 26137
0 1 26142
0 1 26144
0 1 26146
0 1 26150
0 1 26151
0 1 26154
0 1 26156
0 1 26158
0 1 26167
0 1 26168
0 1 26170
0 1 26171
0 1 26172
0 1 26176
0 1 26179
0 1 26183
0 1 26185
0 1 26186
0 1 26187
0 1 26188
0 1 26190
0 1 26192
0 1 26193
0 1 26199
0 1 26200
0 1 26201
0 1 26203
0 1 26204
0 1 26209
0 1 26218
0 1 26221
0 1 26223
0 1 26225
0 1 26226
0 1 26228
0 1 26231
0 1 26234
0 1 26240
0 1 26242
0 1 26243
0 1 26244
0 1 26246
0 1 26248
0 1 26250
0 1 26252
0 1 26253
0 1 26256
0 1 26258
0 1 26264
0 1 26268
0 1 26269
0 1 26272
0 1 26276
0 1 26283
0 1 26285
0 1 26286
0 1 26294
0 1 26295
0 1 26296
0 1 26298
0 1 26299
0 1 26301
0 1 26309
0 1 26311
0 1 26312
0 1 26313
0 1 26314
0 1 26321
0 1 26325
0 1 26326
0 1 26328
0 1 26332
0 1 26338
0 1 26344
0 1 26346
0 1 26348
0 1 26350
0 1 26353
0 1 26356
0 1 26361
0 1 26372
0 1 26376
0 1 26378
0 1 26379
0 1 26388
0 1 26390
0 1 26393
0 1 26395
0 1 26396
0 1 26398
0 1 26399
0 1 26400
0 1 26407
0 1 26408
0 1 26412
0 1 26417
0 1 26420
0 1 26425
0 1 26428
0 1 26430
0 1 26431
0 1 26434
0 1 26435
0 1 26437
0 1 26438
0 1 26439
0 1 26442
0 1 26444
0 1 26447
0 1 26448
0 1 26450
0 1 26451
0 1 26452
0 1 26454
0 1 26457
0 1 26459
0 1 26461
0 1 26463
0 1 26465
0 1 26466
0 1 26469
0 1 26477
0 1 26478
0 1 26479
0 1 26483
0 1 26492
0 1 26500
0 1 26502
0 1 26505
0 1 26509
0 1 26514
0 1 26516
0 1 26517
0 1 26523
0 1 26526
0 1 26527
0 1 26528
0 1 26531
0 1 26535
0 1 26536
0 1 26538
0 1 26545
0 1 26552
0 1 26564
0 1 26572
0 1 26574
0 1 26575
0 1 26579
0 1 26581
0 1 26582
0 1 26597
0 1 26598
0 1 26604
0 1 26605
0 1 26607
0 1 26611
0 1 26613
0 1 26617
0 1 26620
0 1 26622
0 1 26624
0 1 26625
0 1 26626
0 1 26627
0 1 26632
0 1 26643
0 1 26645
0 1 26649
0 1 26654
0 1 26656
0 1 26661
0 1 26664
0 1 26666
0 1 26667
0 1 26670
0 1 26671
0 1 26674
0 1 26675
0 1 26679
0 1 26681
0 1 26682
0 1 26684
0 1 26699
0 1 26701
0 1 26703
0 1 26718
0 1 26719
0 1 26726
0 1 26730
0 1 26734
0 1 26735
0 1 26736
0 1 26742
0 1 26744
0 1 26749
0 1 26760
0 1 26763
0 1 26764
0 1 26765
0 1 26769
0 1 26772
0 1 26773
0 1 26774
0 1 26776
0 1 26777
0 1 26782
0 1 26784
0 1 26789
0 1 26790
0 1 26791
0 1 26792
0 1 26795
0 1 26797
0 1 26800
0 1 26801
0 1 26808
0 1 26815
0 1 26816
0 1 26819
0 1 26821
0 1 26822
0 1 26827
0 1 26831
0 1 26832
0 1 26833
0 1 26837
0 1 26841
0 1 26851
0 1 26852
0 1 26856
0 1 26864
0 1 26869
0 1 26870
0 1 26874
0 1 26876
0 1 26884
0 1 26892
0 1 26895
0 1 26900
0 1 26901
0 1 26906
0 1 26908
0 1 26911
0 1 26912
0 1 26914
0 1 26920
0 1 26921
0 1 26922
0 1 26923
0 1 26924
0 1 26930
0 1 26933
0 1 26935
0 1 26937
0 1 26948
0 1 26949
0 1 26952
0 1 26954
0 1 26956
0 1 26958
0 1 26959
0 1 26960
0 1 26961
0 1 26963
0 1 26964
0 1 26965
0 1 26969
0 1 26972
0 1 26980
0 1 26987
0 1 26995
0 1 26997
0 1 26998
0 1 27002
0 1 27004
0 1 27012
0 1 27014
0 1 27018
0 1 27021
0 1 27023
0 1 27028
0 1 27031
0 1 27036
0 1 27041
0 1 27042
0 1 27049
0 1 27051
0 1 27052
0 1 27053
0 1 27056
0 1 27057
0 1 27059
0 1 27060
0 1 27062
0 1 27066
0 1 27068
0 1 27069
0 1 27071
0 1 27085
0 1 27090
0 1 27093
0 1 27105
0 1 27112
0 1 27114
0 1 27119
0 1 27124
0 1 27125
0 1 27133
0 1 27137
0 1 27139
0 1 27145
0 1 27157
0 1 27171
0 1 27177
0 1 27182
0 1 27185
0 1 27188
0 1 27190
0 1 27192
0 1 27193
0 1 27195
0 1 27199
0 1 27202
0 1 27203
0 1 27211
0 1 27213
0 1 27214
0 1 27215
0 1 27219
0 1 27220
0 1 27222
0 1 27225
0 1 27228
0 1 27237
0 1 27239
0 1 27259
0 1 27260
0 1 27269
0 1 27275
0 1 27278
0 1 27279
0 1 27280
0 1 27283
0 1 27290
0 1 27291
0 1 27295
0 1 27296
0 1 27299
0 1 27300
0 1 27301
0 1 27303
0 1 27304
0 1 27309
0 1 27310
0 1 27312
0 1 27314
0 1 27316
0 1 27318
0 1 27320
0 1 27322
0 1 27323
0 1 27330
0 1 27336
0 1 27337
0 1 27341
0 1 27356
0 1 27357
0 1 27361
0 1 27366
0 1 27369
0 1 27370
0 1 27371
0 1 27375
0 1 27378
0 1 27380
0 1 27381
0 1 27383
0 1 27384
0 1 27385
0 1 27387
0 1 27389
0 1 27390
0 1 27394
0 1 27403
0 1 27404
0 1 27410
0 1 27412
0 1 27413
0 1 27414
0 1 27415
0 1 27416
0 1 27417
0 1 27418
0 1 27430
0 1 27432
0 1 27434
0 1 27435
0 1 27438
0 1 27444
0 1 27446
0 1 27451
0 1 27454
0 1 27460
0 1 27462
0 1 27463
0 1 27467
0 1 27472
0 1 27474
0 1 27476
0 1 27483
0 1 27485
0 1 27497
0 1 27499
0 1 27501
0 1 27504
0 1 27505
0 1 27507
0 1 27512
0 1 27513
0 1 27515
0 1 27518
0 1 27520
0 1 27528
0 1 27531
0 1 27539
0 1 27552
0 1 27553
0 1 27556
0 1 27559
0 1 27567
0 1 27575
0 1 27578
0 1 27579
0 1 27581
0 1 27583
0 1 27585
0 1 27591
0 1 27592
0 1 27606
0 1 27610
0 1 27614
0 1 27615
0 1 27616
0 1 27619
0 1 27620
0 1 27623
0 1 27630
0 1 27633
0 1 27634
0 1 27635
0 1 27636
0 1 27647
0 1 27653
0 1 27655
0 1 27657
0 1 27659
0 1 27663
0 1 27667
0 1 27671
0 1 27673
0 1 27674
0 1 27675
0 1 27679
0 1 27688
0 1 27691
0 1 27695
0 1 27696
0 1 27701
0 1 27705
0 1 27706
0 1 27708
0 1 27709
0 1 27710
0 1 27720
0 1 27722
0 1 27723
0 1 27725
0 1 27729
0 1 27731
0 1 27733
0 1 27736
0 1 27740
0 1 27746
0 1 27751
0 1 27753
0 1 27754
0 1 27755
0 1 27760
0 1 27761
0 1 27764
0 1 27765
0 1 27772
0 1 27773
0 1 27774
0 1 27775
0 1 27779
0 1 27781
0 1 27789
0 1 27791
0 1 27794
0 1 27800
0 1 27802
0 1 27804
0 1 27810
0 1 27813
0 1 27815
0 1 27822
0 1 27825
0 1 27827
0 1 27828
0 1 27833
0 1 27835
0 1 27837
0 1 27840
0 1 27841
0 1 27846
0 1 27848
0 1 27850
0 1 27856
0 1 27858
0 1 27868
0 1 27880
0 1 27883
0 1 27885
0 1 27886
0 1 27891
0 1 27893
0 1 27897
0 1 27899
0 1 27901
0 1 27904
0 1 27906
0 1 27909
0 1 27912
0 1 27915
0 1 27918
0 1 27921
0 1 27922
0 1 27924
0 1 27926
0 1 27929
0 1 27930
0 1 27931
0 1 27933
0 1 27939
0 1 27943
0 1 27944
0 1 27947
0 1 27948
0 1 27950
0 1 27952
0 1 27954
0 1 27955
0 1 27956
0 1 27957
0 1 27958
0 1 27960
0 1 27961
0 1 27962
0 1 27964
0 1 27971
0 1 27972
0 1 27974
0 1 27975
0 1 27976
0 1 27978
0 1 27980
0 1 27983
0 1 27985
0 1 27987
0 1 27999
0 1 28006
0 1 28009
0 1 28011
0 1 28015
0 1 28018
0 1 28023
0 1 28027
0 1 28028
0 1 28030
0 1 28034
0 1 28037
0 1 28044
0 1 28046
0 1 28048
0 1 28056
0 1 28057
0 1 28069
0 1 28075
0 1 28077
0 1 28082
0 1 28087
0 1 28096
0 1 28097
0 1 28105
0 1 28109
0 1 28117
0 1 28119
0 1 28120
0 1 28126
0 1 28139
0 1 28140
0 1 28141
0 1 28144
0 1 28147
0 1 28150
0 1 28153
0 1 28164
0 1 28167
0 1 28171
0 1 28172
0 1 28173
0 1 28178
0 1 28183
0 1 28192
0 1 28196
0 1 28204
0 1 28209
0 1 28218
0 1 28223
0 1 28226
0 1 28229
0 1 28230
0 1 28231
0 1 28236
0 1 28238
0 1 28240
0 1 28242
0 1 28251
0 1 28254
0 1 28255
0 1 28256
0 1 28261
0 1 28263
0 1 28268
0 1 28270
0 1 28271
0 1 28278
0 1 28282
0 1 28283
0 1 28287
0 1 28288
0 1 28289
0 1 28295
0 1 28297
0 1 28301
0 1 28305
0 1 28309
0 1 28315
0 1 28316
0 1 28318
0 1 28322
0 1 28325
0 1 28328
0 1 28331
0 1 28335
0 1 28337
0 1 28342
0 1 28346
0 1 28348
0 1 28349
0 1 28353
0 1 28358
0 1 28359
0 1 28364
0 1 28368
0 1 28371
0 1 28372
0 1 28376
0 1 28379
0 1 28386
0 1 28389
0 1 28393
0 1 28395
0 1 28396
0 1 28399
0 1 28400
0 1 28401
0 1 28402
0 1 28406
0 1 28407
0 1 28409
0 1 28412
0 1 28413
0 1 28418
0 1 28422
0 1 28425
0 1 28431
0 1 28433
0 1 28434
0 1 28436
0 1 28439
0 1 28442
0 1 28443
0 1 28447
0 1 28448
0 1 28450
0 1 28451
0 1 28452
0 1 28454
0 1 28455
0 1 28463
0 1 28471
0 1 28472
0 1 28477
0 1 28480
0 1 28483
0 1 28495
0 1 28498
0 1 28499
0 1 28500
0 1 28511
0 1 28516
0 1 28520
0 1 28521
0 1 28522
0 1 28527
0 1 28537
0 1 28539
0 1 28543
0 1 28546
0 1 28547
0 1 28548
0 1 28554
0 1 28555
0 1 28556
0 1 28559
0 1 28562
0 1 28563
0 1 28564
0 1 28570
0 1 28572
0 1 28573
0 1 28578
0 1 28580
0 1 28583
0 1 28585
0 1 28587
0 1 28593
0 1 28594
0 1 28595
0 1 28596
0 1 28599
0 1 28600
0 1 28604
0 1 28607
0 1 28609
0 1 28610
0 1 28611
0 1 28613
0 1 28616
0 1 28617
0 1 28618
0 1 28622
0 1 28623
0 1 28625
0 1 28627
0 1 28631
0 1 28634
0 1 28640
0 1 28642
0 1 28651
0 1 28652
0 1 28657
0 1 28667
0 1 28673
0 1 28674
0 1 28676
0 1 28684
0 1 28693
0 1 28696
0 1 28697
0 1 28702
0 1 28703
0 1 28704
0 1 28706
0 1 28713
0 1 28714
0 1 28716
0 1 28717
0 1 28719
0 1 28721
0 1 28724
0 1 28730
0 1 28731
0 1 28733
0 1 28742
0 1 28745
0 1 28748
0 1 28751
0 1 28757
0 1 28760
0 1 28761
0 1 28767
0 1 28770
0 1 28774
0 1 28778
0 1 28779
0 1 28781
0 1 28782
0 1 28784
0 1 28785
0 1 28786
0 1 28794
0 1 28795
0 1 28809
0 1 28811
0 1 28812
0 1 28821
0 1 28825
0 1 28828
0 1 28834
0 1 28841
0 1 28844
0 1 28845
0 1 28848
0 1 28853
0 1 28854
0 1 28858
0 1 28863
0 1 28865
0 1 28868
0 1 28871
0 1 28877
0 1 28882
0 1 28883
0 1 28884
0 1 28885
0 1 28886
0 1 28890
0 1 28891
0 1 28892
0 1 28893
0 1 28894
0 1 28896
0 1 28897
0 1 28899
0 1 28902
0 1 28903
0 1 28904
0 1 28905
0 1 28907
0 1 28910
0 1 28912
0 1 28914
0 1 28915
0 1 28919
0 1 28921
0 1 28926
0 1 28931
0 1 28933
0 1 28935
0 1 28937
0 1 28938
0 1 28941
0 1 28942
0 1 28943
0 1 28945
0 1 28949
0 1 28951
0 1 28957
0 1 28959
0 1 28964
0 1 28966
0 1 28967
0 1 28970
0 1 28976
0 1 28979
0 1 28982
0 1 28983
0 1 28988
0 1 28990
0 1 28993
0 1 28997
0 1 28999
0 1 29004
0 1 29006
0 1 29012
0 1 29018
0 1 29025
0 1 29026
0 1 29034
0 1 29040
0 1 29041
0 1 29042
0 1 29043
0 1 29044
0 1 29050
0 1 29057
0 1 29059
0 1 29060
0 1 29062
0 1 29065
0 1 29072
0 1 29073
0 1 29074
0 1 29075
0 1 29076
0 1 29077
0 1 29078
0 1 29085
0 1 29090
0 1 29091
0 1 29093
0 1 29095
0 1 29097
0 1 29099
0 1 29102
0 1 29108
0 1 29109
0 1 29111
0 1 29115
0 1 29122
0 1 29127
0 1 29129
0 1 29133
0 1 29134
0 1 29138
0 1 29139
0 1 29150
0 1 29156
0 1 29157
0 1 29159
0 1 29161
0 1 29163
0 1 29167
0 1 29170
0 1 29171
0 1 29174
0 1 29178
0 1 29182
0 1 29183
0 1 29185
0 1 29190
0 1 29199
0 1 29200
0 1 29201
0 1 29202
0 1 29205
0 1 29208
0 1 29209
0 1 29217
0 1 29218
0 1 29220
0 1 29223
0 1 29230
0 1 29236
0 1 29237
0 1 29239
0 1 29242
0 1 29244
0 1 29248
0 1 29252
0 1 29254
0 1 29256
0 1 29257
0 1 29259
0 1 29262
0 1 29263
0 1 29266
0 1 29267
0 1 29273
0 1 29274
0 1 29275
0 1 29276
0 1 29277
0 1 29278
0 1 29281
0 1 29283
0 1 29284
0 1 29288
0 1 29293
0 1 29294
0 1 29295
0 1 29297
0 1 29300
0 1 29301
0 1 29303
0 1 29304
0 1 29308
0 1 29311
0 1 29315
0 1 29317
0 1 29328
0 1 29332
0 1 29334
0 1 29338
0 1 29339
0 1 29343
0 1 29345
0 1 29347
0 1 29350
0 1 29353
0 1 29354
0 1 29358
0 1 29365
0 1 29367
0 1 29369
0 1 29371
0 1 29382
0 1 29384
0 1 29387
0 1 29397
0 1 29398
0 1 29401
0 1 29404
0 1 29408
0 1 29409
0 1 29415
0 1 29419
0 1 29426
0 1 29431
0 1 29432
0 1 29433
0 1 29434
0 1 29440
0 1 29441
0 1 29442
0 1 29443
0 1 29444
0 1 29447
0 1 29455
0 1 29457
0 1 29462
0 1 29469
0 1 29470
0 1 29471
0 1 29474
0 1 29476
0 1 29481
0 1 29482
0 1 29487
0 1 29491
0 1 29503
0 1 29508
0 1 29515
0 1 29522
0 1 29527
0 1 29528
0 1 29530
0 1 29531
0 1 29533
0 1 29536
0 1 29537
0 1 29538
0 1 29539
0 1 29540
0 1 29548
0 1 29553
0 1 29556
0 1 29557
0 1 29561
0 1 29565
0 1 29567
0 1 29570
0 1 29574
0 1 29583
0 1 29584
0 1 29588
0 1 29595
0 1 29597
0 1 29602
0 1 29606
0 1 29607
0 1 29609
0 1 29613
0 1 29614
0 1 29620
0 1 29625
0 1 29630
0 1 29639
0 1 29640
0 1 29641
0 1 29642
0 1 29645
0 1 29653
0 1 29654
0 1 29659
0 1 29665
0 1 29667
0 1 29670
0 1 29671
0 1 29673
0 1 29674
0 1 29676
0 1 29677
0 1 29683
0 1 29685
0 1 29687
0 1 29699
0 1 29702
0 1 29706
0 1 29710
0 1 29712
0 1 29713
0 1 29714
0 1 29718
0 1 29724
0 1 29729
0 1 29733
0 1 29735
0 1 29741
0 1 29742
0 1 29746
0 1 29747
0 1 29749
0 1 29758
0 1 29759
0 1 29765
0 1 29767
0 1 29774
0 1 29779
0 1 29783
0 1 29784
0 1 29785
0 1 29786
0 1 29790
0 1 29796
0 1 29797
0 1 29798
0 1 29803
0 1 29807
0 1 29809
0 1 29813
0 1 29814
0 1 29818
0 1 29819
0 1 29820
0 1 29827
0 1 29830
0 1 29831
0 1 29835
0 1 29841
0 1 29845
0 1 29847
0 1 29848
0 1 29854
0 1 29861
0 1 29872
0 1 29875
0 1 29876
0 1 29877
0 1 29882
0 1 29883
0 1 29886
0 1 29891
0 1 29893
0 1 29894
0 1 29895
0 1 29896
0 1 29900
0 1 29903
0 1 29904
0 1 29906
0 1 29912
0 1 29917
0 1 29919
0 1 29920
0 1 29923
0 1 29925
0 1 29928
0 1 29932
0 1 29934
0 1 29937
0 1 29938
0 1 29940
0 1 29944
0 1 29945
0 1 29947
0 1 29949
0 1 29952
0 1 29960
0 1 29963
0 1 29972
0 1 29973
0 1 29974
0 1 29977
0 1 29978
0 1 29985
0 1 29992
0 1 29997
0 1 29998
0 1 29999
0 1 30006
0 1 30015
0 1 30019
0 1 30029
0 1 30030
0 1 30031
0 1 30035
0 1 30037
0 1 30039
0 1 30050
0 1 30054
0 1 30060
0 1 30081
0 1 30085
0 1 30088
0 1 30089
0 1 30090
0 1 30092
0 1 30096
0 1 30097
0 1 30098
0 1 30099
0 1 30100
0 1 30105
0 1 30108
0 1 30109
0 1 30111
0 1 30113
0 1 30116
0 1 30131
0 1 30136
0 1 30144
0 1 30145
0 1 30147
0 1 30150
0 1 30151
0 1 30153
0 1 30154
0 1 30155
0 1 30169
0 1 30170
0 1 30171
0 1 30173
0 1 30181
0 1 30184
0 1 30186
0 1 30188
0 1 30189
0 1 30192
0 1 30196
0 1 30198
0 1 30200
0 1 30205
0 1 30208
0 1 30212
0 1 30215
0 1 30216
0 1 30219
0 1 30226
0 1 30227
0 1 30232
0 1 30238
0 1 30239
0 1 30240
0 1 30241
0 1 30243
0 1 30245
0 1 30247
0 1 30251
0 1 30252
0 1 30253
0 1 30266
0 1 30267
0 1 30269
0 1 30271
0 1 30273
0 1 30275
0 1 30282
0 1 30286
0 1 30291
0 1 30293
0 1 30296
0 1 30297
0 1 30299
0 1 30300
0 1 30307
0 1 30309
0 1 30310
0 1 30311
0 1 30315
0 1 30317
0 1 30321
0 1 30322
0 1 30328
0 1 30331
0 1 30332
0 1 30334
0 1 30335
0 1 30337
0 1 30341
0 1 30342
0 1 30348
0 1 30349
0 1 30354
0 1 30356
0 1 30360
0 1 30366
0 1 30367
0 1 30369
0 1 30371
0 1 30372
0 1 30381
0 1 30385
0 1 30392
0 1 30393
0 1 30394
0 1 30396
0 1 30400
0 1 30409
0 1 30411
0 1 30413
0 1 30415
0 1 30418
0 1 30419
0 1 30422
0 1 30423
0 1 30430
0 1 30441
0 1 30445
0 1 30448
0 1 30452
0 1 30453
0 1 30460
0 1 30461
0 1 30462
0 1 30463
0 1 30465
0 1 30468
0 1 30473
0 1 30474
0 1 30475
0 1 30490
0 1 30491
0 1 30499
0 1 30500
0 1 30503
0 1 30505
0 1 30509
0 1 30517
0 1 30518
0 1 30522
0 1 30524
0 1 30525
0 1 30544
0 1 30553
0 1 30570
0 1 30576
0 1 30582
0 1 30583
0 1 30585
0 1 30587
0 1 30589
0 1 30590
0 1 30592
0 1 30593
0 1 30596
0 1 30597
0 1 30600
0 1 30602
0 1 30606
0 1 30611
0 1 30613
0 1 30614
0 1 30622
0 1 30623
0 1 30624
0 1 30626
0 1 30627
0 1 30628
0 1 30630
0 1 30631
0 1 30632
0 1 30633
0 1 30636
0 1 30637
0 1 30642
0 1 30646
0 1 30647
0 1 30648
0 1 30655
0 1 30661
0 1 30662
0 1 30664
0 1 30666
0 1 30668
0 1 30669
0 1 30671
0 1 30674
0 1 30676
0 1 30678
0 1 30680
0 1 30685
0 1 30688
0 1 30692
0 1 30702
0 1 30708
0 1 30709
0 1 30711
0 1 30715
0 1 30717
0 1 30718
0 1 30720
0 1 30728
0 1 30741
0 1 30745
0 1 30747
0 1 30750
0 1 30752
0 1 30753
0 1 30754
0 1 30758
0 1 30764
0 1 30766
0 1 30767
0 1 30768
0 1 30774
0 1 30780
0 1 30799
0 1 30803
0 1 30806
0 1 30807
0 1 30808
0 1 30809
0 1 30810
0 1 30813
0 1 30816
0 1 30820
0 1 30825
0 1 30826
0 1 30829
0 1 30833
0 1 30837
0 1 30839
0 1 30844
0 1 30847
0 1 30856
0 1 30858
0 1 30861
0 1 30863
0 1 30866
0 1 30867
0 1 30870
0 1 30872
0 1 30875
0 1 30877
0 1 30883
0 1 30888
0 1 30892
0 1 30893
0 1 30901
0 1 30904
0 1 30905
0 1 30906
0 1 30915
0 1 30918
0 1 30919
0 1 30920
0 1 30923
0 1 30930
0 1 30932
0 1 30934
0 1 30935
0 1 30944
0 1 30955
0 1 30958
0 1 30963
0 1 30964
0 1 30976
0 1 30979
0 1 30984
0 1 30985
0 1 30988
0 1 30992
0 1 30993
0 1 30996
0 1 31000
0 1 31004
0 1 31005
0 1 31017
0 1 31018
0 1 31020
0 1 31021
0 1 31022
0 1 31023
0 1 31029
0 1 31030
0 1 31032
0 1 31033
0 1 31034
0 1 31038
0 1 31046
0 1 31048
0 1 31050
0 1 31051
0 1 31053
0 1 31058
0 1 31060
0 1 31066
0 1 31068
0 1 31070
0 1 31071
0 1 31074
0 1 31078
0 1 31080
0 1 31088
0 1 31094
0 1 31099
0 1 31101
0 1 31106
0 1 31108
0 1 31111
0 1 31114
0 1 31119
0 1 31126
0 1 31128
0 1 31129
0 1 31135
0 1 31138
0 1 31140
0 1 31142
0 1 31143
0 1 31145
0 1 31147
0 1 31148
0 1 31154
0 1 31156
0 1 31160
0 1 31162
0 1 31165
0 1 31171
0 1 31173
0 1 31175
0 1 31178
0 1 31189
0 1 31190
0 1 31192
0 1 31196
0 1 31198
0 1 31199
0 1 31200
0 1 31201
0 1 31204
0 1 31205
0 1 31206
0 1 31210
0 1 31213
0 1 31220
0 1 31223
0 1 31226
0 1 31227
0 1 31229
0 1 31238
0 1 31240
0 1 31242
0 1 31243
0 1 31244
0 1 31245
0 1 31246
0 1 31247
0 1 31248
0 1 31249
0 1 31251
0 1 31252
0 1 31253
0 1 31255
0 1 31256
0 1 31257
0 1 31258
0 1 31264
0 1 31265
0 1 31266
0 1 31269
0 1 31270
0 1 31271
0 1 31272
0 1 31273
0 1 31275
0 1 31281
0 1 31286
0 1 31287
0 1 31290
0 1 31291
0 1 31294
0 1 31295
0 1 31302
0 1 31305
0 1 31310
0 1 31317
0 1 31324
0 1 31326
0 1 31328
0 1 31329
0 1 31334
0 1 31335
0 1 31340
0 1 31343
0 1 31348
0 1 31353
0 1 31361
0 1 31362
0 1 31379
0 1 31382
0 1 31388
0 1 31389
0 1 31391
0 1 31392
0 1 31393
0 1 31400
0 1 31403
0 1 31405
0 1 31407
0 1 31409
0 1 31413
0 1 31416
0 1 31426
0 1 31427
0 1 31436
0 1 31439
0 1 31443
0 1 31444
0 1 31447
0 1 31456
0 1 31457
0 1 31458
0 1 31460
0 1 31467
0 1 31470
0 1 31471
0 1 31472
0 1 31479
0 1 31482
0 1 31484
0 1 31485
0 1 31486
0 1 31487
0 1 31490
0 1 31491
0 1 31502
0 1 31506
0 1 31509
0 1 31511
0 1 31515
0 1 31518
0 1 31523
0 1 31524
0 1 31530
0 1 31534
0 1 31538
0 1 31540
0 1 31541
0 1 31545
0 1 31549
0 1 31553
0 1 31561
0 1 31563
0 1 31564
0 1 31565
0 1 31572
0 1 31573
0 1 31574
0 1 31582
0 1 31587
0 1 31588
0 1 31591
0 1 31594
0 1 31597
0 1 31601
0 1 31606
0 1 31609
0 1 31610
0 1 31617
0 1 31622
0 1 31627
0 1 31631
0 1 31636
0 1 31639
0 1 31642
0 1 31653
0 1 31657
0 1 31658
0 1 31661
0 1 31664
0 1 31669
0 1 31672
0 1 31679
0 1 31685
0 1 31688
0 1 31689
0 1 31693
0 1 31694
0 1 31695
0 1 31697
0 1 31698
0 1 31700
0 1 31701
0 1 31702
0 1 31705
0 1 31707
0 1 31708
0 1 31712
0 1 31714
0 1 31715
0 1 31721
0 1 31725
0 1 31727
0 1 31728
0 1 31729
0 1 31739
0 1 31741
0 1 31743
0 1 31744
0 1 31748
0 1 31749
0 1 31750
0 1 31758
0 1 31759
0 1 31761
0 1 31763
0 1 31767
0 1 31768
0 1 31773
0 1 31775
0 1 31783
0 1 31785
0 1 31787
0 1 31788
0 1 31789
0 1 31791
0 1 31795
0 1 31800
0 1 31805
0 1 31807
0 1 31812
0 1 31814
0 1 31816
0 1 31820
0 1 31821
0 1 31822
0 1 31827
0 1 31835
0 1 31840
0 1 31850
0 1 31851
0 1 31852
0 1 31853
0 1 31857
0 1 31860
0 1 31869
0 1 31879
0 1 31887
0 1 31888
0 1 31889
0 1 31896
0 1 31897
0 1 31898
0 1 31899
0 1 31901
0 1 31902
0 1 31912
0 1 31913
0 1 31914
0 1 31921
0 1 31922
0 1 31928
0 1 31944
0 1 31946
0 1 31947
0 1 31950
0 1 31951
0 1 31960
0 1 31961
0 1 31968
0 1 31969
0 1 31975
0 1 31979
0 1 31989
0 1 31992
0 1 31995
0 1 31999
0 1 32003
0 1 32012
0 1 32015
0 1 32016
0 1 32024
0 1 32029
0 1 32033
0 1 32034
0 1 32036
0 1 32038
0 1 32046
0 1 32049
0 1 32050
0 1 32053
0 1 32058
0 1 32059
0 1 32060
0 1 32062
0 1 32064
0 1 32066
0 1 32067
0 1 32068
0 1 32072
0 1 32075
0 1 32076
0 1 32084
0 1 32088
0 1 32090
0 1 32092
0 1 32095
0 1 32096
0 1 32098
0 1 32103
0 1 32113
0 1 32122
0 1 32123
0 1 32126
0 1 32128
0 1 32130
0 1 32131
0 1 32132
0 1 32137
0 1 32139
0 1 32144
0 1 32147
0 1 32153
0 1 32156
0 1 32158
0 1 32160
0 1 32170
0 1 32173
0 1 32176
0 1 32177
0 1 32181
0 1 32182
0 1 32187
0 1 32196
0 1 32197
0 1 32200
0 1 32203
0 1 32212
0 1 32222
0 1 32223
0 1 32224
0 1 32229
0 1 32233
0 1 32234
0 1 32235
0 1 32238
0 1 32243
0 1 32249
0 1 32250
0 1 32252
0 1 32255
0 1 32263
0 1 32264
0 1 32266
0 1 32273
0 1 32277
0 1 32279
0 1 32280
0 1 32286
0 1 32287
0 1 32292
0 1 32294
0 1 32297
0 1 32302
0 1 32309
0 1 32312
0 1 32326
0 1 32330
0 1 32336
0 1 32337
0 1 32339
0 1 32340
0 1 32348
0 1 32350
0 1 32357
0 1 32358
0 1 32373
0 1 32376
0 1 32377
0 1 32378
0 1 32380
0 1 32382
0 1 32385
0 1 32387
0 1 32389
0 1 32390
0 1 32393
0 1 32394
0 1 32395
0 1 32397
0 1 32403
0 1 32405
0 1 32406
0 1 32408
0 1 32411
0 1 32416
0 1 32417
0 1 32420
0 1 32424
0 1 32430
0 1 32433
0 1 32435
0 1 32436
0 1 32445
0 1 32447
0 1 32448
0 1 32450
0 1 32456
0 1 32457
0 1 32459
0 1 32460
0 1 32461
0 1 32463
0 1 32464
0 1 32470
0 1 32471
0 1 32477
0 1 32479
0 1 32481
0 1 32482
0 1 32485
0 1 32488
0 1 32491
0 1 32492
0 1 32496
0 1 32497
0 1 32498
0 1 32500
0 1 32502
0 1 32504
0 1 32505
0 1 32507
0 1 32508
0 1 32513
0 1 32516
0 1 32521
0 1 32522
0 1 32525
0 1 32533
0 1 32540
0 1 32546
0 1 32548
0 1 32551
0 1 32558
0 1 32564
0 1 32566
0 1 32568
0 1 32574
0 1 32575
0 1 32576
0 1 32582
0 1 32583
0 1 32589
0 1 32590
0 1 32593
0 1 32594
0 1 32597
0 1 32598
0 1 32599
0 1 32601
0 1 32605
0 1 32606
0 1 32608
0 1 32611
0 1 32612
0 1 32613
0 1 32621
0 1 32623
0 1 32624
0 1 32625
0 1 32633
0 1 32636
0 1 32637
0 1 32638
0 1 32639
0 1 32641
0 1 32646
0 1 32650
0 1 32663
0 1 32671
0 1 32675
0 1 32676
0 1 32679
0 1 32684
0 1 32690
0 1 32695
0 1 32698
0 1 32699
0 1 32702
0 1 32703
0 1 32705
0 1 32707
0 1 32709
0 1 32713
0 1 32714
0 1 32716
0 1 32718
0 1 32721
0 1 32723
0 1 32733
0 1 32735
0 1 32736
0 1 32737
0 1 32748
0 1 32749
0 1 32751
0 1 32752
0 1 32754
0 1 32757
0 1 32758
0 1 32760
0 1 32761
0 1 32766
0 1 32770
0 1 32771
0 1 32790
0 1 32798
0 1 32802
0 1 32803
0 1 32810
0 1 32811
0 1 32813
0 1 32817
0 1 32819
0 1 32820
0 1 32822
0 1 32824
0 1 32827
0 1 32830
0 1 32834
0 1 32835
0 1 32836
0 1 32840
0 1 32846
0 1 32849
0 1 32852
0 1 32855
0 1 32856
0 1 32859
0 1 32863
0 1 32866
0 1 32868
0 1 32872
0 1 32873
0 1 32874
0 1 32875
0 1 32877
0 1 32878
0 1 32883
0 1 32887
0 1 32888
0 1 32889
0 1 32890
0 1 32892
0 1 32895
0 1 32898
0 1 32900
0 1 32902
0 1 32909
0 1 32910
0 1 32911
0 1 32913
0 1 32918
0 1 32919
0 1 32926
0 1 32927
0 1 32928
0 1 32932
0 1 32933
0 1 32941
0 1 32944
0 1 32946
0 1 32950
0 1 32952
0 1 32954
0 1 32958
0 1 32961
0 1 32963
0 1 32965
0 1 32970
0 1 32973
0 1 32976
0 1 32977
0 1 32979
0 1 32985
0 1 32987
0 1 32988
0 1 32991
0 1 32995
0 1 32997
0 1 32998
0 1 33001
0 1 33002
0 1 33011
0 1 33016
0 1 33019
0 1 33020
0 1 33027
0 1 33028
0 1 33029
0 1 33035
0 1 33037
0 1 33038
0 1 33039
0 1 33040
0 1 33044
0 1 33046
0 1 33052
0 1 33053
0 1 33056
0 1 33060
0 1 33061
0 1 33067
0 1 33074
0 1 33082
0 1 33084
0 1 33089
0 1 33091
0 1 33093
0 1 33099
0 1 33100
0 1 33104
0 1 33106
0 1 33107
0 1 33112
0 1 33113
0 1 33114
0 1 33117
0 1 33118
0 1 33131
0 1 33133
0 1 33141
0 1 33146
0 1 33152
0 1 33157
0 1 33158
0 1 33161
0 1 33162
0 1 33164
0 1 33170
0 1 33171
0 1 33172
0 1 33174
0 1 33176
0 1 33183
0 1 33184
0 1 33188
0 1 33189
0 1 33191
0 1 33193
0 1 33194
0 1 33196
0 1 33200
0 1 33201
0 1 33204
0 1 33207
0 1 33210
0 1 33213
0 1 33221
0 1 33225
0 1 33226
0 1 33228
0 1 33230
0 1 33232
0 1 33233
0 1 33237
0 1 33247
0 1 33248
0 1 33252
0 1 33256
0 1 33258
0 1 33260
0 1 33261
0 1 33266
0 1 33267
0 1 33269
0 1 33272
0 1 33274
0 1 33276
0 1 33281
0 1 33283
0 1 33286
0 1 33291
0 1 33293
0 1 33306
0 1 33311
0 1 33313
0 1 33317
0 1 33318
0 1 33320
0 1 33323
0 1 33324
0 1 33325
0 1 33326
0 1 33328
0 1 33329
0 1 33330
0 1 33333
0 1 33335
0 1 33336
0 1 33337
0 1 33339
0 1 33344
0 1 33345
0 1 33350
0 1 33355
0 1 33358
0 1 33364
0 1 33366
0 1 33370
0 1 33372
0 1 33374
0 1 33375
0 1 33387
0 1 33389
0 1 33391
0 1 33392
0 1 33395
0 1 33397
0 1 33400
0 1 33402
0 1 33403
0 1 33404
0 1 33410
0 1 33411
0 1 33414
0 1 33417
0 1 33420
0 1 33424
0 1 33425
0 1 33428
0 1 33429
0 1 33430
0 1 33443
0 1 33447
0 1 33449
0 1 33452
0 1 33455
0 1 33460
0 1 33462
0 1 33464
0 1 33465
0 1 33473
0 1 33476
0 1 33477
0 1 33484
0 1 33487
0 1 33489
0 1 33497
0 1 33500
0 1 33507
0 1 33508
0 1 33510
0 1 33511
0 1 33518
0 1 33523
0 1 33524
0 1 33525
0 1 33527
0 1 33528
0 1 33529
0 1 33533
0 1 33535
0 1 33543
0 1 33546
0 1 33550
0 1 33556
0 1 33558
0 1 33568
0 1 33579
0 1 33581
0 1 33586
0 1 33587
0 1 33588
0 1 33591
0 1 33592
0 1 33598
0 1 33599
0 1 33600
0 1 33609
0 1 33616
0 1 33619
0 1 33625
0 1 33629
0 1 33632
0 1 33636
0 1 33638
0 1 33639
0 1 33645
0 1 33655
0 1 33657
0 1 33661
0 1 33662
0 1 33664
0 1 33668
0 1 33670
0 1 33674
0 1 33676
0 1 33680
0 1 33681
0 1 33684
0 1 33685
0 1 33688
0 1 33689
0 1 33694
0 1 33695
0 1 33697
0 1 33698
0 1 33707
0 1 33710
0 1 33714
0 1 33717
0 1 33729
0 1 33730
0 1 33734
0 1 33737
0 1 33740
0 1 33746
0 1 33756
0 1 33758
0 1 33759
0 1 33760
0 1 33764
0 1 33765
0 1 33772
0 1 33774
0 1 33775
0 1 33778
0 1 33787
0 1 33791
0 1 33794
0 1 33795
0 1 33798
0 1 33807
0 1 33811
0 1 33813
0 1 33815
0 1 33819
0 1 33831
0 1 33842
0 1 33853
0 1 33854
0 1 33857
0 1 33862
0 1 33864
0 1 33870
0 1 33874
0 1 33882
0 1 33883
0 1 33885
0 1 33897
0 1 33898
0 1 33903
0 1 33905
0 1 33906
0 1 33907
0 1 33909
0 1 33913
0 1 33920
0 1 33927
0 1 33930
0 1 33931
0 1 33933
0 1 33934
0 1 33937
0 1 33938
0 1 33942
0 1 33943
0 1 33948
0 1 33949
0 1 33952
0 1 33953
0 1 33957
0 1 33958
0 1 33960
0 1 33962
0 1 33964
0 1 33969
0 1 33985
0 1 33992
0 1 33996
0 1 34006
0 1 34014
0 1 34019
0 1 34020
0 1 34023
0 1 34027
0 1 34028
0 1 34029
0 1 34035
0 1 34040
0 1 34042
0 1 34044
0 1 34045
0 1 34046
0 1 34052
0 1 34055
0 1 34058
0 1 34059
0 1 34063
0 1 34067
0 1 34071
0 1 34074
0 1 34077
0 1 34079
0 1 34082
0 1 34085
0 1 34086
0 1 34103
0 1 34114
0 1 34119
0 1 34122
0 1 34134
0 1 34137
0 1 34139
0 1 34143
0 1 34145
0 1 34148
0 1 34156
0 1 34157
0 1 34162
0 1 34163
0 1 34166
0 1 34182
0 1 34184
0 1 34201
0 1 34202
0 1 34204
0 1 34206
0 1 34215
0 1 34218
0 1 34219
0 1 34222
0 1 34229
0 1 34233
0 1 34237
0 1 34242
0 1 34245
0 1 34247
0 1 34249
0 1 34254
0 1 34259
0 1 34263
0 1 34264
0 1 34266
0 1 34267
0 1 34269
0 1 34270
0 1 34275
0 1 34278
0 1 34280
0 1 34283
0 1 34290
0 1 34297
0 1 34302
0 1 34303
0 1 34305
0 1 34306
0 1 34307
0 1 34308
0 1 34314
0 1 34317
0 1 34318
0 1 34320
0 1 34324
0 1 34325
0 1 34329
0 1 34330
0 1 34337
0 1 34339
0 1 34341
0 1 34344
0 1 34347
0 1 34350
0 1 34354
0 1 34355
0 1 34361
0 1 34365
0 1 34366
0 1 34371
0 1 34375
0 1 34383
0 1 34388
0 1 34390
0 1 34393
0 1 34394
0 1 34395
0 1 34401
0 1 34402
0 1 34403
0 1 34404
0 1 34408
0 1 34414
0 1 34423
0 1 34428
0 1 34429
0 1 34431
0 1 34436
0 1 34439
0 1 34445
0 1 34446
0 1 34455
0 1 34466
0 1 34468
0 1 34469
0 1 34472
0 1 34476
0 1 34477
0 1 34478
0 1 34479
0 1 34480
0 1 34482
0 1 34490
0 1 34491
0 1 34501
0 1 34505
0 1 34506
0 1 34508
0 1 34513
0 1 34516
0 1 34518
0 1 34520
0 1 34524
0 1 34525
0 1 34528
0 1 34529
0 1 34535
0 1 34537
0 1 34539
0 1 34543
0 1 34548
0 1 34549
0 1 34553
0 1 34555
0 1 34562
0 1 34563
0 1 34565
0 1 34566
0 1 34569
0 1 34570
0 1 34571
0 1 34573
0 1 34574
0 1 34577
0 1 34579
0 1 34587
0 1 34590
0 1 34592
0 1 34595
0 1 34596
0 1 34599
0 1 34600
0 1 34601
0 1 34603
0 1 34609
0 1 34613
0 1 34625
0 1 34626
0 1 34632
0 1 34634
0 1 34638
0 1 34641
0 1 34645
0 1 34651
0 1 34653
0 1 34655
0 1 34660
0 1 34661
0 1 34665
0 1 34666
0 1 34669
0 1 34671
0 1 34672
0 1 34674
0 1 34676
0 1 34677
0 1 34680
0 1 34684
0 1 34685
0 1 34687
0 1 34688
0 1 34691
0 1 34695
0 1 34701
0 1 34704
0 1 34706
0 1 34708
0 1 34710
0 1 34712
0 1 34721
0 1 34722
0 1 34724
0 1 34725
0 1 34730
0 1 34731
0 1 34732
0 1 34733
0 1 34736
0 1 34738
0 1 34741
0 1 34744
0 1 34745
0 1 34749
0 1 34755
0 1 34757
0 1 34759
0 1 34760
0 1 34761
0 1 34765
0 1 34766
0 1 34771
0 1 34774
0 1 34775
0 1 34777
0 1 34780
0 1 34783
0 1 34787
0 1 34788
0 1 34791
0 1 34794
0 1 34800
0 1 34806
0 1 34807
0 1 34817
0 1 34824
0 1 34828
0 1 34830
0 1 34831
0 1 34833
0 1 34837
0 1 34838
0 1 34843
0 1 34844
0 1 34850
0 1 34851
0 1 34852
0 1 34857
0 1 34862
0 1 34863
0 1 34865
0 1 34866
0 1 34867
0 1 34869
0 1 34870
0 1 34875
0 1 34876
0 1 34880
0 1 34884
0 1 34888
0 1 34901
0 1 34906
0 1 34913
0 1 34915
0 1 34922
0 1 34931
0 1 34932
0 1 34935
0 1 34942
0 1 34943
0 1 34947
0 1 34948
0 1 34950
0 1 34952
0 1 34959
0 1 34960
0 1 34964
0 1 34967
0 1 34969
0 1 34973
0 1 34980
0 1 34981
0 1 34984
0 1 34989
0 1 34990
0 1 34994
0 1 34995
0 1 34999
0 1 35001
0 1 35007
0 1 35010
0 1 35013
0 1 35014
0 1 35020
0 1 35026
0 1 35029
0 1 35032
0 1 35039
0 1 35045
0 1 35048
0 1 35049
0 1 35057
0 1 35060
0 1 35064
0 1 35065
0 1 35066
0 1 35070
0 1 35075
0 1 35076
0 1 35077
0 1 35081
0 1 35085
0 1 35088
0 1 35097
0 1 35100
0 1 35102
0 1 35104
0 1 35107
0 1 35112
0 1 35117
0 1 35121
0 1 35124
0 1 35132
0 1 35137
0 1 35147
0 1 35155
0 1 35156
0 1 35157
0 1 35161
0 1 35164
0 1 35165
0 1 35166
0 1 35170
0 1 35171
0 1 35177
0 1 35182
0 1 35183
0 1 35190
0 1 35193
0 1 35194
0 1 35203
0 1 35205
0 1 35209
0 1 35210
0 1 35211
0 1 35219
0 1 35220
0 1 35221
0 1 35222
0 1 35223
0 1 35225
0 1 35226
0 1 35236
0 1 35240
0 1 35257
0 1 35261
0 1 35264
0 1 35265
0 1 35267
0 1 35269
0 1 35277
0 1 35281
0 1 35282
0 1 35283
0 1 35285
0 1 35287
0 1 35288
0 1 35296
0 1 35301
0 1 35306
0 1 35307
0 1 35308
0 1 35310
0 1 35311
0 1 35314
0 1 35319
0 1 35321
0 1 35323
0 1 35324
0 1 35333
0 1 35339
0 1 35340
0 1 35341
0 1 35343
0 1 35353
0 1 35360
0 1 35361
0 1 35370
0 1 35375
0 1 35376
0 1 35394
0 1 35399
0 1 35405
0 1 35406
0 1 35408
0 1 35409
0 1 35412
0 1 35414
0 1 35425
0 1 35426
0 1 35428
0 1 35429
0 1 35438
0 1 35440
0 1 35442
0 1 35446
0 1 35449
0 1 35450
0 1 35452
0 1 35453
0 1 35466
0 1 35469
0 1 35470
0 1 35483
0 1 35487
0 1 35489
0 1 35492
0 1 35494
0 1 35499
0 1 35502
0 1 35507
0 1 35508
0 1 35514
0 1 35515
0 1 35516
0 1 35521
0 1 35526
0 1 35530
0 1 35534
0 1 35553
0 1 35556
0 1 35557
0 1 35558
0 1 35559
0 1 35561
0 1 35563
0 1 35564
0 1 35571
0 1 35572
0 1 35573
0 1 35581
0 1 35582
0 1 35583
0 1 35584
0 1 35592
0 1 35594
0 1 35596
0 1 35604
0 1 35607
0 1 35608
0 1 35612
0 1 35614
0 1 35623
0 1 35624
0 1 35627
0 1 35636
0 1 35637
0 1 35641
0 1 35642
0 1 35651
0 1 35652
0 1 35659
0 1 35660
0 1 35664
0 1 35665
0 1 35669
0 1 35671
0 1 35672
0 1 35673
0 1 35680
0 1 35684
0 1 35686
0 1 35687
0 1 35690
0 1 35696
0 1 35700
0 1 35702
0 1 35710
0 1 35713
0 1 35722
0 1 35728
0 1 35730
0 1 35732
0 1 35735
0 1 35739
0 1 35742
0 1 35747
0 1 35755
0 1 35767
0 1 35777
0 1 35781
0 1 35786
0 1 35787
0 1 35788
0 1 35789
0 1 35792
0 1 35794
0 1 35798
0 1 35801
0 1 35802
0 1 35804
0 1 35807
0 1 35809
0 1 35810
0 1 35811
0 1 35812
0 1 35814
0 1 35816
0 1 35817
0 1 35819
0 1 35820
0 1 35821
0 1 35825
0 1 35829
0 1 35831
0 1 35833
0 1 35835
0 1 35837
0 1 35840
0 1 35842
0 1 35844
0 1 35851
0 1 35853
0 1 35859
0 1 35861
0 1 35862
0 1 35864
0 1 35871
0 1 35872
0 1 35877
0 1 35881
0 1 35892
0 1 35896
0 1 35906
0 1 35908
0 1 35913
0 1 35917
0 1 35930
0 1 35931
0 1 35933
0 1 35938
0 1 35950
0 1 35953
0 1 35954
0 1 35956
0 1 35957
0 1 35958
0 1 35964
0 1 35966
0 1 35968
0 1 35969
0 1 35975
0 1 35977
0 1 35978
0 1 35979
0 1 35982
0 1 35985
0 1 35988
0 1 35990
0 1 35992
0 1 35993
0 1 36001
0 1 36004
0 1 36015
0 1 36022
0 1 36026
0 1 36030
0 1 36031
0 1 36042
0 1 36047
0 1 36049
0 1 36050
0 1 36055
0 1 36060
0 1 36062
0 1 36065
0 1 36066
0 1 36070
0 1 36074
0 1 36076
0 1 36081
0 1 36082
0 1 36083
0 1 36085
0 1 36088
0 1 36089
0 1 36091
0 1 36093
0 1 36094
0 1 36096
0 1 36097
0 1 36099
0 1 36101
0 1 36102
0 1 36106
0 1 36110
0 1 36111
0 1 36112
0 1 36113
0 1 36115
0 1 36117
0 1 36118
0 1 36121
0 1 36124
0 1 36126
0 1 36127
0 1 36131
0 1 36132
0 1 36137
0 1 36138
0 1 36139
0 1 36140
0 1 36143
0 1 36145
0 1 36147
0 1 36148
0 1 36151
0 1 36153
0 1 36156
0 1 36158
0 1 36159
0 1 36160
0 1 36168
0 1 36169
0 1 36171
0 1 36174
0 1 36175
0 1 36178
0 1 36179
0 1 36180
0 1 36186
0 1 36187
0 1 36190
0 1 36193
0 1 36196
0 1 36198
0 1 36202
0 1 36203
0 1 36205
0 1 36207
0 1 36208
0 1 36223
0 1 36224
0 1 36228
0 1 36238
0 1 36241
0 1 36245
0 1 36247
0 1 36250
0 1 36251
0 1 36257
0 1 36259
0 1 36260
0 1 36263
0 1 36265
0 1 36267
0 1 36268
0 1 36271
0 1 36273
0 1 36275
0 1 36278
0 1 36279
0 1 36282
0 1 36284
0 1 36289
0 1 36294
0 1 36295
0 1 36296
0 1 36300
0 1 36302
0 1 36303
0 1 36304
0 1 36305
0 1 36309
0 1 36310
0 1 36311
0 1 36315
0 1 36318
0 1 36321
0 1 36325
0 1 36329
0 1 36330
0 1 36332
0 1 36334
0 1 36335
0 1 36341
0 1 36346
0 1 36349
0 1 36358
0 1 36364
0 1 36371
0 1 36373
0 1 36378
0 1 36387
0 1 36388
0 1 36391
0 1 36395
0 1 36396
0 1 36402
0 1 36407
0 1 36410
0 1 36412
0 1 36413
0 1 36415
0 1 36422
0 1 36424
0 1 36427
0 1 36430
0 1 36433
0 1 36434
0 1 36445
0 1 36446
0 1 36449
0 1 36453
0 1 36461
0 1 36464
0 1 36474
0 1 36475
0 1 36484
0 1 36487
0 1 36492
0 1 36494
0 1 36496
0 1 36500
0 1 36503
0 1 36505
0 1 36506
0 1 36508
0 1 36511
0 1 36512
0 1 36517
0 1 36521
0 1 36524
0 1 36528
0 1 36532
0 1 36534
0 1 36535
0 1 36548
0 1 36556
0 1 36559
0 1 36563
0 1 36569
0 1 36578
0 1 36579
0 1 36580
0 1 36583
0 1 36588
0 1 36598
0 1 36599
0 1 36601
0 1 36602
0 1 36608
0 1 36609
0 1 36610
0 1 36616
0 1 36617
0 1 36618
0 1 36621
0 1 36628
0 1 36629
0 1 36631
0 1 36637
0 1 36639
0 1 36641
0 1 36645
0 1 36647
0 1 36666
0 1 36670
0 1 36674
0 1 36676
0 1 36678
0 1 36681
0 1 36682
0 1 36684
0 1 36687
0 1 36688
0 1 36689
0 1 36698
0 1 36699
0 1 36700
0 1 36703
0 1 36707
0 1 36708
0 1 36717
0 1 36725
0 1 36726
0 1 36727
0 1 36728
0 1 36730
0 1 36731
0 1 36735
0 1 36740
0 1 36742
0 1 36747
0 1 36748
0 1 36750
0 1 36754
0 1 36757
0 1 36760
0 1 36761
0 1 36762
0 1 36769
0 1 36770
0 1 36773
0 1 36774
0 1 36779
0 1 36781
0 1 36782
0 1 36785
0 1 36786
0 1 36790
0 1 36793
0 1 36795
0 1 36797
0 1 36803
0 1 36806
0 1 36807
0 1 36810
0 1 36815
0 1 36816
0 1 36822
0 1 36824
0 1 36825
0 1 36826
0 1 36827
0 1 36829
0 1 36831
0 1 36839
0 1 36840
0 1 36842
0 1 36849
0 1 36850
0 1 36854
0 1 36857
0 1 36862
0 1 36871
0 1 36875
0 1 36876
0 1 36886
0 1 36890
0 1 36899
0 1 36901
0 1 36904
0 1 36908
0 1 36910
0 1 36919
0 1 36927
0 1 36929
0 1 36930
0 1 36935
0 1 36942
0 1 36947
0 1 36955
0 1 36962
0 1 36969
0 1 36988
0 1 36996
0 1 37001
0 1 37003
0 1 37005
0 1 37006
0 1 37008
0 1 37009
0 1 37010
0 1 37018
0 1 37021
0 1 37023
0 1 37025
0 1 37026
0 1 37035
0 1 37045
0 1 37047
0 1 37049
0 1 37050
0 1 37060
0 1 37062
0 1 37068
0 1 37072
0 1 37073
0 1 37074
0 1 37079
0 1 37083
0 1 37086
0 1 37088
0 1 37090
0 1 37096
0 1 37099
0 1 37104
0 1 37107
0 1 37110
0 1 37111
0 1 37117
0 1 37122
0 1 37131
0 1 37132
0 1 37133
0 1 37141
0 1 37145
0 1 37147
0 1 37148
0 1 37151
0 1 37154
0 1 37156
0 1 37162
0 1 37166
0 1 37168
0 1 37169
0 1 37174
0 1 37176
0 1 37177
0 1 37178
0 1 37181
0 1 37182
0 1 37185
0 1 37191
0 1 37203
0 1 37206
0 1 37208
0 1 37209
0 1 37211
0 1 37213
0 1 37214
0 1 37218
0 1 37219
0 1 37223
0 1 37229
0 1 37231
0 1 37233
0 1 37246
0 1 37249
0 1 37250
0 1 37252
0 1 37254
0 1 37256
0 1 37258
0 1 37259
0 1 37262
0 1 37266
0 1 37272
0 1 37275
0 1 37282
0 1 37286
0 1 37287
0 1 37291
0 1 37295
0 1 37297
0 1 37298
0 1 37301
0 1 37304
0 1 37306
0 1 37307
0 1 37309
0 1 37312
0 1 37324
0 1 37325
0 1 37328
0 1 37329
0 1 37332
0 1 37335
0 1 37337
0 1 37339
0 1 37340
0 1 37343
0 1 37344
0 1 37345
0 1 37348
0 1 37352
0 1 37356
0 1 37364
0 1 37369
0 1 37373
0 1 37382
0 1 37390
0 1 37401
0 1 37402
0 1 37403
0 1 37407
0 1 37410
0 1 37416
0 1 37417
0 1 37419
0 1 37421
0 1 37428
0 1 37430
0 1 37435
0 1 37437
0 1 37438
0 1 37444
0 1 37446
0 1 37451
0 1 37452
0 1 37454
0 1 37460
0 1 37462
0 1 37464
0 1 37465
0 1 37466
0 1 37467
0 1 37470
0 1 37473
0 1 37474
0 1 37475
0 1 37480
0 1 37488
0 1 37492
0 1 37493
0 1 37496
0 1 37498
0 1 37506
0 1 37509
0 1 37516
0 1 37519
0 1 37526
0 1 37533
0 1 37543
0 1 37552
0 1 37554
0 1 37556
0 1 37557
0 1 37564
0 1 37566
0 1 37568
0 1 37570
0 1 37571
0 1 37573
0 1 37579
0 1 37581
0 1 37583
0 1 37588
0 1 37593
0 1 37594
0 1 37596
0 1 37599
0 1 37601
0 1 37607
0 1 37609
0 1 37611
0 1 37612
0 1 37614
0 1 37615
0 1 37617
0 1 37623
0 1 37624
0 1 37625
0 1 37635
0 1 37640
0 1 37646
0 1 37649
0 1 37650
0 1 37655
0 1 37657
0 1 37662
0 1 37665
0 1 37667
0 1 37671
0 1 37673
0 1 37679
0 1 37680
0 1 37687
0 1 37690
0 1 37692
0 1 37693
0 1 37698
0 1 37699
0 1 37702
0 1 37707
0 1 37723
0 1 37725
0 1 37727
0 1 37730
0 1 37732
0 1 37735
0 1 37738
0 1 37740
0 1 37743
0 1 37745
0 1 37747
0 1 37752
0 1 37754
0 1 37755
0 1 37760
0 1 37762
0 1 37763
0 1 37766
0 1 37767
0 1 37770
0 1 37773
0 1 37774
0 1 37778
0 1 37781
0 1 37783
0 1 37785
0 1 37786
0 1 37787
0 1 37791
0 1 37793
0 1 37795
0 1 37797
0 1 37798
0 1 37799
0 1 37800
0 1 37806
0 1 37808
0 1 37809
0 1 37811
0 1 37816
0 1 37821
0 1 37823
0 1 37826
0 1 37834
0 1 37846
0 1 37847
0 1 37851
0 1 37852
0 1 37854
0 1 37855
0 1 37859
0 1 37866
0 1 37868
0 1 37874
0 1 37875
0 1 37882
0 1 37883
0 1 37888
0 1 37890
0 1 37892
0 1 37893
0 1 37894
0 1 37895
0 1 37898
0 1 37901
0 1 37903
0 1 37904
0 1 37909
0 1 37913
0 1 37917
0 1 37918
0 1 37925
0 1 37926
0 1 37930
0 1 37931
0 1 37934
0 1 37942
0 1 37945
0 1 37948
0 1 37952
0 1 37954
0 1 37955
0 1 37957
0 1 37963
0 1 37964
0 1 37965
0 1 37968
0 1 37973
0 1 37974
0 1 37978
0 1 37979
0 1 37981
0 1 37983
0 1 37985
0 1 37987
0 1 37992
0 1 37996
0 1 37999
0 1 38002
0 1 38004
0 1 38005
0 1 38008
0 1 38009
0 1 38010
0 1 38018
0 1 38022
0 1 38023
0 1 38028
0 1 38029
0 1 38036
0 1 38038
0 1 38040
0 1 38043
0 1 38044
0 1 38050
0 1 38052
0 1 38053
0 1 38055
0 1 38057
0 1 38064
0 1 38065
0 1 38076
0 1 38078
0 1 38081
0 1 38083
0 1 38087
0 1 38089
0 1 38094
0 1 38096
0 1 38097
0 1 38098
0 1 38117
0 1 38124
0 1 38128
0 1 38133
0 1 38134
0 1 38139
0 1 38141
0 1 38142
0 1 38145
0 1 38147
0 1 38149
0 1 38161
0 1 38169
0 1 38170
0 1 38173
0 1 38176
0 1 38179
0 1 38181
0 1 38185
0 1 38186
0 1 38188
0 1 38191
0 1 38195
0 1 38204
0 1 38210
0 1 38213
0 1 38217
0 1 38219
0 1 38221
0 1 38226
0 1 38231
0 1 38233
0 1 38236
0 1 38248
0 1 38250
0 1 38254
0 1 38256
0 1 38261
0 1 38262
0 1 38267
0 1 38269
0 1 38271
0 1 38273
0 1 38274
0 1 38275
0 1 38276
0 1 38277
0 1 38279
0 1 38292
0 1 38294
0 1 38297
0 1 38299
0 1 38301
0 1 38302
0 1 38304
0 1 38306
0 1 38307
0 1 38315
0 1 38322
0 1 38327
0 1 38331
0 1 38333
0 1 38334
0 1 38338
0 1 38344
0 1 38349
0 1 38353
0 1 38363
0 1 38366
0 1 38367
0 1 38368
0 1 38370
0 1 38373
0 1 38375
0 1 38380
0 1 38381
0 1 38384
0 1 38385
0 1 38386
0 1 38390
0 1 38401
0 1 38402
0 1 38403
0 1 38408
0 1 38414
0 1 38417
0 1 38421
0 1 38422
0 1 38423
0 1 38424
0 1 38425
0 1 38430
0 1 38438
0 1 38439
0 1 38440
0 1 38443
0 1 38447
0 1 38449
0 1 38454
0 1 38460
0 1 38464
0 1 38467
0 1 38471
0 1 38473
0 1 38474
0 1 38478
0 1 38494
0 1 38495
0 1 38498
0 1 38502
0 1 38503
0 1 38510
0 1 38512
0 1 38514
0 1 38517
0 1 38518
0 1 38528
0 1 38540
0 1 38547
0 1 38549
0 1 38555
0 1 38561
0 1 38563
0 1 38564
0 1 38566
0 1 38567
0 1 38568
0 1 38574
0 1 38575
0 1 38589
0 1 38594
0 1 38598
0 1 38600
0 1 38602
0 1 38604
0 1 38608
0 1 38609
0 1 38610
0 1 38615
0 1 38620
0 1 38622
0 1 38623
0 1 38626
0 1 38627
0 1 38632
0 1 38633
0 1 38640
0 1 38647
0 1 38651
0 1 38652
0 1 38654
0 1 38661
0 1 38666
0 1 38667
0 1 38668
0 1 38672
0 1 38675
0 1 38676
0 1 38685
0 1 38687
0 1 38690
0 1 38691
0 1 38692
0 1 38693
0 1 38695
0 1 38698
0 1 38700
0 1 38702
0 1 38709
0 1 38715
0 1 38717
0 1 38719
0 1 38722
0 1 38724
0 1 38729
0 1 38738
0 1 38739
0 1 38753
0 1 38756
0 1 38757
0 1 38760
0 1 38761
0 1 38766
0 1 38769
0 1 38774
0 1 38777
0 1 38779
0 1 38781
0 1 38786
0 1 38789
0 1 38792
0 1 38793
0 1 38794
0 1 38801
0 1 38803
0 1 38807
0 1 38809
0 1 38810
0 1 38817
0 1 38820
0 1 38833
0 1 38836
0 1 38838
0 1 38848
0 1 38852
0 1 38859
0 1 38860
0 1 38871
0 1 38873
0 1 38874
0 1 38875
0 1 38878
0 1 38879
0 1 38883
0 1 38886
0 1 38893
0 1 38895
0 1 38897
0 1 38900
0 1 38905
0 1 38907
0 1 38909
0 1 38913
0 1 38914
0 1 38915
0 1 38916
0 1 38917
0 1 38919
0 1 38921
0 1 38923
0 1 38924
0 1 38935
0 1 38936
0 1 38938
0 1 38942
0 1 38943
0 1 38944
0 1 38945
0 1 38953
0 1 38958
0 1 38964
0 1 38966
0 1 38967
0 1 38968
0 1 38969
0 1 38973
0 1 38974
0 1 38976
0 1 38979
0 1 38980
0 1 38987
0 1 38989
0 1 38997
0 1 38998
0 1 38999
0 1 39013
0 1 39017
0 1 39018
0 1 39019
0 1 39027
0 1 39029
0 1 39032
0 1 39033
0 1 39035
0 1 39041
0 1 39042
0 1 39044
0 1 39045
0 1 39050
0 1 39051
0 1 39057
0 1 39058
0 1 39060
0 1 39063
0 1 39066
0 1 39068
0 1 39069
0 1 39074
0 1 39077
0 1 39079
0 1 39084
0 1 39087
0 1 39093
0 1 39096
0 1 39098
0 1 39099
0 1 39100
0 1 39102
0 1 39107
0 1 39108
0 1 39109
0 1 39117
0 1 39118
0 1 39128
0 1 39129
0 1 39136
0 1 39139
0 1 39141
0 1 39143
0 1 39144
0 1 39145
0 1 39150
0 1 39155
0 1 39156
0 1 39159
0 1 39161
0 1 39162
0 1 39169
0 1 39173
0 1 39178
0 1 39181
0 1 39185
0 1 39187
0 1 39194
0 1 39195
0 1 39198
0 1 39200
0 1 39201
0 1 39206
0 1 39212
0 1 39222
0 1 39223
0 1 39231
0 1 39232
0 1 39235
0 1 39239
0 1 39241
0 1 39244
0 1 39245
0 1 39247
0 1 39248
0 1 39249
0 1 39253
0 1 39256
0 1 39260
0 1 39263
0 1 39264
0 1 39265
0 1 39274
0 1 39277
0 1 39289
0 1 39290
0 1 39303
0 1 39308
0 1 39315
0 1 39319
0 1 39321
0 1 39324
0 1 39326
0 1 39328
0 1 39329
0 1 39331
0 1 39332
0 1 39333
0 1 39339
0 1 39347
0 1 39349
0 1 39358
0 1 39361
0 1 39365
0 1 39367
0 1 39369
0 1 39370
0 1 39374
0 1 39376
0 1 39377
0 1 39378
0 1 39388
0 1 39392
0 1 39396
0 1 39397
0 1 39402
0 1 39404
0 1 39406
0 1 39407
0 1 39409
0 1 39414
0 1 39416
0 1 39418
0 1 39420
0 1 39422
0 1 39436
0 1 39438
0 1 39441
0 1 39442
0 1 39445
0 1 39447
0 1 39448
0 1 39453
0 1 39454
0 1 39467
0 1 39474
0 1 39476
0 1 39477
0 1 39479
0 1 39481
0 1 39483
0 1 39484
0 1 39488
0 1 39490
0 1 39493
0 1 39496
0 1 39499
0 1 39502
0 1 39505
0 1 39508
0 1 39511
0 1 39512
0 1 39518
0 1 39519
0 1 39525
0 1 39529
0 1 39530
0 1 39536
0 1 39541
0 1 39542
0 1 39543
0 1 39548
0 1 39552
0 1 39556
0 1 39560
0 1 39562
0 1 39570
0 1 39574
0 1 39583
0 1 39585
0 1 39591
0 1 39596
0 1 39602
0 1 39603
0 1 39604
0 1 39606
0 1 39608
0 1 39610
0 1 39611
0 1 39614
0 1 39616
0 1 39617
0 1 39622
0 1 39635
0 1 39637
0 1 39639
0 1 39640
0 1 39644
0 1 39648
0 1 39651
0 1 39654
0 1 39659
0 1 39665
0 1 39671
0 1 39672
0 1 39676
0 1 39682
0 1 39683
0 1 39693
0 1 39695
0 1 39699
0 1 39701
0 1 39704
0 1 39707
0 1 39713
0 1 39714
0 1 39716
0 1 39717
0 1 39720
0 1 39724
0 1 39729
0 1 39735
0 1 39743
0 1 39744
0 1 39747
0 1 39755
0 1 39756
0 1 39757
0 1 39758
0 1 39761
0 1 39767
0 1 39769
0 1 39773
0 1 39774
0 1 39776
0 1 39777
0 1 39779
0 1 39785
0 1 39786
0 1 39788
0 1 39790
0 1 39799
0 1 39801
0 1 39803
0 1 39816
0 1 39821
0 1 39822
0 1 39826
0 1 39834
0 1 39836
0 1 39839
0 1 39840
0 1 39844
0 1 39846
0 1 39847
0 1 39848
0 1 39851
0 1 39853
0 1 39857
0 1 39858
0 1 39863
0 1 39865
0 1 39871
0 1 39875
0 1 39878
0 1 39887
0 1 39890
0 1 39891
0 1 39895
0 1 39899
0 1 39901
0 1 39911
0 1 39912
0 1 39914
0 1 39919
0 1 39920
0 1 39924
0 1 39925
0 1 39938
0 1 39941
0 1 39949
0 1 39961
0 1 39968
0 1 39969
0 1 39971
0 1 39976
0 1 39981
0 1 39984
0 1 39990
0 1 39993
0 1 39996
0 1 39998
0 1 39999
0 1 40002
0 1 40005
0 1 40007
0 1 40015
0 1 40016
0 1 40023
0 1 40025
0 1 40029
0 1 40030
0 1 40031
0 1 40041
0 1 40045
0 1 40047
0 1 40050
0 1 40054
0 1 40055
0 1 40060
0 1 40070
0 1 40078
0 1 40079
0 1 40081
0 1 40082
0 1 40085
0 1 40088
0 1 40099
0 1 40102
0 1 40104
0 1 40105
0 1 40116
0 1 40118
0 1 40120
0 1 40123
0 1 40126
0 1 40127
0 1 40128
0 1 40137
0 1 40140
0 1 40141
0 1 40147
0 1 40150
0 1 40151
0 1 40161
0 1 40169
0 1 40170
0 1 40178
0 1 40182
0 1 40186
0 1 40190
0 1 40191
0 1 40195
0 1 40202
0 1 40205
0 1 40208
0 1 40209
0 1 40213
0 1 40227
0 1 40230
0 1 40239
0 1 40240
0 1 40247
0 1 40249
0 1 40250
0 1 40251
0 1 40256
0 1 40265
0 1 40269
0 1 40270
0 1 40271
0 1 40273
0 1 40274
0 1 40279
0 1 40285
0 1 40286
0 1 40297
0 1 40301
0 1 40302
0 1 40303
0 1 40304
0 1 40313
0 1 40321
0 1 40324
0 1 40325
0 1 40329
0 1 40332
0 1 40333
0 1 40336
0 1 40337
0 1 40338
0 1 40340
0 1 40342
0 1 40344
0 1 40345
0 1 40346
0 1 40348
0 1 40351
0 1 40352
0 1 40358
0 1 40360
0 1 40363
0 1 40365
0 1 40369
0 1 40370
0 1 40373
0 1 40381
0 1 40384
0 1 40385
0 1 40388
0 1 40389
0 1 40395
0 1 40396
0 1 40398
0 1 40400
0 1 40405
0 1 40412
0 1 40417
0 1 40419
0 1 40420
0 1 40423
0 1 40425
0 1 40434
0 1 40439
0 1 40444
0 1 40448
0 1 40449
0 1 40455
0 1 40456
0 1 40457
0 1 40458
0 1 40463
0 1 40466
0 1 40467
0 1 40468
0 1 40472
0 1 40473
0 1 40479
0 1 40480
0 1 40485
0 1 40491
0 1 40492
0 1 40497
0 1 40498
0 1 40507
0 1 40509
0 1 40510
0 1 40512
0 1 40516
0 1 40519
0 1 40521
0 1 40525
0 1 40535
0 1 40536
0 1 40539
0 1 40543
0 1 40544
0 1 40554
0 1 40565
0 1 40572
0 1 40575
0 1 40578
0 1 40583
0 1 40584
0 1 40586
0 1 40589
0 1 40596
0 1 40599
0 1 40600
0 1 40601
0 1 40605
0 1 40606
0 1 40607
0 1 40610
0 1 40618
0 1 40619
0 1 40621
0 1 40625
0 1 40630
0 1 40631
0 1 40633
0 1 40634
0 1 40639
0 1 40640
0 1 40643
0 1 40652
0 1 40654
0 1 40656
0 1 40658
0 1 40661
0 1 40667
0 1 40674
0 1 40677
0 1 40678
0 1 40681
0 1 40685
0 1 40694
0 1 40695
0 1 40697
0 1 40700
0 1 40702
0 1 40705
0 1 40712
0 1 40713
0 1 40714
0 1 40720
0 1 40724
0 1 40725
0 1 40727
0 1 40734
0 1 40737
0 1 40741
0 1 40742
0 1 40743
0 1 40744
0 1 40746
0 1 40747
0 1 40748
0 1 40752
0 1 40755
0 1 40756
0 1 40760
0 1 40761
0 1 40762
0 1 40772
0 1 40773
0 1 40774
0 1 40779
0 1 40780
0 1 40784
0 1 40785
0 1 40786
0 1 40793
0 1 40798
0 1 40807
0 1 40811
0 1 40814
0 1 40815
0 1 40816
0 1 40818
0 1 40820
0 1 40825
0 1 40826
0 1 40827
0 1 40829
0 1 40830
0 1 40833
0 1 40834
0 1 40837
0 1 40838
0 1 40841
0 1 40849
0 1 40851
0 1 40859
0 1 40863
0 1 40870
0 1 40879
0 1 40881
0 1 40885
0 1 40887
0 1 40888
0 1 40891
0 1 40894
0 1 40895
0 1 40898
0 1 40901
0 1 40903
0 1 40904
0 1 40907
0 1 40910
0 1 40911
0 1 40916
0 1 40918
0 1 40920
0 1 40921
0 1 40922
0 1 40935
0 1 40937
0 1 40944
0 1 40945
0 1 40947
0 1 40953
0 1 40956
0 1 40957
0 1 40964
0 1 40970
0 1 40971
0 1 40976
0 1 40978
0 1 40982
0 1 40984
0 1 40985
0 1 40992
0 1 40995
0 1 40996
0 1 40997
0 1 41001
0 1 41002
0 1 41003
0 1 41007
0 1 41009
0 1 41014
0 1 41019
0 1 41020
0 1 41032
0 1 41036
0 1 41037
0 1 41038
0 1 41040
0 1 41044
0 1 41046
0 1 41049
0 1 41056
0 1 41057
0 1 41059
0 1 41060
0 1 41062
0 1 41064
0 1 41065
0 1 41066
0 1 41068
0 1 41071
0 1 41074
0 1 41076
0 1 41077
0 1 41080
0 1 41082
0 1 41087
0 1 41092
0 1 41095
0 1 41096
0 1 41099
0 1 41101
0 1 41102
0 1 41104
0 1 41107
0 1 41108
0 1 41109
0 1 41115
0 1 41121
0 1 41122
0 1 41128
0 1 41131
0 1 41133
0 1 41134
0 1 41138
0 1 41143
0 1 41152
0 1 41154
0 1 41158
0 1 41160
0 1 41161
0 1 41163
0 1 41164
0 1 41165
0 1 41170
0 1 41172
0 1 41174
0 1 41177
0 1 41184
0 1 41192
0 1 41197
0 1 41200
0 1 41201
0 1 41205
0 1 41220
0 1 41228
0 1 41235
0 1 41240
0 1 41247
0 1 41250
0 1 41252
0 1 41260
0 1 41263
0 1 41264
0 1 41266
0 1 41281
0 1 41284
0 1 41288
0 1 41292
0 1 41293
0 1 41299
0 1 41300
0 1 41304
0 1 41306
0 1 41311
0 1 41312
0 1 41317
0 1 41318
0 1 41320
0 1 41338
0 1 41339
0 1 41344
0 1 41345
0 1 41350
0 1 41358
0 1 41361
0 1 41364
0 1 41365
0 1 41370
0 1 41372
0 1 41376
0 1 41378
0 1 41383
0 1 41384
0 1 41390
0 1 41391
0 1 41392
0 1 41394
0 1 41401
0 1 41404
0 1 41406
0 1 41409
0 1 41415
0 1 41416
0 1 41417
0 1 41422
0 1 41424
0 1 41427
0 1 41430
0 1 41436
0 1 41437
0 1 41440
0 1 41441
0 1 41445
0 1 41446
0 1 41455
0 1 41456
0 1 41461
0 1 41462
0 1 41472
0 1 41475
0 1 41476
0 1 41478
0 1 41485
0 1 41486
0 1 41493
0 1 41494
0 1 41496
0 1 41498
0 1 41499
0 1 41505
0 1 41506
0 1 41511
0 1 41513
0 1 41518
0 1 41519
0 1 41524
0 1 41526
0 1 41527
0 1 41533
0 1 41543
0 1 41544
0 1 41552
0 1 41558
0 1 41562
0 1 41563
0 1 41570
0 1 41572
0 1 41586
0 1 41597
0 1 41599
0 1 41603
0 1 41606
0 1 41607
0 1 41608
0 1 41609
0 1 41611
0 1 41613
0 1 41615
0 1 41620
0 1 41622
0 1 41624
0 1 41626
0 1 41628
0 1 41632
0 1 41634
0 1 41637
0 1 41641
0 1 41643
0 1 41645
0 1 41671
0 1 41676
0 1 41688
0 1 41689
0 1 41695
0 1 41697
0 1 41699
0 1 41705
0 1 41706
0 1 41711
0 1 41712
0 1 41714
0 1 41718
0 1 41720
0 1 41725
0 1 41726
0 1 41742
0 1 41747
0 1 41748
0 1 41753
0 1 41756
0 1 41758
0 1 41760
0 1 41761
0 1 41764
0 1 41765
0 1 41766
0 1 41771
0 1 41772
0 1 41775
0 1 41779
0 1 41780
0 1 41786
0 1 41790
0 1 41791
0 1 41796
0 1 41800
0 1 41806
0 1 41807
0 1 41811
0 1 41814
0 1 41815
0 1 41817
0 1 41822
0 1 41834
0 1 41836
0 1 41839
0 1 41843
0 1 41846
0 1 41847
0 1 41848
0 1 41850
0 1 41852
0 1 41858
0 1 41861
0 1 41862
0 1 41865
0 1 41866
0 1 41870
0 1 41872
0 1 41874
0 1 41877
0 1 41878
0 1 41880
0 1 41882
0 1 41892
0 1 41893
0 1 41904
0 1 41907
0 1 41908
0 1 41912
0 1 41917
0 1 41918
0 1 41925
0 1 41928
0 1 41929
0 1 41934
0 1 41936
0 1 41939
0 1 41940
0 1 41945
0 1 41952
0 1 41953
0 1 41956
0 1 41957
0 1 41970
0 1 41972
0 1 41973
0 1 41974
0 1 41978
0 1 41981
0 1 41987
0 1 41989
0 1 41993
0 1 41995
0 1 41997
0 1 41999
0 1 42007
0 1 42012
0 1 42014
0 1 42019
0 1 42020
0 1 42025
0 1 42027
0 1 42035
0 1 42038
0 1 42041
0 1 42043
0 1 42047
0 1 42053
0 1 42064
0 1 42065
0 1 42068
0 1 42071
0 1 42073
0 1 42078
0 1 42088
0 1 42090
0 1 42094
0 1 42096
0 1 42097
0 1 42103
0 1 42108
0 1 42109
0 1 42118
0 1 42123
0 1 42125
0 1 42126
0 1 42129
0 1 42131
0 1 42137
0 1 42138
0 1 42140
0 1 42142
0 1 42143
0 1 42146
0 1 42149
0 1 42150
0 1 42154
0 1 42156
0 1 42159
0 1 42161
0 1 42163
0 1 42164
0 1 42165
0 1 42167
0 1 42168
0 1 42180
0 1 42181
0 1 42186
0 1 42190
0 1 42191
0 1 42193
0 1 42198
0 1 42203
0 1 42205
0 1 42208
0 1 42213
0 1 42219
0 1 42222
0 1 42223
0 1 42224
0 1 42226
0 1 42227
0 1 42228
0 1 42233
0 1 42234
0 1 42238
0 1 42239
0 1 42240
0 1 42248
0 1 42250
0 1 42255
0 1 42256
0 1 42259
0 1 42260
0 1 42262
0 1 42263
0 1 42266
0 1 42269
0 1 42277
0 1 42280
0 1 42281
0 1 42287
0 1 42291
0 1 42297
0 1 42298
0 1 42305
0 1 42311
0 1 42315
0 1 42318
0 1 42324
0 1 42325
0 1 42329
0 1 42331
0 1 42332
0 1 42341
0 1 42342
0 1 42351
0 1 42355
0 1 42359
0 1 42360
0 1 42361
0 1 42363
0 1 42366
0 1 42370
0 1 42382
0 1 42389
0 1 42393
0 1 42408
0 1 42410
0 1 42414
0 1 42416
0 1 42421
0 1 42423
0 1 42426
0 1 42427
0 1 42428
0 1 42430
0 1 42436
0 1 42439
0 1 42443
0 1 42449
0 1 42455
0 1 42457
0 1 42458
0 1 42470
0 1 42473
0 1 42474
0 1 42484
0 1 42485
0 1 42490
0 1 42492
0 1 42495
0 1 42501
0 1 42504
0 1 42506
0 1 42509
0 1 42510
0 1 42512
0 1 42515
0 1 42518
0 1 42522
0 1 42525
0 1 42529
0 1 42536
0 1 42537
0 1 42540
0 1 42543
0 1 42546
0 1 42551
0 1 42554
0 1 42557
0 1 42558
0 1 42559
0 1 42560
0 1 42566
0 1 42573
0 1 42577
0 1 42584
0 1 42597
0 1 42599
0 1 42601
0 1 42605
0 1 42608
0 1 42609
0 1 42614
0 1 42616
0 1 42617
0 1 42618
0 1 42619
0 1 42620
0 1 42621
0 1 42627
0 1 42628
0 1 42631
0 1 42632
0 1 42633
0 1 42640
0 1 42642
0 1 42643
0 1 42645
0 1 42651
0 1 42654
0 1 42660
0 1 42661
0 1 42667
0 1 42669
0 1 42670
0 1 42671
0 1 42675
0 1 42676
0 1 42677
0 1 42678
0 1 42679
0 1 42696
0 1 42697
0 1 42701
0 1 42703
0 1 42706
0 1 42708
0 1 42709
0 1 42713
0 1 42720
0 1 42723
0 1 42724
0 1 42732
0 1 42736
0 1 42740
0 1 42743
0 1 42744
0 1 42749
0 1 42752
0 1 42755
0 1 42756
0 1 42758
0 1 42762
0 1 42763
0 1 42764
0 1 42773
0 1 42778
0 1 42779
0 1 42783
0 1 42785
0 1 42788
0 1 42789
0 1 42792
0 1 42797
0 1 42799
0 1 42800
0 1 42807
0 1 42809
0 1 42810
0 1 42820
0 1 42821
0 1 42823
0 1 42824
0 1 42826
0 1 42828
0 1 42830
0 1 42832
0 1 42836
0 1 42842
0 1 42843
0 1 42844
0 1 42847
0 1 42848
0 1 42850
0 1 42851
0 1 42856
0 1 42858
0 1 42860
0 1 42864
0 1 42869
0 1 42873
0 1 42875
0 1 42877
0 1 42880
0 1 42887
0 1 42888
0 1 42889
0 1 42890
0 1 42898
0 1 42901
0 1 42904
0 1 42905
0 1 42912
0 1 42913
0 1 42914
0 1 42919
0 1 42921
0 1 42922
0 1 42923
0 1 42924
0 1 42932
0 1 42933
0 1 42937
0 1 42939
0 1 42942
0 1 42944
0 1 42945
0 1 42952
0 1 42954
0 1 42956
0 1 42959
0 1 42960
0 1 42963
0 1 42964
0 1 42967
0 1 42968
0 1 42971
0 1 42974
0 1 42975
0 1 42980
0 1 42983
0 1 42988
0 1 42993
0 1 42997
0 1 43001
0 1 43003
0 1 43006
0 1 43007
0 1 43009
0 1 43016
0 1 43020
0 1 43030
0 1 43031
0 1 43034
0 1 43035
0 1 43038
0 1 43039
0 1 43044
0 1 43045
0 1 43047
0 1 43048
0 1 43051
0 1 43052
0 1 43057
0 1 43062
0 1 43063
0 1 43067
0 1 43072
0 1 43073
0 1 43078
0 1 43087
0 1 43094
0 1 43100
0 1 43102
0 1 43105
0 1 43108
0 1 43109
0 1 43114
0 1 43125
0 1 43126
0 1 43128
0 1 43129
0 1 43130
0 1 43132
0 1 43133
0 1 43135
0 1 43139
0 1 43140
0 1 43142
0 1 43145
0 1 43148
0 1 43153
0 1 43154
0 1 43158
0 1 43159
0 1 43160
0 1 43163
0 1 43168
0 1 43172
0 1 43176
0 1 43183
0 1 43186
0 1 43187
0 1 43191
0 1 43195
0 1 43199
0 1 43205
0 1 43211
0 1 43212
0 1 43216
0 1 43218
0 1 43219
0 1 43226
0 1 43227
0 1 43228
0 1 43232
0 1 43234
0 1 43239
0 1 43242
0 1 43247
0 1 43254
0 1 43261
0 1 43262
0 1 43264
0 1 43268
0 1 43272
0 1 43281
0 1 43282
0 1 43287
0 1 43288
0 1 43292
0 1 43293
0 1 43300
0 1 43313
0 1 43315
0 1 43316
0 1 43320
0 1 43329
0 1 43333
0 1 43338
0 1 43340
0 1 43341
0 1 43345
0 1 43346
0 1 43352
0 1 43353
0 1 43355
0 1 43357
0 1 43358
0 1 43360
0 1 43367
0 1 43370
0 1 43373
0 1 43374
0 1 43377
0 1 43381
0 1 43383
0 1 43384
0 1 43388
0 1 43390
0 1 43392
0 1 43397
0 1 43400
0 1 43402
0 1 43403
0 1 43405
0 1 43411
0 1 43413
0 1 43414
0 1 43428
0 1 43429
0 1 43432
0 1 43434
0 1 43436
0 1 43439
0 1 43463
0 1 43464
0 1 43466
0 1 43472
0 1 43478
0 1 43485
0 1 43486
0 1 43487
0 1 43490
0 1 43491
0 1 43492
0 1 43494
0 1 43495
0 1 43498
0 1 43499
0 1 43500
0 1 43510
0 1 43511
0 1 43512
0 1 43514
0 1 43516
0 1 43518
0 1 43520
0 1 43521
0 1 43522
0 1 43525
0 1 43526
0 1 43527
0 1 43529
0 1 43530
0 1 43532
0 1 43542
0 1 43550
0 1 43551
0 1 43552
0 1 43557
0 1 43560
0 1 43563
0 1 43568
0 1 43570
0 1 43571
0 1 43575
0 1 43578
0 1 43587
0 1 43588
0 1 43592
0 1 43595
0 1 43600
0 1 43602
0 1 43603
0 1 43607
0 1 43610
0 1 43612
0 1 43619
0 1 43620
0 1 43628
0 1 43634
0 1 43636
0 1 43640
0 1 43641
0 1 43643
0 1 43645
0 1 43647
0 1 43657
0 1 43658
0 1 43660
0 1 43662
0 1 43664
0 1 43666
0 1 43667
0 1 43670
0 1 43671
0 1 43672
0 1 43673
0 1 43684
0 1 43685
0 1 43688
0 1 43689
0 1 43695
0 1 43701
0 1 43706
0 1 43708
0 1 43709
0 1 43712
0 1 43714
0 1 43715
0 1 43716
0 1 43718
0 1 43723
0 1 43725
0 1 43728
0 1 43730
0 1 43737
0 1 43740
0 1 43744
0 1 43747
0 1 43749
0 1 43751
0 1 43754
0 1 43759
0 1 43760
0 1 43766
0 1 43768
0 1 43770
0 1 43772
0 1 43773
0 1 43774
0 1 43775
0 1 43778
0 1 43782
0 1 43794
0 1 43799
0 1 43806
0 1 43807
0 1 43808
0 1 43812
0 1 43813
0 1 43816
0 1 43822
0 1 43839
0 1 43842
0 1 43846
0 1 43848
0 1 43849
0 1 43850
0 1 43851
0 1 43859
0 1 43862
0 1 43871
0 1 43872
0 1 43874
0 1 43889
0 1 43891
0 1 43893
0 1 43897
0 1 43908
0 1 43911
0 1 43914
0 1 43917
0 1 43922
0 1 43924
0 1 43930
0 1 43936
0 1 43941
0 1 43942
0 1 43944
0 1 43946
0 1 43947
0 1 43949
0 1 43951
0 1 43953
0 1 43955
0 1 43957
0 1 43958
0 1 43968
0 1 43969
0 1 43971
0 1 43976
0 1 43978
0 1 43985
0 1 43990
0 1 43998
0 1 44001
0 1 44004
0 1 44010
0 1 44011
0 1 44012
0 1 44013
0 1 44016
0 1 44022
0 1 44023
0 1 44032
0 1 44037
0 1 44041
0 1 44045
0 1 44048
0 1 44050
0 1 44051
0 1 44052
0 1 44054
0 1 44058
0 1 44059
0 1 44061
0 1 44063
0 1 44064
0 1 44065
0 1 44066
0 1 44068
0 1 44072
0 1 44073
0 1 44074
0 1 44077
0 1 44084
0 1 44086
0 1 44088
0 1 44090
0 1 44091
0 1 44095
0 1 44097
0 1 44101
0 1 44110
0 1 44112
0 1 44114
0 1 44118
0 1 44122
0 1 44124
0 1 44126
0 1 44130
0 1 44132
0 1 44133
0 1 44136
0 1 44140
0 1 44145
0 1 44149
0 1 44150
0 1 44152
0 1 44159
0 1 44160
0 1 44176
0 1 44179
0 1 44184
0 1 44191
0 1 44193
0 1 44194
0 1 44195
0 1 44200
0 1 44216
0 1 44219
0 1 44224
0 1 44226
0 1 44233
0 1 44235
0 1 44236
0 1 44238
0 1 44240
0 1 44250
0 1 44255
0 1 44256
0 1 44257
0 1 44262
0 1 44263
0 1 44270
0 1 44271
0 1 44273
0 1 44275
0 1 44277
0 1 44278
0 1 44279
0 1 44280
0 1 44286
0 1 44287
0 1 44288
0 1 44294
0 1 44295
0 1 44296
0 1 44302
0 1 44309
0 1 44316
0 1 44318
0 1 44320
0 1 44322
0 1 44326
0 1 44333
0 1 44338
0 1 44339
0 1 44344
0 1 44347
0 1 44351
0 1 44355
0 1 44358
0 1 44370
0 1 44371
0 1 44372
0 1 44373
0 1 44375
0 1 44379
0 1 44386
0 1 44387
0 1 44388
0 1 44404
0 1 44408
0 1 44413
0 1 44416
0 1 44420
0 1 44424
0 1 44430
0 1 44431
0 1 44432
0 1 44433
0 1 44438
0 1 44439
0 1 44445
0 1 44447
0 1 44457
0 1 44460
0 1 44463
0 1 44466
0 1 44468
0 1 44481
0 1 44482
0 1 44485
0 1 44486
0 1 44491
0 1 44497
0 1 44500
0 1 44503
0 1 44509
0 1 44510
0 1 44513
0 1 44515
0 1 44519
0 1 44521
0 1 44522
0 1 44526
0 1 44536
0 1 44540
0 1 44542
0 1 44544
0 1 44552
0 1 44554
0 1 44556
0 1 44561
0 1 44565
0 1 44571
0 1 44573
0 1 44574
0 1 44587
0 1 44591
0 1 44592
0 1 44593
0 1 44598
0 1 44600
0 1 44601
0 1 44602
0 1 44610
0 1 44613
0 1 44616
0 1 44618
0 1 44620
0 1 44621
0 1 44622
0 1 44623
0 1 44626
0 1 44629
0 1 44630
0 1 44635
0 1 44636
0 1 44643
0 1 44645
0 1 44646
0 1 44647
0 1 44648
0 1 44649
0 1 44650
0 1 44651
0 1 44654
0 1 44657
0 1 44661
0 1 44662
0 1 44664
0 1 44667
0 1 44670
0 1 44674
0 1 44677
0 1 44678
0 1 44679
0 1 44680
0 1 44685
0 1 44686
0 1 44697
0 1 44707
0 1 44708
0 1 44713
0 1 44728
0 1 44729
0 1 44731
0 1 44732
0 1 44733
0 1 44734
0 1 44735
0 1 44740
0 1 44741
0 1 44744
0 1 44751
0 1 44752
0 1 44753
0 1 44754
0 1 44758
0 1 44759
0 1 44763
0 1 44765
0 1 44767
0 1 44771
0 1 44782
0 1 44783
0 1 44784
0 1 44785
0 1 44786
0 1 44787
0 1 44788
0 1 44789
0 1 44794
0 1 44799
0 1 44802
0 1 44803
0 1 44805
0 1 44808
0 1 44812
0 1 44813
0 1 44827
0 1 44836
0 1 44840
0 1 44841
0 1 44842
0 1 44846
0 1 44854
0 1 44856
0 1 44868
0 1 44872
0 1 44882
0 1 44899
0 1 44900
0 1 44901
0 1 44905
0 1 44908
0 1 44910
0 1 44911
0 1 44913
0 1 44914
0 1 44916
0 1 44920
0 1 44921
0 1 44922
0 1 44923
0 1 44926
0 1 44931
0 1 44940
0 1 44942
0 1 44944
0 1 44946
0 1 44947
0 1 44948
0 1 44950
0 1 44953
0 1 44954
0 1 44955
0 1 44956
0 1 44958
0 1 44961
0 1 44963
0 1 44964
0 1 44965
0 1 44970
0 1 44971
0 1 44983
0 1 44986
0 1 44988
0 1 44989
0 1 44990
0 1 44991
0 1 44992
0 1 44994
0 1 44996
0 1 44997
0 1 44998
0 1 45000
0 1 45001
0 1 45003
0 1 45008
0 1 45012
0 1 45019
0 1 45021
0 1 45025
0 1 45030
0 1 45043
0 1 45046
0 1 45055
0 1 45060
0 1 45061
0 1 45065
0 1 45067
0 1 45068
0 1 45070
0 1 45080
0 1 45087
0 1 45088
0 1 45092
0 1 45093
0 1 45100
0 1 45107
0 1 45114
0 1 45116
0 1 45117
0 1 45118
0 1 45120
0 1 45122
0 1 45124
0 1 45133
0 1 45134
0 1 45135
0 1 45146
0 1 45147
0 1 45148
0 1 45161
0 1 45165
0 1 45171
0 1 45172
0 1 45174
0 1 45175
0 1 45177
0 1 45187
0 1 45188
0 1 45190
0 1 45192
0 1 45194
0 1 45197
0 1 45199
0 1 45201
0 1 45206
0 1 45208
0 1 45209
0 1 45212
0 1 45213
0 1 45216
0 1 45222
0 1 45224
0 1 45227
0 1 45228
0 1 45232
0 1 45237
0 1 45250
0 1 45252
0 1 45255
0 1 45256
0 1 45257
0 1 45258
0 1 45260
0 1 45261
0 1 45263
0 1 45265
0 1 45267
0 1 45268
0 1 45269
0 1 45274
0 1 45279
0 1 45285
0 1 45289
0 1 45290
0 1 45294
0 1 45297
0 1 45299
0 1 45301
0 1 45309
0 1 45319
0 1 45323
0 1 45325
0 1 45326
0 1 45328
0 1 45334
0 1 45337
0 1 45338
0 1 45344
0 1 45349
0 1 45352
0 1 45353
0 1 45354
0 1 45356
0 1 45362
0 1 45363
0 1 45368
0 1 45370
0 1 45374
0 1 45377
0 1 45382
0 1 45385
0 1 45388
0 1 45393
0 1 45396
0 1 45398
0 1 45401
0 1 45409
0 1 45411
0 1 45416
0 1 45419
0 1 45420
0 1 45423
0 1 45424
0 1 45427
0 1 45430
0 1 45435
0 1 45437
0 1 45450
0 1 45454
0 1 45457
0 1 45460
0 1 45468
0 1 45472
0 1 45474
0 1 45475
0 1 45479
0 1 45482
0 1 45484
0 1 45487
0 1 45488
0 1 45490
0 1 45492
0 1 45503
0 1 45504
0 1 45505
0 1 45506
0 1 45508
0 1 45509
0 1 45510
0 1 45511
0 1 45516
0 1 45517
0 1 45519
0 1 45533
0 1 45535
0 1 45538
0 1 45539
0 1 45548
0 1 45549
0 1 45555
0 1 45558
0 1 45559
0 1 45560
0 1 45568
0 1 45570
0 1 45571
0 1 45572
0 1 45574
0 1 45580
0 1 45581
0 1 45582
0 1 45589
0 1 45592
0 1 45594
0 1 45604
0 1 45611
0 1 45613
0 1 45619
0 1 45620
0 1 45621
0 1 45622
0 1 45625
0 1 45626
0 1 45632
0 1 45635
0 1 45636
0 1 45640
0 1 45641
0 1 45650
0 1 45651
0 1 45652
0 1 45656
0 1 45662
0 1 45666
0 1 45668
0 1 45669
0 1 45672
0 1 45673
0 1 45674
0 1 45676
0 1 45678
0 1 45681
0 1 45682
0 1 45690
0 1 45691
0 1 45696
0 1 45701
0 1 45714
0 1 45715
0 1 45716
0 1 45721
0 1 45725
0 1 45726
0 1 45729
0 1 45742
0 1 45745
0 1 45746
0 1 45747
0 1 45754
0 1 45761
0 1 45762
0 1 45765
0 1 45768
0 1 45769
0 1 45785
0 1 45791
0 1 45795
0 1 45812
0 1 45813
0 1 45814
0 1 45817
0 1 45819
0 1 45826
0 1 45829
0 1 45831
0 1 45833
0 1 45834
0 1 45842
0 1 45843
0 1 45845
0 1 45854
0 1 45856
0 1 45859
0 1 45864
0 1 45868
0 1 45870
0 1 45873
0 1 45874
0 1 45876
0 1 45878
0 1 45880
0 1 45889
0 1 45891
0 1 45892
0 1 45895
0 1 45897
0 1 45902
0 1 45915
0 1 45916
0 1 45919
0 1 45921
0 1 45926
0 1 45932
0 1 45933
0 1 45934
0 1 45935
0 1 45940
0 1 45942
0 1 45944
0 1 45945
0 1 45948
0 1 45950
0 1 45952
0 1 45955
0 1 45956
0 1 45959
0 1 45962
0 1 45972
0 1 45975
0 1 45980
0 1 45981
0 1 45985
0 1 45986
0 1 45988
0 1 45989
0 1 45991
0 1 46004
0 1 46005
0 1 46009
0 1 46011
0 1 46015
0 1 46022
0 1 46023
0 1 46024
0 1 46027
0 1 46030
0 1 46033
0 1 46034
0 1 46035
0 1 46041
0 1 46042
0 1 46044
0 1 46054
0 1 46057
0 1 46058
0 1 46059
0 1 46062
0 1 46071
0 1 46073
0 1 46074
0 1 46079
0 1 46081
0 1 46084
0 1 46086
0 1 46088
0 1 46098
0 1 46100
0 1 46101
0 1 46107
0 1 46109
0 1 46112
0 1 46114
0 1 46117
0 1 46118
0 1 46119
0 1 46120
0 1 46121
0 1 46122
0 1 46126
0 1 46134
0 1 46137
0 1 46146
0 1 46157
0 1 46160
0 1 46163
0 1 46167
0 1 46188
0 1 46190
0 1 46194
0 1 46196
0 1 46199
0 1 46200
0 1 46202
0 1 46211
0 1 46212
0 1 46215
0 1 46219
0 1 46221
0 1 46223
0 1 46225
0 1 46229
0 1 46232
0 1 46233
0 1 46236
0 1 46240
0 1 46241
0 1 46244
0 1 46248
0 1 46251
0 1 46252
0 1 46255
0 1 46258
0 1 46259
0 1 46261
0 1 46266
0 1 46271
0 1 46274
0 1 46277
0 1 46281
0 1 46287
0 1 46290
0 1 46293
0 1 46295
0 1 46303
0 1 46306
0 1 46307
0 1 46309
0 1 46310
0 1 46314
0 1 46322
0 1 46324
0 1 46325
0 1 46331
0 1 46332
0 1 46337
0 1 46339
0 1 46341
0 1 46346
0 1 46355
0 1 46358
0 1 46360
0 1 46364
0 1 46366
0 1 46376
0 1 46382
0 1 46386
0 1 46392
0 1 46400
0 1 46405
0 1 46410
0 1 46413
0 1 46414
0 1 46418
0 1 46421
0 1 46423
0 1 46424
0 1 46425
0 1 46427
0 1 46429
0 1 46431
0 1 46433
0 1 46435
0 1 46436
0 1 46437
0 1 46442
0 1 46444
0 1 46446
0 1 46449
0 1 46453
0 1 46458
0 1 46461
0 1 46470
0 1 46473
0 1 46475
0 1 46476
0 1 46477
0 1 46478
0 1 46480
0 1 46483
0 1 46487
0 1 46490
0 1 46493
0 1 46499
0 1 46500
0 1 46503
0 1 46508
0 1 46515
0 1 46519
0 1 46521
0 1 46522
0 1 46526
0 1 46529
0 1 46531
0 1 46532
0 1 46533
0 1 46535
0 1 46543
0 1 46544
0 1 46547
0 1 46556
0 1 46560
0 1 46561
0 1 46562
0 1 46568
0 1 46571
0 1 46572
0 1 46583
0 1 46585
0 1 46588
0 1 46589
0 1 46596
0 1 46597
0 1 46603
0 1 46605
0 1 46609
0 1 46614
0 1 46615
0 1 46624
0 1 46630
0 1 46634
0 1 46636
0 1 46639
0 1 46643
0 1 46644
0 1 46648
0 1 46651
0 1 46653
0 1 46656
0 1 46657
0 1 46658
0 1 46662
0 1 46663
0 1 46664
0 1 46665
0 1 46668
0 1 46670
0 1 46671
0 1 46672
0 1 46673
0 1 46674
0 1 46675
0 1 46677
0 1 46679
0 1 46681
0 1 46685
0 1 46688
0 1 46690
0 1 46693
0 1 46694
0 1 46704
0 1 46705
0 1 46707
0 1 46708
0 1 46710
0 1 46713
0 1 46719
0 1 46721
0 1 46722
0 1 46728
0 1 46729
0 1 46730
0 1 46734
0 1 46738
0 1 46740
0 1 46741
0 1 46742
0 1 46744
0 1 46750
0 1 46751
0 1 46755
0 1 46757
0 1 46758
0 1 46761
0 1 46762
0 1 46765
0 1 46769
0 1 46775
0 1 46778
0 1 46782
0 1 46784
0 1 46787
0 1 46790
0 1 46792
0 1 46795
0 1 46796
0 1 46799
0 1 46805
0 1 46810
0 1 46811
0 1 46813
0 1 46815
0 1 46816
0 1 46817
0 1 46820
0 1 46828
0 1 46830
0 1 46831
0 1 46834
0 1 46839
0 1 46848
0 1 46854
0 1 46856
0 1 46857
0 1 46859
0 1 46868
0 1 46873
0 1 46877
0 1 46881
0 1 46883
0 1 46885
0 1 46886
0 1 46888
0 1 46889
0 1 46891
0 1 46892
0 1 46896
0 1 46902
0 1 46903
0 1 46905
0 1 46907
0 1 46910
0 1 46912
0 1 46918
0 1 46919
0 1 46921
0 1 46922
0 1 46923
0 1 46924
0 1 46928
0 1 46931
0 1 46934
0 1 46937
0 1 46938
0 1 46941
0 1 46944
0 1 46949
0 1 46950
0 1 46954
0 1 46956
0 1 46957
0 1 46959
0 1 46960
0 1 46961
0 1 46962
0 1 46963
0 1 46969
0 1 46971
0 1 46977
0 1 46978
0 1 46979
0 1 46981
0 1 46996
0 1 46997
0 1 46999
0 1 47000
0 1 47003
0 1 47004
0 1 47008
0 1 47011
0 1 47013
0 1 47014
0 1 47015
0 1 47021
0 1 47022
0 1 47025
0 1 47029
0 1 47032
0 1 47039
0 1 47046
0 1 47048
0 1 47056
0 1 47057
0 1 47061
0 1 47062
0 1 47067
0 1 47070
0 1 47072
0 1 47073
0 1 47074
0 1 47075
0 1 47077
0 1 47078
0 1 47079
0 1 47080
0 1 47082
0 1 47083
0 1 47086
0 1 47087
0 1 47088
0 1 47091
0 1 47092
0 1 47093
0 1 47097
0 1 47102
0 1 47103
0 1 47106
0 1 47114
0 1 47116
0 1 47119
0 1 47120
0 1 47123
0 1 47125
0 1 47126
0 1 47129
0 1 47130
0 1 47134
0 1 47135
0 1 47137
0 1 47140
0 1 47142
0 1 47146
0 1 47147
0 1 47150
0 1 47152
0 1 47153
0 1 47161
0 1 47162
0 1 47163
0 1 47169
0 1 47171
0 1 47172
0 1 47173
0 1 47174
0 1 47175
0 1 47177
0 1 47180
0 1 47183
0 1 47186
0 1 47191
0 1 47193
0 1 47194
0 1 47195
0 1 47196
0 1 47197
0 1 47205
0 1 47208
0 1 47209
0 1 47223
0 1 47227
0 1 47228
0 1 47231
0 1 47232
0 1 47233
0 1 47235
0 1 47238
0 1 47240
0 1 47242
0 1 47246
0 1 47248
0 1 47249
0 1 47255
0 1 47261
0 1 47264
0 1 47265
0 1 47266
0 1 47275
0 1 47280
0 1 47285
0 1 47287
0 1 47290
0 1 47291
0 1 47293
0 1 47294
0 1 47299
0 1 47306
0 1 47308
0 1 47321
0 1 47322
0 1 47327
0 1 47329
0 1 47331
0 1 47338
0 1 47345
0 1 47347
0 1 47348
0 1 47350
0 1 47356
0 1 47362
0 1 47369
0 1 47370
0 1 47372
0 1 47376
0 1 47377
0 1 47381
0 1 47383
0 1 47385
0 1 47386
0 1 47389
0 1 47395
0 1 47405
0 1 47409
0 1 47420
0 1 47422
0 1 47428
0 1 47429
0 1 47431
0 1 47435
0 1 47436
0 1 47439
0 1 47442
0 1 47443
0 1 47444
0 1 47447
0 1 47448
0 1 47450
0 1 47454
0 1 47456
0 1 47463
0 1 47467
0 1 47468
0 1 47469
0 1 47477
0 1 47479
0 1 47480
0 1 47483
0 1 47484
0 1 47489
0 1 47496
0 1 47497
0 1 47499
0 1 47503
0 1 47505
0 1 47514
0 1 47515
0 1 47516
0 1 47521
0 1 47522
0 1 47529
0 1 47535
0 1 47537
0 1 47538
0 1 47540
0 1 47552
0 1 47554
0 1 47559
0 1 47565
0 1 47568
0 1 47582
0 1 47589
0 1 47591
0 1 47593
0 1 47594
0 1 47597
0 1 47598
0 1 47599
0 1 47611
0 1 47613
0 1 47614
0 1 47616
0 1 47618
0 1 47621
0 1 47624
0 1 47632
0 1 47634
0 1 47637
0 1 47647
0 1 47648
0 1 47654
0 1 47656
0 1 47660
0 1 47662
0 1 47668
0 1 47671
0 1 47677
0 1 47678
0 1 47681
0 1 47683
0 1 47684
0 1 47685
0 1 47687
0 1 47689
0 1 47690
0 1 47691
0 1 47693
0 1 47696
0 1 47697
0 1 47698
0 1 47699
0 1 47702
0 1 47705
0 1 47706
0 1 47708
0 1 47711
0 1 47720
0 1 47728
0 1 47730
0 1 47737
0 1 47743
0 1 47746
0 1 47748
0 1 47749
0 1 47759
0 1 47765
0 1 47766
0 1 47773
0 1 47776
0 1 47777
0 1 47781
0 1 47787
0 1 47790
0 1 47793
0 1 47795
0 1 47802
0 1 47803
0 1 47809
0 1 47810
0 1 47814
0 1 47818
0 1 47819
0 1 47820
0 1 47822
0 1 47825
0 1 47832
0 1 47833
0 1 47836
0 1 47838
0 1 47841
0 1 47844
0 1 47850
0 1 47852
0 1 47859
0 1 47867
0 1 47869
0 1 47873
0 1 47878
0 1 47879
0 1 47884
0 1 47889
0 1 47891
0 1 47892
0 1 47894
0 1 47895
0 1 47898
0 1 47899
0 1 47900
0 1 47905
0 1 47906
0 1 47907
0 1 47909
0 1 47911
0 1 47912
0 1 47914
0 1 47922
0 1 47928
0 1 47936
0 1 47939
0 1 47940
0 1 47944
0 1 47950
0 1 47951
0 1 47954
0 1 47956
0 1 47958
0 1 47960
0 1 47968
0 1 47971
0 1 47974
0 1 47978
0 1 47980
0 1 47990
0 1 48000
0 1 48003
0 1 48004
0 1 48008
0 1 48012
0 1 48022
0 1 48023
0 1 48036
0 1 48037
0 1 48038
0 1 48040
0 1 48043
0 1 48045
0 1 48046
0 1 48048
0 1 48053
0 1 48055
0 1 48060
0 1 48061
0 1 48066
0 1 48068
0 1 48071
0 1 48074
0 1 48077
0 1 48086
0 1 48087
0 1 48089
0 1 48095
0 1 48102
0 1 48104
0 1 48106
0 1 48107
0 1 48112
0 1 48113
0 1 48118
0 1 48122
0 1 48123
0 1 48124
0 1 48125
0 1 48128
0 1 48134
0 1 48135
0 1 48137
0 1 48139
0 1 48142
0 1 48148
0 1 48157
0 1 48160
0 1 48171
0 1 48173
0 1 48174
0 1 48177
0 1 48180
0 1 48181
0 1 48186
0 1 48189
0 1 48190
0 1 48192
0 1 48194
0 1 48197
0 1 48198
0 1 48199
0 1 48202
0 1 48208
0 1 48211
0 1 48212
0 1 48216
0 1 48217
0 1 48219
0 1 48222
0 1 48225
0 1 48230
0 1 48233
0 1 48234
0 1 48236
0 1 48237
0 1 48239
0 1 48241
0 1 48242
0 1 48243
0 1 48244
0 1 48245
0 1 48250
0 1 48252
0 1 48255
0 1 48258
0 1 48259
0 1 48261
0 1 48262
0 1 48263
0 1 48267
0 1 48269
0 1 48282
0 1 48283
0 1 48285
0 1 48287
0 1 48289
0 1 48294
0 1 48298
0 1 48299
0 1 48317
0 1 48321
0 1 48324
0 1 48325
0 1 48327
0 1 48328
0 1 48330
0 1 48333
0 1 48338
0 1 48340
0 1 48344
0 1 48346
0 1 48354
0 1 48358
0 1 48360
0 1 48361
0 1 48365
0 1 48368
0 1 48373
0 1 48382
0 1 48384
0 1 48386
0 1 48392
0 1 48394
0 1 48400
0 1 48402
0 1 48412
0 1 48414
0 1 48417
0 1 48420
0 1 48422
0 1 48426
0 1 48427
0 1 48428
0 1 48430
0 1 48432
0 1 48434
0 1 48435
0 1 48438
0 1 48443
0 1 48453
0 1 48454
0 1 48463
0 1 48474
0 1 48476
0 1 48478
0 1 48479
0 1 48480
0 1 48483
0 1 48484
0 1 48486
0 1 48491
0 1 48495
0 1 48498
0 1 48500
0 1 48501
0 1 48504
0 1 48506
0 1 48512
0 1 48513
0 1 48515
0 1 48519
0 1 48522
0 1 48526
0 1 48527
0 1 48528
0 1 48529
0 1 48531
0 1 48534
0 1 48539
0 1 48541
0 1 48542
0 1 48543
0 1 48549
0 1 48551
0 1 48552
0 1 48554
0 1 48555
0 1 48559
0 1 48561
0 1 48565
0 1 48572
0 1 48575
0 1 48576
0 1 48578
0 1 48579
0 1 48584
0 1 48589
0 1 48593
0 1 48599
0 1 48600
0 1 48606
0 1 48609
0 1 48610
0 1 48611
0 1 48617
0 1 48619
0 1 48626
0 1 48627
0 1 48630
0 1 48633
0 1 48640
0 1 48641
0 1 48643
0 1 48646
0 1 48647
0 1 48648
0 1 48657
0 1 48671
0 1 48676
0 1 48679
0 1 48687
0 1 48688
0 1 48689
0 1 48694
0 1 48698
0 1 48705
0 1 48707
0 1 48708
0 1 48713
0 1 48715
0 1 48718
0 1 48726
0 1 48731
0 1 48732
0 1 48733
0 1 48736
0 1 48743
0 1 48744
0 1 48745
0 1 48747
0 1 48749
0 1 48752
0 1 48761
0 1 48763
0 1 48764
0 1 48766
0 1 48767
0 1 48777
0 1 48778
0 1 48779
0 1 48782
0 1 48783
0 1 48794
0 1 48802
0 1 48808
0 1 48812
0 1 48813
0 1 48816
0 1 48818
0 1 48821
0 1 48822
0 1 48828
0 1 48835
0 1 48836
0 1 48838
0 1 48842
0 1 48846
0 1 48848
0 1 48851
0 1 48852
0 1 48853
0 1 48861
0 1 48869
0 1 48870
0 1 48871
0 1 48872
0 1 48874
0 1 48876
0 1 48879
0 1 48880
0 1 48881
0 1 48882
0 1 48884
0 1 48887
0 1 48888
0 1 48892
0 1 48895
0 1 48897
0 1 48904
0 1 48906
0 1 48907
0 1 48916
0 1 48918
0 1 48928
0 1 48929
0 1 48933
0 1 48936
0 1 48937
0 1 48938
0 1 48945
0 1 48946
0 1 48950
0 1 48951
0 1 48953
0 1 48954
0 1 48957
0 1 48962
0 1 48964
0 1 48965
0 1 48966
0 1 48968
0 1 48978
0 1 48985
0 1 48986
0 1 48987
0 1 48989
0 1 48991
0 1 48993
0 1 48997
0 1 49001
0 1 49002
0 1 49003
0 1 49008
0 1 49010
0 1 49011
0 1 49014
0 1 49020
0 1 49022
0 1 49023
0 1 49024
0 1 49029
0 1 49031
0 1 49035
0 1 49037
0 1 49038
0 1 49041
0 1 49044
0 1 49046
0 1 49047
0 1 49052
0 1 49055
0 1 49060
0 1 49068
0 1 49074
0 1 49075
0 1 49076
0 1 49079
0 1 49082
0 1 49085
0 1 49086
0 1 49088
0 1 49091
0 1 49093
0 1 49100
0 1 49101
0 1 49105
0 1 49107
0 1 49108
0 1 49109
0 1 49113
0 1 49114
0 1 49115
0 1 49120
0 1 49121
0 1 49122
0 1 49132
0 1 49138
0 1 49139
0 1 49140
0 1 49143
0 1 49148
0 1 49152
0 1 49153
0 1 49155
0 1 49159
0 1 49163
0 1 49164
0 1 49171
0 1 49172
0 1 49173
0 1 49176
0 1 49177
0 1 49184
0 1 49186
0 1 49187
0 1 49201
0 1 49212
0 1 49219
0 1 49223
0 1 49235
0 1 49239
0 1 49241
0 1 49244
0 1 49247
0 1 49250
0 1 49262
0 1 49264
0 1 49265
0 1 49272
0 1 49273
0 1 49274
0 1 49278
0 1 49281
0 1 49283
0 1 49284
0 1 49286
0 1 49287
0 1 49294
0 1 49296
0 1 49297
0 1 49300
0 1 49301
0 1 49302
0 1 49307
0 1 49310
0 1 49314
0 1 49315
0 1 49329
0 1 49331
0 1 49332
0 1 49334
0 1 49339
0 1 49342
0 1 49343
0 1 49344
0 1 49347
0 1 49348
0 1 49352
0 1 49355
0 1 49356
0 1 49357
0 1 49359
0 1 49362
0 1 49363
0 1 49370
0 1 49371
0 1 49372
0 1 49374
0 1 49379
0 1 49381
0 1 49382
0 1 49384
0 1 49388
0 1 49390
0 1 49392
0 1 49396
0 1 49397
0 1 49398
0 1 49400
0 1 49401
0 1 49405
0 1 49414
0 1 49424
0 1 49425
0 1 49426
0 1 49428
0 1 49435
0 1 49436
0 1 49438
0 1 49443
0 1 49450
0 1 49452
0 1 49454
0 1 49458
0 1 49462
0 1 49464
0 1 49465
0 1 49467
0 1 49468
0 1 49469
0 1 49476
0 1 49484
0 1 49486
0 1 49488
0 1 49489
0 1 49491
0 1 49492
0 1 49493
0 1 49494
0 1 49499
0 1 49502
0 1 49505
0 1 49506
0 1 49507
0 1 49520
0 1 49521
0 1 49525
0 1 49528
0 1 49530
0 1 49532
0 1 49535
0 1 49536
0 1 49541
0 1 49548
0 1 49551
0 1 49552
0 1 49555
0 1 49556
0 1 49571
0 1 49575
0 1 49576
0 1 49582
0 1 49586
0 1 49587
0 1 49589
0 1 49592
0 1 49594
0 1 49596
0 1 49603
0 1 49604
0 1 49606
0 1 49614
0 1 49618
0 1 49629
0 1 49631
0 1 49632
0 1 49635
0 1 49639
0 1 49641
0 1 49643
0 1 49646
0 1 49647
0 1 49648
0 1 49655
0 1 49658
0 1 49660
0 1 49666
0 1 49670
0 1 49673
0 1 49675
0 1 49677
0 1 49681
0 1 49683
0 1 49686
0 1 49687
0 1 49689
0 1 49690
0 1 49694
0 1 49697
0 1 49700
0 1 49705
0 1 49708
0 1 49715
0 1 49716
0 1 49717
0 1 49719
0 1 49721
0 1 49723
0 1 49732
0 1 49733
0 1 49735
0 1 49736
0 1 49737
0 1 49738
0 1 49744
0 1 49745
0 1 49747
0 1 49751
0 1 49752
0 1 49757
0 1 49764
0 1 49766
0 1 49767
0 1 49771
0 1 49773
0 1 49775
0 1 49776
0 1 49778
0 1 49780
0 1 49789
0 1 49792
0 1 49794
0 1 49798
0 1 49799
0 1 49813
0 1 49818
0 1 49823
0 1 49828
0 1 49832
0 1 49833
0 1 49835
0 1 49838
0 1 49840
0 1 49846
0 1 49856
0 1 49860
0 1 49863
0 1 49867
0 1 49873
0 1 49875
0 1 49876
0 1 49880
0 1 49884
0 1 49885
0 1 49892
0 1 49893
0 1 49897
0 1 49899
0 1 49904
0 1 49905
0 1 49907
0 1 49909
0 1 49911
0 1 49912
0 1 49917
0 1 49920
0 1 49928
0 1 49929
0 1 49933
0 1 49934
0 1 49935
0 1 49940
0 1 49944
0 1 49947
0 1 49948
0 1 49949
0 1 49951
0 1 49952
0 1 49957
0 1 49958
0 1 49966
0 1 49969
0 1 49970
0 1 49974
0 1 49978
0 1 49980
0 1 49982
0 1 49984
0 1 49985
0 1 49986
0 1 49987
0 1 49988
0 1 49996
0 1 49997
0 1 50002
0 1 50004
0 1 50009
0 1 50010
0 1 50011
0 1 50018
0 1 50019
0 1 50020
0 1 50024
0 1 50025
0 1 50035
0 1 50036
0 1 50037
0 1 50041
0 1 50043
0 1 50044
0 1 50056
0 1 50057
0 1 50060
0 1 50062
0 1 50066
0 1 50071
0 1 50075
0 1 50076
0 1 50077
0 1 50080
0 1 50081
0 1 50084
0 1 50086
0 1 50091
0 1 50096
0 1 50097
0 1 50099
0 1 50106
0 1 50111
0 1 50113
0 1 50114
0 1 50122
0 1 50127
0 1 50132
0 1 50136
0 1 50137
0 1 50138
0 1 50139
0 1 50142
0 1 50151
0 1 50152
0 1 50165
0 1 50167
0 1 50168
0 1 50172
0 1 50174
0 1 50179
0 1 50182
0 1 50189
0 1 50190
0 1 50193
0 1 50196
0 1 50197
0 1 50198
0 1 50202
0 1 50208
0 1 50224
0 1 50230
0 1 50240
0 1 50243
0 1 50245
0 1 50247
0 1 50248
0 1 50250
0 1 50251
0 1 50252
0 1 50253
0 1 50257
0 1 50260
0 1 50262
0 1 50263
0 1 50266
0 1 50272
0 1 50273
0 1 50274
0 1 50281
0 1 50282
0 1 50284
0 1 50287
0 1 50297
0 1 50298
0 1 50300
0 1 50301
0 1 50303
0 1 50305
0 1 50310
0 1 50311
0 1 50313
0 1 50316
0 1 50317
0 1 50318
0 1 50325
0 1 50327
0 1 50329
0 1 50331
0 1 50332
0 1 50334
0 1 50338
0 1 50339
0 1 50340
0 1 50347
0 1 50354
0 1 50356
0 1 50358
0 1 50359
0 1 50361
0 1 50363
0 1 50364
0 1 50366
0 1 50379
0 1 50382
0 1 50386
0 1 50387
0 1 50389
0 1 50391
0 1 50394
0 1 50401
0 1 50404
0 1 50411
0 1 50413
0 1 50414
0 1 50416
0 1 50422
0 1 50424
0 1 50425
0 1 50427
0 1 50428
0 1 50431
0 1 50433
0 1 50436
0 1 50438
0 1 50443
0 1 50447
0 1 50449
0 1 50453
0 1 50456
0 1 50466
0 1 50467
0 1 50468
0 1 50470
0 1 50473
0 1 50477
0 1 50478
0 1 50479
0 1 50480
0 1 50481
0 1 50482
0 1 50483
0 1 50485
0 1 50489
0 1 50491
0 1 50492
0 1 50501
0 1 50502
0 1 50504
0 1 50505
0 1 50506
0 1 50509
0 1 50512
0 1 50514
0 1 50517
0 1 50519
0 1 50520
0 1 50525
0 1 50526
0 1 50527
0 1 50531
0 1 50532
0 1 50538
0 1 50540
0 1 50541
0 1 50548
0 1 50550
0 1 50553
0 1 50559
0 1 50561
0 1 50564
0 1 50565
0 1 50571
0 1 50576
0 1 50578
0 1 50583
0 1 50586
0 1 50587
0 1 50594
0 1 50599
0 1 50607
0 1 50610
0 1 50616
0 1 50617
0 1 50619
0 1 50621
0 1 50622
0 1 50629
0 1 50631
0 1 50633
0 1 50636
0 1 50644
0 1 50650
0 1 50655
0 1 50658
0 1 50660
0 1 50663
0 1 50668
0 1 50673
0 1 50675
0 1 50676
0 1 50677
0 1 50680
0 1 50684
0 1 50692
0 1 50693
0 1 50701
0 1 50703
0 1 50704
0 1 50707
0 1 50709
0 1 50712
0 1 50714
0 1 50717
0 1 50724
0 1 50726
0 1 50731
0 1 50732
0 1 50733
0 1 50739
0 1 50743
0 1 50746
0 1 50748
0 1 50749
0 1 50751
0 1 50752
0 1 50753
0 1 50754
0 1 50757
0 1 50758
0 1 50761
0 1 50763
0 1 50765
0 1 50768
0 1 50776
0 1 50777
0 1 50784
0 1 50785
0 1 50787
0 1 50788
0 1 50789
0 1 50793
0 1 50794
0 1 50795
0 1 50796
0 1 50798
0 1 50799
0 1 50800
0 1 50801
0 1 50805
0 1 50807
0 1 50808
0 1 50813
0 1 50814
0 1 50816
0 1 50818
0 1 50819
0 1 50820
0 1 50823
0 1 50825
0 1 50826
0 1 50828
0 1 50840
0 1 50844
0 1 50845
0 1 50846
0 1 50847
0 1 50853
0 1 50860
0 1 50864
0 1 50874
0 1 50877
0 1 50881
0 1 50883
0 1 50889
0 1 50893
0 1 50894
0 1 50896
0 1 50897
0 1 50899
0 1 50919
0 1 50924
0 1 50926
0 1 50931
0 1 50935
0 1 50941
0 1 50942
0 1 50944
0 1 50946
0 1 50953
0 1 50958
0 1 50960
0 1 50961
0 1 50964
0 1 50965
0 1 50966
0 1 50970
0 1 50971
0 1 50975
0 1 50976
0 1 50981
0 1 50984
0 1 50987
0 1 50990
0 1 50993
0 1 50994
0 1 50998
0 1 51003
0 1 51011
0 1 51012
0 1 51013
0 1 51017
0 1 51018
0 1 51020
0 1 51029
0 1 51033
0 1 51036
0 1 51043
0 1 51048
0 1 51052
0 1 51053
0 1 51054
0 1 51065
0 1 51070
0 1 51080
0 1 51087
0 1 51090
0 1 51091
0 1 51098
0 1 51099
0 1 51114
0 1 51116
0 1 51118
0 1 51119
0 1 51125
0 1 51128
0 1 51130
0 1 51131
0 1 51133
0 1 51135
0 1 51136
0 1 51138
0 1 51141
0 1 51142
0 1 51147
0 1 51148
0 1 51157
0 1 51160
0 1 51161
0 1 51163
0 1 51164
0 1 51167
0 1 51168
0 1 51173
0 1 51180
0 1 51186
0 1 51189
0 1 51199
0 1 51201
0 1 51204
0 1 51207
0 1 51208
0 1 51210
0 1 51215
0 1 51216
0 1 51218
0 1 51219
0 1 51221
0 1 51227
0 1 51228
0 1 51235
0 1 51239
0 1 51244
0 1 51250
0 1 51253
0 1 51254
0 1 51258
0 1 51265
0 1 51266
0 1 51268
0 1 51269
0 1 51274
0 1 51275
0 1 51281
0 1 51282
0 1 51283
0 1 51284
0 1 51287
0 1 51291
0 1 51294
0 1 51295
0 1 51308
0 1 51314
0 1 51317
0 1 51318
0 1 51319
0 1 51339
0 1 51340
0 1 51343
0 1 51346
0 1 51347
0 1 51353
0 1 51354
0 1 51357
0 1 51362
0 1 51370
0 1 51374
0 1 51384
0 1 51385
0 1 51389
0 1 51391
0 1 51393
0 1 51395
0 1 51396
0 1 51398
0 1 51401
0 1 51408
0 1 51410
0 1 51411
0 1 51413
0 1 51415
0 1 51417
0 1 51419
0 1 51424
0 1 51426
0 1 51428
0 1 51430
0 1 51433
0 1 51436
0 1 51438
0 1 51440
0 1 51442
0 1 51443
0 1 51444
0 1 51446
0 1 51448
0 1 51455
0 1 51460
0 1 51474
0 1 51478
0 1 51479
0 1 51481
0 1 51486
0 1 51491
0 1 51500
0 1 51501
0 1 51505
0 1 51511
0 1 51513
0 1 51518
0 1 51520
0 1 51524
0 1 51531
0 1 51533
0 1 51536
0 1 51538
0 1 51541
0 1 51562
0 1 51563
0 1 51564
0 1 51565
0 1 51567
0 1 51573
0 1 51574
0 1 51575
0 1 51582
0 1 51594
0 1 51596
0 1 51600
0 1 51608
0 1 51609
0 1 51611
0 1 51618
0 1 51619
0 1 51621
0 1 51624
0 1 51625
0 1 51626
0 1 51629
0 1 51631
0 1 51632
0 1 51634
0 1 51637
0 1 51641
0 1 51642
0 1 51643
0 1 51649
0 1 51651
0 1 51653
0 1 51656
0 1 51659
0 1 51662
0 1 51663
0 1 51665
0 1 51668
0 1 51669
0 1 51671
0 1 51674
0 1 51675
0 1 51679
0 1 51682
0 1 51683
0 1 51684
0 1 51686
0 1 51690
0 1 51691
0 1 51694
0 1 51696
0 1 51697
0 1 51699
0 1 51700
0 1 51705
0 1 51706
0 1 51717
0 1 51719
0 1 51722
0 1 51724
0 1 51725
0 1 51740
0 1 51741
0 1 51758
0 1 51759
0 1 51760
0 1 51769
0 1 51771
0 1 51775
0 1 51777
0 1 51778
0 1 51779
0 1 51780
0 1 51782
0 1 51786
0 1 51789
0 1 51792
0 1 51796
0 1 51798
0 1 51799
0 1 51802
0 1 51809
0 1 51815
0 1 51818
0 1 51821
0 1 51831
0 1 51832
0 1 51834
0 1 51836
0 1 51847
0 1 51851
0 1 51862
0 1 51868
0 1 51870
0 1 51872
0 1 51877
0 1 51883
0 1 51885
0 1 51889
0 1 51898
0 1 51901
0 1 51903
0 1 51905
0 1 51911
0 1 51912
0 1 51913
0 1 51914
0 1 51916
0 1 51919
0 1 51922
0 1 51923
0 1 51928
0 1 51934
0 1 51936
0 1 51946
0 1 51949
0 1 51951
0 1 51952
0 1 51953
0 1 51957
0 1 51960
0 1 51963
0 1 51969
0 1 51975
0 1 51978
0 1 51980
0 1 51987
0 1 51988
0 1 52002
0 1 52003
0 1 52004
0 1 52006
0 1 52011
0 1 52015
0 1 52016
0 1 52024
0 1 52026
0 1 52042
0 1 52049
0 1 52051
0 1 52054
0 1 52055
0 1 52061
0 1 52063
0 1 52067
0 1 52079
0 1 52081
0 1 52083
0 1 52085
0 1 52088
0 1 52101
0 1 52103
0 1 52108
0 1 52109
0 1 52112
0 1 52113
0 1 52114
0 1 52117
0 1 52120
0 1 52122
0 1 52124
0 1 52125
0 1 52129
0 1 52131
0 1 52133
0 1 52134
0 1 52137
0 1 52139
0 1 52140
0 1 52142
0 1 52143
0 1 52145
0 1 52147
0 1 52148
0 1 52149
0 1 52154
0 1 52159
0 1 52160
0 1 52161
0 1 52164
0 1 52170
0 1 52177
0 1 52179
0 1 52187
0 1 52189
0 1 52193
0 1 52198
0 1 52200
0 1 52202
0 1 52213
0 1 52215
0 1 52216
0 1 52217
0 1 52218
0 1 52219
0 1 52225
0 1 52232
0 1 52233
0 1 52235
0 1 52236
0 1 52238
0 1 52239
0 1 52243
0 1 52246
0 1 52248
0 1 52252
0 1 52260
0 1 52265
0 1 52266
0 1 52276
0 1 52282
0 1 52286
0 1 52287
0 1 52293
0 1 52295
0 1 52296
0 1 52298
0 1 52299
0 1 52304
0 1 52305
0 1 52316
0 1 52320
0 1 52322
0 1 52324
0 1 52325
0 1 52329
0 1 52332
0 1 52335
0 1 52336
0 1 52339
0 1 52340
0 1 52342
0 1 52343
0 1 52345
0 1 52359
0 1 52364
0 1 52370
0 1 52373
0 1 52374
0 1 52376
0 1 52377
0 1 52383
0 1 52384
0 1 52392
0 1 52394
0 1 52397
0 1 52398
0 1 52401
0 1 52402
0 1 52408
0 1 52411
0 1 52414
0 1 52416
0 1 52417
0 1 52422
0 1 52424
0 1 52425
0 1 52428
0 1 52436
0 1 52438
0 1 52439
0 1 52442
0 1 52443
0 1 52452
0 1 52457
0 1 52460
0 1 52465
0 1 52466
0 1 52468
0 1 52469
0 1 52479
0 1 52481
0 1 52486
0 1 52491
0 1 52496
0 1 52498
0 1 52501
0 1 52502
0 1 52506
0 1 52510
0 1 52512
0 1 52515
0 1 52519
0 1 52520
0 1 52522
0 1 52523
0 1 52525
0 1 52526
0 1 52532
0 1 52533
0 1 52545
0 1 52552
0 1 52553
0 1 52554
0 1 52557
0 1 52558
0 1 52562
0 1 52563
0 1 52565
0 1 52570
0 1 52581
0 1 52582
0 1 52584
0 1 52585
0 1 52586
0 1 52591
0 1 52593
0 1 52596
0 1 52598
0 1 52602
0 1 52604
0 1 52611
0 1 52614
0 1 52617
0 1 52621
0 1 52624
0 1 52625
0 1 52628
0 1 52637
0 1 52638
0 1 52640
0 1 52645
0 1 52653
0 1 52657
0 1 52666
0 1 52667
0 1 52668
0 1 52675
0 1 52676
0 1 52678
0 1 52679
0 1 52681
0 1 52684
0 1 52690
0 1 52691
0 1 52697
0 1 52699
0 1 52705
0 1 52707
0 1 52718
0 1 52719
0 1 52722
0 1 52723
0 1 52724
0 1 52727
0 1 52729
0 1 52730
0 1 52742
0 1 52751
0 1 52758
0 1 52762
0 1 52765
0 1 52766
0 1 52767
0 1 52769
0 1 52772
0 1 52780
0 1 52782
0 1 52784
0 1 52788
0 1 52790
0 1 52791
0 1 52794
0 1 52796
0 1 52801
0 1 52812
0 1 52819
0 1 52822
0 1 52826
0 1 52828
0 1 52830
0 1 52831
0 1 52833
0 1 52838
0 1 52840
0 1 52841
0 1 52848
0 1 52851
0 1 52855
0 1 52856
0 1 52860
0 1 52862
0 1 52875
0 1 52876
0 1 52883
0 1 52886
0 1 52896
0 1 52901
0 1 52905
0 1 52912
0 1 52919
0 1 52921
0 1 52927
0 1 52930
0 1 52932
0 1 52934
0 1 52937
0 1 52938
0 1 52940
0 1 52941
0 1 52943
0 1 52947
0 1 52952
0 1 52956
0 1 52959
0 1 52963
0 1 52966
0 1 52969
0 1 52972
0 1 52973
0 1 52974
0 1 52976
0 1 52977
0 1 52981
0 1 52984
0 1 52989
0 1 52990
0 1 52991
0 1 52994
0 1 53000
0 1 53001
0 1 53006
0 1 53007
0 1 53012
0 1 53014
0 1 53020
0 1 53021
0 1 53022
0 1 53027
0 1 53029
0 1 53034
0 1 53041
0 1 53055
0 1 53060
0 1 53064
0 1 53071
0 1 53074
0 1 53078
0 1 53086
0 1 53100
0 1 53101
0 1 53105
0 1 53112
0 1 53113
0 1 53117
0 1 53120
0 1 53127
0 1 53135
0 1 53138
0 1 53139
0 1 53140
0 1 53143
0 1 53144
0 1 53146
0 1 53149
0 1 53150
0 1 53157
0 1 53158
0 1 53160
0 1 53162
0 1 53169
0 1 53173
0 1 53177
0 1 53185
0 1 53186
0 1 53187
0 1 53192
0 1 53193
0 1 53194
0 1 53195
0 1 53196
0 1 53197
0 1 53201
0 1 53204
0 1 53208
0 1 53210
0 1 53219
0 1 53226
0 1 53227
0 1 53230
0 1 53231
0 1 53235
0 1 53237
0 1 53243
0 1 53250
0 1 53252
0 1 53274
0 1 53287
0 1 53289
0 1 53290
0 1 53292
0 1 53299
0 1 53300
0 1 53304
0 1 53305
0 1 53307
0 1 53309
0 1 53312
0 1 53314
0 1 53315
0 1 53317
0 1 53323
0 1 53327
0 1 53333
0 1 53335
0 1 53338
0 1 53339
0 1 53352
0 1 53356
0 1 53358
0 1 53361
0 1 53362
0 1 53364
0 1 53367
0 1 53369
0 1 53370
0 1 53374
0 1 53378
0 1 53381
0 1 53385
0 1 53390
0 1 53395
0 1 53397
0 1 53406
0 1 53410
0 1 53411
0 1 53412
0 1 53415
0 1 53416
0 1 53418
0 1 53419
0 1 53424
0 1 53431
0 1 53432
0 1 53437
0 1 53439
0 1 53449
0 1 53452
0 1 53456
0 1 53458
0 1 53464
0 1 53479
0 1 53489
0 1 53490
0 1 53492
0 1 53495
0 1 53499
0 1 53502
0 1 53504
0 1 53509
0 1 53516
0 1 53517
0 1 53524
0 1 53525
0 1 53528
0 1 53531
0 1 53535
0 1 53549
0 1 53552
0 1 53554
0 1 53555
0 1 53556
0 1 53558
0 1 53562
0 1 53563
0 1 53566
0 1 53567
0 1 53571
0 1 53572
0 1 53579
0 1 53581
0 1 53582
0 1 53585
0 1 53588
0 1 53590
0 1 53591
0 1 53592
0 1 53598
0 1 53599
0 1 53600
0 1 53605
0 1 53606
0 1 53617
0 1 53629
0 1 53630
0 1 53631
0 1 53633
0 1 53639
0 1 53647
0 1 53648
0 1 53649
0 1 53654
0 1 53656
0 1 53661
0 1 53662
0 1 53667
0 1 53675
0 1 53679
0 1 53681
0 1 53685
0 1 53689
0 1 53690
0 1 53701
0 1 53702
0 1 53705
0 1 53711
0 1 53714
0 1 53715
0 1 53716
0 1 53718
0 1 53722
0 1 53723
0 1 53728
0 1 53732
0 1 53733
0 1 53735
0 1 53737
0 1 53740
0 1 53742
0 1 53745
0 1 53746
0 1 53748
0 1 53751
0 1 53752
0 1 53753
0 1 53761
0 1 53762
0 1 53763
0 1 53765
0 1 53768
0 1 53771
0 1 53773
0 1 53776
0 1 53780
0 1 53781
0 1 53784
0 1 53785
0 1 53787
0 1 53791
0 1 53794
0 1 53801
0 1 53809
0 1 53810
0 1 53816
0 1 53817
0 1 53818
0 1 53821
0 1 53822
0 1 53832
0 1 53834
0 1 53835
0 1 53842
0 1 53844
0 1 53845
0 1 53858
0 1 53861
0 1 53865
0 1 53872
0 1 53873
0 1 53876
0 1 53878
0 1 53882
0 1 53883
0 1 53884
0 1 53885
0 1 53886
0 1 53887
0 1 53889
0 1 53890
0 1 53891
0 1 53897
0 1 53902
0 1 53904
0 1 53907
0 1 53908
0 1 53909
0 1 53910
0 1 53915
0 1 53916
0 1 53920
0 1 53921
0 1 53923
0 1 53924
0 1 53926
0 1 53928
0 1 53929
0 1 53931
0 1 53938
0 1 53942
0 1 53944
0 1 53945
0 1 53947
0 1 53949
0 1 53954
0 1 53955
0 1 53959
0 1 53965
0 1 53966
0 1 53969
0 1 53971
0 1 53973
0 1 53974
0 1 53977
0 1 53987
0 1 53991
0 1 53996
0 1 53997
0 1 54002
0 1 54007
0 1 54013
0 1 54017
0 1 54019
0 1 54027
0 1 54029
0 1 54031
0 1 54032
0 1 54034
0 1 54036
0 1 54037
0 1 54038
0 1 54043
0 1 54044
0 1 54051
0 1 54052
0 1 54057
0 1 54061
0 1 54065
0 1 54069
0 1 54075
0 1 54076
0 1 54077
0 1 54079
0 1 54080
0 1 54082
0 1 54083
0 1 54084
0 1 54090
0 1 54093
0 1 54094
0 1 54095
0 1 54102
0 1 54104
0 1 54107
0 1 54109
0 1 54111
0 1 54113
0 1 54117
0 1 54119
0 1 54127
0 1 54129
0 1 54130
0 1 54131
0 1 54132
0 1 54133
0 1 54134
0 1 54137
0 1 54141
0 1 54157
0 1 54162
0 1 54173
0 1 54177
0 1 54180
0 1 54191
0 1 54200
0 1 54212
0 1 54213
0 1 54216
0 1 54218
0 1 54220
0 1 54222
0 1 54226
0 1 54231
0 1 54232
0 1 54237
0 1 54238
0 1 54244
0 1 54246
0 1 54249
0 1 54253
0 1 54254
0 1 54260
0 1 54271
0 1 54273
0 1 54275
0 1 54276
0 1 54278
0 1 54286
0 1 54290
0 1 54294
0 1 54301
0 1 54302
0 1 54304
0 1 54307
0 1 54309
0 1 54310
0 1 54320
0 1 54321
0 1 54326
0 1 54327
0 1 54329
0 1 54331
0 1 54332
0 1 54342
0 1 54346
0 1 54351
0 1 54354
0 1 54355
0 1 54358
0 1 54359
0 1 54364
0 1 54368
0 1 54370
0 1 54373
0 1 54376
0 1 54379
0 1 54382
0 1 54383
0 1 54384
0 1 54385
0 1 54388
0 1 54390
0 1 54401
0 1 54405
0 1 54411
0 1 54413
0 1 54417
0 1 54423
0 1 54428
0 1 54431
0 1 54433
0 1 54434
0 1 54436
0 1 54440
0 1 54441
0 1 54445
0 1 54448
0 1 54455
0 1 54456
0 1 54459
0 1 54460
0 1 54464
0 1 54465
0 1 54472
0 1 54480
0 1 54486
0 1 54493
0 1 54494
0 1 54497
0 1 54500
0 1 54502
0 1 54512
0 1 54519
0 1 54538
0 1 54543
0 1 54544
0 1 54546
0 1 54552
0 1 54554
0 1 54561
0 1 54564
0 1 54568
0 1 54569
0 1 54570
0 1 54571
0 1 54576
0 1 54577
0 1 54579
0 1 54582
0 1 54583
0 1 54585
0 1 54587
0 1 54589
0 1 54592
0 1 54600
0 1 54604
0 1 54609
0 1 54615
0 1 54617
0 1 54620
0 1 54624
0 1 54628
0 1 54630
0 1 54631
0 1 54633
0 1 54638
0 1 54641
0 1 54645
0 1 54647
0 1 54651
0 1 54656
0 1 54658
0 1 54664
0 1 54669
0 1 54670
0 1 54672
0 1 54673
0 1 54680
0 1 54682
0 1 54683
0 1 54685
0 1 54690
0 1 54691
0 1 54694
0 1 54695
0 1 54700
0 1 54705
0 1 54707
0 1 54709
0 1 54713
0 1 54714
0 1 54716
0 1 54721
0 1 54726
0 1 54727
0 1 54728
0 1 54734
0 1 54736
0 1 54743
0 1 54746
0 1 54748
0 1 54749
0 1 54752
0 1 54753
0 1 54757
0 1 54762
0 1 54763
0 1 54764
0 1 54769
0 1 54771
0 1 54772
0 1 54773
0 1 54776
0 1 54777
0 1 54779
0 1 54780
0 1 54783
0 1 54789
0 1 54791
0 1 54793
0 1 54799
0 1 54803
0 1 54809
0 1 54810
0 1 54818
0 1 54821
0 1 54823
0 1 54824
0 1 54827
0 1 54831
0 1 54834
0 1 54835
0 1 54837
0 1 54838
0 1 54840
0 1 54842
0 1 54845
0 1 54850
0 1 54852
0 1 54854
0 1 54858
0 1 54861
0 1 54862
0 1 54864
0 1 54865
0 1 54872
0 1 54875
0 1 54877
0 1 54878
0 1 54881
0 1 54886
0 1 54888
0 1 54893
0 1 54896
0 1 54897
0 1 54902
0 1 54905
0 1 54907
0 1 54908
0 1 54911
0 1 54915
0 1 54925
0 1 54929
0 1 54931
0 1 54934
0 1 54945
0 1 54950
0 1 54953
0 1 54956
0 1 54959
0 1 54963
0 1 54964
0 1 54971
0 1 54972
0 1 54973
0 1 54976
0 1 54978
0 1 54980
0 1 54982
0 1 54991
0 1 54993
0 1 54994
0 1 55001
0 1 55005
0 1 55007
0 1 55012
0 1 55022
0 1 55023
0 1 55046
0 1 55055
0 1 55058
0 1 55060
0 1 55061
0 1 55064
0 1 55070
0 1 55074
0 1 55075
0 1 55078
0 1 55082
0 1 55085
0 1 55088
0 1 55089
0 1 55090
0 1 55091
0 1 55096
0 1 55098
0 1 55099
0 1 55102
0 1 55105
0 1 55106
0 1 55111
0 1 55119
0 1 55124
0 1 55130
0 1 55136
0 1 55142
0 1 55148
0 1 55150
0 1 55153
0 1 55159
0 1 55167
0 1 55168
0 1 55169
0 1 55174
0 1 55175
0 1 55179
0 1 55180
0 1 55186
0 1 55187
0 1 55188
0 1 55191
0 1 55195
0 1 55199
0 1 55200
0 1 55202
0 1 55204
0 1 55206
0 1 55208
0 1 55209
0 1 55212
0 1 55214
0 1 55223
0 1 55225
0 1 55231
0 1 55233
0 1 55234
0 1 55235
0 1 55238
0 1 55244
0 1 55249
0 1 55253
0 1 55254
0 1 55264
0 1 55267
0 1 55270
0 1 55274
0 1 55276
0 1 55280
0 1 55281
0 1 55286
0 1 55292
0 1 55294
0 1 55303
0 1 55308
0 1 55314
0 1 55316
0 1 55319
0 1 55321
0 1 55328
0 1 55330
0 1 55335
0 1 55338
0 1 55350
0 1 55353
0 1 55355
0 1 55361
0 1 55364
0 1 55371
0 1 55373
0 1 55374
0 1 55378
0 1 55381
0 1 55383
0 1 55387
0 1 55388
0 1 55390
0 1 55391
0 1 55393
0 1 55395
0 1 55396
0 1 55399
0 1 55401
0 1 55403
0 1 55409
0 1 55410
0 1 55415
0 1 55423
0 1 55425
0 1 55427
0 1 55429
0 1 55431
0 1 55435
0 1 55436
0 1 55440
0 1 55446
0 1 55447
0 1 55450
0 1 55452
0 1 55453
0 1 55454
0 1 55455
0 1 55456
0 1 55460
0 1 55464
0 1 55472
0 1 55473
0 1 55474
0 1 55476
0 1 55478
0 1 55479
0 1 55480
0 1 55484
0 1 55485
0 1 55499
0 1 55501
0 1 55511
0 1 55514
0 1 55515
0 1 55517
0 1 55519
0 1 55524
0 1 55535
0 1 55536
0 1 55537
0 1 55539
0 1 55544
0 1 55550
0 1 55551
0 1 55553
0 1 55554
0 1 55557
0 1 55559
0 1 55562
0 1 55566
0 1 55571
0 1 55575
0 1 55582
0 1 55586
0 1 55588
0 1 55589
0 1 55591
0 1 55592
0 1 55594
0 1 55604
0 1 55606
0 1 55607
0 1 55609
0 1 55610
0 1 55619
0 1 55622
0 1 55629
0 1 55630
0 1 55632
0 1 55633
0 1 55634
0 1 55636
0 1 55638
0 1 55639
0 1 55641
0 1 55647
0 1 55648
0 1 55653
0 1 55654
0 1 55657
0 1 55668
0 1 55677
0 1 55678
0 1 55679
0 1 55681
0 1 55686
0 1 55691
0 1 55692
0 1 55693
0 1 55697
0 1 55700
0 1 55701
0 1 55704
0 1 55712
0 1 55713
0 1 55715
0 1 55722
0 1 55724
0 1 55726
0 1 55729
0 1 55730
0 1 55731
0 1 55732
0 1 55734
0 1 55735
0 1 55736
0 1 55737
0 1 55738
0 1 55739
0 1 55741
0 1 55743
0 1 55745
0 1 55746
0 1 55750
0 1 55753
0 1 55759
0 1 55764
0 1 55766
0 1 55771
0 1 55773
0 1 55775
0 1 55778
0 1 55779
0 1 55780
0 1 55785
0 1 55789
0 1 55794
0 1 55798
0 1 55800
0 1 55802
0 1 55806
0 1 55811
0 1 55813
0 1 55816
0 1 55817
0 1 55828
0 1 55830
0 1 55834
0 1 55837
0 1 55843
0 1 55848
0 1 55849
0 1 55850
0 1 55855
0 1 55856
0 1 55859
0 1 55860
0 1 55862
0 1 55868
0 1 55872
0 1 55876
0 1 55886
0 1 55891
0 1 55896
0 1 55897
0 1 55900
0 1 55901
0 1 55903
0 1 55904
0 1 55906
0 1 55909
0 1 55911
0 1 55915
0 1 55917
0 1 55921
0 1 55922
0 1 55923
0 1 55924
0 1 55933
0 1 55934
0 1 55938
0 1 55940
0 1 55942
0 1 55948
0 1 55955
0 1 55959
0 1 55960
0 1 55961
0 1 55963
0 1 55969
0 1 55970
0 1 55972
0 1 55973
0 1 55974
0 1 55977
0 1 55978
0 1 55985
0 1 55987
0 1 55993
0 1 56003
0 1 56004
0 1 56007
0 1 56008
0 1 56010
0 1 56011
0 1 56015
0 1 56019
0 1 56022
0 1 56024
0 1 56030
0 1 56034
0 1 56037
0 1 56044
0 1 56048
0 1 56051
0 1 56056
0 1 56059
0 1 56063
0 1 56065
0 1 56067
0 1 56076
0 1 56086
0 1 56092
0 1 56096
0 1 56097
0 1 56098
0 1 56104
0 1 56110
0 1 56112
0 1 56116
0 1 56128
0 1 56129
0 1 56135
0 1 56138
0 1 56142
0 1 56151
0 1 56152
0 1 56158
0 1 56160
0 1 56170
0 1 56175
0 1 56179
0 1 56183
0 1 56187
0 1 56190
0 1 56195
0 1 56202
0 1 56205
0 1 56212
0 1 56216
0 1 56217
0 1 56221
0 1 56225
0 1 56226
0 1 56231
0 1 56232
0 1 56233
0 1 56235
0 1 56239
0 1 56240
0 1 56242
0 1 56244
0 1 56247
0 1 56255
0 1 56258
0 1 56264
0 1 56265
0 1 56268
0 1 56271
0 1 56273
0 1 56277
0 1 56278
0 1 56281
0 1 56291
0 1 56292
0 1 56306
0 1 56307
0 1 56308
0 1 56310
0 1 56311
0 1 56313
0 1 56317
0 1 56325
0 1 56328
0 1 56330
0 1 56335
0 1 56339
0 1 56341
0 1 56347
0 1 56352
0 1 56356
0 1 56359
0 1 56360
0 1 56370
0 1 56372
0 1 56373
0 1 56376
0 1 56378
0 1 56382
0 1 56383
0 1 56384
0 1 56391
0 1 56392
0 1 56393
0 1 56395
0 1 56397
0 1 56406
0 1 56409
0 1 56411
0 1 56413
0 1 56415
0 1 56418
0 1 56423
0 1 56428
0 1 56430
0 1 56432
0 1 56434
0 1 56435
0 1 56437
0 1 56443
0 1 56444
0 1 56445
0 1 56450
0 1 56451
0 1 56454
0 1 56460
0 1 56461
0 1 56462
0 1 56464
0 1 56467
0 1 56468
0 1 56469
0 1 56473
0 1 56474
0 1 56482
0 1 56485
0 1 56487
0 1 56490
0 1 56492
0 1 56493
0 1 56506
0 1 56509
0 1 56511
0 1 56512
0 1 56513
0 1 56523
0 1 56525
0 1 56527
0 1 56529
0 1 56531
0 1 56534
0 1 56536
0 1 56541
0 1 56544
0 1 56546
0 1 56547
0 1 56549
0 1 56551
0 1 56557
0 1 56559
0 1 56560
0 1 56566
0 1 56567
0 1 56568
0 1 56569
0 1 56575
0 1 56577
0 1 56578
0 1 56580
0 1 56583
0 1 56584
0 1 56585
0 1 56587
0 1 56592
0 1 56594
0 1 56595
0 1 56599
0 1 56603
0 1 56611
0 1 56616
0 1 56618
0 1 56627
0 1 56631
0 1 56632
0 1 56636
0 1 56641
0 1 56642
0 1 56644
0 1 56647
0 1 56648
0 1 56656
0 1 56663
0 1 56674
0 1 56677
0 1 56679
0 1 56680
0 1 56683
0 1 56684
0 1 56698
0 1 56700
0 1 56707
0 1 56708
0 1 56710
0 1 56715
0 1 56716
0 1 56718
0 1 56719
0 1 56720
0 1 56723
0 1 56724
0 1 56726
0 1 56727
0 1 56728
0 1 56732
0 1 56734
0 1 56735
0 1 56736
0 1 56738
0 1 56740
0 1 56741
0 1 56747
0 1 56748
0 1 56754
0 1 56755
0 1 56761
0 1 56769
0 1 56771
0 1 56775
0 1 56776
0 1 56778
0 1 56784
0 1 56787
0 1 56806
0 1 56808
0 1 56813
0 1 56815
0 1 56818
0 1 56819
0 1 56828
0 1 56831
0 1 56833
0 1 56834
0 1 56836
0 1 56837
0 1 56839
0 1 56840
0 1 56845
0 1 56847
0 1 56849
0 1 56850
0 1 56854
0 1 56865
0 1 56867
0 1 56884
0 1 56886
0 1 56887
0 1 56891
0 1 56895
0 1 56896
0 1 56898
0 1 56900
0 1 56903
0 1 56906
0 1 56907
0 1 56909
0 1 56910
0 1 56914
0 1 56917
0 1 56922
0 1 56929
0 1 56932
0 1 56933
0 1 56935
0 1 56938
0 1 56942
0 1 56943
0 1 56952
0 1 56956
0 1 56958
0 1 56959
0 1 56964
0 1 56968
0 1 56970
0 1 56972
0 1 56973
0 1 56976
0 1 56978
0 1 56984
0 1 56989
0 1 56990
0 1 56991
0 1 56993
0 1 56994
0 1 56998
0 1 56999
0 1 57008
0 1 57010
0 1 57011
0 1 57014
0 1 57018
0 1 57028
0 1 57030
0 1 57036
0 1 57040
0 1 57041
0 1 57052
0 1 57061
0 1 57072
0 1 57076
0 1 57079
0 1 57082
0 1 57088
0 1 57092
0 1 57096
0 1 57099
0 1 57100
0 1 57104
0 1 57105
0 1 57107
0 1 57117
0 1 57123
0 1 57125
0 1 57130
0 1 57134
0 1 57135
0 1 57138
0 1 57141
0 1 57145
0 1 57147
0 1 57151
0 1 57152
0 1 57155
0 1 57158
0 1 57159
0 1 57160
0 1 57163
0 1 57165
0 1 57166
0 1 57167
0 1 57168
0 1 57171
0 1 57175
0 1 57176
0 1 57178
0 1 57179
0 1 57180
0 1 57183
0 1 57186
0 1 57188
0 1 57190
0 1 57198
0 1 57200
0 1 57201
0 1 57209
0 1 57211
0 1 57212
0 1 57216
0 1 57217
0 1 57224
0 1 57229
0 1 57230
0 1 57233
0 1 57234
0 1 57237
0 1 57239
0 1 57241
0 1 57243
0 1 57244
0 1 57246
0 1 57250
0 1 57253
0 1 57254
0 1 57261
0 1 57262
0 1 57263
0 1 57270
0 1 57278
0 1 57284
0 1 57285
0 1 57286
0 1 57288
0 1 57289
0 1 57295
0 1 57299
0 1 57301
0 1 57304
0 1 57305
0 1 57306
0 1 57307
0 1 57309
0 1 57310
0 1 57314
0 1 57316
0 1 57319
0 1 57321
0 1 57324
0 1 57325
0 1 57330
0 1 57334
0 1 57338
0 1 57342
0 1 57343
0 1 57349
0 1 57352
0 1 57354
0 1 57356
0 1 57362
0 1 57371
0 1 57378
0 1 57381
0 1 57383
0 1 57384
0 1 57385
0 1 57387
0 1 57393
0 1 57394
0 1 57396
0 1 57398
0 1 57399
0 1 57404
0 1 57417
0 1 57418
0 1 57419
0 1 57420
0 1 57427
0 1 57430
0 1 57432
0 1 57444
0 1 57447
0 1 57449
0 1 57450
0 1 57451
0 1 57454
0 1 57455
0 1 57459
0 1 57462
0 1 57463
0 1 57466
0 1 57468
0 1 57469
0 1 57470
0 1 57472
0 1 57473
0 1 57474
0 1 57478
0 1 57485
0 1 57488
0 1 57490
0 1 57491
0 1 57498
0 1 57501
0 1 57502
0 1 57506
0 1 57510
0 1 57511
0 1 57515
0 1 57520
0 1 57522
0 1 57530
0 1 57531
0 1 57534
0 1 57542
0 1 57545
0 1 57551
0 1 57554
0 1 57555
0 1 57556
0 1 57557
0 1 57558
0 1 57559
0 1 57560
0 1 57563
0 1 57568
0 1 57569
0 1 57572
0 1 57578
0 1 57579
0 1 57581
0 1 57582
0 1 57584
0 1 57587
0 1 57588
0 1 57589
0 1 57598
0 1 57601
0 1 57602
0 1 57603
0 1 57610
0 1 57616
0 1 57618
0 1 57619
0 1 57622
0 1 57624
0 1 57625
0 1 57632
0 1 57635
0 1 57642
0 1 57643
0 1 57647
0 1 57655
0 1 57656
0 1 57675
0 1 57676
0 1 57677
0 1 57679
0 1 57682
0 1 57683
0 1 57689
0 1 57690
0 1 57699
0 1 57703
0 1 57708
0 1 57709
0 1 57715
0 1 57718
0 1 57721
0 1 57722
0 1 57723
0 1 57724
0 1 57725
0 1 57726
0 1 57733
0 1 57735
0 1 57745
0 1 57747
0 1 57749
0 1 57751
0 1 57756
0 1 57757
0 1 57766
0 1 57767
0 1 57770
0 1 57772
0 1 57778
0 1 57781
0 1 57784
0 1 57786
0 1 57787
0 1 57789
0 1 57790
0 1 57791
0 1 57792
0 1 57796
0 1 57798
0 1 57804
0 1 57805
0 1 57808
0 1 57813
0 1 57822
0 1 57823
0 1 57829
0 1 57833
0 1 57835
0 1 57837
0 1 57838
0 1 57841
0 1 57844
0 1 57846
0 1 57848
0 1 57849
0 1 57855
0 1 57859
0 1 57860
0 1 57865
0 1 57868
0 1 57871
0 1 57872
0 1 57875
0 1 57876
0 1 57879
0 1 57902
0 1 57904
0 1 57905
0 1 57909
0 1 57911
0 1 57914
0 1 57918
0 1 57922
0 1 57923
0 1 57928
0 1 57929
0 1 57936
0 1 57937
0 1 57947
0 1 57950
0 1 57951
0 1 57953
0 1 57961
0 1 57963
0 1 57965
0 1 57969
0 1 57974
0 1 57975
0 1 57978
0 1 57979
0 1 57982
0 1 57983
0 1 57986
0 1 57995
0 1 58001
0 1 58002
0 1 58003
0 1 58007
0 1 58011
0 1 58015
0 1 58028
0 1 58040
0 1 58042
0 1 58049
0 1 58050
0 1 58052
0 1 58054
0 1 58055
0 1 58061
0 1 58062
0 1 58066
0 1 58068
0 1 58076
0 1 58077
0 1 58085
0 1 58088
0 1 58091
0 1 58097
0 1 58100
0 1 58106
0 1 58113
0 1 58114
0 1 58116
0 1 58121
0 1 58122
0 1 58123
0 1 58131
0 1 58137
0 1 58141
0 1 58142
0 1 58149
0 1 58156
0 1 58157
0 1 58158
0 1 58160
0 1 58169
0 1 58174
0 1 58175
0 1 58179
0 1 58182
0 1 58186
0 1 58192
0 1 58193
0 1 58204
0 1 58207
0 1 58209
0 1 58211
0 1 58212
0 1 58216
0 1 58217
0 1 58224
0 1 58226
0 1 58235
0 1 58242
0 1 58250
0 1 58258
0 1 58260
0 1 58263
0 1 58267
0 1 58269
0 1 58270
0 1 58272
0 1 58273
0 1 58282
0 1 58289
0 1 58293
0 1 58295
0 1 58296
0 1 58297
0 1 58298
0 1 58301
0 1 58302
0 1 58308
0 1 58310
0 1 58314
0 1 58319
0 1 58332
0 1 58333
0 1 58334
0 1 58337
0 1 58341
0 1 58343
0 1 58347
0 1 58348
0 1 58358
0 1 58361
0 1 58363
0 1 58372
0 1 58373
0 1 58375
0 1 58376
0 1 58381
0 1 58392
0 1 58393
0 1 58395
0 1 58399
0 1 58400
0 1 58403
0 1 58404
0 1 58405
0 1 58409
0 1 58414
0 1 58418
0 1 58419
0 1 58421
0 1 58424
0 1 58428
0 1 58430
0 1 58434
0 1 58435
0 1 58437
0 1 58439
0 1 58441
0 1 58450
0 1 58457
0 1 58458
0 1 58460
0 1 58461
0 1 58463
0 1 58464
0 1 58465
0 1 58469
0 1 58475
0 1 58479
0 1 58485
0 1 58487
0 1 58489
0 1 58491
0 1 58497
0 1 58499
0 1 58501
0 1 58506
0 1 58509
0 1 58510
0 1 58519
0 1 58525
0 1 58528
0 1 58529
0 1 58538
0 1 58540
0 1 58542
0 1 58552
0 1 58553
0 1 58555
0 1 58557
0 1 58561
0 1 58562
0 1 58572
0 1 58573
0 1 58576
0 1 58577
0 1 58579
0 1 58580
0 1 58581
0 1 58585
0 1 58587
0 1 58592
0 1 58597
0 1 58603
0 1 58607
0 1 58609
0 1 58612
0 1 58617
0 1 58623
0 1 58625
0 1 58628
0 1 58633
0 1 58635
0 1 58642
0 1 58653
0 1 58654
0 1 58658
0 1 58661
0 1 58664
0 1 58671
0 1 58672
0 1 58675
0 1 58678
0 1 58684
0 1 58688
0 1 58693
0 1 58695
0 1 58696
0 1 58701
0 1 58703
0 1 58704
0 1 58706
0 1 58712
0 1 58713
0 1 58715
0 1 58719
0 1 58720
0 1 58721
0 1 58724
0 1 58730
0 1 58738
0 1 58741
0 1 58743
0 1 58744
0 1 58750
0 1 58753
0 1 58754
0 1 58759
0 1 58761
0 1 58765
0 1 58772
0 1 58775
0 1 58776
0 1 58784
0 1 58789
0 1 58793
0 1 58799
0 1 58801
0 1 58803
0 1 58811
0 1 58813
0 1 58821
0 1 58822
0 1 58825
0 1 58829
0 1 58830
0 1 58831
0 1 58840
0 1 58845
0 1 58849
0 1 58850
0 1 58851
0 1 58853
0 1 58854
0 1 58858
0 1 58859
0 1 58862
0 1 58863
0 1 58874
0 1 58875
0 1 58877
0 1 58884
0 1 58888
0 1 58889
0 1 58892
0 1 58893
0 1 58895
0 1 58897
0 1 58903
0 1 58907
0 1 58908
0 1 58909
0 1 58912
0 1 58916
0 1 58920
0 1 58921
0 1 58922
0 1 58923
0 1 58924
0 1 58929
0 1 58931
0 1 58934
0 1 58936
0 1 58938
0 1 58940
0 1 58941
0 1 58943
0 1 58946
0 1 58951
0 1 58954
0 1 58959
0 1 58965
0 1 58974
0 1 58976
0 1 58981
0 1 58983
0 1 58985
0 1 58986
0 1 58990
0 1 58991
0 1 58992
0 1 58998
0 1 59001
0 1 59003
0 1 59008
0 1 59010
0 1 59014
0 1 59017
0 1 59018
0 1 59019
0 1 59020
0 1 59023
0 1 59025
0 1 59029
0 1 59034
0 1 59037
0 1 59047
0 1 59052
0 1 59060
0 1 59061
0 1 59065
0 1 59066
0 1 59067
0 1 59068
0 1 59073
0 1 59078
0 1 59081
0 1 59083
0 1 59086
0 1 59089
0 1 59098
0 1 59099
0 1 59102
0 1 59104
0 1 59105
0 1 59106
0 1 59107
0 1 59114
0 1 59115
0 1 59121
0 1 59126
0 1 59129
0 1 59130
0 1 59131
0 1 59132
0 1 59134
0 1 59137
0 1 59138
0 1 59144
0 1 59145
0 1 59159
0 1 59162
0 1 59166
0 1 59171
0 1 59178
0 1 59182
0 1 59183
0 1 59187
0 1 59190
0 1 59191
0 1 59199
0 1 59201
0 1 59206
0 1 59213
0 1 59216
0 1 59217
0 1 59224
0 1 59226
0 1 59228
0 1 59232
0 1 59235
0 1 59238
0 1 59240
0 1 59242
0 1 59244
0 1 59249
0 1 59255
0 1 59261
0 1 59264
0 1 59268
0 1 59271
0 1 59274
0 1 59276
0 1 59278
0 1 59283
0 1 59284
0 1 59285
0 1 59288
0 1 59289
0 1 59295
0 1 59300
0 1 59307
0 1 59311
0 1 59312
0 1 59315
0 1 59319
0 1 59320
0 1 59322
0 1 59323
0 1 59325
0 1 59328
0 1 59329
0 1 59332
0 1 59339
0 1 59344
0 1 59350
0 1 59353
0 1 59355
0 1 59356
0 1 59360
0 1 59361
0 1 59363
0 1 59370
0 1 59371
0 1 59372
0 1 59375
0 1 59378
0 1 59381
0 1 59386
0 1 59387
0 1 59400
0 1 59406
0 1 59409
0 1 59410
0 1 59411
0 1 59414
0 1 59415
0 1 59418
0 1 59431
0 1 59432
0 1 59441
0 1 59445
0 1 59446
0 1 59458
0 1 59462
0 1 59464
0 1 59468
0 1 59469
0 1 59473
0 1 59479
0 1 59481
0 1 59484
0 1 59488
0 1 59492
0 1 59493
0 1 59495
0 1 59496
0 1 59497
0 1 59501
0 1 59502
0 1 59503
0 1 59507
0 1 59511
0 1 59513
0 1 59515
0 1 59519
0 1 59523
0 1 59528
0 1 59530
0 1 59531
0 1 59533
0 1 59541
0 1 59544
0 1 59546
0 1 59547
0 1 59554
0 1 59557
0 1 59558
0 1 59563
0 1 59564
0 1 59569
0 1 59573
0 1 59574
0 1 59575
0 1 59578
0 1 59583
0 1 59585
0 1 59592
0 1 59596
0 1 59598
0 1 59603
0 1 59607
0 1 59609
0 1 59610
0 1 59615
0 1 59617
0 1 59622
0 1 59634
0 1 59636
0 1 59638
0 1 59639
0 1 59640
0 1 59641
0 1 59643
0 1 59652
0 1 59653
0 1 59656
0 1 59657
0 1 59658
0 1 59659
0 1 59662
0 1 59664
0 1 59677
0 1 59680
0 1 59685
0 1 59688
0 1 59689
0 1 59691
0 1 59692
0 1 59695
0 1 59697
0 1 59705
0 1 59706
0 1 59707
0 1 59710
0 1 59720
0 1 59734
0 1 59736
0 1 59741
0 1 59744
0 1 59749
0 1 59750
0 1 59753
0 1 59757
0 1 59764
0 1 59768
0 1 59769
0 1 59773
0 1 59775
0 1 59777
0 1 59782
0 1 59785
0 1 59786
0 1 59788
0 1 59793
0 1 59795
0 1 59797
0 1 59798
0 1 59799
0 1 59804
0 1 59806
0 1 59808
0 1 59809
0 1 59810
0 1 59815
0 1 59816
0 1 59820
0 1 59826
0 1 59827
0 1 59837
0 1 59839
0 1 59842
0 1 59845
0 1 59848
0 1 59849
0 1 59850
0 1 59851
0 1 59855
0 1 59856
0 1 59858
0 1 59862
0 1 59864
0 1 59869
0 1 59870
0 1 59873
0 1 59874
0 1 59879
0 1 59882
0 1 59888
0 1 59890
0 1 59896
0 1 59897
0 1 59905
0 1 59911
0 1 59913
0 1 59914
0 1 59919
0 1 59921
0 1 59922
0 1 59926
0 1 59931
0 1 59933
0 1 59937
0 1 59938
0 1 59943
0 1 59944
0 1 59947
0 1 59949
0 1 59950
0 1 59951
0 1 59953
0 1 59955
0 1 59956
0 1 59958
0 1 59959
0 1 59960
0 1 59966
0 1 59968
0 1 59971
0 1 59977
0 1 59978
0 1 59982
0 1 59983
0 1 59990
0 1 59992
0 1 59995
0 1 59997
0 1 60000
0 1 60012
0 1 60014
0 1 60015
0 1 60017
0 1 60018
0 1 60019
0 1 60020
0 1 60024
0 1 60030
0 1 60038
0 1 60039
0 1 60040
0 1 60046
0 1 60047
0 1 60052
0 1 60054
0 1 60057
0 1 60062
0 1 60066
0 1 60067
0 1 60072
0 1 60074
0 1 60075
0 1 60078
0 1 60079
0 1 60080
0 1 60082
0 1 60086
0 1 60093
0 1 60105
0 1 60108
0 1 60110
0 1 60113
0 1 60116
0 1 60122
0 1 60126
0 1 60130
0 1 60131
0 1 60132
0 1 60133
0 1 60138
0 1 60139
0 1 60143
0 1 60144
0 1 60147
0 1 60153
0 1 60160
0 1 60164
0 1 60165
0 1 60166
0 1 60169
0 1 60171
0 1 60182
0 1 60183
0 1 60184
0 1 60186
0 1 60192
0 1 60194
0 1 60199
0 1 60201
0 1 60202
0 1 60203
0 1 60205
0 1 60208
0 1 60210
0 1 60222
0 1 60229
0 1 60236
0 1 60242
0 1 60245
0 1 60246
0 1 60250
0 1 60252
0 1 60254
0 1 60255
0 1 60258
0 1 60260
0 1 60265
0 1 60269
0 1 60273
0 1 60281
0 1 60282
0 1 60285
0 1 60286
0 1 60290
0 1 60299
0 1 60300
0 1 60301
0 1 60306
0 1 60313
0 1 60315
0 1 60319
0 1 60325
0 1 60327
0 1 60328
0 1 60331
0 1 60334
0 1 60340
0 1 60342
0 1 60345
0 1 60346
0 1 60349
0 1 60352
0 1 60357
0 1 60358
0 1 60361
0 1 60362
0 1 60363
0 1 60365
0 1 60367
0 1 60369
0 1 60370
0 1 60371
0 1 60373
0 1 60374
0 1 60387
0 1 60388
0 1 60390
0 1 60391
0 1 60392
0 1 60400
0 1 60401
0 1 60404
0 1 60409
0 1 60412
0 1 60414
0 1 60416
0 1 60418
0 1 60424
0 1 60427
0 1 60431
0 1 60432
0 1 60435
0 1 60439
0 1 60440
0 1 60458
0 1 60459
0 1 60464
0 1 60466
0 1 60467
0 1 60468
0 1 60469
0 1 60470
0 1 60474
0 1 60479
0 1 60482
0 1 60485
0 1 60490
0 1 60493
0 1 60494
0 1 60495
0 1 60497
0 1 60499
0 1 60500
0 1 60501
0 1 60509
0 1 60512
0 1 60514
0 1 60516
0 1 60518
0 1 60527
0 1 60530
0 1 60535
0 1 60538
0 1 60542
0 1 60545
0 1 60546
0 1 60552
0 1 60556
0 1 60561
0 1 60563
0 1 60564
0 1 60567
0 1 60572
0 1 60578
0 1 60583
0 1 60589
0 1 60590
0 1 60591
0 1 60593
0 1 60594
0 1 60595
0 1 60597
0 1 60604
0 1 60607
0 1 60608
0 1 60620
0 1 60622
0 1 60623
0 1 60627
0 1 60628
0 1 60629
0 1 60638
0 1 60641
0 1 60649
0 1 60653
0 1 60655
0 1 60664
0 1 60665
0 1 60666
0 1 60668
0 1 60670
0 1 60673
0 1 60676
0 1 60686
0 1 60689
0 1 60693
0 1 60695
0 1 60696
0 1 60697
0 1 60698
0 1 60700
0 1 60705
0 1 60706
0 1 60707
0 1 60708
0 1 60711
0 1 60714
0 1 60716
0 1 60717
0 1 60720
0 1 60721
0 1 60723
0 1 60725
0 1 60729
0 1 60730
0 1 60736
0 1 60737
0 1 60738
0 1 60741
0 1 60742
0 1 60744
0 1 60745
0 1 60746
0 1 60747
0 1 60748
0 1 60749
0 1 60751
0 1 60759
0 1 60762
0 1 60763
0 1 60764
0 1 60767
0 1 60772
0 1 60775
0 1 60779
0 1 60782
0 1 60783
0 1 60786
0 1 60787
0 1 60789
0 1 60794
0 1 60797
0 1 60807
0 1 60810
0 1 60812
0 1 60813
0 1 60814
0 1 60819
0 1 60823
0 1 60826
0 1 60837
0 1 60852
0 1 60857
0 1 60859
0 1 60865
0 1 60867
0 1 60881
0 1 60882
0 1 60883
0 1 60887
0 1 60888
0 1 60890
0 1 60897
0 1 60901
0 1 60910
0 1 60912
0 1 60914
0 1 60916
0 1 60917
0 1 60919
0 1 60922
0 1 60927
0 1 60929
0 1 60931
0 1 60934
0 1 60939
0 1 60942
0 1 60948
0 1 60950
0 1 60958
0 1 60960
0 1 60963
0 1 60964
0 1 60968
0 1 60972
0 1 60975
0 1 60982
0 1 60990
0 1 60991
0 1 60996
0 1 60999
0 1 61005
0 1 61011
0 1 61012
0 1 61015
0 1 61017
0 1 61020
0 1 61021
0 1 61022
0 1 61024
0 1 61029
0 1 61030
0 1 61031
0 1 61032
0 1 61038
0 1 61040
0 1 61044
0 1 61048
0 1 61050
0 1 61051
0 1 61056
0 1 61058
0 1 61059
0 1 61068
0 1 61071
0 1 61074
0 1 61080
0 1 61081
0 1 61095
0 1 61103
0 1 61121
0 1 61122
0 1 61125
0 1 61126
0 1 61127
0 1 61128
0 1 61129
0 1 61134
0 1 61135
0 1 61136
0 1 61138
0 1 61141
0 1 61143
0 1 61145
0 1 61158
0 1 61161
0 1 61163
0 1 61164
0 1 61166
0 1 61167
0 1 61168
0 1 61169
0 1 61170
0 1 61178
0 1 61181
0 1 61186
0 1 61187
0 1 61192
0 1 61194
0 1 61197
0 1 61198
0 1 61202
0 1 61210
0 1 61211
0 1 61212
0 1 61213
0 1 61214
0 1 61221
0 1 61222
0 1 61223
0 1 61228
0 1 61237
0 1 61240
0 1 61242
0 1 61243
0 1 61245
0 1 61248
0 1 61255
0 1 61261
0 1 61264
0 1 61267
0 1 61272
0 1 61277
0 1 61278
0 1 61288
0 1 61295
0 1 61297
0 1 61298
0 1 61302
0 1 61304
0 1 61305
0 1 61308
0 1 61310
0 1 61311
0 1 61314
0 1 61318
0 1 61319
0 1 61321
0 1 61322
0 1 61324
0 1 61327
0 1 61328
0 1 61329
0 1 61335
0 1 61336
0 1 61339
0 1 61340
0 1 61344
0 1 61347
0 1 61349
0 1 61352
0 1 61364
0 1 61366
0 1 61369
0 1 61373
0 1 61377
0 1 61378
0 1 61382
0 1 61383
0 1 61387
0 1 61388
0 1 61391
0 1 61392
0 1 61403
0 1 61409
0 1 61410
0 1 61411
0 1 61417
0 1 61419
0 1 61421
0 1 61423
0 1 61424
0 1 61425
0 1 61428
0 1 61430
0 1 61435
0 1 61436
0 1 61437
0 1 61440
0 1 61444
0 1 61450
0 1 61451
0 1 61452
0 1 61457
0 1 61459
0 1 61461
0 1 61466
0 1 61471
0 1 61475
0 1 61476
0 1 61479
0 1 61482
0 1 61486
0 1 61489
0 1 61492
0 1 61493
0 1 61495
0 1 61500
0 1 61502
0 1 61503
0 1 61504
0 1 61512
0 1 61516
0 1 61517
0 1 61525
0 1 61528
0 1 61532
0 1 61542
0 1 61554
0 1 61556
0 1 61557
0 1 61560
0 1 61561
0 1 61565
0 1 61568
0 1 61576
0 1 61582
0 1 61583
0 1 61584
0 1 61586
0 1 61588
0 1 61589
0 1 61590
0 1 61594
0 1 61597
0 1 61600
0 1 61601
0 1 61605
0 1 61610
0 1 61611
0 1 61612
0 1 61614
0 1 61616
0 1 61617
0 1 61618
0 1 61619
0 1 61622
0 1 61623
0 1 61629
0 1 61633
0 1 61636
0 1 61643
0 1 61650
0 1 61654
0 1 61656
0 1 61657
0 1 61659
0 1 61662
0 1 61663
0 1 61666
0 1 61667
0 1 61668
0 1 61670
0 1 61672
0 1 61673
0 1 61675
0 1 61679
0 1 61680
0 1 61681
0 1 61682
0 1 61684
0 1 61687
0 1 61693
0 1 61694
0 1 61695
0 1 61698
0 1 61706
0 1 61708
0 1 61710
0 1 61712
0 1 61716
0 1 61726
0 1 61730
0 1 61731
0 1 61736
0 1 61737
0 1 61739
0 1 61745
0 1 61747
0 1 61750
0 1 61757
0 1 61758
0 1 61761
0 1 61762
0 1 61765
0 1 61770
0 1 61771
0 1 61773
0 1 61774
0 1 61786
0 1 61790
0 1 61791
0 1 61792
0 1 61793
0 1 61795
0 1 61796
0 1 61806
0 1 61814
0 1 61815
0 1 61819
0 1 61820
0 1 61822
0 1 61823
0 1 61828
0 1 61833
0 1 61835
0 1 61843
0 1 61844
0 1 61845
0 1 61851
0 1 61853
0 1 61854
0 1 61858
0 1 61859
0 1 61861
0 1 61862
0 1 61870
0 1 61879
0 1 61884
0 1 61892
0 1 61893
0 1 61897
0 1 61900
0 1 61901
0 1 61905
0 1 61913
0 1 61924
0 1 61925
0 1 61929
0 1 61933
0 1 61938
0 1 61939
0 1 61940
0 1 61945
0 1 61946
0 1 61951
0 1 61954
0 1 61956
0 1 61959
0 1 61962
0 1 61965
0 1 61966
0 1 61975
0 1 61977
0 1 61978
0 1 61983
0 1 61985
0 1 61986
0 1 61988
0 1 61989
0 1 61992
0 1 61993
0 1 61996
0 1 62000
0 1 62001
0 1 62004
0 1 62018
0 1 62019
0 1 62020
0 1 62023
0 1 62026
0 1 62031
0 1 62033
0 1 62036
0 1 62037
0 1 62039
0 1 62040
0 1 62042
0 1 62044
0 1 62046
0 1 62050
0 1 62059
0 1 62060
0 1 62065
0 1 62067
0 1 62074
0 1 62075
0 1 62083
0 1 62090
0 1 62095
0 1 62099
0 1 62105
0 1 62106
0 1 62107
0 1 62110
0 1 62114
0 1 62118
0 1 62127
0 1 62133
0 1 62134
0 1 62139
0 1 62140
0 1 62145
0 1 62153
0 1 62157
0 1 62158
0 1 62161
0 1 62167
0 1 62168
0 1 62173
0 1 62179
0 1 62182
0 1 62183
0 1 62185
0 1 62186
0 1 62192
0 1 62193
0 1 62196
0 1 62197
0 1 62201
0 1 62203
0 1 62206
0 1 62209
0 1 62211
0 1 62218
0 1 62226
0 1 62227
0 1 62230
0 1 62231
0 1 62232
0 1 62235
0 1 62237
0 1 62242
0 1 62246
0 1 62249
0 1 62253
0 1 62256
0 1 62257
0 1 62259
0 1 62262
0 1 62271
0 1 62273
0 1 62278
0 1 62281
0 1 62283
0 1 62292
0 1 62296
0 1 62304
0 1 62306
0 1 62308
0 1 62309
0 1 62312
0 1 62314
0 1 62315
0 1 62319
0 1 62323
0 1 62325
0 1 62326
0 1 62327
0 1 62331
0 1 62336
0 1 62340
0 1 62342
0 1 62346
0 1 62358
0 1 62363
0 1 62366
0 1 62369
0 1 62370
0 1 62374
0 1 62385
0 1 62391
0 1 62394
0 1 62399
0 1 62402
0 1 62403
0 1 62405
0 1 62406
0 1 62407
0 1 62415
0 1 62417
0 1 62422
0 1 62429
0 1 62432
0 1 62433
0 1 62435
0 1 62439
0 1 62442
0 1 62450
0 1 62457
0 1 62462
0 1 62463
0 1 62468
0 1 62471
0 1 62476
0 1 62480
0 1 62482
0 1 62483
0 1 62484
0 1 62485
0 1 62486
0 1 62494
0 1 62499
0 1 62500
0 1 62503
0 1 62504
0 1 62505
0 1 62506
0 1 62511
0 1 62513
0 1 62516
0 1 62517
0 1 62519
0 1 62522
0 1 62525
0 1 62528
0 1 62531
0 1 62532
0 1 62533
0 1 62537
0 1 62540
0 1 62543
0 1 62545
0 1 62546
0 1 62550
0 1 62555
0 1 62556
0 1 62557
0 1 62561
0 1 62563
0 1 62565
0 1 62576
0 1 62584
0 1 62588
0 1 62589
0 1 62590
0 1 62592
0 1 62597
0 1 62603
0 1 62606
0 1 62607
0 1 62609
0 1 62621
0 1 62623
0 1 62627
0 1 62629
0 1 62632
0 1 62636
0 1 62638
0 1 62639
0 1 62642
0 1 62643
0 1 62644
0 1 62645
0 1 62650
0 1 62652
0 1 62654
0 1 62655
0 1 62659
0 1 62660
0 1 62661
0 1 62663
0 1 62664
0 1 62673
0 1 62675
0 1 62676
0 1 62680
0 1 62685
0 1 62689
0 1 62690
0 1 62700
0 1 62702
0 1 62703
0 1 62712
0 1 62717
0 1 62720
0 1 62725
0 1 62726
0 1 62729
0 1 62736
0 1 62744
0 1 62748
0 1 62750
0 1 62754
0 1 62755
0 1 62757
0 1 62759
0 1 62764
0 1 62766
0 1 62768
0 1 62769
0 1 62771
0 1 62773
0 1 62775
0 1 62778
0 1 62779
0 1 62780
0 1 62787
0 1 62788
0 1 62789
0 1 62794
0 1 62795
0 1 62801
0 1 62802
0 1 62804
0 1 62809
0 1 62811
0 1 62814
0 1 62817
0 1 62818
0 1 62819
0 1 62821
0 1 62823
0 1 62829
0 1 62835
0 1 62838
0 1 62840
0 1 62842
0 1 62852
0 1 62854
0 1 62861
0 1 62867
0 1 62869
0 1 62875
0 1 62877
0 1 62879
0 1 62887
0 1 62888
0 1 62893
0 1 62894
0 1 62896
0 1 62901
0 1 62907
0 1 62908
0 1 62910
0 1 62913
0 1 62916
0 1 62917
0 1 62919
0 1 62920
0 1 62921
0 1 62931
0 1 62933
0 1 62945
0 1 62949
0 1 62953
0 1 62954
0 1 62962
0 1 62965
0 1 62969
0 1 62970
0 1 62973
0 1 62977
0 1 62979
0 1 62990
0 1 62994
0 1 62995
0 1 62996
0 1 63001
0 1 63002
0 1 63004
0 1 63010
0 1 63012
0 1 63013
0 1 63015
0 1 63016
0 1 63019
0 1 63020
0 1 63023
0 1 63025
0 1 63026
0 1 63027
0 1 63029
0 1 63030
0 1 63031
0 1 63032
0 1 63035
0 1 63038
0 1 63040
0 1 63041
0 1 63045
0 1 63048
0 1 63054
0 1 63056
0 1 63058
0 1 63060
0 1 63064
0 1 63067
0 1 63073
0 1 63075
0 1 63076
0 1 63080
0 1 63082
0 1 63085
0 1 63099
0 1 63108
0 1 63113
0 1 63115
0 1 63116
0 1 63120
0 1 63123
0 1 63128
0 1 63134
0 1 63138
0 1 63142
0 1 63144
0 1 63146
0 1 63149
0 1 63150
0 1 63151
0 1 63152
0 1 63153
0 1 63155
0 1 63156
0 1 63160
0 1 63161
0 1 63163
0 1 63170
0 1 63176
0 1 63185
0 1 63188
0 1 63193
0 1 63194
0 1 63202
0 1 63207
0 1 63208
0 1 63216
0 1 63220
0 1 63222
0 1 63224
0 1 63225
0 1 63228
0 1 63230
0 1 63235
0 1 63240
0 1 63241
0 1 63244
0 1 63245
0 1 63247
0 1 63256
0 1 63263
0 1 63264
0 1 63265
0 1 63270
0 1 63276
0 1 63277
0 1 63279
0 1 63282
0 1 63288
0 1 63292
0 1 63294
0 1 63306
0 1 63309
0 1 63310
0 1 63311
0 1 63315
0 1 63317
0 1 63319
0 1 63320
0 1 63322
0 1 63324
0 1 63325
0 1 63326
0 1 63327
0 1 63328
0 1 63333
0 1 63335
0 1 63337
0 1 63339
0 1 63346
0 1 63351
0 1 63356
0 1 63358
0 1 63360
0 1 63363
0 1 63365
0 1 63368
0 1 63369
0 1 63373
0 1 63376
0 1 63379
0 1 63386
0 1 63387
0 1 63388
0 1 63391
0 1 63392
0 1 63393
0 1 63394
0 1 63396
0 1 63401
0 1 63407
0 1 63409
0 1 63414
0 1 63416
0 1 63420
0 1 63421
0 1 63423
0 1 63425
0 1 63430
0 1 63434
0 1 63436
0 1 63440
0 1 63444
0 1 63451
0 1 63452
0 1 63457
0 1 63459
0 1 63461
0 1 63464
0 1 63468
0 1 63470
0 1 63472
0 1 63478
0 1 63480
0 1 63489
0 1 63490
0 1 63520
0 1 63531
0 1 63532
0 1 63542
0 1 63545
0 1 63548
0 1 63558
0 1 63560
0 1 63564
0 1 63566
0 1 63567
0 1 63571
0 1 63573
0 1 63574
0 1 63579
0 1 63582
0 1 63584
0 1 63585
0 1 63586
0 1 63591
0 1 63592
0 1 63593
0 1 63596
0 1 63600
0 1 63603
0 1 63615
0 1 63616
0 1 63617
0 1 63621
0 1 63623
0 1 63627
0 1 63629
0 1 63634
0 1 63638
0 1 63640
0 1 63656
0 1 63658
0 1 63661
0 1 63668
0 1 63672
0 1 63677
0 1 63682
0 1 63691
0 1 63694
0 1 63697
0 1 63709
0 1 63714
0 1 63715
0 1 63717
0 1 63718
0 1 63719
0 1 63724
0 1 63725
0 1 63728
0 1 63731
0 1 63738
0 1 63741
0 1 63757
0 1 63759
0 1 63764
0 1 63772
0 1 63773
0 1 63774
0 1 63792
0 1 63796
0 1 63797
0 1 63800
0 1 63801
0 1 63802
0 1 63806
0 1 63807
0 1 63809
0 1 63811
0 1 63814
0 1 63817
0 1 63818
0 1 63820
0 1 63826
0 1 63828
0 1 63830
0 1 63832
0 1 63836
0 1 63840
0 1 63842
0 1 63852
0 1 63854
0 1 63860
0 1 63870
0 1 63875
0 1 63876
0 1 63887
0 1 63888
0 1 63893
0 1 63902
0 1 63908
0 1 63909
0 1 63913
0 1 63914
0 1 63919
0 1 63922
0 1 63926
0 1 63928
0 1 63932
0 1 63933
0 1 63936
0 1 63945
0 1 63948
0 1 63949
0 1 63956
0 1 63966
0 1 63973
0 1 63977
0 1 63978
0 1 63981
0 1 63982
0 1 63987
0 1 63993
0 1 63996
0 1 63997
0 1 64004
0 1 64005
0 1 64006
0 1 64007
0 1 64009
0 1 64010
0 1 64013
0 1 64014
0 1 64015
0 1 64023
0 1 64024
0 1 64026
0 1 64027
0 1 64029
0 1 64031
0 1 64032
0 1 64033
0 1 64034
0 1 64039
0 1 64040
0 1 64041
0 1 64042
0 1 64044
0 1 64045
0 1 64046
0 1 64047
0 1 64048
0 1 64049
0 1 64052
0 1 64056
0 1 64058
0 1 64060
0 1 64073
0 1 64081
0 1 64087
0 1 64088
0 1 64092
0 1 64095
0 1 64096
0 1 64097
0 1 64100
0 1 64107
0 1 64109
0 1 64110
0 1 64113
0 1 64118
0 1 64121
0 1 64130
0 1 64132
0 1 64133
0 1 64136
0 1 64139
0 1 64143
0 1 64146
0 1 64152
0 1 64156
0 1 64157
0 1 64163
0 1 64164
0 1 64169
0 1 64171
0 1 64176
0 1 64178
0 1 64181
0 1 64182
0 1 64185
0 1 64187
0 1 64190
0 1 64191
0 1 64193
0 1 64195
0 1 64197
0 1 64204
0 1 64208
0 1 64209
0 1 64213
0 1 64215
0 1 64217
0 1 64219
0 1 64225
0 1 64229
0 1 64232
0 1 64233
0 1 64237
0 1 64239
0 1 64240
0 1 64244
0 1 64245
0 1 64246
0 1 64252
0 1 64257
0 1 64262
0 1 64263
0 1 64264
0 1 64270
0 1 64271
0 1 64277
0 1 64281
0 1 64282
0 1 64283
0 1 64291
0 1 64297
0 1 64303
0 1 64305
0 1 64307
0 1 64314
0 1 64316
0 1 64319
0 1 64320
0 1 64326
0 1 64328
0 1 64335
0 1 64337
0 1 64340
0 1 64343
0 1 64348
0 1 64353
0 1 64359
0 1 64362
0 1 64370
0 1 64374
0 1 64376
0 1 64378
0 1 64381
0 1 64383
0 1 64384
0 1 64385
0 1 64396
0 1 64397
0 1 64399
0 1 64405
0 1 64406
0 1 64408
0 1 64409
0 1 64415
0 1 64416
0 1 64419
0 1 64420
0 1 64423
0 1 64428
0 1 64431
0 1 64434
0 1 64441
0 1 64443
0 1 64445
0 1 64446
0 1 64455
0 1 64458
0 1 64459
0 1 64460
0 1 64465
0 1 64472
0 1 64481
0 1 64492
0 1 64494
0 1 64495
0 1 64498
0 1 64508
0 1 64512
0 1 64513
0 1 64517
0 1 64520
0 1 64522
0 1 64527
0 1 64530
0 1 64533
0 1 64534
0 1 64541
0 1 64548
0 1 64549
0 1 64550
0 1 64553
0 1 64557
0 1 64562
0 1 64564
0 1 64566
0 1 64569
0 1 64571
0 1 64580
0 1 64584
0 1 64586
0 1 64599
0 1 64601
0 1 64605
0 1 64614
0 1 64616
0 1 64617
0 1 64618
0 1 64620
0 1 64624
0 1 64625
0 1 64630
0 1 64634
0 1 64637
0 1 64639
0 1 64642
0 1 64648
0 1 64650
0 1 64651
0 1 64652
0 1 64654
0 1 64655
0 1 64657
0 1 64662
0 1 64663
0 1 64664
0 1 64671
0 1 64672
0 1 64674
0 1 64679
0 1 64684
0 1 64693
0 1 64701
0 1 64703
0 1 64704
0 1 64717
0 1 64719
0 1 64721
0 1 64723
0 1 64724
0 1 64728
0 1 64729
0 1 64730
0 1 64737
0 1 64740
0 1 64748
0 1 64751
0 1 64757
0 1 64759
0 1 64772
0 1 64777
0 1 64784
0 1 64788
0 1 64791
0 1 64794
0 1 64798
0 1 64801
0 1 64807
0 1 64808
0 1 64809
0 1 64812
0 1 64814
0 1 64818
0 1 64819
0 1 64823
0 1 64824
0 1 64827
0 1 64829
0 1 64841
0 1 64844
0 1 64846
0 1 64848
0 1 64849
0 1 64853
0 1 64857
0 1 64862
0 1 64871
0 1 64873
0 1 64879
0 1 64880
0 1 64881
0 1 64887
0 1 64888
0 1 64889
0 1 64891
0 1 64900
0 1 64902
0 1 64903
0 1 64911
0 1 64913
0 1 64916
0 1 64917
0 1 64919
0 1 64922
0 1 64925
0 1 64926
0 1 64928
0 1 64929
0 1 64932
0 1 64933
0 1 64942
0 1 64943
0 1 64955
0 1 64956
0 1 64957
0 1 64960
0 1 64961
0 1 64966
0 1 64971
0 1 64982
0 1 64986
0 1 64987
0 1 64997
0 1 64998
0 1 65002
0 1 65013
0 1 65017
0 1 65018
0 1 65020
0 1 65030
0 1 65031
0 1 65032
0 1 65036
0 1 65037
0 1 65039
0 1 65045
0 1 65054
0 1 65056
0 1 65057
0 1 65059
0 1 65062
0 1 65065
0 1 65070
0 1 65072
0 1 65073
0 1 65076
0 1 65077
0 1 65079
0 1 65080
0 1 65081
0 1 65082
0 1 65092
0 1 65094
0 1 65095
0 1 65100
0 1 65104
0 1 65105
0 1 65110
0 1 65126
0 1 65129
0 1 65132
0 1 65135
0 1 65139
0 1 65141
0 1 65144
0 1 65147
0 1 65149
0 1 65154
0 1 65165
0 1 65166
0 1 65171
0 1 65176
0 1 65177
0 1 65180
0 1 65181
0 1 65182
0 1 65183
0 1 65184
0 1 65191
0 1 65192
0 1 65194
0 1 65196
0 1 65197
0 1 65199
0 1 65202
0 1 65203
0 1 65208
0 1 65210
0 1 65212
0 1 65217
0 1 65222
0 1 65227
0 1 65228
0 1 65230
0 1 65231
0 1 65233
0 1 65241
0 1 65245
0 1 65246
0 1 65248
0 1 65249
0 1 65250
0 1 65251
0 1 65252
0 1 65263
0 1 65265
0 1 65267
0 1 65268
0 1 65269
0 1 65277
0 1 65278
0 1 65283
0 1 65284
0 1 65287
0 1 65289
0 1 65291
0 1 65292
0 1 65293
0 1 65294
0 1 65298
0 1 65301
0 1 65305
0 1 65306
0 1 65309
0 1 65310
0 1 65313
0 1 65317
0 1 65318
0 1 65326
0 1 65329
0 1 65330
0 1 65331
0 1 65336
0 1 65344
0 1 65346
0 1 65347
0 1 65350
0 1 65351
0 1 65352
0 1 65353
0 1 65358
0 1 65361
0 1 65362
0 1 65364
0 1 65365
0 1 65367
0 1 65372
0 1 65376
0 1 65386
0 1 65392
0 1 65394
0 1 65399
0 1 65400
0 1 65403
0 1 65405
0 1 65407
0 1 65409
0 1 65410
0 1 65411
0 1 65412
0 1 65413
0 1 65418
0 1 65419
0 1 65420
0 1 65421
0 1 65423
0 1 65426
0 1 65427
0 1 65428
0 1 65430
0 1 65437
0 1 65439
0 1 65440
0 1 65444
0 1 65445
0 1 65451
0 1 65452
0 1 65457
0 1 65459
0 1 65462
0 1 65463
0 1 65467
0 1 65469
0 1 65472
0 1 65474
0 1 65475
0 1 65484
0 1 65488
0 1 65490
0 1 65494
0 1 65495
0 1 65496
0 1 65498
0 1 65503
0 1 65504
0 1 65505
0 1 65508
0 1 65513
0 1 65514
0 1 65515
0 1 65523
0 1 65545
0 1 65547
0 1 65550
0 1 65552
0 1 65556
0 1 65562
0 1 65563
0 1 65565
0 1 65568
0 1 65569
0 1 65578
0 1 65582
0 1 65586
0 1 65587
0 1 65591
0 1 65599
0 1 65600
0 1 65601
0 1 65620
0 1 65621
0 1 65623
0 1 65628
0 1 65631
0 1 65632
0 1 65635
0 1 65637
0 1 65642
0 1 65648
0 1 65649
0 1 65651
0 1 65652
0 1 65656
0 1 65657
0 1 65659
0 1 65661
0 1 65662
0 1 65663
0 1 65664
0 1 65666
0 1 65667
0 1 65675
0 1 65678
0 1 65680
0 1 65681
0 1 65683
0 1 65686
0 1 65687
0 1 65688
0 1 65690
0 1 65693
0 1 65695
0 1 65697
0 1 65701
0 1 65702
0 1 65705
0 1 65706
0 1 65707
0 1 65710
0 1 65713
0 1 65717
0 1 65719
0 1 65723
0 1 65727
0 1 65729
0 1 65732
0 1 65747
0 1 65750
0 1 65752
0 1 65755
0 1 65756
0 1 65758
0 1 65764
0 1 65766
0 1 65767
0 1 65768
0 1 65771
0 1 65772
0 1 65780
0 1 65783
0 1 65784
0 1 65786
0 1 65791
0 1 65792
0 1 65794
0 1 65795
0 1 65803
0 1 65806
0 1 65809
0 1 65812
0 1 65813
0 1 65815
0 1 65820
0 1 65821
0 1 65827
0 1 65829
0 1 65839
0 1 65842
0 1 65843
0 1 65845
0 1 65846
0 1 65847
0 1 65848
0 1 65850
0 1 65853
0 1 65854
0 1 65858
0 1 65859
0 1 65863
0 1 65864
0 1 65865
0 1 65868
0 1 65872
0 1 65873
0 1 65883
0 1 65890
0 1 65894
0 1 65896
0 1 65897
0 1 65899
0 1 65902
0 1 65909
0 1 65910
0 1 65912
0 1 65918
0 1 65920
0 1 65924
0 1 65925
0 1 65926
0 1 65929
0 1 65930
0 1 65932
0 1 65935
0 1 65936
0 1 65937
0 1 65938
0 1 65940
0 1 65941
0 1 65946
0 1 65947
0 1 65952
0 1 65955
0 1 65956
0 1 65961
0 1 65965
0 1 65973
0 1 65975
0 1 65977
0 1 65980
0 1 65981
0 1 66003
0 1 66004
0 1 66006
0 1 66007
0 1 66011
0 1 66015
0 1 66017
0 1 66018
0 1 66023
0 1 66031
0 1 66034
0 1 66035
0 1 66036
0 1 66042
0 1 66045
0 1 66048
0 1 66049
0 1 66055
0 1 66059
0 1 66066
0 1 66067
0 1 66072
0 1 66076
0 1 66079
0 1 66082
0 1 66084
0 1 66085
0 1 66086
0 1 66095
0 1 66099
0 1 66104
0 1 66105
0 1 66108
0 1 66111
0 1 66112
0 1 66115
0 1 66117
0 1 66122
0 1 66123
0 1 66126
0 1 66128
0 1 66129
0 1 66136
0 1 66137
0 1 66140
0 1 66142
0 1 66143
0 1 66144
0 1 66145
0 1 66153
0 1 66156
0 1 66158
0 1 66163
0 1 66166
0 1 66168
0 1 66170
0 1 66172
0 1 66173
0 1 66175
0 1 66181
0 1 66182
0 1 66185
0 1 66186
0 1 66193
0 1 66195
0 1 66198
0 1 66199
0 1 66201
0 1 66203
0 1 66204
0 1 66205
0 1 66211
0 1 66212
0 1 66214
0 1 66217
0 1 66221
0 1 66229
0 1 66248
0 1 66249
0 1 66254
0 1 66262
0 1 66264
0 1 66265
0 1 66267
0 1 66274
0 1 66276
0 1 66280
0 1 66281
0 1 66285
0 1 66288
0 1 66294
0 1 66300
0 1 66301
0 1 66303
0 1 66304
0 1 66305
0 1 66314
0 1 66317
0 1 66324
0 1 66326
0 1 66330
0 1 66332
0 1 66333
0 1 66334
0 1 66339
0 1 66340
0 1 66342
0 1 66346
0 1 66351
0 1 66352
0 1 66357
0 1 66360
0 1 66361
0 1 66365
0 1 66374
0 1 66377
0 1 66381
0 1 66382
0 1 66385
0 1 66386
0 1 66394
0 1 66397
0 1 66403
0 1 66407
0 1 66417
0 1 66419
0 1 66422
0 1 66423
0 1 66426
0 1 66429
0 1 66432
0 1 66433
0 1 66435
0 1 66450
0 1 66454
0 1 66455
0 1 66457
0 1 66458
0 1 66462
0 1 66463
0 1 66471
0 1 66473
0 1 66476
0 1 66482
0 1 66485
0 1 66489
0 1 66493
0 1 66495
0 1 66498
0 1 66500
0 1 66502
0 1 66509
0 1 66510
0 1 66515
0 1 66517
0 1 66519
0 1 66522
0 1 66525
0 1 66526
0 1 66527
0 1 66534
0 1 66539
0 1 66541
0 1 66547
0 1 66549
0 1 66554
0 1 66555
0 1 66559
0 1 66561
0 1 66564
0 1 66566
0 1 66567
0 1 66568
0 1 66578
0 1 66580
0 1 66583
0 1 66587
0 1 66589
0 1 66593
0 1 66595
0 1 66598
0 1 66599
0 1 66604
0 1 66605
0 1 66609
0 1 66615
0 1 66616
0 1 66624
0 1 66625
0 1 66628
0 1 66629
0 1 66630
0 1 66634
0 1 66636
0 1 66639
0 1 66642
0 1 66645
0 1 66648
0 1 66650
0 1 66653
0 1 66666
0 1 66667
0 1 66672
0 1 66675
0 1 66676
0 1 66678
0 1 66680
0 1 66684
0 1 66686
0 1 66687
0 1 66688
0 1 66696
0 1 66699
0 1 66707
0 1 66708
0 1 66709
0 1 66711
0 1 66712
0 1 66714
0 1 66716
0 1 66717
0 1 66720
0 1 66731
0 1 66737
0 1 66744
0 1 66751
0 1 66754
0 1 66755
0 1 66761
0 1 66763
0 1 66765
0 1 66767
0 1 66771
0 1 66790
0 1 66791
0 1 66797
0 1 66798
0 1 66803
0 1 66807
0 1 66810
0 1 66811
0 1 66812
0 1 66813
0 1 66819
0 1 66823
0 1 66824
0 1 66825
0 1 66827
0 1 66830
0 1 66831
0 1 66836
0 1 66837
0 1 66838
0 1 66839
0 1 66842
0 1 66843
0 1 66848
0 1 66851
0 1 66852
0 1 66855
0 1 66856
0 1 66860
0 1 66861
0 1 66863
0 1 66864
0 1 66865
0 1 66866
0 1 66871
0 1 66877
0 1 66878
0 1 66879
0 1 66881
0 1 66887
0 1 66890
0 1 66898
0 1 66905
0 1 66910
0 1 66911
0 1 66914
0 1 66917
0 1 66918
0 1 66919
0 1 66923
0 1 66926
0 1 66930
0 1 66932
0 1 66933
0 1 66935
0 1 66946
0 1 66947
0 1 66948
0 1 66950
0 1 66954
0 1 66959
0 1 66966
0 1 66971
0 1 66972
0 1 66973
0 1 66974
0 1 66976
0 1 66978
0 1 66981
0 1 66982
0 1 66988
0 1 66990
0 1 66994
0 1 66998
0 1 67002
0 1 67004
0 1 67012
0 1 67013
0 1 67023
0 1 67029
0 1 67031
0 1 67033
0 1 67034
0 1 67037
0 1 67038
0 1 67039
0 1 67042
0 1 67043
0 1 67046
0 1 67047
0 1 67048
0 1 67052
0 1 67053
0 1 67055
0 1 67056
0 1 67062
0 1 67063
0 1 67071
0 1 67074
0 1 67076
0 1 67084
0 1 67087
0 1 67094
0 1 67095
0 1 67106
0 1 67109
0 1 67110
0 1 67114
0 1 67115
0 1 67116
0 1 67117
0 1 67120
0 1 67121
0 1 67122
0 1 67129
0 1 67130
0 1 67132
0 1 67135
0 1 67138
0 1 67141
0 1 67146
0 1 67149
0 1 67151
0 1 67153
0 1 67155
0 1 67156
0 1 67159
0 1 67163
0 1 67167
0 1 67169
0 1 67171
0 1 67173
0 1 67174
0 1 67176
0 1 67180
0 1 67181
0 1 67183
0 1 67184
0 1 67188
0 1 67192
0 1 67194
0 1 67198
0 1 67205
0 1 67206
0 1 67207
0 1 67210
0 1 67211
0 1 67213
0 1 67218
0 1 67220
0 1 67221
0 1 67223
0 1 67225
0 1 67228
0 1 67229
0 1 67231
0 1 67232
0 1 67233
0 1 67236
0 1 67238
0 1 67240
0 1 67243
0 1 67244
0 1 67247
0 1 67249
0 1 67253
0 1 67256
0 1 67258
0 1 67259
0 1 67264
0 1 67266
0 1 67267
0 1 67268
0 1 67271
0 1 67272
0 1 67273
0 1 67278
0 1 67281
0 1 67283
0 1 67287
0 1 67292
0 1 67293
0 1 67300
0 1 67320
0 1 67321
0 1 67326
0 1 67330
0 1 67336
0 1 67342
0 1 67356
0 1 67357
0 1 67364
0 1 67365
0 1 67368
0 1 67374
0 1 67376
0 1 67377
0 1 67379
0 1 67380
0 1 67385
0 1 67387
0 1 67393
0 1 67395
0 1 67396
0 1 67398
0 1 67399
0 1 67400
0 1 67404
0 1 67410
0 1 67415
0 1 67416
0 1 67418
0 1 67420
0 1 67429
0 1 67430
0 1 67431
0 1 67432
0 1 67433
0 1 67438
0 1 67442
0 1 67450
0 1 67452
0 1 67458
0 1 67461
0 1 67466
0 1 67468
0 1 67475
0 1 67478
0 1 67487
0 1 67488
0 1 67494
0 1 67497
0 1 67500
0 1 67502
0 1 67503
0 1 67511
0 1 67512
0 1 67515
0 1 67516
0 1 67518
0 1 67521
0 1 67522
0 1 67525
0 1 67528
0 1 67531
0 1 67533
0 1 67535
0 1 67540
0 1 67543
0 1 67544
0 1 67545
0 1 67552
0 1 67554
0 1 67560
0 1 67570
0 1 67574
0 1 67577
0 1 67602
0 1 67603
0 1 67607
0 1 67609
0 1 67611
0 1 67618
0 1 67621
0 1 67624
0 1 67625
0 1 67630
0 1 67632
0 1 67634
0 1 67637
0 1 67638
0 1 67639
0 1 67640
0 1 67641
0 1 67651
0 1 67652
0 1 67653
0 1 67657
0 1 67667
0 1 67673
0 1 67676
0 1 67680
0 1 67684
0 1 67685
0 1 67686
0 1 67687
0 1 67688
0 1 67690
0 1 67698
0 1 67699
0 1 67704
0 1 67710
0 1 67713
0 1 67714
0 1 67717
0 1 67718
0 1 67720
0 1 67724
0 1 67726
0 1 67727
0 1 67729
0 1 67730
0 1 67731
0 1 67739
0 1 67741
0 1 67743
0 1 67749
0 1 67750
0 1 67758
0 1 67760
0 1 67763
0 1 67765
0 1 67767
0 1 67770
0 1 67771
0 1 67772
0 1 67773
0 1 67776
0 1 67781
0 1 67782
0 1 67784
0 1 67787
0 1 67788
0 1 67789
0 1 67790
0 1 67792
0 1 67795
0 1 67796
0 1 67799
0 1 67801
0 1 67802
0 1 67805
0 1 67809
0 1 67810
0 1 67811
0 1 67814
0 1 67818
0 1 67821
0 1 67823
0 1 67827
0 1 67829
0 1 67830
0 1 67831
0 1 67832
0 1 67837
0 1 67840
0 1 67842
0 1 67844
0 1 67851
0 1 67853
0 1 67855
0 1 67859
0 1 67867
0 1 67868
0 1 67872
0 1 67874
0 1 67876
0 1 67880
0 1 67892
0 1 67894
0 1 67895
0 1 67904
0 1 67905
0 1 67910
0 1 67912
0 1 67916
0 1 67917
0 1 67926
0 1 67929
0 1 67930
0 1 67933
0 1 67934
0 1 67935
0 1 67937
0 1 67939
0 1 67942
0 1 67944
0 1 67945
0 1 67947
0 1 67948
0 1 67949
0 1 67950
0 1 67958
0 1 67961
0 1 67962
0 1 67966
0 1 67968
0 1 67969
0 1 67971
0 1 67975
0 1 67976
0 1 67977
0 1 67978
0 1 67986
0 1 67987
0 1 67988
0 1 67989
0 1 67992
0 1 67993
0 1 67994
0 1 67996
0 1 67998
0 1 68002
0 1 68009
0 1 68011
0 1 68022
0 1 68023
0 1 68026
0 1 68027
0 1 68028
0 1 68029
0 1 68033
0 1 68036
0 1 68038
0 1 68040
0 1 68041
0 1 68047
0 1 68049
0 1 68051
0 1 68053
0 1 68060
0 1 68062
0 1 68076
0 1 68079
0 1 68083
0 1 68084
0 1 68093
0 1 68096
0 1 68104
0 1 68105
0 1 68111
0 1 68112
0 1 68114
0 1 68115
0 1 68117
0 1 68121
0 1 68122
0 1 68125
0 1 68126
0 1 68132
0 1 68134
0 1 68139
0 1 68141
0 1 68142
0 1 68143
0 1 68147
0 1 68154
0 1 68158
0 1 68159
0 1 68160
0 1 68163
0 1 68169
0 1 68170
0 1 68171
0 1 68172
0 1 68179
0 1 68180
0 1 68186
0 1 68194
0 1 68201
0 1 68204
0 1 68208
0 1 68210
0 1 68211
0 1 68219
0 1 68223
0 1 68230
0 1 68241
0 1 68242
0 1 68249
0 1 68253
0 1 68254
0 1 68255
0 1 68257
0 1 68259
0 1 68260
0 1 68264
0 1 68270
0 1 68271
0 1 68272
0 1 68275
0 1 68277
0 1 68278
0 1 68285
0 1 68292
0 1 68304
0 1 68305
0 1 68312
0 1 68315
0 1 68333
0 1 68338
0 1 68340
0 1 68341
0 1 68346
0 1 68351
0 1 68353
0 1 68359
0 1 68363
0 1 68364
0 1 68366
0 1 68376
0 1 68382
0 1 68384
0 1 68391
0 1 68392
0 1 68393
0 1 68396
0 1 68398
0 1 68400
0 1 68402
0 1 68403
0 1 68408
0 1 68409
0 1 68414
0 1 68418
0 1 68425
0 1 68434
0 1 68435
0 1 68436
0 1 68438
0 1 68440
0 1 68441
0 1 68445
0 1 68449
0 1 68450
0 1 68453
0 1 68454
0 1 68458
0 1 68462
0 1 68467
0 1 68469
0 1 68479
0 1 68480
0 1 68481
0 1 68486
0 1 68489
0 1 68494
0 1 68502
0 1 68504
0 1 68506
0 1 68509
0 1 68511
0 1 68517
0 1 68523
0 1 68528
0 1 68531
0 1 68532
0 1 68534
0 1 68539
0 1 68543
0 1 68548
0 1 68549
0 1 68553
0 1 68554
0 1 68555
0 1 68556
0 1 68557
0 1 68561
0 1 68565
0 1 68570
0 1 68575
0 1 68584
0 1 68586
0 1 68589
0 1 68592
0 1 68595
0 1 68596
0 1 68597
0 1 68598
0 1 68604
0 1 68614
0 1 68615
0 1 68616
0 1 68617
0 1 68619
0 1 68621
0 1 68622
0 1 68623
0 1 68625
0 1 68629
0 1 68631
0 1 68633
0 1 68641
0 1 68643
0 1 68650
0 1 68651
0 1 68653
0 1 68655
0 1 68657
0 1 68658
0 1 68660
0 1 68663
0 1 68664
0 1 68666
0 1 68670
0 1 68672
0 1 68677
0 1 68679
0 1 68682
0 1 68683
0 1 68684
0 1 68686
0 1 68687
0 1 68688
0 1 68689
0 1 68695
0 1 68696
0 1 68698
0 1 68700
0 1 68705
0 1 68707
0 1 68714
0 1 68715
0 1 68719
0 1 68728
0 1 68732
0 1 68735
0 1 68737
0 1 68746
0 1 68747
0 1 68749
0 1 68750
0 1 68753
0 1 68754
0 1 68756
0 1 68759
0 1 68764
0 1 68768
0 1 68772
0 1 68776
0 1 68784
0 1 68790
0 1 68795
0 1 68805
0 1 68808
0 1 68811
0 1 68816
0 1 68820
0 1 68836
0 1 68839
0 1 68840
0 1 68859
0 1 68872
0 1 68873
0 1 68877
0 1 68879
0 1 68884
0 1 68886
0 1 68890
0 1 68895
0 1 68902
0 1 68909
0 1 68914
0 1 68916
0 1 68920
0 1 68923
0 1 68924
0 1 68925
0 1 68938
0 1 68940
0 1 68943
0 1 68944
0 1 68946
0 1 68948
0 1 68952
0 1 68958
0 1 68966
0 1 68972
0 1 68974
0 1 68978
0 1 68979
0 1 68981
0 1 68982
0 1 68987
0 1 68989
0 1 68992
0 1 68993
0 1 68994
0 1 68997
0 1 69005
0 1 69007
0 1 69009
0 1 69011
0 1 69019
0 1 69020
0 1 69024
0 1 69029
0 1 69030
0 1 69032
0 1 69033
0 1 69034
0 1 69038
0 1 69039
0 1 69040
0 1 69044
0 1 69046
0 1 69049
0 1 69053
0 1 69054
0 1 69058
0 1 69063
0 1 69064
0 1 69068
0 1 69071
0 1 69073
0 1 69080
0 1 69083
0 1 69092
0 1 69093
0 1 69096
0 1 69097
0 1 69101
0 1 69103
0 1 69109
0 1 69115
0 1 69117
0 1 69121
0 1 69123
0 1 69128
0 1 69134
0 1 69135
0 1 69136
0 1 69138
0 1 69142
0 1 69144
0 1 69149
0 1 69152
0 1 69153
0 1 69159
0 1 69163
0 1 69171
0 1 69173
0 1 69178
0 1 69180
0 1 69181
0 1 69186
0 1 69188
0 1 69191
0 1 69192
0 1 69199
0 1 69201
0 1 69205
0 1 69206
0 1 69207
0 1 69211
0 1 69214
0 1 69217
0 1 69227
0 1 69230
0 1 69231
0 1 69232
0 1 69235
0 1 69237
0 1 69239
0 1 69241
0 1 69242
0 1 69243
0 1 69244
0 1 69250
0 1 69253
0 1 69257
0 1 69258
0 1 69259
0 1 69260
0 1 69264
0 1 69267
0 1 69269
0 1 69277
0 1 69279
0 1 69286
0 1 69288
0 1 69289
0 1 69290
0 1 69291
0 1 69293
0 1 69296
0 1 69298
0 1 69301
0 1 69302
0 1 69307
0 1 69309
0 1 69322
0 1 69324
0 1 69326
0 1 69328
0 1 69330
0 1 69336
0 1 69340
0 1 69349
0 1 69356
0 1 69357
0 1 69359
0 1 69361
0 1 69363
0 1 69364
0 1 69373
0 1 69377
0 1 69380
0 1 69382
0 1 69385
0 1 69386
0 1 69390
0 1 69392
0 1 69396
0 1 69397
0 1 69400
0 1 69401
0 1 69403
0 1 69409
0 1 69414
0 1 69421
0 1 69422
0 1 69423
0 1 69424
0 1 69425
0 1 69428
0 1 69429
0 1 69434
0 1 69441
0 1 69448
0 1 69450
0 1 69452
0 1 69455
0 1 69457
0 1 69465
0 1 69466
0 1 69467
0 1 69468
0 1 69469
0 1 69478
0 1 69480
0 1 69481
0 1 69485
0 1 69490
0 1 69494
0 1 69506
0 1 69507
0 1 69508
0 1 69511
0 1 69527
0 1 69528
0 1 69533
0 1 69534
0 1 69535
0 1 69536
0 1 69538
0 1 69542
0 1 69544
0 1 69550
0 1 69556
0 1 69558
0 1 69559
0 1 69561
0 1 69562
0 1 69565
0 1 69568
0 1 69581
0 1 69589
0 1 69591
0 1 69595
0 1 69598
0 1 69600
0 1 69602
0 1 69603
0 1 69604
0 1 69607
0 1 69609
0 1 69613
0 1 69615
0 1 69621
0 1 69624
0 1 69625
0 1 69631
0 1 69633
0 1 69634
0 1 69639
0 1 69640
0 1 69642
0 1 69645
0 1 69652
0 1 69655
0 1 69659
0 1 69666
0 1 69667
0 1 69668
0 1 69675
0 1 69677
0 1 69679
0 1 69684
0 1 69690
0 1 69692
0 1 69697
0 1 69700
0 1 69701
0 1 69708
0 1 69714
0 1 69716
0 1 69717
0 1 69718
0 1 69719
0 1 69720
0 1 69724
0 1 69728
0 1 69730
0 1 69731
0 1 69732
0 1 69734
0 1 69740
0 1 69743
0 1 69744
0 1 69747
0 1 69749
0 1 69750
0 1 69753
0 1 69755
0 1 69764
0 1 69768
0 1 69771
0 1 69772
0 1 69774
0 1 69778
0 1 69779
0 1 69782
0 1 69785
0 1 69786
0 1 69792
0 1 69793
0 1 69804
0 1 69805
0 1 69806
0 1 69810
0 1 69815
0 1 69820
0 1 69822
0 1 69823
0 1 69826
0 1 69828
0 1 69829
0 1 69832
0 1 69834
0 1 69841
0 1 69843
0 1 69844
0 1 69852
0 1 69859
0 1 69860
0 1 69866
0 1 69870
0 1 69872
0 1 69875
0 1 69879
0 1 69880
0 1 69886
0 1 69888
0 1 69890
0 1 69892
0 1 69893
0 1 69899
0 1 69900
0 1 69907
0 1 69911
0 1 69912
0 1 69920
0 1 69921
0 1 69929
0 1 69932
0 1 69933
0 1 69935
0 1 69938
0 1 69945
0 1 69946
0 1 69949
0 1 69950
0 1 69953
0 1 69958
0 1 69959
0 1 69962
0 1 69964
0 1 69973
0 1 69978
0 1 69981
0 1 69983
0 1 69987
0 1 69988
0 1 69989
0 1 69998
0 1 70001
0 1 70002
0 1 70003
0 1 70007
0 1 70008
0 1 70009
0 1 70012
0 1 70014
0 1 70015
0 1 70016
0 1 70019
0 1 70022
0 1 70024
0 1 70025
0 1 70028
0 1 70038
0 1 70042
0 1 70044
0 1 70046
0 1 70048
0 1 70050
0 1 70055
0 1 70058
0 1 70059
0 1 70060
0 1 70061
0 1 70063
0 1 70064
0 1 70068
0 1 70077
0 1 70079
0 1 70085
0 1 70086
0 1 70089
0 1 70092
0 1 70095
0 1 70096
0 1 70098
0 1 70106
0 1 70110
0 1 70111
0 1 70114
0 1 70115
0 1 70116
0 1 70117
0 1 70121
0 1 70122
0 1 70129
0 1 70130
0 1 70131
0 1 70132
0 1 70133
0 1 70143
0 1 70148
0 1 70154
0 1 70156
0 1 70162
0 1 70164
0 1 70167
0 1 70168
0 1 70169
0 1 70171
0 1 70172
0 1 70175
0 1 70184
0 1 70188
0 1 70189
0 1 70192
0 1 70193
0 1 70201
0 1 70202
0 1 70207
0 1 70208
0 1 70211
0 1 70212
0 1 70213
0 1 70217
0 1 70222
0 1 70232
0 1 70236
0 1 70237
0 1 70245
0 1 70251
0 1 70257
0 1 70258
0 1 70262
0 1 70264
0 1 70270
0 1 70276
0 1 70287
0 1 70296
0 1 70297
0 1 70298
0 1 70299
0 1 70309
0 1 70310
0 1 70314
0 1 70316
0 1 70319
0 1 70320
0 1 70331
0 1 70333
0 1 70337
0 1 70342
0 1 70343
0 1 70347
0 1 70351
0 1 70353
0 1 70356
0 1 70357
0 1 70367
0 1 70368
0 1 70374
0 1 70380
0 1 70382
0 1 70383
0 1 70387
0 1 70390
0 1 70394
0 1 70398
0 1 70400
0 1 70401
0 1 70403
0 1 70411
0 1 70413
0 1 70417
0 1 70421
0 1 70432
0 1 70434
0 1 70437
0 1 70439
0 1 70445
0 1 70448
0 1 70456
0 1 70459
0 1 70460
0 1 70467
0 1 70470
0 1 70474
0 1 70479
0 1 70480
0 1 70486
0 1 70487
0 1 70489
0 1 70496
0 1 70501
0 1 70502
0 1 70506
0 1 70509
0 1 70510
0 1 70511
0 1 70512
0 1 70514
0 1 70518
0 1 70519
0 1 70520
0 1 70521
0 1 70522
0 1 70524
0 1 70530
0 1 70533
0 1 70537
0 1 70541
0 1 70544
0 1 70545
0 1 70552
0 1 70554
0 1 70558
0 1 70561
0 1 70564
0 1 70565
0 1 70567
0 1 70568
0 1 70575
0 1 70576
0 1 70580
0 1 70583
0 1 70589
0 1 70590
0 1 70600
0 1 70603
0 1 70613
0 1 70615
0 1 70624
0 1 70629
0 1 70630
0 1 70634
0 1 70638
0 1 70642
0 1 70643
0 1 70644
0 1 70645
0 1 70646
0 1 70649
0 1 70656
0 1 70668
0 1 70670
0 1 70672
0 1 70673
0 1 70677
0 1 70681
0 1 70683
0 1 70687
0 1 70689
0 1 70691
0 1 70698
0 1 70705
0 1 70707
0 1 70710
0 1 70727
0 1 70732
0 1 70736
0 1 70741
0 1 70747
0 1 70749
0 1 70758
0 1 70759
0 1 70761
0 1 70762
0 1 70764
0 1 70769
0 1 70771
0 1 70777
0 1 70783
0 1 70785
0 1 70786
0 1 70787
0 1 70792
0 1 70793
0 1 70800
0 1 70806
0 1 70809
0 1 70811
0 1 70812
0 1 70816
0 1 70821
0 1 70822
0 1 70825
0 1 70826
0 1 70828
0 1 70830
0 1 70831
0 1 70837
0 1 70839
0 1 70840
0 1 70842
0 1 70844
0 1 70849
0 1 70852
0 1 70854
0 1 70857
0 1 70858
0 1 70859
0 1 70862
0 1 70867
0 1 70872
0 1 70878
0 1 70883
0 1 70887
0 1 70889
0 1 70890
0 1 70891
0 1 70892
0 1 70893
0 1 70894
0 1 70899
0 1 70900
0 1 70901
0 1 70903
0 1 70904
0 1 70910
0 1 70916
0 1 70921
0 1 70924
0 1 70926
0 1 70931
0 1 70932
0 1 70936
0 1 70937
0 1 70942
0 1 70946
0 1 70951
0 1 70956
0 1 70959
0 1 70961
0 1 70964
0 1 70967
0 1 70968
0 1 70970
0 1 70971
0 1 70976
0 1 70977
0 1 70978
0 1 70982
0 1 70987
0 1 70988
0 1 70991
0 1 70992
0 1 70996
0 1 71001
0 1 71004
0 1 71011
0 1 71013
0 1 71020
0 1 71022
0 1 71023
0 1 71028
0 1 71035
0 1 71036
0 1 71039
0 1 71046
0 1 71054
0 1 71055
0 1 71059
0 1 71064
0 1 71077
0 1 71078
0 1 71080
0 1 71081
0 1 71082
0 1 71084
0 1 71085
0 1 71087
0 1 71090
0 1 71092
0 1 71094
0 1 71095
0 1 71102
0 1 71105
0 1 71109
0 1 71110
0 1 71111
0 1 71112
0 1 71117
0 1 71118
0 1 71120
0 1 71121
0 1 71127
0 1 71129
0 1 71131
0 1 71132
0 1 71146
0 1 71148
0 1 71150
0 1 71152
0 1 71155
0 1 71157
0 1 71158
0 1 71162
0 1 71164
0 1 71167
0 1 71168
0 1 71169
0 1 71170
0 1 71173
0 1 71177
0 1 71180
0 1 71182
0 1 71183
0 1 71186
0 1 71190
0 1 71191
0 1 71195
0 1 71197
0 1 71203
0 1 71206
0 1 71207
0 1 71211
0 1 71216
0 1 71219
0 1 71222
0 1 71223
0 1 71225
0 1 71226
0 1 71232
0 1 71233
0 1 71236
0 1 71237
0 1 71238
0 1 71239
0 1 71240
0 1 71247
0 1 71255
0 1 71264
0 1 71272
0 1 71276
0 1 71282
0 1 71285
0 1 71287
0 1 71291
0 1 71292
0 1 71293
0 1 71294
0 1 71296
0 1 71298
0 1 71299
0 1 71301
0 1 71302
0 1 71305
0 1 71310
0 1 71312
0 1 71315
0 1 71320
0 1 71324
0 1 71335
0 1 71349
0 1 71358
0 1 71365
0 1 71366
0 1 71370
0 1 71374
0 1 71375
0 1 71382
0 1 71386
0 1 71387
0 1 71393
0 1 71394
0 1 71399
0 1 71403
0 1 71405
0 1 71406
0 1 71407
0 1 71410
0 1 71411
0 1 71413
0 1 71416
0 1 71423
0 1 71424
0 1 71431
0 1 71432
0 1 71434
0 1 71440
0 1 71448
0 1 71452
0 1 71455
0 1 71461
0 1 71463
0 1 71472
0 1 71473
0 1 71484
0 1 71487
0 1 71489
0 1 71501
0 1 71502
0 1 71506
0 1 71509
0 1 71514
0 1 71516
0 1 71517
0 1 71523
0 1 71524
0 1 71525
0 1 71543
0 1 71548
0 1 71556
0 1 71558
0 1 71565
0 1 71572
0 1 71576
0 1 71580
0 1 71590
0 1 71596
0 1 71602
0 1 71603
0 1 71606
0 1 71609
0 1 71613
0 1 71614
0 1 71616
0 1 71628
0 1 71629
0 1 71631
0 1 71633
0 1 71637
0 1 71647
0 1 71651
0 1 71656
0 1 71657
0 1 71659
0 1 71662
0 1 71664
0 1 71669
0 1 71675
0 1 71681
0 1 71682
0 1 71683
0 1 71685
0 1 71686
0 1 71687
0 1 71688
0 1 71693
0 1 71694
0 1 71695
0 1 71697
0 1 71698
0 1 71702
0 1 71704
0 1 71708
0 1 71713
0 1 71719
0 1 71726
0 1 71729
0 1 71731
0 1 71733
0 1 71734
0 1 71739
0 1 71740
0 1 71745
0 1 71747
0 1 71753
0 1 71756
0 1 71757
0 1 71767
0 1 71769
0 1 71772
0 1 71774
0 1 71777
0 1 71778
0 1 71782
0 1 71793
0 1 71795
0 1 71797
0 1 71799
0 1 71805
0 1 71806
0 1 71807
0 1 71809
0 1 71819
0 1 71820
0 1 71821
0 1 71836
0 1 71837
0 1 71839
0 1 71842
0 1 71848
0 1 71851
0 1 71855
0 1 71856
0 1 71862
0 1 71863
0 1 71864
0 1 71870
0 1 71872
0 1 71874
0 1 71875
0 1 71876
0 1 71877
0 1 71879
0 1 71883
0 1 71887
0 1 71892
0 1 71895
0 1 71899
0 1 71900
0 1 71902
0 1 71908
0 1 71914
0 1 71916
0 1 71923
0 1 71924
0 1 71926
0 1 71931
0 1 71932
0 1 71938
0 1 71940
0 1 71941
0 1 71943
0 1 71944
0 1 71954
0 1 71957
0 1 71958
0 1 71959
0 1 71960
0 1 71974
0 1 71992
0 1 71995
0 1 72001
0 1 72003
0 1 72004
0 1 72005
0 1 72006
0 1 72007
0 1 72008
0 1 72010
0 1 72011
0 1 72019
0 1 72025
0 1 72029
0 1 72040
0 1 72043
0 1 72046
0 1 72047
0 1 72049
0 1 72050
0 1 72057
0 1 72062
0 1 72068
0 1 72070
0 1 72071
0 1 72076
0 1 72086
0 1 72088
0 1 72089
0 1 72097
0 1 72098
0 1 72102
0 1 72106
0 1 72109
0 1 72112
0 1 72119
0 1 72121
0 1 72127
0 1 72133
0 1 72134
0 1 72143
0 1 72148
0 1 72149
0 1 72150
0 1 72160
0 1 72168
0 1 72173
0 1 72177
0 1 72178
0 1 72181
0 1 72183
0 1 72184
0 1 72185
0 1 72189
0 1 72193
0 1 72195
0 1 72196
0 1 72202
0 1 72204
0 1 72205
0 1 72206
0 1 72208
0 1 72209
0 1 72212
0 1 72213
0 1 72221
0 1 72222
0 1 72223
0 1 72224
0 1 72231
0 1 72232
0 1 72233
0 1 72234
0 1 72235
0 1 72241
0 1 72243
0 1 72260
0 1 72268
0 1 72270
0 1 72277
0 1 72281
0 1 72283
0 1 72284
0 1 72286
0 1 72287
0 1 72291
0 1 72295
0 1 72296
0 1 72297
0 1 72298
0 1 72304
0 1 72306
0 1 72308
0 1 72312
0 1 72313
0 1 72315
0 1 72316
0 1 72317
0 1 72318
0 1 72321
0 1 72331
0 1 72335
0 1 72337
0 1 72341
0 1 72345
0 1 72348
0 1 72350
0 1 72352
0 1 72355
0 1 72356
0 1 72357
0 1 72358
0 1 72361
0 1 72362
0 1 72363
0 1 72364
0 1 72369
0 1 72382
0 1 72384
0 1 72385
0 1 72386
0 1 72387
0 1 72398
0 1 72402
0 1 72407
0 1 72412
0 1 72421
0 1 72427
0 1 72431
0 1 72436
0 1 72437
0 1 72438
0 1 72442
0 1 72444
0 1 72449
0 1 72450
0 1 72452
0 1 72456
0 1 72458
0 1 72461
0 1 72462
0 1 72475
0 1 72476
0 1 72483
0 1 72486
0 1 72488
0 1 72489
0 1 72490
0 1 72498
0 1 72500
0 1 72511
0 1 72518
0 1 72519
0 1 72522
0 1 72523
0 1 72524
0 1 72526
0 1 72531
0 1 72532
0 1 72533
0 1 72537
0 1 72543
0 1 72546
0 1 72547
0 1 72553
0 1 72558
0 1 72559
0 1 72563
0 1 72567
0 1 72569
0 1 72574
0 1 72582
0 1 72583
0 1 72586
0 1 72588
0 1 72591
0 1 72595
0 1 72596
0 1 72604
0 1 72606
0 1 72607
0 1 72612
0 1 72613
0 1 72614
0 1 72618
0 1 72621
0 1 72623
0 1 72628
0 1 72630
0 1 72631
0 1 72632
0 1 72633
0 1 72635
0 1 72638
0 1 72640
0 1 72646
0 1 72648
0 1 72655
0 1 72658
0 1 72660
0 1 72661
0 1 72663
0 1 72665
0 1 72666
0 1 72670
0 1 72672
0 1 72674
0 1 72676
0 1 72685
0 1 72688
0 1 72694
0 1 72699
0 1 72702
0 1 72703
0 1 72704
0 1 72709
0 1 72710
0 1 72711
0 1 72712
0 1 72713
0 1 72717
0 1 72720
0 1 72723
0 1 72726
0 1 72727
0 1 72731
0 1 72732
0 1 72733
0 1 72736
0 1 72738
0 1 72739
0 1 72743
0 1 72744
0 1 72745
0 1 72750
0 1 72751
0 1 72752
0 1 72757
0 1 72762
0 1 72769
0 1 72771
0 1 72777
0 1 72778
0 1 72783
0 1 72787
0 1 72788
0 1 72789
0 1 72798
0 1 72804
0 1 72811
0 1 72812
0 1 72814
0 1 72816
0 1 72818
0 1 72820
0 1 72821
0 1 72837
0 1 72839
0 1 72840
0 1 72843
0 1 72844
0 1 72846
0 1 72848
0 1 72849
0 1 72860
0 1 72863
0 1 72866
0 1 72867
0 1 72870
0 1 72871
0 1 72874
0 1 72877
0 1 72878
0 1 72881
0 1 72884
0 1 72892
0 1 72898
0 1 72906
0 1 72907
0 1 72909
0 1 72910
0 1 72913
0 1 72915
0 1 72917
0 1 72923
0 1 72925
0 1 72928
0 1 72931
0 1 72936
0 1 72937
0 1 72938
0 1 72943
0 1 72944
0 1 72948
0 1 72949
0 1 72957
0 1 72962
0 1 72967
0 1 72977
0 1 72979
0 1 72980
0 1 72981
0 1 72982
0 1 72984
0 1 72986
0 1 72987
0 1 72993
0 1 72997
0 1 72998
0 1 73011
0 1 73014
0 1 73015
0 1 73018
0 1 73025
0 1 73029
0 1 73030
0 1 73032
0 1 73044
0 1 73050
0 1 73051
0 1 73052
0 1 73056
0 1 73057
0 1 73058
0 1 73060
0 1 73068
0 1 73071
0 1 73075
0 1 73096
0 1 73100
0 1 73101
0 1 73104
0 1 73107
0 1 73109
0 1 73111
0 1 73114
0 1 73118
0 1 73123
0 1 73126
0 1 73131
0 1 73135
0 1 73137
0 1 73140
0 1 73144
0 1 73148
0 1 73154
0 1 73157
0 1 73158
0 1 73160
0 1 73164
0 1 73167
0 1 73171
0 1 73178
0 1 73183
0 1 73189
0 1 73193
0 1 73196
0 1 73203
0 1 73210
0 1 73211
0 1 73217
0 1 73220
0 1 73221
0 1 73222
0 1 73223
0 1 73228
0 1 73239
0 1 73243
0 1 73252
0 1 73259
0 1 73270
0 1 73271
0 1 73276
0 1 73278
0 1 73279
0 1 73280
0 1 73281
0 1 73282
0 1 73284
0 1 73292
0 1 73307
0 1 73314
0 1 73315
0 1 73317
0 1 73318
0 1 73320
0 1 73322
0 1 73323
0 1 73325
0 1 73326
0 1 73333
0 1 73334
0 1 73335
0 1 73336
0 1 73339
0 1 73341
0 1 73344
0 1 73355
0 1 73367
0 1 73370
0 1 73371
0 1 73374
0 1 73378
0 1 73380
0 1 73392
0 1 73393
0 1 73395
0 1 73396
0 1 73397
0 1 73403
0 1 73407
0 1 73413
0 1 73421
0 1 73422
0 1 73425
0 1 73428
0 1 73433
0 1 73440
0 1 73443
0 1 73444
0 1 73453
0 1 73455
0 1 73458
0 1 73460
0 1 73461
0 1 73462
0 1 73463
0 1 73466
0 1 73472
0 1 73477
0 1 73483
0 1 73486
0 1 73490
0 1 73492
0 1 73493
0 1 73496
0 1 73499
0 1 73501
0 1 73502
0 1 73504
0 1 73507
0 1 73508
0 1 73511
0 1 73512
0 1 73513
0 1 73514
0 1 73526
0 1 73542
0 1 73549
0 1 73550
0 1 73551
0 1 73552
0 1 73553
0 1 73559
0 1 73568
0 1 73571
0 1 73573
0 1 73575
0 1 73576
0 1 73580
0 1 73582
0 1 73583
0 1 73585
0 1 73589
0 1 73593
0 1 73595
0 1 73597
0 1 73600
0 1 73602
0 1 73603
0 1 73608
0 1 73612
0 1 73617
0 1 73618
0 1 73620
0 1 73622
0 1 73623
0 1 73626
0 1 73628
0 1 73632
0 1 73633
0 1 73636
0 1 73640
0 1 73644
0 1 73645
0 1 73650
0 1 73654
0 1 73658
0 1 73664
0 1 73666
0 1 73667
0 1 73669
0 1 73671
0 1 73673
0 1 73675
0 1 73680
0 1 73681
0 1 73684
0 1 73688
0 1 73689
0 1 73692
0 1 73693
0 1 73698
0 1 73700
0 1 73703
0 1 73708
0 1 73711
0 1 73712
0 1 73717
0 1 73725
0 1 73727
0 1 73733
0 1 73739
0 1 73746
0 1 73747
0 1 73748
0 1 73753
0 1 73754
0 1 73763
0 1 73764
0 1 73765
0 1 73768
0 1 73770
0 1 73773
0 1 73775
0 1 73777
0 1 73780
0 1 73783
0 1 73788
0 1 73795
0 1 73797
0 1 73799
0 1 73801
0 1 73803
0 1 73808
0 1 73809
0 1 73811
0 1 73813
0 1 73839
0 1 73840
0 1 73849
0 1 73852
0 1 73855
0 1 73861
0 1 73863
0 1 73869
0 1 73874
0 1 73875
0 1 73878
0 1 73887
0 1 73896
0 1 73897
0 1 73898
0 1 73902
0 1 73903
0 1 73906
0 1 73907
0 1 73909
0 1 73914
0 1 73916
0 1 73921
0 1 73922
0 1 73923
0 1 73925
0 1 73929
0 1 73930
0 1 73935
0 1 73946
0 1 73948
0 1 73950
0 1 73953
0 1 73955
0 1 73956
0 1 73961
0 1 73964
0 1 73969
0 1 73972
0 1 73974
0 1 73975
0 1 73976
0 1 73977
0 1 73979
0 1 73985
0 1 73987
0 1 73990
0 1 73994
0 1 73997
0 1 73999
0 1 74001
0 1 74003
0 1 74008
0 1 74009
0 1 74010
0 1 74012
0 1 74020
0 1 74022
0 1 74023
0 1 74024
0 1 74025
0 1 74030
0 1 74031
0 1 74034
0 1 74039
0 1 74047
0 1 74048
0 1 74052
0 1 74053
0 1 74060
0 1 74062
0 1 74074
0 1 74075
0 1 74076
0 1 74077
0 1 74078
0 1 74085
0 1 74090
0 1 74106
0 1 74108
0 1 74110
0 1 74114
0 1 74117
0 1 74118
0 1 74119
0 1 74121
0 1 74122
0 1 74125
0 1 74126
0 1 74127
0 1 74130
0 1 74134
0 1 74135
0 1 74137
0 1 74138
0 1 74141
0 1 74147
0 1 74159
0 1 74160
0 1 74164
0 1 74165
0 1 74166
0 1 74169
0 1 74176
0 1 74177
0 1 74180
0 1 74181
0 1 74182
0 1 74186
0 1 74190
0 1 74195
0 1 74200
0 1 74204
0 1 74211
0 1 74214
0 1 74219
0 1 74222
0 1 74229
0 1 74237
0 1 74240
0 1 74242
0 1 74245
0 1 74246
0 1 74251
0 1 74252
0 1 74254
0 1 74256
0 1 74259
0 1 74260
0 1 74262
0 1 74263
0 1 74273
0 1 74275
0 1 74282
0 1 74283
0 1 74287
0 1 74289
0 1 74291
0 1 74293
0 1 74297
0 1 74299
0 1 74303
0 1 74304
0 1 74305
0 1 74307
0 1 74308
0 1 74312
0 1 74316
0 1 74318
0 1 74329
0 1 74332
0 1 74334
0 1 74336
0 1 74338
0 1 74339
0 1 74344
0 1 74345
0 1 74347
0 1 74348
0 1 74349
0 1 74352
0 1 74357
0 1 74359
0 1 74370
0 1 74375
0 1 74380
0 1 74382
0 1 74385
0 1 74389
0 1 74392
0 1 74394
0 1 74395
0 1 74402
0 1 74403
0 1 74405
0 1 74407
0 1 74414
0 1 74427
0 1 74428
0 1 74429
0 1 74430
0 1 74431
0 1 74435
0 1 74436
0 1 74440
0 1 74445
0 1 74446
0 1 74451
0 1 74466
0 1 74467
0 1 74468
0 1 74471
0 1 74474
0 1 74476
0 1 74484
0 1 74487
0 1 74490
0 1 74495
0 1 74498
0 1 74502
0 1 74505
0 1 74510
0 1 74521
0 1 74524
0 1 74527
0 1 74532
0 1 74533
0 1 74535
0 1 74538
0 1 74542
0 1 74544
0 1 74549
0 1 74551
0 1 74556
0 1 74560
0 1 74561
0 1 74566
0 1 74576
0 1 74577
0 1 74582
0 1 74583
0 1 74584
0 1 74587
0 1 74590
0 1 74596
0 1 74598
0 1 74603
0 1 74606
0 1 74610
0 1 74612
0 1 74614
0 1 74615
0 1 74616
0 1 74618
0 1 74619
0 1 74625
0 1 74626
0 1 74628
0 1 74630
0 1 74631
0 1 74633
0 1 74635
0 1 74636
0 1 74639
0 1 74641
0 1 74643
0 1 74648
0 1 74649
0 1 74651
0 1 74652
0 1 74654
0 1 74655
0 1 74659
0 1 74661
0 1 74665
0 1 74674
0 1 74675
0 1 74681
0 1 74687
0 1 74691
0 1 74692
0 1 74697
0 1 74710
0 1 74711
0 1 74712
0 1 74713
0 1 74715
0 1 74716
0 1 74724
0 1 74729
0 1 74731
0 1 74735
0 1 74740
0 1 74742
0 1 74743
0 1 74748
0 1 74749
0 1 74751
0 1 74753
0 1 74755
0 1 74757
0 1 74759
0 1 74766
0 1 74769
0 1 74772
0 1 74773
0 1 74780
0 1 74781
0 1 74782
0 1 74787
0 1 74791
0 1 74795
0 1 74798
0 1 74799
0 1 74800
0 1 74805
0 1 74806
0 1 74807
0 1 74814
0 1 74815
0 1 74816
0 1 74819
0 1 74821
0 1 74823
0 1 74825
0 1 74828
0 1 74832
0 1 74833
0 1 74843
0 1 74844
0 1 74846
0 1 74849
0 1 74851
0 1 74864
0 1 74867
0 1 74870
0 1 74872
0 1 74879
0 1 74880
0 1 74881
0 1 74883
0 1 74887
0 1 74889
0 1 74890
0 1 74900
0 1 74902
0 1 74903
0 1 74907
0 1 74909
0 1 74910
0 1 74914
0 1 74918
0 1 74921
0 1 74923
0 1 74927
0 1 74931
0 1 74938
0 1 74941
0 1 74942
0 1 74946
0 1 74947
0 1 74951
0 1 74956
0 1 74957
0 1 74960
0 1 74961
0 1 74962
0 1 74963
0 1 74965
0 1 74966
0 1 74970
0 1 74972
0 1 74974
0 1 74978
0 1 74980
0 1 74982
0 1 74986
0 1 74988
0 1 74990
0 1 74997
0 1 74998
0 1 75002
0 1 75003
0 1 75006
0 1 75007
0 1 75010
0 1 75015
0 1 75019
0 1 75022
0 1 75025
0 1 75026
0 1 75028
0 1 75032
0 1 75040
0 1 75041
0 1 75042
0 1 75045
0 1 75046
0 1 75047
0 1 75051
0 1 75054
0 1 75055
0 1 75059
0 1 75065
0 1 75067
0 1 75078
0 1 75081
0 1 75083
0 1 75086
0 1 75093
0 1 75094
0 1 75095
0 1 75096
0 1 75101
0 1 75102
0 1 75104
0 1 75105
0 1 75106
0 1 75108
0 1 75112
0 1 75119
0 1 75124
0 1 75125
0 1 75131
0 1 75138
0 1 75151
0 1 75153
0 1 75155
0 1 75158
0 1 75166
0 1 75167
0 1 75169
0 1 75173
0 1 75181
0 1 75185
0 1 75191
0 1 75197
0 1 75199
0 1 75200
0 1 75203
0 1 75207
0 1 75208
0 1 75209
0 1 75213
0 1 75215
0 1 75216
0 1 75220
0 1 75221
0 1 75222
0 1 75223
0 1 75229
0 1 75230
0 1 75233
0 1 75234
0 1 75237
0 1 75242
0 1 75244
0 1 75246
0 1 75252
0 1 75254
0 1 75255
0 1 75256
0 1 75261
0 1 75262
0 1 75270
0 1 75271
0 1 75276
0 1 75277
0 1 75282
0 1 75283
0 1 75291
0 1 75293
0 1 75296
0 1 75299
0 1 75305
0 1 75312
0 1 75313
0 1 75316
0 1 75318
0 1 75320
0 1 75324
0 1 75329
0 1 75330
0 1 75341
0 1 75345
0 1 75348
0 1 75349
0 1 75356
0 1 75357
0 1 75359
0 1 75360
0 1 75361
0 1 75362
0 1 75367
0 1 75373
0 1 75379
0 1 75383
0 1 75386
0 1 75387
0 1 75390
0 1 75396
0 1 75397
0 1 75399
0 1 75401
0 1 75407
0 1 75409
0 1 75412
0 1 75416
0 1 75419
0 1 75420
0 1 75422
0 1 75428
0 1 75432
0 1 75434
0 1 75435
0 1 75437
0 1 75439
0 1 75441
0 1 75444
0 1 75445
0 1 75446
0 1 75448
0 1 75449
0 1 75460
0 1 75461
0 1 75462
0 1 75463
0 1 75467
0 1 75469
0 1 75473
0 1 75479
0 1 75486
0 1 75488
0 1 75493
0 1 75496
0 1 75497
0 1 75498
0 1 75500
0 1 75503
0 1 75505
0 1 75509
0 1 75513
0 1 75516
0 1 75518
0 1 75521
0 1 75525
0 1 75526
0 1 75529
0 1 75531
0 1 75539
0 1 75548
0 1 75549
0 1 75558
0 1 75561
0 1 75565
0 1 75569
0 1 75575
0 1 75578
0 1 75583
0 1 75589
0 1 75591
0 1 75598
0 1 75602
0 1 75607
0 1 75616
0 1 75618
0 1 75619
0 1 75622
0 1 75623
0 1 75625
0 1 75627
0 1 75633
0 1 75635
0 1 75638
0 1 75642
0 1 75644
0 1 75645
0 1 75648
0 1 75650
0 1 75652
0 1 75658
0 1 75659
0 1 75660
0 1 75662
0 1 75665
0 1 75667
0 1 75668
0 1 75671
0 1 75672
0 1 75673
0 1 75680
0 1 75681
0 1 75684
0 1 75687
0 1 75689
0 1 75691
0 1 75692
0 1 75694
0 1 75697
0 1 75700
0 1 75703
0 1 75704
0 1 75707
0 1 75709
0 1 75710
0 1 75723
0 1 75726
0 1 75730
0 1 75732
0 1 75733
0 1 75741
0 1 75743
0 1 75745
0 1 75755
0 1 75756
0 1 75757
0 1 75766
0 1 75769
0 1 75772
0 1 75773
0 1 75778
0 1 75781
0 1 75782
0 1 75786
0 1 75796
0 1 75797
0 1 75801
0 1 75804
0 1 75805
0 1 75807
0 1 75808
0 1 75810
0 1 75814
0 1 75816
0 1 75818
0 1 75823
0 1 75824
0 1 75825
0 1 75831
0 1 75832
0 1 75837
0 1 75838
0 1 75839
0 1 75840
0 1 75849
0 1 75850
0 1 75856
0 1 75864
0 1 75865
0 1 75867
0 1 75870
0 1 75879
0 1 75881
0 1 75891
0 1 75893
0 1 75896
0 1 75897
0 1 75899
0 1 75902
0 1 75904
0 1 75911
0 1 75913
0 1 75914
0 1 75919
0 1 75926
0 1 75931
0 1 75933
0 1 75934
0 1 75937
0 1 75941
0 1 75942
0 1 75946
0 1 75948
0 1 75949
0 1 75950
0 1 75951
0 1 75960
0 1 75966
0 1 75969
0 1 75973
0 1 75980
0 1 75983
0 1 75991
0 1 75994
0 1 75996
0 1 75997
0 1 75999
0 1 76006
0 1 76008
0 1 76016
0 1 76018
0 1 76021
0 1 76023
0 1 76024
0 1 76025
0 1 76026
0 1 76028
0 1 76031
0 1 76036
0 1 76044
0 1 76046
0 1 76051
0 1 76060
0 1 76061
0 1 76065
0 1 76066
0 1 76073
0 1 76074
0 1 76075
0 1 76076
0 1 76078
0 1 76079
0 1 76086
0 1 76088
0 1 76090
0 1 76093
0 1 76094
0 1 76095
0 1 76103
0 1 76106
0 1 76115
0 1 76116
0 1 76119
0 1 76120
0 1 76122
0 1 76123
0 1 76132
0 1 76140
0 1 76143
0 1 76152
0 1 76154
0 1 76156
0 1 76158
0 1 76168
0 1 76182
0 1 76188
0 1 76190
0 1 76191
0 1 76195
0 1 76197
0 1 76200
0 1 76201
0 1 76207
0 1 76210
0 1 76213
0 1 76215
0 1 76220
0 1 76222
0 1 76224
0 1 76226
0 1 76227
0 1 76228
0 1 76234
0 1 76237
0 1 76243
0 1 76245
0 1 76250
0 1 76252
0 1 76255
0 1 76258
0 1 76259
0 1 76263
0 1 76267
0 1 76273
0 1 76283
0 1 76285
0 1 76289
0 1 76291
0 1 76292
0 1 76296
0 1 76297
0 1 76301
0 1 76305
0 1 76309
0 1 76316
0 1 76318
0 1 76320
0 1 76325
0 1 76328
0 1 76342
0 1 76350
0 1 76351
0 1 76352
0 1 76355
0 1 76358
0 1 76361
0 1 76365
0 1 76367
0 1 76368
0 1 76369
0 1 76377
0 1 76379
0 1 76383
0 1 76389
0 1 76391
0 1 76393
0 1 76394
0 1 76395
0 1 76396
0 1 76397
0 1 76399
0 1 76402
0 1 76415
0 1 76419
0 1 76420
0 1 76423
0 1 76424
0 1 76425
0 1 76428
0 1 76430
0 1 76433
0 1 76434
0 1 76437
0 1 76439
0 1 76441
0 1 76442
0 1 76444
0 1 76445
0 1 76449
0 1 76455
0 1 76458
0 1 76461
0 1 76463
0 1 76472
0 1 76473
0 1 76478
0 1 76480
0 1 76485
0 1 76491
0 1 76493
0 1 76497
0 1 76498
0 1 76506
0 1 76508
0 1 76517
0 1 76521
0 1 76526
0 1 76528
0 1 76534
0 1 76535
0 1 76537
0 1 76538
0 1 76539
0 1 76542
0 1 76543
0 1 76545
0 1 76548
0 1 76556
0 1 76557
0 1 76559
0 1 76570
0 1 76574
0 1 76575
0 1 76578
0 1 76588
0 1 76594
0 1 76605
0 1 76611
0 1 76615
0 1 76616
0 1 76619
0 1 76620
0 1 76624
0 1 76625
0 1 76626
0 1 76629
0 1 76633
0 1 76634
0 1 76635
0 1 76637
0 1 76646
0 1 76648
0 1 76653
0 1 76657
0 1 76661
0 1 76665
0 1 76666
0 1 76675
0 1 76679
0 1 76682
0 1 76687
0 1 76689
0 1 76691
0 1 76707
0 1 76713
0 1 76719
0 1 76720
0 1 76730
0 1 76732
0 1 76735
0 1 76737
0 1 76741
0 1 76745
0 1 76746
0 1 76748
0 1 76759
0 1 76760
0 1 76761
0 1 76763
0 1 76768
0 1 76769
0 1 76771
0 1 76773
0 1 76774
0 1 76778
0 1 76780
0 1 76782
0 1 76786
0 1 76788
0 1 76797
0 1 76806
0 1 76807
0 1 76813
0 1 76816
0 1 76818
0 1 76824
0 1 76829
0 1 76835
0 1 76836
0 1 76837
0 1 76839
0 1 76851
0 1 76852
0 1 76857
0 1 76860
0 1 76861
0 1 76864
0 1 76867
0 1 76869
0 1 76873
0 1 76874
0 1 76875
0 1 76878
0 1 76884
0 1 76891
0 1 76895
0 1 76896
0 1 76897
0 1 76898
0 1 76902
0 1 76907
0 1 76910
0 1 76911
0 1 76915
0 1 76916
0 1 76920
0 1 76924
0 1 76929
0 1 76931
0 1 76938
0 1 76944
0 1 76945
0 1 76947
0 1 76950
0 1 76952
0 1 76954
0 1 76956
0 1 76958
0 1 76962
0 1 76972
0 1 76975
0 1 76977
0 1 76980
0 1 76981
0 1 76983
0 1 76989
0 1 76990
0 1 76995
0 1 76997
0 1 77000
0 1 77001
0 1 77003
0 1 77005
0 1 77012
0 1 77013
0 1 77017
0 1 77021
0 1 77025
0 1 77027
0 1 77029
0 1 77035
0 1 77039
0 1 77042
0 1 77046
0 1 77048
0 1 77051
0 1 77060
0 1 77062
0 1 77068
0 1 77076
0 1 77087
0 1 77100
0 1 77101
0 1 77103
0 1 77107
0 1 77108
0 1 77111
0 1 77112
0 1 77113
0 1 77115
0 1 77118
0 1 77121
0 1 77125
0 1 77140
0 1 77142
0 1 77148
0 1 77149
0 1 77150
0 1 77152
0 1 77156
0 1 77160
0 1 77161
0 1 77169
0 1 77171
0 1 77172
0 1 77173
0 1 77177
0 1 77179
0 1 77184
0 1 77186
0 1 77187
0 1 77188
0 1 77189
0 1 77196
0 1 77197
0 1 77198
0 1 77200
0 1 77201
0 1 77202
0 1 77205
0 1 77209
0 1 77211
0 1 77212
0 1 77217
0 1 77219
0 1 77220
0 1 77227
0 1 77239
0 1 77244
0 1 77249
0 1 77250
0 1 77253
0 1 77254
0 1 77257
0 1 77261
0 1 77263
0 1 77269
0 1 77273
0 1 77277
0 1 77283
0 1 77285
0 1 77291
0 1 77294
0 1 77297
0 1 77298
0 1 77301
0 1 77308
0 1 77310
0 1 77311
0 1 77319
0 1 77323
0 1 77328
0 1 77337
0 1 77338
0 1 77344
0 1 77346
0 1 77347
0 1 77351
0 1 77357
0 1 77360
0 1 77372
0 1 77373
0 1 77376
0 1 77392
0 1 77396
0 1 77397
0 1 77399
0 1 77400
0 1 77402
0 1 77410
0 1 77415
0 1 77416
0 1 77417
0 1 77422
0 1 77427
0 1 77434
0 1 77435
0 1 77436
0 1 77438
0 1 77439
0 1 77453
0 1 77456
0 1 77462
0 1 77466
0 1 77467
0 1 77469
0 1 77472
0 1 77478
0 1 77482
0 1 77484
0 1 77486
0 1 77488
0 1 77490
0 1 77495
0 1 77505
0 1 77507
0 1 77515
0 1 77516
0 1 77517
0 1 77518
0 1 77520
0 1 77529
0 1 77532
0 1 77535
0 1 77536
0 1 77543
0 1 77547
0 1 77549
0 1 77551
0 1 77552
0 1 77555
0 1 77557
0 1 77558
0 1 77559
0 1 77560
0 1 77563
0 1 77565
0 1 77566
0 1 77567
0 1 77569
0 1 77572
0 1 77578
0 1 77580
0 1 77586
0 1 77587
0 1 77603
0 1 77608
0 1 77609
0 1 77610
0 1 77613
0 1 77614
0 1 77618
0 1 77626
0 1 77627
0 1 77635
0 1 77637
0 1 77638
0 1 77641
0 1 77642
0 1 77643
0 1 77646
0 1 77657
0 1 77658
0 1 77660
0 1 77661
0 1 77662
0 1 77665
0 1 77669
0 1 77671
0 1 77674
0 1 77676
0 1 77679
0 1 77683
0 1 77685
0 1 77690
0 1 77691
0 1 77696
0 1 77697
0 1 77700
0 1 77704
0 1 77706
0 1 77716
0 1 77724
0 1 77726
0 1 77728
0 1 77730
0 1 77731
0 1 77733
0 1 77736
0 1 77741
0 1 77745
0 1 77746
0 1 77749
0 1 77751
0 1 77755
0 1 77759
0 1 77762
0 1 77763
0 1 77764
0 1 77766
0 1 77771
0 1 77772
0 1 77774
0 1 77775
0 1 77780
0 1 77784
0 1 77786
0 1 77789
0 1 77793
0 1 77795
0 1 77798
0 1 77799
0 1 77803
0 1 77808
0 1 77812
0 1 77813
0 1 77814
0 1 77819
0 1 77820
0 1 77822
0 1 77824
0 1 77826
0 1 77829
0 1 77830
0 1 77834
0 1 77840
0 1 77843
0 1 77844
0 1 77846
0 1 77848
0 1 77850
0 1 77856
0 1 77857
0 1 77860
0 1 77866
0 1 77871
0 1 77875
0 1 77877
0 1 77879
0 1 77880
0 1 77883
0 1 77888
0 1 77890
0 1 77891
0 1 77892
0 1 77893
0 1 77895
0 1 77899
0 1 77902
0 1 77910
0 1 77911
0 1 77913
0 1 77915
0 1 77920
0 1 77922
0 1 77925
0 1 77936
0 1 77938
0 1 77941
0 1 77942
0 1 77945
0 1 77951
0 1 77957
0 1 77962
0 1 77971
0 1 77973
0 1 77974
0 1 77984
0 1 77988
0 1 77990
0 1 77995
0 1 77998
0 1 77999
0 1 78002
0 1 78004
0 1 78008
0 1 78031
0 1 78037
0 1 78039
0 1 78042
0 1 78045
0 1 78046
0 1 78057
0 1 78058
0 1 78063
0 1 78066
0 1 78067
0 1 78078
0 1 78089
0 1 78094
0 1 78095
0 1 78101
0 1 78103
0 1 78104
0 1 78105
0 1 78108
0 1 78113
0 1 78117
0 1 78118
0 1 78120
0 1 78122
0 1 78126
0 1 78127
0 1 78130
0 1 78138
0 1 78139
0 1 78141
0 1 78142
0 1 78144
0 1 78146
0 1 78153
0 1 78159
0 1 78162
0 1 78164
0 1 78165
0 1 78171
0 1 78183
0 1 78184
0 1 78185
0 1 78186
0 1 78189
0 1 78193
0 1 78194
0 1 78195
0 1 78204
0 1 78205
0 1 78209
0 1 78219
0 1 78220
0 1 78221
0 1 78224
0 1 78225
0 1 78231
0 1 78232
0 1 78235
0 1 78237
0 1 78239
0 1 78245
0 1 78249
0 1 78250
0 1 78251
0 1 78254
0 1 78255
0 1 78259
0 1 78261
0 1 78263
0 1 78267
0 1 78269
0 1 78271
0 1 78272
0 1 78275
0 1 78276
0 1 78278
0 1 78279
0 1 78280
0 1 78281
0 1 78282
0 1 78285
0 1 78286
0 1 78287
0 1 78292
0 1 78295
0 1 78299
0 1 78303
0 1 78305
0 1 78306
0 1 78307
0 1 78308
0 1 78310
0 1 78313
0 1 78316
0 1 78321
0 1 78322
0 1 78329
0 1 78333
0 1 78334
0 1 78338
0 1 78340
0 1 78347
0 1 78352
0 1 78354
0 1 78355
0 1 78356
0 1 78358
0 1 78359
0 1 78366
0 1 78371
0 1 78374
0 1 78378
0 1 78382
0 1 78394
0 1 78414
0 1 78419
0 1 78424
0 1 78425
0 1 78434
0 1 78442
0 1 78447
0 1 78448
0 1 78454
0 1 78459
0 1 78461
0 1 78462
0 1 78480
0 1 78484
0 1 78487
0 1 78488
0 1 78489
0 1 78492
0 1 78493
0 1 78494
0 1 78495
0 1 78496
0 1 78498
0 1 78505
0 1 78508
0 1 78510
0 1 78511
0 1 78515
0 1 78516
0 1 78517
0 1 78518
0 1 78519
0 1 78524
0 1 78525
0 1 78528
0 1 78533
0 1 78539
0 1 78540
0 1 78542
0 1 78544
0 1 78551
0 1 78552
0 1 78560
0 1 78562
0 1 78565
0 1 78566
0 1 78568
0 1 78576
0 1 78583
0 1 78586
0 1 78590
0 1 78594
0 1 78595
0 1 78603
0 1 78604
0 1 78611
0 1 78612
0 1 78615
0 1 78619
0 1 78623
0 1 78630
0 1 78636
0 1 78638
0 1 78640
0 1 78643
0 1 78650
0 1 78651
0 1 78653
0 1 78654
0 1 78668
0 1 78672
0 1 78677
0 1 78685
0 1 78686
0 1 78687
0 1 78690
0 1 78693
0 1 78700
0 1 78704
0 1 78705
0 1 78706
0 1 78713
0 1 78715
0 1 78719
0 1 78722
0 1 78726
0 1 78727
0 1 78729
0 1 78730
0 1 78732
0 1 78733
0 1 78735
0 1 78736
0 1 78742
0 1 78745
0 1 78750
0 1 78751
0 1 78752
0 1 78756
0 1 78759
0 1 78760
0 1 78765
0 1 78768
0 1 78770
0 1 78773
0 1 78776
0 1 78778
0 1 78785
0 1 78794
0 1 78798
0 1 78800
0 1 78802
0 1 78804
0 1 78805
0 1 78806
0 1 78808
0 1 78810
0 1 78816
0 1 78821
0 1 78824
0 1 78827
0 1 78832
0 1 78835
0 1 78837
0 1 78840
0 1 78841
0 1 78843
0 1 78848
0 1 78856
0 1 78860
0 1 78861
0 1 78869
0 1 78870
0 1 78872
0 1 78875
0 1 78877
0 1 78879
0 1 78880
0 1 78881
0 1 78886
0 1 78890
0 1 78899
0 1 78900
0 1 78901
0 1 78902
0 1 78915
0 1 78920
0 1 78932
0 1 78934
0 1 78936
0 1 78938
0 1 78943
0 1 78950
0 1 78957
0 1 78963
0 1 78964
0 1 78967
0 1 78974
0 1 78977
0 1 78984
0 1 78988
0 1 78996
0 1 78998
0 1 79000
0 1 79001
0 1 79007
0 1 79009
0 1 79015
0 1 79017
0 1 79024
0 1 79025
0 1 79030
0 1 79032
0 1 79035
0 1 79036
0 1 79038
0 1 79047
0 1 79053
0 1 79061
0 1 79063
0 1 79068
0 1 79070
0 1 79071
0 1 79084
0 1 79087
0 1 79088
0 1 79092
0 1 79093
0 1 79102
0 1 79107
0 1 79110
0 1 79111
0 1 79114
0 1 79118
0 1 79124
0 1 79125
0 1 79126
0 1 79127
0 1 79130
0 1 79134
0 1 79135
0 1 79136
0 1 79140
0 1 79142
0 1 79147
0 1 79150
0 1 79153
0 1 79155
0 1 79157
0 1 79160
0 1 79163
0 1 79167
0 1 79172
0 1 79174
0 1 79188
0 1 79191
0 1 79198
0 1 79201
0 1 79203
0 1 79206
0 1 79207
0 1 79209
0 1 79213
0 1 79215
0 1 79218
0 1 79222
0 1 79223
0 1 79225
0 1 79228
0 1 79231
0 1 79232
0 1 79233
0 1 79234
0 1 79239
0 1 79244
0 1 79246
0 1 79250
0 1 79255
0 1 79260
0 1 79263
0 1 79266
0 1 79273
0 1 79274
0 1 79277
0 1 79279
0 1 79280
0 1 79284
0 1 79291
0 1 79298
0 1 79301
0 1 79303
0 1 79307
0 1 79309
0 1 79314
0 1 79320
0 1 79321
0 1 79322
0 1 79325
0 1 79329
0 1 79333
0 1 79334
0 1 79337
0 1 79339
0 1 79342
0 1 79345
0 1 79349
0 1 79352
0 1 79353
0 1 79355
0 1 79356
0 1 79362
0 1 79363
0 1 79371
0 1 79373
0 1 79378
0 1 79382
0 1 79383
0 1 79384
0 1 79385
0 1 79387
0 1 79389
0 1 79390
0 1 79392
0 1 79409
0 1 79411
0 1 79415
0 1 79417
0 1 79420
0 1 79425
0 1 79426
0 1 79438
0 1 79439
0 1 79440
0 1 79444
0 1 79445
0 1 79447
0 1 79452
0 1 79453
0 1 79455
0 1 79459
0 1 79464
0 1 79465
0 1 79469
0 1 79471
0 1 79476
0 1 79478
0 1 79482
0 1 79484
0 1 79487
0 1 79493
0 1 79497
0 1 79501
0 1 79506
0 1 79511
0 1 79512
0 1 79514
0 1 79523
0 1 79525
0 1 79530
0 1 79535
0 1 79539
0 1 79540
0 1 79544
0 1 79549
0 1 79551
0 1 79552
0 1 79561
0 1 79565
0 1 79567
0 1 79568
0 1 79575
0 1 79577
0 1 79584
0 1 79587
0 1 79589
0 1 79594
0 1 79596
0 1 79598
0 1 79600
0 1 79602
0 1 79603
0 1 79616
0 1 79624
0 1 79629
0 1 79630
0 1 79631
0 1 79633
0 1 79643
0 1 79645
0 1 79648
0 1 79653
0 1 79658
0 1 79663
0 1 79671
0 1 79678
0 1 79679
0 1 79681
0 1 79689
0 1 79692
0 1 79694
0 1 79698
0 1 79707
0 1 79708
0 1 79712
0 1 79714
0 1 79718
0 1 79719
0 1 79722
0 1 79725
0 1 79726
0 1 79728
0 1 79731
0 1 79736
0 1 79738
0 1 79745
0 1 79746
0 1 79747
0 1 79748
0 1 79761
0 1 79764
0 1 79765
0 1 79768
0 1 79771
0 1 79778
0 1 79779
0 1 79782
0 1 79788
0 1 79793
0 1 79796
0 1 79798
0 1 79802
0 1 79803
0 1 79808
0 1 79809
0 1 79814
0 1 79819
0 1 79820
0 1 79821
0 1 79822
0 1 79824
0 1 79830
0 1 79833
0 1 79836
0 1 79839
0 1 79844
0 1 79867
0 1 79878
0 1 79883
0 1 79884
0 1 79896
0 1 79897
0 1 79898
0 1 79900
0 1 79901
0 1 79902
0 1 79904
0 1 79919
0 1 79923
0 1 79925
0 1 79930
0 1 79934
0 1 79936
0 1 79939
0 1 79942
0 1 79951
0 1 79952
0 1 79953
0 1 79955
0 1 79957
0 1 79959
0 1 79969
0 1 79970
0 1 79971
0 1 79979
0 1 79982
0 1 79989
0 1 79996
0 1 80001
0 1 80005
0 1 80006
0 1 80008
0 1 80010
0 1 80014
0 1 80025
0 1 80026
0 1 80030
0 1 80033
0 1 80034
0 1 80042
0 1 80044
0 1 80045
0 1 80046
0 1 80047
0 1 80050
0 1 80057
0 1 80069
0 1 80070
0 1 80075
0 1 80081
0 1 80082
0 1 80088
0 1 80092
0 1 80095
0 1 80096
0 1 80100
0 1 80103
0 1 80105
0 1 80108
0 1 80109
0 1 80110
0 1 80113
0 1 80116
0 1 80117
0 1 80122
0 1 80125
0 1 80126
0 1 80128
0 1 80129
0 1 80131
0 1 80132
0 1 80136
0 1 80143
0 1 80149
0 1 80152
0 1 80156
0 1 80158
0 1 80169
0 1 80170
0 1 80171
0 1 80174
0 1 80176
0 1 80183
0 1 80188
0 1 80195
0 1 80196
0 1 80202
0 1 80206
0 1 80207
0 1 80210
0 1 80212
0 1 80213
0 1 80214
0 1 80222
0 1 80226
0 1 80231
0 1 80239
0 1 80240
0 1 80241
0 1 80244
0 1 80249
0 1 80251
0 1 80253
0 1 80256
0 1 80257
0 1 80265
0 1 80268
0 1 80270
0 1 80273
0 1 80275
0 1 80276
0 1 80278
0 1 80282
0 1 80288
0 1 80291
0 1 80294
0 1 80300
0 1 80302
0 1 80303
0 1 80304
0 1 80305
0 1 80307
0 1 80314
0 1 80316
0 1 80322
0 1 80328
0 1 80329
0 1 80337
0 1 80340
0 1 80341
0 1 80343
0 1 80347
0 1 80348
0 1 80350
0 1 80352
0 1 80357
0 1 80358
0 1 80367
0 1 80369
0 1 80373
0 1 80376
0 1 80379
0 1 80383
0 1 80384
0 1 80389
0 1 80394
0 1 80395
0 1 80396
0 1 80397
0 1 80403
0 1 80414
0 1 80415
0 1 80416
0 1 80417
0 1 80419
0 1 80421
0 1 80424
0 1 80428
0 1 80431
0 1 80434
0 1 80438
0 1 80440
0 1 80441
0 1 80451
0 1 80452
0 1 80459
0 1 80461
0 1 80463
0 1 80464
0 1 80465
0 1 80470
0 1 80472
0 1 80475
0 1 80476
0 1 80479
0 1 80482
0 1 80488
0 1 80491
0 1 80493
0 1 80494
0 1 80495
0 1 80498
0 1 80500
0 1 80501
0 1 80505
0 1 80508
0 1 80510
0 1 80511
0 1 80513
0 1 80515
0 1 80517
0 1 80518
0 1 80520
0 1 80528
0 1 80530
0 1 80538
0 1 80541
0 1 80545
0 1 80546
0 1 80550
0 1 80551
0 1 80552
0 1 80559
0 1 80562
0 1 80566
0 1 80568
0 1 80572
0 1 80575
0 1 80583
0 1 80584
0 1 80590
0 1 80593
0 1 80599
0 1 80601
0 1 80603
0 1 80605
0 1 80606
0 1 80608
0 1 80610
0 1 80617
0 1 80618
0 1 80625
0 1 80629
0 1 80633
0 1 80634
0 1 80640
0 1 80643
0 1 80648
0 1 80650
0 1 80662
0 1 80669
0 1 80670
0 1 80672
0 1 80677
0 1 80690
0 1 80691
0 1 80699
0 1 80700
0 1 80705
0 1 80708
0 1 80709
0 1 80712
0 1 80719
0 1 80721
0 1 80722
0 1 80727
0 1 80731
0 1 80734
0 1 80735
0 1 80736
0 1 80744
0 1 80747
0 1 80758
0 1 80764
0 1 80767
0 1 80770
0 1 80773
0 1 80775
0 1 80777
0 1 80779
0 1 80784
0 1 80798
0 1 80803
0 1 80805
0 1 80816
0 1 80825
0 1 80827
0 1 80830
0 1 80835
0 1 80842
0 1 80845
0 1 80847
0 1 80848
0 1 80854
0 1 80855
0 1 80860
0 1 80861
0 1 80866
0 1 80868
0 1 80869
0 1 80878
0 1 80883
0 1 80887
0 1 80890
0 1 80893
0 1 80896
0 1 80897
0 1 80898
0 1 80899
0 1 80901
0 1 80905
0 1 80909
0 1 80910
0 1 80913
0 1 80920
0 1 80921
0 1 80923
0 1 80924
0 1 80926
0 1 80928
0 1 80938
0 1 80946
0 1 80950
0 1 80952
0 1 80954
0 1 80957
0 1 80977
0 1 80979
0 1 80986
0 1 80990
0 1 80991
0 1 80999
0 1 81002
0 1 81006
0 1 81010
0 1 81015
0 1 81017
0 1 81020
0 1 81029
0 1 81034
0 1 81041
0 1 81044
0 1 81046
0 1 81060
0 1 81061
0 1 81063
0 1 81066
0 1 81073
0 1 81076
0 1 81078
0 1 81080
0 1 81081
0 1 81085
0 1 81086
0 1 81089
0 1 81090
0 1 81092
0 1 81102
0 1 81103
0 1 81109
0 1 81112
0 1 81116
0 1 81124
0 1 81126
0 1 81129
0 1 81130
0 1 81134
0 1 81136
0 1 81139
0 1 81141
0 1 81142
0 1 81146
0 1 81149
0 1 81153
0 1 81160
0 1 81165
0 1 81166
0 1 81172
0 1 81173
0 1 81174
0 1 81180
0 1 81195
0 1 81196
0 1 81200
0 1 81208
0 1 81210
0 1 81213
0 1 81218
0 1 81219
0 1 81221
0 1 81224
0 1 81226
0 1 81229
0 1 81233
0 1 81234
0 1 81238
0 1 81250
0 1 81251
0 1 81254
0 1 81255
0 1 81263
0 1 81271
0 1 81273
0 1 81279
0 1 81282
0 1 81285
0 1 81287
0 1 81297
0 1 81299
0 1 81306
0 1 81312
0 1 81313
0 1 81325
0 1 81327
0 1 81329
0 1 81330
0 1 81332
0 1 81334
0 1 81342
0 1 81346
0 1 81347
0 1 81348
0 1 81349
0 1 81357
0 1 81360
0 1 81361
0 1 81363
0 1 81364
0 1 81366
0 1 81371
0 1 81374
0 1 81375
0 1 81384
0 1 81386
0 1 81388
0 1 81390
0 1 81391
0 1 81393
0 1 81395
0 1 81398
0 1 81399
0 1 81408
0 1 81409
0 1 81413
0 1 81417
0 1 81419
0 1 81423
0 1 81429
0 1 81435
0 1 81436
0 1 81440
0 1 81445
0 1 81446
0 1 81451
0 1 81462
0 1 81463
0 1 81471
0 1 81472
0 1 81473
0 1 81474
0 1 81476
0 1 81486
0 1 81492
0 1 81494
0 1 81497
0 1 81501
0 1 81507
0 1 81508
0 1 81510
0 1 81512
0 1 81515
0 1 81525
0 1 81526
0 1 81530
0 1 81532
0 1 81538
0 1 81540
0 1 81541
0 1 81544
0 1 81545
0 1 81548
0 1 81549
0 1 81551
0 1 81561
0 1 81562
0 1 81575
0 1 81576
0 1 81578
0 1 81580
0 1 81582
0 1 81583
0 1 81584
0 1 81598
0 1 81599
0 1 81603
0 1 81608
0 1 81609
0 1 81616
0 1 81628
0 1 81631
0 1 81634
0 1 81638
0 1 81640
0 1 81642
0 1 81643
0 1 81644
0 1 81645
0 1 81646
0 1 81647
0 1 81649
0 1 81650
0 1 81658
0 1 81661
0 1 81663
0 1 81665
0 1 81666
0 1 81687
0 1 81691
0 1 81692
0 1 81697
0 1 81706
0 1 81708
0 1 81723
0 1 81724
0 1 81727
0 1 81729
0 1 81734
0 1 81735
0 1 81736
0 1 81742
0 1 81747
0 1 81750
0 1 81753
0 1 81755
0 1 81756
0 1 81759
0 1 81765
0 1 81766
0 1 81767
0 1 81768
0 1 81771
0 1 81772
0 1 81773
0 1 81774
0 1 81778
0 1 81781
0 1 81785
0 1 81787
0 1 81795
0 1 81797
0 1 81800
0 1 81801
0 1 81803
0 1 81808
0 1 81809
0 1 81810
0 1 81811
0 1 81813
0 1 81814
0 1 81817
0 1 81818
0 1 81826
0 1 81829
0 1 81833
0 1 81836
0 1 81838
0 1 81839
0 1 81843
0 1 81848
0 1 81854
0 1 81855
0 1 81856
0 1 81858
0 1 81859
0 1 81860
0 1 81868
0 1 81872
0 1 81874
0 1 81875
0 1 81876
0 1 81877
0 1 81881
0 1 81883
0 1 81888
0 1 81892
0 1 81894
0 1 81896
0 1 81900
0 1 81904
0 1 81910
0 1 81912
0 1 81917
0 1 81922
0 1 81923
0 1 81927
0 1 81929
0 1 81930
0 1 81931
0 1 81935
0 1 81941
0 1 81942
0 1 81944
0 1 81949
0 1 81959
0 1 81962
0 1 81968
0 1 81971
0 1 81972
0 1 81973
0 1 81974
0 1 81975
0 1 81977
0 1 81979
0 1 81984
0 1 81986
0 1 81992
0 1 81998
0 1 82000
0 1 82002
0 1 82004
0 1 82007
0 1 82012
0 1 82022
0 1 82026
0 1 82029
0 1 82033
0 1 82034
0 1 82035
0 1 82042
0 1 82044
0 1 82045
0 1 82048
0 1 82054
0 1 82062
0 1 82063
0 1 82067
0 1 82068
0 1 82071
0 1 82075
0 1 82076
0 1 82084
0 1 82086
0 1 82095
0 1 82100
0 1 82105
0 1 82107
0 1 82108
0 1 82109
0 1 82111
0 1 82113
0 1 82114
0 1 82115
0 1 82121
0 1 82131
0 1 82138
0 1 82141
0 1 82143
0 1 82144
0 1 82147
0 1 82152
0 1 82153
0 1 82155
0 1 82164
0 1 82167
0 1 82168
0 1 82174
0 1 82176
0 1 82178
0 1 82179
0 1 82180
0 1 82184
0 1 82189
0 1 82191
0 1 82193
0 1 82202
0 1 82206
0 1 82212
0 1 82213
0 1 82214
0 1 82215
0 1 82217
0 1 82224
0 1 82233
0 1 82235
0 1 82236
0 1 82240
0 1 82249
0 1 82258
0 1 82268
0 1 82270
0 1 82271
0 1 82281
0 1 82287
0 1 82290
0 1 82291
0 1 82293
0 1 82296
0 1 82297
0 1 82302
0 1 82303
0 1 82305
0 1 82311
0 1 82313
0 1 82315
0 1 82319
0 1 82321
0 1 82324
0 1 82326
0 1 82331
0 1 82337
0 1 82340
0 1 82345
0 1 82347
0 1 82351
0 1 82352
0 1 82356
0 1 82359
0 1 82361
0 1 82367
0 1 82368
0 1 82369
0 1 82370
0 1 82373
0 1 82375
0 1 82376
0 1 82378
0 1 82379
0 1 82381
0 1 82385
0 1 82395
0 1 82396
0 1 82401
0 1 82403
0 1 82405
0 1 82407
0 1 82411
0 1 82413
0 1 82415
0 1 82416
0 1 82418
0 1 82421
0 1 82424
0 1 82427
0 1 82428
0 1 82430
0 1 82432
0 1 82436
0 1 82447
0 1 82448
0 1 82449
0 1 82450
0 1 82451
0 1 82458
0 1 82460
0 1 82466
0 1 82470
0 1 82471
0 1 82475
0 1 82480
0 1 82481
0 1 82484
0 1 82486
0 1 82490
0 1 82491
0 1 82501
0 1 82503
0 1 82505
0 1 82511
0 1 82512
0 1 82514
0 1 82515
0 1 82521
0 1 82523
0 1 82525
0 1 82527
0 1 82528
0 1 82530
0 1 82531
0 1 82535
0 1 82540
0 1 82546
0 1 82547
0 1 82550
0 1 82552
0 1 82556
0 1 82558
0 1 82565
0 1 82566
0 1 82571
0 1 82573
0 1 82575
0 1 82582
0 1 82583
0 1 82589
0 1 82590
0 1 82597
0 1 82599
0 1 82605
0 1 82616
0 1 82617
0 1 82621
0 1 82622
0 1 82631
0 1 82635
0 1 82643
0 1 82644
0 1 82645
0 1 82652
0 1 82653
0 1 82655
0 1 82656
0 1 82658
0 1 82661
0 1 82666
0 1 82673
0 1 82679
0 1 82683
0 1 82685
0 1 82686
0 1 82690
0 1 82695
0 1 82698
0 1 82702
0 1 82704
0 1 82711
0 1 82712
0 1 82716
0 1 82718
0 1 82719
0 1 82726
0 1 82728
0 1 82729
0 1 82731
0 1 82734
0 1 82735
0 1 82737
0 1 82739
0 1 82740
0 1 82741
0 1 82751
0 1 82753
0 1 82758
0 1 82761
0 1 82764
0 1 82765
0 1 82773
0 1 82774
0 1 82775
0 1 82780
0 1 82782
0 1 82790
0 1 82792
0 1 82794
0 1 82795
0 1 82797
0 1 82798
0 1 82813
0 1 82817
0 1 82818
0 1 82821
0 1 82822
0 1 82825
0 1 82830
0 1 82831
0 1 82836
0 1 82839
0 1 82840
0 1 82842
0 1 82845
0 1 82846
0 1 82847
0 1 82856
0 1 82857
0 1 82858
0 1 82867
0 1 82872
0 1 82873
0 1 82891
0 1 82893
0 1 82898
0 1 82904
0 1 82908
0 1 82909
0 1 82912
0 1 82913
0 1 82924
0 1 82929
0 1 82934
0 1 82937
0 1 82941
0 1 82943
0 1 82948
0 1 82949
0 1 82950
0 1 82955
0 1 82960
0 1 82961
0 1 82973
0 1 82976
0 1 82980
0 1 82983
0 1 82984
0 1 82988
0 1 82992
0 1 82998
0 1 82999
0 1 83000
0 1 83002
0 1 83003
0 1 83005
0 1 83012
0 1 83013
0 1 83018
0 1 83024
0 1 83027
0 1 83029
0 1 83032
0 1 83035
0 1 83038
0 1 83043
0 1 83045
0 1 83046
0 1 83049
0 1 83050
0 1 83052
0 1 83056
0 1 83062
0 1 83064
0 1 83065
0 1 83072
0 1 83080
0 1 83082
0 1 83091
0 1 83097
0 1 83103
0 1 83104
0 1 83105
0 1 83106
0 1 83112
0 1 83113
0 1 83117
0 1 83127
0 1 83130
0 1 83133
0 1 83134
0 1 83135
0 1 83144
0 1 83145
0 1 83150
0 1 83156
0 1 83162
0 1 83165
0 1 83167
0 1 83168
0 1 83170
0 1 83174
0 1 83176
0 1 83178
0 1 83183
0 1 83184
0 1 83185
0 1 83186
0 1 83187
0 1 83189
0 1 83192
0 1 83202
0 1 83205
0 1 83209
0 1 83214
0 1 83218
0 1 83219
0 1 83223
0 1 83225
0 1 83226
0 1 83233
0 1 83234
0 1 83236
0 1 83237
0 1 83244
0 1 83246
0 1 83249
0 1 83255
0 1 83257
0 1 83258
0 1 83259
0 1 83261
0 1 83262
0 1 83263
0 1 83271
0 1 83274
0 1 83276
0 1 83285
0 1 83293
0 1 83294
0 1 83296
0 1 83298
0 1 83299
0 1 83300
0 1 83302
0 1 83304
0 1 83307
0 1 83313
0 1 83314
0 1 83317
0 1 83319
0 1 83326
0 1 83329
0 1 83334
0 1 83335
0 1 83337
0 1 83344
0 1 83345
0 1 83346
0 1 83347
0 1 83349
0 1 83350
0 1 83352
0 1 83354
0 1 83355
0 1 83358
0 1 83360
0 1 83362
0 1 83363
0 1 83366
0 1 83368
0 1 83372
0 1 83376
0 1 83377
0 1 83379
0 1 83384
0 1 83388
0 1 83389
0 1 83390
0 1 83391
0 1 83395
0 1 83399
0 1 83400
0 1 83402
0 1 83403
0 1 83404
0 1 83406
0 1 83407
0 1 83408
0 1 83412
0 1 83419
0 1 83427
0 1 83429
0 1 83430
0 1 83435
0 1 83445
0 1 83451
0 1 83452
0 1 83454
0 1 83457
0 1 83466
0 1 83468
0 1 83470
0 1 83471
0 1 83482
0 1 83483
0 1 83484
0 1 83488
0 1 83491
0 1 83492
0 1 83493
0 1 83494
0 1 83495
0 1 83502
0 1 83507
0 1 83508
0 1 83510
0 1 83514
0 1 83519
0 1 83521
0 1 83523
0 1 83525
0 1 83530
0 1 83533
0 1 83536
0 1 83537
0 1 83539
0 1 83542
0 1 83545
0 1 83548
0 1 83549
0 1 83551
0 1 83556
0 1 83563
0 1 83566
0 1 83567
0 1 83569
0 1 83570
0 1 83571
0 1 83579
0 1 83584
0 1 83594
0 1 83598
0 1 83602
0 1 83606
0 1 83608
0 1 83615
0 1 83617
0 1 83627
0 1 83628
0 1 83632
0 1 83636
0 1 83637
0 1 83638
0 1 83648
0 1 83656
0 1 83657
0 1 83660
0 1 83662
0 1 83663
0 1 83664
0 1 83668
0 1 83670
0 1 83673
0 1 83674
0 1 83675
0 1 83678
0 1 83680
0 1 83686
0 1 83688
0 1 83689
0 1 83694
0 1 83695
0 1 83707
0 1 83709
0 1 83710
0 1 83715
0 1 83716
0 1 83717
0 1 83722
0 1 83728
0 1 83730
0 1 83734
0 1 83745
0 1 83746
0 1 83747
0 1 83748
0 1 83750
0 1 83751
0 1 83752
0 1 83753
0 1 83759
0 1 83762
0 1 83764
0 1 83765
0 1 83768
0 1 83776
0 1 83779
0 1 83782
0 1 83783
0 1 83788
0 1 83790
0 1 83791
0 1 83795
0 1 83797
0 1 83799
0 1 83802
0 1 83804
0 1 83811
0 1 83812
0 1 83819
0 1 83820
0 1 83823
0 1 83824
0 1 83826
0 1 83828
0 1 83831
0 1 83834
0 1 83835
0 1 83839
0 1 83842
0 1 83845
0 1 83846
0 1 83847
0 1 83853
0 1 83854
0 1 83869
0 1 83873
0 1 83876
0 1 83882
0 1 83886
0 1 83889
0 1 83890
0 1 83894
0 1 83899
0 1 83901
0 1 83902
0 1 83907
0 1 83912
0 1 83913
0 1 83914
0 1 83915
0 1 83916
0 1 83917
0 1 83918
0 1 83924
0 1 83930
0 1 83934
0 1 83938
0 1 83939
0 1 83941
0 1 83944
0 1 83945
0 1 83949
0 1 83957
0 1 83960
0 1 83961
0 1 83966
0 1 83968
0 1 83973
0 1 83974
0 1 83976
0 1 83981
0 1 83986
0 1 83987
0 1 83991
0 1 84001
0 1 84002
0 1 84008
0 1 84009
0 1 84010
0 1 84012
0 1 84018
0 1 84022
0 1 84025
0 1 84026
0 1 84027
0 1 84028
0 1 84029
0 1 84034
0 1 84036
0 1 84040
0 1 84044
0 1 84050
0 1 84054
0 1 84055
0 1 84056
0 1 84058
0 1 84060
0 1 84067
0 1 84071
0 1 84074
0 1 84076
0 1 84081
0 1 84084
0 1 84086
0 1 84089
0 1 84091
0 1 84096
0 1 84106
0 1 84107
0 1 84109
0 1 84110
0 1 84111
0 1 84112
0 1 84118
0 1 84121
0 1 84129
0 1 84132
0 1 84133
0 1 84142
0 1 84145
0 1 84146
0 1 84147
0 1 84148
0 1 84150
0 1 84151
0 1 84157
0 1 84158
0 1 84162
0 1 84164
0 1 84165
0 1 84166
0 1 84171
0 1 84174
0 1 84176
0 1 84177
0 1 84180
0 1 84181
0 1 84183
0 1 84187
0 1 84194
0 1 84196
0 1 84200
0 1 84206
0 1 84208
0 1 84210
0 1 84212
0 1 84214
0 1 84224
0 1 84231
0 1 84234
0 1 84238
0 1 84245
0 1 84257
0 1 84262
0 1 84264
0 1 84267
0 1 84271
0 1 84275
0 1 84276
0 1 84277
0 1 84284
0 1 84285
0 1 84299
0 1 84302
0 1 84304
0 1 84306
0 1 84307
0 1 84312
0 1 84314
0 1 84325
0 1 84326
0 1 84327
0 1 84329
0 1 84332
0 1 84337
0 1 84340
0 1 84346
0 1 84347
0 1 84354
0 1 84356
0 1 84359
0 1 84368
0 1 84369
0 1 84371
0 1 84377
0 1 84380
0 1 84382
0 1 84387
0 1 84400
0 1 84401
0 1 84403
0 1 84404
0 1 84405
0 1 84407
0 1 84411
0 1 84413
0 1 84415
0 1 84416
0 1 84421
0 1 84422
0 1 84425
0 1 84426
0 1 84427
0 1 84430
0 1 84432
0 1 84433
0 1 84438
0 1 84439
0 1 84441
0 1 84444
0 1 84445
0 1 84446
0 1 84447
0 1 84449
0 1 84454
0 1 84459
0 1 84460
0 1 84461
0 1 84463
0 1 84464
0 1 84465
0 1 84467
0 1 84471
0 1 84475
0 1 84477
0 1 84479
0 1 84483
0 1 84484
0 1 84488
0 1 84491
0 1 84495
0 1 84496
0 1 84503
0 1 84504
0 1 84505
0 1 84507
0 1 84514
0 1 84519
0 1 84527
0 1 84529
0 1 84530
0 1 84534
0 1 84538
0 1 84542
0 1 84550
0 1 84552
0 1 84554
0 1 84555
0 1 84558
0 1 84560
0 1 84561
0 1 84562
0 1 84567
0 1 84573
0 1 84578
0 1 84579
0 1 84587
0 1 84590
0 1 84595
0 1 84596
0 1 84600
0 1 84604
0 1 84608
0 1 84610
0 1 84611
0 1 84618
0 1 84619
0 1 84620
0 1 84622
0 1 84629
0 1 84630
0 1 84631
0 1 84632
0 1 84635
0 1 84637
0 1 84641
0 1 84642
0 1 84643
0 1 84647
0 1 84650
0 1 84652
0 1 84653
0 1 84655
0 1 84656
0 1 84659
0 1 84664
0 1 84670
0 1 84677
0 1 84680
0 1 84684
0 1 84690
0 1 84694
0 1 84695
0 1 84697
0 1 84698
0 1 84701
0 1 84702
0 1 84707
0 1 84710
0 1 84711
0 1 84712
0 1 84720
0 1 84734
0 1 84736
0 1 84739
0 1 84740
0 1 84743
0 1 84745
0 1 84749
0 1 84754
0 1 84758
0 1 84761
0 1 84763
0 1 84769
0 1 84771
0 1 84773
0 1 84776
0 1 84777
0 1 84784
0 1 84786
0 1 84792
0 1 84799
0 1 84800
0 1 84804
0 1 84808
0 1 84809
0 1 84811
0 1 84814
0 1 84820
0 1 84822
0 1 84825
0 1 84835
0 1 84836
0 1 84838
0 1 84839
0 1 84840
0 1 84842
0 1 84845
0 1 84848
0 1 84857
0 1 84860
0 1 84861
0 1 84871
0 1 84875
0 1 84878
0 1 84879
0 1 84890
0 1 84893
0 1 84897
0 1 84899
0 1 84900
0 1 84904
0 1 84905
0 1 84910
0 1 84916
0 1 84919
0 1 84920
0 1 84924
0 1 84930
0 1 84931
0 1 84934
0 1 84937
0 1 84939
0 1 84940
0 1 84941
0 1 84942
0 1 84950
0 1 84951
0 1 84952
0 1 84955
0 1 84962
0 1 84964
0 1 84966
0 1 84967
0 1 84969
0 1 84977
0 1 84980
0 1 84981
0 1 84983
0 1 84985
0 1 84987
0 1 84989
0 1 84990
0 1 84991
0 1 84993
0 1 84995
0 1 84997
0 1 85002
0 1 85003
0 1 85005
0 1 85006
0 1 85009
0 1 85012
0 1 85014
0 1 85016
0 1 85017
0 1 85021
0 1 85023
0 1 85027
0 1 85032
0 1 85033
0 1 85036
0 1 85038
0 1 85039
0 1 85041
0 1 85043
0 1 85046
0 1 85048
0 1 85054
0 1 85062
0 1 85066
0 1 85071
0 1 85087
0 1 85089
0 1 85092
0 1 85095
0 1 85100
0 1 85101
0 1 85110
0 1 85111
0 1 85113
0 1 85115
0 1 85123
0 1 85124
0 1 85128
0 1 85130
0 1 85131
0 1 85134
0 1 85135
0 1 85139
0 1 85140
0 1 85144
0 1 85148
0 1 85149
0 1 85153
0 1 85159
0 1 85162
0 1 85167
0 1 85172
0 1 85174
0 1 85178
0 1 85180
0 1 85182
0 1 85184
0 1 85186
0 1 85190
0 1 85197
0 1 85208
0 1 85220
0 1 85224
0 1 85227
0 1 85229
0 1 85231
0 1 85234
0 1 85241
0 1 85247
0 1 85250
0 1 85252
0 1 85255
0 1 85263
0 1 85265
0 1 85280
0 1 85281
0 1 85282
0 1 85285
0 1 85287
0 1 85294
0 1 85300
0 1 85303
0 1 85308
0 1 85310
0 1 85315
0 1 85322
0 1 85323
0 1 85325
0 1 85329
0 1 85338
0 1 85340
0 1 85341
0 1 85342
0 1 85346
0 1 85351
0 1 85353
0 1 85359
0 1 85363
0 1 85367
0 1 85377
0 1 85380
0 1 85386
0 1 85391
0 1 85396
0 1 85397
0 1 85401
0 1 85409
0 1 85411
0 1 85413
0 1 85417
0 1 85420
0 1 85421
0 1 85423
0 1 85426
0 1 85431
0 1 85432
0 1 85433
0 1 85434
0 1 85437
0 1 85439
0 1 85440
0 1 85441
0 1 85455
0 1 85458
0 1 85460
0 1 85465
0 1 85471
0 1 85474
0 1 85477
0 1 85478
0 1 85479
0 1 85481
0 1 85482
0 1 85483
0 1 85486
0 1 85490
0 1 85491
0 1 85494
0 1 85496
0 1 85498
0 1 85501
0 1 85503
0 1 85506
0 1 85508
0 1 85514
0 1 85515
0 1 85516
0 1 85517
0 1 85519
0 1 85525
0 1 85527
0 1 85531
0 1 85545
0 1 85546
0 1 85548
0 1 85557
0 1 85559
0 1 85560
0 1 85562
0 1 85564
0 1 85571
0 1 85572
0 1 85575
0 1 85577
0 1 85579
0 1 85587
0 1 85589
0 1 85590
0 1 85597
0 1 85599
0 1 85603
0 1 85604
0 1 85607
0 1 85609
0 1 85614
0 1 85623
0 1 85624
0 1 85626
0 1 85627
0 1 85629
0 1 85632
0 1 85634
0 1 85636
0 1 85637
0 1 85643
0 1 85649
0 1 85651
0 1 85653
0 1 85656
0 1 85658
0 1 85660
0 1 85662
0 1 85664
0 1 85669
0 1 85673
0 1 85675
0 1 85677
0 1 85687
0 1 85691
0 1 85698
0 1 85702
0 1 85703
0 1 85705
0 1 85706
0 1 85708
0 1 85709
0 1 85710
0 1 85711
0 1 85713
0 1 85721
0 1 85726
0 1 85727
0 1 85734
0 1 85746
0 1 85749
0 1 85750
0 1 85757
0 1 85760
0 1 85763
0 1 85764
0 1 85765
0 1 85766
0 1 85767
0 1 85768
0 1 85774
0 1 85776
0 1 85777
0 1 85784
0 1 85789
0 1 85794
0 1 85795
0 1 85800
0 1 85801
0 1 85803
0 1 85817
0 1 85822
0 1 85824
0 1 85825
0 1 85826
0 1 85827
0 1 85831
0 1 85835
0 1 85839
0 1 85843
0 1 85844
0 1 85850
0 1 85856
0 1 85857
0 1 85858
0 1 85860
0 1 85861
0 1 85866
0 1 85867
0 1 85868
0 1 85874
0 1 85877
0 1 85888
0 1 85889
0 1 85904
0 1 85907
0 1 85909
0 1 85910
0 1 85913
0 1 85916
0 1 85918
0 1 85921
0 1 85922
0 1 85923
0 1 85929
0 1 85930
0 1 85931
0 1 85935
0 1 85938
0 1 85942
0 1 85943
0 1 85945
0 1 85947
0 1 85950
0 1 85952
0 1 85953
0 1 85958
0 1 85962
0 1 85965
0 1 85967
0 1 85968
0 1 85972
0 1 85977
0 1 85984
0 1 85997
0 1 86002
0 1 86005
0 1 86007
0 1 86010
0 1 86011
0 1 86014
0 1 86017
0 1 86033
0 1 86039
0 1 86045
0 1 86054
0 1 86057
0 1 86059
0 1 86061
0 1 86062
0 1 86064
0 1 86070
0 1 86071
0 1 86073
0 1 86074
0 1 86083
0 1 86084
0 1 86086
0 1 86087
0 1 86093
0 1 86094
0 1 86095
0 1 86099
0 1 86105
0 1 86108
0 1 86109
0 1 86110
0 1 86120
0 1 86121
0 1 86122
0 1 86126
0 1 86130
0 1 86132
0 1 86133
0 1 86138
0 1 86143
0 1 86151
0 1 86153
0 1 86154
0 1 86155
0 1 86156
0 1 86159
0 1 86160
0 1 86161
0 1 86168
0 1 86173
0 1 86176
0 1 86177
0 1 86181
0 1 86185
0 1 86187
0 1 86189
0 1 86194
0 1 86195
0 1 86197
0 1 86205
0 1 86207
0 1 86208
0 1 86212
0 1 86213
0 1 86215
0 1 86217
0 1 86218
0 1 86223
0 1 86224
0 1 86231
0 1 86233
0 1 86234
0 1 86237
0 1 86240
0 1 86242
0 1 86247
0 1 86249
0 1 86252
0 1 86253
0 1 86256
0 1 86260
0 1 86261
0 1 86262
0 1 86264
0 1 86277
0 1 86278
0 1 86281
0 1 86291
0 1 86292
0 1 86295
0 1 86302
0 1 86305
0 1 86311
0 1 86316
0 1 86318
0 1 86319
0 1 86320
0 1 86324
0 1 86325
0 1 86328
0 1 86331
0 1 86333
0 1 86335
0 1 86337
0 1 86340
0 1 86355
0 1 86358
0 1 86364
0 1 86365
0 1 86368
0 1 86371
0 1 86374
0 1 86375
0 1 86378
0 1 86379
0 1 86380
0 1 86381
0 1 86386
0 1 86387
0 1 86390
0 1 86403
0 1 86404
0 1 86409
0 1 86410
0 1 86413
0 1 86414
0 1 86415
0 1 86417
0 1 86418
0 1 86424
0 1 86430
0 1 86440
0 1 86447
0 1 86451
0 1 86452
0 1 86460
0 1 86462
0 1 86465
0 1 86466
0 1 86467
0 1 86468
0 1 86469
0 1 86470
0 1 86474
0 1 86478
0 1 86479
0 1 86480
0 1 86484
0 1 86486
0 1 86488
0 1 86489
0 1 86491
0 1 86493
0 1 86499
0 1 86501
0 1 86512
0 1 86516
0 1 86517
0 1 86525
0 1 86532
0 1 86535
0 1 86542
0 1 86543
0 1 86545
0 1 86550
0 1 86559
0 1 86565
0 1 86566
0 1 86568
0 1 86569
0 1 86573
0 1 86578
0 1 86580
0 1 86582
0 1 86585
0 1 86591
0 1 86596
0 1 86597
0 1 86601
0 1 86602
0 1 86603
0 1 86606
0 1 86608
0 1 86610
0 1 86618
0 1 86620
0 1 86621
0 1 86622
0 1 86626
0 1 86627
0 1 86629
0 1 86631
0 1 86633
0 1 86635
0 1 86640
0 1 86645
0 1 86650
0 1 86654
0 1 86657
0 1 86658
0 1 86661
0 1 86662
0 1 86664
0 1 86669
0 1 86671
0 1 86686
0 1 86688
0 1 86691
0 1 86692
0 1 86695
0 1 86699
0 1 86700
0 1 86704
0 1 86706
0 1 86711
0 1 86717
0 1 86719
0 1 86723
0 1 86734
0 1 86736
0 1 86737
0 1 86739
0 1 86743
0 1 86744
0 1 86749
0 1 86751
0 1 86752
0 1 86755
0 1 86766
0 1 86768
0 1 86769
0 1 86772
0 1 86775
0 1 86776
0 1 86780
0 1 86782
0 1 86783
0 1 86790
0 1 86791
0 1 86793
0 1 86794
0 1 86795
0 1 86797
0 1 86806
0 1 86807
0 1 86811
0 1 86812
0 1 86815
0 1 86816
0 1 86819
0 1 86824
0 1 86826
0 1 86828
0 1 86829
0 1 86830
0 1 86831
0 1 86833
0 1 86834
0 1 86836
0 1 86840
0 1 86844
0 1 86848
0 1 86851
0 1 86856
0 1 86861
0 1 86862
0 1 86863
0 1 86867
0 1 86868
0 1 86870
0 1 86871
0 1 86875
0 1 86878
0 1 86879
0 1 86881
0 1 86883
0 1 86887
0 1 86894
0 1 86895
0 1 86897
0 1 86898
0 1 86905
0 1 86908
0 1 86919
0 1 86921
0 1 86927
0 1 86928
0 1 86932
0 1 86936
0 1 86938
0 1 86943
0 1 86944
0 1 86947
0 1 86954
0 1 86958
0 1 86959
0 1 86966
0 1 86968
0 1 86969
0 1 86979
0 1 86983
0 1 86985
0 1 86988
0 1 86989
0 1 86991
0 1 86999
0 1 87001
0 1 87005
0 1 87009
0 1 87011
0 1 87012
0 1 87016
0 1 87020
0 1 87023
0 1 87032
0 1 87033
0 1 87035
0 1 87041
0 1 87043
0 1 87044
0 1 87045
0 1 87046
0 1 87048
0 1 87049
0 1 87060
0 1 87061
0 1 87063
0 1 87064
0 1 87065
0 1 87069
0 1 87071
0 1 87078
0 1 87079
0 1 87082
0 1 87087
0 1 87090
0 1 87092
0 1 87095
0 1 87096
0 1 87098
0 1 87102
0 1 87104
0 1 87105
0 1 87106
0 1 87107
0 1 87109
0 1 87111
0 1 87114
0 1 87115
0 1 87116
0 1 87117
0 1 87118
0 1 87119
0 1 87122
0 1 87123
0 1 87129
0 1 87135
0 1 87141
0 1 87142
0 1 87148
0 1 87150
0 1 87153
0 1 87154
0 1 87155
0 1 87161
0 1 87164
0 1 87167
0 1 87168
0 1 87170
0 1 87175
0 1 87177
0 1 87180
0 1 87183
0 1 87184
0 1 87186
0 1 87189
0 1 87193
0 1 87194
0 1 87195
0 1 87197
0 1 87198
0 1 87199
0 1 87201
0 1 87202
0 1 87203
0 1 87206
0 1 87207
0 1 87211
0 1 87214
0 1 87218
0 1 87219
0 1 87225
0 1 87226
0 1 87228
0 1 87229
0 1 87231
0 1 87235
0 1 87248
0 1 87251
0 1 87255
0 1 87258
0 1 87262
0 1 87275
0 1 87281
0 1 87289
0 1 87296
0 1 87298
0 1 87300
0 1 87302
0 1 87305
0 1 87310
0 1 87313
0 1 87314
0 1 87315
0 1 87316
0 1 87320
0 1 87328
0 1 87334
0 1 87335
0 1 87338
0 1 87339
0 1 87342
0 1 87346
0 1 87349
0 1 87359
0 1 87364
0 1 87365
0 1 87374
0 1 87381
0 1 87384
0 1 87387
0 1 87392
0 1 87397
0 1 87401
0 1 87405
0 1 87409
0 1 87411
0 1 87413
0 1 87416
0 1 87417
0 1 87423
0 1 87428
0 1 87431
0 1 87433
0 1 87441
0 1 87445
0 1 87447
0 1 87449
0 1 87451
0 1 87461
0 1 87468
0 1 87470
0 1 87471
0 1 87472
0 1 87473
0 1 87477
0 1 87478
0 1 87482
0 1 87483
0 1 87485
0 1 87489
0 1 87490
0 1 87493
0 1 87494
0 1 87500
0 1 87507
0 1 87513
0 1 87515
0 1 87516
0 1 87517
0 1 87518
0 1 87519
0 1 87524
0 1 87525
0 1 87528
0 1 87531
0 1 87532
0 1 87539
0 1 87540
0 1 87541
0 1 87543
0 1 87546
0 1 87548
0 1 87556
0 1 87567
0 1 87570
0 1 87572
0 1 87574
0 1 87575
0 1 87576
0 1 87579
0 1 87580
0 1 87581
0 1 87592
0 1 87600
0 1 87601
0 1 87604
0 1 87608
0 1 87610
0 1 87612
0 1 87613
0 1 87616
0 1 87619
0 1 87622
0 1 87624
0 1 87628
0 1 87634
0 1 87639
0 1 87641
0 1 87642
0 1 87644
0 1 87651
0 1 87655
0 1 87659
0 1 87665
0 1 87669
0 1 87674
0 1 87675
0 1 87679
0 1 87680
0 1 87683
0 1 87684
0 1 87685
0 1 87688
0 1 87689
0 1 87690
0 1 87692
0 1 87693
0 1 87694
0 1 87702
0 1 87707
0 1 87710
0 1 87712
0 1 87713
0 1 87714
0 1 87715
0 1 87723
0 1 87725
0 1 87728
0 1 87730
0 1 87731
0 1 87747
0 1 87750
0 1 87753
0 1 87764
0 1 87766
0 1 87772
0 1 87773
0 1 87774
0 1 87778
0 1 87784
0 1 87789
0 1 87793
0 1 87794
0 1 87795
0 1 87809
0 1 87810
0 1 87813
0 1 87818
0 1 87822
0 1 87825
0 1 87836
0 1 87839
0 1 87843
0 1 87847
0 1 87848
0 1 87855
0 1 87866
0 1 87870
0 1 87871
0 1 87873
0 1 87880
0 1 87883
0 1 87886
0 1 87888
0 1 87889
0 1 87891
0 1 87892
0 1 87893
0 1 87895
0 1 87896
0 1 87899
0 1 87900
0 1 87908
0 1 87912
0 1 87918
0 1 87922
0 1 87923
0 1 87929
0 1 87936
0 1 87945
0 1 87947
0 1 87953
0 1 87956
0 1 87957
0 1 87965
0 1 87973
0 1 87978
0 1 87983
0 1 87985
0 1 87991
0 1 87995
0 1 87997
0 1 88000
0 1 88004
0 1 88005
0 1 88009
0 1 88020
0 1 88021
0 1 88023
0 1 88024
0 1 88029
0 1 88032
0 1 88037
0 1 88040
0 1 88046
0 1 88047
0 1 88049
0 1 88052
0 1 88059
0 1 88071
0 1 88074
0 1 88076
0 1 88077
0 1 88078
0 1 88082
0 1 88085
0 1 88090
0 1 88092
0 1 88098
0 1 88106
0 1 88109
0 1 88115
0 1 88121
0 1 88122
0 1 88124
0 1 88128
0 1 88132
0 1 88136
0 1 88139
0 1 88145
0 1 88146
0 1 88148
0 1 88149
0 1 88150
0 1 88151
0 1 88153
0 1 88155
0 1 88157
0 1 88158
0 1 88161
0 1 88166
0 1 88170
0 1 88172
0 1 88173
0 1 88174
0 1 88176
0 1 88179
0 1 88182
0 1 88183
0 1 88190
0 1 88195
0 1 88198
0 1 88205
0 1 88206
0 1 88208
0 1 88214
0 1 88220
0 1 88221
0 1 88222
0 1 88223
0 1 88233
0 1 88234
0 1 88235
0 1 88237
0 1 88238
0 1 88241
0 1 88243
0 1 88245
0 1 88246
0 1 88253
0 1 88256
0 1 88259
0 1 88261
0 1 88266
0 1 88269
0 1 88270
0 1 88272
0 1 88276
0 1 88277
0 1 88278
0 1 88287
0 1 88288
0 1 88291
0 1 88301
0 1 88317
0 1 88318
0 1 88321
0 1 88330
0 1 88344
0 1 88346
0 1 88348
0 1 88349
0 1 88353
0 1 88354
0 1 88358
0 1 88359
0 1 88365
0 1 88369
0 1 88372
0 1 88375
0 1 88377
0 1 88380
0 1 88385
0 1 88387
0 1 88390
0 1 88391
0 1 88395
0 1 88402
0 1 88403
0 1 88406
0 1 88410
0 1 88411
0 1 88415
0 1 88417
0 1 88418
0 1 88421
0 1 88424
0 1 88426
0 1 88430
0 1 88439
0 1 88442
0 1 88446
0 1 88447
0 1 88450
0 1 88462
0 1 88466
0 1 88468
0 1 88469
0 1 88471
0 1 88475
0 1 88476
0 1 88479
0 1 88480
0 1 88482
0 1 88486
0 1 88487
0 1 88489
0 1 88493
0 1 88496
0 1 88512
0 1 88515
0 1 88516
0 1 88520
0 1 88525
0 1 88530
0 1 88542
0 1 88549
0 1 88552
0 1 88558
0 1 88561
0 1 88563
0 1 88569
0 1 88573
0 1 88578
0 1 88579
0 1 88585
0 1 88588
0 1 88591
0 1 88592
0 1 88593
0 1 88594
0 1 88596
0 1 88598
0 1 88600
0 1 88602
0 1 88603
0 1 88605
0 1 88606
0 1 88607
0 1 88614
0 1 88622
0 1 88628
0 1 88635
0 1 88638
0 1 88639
0 1 88643
0 1 88650
0 1 88651
0 1 88652
0 1 88658
0 1 88674
0 1 88677
0 1 88678
0 1 88679
0 1 88684
0 1 88687
0 1 88691
0 1 88693
0 1 88694
0 1 88696
0 1 88701
0 1 88708
0 1 88717
0 1 88719
0 1 88721
0 1 88732
0 1 88734
0 1 88735
0 1 88739
0 1 88742
0 1 88743
0 1 88746
0 1 88747
0 1 88751
0 1 88753
0 1 88754
0 1 88756
0 1 88757
0 1 88759
0 1 88761
0 1 88764
0 1 88765
0 1 88769
0 1 88772
0 1 88776
0 1 88781
0 1 88793
0 1 88795
0 1 88797
0 1 88800
0 1 88805
0 1 88806
0 1 88810
0 1 88813
0 1 88814
0 1 88823
0 1 88825
0 1 88827
0 1 88834
0 1 88836
0 1 88839
0 1 88840
0 1 88847
0 1 88848
0 1 88850
0 1 88852
0 1 88856
0 1 88858
0 1 88862
0 1 88866
0 1 88867
0 1 88869
0 1 88872
0 1 88876
0 1 88881
0 1 88882
0 1 88885
0 1 88891
0 1 88892
0 1 88895
0 1 88896
0 1 88897
0 1 88899
0 1 88900
0 1 88901
0 1 88902
0 1 88903
0 1 88905
0 1 88907
0 1 88909
0 1 88921
0 1 88926
0 1 88927
0 1 88928
0 1 88929
0 1 88930
0 1 88936
0 1 88940
0 1 88944
0 1 88946
0 1 88948
0 1 88950
0 1 88953
0 1 88954
0 1 88957
0 1 88961
0 1 88966
0 1 88967
0 1 88968
0 1 88969
0 1 88972
0 1 88979
0 1 88983
0 1 88985
0 1 88986
0 1 88990
0 1 88996
0 1 88997
0 1 88999
0 1 89002
0 1 89003
0 1 89005
0 1 89009
0 1 89011
0 1 89013
0 1 89016
0 1 89018
0 1 89024
0 1 89029
0 1 89030
0 1 89035
0 1 89036
0 1 89038
0 1 89039
0 1 89041
0 1 89046
0 1 89047
0 1 89049
0 1 89050
0 1 89053
0 1 89058
0 1 89060
0 1 89061
0 1 89062
0 1 89064
0 1 89066
0 1 89067
0 1 89068
0 1 89071
0 1 89075
0 1 89076
0 1 89080
0 1 89081
0 1 89095
0 1 89102
0 1 89104
0 1 89107
0 1 89108
0 1 89111
0 1 89113
0 1 89114
0 1 89116
0 1 89125
0 1 89130
0 1 89133
0 1 89139
0 1 89141
0 1 89145
0 1 89146
0 1 89147
0 1 89152
0 1 89153
0 1 89158
0 1 89161
0 1 89163
0 1 89168
0 1 89177
0 1 89179
0 1 89194
0 1 89196
0 1 89198
0 1 89206
0 1 89210
0 1 89212
0 1 89213
0 1 89216
0 1 89217
0 1 89219
0 1 89225
0 1 89229
0 1 89232
0 1 89240
0 1 89241
0 1 89242
0 1 89250
0 1 89253
0 1 89255
0 1 89258
0 1 89259
0 1 89261
0 1 89266
0 1 89267
0 1 89268
0 1 89269
0 1 89274
0 1 89277
0 1 89284
0 1 89289
0 1 89290
0 1 89291
0 1 89296
0 1 89300
0 1 89301
0 1 89305
0 1 89309
0 1 89310
0 1 89316
0 1 89322
0 1 89331
0 1 89337
0 1 89341
0 1 89347
0 1 89350
0 1 89352
0 1 89356
0 1 89360
0 1 89361
0 1 89362
0 1 89363
0 1 89368
0 1 89370
0 1 89372
0 1 89374
0 1 89376
0 1 89377
0 1 89378
0 1 89380
0 1 89382
0 1 89383
0 1 89384
0 1 89386
0 1 89387
0 1 89389
0 1 89390
0 1 89391
0 1 89393
0 1 89397
0 1 89405
0 1 89414
0 1 89417
0 1 89418
0 1 89420
0 1 89424
0 1 89426
0 1 89427
0 1 89429
0 1 89436
0 1 89437
0 1 89440
0 1 89441
0 1 89443
0 1 89448
0 1 89449
0 1 89450
0 1 89453
0 1 89454
0 1 89456
0 1 89457
0 1 89463
0 1 89465
0 1 89467
0 1 89473
0 1 89485
0 1 89486
0 1 89490
0 1 89492
0 1 89499
0 1 89500
0 1 89502
0 1 89506
0 1 89507
0 1 89512
0 1 89513
0 1 89516
0 1 89522
0 1 89524
0 1 89526
0 1 89528
0 1 89530
0 1 89531
0 1 89544
0 1 89547
0 1 89549
0 1 89553
0 1 89554
0 1 89558
0 1 89565
0 1 89566
0 1 89568
0 1 89571
0 1 89574
0 1 89577
0 1 89579
0 1 89581
0 1 89583
0 1 89584
0 1 89588
0 1 89591
0 1 89595
0 1 89607
0 1 89615
0 1 89617
0 1 89618
0 1 89620
0 1 89622
0 1 89629
0 1 89633
0 1 89634
0 1 89636
0 1 89641
0 1 89644
0 1 89647
0 1 89653
0 1 89654
0 1 89656
0 1 89658
0 1 89660
0 1 89665
0 1 89670
0 1 89671
0 1 89675
0 1 89683
0 1 89690
0 1 89692
0 1 89697
0 1 89706
0 1 89707
0 1 89710
0 1 89716
0 1 89718
0 1 89724
0 1 89725
0 1 89726
0 1 89727
0 1 89728
0 1 89729
0 1 89731
0 1 89737
0 1 89743
0 1 89745
0 1 89749
0 1 89756
0 1 89758
0 1 89762
0 1 89768
0 1 89769
0 1 89772
0 1 89773
0 1 89774
0 1 89778
0 1 89779
0 1 89781
0 1 89782
0 1 89787
0 1 89789
0 1 89798
0 1 89799
0 1 89800
0 1 89804
0 1 89807
0 1 89810
0 1 89816
0 1 89818
0 1 89827
0 1 89832
0 1 89839
0 1 89840
0 1 89844
0 1 89845
0 1 89847
0 1 89861
0 1 89863
0 1 89864
0 1 89872
0 1 89873
0 1 89875
0 1 89876
0 1 89878
0 1 89879
0 1 89881
0 1 89884
0 1 89885
0 1 89889
0 1 89892
0 1 89896
0 1 89898
0 1 89900
0 1 89903
0 1 89905
0 1 89914
0 1 89917
0 1 89920
0 1 89921
0 1 89924
0 1 89930
0 1 89933
0 1 89934
0 1 89935
0 1 89936
0 1 89938
0 1 89939
0 1 89946
0 1 89949
0 1 89953
0 1 89957
0 1 89959
0 1 89960
0 1 89962
0 1 89964
0 1 89967
0 1 89969
0 1 89970
0 1 89972
0 1 89975
0 1 89976
0 1 89978
0 1 89979
0 1 89980
0 1 89984
0 1 89985
0 1 89989
0 1 89995
0 1 89996
0 1 89998
0 1 90000
0 1 90002
0 1 90004
0 1 90007
0 1 90008
0 1 90011
0 1 90016
0 1 90020
0 1 90032
0 1 90034
0 1 90035
0 1 90038
0 1 90042
0 1 90044
0 1 90046
0 1 90052
0 1 90053
0 1 90055
0 1 90058
0 1 90060
0 1 90062
0 1 90064
0 1 90070
0 1 90071
0 1 90076
0 1 90078
0 1 90080
0 1 90083
0 1 90085
0 1 90086
0 1 90088
0 1 90089
0 1 90090
0 1 90094
0 1 90096
0 1 90103
0 1 90105
0 1 90106
0 1 90108
0 1 90114
0 1 90121
0 1 90127
0 1 90129
0 1 90130
0 1 90135
0 1 90138
0 1 90140
0 1 90141
0 1 90144
0 1 90147
0 1 90148
0 1 90149
0 1 90150
0 1 90156
0 1 90159
0 1 90161
0 1 90165
0 1 90170
0 1 90179
0 1 90180
0 1 90182
0 1 90184
0 1 90185
0 1 90186
0 1 90189
0 1 90191
0 1 90192
0 1 90195
0 1 90198
0 1 90200
0 1 90203
0 1 90209
0 1 90210
0 1 90212
0 1 90214
0 1 90216
0 1 90221
0 1 90223
0 1 90224
0 1 90226
0 1 90229
0 1 90231
0 1 90233
0 1 90236
0 1 90239
0 1 90240
0 1 90243
0 1 90244
0 1 90248
0 1 90249
0 1 90252
0 1 90256
0 1 90265
0 1 90266
0 1 90278
0 1 90279
0 1 90280
0 1 90286
0 1 90288
0 1 90289
0 1 90290
0 1 90292
0 1 90296
0 1 90307
0 1 90310
0 1 90311
0 1 90312
0 1 90315
0 1 90316
0 1 90317
0 1 90318
0 1 90319
0 1 90332
0 1 90335
0 1 90340
0 1 90344
0 1 90346
0 1 90354
0 1 90355
0 1 90363
0 1 90364
0 1 90365
0 1 90372
0 1 90373
0 1 90377
0 1 90389
0 1 90398
0 1 90406
0 1 90407
0 1 90409
0 1 90413
0 1 90414
0 1 90415
0 1 90416
0 1 90418
0 1 90421
0 1 90427
0 1 90428
0 1 90429
0 1 90430
0 1 90433
0 1 90439
0 1 90441
0 1 90447
0 1 90453
0 1 90455
0 1 90461
0 1 90463
0 1 90469
0 1 90473
0 1 90477
0 1 90480
0 1 90483
0 1 90484
0 1 90490
0 1 90492
0 1 90494
0 1 90499
0 1 90500
0 1 90503
0 1 90508
0 1 90509
0 1 90510
0 1 90513
0 1 90522
0 1 90525
0 1 90526
0 1 90534
0 1 90538
0 1 90540
0 1 90544
0 1 90545
0 1 90547
0 1 90548
0 1 90550
0 1 90551
0 1 90554
0 1 90558
0 1 90563
0 1 90566
0 1 90567
0 1 90570
0 1 90571
0 1 90576
0 1 90582
0 1 90583
0 1 90587
0 1 90592
0 1 90594
0 1 90599
0 1 90600
0 1 90609
0 1 90610
0 1 90613
0 1 90614
0 1 90616
0 1 90617
0 1 90624
0 1 90627
0 1 90629
0 1 90630
0 1 90635
0 1 90636
0 1 90638
0 1 90644
0 1 90655
0 1 90660
0 1 90662
0 1 90663
0 1 90664
0 1 90668
0 1 90672
0 1 90673
0 1 90681
0 1 90683
0 1 90686
0 1 90690
0 1 90692
0 1 90693
0 1 90696
0 1 90710
0 1 90717
0 1 90719
0 1 90720
0 1 90722
0 1 90735
0 1 90738
0 1 90741
0 1 90742
0 1 90743
0 1 90744
0 1 90747
0 1 90748
0 1 90749
0 1 90750
0 1 90752
0 1 90755
0 1 90757
0 1 90760
0 1 90768
0 1 90772
0 1 90783
0 1 90792
0 1 90793
0 1 90799
0 1 90810
0 1 90812
0 1 90815
0 1 90822
0 1 90825
0 1 90827
0 1 90831
0 1 90835
0 1 90841
0 1 90842
0 1 90843
0 1 90845
0 1 90854
0 1 90855
0 1 90860
0 1 90871
0 1 90872
0 1 90874
0 1 90877
0 1 90878
0 1 90885
0 1 90889
0 1 90891
0 1 90897
0 1 90899
0 1 90902
0 1 90905
0 1 90906
0 1 90909
0 1 90910
0 1 90912
0 1 90914
0 1 90915
0 1 90916
0 1 90917
0 1 90922
0 1 90927
0 1 90939
0 1 90942
0 1 90945
0 1 90950
0 1 90952
0 1 90953
0 1 90955
0 1 90962
0 1 90971
0 1 90973
0 1 90974
0 1 90981
0 1 90987
0 1 90989
0 1 90990
0 1 90991
0 1 90992
0 1 90994
0 1 90998
0 1 91007
0 1 91010
0 1 91014
0 1 91017
0 1 91020
0 1 91022
0 1 91024
0 1 91025
0 1 91027
0 1 91033
0 1 91040
0 1 91042
0 1 91043
0 1 91048
0 1 91051
0 1 91053
0 1 91055
0 1 91056
0 1 91063
0 1 91066
0 1 91067
0 1 91073
0 1 91077
0 1 91079
0 1 91080
0 1 91082
0 1 91087
0 1 91093
0 1 91106
0 1 91109
0 1 91123
0 1 91127
0 1 91132
0 1 91135
0 1 91136
0 1 91138
0 1 91139
0 1 91140
0 1 91141
0 1 91142
0 1 91149
0 1 91156
0 1 91157
0 1 91159
0 1 91164
0 1 91173
0 1 91174
0 1 91181
0 1 91183
0 1 91191
0 1 91192
0 1 91193
0 1 91195
0 1 91198
0 1 91204
0 1 91209
0 1 91217
0 1 91226
0 1 91227
0 1 91233
0 1 91234
0 1 91239
0 1 91245
0 1 91246
0 1 91250
0 1 91258
0 1 91261
0 1 91262
0 1 91266
0 1 91267
0 1 91270
0 1 91276
0 1 91277
0 1 91279
0 1 91280
0 1 91282
0 1 91285
0 1 91287
0 1 91289
0 1 91290
0 1 91291
0 1 91294
0 1 91297
0 1 91298
0 1 91299
0 1 91308
0 1 91311
0 1 91314
0 1 91322
0 1 91323
0 1 91324
0 1 91326
0 1 91328
0 1 91332
0 1 91333
0 1 91337
0 1 91339
0 1 91342
0 1 91349
0 1 91350
0 1 91359
0 1 91363
0 1 91365
0 1 91367
0 1 91368
0 1 91371
0 1 91373
0 1 91378
0 1 91380
0 1 91383
0 1 91388
0 1 91393
0 1 91399
0 1 91400
0 1 91401
0 1 91405
0 1 91407
0 1 91409
0 1 91410
0 1 91414
0 1 91417
0 1 91425
0 1 91426
0 1 91433
0 1 91435
0 1 91442
0 1 91443
0 1 91446
0 1 91451
0 1 91454
0 1 91457
0 1 91458
0 1 91460
0 1 91461
0 1 91462
0 1 91463
0 1 91464
0 1 91478
0 1 91479
0 1 91480
0 1 91485
0 1 91486
0 1 91487
0 1 91495
0 1 91500
0 1 91502
0 1 91507
0 1 91508
0 1 91512
0 1 91513
0 1 91515
0 1 91516
0 1 91518
0 1 91524
0 1 91528
0 1 91529
0 1 91539
0 1 91540
0 1 91544
0 1 91545
0 1 91549
0 1 91560
0 1 91561
0 1 91562
0 1 91564
0 1 91565
0 1 91572
0 1 91576
0 1 91579
0 1 91585
0 1 91587
0 1 91589
0 1 91591
0 1 91599
0 1 91600
0 1 91601
0 1 91604
0 1 91619
0 1 91620
0 1 91623
0 1 91624
0 1 91625
0 1 91626
0 1 91635
0 1 91639
0 1 91641
0 1 91642
0 1 91644
0 1 91646
0 1 91652
0 1 91656
0 1 91658
0 1 91667
0 1 91675
0 1 91677
0 1 91678
0 1 91680
0 1 91682
0 1 91684
0 1 91687
0 1 91702
0 1 91706
0 1 91707
0 1 91709
0 1 91715
0 1 91730
0 1 91735
0 1 91745
0 1 91748
0 1 91755
0 1 91757
0 1 91758
0 1 91762
0 1 91764
0 1 91765
0 1 91768
0 1 91772
0 1 91774
0 1 91776
0 1 91782
0 1 91785
0 1 91788
0 1 91790
0 1 91791
0 1 91794
0 1 91795
0 1 91797
0 1 91799
0 1 91802
0 1 91803
0 1 91811
0 1 91812
0 1 91817
0 1 91827
0 1 91830
0 1 91834
0 1 91850
0 1 91851
0 1 91853
0 1 91861
0 1 91875
0 1 91877
0 1 91880
0 1 91888
0 1 91894
0 1 91895
0 1 91905
0 1 91922
0 1 91923
0 1 91926
0 1 91929
0 1 91930
0 1 91932
0 1 91933
0 1 91937
0 1 91939
0 1 91940
0 1 91941
0 1 91943
0 1 91948
0 1 91951
0 1 91952
0 1 91955
0 1 91957
0 1 91959
0 1 91960
0 1 91962
0 1 91965
0 1 91966
0 1 91976
0 1 91983
0 1 91986
0 1 91987
0 1 91990
0 1 91991
0 1 91993
0 1 91996
0 1 92004
0 1 92005
0 1 92009
0 1 92013
0 1 92016
0 1 92018
0 1 92020
0 1 92022
0 1 92024
0 1 92034
0 1 92035
0 1 92036
0 1 92042
0 1 92045
0 1 92046
0 1 92049
0 1 92050
0 1 92052
0 1 92057
0 1 92059
0 1 92061
0 1 92063
0 1 92069
0 1 92078
0 1 92087
0 1 92088
0 1 92092
0 1 92095
0 1 92099
0 1 92100
0 1 92103
0 1 92104
0 1 92106
0 1 92110
0 1 92111
0 1 92113
0 1 92120
0 1 92121
0 1 92123
0 1 92125
0 1 92130
0 1 92132
0 1 92138
0 1 92139
0 1 92142
0 1 92148
0 1 92155
0 1 92161
0 1 92163
0 1 92169
0 1 92172
0 1 92173
0 1 92175
0 1 92176
0 1 92178
0 1 92179
0 1 92182
0 1 92185
0 1 92190
0 1 92191
0 1 92192
0 1 92195
0 1 92196
0 1 92198
0 1 92199
0 1 92200
0 1 92201
0 1 92202
0 1 92204
0 1 92206
0 1 92209
0 1 92210
0 1 92211
0 1 92214
0 1 92220
0 1 92224
0 1 92229
0 1 92234
0 1 92242
0 1 92243
0 1 92244
0 1 92245
0 1 92246
0 1 92250
0 1 92251
0 1 92253
0 1 92258
0 1 92260
0 1 92264
0 1 92265
0 1 92267
0 1 92269
0 1 92272
0 1 92273
0 1 92276
0 1 92280
0 1 92296
0 1 92298
0 1 92300
0 1 92301
0 1 92308
0 1 92311
0 1 92314
0 1 92318
0 1 92319
0 1 92327
0 1 92330
0 1 92333
0 1 92334
0 1 92336
0 1 92346
0 1 92354
0 1 92359
0 1 92362
0 1 92363
0 1 92364
0 1 92365
0 1 92370
0 1 92371
0 1 92373
0 1 92375
0 1 92377
0 1 92378
0 1 92380
0 1 92386
0 1 92387
0 1 92392
0 1 92394
0 1 92395
0 1 92397
0 1 92399
0 1 92404
0 1 92406
0 1 92409
0 1 92414
0 1 92415
0 1 92422
0 1 92430
0 1 92436
0 1 92439
0 1 92444
0 1 92446
0 1 92447
0 1 92448
0 1 92449
0 1 92450
0 1 92452
0 1 92453
0 1 92454
0 1 92456
0 1 92458
0 1 92462
0 1 92470
0 1 92472
0 1 92475
0 1 92476
0 1 92477
0 1 92479
0 1 92484
0 1 92485
0 1 92489
0 1 92494
0 1 92495
0 1 92499
0 1 92500
0 1 92502
0 1 92504
0 1 92505
0 1 92514
0 1 92516
0 1 92519
0 1 92523
0 1 92529
0 1 92530
0 1 92532
0 1 92535
0 1 92537
0 1 92538
0 1 92541
0 1 92546
0 1 92548
0 1 92550
0 1 92554
0 1 92557
0 1 92558
0 1 92559
0 1 92560
0 1 92561
0 1 92565
0 1 92566
0 1 92568
0 1 92575
0 1 92590
0 1 92592
0 1 92593
0 1 92594
0 1 92595
0 1 92597
0 1 92598
0 1 92601
0 1 92602
0 1 92606
0 1 92615
0 1 92620
0 1 92625
0 1 92632
0 1 92635
0 1 92639
0 1 92642
0 1 92643
0 1 92650
0 1 92654
0 1 92658
0 1 92659
0 1 92660
0 1 92662
0 1 92667
0 1 92676
0 1 92680
0 1 92688
0 1 92694
0 1 92695
0 1 92698
0 1 92700
0 1 92705
0 1 92706
0 1 92707
0 1 92711
0 1 92717
0 1 92721
0 1 92734
0 1 92738
0 1 92740
0 1 92746
0 1 92747
0 1 92749
0 1 92751
0 1 92753
0 1 92755
0 1 92758
0 1 92760
0 1 92761
0 1 92764
0 1 92766
0 1 92773
0 1 92775
0 1 92780
0 1 92783
0 1 92787
0 1 92793
0 1 92794
0 1 92796
0 1 92799
0 1 92800
0 1 92803
0 1 92811
0 1 92812
0 1 92827
0 1 92828
0 1 92833
0 1 92835
0 1 92838
0 1 92842
0 1 92843
0 1 92844
0 1 92845
0 1 92846
0 1 92848
0 1 92851
0 1 92855
0 1 92858
0 1 92861
0 1 92862
0 1 92864
0 1 92870
0 1 92872
0 1 92873
0 1 92877
0 1 92879
0 1 92880
0 1 92887
0 1 92890
0 1 92892
0 1 92893
0 1 92897
0 1 92900
0 1 92904
0 1 92908
0 1 92910
0 1 92911
0 1 92914
0 1 92916
0 1 92917
0 1 92919
0 1 92921
0 1 92922
0 1 92935
0 1 92936
0 1 92939
0 1 92941
0 1 92944
0 1 92947
0 1 92951
0 1 92954
0 1 92956
0 1 92957
0 1 92959
0 1 92961
0 1 92966
0 1 92969
0 1 92971
0 1 92972
0 1 92977
0 1 92978
0 1 92982
0 1 92991
0 1 92999
0 1 93003
0 1 93006
0 1 93011
0 1 93012
0 1 93017
0 1 93025
0 1 93026
0 1 93027
0 1 93030
0 1 93035
0 1 93038
0 1 93043
0 1 93044
0 1 93048
0 1 93049
0 1 93056
0 1 93060
0 1 93061
0 1 93073
0 1 93076
0 1 93077
0 1 93079
0 1 93083
0 1 93092
0 1 93094
0 1 93095
0 1 93100
0 1 93101
0 1 93105
0 1 93108
0 1 93114
0 1 93118
0 1 93125
0 1 93129
0 1 93130
0 1 93132
0 1 93135
0 1 93141
0 1 93143
0 1 93146
0 1 93147
0 1 93149
0 1 93151
0 1 93153
0 1 93158
0 1 93159
0 1 93160
0 1 93164
0 1 93165
0 1 93166
0 1 93168
0 1 93169
0 1 93176
0 1 93183
0 1 93185
0 1 93190
0 1 93191
0 1 93197
0 1 93198
0 1 93201
0 1 93205
0 1 93206
0 1 93209
0 1 93212
0 1 93216
0 1 93222
0 1 93226
0 1 93227
0 1 93228
0 1 93231
0 1 93232
0 1 93233
0 1 93240
0 1 93241
0 1 93243
0 1 93246
0 1 93247
0 1 93249
0 1 93256
0 1 93260
0 1 93268
0 1 93269
0 1 93272
0 1 93275
0 1 93276
0 1 93284
0 1 93286
0 1 93291
0 1 93292
0 1 93294
0 1 93296
0 1 93298
0 1 93300
0 1 93301
0 1 93302
0 1 93303
0 1 93304
0 1 93306
0 1 93307
0 1 93313
0 1 93315
0 1 93316
0 1 93318
0 1 93322
0 1 93323
0 1 93326
0 1 93328
0 1 93329
0 1 93331
0 1 93333
0 1 93340
0 1 93344
0 1 93347
0 1 93352
0 1 93353
0 1 93354
0 1 93357
0 1 93360
0 1 93364
0 1 93367
0 1 93371
0 1 93377
0 1 93378
0 1 93390
0 1 93392
0 1 93394
0 1 93395
0 1 93396
0 1 93398
0 1 93400
0 1 93402
0 1 93410
0 1 93411
0 1 93415
0 1 93422
0 1 93429
0 1 93432
0 1 93434
0 1 93439
0 1 93441
0 1 93447
0 1 93452
0 1 93454
0 1 93457
0 1 93458
0 1 93459
0 1 93460
0 1 93463
0 1 93469
0 1 93487
0 1 93495
0 1 93498
0 1 93502
0 1 93503
0 1 93505
0 1 93507
0 1 93508
0 1 93509
0 1 93512
0 1 93513
0 1 93514
0 1 93521
0 1 93524
0 1 93532
0 1 93536
0 1 93537
0 1 93541
0 1 93542
0 1 93547
0 1 93548
0 1 93550
0 1 93556
0 1 93557
0 1 93558
0 1 93568
0 1 93573
0 1 93574
0 1 93575
0 1 93581
0 1 93583
0 1 93592
0 1 93594
0 1 93602
0 1 93603
0 1 93606
0 1 93617
0 1 93621
0 1 93622
0 1 93626
0 1 93629
0 1 93637
0 1 93639
0 1 93645
0 1 93646
0 1 93647
0 1 93650
0 1 93653
0 1 93657
0 1 93660
0 1 93662
0 1 93663
0 1 93666
0 1 93667
0 1 93668
0 1 93671
0 1 93675
0 1 93679
0 1 93681
0 1 93683
0 1 93685
0 1 93690
0 1 93691
0 1 93693
0 1 93694
0 1 93699
0 1 93703
0 1 93709
0 1 93711
0 1 93716
0 1 93717
0 1 93720
0 1 93721
0 1 93726
0 1 93728
0 1 93731
0 1 93733
0 1 93735
0 1 93744
0 1 93745
0 1 93754
0 1 93764
0 1 93774
0 1 93778
0 1 93779
0 1 93780
0 1 93781
0 1 93786
0 1 93790
0 1 93791
0 1 93792
0 1 93797
0 1 93799
0 1 93803
0 1 93805
0 1 93806
0 1 93807
0 1 93809
0 1 93811
0 1 93812
0 1 93816
0 1 93818
0 1 93823
0 1 93824
0 1 93831
0 1 93839
0 1 93842
0 1 93843
0 1 93846
0 1 93847
0 1 93857
0 1 93858
0 1 93865
0 1 93866
0 1 93869
0 1 93870
0 1 93872
0 1 93873
0 1 93877
0 1 93878
0 1 93882
0 1 93884
0 1 93885
0 1 93888
0 1 93890
0 1 93896
0 1 93898
0 1 93904
0 1 93905
0 1 93908
0 1 93911
0 1 93912
0 1 93918
0 1 93920
0 1 93923
0 1 93924
0 1 93927
0 1 93932
0 1 93938
0 1 93942
0 1 93946
0 1 93947
0 1 93952
0 1 93953
0 1 93955
0 1 93956
0 1 93962
0 1 93970
0 1 93975
0 1 93979
0 1 93980
0 1 93983
0 1 93984
0 1 93985
0 1 93990
0 1 93999
0 1 94004
0 1 94007
0 1 94010
0 1 94011
0 1 94016
0 1 94017
0 1 94019
0 1 94020
0 1 94024
0 1 94027
0 1 94030
0 1 94032
0 1 94033
0 1 94041
0 1 94047
0 1 94055
0 1 94057
0 1 94058
0 1 94060
0 1 94063
0 1 94065
0 1 94066
0 1 94068
0 1 94070
0 1 94072
0 1 94073
0 1 94075
0 1 94077
0 1 94081
0 1 94082
0 1 94083
0 1 94086
0 1 94089
0 1 94092
0 1 94094
0 1 94096
0 1 94097
0 1 94098
0 1 94102
0 1 94103
0 1 94109
0 1 94110
0 1 94111
0 1 94115
0 1 94116
0 1 94118
0 1 94119
0 1 94122
0 1 94132
0 1 94134
0 1 94136
0 1 94140
0 1 94145
0 1 94155
0 1 94156
0 1 94158
0 1 94160
0 1 94162
0 1 94166
0 1 94169
0 1 94171
0 1 94178
0 1 94179
0 1 94191
0 1 94192
0 1 94194
0 1 94195
0 1 94199
0 1 94201
0 1 94207
0 1 94217
0 1 94220
0 1 94225
0 1 94228
0 1 94239
0 1 94243
0 1 94252
0 1 94253
0 1 94255
0 1 94256
0 1 94258
0 1 94260
0 1 94265
0 1 94271
0 1 94275
0 1 94279
0 1 94280
0 1 94284
0 1 94290
0 1 94297
0 1 94301
0 1 94305
0 1 94308
0 1 94310
0 1 94311
0 1 94312
0 1 94315
0 1 94322
0 1 94323
0 1 94327
0 1 94328
0 1 94330
0 1 94332
0 1 94345
0 1 94348
0 1 94349
0 1 94350
0 1 94353
0 1 94358
0 1 94360
0 1 94363
0 1 94364
0 1 94372
0 1 94376
0 1 94378
0 1 94379
0 1 94380
0 1 94381
0 1 94382
0 1 94383
0 1 94390
0 1 94391
0 1 94392
0 1 94394
0 1 94395
0 1 94399
0 1 94401
0 1 94407
0 1 94409
0 1 94416
0 1 94418
0 1 94419
0 1 94420
0 1 94423
0 1 94427
0 1 94428
0 1 94433
0 1 94438
0 1 94441
0 1 94443
0 1 94445
0 1 94446
0 1 94449
0 1 94453
0 1 94454
0 1 94455
0 1 94458
0 1 94461
0 1 94467
0 1 94469
0 1 94474
0 1 94479
0 1 94481
0 1 94482
0 1 94487
0 1 94488
0 1 94491
0 1 94496
0 1 94497
0 1 94505
0 1 94507
0 1 94509
0 1 94511
0 1 94513
0 1 94516
0 1 94517
0 1 94520
0 1 94526
0 1 94534
0 1 94535
0 1 94538
0 1 94540
0 1 94542
0 1 94546
0 1 94549
0 1 94556
0 1 94561
0 1 94563
0 1 94564
0 1 94567
0 1 94571
0 1 94577
0 1 94580
0 1 94581
0 1 94587
0 1 94590
0 1 94595
0 1 94596
0 1 94601
0 1 94602
0 1 94605
0 1 94606
0 1 94609
0 1 94613
0 1 94614
0 1 94616
0 1 94620
0 1 94621
0 1 94623
0 1 94625
0 1 94631
0 1 94633
0 1 94635
0 1 94639
0 1 94641
0 1 94649
0 1 94651
0 1 94652
0 1 94654
0 1 94656
0 1 94658
0 1 94659
0 1 94661
0 1 94662
0 1 94663
0 1 94667
0 1 94671
0 1 94672
0 1 94683
0 1 94685
0 1 94686
0 1 94691
0 1 94692
0 1 94695
0 1 94702
0 1 94712
0 1 94713
0 1 94715
0 1 94718
0 1 94721
0 1 94722
0 1 94727
0 1 94731
0 1 94735
0 1 94738
0 1 94742
0 1 94744
0 1 94752
0 1 94753
0 1 94759
0 1 94760
0 1 94762
0 1 94765
0 1 94766
0 1 94767
0 1 94769
0 1 94773
0 1 94774
0 1 94776
0 1 94780
0 1 94781
0 1 94791
0 1 94794
0 1 94798
0 1 94799
0 1 94803
0 1 94804
0 1 94810
0 1 94811
0 1 94813
0 1 94818
0 1 94822
0 1 94823
0 1 94828
0 1 94829
0 1 94830
0 1 94834
0 1 94836
0 1 94846
0 1 94848
0 1 94849
0 1 94851
0 1 94852
0 1 94855
0 1 94857
0 1 94866
0 1 94869
0 1 94873
0 1 94876
0 1 94881
0 1 94883
0 1 94886
0 1 94887
0 1 94888
0 1 94889
0 1 94894
0 1 94896
0 1 94897
0 1 94898
0 1 94908
0 1 94910
0 1 94911
0 1 94912
0 1 94913
0 1 94921
0 1 94922
0 1 94924
0 1 94927
0 1 94928
0 1 94930
0 1 94932
0 1 94933
0 1 94937
0 1 94942
0 1 94943
0 1 94948
0 1 94951
0 1 94954
0 1 94955
0 1 94957
0 1 94962
0 1 94967
0 1 94971
0 1 94975
0 1 94976
0 1 94977
0 1 94978
0 1 94993
0 1 95000
0 1 95016
0 1 95018
0 1 95019
0 1 95023
0 1 95027
0 1 95031
0 1 95032
0 1 95036
0 1 95037
0 1 95041
0 1 95043
0 1 95049
0 1 95052
0 1 95058
0 1 95063
0 1 95065
0 1 95069
0 1 95070
0 1 95071
0 1 95073
0 1 95074
0 1 95078
0 1 95080
0 1 95082
0 1 95084
0 1 95087
0 1 95089
0 1 95092
0 1 95093
0 1 95096
0 1 95097
0 1 95103
0 1 95106
0 1 95112
0 1 95120
0 1 95129
0 1 95136
0 1 95139
0 1 95141
0 1 95142
0 1 95144
0 1 95145
0 1 95147
0 1 95148
0 1 95151
0 1 95152
0 1 95158
0 1 95169
0 1 95170
0 1 95172
0 1 95181
0 1 95186
0 1 95193
0 1 95200
0 1 95204
0 1 95213
0 1 95219
0 1 95228
0 1 95231
0 1 95234
0 1 95235
0 1 95239
0 1 95240
0 1 95243
0 1 95244
0 1 95247
0 1 95257
0 1 95261
0 1 95265
0 1 95266
0 1 95268
0 1 95270
0 1 95272
0 1 95273
0 1 95275
0 1 95278
0 1 95285
0 1 95290
0 1 95295
0 1 95297
0 1 95298
0 1 95299
0 1 95300
0 1 95302
0 1 95307
0 1 95308
0 1 95313
0 1 95314
0 1 95316
0 1 95317
0 1 95318
0 1 95319
0 1 95320
0 1 95324
0 1 95325
0 1 95328
0 1 95335
0 1 95341
0 1 95345
0 1 95349
0 1 95352
0 1 95353
0 1 95356
0 1 95361
0 1 95364
0 1 95369
0 1 95370
0 1 95371
0 1 95373
0 1 95376
0 1 95378
0 1 95380
0 1 95382
0 1 95388
0 1 95391
0 1 95392
0 1 95395
0 1 95401
0 1 95403
0 1 95408
0 1 95410
0 1 95414
0 1 95417
0 1 95418
0 1 95419
0 1 95428
0 1 95436
0 1 95439
0 1 95441
0 1 95442
0 1 95443
0 1 95450
0 1 95453
0 1 95458
0 1 95461
0 1 95463
0 1 95474
0 1 95475
0 1 95483
0 1 95484
0 1 95491
0 1 95494
0 1 95495
0 1 95499
0 1 95500
0 1 95502
0 1 95508
0 1 95509
0 1 95510
0 1 95515
0 1 95516
0 1 95518
0 1 95521
0 1 95524
0 1 95526
0 1 95528
0 1 95529
0 1 95530
0 1 95531
0 1 95532
0 1 95538
0 1 95539
0 1 95544
0 1 95545
0 1 95547
0 1 95549
0 1 95554
0 1 95555
0 1 95557
0 1 95560
0 1 95562
0 1 95563
0 1 95564
0 1 95567
0 1 95568
0 1 95573
0 1 95582
0 1 95586
0 1 95589
0 1 95592
0 1 95597
0 1 95598
0 1 95599
0 1 95604
0 1 95605
0 1 95607
0 1 95610
0 1 95611
0 1 95613
0 1 95620
0 1 95631
0 1 95632
0 1 95633
0 1 95634
0 1 95636
0 1 95639
0 1 95648
0 1 95654
0 1 95657
0 1 95664
0 1 95668
0 1 95681
0 1 95684
0 1 95686
0 1 95693
0 1 95696
0 1 95702
0 1 95704
0 1 95713
0 1 95714
0 1 95715
0 1 95716
0 1 95722
0 1 95725
0 1 95727
0 1 95734
0 1 95736
0 1 95738
0 1 95750
0 1 95751
0 1 95764
0 1 95767
0 1 95773
0 1 95774
0 1 95782
0 1 95784
0 1 95785
0 1 95790
0 1 95792
0 1 95795
0 1 95799
0 1 95800
0 1 95802
0 1 95803
0 1 95804
0 1 95806
0 1 95809
0 1 95811
0 1 95813
0 1 95814
0 1 95815
0 1 95818
0 1 95824
0 1 95837
0 1 95838
0 1 95841
0 1 95847
0 1 95853
0 1 95855
0 1 95861
0 1 95864
0 1 95865
0 1 95868
0 1 95869
0 1 95871
0 1 95875
0 1 95877
0 1 95879
0 1 95881
0 1 95887
0 1 95893
0 1 95908
0 1 95910
0 1 95912
0 1 95916
0 1 95918
0 1 95920
0 1 95921
0 1 95928
0 1 95930
0 1 95934
0 1 95938
0 1 95939
0 1 95942
0 1 95945
0 1 95947
0 1 95948
0 1 95960
0 1 95967
0 1 95968
0 1 95970
0 1 95974
0 1 95975
0 1 95978
0 1 95979
0 1 95981
0 1 95983
0 1 95984
0 1 95986
0 1 95994
0 1 95999
0 1 96004
0 1 96006
0 1 96010
0 1 96012
0 1 96017
0 1 96018
0 1 96020
0 1 96033
0 1 96035
0 1 96036
0 1 96038
0 1 96039
0 1 96040
0 1 96042
0 1 96046
0 1 96049
0 1 96052
0 1 96053
0 1 96057
0 1 96061
0 1 96066
0 1 96074
0 1 96077
0 1 96081
0 1 96087
0 1 96094
0 1 96097
0 1 96101
0 1 96103
0 1 96105
0 1 96108
0 1 96109
0 1 96114
0 1 96119
0 1 96123
0 1 96131
0 1 96132
0 1 96135
0 1 96139
0 1 96141
0 1 96153
0 1 96154
0 1 96156
0 1 96164
0 1 96167
0 1 96171
0 1 96175
0 1 96180
0 1 96183
0 1 96186
0 1 96196
0 1 96201
0 1 96205
0 1 96209
0 1 96213
0 1 96215
0 1 96227
0 1 96228
0 1 96233
0 1 96239
0 1 96248
0 1 96249
0 1 96252
0 1 96253
0 1 96261
0 1 96264
0 1 96267
0 1 96270
0 1 96271
0 1 96274
0 1 96275
0 1 96277
0 1 96281
0 1 96284
0 1 96286
0 1 96290
0 1 96294
0 1 96301
0 1 96302
0 1 96307
0 1 96309
0 1 96311
0 1 96313
0 1 96314
0 1 96317
0 1 96318
0 1 96320
0 1 96324
0 1 96329
0 1 96331
0 1 96332
0 1 96336
0 1 96342
0 1 96346
0 1 96347
0 1 96356
0 1 96365
0 1 96367
0 1 96378
0 1 96379
0 1 96383
0 1 96385
0 1 96389
0 1 96390
0 1 96392
0 1 96393
0 1 96394
0 1 96396
0 1 96398
0 1 96400
0 1 96412
0 1 96414
0 1 96416
0 1 96419
0 1 96424
0 1 96427
0 1 96428
0 1 96434
0 1 96436
0 1 96447
0 1 96449
0 1 96451
0 1 96453
0 1 96461
0 1 96468
0 1 96470
0 1 96472
0 1 96476
0 1 96477
0 1 96482
0 1 96485
0 1 96488
0 1 96489
0 1 96492
0 1 96493
0 1 96494
0 1 96499
0 1 96502
0 1 96508
0 1 96516
0 1 96517
0 1 96519
0 1 96522
0 1 96525
0 1 96532
0 1 96534
0 1 96537
0 1 96543
0 1 96544
0 1 96552
0 1 96553
0 1 96554
0 1 96560
0 1 96565
0 1 96569
0 1 96570
0 1 96571
0 1 96577
0 1 96581
0 1 96586
0 1 96587
0 1 96589
0 1 96592
0 1 96594
0 1 96601
0 1 96604
0 1 96605
0 1 96615
0 1 96616
0 1 96620
0 1 96621
0 1 96624
0 1 96625
0 1 96626
0 1 96629
0 1 96630
0 1 96636
0 1 96638
0 1 96640
0 1 96641
0 1 96645
0 1 96646
0 1 96649
0 1 96657
0 1 96661
0 1 96667
0 1 96668
0 1 96673
0 1 96684
0 1 96688
0 1 96689
0 1 96690
0 1 96695
0 1 96696
0 1 96704
0 1 96706
0 1 96707
0 1 96713
0 1 96719
0 1 96722
0 1 96725
0 1 96726
0 1 96729
0 1 96732
0 1 96739
0 1 96744
0 1 96747
0 1 96751
0 1 96753
0 1 96759
0 1 96761
0 1 96763
0 1 96764
0 1 96767
0 1 96768
0 1 96772
0 1 96773
0 1 96775
0 1 96777
0 1 96779
0 1 96782
0 1 96783
0 1 96784
0 1 96785
0 1 96790
0 1 96791
0 1 96793
0 1 96798
0 1 96799
0 1 96801
0 1 96809
0 1 96814
0 1 96815
0 1 96819
0 1 96820
0 1 96823
0 1 96825
0 1 96826
0 1 96829
0 1 96835
0 1 96837
0 1 96839
0 1 96840
0 1 96841
0 1 96842
0 1 96845
0 1 96846
0 1 96847
0 1 96849
0 1 96851
0 1 96864
0 1 96870
0 1 96871
0 1 96872
0 1 96873
0 1 96877
0 1 96880
0 1 96882
0 1 96883
0 1 96887
0 1 96888
0 1 96889
0 1 96890
0 1 96892
0 1 96895
0 1 96910
0 1 96911
0 1 96916
0 1 96917
0 1 96920
0 1 96921
0 1 96923
0 1 96924
0 1 96926
0 1 96927
0 1 96928
0 1 96930
0 1 96931
0 1 96937
0 1 96939
0 1 96942
0 1 96946
0 1 96949
0 1 96952
0 1 96961
0 1 96967
0 1 96968
0 1 96969
0 1 96971
0 1 96973
0 1 96974
0 1 96983
0 1 96989
0 1 96992
0 1 97003
0 1 97009
0 1 97012
0 1 97013
0 1 97016
0 1 97021
0 1 97029
0 1 97034
0 1 97036
0 1 97038
0 1 97041
0 1 97047
0 1 97049
0 1 97052
0 1 97058
0 1 97061
0 1 97062
0 1 97063
0 1 97068
0 1 97072
0 1 97076
0 1 97083
0 1 97092
0 1 97101
0 1 97105
0 1 97111
0 1 97112
0 1 97114
0 1 97123
0 1 97124
0 1 97129
0 1 97130
0 1 97134
0 1 97135
0 1 97136
0 1 97140
0 1 97141
0 1 97142
0 1 97144
0 1 97145
0 1 97152
0 1 97155
0 1 97157
0 1 97161
0 1 97163
0 1 97164
0 1 97165
0 1 97166
0 1 97172
0 1 97173
0 1 97187
0 1 97190
0 1 97192
0 1 97193
0 1 97197
0 1 97199
0 1 97200
0 1 97211
0 1 97214
0 1 97218
0 1 97221
0 1 97222
0 1 97225
0 1 97226
0 1 97231
0 1 97234
0 1 97235
0 1 97237
0 1 97241
0 1 97243
0 1 97245
0 1 97246
0 1 97250
0 1 97252
0 1 97256
0 1 97257
0 1 97258
0 1 97259
0 1 97267
0 1 97270
0 1 97272
0 1 97273
0 1 97274
0 1 97278
0 1 97280
0 1 97281
0 1 97285
0 1 97286
0 1 97289
0 1 97292
0 1 97301
0 1 97303
0 1 97305
0 1 97306
0 1 97312
0 1 97313
0 1 97321
0 1 97325
0 1 97330
0 1 97333
0 1 97334
0 1 97337
0 1 97342
0 1 97347
0 1 97350
0 1 97353
0 1 97356
0 1 97358
0 1 97359
0 1 97361
0 1 97362
0 1 97364
0 1 97368
0 1 97375
0 1 97379
0 1 97385
0 1 97388
0 1 97389
0 1 97392
0 1 97393
0 1 97396
0 1 97399
0 1 97401
0 1 97403
0 1 97413
0 1 97417
0 1 97421
0 1 97424
0 1 97427
0 1 97429
0 1 97432
0 1 97436
0 1 97439
0 1 97443
0 1 97444
0 1 97446
0 1 97449
0 1 97451
0 1 97452
0 1 97454
0 1 97455
0 1 97460
0 1 97461
0 1 97465
0 1 97466
0 1 97467
0 1 97468
0 1 97469
0 1 97470
0 1 97476
0 1 97479
0 1 97482
0 1 97483
0 1 97494
0 1 97495
0 1 97497
0 1 97499
0 1 97504
0 1 97506
0 1 97507
0 1 97509
0 1 97512
0 1 97515
0 1 97518
0 1 97521
0 1 97525
0 1 97527
0 1 97536
0 1 97542
0 1 97545
0 1 97548
0 1 97549
0 1 97550
0 1 97560
0 1 97561
0 1 97563
0 1 97566
0 1 97570
0 1 97572
0 1 97577
0 1 97578
0 1 97580
0 1 97585
0 1 97589
0 1 97593
0 1 97598
0 1 97604
0 1 97609
0 1 97610
0 1 97613
0 1 97618
0 1 97620
0 1 97624
0 1 97626
0 1 97627
0 1 97633
0 1 97634
0 1 97635
0 1 97639
0 1 97645
0 1 97648
0 1 97650
0 1 97651
0 1 97655
0 1 97656
0 1 97659
0 1 97660
0 1 97662
0 1 97665
0 1 97680
0 1 97681
0 1 97686
0 1 97687
0 1 97692
0 1 97694
0 1 97697
0 1 97699
0 1 97708
0 1 97710
0 1 97713
0 1 97714
0 1 97722
0 1 97724
0 1 97729
0 1 97733
0 1 97742
0 1 97746
0 1 97747
0 1 97756
0 1 97757
0 1 97769
0 1 97773
0 1 97785
0 1 97786
0 1 97787
0 1 97793
0 1 97794
0 1 97795
0 1 97796
0 1 97800
0 1 97801
0 1 97806
0 1 97807
0 1 97811
0 1 97813
0 1 97820
0 1 97822
0 1 97826
0 1 97829
0 1 97834
0 1 97836
0 1 97841
0 1 97842
0 1 97850
0 1 97851
0 1 97853
0 1 97858
0 1 97862
0 1 97864
0 1 97866
0 1 97868
0 1 97869
0 1 97870
0 1 97871
0 1 97878
0 1 97887
0 1 97889
0 1 97892
0 1 97896
0 1 97897
0 1 97900
0 1 97902
0 1 97907
0 1 97908
0 1 97909
0 1 97913
0 1 97917
0 1 97919
0 1 97923
0 1 97925
0 1 97926
0 1 97941
0 1 97947
0 1 97950
0 1 97956
0 1 97961
0 1 97964
0 1 97965
0 1 97966
0 1 97969
0 1 97970
0 1 97972
0 1 97973
0 1 97975
0 1 97976
0 1 97980
0 1 97982
0 1 97988
0 1 97990
0 1 97994
0 1 97998
0 1 98000
0 1 98004
0 1 98005
0 1 98007
0 1 98008
0 1 98013
0 1 98015
0 1 98019
0 1 98020
0 1 98022
0 1 98024
0 1 98026
0 1 98031
0 1 98033
0 1 98036
0 1 98037
0 1 98039
0 1 98044
0 1 98048
0 1 98049
0 1 98050
0 1 98055
0 1 98064
0 1 98070
0 1 98074
0 1 98075
0 1 98076
0 1 98077
0 1 98082
0 1 98085
0 1 98090
0 1 98092
0 1 98094
0 1 98105
0 1 98107
0 1 98109
0 1 98111
0 1 98116
0 1 98119
0 1 98123
0 1 98128
0 1 98142
0 1 98151
0 1 98153
0 1 98156
0 1 98157
0 1 98158
0 1 98167
0 1 98172
0 1 98173
0 1 98174
0 1 98176
0 1 98183
0 1 98184
0 1 98185
0 1 98189
0 1 98191
0 1 98197
0 1 98198
0 1 98201
0 1 98205
0 1 98210
0 1 98212
0 1 98213
0 1 98217
0 1 98219
0 1 98226
0 1 98230
0 1 98234
0 1 98236
0 1 98256
0 1 98258
0 1 98261
0 1 98265
0 1 98267
0 1 98270
0 1 98271
0 1 98273
0 1 98275
0 1 98277
0 1 98279
0 1 98280
0 1 98282
0 1 98285
0 1 98287
0 1 98293
0 1 98296
0 1 98300
0 1 98303
0 1 98304
0 1 98308
0 1 98309
0 1 98312
0 1 98313
0 1 98315
0 1 98318
0 1 98320
0 1 98323
0 1 98326
0 1 98327
0 1 98330
0 1 98335
0 1 98339
0 1 98341
0 1 98342
0 1 98347
0 1 98348
0 1 98349
0 1 98351
0 1 98353
0 1 98354
0 1 98357
0 1 98360
0 1 98361
0 1 98362
0 1 98369
0 1 98373
0 1 98380
0 1 98382
0 1 98383
0 1 98385
0 1 98387
0 1 98389
0 1 98390
0 1 98394
0 1 98400
0 1 98403
0 1 98409
0 1 98410
0 1 98411
0 1 98414
0 1 98419
0 1 98420
0 1 98421
0 1 98422
0 1 98423
0 1 98426
0 1 98428
0 1 98430
0 1 98434
0 1 98442
0 1 98449
0 1 98450
0 1 98454
0 1 98457
0 1 98460
0 1 98463
0 1 98464
0 1 98466
0 1 98472
0 1 98479
0 1 98480
0 1 98481
0 1 98483
0 1 98485
0 1 98492
0 1 98496
0 1 98497
0 1 98500
0 1 98501
0 1 98507
0 1 98512
0 1 98515
0 1 98516
0 1 98520
0 1 98528
0 1 98530
0 1 98531
0 1 98533
0 1 98542
0 1 98545
0 1 98546
0 1 98550
0 1 98553
0 1 98554
0 1 98555
0 1 98558
0 1 98560
0 1 98562
0 1 98563
0 1 98565
0 1 98567
0 1 98571
0 1 98572
0 1 98574
0 1 98575
0 1 98578
0 1 98582
0 1 98585
0 1 98593
0 1 98594
0 1 98595
0 1 98614
0 1 98615
0 1 98617
0 1 98623
0 1 98624
0 1 98627
0 1 98628
0 1 98629
0 1 98631
0 1 98632
0 1 98633
0 1 98636
0 1 98638
0 1 98639
0 1 98644
0 1 98647
0 1 98651
0 1 98652
0 1 98661
0 1 98663
0 1 98664
0 1 98665
0 1 98669
0 1 98673
0 1 98674
0 1 98675
0 1 98680
0 1 98683
0 1 98686
0 1 98688
0 1 98689
0 1 98690
0 1 98698
0 1 98701
0 1 98703
0 1 98712
0 1 98717
0 1 98722
0 1 98726
0 1 98741
0 1 98742
0 1 98746
0 1 98747
0 1 98749
0 1 98764
0 1 98765
0 1 98776
0 1 98787
0 1 98790
0 1 98793
0 1 98811
0 1 98812
0 1 98816
0 1 98818
0 1 98822
0 1 98826
0 1 98827
0 1 98834
0 1 98839
0 1 98854
0 1 98857
0 1 98858
0 1 98864
0 1 98866
0 1 98872
0 1 98881
0 1 98886
0 1 98887
0 1 98888
0 1 98890
0 1 98895
0 1 98898
0 1 98901
0 1 98902
0 1 98903
0 1 98904
0 1 98909
0 1 98915
0 1 98916
0 1 98920
0 1 98922
0 1 98923
0 1 98924
0 1 98926
0 1 98930
0 1 98932
0 1 98934
0 1 98935
0 1 98948
0 1 98953
0 1 98954
0 1 98955
0 1 98956
0 1 98959
0 1 98961
0 1 98963
0 1 98964
0 1 98965
0 1 98969
0 1 98971
0 1 98975
0 1 98981
0 1 98992
0 1 99000
0 1 99004
0 1 99005
0 1 99011
0 1 99018
0 1 99020
0 1 99021
0 1 99023
0 1 99025
0 1 99026
0 1 99029
0 1 99032
0 1 99033
0 1 99038
0 1 99043
0 1 99046
0 1 99047
0 1 99054
0 1 99058
0 1 99059
0 1 99060
0 1 99061
0 1 99062
0 1 99066
0 1 99069
0 1 99070
0 1 99075
0 1 99076
0 1 99077
0 1 99080
0 1 99085
0 1 99086
0 1 99087
0 1 99088
0 1 99090
0 1 99095
0 1 99099
0 1 99101
0 1 99102
0 1 99105
0 1 99106
0 1 99107
0 1 99108
0 1 99111
0 1 99118
0 1 99122
0 1 99130
0 1 99135
0 1 99136
0 1 99140
0 1 99146
0 1 99156
0 1 99161
0 1 99164
0 1 99167
0 1 99171
0 1 99175
0 1 99177
0 1 99180
0 1 99185
0 1 99188
0 1 99190
0 1 99191
0 1 99192
0 1 99199
0 1 99203
0 1 99208
0 1 99211
0 1 99212
0 1 99214
0 1 99216
0 1 99226
0 1 99229
0 1 99232
0 1 99233
0 1 99235
0 1 99236
0 1 99237
0 1 99239
0 1 99242
0 1 99243
0 1 99246
0 1 99255
0 1 99256
0 1 99258
0 1 99260
0 1 99261
0 1 99263
0 1 99268
0 1 99269
0 1 99278
0 1 99284
0 1 99291
0 1 99292
0 1 99294
0 1 99296
0 1 99298
0 1 99299
0 1 99300
0 1 99301
0 1 99309
0 1 99312
0 1 99313
0 1 99317
0 1 99324
0 1 99325
0 1 99327
0 1 99330
0 1 99331
0 1 99332
0 1 99334
0 1 99339
0 1 99342
0 1 99343
0 1 99344
0 1 99347
0 1 99353
0 1 99359
0 1 99360
0 1 99362
0 1 99365
0 1 99366
0 1 99367
0 1 99369
0 1 99373
0 1 99379
0 1 99382
0 1 99384
0 1 99393
0 1 99406
0 1 99408
0 1 99409
0 1 99411
0 1 99419
0 1 99421
0 1 99422
0 1 99430
0 1 99431
0 1 99435
0 1 99445
0 1 99452
0 1 99453
0 1 99455
0 1 99460
0 1 99465
0 1 99466
0 1 99467
0 1 99468
0 1 99483
0 1 99484
0 1 99489
0 1 99492
0 1 99501
0 1 99506
0 1 99508
0 1 99512
0 1 99515
0 1 99517
0 1 99519
0 1 99528
0 1 99530
0 1 99531
0 1 99534
0 1 99539
0 1 99543
0 1 99547
0 1 99548
0 1 99551
0 1 99554
0 1 99557
0 1 99561
0 1 99562
0 1 99574
0 1 99576
0 1 99581
0 1 99593
0 1 99594
0 1 99595
0 1 99596
0 1 99597
0 1 99598
0 1 99601
0 1 99602
0 1 99604
0 1 99608
0 1 99609
0 1 99612
0 1 99616
0 1 99622
0 1 99624
0 1 99625
0 1 99632
0 1 99633
0 1 99634
0 1 99635
0 1 99642
0 1 99643
0 1 99648
0 1 99649
0 1 99650
0 1 99652
0 1 99655
0 1 99656
0 1 99659
0 1 99663
0 1 99664
0 1 99678
0 1 99682
0 1 99688
0 1 99694
0 1 99696
0 1 99697
0 1 99701
0 1 99704
0 1 99705
0 1 99707
0 1 99709
0 1 99712
0 1 99713
0 1 99720
0 1 99723
0 1 99725
0 1 99728
0 1 99731
0 1 99737
0 1 99749
0 1 99751
0 1 99752
0 1 99753
0 1 99756
0 1 99759
0 1 99765
0 1 99767
0 1 99771
0 1 99772
0 1 99773
0 1 99774
0 1 99778
0 1 99781
0 1 99783
0 1 99784
0 1 99788
0 1 99791
0 1 99792
0 1 99794
0 1 99797
0 1 99798
0 1 99800
0 1 99801
0 1 99804
0 1 99806
0 1 99808
0 1 99809
0 1 99813
0 1 99817
0 1 99819
0 1 99820
0 1 99822
0 1 99823
0 1 99826
0 1 99827
0 1 99831
0 1 99836
0 1 99837
0 1 99838
0 1 99844
0 1 99845
0 1 99846
0 1 99855
0 1 99857
0 1 99858
0 1 99865
0 1 99866
0 1 99873
0 1 99874
0 1 99875
0 1 99877
0 1 99879
0 1 99885
0 1 99897
0 1 99898
0 1 99899
0 1 99900
0 1 99902
0 1 99910
0 1 99912
0 1 99913
0 1 99917
0 1 99921
0 1 99922
0 1 99925
0 1 99927
0 1 99930
0 1 99936
0 1 99937
0 1 99938
0 1 99940
0 1 99942
0 1 99943
0 1 99946
0 1 99950
0 1 99953
0 1 99954
0 1 99957
0 1 99960
0 1 99963
0 1 99968
0 1 99972
0 1 99974
0 1 99978
0 1 99979
0 1 99982
0 1 99984
0 1 99990
0 1 99991
0 1 99992
0 1 99998
0 1 99999
