0 1 7
0 1 10
0 1 14
0 1 23
0 1 24
0 1 33
0 1 44
0 1 45
0 1 51
0 1 53
0 1 59
0 1 62
0 1 63
0 1 68
0 1 83
0 1 84
0 1 86
0 1 95
0 1 97
0 1 107
0 1 114
0 1 119
0 1 128
0 1 132
0 1 139
0 1 140
0 1 146
0 1 147
0 1 150
0 1 158
0 1 159
0 1 160
0 1 166
0 1 171
0 1 176
0 1 195
0 1 198
0 1 200
0 1 201
0 1 205
0 1 218
0 1 225
0 1 233
0 1 234
0 1 239
0 1 244
0 1 249
0 1 253
0 1 265
0 1 266
0 1 271
0 1 272
0 1 274
0 1 277
0 1 278
0 1 283
0 1 285
0 1 288
0 1 290
0 1 294
0 1 303
0 1 326
0 1 342
0 1 343
0 1 344
0 1 348
0 1 356
0 1 360
0 1 361
0 1 373
0 1 383
0 1 385
0 1 418
0 1 419
0 1 420
0 1 422
0 1 429
0 1 433
0 1 434
0 1 435
0 1 448
0 1 461
0 1 469
0 1 471
0 1 474
0 1 480
0 1 482
0 1 490
0 1 491
0 1 495
0 1 498
0 1 500
0 1 503
0 1 504
0 1 507
0 1 510
0 1 511
0 1 518
0 1 521
0 1 524
0 1 531
0 1 536
0 1 539
0 1 548
0 1 553
0 1 555
0 1 560
0 1 564
0 1 569
0 1 572
0 1 576
0 1 578
0 1 581
0 1 582
0 1 588
0 1 597
0 1 599
0 1 601
0 1 604
0 1 612
0 1 614
0 1 615
0 1 622
0 1 628
0 1 630
0 1 634
0 1 637
0 1 641
0 1 644
0 1 654
0 1 661
0 1 663
0 1 664
0 1 666
0 1 670
0 1 678
0 1 688
0 1 698
0 1 699
0 1 704
0 1 706
0 1 720
0 1 732
0 1 738
0 1 739
0 1 740
0 1 745
0 1 747
0 1 750
0 1 751
0 1 756
0 1 757
0 1 760
0 1 774
0 1 776
0 1 780
0 1 787
0 1 790
0 1 792
0 1 793
0 1 794
0 1 796
0 1 800
0 1 801
0 1 804
0 1 808
0 1 810
0 1 812
0 1 815
0 1 820
0 1 822
0 1 823
0 1 832
0 1 834
0 1 836
0 1 837
0 1 839
0 1 843
0 1 846
0 1 848
0 1 852
0 1 859
0 1 866
0 1 879
0 1 880
0 1 903
0 1 904
0 1 912
0 1 913
0 1 916
0 1 921
0 1 922
0 1 926
0 1 932
0 1 933
0 1 939
0 1 947
0 1 948
0 1 949
0 1 950
0 1 975
0 1 979
0 1 984
0 1 992
0 1 997
0 1 1000
0 1 1001
0 1 1007
0 1 1013
0 1 1024
0 1 1025
0 1 1029
0 1 1030
0 1 1032
0 1 1046
0 1 1050
0 1 1052
0 1 1053
0 1 1054
0 1 1065
0 1 1067
0 1 1076
0 1 1078
0 1 1096
0 1 1102
0 1 1104
0 1 1109
0 1 1110
0 1 1116
0 1 1117
0 1 1146
0 1 1147
0 1 1148
0 1 1150
0 1 1153
0 1 1156
0 1 1160
0 1 1161
0 1 1163
0 1 1165
0 1 1175
0 1 1181
0 1 1183
0 1 1184
0 1 1193
0 1 1210
0 1 1212
0 1 1230
0 1 1231
0 1 1234
0 1 1239
0 1 1241
0 1 1243
0 1 1244
0 1 1249
0 1 1252
0 1 1253
0 1 1254
0 1 1263
0 1 1264
0 1 1270
0 1 1279
0 1 1283
0 1 1285
0 1 1294
0 1 1302
0 1 1314
0 1 1316
0 1 1324
0 1 1328
0 1 1341
0 1 1345
0 1 1346
0 1 1349
0 1 1351
0 1 1352
0 1 1358
0 1 1363
0 1 1368
0 1 1370
0 1 1374
0 1 1377
0 1 1383
0 1 1389
0 1 1393
0 1 1395
0 1 1401
0 1 1404
0 1 1408
0 1 1409
0 1 1416
0 1 1425
0 1 1428
0 1 1431
0 1 1445
0 1 1446
0 1 1447
0 1 1448
0 1 1451
0 1 1453
0 1 1454
0 1 1464
0 1 1472
0 1 1475
0 1 1495
0 1 1496
0 1 1500
0 1 1501
0 1 1502
0 1 1509
0 1 1511
0 1 1516
0 1 1517
0 1 1521
0 1 1525
0 1 1527
0 1 1528
0 1 1530
0 1 1534
0 1 1535
0 1 1538
0 1 1552
0 1 1553
0 1 1563
0 1 1564
0 1 1577
0 1 1584
0 1 1587
0 1 1592
0 1 1595
0 1 1597
0 1 1617
0 1 1623
0 1 1628
0 1 1630
0 1 1632
0 1 1635
0 1 1636
0 1 1637
0 1 1641
0 1 1642
0 1 1646
0 1 1653
0 1 1658
0 1 1661
0 1 1662
0 1 1673
0 1 1674
0 1 1677
0 1 1679
0 1 1684
0 1 1692
0 1 1694
0 1 1700
0 1 1702
0 1 1706
0 1 1709
0 1 1714
0 1 1717
0 1 1718
0 1 1724
0 1 1734
0 1 1745
0 1 1749
0 1 1753
0 1 1763
0 1 1772
0 1 1784
0 1 1785
0 1 1794
0 1 1799
0 1 1804
0 1 1805
0 1 1806
0 1 1814
0 1 1820
0 1 1826
0 1 1828
0 1 1842
0 1 1843
0 1 1844
0 1 1845
0 1 1860
0 1 1872
0 1 1873
0 1 1875
0 1 1884
0 1 1886
0 1 1893
0 1 1895
0 1 1896
0 1 1899
0 1 1900
0 1 1911
0 1 1912
0 1 1915
0 1 1919
0 1 1939
0 1 1940
0 1 1946
0 1 1953
0 1 1961
0 1 1966
0 1 1978
0 1 1980
0 1 1981
0 1 1983
0 1 1988
0 1 1989
0 1 1990
0 1 1994
0 1 1999
0 1 2003
0 1 2005
0 1 2009
0 1 2011
0 1 2014
0 1 2015
0 1 2023
0 1 2029
0 1 2030
0 1 2048
0 1 2049
0 1 2063
0 1 2074
0 1 2076
0 1 2078
0 1 2087
0 1 2090
0 1 2093
0 1 2094
0 1 2097
0 1 2103
0 1 2116
0 1 2128
0 1 2135
0 1 2137
0 1 2150
0 1 2152
0 1 2153
0 1 2163
0 1 2164
0 1 2183
0 1 2189
0 1 2201
0 1 2202
0 1 2209
0 1 2212
0 1 2215
0 1 2220
0 1 2223
0 1 2224
0 1 2235
0 1 2236
0 1 2242
0 1 2244
0 1 2249
0 1 2250
0 1 2255
0 1 2258
0 1 2262
0 1 2266
0 1 2269
0 1 2271
0 1 2281
0 1 2291
0 1 2295
0 1 2296
0 1 2299
0 1 2302
0 1 2311
0 1 2318
0 1 2321
0 1 2324
0 1 2329
0 1 2334
0 1 2340
0 1 2341
0 1 2372
0 1 2380
0 1 2391
0 1 2398
0 1 2399
0 1 2402
0 1 2408
0 1 2415
0 1 2424
0 1 2435
0 1 2439
0 1 2443
0 1 2445
0 1 2448
0 1 2449
0 1 2450
0 1 2457
0 1 2464
0 1 2471
0 1 2473
0 1 2478
0 1 2482
0 1 2483
0 1 2494
0 1 2495
0 1 2496
0 1 2497
0 1 2498
0 1 2503
0 1 2507
0 1 2508
0 1 2510
0 1 2512
0 1 2513
0 1 2516
0 1 2517
0 1 2519
0 1 2523
0 1 2525
0 1 2526
0 1 2529
0 1 2542
0 1 2544
0 1 2552
0 1 2554
0 1 2556
0 1 2563
0 1 2566
0 1 2580
0 1 2583
0 1 2587
0 1 2590
0 1 2591
0 1 2596
0 1 2601
0 1 2602
0 1 2608
0 1 2612
0 1 2618
0 1 2633
0 1 2640
0 1 2641
0 1 2649
0 1 2650
0 1 2655
0 1 2662
0 1 2665
0 1 2667
0 1 2671
0 1 2673
0 1 2676
0 1 2681
0 1 2689
0 1 2709
0 1 2711
0 1 2713
0 1 2717
0 1 2721
0 1 2733
0 1 2738
0 1 2739
0 1 2745
0 1 2746
0 1 2750
0 1 2754
0 1 2756
0 1 2758
0 1 2762
0 1 2764
0 1 2769
0 1 2778
0 1 2781
0 1 2782
0 1 2786
0 1 2791
0 1 2795
0 1 2797
0 1 2803
0 1 2804
0 1 2805
0 1 2814
0 1 2815
0 1 2822
0 1 2827
0 1 2831
0 1 2846
0 1 2850
0 1 2860
0 1 2864
0 1 2877
0 1 2883
0 1 2889
0 1 2894
0 1 2896
0 1 2902
0 1 2906
0 1 2910
0 1 2914
0 1 2933
0 1 2947
0 1 2948
0 1 2950
0 1 2951
0 1 2953
0 1 2954
0 1 2964
0 1 2977
0 1 2985
0 1 2990
0 1 2997
0 1 3006
0 1 3015
0 1 3017
0 1 3022
0 1 3029
0 1 3043
0 1 3046
0 1 3047
0 1 3048
0 1 3049
0 1 3060
0 1 3063
0 1 3067
0 1 3071
0 1 3079
0 1 3086
0 1 3095
0 1 3098
0 1 3103
0 1 3107
0 1 3114
0 1 3115
0 1 3118
0 1 3120
0 1 3121
0 1 3123
0 1 3125
0 1 3127
0 1 3129
0 1 3133
0 1 3140
0 1 3142
0 1 3145
0 1 3147
0 1 3154
0 1 3157
0 1 3158
0 1 3160
0 1 3161
0 1 3163
0 1 3165
0 1 3167
0 1 3177
0 1 3178
0 1 3188
0 1 3194
0 1 3195
0 1 3203
0 1 3206
0 1 3214
0 1 3222
0 1 3232
0 1 3239
0 1 3246
0 1 3249
0 1 3256
0 1 3260
0 1 3262
0 1 3275
0 1 3279
0 1 3284
0 1 3291
0 1 3293
0 1 3296
0 1 3298
0 1 3312
0 1 3313
0 1 3324
0 1 3332
0 1 3338
0 1 3339
0 1 3356
0 1 3361
0 1 3366
0 1 3368
0 1 3370
0 1 3385
0 1 3398
0 1 3401
0 1 3403
0 1 3409
0 1 3411
0 1 3418
0 1 3420
0 1 3422
0 1 3426
0 1 3430
0 1 3442
0 1 3462
0 1 3465
0 1 3469
0 1 3472
0 1 3478
0 1 3480
0 1 3481
0 1 3483
0 1 3485
0 1 3486
0 1 3495
0 1 3503
0 1 3504
0 1 3511
0 1 3516
0 1 3518
0 1 3522
0 1 3525
0 1 3530
0 1 3537
0 1 3545
0 1 3553
0 1 3556
0 1 3560
0 1 3563
0 1 3579
0 1 3585
0 1 3589
0 1 3595
0 1 3597
0 1 3599
0 1 3603
0 1 3604
0 1 3613
0 1 3616
0 1 3618
0 1 3624
0 1 3627
0 1 3631
0 1 3632
0 1 3639
0 1 3641
0 1 3642
0 1 3643
0 1 3647
0 1 3651
0 1 3654
0 1 3663
0 1 3670
0 1 3691
0 1 3703
0 1 3709
0 1 3718
0 1 3720
0 1 3723
0 1 3733
0 1 3739
0 1 3744
0 1 3746
0 1 3747
0 1 3749
0 1 3756
0 1 3759
0 1 3766
0 1 3768
0 1 3772
0 1 3774
0 1 3775
0 1 3786
0 1 3789
0 1 3790
0 1 3792
0 1 3804
0 1 3805
0 1 3812
0 1 3813
0 1 3815
0 1 3818
0 1 3820
0 1 3824
0 1 3838
0 1 3839
0 1 3844
0 1 3854
0 1 3855
0 1 3858
0 1 3861
0 1 3864
0 1 3867
0 1 3869
0 1 3870
0 1 3874
0 1 3886
0 1 3894
0 1 3896
0 1 3898
0 1 3899
0 1 3910
0 1 3914
0 1 3919
0 1 3928
0 1 3942
0 1 3943
0 1 3948
0 1 3953
0 1 3970
0 1 3978
0 1 3980
0 1 3988
0 1 3993
0 1 3995
0 1 3996
0 1 3999
0 1 4002
0 1 4004
0 1 4007
0 1 4011
0 1 4031
0 1 4036
0 1 4040
0 1 4043
0 1 4045
0 1 4047
0 1 4049
0 1 4052
0 1 4060
0 1 4061
0 1 4064
0 1 4074
0 1 4080
0 1 4100
0 1 4101
0 1 4103
0 1 4117
0 1 4121
0 1 4124
0 1 4130
0 1 4139
0 1 4149
0 1 4150
0 1 4161
0 1 4164
0 1 4165
0 1 4166
0 1 4173
0 1 4174
0 1 4175
0 1 4176
0 1 4178
0 1 4180
0 1 4182
0 1 4194
0 1 4198
0 1 4199
0 1 4201
0 1 4203
0 1 4204
0 1 4206
0 1 4210
0 1 4213
0 1 4215
0 1 4220
0 1 4221
0 1 4230
0 1 4231
0 1 4232
0 1 4234
0 1 4238
0 1 4239
0 1 4259
0 1 4263
0 1 4264
0 1 4273
0 1 4275
0 1 4278
0 1 4287
0 1 4294
0 1 4301
0 1 4304
0 1 4312
0 1 4318
0 1 4327
0 1 4333
0 1 4339
0 1 4346
0 1 4347
0 1 4349
0 1 4350
0 1 4351
0 1 4354
0 1 4355
0 1 4357
0 1 4367
0 1 4369
0 1 4378
0 1 4380
0 1 4389
0 1 4391
0 1 4395
0 1 4408
0 1 4411
0 1 4417
0 1 4420
0 1 4421
0 1 4430
0 1 4433
0 1 4437
0 1 4442
0 1 4443
0 1 4454
0 1 4460
0 1 4465
0 1 4481
0 1 4482
0 1 4483
0 1 4489
0 1 4491
0 1 4493
0 1 4498
0 1 4504
0 1 4509
0 1 4516
0 1 4521
0 1 4528
0 1 4529
0 1 4536
0 1 4546
0 1 4547
0 1 4549
0 1 4554
0 1 4560
0 1 4562
0 1 4564
0 1 4565
0 1 4566
0 1 4577
0 1 4579
0 1 4584
0 1 4587
0 1 4592
0 1 4596
0 1 4599
0 1 4606
0 1 4608
0 1 4611
0 1 4613
0 1 4615
0 1 4617
0 1 4624
0 1 4625
0 1 4626
0 1 4633
0 1 4636
0 1 4642
0 1 4653
0 1 4656
0 1 4658
0 1 4660
0 1 4661
0 1 4665
0 1 4675
0 1 4678
0 1 4680
0 1 4686
0 1 4688
0 1 4698
0 1 4700
0 1 4701
0 1 4704
0 1 4708
0 1 4712
0 1 4715
0 1 4716
0 1 4721
0 1 4726
0 1 4727
0 1 4728
0 1 4731
0 1 4733
0 1 4739
0 1 4747
0 1 4749
0 1 4756
0 1 4758
0 1 4761
0 1 4762
0 1 4766
0 1 4775
0 1 4782
0 1 4788
0 1 4790
0 1 4793
0 1 4794
0 1 4795
0 1 4796
0 1 4800
0 1 4813
0 1 4824
0 1 4827
0 1 4829
0 1 4835
0 1 4837
0 1 4839
0 1 4843
0 1 4857
0 1 4862
0 1 4872
0 1 4873
0 1 4874
0 1 4879
0 1 4885
0 1 4888
0 1 4891
0 1 4892
0 1 4894
0 1 4896
0 1 4899
0 1 4903
0 1 4905
0 1 4922
0 1 4923
0 1 4925
0 1 4946
0 1 4951
0 1 4956
0 1 4957
0 1 4958
0 1 4959
0 1 4964
0 1 4972
0 1 4980
0 1 4986
0 1 4991
0 1 4994
0 1 5000
0 1 5001
0 1 5009
0 1 5012
0 1 5019
0 1 5022
0 1 5025
0 1 5027
0 1 5043
0 1 5053
0 1 5063
0 1 5065
0 1 5068
0 1 5075
0 1 5077
0 1 5085
0 1 5088
0 1 5090
0 1 5093
0 1 5096
0 1 5105
0 1 5110
0 1 5114
0 1 5124
0 1 5126
0 1 5129
0 1 5132
0 1 5134
0 1 5138
0 1 5139
0 1 5154
0 1 5157
0 1 5158
0 1 5161
0 1 5162
0 1 5164
0 1 5171
0 1 5178
0 1 5182
0 1 5193
0 1 5195
0 1 5202
0 1 5203
0 1 5209
0 1 5216
0 1 5222
0 1 5235
0 1 5238
0 1 5248
0 1 5253
0 1 5259
0 1 5260
0 1 5261
0 1 5264
0 1 5270
0 1 5276
0 1 5286
0 1 5297
0 1 5306
0 1 5311
0 1 5313
0 1 5314
0 1 5316
0 1 5319
0 1 5330
0 1 5332
0 1 5334
0 1 5340
0 1 5341
0 1 5346
0 1 5348
0 1 5349
0 1 5353
0 1 5360
0 1 5361
0 1 5363
0 1 5369
0 1 5379
0 1 5380
0 1 5384
0 1 5388
0 1 5392
0 1 5398
0 1 5401
0 1 5404
0 1 5413
0 1 5425
0 1 5434
0 1 5436
0 1 5441
0 1 5446
0 1 5458
0 1 5464
0 1 5469
0 1 5470
0 1 5474
0 1 5478
0 1 5485
0 1 5487
0 1 5489
0 1 5497
0 1 5498
0 1 5501
0 1 5502
0 1 5508
0 1 5510
0 1 5511
0 1 5513
0 1 5514
0 1 5516
0 1 5522
0 1 5523
0 1 5524
0 1 5528
0 1 5537
0 1 5540
0 1 5542
0 1 5543
0 1 5547
0 1 5549
0 1 5559
0 1 5567
0 1 5572
0 1 5574
0 1 5576
0 1 5578
0 1 5580
0 1 5584
0 1 5602
0 1 5615
0 1 5616
0 1 5624
0 1 5631
0 1 5638
0 1 5641
0 1 5648
0 1 5651
0 1 5658
0 1 5660
0 1 5661
0 1 5663
0 1 5669
0 1 5670
0 1 5672
0 1 5675
0 1 5683
0 1 5693
0 1 5706
0 1 5717
0 1 5720
0 1 5730
0 1 5731
0 1 5737
0 1 5742
0 1 5758
0 1 5760
0 1 5761
0 1 5762
0 1 5763
0 1 5774
0 1 5776
0 1 5777
0 1 5789
0 1 5790
0 1 5807
0 1 5810
0 1 5816
0 1 5824
0 1 5830
0 1 5838
0 1 5842
0 1 5847
0 1 5868
0 1 5870
0 1 5874
0 1 5876
0 1 5878
0 1 5896
0 1 5898
0 1 5900
0 1 5902
0 1 5905
0 1 5908
0 1 5914
0 1 5915
0 1 5943
0 1 5949
0 1 5957
0 1 5965
0 1 5970
0 1 5975
0 1 5977
0 1 5981
0 1 5987
0 1 5994
0 1 5997
0 1 6000
0 1 6001
0 1 6002
0 1 6012
0 1 6021
0 1 6022
0 1 6023
0 1 6025
0 1 6032
0 1 6033
0 1 6036
0 1 6038
0 1 6041
0 1 6043
0 1 6045
0 1 6046
0 1 6048
0 1 6050
0 1 6052
0 1 6061
0 1 6072
0 1 6074
0 1 6079
0 1 6091
0 1 6093
0 1 6095
0 1 6102
0 1 6109
0 1 6115
0 1 6122
0 1 6131
0 1 6135
0 1 6144
0 1 6147
0 1 6153
0 1 6154
0 1 6162
0 1 6163
0 1 6174
0 1 6180
0 1 6190
0 1 6197
0 1 6204
0 1 6212
0 1 6216
0 1 6217
0 1 6218
0 1 6220
0 1 6223
0 1 6224
0 1 6230
0 1 6232
0 1 6235
0 1 6236
0 1 6240
0 1 6247
0 1 6248
0 1 6254
0 1 6255
0 1 6261
0 1 6262
0 1 6264
0 1 6267
0 1 6279
0 1 6284
0 1 6288
0 1 6296
0 1 6305
0 1 6322
0 1 6325
0 1 6327
0 1 6328
0 1 6332
0 1 6335
0 1 6337
0 1 6340
0 1 6354
0 1 6361
0 1 6367
0 1 6372
0 1 6374
0 1 6377
0 1 6383
0 1 6385
0 1 6390
0 1 6393
0 1 6404
0 1 6405
0 1 6411
0 1 6424
0 1 6426
0 1 6438
0 1 6443
0 1 6446
0 1 6448
0 1 6461
0 1 6463
0 1 6467
0 1 6471
0 1 6473
0 1 6478
0 1 6483
0 1 6493
0 1 6497
0 1 6506
0 1 6507
0 1 6510
0 1 6520
0 1 6543
0 1 6552
0 1 6554
0 1 6557
0 1 6567
0 1 6572
0 1 6573
0 1 6575
0 1 6582
0 1 6590
0 1 6591
0 1 6592
0 1 6595
0 1 6601
0 1 6605
0 1 6609
0 1 6613
0 1 6614
0 1 6615
0 1 6618
0 1 6621
0 1 6624
0 1 6630
0 1 6640
0 1 6645
0 1 6647
0 1 6648
0 1 6655
0 1 6661
0 1 6663
0 1 6669
0 1 6673
0 1 6685
0 1 6690
0 1 6692
0 1 6698
0 1 6699
0 1 6706
0 1 6713
0 1 6714
0 1 6725
0 1 6729
0 1 6730
0 1 6731
0 1 6732
0 1 6736
0 1 6752
0 1 6756
0 1 6761
0 1 6763
0 1 6765
0 1 6768
0 1 6772
0 1 6799
0 1 6805
0 1 6808
0 1 6816
0 1 6818
0 1 6819
0 1 6822
0 1 6825
0 1 6835
0 1 6838
0 1 6839
0 1 6845
0 1 6859
0 1 6864
0 1 6869
0 1 6871
0 1 6875
0 1 6876
0 1 6880
0 1 6881
0 1 6884
0 1 6890
0 1 6899
0 1 6904
0 1 6912
0 1 6914
0 1 6917
0 1 6918
0 1 6925
0 1 6931
0 1 6933
0 1 6935
0 1 6940
0 1 6941
0 1 6942
0 1 6946
0 1 6949
0 1 6955
0 1 6970
0 1 6980
0 1 6986
0 1 6989
0 1 6998
0 1 7000
0 1 7006
0 1 7007
0 1 7008
0 1 7009
0 1 7017
0 1 7018
0 1 7025
0 1 7030
0 1 7033
0 1 7035
0 1 7041
0 1 7043
0 1 7046
0 1 7047
0 1 7050
0 1 7053
0 1 7058
0 1 7063
0 1 7066
0 1 7075
0 1 7082
0 1 7092
0 1 7093
0 1 7095
0 1 7096
0 1 7108
0 1 7109
0 1 7123
0 1 7128
0 1 7129
0 1 7130
0 1 7135
0 1 7140
0 1 7156
0 1 7161
0 1 7165
0 1 7169
0 1 7175
0 1 7176
0 1 7177
0 1 7180
0 1 7186
0 1 7194
0 1 7202
0 1 7205
0 1 7206
0 1 7216
0 1 7223
0 1 7224
0 1 7229
0 1 7230
0 1 7231
0 1 7235
0 1 7236
0 1 7237
0 1 7239
0 1 7241
0 1 7242
0 1 7243
0 1 7244
0 1 7256
0 1 7274
0 1 7276
0 1 7286
0 1 7292
0 1 7293
0 1 7295
0 1 7305
0 1 7307
0 1 7310
0 1 7314
0 1 7329
0 1 7331
0 1 7332
0 1 7337
0 1 7339
0 1 7340
0 1 7346
0 1 7347
0 1 7350
0 1 7356
0 1 7359
0 1 7365
0 1 7369
0 1 7372
0 1 7374
0 1 7382
0 1 7387
0 1 7395
0 1 7399
0 1 7402
0 1 7410
0 1 7416
0 1 7429
0 1 7430
0 1 7451
0 1 7456
0 1 7457
0 1 7463
0 1 7476
0 1 7477
0 1 7486
0 1 7524
0 1 7526
0 1 7527
0 1 7530
0 1 7532
0 1 7535
0 1 7536
0 1 7545
0 1 7549
0 1 7553
0 1 7554
0 1 7557
0 1 7559
0 1 7560
0 1 7561
0 1 7562
0 1 7567
0 1 7568
0 1 7569
0 1 7578
0 1 7590
0 1 7591
0 1 7596
0 1 7602
0 1 7617
0 1 7620
0 1 7623
0 1 7644
0 1 7654
0 1 7659
0 1 7661
0 1 7663
0 1 7664
0 1 7670
0 1 7671
0 1 7673
0 1 7674
0 1 7687
0 1 7692
0 1 7693
0 1 7694
0 1 7696
0 1 7697
0 1 7701
0 1 7704
0 1 7714
0 1 7715
0 1 7718
0 1 7725
0 1 7726
0 1 7728
0 1 7732
0 1 7733
0 1 7736
0 1 7740
0 1 7742
0 1 7746
0 1 7748
0 1 7751
0 1 7753
0 1 7756
0 1 7758
0 1 7769
0 1 7774
0 1 7777
0 1 7779
0 1 7780
0 1 7784
0 1 7787
0 1 7802
0 1 7806
0 1 7810
0 1 7819
0 1 7822
0 1 7823
0 1 7826
0 1 7831
0 1 7834
0 1 7835
0 1 7837
0 1 7846
0 1 7848
0 1 7867
0 1 7871
0 1 7876
0 1 7880
0 1 7885
0 1 7894
0 1 7901
0 1 7908
0 1 7913
0 1 7928
0 1 7929
0 1 7941
0 1 7951
0 1 7956
0 1 7958
0 1 7961
0 1 7962
0 1 7968
0 1 7990
0 1 7993
0 1 8012
0 1 8014
0 1 8020
0 1 8021
0 1 8022
0 1 8024
0 1 8025
0 1 8026
0 1 8036
0 1 8039
0 1 8041
0 1 8042
0 1 8043
0 1 8046
0 1 8048
0 1 8049
0 1 8059
0 1 8060
0 1 8072
0 1 8076
0 1 8086
0 1 8087
0 1 8091
0 1 8095
0 1 8101
0 1 8102
0 1 8104
0 1 8108
0 1 8111
0 1 8112
0 1 8118
0 1 8121
0 1 8122
0 1 8142
0 1 8150
0 1 8155
0 1 8163
0 1 8165
0 1 8168
0 1 8169
0 1 8182
0 1 8200
0 1 8211
0 1 8215
0 1 8217
0 1 8218
0 1 8220
0 1 8222
0 1 8224
0 1 8227
0 1 8230
0 1 8238
0 1 8241
0 1 8242
0 1 8244
0 1 8246
0 1 8247
0 1 8248
0 1 8252
0 1 8258
0 1 8266
0 1 8270
0 1 8275
0 1 8280
0 1 8283
0 1 8290
0 1 8291
0 1 8293
0 1 8294
0 1 8296
0 1 8311
0 1 8314
0 1 8316
0 1 8317
0 1 8326
0 1 8329
0 1 8335
0 1 8339
0 1 8357
0 1 8364
0 1 8374
0 1 8376
0 1 8377
0 1 8380
0 1 8384
0 1 8387
0 1 8394
0 1 8395
0 1 8397
0 1 8417
0 1 8422
0 1 8428
0 1 8430
0 1 8431
0 1 8433
0 1 8434
0 1 8436
0 1 8450
0 1 8459
0 1 8465
0 1 8466
0 1 8481
0 1 8485
0 1 8489
0 1 8493
0 1 8495
0 1 8503
0 1 8516
0 1 8520
0 1 8525
0 1 8533
0 1 8547
0 1 8549
0 1 8565
0 1 8566
0 1 8577
0 1 8578
0 1 8580
0 1 8585
0 1 8614
0 1 8617
0 1 8620
0 1 8623
0 1 8624
0 1 8629
0 1 8635
0 1 8640
0 1 8642
0 1 8644
0 1 8660
0 1 8663
0 1 8667
0 1 8669
0 1 8672
0 1 8679
0 1 8689
0 1 8690
0 1 8692
0 1 8702
0 1 8707
0 1 8709
0 1 8716
0 1 8726
0 1 8736
0 1 8739
0 1 8741
0 1 8748
0 1 8749
0 1 8753
0 1 8757
0 1 8758
0 1 8759
0 1 8763
0 1 8768
0 1 8779
0 1 8780
0 1 8784
0 1 8793
0 1 8803
0 1 8804
0 1 8807
0 1 8809
0 1 8815
0 1 8822
0 1 8831
0 1 8832
0 1 8833
0 1 8834
0 1 8836
0 1 8840
0 1 8841
0 1 8843
0 1 8846
0 1 8847
0 1 8849
0 1 8853
0 1 8855
0 1 8858
0 1 8868
0 1 8872
0 1 8876
0 1 8890
0 1 8898
0 1 8900
0 1 8911
0 1 8917
0 1 8918
0 1 8920
0 1 8925
0 1 8926
0 1 8929
0 1 8933
0 1 8940
0 1 8950
0 1 8955
0 1 8957
0 1 8960
0 1 8965
0 1 8969
0 1 8972
0 1 8975
0 1 8983
0 1 8985
0 1 8995
0 1 8999
0 1 9002
0 1 9004
0 1 9019
0 1 9042
0 1 9047
0 1 9052
0 1 9053
0 1 9057
0 1 9064
0 1 9066
0 1 9073
0 1 9077
0 1 9087
0 1 9098
0 1 9105
0 1 9110
0 1 9119
0 1 9125
0 1 9130
0 1 9141
0 1 9144
0 1 9148
0 1 9159
0 1 9173
0 1 9185
0 1 9194
0 1 9195
0 1 9199
0 1 9203
0 1 9204
0 1 9205
0 1 9206
0 1 9207
0 1 9217
0 1 9223
0 1 9232
0 1 9233
0 1 9246
0 1 9254
0 1 9269
0 1 9286
0 1 9311
0 1 9319
0 1 9323
0 1 9329
0 1 9331
0 1 9334
0 1 9342
0 1 9346
0 1 9347
0 1 9356
0 1 9363
0 1 9366
0 1 9367
0 1 9382
0 1 9384
0 1 9400
0 1 9409
0 1 9416
0 1 9420
0 1 9424
0 1 9425
0 1 9434
0 1 9435
0 1 9437
0 1 9438
0 1 9442
0 1 9446
0 1 9457
0 1 9459
0 1 9465
0 1 9468
0 1 9469
0 1 9478
0 1 9486
0 1 9490
0 1 9492
0 1 9497
0 1 9508
0 1 9509
0 1 9511
0 1 9513
0 1 9515
0 1 9518
0 1 9520
0 1 9523
0 1 9530
0 1 9542
0 1 9554
0 1 9559
0 1 9565
0 1 9567
0 1 9573
0 1 9584
0 1 9586
0 1 9590
0 1 9595
0 1 9596
0 1 9598
0 1 9604
0 1 9613
0 1 9616
0 1 9619
0 1 9621
0 1 9622
0 1 9628
0 1 9632
0 1 9650
0 1 9654
0 1 9657
0 1 9660
0 1 9665
0 1 9670
0 1 9672
0 1 9673
0 1 9679
0 1 9696
0 1 9700
0 1 9705
0 1 9711
0 1 9725
0 1 9727
0 1 9729
0 1 9732
0 1 9738
0 1 9749
0 1 9762
0 1 9763
0 1 9766
0 1 9767
0 1 9775
0 1 9777
0 1 9780
0 1 9789
0 1 9791
0 1 9800
0 1 9802
0 1 9803
0 1 9809
0 1 9813
0 1 9814
0 1 9816
0 1 9819
0 1 9822
0 1 9828
0 1 9831
0 1 9839
0 1 9843
0 1 9847
0 1 9848
0 1 9849
0 1 9856
0 1 9860
0 1 9865
0 1 9867
0 1 9868
0 1 9872
0 1 9875
0 1 9877
0 1 9885
0 1 9886
0 1 9903
0 1 9907
0 1 9914
0 1 9918
0 1 9924
0 1 9938
0 1 9944
0 1 9957
0 1 9961
0 1 9971
0 1 9981
0 1 9982
0 1 9983
0 1 9984
0 1 9985
0 1 9989
0 1 9994
0 1 9998
0 1 10000
0 1 10013
0 1 10016
0 1 10018
0 1 10022
0 1 10026
0 1 10033
0 1 10036
0 1 10039
0 1 10047
0 1 10052
0 1 10055
0 1 10057
0 1 10068
0 1 10073
0 1 10080
0 1 10091
0 1 10104
0 1 10105
0 1 10113
0 1 10114
0 1 10120
0 1 10122
0 1 10123
0 1 10133
0 1 10135
0 1 10137
0 1 10138
0 1 10140
0 1 10149
0 1 10150
0 1 10155
0 1 10175
0 1 10184
0 1 10198
0 1 10205
0 1 10211
0 1 10215
0 1 10220
0 1 10223
0 1 10225
0 1 10226
0 1 10229
0 1 10230
0 1 10234
0 1 10241
0 1 10244
0 1 10256
0 1 10265
0 1 10269
0 1 10277
0 1 10285
0 1 10288
0 1 10299
0 1 10304
0 1 10312
0 1 10314
0 1 10315
0 1 10316
0 1 10319
0 1 10320
0 1 10323
0 1 10325
0 1 10328
0 1 10341
0 1 10348
0 1 10364
0 1 10368
0 1 10375
0 1 10383
0 1 10392
0 1 10395
0 1 10400
0 1 10403
0 1 10412
0 1 10423
0 1 10447
0 1 10450
0 1 10454
0 1 10457
0 1 10458
0 1 10462
0 1 10465
0 1 10466
0 1 10472
0 1 10480
0 1 10482
0 1 10483
0 1 10484
0 1 10494
0 1 10502
0 1 10506
0 1 10507
0 1 10508
0 1 10512
0 1 10513
0 1 10516
0 1 10517
0 1 10521
0 1 10525
0 1 10526
0 1 10532
0 1 10547
0 1 10555
0 1 10556
0 1 10575
0 1 10584
0 1 10589
0 1 10592
0 1 10598
0 1 10602
0 1 10604
0 1 10627
0 1 10630
0 1 10634
0 1 10643
0 1 10649
0 1 10653
0 1 10661
0 1 10663
0 1 10664
0 1 10676
0 1 10678
0 1 10690
0 1 10691
0 1 10692
0 1 10694
0 1 10697
0 1 10699
0 1 10700
0 1 10702
0 1 10711
0 1 10714
0 1 10716
0 1 10720
0 1 10723
0 1 10732
0 1 10744
0 1 10749
0 1 10751
0 1 10753
0 1 10757
0 1 10761
0 1 10770
0 1 10771
0 1 10772
0 1 10780
0 1 10785
0 1 10793
0 1 10794
0 1 10795
0 1 10804
0 1 10807
0 1 10821
0 1 10832
0 1 10838
0 1 10848
0 1 10853
0 1 10856
0 1 10863
0 1 10865
0 1 10875
0 1 10876
0 1 10881
0 1 10884
0 1 10885
0 1 10890
0 1 10894
0 1 10899
0 1 10901
0 1 10907
0 1 10909
0 1 10914
0 1 10918
0 1 10920
0 1 10930
0 1 10934
0 1 10935
0 1 10936
0 1 10944
0 1 10945
0 1 10946
0 1 10957
0 1 10960
0 1 10961
0 1 10969
0 1 10970
0 1 10985
0 1 11000
0 1 11003
0 1 11007
0 1 11009
0 1 11012
0 1 11013
0 1 11019
0 1 11035
0 1 11037
0 1 11042
0 1 11048
0 1 11052
0 1 11054
0 1 11057
0 1 11066
0 1 11068
0 1 11072
0 1 11074
0 1 11083
0 1 11088
0 1 11094
0 1 11112
0 1 11114
0 1 11120
0 1 11127
0 1 11137
0 1 11150
0 1 11151
0 1 11152
0 1 11162
0 1 11172
0 1 11177
0 1 11180
0 1 11184
0 1 11188
0 1 11190
0 1 11191
0 1 11195
0 1 11197
0 1 11202
0 1 11203
0 1 11208
0 1 11210
0 1 11212
0 1 11218
0 1 11220
0 1 11229
0 1 11232
0 1 11233
0 1 11237
0 1 11247
0 1 11267
0 1 11270
0 1 11273
0 1 11288
0 1 11290
0 1 11304
0 1 11305
0 1 11307
0 1 11308
0 1 11312
0 1 11314
0 1 11316
0 1 11319
0 1 11323
0 1 11325
0 1 11327
0 1 11331
0 1 11332
0 1 11333
0 1 11335
0 1 11353
0 1 11361
0 1 11371
0 1 11376
0 1 11377
0 1 11379
0 1 11386
0 1 11388
0 1 11390
0 1 11406
0 1 11413
0 1 11416
0 1 11419
0 1 11421
0 1 11423
0 1 11424
0 1 11431
0 1 11440
0 1 11450
0 1 11452
0 1 11471
0 1 11474
0 1 11476
0 1 11479
0 1 11487
0 1 11488
0 1 11500
0 1 11512
0 1 11518
0 1 11519
0 1 11520
0 1 11521
0 1 11522
0 1 11530
0 1 11531
0 1 11534
0 1 11537
0 1 11544
0 1 11549
0 1 11551
0 1 11560
0 1 11563
0 1 11567
0 1 11570
0 1 11578
0 1 11581
0 1 11585
0 1 11604
0 1 11608
0 1 11609
0 1 11614
0 1 11623
0 1 11624
0 1 11632
0 1 11637
0 1 11642
0 1 11643
0 1 11645
0 1 11646
0 1 11648
0 1 11649
0 1 11651
0 1 11654
0 1 11659
0 1 11668
0 1 11678
0 1 11679
0 1 11680
0 1 11681
0 1 11686
0 1 11688
0 1 11700
0 1 11706
0 1 11707
0 1 11714
0 1 11725
0 1 11728
0 1 11738
0 1 11740
0 1 11748
0 1 11749
0 1 11750
0 1 11753
0 1 11759
0 1 11764
0 1 11770
0 1 11780
0 1 11784
0 1 11792
0 1 11794
0 1 11805
0 1 11817
0 1 11819
0 1 11823
0 1 11828
0 1 11834
0 1 11835
0 1 11836
0 1 11841
0 1 11845
0 1 11846
0 1 11848
0 1 11856
0 1 11862
0 1 11864
0 1 11867
0 1 11868
0 1 11871
0 1 11878
0 1 11881
0 1 11883
0 1 11884
0 1 11885
0 1 11889
0 1 11891
0 1 11892
0 1 11899
0 1 11901
0 1 11916
0 1 11917
0 1 11918
0 1 11921
0 1 11922
0 1 11925
0 1 11928
0 1 11941
0 1 11947
0 1 11963
0 1 11964
0 1 11968
0 1 11977
0 1 11986
0 1 11988
0 1 11992
0 1 11995
0 1 11997
0 1 12004
0 1 12006
0 1 12016
0 1 12022
0 1 12025
0 1 12027
0 1 12045
0 1 12046
0 1 12052
0 1 12077
0 1 12079
0 1 12090
0 1 12092
0 1 12099
0 1 12105
0 1 12108
0 1 12109
0 1 12117
0 1 12119
0 1 12131
0 1 12132
0 1 12138
0 1 12141
0 1 12145
0 1 12146
0 1 12148
0 1 12150
0 1 12154
0 1 12157
0 1 12164
0 1 12170
0 1 12172
0 1 12195
0 1 12197
0 1 12203
0 1 12204
0 1 12207
0 1 12218
0 1 12222
0 1 12233
0 1 12237
0 1 12240
0 1 12246
0 1 12247
0 1 12250
0 1 12253
0 1 12259
0 1 12260
0 1 12261
0 1 12262
0 1 12263
0 1 12266
0 1 12279
0 1 12283
0 1 12284
0 1 12288
0 1 12300
0 1 12308
0 1 12315
0 1 12318
0 1 12327
0 1 12332
0 1 12343
0 1 12361
0 1 12366
0 1 12370
0 1 12374
0 1 12375
0 1 12379
0 1 12380
0 1 12385
0 1 12389
0 1 12413
0 1 12414
0 1 12415
0 1 12425
0 1 12432
0 1 12433
0 1 12435
0 1 12437
0 1 12438
0 1 12441
0 1 12450
0 1 12451
0 1 12458
0 1 12461
0 1 12465
0 1 12467
0 1 12472
0 1 12473
0 1 12478
0 1 12480
0 1 12481
0 1 12484
0 1 12486
0 1 12489
0 1 12492
0 1 12502
0 1 12504
0 1 12505
0 1 12507
0 1 12508
0 1 12509
0 1 12510
0 1 12512
0 1 12519
0 1 12526
0 1 12529
0 1 12531
0 1 12536
0 1 12538
0 1 12542
0 1 12544
0 1 12545
0 1 12547
0 1 12568
0 1 12578
0 1 12582
0 1 12585
0 1 12594
0 1 12603
0 1 12604
0 1 12605
0 1 12609
0 1 12610
0 1 12613
0 1 12614
0 1 12620
0 1 12631
0 1 12634
0 1 12640
0 1 12644
0 1 12652
0 1 12659
0 1 12664
0 1 12667
0 1 12671
0 1 12677
0 1 12680
0 1 12681
0 1 12682
0 1 12689
0 1 12694
0 1 12696
0 1 12710
0 1 12714
0 1 12719
0 1 12721
0 1 12733
0 1 12734
0 1 12737
0 1 12740
0 1 12743
0 1 12752
0 1 12753
0 1 12754
0 1 12755
0 1 12759
0 1 12763
0 1 12769
0 1 12771
0 1 12781
0 1 12787
0 1 12796
0 1 12798
0 1 12799
0 1 12801
0 1 12802
0 1 12805
0 1 12808
0 1 12812
0 1 12820
0 1 12824
0 1 12827
0 1 12829
0 1 12831
0 1 12845
0 1 12849
0 1 12851
0 1 12853
0 1 12860
0 1 12861
0 1 12862
0 1 12864
0 1 12874
0 1 12879
0 1 12881
0 1 12882
0 1 12884
0 1 12885
0 1 12886
0 1 12892
0 1 12895
0 1 12899
0 1 12901
0 1 12905
0 1 12906
0 1 12907
0 1 12916
0 1 12927
0 1 12935
0 1 12937
0 1 12941
0 1 12945
0 1 12947
0 1 12950
0 1 12951
0 1 12974
0 1 12979
0 1 12985
0 1 12986
0 1 12990
0 1 13004
0 1 13013
0 1 13015
0 1 13025
0 1 13028
0 1 13033
0 1 13042
0 1 13044
0 1 13046
0 1 13047
0 1 13059
0 1 13060
0 1 13063
0 1 13070
0 1 13072
0 1 13079
0 1 13084
0 1 13091
0 1 13092
0 1 13101
0 1 13104
0 1 13110
0 1 13111
0 1 13119
0 1 13125
0 1 13129
0 1 13131
0 1 13134
0 1 13135
0 1 13143
0 1 13153
0 1 13159
0 1 13165
0 1 13168
0 1 13171
0 1 13172
0 1 13176
0 1 13193
0 1 13211
0 1 13217
0 1 13227
0 1 13234
0 1 13251
0 1 13253
0 1 13260
0 1 13261
0 1 13270
0 1 13272
0 1 13283
0 1 13285
0 1 13290
0 1 13292
0 1 13296
0 1 13297
0 1 13300
0 1 13302
0 1 13305
0 1 13306
0 1 13312
0 1 13314
0 1 13322
0 1 13329
0 1 13332
0 1 13340
0 1 13350
0 1 13355
0 1 13358
0 1 13359
0 1 13364
0 1 13366
0 1 13373
0 1 13375
0 1 13383
0 1 13386
0 1 13393
0 1 13401
0 1 13406
0 1 13411
0 1 13416
0 1 13423
0 1 13425
0 1 13426
0 1 13427
0 1 13428
0 1 13437
0 1 13444
0 1 13453
0 1 13455
0 1 13473
0 1 13474
0 1 13496
0 1 13500
0 1 13507
0 1 13510
0 1 13515
0 1 13516
0 1 13519
0 1 13529
0 1 13540
0 1 13547
0 1 13558
0 1 13563
0 1 13568
0 1 13570
0 1 13572
0 1 13575
0 1 13582
0 1 13583
0 1 13584
0 1 13586
0 1 13593
0 1 13597
0 1 13599
0 1 13602
0 1 13610
0 1 13616
0 1 13618
0 1 13635
0 1 13652
0 1 13655
0 1 13663
0 1 13666
0 1 13683
0 1 13684
0 1 13691
0 1 13698
0 1 13699
0 1 13704
0 1 13706
0 1 13712
0 1 13722
0 1 13725
0 1 13746
0 1 13751
0 1 13758
0 1 13759
0 1 13767
0 1 13768
0 1 13773
0 1 13784
0 1 13786
0 1 13788
0 1 13790
0 1 13808
0 1 13816
0 1 13817
0 1 13822
0 1 13827
0 1 13829
0 1 13832
0 1 13840
0 1 13842
0 1 13844
0 1 13870
0 1 13877
0 1 13880
0 1 13883
0 1 13884
0 1 13890
0 1 13892
0 1 13894
0 1 13896
0 1 13903
0 1 13906
0 1 13907
0 1 13913
0 1 13917
0 1 13932
0 1 13933
0 1 13937
0 1 13938
0 1 13946
0 1 13947
0 1 13960
0 1 13962
0 1 13969
0 1 13972
0 1 13999
0 1 14001
0 1 14010
0 1 14015
0 1 14025
0 1 14029
0 1 14044
0 1 14045
0 1 14051
0 1 14056
0 1 14060
0 1 14065
0 1 14072
0 1 14074
0 1 14080
0 1 14084
0 1 14087
0 1 14098
0 1 14105
0 1 14108
0 1 14116
0 1 14121
0 1 14124
0 1 14154
0 1 14166
0 1 14168
0 1 14170
0 1 14172
0 1 14176
0 1 14181
0 1 14183
0 1 14184
0 1 14192
0 1 14194
0 1 14201
0 1 14209
0 1 14222
0 1 14223
0 1 14231
0 1 14234
0 1 14235
0 1 14254
0 1 14258
0 1 14266
0 1 14269
0 1 14282
0 1 14286
0 1 14292
0 1 14301
0 1 14328
0 1 14333
0 1 14337
0 1 14339
0 1 14346
0 1 14347
0 1 14353
0 1 14355
0 1 14358
0 1 14359
0 1 14362
0 1 14366
0 1 14367
0 1 14372
0 1 14373
0 1 14379
0 1 14381
0 1 14385
0 1 14389
0 1 14390
0 1 14392
0 1 14401
0 1 14402
0 1 14404
0 1 14408
0 1 14414
0 1 14416
0 1 14417
0 1 14422
0 1 14427
0 1 14439
0 1 14444
0 1 14445
0 1 14458
0 1 14471
0 1 14476
0 1 14484
0 1 14491
0 1 14508
0 1 14512
0 1 14518
0 1 14521
0 1 14523
0 1 14533
0 1 14536
0 1 14538
0 1 14540
0 1 14554
0 1 14567
0 1 14571
0 1 14577
0 1 14579
0 1 14582
0 1 14583
0 1 14584
0 1 14586
0 1 14593
0 1 14595
0 1 14610
0 1 14611
0 1 14614
0 1 14617
0 1 14621
0 1 14630
0 1 14631
0 1 14656
0 1 14660
0 1 14664
0 1 14669
0 1 14674
0 1 14676
0 1 14679
0 1 14685
0 1 14688
0 1 14699
0 1 14702
0 1 14711
0 1 14720
0 1 14722
0 1 14738
0 1 14744
0 1 14762
0 1 14764
0 1 14771
0 1 14779
0 1 14788
0 1 14797
0 1 14798
0 1 14799
0 1 14800
0 1 14801
0 1 14802
0 1 14803
0 1 14811
0 1 14820
0 1 14827
0 1 14834
0 1 14842
0 1 14843
0 1 14844
0 1 14848
0 1 14851
0 1 14852
0 1 14859
0 1 14861
0 1 14866
0 1 14879
0 1 14899
0 1 14900
0 1 14901
0 1 14902
0 1 14903
0 1 14907
0 1 14909
0 1 14917
0 1 14918
0 1 14922
0 1 14923
0 1 14930
0 1 14931
0 1 14936
0 1 14942
0 1 14949
0 1 14960
0 1 14961
0 1 14976
0 1 14991
0 1 14993
0 1 14994
0 1 14995
0 1 14996
0 1 15003
0 1 15008
0 1 15010
0 1 15020
0 1 15023
0 1 15032
0 1 15037
0 1 15040
0 1 15047
0 1 15054
0 1 15064
0 1 15069
0 1 15071
0 1 15073
0 1 15075
0 1 15077
0 1 15080
0 1 15092
0 1 15093
0 1 15102
0 1 15104
0 1 15106
0 1 15112
0 1 15114
0 1 15115
0 1 15116
0 1 15119
0 1 15122
0 1 15126
0 1 15127
0 1 15128
0 1 15133
0 1 15135
0 1 15144
0 1 15149
0 1 15159
0 1 15166
0 1 15168
0 1 15171
0 1 15175
0 1 15177
0 1 15179
0 1 15181
0 1 15185
0 1 15186
0 1 15190
0 1 15203
0 1 15213
0 1 15215
0 1 15218
0 1 15221
0 1 15222
0 1 15231
0 1 15234
0 1 15240
0 1 15242
0 1 15253
0 1 15262
0 1 15276
0 1 15279
0 1 15280
0 1 15291
0 1 15294
0 1 15299
0 1 15311
0 1 15314
0 1 15328
0 1 15335
0 1 15337
0 1 15342
0 1 15349
0 1 15350
0 1 15364
0 1 15367
0 1 15373
0 1 15375
0 1 15384
0 1 15386
0 1 15392
0 1 15402
0 1 15410
0 1 15412
0 1 15414
0 1 15420
0 1 15421
0 1 15426
0 1 15427
0 1 15437
0 1 15442
0 1 15450
0 1 15452
0 1 15457
0 1 15459
0 1 15460
0 1 15465
0 1 15467
0 1 15471
0 1 15474
0 1 15480
0 1 15484
0 1 15500
0 1 15501
0 1 15519
0 1 15528
0 1 15530
0 1 15539
0 1 15541
0 1 15556
0 1 15560
0 1 15565
0 1 15572
0 1 15584
0 1 15595
0 1 15603
0 1 15604
0 1 15605
0 1 15607
0 1 15613
0 1 15616
0 1 15626
0 1 15630
0 1 15635
0 1 15642
0 1 15648
0 1 15653
0 1 15654
0 1 15664
0 1 15667
0 1 15670
0 1 15672
0 1 15678
0 1 15685
0 1 15687
0 1 15689
0 1 15691
0 1 15700
0 1 15703
0 1 15715
0 1 15716
0 1 15720
0 1 15735
0 1 15747
0 1 15751
0 1 15756
0 1 15761
0 1 15763
0 1 15765
0 1 15771
0 1 15772
0 1 15773
0 1 15782
0 1 15789
0 1 15791
0 1 15792
0 1 15806
0 1 15807
0 1 15808
0 1 15809
0 1 15820
0 1 15832
0 1 15847
0 1 15849
0 1 15850
0 1 15852
0 1 15856
0 1 15857
0 1 15864
0 1 15865
0 1 15866
0 1 15868
0 1 15871
0 1 15877
0 1 15878
0 1 15899
0 1 15905
0 1 15908
0 1 15917
0 1 15921
0 1 15923
0 1 15928
0 1 15929
0 1 15930
0 1 15931
0 1 15940
0 1 15941
0 1 15942
0 1 15943
0 1 15945
0 1 15951
0 1 15955
0 1 15961
0 1 15962
0 1 15964
0 1 15967
0 1 15970
0 1 15971
0 1 15972
0 1 15973
0 1 15977
0 1 15991
0 1 15997
0 1 15998
0 1 16000
0 1 16004
0 1 16011
0 1 16020
0 1 16021
0 1 16023
0 1 16024
0 1 16025
0 1 16035
0 1 16040
0 1 16043
0 1 16045
0 1 16048
0 1 16049
0 1 16061
0 1 16077
0 1 16078
0 1 16081
0 1 16095
0 1 16097
0 1 16104
0 1 16106
0 1 16110
0 1 16111
0 1 16115
0 1 16117
0 1 16119
0 1 16121
0 1 16124
0 1 16130
0 1 16143
0 1 16152
0 1 16153
0 1 16156
0 1 16159
0 1 16163
0 1 16165
0 1 16168
0 1 16170
0 1 16175
0 1 16181
0 1 16183
0 1 16209
0 1 16210
0 1 16218
0 1 16221
0 1 16225
0 1 16226
0 1 16229
0 1 16240
0 1 16246
0 1 16247
0 1 16259
0 1 16261
0 1 16264
0 1 16265
0 1 16269
0 1 16276
0 1 16279
0 1 16280
0 1 16281
0 1 16284
0 1 16290
0 1 16294
0 1 16295
0 1 16323
0 1 16324
0 1 16328
0 1 16330
0 1 16334
0 1 16336
0 1 16338
0 1 16349
0 1 16352
0 1 16353
0 1 16357
0 1 16360
0 1 16361
0 1 16362
0 1 16363
0 1 16365
0 1 16368
0 1 16373
0 1 16387
0 1 16393
0 1 16396
0 1 16399
0 1 16405
0 1 16411
0 1 16412
0 1 16414
0 1 16419
0 1 16425
0 1 16430
0 1 16436
0 1 16449
0 1 16450
0 1 16455
0 1 16464
0 1 16474
0 1 16476
0 1 16478
0 1 16480
0 1 16482
0 1 16483
0 1 16490
0 1 16492
0 1 16496
0 1 16500
0 1 16506
0 1 16512
0 1 16523
0 1 16552
0 1 16555
0 1 16565
0 1 16576
0 1 16577
0 1 16580
0 1 16595
0 1 16598
0 1 16601
0 1 16602
0 1 16608
0 1 16614
0 1 16615
0 1 16636
0 1 16637
0 1 16652
0 1 16661
0 1 16662
0 1 16663
0 1 16664
0 1 16667
0 1 16669
0 1 16675
0 1 16681
0 1 16692
0 1 16694
0 1 16700
0 1 16715
0 1 16716
0 1 16718
0 1 16726
0 1 16727
0 1 16740
0 1 16741
0 1 16742
0 1 16744
0 1 16747
0 1 16751
0 1 16755
0 1 16761
0 1 16766
0 1 16771
0 1 16776
0 1 16779
0 1 16781
0 1 16790
0 1 16791
0 1 16799
0 1 16801
0 1 16811
0 1 16825
0 1 16830
0 1 16837
0 1 16847
0 1 16849
0 1 16854
0 1 16855
0 1 16857
0 1 16858
0 1 16863
0 1 16865
0 1 16872
0 1 16876
0 1 16880
0 1 16889
0 1 16899
0 1 16905
0 1 16909
0 1 16911
0 1 16915
0 1 16918
0 1 16923
0 1 16928
0 1 16929
0 1 16930
0 1 16938
0 1 16941
0 1 16945
0 1 16946
0 1 16947
0 1 16951
0 1 16958
0 1 16979
0 1 16982
0 1 16985
0 1 17001
0 1 17016
0 1 17025
0 1 17027
0 1 17032
0 1 17047
0 1 17051
0 1 17053
0 1 17057
0 1 17060
0 1 17062
0 1 17064
0 1 17066
0 1 17067
0 1 17069
0 1 17072
0 1 17076
0 1 17087
0 1 17088
0 1 17090
0 1 17092
0 1 17096
0 1 17098
0 1 17104
0 1 17117
0 1 17123
0 1 17124
0 1 17125
0 1 17126
0 1 17136
0 1 17160
0 1 17173
0 1 17174
0 1 17175
0 1 17184
0 1 17185
0 1 17187
0 1 17188
0 1 17193
0 1 17198
0 1 17204
0 1 17206
0 1 17209
0 1 17225
0 1 17229
0 1 17231
0 1 17233
0 1 17236
0 1 17240
0 1 17242
0 1 17244
0 1 17246
0 1 17248
0 1 17249
0 1 17251
0 1 17253
0 1 17254
0 1 17261
0 1 17267
0 1 17268
0 1 17277
0 1 17278
0 1 17280
0 1 17292
0 1 17294
0 1 17306
0 1 17310
0 1 17322
0 1 17323
0 1 17324
0 1 17326
0 1 17335
0 1 17336
0 1 17340
0 1 17342
0 1 17350
0 1 17352
0 1 17361
0 1 17365
0 1 17371
0 1 17372
0 1 17375
0 1 17383
0 1 17395
0 1 17397
0 1 17406
0 1 17414
0 1 17418
0 1 17426
0 1 17435
0 1 17440
0 1 17443
0 1 17447
0 1 17452
0 1 17459
0 1 17462
0 1 17466
0 1 17467
0 1 17469
0 1 17471
0 1 17475
0 1 17479
0 1 17481
0 1 17482
0 1 17489
0 1 17491
0 1 17493
0 1 17499
0 1 17505
0 1 17507
0 1 17509
0 1 17510
0 1 17511
0 1 17512
0 1 17518
0 1 17522
0 1 17528
0 1 17529
0 1 17536
0 1 17544
0 1 17562
0 1 17569
0 1 17571
0 1 17578
0 1 17580
0 1 17582
0 1 17590
0 1 17595
0 1 17596
0 1 17597
0 1 17599
0 1 17603
0 1 17607
0 1 17613
0 1 17621
0 1 17628
0 1 17631
0 1 17634
0 1 17637
0 1 17639
0 1 17642
0 1 17648
0 1 17654
0 1 17655
0 1 17657
0 1 17658
0 1 17660
0 1 17663
0 1 17667
0 1 17674
0 1 17678
0 1 17682
0 1 17685
0 1 17687
0 1 17688
0 1 17692
0 1 17700
0 1 17712
0 1 17713
0 1 17714
0 1 17722
0 1 17728
0 1 17734
0 1 17740
0 1 17746
0 1 17748
0 1 17750
0 1 17762
0 1 17763
0 1 17767
0 1 17782
0 1 17783
0 1 17789
0 1 17793
0 1 17795
0 1 17809
0 1 17813
0 1 17817
0 1 17822
0 1 17824
0 1 17825
0 1 17826
0 1 17828
0 1 17835
0 1 17839
0 1 17842
0 1 17846
0 1 17847
0 1 17849
0 1 17853
0 1 17856
0 1 17857
0 1 17865
0 1 17866
0 1 17868
0 1 17870
0 1 17871
0 1 17873
0 1 17874
0 1 17885
0 1 17892
0 1 17894
0 1 17895
0 1 17897
0 1 17901
0 1 17903
0 1 17911
0 1 17915
0 1 17916
0 1 17919
0 1 17920
0 1 17921
0 1 17928
0 1 17934
0 1 17941
0 1 17952
0 1 17956
0 1 17957
0 1 17962
0 1 17963
0 1 17965
0 1 17974
0 1 17975
0 1 17977
0 1 17979
0 1 17980
0 1 17985
0 1 17986
0 1 17987
0 1 17989
0 1 17990
0 1 17993
0 1 17996
0 1 18006
0 1 18010
0 1 18014
0 1 18015
0 1 18024
0 1 18025
0 1 18033
0 1 18037
0 1 18039
0 1 18040
0 1 18042
0 1 18051
0 1 18065
0 1 18073
0 1 18077
0 1 18081
0 1 18082
0 1 18083
0 1 18090
0 1 18091
0 1 18100
0 1 18103
0 1 18107
0 1 18109
0 1 18113
0 1 18117
0 1 18120
0 1 18131
0 1 18133
0 1 18139
0 1 18147
0 1 18153
0 1 18159
0 1 18162
0 1 18164
0 1 18166
0 1 18171
0 1 18172
0 1 18173
0 1 18176
0 1 18179
0 1 18187
0 1 18195
0 1 18201
0 1 18217
0 1 18220
0 1 18230
0 1 18234
0 1 18240
0 1 18243
0 1 18249
0 1 18256
0 1 18257
0 1 18270
0 1 18274
0 1 18277
0 1 18291
0 1 18295
0 1 18301
0 1 18302
0 1 18307
0 1 18314
0 1 18315
0 1 18330
0 1 18332
0 1 18336
0 1 18337
0 1 18342
0 1 18343
0 1 18345
0 1 18352
0 1 18358
0 1 18376
0 1 18390
0 1 18391
0 1 18392
0 1 18402
0 1 18412
0 1 18419
0 1 18425
0 1 18440
0 1 18449
0 1 18451
0 1 18454
0 1 18457
0 1 18459
0 1 18466
0 1 18472
0 1 18474
0 1 18477
0 1 18492
0 1 18497
0 1 18510
0 1 18515
0 1 18516
0 1 18517
0 1 18520
0 1 18521
0 1 18526
0 1 18536
0 1 18543
0 1 18547
0 1 18556
0 1 18560
0 1 18562
0 1 18567
0 1 18568
0 1 18571
0 1 18575
0 1 18578
0 1 18582
0 1 18584
0 1 18586
0 1 18601
0 1 18604
0 1 18606
0 1 18616
0 1 18620
0 1 18622
0 1 18627
0 1 18634
0 1 18638
0 1 18649
0 1 18650
0 1 18653
0 1 18659
0 1 18669
0 1 18672
0 1 18678
0 1 18681
0 1 18684
0 1 18685
0 1 18693
0 1 18714
0 1 18724
0 1 18725
0 1 18726
0 1 18751
0 1 18752
0 1 18753
0 1 18766
0 1 18768
0 1 18773
0 1 18774
0 1 18777
0 1 18788
0 1 18792
0 1 18802
0 1 18803
0 1 18806
0 1 18818
0 1 18822
0 1 18824
0 1 18834
0 1 18835
0 1 18855
0 1 18859
0 1 18863
0 1 18865
0 1 18880
0 1 18886
0 1 18887
0 1 18893
0 1 18900
0 1 18906
0 1 18917
0 1 18920
0 1 18926
0 1 18933
0 1 18951
0 1 18959
0 1 18961
0 1 18962
0 1 18968
0 1 18970
0 1 18976
0 1 18981
0 1 18988
0 1 18989
0 1 18992
0 1 18996
0 1 18997
0 1 19001
0 1 19002
0 1 19005
0 1 19008
0 1 19011
0 1 19012
0 1 19025
0 1 19029
0 1 19032
0 1 19043
0 1 19062
0 1 19066
0 1 19076
0 1 19081
0 1 19090
0 1 19099
0 1 19106
0 1 19107
0 1 19114
0 1 19135
0 1 19143
0 1 19147
0 1 19158
0 1 19161
0 1 19162
0 1 19166
0 1 19174
0 1 19197
0 1 19201
0 1 19205
0 1 19214
0 1 19215
0 1 19218
0 1 19223
0 1 19232
0 1 19234
0 1 19237
0 1 19250
0 1 19251
0 1 19254
0 1 19261
0 1 19263
0 1 19267
0 1 19268
0 1 19270
0 1 19271
0 1 19272
0 1 19285
0 1 19290
0 1 19295
0 1 19304
0 1 19306
0 1 19334
0 1 19335
0 1 19339
0 1 19342
0 1 19346
0 1 19353
0 1 19359
0 1 19361
0 1 19373
0 1 19382
0 1 19388
0 1 19392
0 1 19393
0 1 19409
0 1 19415
0 1 19422
0 1 19430
0 1 19436
0 1 19437
0 1 19438
0 1 19444
0 1 19449
0 1 19450
0 1 19453
0 1 19460
0 1 19474
0 1 19478
0 1 19480
0 1 19492
0 1 19503
0 1 19504
0 1 19508
0 1 19509
0 1 19514
0 1 19518
0 1 19528
0 1 19529
0 1 19537
0 1 19547
0 1 19553
0 1 19563
0 1 19572
0 1 19578
0 1 19580
0 1 19587
0 1 19589
0 1 19595
0 1 19597
0 1 19599
0 1 19617
0 1 19620
0 1 19632
0 1 19635
0 1 19638
0 1 19642
0 1 19643
0 1 19645
0 1 19652
0 1 19653
0 1 19659
0 1 19663
0 1 19667
0 1 19672
0 1 19674
0 1 19685
0 1 19689
0 1 19697
0 1 19703
0 1 19704
0 1 19710
0 1 19714
0 1 19725
0 1 19736
0 1 19738
0 1 19741
0 1 19746
0 1 19757
0 1 19762
0 1 19767
0 1 19770
0 1 19773
0 1 19775
0 1 19778
0 1 19787
0 1 19789
0 1 19795
0 1 19796
0 1 19801
0 1 19804
0 1 19807
0 1 19808
0 1 19811
0 1 19812
0 1 19813
0 1 19815
0 1 19824
0 1 19826
0 1 19837
0 1 19838
0 1 19840
0 1 19843
0 1 19844
0 1 19846
0 1 19851
0 1 19854
0 1 19857
0 1 19867
0 1 19876
0 1 19892
0 1 19897
0 1 19911
0 1 19918
0 1 19921
0 1 19923
0 1 19924
0 1 19928
0 1 19952
0 1 19954
0 1 19956
0 1 19958
0 1 19959
0 1 19980
0 1 19998
0 1 20001
0 1 20006
0 1 20007
0 1 20023
0 1 20027
0 1 20030
0 1 20035
0 1 20036
0 1 20044
0 1 20053
0 1 20054
0 1 20056
0 1 20060
0 1 20061
0 1 20067
0 1 20069
0 1 20074
0 1 20077
0 1 20085
0 1 20089
0 1 20092
0 1 20093
0 1 20096
0 1 20097
0 1 20104
0 1 20108
0 1 20109
0 1 20116
0 1 20119
0 1 20123
0 1 20125
0 1 20129
0 1 20135
0 1 20141
0 1 20163
0 1 20175
0 1 20176
0 1 20178
0 1 20183
0 1 20184
0 1 20187
0 1 20188
0 1 20207
0 1 20209
0 1 20216
0 1 20219
0 1 20220
0 1 20221
0 1 20226
0 1 20228
0 1 20231
0 1 20232
0 1 20240
0 1 20244
0 1 20245
0 1 20250
0 1 20257
0 1 20264
0 1 20268
0 1 20270
0 1 20300
0 1 20309
0 1 20312
0 1 20315
0 1 20325
0 1 20341
0 1 20343
0 1 20345
0 1 20351
0 1 20360
0 1 20367
0 1 20368
0 1 20373
0 1 20375
0 1 20380
0 1 20382
0 1 20383
0 1 20387
0 1 20393
0 1 20399
0 1 20406
0 1 20407
0 1 20409
0 1 20417
0 1 20424
0 1 20434
0 1 20448
0 1 20449
0 1 20451
0 1 20457
0 1 20459
0 1 20460
0 1 20464
0 1 20469
0 1 20476
0 1 20485
0 1 20487
0 1 20489
0 1 20501
0 1 20503
0 1 20504
0 1 20505
0 1 20518
0 1 20519
0 1 20525
0 1 20532
0 1 20533
0 1 20535
0 1 20536
0 1 20542
0 1 20545
0 1 20546
0 1 20553
0 1 20555
0 1 20558
0 1 20560
0 1 20565
0 1 20566
0 1 20568
0 1 20574
0 1 20576
0 1 20579
0 1 20585
0 1 20589
0 1 20598
0 1 20601
0 1 20608
0 1 20609
0 1 20616
0 1 20617
0 1 20619
0 1 20628
0 1 20639
0 1 20644
0 1 20646
0 1 20653
0 1 20662
0 1 20666
0 1 20667
0 1 20668
0 1 20670
0 1 20677
0 1 20683
0 1 20692
0 1 20698
0 1 20704
0 1 20709
0 1 20715
0 1 20719
0 1 20722
0 1 20728
0 1 20730
0 1 20731
0 1 20741
0 1 20753
0 1 20759
0 1 20773
0 1 20777
0 1 20779
0 1 20780
0 1 20783
0 1 20784
0 1 20795
0 1 20799
0 1 20805
0 1 20808
0 1 20815
0 1 20821
0 1 20826
0 1 20829
0 1 20834
0 1 20835
0 1 20844
0 1 20849
0 1 20854
0 1 20856
0 1 20858
0 1 20865
0 1 20867
0 1 20881
0 1 20889
0 1 20892
0 1 20893
0 1 20902
0 1 20903
0 1 20905
0 1 20911
0 1 20914
0 1 20918
0 1 20926
0 1 20928
0 1 20931
0 1 20932
0 1 20938
0 1 20954
0 1 20970
0 1 20984
0 1 20987
0 1 20993
0 1 20999
0 1 21006
0 1 21010
0 1 21017
0 1 21024
0 1 21026
0 1 21028
0 1 21035
0 1 21044
0 1 21049
0 1 21050
0 1 21060
0 1 21064
0 1 21067
0 1 21068
0 1 21069
0 1 21075
0 1 21092
0 1 21094
0 1 21102
0 1 21106
0 1 21110
0 1 21117
0 1 21127
0 1 21130
0 1 21131
0 1 21156
0 1 21162
0 1 21164
0 1 21177
0 1 21188
0 1 21202
0 1 21204
0 1 21206
0 1 21213
0 1 21214
0 1 21218
0 1 21219
0 1 21220
0 1 21228
0 1 21232
0 1 21234
0 1 21237
0 1 21243
0 1 21248
0 1 21256
0 1 21259
0 1 21263
0 1 21270
0 1 21273
0 1 21275
0 1 21277
0 1 21279
0 1 21281
0 1 21283
0 1 21287
0 1 21289
0 1 21306
0 1 21307
0 1 21309
0 1 21313
0 1 21314
0 1 21318
0 1 21319
0 1 21322
0 1 21337
0 1 21353
0 1 21363
0 1 21368
0 1 21382
0 1 21405
0 1 21409
0 1 21412
0 1 21413
0 1 21414
0 1 21421
0 1 21426
0 1 21434
0 1 21438
0 1 21444
0 1 21453
0 1 21461
0 1 21473
0 1 21474
0 1 21481
0 1 21482
0 1 21483
0 1 21490
0 1 21495
0 1 21496
0 1 21501
0 1 21510
0 1 21514
0 1 21517
0 1 21520
0 1 21542
0 1 21552
0 1 21557
0 1 21563
0 1 21573
0 1 21584
0 1 21599
0 1 21603
0 1 21605
0 1 21606
0 1 21608
0 1 21611
0 1 21612
0 1 21620
0 1 21625
0 1 21629
0 1 21630
0 1 21643
0 1 21648
0 1 21652
0 1 21658
0 1 21660
0 1 21661
0 1 21662
0 1 21667
0 1 21678
0 1 21682
0 1 21691
0 1 21692
0 1 21695
0 1 21712
0 1 21715
0 1 21718
0 1 21719
0 1 21734
0 1 21735
0 1 21738
0 1 21742
0 1 21744
0 1 21752
0 1 21755
0 1 21761
0 1 21773
0 1 21783
0 1 21785
0 1 21786
0 1 21788
0 1 21790
0 1 21792
0 1 21795
0 1 21800
0 1 21807
0 1 21815
0 1 21816
0 1 21822
0 1 21829
0 1 21836
0 1 21839
0 1 21857
0 1 21859
0 1 21862
0 1 21863
0 1 21874
0 1 21876
0 1 21879
0 1 21883
0 1 21890
0 1 21892
0 1 21895
0 1 21899
0 1 21906
0 1 21908
0 1 21917
0 1 21929
0 1 21942
0 1 21946
0 1 21952
0 1 21957
0 1 21958
0 1 21961
0 1 21969
0 1 21974
0 1 21978
0 1 21979
0 1 21983
0 1 21993
0 1 21997
0 1 21998
0 1 22004
0 1 22015
0 1 22022
0 1 22027
0 1 22029
0 1 22030
0 1 22031
0 1 22032
0 1 22033
0 1 22038
0 1 22045
0 1 22048
0 1 22049
0 1 22051
0 1 22055
0 1 22056
0 1 22068
0 1 22076
0 1 22078
0 1 22079
0 1 22080
0 1 22088
0 1 22089
0 1 22093
0 1 22100
0 1 22105
0 1 22106
0 1 22109
0 1 22110
0 1 22125
0 1 22128
0 1 22129
0 1 22145
0 1 22148
0 1 22149
0 1 22150
0 1 22167
0 1 22168
0 1 22175
0 1 22180
0 1 22186
0 1 22187
0 1 22189
0 1 22190
0 1 22193
0 1 22197
0 1 22207
0 1 22208
0 1 22211
0 1 22213
0 1 22215
0 1 22217
0 1 22221
0 1 22223
0 1 22226
0 1 22230
0 1 22232
0 1 22250
0 1 22254
0 1 22255
0 1 22256
0 1 22268
0 1 22275
0 1 22277
0 1 22282
0 1 22298
0 1 22303
0 1 22304
0 1 22307
0 1 22310
0 1 22314
0 1 22319
0 1 22330
0 1 22331
0 1 22336
0 1 22343
0 1 22349
0 1 22350
0 1 22351
0 1 22356
0 1 22359
0 1 22369
0 1 22374
0 1 22382
0 1 22384
0 1 22387
0 1 22389
0 1 22390
0 1 22392
0 1 22398
0 1 22406
0 1 22409
0 1 22413
0 1 22420
0 1 22423
0 1 22435
0 1 22444
0 1 22452
0 1 22454
0 1 22457
0 1 22462
0 1 22464
0 1 22466
0 1 22467
0 1 22468
0 1 22470
0 1 22471
0 1 22479
0 1 22486
0 1 22491
0 1 22496
0 1 22507
0 1 22510
0 1 22520
0 1 22533
0 1 22536
0 1 22539
0 1 22542
0 1 22544
0 1 22551
0 1 22556
0 1 22559
0 1 22564
0 1 22567
0 1 22577
0 1 22582
0 1 22588
0 1 22593
0 1 22596
0 1 22597
0 1 22602
0 1 22614
0 1 22622
0 1 22623
0 1 22626
0 1 22627
0 1 22630
0 1 22642
0 1 22643
0 1 22644
0 1 22646
0 1 22655
0 1 22659
0 1 22660
0 1 22661
0 1 22662
0 1 22663
0 1 22669
0 1 22670
0 1 22675
0 1 22678
0 1 22679
0 1 22680
0 1 22695
0 1 22701
0 1 22716
0 1 22719
0 1 22722
0 1 22723
0 1 22725
0 1 22726
0 1 22728
0 1 22729
0 1 22734
0 1 22736
0 1 22738
0 1 22746
0 1 22751
0 1 22754
0 1 22758
0 1 22763
0 1 22776
0 1 22777
0 1 22780
0 1 22787
0 1 22789
0 1 22790
0 1 22791
0 1 22795
0 1 22803
0 1 22806
0 1 22813
0 1 22816
0 1 22819
0 1 22832
0 1 22840
0 1 22842
0 1 22847
0 1 22851
0 1 22853
0 1 22854
0 1 22857
0 1 22878
0 1 22882
0 1 22887
0 1 22889
0 1 22891
0 1 22895
0 1 22898
0 1 22903
0 1 22907
0 1 22915
0 1 22919
0 1 22920
0 1 22936
0 1 22950
0 1 22955
0 1 22961
0 1 22968
0 1 22972
0 1 22978
0 1 22984
0 1 22996
0 1 23004
0 1 23007
0 1 23009
0 1 23012
0 1 23019
0 1 23023
0 1 23030
0 1 23038
0 1 23039
0 1 23040
0 1 23043
0 1 23044
0 1 23049
0 1 23070
0 1 23077
0 1 23078
0 1 23079
0 1 23081
0 1 23082
0 1 23083
0 1 23086
0 1 23088
0 1 23094
0 1 23095
0 1 23102
0 1 23107
0 1 23121
0 1 23131
0 1 23137
0 1 23141
0 1 23180
0 1 23183
0 1 23184
0 1 23194
0 1 23200
0 1 23201
0 1 23207
0 1 23215
0 1 23221
0 1 23228
0 1 23233
0 1 23234
0 1 23236
0 1 23246
0 1 23264
0 1 23271
0 1 23273
0 1 23275
0 1 23277
0 1 23278
0 1 23279
0 1 23282
0 1 23283
0 1 23289
0 1 23291
0 1 23295
0 1 23296
0 1 23304
0 1 23307
0 1 23308
0 1 23314
0 1 23315
0 1 23317
0 1 23321
0 1 23322
0 1 23344
0 1 23346
0 1 23350
0 1 23352
0 1 23362
0 1 23369
0 1 23391
0 1 23394
0 1 23395
0 1 23398
0 1 23401
0 1 23411
0 1 23413
0 1 23418
0 1 23424
0 1 23426
0 1 23428
0 1 23432
0 1 23434
0 1 23436
0 1 23441
0 1 23467
0 1 23468
0 1 23470
0 1 23476
0 1 23479
0 1 23481
0 1 23482
0 1 23483
0 1 23485
0 1 23487
0 1 23488
0 1 23495
0 1 23501
0 1 23502
0 1 23504
0 1 23508
0 1 23511
0 1 23525
0 1 23536
0 1 23539
0 1 23545
0 1 23547
0 1 23550
0 1 23555
0 1 23563
0 1 23581
0 1 23584
0 1 23585
0 1 23592
0 1 23595
0 1 23596
0 1 23603
0 1 23607
0 1 23613
0 1 23616
0 1 23624
0 1 23625
0 1 23626
0 1 23629
0 1 23635
0 1 23638
0 1 23641
0 1 23643
0 1 23648
0 1 23649
0 1 23658
0 1 23661
0 1 23669
0 1 23678
0 1 23679
0 1 23695
0 1 23701
0 1 23704
0 1 23707
0 1 23710
0 1 23713
0 1 23722
0 1 23729
0 1 23736
0 1 23740
0 1 23748
0 1 23751
0 1 23754
0 1 23758
0 1 23759
0 1 23762
0 1 23766
0 1 23769
0 1 23772
0 1 23781
0 1 23783
0 1 23788
0 1 23799
0 1 23810
0 1 23813
0 1 23819
0 1 23826
0 1 23827
0 1 23828
0 1 23832
0 1 23834
0 1 23839
0 1 23840
0 1 23843
0 1 23847
0 1 23849
0 1 23854
0 1 23857
0 1 23860
0 1 23868
0 1 23873
0 1 23877
0 1 23879
0 1 23883
0 1 23907
0 1 23909
0 1 23910
0 1 23911
0 1 23914
0 1 23919
0 1 23926
0 1 23927
0 1 23932
0 1 23933
0 1 23934
0 1 23944
0 1 23946
0 1 23950
0 1 23951
0 1 23971
0 1 23973
0 1 23974
0 1 23985
0 1 23988
0 1 23992
0 1 23995
0 1 24001
0 1 24005
0 1 24011
0 1 24015
0 1 24017
0 1 24020
0 1 24025
0 1 24026
0 1 24030
0 1 24032
0 1 24043
0 1 24049
0 1 24051
0 1 24056
0 1 24057
0 1 24065
0 1 24067
0 1 24068
0 1 24072
0 1 24080
0 1 24086
0 1 24094
0 1 24113
0 1 24114
0 1 24128
0 1 24132
0 1 24144
0 1 24153
0 1 24156
0 1 24158
0 1 24176
0 1 24179
0 1 24183
0 1 24188
0 1 24190
0 1 24195
0 1 24197
0 1 24199
0 1 24201
0 1 24205
0 1 24208
0 1 24211
0 1 24214
0 1 24219
0 1 24220
0 1 24225
0 1 24226
0 1 24237
0 1 24241
0 1 24242
0 1 24253
0 1 24254
0 1 24257
0 1 24260
0 1 24262
0 1 24263
0 1 24266
0 1 24270
0 1 24271
0 1 24273
0 1 24280
0 1 24289
0 1 24294
0 1 24298
0 1 24302
0 1 24303
0 1 24309
0 1 24310
0 1 24313
0 1 24320
0 1 24322
0 1 24323
0 1 24330
0 1 24337
0 1 24338
0 1 24348
0 1 24350
0 1 24362
0 1 24366
0 1 24370
0 1 24371
0 1 24372
0 1 24377
0 1 24378
0 1 24382
0 1 24390
0 1 24393
0 1 24394
0 1 24395
0 1 24405
0 1 24406
0 1 24413
0 1 24427
0 1 24433
0 1 24434
0 1 24437
0 1 24439
0 1 24442
0 1 24459
0 1 24464
0 1 24465
0 1 24469
0 1 24473
0 1 24476
0 1 24479
0 1 24481
0 1 24491
0 1 24495
0 1 24497
0 1 24507
0 1 24513
0 1 24515
0 1 24519
0 1 24525
0 1 24526
0 1 24527
0 1 24543
0 1 24551
0 1 24554
0 1 24558
0 1 24564
0 1 24568
0 1 24580
0 1 24584
0 1 24590
0 1 24593
0 1 24604
0 1 24605
0 1 24609
0 1 24617
0 1 24618
0 1 24620
0 1 24634
0 1 24639
0 1 24641
0 1 24643
0 1 24649
0 1 24651
0 1 24656
0 1 24658
0 1 24661
0 1 24665
0 1 24669
0 1 24670
0 1 24683
0 1 24685
0 1 24686
0 1 24687
0 1 24689
0 1 24690
0 1 24695
0 1 24702
0 1 24703
0 1 24709
0 1 24712
0 1 24721
0 1 24727
0 1 24728
0 1 24733
0 1 24744
0 1 24760
0 1 24763
0 1 24764
0 1 24766
0 1 24768
0 1 24776
0 1 24785
0 1 24786
0 1 24792
0 1 24805
0 1 24807
0 1 24808
0 1 24810
0 1 24818
0 1 24820
0 1 24821
0 1 24825
0 1 24827
0 1 24828
0 1 24830
0 1 24835
0 1 24844
0 1 24850
0 1 24855
0 1 24859
0 1 24860
0 1 24871
0 1 24877
0 1 24882
0 1 24884
0 1 24897
0 1 24904
0 1 24906
0 1 24909
0 1 24923
0 1 24927
0 1 24938
0 1 24943
0 1 24962
0 1 24972
0 1 24974
0 1 24976
0 1 24986
0 1 25011
0 1 25012
0 1 25017
0 1 25019
0 1 25021
0 1 25023
0 1 25025
0 1 25026
0 1 25027
0 1 25030
0 1 25033
0 1 25035
0 1 25040
0 1 25042
0 1 25045
0 1 25047
0 1 25049
0 1 25052
0 1 25058
0 1 25062
0 1 25064
0 1 25073
0 1 25078
0 1 25084
0 1 25088
0 1 25089
0 1 25092
0 1 25093
0 1 25095
0 1 25120
0 1 25128
0 1 25155
0 1 25157
0 1 25161
0 1 25187
0 1 25198
0 1 25208
0 1 25209
0 1 25219
0 1 25223
0 1 25224
0 1 25227
0 1 25228
0 1 25229
0 1 25236
0 1 25239
0 1 25251
0 1 25252
0 1 25254
0 1 25257
0 1 25268
0 1 25269
0 1 25277
0 1 25279
0 1 25290
0 1 25293
0 1 25295
0 1 25299
0 1 25302
0 1 25322
0 1 25328
0 1 25341
0 1 25346
0 1 25347
0 1 25348
0 1 25358
0 1 25360
0 1 25362
0 1 25363
0 1 25369
0 1 25372
0 1 25375
0 1 25382
0 1 25384
0 1 25388
0 1 25393
0 1 25394
0 1 25414
0 1 25416
0 1 25419
0 1 25422
0 1 25424
0 1 25429
0 1 25434
0 1 25435
0 1 25441
0 1 25442
0 1 25445
0 1 25446
0 1 25450
0 1 25452
0 1 25457
0 1 25458
0 1 25468
0 1 25469
0 1 25470
0 1 25480
0 1 25494
0 1 25497
0 1 25498
0 1 25500
0 1 25502
0 1 25503
0 1 25516
0 1 25517
0 1 25528
0 1 25534
0 1 25535
0 1 25537
0 1 25542
0 1 25552
0 1 25554
0 1 25580
0 1 25583
0 1 25584
0 1 25585
0 1 25586
0 1 25598
0 1 25610
0 1 25612
0 1 25616
0 1 25617
0 1 25621
0 1 25622
0 1 25627
0 1 25628
0 1 25629
0 1 25631
0 1 25632
0 1 25638
0 1 25642
0 1 25646
0 1 25650
0 1 25654
0 1 25656
0 1 25673
0 1 25675
0 1 25676
0 1 25701
0 1 25702
0 1 25705
0 1 25706
0 1 25707
0 1 25711
0 1 25717
0 1 25727
0 1 25731
0 1 25735
0 1 25737
0 1 25738
0 1 25765
0 1 25769
0 1 25773
0 1 25778
0 1 25779
0 1 25796
0 1 25803
0 1 25805
0 1 25808
0 1 25813
0 1 25815
0 1 25818
0 1 25823
0 1 25844
0 1 25845
0 1 25849
0 1 25850
0 1 25865
0 1 25873
0 1 25883
0 1 25885
0 1 25906
0 1 25916
0 1 25920
0 1 25922
0 1 25929
0 1 25930
0 1 25933
0 1 25935
0 1 25936
0 1 25943
0 1 25946
0 1 25949
0 1 25951
0 1 25953
0 1 25957
0 1 25967
0 1 25971
0 1 25972
0 1 25984
0 1 25985
0 1 25994
0 1 25996
0 1 25998
0 1 26001
0 1 26008
0 1 26011
0 1 26013
0 1 26030
0 1 26032
0 1 26033
0 1 26043
0 1 26049
0 1 26075
0 1 26084
0 1 26089
0 1 26092
0 1 26098
0 1 26100
0 1 26105
0 1 26107
0 1 26110
0 1 26111
0 1 26114
0 1 26116
0 1 26127
0 1 26140
0 1 26144
0 1 26148
0 1 26149
0 1 26154
0 1 26166
0 1 26174
0 1 26176
0 1 26177
0 1 26178
0 1 26189
0 1 26191
0 1 26195
0 1 26207
0 1 26215
0 1 26216
0 1 26218
0 1 26219
0 1 26222
0 1 26234
0 1 26243
0 1 26244
0 1 26246
0 1 26249
0 1 26256
0 1 26270
0 1 26271
0 1 26272
0 1 26283
0 1 26293
0 1 26294
0 1 26298
0 1 26299
0 1 26300
0 1 26309
0 1 26313
0 1 26320
0 1 26321
0 1 26322
0 1 26328
0 1 26338
0 1 26346
0 1 26351
0 1 26354
0 1 26355
0 1 26359
0 1 26360
0 1 26367
0 1 26371
0 1 26372
0 1 26381
0 1 26385
0 1 26388
0 1 26390
0 1 26394
0 1 26405
0 1 26410
0 1 26416
0 1 26417
0 1 26419
0 1 26423
0 1 26424
0 1 26429
0 1 26430
0 1 26431
0 1 26438
0 1 26443
0 1 26452
0 1 26455
0 1 26471
0 1 26474
0 1 26479
0 1 26482
0 1 26485
0 1 26490
0 1 26495
0 1 26497
0 1 26509
0 1 26512
0 1 26515
0 1 26516
0 1 26517
0 1 26522
0 1 26530
0 1 26538
0 1 26541
0 1 26543
0 1 26556
0 1 26563
0 1 26570
0 1 26571
0 1 26578
0 1 26579
0 1 26580
0 1 26585
0 1 26589
0 1 26592
0 1 26598
0 1 26604
0 1 26610
0 1 26611
0 1 26617
0 1 26618
0 1 26621
0 1 26624
0 1 26628
0 1 26636
0 1 26642
0 1 26654
0 1 26683
0 1 26685
0 1 26686
0 1 26689
0 1 26696
0 1 26710
0 1 26711
0 1 26712
0 1 26717
0 1 26722
0 1 26724
0 1 26728
0 1 26729
0 1 26738
0 1 26745
0 1 26749
0 1 26750
0 1 26753
0 1 26756
0 1 26767
0 1 26768
0 1 26771
0 1 26773
0 1 26774
0 1 26780
0 1 26784
0 1 26789
0 1 26791
0 1 26795
0 1 26798
0 1 26799
0 1 26802
0 1 26811
0 1 26813
0 1 26814
0 1 26816
0 1 26833
0 1 26846
0 1 26857
0 1 26859
0 1 26864
0 1 26869
0 1 26873
0 1 26878
0 1 26887
0 1 26891
0 1 26899
0 1 26900
0 1 26915
0 1 26925
0 1 26930
0 1 26933
0 1 26941
0 1 26943
0 1 26944
0 1 26946
0 1 26953
0 1 26959
0 1 26961
0 1 26963
0 1 26969
0 1 26974
0 1 26980
0 1 26985
0 1 26993
0 1 26996
0 1 27001
0 1 27002
0 1 27007
0 1 27012
0 1 27025
0 1 27031
0 1 27034
0 1 27039
0 1 27052
0 1 27054
0 1 27065
0 1 27066
0 1 27069
0 1 27073
0 1 27078
0 1 27083
0 1 27089
0 1 27099
0 1 27100
0 1 27106
0 1 27112
0 1 27119
0 1 27122
0 1 27124
0 1 27127
0 1 27128
0 1 27129
0 1 27130
0 1 27137
0 1 27144
0 1 27145
0 1 27148
0 1 27152
0 1 27159
0 1 27178
0 1 27187
0 1 27193
0 1 27194
0 1 27200
0 1 27203
0 1 27205
0 1 27210
0 1 27215
0 1 27229
0 1 27231
0 1 27232
0 1 27238
0 1 27241
0 1 27242
0 1 27243
0 1 27245
0 1 27246
0 1 27247
0 1 27253
0 1 27256
0 1 27271
0 1 27274
0 1 27280
0 1 27287
0 1 27291
0 1 27293
0 1 27307
0 1 27310
0 1 27315
0 1 27316
0 1 27317
0 1 27330
0 1 27333
0 1 27334
0 1 27335
0 1 27336
0 1 27338
0 1 27339
0 1 27341
0 1 27345
0 1 27358
0 1 27359
0 1 27360
0 1 27365
0 1 27371
0 1 27373
0 1 27378
0 1 27386
0 1 27390
0 1 27394
0 1 27395
0 1 27399
0 1 27415
0 1 27425
0 1 27429
0 1 27432
0 1 27440
0 1 27451
0 1 27462
0 1 27464
0 1 27468
0 1 27475
0 1 27479
0 1 27490
0 1 27492
0 1 27512
0 1 27514
0 1 27515
0 1 27521
0 1 27525
0 1 27526
0 1 27528
0 1 27532
0 1 27534
0 1 27537
0 1 27546
0 1 27555
0 1 27573
0 1 27581
0 1 27585
0 1 27588
0 1 27589
0 1 27594
0 1 27599
0 1 27602
0 1 27603
0 1 27607
0 1 27616
0 1 27627
0 1 27632
0 1 27638
0 1 27642
0 1 27644
0 1 27648
0 1 27650
0 1 27654
0 1 27657
0 1 27658
0 1 27666
0 1 27668
0 1 27673
0 1 27677
0 1 27679
0 1 27682
0 1 27683
0 1 27690
0 1 27698
0 1 27700
0 1 27701
0 1 27705
0 1 27706
0 1 27708
0 1 27710
0 1 27715
0 1 27716
0 1 27718
0 1 27719
0 1 27723
0 1 27724
0 1 27726
0 1 27733
0 1 27740
0 1 27746
0 1 27747
0 1 27750
0 1 27771
0 1 27777
0 1 27786
0 1 27793
0 1 27802
0 1 27803
0 1 27804
0 1 27813
0 1 27816
0 1 27821
0 1 27826
0 1 27832
0 1 27836
0 1 27840
0 1 27843
0 1 27844
0 1 27849
0 1 27851
0 1 27853
0 1 27860
0 1 27863
0 1 27873
0 1 27874
0 1 27877
0 1 27878
0 1 27880
0 1 27883
0 1 27888
0 1 27897
0 1 27904
0 1 27905
0 1 27906
0 1 27910
0 1 27924
0 1 27929
0 1 27932
0 1 27935
0 1 27941
0 1 27942
0 1 27943
0 1 27944
0 1 27946
0 1 27950
0 1 27951
0 1 27953
0 1 27956
0 1 27978
0 1 27980
0 1 27988
0 1 27989
0 1 27991
0 1 27994
0 1 27996
0 1 28015
0 1 28016
0 1 28019
0 1 28024
0 1 28027
0 1 28033
0 1 28034
0 1 28035
0 1 28036
0 1 28043
0 1 28047
0 1 28050
0 1 28054
0 1 28056
0 1 28058
0 1 28060
0 1 28077
0 1 28078
0 1 28088
0 1 28091
0 1 28092
0 1 28094
0 1 28096
0 1 28102
0 1 28106
0 1 28107
0 1 28108
0 1 28110
0 1 28114
0 1 28132
0 1 28134
0 1 28143
0 1 28144
0 1 28147
0 1 28156
0 1 28157
0 1 28164
0 1 28165
0 1 28168
0 1 28170
0 1 28180
0 1 28187
0 1 28191
0 1 28192
0 1 28201
0 1 28212
0 1 28216
0 1 28220
0 1 28223
0 1 28227
0 1 28233
0 1 28234
0 1 28267
0 1 28268
0 1 28278
0 1 28287
0 1 28294
0 1 28302
0 1 28305
0 1 28309
0 1 28310
0 1 28313
0 1 28318
0 1 28319
0 1 28324
0 1 28326
0 1 28338
0 1 28357
0 1 28362
0 1 28364
0 1 28366
0 1 28370
0 1 28372
0 1 28395
0 1 28401
0 1 28402
0 1 28405
0 1 28414
0 1 28419
0 1 28423
0 1 28427
0 1 28432
0 1 28445
0 1 28446
0 1 28458
0 1 28459
0 1 28467
0 1 28469
0 1 28478
0 1 28481
0 1 28482
0 1 28483
0 1 28493
0 1 28494
0 1 28500
0 1 28505
0 1 28508
0 1 28510
0 1 28514
0 1 28522
0 1 28526
0 1 28529
0 1 28538
0 1 28539
0 1 28540
0 1 28545
0 1 28546
0 1 28549
0 1 28550
0 1 28556
0 1 28559
0 1 28563
0 1 28568
0 1 28569
0 1 28572
0 1 28574
0 1 28578
0 1 28582
0 1 28587
0 1 28592
0 1 28596
0 1 28598
0 1 28602
0 1 28603
0 1 28613
0 1 28631
0 1 28637
0 1 28642
0 1 28643
0 1 28645
0 1 28648
0 1 28650
0 1 28651
0 1 28655
0 1 28659
0 1 28660
0 1 28661
0 1 28666
0 1 28675
0 1 28680
0 1 28681
0 1 28688
0 1 28699
0 1 28704
0 1 28705
0 1 28708
0 1 28716
0 1 28718
0 1 28722
0 1 28731
0 1 28739
0 1 28741
0 1 28744
0 1 28750
0 1 28752
0 1 28757
0 1 28759
0 1 28760
0 1 28763
0 1 28765
0 1 28766
0 1 28769
0 1 28770
0 1 28771
0 1 28772
0 1 28777
0 1 28787
0 1 28793
0 1 28799
0 1 28801
0 1 28804
0 1 28807
0 1 28813
0 1 28826
0 1 28830
0 1 28842
0 1 28848
0 1 28850
0 1 28862
0 1 28873
0 1 28876
0 1 28892
0 1 28896
0 1 28899
0 1 28900
0 1 28901
0 1 28904
0 1 28906
0 1 28911
0 1 28916
0 1 28917
0 1 28932
0 1 28933
0 1 28938
0 1 28940
0 1 28943
0 1 28948
0 1 28950
0 1 28951
0 1 28959
0 1 28963
0 1 28967
0 1 28975
0 1 28983
0 1 28985
0 1 28989
0 1 28994
0 1 28996
0 1 28997
0 1 29006
0 1 29010
0 1 29014
0 1 29018
0 1 29020
0 1 29035
0 1 29038
0 1 29042
0 1 29046
0 1 29054
0 1 29065
0 1 29066
0 1 29080
0 1 29081
0 1 29085
0 1 29091
0 1 29112
0 1 29114
0 1 29116
0 1 29131
0 1 29145
0 1 29149
0 1 29152
0 1 29155
0 1 29156
0 1 29166
0 1 29170
0 1 29174
0 1 29177
0 1 29180
0 1 29185
0 1 29186
0 1 29187
0 1 29201
0 1 29210
0 1 29213
0 1 29222
0 1 29226
0 1 29233
0 1 29235
0 1 29238
0 1 29252
0 1 29263
0 1 29267
0 1 29268
0 1 29274
0 1 29277
0 1 29279
0 1 29288
0 1 29293
0 1 29297
0 1 29307
0 1 29312
0 1 29313
0 1 29314
0 1 29315
0 1 29317
0 1 29318
0 1 29321
0 1 29322
0 1 29324
0 1 29326
0 1 29335
0 1 29338
0 1 29344
0 1 29349
0 1 29357
0 1 29367
0 1 29368
0 1 29378
0 1 29387
0 1 29396
0 1 29408
0 1 29410
0 1 29415
0 1 29416
0 1 29422
0 1 29426
0 1 29427
0 1 29434
0 1 29438
0 1 29445
0 1 29447
0 1 29451
0 1 29455
0 1 29474
0 1 29476
0 1 29479
0 1 29483
0 1 29489
0 1 29513
0 1 29515
0 1 29517
0 1 29526
0 1 29547
0 1 29553
0 1 29559
0 1 29564
0 1 29580
0 1 29582
0 1 29592
0 1 29593
0 1 29595
0 1 29598
0 1 29600
0 1 29609
0 1 29628
0 1 29634
0 1 29639
0 1 29641
0 1 29643
0 1 29649
0 1 29650
0 1 29655
0 1 29661
0 1 29662
0 1 29665
0 1 29669
0 1 29671
0 1 29675
0 1 29686
0 1 29687
0 1 29691
0 1 29694
0 1 29703
0 1 29705
0 1 29707
0 1 29711
0 1 29712
0 1 29726
0 1 29727
0 1 29729
0 1 29730
0 1 29737
0 1 29743
0 1 29746
0 1 29759
0 1 29761
0 1 29763
0 1 29769
0 1 29778
0 1 29781
0 1 29786
0 1 29787
0 1 29792
0 1 29798
0 1 29802
0 1 29814
0 1 29816
0 1 29817
0 1 29821
0 1 29823
0 1 29826
0 1 29830
0 1 29832
0 1 29839
0 1 29841
0 1 29857
0 1 29862
0 1 29865
0 1 29874
0 1 29876
0 1 29879
0 1 29880
0 1 29881
0 1 29883
0 1 29884
0 1 29890
0 1 29895
0 1 29899
0 1 29901
0 1 29902
0 1 29904
0 1 29907
0 1 29917
0 1 29923
0 1 29925
0 1 29928
0 1 29942
0 1 29944
0 1 29951
0 1 29952
0 1 29957
0 1 29959
0 1 29969
0 1 29972
0 1 29976
0 1 29980
0 1 29985
0 1 29992
0 1 30002
0 1 30007
0 1 30008
0 1 30016
0 1 30017
0 1 30023
0 1 30027
0 1 30030
0 1 30031
0 1 30035
0 1 30042
0 1 30047
0 1 30048
0 1 30050
0 1 30052
0 1 30057
0 1 30060
0 1 30064
0 1 30071
0 1 30077
0 1 30080
0 1 30097
0 1 30099
0 1 30101
0 1 30102
0 1 30108
0 1 30120
0 1 30123
0 1 30127
0 1 30128
0 1 30131
0 1 30140
0 1 30143
0 1 30149
0 1 30150
0 1 30152
0 1 30156
0 1 30162
0 1 30169
0 1 30170
0 1 30175
0 1 30181
0 1 30187
0 1 30191
0 1 30201
0 1 30205
0 1 30210
0 1 30221
0 1 30226
0 1 30229
0 1 30234
0 1 30241
0 1 30244
0 1 30260
0 1 30264
0 1 30266
0 1 30268
0 1 30275
0 1 30278
0 1 30279
0 1 30292
0 1 30296
0 1 30298
0 1 30307
0 1 30309
0 1 30311
0 1 30326
0 1 30331
0 1 30342
0 1 30345
0 1 30346
0 1 30351
0 1 30354
0 1 30362
0 1 30363
0 1 30375
0 1 30376
0 1 30378
0 1 30380
0 1 30385
0 1 30386
0 1 30387
0 1 30393
0 1 30395
0 1 30396
0 1 30397
0 1 30399
0 1 30401
0 1 30402
0 1 30407
0 1 30418
0 1 30421
0 1 30425
0 1 30427
0 1 30449
0 1 30453
0 1 30456
0 1 30459
0 1 30470
0 1 30480
0 1 30481
0 1 30483
0 1 30484
0 1 30489
0 1 30491
0 1 30495
0 1 30498
0 1 30499
0 1 30500
0 1 30505
0 1 30510
0 1 30513
0 1 30514
0 1 30516
0 1 30523
0 1 30524
0 1 30525
0 1 30527
0 1 30529
0 1 30530
0 1 30549
0 1 30550
0 1 30552
0 1 30553
0 1 30561
0 1 30568
0 1 30570
0 1 30572
0 1 30574
0 1 30586
0 1 30591
0 1 30597
0 1 30602
0 1 30611
0 1 30622
0 1 30626
0 1 30629
0 1 30632
0 1 30636
0 1 30637
0 1 30640
0 1 30644
0 1 30645
0 1 30646
0 1 30653
0 1 30672
0 1 30674
0 1 30677
0 1 30679
0 1 30687
0 1 30693
0 1 30697
0 1 30700
0 1 30706
0 1 30709
0 1 30715
0 1 30723
0 1 30724
0 1 30725
0 1 30726
0 1 30730
0 1 30757
0 1 30762
0 1 30766
0 1 30771
0 1 30773
0 1 30776
0 1 30781
0 1 30782
0 1 30786
0 1 30789
0 1 30790
0 1 30799
0 1 30808
0 1 30814
0 1 30824
0 1 30827
0 1 30830
0 1 30833
0 1 30838
0 1 30845
0 1 30850
0 1 30857
0 1 30859
0 1 30862
0 1 30865
0 1 30877
0 1 30885
0 1 30888
0 1 30897
0 1 30907
0 1 30914
0 1 30916
0 1 30928
0 1 30932
0 1 30936
0 1 30940
0 1 30948
0 1 30952
0 1 30955
0 1 30958
0 1 30966
0 1 30970
0 1 30974
0 1 30979
0 1 30985
0 1 30991
0 1 30993
0 1 31000
0 1 31001
0 1 31008
0 1 31023
0 1 31024
0 1 31026
0 1 31034
0 1 31036
0 1 31038
0 1 31043
0 1 31046
0 1 31047
0 1 31052
0 1 31056
0 1 31057
0 1 31058
0 1 31059
0 1 31061
0 1 31063
0 1 31071
0 1 31072
0 1 31074
0 1 31081
0 1 31101
0 1 31103
0 1 31107
0 1 31115
0 1 31127
0 1 31134
0 1 31139
0 1 31144
0 1 31148
0 1 31158
0 1 31164
0 1 31168
0 1 31178
0 1 31180
0 1 31182
0 1 31188
0 1 31194
0 1 31196
0 1 31197
0 1 31210
0 1 31212
0 1 31214
0 1 31219
0 1 31221
0 1 31224
0 1 31241
0 1 31242
0 1 31253
0 1 31254
0 1 31257
0 1 31278
0 1 31286
0 1 31288
0 1 31297
0 1 31299
0 1 31302
0 1 31306
0 1 31308
0 1 31313
0 1 31324
0 1 31328
0 1 31337
0 1 31343
0 1 31344
0 1 31345
0 1 31358
0 1 31364
0 1 31368
0 1 31370
0 1 31382
0 1 31384
0 1 31387
0 1 31391
0 1 31395
0 1 31396
0 1 31397
0 1 31400
0 1 31408
0 1 31417
0 1 31422
0 1 31424
0 1 31437
0 1 31439
0 1 31444
0 1 31445
0 1 31455
0 1 31456
0 1 31465
0 1 31474
0 1 31475
0 1 31479
0 1 31498
0 1 31503
0 1 31518
0 1 31533
0 1 31547
0 1 31553
0 1 31560
0 1 31566
0 1 31569
0 1 31571
0 1 31572
0 1 31576
0 1 31592
0 1 31595
0 1 31596
0 1 31597
0 1 31606
0 1 31607
0 1 31614
0 1 31618
0 1 31619
0 1 31623
0 1 31629
0 1 31633
0 1 31635
0 1 31636
0 1 31638
0 1 31642
0 1 31643
0 1 31654
0 1 31655
0 1 31658
0 1 31664
0 1 31667
0 1 31672
0 1 31677
0 1 31679
0 1 31680
0 1 31684
0 1 31700
0 1 31702
0 1 31703
0 1 31704
0 1 31708
0 1 31712
0 1 31714
0 1 31720
0 1 31722
0 1 31726
0 1 31732
0 1 31737
0 1 31742
0 1 31743
0 1 31752
0 1 31753
0 1 31762
0 1 31769
0 1 31772
0 1 31773
0 1 31777
0 1 31780
0 1 31782
0 1 31790
0 1 31795
0 1 31801
0 1 31803
0 1 31809
0 1 31814
0 1 31821
0 1 31827
0 1 31831
0 1 31839
0 1 31842
0 1 31844
0 1 31846
0 1 31859
0 1 31860
0 1 31870
0 1 31878
0 1 31883
0 1 31886
0 1 31896
0 1 31903
0 1 31906
0 1 31911
0 1 31918
0 1 31919
0 1 31922
0 1 31947
0 1 31949
0 1 31952
0 1 31953
0 1 31954
0 1 31955
0 1 31966
0 1 31968
0 1 31969
0 1 31973
0 1 31975
0 1 31987
0 1 31998
0 1 32001
0 1 32012
0 1 32020
0 1 32031
0 1 32037
0 1 32042
0 1 32052
0 1 32053
0 1 32055
0 1 32061
0 1 32069
0 1 32082
0 1 32085
0 1 32088
0 1 32101
0 1 32102
0 1 32103
0 1 32106
0 1 32112
0 1 32134
0 1 32135
0 1 32152
0 1 32161
0 1 32164
0 1 32165
0 1 32175
0 1 32180
0 1 32181
0 1 32184
0 1 32193
0 1 32194
0 1 32196
0 1 32207
0 1 32210
0 1 32216
0 1 32227
0 1 32232
0 1 32237
0 1 32240
0 1 32251
0 1 32256
0 1 32259
0 1 32260
0 1 32277
0 1 32281
0 1 32285
0 1 32287
0 1 32294
0 1 32300
0 1 32307
0 1 32313
0 1 32334
0 1 32335
0 1 32338
0 1 32339
0 1 32343
0 1 32348
0 1 32354
0 1 32359
0 1 32362
0 1 32365
0 1 32367
0 1 32377
0 1 32383
0 1 32390
0 1 32394
0 1 32395
0 1 32402
0 1 32413
0 1 32435
0 1 32445
0 1 32454
0 1 32456
0 1 32457
0 1 32462
0 1 32469
0 1 32482
0 1 32486
0 1 32491
0 1 32495
0 1 32502
0 1 32503
0 1 32505
0 1 32506
0 1 32509
0 1 32512
0 1 32514
0 1 32520
0 1 32525
0 1 32527
0 1 32530
0 1 32536
0 1 32537
0 1 32538
0 1 32546
0 1 32548
0 1 32549
0 1 32551
0 1 32555
0 1 32557
0 1 32563
0 1 32566
0 1 32581
0 1 32586
0 1 32597
0 1 32603
0 1 32618
0 1 32621
0 1 32634
0 1 32641
0 1 32646
0 1 32652
0 1 32653
0 1 32665
0 1 32667
0 1 32668
0 1 32675
0 1 32676
0 1 32677
0 1 32682
0 1 32694
0 1 32701
0 1 32707
0 1 32710
0 1 32713
0 1 32715
0 1 32721
0 1 32726
0 1 32728
0 1 32734
0 1 32736
0 1 32741
0 1 32744
0 1 32745
0 1 32750
0 1 32757
0 1 32769
0 1 32771
0 1 32774
0 1 32778
0 1 32781
0 1 32784
0 1 32786
0 1 32787
0 1 32802
0 1 32804
0 1 32819
0 1 32821
0 1 32832
0 1 32836
0 1 32838
0 1 32843
0 1 32844
0 1 32850
0 1 32852
0 1 32855
0 1 32862
0 1 32866
0 1 32870
0 1 32879
0 1 32894
0 1 32897
0 1 32911
0 1 32916
0 1 32918
0 1 32919
0 1 32922
0 1 32932
0 1 32954
0 1 32963
0 1 32974
0 1 32979
0 1 32986
0 1 32991
0 1 32994
0 1 32995
0 1 33001
0 1 33002
0 1 33004
0 1 33007
0 1 33010
0 1 33015
0 1 33022
0 1 33024
0 1 33025
0 1 33027
0 1 33028
0 1 33029
0 1 33045
0 1 33051
0 1 33058
0 1 33072
0 1 33079
0 1 33081
0 1 33088
0 1 33089
0 1 33091
0 1 33093
0 1 33096
0 1 33099
0 1 33101
0 1 33119
0 1 33120
0 1 33125
0 1 33140
0 1 33147
0 1 33148
0 1 33151
0 1 33153
0 1 33154
0 1 33155
0 1 33165
0 1 33173
0 1 33185
0 1 33188
0 1 33191
0 1 33194
0 1 33212
0 1 33216
0 1 33219
0 1 33220
0 1 33222
0 1 33224
0 1 33241
0 1 33248
0 1 33254
0 1 33257
0 1 33260
0 1 33272
0 1 33287
0 1 33289
0 1 33290
0 1 33303
0 1 33304
0 1 33308
0 1 33310
0 1 33315
0 1 33321
0 1 33322
0 1 33328
0 1 33330
0 1 33334
0 1 33343
0 1 33345
0 1 33357
0 1 33362
0 1 33364
0 1 33374
0 1 33377
0 1 33380
0 1 33383
0 1 33387
0 1 33389
0 1 33393
0 1 33398
0 1 33402
0 1 33406
0 1 33408
0 1 33409
0 1 33417
0 1 33419
0 1 33430
0 1 33434
0 1 33443
0 1 33444
0 1 33455
0 1 33460
0 1 33468
0 1 33478
0 1 33484
0 1 33489
0 1 33493
0 1 33494
0 1 33501
0 1 33503
0 1 33504
0 1 33506
0 1 33508
0 1 33515
0 1 33519
0 1 33521
0 1 33529
0 1 33535
0 1 33537
0 1 33539
0 1 33541
0 1 33548
0 1 33550
0 1 33554
0 1 33556
0 1 33558
0 1 33570
0 1 33572
0 1 33579
0 1 33583
0 1 33584
0 1 33588
0 1 33596
0 1 33613
0 1 33621
0 1 33628
0 1 33633
0 1 33634
0 1 33641
0 1 33642
0 1 33644
0 1 33645
0 1 33651
0 1 33669
0 1 33681
0 1 33701
0 1 33704
0 1 33710
0 1 33723
0 1 33734
0 1 33735
0 1 33740
0 1 33744
0 1 33747
0 1 33751
0 1 33756
0 1 33757
0 1 33761
0 1 33769
0 1 33771
0 1 33772
0 1 33773
0 1 33776
0 1 33780
0 1 33781
0 1 33782
0 1 33787
0 1 33791
0 1 33800
0 1 33810
0 1 33815
0 1 33817
0 1 33828
0 1 33833
0 1 33840
0 1 33842
0 1 33844
0 1 33845
0 1 33848
0 1 33850
0 1 33854
0 1 33860
0 1 33866
0 1 33869
0 1 33880
0 1 33881
0 1 33885
0 1 33890
0 1 33894
0 1 33895
0 1 33896
0 1 33903
0 1 33908
0 1 33914
0 1 33915
0 1 33917
0 1 33918
0 1 33919
0 1 33920
0 1 33922
0 1 33933
0 1 33935
0 1 33936
0 1 33939
0 1 33951
0 1 33953
0 1 33967
0 1 33972
0 1 33986
0 1 33989
0 1 34000
0 1 34004
0 1 34005
0 1 34007
0 1 34013
0 1 34023
0 1 34030
0 1 34035
0 1 34037
0 1 34039
0 1 34045
0 1 34047
0 1 34049
0 1 34051
0 1 34054
0 1 34055
0 1 34058
0 1 34059
0 1 34063
0 1 34070
0 1 34082
0 1 34086
0 1 34095
0 1 34105
0 1 34131
0 1 34132
0 1 34137
0 1 34148
0 1 34151
0 1 34156
0 1 34159
0 1 34164
0 1 34165
0 1 34178
0 1 34186
0 1 34197
0 1 34200
0 1 34204
0 1 34207
0 1 34208
0 1 34225
0 1 34230
0 1 34243
0 1 34244
0 1 34248
0 1 34254
0 1 34258
0 1 34269
0 1 34273
0 1 34275
0 1 34276
0 1 34280
0 1 34282
0 1 34286
0 1 34297
0 1 34302
0 1 34305
0 1 34329
0 1 34330
0 1 34338
0 1 34339
0 1 34340
0 1 34342
0 1 34343
0 1 34344
0 1 34348
0 1 34349
0 1 34350
0 1 34356
0 1 34358
0 1 34360
0 1 34361
0 1 34363
0 1 34369
0 1 34375
0 1 34380
0 1 34383
0 1 34394
0 1 34410
0 1 34415
0 1 34418
0 1 34419
0 1 34425
0 1 34427
0 1 34430
0 1 34437
0 1 34442
0 1 34448
0 1 34449
0 1 34452
0 1 34455
0 1 34456
0 1 34471
0 1 34472
0 1 34485
0 1 34488
0 1 34491
0 1 34494
0 1 34495
0 1 34506
0 1 34508
0 1 34511
0 1 34512
0 1 34517
0 1 34535
0 1 34536
0 1 34537
0 1 34551
0 1 34553
0 1 34554
0 1 34555
0 1 34560
0 1 34565
0 1 34580
0 1 34582
0 1 34588
0 1 34589
0 1 34592
0 1 34604
0 1 34605
0 1 34613
0 1 34620
0 1 34623
0 1 34624
0 1 34629
0 1 34630
0 1 34638
0 1 34644
0 1 34649
0 1 34661
0 1 34668
0 1 34670
0 1 34672
0 1 34676
0 1 34680
0 1 34683
0 1 34685
0 1 34688
0 1 34692
0 1 34693
0 1 34700
0 1 34703
0 1 34709
0 1 34711
0 1 34719
0 1 34721
0 1 34725
0 1 34729
0 1 34730
0 1 34732
0 1 34735
0 1 34736
0 1 34737
0 1 34738
0 1 34741
0 1 34752
0 1 34754
0 1 34761
0 1 34763
0 1 34770
0 1 34776
0 1 34781
0 1 34785
0 1 34786
0 1 34788
0 1 34801
0 1 34805
0 1 34815
0 1 34829
0 1 34830
0 1 34843
0 1 34845
0 1 34851
0 1 34862
0 1 34864
0 1 34866
0 1 34871
0 1 34873
0 1 34875
0 1 34876
0 1 34877
0 1 34880
0 1 34888
0 1 34889
0 1 34890
0 1 34897
0 1 34902
0 1 34907
0 1 34908
0 1 34911
0 1 34912
0 1 34914
0 1 34916
0 1 34917
0 1 34918
0 1 34919
0 1 34931
0 1 34937
0 1 34945
0 1 34961
0 1 34964
0 1 34982
0 1 34984
0 1 34988
0 1 34989
0 1 34990
0 1 34995
0 1 34999
0 1 35009
0 1 35015
0 1 35034
0 1 35040
0 1 35041
0 1 35044
0 1 35052
0 1 35054
0 1 35056
0 1 35060
0 1 35065
0 1 35067
0 1 35069
0 1 35071
0 1 35081
0 1 35083
0 1 35087
0 1 35091
0 1 35092
0 1 35093
0 1 35094
0 1 35096
0 1 35110
0 1 35115
0 1 35118
0 1 35120
0 1 35122
0 1 35124
0 1 35128
0 1 35130
0 1 35135
0 1 35141
0 1 35152
0 1 35163
0 1 35164
0 1 35165
0 1 35166
0 1 35169
0 1 35174
0 1 35176
0 1 35178
0 1 35179
0 1 35180
0 1 35182
0 1 35192
0 1 35195
0 1 35198
0 1 35202
0 1 35204
0 1 35206
0 1 35209
0 1 35210
0 1 35212
0 1 35214
0 1 35215
0 1 35220
0 1 35228
0 1 35233
0 1 35234
0 1 35238
0 1 35239
0 1 35246
0 1 35250
0 1 35252
0 1 35261
0 1 35266
0 1 35269
0 1 35272
0 1 35273
0 1 35275
0 1 35287
0 1 35288
0 1 35291
0 1 35294
0 1 35297
0 1 35300
0 1 35306
0 1 35307
0 1 35308
0 1 35310
0 1 35321
0 1 35329
0 1 35332
0 1 35335
0 1 35336
0 1 35347
0 1 35348
0 1 35354
0 1 35355
0 1 35356
0 1 35361
0 1 35363
0 1 35371
0 1 35374
0 1 35383
0 1 35385
0 1 35394
0 1 35395
0 1 35402
0 1 35408
0 1 35412
0 1 35416
0 1 35417
0 1 35429
0 1 35434
0 1 35445
0 1 35446
0 1 35447
0 1 35452
0 1 35459
0 1 35463
0 1 35469
0 1 35477
0 1 35491
0 1 35496
0 1 35498
0 1 35502
0 1 35511
0 1 35515
0 1 35529
0 1 35533
0 1 35535
0 1 35536
0 1 35543
0 1 35544
0 1 35545
0 1 35548
0 1 35557
0 1 35563
0 1 35576
0 1 35578
0 1 35580
0 1 35586
0 1 35588
0 1 35589
0 1 35593
0 1 35594
0 1 35619
0 1 35621
0 1 35625
0 1 35626
0 1 35630
0 1 35633
0 1 35635
0 1 35636
0 1 35637
0 1 35639
0 1 35640
0 1 35649
0 1 35660
0 1 35665
0 1 35678
0 1 35679
0 1 35684
0 1 35695
0 1 35696
0 1 35698
0 1 35707
0 1 35710
0 1 35714
0 1 35718
0 1 35725
0 1 35729
0 1 35733
0 1 35746
0 1 35748
0 1 35749
0 1 35759
0 1 35762
0 1 35765
0 1 35788
0 1 35790
0 1 35791
0 1 35803
0 1 35808
0 1 35818
0 1 35821
0 1 35823
0 1 35825
0 1 35827
0 1 35831
0 1 35851
0 1 35854
0 1 35857
0 1 35863
0 1 35872
0 1 35874
0 1 35877
0 1 35878
0 1 35881
0 1 35885
0 1 35892
0 1 35899
0 1 35909
0 1 35910
0 1 35915
0 1 35930
0 1 35939
0 1 35942
0 1 35943
0 1 35947
0 1 35953
0 1 35960
0 1 35962
0 1 35970
0 1 35973
0 1 35975
0 1 35976
0 1 35977
0 1 35979
0 1 35980
0 1 35982
0 1 35997
0 1 36013
0 1 36017
0 1 36022
0 1 36025
0 1 36033
0 1 36045
0 1 36073
0 1 36090
0 1 36093
0 1 36097
0 1 36098
0 1 36103
0 1 36105
0 1 36106
0 1 36107
0 1 36108
0 1 36112
0 1 36114
0 1 36119
0 1 36131
0 1 36133
0 1 36134
0 1 36137
0 1 36140
0 1 36141
0 1 36142
0 1 36144
0 1 36153
0 1 36154
0 1 36155
0 1 36156
0 1 36158
0 1 36159
0 1 36160
0 1 36162
0 1 36163
0 1 36171
0 1 36185
0 1 36187
0 1 36189
0 1 36196
0 1 36197
0 1 36198
0 1 36206
0 1 36212
0 1 36223
0 1 36228
0 1 36233
0 1 36237
0 1 36246
0 1 36251
0 1 36255
0 1 36257
0 1 36262
0 1 36267
0 1 36277
0 1 36278
0 1 36282
0 1 36288
0 1 36289
0 1 36297
0 1 36298
0 1 36301
0 1 36307
0 1 36309
0 1 36317
0 1 36324
0 1 36339
0 1 36340
0 1 36343
0 1 36346
0 1 36347
0 1 36352
0 1 36353
0 1 36360
0 1 36369
0 1 36373
0 1 36385
0 1 36395
0 1 36397
0 1 36398
0 1 36401
0 1 36402
0 1 36403
0 1 36405
0 1 36411
0 1 36416
0 1 36420
0 1 36422
0 1 36426
0 1 36440
0 1 36442
0 1 36445
0 1 36459
0 1 36466
0 1 36471
0 1 36472
0 1 36477
0 1 36480
0 1 36486
0 1 36488
0 1 36491
0 1 36494
0 1 36502
0 1 36510
0 1 36514
0 1 36521
0 1 36522
0 1 36527
0 1 36529
0 1 36531
0 1 36533
0 1 36538
0 1 36540
0 1 36559
0 1 36565
0 1 36567
0 1 36570
0 1 36573
0 1 36574
0 1 36578
0 1 36579
0 1 36581
0 1 36584
0 1 36596
0 1 36597
0 1 36602
0 1 36611
0 1 36614
0 1 36615
0 1 36617
0 1 36635
0 1 36637
0 1 36639
0 1 36640
0 1 36650
0 1 36656
0 1 36658
0 1 36663
0 1 36664
0 1 36665
0 1 36672
0 1 36684
0 1 36685
0 1 36696
0 1 36699
0 1 36711
0 1 36713
0 1 36715
0 1 36720
0 1 36724
0 1 36725
0 1 36727
0 1 36732
0 1 36741
0 1 36749
0 1 36759
0 1 36764
0 1 36766
0 1 36768
0 1 36774
0 1 36778
0 1 36781
0 1 36797
0 1 36799
0 1 36800
0 1 36801
0 1 36803
0 1 36808
0 1 36817
0 1 36822
0 1 36830
0 1 36831
0 1 36835
0 1 36844
0 1 36848
0 1 36851
0 1 36859
0 1 36860
0 1 36863
0 1 36866
0 1 36868
0 1 36869
0 1 36873
0 1 36874
0 1 36879
0 1 36880
0 1 36887
0 1 36893
0 1 36901
0 1 36903
0 1 36904
0 1 36911
0 1 36914
0 1 36918
0 1 36922
0 1 36925
0 1 36943
0 1 36945
0 1 36951
0 1 36954
0 1 36957
0 1 36971
0 1 36982
0 1 36987
0 1 36988
0 1 36989
0 1 36993
0 1 36995
0 1 37000
0 1 37004
0 1 37005
0 1 37007
0 1 37010
0 1 37014
0 1 37026
0 1 37027
0 1 37028
0 1 37035
0 1 37055
0 1 37056
0 1 37060
0 1 37075
0 1 37080
0 1 37084
0 1 37086
0 1 37087
0 1 37088
0 1 37089
0 1 37090
0 1 37091
0 1 37096
0 1 37098
0 1 37104
0 1 37111
0 1 37114
0 1 37118
0 1 37122
0 1 37123
0 1 37124
0 1 37127
0 1 37154
0 1 37156
0 1 37158
0 1 37159
0 1 37173
0 1 37178
0 1 37184
0 1 37200
0 1 37203
0 1 37209
0 1 37211
0 1 37216
0 1 37229
0 1 37231
0 1 37233
0 1 37235
0 1 37250
0 1 37252
0 1 37255
0 1 37259
0 1 37262
0 1 37264
0 1 37266
0 1 37267
0 1 37273
0 1 37277
0 1 37282
0 1 37285
0 1 37286
0 1 37296
0 1 37300
0 1 37302
0 1 37303
0 1 37313
0 1 37314
0 1 37319
0 1 37323
0 1 37327
0 1 37331
0 1 37333
0 1 37335
0 1 37341
0 1 37344
0 1 37353
0 1 37355
0 1 37357
0 1 37360
0 1 37366
0 1 37369
0 1 37370
0 1 37371
0 1 37373
0 1 37374
0 1 37376
0 1 37387
0 1 37388
0 1 37408
0 1 37418
0 1 37432
0 1 37434
0 1 37437
0 1 37441
0 1 37443
0 1 37451
0 1 37452
0 1 37458
0 1 37465
0 1 37468
0 1 37472
0 1 37473
0 1 37474
0 1 37492
0 1 37494
0 1 37498
0 1 37506
0 1 37512
0 1 37518
0 1 37522
0 1 37523
0 1 37524
0 1 37525
0 1 37528
0 1 37529
0 1 37534
0 1 37539
0 1 37546
0 1 37549
0 1 37550
0 1 37551
0 1 37555
0 1 37557
0 1 37571
0 1 37577
0 1 37584
0 1 37585
0 1 37587
0 1 37589
0 1 37590
0 1 37600
0 1 37620
0 1 37621
0 1 37628
0 1 37629
0 1 37630
0 1 37639
0 1 37641
0 1 37646
0 1 37648
0 1 37650
0 1 37659
0 1 37660
0 1 37661
0 1 37669
0 1 37674
0 1 37676
0 1 37677
0 1 37679
0 1 37690
0 1 37693
0 1 37696
0 1 37706
0 1 37708
0 1 37712
0 1 37717
0 1 37722
0 1 37723
0 1 37756
0 1 37767
0 1 37770
0 1 37773
0 1 37783
0 1 37789
0 1 37795
0 1 37801
0 1 37810
0 1 37827
0 1 37829
0 1 37831
0 1 37832
0 1 37862
0 1 37870
0 1 37872
0 1 37881
0 1 37895
0 1 37903
0 1 37918
0 1 37925
0 1 37932
0 1 37936
0 1 37939
0 1 37944
0 1 37947
0 1 37950
0 1 37960
0 1 37965
0 1 37968
0 1 37974
0 1 37994
0 1 37996
0 1 38017
0 1 38027
0 1 38041
0 1 38045
0 1 38050
0 1 38068
0 1 38074
0 1 38075
0 1 38082
0 1 38083
0 1 38088
0 1 38098
0 1 38101
0 1 38102
0 1 38112
0 1 38120
0 1 38126
0 1 38137
0 1 38141
0 1 38145
0 1 38147
0 1 38148
0 1 38153
0 1 38154
0 1 38156
0 1 38157
0 1 38163
0 1 38164
0 1 38176
0 1 38181
0 1 38186
0 1 38189
0 1 38190
0 1 38201
0 1 38205
0 1 38208
0 1 38209
0 1 38221
0 1 38231
0 1 38235
0 1 38249
0 1 38252
0 1 38253
0 1 38254
0 1 38256
0 1 38257
0 1 38264
0 1 38276
0 1 38278
0 1 38283
0 1 38290
0 1 38299
0 1 38306
0 1 38309
0 1 38318
0 1 38325
0 1 38330
0 1 38332
0 1 38339
0 1 38343
0 1 38346
0 1 38349
0 1 38355
0 1 38356
0 1 38357
0 1 38361
0 1 38366
0 1 38367
0 1 38368
0 1 38376
0 1 38384
0 1 38391
0 1 38392
0 1 38396
0 1 38399
0 1 38407
0 1 38430
0 1 38433
0 1 38435
0 1 38437
0 1 38443
0 1 38452
0 1 38453
0 1 38454
0 1 38458
0 1 38460
0 1 38462
0 1 38464
0 1 38467
0 1 38470
0 1 38477
0 1 38482
0 1 38486
0 1 38489
0 1 38493
0 1 38495
0 1 38500
0 1 38515
0 1 38520
0 1 38522
0 1 38524
0 1 38525
0 1 38526
0 1 38527
0 1 38542
0 1 38549
0 1 38551
0 1 38555
0 1 38559
0 1 38568
0 1 38575
0 1 38583
0 1 38585
0 1 38586
0 1 38588
0 1 38590
0 1 38600
0 1 38606
0 1 38617
0 1 38624
0 1 38627
0 1 38632
0 1 38637
0 1 38648
0 1 38653
0 1 38654
0 1 38655
0 1 38659
0 1 38662
0 1 38669
0 1 38673
0 1 38676
0 1 38688
0 1 38710
0 1 38711
0 1 38712
0 1 38714
0 1 38717
0 1 38725
0 1 38730
0 1 38732
0 1 38736
0 1 38754
0 1 38756
0 1 38762
0 1 38766
0 1 38771
0 1 38772
0 1 38773
0 1 38776
0 1 38779
0 1 38784
0 1 38785
0 1 38793
0 1 38797
0 1 38798
0 1 38802
0 1 38804
0 1 38806
0 1 38807
0 1 38808
0 1 38815
0 1 38820
0 1 38828
0 1 38829
0 1 38830
0 1 38845
0 1 38857
0 1 38862
0 1 38866
0 1 38874
0 1 38875
0 1 38876
0 1 38877
0 1 38882
0 1 38883
0 1 38884
0 1 38886
0 1 38887
0 1 38890
0 1 38892
0 1 38899
0 1 38902
0 1 38905
0 1 38908
0 1 38913
0 1 38914
0 1 38928
0 1 38933
0 1 38935
0 1 38937
0 1 38938
0 1 38941
0 1 38944
0 1 38945
0 1 38947
0 1 38952
0 1 38963
0 1 38965
0 1 38967
0 1 38974
0 1 38978
0 1 38979
0 1 38984
0 1 38987
0 1 38990
0 1 38993
0 1 38997
0 1 39001
0 1 39003
0 1 39008
0 1 39011
0 1 39012
0 1 39017
0 1 39020
0 1 39026
0 1 39031
0 1 39033
0 1 39034
0 1 39040
0 1 39047
0 1 39048
0 1 39049
0 1 39050
0 1 39054
0 1 39063
0 1 39066
0 1 39070
0 1 39071
0 1 39081
0 1 39082
0 1 39086
0 1 39087
0 1 39089
0 1 39098
0 1 39115
0 1 39127
0 1 39131
0 1 39133
0 1 39134
0 1 39151
0 1 39152
0 1 39159
0 1 39160
0 1 39165
0 1 39169
0 1 39177
0 1 39183
0 1 39187
0 1 39188
0 1 39190
0 1 39192
0 1 39195
0 1 39203
0 1 39216
0 1 39218
0 1 39221
0 1 39223
0 1 39225
0 1 39228
0 1 39229
0 1 39232
0 1 39256
0 1 39257
0 1 39258
0 1 39264
0 1 39269
0 1 39270
0 1 39271
0 1 39273
0 1 39274
0 1 39278
0 1 39290
0 1 39296
0 1 39307
0 1 39309
0 1 39310
0 1 39316
0 1 39320
0 1 39333
0 1 39336
0 1 39338
0 1 39341
0 1 39345
0 1 39349
0 1 39350
0 1 39354
0 1 39357
0 1 39370
0 1 39374
0 1 39377
0 1 39381
0 1 39383
0 1 39384
0 1 39391
0 1 39396
0 1 39401
0 1 39408
0 1 39411
0 1 39420
0 1 39424
0 1 39443
0 1 39449
0 1 39450
0 1 39458
0 1 39459
0 1 39460
0 1 39466
0 1 39469
0 1 39470
0 1 39472
0 1 39474
0 1 39475
0 1 39482
0 1 39483
0 1 39486
0 1 39490
0 1 39492
0 1 39495
0 1 39496
0 1 39497
0 1 39499
0 1 39507
0 1 39521
0 1 39524
0 1 39529
0 1 39531
0 1 39538
0 1 39549
0 1 39552
0 1 39553
0 1 39554
0 1 39556
0 1 39558
0 1 39582
0 1 39583
0 1 39588
0 1 39589
0 1 39602
0 1 39603
0 1 39605
0 1 39614
0 1 39615
0 1 39616
0 1 39618
0 1 39625
0 1 39626
0 1 39630
0 1 39633
0 1 39636
0 1 39638
0 1 39642
0 1 39644
0 1 39649
0 1 39653
0 1 39656
0 1 39664
0 1 39666
0 1 39671
0 1 39673
0 1 39674
0 1 39678
0 1 39683
0 1 39685
0 1 39690
0 1 39693
0 1 39695
0 1 39696
0 1 39698
0 1 39706
0 1 39708
0 1 39713
0 1 39716
0 1 39719
0 1 39720
0 1 39721
0 1 39722
0 1 39727
0 1 39731
0 1 39733
0 1 39741
0 1 39746
0 1 39752
0 1 39758
0 1 39764
0 1 39765
0 1 39766
0 1 39781
0 1 39783
0 1 39787
0 1 39793
0 1 39804
0 1 39806
0 1 39807
0 1 39810
0 1 39813
0 1 39816
0 1 39817
0 1 39820
0 1 39823
0 1 39826
0 1 39828
0 1 39832
0 1 39833
0 1 39834
0 1 39836
0 1 39846
0 1 39849
0 1 39850
0 1 39854
0 1 39855
0 1 39856
0 1 39857
0 1 39865
0 1 39866
0 1 39867
0 1 39870
0 1 39883
0 1 39885
0 1 39887
0 1 39896
0 1 39898
0 1 39904
0 1 39905
0 1 39906
0 1 39911
0 1 39913
0 1 39917
0 1 39920
0 1 39926
0 1 39943
0 1 39947
0 1 39949
0 1 39953
0 1 39959
0 1 39961
0 1 39962
0 1 39964
0 1 39969
0 1 39971
0 1 39974
0 1 39975
0 1 39979
0 1 39982
0 1 39983
0 1 39985
0 1 39989
0 1 40001
0 1 40004
0 1 40012
0 1 40019
0 1 40025
0 1 40034
0 1 40037
0 1 40038
0 1 40039
0 1 40040
0 1 40041
0 1 40044
0 1 40049
0 1 40057
0 1 40061
0 1 40062
0 1 40065
0 1 40070
0 1 40081
0 1 40082
0 1 40084
0 1 40087
0 1 40088
0 1 40089
0 1 40096
0 1 40109
0 1 40112
0 1 40119
0 1 40129
0 1 40134
0 1 40138
0 1 40154
0 1 40163
0 1 40178
0 1 40180
0 1 40182
0 1 40186
0 1 40195
0 1 40198
0 1 40202
0 1 40205
0 1 40213
0 1 40214
0 1 40216
0 1 40217
0 1 40231
0 1 40234
0 1 40236
0 1 40245
0 1 40248
0 1 40250
0 1 40252
0 1 40253
0 1 40254
0 1 40266
0 1 40272
0 1 40278
0 1 40284
0 1 40286
0 1 40298
0 1 40306
0 1 40313
0 1 40317
0 1 40319
0 1 40321
0 1 40325
0 1 40331
0 1 40334
0 1 40335
0 1 40355
0 1 40356
0 1 40362
0 1 40364
0 1 40365
0 1 40367
0 1 40371
0 1 40375
0 1 40382
0 1 40392
0 1 40397
0 1 40408
0 1 40409
0 1 40411
0 1 40412
0 1 40413
0 1 40422
0 1 40426
0 1 40427
0 1 40435
0 1 40439
0 1 40440
0 1 40445
0 1 40446
0 1 40448
0 1 40455
0 1 40458
0 1 40466
0 1 40467
0 1 40470
0 1 40475
0 1 40480
0 1 40485
0 1 40487
0 1 40494
0 1 40496
0 1 40501
0 1 40502
0 1 40506
0 1 40514
0 1 40516
0 1 40517
0 1 40522
0 1 40524
0 1 40533
0 1 40542
0 1 40552
0 1 40564
0 1 40566
0 1 40567
0 1 40568
0 1 40571
0 1 40572
0 1 40576
0 1 40581
0 1 40583
0 1 40587
0 1 40608
0 1 40615
0 1 40618
0 1 40619
0 1 40621
0 1 40625
0 1 40629
0 1 40634
0 1 40635
0 1 40639
0 1 40644
0 1 40650
0 1 40667
0 1 40675
0 1 40679
0 1 40682
0 1 40683
0 1 40685
0 1 40688
0 1 40697
0 1 40698
0 1 40699
0 1 40706
0 1 40709
0 1 40712
0 1 40717
0 1 40721
0 1 40730
0 1 40733
0 1 40742
0 1 40744
0 1 40749
0 1 40752
0 1 40763
0 1 40781
0 1 40783
0 1 40786
0 1 40790
0 1 40792
0 1 40793
0 1 40794
0 1 40795
0 1 40807
0 1 40808
0 1 40811
0 1 40823
0 1 40827
0 1 40829
0 1 40830
0 1 40836
0 1 40843
0 1 40855
0 1 40856
0 1 40859
0 1 40860
0 1 40863
0 1 40867
0 1 40869
0 1 40881
0 1 40886
0 1 40888
0 1 40902
0 1 40904
0 1 40913
0 1 40915
0 1 40918
0 1 40924
0 1 40925
0 1 40926
0 1 40930
0 1 40933
0 1 40935
0 1 40947
0 1 40955
0 1 40958
0 1 40962
0 1 40965
0 1 40969
0 1 40983
0 1 40984
0 1 40987
0 1 40991
0 1 40992
0 1 40993
0 1 40994
0 1 40997
0 1 40998
0 1 41000
0 1 41008
0 1 41010
0 1 41011
0 1 41012
0 1 41042
0 1 41057
0 1 41064
0 1 41073
0 1 41083
0 1 41088
0 1 41091
0 1 41096
0 1 41099
0 1 41100
0 1 41104
0 1 41105
0 1 41113
0 1 41115
0 1 41118
0 1 41119
0 1 41128
0 1 41136
0 1 41143
0 1 41150
0 1 41154
0 1 41155
0 1 41156
0 1 41163
0 1 41166
0 1 41173
0 1 41175
0 1 41176
0 1 41179
0 1 41187
0 1 41198
0 1 41201
0 1 41211
0 1 41212
0 1 41218
0 1 41223
0 1 41225
0 1 41231
0 1 41243
0 1 41255
0 1 41259
0 1 41269
0 1 41270
0 1 41273
0 1 41280
0 1 41284
0 1 41287
0 1 41308
0 1 41315
0 1 41316
0 1 41334
0 1 41355
0 1 41358
0 1 41359
0 1 41362
0 1 41375
0 1 41378
0 1 41383
0 1 41393
0 1 41394
0 1 41395
0 1 41396
0 1 41399
0 1 41400
0 1 41404
0 1 41407
0 1 41423
0 1 41425
0 1 41431
0 1 41436
0 1 41437
0 1 41439
0 1 41444
0 1 41454
0 1 41455
0 1 41469
0 1 41470
0 1 41473
0 1 41482
0 1 41489
0 1 41490
0 1 41492
0 1 41493
0 1 41495
0 1 41501
0 1 41506
0 1 41510
0 1 41516
0 1 41518
0 1 41519
0 1 41521
0 1 41525
0 1 41526
0 1 41532
0 1 41535
0 1 41541
0 1 41551
0 1 41557
0 1 41562
0 1 41564
0 1 41565
0 1 41566
0 1 41569
0 1 41571
0 1 41577
0 1 41578
0 1 41582
0 1 41587
0 1 41595
0 1 41602
0 1 41606
0 1 41611
0 1 41623
0 1 41625
0 1 41628
0 1 41629
0 1 41631
0 1 41652
0 1 41656
0 1 41660
0 1 41666
0 1 41667
0 1 41668
0 1 41669
0 1 41671
0 1 41685
0 1 41693
0 1 41707
0 1 41714
0 1 41718
0 1 41719
0 1 41721
0 1 41722
0 1 41723
0 1 41729
0 1 41751
0 1 41753
0 1 41764
0 1 41775
0 1 41779
0 1 41799
0 1 41820
0 1 41830
0 1 41833
0 1 41836
0 1 41850
0 1 41853
0 1 41854
0 1 41863
0 1 41870
0 1 41871
0 1 41872
0 1 41880
0 1 41898
0 1 41903
0 1 41906
0 1 41912
0 1 41920
0 1 41922
0 1 41928
0 1 41931
0 1 41933
0 1 41934
0 1 41935
0 1 41936
0 1 41943
0 1 41944
0 1 41958
0 1 41966
0 1 41967
0 1 41995
0 1 41997
0 1 42000
0 1 42003
0 1 42007
0 1 42009
0 1 42017
0 1 42020
0 1 42022
0 1 42025
0 1 42035
0 1 42037
0 1 42038
0 1 42044
0 1 42050
0 1 42057
0 1 42058
0 1 42067
0 1 42072
0 1 42088
0 1 42093
0 1 42099
0 1 42102
0 1 42104
0 1 42112
0 1 42119
0 1 42135
0 1 42146
0 1 42151
0 1 42163
0 1 42172
0 1 42173
0 1 42177
0 1 42194
0 1 42197
0 1 42206
0 1 42210
0 1 42213
0 1 42217
0 1 42219
0 1 42220
0 1 42225
0 1 42233
0 1 42241
0 1 42250
0 1 42257
0 1 42265
0 1 42273
0 1 42289
0 1 42292
0 1 42304
0 1 42306
0 1 42307
0 1 42314
0 1 42315
0 1 42316
0 1 42322
0 1 42329
0 1 42332
0 1 42335
0 1 42342
0 1 42345
0 1 42350
0 1 42359
0 1 42361
0 1 42367
0 1 42375
0 1 42379
0 1 42380
0 1 42381
0 1 42383
0 1 42385
0 1 42397
0 1 42398
0 1 42405
0 1 42407
0 1 42414
0 1 42426
0 1 42434
0 1 42438
0 1 42443
0 1 42450
0 1 42458
0 1 42463
0 1 42464
0 1 42468
0 1 42470
0 1 42491
0 1 42495
0 1 42496
0 1 42498
0 1 42501
0 1 42511
0 1 42513
0 1 42514
0 1 42517
0 1 42520
0 1 42528
0 1 42537
0 1 42544
0 1 42546
0 1 42551
0 1 42558
0 1 42561
0 1 42573
0 1 42574
0 1 42576
0 1 42584
0 1 42597
0 1 42602
0 1 42618
0 1 42620
0 1 42630
0 1 42633
0 1 42634
0 1 42639
0 1 42644
0 1 42647
0 1 42657
0 1 42660
0 1 42665
0 1 42670
0 1 42672
0 1 42678
0 1 42700
0 1 42701
0 1 42710
0 1 42719
0 1 42721
0 1 42722
0 1 42725
0 1 42730
0 1 42731
0 1 42732
0 1 42733
0 1 42736
0 1 42737
0 1 42749
0 1 42753
0 1 42755
0 1 42763
0 1 42766
0 1 42777
0 1 42778
0 1 42780
0 1 42781
0 1 42794
0 1 42796
0 1 42797
0 1 42811
0 1 42820
0 1 42824
0 1 42828
0 1 42834
0 1 42837
0 1 42840
0 1 42848
0 1 42850
0 1 42854
0 1 42857
0 1 42868
0 1 42870
0 1 42876
0 1 42882
0 1 42883
0 1 42884
0 1 42889
0 1 42901
0 1 42907
0 1 42913
0 1 42914
0 1 42919
0 1 42922
0 1 42928
0 1 42932
0 1 42937
0 1 42944
0 1 42947
0 1 42956
0 1 42974
0 1 42985
0 1 42987
0 1 42988
0 1 42990
0 1 43013
0 1 43018
0 1 43021
0 1 43026
0 1 43031
0 1 43039
0 1 43040
0 1 43041
0 1 43054
0 1 43063
0 1 43067
0 1 43074
0 1 43076
0 1 43077
0 1 43091
0 1 43094
0 1 43099
0 1 43107
0 1 43123
0 1 43126
0 1 43128
0 1 43130
0 1 43135
0 1 43139
0 1 43142
0 1 43145
0 1 43150
0 1 43153
0 1 43154
0 1 43165
0 1 43177
0 1 43178
0 1 43180
0 1 43188
0 1 43192
0 1 43196
0 1 43197
0 1 43200
0 1 43210
0 1 43211
0 1 43212
0 1 43225
0 1 43229
0 1 43231
0 1 43236
0 1 43245
0 1 43255
0 1 43258
0 1 43269
0 1 43272
0 1 43280
0 1 43282
0 1 43284
0 1 43291
0 1 43294
0 1 43298
0 1 43304
0 1 43313
0 1 43316
0 1 43318
0 1 43319
0 1 43320
0 1 43321
0 1 43330
0 1 43332
0 1 43334
0 1 43336
0 1 43355
0 1 43364
0 1 43372
0 1 43382
0 1 43386
0 1 43391
0 1 43394
0 1 43402
0 1 43404
0 1 43410
0 1 43417
0 1 43435
0 1 43441
0 1 43444
0 1 43451
0 1 43457
0 1 43460
0 1 43470
0 1 43474
0 1 43485
0 1 43490
0 1 43496
0 1 43505
0 1 43513
0 1 43515
0 1 43516
0 1 43531
0 1 43533
0 1 43539
0 1 43541
0 1 43548
0 1 43553
0 1 43556
0 1 43564
0 1 43565
0 1 43568
0 1 43570
0 1 43579
0 1 43580
0 1 43582
0 1 43588
0 1 43601
0 1 43620
0 1 43623
0 1 43625
0 1 43646
0 1 43648
0 1 43652
0 1 43653
0 1 43657
0 1 43658
0 1 43665
0 1 43672
0 1 43675
0 1 43676
0 1 43677
0 1 43686
0 1 43687
0 1 43702
0 1 43703
0 1 43716
0 1 43726
0 1 43728
0 1 43740
0 1 43742
0 1 43747
0 1 43751
0 1 43756
0 1 43768
0 1 43770
0 1 43771
0 1 43780
0 1 43784
0 1 43789
0 1 43792
0 1 43793
0 1 43794
0 1 43797
0 1 43805
0 1 43810
0 1 43813
0 1 43814
0 1 43818
0 1 43821
0 1 43823
0 1 43826
0 1 43828
0 1 43830
0 1 43834
0 1 43837
0 1 43844
0 1 43853
0 1 43856
0 1 43865
0 1 43868
0 1 43875
0 1 43883
0 1 43887
0 1 43895
0 1 43906
0 1 43910
0 1 43923
0 1 43925
0 1 43936
0 1 43944
0 1 43945
0 1 43953
0 1 43955
0 1 43960
0 1 43995
0 1 44000
0 1 44003
0 1 44008
0 1 44015
0 1 44017
0 1 44018
0 1 44020
0 1 44024
0 1 44028
0 1 44034
0 1 44037
0 1 44038
0 1 44040
0 1 44041
0 1 44043
0 1 44044
0 1 44045
0 1 44049
0 1 44061
0 1 44062
0 1 44063
0 1 44067
0 1 44070
0 1 44073
0 1 44084
0 1 44085
0 1 44104
0 1 44109
0 1 44114
0 1 44116
0 1 44123
0 1 44127
0 1 44130
0 1 44133
0 1 44135
0 1 44153
0 1 44157
0 1 44159
0 1 44160
0 1 44161
0 1 44162
0 1 44176
0 1 44178
0 1 44181
0 1 44183
0 1 44191
0 1 44193
0 1 44206
0 1 44208
0 1 44212
0 1 44244
0 1 44248
0 1 44251
0 1 44252
0 1 44256
0 1 44261
0 1 44262
0 1 44265
0 1 44266
0 1 44267
0 1 44280
0 1 44282
0 1 44308
0 1 44318
0 1 44340
0 1 44345
0 1 44347
0 1 44348
0 1 44350
0 1 44352
0 1 44354
0 1 44355
0 1 44356
0 1 44366
0 1 44369
0 1 44372
0 1 44381
0 1 44385
0 1 44386
0 1 44401
0 1 44402
0 1 44413
0 1 44414
0 1 44418
0 1 44423
0 1 44428
0 1 44429
0 1 44430
0 1 44435
0 1 44443
0 1 44452
0 1 44460
0 1 44464
0 1 44470
0 1 44471
0 1 44491
0 1 44497
0 1 44498
0 1 44499
0 1 44503
0 1 44514
0 1 44517
0 1 44519
0 1 44529
0 1 44535
0 1 44539
0 1 44548
0 1 44550
0 1 44552
0 1 44553
0 1 44562
0 1 44567
0 1 44568
0 1 44572
0 1 44584
0 1 44591
0 1 44595
0 1 44597
0 1 44601
0 1 44607
0 1 44628
0 1 44631
0 1 44633
0 1 44636
0 1 44638
0 1 44639
0 1 44647
0 1 44657
0 1 44666
0 1 44671
0 1 44677
0 1 44684
0 1 44690
0 1 44691
0 1 44692
0 1 44699
0 1 44723
0 1 44725
0 1 44731
0 1 44734
0 1 44735
0 1 44749
0 1 44751
0 1 44755
0 1 44762
0 1 44764
0 1 44769
0 1 44771
0 1 44784
0 1 44788
0 1 44789
0 1 44791
0 1 44802
0 1 44806
0 1 44818
0 1 44820
0 1 44822
0 1 44825
0 1 44830
0 1 44832
0 1 44835
0 1 44837
0 1 44838
0 1 44841
0 1 44843
0 1 44846
0 1 44849
0 1 44855
0 1 44856
0 1 44858
0 1 44861
0 1 44870
0 1 44877
0 1 44889
0 1 44891
0 1 44897
0 1 44900
0 1 44909
0 1 44911
0 1 44914
0 1 44917
0 1 44930
0 1 44931
0 1 44943
0 1 44953
0 1 44961
0 1 44963
0 1 44965
0 1 44970
0 1 44971
0 1 44977
0 1 44980
0 1 44985
0 1 45001
0 1 45003
0 1 45009
0 1 45013
0 1 45015
0 1 45016
0 1 45019
0 1 45022
0 1 45034
0 1 45044
0 1 45054
0 1 45069
0 1 45076
0 1 45098
0 1 45100
0 1 45105
0 1 45106
0 1 45113
0 1 45119
0 1 45127
0 1 45130
0 1 45131
0 1 45132
0 1 45141
0 1 45142
0 1 45154
0 1 45157
0 1 45162
0 1 45166
0 1 45178
0 1 45182
0 1 45184
0 1 45189
0 1 45193
0 1 45201
0 1 45205
0 1 45209
0 1 45212
0 1 45214
0 1 45216
0 1 45218
0 1 45226
0 1 45228
0 1 45237
0 1 45240
0 1 45259
0 1 45262
0 1 45265
0 1 45268
0 1 45270
0 1 45273
0 1 45274
0 1 45278
0 1 45279
0 1 45282
0 1 45287
0 1 45290
0 1 45293
0 1 45296
0 1 45312
0 1 45315
0 1 45321
0 1 45331
0 1 45332
0 1 45339
0 1 45341
0 1 45347
0 1 45350
0 1 45352
0 1 45353
0 1 45363
0 1 45364
0 1 45380
0 1 45382
0 1 45397
0 1 45407
0 1 45415
0 1 45419
0 1 45427
0 1 45431
0 1 45434
0 1 45441
0 1 45451
0 1 45462
0 1 45464
0 1 45469
0 1 45473
0 1 45475
0 1 45477
0 1 45480
0 1 45487
0 1 45513
0 1 45515
0 1 45516
0 1 45523
0 1 45532
0 1 45533
0 1 45534
0 1 45537
0 1 45548
0 1 45562
0 1 45567
0 1 45569
0 1 45572
0 1 45577
0 1 45587
0 1 45591
0 1 45597
0 1 45598
0 1 45599
0 1 45602
0 1 45615
0 1 45629
0 1 45632
0 1 45636
0 1 45637
0 1 45638
0 1 45639
0 1 45642
0 1 45644
0 1 45645
0 1 45646
0 1 45648
0 1 45668
0 1 45675
0 1 45690
0 1 45693
0 1 45705
0 1 45709
0 1 45710
0 1 45713
0 1 45727
0 1 45733
0 1 45739
0 1 45746
0 1 45751
0 1 45754
0 1 45757
0 1 45766
0 1 45767
0 1 45774
0 1 45784
0 1 45785
0 1 45792
0 1 45793
0 1 45800
0 1 45804
0 1 45805
0 1 45806
0 1 45818
0 1 45829
0 1 45830
0 1 45832
0 1 45843
0 1 45846
0 1 45847
0 1 45850
0 1 45860
0 1 45861
0 1 45875
0 1 45877
0 1 45895
0 1 45912
0 1 45914
0 1 45930
0 1 45932
0 1 45934
0 1 45935
0 1 45941
0 1 45951
0 1 45953
0 1 45957
0 1 45961
0 1 45962
0 1 45963
0 1 45965
0 1 45966
0 1 45971
0 1 45972
0 1 45973
0 1 45974
0 1 45980
0 1 45985
0 1 45987
0 1 45997
0 1 46001
0 1 46017
0 1 46019
0 1 46028
0 1 46039
0 1 46040
0 1 46045
0 1 46046
0 1 46056
0 1 46057
0 1 46076
0 1 46077
0 1 46082
0 1 46088
0 1 46090
0 1 46094
0 1 46096
0 1 46097
0 1 46103
0 1 46116
0 1 46117
0 1 46124
0 1 46126
0 1 46130
0 1 46143
0 1 46146
0 1 46156
0 1 46158
0 1 46167
0 1 46170
0 1 46171
0 1 46174
0 1 46182
0 1 46185
0 1 46189
0 1 46197
0 1 46200
0 1 46204
0 1 46212
0 1 46221
0 1 46223
0 1 46225
0 1 46232
0 1 46239
0 1 46240
0 1 46253
0 1 46262
0 1 46267
0 1 46272
0 1 46274
0 1 46277
0 1 46279
0 1 46280
0 1 46291
0 1 46292
0 1 46293
0 1 46294
0 1 46295
0 1 46309
0 1 46314
0 1 46316
0 1 46323
0 1 46330
0 1 46337
0 1 46342
0 1 46344
0 1 46346
0 1 46348
0 1 46351
0 1 46354
0 1 46355
0 1 46357
0 1 46367
0 1 46369
0 1 46379
0 1 46380
0 1 46396
0 1 46397
0 1 46408
0 1 46410
0 1 46423
0 1 46424
0 1 46426
0 1 46428
0 1 46432
0 1 46448
0 1 46449
0 1 46455
0 1 46457
0 1 46463
0 1 46468
0 1 46479
0 1 46486
0 1 46487
0 1 46492
0 1 46494
0 1 46496
0 1 46497
0 1 46509
0 1 46512
0 1 46513
0 1 46517
0 1 46520
0 1 46526
0 1 46533
0 1 46545
0 1 46568
0 1 46572
0 1 46578
0 1 46582
0 1 46584
0 1 46600
0 1 46605
0 1 46608
0 1 46618
0 1 46622
0 1 46631
0 1 46649
0 1 46651
0 1 46652
0 1 46666
0 1 46672
0 1 46675
0 1 46679
0 1 46685
0 1 46687
0 1 46695
0 1 46700
0 1 46702
0 1 46709
0 1 46716
0 1 46720
0 1 46723
0 1 46736
0 1 46741
0 1 46745
0 1 46746
0 1 46750
0 1 46756
0 1 46761
0 1 46768
0 1 46771
0 1 46785
0 1 46792
0 1 46794
0 1 46799
0 1 46802
0 1 46804
0 1 46810
0 1 46821
0 1 46823
0 1 46825
0 1 46834
0 1 46836
0 1 46840
0 1 46853
0 1 46855
0 1 46858
0 1 46861
0 1 46869
0 1 46879
0 1 46880
0 1 46881
0 1 46884
0 1 46890
0 1 46891
0 1 46895
0 1 46897
0 1 46909
0 1 46910
0 1 46950
0 1 46959
0 1 46975
0 1 46989
0 1 46990
0 1 46991
0 1 46993
0 1 46994
0 1 46995
0 1 46997
0 1 46999
0 1 47000
0 1 47027
0 1 47028
0 1 47038
0 1 47041
0 1 47045
0 1 47048
0 1 47049
0 1 47051
0 1 47053
0 1 47058
0 1 47059
0 1 47061
0 1 47063
0 1 47064
0 1 47065
0 1 47072
0 1 47077
0 1 47081
0 1 47082
0 1 47097
0 1 47107
0 1 47110
0 1 47112
0 1 47113
0 1 47117
0 1 47119
0 1 47120
0 1 47124
0 1 47130
0 1 47142
0 1 47145
0 1 47147
0 1 47148
0 1 47154
0 1 47155
0 1 47157
0 1 47159
0 1 47174
0 1 47176
0 1 47180
0 1 47190
0 1 47193
0 1 47194
0 1 47201
0 1 47204
0 1 47205
0 1 47208
0 1 47212
0 1 47215
0 1 47219
0 1 47225
0 1 47229
0 1 47235
0 1 47240
0 1 47249
0 1 47252
0 1 47260
0 1 47265
0 1 47266
0 1 47273
0 1 47276
0 1 47277
0 1 47278
0 1 47280
0 1 47283
0 1 47284
0 1 47293
0 1 47296
0 1 47297
0 1 47301
0 1 47310
0 1 47311
0 1 47313
0 1 47317
0 1 47346
0 1 47357
0 1 47359
0 1 47360
0 1 47362
0 1 47370
0 1 47371
0 1 47373
0 1 47378
0 1 47390
0 1 47394
0 1 47403
0 1 47405
0 1 47411
0 1 47416
0 1 47423
0 1 47428
0 1 47432
0 1 47437
0 1 47439
0 1 47441
0 1 47442
0 1 47446
0 1 47448
0 1 47449
0 1 47458
0 1 47464
0 1 47467
0 1 47469
0 1 47470
0 1 47472
0 1 47486
0 1 47492
0 1 47494
0 1 47501
0 1 47503
0 1 47506
0 1 47516
0 1 47518
0 1 47519
0 1 47526
0 1 47530
0 1 47538
0 1 47544
0 1 47556
0 1 47561
0 1 47573
0 1 47575
0 1 47579
0 1 47580
0 1 47586
0 1 47587
0 1 47589
0 1 47590
0 1 47593
0 1 47594
0 1 47607
0 1 47612
0 1 47613
0 1 47619
0 1 47628
0 1 47634
0 1 47639
0 1 47644
0 1 47652
0 1 47659
0 1 47664
0 1 47672
0 1 47674
0 1 47681
0 1 47682
0 1 47688
0 1 47696
0 1 47716
0 1 47717
0 1 47718
0 1 47726
0 1 47730
0 1 47734
0 1 47737
0 1 47742
0 1 47749
0 1 47752
0 1 47755
0 1 47762
0 1 47774
0 1 47775
0 1 47777
0 1 47778
0 1 47781
0 1 47805
0 1 47809
0 1 47811
0 1 47821
0 1 47823
0 1 47824
0 1 47829
0 1 47832
0 1 47833
0 1 47835
0 1 47842
0 1 47846
0 1 47852
0 1 47857
0 1 47865
0 1 47870
0 1 47875
0 1 47877
0 1 47878
0 1 47894
0 1 47903
0 1 47906
0 1 47907
0 1 47908
0 1 47912
0 1 47913
0 1 47939
0 1 47954
0 1 47959
0 1 47964
0 1 47965
0 1 47973
0 1 47980
0 1 47981
0 1 47991
0 1 47993
0 1 48001
0 1 48007
0 1 48013
0 1 48021
0 1 48023
0 1 48026
0 1 48030
0 1 48039
0 1 48041
0 1 48049
0 1 48057
0 1 48066
0 1 48068
0 1 48071
0 1 48074
0 1 48077
0 1 48078
0 1 48080
0 1 48089
0 1 48099
0 1 48102
0 1 48104
0 1 48110
0 1 48119
0 1 48120
0 1 48122
0 1 48127
0 1 48138
0 1 48147
0 1 48151
0 1 48154
0 1 48156
0 1 48158
0 1 48169
0 1 48170
0 1 48171
0 1 48173
0 1 48175
0 1 48180
0 1 48185
0 1 48199
0 1 48200
0 1 48206
0 1 48207
0 1 48211
0 1 48212
0 1 48222
0 1 48225
0 1 48228
0 1 48235
0 1 48246
0 1 48248
0 1 48257
0 1 48271
0 1 48275
0 1 48280
0 1 48281
0 1 48285
0 1 48287
0 1 48292
0 1 48296
0 1 48302
0 1 48307
0 1 48308
0 1 48313
0 1 48316
0 1 48319
0 1 48320
0 1 48328
0 1 48336
0 1 48339
0 1 48340
0 1 48341
0 1 48345
0 1 48358
0 1 48361
0 1 48366
0 1 48371
0 1 48377
0 1 48390
0 1 48396
0 1 48397
0 1 48409
0 1 48416
0 1 48422
0 1 48424
0 1 48425
0 1 48427
0 1 48430
0 1 48433
0 1 48438
0 1 48440
0 1 48455
0 1 48465
0 1 48466
0 1 48468
0 1 48474
0 1 48475
0 1 48483
0 1 48484
0 1 48493
0 1 48495
0 1 48497
0 1 48501
0 1 48503
0 1 48510
0 1 48515
0 1 48520
0 1 48530
0 1 48531
0 1 48534
0 1 48535
0 1 48536
0 1 48538
0 1 48540
0 1 48543
0 1 48547
0 1 48561
0 1 48562
0 1 48573
0 1 48577
0 1 48580
0 1 48584
0 1 48589
0 1 48602
0 1 48605
0 1 48607
0 1 48609
0 1 48614
0 1 48624
0 1 48647
0 1 48648
0 1 48649
0 1 48660
0 1 48668
0 1 48671
0 1 48673
0 1 48675
0 1 48678
0 1 48683
0 1 48689
0 1 48693
0 1 48697
0 1 48699
0 1 48701
0 1 48709
0 1 48715
0 1 48720
0 1 48722
0 1 48723
0 1 48724
0 1 48726
0 1 48731
0 1 48742
0 1 48743
0 1 48751
0 1 48757
0 1 48758
0 1 48759
0 1 48763
0 1 48767
0 1 48769
0 1 48786
0 1 48789
0 1 48790
0 1 48793
0 1 48812
0 1 48813
0 1 48817
0 1 48818
0 1 48821
0 1 48823
0 1 48824
0 1 48826
0 1 48827
0 1 48830
0 1 48846
0 1 48852
0 1 48853
0 1 48860
0 1 48864
0 1 48873
0 1 48881
0 1 48882
0 1 48889
0 1 48895
0 1 48899
0 1 48900
0 1 48901
0 1 48903
0 1 48907
0 1 48909
0 1 48915
0 1 48916
0 1 48919
0 1 48944
0 1 48945
0 1 48947
0 1 48950
0 1 48954
0 1 48962
0 1 48968
0 1 48978
0 1 48979
0 1 48982
0 1 48989
0 1 48991
0 1 48999
0 1 49005
0 1 49011
0 1 49020
0 1 49021
0 1 49025
0 1 49026
0 1 49034
0 1 49044
0 1 49045
0 1 49049
0 1 49051
0 1 49060
0 1 49067
0 1 49069
0 1 49071
0 1 49078
0 1 49083
0 1 49087
0 1 49094
0 1 49099
0 1 49100
0 1 49102
0 1 49103
0 1 49117
0 1 49126
0 1 49140
0 1 49141
0 1 49152
0 1 49155
0 1 49156
0 1 49163
0 1 49165
0 1 49166
0 1 49169
0 1 49170
0 1 49177
0 1 49178
0 1 49180
0 1 49181
0 1 49186
0 1 49189
0 1 49194
0 1 49197
0 1 49198
0 1 49199
0 1 49200
0 1 49202
0 1 49204
0 1 49205
0 1 49218
0 1 49220
0 1 49226
0 1 49229
0 1 49233
0 1 49239
0 1 49243
0 1 49259
0 1 49261
0 1 49264
0 1 49268
0 1 49272
0 1 49277
0 1 49279
0 1 49281
0 1 49282
0 1 49285
0 1 49290
0 1 49300
0 1 49306
0 1 49307
0 1 49311
0 1 49313
0 1 49333
0 1 49340
0 1 49352
0 1 49358
0 1 49359
0 1 49360
0 1 49363
0 1 49364
0 1 49374
0 1 49381
0 1 49392
0 1 49402
0 1 49403
0 1 49404
0 1 49405
0 1 49407
0 1 49411
0 1 49414
0 1 49417
0 1 49421
0 1 49423
0 1 49433
0 1 49435
0 1 49436
0 1 49437
0 1 49441
0 1 49450
0 1 49462
0 1 49467
0 1 49468
0 1 49471
0 1 49477
0 1 49480
0 1 49487
0 1 49488
0 1 49494
0 1 49504
0 1 49506
0 1 49512
0 1 49516
0 1 49522
0 1 49535
0 1 49537
0 1 49539
0 1 49540
0 1 49545
0 1 49556
0 1 49558
0 1 49559
0 1 49563
0 1 49568
0 1 49576
0 1 49580
0 1 49606
0 1 49608
0 1 49609
0 1 49611
0 1 49614
0 1 49615
0 1 49627
0 1 49629
0 1 49638
0 1 49641
0 1 49648
0 1 49649
0 1 49650
0 1 49651
0 1 49658
0 1 49662
0 1 49671
0 1 49674
0 1 49677
0 1 49685
0 1 49687
0 1 49701
0 1 49729
0 1 49739
0 1 49755
0 1 49757
0 1 49758
0 1 49769
0 1 49776
0 1 49778
0 1 49784
0 1 49787
0 1 49788
0 1 49789
0 1 49790
0 1 49791
0 1 49796
0 1 49799
0 1 49803
0 1 49812
0 1 49820
0 1 49830
0 1 49831
0 1 49838
0 1 49839
0 1 49844
0 1 49850
0 1 49855
0 1 49856
0 1 49858
0 1 49862
0 1 49870
0 1 49872
0 1 49874
0 1 49877
0 1 49881
0 1 49882
0 1 49884
0 1 49888
0 1 49900
0 1 49901
0 1 49906
0 1 49913
0 1 49916
0 1 49933
0 1 49945
0 1 49947
0 1 49949
0 1 49957
0 1 49962
0 1 49963
0 1 49966
0 1 49981
0 1 49982
0 1 50004
0 1 50005
0 1 50006
0 1 50009
0 1 50011
0 1 50015
0 1 50016
0 1 50024
0 1 50027
0 1 50029
0 1 50035
0 1 50037
0 1 50040
0 1 50041
0 1 50043
0 1 50049
0 1 50057
0 1 50061
0 1 50064
0 1 50067
0 1 50072
0 1 50074
0 1 50080
0 1 50098
0 1 50101
0 1 50105
0 1 50114
0 1 50122
0 1 50126
0 1 50130
0 1 50142
0 1 50147
0 1 50155
0 1 50158
0 1 50159
0 1 50167
0 1 50173
0 1 50174
0 1 50178
0 1 50190
0 1 50202
0 1 50206
0 1 50210
0 1 50211
0 1 50216
0 1 50230
0 1 50240
0 1 50243
0 1 50245
0 1 50247
0 1 50262
0 1 50267
0 1 50268
0 1 50280
0 1 50283
0 1 50295
0 1 50296
0 1 50298
0 1 50300
0 1 50302
0 1 50304
0 1 50310
0 1 50311
0 1 50316
0 1 50318
0 1 50327
0 1 50330
0 1 50334
0 1 50345
0 1 50346
0 1 50347
0 1 50348
0 1 50349
0 1 50350
0 1 50359
0 1 50369
0 1 50376
0 1 50379
0 1 50381
0 1 50382
0 1 50386
0 1 50393
0 1 50406
0 1 50414
0 1 50415
0 1 50416
0 1 50420
0 1 50423
0 1 50425
0 1 50433
0 1 50435
0 1 50436
0 1 50444
0 1 50446
0 1 50458
0 1 50463
0 1 50466
0 1 50474
0 1 50481
0 1 50485
0 1 50498
0 1 50503
0 1 50512
0 1 50515
0 1 50521
0 1 50523
0 1 50525
0 1 50536
0 1 50539
0 1 50544
0 1 50548
0 1 50562
0 1 50564
0 1 50574
0 1 50575
0 1 50576
0 1 50583
0 1 50591
0 1 50598
0 1 50599
0 1 50601
0 1 50603
0 1 50609
0 1 50616
0 1 50618
0 1 50620
0 1 50622
0 1 50626
0 1 50633
0 1 50641
0 1 50651
0 1 50661
0 1 50662
0 1 50663
0 1 50670
0 1 50680
0 1 50684
0 1 50702
0 1 50708
0 1 50711
0 1 50713
0 1 50716
0 1 50722
0 1 50726
0 1 50727
0 1 50741
0 1 50745
0 1 50748
0 1 50750
0 1 50753
0 1 50761
0 1 50770
0 1 50794
0 1 50800
0 1 50807
0 1 50812
0 1 50813
0 1 50830
0 1 50831
0 1 50837
0 1 50843
0 1 50857
0 1 50858
0 1 50859
0 1 50864
0 1 50869
0 1 50874
0 1 50876
0 1 50893
0 1 50895
0 1 50896
0 1 50901
0 1 50904
0 1 50917
0 1 50920
0 1 50928
0 1 50932
0 1 50935
0 1 50939
0 1 50941
0 1 50950
0 1 50958
0 1 50960
0 1 50962
0 1 50963
0 1 50964
0 1 50978
0 1 50980
0 1 50984
0 1 50987
0 1 50990
0 1 51006
0 1 51008
0 1 51011
0 1 51015
0 1 51028
0 1 51029
0 1 51057
0 1 51063
0 1 51074
0 1 51076
0 1 51080
0 1 51091
0 1 51100
0 1 51105
0 1 51128
0 1 51130
0 1 51141
0 1 51143
0 1 51146
0 1 51149
0 1 51150
0 1 51158
0 1 51161
0 1 51162
0 1 51165
0 1 51167
0 1 51185
0 1 51194
0 1 51203
0 1 51211
0 1 51212
0 1 51215
0 1 51232
0 1 51236
0 1 51238
0 1 51241
0 1 51242
0 1 51257
0 1 51258
0 1 51262
0 1 51275
0 1 51281
0 1 51284
0 1 51292
0 1 51295
0 1 51297
0 1 51299
0 1 51303
0 1 51304
0 1 51305
0 1 51308
0 1 51312
0 1 51319
0 1 51324
0 1 51331
0 1 51336
0 1 51348
0 1 51356
0 1 51358
0 1 51360
0 1 51371
0 1 51374
0 1 51382
0 1 51392
0 1 51395
0 1 51408
0 1 51409
0 1 51412
0 1 51413
0 1 51415
0 1 51416
0 1 51418
0 1 51419
0 1 51421
0 1 51434
0 1 51436
0 1 51440
0 1 51442
0 1 51452
0 1 51455
0 1 51457
0 1 51461
0 1 51463
0 1 51469
0 1 51474
0 1 51479
0 1 51494
0 1 51501
0 1 51504
0 1 51508
0 1 51510
0 1 51514
0 1 51516
0 1 51521
0 1 51524
0 1 51547
0 1 51555
0 1 51556
0 1 51571
0 1 51572
0 1 51573
0 1 51576
0 1 51580
0 1 51583
0 1 51589
0 1 51591
0 1 51595
0 1 51597
0 1 51598
0 1 51600
0 1 51603
0 1 51606
0 1 51611
0 1 51630
0 1 51631
0 1 51635
0 1 51638
0 1 51652
0 1 51653
0 1 51658
0 1 51669
0 1 51675
0 1 51676
0 1 51693
0 1 51694
0 1 51700
0 1 51703
0 1 51706
0 1 51710
0 1 51720
0 1 51723
0 1 51724
0 1 51729
0 1 51755
0 1 51764
0 1 51769
0 1 51784
0 1 51785
0 1 51791
0 1 51799
0 1 51803
0 1 51804
0 1 51810
0 1 51812
0 1 51816
0 1 51818
0 1 51822
0 1 51827
0 1 51828
0 1 51834
0 1 51835
0 1 51838
0 1 51839
0 1 51847
0 1 51848
0 1 51850
0 1 51854
0 1 51856
0 1 51866
0 1 51872
0 1 51875
0 1 51888
0 1 51894
0 1 51899
0 1 51901
0 1 51903
0 1 51905
0 1 51906
0 1 51908
0 1 51909
0 1 51910
0 1 51915
0 1 51917
0 1 51922
0 1 51924
0 1 51939
0 1 51944
0 1 51947
0 1 51955
0 1 51959
0 1 51960
0 1 51961
0 1 51976
0 1 51981
0 1 51986
0 1 51988
0 1 51991
0 1 51993
0 1 52004
0 1 52007
0 1 52010
0 1 52032
0 1 52033
0 1 52047
0 1 52049
0 1 52051
0 1 52056
0 1 52062
0 1 52063
0 1 52067
0 1 52068
0 1 52069
0 1 52077
0 1 52080
0 1 52086
0 1 52088
0 1 52089
0 1 52090
0 1 52097
0 1 52110
0 1 52113
0 1 52114
0 1 52115
0 1 52123
0 1 52126
0 1 52130
0 1 52133
0 1 52138
0 1 52141
0 1 52146
0 1 52148
0 1 52151
0 1 52154
0 1 52159
0 1 52160
0 1 52166
0 1 52167
0 1 52169
0 1 52179
0 1 52186
0 1 52200
0 1 52201
0 1 52204
0 1 52217
0 1 52220
0 1 52221
0 1 52232
0 1 52236
0 1 52237
0 1 52244
0 1 52254
0 1 52258
0 1 52259
0 1 52261
0 1 52263
0 1 52268
0 1 52272
0 1 52274
0 1 52278
0 1 52279
0 1 52280
0 1 52292
0 1 52293
0 1 52294
0 1 52306
0 1 52312
0 1 52320
0 1 52330
0 1 52332
0 1 52335
0 1 52338
0 1 52342
0 1 52349
0 1 52362
0 1 52363
0 1 52365
0 1 52367
0 1 52372
0 1 52375
0 1 52379
0 1 52382
0 1 52389
0 1 52396
0 1 52397
0 1 52400
0 1 52402
0 1 52404
0 1 52406
0 1 52408
0 1 52412
0 1 52421
0 1 52435
0 1 52438
0 1 52440
0 1 52443
0 1 52449
0 1 52450
0 1 52455
0 1 52457
0 1 52462
0 1 52473
0 1 52488
0 1 52495
0 1 52499
0 1 52503
0 1 52506
0 1 52507
0 1 52508
0 1 52511
0 1 52516
0 1 52521
0 1 52531
0 1 52533
0 1 52535
0 1 52536
0 1 52548
0 1 52566
0 1 52568
0 1 52570
0 1 52571
0 1 52573
0 1 52575
0 1 52576
0 1 52578
0 1 52581
0 1 52582
0 1 52587
0 1 52593
0 1 52604
0 1 52608
0 1 52612
0 1 52627
0 1 52631
0 1 52644
0 1 52655
0 1 52661
0 1 52666
0 1 52677
0 1 52679
0 1 52680
0 1 52685
0 1 52689
0 1 52698
0 1 52710
0 1 52711
0 1 52713
0 1 52715
0 1 52718
0 1 52721
0 1 52727
0 1 52731
0 1 52733
0 1 52745
0 1 52747
0 1 52749
0 1 52750
0 1 52760
0 1 52768
0 1 52773
0 1 52787
0 1 52788
0 1 52792
0 1 52801
0 1 52811
0 1 52820
0 1 52821
0 1 52829
0 1 52830
0 1 52835
0 1 52836
0 1 52837
0 1 52850
0 1 52852
0 1 52855
0 1 52862
0 1 52864
0 1 52879
0 1 52887
0 1 52888
0 1 52889
0 1 52905
0 1 52906
0 1 52921
0 1 52922
0 1 52924
0 1 52926
0 1 52927
0 1 52932
0 1 52945
0 1 52947
0 1 52957
0 1 52958
0 1 52959
0 1 52968
0 1 52977
0 1 52978
0 1 52979
0 1 52997
0 1 53008
0 1 53024
0 1 53029
0 1 53033
0 1 53041
0 1 53048
0 1 53051
0 1 53057
0 1 53061
0 1 53065
0 1 53069
0 1 53076
0 1 53084
0 1 53096
0 1 53098
0 1 53125
0 1 53132
0 1 53136
0 1 53138
0 1 53142
0 1 53148
0 1 53153
0 1 53158
0 1 53164
0 1 53169
0 1 53190
0 1 53191
0 1 53192
0 1 53195
0 1 53211
0 1 53217
0 1 53221
0 1 53225
0 1 53226
0 1 53227
0 1 53231
0 1 53233
0 1 53234
0 1 53240
0 1 53247
0 1 53250
0 1 53265
0 1 53281
0 1 53282
0 1 53289
0 1 53290
0 1 53297
0 1 53303
0 1 53307
0 1 53312
0 1 53313
0 1 53321
0 1 53325
0 1 53328
0 1 53332
0 1 53334
0 1 53335
0 1 53342
0 1 53344
0 1 53353
0 1 53354
0 1 53360
0 1 53361
0 1 53365
0 1 53368
0 1 53370
0 1 53373
0 1 53379
0 1 53381
0 1 53383
0 1 53401
0 1 53404
0 1 53408
0 1 53410
0 1 53415
0 1 53416
0 1 53435
0 1 53441
0 1 53443
0 1 53451
0 1 53467
0 1 53472
0 1 53474
0 1 53481
0 1 53488
0 1 53489
0 1 53492
0 1 53495
0 1 53520
0 1 53528
0 1 53538
0 1 53540
0 1 53541
0 1 53543
0 1 53553
0 1 53554
0 1 53556
0 1 53557
0 1 53571
0 1 53576
0 1 53580
0 1 53582
0 1 53583
0 1 53584
0 1 53594
0 1 53606
0 1 53607
0 1 53610
0 1 53616
0 1 53620
0 1 53621
0 1 53625
0 1 53639
0 1 53649
0 1 53650
0 1 53652
0 1 53656
0 1 53659
0 1 53664
0 1 53665
0 1 53669
0 1 53675
0 1 53682
0 1 53683
0 1 53684
0 1 53685
0 1 53691
0 1 53692
0 1 53704
0 1 53713
0 1 53714
0 1 53722
0 1 53724
0 1 53726
0 1 53727
0 1 53737
0 1 53741
0 1 53744
0 1 53749
0 1 53754
0 1 53756
0 1 53757
0 1 53758
0 1 53760
0 1 53763
0 1 53767
0 1 53769
0 1 53770
0 1 53774
0 1 53775
0 1 53785
0 1 53789
0 1 53792
0 1 53798
0 1 53802
0 1 53821
0 1 53826
0 1 53836
0 1 53838
0 1 53843
0 1 53846
0 1 53848
0 1 53849
0 1 53851
0 1 53852
0 1 53853
0 1 53854
0 1 53855
0 1 53862
0 1 53863
0 1 53874
0 1 53875
0 1 53892
0 1 53894
0 1 53897
0 1 53898
0 1 53902
0 1 53905
0 1 53931
0 1 53940
0 1 53946
0 1 53950
0 1 53957
0 1 53963
0 1 53967
0 1 53971
0 1 53986
0 1 53987
0 1 53989
0 1 54000
0 1 54001
0 1 54002
0 1 54003
0 1 54004
0 1 54007
0 1 54009
0 1 54010
0 1 54018
0 1 54024
0 1 54028
0 1 54029
0 1 54030
0 1 54031
0 1 54033
0 1 54037
0 1 54038
0 1 54047
0 1 54068
0 1 54071
0 1 54080
0 1 54089
0 1 54092
0 1 54098
0 1 54103
0 1 54112
0 1 54113
0 1 54115
0 1 54116
0 1 54119
0 1 54121
0 1 54122
0 1 54134
0 1 54137
0 1 54143
0 1 54154
0 1 54156
0 1 54161
0 1 54168
0 1 54176
0 1 54178
0 1 54184
0 1 54198
0 1 54201
0 1 54213
0 1 54214
0 1 54215
0 1 54220
0 1 54229
0 1 54232
0 1 54245
0 1 54246
0 1 54255
0 1 54256
0 1 54257
0 1 54263
0 1 54266
0 1 54275
0 1 54279
0 1 54282
0 1 54284
0 1 54288
0 1 54308
0 1 54327
0 1 54331
0 1 54333
0 1 54335
0 1 54338
0 1 54340
0 1 54347
0 1 54350
0 1 54361
0 1 54365
0 1 54366
0 1 54374
0 1 54376
0 1 54380
0 1 54382
0 1 54388
0 1 54389
0 1 54395
0 1 54402
0 1 54403
0 1 54405
0 1 54412
0 1 54416
0 1 54420
0 1 54423
0 1 54437
0 1 54441
0 1 54442
0 1 54443
0 1 54451
0 1 54458
0 1 54462
0 1 54474
0 1 54480
0 1 54482
0 1 54483
0 1 54488
0 1 54492
0 1 54493
0 1 54496
0 1 54504
0 1 54509
0 1 54514
0 1 54530
0 1 54534
0 1 54537
0 1 54542
0 1 54549
0 1 54557
0 1 54560
0 1 54570
0 1 54572
0 1 54575
0 1 54582
0 1 54584
0 1 54586
0 1 54589
0 1 54591
0 1 54593
0 1 54603
0 1 54604
0 1 54606
0 1 54615
0 1 54617
0 1 54621
0 1 54623
0 1 54632
0 1 54634
0 1 54635
0 1 54653
0 1 54659
0 1 54660
0 1 54662
0 1 54668
0 1 54671
0 1 54677
0 1 54687
0 1 54693
0 1 54694
0 1 54699
0 1 54700
0 1 54701
0 1 54702
0 1 54705
0 1 54720
0 1 54727
0 1 54737
0 1 54740
0 1 54741
0 1 54743
0 1 54744
0 1 54746
0 1 54748
0 1 54756
0 1 54758
0 1 54763
0 1 54767
0 1 54774
0 1 54786
0 1 54788
0 1 54793
0 1 54802
0 1 54814
0 1 54816
0 1 54818
0 1 54824
0 1 54832
0 1 54839
0 1 54843
0 1 54844
0 1 54847
0 1 54853
0 1 54854
0 1 54855
0 1 54860
0 1 54862
0 1 54863
0 1 54867
0 1 54874
0 1 54875
0 1 54881
0 1 54884
0 1 54885
0 1 54889
0 1 54895
0 1 54898
0 1 54900
0 1 54902
0 1 54904
0 1 54906
0 1 54912
0 1 54917
0 1 54921
0 1 54932
0 1 54933
0 1 54935
0 1 54940
0 1 54946
0 1 54953
0 1 54954
0 1 54958
0 1 54969
0 1 54976
0 1 54977
0 1 54981
0 1 54983
0 1 55001
0 1 55002
0 1 55017
0 1 55022
0 1 55024
0 1 55027
0 1 55028
0 1 55033
0 1 55052
0 1 55055
0 1 55059
0 1 55060
0 1 55062
0 1 55072
0 1 55073
0 1 55074
0 1 55090
0 1 55095
0 1 55102
0 1 55106
0 1 55119
0 1 55121
0 1 55131
0 1 55134
0 1 55136
0 1 55148
0 1 55156
0 1 55162
0 1 55164
0 1 55166
0 1 55182
0 1 55187
0 1 55200
0 1 55201
0 1 55207
0 1 55213
0 1 55228
0 1 55230
0 1 55232
0 1 55239
0 1 55241
0 1 55242
0 1 55244
0 1 55250
0 1 55256
0 1 55260
0 1 55263
0 1 55265
0 1 55266
0 1 55278
0 1 55279
0 1 55281
0 1 55283
0 1 55290
0 1 55291
0 1 55292
0 1 55297
0 1 55308
0 1 55319
0 1 55320
0 1 55336
0 1 55337
0 1 55356
0 1 55357
0 1 55360
0 1 55374
0 1 55378
0 1 55379
0 1 55382
0 1 55386
0 1 55388
0 1 55394
0 1 55396
0 1 55405
0 1 55415
0 1 55416
0 1 55421
0 1 55437
0 1 55443
0 1 55448
0 1 55457
0 1 55459
0 1 55474
0 1 55478
0 1 55479
0 1 55482
0 1 55487
0 1 55489
0 1 55494
0 1 55507
0 1 55508
0 1 55522
0 1 55523
0 1 55525
0 1 55530
0 1 55534
0 1 55539
0 1 55540
0 1 55542
0 1 55545
0 1 55568
0 1 55572
0 1 55573
0 1 55586
0 1 55587
0 1 55589
0 1 55610
0 1 55612
0 1 55615
0 1 55622
0 1 55626
0 1 55629
0 1 55630
0 1 55633
0 1 55643
0 1 55649
0 1 55652
0 1 55655
0 1 55658
0 1 55662
0 1 55666
0 1 55667
0 1 55670
0 1 55671
0 1 55676
0 1 55685
0 1 55687
0 1 55692
0 1 55698
0 1 55709
0 1 55715
0 1 55716
0 1 55717
0 1 55719
0 1 55720
0 1 55725
0 1 55728
0 1 55733
0 1 55740
0 1 55752
0 1 55758
0 1 55760
0 1 55770
0 1 55772
0 1 55775
0 1 55778
0 1 55779
0 1 55787
0 1 55796
0 1 55798
0 1 55810
0 1 55814
0 1 55816
0 1 55819
0 1 55828
0 1 55829
0 1 55830
0 1 55834
0 1 55854
0 1 55865
0 1 55869
0 1 55874
0 1 55877
0 1 55879
0 1 55884
0 1 55893
0 1 55894
0 1 55896
0 1 55899
0 1 55903
0 1 55907
0 1 55909
0 1 55911
0 1 55918
0 1 55920
0 1 55921
0 1 55925
0 1 55933
0 1 55934
0 1 55941
0 1 55947
0 1 55953
0 1 55956
0 1 55959
0 1 55967
0 1 55969
0 1 55975
0 1 55976
0 1 55981
0 1 55985
0 1 55991
0 1 55992
0 1 55993
0 1 55995
0 1 55998
0 1 56012
0 1 56014
0 1 56019
0 1 56034
0 1 56041
0 1 56045
0 1 56047
0 1 56048
0 1 56050
0 1 56061
0 1 56063
0 1 56076
0 1 56080
0 1 56093
0 1 56102
0 1 56106
0 1 56107
0 1 56112
0 1 56114
0 1 56118
0 1 56121
0 1 56122
0 1 56127
0 1 56128
0 1 56130
0 1 56141
0 1 56145
0 1 56148
0 1 56155
0 1 56163
0 1 56164
0 1 56169
0 1 56173
0 1 56178
0 1 56181
0 1 56194
0 1 56195
0 1 56199
0 1 56200
0 1 56206
0 1 56208
0 1 56210
0 1 56213
0 1 56220
0 1 56226
0 1 56238
0 1 56239
0 1 56243
0 1 56244
0 1 56249
0 1 56252
0 1 56257
0 1 56265
0 1 56268
0 1 56276
0 1 56279
0 1 56280
0 1 56281
0 1 56285
0 1 56286
0 1 56287
0 1 56288
0 1 56291
0 1 56297
0 1 56301
0 1 56314
0 1 56328
0 1 56330
0 1 56354
0 1 56355
0 1 56357
0 1 56359
0 1 56363
0 1 56369
0 1 56373
0 1 56378
0 1 56384
0 1 56392
0 1 56400
0 1 56402
0 1 56409
0 1 56416
0 1 56418
0 1 56419
0 1 56426
0 1 56430
0 1 56440
0 1 56441
0 1 56442
0 1 56447
0 1 56454
0 1 56465
0 1 56466
0 1 56471
0 1 56477
0 1 56482
0 1 56484
0 1 56485
0 1 56486
0 1 56491
0 1 56495
0 1 56496
0 1 56506
0 1 56508
0 1 56514
0 1 56516
0 1 56520
0 1 56521
0 1 56525
0 1 56528
0 1 56533
0 1 56547
0 1 56548
0 1 56559
0 1 56560
0 1 56568
0 1 56579
0 1 56584
0 1 56591
0 1 56593
0 1 56594
0 1 56599
0 1 56605
0 1 56612
0 1 56621
0 1 56629
0 1 56639
0 1 56643
0 1 56647
0 1 56653
0 1 56657
0 1 56660
0 1 56668
0 1 56678
0 1 56683
0 1 56688
0 1 56695
0 1 56708
0 1 56720
0 1 56733
0 1 56735
0 1 56743
0 1 56747
0 1 56749
0 1 56751
0 1 56753
0 1 56764
0 1 56773
0 1 56778
0 1 56784
0 1 56791
0 1 56794
0 1 56804
0 1 56812
0 1 56815
0 1 56816
0 1 56821
0 1 56835
0 1 56852
0 1 56853
0 1 56868
0 1 56871
0 1 56874
0 1 56878
0 1 56880
0 1 56882
0 1 56884
0 1 56885
0 1 56895
0 1 56898
0 1 56900
0 1 56902
0 1 56903
0 1 56909
0 1 56914
0 1 56916
0 1 56920
0 1 56922
0 1 56923
0 1 56928
0 1 56931
0 1 56936
0 1 56953
0 1 56954
0 1 56956
0 1 56959
0 1 56963
0 1 56970
0 1 56972
0 1 56973
0 1 56985
0 1 56992
0 1 56998
0 1 57006
0 1 57008
0 1 57009
0 1 57010
0 1 57024
0 1 57026
0 1 57028
0 1 57031
0 1 57036
0 1 57041
0 1 57061
0 1 57068
0 1 57076
0 1 57078
0 1 57082
0 1 57088
0 1 57089
0 1 57100
0 1 57104
0 1 57108
0 1 57119
0 1 57121
0 1 57134
0 1 57135
0 1 57138
0 1 57145
0 1 57152
0 1 57156
0 1 57163
0 1 57166
0 1 57173
0 1 57180
0 1 57183
0 1 57187
0 1 57190
0 1 57200
0 1 57202
0 1 57207
0 1 57225
0 1 57232
0 1 57236
0 1 57247
0 1 57251
0 1 57252
0 1 57259
0 1 57268
0 1 57269
0 1 57280
0 1 57282
0 1 57283
0 1 57284
0 1 57288
0 1 57290
0 1 57294
0 1 57295
0 1 57297
0 1 57298
0 1 57305
0 1 57308
0 1 57312
0 1 57322
0 1 57323
0 1 57324
0 1 57327
0 1 57337
0 1 57341
0 1 57346
0 1 57347
0 1 57348
0 1 57349
0 1 57353
0 1 57359
0 1 57361
0 1 57365
0 1 57407
0 1 57420
0 1 57422
0 1 57424
0 1 57426
0 1 57431
0 1 57444
0 1 57446
0 1 57447
0 1 57449
0 1 57455
0 1 57468
0 1 57471
0 1 57473
0 1 57478
0 1 57482
0 1 57487
0 1 57490
0 1 57497
0 1 57504
0 1 57508
0 1 57510
0 1 57511
0 1 57512
0 1 57516
0 1 57518
0 1 57543
0 1 57545
0 1 57548
0 1 57565
0 1 57567
0 1 57571
0 1 57577
0 1 57580
0 1 57585
0 1 57593
0 1 57601
0 1 57605
0 1 57612
0 1 57613
0 1 57621
0 1 57622
0 1 57624
0 1 57626
0 1 57630
0 1 57635
0 1 57638
0 1 57639
0 1 57645
0 1 57649
0 1 57656
0 1 57659
0 1 57671
0 1 57677
0 1 57693
0 1 57698
0 1 57709
0 1 57710
0 1 57711
0 1 57712
0 1 57715
0 1 57716
0 1 57719
0 1 57732
0 1 57735
0 1 57741
0 1 57752
0 1 57755
0 1 57761
0 1 57768
0 1 57784
0 1 57789
0 1 57791
0 1 57794
0 1 57797
0 1 57798
0 1 57800
0 1 57806
0 1 57807
0 1 57811
0 1 57816
0 1 57817
0 1 57824
0 1 57830
0 1 57831
0 1 57839
0 1 57842
0 1 57845
0 1 57846
0 1 57849
0 1 57850
0 1 57852
0 1 57856
0 1 57862
0 1 57863
0 1 57868
0 1 57871
0 1 57881
0 1 57885
0 1 57896
0 1 57897
0 1 57901
0 1 57906
0 1 57909
0 1 57915
0 1 57925
0 1 57927
0 1 57930
0 1 57939
0 1 57945
0 1 57947
0 1 57955
0 1 57958
0 1 57962
0 1 57967
0 1 57972
0 1 57977
0 1 57988
0 1 57990
0 1 57991
0 1 58003
0 1 58008
0 1 58010
0 1 58013
0 1 58015
0 1 58023
0 1 58026
0 1 58028
0 1 58032
0 1 58038
0 1 58039
0 1 58045
0 1 58053
0 1 58054
0 1 58056
0 1 58057
0 1 58058
0 1 58063
0 1 58065
0 1 58070
0 1 58077
0 1 58095
0 1 58117
0 1 58125
0 1 58131
0 1 58132
0 1 58135
0 1 58149
0 1 58151
0 1 58156
0 1 58158
0 1 58164
0 1 58166
0 1 58169
0 1 58181
0 1 58182
0 1 58187
0 1 58189
0 1 58199
0 1 58200
0 1 58203
0 1 58207
0 1 58212
0 1 58213
0 1 58219
0 1 58223
0 1 58231
0 1 58235
0 1 58245
0 1 58251
0 1 58253
0 1 58255
0 1 58259
0 1 58266
0 1 58271
0 1 58273
0 1 58275
0 1 58276
0 1 58286
0 1 58288
0 1 58292
0 1 58293
0 1 58305
0 1 58307
0 1 58312
0 1 58323
0 1 58330
0 1 58331
0 1 58333
0 1 58336
0 1 58341
0 1 58343
0 1 58345
0 1 58347
0 1 58352
0 1 58360
0 1 58367
0 1 58370
0 1 58374
0 1 58376
0 1 58390
0 1 58397
0 1 58399
0 1 58407
0 1 58430
0 1 58432
0 1 58442
0 1 58443
0 1 58445
0 1 58450
0 1 58455
0 1 58458
0 1 58470
0 1 58479
0 1 58486
0 1 58488
0 1 58489
0 1 58494
0 1 58497
0 1 58500
0 1 58506
0 1 58508
0 1 58519
0 1 58527
0 1 58528
0 1 58530
0 1 58537
0 1 58544
0 1 58550
0 1 58551
0 1 58553
0 1 58555
0 1 58562
0 1 58564
0 1 58566
0 1 58567
0 1 58569
0 1 58576
0 1 58597
0 1 58601
0 1 58604
0 1 58605
0 1 58606
0 1 58613
0 1 58618
0 1 58620
0 1 58634
0 1 58643
0 1 58644
0 1 58648
0 1 58649
0 1 58654
0 1 58658
0 1 58659
0 1 58662
0 1 58667
0 1 58669
0 1 58677
0 1 58679
0 1 58682
0 1 58689
0 1 58704
0 1 58707
0 1 58717
0 1 58719
0 1 58721
0 1 58722
0 1 58727
0 1 58728
0 1 58732
0 1 58737
0 1 58746
0 1 58752
0 1 58765
0 1 58768
0 1 58772
0 1 58773
0 1 58787
0 1 58790
0 1 58791
0 1 58792
0 1 58793
0 1 58800
0 1 58809
0 1 58812
0 1 58819
0 1 58826
0 1 58830
0 1 58836
0 1 58838
0 1 58840
0 1 58844
0 1 58848
0 1 58849
0 1 58865
0 1 58876
0 1 58886
0 1 58887
0 1 58888
0 1 58894
0 1 58896
0 1 58897
0 1 58920
0 1 58924
0 1 58927
0 1 58933
0 1 58936
0 1 58937
0 1 58942
0 1 58944
0 1 58950
0 1 58951
0 1 58966
0 1 58974
0 1 58978
0 1 58979
0 1 58981
0 1 58983
0 1 58984
0 1 58985
0 1 58988
0 1 58989
0 1 58991
0 1 58992
0 1 58995
0 1 58996
0 1 59003
0 1 59007
0 1 59011
0 1 59013
0 1 59027
0 1 59030
0 1 59038
0 1 59041
0 1 59042
0 1 59045
0 1 59047
0 1 59050
0 1 59070
0 1 59087
0 1 59091
0 1 59098
0 1 59100
0 1 59103
0 1 59113
0 1 59117
0 1 59124
0 1 59125
0 1 59126
0 1 59134
0 1 59135
0 1 59136
0 1 59141
0 1 59144
0 1 59147
0 1 59151
0 1 59162
0 1 59164
0 1 59170
0 1 59193
0 1 59195
0 1 59199
0 1 59203
0 1 59205
0 1 59210
0 1 59211
0 1 59220
0 1 59225
0 1 59227
0 1 59232
0 1 59236
0 1 59239
0 1 59243
0 1 59252
0 1 59255
0 1 59260
0 1 59268
0 1 59269
0 1 59276
0 1 59284
0 1 59292
0 1 59298
0 1 59301
0 1 59302
0 1 59307
0 1 59308
0 1 59312
0 1 59315
0 1 59319
0 1 59326
0 1 59328
0 1 59332
0 1 59335
0 1 59336
0 1 59341
0 1 59348
0 1 59351
0 1 59354
0 1 59360
0 1 59371
0 1 59374
0 1 59378
0 1 59384
0 1 59387
0 1 59391
0 1 59393
0 1 59400
0 1 59408
0 1 59418
0 1 59425
0 1 59434
0 1 59440
0 1 59441
0 1 59460
0 1 59473
0 1 59481
0 1 59484
0 1 59485
0 1 59490
0 1 59506
0 1 59508
0 1 59526
0 1 59533
0 1 59537
0 1 59542
0 1 59544
0 1 59550
0 1 59568
0 1 59573
0 1 59588
0 1 59592
0 1 59596
0 1 59604
0 1 59606
0 1 59615
0 1 59616
0 1 59624
0 1 59626
0 1 59627
0 1 59636
0 1 59645
0 1 59658
0 1 59674
0 1 59678
0 1 59682
0 1 59687
0 1 59689
0 1 59693
0 1 59699
0 1 59709
0 1 59727
0 1 59733
0 1 59734
0 1 59739
0 1 59750
0 1 59752
0 1 59760
0 1 59764
0 1 59767
0 1 59770
0 1 59773
0 1 59788
0 1 59792
0 1 59795
0 1 59797
0 1 59799
0 1 59820
0 1 59829
0 1 59831
0 1 59844
0 1 59845
0 1 59858
0 1 59859
0 1 59861
0 1 59864
0 1 59866
0 1 59867
0 1 59869
0 1 59870
0 1 59871
0 1 59877
0 1 59878
0 1 59897
0 1 59898
0 1 59906
0 1 59908
0 1 59913
0 1 59932
0 1 59935
0 1 59951
0 1 59953
0 1 59963
0 1 59964
0 1 59970
0 1 59973
0 1 59976
0 1 59978
0 1 59982
0 1 59986
0 1 59998
0 1 60003
0 1 60011
0 1 60018
0 1 60027
0 1 60030
0 1 60048
0 1 60053
0 1 60058
0 1 60068
0 1 60073
0 1 60075
0 1 60078
0 1 60081
0 1 60091
0 1 60102
0 1 60113
0 1 60116
0 1 60119
0 1 60150
0 1 60151
0 1 60158
0 1 60161
0 1 60165
0 1 60167
0 1 60170
0 1 60178
0 1 60184
0 1 60188
0 1 60194
0 1 60208
0 1 60210
0 1 60218
0 1 60223
0 1 60226
0 1 60231
0 1 60242
0 1 60251
0 1 60255
0 1 60256
0 1 60258
0 1 60259
0 1 60262
0 1 60263
0 1 60290
0 1 60291
0 1 60293
0 1 60305
0 1 60310
0 1 60315
0 1 60323
0 1 60327
0 1 60328
0 1 60338
0 1 60340
0 1 60346
0 1 60348
0 1 60351
0 1 60355
0 1 60360
0 1 60361
0 1 60362
0 1 60376
0 1 60383
0 1 60391
0 1 60394
0 1 60398
0 1 60407
0 1 60411
0 1 60414
0 1 60416
0 1 60432
0 1 60433
0 1 60435
0 1 60441
0 1 60447
0 1 60459
0 1 60465
0 1 60469
0 1 60470
0 1 60473
0 1 60475
0 1 60478
0 1 60491
0 1 60504
0 1 60507
0 1 60509
0 1 60512
0 1 60513
0 1 60515
0 1 60524
0 1 60531
0 1 60533
0 1 60539
0 1 60542
0 1 60547
0 1 60550
0 1 60556
0 1 60560
0 1 60561
0 1 60564
0 1 60567
0 1 60570
0 1 60573
0 1 60574
0 1 60582
0 1 60583
0 1 60584
0 1 60590
0 1 60592
0 1 60595
0 1 60602
0 1 60604
0 1 60620
0 1 60627
0 1 60632
0 1 60633
0 1 60640
0 1 60643
0 1 60655
0 1 60659
0 1 60660
0 1 60668
0 1 60683
0 1 60706
0 1 60709
0 1 60717
0 1 60724
0 1 60729
0 1 60733
0 1 60734
0 1 60741
0 1 60755
0 1 60756
0 1 60758
0 1 60762
0 1 60787
0 1 60789
0 1 60790
0 1 60793
0 1 60794
0 1 60795
0 1 60797
0 1 60804
0 1 60805
0 1 60806
0 1 60807
0 1 60809
0 1 60813
0 1 60817
0 1 60819
0 1 60824
0 1 60825
0 1 60827
0 1 60831
0 1 60835
0 1 60843
0 1 60856
0 1 60862
0 1 60863
0 1 60868
0 1 60874
0 1 60893
0 1 60894
0 1 60899
0 1 60904
0 1 60906
0 1 60912
0 1 60914
0 1 60916
0 1 60921
0 1 60926
0 1 60927
0 1 60929
0 1 60934
0 1 60952
0 1 60959
0 1 60960
0 1 60966
0 1 60972
0 1 60976
0 1 60982
0 1 60983
0 1 60989
0 1 60996
0 1 60998
0 1 61007
0 1 61009
0 1 61017
0 1 61019
0 1 61037
0 1 61038
0 1 61041
0 1 61052
0 1 61065
0 1 61067
0 1 61068
0 1 61069
0 1 61070
0 1 61087
0 1 61093
0 1 61094
0 1 61097
0 1 61100
0 1 61109
0 1 61114
0 1 61115
0 1 61122
0 1 61124
0 1 61126
0 1 61130
0 1 61131
0 1 61133
0 1 61134
0 1 61142
0 1 61146
0 1 61151
0 1 61154
0 1 61156
0 1 61158
0 1 61160
0 1 61172
0 1 61174
0 1 61175
0 1 61177
0 1 61181
0 1 61188
0 1 61194
0 1 61218
0 1 61224
0 1 61225
0 1 61227
0 1 61239
0 1 61241
0 1 61242
0 1 61254
0 1 61255
0 1 61264
0 1 61265
0 1 61272
0 1 61281
0 1 61290
0 1 61300
0 1 61307
0 1 61313
0 1 61315
0 1 61318
0 1 61322
0 1 61325
0 1 61343
0 1 61352
0 1 61353
0 1 61356
0 1 61360
0 1 61364
0 1 61368
0 1 61378
0 1 61380
0 1 61384
0 1 61386
0 1 61388
0 1 61389
0 1 61396
0 1 61397
0 1 61400
0 1 61402
0 1 61403
0 1 61412
0 1 61420
0 1 61427
0 1 61429
0 1 61440
0 1 61441
0 1 61444
0 1 61445
0 1 61446
0 1 61448
0 1 61462
0 1 61464
0 1 61470
0 1 61471
0 1 61472
0 1 61477
0 1 61481
0 1 61483
0 1 61493
0 1 61504
0 1 61507
0 1 61519
0 1 61520
0 1 61530
0 1 61531
0 1 61537
0 1 61541
0 1 61543
0 1 61555
0 1 61556
0 1 61565
0 1 61566
0 1 61567
0 1 61579
0 1 61581
0 1 61585
0 1 61593
0 1 61596
0 1 61599
0 1 61613
0 1 61617
0 1 61618
0 1 61622
0 1 61623
0 1 61624
0 1 61625
0 1 61633
0 1 61636
0 1 61651
0 1 61655
0 1 61664
0 1 61669
0 1 61677
0 1 61680
0 1 61683
0 1 61685
0 1 61690
0 1 61700
0 1 61701
0 1 61714
0 1 61719
0 1 61726
0 1 61727
0 1 61729
0 1 61732
0 1 61733
0 1 61735
0 1 61736
0 1 61739
0 1 61742
0 1 61745
0 1 61748
0 1 61752
0 1 61753
0 1 61775
0 1 61780
0 1 61796
0 1 61797
0 1 61810
0 1 61812
0 1 61817
0 1 61820
0 1 61824
0 1 61826
0 1 61829
0 1 61839
0 1 61841
0 1 61846
0 1 61851
0 1 61861
0 1 61869
0 1 61870
0 1 61872
0 1 61878
0 1 61884
0 1 61885
0 1 61886
0 1 61887
0 1 61891
0 1 61894
0 1 61899
0 1 61905
0 1 61908
0 1 61910
0 1 61911
0 1 61914
0 1 61918
0 1 61919
0 1 61926
0 1 61928
0 1 61931
0 1 61943
0 1 61950
0 1 61951
0 1 61952
0 1 61965
0 1 61966
0 1 61969
0 1 61973
0 1 61983
0 1 61987
0 1 61992
0 1 62005
0 1 62007
0 1 62008
0 1 62018
0 1 62022
0 1 62028
0 1 62034
0 1 62042
0 1 62048
0 1 62055
0 1 62061
0 1 62072
0 1 62073
0 1 62074
0 1 62081
0 1 62085
0 1 62092
0 1 62093
0 1 62098
0 1 62106
0 1 62113
0 1 62114
0 1 62119
0 1 62122
0 1 62123
0 1 62129
0 1 62136
0 1 62139
0 1 62142
0 1 62145
0 1 62154
0 1 62159
0 1 62170
0 1 62176
0 1 62177
0 1 62178
0 1 62188
0 1 62189
0 1 62193
0 1 62197
0 1 62200
0 1 62203
0 1 62211
0 1 62221
0 1 62223
0 1 62228
0 1 62237
0 1 62241
0 1 62243
0 1 62245
0 1 62252
0 1 62256
0 1 62261
0 1 62272
0 1 62277
0 1 62287
0 1 62290
0 1 62291
0 1 62321
0 1 62325
0 1 62330
0 1 62331
0 1 62338
0 1 62348
0 1 62355
0 1 62357
0 1 62359
0 1 62364
0 1 62368
0 1 62373
0 1 62374
0 1 62381
0 1 62387
0 1 62396
0 1 62397
0 1 62399
0 1 62406
0 1 62422
0 1 62429
0 1 62430
0 1 62431
0 1 62432
0 1 62434
0 1 62435
0 1 62436
0 1 62437
0 1 62441
0 1 62443
0 1 62448
0 1 62455
0 1 62462
0 1 62469
0 1 62476
0 1 62477
0 1 62479
0 1 62480
0 1 62481
0 1 62482
0 1 62486
0 1 62488
0 1 62490
0 1 62491
0 1 62493
0 1 62496
0 1 62499
0 1 62504
0 1 62508
0 1 62510
0 1 62513
0 1 62524
0 1 62529
0 1 62531
0 1 62533
0 1 62537
0 1 62539
0 1 62541
0 1 62545
0 1 62549
0 1 62555
0 1 62559
0 1 62568
0 1 62569
0 1 62571
0 1 62573
0 1 62581
0 1 62588
0 1 62591
0 1 62595
0 1 62598
0 1 62600
0 1 62601
0 1 62602
0 1 62609
0 1 62610
0 1 62615
0 1 62643
0 1 62646
0 1 62652
0 1 62666
0 1 62675
0 1 62676
0 1 62685
0 1 62687
0 1 62692
0 1 62693
0 1 62697
0 1 62704
0 1 62707
0 1 62722
0 1 62729
0 1 62733
0 1 62737
0 1 62738
0 1 62739
0 1 62745
0 1 62750
0 1 62761
0 1 62764
0 1 62772
0 1 62777
0 1 62789
0 1 62791
0 1 62792
0 1 62793
0 1 62800
0 1 62805
0 1 62814
0 1 62821
0 1 62822
0 1 62827
0 1 62830
0 1 62836
0 1 62843
0 1 62848
0 1 62853
0 1 62854
0 1 62857
0 1 62861
0 1 62863
0 1 62867
0 1 62872
0 1 62875
0 1 62876
0 1 62881
0 1 62887
0 1 62896
0 1 62899
0 1 62902
0 1 62904
0 1 62908
0 1 62912
0 1 62913
0 1 62930
0 1 62937
0 1 62938
0 1 62940
0 1 62947
0 1 62955
0 1 62961
0 1 62973
0 1 62979
0 1 62984
0 1 62991
0 1 62996
0 1 62998
0 1 63000
0 1 63005
0 1 63011
0 1 63013
0 1 63014
0 1 63021
0 1 63022
0 1 63025
0 1 63029
0 1 63030
0 1 63033
0 1 63041
0 1 63042
0 1 63046
0 1 63051
0 1 63057
0 1 63061
0 1 63074
0 1 63076
0 1 63077
0 1 63078
0 1 63079
0 1 63082
0 1 63084
0 1 63090
0 1 63094
0 1 63104
0 1 63116
0 1 63120
0 1 63129
0 1 63130
0 1 63137
0 1 63139
0 1 63140
0 1 63147
0 1 63148
0 1 63160
0 1 63161
0 1 63164
0 1 63167
0 1 63172
0 1 63175
0 1 63181
0 1 63189
0 1 63198
0 1 63214
0 1 63218
0 1 63222
0 1 63227
0 1 63228
0 1 63229
0 1 63238
0 1 63252
0 1 63254
0 1 63257
0 1 63260
0 1 63268
0 1 63269
0 1 63275
0 1 63278
0 1 63284
0 1 63294
0 1 63303
0 1 63306
0 1 63310
0 1 63320
0 1 63322
0 1 63332
0 1 63334
0 1 63336
0 1 63339
0 1 63340
0 1 63342
0 1 63359
0 1 63362
0 1 63367
0 1 63368
0 1 63371
0 1 63384
0 1 63387
0 1 63403
0 1 63429
0 1 63436
0 1 63438
0 1 63457
0 1 63458
0 1 63461
0 1 63463
0 1 63472
0 1 63473
0 1 63477
0 1 63479
0 1 63480
0 1 63481
0 1 63482
0 1 63483
0 1 63488
0 1 63491
0 1 63495
0 1 63507
0 1 63526
0 1 63530
0 1 63536
0 1 63538
0 1 63540
0 1 63541
0 1 63544
0 1 63552
0 1 63559
0 1 63560
0 1 63563
0 1 63570
0 1 63573
0 1 63580
0 1 63587
0 1 63593
0 1 63594
0 1 63596
0 1 63597
0 1 63605
0 1 63609
0 1 63626
0 1 63632
0 1 63633
0 1 63634
0 1 63641
0 1 63645
0 1 63655
0 1 63661
0 1 63662
0 1 63663
0 1 63664
0 1 63675
0 1 63683
0 1 63688
0 1 63689
0 1 63692
0 1 63704
0 1 63709
0 1 63711
0 1 63714
0 1 63719
0 1 63723
0 1 63724
0 1 63729
0 1 63735
0 1 63750
0 1 63755
0 1 63758
0 1 63762
0 1 63763
0 1 63764
0 1 63768
0 1 63775
0 1 63789
0 1 63794
0 1 63799
0 1 63802
0 1 63805
0 1 63812
0 1 63816
0 1 63822
0 1 63826
0 1 63834
0 1 63848
0 1 63850
0 1 63853
0 1 63860
0 1 63871
0 1 63875
0 1 63881
0 1 63886
0 1 63888
0 1 63889
0 1 63890
0 1 63896
0 1 63900
0 1 63903
0 1 63912
0 1 63922
0 1 63924
0 1 63930
0 1 63945
0 1 63948
0 1 63950
0 1 63952
0 1 63954
0 1 63955
0 1 63958
0 1 63965
0 1 63966
0 1 63974
0 1 63986
0 1 63991
0 1 63994
0 1 63996
0 1 63997
0 1 63998
0 1 64009
0 1 64013
0 1 64014
0 1 64018
0 1 64020
0 1 64035
0 1 64039
0 1 64043
0 1 64045
0 1 64060
0 1 64061
0 1 64063
0 1 64067
0 1 64071
0 1 64084
0 1 64092
0 1 64100
0 1 64110
0 1 64122
0 1 64123
0 1 64126
0 1 64128
0 1 64129
0 1 64133
0 1 64134
0 1 64139
0 1 64140
0 1 64146
0 1 64147
0 1 64152
0 1 64162
0 1 64164
0 1 64167
0 1 64168
0 1 64171
0 1 64172
0 1 64173
0 1 64176
0 1 64180
0 1 64185
0 1 64198
0 1 64199
0 1 64202
0 1 64210
0 1 64211
0 1 64216
0 1 64224
0 1 64237
0 1 64240
0 1 64243
0 1 64244
0 1 64261
0 1 64263
0 1 64264
0 1 64265
0 1 64269
0 1 64272
0 1 64273
0 1 64275
0 1 64279
0 1 64280
0 1 64291
0 1 64296
0 1 64313
0 1 64314
0 1 64316
0 1 64317
0 1 64327
0 1 64328
0 1 64329
0 1 64330
0 1 64332
0 1 64333
0 1 64338
0 1 64344
0 1 64351
0 1 64354
0 1 64360
0 1 64368
0 1 64370
0 1 64371
0 1 64372
0 1 64376
0 1 64382
0 1 64383
0 1 64396
0 1 64397
0 1 64406
0 1 64414
0 1 64417
0 1 64434
0 1 64443
0 1 64445
0 1 64447
0 1 64448
0 1 64455
0 1 64474
0 1 64480
0 1 64490
0 1 64496
0 1 64501
0 1 64504
0 1 64506
0 1 64518
0 1 64520
0 1 64529
0 1 64530
0 1 64531
0 1 64536
0 1 64539
0 1 64540
0 1 64543
0 1 64545
0 1 64557
0 1 64565
0 1 64571
0 1 64573
0 1 64576
0 1 64582
0 1 64597
0 1 64599
0 1 64605
0 1 64606
0 1 64607
0 1 64613
0 1 64615
0 1 64618
0 1 64619
0 1 64626
0 1 64632
0 1 64633
0 1 64638
0 1 64646
0 1 64649
0 1 64653
0 1 64660
0 1 64662
0 1 64663
0 1 64666
0 1 64668
0 1 64669
0 1 64673
0 1 64675
0 1 64683
0 1 64691
0 1 64707
0 1 64713
0 1 64716
0 1 64717
0 1 64720
0 1 64724
0 1 64748
0 1 64759
0 1 64764
0 1 64775
0 1 64776
0 1 64783
0 1 64784
0 1 64785
0 1 64794
0 1 64800
0 1 64808
0 1 64810
0 1 64811
0 1 64830
0 1 64832
0 1 64837
0 1 64843
0 1 64846
0 1 64849
0 1 64860
0 1 64865
0 1 64877
0 1 64885
0 1 64892
0 1 64902
0 1 64911
0 1 64919
0 1 64920
0 1 64925
0 1 64928
0 1 64931
0 1 64932
0 1 64934
0 1 64936
0 1 64939
0 1 64952
0 1 64959
0 1 64967
0 1 64973
0 1 64974
0 1 64976
0 1 64978
0 1 64981
0 1 64985
0 1 64989
0 1 64999
0 1 65019
0 1 65020
0 1 65021
0 1 65023
0 1 65026
0 1 65030
0 1 65032
0 1 65033
0 1 65038
0 1 65042
0 1 65045
0 1 65052
0 1 65056
0 1 65057
0 1 65060
0 1 65066
0 1 65069
0 1 65079
0 1 65083
0 1 65120
0 1 65135
0 1 65140
0 1 65141
0 1 65142
0 1 65144
0 1 65149
0 1 65155
0 1 65157
0 1 65162
0 1 65175
0 1 65191
0 1 65193
0 1 65204
0 1 65208
0 1 65209
0 1 65214
0 1 65218
0 1 65220
0 1 65222
0 1 65227
0 1 65236
0 1 65253
0 1 65259
0 1 65266
0 1 65267
0 1 65270
0 1 65278
0 1 65279
0 1 65285
0 1 65295
0 1 65297
0 1 65298
0 1 65302
0 1 65307
0 1 65309
0 1 65312
0 1 65313
0 1 65318
0 1 65327
0 1 65330
0 1 65335
0 1 65336
0 1 65337
0 1 65342
0 1 65345
0 1 65348
0 1 65351
0 1 65355
0 1 65361
0 1 65377
0 1 65388
0 1 65392
0 1 65394
0 1 65401
0 1 65411
0 1 65419
0 1 65420
0 1 65426
0 1 65430
0 1 65435
0 1 65436
0 1 65437
0 1 65447
0 1 65451
0 1 65452
0 1 65453
0 1 65466
0 1 65473
0 1 65479
0 1 65489
0 1 65492
0 1 65496
0 1 65497
0 1 65506
0 1 65511
0 1 65512
0 1 65513
0 1 65519
0 1 65521
0 1 65529
0 1 65536
0 1 65543
0 1 65544
0 1 65558
0 1 65562
0 1 65575
0 1 65578
0 1 65583
0 1 65590
0 1 65592
0 1 65595
0 1 65602
0 1 65603
0 1 65608
0 1 65611
0 1 65614
0 1 65615
0 1 65621
0 1 65624
0 1 65631
0 1 65637
0 1 65640
0 1 65642
0 1 65644
0 1 65650
0 1 65653
0 1 65658
0 1 65659
0 1 65671
0 1 65677
0 1 65683
0 1 65684
0 1 65685
0 1 65690
0 1 65691
0 1 65698
0 1 65701
0 1 65708
0 1 65709
0 1 65710
0 1 65713
0 1 65720
0 1 65722
0 1 65731
0 1 65734
0 1 65735
0 1 65746
0 1 65751
0 1 65752
0 1 65763
0 1 65765
0 1 65771
0 1 65788
0 1 65790
0 1 65791
0 1 65794
0 1 65795
0 1 65798
0 1 65801
0 1 65803
0 1 65804
0 1 65809
0 1 65810
0 1 65816
0 1 65823
0 1 65827
0 1 65835
0 1 65836
0 1 65839
0 1 65840
0 1 65843
0 1 65845
0 1 65847
0 1 65870
0 1 65873
0 1 65884
0 1 65885
0 1 65893
0 1 65900
0 1 65914
0 1 65918
0 1 65923
0 1 65924
0 1 65932
0 1 65934
0 1 65942
0 1 65949
0 1 65957
0 1 65974
0 1 65978
0 1 65984
0 1 65989
0 1 65991
0 1 65992
0 1 65993
0 1 65997
0 1 65998
0 1 66003
0 1 66005
0 1 66013
0 1 66014
0 1 66018
0 1 66022
0 1 66026
0 1 66030
0 1 66031
0 1 66032
0 1 66034
0 1 66035
0 1 66038
0 1 66039
0 1 66047
0 1 66051
0 1 66052
0 1 66054
0 1 66056
0 1 66071
0 1 66073
0 1 66077
0 1 66078
0 1 66080
0 1 66083
0 1 66091
0 1 66092
0 1 66099
0 1 66100
0 1 66106
0 1 66112
0 1 66113
0 1 66115
0 1 66116
0 1 66122
0 1 66126
0 1 66130
0 1 66132
0 1 66138
0 1 66148
0 1 66164
0 1 66173
0 1 66175
0 1 66180
0 1 66181
0 1 66186
0 1 66191
0 1 66193
0 1 66194
0 1 66199
0 1 66200
0 1 66224
0 1 66235
0 1 66236
0 1 66238
0 1 66239
0 1 66242
0 1 66249
0 1 66259
0 1 66263
0 1 66266
0 1 66269
0 1 66270
0 1 66276
0 1 66293
0 1 66300
0 1 66301
0 1 66309
0 1 66318
0 1 66323
0 1 66325
0 1 66328
0 1 66331
0 1 66335
0 1 66337
0 1 66344
0 1 66356
0 1 66363
0 1 66364
0 1 66367
0 1 66369
0 1 66370
0 1 66380
0 1 66381
0 1 66384
0 1 66396
0 1 66397
0 1 66412
0 1 66415
0 1 66429
0 1 66430
0 1 66436
0 1 66441
0 1 66451
0 1 66461
0 1 66471
0 1 66475
0 1 66479
0 1 66491
0 1 66495
0 1 66507
0 1 66521
0 1 66525
0 1 66533
0 1 66534
0 1 66536
0 1 66539
0 1 66540
0 1 66541
0 1 66548
0 1 66551
0 1 66563
0 1 66574
0 1 66577
0 1 66593
0 1 66594
0 1 66596
0 1 66601
0 1 66602
0 1 66603
0 1 66608
0 1 66613
0 1 66614
0 1 66619
0 1 66621
0 1 66623
0 1 66632
0 1 66639
0 1 66641
0 1 66646
0 1 66648
0 1 66649
0 1 66666
0 1 66686
0 1 66690
0 1 66693
0 1 66706
0 1 66711
0 1 66712
0 1 66716
0 1 66719
0 1 66732
0 1 66736
0 1 66744
0 1 66745
0 1 66747
0 1 66749
0 1 66750
0 1 66754
0 1 66758
0 1 66761
0 1 66762
0 1 66768
0 1 66769
0 1 66771
0 1 66775
0 1 66778
0 1 66791
0 1 66797
0 1 66802
0 1 66809
0 1 66812
0 1 66814
0 1 66816
0 1 66821
0 1 66822
0 1 66835
0 1 66841
0 1 66847
0 1 66848
0 1 66849
0 1 66855
0 1 66856
0 1 66859
0 1 66862
0 1 66863
0 1 66865
0 1 66871
0 1 66875
0 1 66880
0 1 66885
0 1 66896
0 1 66899
0 1 66903
0 1 66905
0 1 66911
0 1 66913
0 1 66919
0 1 66930
0 1 66931
0 1 66932
0 1 66937
0 1 66941
0 1 66946
0 1 66955
0 1 66980
0 1 66989
0 1 66998
0 1 67002
0 1 67012
0 1 67013
0 1 67015
0 1 67027
0 1 67031
0 1 67035
0 1 67038
0 1 67042
0 1 67043
0 1 67052
0 1 67055
0 1 67061
0 1 67068
0 1 67070
0 1 67071
0 1 67082
0 1 67083
0 1 67107
0 1 67108
0 1 67116
0 1 67122
0 1 67123
0 1 67126
0 1 67127
0 1 67130
0 1 67135
0 1 67136
0 1 67137
0 1 67138
0 1 67149
0 1 67154
0 1 67156
0 1 67161
0 1 67168
0 1 67170
0 1 67177
0 1 67180
0 1 67184
0 1 67186
0 1 67190
0 1 67199
0 1 67200
0 1 67207
0 1 67211
0 1 67212
0 1 67213
0 1 67228
0 1 67234
0 1 67235
0 1 67238
0 1 67245
0 1 67246
0 1 67247
0 1 67255
0 1 67259
0 1 67278
0 1 67280
0 1 67287
0 1 67293
0 1 67295
0 1 67297
0 1 67300
0 1 67303
0 1 67314
0 1 67317
0 1 67323
0 1 67333
0 1 67337
0 1 67339
0 1 67343
0 1 67344
0 1 67346
0 1 67349
0 1 67355
0 1 67359
0 1 67368
0 1 67369
0 1 67371
0 1 67395
0 1 67398
0 1 67404
0 1 67405
0 1 67408
0 1 67411
0 1 67419
0 1 67420
0 1 67421
0 1 67424
0 1 67436
0 1 67439
0 1 67441
0 1 67454
0 1 67469
0 1 67476
0 1 67478
0 1 67480
0 1 67500
0 1 67502
0 1 67507
0 1 67524
0 1 67528
0 1 67531
0 1 67536
0 1 67537
0 1 67539
0 1 67541
0 1 67551
0 1 67554
0 1 67570
0 1 67572
0 1 67576
0 1 67578
0 1 67579
0 1 67589
0 1 67590
0 1 67592
0 1 67596
0 1 67603
0 1 67604
0 1 67607
0 1 67631
0 1 67634
0 1 67635
0 1 67640
0 1 67656
0 1 67659
0 1 67663
0 1 67667
0 1 67669
0 1 67676
0 1 67684
0 1 67685
0 1 67686
0 1 67691
0 1 67703
0 1 67705
0 1 67706
0 1 67707
0 1 67720
0 1 67724
0 1 67738
0 1 67744
0 1 67746
0 1 67749
0 1 67755
0 1 67759
0 1 67762
0 1 67764
0 1 67766
0 1 67769
0 1 67771
0 1 67772
0 1 67780
0 1 67782
0 1 67788
0 1 67792
0 1 67801
0 1 67808
0 1 67809
0 1 67825
0 1 67829
0 1 67846
0 1 67848
0 1 67854
0 1 67867
0 1 67874
0 1 67876
0 1 67885
0 1 67888
0 1 67891
0 1 67897
0 1 67900
0 1 67911
0 1 67912
0 1 67914
0 1 67917
0 1 67923
0 1 67928
0 1 67929
0 1 67943
0 1 67949
0 1 67952
0 1 67953
0 1 67955
0 1 67956
0 1 67962
0 1 67972
0 1 67974
0 1 67981
0 1 67982
0 1 67990
0 1 68014
0 1 68035
0 1 68036
0 1 68039
0 1 68040
0 1 68043
0 1 68044
0 1 68045
0 1 68046
0 1 68055
0 1 68057
0 1 68058
0 1 68060
0 1 68077
0 1 68078
0 1 68079
0 1 68094
0 1 68101
0 1 68108
0 1 68117
0 1 68128
0 1 68131
0 1 68133
0 1 68135
0 1 68147
0 1 68155
0 1 68158
0 1 68160
0 1 68162
0 1 68168
0 1 68169
0 1 68170
0 1 68178
0 1 68179
0 1 68180
0 1 68195
0 1 68206
0 1 68211
0 1 68215
0 1 68225
0 1 68228
0 1 68233
0 1 68234
0 1 68235
0 1 68236
0 1 68237
0 1 68238
0 1 68252
0 1 68256
0 1 68258
0 1 68261
0 1 68276
0 1 68278
0 1 68279
0 1 68280
0 1 68282
0 1 68285
0 1 68287
0 1 68301
0 1 68306
0 1 68307
0 1 68309
0 1 68318
0 1 68324
0 1 68325
0 1 68333
0 1 68338
0 1 68342
0 1 68344
0 1 68348
0 1 68352
0 1 68355
0 1 68366
0 1 68373
0 1 68376
0 1 68379
0 1 68381
0 1 68386
0 1 68387
0 1 68393
0 1 68394
0 1 68413
0 1 68414
0 1 68427
0 1 68430
0 1 68440
0 1 68441
0 1 68444
0 1 68449
0 1 68452
0 1 68454
0 1 68457
0 1 68467
0 1 68472
0 1 68474
0 1 68481
0 1 68482
0 1 68485
0 1 68486
0 1 68487
0 1 68500
0 1 68502
0 1 68503
0 1 68507
0 1 68510
0 1 68520
0 1 68522
0 1 68525
0 1 68526
0 1 68527
0 1 68528
0 1 68530
0 1 68532
0 1 68534
0 1 68536
0 1 68542
0 1 68551
0 1 68555
0 1 68556
0 1 68557
0 1 68563
0 1 68565
0 1 68569
0 1 68581
0 1 68584
0 1 68591
0 1 68595
0 1 68597
0 1 68614
0 1 68619
0 1 68625
0 1 68628
0 1 68636
0 1 68641
0 1 68643
0 1 68644
0 1 68667
0 1 68669
0 1 68670
0 1 68671
0 1 68672
0 1 68673
0 1 68674
0 1 68684
0 1 68687
0 1 68688
0 1 68690
0 1 68694
0 1 68704
0 1 68715
0 1 68719
0 1 68722
0 1 68730
0 1 68731
0 1 68737
0 1 68739
0 1 68741
0 1 68744
0 1 68750
0 1 68753
0 1 68754
0 1 68756
0 1 68763
0 1 68766
0 1 68767
0 1 68769
0 1 68770
0 1 68774
0 1 68778
0 1 68780
0 1 68782
0 1 68788
0 1 68790
0 1 68794
0 1 68805
0 1 68807
0 1 68808
0 1 68810
0 1 68812
0 1 68831
0 1 68832
0 1 68833
0 1 68834
0 1 68848
0 1 68849
0 1 68850
0 1 68856
0 1 68857
0 1 68860
0 1 68861
0 1 68869
0 1 68870
0 1 68871
0 1 68873
0 1 68880
0 1 68881
0 1 68883
0 1 68904
0 1 68912
0 1 68923
0 1 68924
0 1 68926
0 1 68931
0 1 68938
0 1 68942
0 1 68944
0 1 68955
0 1 68957
0 1 68960
0 1 68961
0 1 68963
0 1 68970
0 1 68974
0 1 68986
0 1 69005
0 1 69011
0 1 69015
0 1 69020
0 1 69024
0 1 69032
0 1 69046
0 1 69053
0 1 69054
0 1 69062
0 1 69066
0 1 69075
0 1 69079
0 1 69089
0 1 69092
0 1 69115
0 1 69121
0 1 69123
0 1 69126
0 1 69128
0 1 69132
0 1 69143
0 1 69148
0 1 69151
0 1 69154
0 1 69157
0 1 69160
0 1 69166
0 1 69173
0 1 69178
0 1 69185
0 1 69186
0 1 69187
0 1 69191
0 1 69197
0 1 69199
0 1 69200
0 1 69203
0 1 69204
0 1 69213
0 1 69217
0 1 69218
0 1 69230
0 1 69232
0 1 69239
0 1 69254
0 1 69257
0 1 69268
0 1 69272
0 1 69277
0 1 69286
0 1 69287
0 1 69288
0 1 69290
0 1 69291
0 1 69294
0 1 69295
0 1 69304
0 1 69307
0 1 69317
0 1 69321
0 1 69322
0 1 69325
0 1 69334
0 1 69336
0 1 69355
0 1 69356
0 1 69357
0 1 69358
0 1 69359
0 1 69360
0 1 69373
0 1 69375
0 1 69377
0 1 69382
0 1 69389
0 1 69402
0 1 69404
0 1 69406
0 1 69410
0 1 69411
0 1 69413
0 1 69414
0 1 69423
0 1 69429
0 1 69430
0 1 69436
0 1 69442
0 1 69452
0 1 69453
0 1 69469
0 1 69473
0 1 69474
0 1 69485
0 1 69492
0 1 69494
0 1 69510
0 1 69512
0 1 69515
0 1 69517
0 1 69524
0 1 69526
0 1 69533
0 1 69547
0 1 69548
0 1 69549
0 1 69550
0 1 69559
0 1 69565
0 1 69566
0 1 69569
0 1 69570
0 1 69572
0 1 69582
0 1 69584
0 1 69587
0 1 69589
0 1 69600
0 1 69602
0 1 69606
0 1 69608
0 1 69614
0 1 69616
0 1 69624
0 1 69629
0 1 69635
0 1 69637
0 1 69644
0 1 69648
0 1 69657
0 1 69659
0 1 69660
0 1 69668
0 1 69669
0 1 69678
0 1 69679
0 1 69680
0 1 69682
0 1 69687
0 1 69695
0 1 69696
0 1 69698
0 1 69705
0 1 69707
0 1 69715
0 1 69734
0 1 69737
0 1 69741
0 1 69743
0 1 69749
0 1 69751
0 1 69758
0 1 69759
0 1 69760
0 1 69765
0 1 69766
0 1 69772
0 1 69775
0 1 69788
0 1 69803
0 1 69807
0 1 69809
0 1 69812
0 1 69819
0 1 69822
0 1 69828
0 1 69832
0 1 69839
0 1 69845
0 1 69846
0 1 69847
0 1 69852
0 1 69856
0 1 69859
0 1 69861
0 1 69866
0 1 69874
0 1 69877
0 1 69878
0 1 69883
0 1 69884
0 1 69893
0 1 69895
0 1 69897
0 1 69903
0 1 69904
0 1 69912
0 1 69918
0 1 69919
0 1 69926
0 1 69927
0 1 69933
0 1 69934
0 1 69941
0 1 69944
0 1 69945
0 1 69950
0 1 69962
0 1 69965
0 1 69967
0 1 69968
0 1 69981
0 1 69985
0 1 69987
0 1 69988
0 1 70001
0 1 70011
0 1 70012
0 1 70016
0 1 70018
0 1 70019
0 1 70024
0 1 70036
0 1 70042
0 1 70043
0 1 70044
0 1 70048
0 1 70049
0 1 70059
0 1 70069
0 1 70075
0 1 70079
0 1 70083
0 1 70092
0 1 70094
0 1 70097
0 1 70106
0 1 70107
0 1 70111
0 1 70112
0 1 70131
0 1 70134
0 1 70135
0 1 70139
0 1 70143
0 1 70148
0 1 70150
0 1 70151
0 1 70154
0 1 70171
0 1 70175
0 1 70184
0 1 70185
0 1 70198
0 1 70202
0 1 70205
0 1 70209
0 1 70214
0 1 70218
0 1 70219
0 1 70221
0 1 70224
0 1 70229
0 1 70230
0 1 70232
0 1 70233
0 1 70234
0 1 70236
0 1 70238
0 1 70243
0 1 70244
0 1 70251
0 1 70258
0 1 70265
0 1 70273
0 1 70276
0 1 70285
0 1 70292
0 1 70294
0 1 70296
0 1 70297
0 1 70300
0 1 70303
0 1 70305
0 1 70317
0 1 70319
0 1 70325
0 1 70332
0 1 70341
0 1 70343
0 1 70350
0 1 70369
0 1 70375
0 1 70380
0 1 70382
0 1 70391
0 1 70393
0 1 70395
0 1 70405
0 1 70409
0 1 70414
0 1 70420
0 1 70421
0 1 70423
0 1 70426
0 1 70428
0 1 70432
0 1 70433
0 1 70443
0 1 70444
0 1 70446
0 1 70448
0 1 70458
0 1 70461
0 1 70463
0 1 70464
0 1 70465
0 1 70470
0 1 70485
0 1 70491
0 1 70495
0 1 70496
0 1 70497
0 1 70500
0 1 70502
0 1 70503
0 1 70504
0 1 70509
0 1 70512
0 1 70521
0 1 70523
0 1 70525
0 1 70545
0 1 70547
0 1 70558
0 1 70562
0 1 70573
0 1 70578
0 1 70580
0 1 70584
0 1 70587
0 1 70592
0 1 70597
0 1 70606
0 1 70620
0 1 70638
0 1 70653
0 1 70671
0 1 70678
0 1 70681
0 1 70682
0 1 70686
0 1 70692
0 1 70695
0 1 70705
0 1 70708
0 1 70710
0 1 70716
0 1 70719
0 1 70724
0 1 70726
0 1 70736
0 1 70739
0 1 70742
0 1 70744
0 1 70757
0 1 70774
0 1 70781
0 1 70783
0 1 70784
0 1 70792
0 1 70797
0 1 70803
0 1 70806
0 1 70811
0 1 70812
0 1 70816
0 1 70818
0 1 70822
0 1 70825
0 1 70828
0 1 70830
0 1 70831
0 1 70836
0 1 70849
0 1 70858
0 1 70862
0 1 70864
0 1 70881
0 1 70886
0 1 70888
0 1 70896
0 1 70906
0 1 70916
0 1 70922
0 1 70923
0 1 70936
0 1 70938
0 1 70939
0 1 70944
0 1 70945
0 1 70962
0 1 70978
0 1 70992
0 1 71000
0 1 71007
0 1 71008
0 1 71024
0 1 71027
0 1 71028
0 1 71051
0 1 71059
0 1 71076
0 1 71080
0 1 71085
0 1 71090
0 1 71094
0 1 71100
0 1 71107
0 1 71108
0 1 71111
0 1 71113
0 1 71118
0 1 71120
0 1 71122
0 1 71136
0 1 71138
0 1 71141
0 1 71144
0 1 71154
0 1 71159
0 1 71162
0 1 71163
0 1 71164
0 1 71168
0 1 71178
0 1 71181
0 1 71183
0 1 71187
0 1 71192
0 1 71194
0 1 71203
0 1 71210
0 1 71211
0 1 71214
0 1 71218
0 1 71224
0 1 71226
0 1 71227
0 1 71236
0 1 71252
0 1 71255
0 1 71275
0 1 71281
0 1 71284
0 1 71293
0 1 71294
0 1 71297
0 1 71306
0 1 71308
0 1 71309
0 1 71312
0 1 71314
0 1 71322
0 1 71341
0 1 71343
0 1 71346
0 1 71359
0 1 71376
0 1 71378
0 1 71387
0 1 71388
0 1 71393
0 1 71394
0 1 71401
0 1 71409
0 1 71420
0 1 71421
0 1 71424
0 1 71425
0 1 71428
0 1 71429
0 1 71433
0 1 71445
0 1 71449
0 1 71450
0 1 71451
0 1 71455
0 1 71461
0 1 71481
0 1 71507
0 1 71513
0 1 71517
0 1 71519
0 1 71521
0 1 71522
0 1 71524
0 1 71526
0 1 71541
0 1 71545
0 1 71550
0 1 71556
0 1 71562
0 1 71563
0 1 71568
0 1 71571
0 1 71577
0 1 71584
0 1 71586
0 1 71591
0 1 71593
0 1 71617
0 1 71621
0 1 71622
0 1 71625
0 1 71627
0 1 71634
0 1 71637
0 1 71638
0 1 71642
0 1 71654
0 1 71656
0 1 71660
0 1 71661
0 1 71664
0 1 71665
0 1 71673
0 1 71678
0 1 71679
0 1 71680
0 1 71689
0 1 71698
0 1 71705
0 1 71708
0 1 71710
0 1 71713
0 1 71722
0 1 71735
0 1 71738
0 1 71739
0 1 71744
0 1 71748
0 1 71754
0 1 71756
0 1 71757
0 1 71767
0 1 71774
0 1 71783
0 1 71787
0 1 71789
0 1 71800
0 1 71803
0 1 71808
0 1 71810
0 1 71811
0 1 71815
0 1 71816
0 1 71817
0 1 71818
0 1 71828
0 1 71830
0 1 71833
0 1 71834
0 1 71838
0 1 71839
0 1 71842
0 1 71845
0 1 71847
0 1 71865
0 1 71866
0 1 71877
0 1 71893
0 1 71898
0 1 71905
0 1 71906
0 1 71907
0 1 71916
0 1 71932
0 1 71933
0 1 71937
0 1 71946
0 1 71959
0 1 71966
0 1 71979
0 1 71980
0 1 71982
0 1 71985
0 1 71988
0 1 71989
0 1 71995
0 1 72004
0 1 72017
0 1 72019
0 1 72020
0 1 72027
0 1 72029
0 1 72031
0 1 72032
0 1 72038
0 1 72042
0 1 72043
0 1 72045
0 1 72047
0 1 72050
0 1 72052
0 1 72062
0 1 72065
0 1 72067
0 1 72068
0 1 72072
0 1 72079
0 1 72082
0 1 72092
0 1 72099
0 1 72102
0 1 72103
0 1 72109
0 1 72127
0 1 72135
0 1 72141
0 1 72145
0 1 72156
0 1 72158
0 1 72160
0 1 72165
0 1 72167
0 1 72174
0 1 72182
0 1 72186
0 1 72198
0 1 72200
0 1 72212
0 1 72222
0 1 72223
0 1 72226
0 1 72228
0 1 72238
0 1 72242
0 1 72249
0 1 72251
0 1 72253
0 1 72258
0 1 72260
0 1 72262
0 1 72268
0 1 72274
0 1 72278
0 1 72285
0 1 72286
0 1 72287
0 1 72289
0 1 72290
0 1 72295
0 1 72297
0 1 72300
0 1 72303
0 1 72309
0 1 72311
0 1 72315
0 1 72317
0 1 72322
0 1 72327
0 1 72330
0 1 72331
0 1 72337
0 1 72340
0 1 72346
0 1 72363
0 1 72364
0 1 72391
0 1 72398
0 1 72403
0 1 72409
0 1 72410
0 1 72413
0 1 72414
0 1 72415
0 1 72416
0 1 72418
0 1 72419
0 1 72421
0 1 72424
0 1 72425
0 1 72430
0 1 72442
0 1 72460
0 1 72476
0 1 72479
0 1 72487
0 1 72494
0 1 72496
0 1 72497
0 1 72498
0 1 72503
0 1 72506
0 1 72508
0 1 72510
0 1 72516
0 1 72517
0 1 72518
0 1 72520
0 1 72522
0 1 72528
0 1 72532
0 1 72536
0 1 72544
0 1 72545
0 1 72546
0 1 72547
0 1 72548
0 1 72561
0 1 72566
0 1 72570
0 1 72578
0 1 72579
0 1 72582
0 1 72589
0 1 72594
0 1 72596
0 1 72598
0 1 72602
0 1 72605
0 1 72607
0 1 72609
0 1 72615
0 1 72628
0 1 72632
0 1 72664
0 1 72668
0 1 72671
0 1 72686
0 1 72694
0 1 72706
0 1 72709
0 1 72712
0 1 72720
0 1 72729
0 1 72738
0 1 72740
0 1 72742
0 1 72744
0 1 72748
0 1 72761
0 1 72767
0 1 72771
0 1 72772
0 1 72784
0 1 72792
0 1 72795
0 1 72802
0 1 72805
0 1 72811
0 1 72821
0 1 72824
0 1 72831
0 1 72838
0 1 72840
0 1 72847
0 1 72854
0 1 72857
0 1 72867
0 1 72870
0 1 72873
0 1 72879
0 1 72882
0 1 72893
0 1 72906
0 1 72907
0 1 72910
0 1 72911
0 1 72913
0 1 72915
0 1 72917
0 1 72924
0 1 72927
0 1 72931
0 1 72932
0 1 72934
0 1 72936
0 1 72939
0 1 72941
0 1 72964
0 1 72965
0 1 72974
0 1 72984
0 1 72985
0 1 72990
0 1 72991
0 1 72998
0 1 73002
0 1 73005
0 1 73012
0 1 73019
0 1 73021
0 1 73022
0 1 73025
0 1 73035
0 1 73036
0 1 73043
0 1 73051
0 1 73053
0 1 73058
0 1 73063
0 1 73064
0 1 73076
0 1 73079
0 1 73084
0 1 73093
0 1 73109
0 1 73112
0 1 73116
0 1 73118
0 1 73119
0 1 73122
0 1 73125
0 1 73126
0 1 73127
0 1 73137
0 1 73139
0 1 73144
0 1 73152
0 1 73153
0 1 73154
0 1 73159
0 1 73163
0 1 73166
0 1 73170
0 1 73176
0 1 73183
0 1 73198
0 1 73212
0 1 73216
0 1 73220
0 1 73231
0 1 73245
0 1 73254
0 1 73263
0 1 73267
0 1 73272
0 1 73274
0 1 73282
0 1 73297
0 1 73306
0 1 73309
0 1 73318
0 1 73324
0 1 73335
0 1 73342
0 1 73347
0 1 73351
0 1 73355
0 1 73372
0 1 73379
0 1 73382
0 1 73384
0 1 73386
0 1 73391
0 1 73392
0 1 73394
0 1 73399
0 1 73401
0 1 73417
0 1 73422
0 1 73423
0 1 73426
0 1 73437
0 1 73445
0 1 73450
0 1 73454
0 1 73455
0 1 73456
0 1 73458
0 1 73460
0 1 73467
0 1 73493
0 1 73496
0 1 73503
0 1 73506
0 1 73522
0 1 73529
0 1 73531
0 1 73533
0 1 73539
0 1 73547
0 1 73552
0 1 73553
0 1 73558
0 1 73561
0 1 73571
0 1 73572
0 1 73593
0 1 73594
0 1 73596
0 1 73603
0 1 73607
0 1 73614
0 1 73618
0 1 73620
0 1 73622
0 1 73626
0 1 73629
0 1 73632
0 1 73635
0 1 73639
0 1 73640
0 1 73653
0 1 73658
0 1 73661
0 1 73662
0 1 73669
0 1 73672
0 1 73676
0 1 73688
0 1 73696
0 1 73699
0 1 73710
0 1 73716
0 1 73720
0 1 73724
0 1 73725
0 1 73730
0 1 73734
0 1 73742
0 1 73744
0 1 73758
0 1 73761
0 1 73766
0 1 73773
0 1 73774
0 1 73785
0 1 73786
0 1 73789
0 1 73792
0 1 73794
0 1 73797
0 1 73801
0 1 73810
0 1 73814
0 1 73820
0 1 73824
0 1 73827
0 1 73828
0 1 73829
0 1 73830
0 1 73842
0 1 73844
0 1 73846
0 1 73847
0 1 73849
0 1 73853
0 1 73854
0 1 73855
0 1 73856
0 1 73863
0 1 73872
0 1 73873
0 1 73882
0 1 73885
0 1 73886
0 1 73893
0 1 73898
0 1 73901
0 1 73902
0 1 73905
0 1 73906
0 1 73910
0 1 73912
0 1 73914
0 1 73918
0 1 73924
0 1 73925
0 1 73927
0 1 73928
0 1 73930
0 1 73943
0 1 73956
0 1 73957
0 1 73960
0 1 73963
0 1 73976
0 1 73980
0 1 73985
0 1 73992
0 1 74004
0 1 74005
0 1 74016
0 1 74050
0 1 74053
0 1 74054
0 1 74055
0 1 74064
0 1 74067
0 1 74070
0 1 74071
0 1 74072
0 1 74073
0 1 74077
0 1 74085
0 1 74093
0 1 74097
0 1 74108
0 1 74111
0 1 74114
0 1 74115
0 1 74119
0 1 74120
0 1 74122
0 1 74125
0 1 74128
0 1 74130
0 1 74135
0 1 74149
0 1 74161
0 1 74164
0 1 74173
0 1 74174
0 1 74194
0 1 74203
0 1 74205
0 1 74209
0 1 74211
0 1 74216
0 1 74227
0 1 74231
0 1 74234
0 1 74237
0 1 74238
0 1 74240
0 1 74242
0 1 74246
0 1 74256
0 1 74264
0 1 74265
0 1 74270
0 1 74282
0 1 74288
0 1 74289
0 1 74299
0 1 74306
0 1 74314
0 1 74319
0 1 74322
0 1 74323
0 1 74332
0 1 74339
0 1 74341
0 1 74342
0 1 74347
0 1 74354
0 1 74361
0 1 74370
0 1 74377
0 1 74387
0 1 74388
0 1 74389
0 1 74390
0 1 74397
0 1 74400
0 1 74404
0 1 74405
0 1 74406
0 1 74409
0 1 74412
0 1 74413
0 1 74415
0 1 74421
0 1 74427
0 1 74437
0 1 74442
0 1 74445
0 1 74447
0 1 74450
0 1 74466
0 1 74469
0 1 74475
0 1 74477
0 1 74485
0 1 74487
0 1 74490
0 1 74496
0 1 74499
0 1 74512
0 1 74519
0 1 74520
0 1 74526
0 1 74528
0 1 74531
0 1 74532
0 1 74539
0 1 74542
0 1 74544
0 1 74545
0 1 74550
0 1 74552
0 1 74554
0 1 74560
0 1 74562
0 1 74568
0 1 74569
0 1 74574
0 1 74577
0 1 74582
0 1 74583
0 1 74585
0 1 74589
0 1 74592
0 1 74593
0 1 74599
0 1 74602
0 1 74604
0 1 74610
0 1 74619
0 1 74621
0 1 74626
0 1 74635
0 1 74636
0 1 74639
0 1 74640
0 1 74646
0 1 74653
0 1 74663
0 1 74665
0 1 74673
0 1 74677
0 1 74682
0 1 74687
0 1 74708
0 1 74709
0 1 74710
0 1 74718
0 1 74723
0 1 74724
0 1 74731
0 1 74737
0 1 74752
0 1 74761
0 1 74762
0 1 74766
0 1 74779
0 1 74784
0 1 74785
0 1 74791
0 1 74794
0 1 74799
0 1 74801
0 1 74811
0 1 74812
0 1 74813
0 1 74816
0 1 74817
0 1 74821
0 1 74825
0 1 74846
0 1 74847
0 1 74851
0 1 74859
0 1 74860
0 1 74862
0 1 74863
0 1 74866
0 1 74867
0 1 74870
0 1 74878
0 1 74883
0 1 74887
0 1 74888
0 1 74892
0 1 74893
0 1 74895
0 1 74900
0 1 74901
0 1 74902
0 1 74910
0 1 74911
0 1 74921
0 1 74924
0 1 74927
0 1 74941
0 1 74947
0 1 74948
0 1 74956
0 1 74962
0 1 74972
0 1 74973
0 1 74974
0 1 74979
0 1 74986
0 1 74992
0 1 74995
0 1 74996
0 1 75000
0 1 75007
0 1 75014
0 1 75019
0 1 75020
0 1 75025
0 1 75026
0 1 75037
0 1 75047
0 1 75049
0 1 75051
0 1 75057
0 1 75060
0 1 75064
0 1 75080
0 1 75084
0 1 75087
0 1 75088
0 1 75092
0 1 75093
0 1 75102
0 1 75105
0 1 75106
0 1 75114
0 1 75117
0 1 75120
0 1 75123
0 1 75132
0 1 75135
0 1 75136
0 1 75138
0 1 75141
0 1 75142
0 1 75148
0 1 75149
0 1 75151
0 1 75156
0 1 75160
0 1 75161
0 1 75170
0 1 75178
0 1 75180
0 1 75185
0 1 75186
0 1 75191
0 1 75202
0 1 75212
0 1 75218
0 1 75221
0 1 75224
0 1 75239
0 1 75240
0 1 75251
0 1 75258
0 1 75260
0 1 75276
0 1 75278
0 1 75290
0 1 75291
0 1 75297
0 1 75309
0 1 75316
0 1 75317
0 1 75318
0 1 75321
0 1 75327
0 1 75329
0 1 75340
0 1 75344
0 1 75347
0 1 75357
0 1 75361
0 1 75364
0 1 75386
0 1 75391
0 1 75395
0 1 75400
0 1 75401
0 1 75405
0 1 75406
0 1 75408
0 1 75413
0 1 75418
0 1 75432
0 1 75437
0 1 75440
0 1 75444
0 1 75462
0 1 75470
0 1 75483
0 1 75486
0 1 75488
0 1 75492
0 1 75493
0 1 75500
0 1 75501
0 1 75502
0 1 75504
0 1 75508
0 1 75510
0 1 75511
0 1 75517
0 1 75535
0 1 75537
0 1 75548
0 1 75549
0 1 75550
0 1 75552
0 1 75556
0 1 75559
0 1 75573
0 1 75574
0 1 75575
0 1 75586
0 1 75591
0 1 75593
0 1 75598
0 1 75602
0 1 75612
0 1 75619
0 1 75620
0 1 75628
0 1 75635
0 1 75649
0 1 75651
0 1 75652
0 1 75667
0 1 75670
0 1 75672
0 1 75692
0 1 75698
0 1 75701
0 1 75720
0 1 75725
0 1 75731
0 1 75751
0 1 75752
0 1 75763
0 1 75765
0 1 75766
0 1 75767
0 1 75769
0 1 75773
0 1 75780
0 1 75784
0 1 75785
0 1 75787
0 1 75788
0 1 75803
0 1 75807
0 1 75810
0 1 75816
0 1 75828
0 1 75829
0 1 75833
0 1 75842
0 1 75846
0 1 75847
0 1 75858
0 1 75865
0 1 75870
0 1 75875
0 1 75876
0 1 75877
0 1 75878
0 1 75885
0 1 75887
0 1 75888
0 1 75890
0 1 75891
0 1 75893
0 1 75894
0 1 75898
0 1 75899
0 1 75900
0 1 75903
0 1 75904
0 1 75915
0 1 75922
0 1 75937
0 1 75946
0 1 75947
0 1 75953
0 1 75966
0 1 75969
0 1 75971
0 1 75979
0 1 75980
0 1 75982
0 1 75983
0 1 75984
0 1 75989
0 1 75994
0 1 75995
0 1 76001
0 1 76002
0 1 76008
0 1 76012
0 1 76020
0 1 76032
0 1 76035
0 1 76036
0 1 76037
0 1 76048
0 1 76053
0 1 76082
0 1 76084
0 1 76090
0 1 76098
0 1 76107
0 1 76109
0 1 76111
0 1 76123
0 1 76128
0 1 76131
0 1 76133
0 1 76135
0 1 76142
0 1 76150
0 1 76156
0 1 76158
0 1 76159
0 1 76162
0 1 76164
0 1 76166
0 1 76170
0 1 76173
0 1 76175
0 1 76178
0 1 76180
0 1 76182
0 1 76189
0 1 76205
0 1 76211
0 1 76215
0 1 76217
0 1 76221
0 1 76223
0 1 76227
0 1 76240
0 1 76241
0 1 76242
0 1 76243
0 1 76244
0 1 76245
0 1 76249
0 1 76251
0 1 76254
0 1 76255
0 1 76263
0 1 76269
0 1 76272
0 1 76273
0 1 76278
0 1 76280
0 1 76282
0 1 76285
0 1 76289
0 1 76294
0 1 76297
0 1 76298
0 1 76315
0 1 76319
0 1 76320
0 1 76321
0 1 76322
0 1 76346
0 1 76349
0 1 76350
0 1 76351
0 1 76357
0 1 76374
0 1 76375
0 1 76377
0 1 76385
0 1 76386
0 1 76387
0 1 76390
0 1 76395
0 1 76397
0 1 76407
0 1 76410
0 1 76411
0 1 76415
0 1 76421
0 1 76428
0 1 76436
0 1 76442
0 1 76443
0 1 76444
0 1 76460
0 1 76461
0 1 76463
0 1 76464
0 1 76468
0 1 76469
0 1 76477
0 1 76481
0 1 76482
0 1 76484
0 1 76486
0 1 76494
0 1 76507
0 1 76514
0 1 76525
0 1 76526
0 1 76527
0 1 76529
0 1 76530
0 1 76532
0 1 76533
0 1 76536
0 1 76544
0 1 76545
0 1 76551
0 1 76554
0 1 76559
0 1 76561
0 1 76565
0 1 76573
0 1 76574
0 1 76584
0 1 76585
0 1 76590
0 1 76592
0 1 76594
0 1 76599
0 1 76613
0 1 76615
0 1 76616
0 1 76620
0 1 76621
0 1 76623
0 1 76632
0 1 76641
0 1 76651
0 1 76653
0 1 76654
0 1 76655
0 1 76660
0 1 76672
0 1 76681
0 1 76693
0 1 76697
0 1 76698
0 1 76699
0 1 76702
0 1 76706
0 1 76716
0 1 76720
0 1 76722
0 1 76725
0 1 76729
0 1 76730
0 1 76733
0 1 76734
0 1 76744
0 1 76751
0 1 76758
0 1 76759
0 1 76762
0 1 76772
0 1 76776
0 1 76778
0 1 76782
0 1 76783
0 1 76784
0 1 76786
0 1 76798
0 1 76806
0 1 76816
0 1 76818
0 1 76824
0 1 76825
0 1 76831
0 1 76848
0 1 76860
0 1 76862
0 1 76875
0 1 76876
0 1 76878
0 1 76882
0 1 76892
0 1 76894
0 1 76896
0 1 76898
0 1 76899
0 1 76903
0 1 76905
0 1 76908
0 1 76915
0 1 76926
0 1 76927
0 1 76929
0 1 76935
0 1 76936
0 1 76937
0 1 76948
0 1 76949
0 1 76952
0 1 76958
0 1 76959
0 1 76965
0 1 76972
0 1 76975
0 1 76978
0 1 76987
0 1 76988
0 1 76989
0 1 77004
0 1 77010
0 1 77021
0 1 77026
0 1 77031
0 1 77038
0 1 77039
0 1 77043
0 1 77046
0 1 77053
0 1 77057
0 1 77061
0 1 77066
0 1 77068
0 1 77074
0 1 77075
0 1 77079
0 1 77089
0 1 77094
0 1 77103
0 1 77105
0 1 77109
0 1 77118
0 1 77127
0 1 77129
0 1 77131
0 1 77138
0 1 77139
0 1 77149
0 1 77163
0 1 77164
0 1 77170
0 1 77171
0 1 77178
0 1 77179
0 1 77185
0 1 77187
0 1 77191
0 1 77193
0 1 77200
0 1 77201
0 1 77202
0 1 77203
0 1 77211
0 1 77213
0 1 77225
0 1 77226
0 1 77229
0 1 77234
0 1 77241
0 1 77246
0 1 77250
0 1 77252
0 1 77265
0 1 77266
0 1 77267
0 1 77269
0 1 77283
0 1 77291
0 1 77295
0 1 77300
0 1 77307
0 1 77314
0 1 77317
0 1 77324
0 1 77328
0 1 77338
0 1 77340
0 1 77341
0 1 77350
0 1 77355
0 1 77356
0 1 77358
0 1 77360
0 1 77363
0 1 77366
0 1 77370
0 1 77374
0 1 77376
0 1 77380
0 1 77388
0 1 77389
0 1 77394
0 1 77398
0 1 77407
0 1 77409
0 1 77419
0 1 77425
0 1 77429
0 1 77430
0 1 77432
0 1 77438
0 1 77444
0 1 77447
0 1 77451
0 1 77453
0 1 77459
0 1 77462
0 1 77466
0 1 77479
0 1 77483
0 1 77484
0 1 77495
0 1 77501
0 1 77503
0 1 77506
0 1 77508
0 1 77511
0 1 77515
0 1 77516
0 1 77521
0 1 77524
0 1 77526
0 1 77532
0 1 77533
0 1 77543
0 1 77557
0 1 77564
0 1 77566
0 1 77569
0 1 77577
0 1 77580
0 1 77585
0 1 77586
0 1 77593
0 1 77598
0 1 77603
0 1 77606
0 1 77618
0 1 77622
0 1 77623
0 1 77627
0 1 77652
0 1 77653
0 1 77654
0 1 77655
0 1 77661
0 1 77678
0 1 77679
0 1 77681
0 1 77682
0 1 77685
0 1 77689
0 1 77694
0 1 77697
0 1 77699
0 1 77701
0 1 77714
0 1 77719
0 1 77723
0 1 77724
0 1 77727
0 1 77728
0 1 77730
0 1 77735
0 1 77747
0 1 77754
0 1 77764
0 1 77770
0 1 77772
0 1 77773
0 1 77779
0 1 77803
0 1 77806
0 1 77807
0 1 77812
0 1 77813
0 1 77817
0 1 77839
0 1 77843
0 1 77848
0 1 77850
0 1 77852
0 1 77854
0 1 77855
0 1 77856
0 1 77858
0 1 77867
0 1 77868
0 1 77871
0 1 77874
0 1 77875
0 1 77881
0 1 77884
0 1 77885
0 1 77888
0 1 77897
0 1 77898
0 1 77900
0 1 77921
0 1 77937
0 1 77944
0 1 77945
0 1 77952
0 1 77953
0 1 77955
0 1 77957
0 1 77958
0 1 77959
0 1 77961
0 1 77962
0 1 77975
0 1 77984
0 1 77985
0 1 77990
0 1 77999
0 1 78003
0 1 78013
0 1 78016
0 1 78017
0 1 78018
0 1 78021
0 1 78025
0 1 78034
0 1 78039
0 1 78041
0 1 78044
0 1 78045
0 1 78048
0 1 78049
0 1 78052
0 1 78058
0 1 78063
0 1 78074
0 1 78077
0 1 78078
0 1 78081
0 1 78082
0 1 78091
0 1 78092
0 1 78107
0 1 78113
0 1 78114
0 1 78116
0 1 78127
0 1 78139
0 1 78148
0 1 78150
0 1 78165
0 1 78168
0 1 78170
0 1 78177
0 1 78178
0 1 78185
0 1 78188
0 1 78195
0 1 78200
0 1 78205
0 1 78207
0 1 78209
0 1 78211
0 1 78221
0 1 78229
0 1 78239
0 1 78240
0 1 78248
0 1 78251
0 1 78260
0 1 78266
0 1 78271
0 1 78277
0 1 78278
0 1 78284
0 1 78287
0 1 78288
0 1 78300
0 1 78304
0 1 78311
0 1 78321
0 1 78325
0 1 78330
0 1 78335
0 1 78336
0 1 78349
0 1 78353
0 1 78355
0 1 78367
0 1 78375
0 1 78379
0 1 78387
0 1 78392
0 1 78398
0 1 78399
0 1 78403
0 1 78410
0 1 78411
0 1 78419
0 1 78423
0 1 78427
0 1 78433
0 1 78435
0 1 78439
0 1 78440
0 1 78442
0 1 78443
0 1 78451
0 1 78456
0 1 78462
0 1 78465
0 1 78468
0 1 78472
0 1 78476
0 1 78481
0 1 78484
0 1 78493
0 1 78494
0 1 78498
0 1 78503
0 1 78518
0 1 78526
0 1 78530
0 1 78531
0 1 78534
0 1 78538
0 1 78539
0 1 78557
0 1 78568
0 1 78571
0 1 78574
0 1 78584
0 1 78594
0 1 78600
0 1 78610
0 1 78611
0 1 78614
0 1 78617
0 1 78621
0 1 78631
0 1 78638
0 1 78639
0 1 78641
0 1 78648
0 1 78653
0 1 78658
0 1 78663
0 1 78664
0 1 78670
0 1 78672
0 1 78673
0 1 78683
0 1 78684
0 1 78685
0 1 78692
0 1 78701
0 1 78704
0 1 78706
0 1 78708
0 1 78710
0 1 78716
0 1 78717
0 1 78720
0 1 78726
0 1 78736
0 1 78738
0 1 78740
0 1 78746
0 1 78747
0 1 78753
0 1 78754
0 1 78756
0 1 78757
0 1 78771
0 1 78784
0 1 78797
0 1 78806
0 1 78807
0 1 78811
0 1 78815
0 1 78821
0 1 78829
0 1 78831
0 1 78833
0 1 78838
0 1 78842
0 1 78845
0 1 78846
0 1 78851
0 1 78860
0 1 78864
0 1 78875
0 1 78876
0 1 78880
0 1 78881
0 1 78883
0 1 78886
0 1 78894
0 1 78896
0 1 78900
0 1 78903
0 1 78904
0 1 78909
0 1 78911
0 1 78920
0 1 78928
0 1 78929
0 1 78940
0 1 78947
0 1 78953
0 1 78954
0 1 78956
0 1 78963
0 1 78969
0 1 78975
0 1 78979
0 1 78981
0 1 78992
0 1 78994
0 1 79002
0 1 79003
0 1 79005
0 1 79014
0 1 79016
0 1 79026
0 1 79033
0 1 79034
0 1 79047
0 1 79070
0 1 79082
0 1 79090
0 1 79098
0 1 79101
0 1 79116
0 1 79125
0 1 79134
0 1 79140
0 1 79151
0 1 79160
0 1 79162
0 1 79164
0 1 79176
0 1 79178
0 1 79195
0 1 79198
0 1 79200
0 1 79206
0 1 79208
0 1 79212
0 1 79214
0 1 79217
0 1 79219
0 1 79222
0 1 79223
0 1 79226
0 1 79233
0 1 79237
0 1 79242
0 1 79244
0 1 79248
0 1 79249
0 1 79263
0 1 79268
0 1 79270
0 1 79272
0 1 79282
0 1 79285
0 1 79289
0 1 79292
0 1 79295
0 1 79299
0 1 79300
0 1 79303
0 1 79317
0 1 79322
0 1 79326
0 1 79328
0 1 79332
0 1 79335
0 1 79336
0 1 79337
0 1 79352
0 1 79357
0 1 79358
0 1 79366
0 1 79368
0 1 79375
0 1 79381
0 1 79390
0 1 79392
0 1 79397
0 1 79412
0 1 79414
0 1 79420
0 1 79434
0 1 79438
0 1 79443
0 1 79446
0 1 79450
0 1 79459
0 1 79474
0 1 79482
0 1 79486
0 1 79488
0 1 79494
0 1 79495
0 1 79499
0 1 79503
0 1 79508
0 1 79514
0 1 79516
0 1 79522
0 1 79526
0 1 79528
0 1 79543
0 1 79545
0 1 79550
0 1 79551
0 1 79555
0 1 79561
0 1 79564
0 1 79568
0 1 79578
0 1 79594
0 1 79597
0 1 79600
0 1 79602
0 1 79605
0 1 79609
0 1 79618
0 1 79621
0 1 79632
0 1 79633
0 1 79638
0 1 79642
0 1 79645
0 1 79650
0 1 79655
0 1 79663
0 1 79665
0 1 79688
0 1 79690
0 1 79691
0 1 79692
0 1 79697
0 1 79698
0 1 79700
0 1 79704
0 1 79705
0 1 79710
0 1 79712
0 1 79716
0 1 79721
0 1 79724
0 1 79728
0 1 79731
0 1 79740
0 1 79743
0 1 79748
0 1 79752
0 1 79761
0 1 79763
0 1 79766
0 1 79774
0 1 79779
0 1 79782
0 1 79787
0 1 79790
0 1 79801
0 1 79805
0 1 79813
0 1 79817
0 1 79822
0 1 79823
0 1 79828
0 1 79839
0 1 79842
0 1 79843
0 1 79847
0 1 79853
0 1 79858
0 1 79864
0 1 79875
0 1 79876
0 1 79884
0 1 79887
0 1 79888
0 1 79890
0 1 79894
0 1 79897
0 1 79901
0 1 79905
0 1 79909
0 1 79910
0 1 79912
0 1 79928
0 1 79933
0 1 79939
0 1 79940
0 1 79956
0 1 79958
0 1 79965
0 1 79967
0 1 79969
0 1 79973
0 1 79979
0 1 79998
0 1 80002
0 1 80005
0 1 80010
0 1 80016
0 1 80021
0 1 80022
0 1 80044
0 1 80048
0 1 80053
0 1 80058
0 1 80060
0 1 80062
0 1 80063
0 1 80076
0 1 80082
0 1 80083
0 1 80095
0 1 80096
0 1 80098
0 1 80101
0 1 80102
0 1 80104
0 1 80109
0 1 80116
0 1 80123
0 1 80124
0 1 80125
0 1 80131
0 1 80135
0 1 80143
0 1 80146
0 1 80149
0 1 80152
0 1 80153
0 1 80159
0 1 80164
0 1 80175
0 1 80179
0 1 80181
0 1 80185
0 1 80189
0 1 80194
0 1 80201
0 1 80203
0 1 80204
0 1 80206
0 1 80214
0 1 80216
0 1 80217
0 1 80235
0 1 80237
0 1 80238
0 1 80241
0 1 80249
0 1 80251
0 1 80253
0 1 80256
0 1 80258
0 1 80259
0 1 80261
0 1 80262
0 1 80263
0 1 80278
0 1 80280
0 1 80285
0 1 80299
0 1 80303
0 1 80307
0 1 80314
0 1 80324
0 1 80326
0 1 80328
0 1 80362
0 1 80372
0 1 80375
0 1 80378
0 1 80380
0 1 80386
0 1 80390
0 1 80391
0 1 80393
0 1 80399
0 1 80402
0 1 80405
0 1 80408
0 1 80417
0 1 80432
0 1 80433
0 1 80434
0 1 80435
0 1 80437
0 1 80440
0 1 80442
0 1 80446
0 1 80457
0 1 80459
0 1 80463
0 1 80471
0 1 80476
0 1 80477
0 1 80482
0 1 80490
0 1 80505
0 1 80507
0 1 80511
0 1 80512
0 1 80514
0 1 80517
0 1 80534
0 1 80542
0 1 80544
0 1 80553
0 1 80558
0 1 80560
0 1 80566
0 1 80567
0 1 80568
0 1 80574
0 1 80576
0 1 80578
0 1 80584
0 1 80593
0 1 80601
0 1 80602
0 1 80604
0 1 80612
0 1 80620
0 1 80627
0 1 80628
0 1 80642
0 1 80651
0 1 80666
0 1 80669
0 1 80671
0 1 80683
0 1 80684
0 1 80692
0 1 80697
0 1 80707
0 1 80711
0 1 80712
0 1 80718
0 1 80719
0 1 80725
0 1 80731
0 1 80743
0 1 80745
0 1 80752
0 1 80758
0 1 80760
0 1 80765
0 1 80766
0 1 80779
0 1 80780
0 1 80785
0 1 80786
0 1 80789
0 1 80803
0 1 80804
0 1 80809
0 1 80813
0 1 80820
0 1 80821
0 1 80829
0 1 80838
0 1 80840
0 1 80843
0 1 80844
0 1 80850
0 1 80855
0 1 80856
0 1 80860
0 1 80870
0 1 80871
0 1 80879
0 1 80881
0 1 80891
0 1 80899
0 1 80910
0 1 80916
0 1 80919
0 1 80939
0 1 80953
0 1 80961
0 1 80963
0 1 80965
0 1 80966
0 1 80967
0 1 80981
0 1 80994
0 1 81003
0 1 81004
0 1 81008
0 1 81012
0 1 81020
0 1 81022
0 1 81045
0 1 81050
0 1 81075
0 1 81076
0 1 81087
0 1 81090
0 1 81093
0 1 81096
0 1 81097
0 1 81099
0 1 81106
0 1 81107
0 1 81114
0 1 81115
0 1 81124
0 1 81125
0 1 81128
0 1 81134
0 1 81140
0 1 81148
0 1 81151
0 1 81153
0 1 81155
0 1 81160
0 1 81168
0 1 81171
0 1 81173
0 1 81183
0 1 81188
0 1 81192
0 1 81195
0 1 81199
0 1 81201
0 1 81203
0 1 81204
0 1 81205
0 1 81207
0 1 81222
0 1 81224
0 1 81239
0 1 81243
0 1 81245
0 1 81247
0 1 81253
0 1 81270
0 1 81275
0 1 81279
0 1 81292
0 1 81295
0 1 81303
0 1 81309
0 1 81311
0 1 81315
0 1 81319
0 1 81321
0 1 81326
0 1 81327
0 1 81328
0 1 81332
0 1 81343
0 1 81346
0 1 81349
0 1 81350
0 1 81352
0 1 81371
0 1 81387
0 1 81392
0 1 81400
0 1 81402
0 1 81406
0 1 81408
0 1 81412
0 1 81414
0 1 81418
0 1 81422
0 1 81429
0 1 81430
0 1 81439
0 1 81440
0 1 81443
0 1 81444
0 1 81445
0 1 81446
0 1 81452
0 1 81457
0 1 81459
0 1 81463
0 1 81471
0 1 81474
0 1 81475
0 1 81479
0 1 81481
0 1 81484
0 1 81492
0 1 81493
0 1 81495
0 1 81503
0 1 81505
0 1 81512
0 1 81513
0 1 81533
0 1 81537
0 1 81538
0 1 81557
0 1 81574
0 1 81580
0 1 81589
0 1 81590
0 1 81595
0 1 81596
0 1 81600
0 1 81605
0 1 81607
0 1 81625
0 1 81627
0 1 81635
0 1 81641
0 1 81647
0 1 81655
0 1 81659
0 1 81664
0 1 81682
0 1 81683
0 1 81688
0 1 81690
0 1 81693
0 1 81704
0 1 81709
0 1 81713
0 1 81717
0 1 81718
0 1 81730
0 1 81733
0 1 81736
0 1 81738
0 1 81746
0 1 81748
0 1 81752
0 1 81753
0 1 81760
0 1 81761
0 1 81766
0 1 81768
0 1 81775
0 1 81777
0 1 81787
0 1 81793
0 1 81802
0 1 81805
0 1 81822
0 1 81825
0 1 81826
0 1 81831
0 1 81836
0 1 81837
0 1 81850
0 1 81853
0 1 81857
0 1 81858
0 1 81859
0 1 81863
0 1 81865
0 1 81877
0 1 81878
0 1 81884
0 1 81888
0 1 81889
0 1 81898
0 1 81915
0 1 81916
0 1 81918
0 1 81919
0 1 81921
0 1 81922
0 1 81930
0 1 81947
0 1 81953
0 1 81954
0 1 81967
0 1 81968
0 1 81970
0 1 81973
0 1 81974
0 1 81978
0 1 81982
0 1 81990
0 1 81994
0 1 82015
0 1 82020
0 1 82025
0 1 82026
0 1 82027
0 1 82035
0 1 82037
0 1 82041
0 1 82043
0 1 82046
0 1 82057
0 1 82065
0 1 82066
0 1 82070
0 1 82071
0 1 82084
0 1 82087
0 1 82089
0 1 82102
0 1 82105
0 1 82108
0 1 82111
0 1 82114
0 1 82115
0 1 82117
0 1 82119
0 1 82120
0 1 82125
0 1 82136
0 1 82147
0 1 82148
0 1 82161
0 1 82168
0 1 82186
0 1 82188
0 1 82197
0 1 82200
0 1 82201
0 1 82209
0 1 82212
0 1 82225
0 1 82231
0 1 82235
0 1 82237
0 1 82240
0 1 82247
0 1 82252
0 1 82253
0 1 82258
0 1 82259
0 1 82262
0 1 82265
0 1 82271
0 1 82279
0 1 82287
0 1 82293
0 1 82297
0 1 82305
0 1 82315
0 1 82317
0 1 82322
0 1 82324
0 1 82327
0 1 82331
0 1 82333
0 1 82347
0 1 82350
0 1 82354
0 1 82355
0 1 82370
0 1 82375
0 1 82376
0 1 82378
0 1 82396
0 1 82397
0 1 82400
0 1 82405
0 1 82408
0 1 82409
0 1 82412
0 1 82414
0 1 82426
0 1 82430
0 1 82432
0 1 82433
0 1 82443
0 1 82446
0 1 82448
0 1 82455
0 1 82457
0 1 82461
0 1 82462
0 1 82465
0 1 82472
0 1 82475
0 1 82477
0 1 82482
0 1 82490
0 1 82492
0 1 82493
0 1 82495
0 1 82499
0 1 82502
0 1 82503
0 1 82508
0 1 82522
0 1 82525
0 1 82526
0 1 82542
0 1 82544
0 1 82547
0 1 82548
0 1 82550
0 1 82553
0 1 82565
0 1 82571
0 1 82573
0 1 82577
0 1 82581
0 1 82582
0 1 82585
0 1 82586
0 1 82587
0 1 82590
0 1 82591
0 1 82592
0 1 82606
0 1 82618
0 1 82623
0 1 82632
0 1 82643
0 1 82647
0 1 82655
0 1 82659
0 1 82672
0 1 82673
0 1 82674
0 1 82677
0 1 82678
0 1 82680
0 1 82688
0 1 82690
0 1 82696
0 1 82698
0 1 82702
0 1 82706
0 1 82708
0 1 82709
0 1 82710
0 1 82712
0 1 82717
0 1 82718
0 1 82723
0 1 82737
0 1 82739
0 1 82741
0 1 82742
0 1 82744
0 1 82748
0 1 82749
0 1 82750
0 1 82751
0 1 82756
0 1 82760
0 1 82764
0 1 82765
0 1 82771
0 1 82780
0 1 82786
0 1 82789
0 1 82791
0 1 82794
0 1 82801
0 1 82802
0 1 82805
0 1 82810
0 1 82821
0 1 82827
0 1 82835
0 1 82837
0 1 82841
0 1 82842
0 1 82847
0 1 82851
0 1 82854
0 1 82855
0 1 82858
0 1 82867
0 1 82868
0 1 82873
0 1 82899
0 1 82900
0 1 82903
0 1 82913
0 1 82915
0 1 82927
0 1 82935
0 1 82937
0 1 82940
0 1 82948
0 1 82950
0 1 82954
0 1 82955
0 1 82956
0 1 82958
0 1 82973
0 1 82976
0 1 82988
0 1 82989
0 1 83005
0 1 83011
0 1 83013
0 1 83018
0 1 83030
0 1 83034
0 1 83038
0 1 83043
0 1 83044
0 1 83048
0 1 83052
0 1 83053
0 1 83055
0 1 83059
0 1 83062
0 1 83063
0 1 83070
0 1 83076
0 1 83093
0 1 83095
0 1 83096
0 1 83098
0 1 83105
0 1 83108
0 1 83112
0 1 83115
0 1 83116
0 1 83132
0 1 83134
0 1 83135
0 1 83143
0 1 83150
0 1 83154
0 1 83158
0 1 83159
0 1 83160
0 1 83165
0 1 83167
0 1 83169
0 1 83173
0 1 83174
0 1 83175
0 1 83177
0 1 83180
0 1 83186
0 1 83188
0 1 83198
0 1 83205
0 1 83206
0 1 83209
0 1 83211
0 1 83214
0 1 83226
0 1 83229
0 1 83230
0 1 83242
0 1 83248
0 1 83249
0 1 83252
0 1 83266
0 1 83269
0 1 83279
0 1 83300
0 1 83302
0 1 83304
0 1 83306
0 1 83309
0 1 83313
0 1 83317
0 1 83327
0 1 83336
0 1 83343
0 1 83350
0 1 83351
0 1 83356
0 1 83376
0 1 83379
0 1 83385
0 1 83392
0 1 83395
0 1 83396
0 1 83398
0 1 83399
0 1 83401
0 1 83405
0 1 83407
0 1 83410
0 1 83414
0 1 83415
0 1 83417
0 1 83427
0 1 83442
0 1 83445
0 1 83452
0 1 83453
0 1 83463
0 1 83465
0 1 83466
0 1 83467
0 1 83472
0 1 83474
0 1 83475
0 1 83477
0 1 83480
0 1 83481
0 1 83493
0 1 83498
0 1 83499
0 1 83502
0 1 83507
0 1 83508
0 1 83511
0 1 83518
0 1 83523
0 1 83526
0 1 83532
0 1 83533
0 1 83539
0 1 83554
0 1 83559
0 1 83564
0 1 83568
0 1 83572
0 1 83573
0 1 83575
0 1 83581
0 1 83583
0 1 83584
0 1 83587
0 1 83591
0 1 83592
0 1 83595
0 1 83614
0 1 83620
0 1 83623
0 1 83628
0 1 83630
0 1 83640
0 1 83644
0 1 83646
0 1 83653
0 1 83663
0 1 83670
0 1 83675
0 1 83678
0 1 83681
0 1 83683
0 1 83686
0 1 83691
0 1 83695
0 1 83697
0 1 83704
0 1 83706
0 1 83710
0 1 83713
0 1 83716
0 1 83719
0 1 83720
0 1 83733
0 1 83738
0 1 83748
0 1 83769
0 1 83773
0 1 83778
0 1 83782
0 1 83792
0 1 83804
0 1 83810
0 1 83818
0 1 83821
0 1 83825
0 1 83831
0 1 83838
0 1 83840
0 1 83845
0 1 83849
0 1 83851
0 1 83855
0 1 83856
0 1 83858
0 1 83871
0 1 83873
0 1 83882
0 1 83909
0 1 83911
0 1 83916
0 1 83917
0 1 83923
0 1 83924
0 1 83932
0 1 83934
0 1 83935
0 1 83938
0 1 83941
0 1 83946
0 1 83954
0 1 83957
0 1 83961
0 1 83963
0 1 83964
0 1 83965
0 1 83975
0 1 83981
0 1 83983
0 1 83992
0 1 84011
0 1 84012
0 1 84013
0 1 84015
0 1 84026
0 1 84030
0 1 84032
0 1 84045
0 1 84046
0 1 84049
0 1 84053
0 1 84061
0 1 84068
0 1 84069
0 1 84076
0 1 84078
0 1 84084
0 1 84087
0 1 84095
0 1 84107
0 1 84108
0 1 84116
0 1 84118
0 1 84119
0 1 84121
0 1 84124
0 1 84130
0 1 84143
0 1 84144
0 1 84151
0 1 84152
0 1 84160
0 1 84163
0 1 84167
0 1 84168
0 1 84177
0 1 84192
0 1 84201
0 1 84202
0 1 84203
0 1 84207
0 1 84212
0 1 84221
0 1 84228
0 1 84230
0 1 84235
0 1 84236
0 1 84243
0 1 84248
0 1 84256
0 1 84273
0 1 84274
0 1 84278
0 1 84282
0 1 84284
0 1 84290
0 1 84302
0 1 84304
0 1 84313
0 1 84315
0 1 84317
0 1 84318
0 1 84327
0 1 84334
0 1 84340
0 1 84343
0 1 84351
0 1 84353
0 1 84354
0 1 84356
0 1 84363
0 1 84367
0 1 84370
0 1 84371
0 1 84373
0 1 84375
0 1 84381
0 1 84396
0 1 84397
0 1 84398
0 1 84401
0 1 84410
0 1 84411
0 1 84412
0 1 84416
0 1 84419
0 1 84421
0 1 84426
0 1 84430
0 1 84432
0 1 84441
0 1 84443
0 1 84449
0 1 84457
0 1 84460
0 1 84471
0 1 84479
0 1 84500
0 1 84511
0 1 84518
0 1 84524
0 1 84526
0 1 84527
0 1 84533
0 1 84554
0 1 84557
0 1 84559
0 1 84567
0 1 84569
0 1 84580
0 1 84585
0 1 84590
0 1 84592
0 1 84595
0 1 84596
0 1 84597
0 1 84599
0 1 84600
0 1 84613
0 1 84625
0 1 84629
0 1 84630
0 1 84634
0 1 84639
0 1 84640
0 1 84643
0 1 84647
0 1 84649
0 1 84657
0 1 84659
0 1 84668
0 1 84676
0 1 84678
0 1 84681
0 1 84683
0 1 84687
0 1 84688
0 1 84689
0 1 84690
0 1 84691
0 1 84696
0 1 84700
0 1 84710
0 1 84711
0 1 84712
0 1 84719
0 1 84721
0 1 84729
0 1 84733
0 1 84740
0 1 84743
0 1 84752
0 1 84759
0 1 84761
0 1 84781
0 1 84784
0 1 84787
0 1 84790
0 1 84795
0 1 84803
0 1 84811
0 1 84813
0 1 84819
0 1 84823
0 1 84824
0 1 84828
0 1 84833
0 1 84840
0 1 84842
0 1 84849
0 1 84852
0 1 84856
0 1 84863
0 1 84872
0 1 84876
0 1 84887
0 1 84890
0 1 84907
0 1 84919
0 1 84927
0 1 84929
0 1 84933
0 1 84935
0 1 84936
0 1 84941
0 1 84946
0 1 84952
0 1 84958
0 1 84961
0 1 84964
0 1 84969
0 1 84972
0 1 84975
0 1 84980
0 1 84983
0 1 84998
0 1 84999
0 1 85000
0 1 85001
0 1 85003
0 1 85007
0 1 85010
0 1 85011
0 1 85013
0 1 85019
0 1 85024
0 1 85031
0 1 85033
0 1 85039
0 1 85041
0 1 85043
0 1 85045
0 1 85051
0 1 85056
0 1 85070
0 1 85083
0 1 85087
0 1 85089
0 1 85101
0 1 85106
0 1 85108
0 1 85109
0 1 85112
0 1 85114
0 1 85117
0 1 85119
0 1 85122
0 1 85126
0 1 85132
0 1 85133
0 1 85143
0 1 85150
0 1 85151
0 1 85158
0 1 85159
0 1 85160
0 1 85168
0 1 85169
0 1 85172
0 1 85173
0 1 85174
0 1 85175
0 1 85182
0 1 85184
0 1 85186
0 1 85194
0 1 85201
0 1 85213
0 1 85214
0 1 85219
0 1 85224
0 1 85225
0 1 85229
0 1 85239
0 1 85243
0 1 85246
0 1 85252
0 1 85257
0 1 85259
0 1 85276
0 1 85291
0 1 85304
0 1 85307
0 1 85308
0 1 85310
0 1 85312
0 1 85320
0 1 85321
0 1 85339
0 1 85340
0 1 85345
0 1 85356
0 1 85358
0 1 85372
0 1 85373
0 1 85378
0 1 85388
0 1 85395
0 1 85399
0 1 85402
0 1 85403
0 1 85407
0 1 85416
0 1 85420
0 1 85424
0 1 85426
0 1 85439
0 1 85444
0 1 85462
0 1 85467
0 1 85468
0 1 85484
0 1 85486
0 1 85494
0 1 85499
0 1 85501
0 1 85507
0 1 85518
0 1 85522
0 1 85526
0 1 85530
0 1 85532
0 1 85540
0 1 85544
0 1 85550
0 1 85560
0 1 85562
0 1 85571
0 1 85572
0 1 85575
0 1 85578
0 1 85580
0 1 85582
0 1 85590
0 1 85593
0 1 85600
0 1 85603
0 1 85605
0 1 85615
0 1 85617
0 1 85628
0 1 85629
0 1 85634
0 1 85643
0 1 85644
0 1 85645
0 1 85648
0 1 85649
0 1 85658
0 1 85664
0 1 85666
0 1 85675
0 1 85680
0 1 85685
0 1 85687
0 1 85688
0 1 85689
0 1 85692
0 1 85693
0 1 85694
0 1 85695
0 1 85702
0 1 85713
0 1 85728
0 1 85731
0 1 85733
0 1 85734
0 1 85742
0 1 85743
0 1 85747
0 1 85748
0 1 85749
0 1 85753
0 1 85755
0 1 85759
0 1 85764
0 1 85767
0 1 85768
0 1 85777
0 1 85782
0 1 85784
0 1 85788
0 1 85792
0 1 85798
0 1 85799
0 1 85804
0 1 85812
0 1 85819
0 1 85820
0 1 85823
0 1 85837
0 1 85839
0 1 85853
0 1 85854
0 1 85858
0 1 85863
0 1 85865
0 1 85867
0 1 85872
0 1 85875
0 1 85879
0 1 85890
0 1 85892
0 1 85893
0 1 85895
0 1 85902
0 1 85907
0 1 85909
0 1 85912
0 1 85916
0 1 85917
0 1 85922
0 1 85925
0 1 85935
0 1 85943
0 1 85944
0 1 85953
0 1 85955
0 1 85972
0 1 85978
0 1 85980
0 1 85981
0 1 85992
0 1 85995
0 1 85996
0 1 86004
0 1 86013
0 1 86016
0 1 86017
0 1 86026
0 1 86028
0 1 86035
0 1 86040
0 1 86041
0 1 86047
0 1 86055
0 1 86060
0 1 86070
0 1 86072
0 1 86076
0 1 86089
0 1 86090
0 1 86092
0 1 86096
0 1 86102
0 1 86110
0 1 86112
0 1 86121
0 1 86122
0 1 86127
0 1 86132
0 1 86136
0 1 86145
0 1 86152
0 1 86154
0 1 86157
0 1 86165
0 1 86168
0 1 86171
0 1 86172
0 1 86184
0 1 86191
0 1 86194
0 1 86195
0 1 86202
0 1 86228
0 1 86231
0 1 86239
0 1 86243
0 1 86245
0 1 86249
0 1 86250
0 1 86252
0 1 86253
0 1 86259
0 1 86267
0 1 86268
0 1 86270
0 1 86276
0 1 86280
0 1 86293
0 1 86295
0 1 86304
0 1 86305
0 1 86310
0 1 86317
0 1 86319
0 1 86322
0 1 86334
0 1 86339
0 1 86344
0 1 86347
0 1 86349
0 1 86367
0 1 86369
0 1 86370
0 1 86373
0 1 86376
0 1 86389
0 1 86390
0 1 86393
0 1 86394
0 1 86403
0 1 86409
0 1 86417
0 1 86421
0 1 86422
0 1 86425
0 1 86432
0 1 86439
0 1 86443
0 1 86450
0 1 86455
0 1 86456
0 1 86458
0 1 86475
0 1 86476
0 1 86478
0 1 86481
0 1 86489
0 1 86499
0 1 86500
0 1 86511
0 1 86518
0 1 86526
0 1 86532
0 1 86536
0 1 86542
0 1 86550
0 1 86559
0 1 86569
0 1 86586
0 1 86590
0 1 86594
0 1 86596
0 1 86597
0 1 86606
0 1 86616
0 1 86626
0 1 86627
0 1 86648
0 1 86655
0 1 86657
0 1 86661
0 1 86664
0 1 86667
0 1 86671
0 1 86673
0 1 86678
0 1 86681
0 1 86687
0 1 86690
0 1 86691
0 1 86697
0 1 86699
0 1 86705
0 1 86713
0 1 86717
0 1 86726
0 1 86727
0 1 86728
0 1 86731
0 1 86740
0 1 86746
0 1 86748
0 1 86749
0 1 86750
0 1 86751
0 1 86752
0 1 86753
0 1 86754
0 1 86755
0 1 86759
0 1 86761
0 1 86764
0 1 86765
0 1 86767
0 1 86771
0 1 86784
0 1 86785
0 1 86786
0 1 86792
0 1 86800
0 1 86805
0 1 86812
0 1 86828
0 1 86832
0 1 86833
0 1 86836
0 1 86841
0 1 86846
0 1 86847
0 1 86850
0 1 86876
0 1 86895
0 1 86897
0 1 86902
0 1 86907
0 1 86911
0 1 86913
0 1 86918
0 1 86926
0 1 86927
0 1 86936
0 1 86946
0 1 86950
0 1 86951
0 1 86970
0 1 86973
0 1 86975
0 1 86995
0 1 87004
0 1 87007
0 1 87015
0 1 87016
0 1 87024
0 1 87028
0 1 87029
0 1 87042
0 1 87051
0 1 87055
0 1 87059
0 1 87066
0 1 87074
0 1 87077
0 1 87079
0 1 87081
0 1 87087
0 1 87095
0 1 87112
0 1 87117
0 1 87118
0 1 87120
0 1 87126
0 1 87127
0 1 87131
0 1 87135
0 1 87137
0 1 87141
0 1 87151
0 1 87156
0 1 87160
0 1 87162
0 1 87164
0 1 87169
0 1 87181
0 1 87187
0 1 87195
0 1 87199
0 1 87200
0 1 87208
0 1 87209
0 1 87215
0 1 87220
0 1 87222
0 1 87223
0 1 87229
0 1 87231
0 1 87237
0 1 87245
0 1 87248
0 1 87249
0 1 87252
0 1 87260
0 1 87262
0 1 87267
0 1 87276
0 1 87277
0 1 87280
0 1 87296
0 1 87300
0 1 87301
0 1 87304
0 1 87311
0 1 87321
0 1 87323
0 1 87324
0 1 87327
0 1 87330
0 1 87331
0 1 87332
0 1 87337
0 1 87338
0 1 87344
0 1 87346
0 1 87347
0 1 87352
0 1 87355
0 1 87365
0 1 87369
0 1 87379
0 1 87406
0 1 87408
0 1 87419
0 1 87428
0 1 87429
0 1 87431
0 1 87433
0 1 87438
0 1 87442
0 1 87443
0 1 87451
0 1 87454
0 1 87456
0 1 87465
0 1 87473
0 1 87480
0 1 87497
0 1 87500
0 1 87508
0 1 87514
0 1 87517
0 1 87518
0 1 87520
0 1 87533
0 1 87544
0 1 87545
0 1 87558
0 1 87559
0 1 87570
0 1 87580
0 1 87584
0 1 87592
0 1 87602
0 1 87610
0 1 87616
0 1 87618
0 1 87619
0 1 87621
0 1 87631
0 1 87636
0 1 87642
0 1 87645
0 1 87652
0 1 87653
0 1 87656
0 1 87657
0 1 87661
0 1 87664
0 1 87672
0 1 87681
0 1 87696
0 1 87697
0 1 87698
0 1 87702
0 1 87704
0 1 87712
0 1 87714
0 1 87722
0 1 87731
0 1 87733
0 1 87737
0 1 87738
0 1 87740
0 1 87749
0 1 87754
0 1 87755
0 1 87756
0 1 87758
0 1 87766
0 1 87773
0 1 87787
0 1 87794
0 1 87797
0 1 87799
0 1 87802
0 1 87806
0 1 87813
0 1 87814
0 1 87847
0 1 87853
0 1 87856
0 1 87861
0 1 87864
0 1 87869
0 1 87870
0 1 87873
0 1 87876
0 1 87877
0 1 87880
0 1 87890
0 1 87891
0 1 87903
0 1 87911
0 1 87915
0 1 87923
0 1 87924
0 1 87936
0 1 87938
0 1 87946
0 1 87947
0 1 87950
0 1 87965
0 1 87967
0 1 87984
0 1 87988
0 1 87992
0 1 87994
0 1 87997
0 1 87999
0 1 88000
0 1 88006
0 1 88018
0 1 88020
0 1 88021
0 1 88026
0 1 88033
0 1 88043
0 1 88048
0 1 88049
0 1 88050
0 1 88051
0 1 88053
0 1 88055
0 1 88061
0 1 88064
0 1 88065
0 1 88067
0 1 88072
0 1 88074
0 1 88076
0 1 88077
0 1 88082
0 1 88084
0 1 88086
0 1 88088
0 1 88093
0 1 88094
0 1 88097
0 1 88098
0 1 88099
0 1 88100
0 1 88101
0 1 88111
0 1 88112
0 1 88113
0 1 88114
0 1 88117
0 1 88124
0 1 88132
0 1 88137
0 1 88149
0 1 88154
0 1 88161
0 1 88164
0 1 88165
0 1 88166
0 1 88168
0 1 88171
0 1 88178
0 1 88182
0 1 88183
0 1 88184
0 1 88189
0 1 88191
0 1 88202
0 1 88204
0 1 88211
0 1 88212
0 1 88214
0 1 88229
0 1 88236
0 1 88237
0 1 88238
0 1 88240
0 1 88253
0 1 88256
0 1 88257
0 1 88262
0 1 88263
0 1 88264
0 1 88266
0 1 88269
0 1 88271
0 1 88274
0 1 88280
0 1 88281
0 1 88283
0 1 88286
0 1 88287
0 1 88290
0 1 88295
0 1 88298
0 1 88304
0 1 88307
0 1 88317
0 1 88319
0 1 88326
0 1 88330
0 1 88331
0 1 88332
0 1 88350
0 1 88354
0 1 88356
0 1 88362
0 1 88367
0 1 88368
0 1 88372
0 1 88391
0 1 88394
0 1 88399
0 1 88400
0 1 88402
0 1 88404
0 1 88405
0 1 88406
0 1 88410
0 1 88421
0 1 88422
0 1 88423
0 1 88432
0 1 88436
0 1 88437
0 1 88438
0 1 88450
0 1 88453
0 1 88457
0 1 88458
0 1 88462
0 1 88468
0 1 88481
0 1 88482
0 1 88485
0 1 88493
0 1 88496
0 1 88503
0 1 88507
0 1 88511
0 1 88524
0 1 88525
0 1 88528
0 1 88534
0 1 88536
0 1 88543
0 1 88553
0 1 88556
0 1 88558
0 1 88559
0 1 88572
0 1 88578
0 1 88579
0 1 88581
0 1 88592
0 1 88593
0 1 88594
0 1 88604
0 1 88613
0 1 88614
0 1 88618
0 1 88622
0 1 88623
0 1 88625
0 1 88639
0 1 88644
0 1 88650
0 1 88651
0 1 88655
0 1 88664
0 1 88666
0 1 88667
0 1 88668
0 1 88669
0 1 88670
0 1 88672
0 1 88682
0 1 88687
0 1 88693
0 1 88696
0 1 88704
0 1 88705
0 1 88706
0 1 88707
0 1 88729
0 1 88732
0 1 88733
0 1 88737
0 1 88746
0 1 88755
0 1 88757
0 1 88762
0 1 88769
0 1 88776
0 1 88784
0 1 88788
0 1 88792
0 1 88803
0 1 88806
0 1 88808
0 1 88812
0 1 88813
0 1 88820
0 1 88828
0 1 88848
0 1 88850
0 1 88857
0 1 88862
0 1 88863
0 1 88885
0 1 88888
0 1 88890
0 1 88892
0 1 88893
0 1 88897
0 1 88899
0 1 88901
0 1 88907
0 1 88912
0 1 88917
0 1 88918
0 1 88920
0 1 88922
0 1 88936
0 1 88952
0 1 88963
0 1 88964
0 1 88970
0 1 88974
0 1 88987
0 1 89000
0 1 89007
0 1 89016
0 1 89019
0 1 89022
0 1 89030
0 1 89035
0 1 89037
0 1 89048
0 1 89068
0 1 89075
0 1 89095
0 1 89104
0 1 89114
0 1 89119
0 1 89121
0 1 89123
0 1 89126
0 1 89127
0 1 89130
0 1 89132
0 1 89133
0 1 89141
0 1 89151
0 1 89152
0 1 89155
0 1 89156
0 1 89158
0 1 89161
0 1 89164
0 1 89171
0 1 89181
0 1 89191
0 1 89196
0 1 89200
0 1 89213
0 1 89215
0 1 89216
0 1 89217
0 1 89221
0 1 89228
0 1 89231
0 1 89235
0 1 89244
0 1 89248
0 1 89254
0 1 89256
0 1 89257
0 1 89266
0 1 89276
0 1 89277
0 1 89283
0 1 89297
0 1 89301
0 1 89302
0 1 89303
0 1 89313
0 1 89324
0 1 89337
0 1 89340
0 1 89348
0 1 89360
0 1 89364
0 1 89370
0 1 89380
0 1 89381
0 1 89391
0 1 89392
0 1 89397
0 1 89399
0 1 89402
0 1 89407
0 1 89408
0 1 89414
0 1 89416
0 1 89425
0 1 89432
0 1 89433
0 1 89436
0 1 89441
0 1 89452
0 1 89454
0 1 89464
0 1 89465
0 1 89469
0 1 89473
0 1 89475
0 1 89477
0 1 89480
0 1 89481
0 1 89484
0 1 89485
0 1 89486
0 1 89490
0 1 89496
0 1 89497
0 1 89498
0 1 89504
0 1 89507
0 1 89510
0 1 89517
0 1 89519
0 1 89522
0 1 89524
0 1 89526
0 1 89538
0 1 89551
0 1 89555
0 1 89559
0 1 89565
0 1 89567
0 1 89575
0 1 89593
0 1 89594
0 1 89599
0 1 89603
0 1 89614
0 1 89619
0 1 89620
0 1 89627
0 1 89658
0 1 89667
0 1 89670
0 1 89671
0 1 89676
0 1 89677
0 1 89678
0 1 89680
0 1 89685
0 1 89686
0 1 89702
0 1 89704
0 1 89706
0 1 89709
0 1 89710
0 1 89714
0 1 89716
0 1 89719
0 1 89724
0 1 89725
0 1 89731
0 1 89732
0 1 89743
0 1 89750
0 1 89754
0 1 89755
0 1 89759
0 1 89762
0 1 89763
0 1 89765
0 1 89767
0 1 89773
0 1 89777
0 1 89787
0 1 89794
0 1 89797
0 1 89799
0 1 89803
0 1 89805
0 1 89825
0 1 89827
0 1 89833
0 1 89834
0 1 89836
0 1 89840
0 1 89844
0 1 89849
0 1 89855
0 1 89859
0 1 89869
0 1 89871
0 1 89877
0 1 89884
0 1 89886
0 1 89892
0 1 89900
0 1 89904
0 1 89907
0 1 89909
0 1 89918
0 1 89929
0 1 89930
0 1 89937
0 1 89943
0 1 89944
0 1 89945
0 1 89953
0 1 89962
0 1 89964
0 1 89967
0 1 89975
0 1 89977
0 1 89979
0 1 89984
0 1 89989
0 1 89993
0 1 89994
0 1 89997
0 1 90000
0 1 90002
0 1 90003
0 1 90004
0 1 90005
0 1 90013
0 1 90016
0 1 90029
0 1 90033
0 1 90041
0 1 90043
0 1 90057
0 1 90062
0 1 90065
0 1 90066
0 1 90079
0 1 90084
0 1 90088
0 1 90089
0 1 90095
0 1 90099
0 1 90105
0 1 90108
0 1 90112
0 1 90114
0 1 90120
0 1 90131
0 1 90133
0 1 90138
0 1 90139
0 1 90142
0 1 90144
0 1 90148
0 1 90152
0 1 90153
0 1 90160
0 1 90178
0 1 90186
0 1 90199
0 1 90200
0 1 90205
0 1 90210
0 1 90212
0 1 90213
0 1 90216
0 1 90217
0 1 90221
0 1 90222
0 1 90231
0 1 90239
0 1 90247
0 1 90250
0 1 90253
0 1 90256
0 1 90258
0 1 90266
0 1 90272
0 1 90280
0 1 90281
0 1 90283
0 1 90286
0 1 90288
0 1 90294
0 1 90303
0 1 90308
0 1 90309
0 1 90323
0 1 90327
0 1 90330
0 1 90333
0 1 90334
0 1 90335
0 1 90338
0 1 90340
0 1 90349
0 1 90352
0 1 90353
0 1 90354
0 1 90360
0 1 90361
0 1 90363
0 1 90368
0 1 90370
0 1 90372
0 1 90374
0 1 90382
0 1 90384
0 1 90402
0 1 90403
0 1 90409
0 1 90410
0 1 90412
0 1 90417
0 1 90425
0 1 90426
0 1 90432
0 1 90457
0 1 90460
0 1 90461
0 1 90463
0 1 90472
0 1 90473
0 1 90475
0 1 90480
0 1 90484
0 1 90485
0 1 90505
0 1 90509
0 1 90511
0 1 90515
0 1 90517
0 1 90520
0 1 90521
0 1 90522
0 1 90546
0 1 90555
0 1 90556
0 1 90559
0 1 90560
0 1 90575
0 1 90578
0 1 90581
0 1 90584
0 1 90585
0 1 90594
0 1 90600
0 1 90601
0 1 90604
0 1 90605
0 1 90611
0 1 90612
0 1 90614
0 1 90619
0 1 90624
0 1 90632
0 1 90644
0 1 90647
0 1 90652
0 1 90653
0 1 90654
0 1 90655
0 1 90665
0 1 90666
0 1 90670
0 1 90674
0 1 90676
0 1 90680
0 1 90682
0 1 90686
0 1 90689
0 1 90691
0 1 90693
0 1 90695
0 1 90696
0 1 90710
0 1 90727
0 1 90728
0 1 90730
0 1 90734
0 1 90736
0 1 90739
0 1 90740
0 1 90741
0 1 90745
0 1 90746
0 1 90748
0 1 90757
0 1 90767
0 1 90769
0 1 90775
0 1 90786
0 1 90792
0 1 90793
0 1 90796
0 1 90797
0 1 90806
0 1 90812
0 1 90813
0 1 90816
0 1 90824
0 1 90827
0 1 90831
0 1 90840
0 1 90841
0 1 90847
0 1 90849
0 1 90852
0 1 90854
0 1 90866
0 1 90868
0 1 90877
0 1 90886
0 1 90891
0 1 90895
0 1 90902
0 1 90904
0 1 90905
0 1 90906
0 1 90909
0 1 90910
0 1 90918
0 1 90932
0 1 90933
0 1 90948
0 1 90951
0 1 90956
0 1 90960
0 1 90961
0 1 90963
0 1 90970
0 1 90974
0 1 90978
0 1 90980
0 1 90986
0 1 90988
0 1 90995
0 1 90996
0 1 91004
0 1 91005
0 1 91007
0 1 91008
0 1 91013
0 1 91015
0 1 91018
0 1 91023
0 1 91026
0 1 91027
0 1 91041
0 1 91044
0 1 91048
0 1 91049
0 1 91059
0 1 91060
0 1 91064
0 1 91066
0 1 91070
0 1 91071
0 1 91078
0 1 91082
0 1 91089
0 1 91091
0 1 91095
0 1 91100
0 1 91106
0 1 91108
0 1 91117
0 1 91119
0 1 91120
0 1 91126
0 1 91145
0 1 91146
0 1 91148
0 1 91158
0 1 91159
0 1 91163
0 1 91165
0 1 91169
0 1 91171
0 1 91181
0 1 91182
0 1 91187
0 1 91195
0 1 91196
0 1 91197
0 1 91200
0 1 91203
0 1 91224
0 1 91225
0 1 91236
0 1 91248
0 1 91249
0 1 91251
0 1 91277
0 1 91286
0 1 91294
0 1 91295
0 1 91301
0 1 91303
0 1 91317
0 1 91319
0 1 91321
0 1 91322
0 1 91327
0 1 91329
0 1 91332
0 1 91338
0 1 91341
0 1 91342
0 1 91345
0 1 91352
0 1 91362
0 1 91373
0 1 91376
0 1 91377
0 1 91380
0 1 91382
0 1 91403
0 1 91407
0 1 91411
0 1 91413
0 1 91418
0 1 91421
0 1 91425
0 1 91437
0 1 91438
0 1 91439
0 1 91453
0 1 91455
0 1 91459
0 1 91462
0 1 91464
0 1 91472
0 1 91475
0 1 91476
0 1 91478
0 1 91479
0 1 91482
0 1 91484
0 1 91492
0 1 91496
0 1 91507
0 1 91510
0 1 91513
0 1 91514
0 1 91515
0 1 91520
0 1 91524
0 1 91526
0 1 91540
0 1 91541
0 1 91550
0 1 91555
0 1 91556
0 1 91567
0 1 91572
0 1 91586
0 1 91591
0 1 91593
0 1 91604
0 1 91617
0 1 91620
0 1 91635
0 1 91636
0 1 91641
0 1 91658
0 1 91668
0 1 91672
0 1 91674
0 1 91693
0 1 91696
0 1 91718
0 1 91719
0 1 91722
0 1 91729
0 1 91733
0 1 91735
0 1 91738
0 1 91739
0 1 91743
0 1 91744
0 1 91745
0 1 91747
0 1 91754
0 1 91759
0 1 91761
0 1 91768
0 1 91769
0 1 91774
0 1 91775
0 1 91788
0 1 91789
0 1 91798
0 1 91804
0 1 91810
0 1 91817
0 1 91825
0 1 91827
0 1 91853
0 1 91864
0 1 91875
0 1 91877
0 1 91878
0 1 91883
0 1 91884
0 1 91893
0 1 91906
0 1 91916
0 1 91930
0 1 91932
0 1 91936
0 1 91937
0 1 91942
0 1 91943
0 1 91944
0 1 91945
0 1 91947
0 1 91950
0 1 91962
0 1 91965
0 1 91966
0 1 91968
0 1 91979
0 1 91988
0 1 91989
0 1 91996
0 1 92008
0 1 92009
0 1 92014
0 1 92022
0 1 92023
0 1 92026
0 1 92037
0 1 92039
0 1 92041
0 1 92046
0 1 92048
0 1 92063
0 1 92067
0 1 92083
0 1 92086
0 1 92087
0 1 92088
0 1 92089
0 1 92091
0 1 92102
0 1 92103
0 1 92114
0 1 92115
0 1 92116
0 1 92127
0 1 92128
0 1 92138
0 1 92143
0 1 92148
0 1 92150
0 1 92151
0 1 92152
0 1 92154
0 1 92160
0 1 92175
0 1 92183
0 1 92189
0 1 92190
0 1 92196
0 1 92206
0 1 92208
0 1 92209
0 1 92225
0 1 92230
0 1 92231
0 1 92235
0 1 92238
0 1 92243
0 1 92245
0 1 92246
0 1 92257
0 1 92259
0 1 92260
0 1 92262
0 1 92267
0 1 92269
0 1 92275
0 1 92276
0 1 92278
0 1 92279
0 1 92281
0 1 92288
0 1 92289
0 1 92293
0 1 92294
0 1 92298
0 1 92313
0 1 92321
0 1 92331
0 1 92334
0 1 92346
0 1 92349
0 1 92356
0 1 92357
0 1 92373
0 1 92382
0 1 92386
0 1 92389
0 1 92394
0 1 92401
0 1 92412
0 1 92416
0 1 92427
0 1 92430
0 1 92432
0 1 92440
0 1 92441
0 1 92446
0 1 92456
0 1 92460
0 1 92468
0 1 92474
0 1 92480
0 1 92481
0 1 92486
0 1 92492
0 1 92493
0 1 92495
0 1 92496
0 1 92500
0 1 92503
0 1 92514
0 1 92522
0 1 92525
0 1 92526
0 1 92532
0 1 92533
0 1 92537
0 1 92539
0 1 92542
0 1 92544
0 1 92552
0 1 92556
0 1 92559
0 1 92562
0 1 92565
0 1 92571
0 1 92572
0 1 92573
0 1 92576
0 1 92592
0 1 92606
0 1 92609
0 1 92612
0 1 92617
0 1 92618
0 1 92621
0 1 92623
0 1 92624
0 1 92627
0 1 92632
0 1 92637
0 1 92651
0 1 92656
0 1 92661
0 1 92666
0 1 92668
0 1 92675
0 1 92676
0 1 92677
0 1 92681
0 1 92682
0 1 92683
0 1 92686
0 1 92694
0 1 92699
0 1 92704
0 1 92705
0 1 92706
0 1 92709
0 1 92711
0 1 92712
0 1 92713
0 1 92716
0 1 92718
0 1 92724
0 1 92736
0 1 92751
0 1 92753
0 1 92756
0 1 92765
0 1 92766
0 1 92768
0 1 92770
0 1 92772
0 1 92779
0 1 92780
0 1 92785
0 1 92789
0 1 92791
0 1 92794
0 1 92799
0 1 92804
0 1 92805
0 1 92813
0 1 92826
0 1 92832
0 1 92839
0 1 92846
0 1 92849
0 1 92850
0 1 92853
0 1 92855
0 1 92860
0 1 92880
0 1 92883
0 1 92886
0 1 92896
0 1 92897
0 1 92904
0 1 92906
0 1 92910
0 1 92913
0 1 92923
0 1 92926
0 1 92932
0 1 92941
0 1 92946
0 1 92951
0 1 92952
0 1 92961
0 1 92963
0 1 92966
0 1 92971
0 1 92978
0 1 92979
0 1 92988
0 1 92990
0 1 92992
0 1 93000
0 1 93011
0 1 93015
0 1 93017
0 1 93023
0 1 93027
0 1 93031
0 1 93045
0 1 93048
0 1 93054
0 1 93055
0 1 93065
0 1 93066
0 1 93069
0 1 93070
0 1 93071
0 1 93072
0 1 93074
0 1 93076
0 1 93082
0 1 93084
0 1 93092
0 1 93094
0 1 93098
0 1 93108
0 1 93109
0 1 93111
0 1 93114
0 1 93124
0 1 93126
0 1 93132
0 1 93142
0 1 93148
0 1 93167
0 1 93176
0 1 93183
0 1 93187
0 1 93198
0 1 93201
0 1 93210
0 1 93229
0 1 93237
0 1 93238
0 1 93239
0 1 93240
0 1 93241
0 1 93247
0 1 93249
0 1 93253
0 1 93261
0 1 93265
0 1 93280
0 1 93285
0 1 93286
0 1 93288
0 1 93289
0 1 93296
0 1 93297
0 1 93301
0 1 93309
0 1 93329
0 1 93330
0 1 93341
0 1 93344
0 1 93359
0 1 93360
0 1 93367
0 1 93370
0 1 93376
0 1 93382
0 1 93387
0 1 93388
0 1 93392
0 1 93395
0 1 93399
0 1 93403
0 1 93406
0 1 93412
0 1 93416
0 1 93431
0 1 93438
0 1 93440
0 1 93446
0 1 93448
0 1 93449
0 1 93453
0 1 93456
0 1 93458
0 1 93459
0 1 93469
0 1 93471
0 1 93481
0 1 93487
0 1 93491
0 1 93494
0 1 93496
0 1 93497
0 1 93507
0 1 93518
0 1 93526
0 1 93529
0 1 93535
0 1 93538
0 1 93539
0 1 93540
0 1 93551
0 1 93559
0 1 93562
0 1 93574
0 1 93584
0 1 93587
0 1 93595
0 1 93596
0 1 93597
0 1 93608
0 1 93618
0 1 93621
0 1 93634
0 1 93647
0 1 93649
0 1 93665
0 1 93666
0 1 93687
0 1 93696
0 1 93699
0 1 93700
0 1 93702
0 1 93721
0 1 93726
0 1 93727
0 1 93728
0 1 93729
0 1 93737
0 1 93741
0 1 93756
0 1 93757
0 1 93762
0 1 93776
0 1 93777
0 1 93784
0 1 93788
0 1 93794
0 1 93796
0 1 93804
0 1 93816
0 1 93817
0 1 93822
0 1 93825
0 1 93828
0 1 93830
0 1 93831
0 1 93835
0 1 93843
0 1 93846
0 1 93851
0 1 93858
0 1 93860
0 1 93862
0 1 93863
0 1 93868
0 1 93872
0 1 93873
0 1 93874
0 1 93875
0 1 93876
0 1 93881
0 1 93884
0 1 93886
0 1 93890
0 1 93891
0 1 93894
0 1 93898
0 1 93900
0 1 93903
0 1 93909
0 1 93917
0 1 93918
0 1 93920
0 1 93925
0 1 93927
0 1 93933
0 1 93936
0 1 93937
0 1 93944
0 1 93950
0 1 93955
0 1 93958
0 1 93959
0 1 93961
0 1 93964
0 1 93965
0 1 93966
0 1 93967
0 1 93969
0 1 93972
0 1 93980
0 1 93981
0 1 93982
0 1 93989
0 1 93990
0 1 93991
0 1 94016
0 1 94023
0 1 94024
0 1 94026
0 1 94027
0 1 94028
0 1 94038
0 1 94042
0 1 94043
0 1 94052
0 1 94053
0 1 94055
0 1 94056
0 1 94058
0 1 94062
0 1 94068
0 1 94087
0 1 94088
0 1 94090
0 1 94092
0 1 94101
0 1 94108
0 1 94114
0 1 94125
0 1 94130
0 1 94131
0 1 94133
0 1 94141
0 1 94173
0 1 94174
0 1 94175
0 1 94178
0 1 94180
0 1 94183
0 1 94184
0 1 94188
0 1 94192
0 1 94194
0 1 94197
0 1 94198
0 1 94200
0 1 94205
0 1 94206
0 1 94211
0 1 94212
0 1 94213
0 1 94219
0 1 94226
0 1 94227
0 1 94230
0 1 94233
0 1 94235
0 1 94241
0 1 94243
0 1 94255
0 1 94257
0 1 94258
0 1 94265
0 1 94268
0 1 94274
0 1 94292
0 1 94296
0 1 94301
0 1 94302
0 1 94306
0 1 94307
0 1 94309
0 1 94317
0 1 94319
0 1 94320
0 1 94321
0 1 94322
0 1 94325
0 1 94331
0 1 94334
0 1 94340
0 1 94344
0 1 94354
0 1 94362
0 1 94368
0 1 94369
0 1 94371
0 1 94372
0 1 94375
0 1 94378
0 1 94380
0 1 94381
0 1 94386
0 1 94392
0 1 94398
0 1 94405
0 1 94406
0 1 94426
0 1 94430
0 1 94433
0 1 94443
0 1 94449
0 1 94451
0 1 94452
0 1 94469
0 1 94477
0 1 94482
0 1 94500
0 1 94507
0 1 94522
0 1 94525
0 1 94534
0 1 94537
0 1 94546
0 1 94551
0 1 94552
0 1 94557
0 1 94565
0 1 94577
0 1 94582
0 1 94591
0 1 94593
0 1 94595
0 1 94602
0 1 94604
0 1 94612
0 1 94613
0 1 94614
0 1 94616
0 1 94620
0 1 94627
0 1 94635
0 1 94636
0 1 94638
0 1 94640
0 1 94649
0 1 94650
0 1 94653
0 1 94657
0 1 94667
0 1 94671
0 1 94673
0 1 94685
0 1 94686
0 1 94687
0 1 94690
0 1 94692
0 1 94700
0 1 94710
0 1 94712
0 1 94713
0 1 94726
0 1 94727
0 1 94730
0 1 94731
0 1 94732
0 1 94743
0 1 94744
0 1 94745
0 1 94746
0 1 94749
0 1 94753
0 1 94757
0 1 94765
0 1 94766
0 1 94767
0 1 94770
0 1 94779
0 1 94788
0 1 94790
0 1 94799
0 1 94803
0 1 94806
0 1 94811
0 1 94813
0 1 94817
0 1 94822
0 1 94824
0 1 94834
0 1 94835
0 1 94842
0 1 94844
0 1 94846
0 1 94851
0 1 94862
0 1 94865
0 1 94876
0 1 94877
0 1 94880
0 1 94881
0 1 94884
0 1 94889
0 1 94891
0 1 94894
0 1 94897
0 1 94914
0 1 94924
0 1 94925
0 1 94932
0 1 94933
0 1 94934
0 1 94936
0 1 94939
0 1 94948
0 1 94949
0 1 94953
0 1 94954
0 1 94961
0 1 94967
0 1 94971
0 1 94975
0 1 94982
0 1 94987
0 1 95006
0 1 95011
0 1 95021
0 1 95032
0 1 95033
0 1 95037
0 1 95048
0 1 95050
0 1 95052
0 1 95053
0 1 95055
0 1 95059
0 1 95061
0 1 95068
0 1 95082
0 1 95083
0 1 95085
0 1 95089
0 1 95092
0 1 95095
0 1 95101
0 1 95102
0 1 95106
0 1 95108
0 1 95113
0 1 95128
0 1 95129
0 1 95134
0 1 95146
0 1 95148
0 1 95165
0 1 95179
0 1 95180
0 1 95182
0 1 95183
0 1 95185
0 1 95204
0 1 95208
0 1 95209
0 1 95211
0 1 95212
0 1 95213
0 1 95214
0 1 95215
0 1 95218
0 1 95219
0 1 95231
0 1 95235
0 1 95236
0 1 95240
0 1 95246
0 1 95247
0 1 95251
0 1 95255
0 1 95256
0 1 95271
0 1 95275
0 1 95276
0 1 95278
0 1 95291
0 1 95321
0 1 95322
0 1 95324
0 1 95335
0 1 95338
0 1 95345
0 1 95352
0 1 95358
0 1 95367
0 1 95372
0 1 95373
0 1 95374
0 1 95387
0 1 95391
0 1 95400
0 1 95402
0 1 95403
0 1 95405
0 1 95416
0 1 95422
0 1 95428
0 1 95434
0 1 95435
0 1 95450
0 1 95455
0 1 95458
0 1 95459
0 1 95471
0 1 95476
0 1 95479
0 1 95481
0 1 95485
0 1 95487
0 1 95489
0 1 95499
0 1 95500
0 1 95502
0 1 95506
0 1 95508
0 1 95519
0 1 95530
0 1 95532
0 1 95533
0 1 95546
0 1 95547
0 1 95550
0 1 95553
0 1 95559
0 1 95565
0 1 95567
0 1 95568
0 1 95570
0 1 95571
0 1 95580
0 1 95584
0 1 95585
0 1 95594
0 1 95598
0 1 95601
0 1 95602
0 1 95611
0 1 95613
0 1 95616
0 1 95625
0 1 95628
0 1 95631
0 1 95632
0 1 95634
0 1 95650
0 1 95652
0 1 95661
0 1 95663
0 1 95667
0 1 95676
0 1 95686
0 1 95690
0 1 95694
0 1 95695
0 1 95704
0 1 95705
0 1 95709
0 1 95724
0 1 95728
0 1 95732
0 1 95736
0 1 95739
0 1 95744
0 1 95753
0 1 95754
0 1 95756
0 1 95757
0 1 95760
0 1 95762
0 1 95772
0 1 95778
0 1 95782
0 1 95787
0 1 95790
0 1 95792
0 1 95797
0 1 95798
0 1 95800
0 1 95801
0 1 95802
0 1 95818
0 1 95821
0 1 95830
0 1 95831
0 1 95834
0 1 95836
0 1 95840
0 1 95842
0 1 95846
0 1 95847
0 1 95849
0 1 95852
0 1 95855
0 1 95861
0 1 95873
0 1 95874
0 1 95876
0 1 95881
0 1 95886
0 1 95890
0 1 95892
0 1 95903
0 1 95919
0 1 95929
0 1 95932
0 1 95933
0 1 95936
0 1 95946
0 1 95972
0 1 95975
0 1 95977
0 1 95980
0 1 95992
0 1 96000
0 1 96002
0 1 96006
0 1 96009
0 1 96010
0 1 96013
0 1 96023
0 1 96024
0 1 96025
0 1 96026
0 1 96027
0 1 96029
0 1 96032
0 1 96033
0 1 96035
0 1 96045
0 1 96049
0 1 96053
0 1 96054
0 1 96055
0 1 96056
0 1 96058
0 1 96059
0 1 96076
0 1 96081
0 1 96084
0 1 96087
0 1 96088
0 1 96089
0 1 96099
0 1 96104
0 1 96106
0 1 96113
0 1 96114
0 1 96120
0 1 96121
0 1 96123
0 1 96127
0 1 96128
0 1 96130
0 1 96131
0 1 96138
0 1 96142
0 1 96151
0 1 96153
0 1 96158
0 1 96159
0 1 96161
0 1 96163
0 1 96165
0 1 96168
0 1 96171
0 1 96173
0 1 96176
0 1 96186
0 1 96187
0 1 96194
0 1 96196
0 1 96199
0 1 96203
0 1 96207
0 1 96212
0 1 96220
0 1 96237
0 1 96252
0 1 96268
0 1 96276
0 1 96278
0 1 96281
0 1 96301
0 1 96305
0 1 96312
0 1 96328
0 1 96329
0 1 96333
0 1 96334
0 1 96338
0 1 96343
0 1 96365
0 1 96377
0 1 96378
0 1 96381
0 1 96391
0 1 96392
0 1 96398
0 1 96404
0 1 96414
0 1 96419
0 1 96420
0 1 96422
0 1 96431
0 1 96441
0 1 96453
0 1 96461
0 1 96465
0 1 96476
0 1 96479
0 1 96499
0 1 96507
0 1 96508
0 1 96509
0 1 96511
0 1 96520
0 1 96527
0 1 96529
0 1 96530
0 1 96534
0 1 96539
0 1 96542
0 1 96543
0 1 96548
0 1 96550
0 1 96556
0 1 96564
0 1 96565
0 1 96566
0 1 96588
0 1 96602
0 1 96608
0 1 96615
0 1 96616
0 1 96617
0 1 96618
0 1 96628
0 1 96633
0 1 96642
0 1 96645
0 1 96651
0 1 96654
0 1 96655
0 1 96663
0 1 96668
0 1 96670
0 1 96672
0 1 96685
0 1 96694
0 1 96710
0 1 96713
0 1 96718
0 1 96724
0 1 96729
0 1 96735
0 1 96738
0 1 96745
0 1 96749
0 1 96752
0 1 96754
0 1 96756
0 1 96758
0 1 96772
0 1 96773
0 1 96780
0 1 96781
0 1 96787
0 1 96792
0 1 96803
0 1 96811
0 1 96815
0 1 96825
0 1 96831
0 1 96838
0 1 96848
0 1 96850
0 1 96852
0 1 96864
0 1 96865
0 1 96869
0 1 96870
0 1 96871
0 1 96875
0 1 96879
0 1 96880
0 1 96882
0 1 96897
0 1 96898
0 1 96906
0 1 96921
0 1 96928
0 1 96929
0 1 96931
0 1 96932
0 1 96934
0 1 96938
0 1 96942
0 1 96943
0 1 96947
0 1 96961
0 1 96966
0 1 96972
0 1 96976
0 1 96987
0 1 96989
0 1 97000
0 1 97047
0 1 97052
0 1 97058
0 1 97063
0 1 97064
0 1 97080
0 1 97088
0 1 97095
0 1 97096
0 1 97103
0 1 97106
0 1 97116
0 1 97125
0 1 97128
0 1 97144
0 1 97145
0 1 97149
0 1 97163
0 1 97166
0 1 97170
0 1 97173
0 1 97177
0 1 97179
0 1 97182
0 1 97185
0 1 97186
0 1 97187
0 1 97189
0 1 97195
0 1 97200
0 1 97202
0 1 97203
0 1 97209
0 1 97216
0 1 97223
0 1 97224
0 1 97226
0 1 97231
0 1 97234
0 1 97238
0 1 97239
0 1 97244
0 1 97245
0 1 97249
0 1 97251
0 1 97255
0 1 97256
0 1 97261
0 1 97262
0 1 97270
0 1 97287
0 1 97293
0 1 97297
0 1 97301
0 1 97306
0 1 97308
0 1 97316
0 1 97317
0 1 97329
0 1 97340
0 1 97345
0 1 97347
0 1 97352
0 1 97364
0 1 97367
0 1 97375
0 1 97376
0 1 97377
0 1 97386
0 1 97387
0 1 97388
0 1 97403
0 1 97404
0 1 97410
0 1 97422
0 1 97429
0 1 97431
0 1 97437
0 1 97440
0 1 97445
0 1 97447
0 1 97451
0 1 97461
0 1 97462
0 1 97464
0 1 97475
0 1 97490
0 1 97492
0 1 97493
0 1 97495
0 1 97498
0 1 97507
0 1 97508
0 1 97512
0 1 97514
0 1 97517
0 1 97518
0 1 97528
0 1 97541
0 1 97543
0 1 97545
0 1 97547
0 1 97552
0 1 97563
0 1 97564
0 1 97570
0 1 97572
0 1 97577
0 1 97579
0 1 97580
0 1 97584
0 1 97587
0 1 97588
0 1 97593
0 1 97602
0 1 97612
0 1 97623
0 1 97625
0 1 97631
0 1 97632
0 1 97633
0 1 97639
0 1 97640
0 1 97643
0 1 97646
0 1 97647
0 1 97648
0 1 97663
0 1 97668
0 1 97669
0 1 97671
0 1 97677
0 1 97678
0 1 97679
0 1 97680
0 1 97695
0 1 97696
0 1 97698
0 1 97699
0 1 97700
0 1 97704
0 1 97707
0 1 97717
0 1 97722
0 1 97726
0 1 97731
0 1 97733
0 1 97735
0 1 97736
0 1 97737
0 1 97740
0 1 97755
0 1 97756
0 1 97759
0 1 97762
0 1 97769
0 1 97770
0 1 97772
0 1 97773
0 1 97779
0 1 97782
0 1 97784
0 1 97785
0 1 97788
0 1 97796
0 1 97801
0 1 97802
0 1 97804
0 1 97809
0 1 97815
0 1 97816
0 1 97821
0 1 97827
0 1 97829
0 1 97831
0 1 97832
0 1 97834
0 1 97838
0 1 97844
0 1 97854
0 1 97857
0 1 97861
0 1 97862
0 1 97891
0 1 97892
0 1 97899
0 1 97906
0 1 97908
0 1 97910
0 1 97915
0 1 97918
0 1 97920
0 1 97926
0 1 97927
0 1 97940
0 1 97948
0 1 97954
0 1 97955
0 1 97957
0 1 97961
0 1 97973
0 1 97983
0 1 97993
0 1 97996
0 1 98000
0 1 98006
0 1 98011
0 1 98028
0 1 98031
0 1 98039
0 1 98048
0 1 98054
0 1 98060
0 1 98061
0 1 98064
0 1 98083
0 1 98094
0 1 98097
0 1 98109
0 1 98112
0 1 98115
0 1 98117
0 1 98119
0 1 98122
0 1 98130
0 1 98136
0 1 98138
0 1 98141
0 1 98143
0 1 98144
0 1 98148
0 1 98153
0 1 98159
0 1 98162
0 1 98163
0 1 98173
0 1 98178
0 1 98181
0 1 98186
0 1 98195
0 1 98197
0 1 98198
0 1 98203
0 1 98206
0 1 98208
0 1 98210
0 1 98211
0 1 98222
0 1 98233
0 1 98234
0 1 98235
0 1 98239
0 1 98241
0 1 98247
0 1 98253
0 1 98267
0 1 98268
0 1 98272
0 1 98273
0 1 98275
0 1 98283
0 1 98284
0 1 98287
0 1 98292
0 1 98297
0 1 98299
0 1 98300
0 1 98314
0 1 98319
0 1 98323
0 1 98324
0 1 98325
0 1 98328
0 1 98334
0 1 98347
0 1 98354
0 1 98358
0 1 98359
0 1 98361
0 1 98371
0 1 98382
0 1 98386
0 1 98387
0 1 98389
0 1 98393
0 1 98400
0 1 98401
0 1 98408
0 1 98419
0 1 98420
0 1 98422
0 1 98423
0 1 98430
0 1 98434
0 1 98435
0 1 98438
0 1 98441
0 1 98447
0 1 98458
0 1 98459
0 1 98461
0 1 98464
0 1 98468
0 1 98473
0 1 98478
0 1 98485
0 1 98486
0 1 98495
0 1 98512
0 1 98521
0 1 98527
0 1 98530
0 1 98544
0 1 98545
0 1 98546
0 1 98548
0 1 98549
0 1 98551
0 1 98553
0 1 98554
0 1 98557
0 1 98563
0 1 98582
0 1 98583
0 1 98586
0 1 98593
0 1 98596
0 1 98612
0 1 98617
0 1 98619
0 1 98622
0 1 98630
0 1 98633
0 1 98635
0 1 98638
0 1 98648
0 1 98651
0 1 98655
0 1 98656
0 1 98660
0 1 98661
0 1 98663
0 1 98666
0 1 98671
0 1 98679
0 1 98680
0 1 98683
0 1 98690
0 1 98693
0 1 98697
0 1 98698
0 1 98705
0 1 98707
0 1 98712
0 1 98718
0 1 98726
0 1 98730
0 1 98736
0 1 98744
0 1 98745
0 1 98752
0 1 98755
0 1 98756
0 1 98767
0 1 98770
0 1 98771
0 1 98775
0 1 98778
0 1 98787
0 1 98789
0 1 98790
0 1 98798
0 1 98805
0 1 98806
0 1 98820
0 1 98823
0 1 98827
0 1 98828
0 1 98830
0 1 98831
0 1 98834
0 1 98837
0 1 98841
0 1 98853
0 1 98856
0 1 98858
0 1 98862
0 1 98864
0 1 98870
0 1 98881
0 1 98887
0 1 98888
0 1 98894
0 1 98897
0 1 98903
0 1 98905
0 1 98911
0 1 98913
0 1 98924
0 1 98930
0 1 98937
0 1 98941
0 1 98943
0 1 98944
0 1 98949
0 1 98950
0 1 98954
0 1 98957
0 1 98961
0 1 98963
0 1 98967
0 1 98968
0 1 98973
0 1 98978
0 1 98979
0 1 98981
0 1 98984
0 1 98986
0 1 99001
0 1 99003
0 1 99016
0 1 99020
0 1 99025
0 1 99031
0 1 99034
0 1 99039
0 1 99042
0 1 99046
0 1 99051
0 1 99052
0 1 99053
0 1 99057
0 1 99062
0 1 99063
0 1 99065
0 1 99081
0 1 99085
0 1 99098
0 1 99099
0 1 99102
0 1 99109
0 1 99112
0 1 99118
0 1 99123
0 1 99125
0 1 99154
0 1 99158
0 1 99160
0 1 99172
0 1 99174
0 1 99178
0 1 99179
0 1 99180
0 1 99186
0 1 99191
0 1 99195
0 1 99196
0 1 99202
0 1 99229
0 1 99231
0 1 99232
0 1 99234
0 1 99240
0 1 99253
0 1 99260
0 1 99265
0 1 99266
0 1 99274
0 1 99275
0 1 99277
0 1 99287
0 1 99290
0 1 99294
0 1 99301
0 1 99302
0 1 99312
0 1 99319
0 1 99322
0 1 99326
0 1 99327
0 1 99331
0 1 99336
0 1 99354
0 1 99359
0 1 99363
0 1 99364
0 1 99377
0 1 99379
0 1 99380
0 1 99387
0 1 99391
0 1 99398
0 1 99402
0 1 99403
0 1 99404
0 1 99405
0 1 99408
0 1 99419
0 1 99424
0 1 99427
0 1 99435
0 1 99440
0 1 99443
0 1 99445
0 1 99449
0 1 99451
0 1 99463
0 1 99474
0 1 99476
0 1 99480
0 1 99482
0 1 99484
0 1 99500
0 1 99509
0 1 99513
0 1 99523
0 1 99525
0 1 99528
0 1 99534
0 1 99538
0 1 99539
0 1 99543
0 1 99549
0 1 99550
0 1 99554
0 1 99560
0 1 99568
0 1 99577
0 1 99583
0 1 99586
0 1 99594
0 1 99597
0 1 99603
0 1 99609
0 1 99626
0 1 99637
0 1 99639
0 1 99640
0 1 99641
0 1 99642
0 1 99643
0 1 99649
0 1 99661
0 1 99662
0 1 99665
0 1 99676
0 1 99677
0 1 99678
0 1 99686
0 1 99696
0 1 99698
0 1 99703
0 1 99708
0 1 99717
0 1 99725
0 1 99727
0 1 99728
0 1 99745
0 1 99750
0 1 99751
0 1 99761
0 1 99762
0 1 99765
0 1 99767
0 1 99769
0 1 99770
0 1 99774
0 1 99777
0 1 99778
0 1 99785
0 1 99786
0 1 99789
0 1 99795
0 1 99823
0 1 99838
0 1 99849
0 1 99859
0 1 99860
0 1 99863
0 1 99874
0 1 99875
0 1 99878
0 1 99883
0 1 99886
0 1 99888
0 1 99891
0 1 99894
0 1 99900
0 1 99909
0 1 99919
0 1 99927
0 1 99939
0 1 99941
0 1 99954
0 1 99959
0 1 99965
0 1 99972
0 1 99975
0 1 99977
0 1 99984
0 1 99991
