0 1 1
0 1 2
0 1 5
0 1 8
0 1 12
0 1 14
0 1 19
0 1 20
0 1 22
0 1 25
0 1 26
0 1 27
0 1 28
0 1 31
0 1 35
0 1 37
0 1 38
0 1 39
0 1 41
0 1 42
0 1 43
0 1 47
0 1 48
0 1 49
0 1 50
0 1 52
0 1 53
0 1 54
0 1 55
0 1 57
0 1 58
0 1 61
0 1 63
0 1 69
0 1 70
0 1 71
0 1 75
0 1 76
0 1 77
0 1 78
0 1 79
0 1 80
0 1 81
0 1 82
0 1 84
0 1 85
0 1 88
0 1 89
0 1 92
0 1 93
0 1 95
0 1 96
0 1 97
0 1 98
0 1 100
0 1 103
0 1 104
0 1 106
0 1 108
0 1 109
0 1 110
0 1 111
0 1 112
0 1 113
0 1 117
0 1 118
0 1 119
0 1 120
0 1 121
0 1 123
0 1 124
0 1 125
0 1 127
0 1 130
0 1 131
0 1 133
0 1 136
0 1 137
0 1 138
0 1 142
0 1 143
0 1 145
0 1 146
0 1 148
0 1 149
0 1 150
0 1 154
0 1 156
0 1 159
0 1 165
0 1 168
0 1 170
0 1 173
0 1 176
0 1 177
0 1 181
0 1 182
0 1 184
0 1 185
0 1 187
0 1 193
0 1 194
0 1 196
0 1 198
0 1 200
0 1 203
0 1 206
0 1 208
0 1 210
0 1 211
0 1 212
0 1 213
0 1 214
0 1 215
0 1 216
0 1 217
0 1 218
0 1 219
0 1 221
0 1 224
0 1 226
0 1 228
0 1 229
0 1 230
0 1 235
0 1 236
0 1 237
0 1 239
0 1 240
0 1 242
0 1 243
0 1 244
0 1 246
0 1 247
0 1 249
0 1 251
0 1 254
0 1 256
0 1 257
0 1 258
0 1 259
0 1 264
0 1 265
0 1 267
0 1 270
0 1 274
0 1 275
0 1 276
0 1 278
0 1 280
0 1 281
0 1 283
0 1 285
0 1 286
0 1 288
0 1 289
0 1 292
0 1 294
0 1 295
0 1 297
0 1 301
0 1 305
0 1 307
0 1 313
0 1 314
0 1 315
0 1 318
0 1 320
0 1 321
0 1 322
0 1 325
0 1 332
0 1 336
0 1 341
0 1 347
0 1 352
0 1 356
0 1 358
0 1 359
0 1 363
0 1 365
0 1 366
0 1 367
0 1 368
0 1 369
0 1 370
0 1 372
0 1 373
0 1 374
0 1 377
0 1 378
0 1 379
0 1 381
0 1 382
0 1 383
0 1 384
0 1 386
0 1 387
0 1 388
0 1 390
0 1 391
0 1 394
0 1 396
0 1 400
0 1 402
0 1 403
0 1 407
0 1 410
0 1 412
0 1 413
0 1 417
0 1 419
0 1 420
0 1 424
0 1 425
0 1 426
0 1 427
0 1 428
0 1 430
0 1 431
0 1 432
0 1 434
0 1 436
0 1 437
0 1 439
0 1 444
0 1 445
0 1 446
0 1 447
0 1 448
0 1 449
0 1 454
0 1 455
0 1 457
0 1 458
0 1 462
0 1 463
0 1 464
0 1 465
0 1 466
0 1 467
0 1 470
0 1 473
0 1 474
0 1 476
0 1 477
0 1 478
0 1 479
0 1 484
0 1 485
0 1 486
0 1 488
0 1 490
0 1 491
0 1 495
0 1 498
0 1 499
0 1 500
0 1 501
0 1 503
0 1 505
0 1 508
0 1 509
0 1 510
0 1 511
0 1 514
0 1 515
0 1 516
0 1 517
0 1 518
0 1 519
0 1 521
0 1 523
0 1 525
0 1 526
0 1 527
0 1 528
0 1 529
0 1 530
0 1 531
0 1 532
0 1 536
0 1 538
0 1 539
0 1 543
0 1 545
0 1 546
0 1 548
0 1 549
0 1 551
0 1 556
0 1 557
0 1 558
0 1 560
0 1 563
0 1 564
0 1 565
0 1 567
0 1 568
0 1 571
0 1 574
0 1 575
0 1 577
0 1 578
0 1 579
0 1 580
0 1 581
0 1 585
0 1 588
0 1 590
0 1 593
0 1 595
0 1 596
0 1 599
0 1 601
0 1 605
0 1 607
0 1 608
0 1 609
0 1 610
0 1 611
0 1 613
0 1 614
0 1 617
0 1 618
0 1 620
0 1 623
0 1 624
0 1 625
0 1 628
0 1 632
0 1 634
0 1 638
0 1 639
0 1 640
0 1 641
0 1 642
0 1 644
0 1 645
0 1 646
0 1 647
0 1 648
0 1 651
0 1 653
0 1 655
0 1 657
0 1 660
0 1 663
0 1 665
0 1 667
0 1 668
0 1 669
0 1 670
0 1 671
0 1 673
0 1 676
0 1 677
0 1 679
0 1 682
0 1 683
0 1 684
0 1 686
0 1 691
0 1 692
0 1 694
0 1 696
0 1 697
0 1 698
0 1 700
0 1 702
0 1 704
0 1 706
0 1 708
0 1 709
0 1 710
0 1 711
0 1 716
0 1 719
0 1 720
0 1 722
0 1 723
0 1 725
0 1 727
0 1 728
0 1 731
0 1 733
0 1 735
0 1 738
0 1 741
0 1 744
0 1 745
0 1 749
0 1 750
0 1 751
0 1 752
0 1 753
0 1 756
0 1 758
0 1 759
0 1 760
0 1 761
0 1 762
0 1 763
0 1 765
0 1 766
0 1 767
0 1 768
0 1 774
0 1 776
0 1 777
0 1 779
0 1 780
0 1 782
0 1 783
0 1 784
0 1 786
0 1 787
0 1 788
0 1 789
0 1 794
0 1 795
0 1 796
0 1 798
0 1 799
0 1 801
0 1 803
0 1 804
0 1 805
0 1 819
0 1 822
0 1 823
0 1 824
0 1 826
0 1 828
0 1 829
0 1 834
0 1 835
0 1 836
0 1 837
0 1 838
0 1 839
0 1 840
0 1 842
0 1 843
0 1 846
0 1 847
0 1 848
0 1 849
0 1 850
0 1 852
0 1 855
0 1 857
0 1 858
0 1 859
0 1 861
0 1 863
0 1 870
0 1 871
0 1 872
0 1 873
0 1 875
0 1 877
0 1 879
0 1 881
0 1 882
0 1 887
0 1 889
0 1 891
0 1 894
0 1 895
0 1 898
0 1 901
0 1 902
0 1 903
0 1 904
0 1 906
0 1 909
0 1 914
0 1 915
0 1 916
0 1 919
0 1 921
0 1 922
0 1 925
0 1 927
0 1 928
0 1 930
0 1 932
0 1 933
0 1 937
0 1 938
0 1 939
0 1 941
0 1 942
0 1 943
0 1 949
0 1 951
0 1 956
0 1 957
0 1 958
0 1 960
0 1 962
0 1 965
0 1 967
0 1 968
0 1 970
0 1 974
0 1 975
0 1 977
0 1 981
0 1 982
0 1 984
0 1 985
0 1 987
0 1 993
0 1 994
0 1 995
0 1 998
0 1 1000
0 1 1001
0 1 1004
0 1 1006
0 1 1008
0 1 1009
0 1 1010
0 1 1013
0 1 1016
0 1 1018
0 1 1020
0 1 1022
0 1 1023
0 1 1024
0 1 1025
0 1 1026
0 1 1027
0 1 1030
0 1 1035
0 1 1036
0 1 1037
0 1 1040
0 1 1042
0 1 1043
0 1 1046
0 1 1047
0 1 1049
0 1 1050
0 1 1053
0 1 1054
0 1 1055
0 1 1056
0 1 1057
0 1 1063
0 1 1064
0 1 1068
0 1 1069
0 1 1072
0 1 1073
0 1 1074
0 1 1076
0 1 1077
0 1 1078
0 1 1079
0 1 1082
0 1 1083
0 1 1085
0 1 1089
0 1 1091
0 1 1092
0 1 1096
0 1 1097
0 1 1100
0 1 1103
0 1 1104
0 1 1105
0 1 1109
0 1 1111
0 1 1112
0 1 1113
0 1 1115
0 1 1116
0 1 1118
0 1 1119
0 1 1120
0 1 1121
0 1 1123
0 1 1126
0 1 1128
0 1 1130
0 1 1133
0 1 1136
0 1 1137
0 1 1139
0 1 1140
0 1 1145
0 1 1147
0 1 1149
0 1 1151
0 1 1152
0 1 1153
0 1 1154
0 1 1157
0 1 1159
0 1 1160
0 1 1161
0 1 1162
0 1 1163
0 1 1164
0 1 1166
0 1 1170
0 1 1171
0 1 1172
0 1 1174
0 1 1175
0 1 1177
0 1 1179
0 1 1180
0 1 1182
0 1 1185
0 1 1190
0 1 1192
0 1 1193
0 1 1194
0 1 1195
0 1 1197
0 1 1199
0 1 1202
0 1 1203
0 1 1206
0 1 1207
0 1 1209
0 1 1211
0 1 1213
0 1 1214
0 1 1216
0 1 1223
0 1 1224
0 1 1227
0 1 1228
0 1 1233
0 1 1234
0 1 1235
0 1 1243
0 1 1244
0 1 1246
0 1 1249
0 1 1250
0 1 1251
0 1 1252
0 1 1253
0 1 1257
0 1 1258
0 1 1262
0 1 1263
0 1 1266
0 1 1268
0 1 1271
0 1 1272
0 1 1273
0 1 1275
0 1 1280
0 1 1282
0 1 1286
0 1 1288
0 1 1290
0 1 1292
0 1 1294
0 1 1295
0 1 1297
0 1 1305
0 1 1311
0 1 1312
0 1 1315
0 1 1316
0 1 1319
0 1 1321
0 1 1325
0 1 1327
0 1 1329
0 1 1333
0 1 1335
0 1 1337
0 1 1339
0 1 1340
0 1 1341
0 1 1344
0 1 1346
0 1 1350
0 1 1352
0 1 1353
0 1 1358
0 1 1359
0 1 1360
0 1 1364
0 1 1365
0 1 1366
0 1 1367
0 1 1369
0 1 1370
0 1 1371
0 1 1375
0 1 1377
0 1 1378
0 1 1380
0 1 1381
0 1 1383
0 1 1385
0 1 1386
0 1 1387
0 1 1388
0 1 1389
0 1 1390
0 1 1393
0 1 1394
0 1 1395
0 1 1396
0 1 1399
0 1 1400
0 1 1405
0 1 1406
0 1 1409
0 1 1410
0 1 1411
0 1 1412
0 1 1414
0 1 1415
0 1 1416
0 1 1417
0 1 1420
0 1 1421
0 1 1423
0 1 1424
0 1 1426
0 1 1432
0 1 1433
0 1 1446
0 1 1447
0 1 1449
0 1 1451
0 1 1454
0 1 1456
0 1 1457
0 1 1458
0 1 1460
0 1 1461
0 1 1462
0 1 1463
0 1 1464
0 1 1465
0 1 1466
0 1 1468
0 1 1470
0 1 1471
0 1 1473
0 1 1475
0 1 1477
0 1 1478
0 1 1479
0 1 1480
0 1 1481
0 1 1485
0 1 1488
0 1 1489
0 1 1490
0 1 1492
0 1 1493
0 1 1496
0 1 1498
0 1 1500
0 1 1503
0 1 1504
0 1 1507
0 1 1508
0 1 1512
0 1 1513
0 1 1515
0 1 1519
0 1 1523
0 1 1525
0 1 1526
0 1 1527
0 1 1533
0 1 1535
0 1 1536
0 1 1537
0 1 1542
0 1 1545
0 1 1546
0 1 1549
0 1 1550
0 1 1551
0 1 1553
0 1 1554
0 1 1555
0 1 1559
0 1 1561
0 1 1562
0 1 1568
0 1 1569
0 1 1571
0 1 1572
0 1 1575
0 1 1576
0 1 1577
0 1 1579
0 1 1580
0 1 1581
0 1 1582
0 1 1585
0 1 1586
0 1 1588
0 1 1590
0 1 1592
0 1 1596
0 1 1597
0 1 1598
0 1 1599
0 1 1600
0 1 1602
0 1 1603
0 1 1604
0 1 1605
0 1 1612
0 1 1614
0 1 1616
0 1 1617
0 1 1618
0 1 1620
0 1 1623
0 1 1624
0 1 1628
0 1 1634
0 1 1636
0 1 1637
0 1 1638
0 1 1640
0 1 1641
0 1 1642
0 1 1645
0 1 1646
0 1 1647
0 1 1650
0 1 1651
0 1 1652
0 1 1658
0 1 1659
0 1 1660
0 1 1661
0 1 1663
0 1 1664
0 1 1665
0 1 1676
0 1 1679
0 1 1681
0 1 1685
0 1 1686
0 1 1687
0 1 1688
0 1 1690
0 1 1695
0 1 1696
0 1 1697
0 1 1699
0 1 1700
0 1 1703
0 1 1714
0 1 1715
0 1 1716
0 1 1717
0 1 1723
0 1 1724
0 1 1725
0 1 1729
0 1 1730
0 1 1731
0 1 1733
0 1 1734
0 1 1737
0 1 1739
0 1 1740
0 1 1742
0 1 1743
0 1 1744
0 1 1745
0 1 1747
0 1 1748
0 1 1749
0 1 1750
0 1 1752
0 1 1753
0 1 1754
0 1 1755
0 1 1757
0 1 1758
0 1 1760
0 1 1762
0 1 1766
0 1 1767
0 1 1768
0 1 1769
0 1 1773
0 1 1774
0 1 1779
0 1 1780
0 1 1781
0 1 1786
0 1 1787
0 1 1789
0 1 1792
0 1 1795
0 1 1796
0 1 1797
0 1 1798
0 1 1799
0 1 1803
0 1 1807
0 1 1808
0 1 1810
0 1 1811
0 1 1813
0 1 1814
0 1 1816
0 1 1818
0 1 1819
0 1 1821
0 1 1824
0 1 1825
0 1 1826
0 1 1827
0 1 1828
0 1 1829
0 1 1830
0 1 1832
0 1 1833
0 1 1837
0 1 1841
0 1 1843
0 1 1846
0 1 1847
0 1 1848
0 1 1849
0 1 1850
0 1 1852
0 1 1853
0 1 1854
0 1 1855
0 1 1859
0 1 1861
0 1 1862
0 1 1863
0 1 1865
0 1 1867
0 1 1870
0 1 1873
0 1 1877
0 1 1878
0 1 1881
0 1 1883
0 1 1887
0 1 1891
0 1 1896
0 1 1900
0 1 1902
0 1 1903
0 1 1904
0 1 1907
0 1 1912
0 1 1913
0 1 1917
0 1 1918
0 1 1920
0 1 1921
0 1 1922
0 1 1923
0 1 1924
0 1 1928
0 1 1929
0 1 1933
0 1 1935
0 1 1936
0 1 1937
0 1 1939
0 1 1943
0 1 1949
0 1 1950
0 1 1954
0 1 1955
0 1 1956
0 1 1957
0 1 1958
0 1 1961
0 1 1962
0 1 1964
0 1 1965
0 1 1966
0 1 1970
0 1 1971
0 1 1972
0 1 1973
0 1 1975
0 1 1976
0 1 1977
0 1 1979
0 1 1981
0 1 1982
0 1 1983
0 1 1985
0 1 1988
0 1 1990
0 1 1994
0 1 1995
0 1 1997
0 1 1998
0 1 2000
0 1 2007
0 1 2008
0 1 2009
0 1 2011
0 1 2012
0 1 2013
0 1 2016
0 1 2020
0 1 2021
0 1 2023
0 1 2024
0 1 2025
0 1 2029
0 1 2032
0 1 2034
0 1 2036
0 1 2038
0 1 2039
0 1 2040
0 1 2044
0 1 2045
0 1 2051
0 1 2056
0 1 2057
0 1 2058
0 1 2059
0 1 2062
0 1 2064
0 1 2066
0 1 2069
0 1 2071
0 1 2072
0 1 2073
0 1 2076
0 1 2086
0 1 2087
0 1 2088
0 1 2089
0 1 2091
0 1 2092
0 1 2093
0 1 2094
0 1 2096
0 1 2097
0 1 2099
0 1 2100
0 1 2102
0 1 2106
0 1 2107
0 1 2110
0 1 2114
0 1 2118
0 1 2123
0 1 2126
0 1 2128
0 1 2129
0 1 2130
0 1 2131
0 1 2132
0 1 2135
0 1 2136
0 1 2139
0 1 2141
0 1 2142
0 1 2143
0 1 2144
0 1 2145
0 1 2147
0 1 2149
0 1 2150
0 1 2151
0 1 2152
0 1 2155
0 1 2156
0 1 2157
0 1 2160
0 1 2162
0 1 2163
0 1 2167
0 1 2168
0 1 2170
0 1 2171
0 1 2172
0 1 2175
0 1 2176
0 1 2179
0 1 2182
0 1 2183
0 1 2186
0 1 2187
0 1 2191
0 1 2192
0 1 2194
0 1 2195
0 1 2196
0 1 2197
0 1 2200
0 1 2201
0 1 2202
0 1 2203
0 1 2206
0 1 2209
0 1 2212
0 1 2213
0 1 2214
0 1 2215
0 1 2216
0 1 2217
0 1 2219
0 1 2220
0 1 2222
0 1 2223
0 1 2224
0 1 2228
0 1 2231
0 1 2233
0 1 2236
0 1 2237
0 1 2238
0 1 2240
0 1 2245
0 1 2248
0 1 2249
0 1 2251
0 1 2253
0 1 2256
0 1 2258
0 1 2260
0 1 2262
0 1 2263
0 1 2265
0 1 2268
0 1 2270
0 1 2272
0 1 2275
0 1 2277
0 1 2278
0 1 2280
0 1 2281
0 1 2283
0 1 2285
0 1 2291
0 1 2294
0 1 2295
0 1 2296
0 1 2297
0 1 2302
0 1 2303
0 1 2304
0 1 2305
0 1 2307
0 1 2309
0 1 2310
0 1 2311
0 1 2312
0 1 2313
0 1 2315
0 1 2316
0 1 2320
0 1 2323
0 1 2325
0 1 2326
0 1 2330
0 1 2331
0 1 2332
0 1 2334
0 1 2335
0 1 2344
0 1 2345
0 1 2346
0 1 2352
0 1 2353
0 1 2354
0 1 2356
0 1 2357
0 1 2360
0 1 2361
0 1 2362
0 1 2363
0 1 2365
0 1 2366
0 1 2367
0 1 2368
0 1 2373
0 1 2375
0 1 2377
0 1 2383
0 1 2384
0 1 2386
0 1 2391
0 1 2392
0 1 2395
0 1 2397
0 1 2398
0 1 2399
0 1 2405
0 1 2406
0 1 2408
0 1 2409
0 1 2410
0 1 2414
0 1 2415
0 1 2418
0 1 2419
0 1 2420
0 1 2425
0 1 2429
0 1 2430
0 1 2431
0 1 2433
0 1 2435
0 1 2436
0 1 2440
0 1 2441
0 1 2443
0 1 2444
0 1 2447
0 1 2449
0 1 2451
0 1 2453
0 1 2454
0 1 2456
0 1 2457
0 1 2464
0 1 2465
0 1 2466
0 1 2467
0 1 2468
0 1 2469
0 1 2470
0 1 2471
0 1 2472
0 1 2474
0 1 2475
0 1 2477
0 1 2479
0 1 2482
0 1 2483
0 1 2484
0 1 2486
0 1 2488
0 1 2489
0 1 2491
0 1 2492
0 1 2493
0 1 2494
0 1 2495
0 1 2497
0 1 2498
0 1 2500
0 1 2502
0 1 2503
0 1 2504
0 1 2506
0 1 2507
0 1 2508
0 1 2512
0 1 2513
0 1 2514
0 1 2515
0 1 2516
0 1 2521
0 1 2522
0 1 2524
0 1 2525
0 1 2527
0 1 2529
0 1 2530
0 1 2531
0 1 2532
0 1 2535
0 1 2537
0 1 2539
0 1 2540
0 1 2543
0 1 2547
0 1 2549
0 1 2550
0 1 2554
0 1 2560
0 1 2562
0 1 2563
0 1 2564
0 1 2567
0 1 2571
0 1 2574
0 1 2575
0 1 2580
0 1 2581
0 1 2582
0 1 2585
0 1 2586
0 1 2587
0 1 2588
0 1 2590
0 1 2591
0 1 2592
0 1 2598
0 1 2600
0 1 2602
0 1 2604
0 1 2608
0 1 2611
0 1 2615
0 1 2617
0 1 2618
0 1 2620
0 1 2621
0 1 2622
0 1 2623
0 1 2626
0 1 2627
0 1 2628
0 1 2629
0 1 2631
0 1 2632
0 1 2633
0 1 2634
0 1 2635
0 1 2637
0 1 2639
0 1 2643
0 1 2647
0 1 2649
0 1 2650
0 1 2652
0 1 2663
0 1 2664
0 1 2667
0 1 2670
0 1 2671
0 1 2674
0 1 2675
0 1 2676
0 1 2688
0 1 2689
0 1 2690
0 1 2691
0 1 2693
0 1 2694
0 1 2696
0 1 2697
0 1 2700
0 1 2705
0 1 2706
0 1 2707
0 1 2711
0 1 2713
0 1 2714
0 1 2716
0 1 2717
0 1 2719
0 1 2721
0 1 2724
0 1 2725
0 1 2731
0 1 2732
0 1 2733
0 1 2734
0 1 2736
0 1 2738
0 1 2739
0 1 2742
0 1 2744
0 1 2747
0 1 2750
0 1 2752
0 1 2757
0 1 2758
0 1 2761
0 1 2764
0 1 2766
0 1 2768
0 1 2769
0 1 2770
0 1 2772
0 1 2776
0 1 2780
0 1 2782
0 1 2783
0 1 2786
0 1 2787
0 1 2788
0 1 2789
0 1 2792
0 1 2794
0 1 2797
0 1 2798
0 1 2801
0 1 2802
0 1 2803
0 1 2804
0 1 2806
0 1 2808
0 1 2810
0 1 2813
0 1 2814
0 1 2815
0 1 2816
0 1 2819
0 1 2820
0 1 2822
0 1 2823
0 1 2824
0 1 2825
0 1 2827
0 1 2829
0 1 2830
0 1 2831
0 1 2834
0 1 2837
0 1 2840
0 1 2841
0 1 2842
0 1 2844
0 1 2845
0 1 2848
0 1 2849
0 1 2851
0 1 2852
0 1 2853
0 1 2855
0 1 2856
0 1 2858
0 1 2860
0 1 2861
0 1 2862
0 1 2863
0 1 2865
0 1 2866
0 1 2867
0 1 2870
0 1 2872
0 1 2875
0 1 2876
0 1 2877
0 1 2878
0 1 2879
0 1 2880
0 1 2884
0 1 2885
0 1 2886
0 1 2888
0 1 2891
0 1 2895
0 1 2897
0 1 2900
0 1 2901
0 1 2902
0 1 2904
0 1 2905
0 1 2906
0 1 2907
0 1 2908
0 1 2909
0 1 2910
0 1 2916
0 1 2918
0 1 2923
0 1 2926
0 1 2928
0 1 2930
0 1 2931
0 1 2933
0 1 2936
0 1 2938
0 1 2939
0 1 2940
0 1 2941
0 1 2942
0 1 2947
0 1 2948
0 1 2950
0 1 2951
0 1 2952
0 1 2960
0 1 2961
0 1 2962
0 1 2963
0 1 2964
0 1 2968
0 1 2969
0 1 2970
0 1 2972
0 1 2973
0 1 2975
0 1 2976
0 1 2977
0 1 2978
0 1 2979
0 1 2981
0 1 2986
0 1 2990
0 1 2992
0 1 2995
0 1 3000
0 1 3001
0 1 3002
0 1 3003
0 1 3005
0 1 3006
0 1 3007
0 1 3008
0 1 3009
0 1 3010
0 1 3011
0 1 3012
0 1 3013
0 1 3017
0 1 3019
0 1 3020
0 1 3022
0 1 3023
0 1 3025
0 1 3028
0 1 3030
0 1 3034
0 1 3037
0 1 3039
0 1 3040
0 1 3044
0 1 3046
0 1 3050
0 1 3051
0 1 3060
0 1 3062
0 1 3065
0 1 3067
0 1 3069
0 1 3072
0 1 3073
0 1 3074
0 1 3075
0 1 3076
0 1 3077
0 1 3078
0 1 3079
0 1 3080
0 1 3081
0 1 3082
0 1 3083
0 1 3084
0 1 3086
0 1 3087
0 1 3088
0 1 3090
0 1 3091
0 1 3092
0 1 3093
0 1 3097
0 1 3101
0 1 3102
0 1 3104
0 1 3107
0 1 3108
0 1 3110
0 1 3113
0 1 3115
0 1 3120
0 1 3121
0 1 3122
0 1 3124
0 1 3125
0 1 3126
0 1 3127
0 1 3128
0 1 3131
0 1 3133
0 1 3136
0 1 3140
0 1 3141
0 1 3142
0 1 3145
0 1 3147
0 1 3149
0 1 3150
0 1 3151
0 1 3153
0 1 3154
0 1 3155
0 1 3160
0 1 3161
0 1 3162
0 1 3165
0 1 3169
0 1 3170
0 1 3171
0 1 3173
0 1 3174
0 1 3177
0 1 3179
0 1 3181
0 1 3182
0 1 3185
0 1 3186
0 1 3188
0 1 3190
0 1 3191
0 1 3194
0 1 3195
0 1 3199
0 1 3201
0 1 3206
0 1 3209
0 1 3214
0 1 3218
0 1 3219
0 1 3220
0 1 3222
0 1 3224
0 1 3225
0 1 3228
0 1 3229
0 1 3231
0 1 3232
0 1 3237
0 1 3244
0 1 3249
0 1 3250
0 1 3253
0 1 3254
0 1 3255
0 1 3258
0 1 3260
0 1 3261
0 1 3263
0 1 3264
0 1 3265
0 1 3267
0 1 3270
0 1 3271
0 1 3273
0 1 3274
0 1 3275
0 1 3277
0 1 3280
0 1 3281
0 1 3282
0 1 3283
0 1 3284
0 1 3285
0 1 3286
0 1 3288
0 1 3291
0 1 3293
0 1 3294
0 1 3296
0 1 3298
0 1 3299
0 1 3300
0 1 3302
0 1 3306
0 1 3308
0 1 3312
0 1 3313
0 1 3315
0 1 3318
0 1 3319
0 1 3320
0 1 3321
0 1 3324
0 1 3327
0 1 3328
0 1 3329
0 1 3330
0 1 3331
0 1 3332
0 1 3335
0 1 3336
0 1 3338
0 1 3340
0 1 3342
0 1 3345
0 1 3352
0 1 3357
0 1 3358
0 1 3359
0 1 3360
0 1 3364
0 1 3368
0 1 3369
0 1 3370
0 1 3372
0 1 3376
0 1 3385
0 1 3386
0 1 3387
0 1 3388
0 1 3390
0 1 3392
0 1 3393
0 1 3394
0 1 3400
0 1 3402
0 1 3403
0 1 3407
0 1 3410
0 1 3412
0 1 3416
0 1 3417
0 1 3418
0 1 3419
0 1 3420
0 1 3421
0 1 3422
0 1 3424
0 1 3427
0 1 3428
0 1 3431
0 1 3433
0 1 3437
0 1 3438
0 1 3439
0 1 3441
0 1 3445
0 1 3447
0 1 3448
0 1 3449
0 1 3450
0 1 3452
0 1 3453
0 1 3455
0 1 3456
0 1 3457
0 1 3459
0 1 3462
0 1 3463
0 1 3464
0 1 3466
0 1 3468
0 1 3469
0 1 3471
0 1 3473
0 1 3476
0 1 3477
0 1 3479
0 1 3480
0 1 3481
0 1 3483
0 1 3484
0 1 3488
0 1 3489
0 1 3496
0 1 3497
0 1 3500
0 1 3501
0 1 3502
0 1 3506
0 1 3507
0 1 3510
0 1 3511
0 1 3512
0 1 3515
0 1 3518
0 1 3520
0 1 3521
0 1 3522
0 1 3523
0 1 3524
0 1 3525
0 1 3526
0 1 3527
0 1 3529
0 1 3530
0 1 3531
0 1 3533
0 1 3537
0 1 3538
0 1 3540
0 1 3543
0 1 3544
0 1 3545
0 1 3547
0 1 3550
0 1 3551
0 1 3552
0 1 3556
0 1 3558
0 1 3560
0 1 3565
0 1 3567
0 1 3568
0 1 3570
0 1 3571
0 1 3573
0 1 3574
0 1 3575
0 1 3577
0 1 3578
0 1 3580
0 1 3581
0 1 3582
0 1 3583
0 1 3584
0 1 3586
0 1 3587
0 1 3588
0 1 3589
0 1 3590
0 1 3591
0 1 3593
0 1 3595
0 1 3596
0 1 3597
0 1 3598
0 1 3600
0 1 3601
0 1 3604
0 1 3608
0 1 3610
0 1 3611
0 1 3612
0 1 3613
0 1 3614
0 1 3615
0 1 3616
0 1 3617
0 1 3618
0 1 3619
0 1 3622
0 1 3626
0 1 3630
0 1 3636
0 1 3637
0 1 3639
0 1 3640
0 1 3641
0 1 3642
0 1 3643
0 1 3647
0 1 3650
0 1 3652
0 1 3653
0 1 3655
0 1 3660
0 1 3663
0 1 3664
0 1 3665
0 1 3666
0 1 3668
0 1 3670
0 1 3671
0 1 3673
0 1 3675
0 1 3677
0 1 3678
0 1 3679
0 1 3681
0 1 3683
0 1 3684
0 1 3685
0 1 3686
0 1 3687
0 1 3688
0 1 3691
0 1 3693
0 1 3696
0 1 3699
0 1 3702
0 1 3703
0 1 3704
0 1 3705
0 1 3706
0 1 3708
0 1 3711
0 1 3713
0 1 3715
0 1 3716
0 1 3718
0 1 3720
0 1 3721
0 1 3723
0 1 3724
0 1 3726
0 1 3727
0 1 3728
0 1 3729
0 1 3730
0 1 3731
0 1 3737
0 1 3738
0 1 3742
0 1 3745
0 1 3748
0 1 3751
0 1 3752
0 1 3753
0 1 3755
0 1 3761
0 1 3765
0 1 3766
0 1 3770
0 1 3771
0 1 3772
0 1 3773
0 1 3774
0 1 3775
0 1 3776
0 1 3777
0 1 3778
0 1 3779
0 1 3781
0 1 3783
0 1 3784
0 1 3787
0 1 3788
0 1 3791
0 1 3792
0 1 3793
0 1 3794
0 1 3796
0 1 3797
0 1 3799
0 1 3803
0 1 3805
0 1 3807
0 1 3809
0 1 3811
0 1 3812
0 1 3815
0 1 3816
0 1 3819
0 1 3820
0 1 3821
0 1 3826
0 1 3830
0 1 3831
0 1 3834
0 1 3835
0 1 3836
0 1 3838
0 1 3840
0 1 3842
0 1 3843
0 1 3844
0 1 3845
0 1 3846
0 1 3849
0 1 3850
0 1 3851
0 1 3852
0 1 3853
0 1 3855
0 1 3862
0 1 3863
0 1 3865
0 1 3871
0 1 3872
0 1 3873
0 1 3875
0 1 3876
0 1 3877
0 1 3878
0 1 3879
0 1 3880
0 1 3881
0 1 3882
0 1 3883
0 1 3884
0 1 3890
0 1 3892
0 1 3896
0 1 3897
0 1 3898
0 1 3899
0 1 3900
0 1 3901
0 1 3902
0 1 3904
0 1 3907
0 1 3911
0 1 3915
0 1 3918
0 1 3919
0 1 3920
0 1 3921
0 1 3922
0 1 3923
0 1 3924
0 1 3928
0 1 3929
0 1 3930
0 1 3932
0 1 3937
0 1 3938
0 1 3940
0 1 3941
0 1 3944
0 1 3945
0 1 3946
0 1 3947
0 1 3948
0 1 3949
0 1 3952
0 1 3956
0 1 3957
0 1 3958
0 1 3960
0 1 3961
0 1 3962
0 1 3964
0 1 3967
0 1 3968
0 1 3969
0 1 3970
0 1 3972
0 1 3973
0 1 3974
0 1 3977
0 1 3979
0 1 3980
0 1 3984
0 1 3987
0 1 3988
0 1 3989
0 1 3993
0 1 3995
0 1 3999
0 1 4001
0 1 4003
0 1 4005
0 1 4009
0 1 4010
0 1 4013
0 1 4017
0 1 4018
0 1 4021
0 1 4023
0 1 4027
0 1 4028
0 1 4032
0 1 4035
0 1 4040
0 1 4042
0 1 4045
0 1 4049
0 1 4050
0 1 4052
0 1 4053
0 1 4054
0 1 4055
0 1 4058
0 1 4063
0 1 4064
0 1 4066
0 1 4067
0 1 4073
0 1 4075
0 1 4076
0 1 4078
0 1 4079
0 1 4081
0 1 4082
0 1 4084
0 1 4085
0 1 4088
0 1 4090
0 1 4094
0 1 4096
0 1 4099
0 1 4101
0 1 4102
0 1 4103
0 1 4105
0 1 4106
0 1 4107
0 1 4108
0 1 4111
0 1 4112
0 1 4115
0 1 4118
0 1 4120
0 1 4122
0 1 4128
0 1 4129
0 1 4130
0 1 4135
0 1 4136
0 1 4137
0 1 4139
0 1 4140
0 1 4141
0 1 4142
0 1 4145
0 1 4146
0 1 4150
0 1 4152
0 1 4154
0 1 4156
0 1 4158
0 1 4161
0 1 4162
0 1 4163
0 1 4164
0 1 4169
0 1 4174
0 1 4176
0 1 4178
0 1 4180
0 1 4182
0 1 4186
0 1 4189
0 1 4191
0 1 4192
0 1 4193
0 1 4197
0 1 4198
0 1 4199
0 1 4200
0 1 4202
0 1 4206
0 1 4209
0 1 4212
0 1 4213
0 1 4214
0 1 4215
0 1 4217
0 1 4221
0 1 4222
0 1 4223
0 1 4224
0 1 4225
0 1 4226
0 1 4230
0 1 4231
0 1 4234
0 1 4237
0 1 4238
0 1 4239
0 1 4244
0 1 4247
0 1 4248
0 1 4250
0 1 4251
0 1 4252
0 1 4259
0 1 4261
0 1 4263
0 1 4265
0 1 4270
0 1 4271
0 1 4272
0 1 4273
0 1 4274
0 1 4278
0 1 4279
0 1 4283
0 1 4284
0 1 4289
0 1 4290
0 1 4291
0 1 4293
0 1 4295
0 1 4296
0 1 4297
0 1 4298
0 1 4303
0 1 4304
0 1 4307
0 1 4310
0 1 4314
0 1 4316
0 1 4320
0 1 4327
0 1 4329
0 1 4330
0 1 4331
0 1 4332
0 1 4333
0 1 4335
0 1 4336
0 1 4337
0 1 4340
0 1 4341
0 1 4343
0 1 4344
0 1 4346
0 1 4351
0 1 4354
0 1 4356
0 1 4358
0 1 4359
0 1 4361
0 1 4362
0 1 4363
0 1 4364
0 1 4366
0 1 4368
0 1 4370
0 1 4371
0 1 4372
0 1 4373
0 1 4374
0 1 4378
0 1 4379
0 1 4381
0 1 4384
0 1 4385
0 1 4387
0 1 4389
0 1 4390
0 1 4392
0 1 4393
0 1 4394
0 1 4396
0 1 4398
0 1 4400
0 1 4402
0 1 4405
0 1 4408
0 1 4410
0 1 4412
0 1 4415
0 1 4416
0 1 4419
0 1 4424
0 1 4425
0 1 4426
0 1 4427
0 1 4429
0 1 4434
0 1 4436
0 1 4437
0 1 4440
0 1 4442
0 1 4443
0 1 4444
0 1 4446
0 1 4448
0 1 4451
0 1 4455
0 1 4457
0 1 4461
0 1 4464
0 1 4465
0 1 4467
0 1 4471
0 1 4475
0 1 4476
0 1 4477
0 1 4478
0 1 4479
0 1 4480
0 1 4481
0 1 4482
0 1 4483
0 1 4484
0 1 4489
0 1 4491
0 1 4492
0 1 4493
0 1 4494
0 1 4496
0 1 4498
0 1 4502
0 1 4505
0 1 4509
0 1 4511
0 1 4514
0 1 4515
0 1 4524
0 1 4525
0 1 4527
0 1 4528
0 1 4535
0 1 4538
0 1 4541
0 1 4543
0 1 4545
0 1 4546
0 1 4548
0 1 4549
0 1 4552
0 1 4555
0 1 4556
0 1 4558
0 1 4559
0 1 4560
0 1 4562
0 1 4564
0 1 4566
0 1 4570
0 1 4571
0 1 4572
0 1 4573
0 1 4576
0 1 4580
0 1 4581
0 1 4589
0 1 4594
0 1 4595
0 1 4597
0 1 4598
0 1 4601
0 1 4602
0 1 4603
0 1 4604
0 1 4605
0 1 4608
0 1 4609
0 1 4611
0 1 4612
0 1 4613
0 1 4614
0 1 4616
0 1 4620
0 1 4621
0 1 4622
0 1 4623
0 1 4625
0 1 4626
0 1 4627
0 1 4631
0 1 4632
0 1 4633
0 1 4634
0 1 4635
0 1 4636
0 1 4639
0 1 4642
0 1 4643
0 1 4646
0 1 4647
0 1 4650
0 1 4651
0 1 4652
0 1 4653
0 1 4656
0 1 4658
0 1 4659
0 1 4660
0 1 4661
0 1 4662
0 1 4664
0 1 4668
0 1 4673
0 1 4674
0 1 4675
0 1 4678
0 1 4679
0 1 4681
0 1 4684
0 1 4685
0 1 4686
0 1 4690
0 1 4692
0 1 4693
0 1 4694
0 1 4696
0 1 4697
0 1 4698
0 1 4699
0 1 4705
0 1 4708
0 1 4711
0 1 4712
0 1 4713
0 1 4714
0 1 4718
0 1 4719
0 1 4720
0 1 4721
0 1 4722
0 1 4724
0 1 4725
0 1 4727
0 1 4728
0 1 4729
0 1 4734
0 1 4735
0 1 4736
0 1 4739
0 1 4742
0 1 4743
0 1 4744
0 1 4746
0 1 4747
0 1 4748
0 1 4749
0 1 4751
0 1 4753
0 1 4754
0 1 4755
0 1 4757
0 1 4758
0 1 4760
0 1 4761
0 1 4763
0 1 4765
0 1 4766
0 1 4771
0 1 4773
0 1 4776
0 1 4777
0 1 4778
0 1 4780
0 1 4785
0 1 4786
0 1 4787
0 1 4788
0 1 4790
0 1 4791
0 1 4792
0 1 4793
0 1 4794
0 1 4797
0 1 4799
0 1 4802
0 1 4804
0 1 4805
0 1 4806
0 1 4807
0 1 4809
0 1 4810
0 1 4812
0 1 4816
0 1 4818
0 1 4820
0 1 4821
0 1 4827
0 1 4829
0 1 4831
0 1 4832
0 1 4833
0 1 4837
0 1 4838
0 1 4840
0 1 4842
0 1 4844
0 1 4845
0 1 4846
0 1 4848
0 1 4850
0 1 4852
0 1 4853
0 1 4859
0 1 4861
0 1 4862
0 1 4865
0 1 4866
0 1 4868
0 1 4871
0 1 4872
0 1 4874
0 1 4877
0 1 4878
0 1 4883
0 1 4885
0 1 4886
0 1 4887
0 1 4889
0 1 4890
0 1 4896
0 1 4899
0 1 4900
0 1 4901
0 1 4905
0 1 4908
0 1 4910
0 1 4912
0 1 4913
0 1 4914
0 1 4917
0 1 4918
0 1 4921
0 1 4924
0 1 4926
0 1 4927
0 1 4929
0 1 4935
0 1 4940
0 1 4943
0 1 4944
0 1 4945
0 1 4950
0 1 4953
0 1 4954
0 1 4960
0 1 4965
0 1 4966
0 1 4967
0 1 4968
0 1 4970
0 1 4971
0 1 4973
0 1 4974
0 1 4977
0 1 4980
0 1 4983
0 1 4985
0 1 4987
0 1 4988
0 1 4990
0 1 4991
0 1 4993
0 1 4994
0 1 4996
0 1 4999
0 1 5001
0 1 5002
0 1 5003
0 1 5004
0 1 5006
0 1 5007
0 1 5008
0 1 5010
0 1 5011
0 1 5013
0 1 5014
0 1 5016
0 1 5018
0 1 5023
0 1 5024
0 1 5025
0 1 5026
0 1 5031
0 1 5032
0 1 5033
0 1 5035
0 1 5041
0 1 5042
0 1 5044
0 1 5045
0 1 5046
0 1 5049
0 1 5053
0 1 5054
0 1 5057
0 1 5058
0 1 5060
0 1 5061
0 1 5063
0 1 5066
0 1 5067
0 1 5068
0 1 5069
0 1 5070
0 1 5072
0 1 5075
0 1 5076
0 1 5077
0 1 5079
0 1 5080
0 1 5081
0 1 5082
0 1 5088
0 1 5089
0 1 5091
0 1 5092
0 1 5094
0 1 5095
0 1 5096
0 1 5098
0 1 5099
0 1 5103
0 1 5105
0 1 5109
0 1 5110
0 1 5111
0 1 5113
0 1 5124
0 1 5127
0 1 5128
0 1 5129
0 1 5130
0 1 5132
0 1 5133
0 1 5134
0 1 5136
0 1 5138
0 1 5141
0 1 5142
0 1 5143
0 1 5146
0 1 5147
0 1 5148
0 1 5153
0 1 5154
0 1 5156
0 1 5157
0 1 5159
0 1 5160
0 1 5163
0 1 5165
0 1 5166
0 1 5168
0 1 5169
0 1 5170
0 1 5177
0 1 5178
0 1 5179
0 1 5183
0 1 5186
0 1 5187
0 1 5189
0 1 5191
0 1 5192
0 1 5193
0 1 5195
0 1 5196
0 1 5197
0 1 5198
0 1 5202
0 1 5203
0 1 5205
0 1 5207
0 1 5208
0 1 5209
0 1 5210
0 1 5211
0 1 5215
0 1 5216
0 1 5217
0 1 5218
0 1 5223
0 1 5224
0 1 5229
0 1 5230
0 1 5235
0 1 5237
0 1 5239
0 1 5240
0 1 5244
0 1 5246
0 1 5247
0 1 5248
0 1 5251
0 1 5253
0 1 5254
0 1 5255
0 1 5257
0 1 5262
0 1 5263
0 1 5265
0 1 5268
0 1 5269
0 1 5270
0 1 5271
0 1 5273
0 1 5275
0 1 5283
0 1 5287
0 1 5288
0 1 5290
0 1 5292
0 1 5293
0 1 5294
0 1 5295
0 1 5296
0 1 5297
0 1 5302
0 1 5303
0 1 5306
0 1 5308
0 1 5310
0 1 5314
0 1 5316
0 1 5321
0 1 5322
0 1 5325
0 1 5329
0 1 5331
0 1 5333
0 1 5334
0 1 5337
0 1 5338
0 1 5339
0 1 5342
0 1 5345
0 1 5346
0 1 5347
0 1 5348
0 1 5350
0 1 5353
0 1 5355
0 1 5357
0 1 5358
0 1 5360
0 1 5361
0 1 5363
0 1 5364
0 1 5365
0 1 5366
0 1 5368
0 1 5369
0 1 5371
0 1 5372
0 1 5374
0 1 5376
0 1 5379
0 1 5381
0 1 5382
0 1 5383
0 1 5384
0 1 5386
0 1 5388
0 1 5391
0 1 5392
0 1 5394
0 1 5395
0 1 5398
0 1 5401
0 1 5404
0 1 5406
0 1 5407
0 1 5408
0 1 5409
0 1 5410
0 1 5411
0 1 5412
0 1 5413
0 1 5414
0 1 5415
0 1 5417
0 1 5418
0 1 5421
0 1 5422
0 1 5423
0 1 5424
0 1 5425
0 1 5426
0 1 5427
0 1 5428
0 1 5430
0 1 5431
0 1 5435
0 1 5444
0 1 5447
0 1 5449
0 1 5451
0 1 5454
0 1 5455
0 1 5457
0 1 5460
0 1 5461
0 1 5465
0 1 5466
0 1 5469
0 1 5473
0 1 5474
0 1 5475
0 1 5479
0 1 5485
0 1 5488
0 1 5490
0 1 5491
0 1 5492
0 1 5494
0 1 5502
0 1 5503
0 1 5505
0 1 5510
0 1 5512
0 1 5516
0 1 5518
0 1 5520
0 1 5521
0 1 5522
0 1 5523
0 1 5526
0 1 5527
0 1 5528
0 1 5530
0 1 5531
0 1 5532
0 1 5534
0 1 5535
0 1 5536
0 1 5537
0 1 5538
0 1 5540
0 1 5543
0 1 5544
0 1 5545
0 1 5548
0 1 5550
0 1 5552
0 1 5554
0 1 5557
0 1 5558
0 1 5560
0 1 5562
0 1 5564
0 1 5566
0 1 5567
0 1 5570
0 1 5572
0 1 5575
0 1 5577
0 1 5581
0 1 5582
0 1 5585
0 1 5587
0 1 5589
0 1 5591
0 1 5593
0 1 5596
0 1 5598
0 1 5600
0 1 5601
0 1 5603
0 1 5607
0 1 5608
0 1 5613
0 1 5614
0 1 5615
0 1 5620
0 1 5621
0 1 5623
0 1 5624
0 1 5627
0 1 5632
0 1 5633
0 1 5634
0 1 5636
0 1 5639
0 1 5640
0 1 5641
0 1 5642
0 1 5645
0 1 5646
0 1 5647
0 1 5648
0 1 5654
0 1 5655
0 1 5656
0 1 5657
0 1 5661
0 1 5663
0 1 5664
0 1 5665
0 1 5666
0 1 5668
0 1 5669
0 1 5670
0 1 5673
0 1 5674
0 1 5675
0 1 5680
0 1 5683
0 1 5684
0 1 5685
0 1 5691
0 1 5692
0 1 5694
0 1 5695
0 1 5700
0 1 5701
0 1 5703
0 1 5705
0 1 5706
0 1 5708
0 1 5712
0 1 5713
0 1 5714
0 1 5715
0 1 5717
0 1 5719
0 1 5720
0 1 5721
0 1 5723
0 1 5725
0 1 5727
0 1 5730
0 1 5732
0 1 5735
0 1 5737
0 1 5739
0 1 5740
0 1 5742
0 1 5745
0 1 5746
0 1 5751
0 1 5754
0 1 5756
0 1 5759
0 1 5760
0 1 5764
0 1 5765
0 1 5766
0 1 5768
0 1 5770
0 1 5771
0 1 5772
0 1 5773
0 1 5774
0 1 5775
0 1 5777
0 1 5779
0 1 5781
0 1 5783
0 1 5784
0 1 5785
0 1 5786
0 1 5790
0 1 5792
0 1 5794
0 1 5796
0 1 5797
0 1 5804
0 1 5806
0 1 5809
0 1 5817
0 1 5819
0 1 5820
0 1 5821
0 1 5823
0 1 5824
0 1 5831
0 1 5835
0 1 5836
0 1 5838
0 1 5839
0 1 5842
0 1 5844
0 1 5846
0 1 5847
0 1 5848
0 1 5851
0 1 5853
0 1 5854
0 1 5858
0 1 5859
0 1 5863
0 1 5864
0 1 5865
0 1 5867
0 1 5868
0 1 5869
0 1 5871
0 1 5879
0 1 5881
0 1 5882
0 1 5883
0 1 5884
0 1 5886
0 1 5889
0 1 5891
0 1 5894
0 1 5896
0 1 5897
0 1 5898
0 1 5899
0 1 5900
0 1 5902
0 1 5903
0 1 5904
0 1 5911
0 1 5912
0 1 5913
0 1 5914
0 1 5915
0 1 5918
0 1 5919
0 1 5922
0 1 5924
0 1 5926
0 1 5928
0 1 5931
0 1 5932
0 1 5933
0 1 5934
0 1 5935
0 1 5936
0 1 5943
0 1 5944
0 1 5945
0 1 5948
0 1 5949
0 1 5953
0 1 5956
0 1 5960
0 1 5962
0 1 5965
0 1 5966
0 1 5967
0 1 5969
0 1 5973
0 1 5975
0 1 5977
0 1 5980
0 1 5981
0 1 5985
0 1 5989
0 1 5990
0 1 5991
0 1 5993
0 1 5994
0 1 5995
0 1 5998
0 1 5999
0 1 6000
0 1 6001
0 1 6002
0 1 6003
0 1 6005
0 1 6006
0 1 6012
0 1 6014
0 1 6015
0 1 6017
0 1 6019
0 1 6020
0 1 6021
0 1 6023
0 1 6024
0 1 6033
0 1 6039
0 1 6040
0 1 6042
0 1 6043
0 1 6047
0 1 6051
0 1 6052
0 1 6055
0 1 6056
0 1 6057
0 1 6060
0 1 6065
0 1 6066
0 1 6067
0 1 6070
0 1 6073
0 1 6075
0 1 6076
0 1 6079
0 1 6082
0 1 6086
0 1 6092
0 1 6094
0 1 6096
0 1 6097
0 1 6098
0 1 6101
0 1 6103
0 1 6104
0 1 6105
0 1 6108
0 1 6109
0 1 6110
0 1 6111
0 1 6112
0 1 6115
0 1 6119
0 1 6121
0 1 6122
0 1 6123
0 1 6124
0 1 6125
0 1 6127
0 1 6128
0 1 6130
0 1 6131
0 1 6134
0 1 6135
0 1 6137
0 1 6138
0 1 6141
0 1 6142
0 1 6148
0 1 6149
0 1 6152
0 1 6153
0 1 6154
0 1 6158
0 1 6159
0 1 6162
0 1 6163
0 1 6164
0 1 6168
0 1 6169
0 1 6170
0 1 6172
0 1 6175
0 1 6177
0 1 6179
0 1 6183
0 1 6184
0 1 6185
0 1 6190
0 1 6192
0 1 6193
0 1 6194
0 1 6196
0 1 6199
0 1 6200
0 1 6201
0 1 6205
0 1 6206
0 1 6207
0 1 6210
0 1 6211
0 1 6212
0 1 6215
0 1 6216
0 1 6218
0 1 6219
0 1 6221
0 1 6222
0 1 6224
0 1 6228
0 1 6229
0 1 6230
0 1 6231
0 1 6232
0 1 6236
0 1 6237
0 1 6238
0 1 6241
0 1 6246
0 1 6247
0 1 6249
0 1 6253
0 1 6257
0 1 6258
0 1 6259
0 1 6260
0 1 6261
0 1 6262
0 1 6263
0 1 6264
0 1 6265
0 1 6268
0 1 6269
0 1 6275
0 1 6281
0 1 6282
0 1 6283
0 1 6286
0 1 6288
0 1 6289
0 1 6290
0 1 6292
0 1 6293
0 1 6295
0 1 6296
0 1 6297
0 1 6300
0 1 6305
0 1 6306
0 1 6309
0 1 6311
0 1 6315
0 1 6318
0 1 6319
0 1 6322
0 1 6325
0 1 6329
0 1 6330
0 1 6331
0 1 6333
0 1 6335
0 1 6336
0 1 6337
0 1 6339
0 1 6340
0 1 6341
0 1 6342
0 1 6345
0 1 6346
0 1 6347
0 1 6349
0 1 6350
0 1 6351
0 1 6354
0 1 6355
0 1 6356
0 1 6359
0 1 6360
0 1 6363
0 1 6365
0 1 6366
0 1 6367
0 1 6372
0 1 6373
0 1 6374
0 1 6375
0 1 6377
0 1 6378
0 1 6379
0 1 6380
0 1 6381
0 1 6382
0 1 6384
0 1 6388
0 1 6389
0 1 6390
0 1 6391
0 1 6393
0 1 6396
0 1 6398
0 1 6400
0 1 6401
0 1 6403
0 1 6404
0 1 6406
0 1 6407
0 1 6409
0 1 6410
0 1 6411
0 1 6416
0 1 6419
0 1 6420
0 1 6423
0 1 6426
0 1 6427
0 1 6428
0 1 6432
0 1 6437
0 1 6440
0 1 6441
0 1 6442
0 1 6444
0 1 6446
0 1 6447
0 1 6449
0 1 6452
0 1 6453
0 1 6454
0 1 6456
0 1 6458
0 1 6460
0 1 6461
0 1 6462
0 1 6463
0 1 6464
0 1 6465
0 1 6468
0 1 6470
0 1 6475
0 1 6476
0 1 6477
0 1 6480
0 1 6481
0 1 6483
0 1 6487
0 1 6489
0 1 6490
0 1 6492
0 1 6493
0 1 6494
0 1 6496
0 1 6502
0 1 6503
0 1 6504
0 1 6506
0 1 6508
0 1 6509
0 1 6510
0 1 6512
0 1 6513
0 1 6516
0 1 6519
0 1 6526
0 1 6527
0 1 6528
0 1 6533
0 1 6536
0 1 6539
0 1 6542
0 1 6543
0 1 6545
0 1 6546
0 1 6549
0 1 6550
0 1 6551
0 1 6554
0 1 6555
0 1 6556
0 1 6559
0 1 6560
0 1 6561
0 1 6563
0 1 6567
0 1 6568
0 1 6572
0 1 6573
0 1 6575
0 1 6581
0 1 6583
0 1 6584
0 1 6590
0 1 6591
0 1 6593
0 1 6599
0 1 6605
0 1 6606
0 1 6607
0 1 6608
0 1 6609
0 1 6610
0 1 6611
0 1 6612
0 1 6615
0 1 6617
0 1 6618
0 1 6619
0 1 6620
0 1 6622
0 1 6623
0 1 6624
0 1 6625
0 1 6627
0 1 6628
0 1 6630
0 1 6631
0 1 6632
0 1 6633
0 1 6639
0 1 6640
0 1 6641
0 1 6644
0 1 6647
0 1 6649
0 1 6650
0 1 6651
0 1 6654
0 1 6655
0 1 6657
0 1 6658
0 1 6663
0 1 6664
0 1 6666
0 1 6668
0 1 6669
0 1 6675
0 1 6676
0 1 6679
0 1 6681
0 1 6682
0 1 6687
0 1 6693
0 1 6694
0 1 6697
0 1 6698
0 1 6700
0 1 6703
0 1 6704
0 1 6705
0 1 6706
0 1 6707
0 1 6712
0 1 6714
0 1 6715
0 1 6716
0 1 6717
0 1 6719
0 1 6722
0 1 6723
0 1 6729
0 1 6730
0 1 6731
0 1 6733
0 1 6735
0 1 6736
0 1 6737
0 1 6738
0 1 6739
0 1 6743
0 1 6744
0 1 6745
0 1 6746
0 1 6748
0 1 6749
0 1 6756
0 1 6758
0 1 6759
0 1 6761
0 1 6762
0 1 6765
0 1 6767
0 1 6768
0 1 6770
0 1 6772
0 1 6773
0 1 6774
0 1 6776
0 1 6777
0 1 6778
0 1 6779
0 1 6780
0 1 6782
0 1 6784
0 1 6785
0 1 6787
0 1 6793
0 1 6794
0 1 6796
0 1 6797
0 1 6801
0 1 6802
0 1 6803
0 1 6804
0 1 6807
0 1 6808
0 1 6813
0 1 6814
0 1 6817
0 1 6818
0 1 6824
0 1 6825
0 1 6828
0 1 6830
0 1 6831
0 1 6832
0 1 6833
0 1 6834
0 1 6836
0 1 6840
0 1 6842
0 1 6846
0 1 6848
0 1 6856
0 1 6860
0 1 6862
0 1 6863
0 1 6865
0 1 6866
0 1 6870
0 1 6872
0 1 6876
0 1 6877
0 1 6878
0 1 6879
0 1 6882
0 1 6884
0 1 6887
0 1 6888
0 1 6889
0 1 6890
0 1 6892
0 1 6895
0 1 6896
0 1 6898
0 1 6899
0 1 6900
0 1 6901
0 1 6902
0 1 6904
0 1 6907
0 1 6908
0 1 6909
0 1 6911
0 1 6912
0 1 6913
0 1 6914
0 1 6915
0 1 6920
0 1 6921
0 1 6923
0 1 6926
0 1 6927
0 1 6928
0 1 6931
0 1 6932
0 1 6933
0 1 6935
0 1 6937
0 1 6938
0 1 6939
0 1 6940
0 1 6942
0 1 6944
0 1 6946
0 1 6947
0 1 6950
0 1 6951
0 1 6955
0 1 6956
0 1 6957
0 1 6958
0 1 6964
0 1 6966
0 1 6967
0 1 6968
0 1 6969
0 1 6971
0 1 6976
0 1 6977
0 1 6979
0 1 6983
0 1 6984
0 1 6985
0 1 6987
0 1 6991
0 1 6992
0 1 6993
0 1 6994
0 1 6995
0 1 6996
0 1 6998
0 1 6999
0 1 7001
0 1 7002
0 1 7003
0 1 7007
0 1 7011
0 1 7014
0 1 7016
0 1 7017
0 1 7018
0 1 7022
0 1 7024
0 1 7026
0 1 7032
0 1 7033
0 1 7035
0 1 7036
0 1 7038
0 1 7042
0 1 7048
0 1 7050
0 1 7051
0 1 7052
0 1 7057
0 1 7060
0 1 7061
0 1 7064
0 1 7065
0 1 7066
0 1 7067
0 1 7070
0 1 7071
0 1 7073
0 1 7075
0 1 7080
0 1 7082
0 1 7083
0 1 7084
0 1 7085
0 1 7086
0 1 7088
0 1 7089
0 1 7090
0 1 7092
0 1 7096
0 1 7097
0 1 7101
0 1 7113
0 1 7114
0 1 7117
0 1 7118
0 1 7124
0 1 7127
0 1 7128
0 1 7131
0 1 7132
0 1 7133
0 1 7135
0 1 7137
0 1 7138
0 1 7139
0 1 7140
0 1 7147
0 1 7148
0 1 7149
0 1 7150
0 1 7153
0 1 7154
0 1 7155
0 1 7160
0 1 7161
0 1 7164
0 1 7166
0 1 7168
0 1 7174
0 1 7175
0 1 7176
0 1 7178
0 1 7179
0 1 7182
0 1 7184
0 1 7186
0 1 7187
0 1 7191
0 1 7193
0 1 7196
0 1 7198
0 1 7199
0 1 7202
0 1 7204
0 1 7205
0 1 7207
0 1 7208
0 1 7209
0 1 7210
0 1 7212
0 1 7214
0 1 7215
0 1 7218
0 1 7221
0 1 7222
0 1 7223
0 1 7226
0 1 7227
0 1 7228
0 1 7235
0 1 7236
0 1 7238
0 1 7239
0 1 7240
0 1 7241
0 1 7242
0 1 7244
0 1 7245
0 1 7249
0 1 7252
0 1 7253
0 1 7255
0 1 7257
0 1 7258
0 1 7259
0 1 7268
0 1 7270
0 1 7271
0 1 7272
0 1 7277
0 1 7278
0 1 7284
0 1 7285
0 1 7286
0 1 7290
0 1 7291
0 1 7292
0 1 7298
0 1 7299
0 1 7301
0 1 7302
0 1 7304
0 1 7306
0 1 7308
0 1 7309
0 1 7311
0 1 7312
0 1 7313
0 1 7315
0 1 7319
0 1 7320
0 1 7324
0 1 7327
0 1 7334
0 1 7335
0 1 7337
0 1 7343
0 1 7344
0 1 7347
0 1 7350
0 1 7351
0 1 7352
0 1 7356
0 1 7358
0 1 7360
0 1 7361
0 1 7362
0 1 7366
0 1 7367
0 1 7369
0 1 7370
0 1 7371
0 1 7373
0 1 7375
0 1 7379
0 1 7380
0 1 7381
0 1 7384
0 1 7385
0 1 7386
0 1 7387
0 1 7391
0 1 7392
0 1 7398
0 1 7400
0 1 7401
0 1 7402
0 1 7404
0 1 7409
0 1 7418
0 1 7420
0 1 7421
0 1 7424
0 1 7429
0 1 7430
0 1 7432
0 1 7441
0 1 7444
0 1 7445
0 1 7451
0 1 7453
0 1 7454
0 1 7455
0 1 7462
0 1 7463
0 1 7465
0 1 7468
0 1 7470
0 1 7475
0 1 7478
0 1 7480
0 1 7486
0 1 7487
0 1 7489
0 1 7491
0 1 7496
0 1 7497
0 1 7501
0 1 7505
0 1 7506
0 1 7510
0 1 7511
0 1 7512
0 1 7518
0 1 7519
0 1 7520
0 1 7522
0 1 7524
0 1 7525
0 1 7526
0 1 7529
0 1 7530
0 1 7532
0 1 7534
0 1 7536
0 1 7537
0 1 7538
0 1 7540
0 1 7543
0 1 7544
0 1 7546
0 1 7548
0 1 7549
0 1 7550
0 1 7553
0 1 7554
0 1 7557
0 1 7559
0 1 7561
0 1 7563
0 1 7566
0 1 7567
0 1 7569
0 1 7571
0 1 7573
0 1 7576
0 1 7577
0 1 7578
0 1 7579
0 1 7581
0 1 7583
0 1 7585
0 1 7586
0 1 7587
0 1 7588
0 1 7589
0 1 7595
0 1 7601
0 1 7603
0 1 7604
0 1 7605
0 1 7608
0 1 7611
0 1 7612
0 1 7613
0 1 7617
0 1 7619
0 1 7622
0 1 7623
0 1 7627
0 1 7629
0 1 7630
0 1 7633
0 1 7638
0 1 7641
0 1 7642
0 1 7643
0 1 7644
0 1 7648
0 1 7652
0 1 7654
0 1 7656
0 1 7659
0 1 7670
0 1 7673
0 1 7674
0 1 7676
0 1 7677
0 1 7687
0 1 7689
0 1 7692
0 1 7693
0 1 7696
0 1 7698
0 1 7699
0 1 7701
0 1 7702
0 1 7704
0 1 7705
0 1 7707
0 1 7710
0 1 7711
0 1 7716
0 1 7720
0 1 7722
0 1 7724
0 1 7729
0 1 7730
0 1 7732
0 1 7734
0 1 7735
0 1 7737
0 1 7738
0 1 7739
0 1 7740
0 1 7743
0 1 7744
0 1 7747
0 1 7748
0 1 7749
0 1 7752
0 1 7754
0 1 7755
0 1 7757
0 1 7758
0 1 7759
0 1 7760
0 1 7763
0 1 7766
0 1 7770
0 1 7777
0 1 7778
0 1 7779
0 1 7784
0 1 7785
0 1 7787
0 1 7788
0 1 7789
0 1 7791
0 1 7792
0 1 7793
0 1 7794
0 1 7795
0 1 7796
0 1 7799
0 1 7800
0 1 7801
0 1 7802
0 1 7804
0 1 7805
0 1 7806
0 1 7807
0 1 7808
0 1 7809
0 1 7810
0 1 7813
0 1 7823
0 1 7824
0 1 7826
0 1 7827
0 1 7829
0 1 7832
0 1 7833
0 1 7837
0 1 7839
0 1 7848
0 1 7849
0 1 7851
0 1 7854
0 1 7855
0 1 7857
0 1 7858
0 1 7859
0 1 7864
0 1 7865
0 1 7867
0 1 7871
0 1 7874
0 1 7875
0 1 7876
0 1 7878
0 1 7879
0 1 7880
0 1 7882
0 1 7883
0 1 7885
0 1 7887
0 1 7888
0 1 7889
0 1 7890
0 1 7897
0 1 7898
0 1 7900
0 1 7906
0 1 7907
0 1 7909
0 1 7910
0 1 7911
0 1 7913
0 1 7918
0 1 7919
0 1 7921
0 1 7923
0 1 7925
0 1 7926
0 1 7929
0 1 7931
0 1 7932
0 1 7933
0 1 7934
0 1 7936
0 1 7939
0 1 7940
0 1 7941
0 1 7942
0 1 7945
0 1 7951
0 1 7953
0 1 7954
0 1 7958
0 1 7959
0 1 7961
0 1 7963
0 1 7965
0 1 7966
0 1 7967
0 1 7968
0 1 7969
0 1 7971
0 1 7972
0 1 7973
0 1 7975
0 1 7977
0 1 7980
0 1 7981
0 1 7982
0 1 7983
0 1 7984
0 1 7989
0 1 7991
0 1 7992
0 1 7993
0 1 7994
0 1 7996
0 1 7997
0 1 7998
0 1 7999
0 1 8000
0 1 8001
0 1 8002
0 1 8004
0 1 8005
0 1 8006
0 1 8007
0 1 8008
0 1 8009
0 1 8011
0 1 8015
0 1 8017
0 1 8019
0 1 8020
0 1 8021
0 1 8022
0 1 8024
0 1 8025
0 1 8026
0 1 8028
0 1 8033
0 1 8034
0 1 8040
0 1 8041
0 1 8044
0 1 8047
0 1 8049
0 1 8051
0 1 8052
0 1 8054
0 1 8055
0 1 8056
0 1 8057
0 1 8059
0 1 8060
0 1 8061
0 1 8062
0 1 8064
0 1 8066
0 1 8070
0 1 8071
0 1 8074
0 1 8075
0 1 8077
0 1 8078
0 1 8081
0 1 8083
0 1 8085
0 1 8086
0 1 8090
0 1 8091
0 1 8095
0 1 8099
0 1 8101
0 1 8103
0 1 8105
0 1 8107
0 1 8112
0 1 8113
0 1 8114
0 1 8115
0 1 8116
0 1 8119
0 1 8120
0 1 8121
0 1 8122
0 1 8124
0 1 8125
0 1 8126
0 1 8127
0 1 8128
0 1 8129
0 1 8133
0 1 8135
0 1 8136
0 1 8137
0 1 8139
0 1 8141
0 1 8143
0 1 8145
0 1 8147
0 1 8148
0 1 8149
0 1 8151
0 1 8152
0 1 8153
0 1 8154
0 1 8161
0 1 8165
0 1 8166
0 1 8168
0 1 8170
0 1 8171
0 1 8172
0 1 8174
0 1 8180
0 1 8181
0 1 8182
0 1 8185
0 1 8189
0 1 8191
0 1 8194
0 1 8195
0 1 8200
0 1 8201
0 1 8203
0 1 8206
0 1 8207
0 1 8209
0 1 8210
0 1 8211
0 1 8213
0 1 8214
0 1 8217
0 1 8223
0 1 8224
0 1 8227
0 1 8229
0 1 8230
0 1 8231
0 1 8232
0 1 8233
0 1 8234
0 1 8235
0 1 8236
0 1 8237
0 1 8240
0 1 8242
0 1 8248
0 1 8250
0 1 8251
0 1 8253
0 1 8254
0 1 8255
0 1 8256
0 1 8257
0 1 8259
0 1 8260
0 1 8262
0 1 8264
0 1 8267
0 1 8270
0 1 8271
0 1 8276
0 1 8280
0 1 8282
0 1 8283
0 1 8285
0 1 8289
0 1 8290
0 1 8292
0 1 8293
0 1 8294
0 1 8295
0 1 8298
0 1 8299
0 1 8300
0 1 8302
0 1 8307
0 1 8312
0 1 8316
0 1 8317
0 1 8318
0 1 8320
0 1 8321
0 1 8322
0 1 8323
0 1 8325
0 1 8327
0 1 8328
0 1 8330
0 1 8331
0 1 8332
0 1 8334
0 1 8335
0 1 8336
0 1 8337
0 1 8338
0 1 8342
0 1 8343
0 1 8345
0 1 8346
0 1 8347
0 1 8348
0 1 8350
0 1 8353
0 1 8356
0 1 8358
0 1 8359
0 1 8363
0 1 8364
0 1 8365
0 1 8367
0 1 8368
0 1 8370
0 1 8371
0 1 8372
0 1 8375
0 1 8376
0 1 8379
0 1 8380
0 1 8382
0 1 8384
0 1 8385
0 1 8386
0 1 8387
0 1 8388
0 1 8391
0 1 8395
0 1 8398
0 1 8399
0 1 8404
0 1 8405
0 1 8407
0 1 8413
0 1 8414
0 1 8422
0 1 8424
0 1 8426
0 1 8427
0 1 8428
0 1 8429
0 1 8430
0 1 8431
0 1 8434
0 1 8435
0 1 8436
0 1 8437
0 1 8438
0 1 8439
0 1 8440
0 1 8441
0 1 8444
0 1 8445
0 1 8449
0 1 8450
0 1 8453
0 1 8454
0 1 8455
0 1 8456
0 1 8458
0 1 8461
0 1 8462
0 1 8464
0 1 8465
0 1 8466
0 1 8468
0 1 8469
0 1 8470
0 1 8471
0 1 8475
0 1 8478
0 1 8479
0 1 8480
0 1 8481
0 1 8482
0 1 8483
0 1 8487
0 1 8488
0 1 8489
0 1 8490
0 1 8491
0 1 8493
0 1 8495
0 1 8496
0 1 8499
0 1 8504
0 1 8505
0 1 8506
0 1 8507
0 1 8509
0 1 8510
0 1 8512
0 1 8514
0 1 8515
0 1 8517
0 1 8518
0 1 8519
0 1 8520
0 1 8521
0 1 8522
0 1 8523
0 1 8524
0 1 8525
0 1 8533
0 1 8534
0 1 8536
0 1 8543
0 1 8547
0 1 8549
0 1 8551
0 1 8553
0 1 8555
0 1 8556
0 1 8559
0 1 8563
0 1 8567
0 1 8568
0 1 8571
0 1 8573
0 1 8575
0 1 8576
0 1 8578
0 1 8584
0 1 8585
0 1 8588
0 1 8590
0 1 8591
0 1 8592
0 1 8594
0 1 8597
0 1 8599
0 1 8600
0 1 8604
0 1 8606
0 1 8608
0 1 8609
0 1 8610
0 1 8616
0 1 8617
0 1 8619
0 1 8624
0 1 8625
0 1 8627
0 1 8628
0 1 8629
0 1 8630
0 1 8631
0 1 8632
0 1 8633
0 1 8635
0 1 8637
0 1 8639
0 1 8640
0 1 8642
0 1 8643
0 1 8645
0 1 8646
0 1 8648
0 1 8649
0 1 8654
0 1 8657
0 1 8659
0 1 8664
0 1 8666
0 1 8669
0 1 8670
0 1 8672
0 1 8675
0 1 8676
0 1 8680
0 1 8682
0 1 8683
0 1 8685
0 1 8686
0 1 8689
0 1 8690
0 1 8691
0 1 8692
0 1 8693
0 1 8694
0 1 8696
0 1 8697
0 1 8698
0 1 8702
0 1 8703
0 1 8705
0 1 8707
0 1 8709
0 1 8710
0 1 8714
0 1 8715
0 1 8716
0 1 8717
0 1 8718
0 1 8721
0 1 8722
0 1 8723
0 1 8725
0 1 8726
0 1 8727
0 1 8729
0 1 8731
0 1 8732
0 1 8733
0 1 8736
0 1 8738
0 1 8741
0 1 8742
0 1 8744
0 1 8745
0 1 8746
0 1 8747
0 1 8748
0 1 8749
0 1 8750
0 1 8755
0 1 8756
0 1 8758
0 1 8761
0 1 8762
0 1 8767
0 1 8768
0 1 8769
0 1 8771
0 1 8773
0 1 8774
0 1 8777
0 1 8780
0 1 8783
0 1 8785
0 1 8786
0 1 8788
0 1 8790
0 1 8791
0 1 8792
0 1 8794
0 1 8796
0 1 8798
0 1 8804
0 1 8805
0 1 8808
0 1 8809
0 1 8813
0 1 8816
0 1 8817
0 1 8818
0 1 8820
0 1 8824
0 1 8825
0 1 8829
0 1 8831
0 1 8835
0 1 8837
0 1 8838
0 1 8839
0 1 8840
0 1 8841
0 1 8842
0 1 8843
0 1 8847
0 1 8848
0 1 8851
0 1 8854
0 1 8857
0 1 8861
0 1 8862
0 1 8863
0 1 8867
0 1 8870
0 1 8872
0 1 8874
0 1 8875
0 1 8877
0 1 8879
0 1 8880
0 1 8881
0 1 8883
0 1 8885
0 1 8886
0 1 8888
0 1 8889
0 1 8891
0 1 8894
0 1 8899
0 1 8901
0 1 8909
0 1 8910
0 1 8912
0 1 8914
0 1 8915
0 1 8919
0 1 8922
0 1 8927
0 1 8928
0 1 8931
0 1 8933
0 1 8937
0 1 8938
0 1 8941
0 1 8943
0 1 8947
0 1 8949
0 1 8954
0 1 8956
0 1 8964
0 1 8966
0 1 8971
0 1 8972
0 1 8974
0 1 8975
0 1 8977
0 1 8979
0 1 8981
0 1 8983
0 1 8986
0 1 8987
0 1 8990
0 1 8991
0 1 8992
0 1 8993
0 1 8995
0 1 8996
0 1 8997
0 1 8998
0 1 8999
0 1 9000
0 1 9001
0 1 9002
0 1 9003
0 1 9005
0 1 9007
0 1 9008
0 1 9009
0 1 9010
0 1 9011
0 1 9012
0 1 9022
0 1 9026
0 1 9029
0 1 9031
0 1 9032
0 1 9033
0 1 9035
0 1 9036
0 1 9039
0 1 9043
0 1 9046
0 1 9047
0 1 9049
0 1 9050
0 1 9051
0 1 9055
0 1 9056
0 1 9060
0 1 9063
0 1 9064
0 1 9068
0 1 9070
0 1 9076
0 1 9077
0 1 9078
0 1 9081
0 1 9082
0 1 9083
0 1 9084
0 1 9085
0 1 9086
0 1 9087
0 1 9088
0 1 9091
0 1 9093
0 1 9096
0 1 9099
0 1 9100
0 1 9101
0 1 9102
0 1 9105
0 1 9107
0 1 9109
0 1 9110
0 1 9111
0 1 9113
0 1 9114
0 1 9118
0 1 9120
0 1 9121
0 1 9125
0 1 9128
0 1 9130
0 1 9134
0 1 9137
0 1 9138
0 1 9140
0 1 9141
0 1 9142
0 1 9143
0 1 9144
0 1 9146
0 1 9147
0 1 9148
0 1 9149
0 1 9152
0 1 9153
0 1 9154
0 1 9165
0 1 9166
0 1 9167
0 1 9169
0 1 9172
0 1 9174
0 1 9176
0 1 9178
0 1 9179
0 1 9180
0 1 9181
0 1 9184
0 1 9185
0 1 9186
0 1 9188
0 1 9189
0 1 9190
0 1 9196
0 1 9197
0 1 9198
0 1 9199
0 1 9200
0 1 9205
0 1 9207
0 1 9210
0 1 9211
0 1 9216
0 1 9218
0 1 9220
0 1 9221
0 1 9222
0 1 9225
0 1 9227
0 1 9229
0 1 9232
0 1 9233
0 1 9237
0 1 9239
0 1 9243
0 1 9249
0 1 9250
0 1 9256
0 1 9257
0 1 9259
0 1 9260
0 1 9263
0 1 9264
0 1 9265
0 1 9266
0 1 9270
0 1 9272
0 1 9274
0 1 9277
0 1 9278
0 1 9280
0 1 9281
0 1 9282
0 1 9284
0 1 9286
0 1 9292
0 1 9295
0 1 9296
0 1 9298
0 1 9299
0 1 9301
0 1 9303
0 1 9304
0 1 9306
0 1 9307
0 1 9308
0 1 9309
0 1 9310
0 1 9311
0 1 9313
0 1 9315
0 1 9316
0 1 9317
0 1 9318
0 1 9322
0 1 9328
0 1 9330
0 1 9333
0 1 9341
0 1 9342
0 1 9343
0 1 9344
0 1 9349
0 1 9351
0 1 9352
0 1 9354
0 1 9355
0 1 9356
0 1 9361
0 1 9363
0 1 9364
0 1 9367
0 1 9371
0 1 9372
0 1 9373
0 1 9374
0 1 9377
0 1 9379
0 1 9383
0 1 9384
0 1 9386
0 1 9387
0 1 9388
0 1 9389
0 1 9394
0 1 9395
0 1 9397
0 1 9403
0 1 9404
0 1 9405
0 1 9406
0 1 9407
0 1 9410
0 1 9411
0 1 9414
0 1 9415
0 1 9416
0 1 9417
0 1 9418
0 1 9419
0 1 9423
0 1 9425
0 1 9431
0 1 9432
0 1 9433
0 1 9434
0 1 9437
0 1 9440
0 1 9441
0 1 9443
0 1 9444
0 1 9445
0 1 9449
0 1 9450
0 1 9454
0 1 9458
0 1 9459
0 1 9460
0 1 9461
0 1 9464
0 1 9467
0 1 9468
0 1 9470
0 1 9472
0 1 9475
0 1 9476
0 1 9477
0 1 9478
0 1 9481
0 1 9482
0 1 9483
0 1 9484
0 1 9486
0 1 9489
0 1 9490
0 1 9491
0 1 9492
0 1 9493
0 1 9494
0 1 9495
0 1 9497
0 1 9499
0 1 9507
0 1 9508
0 1 9511
0 1 9512
0 1 9515
0 1 9516
0 1 9518
0 1 9521
0 1 9530
0 1 9531
0 1 9534
0 1 9535
0 1 9536
0 1 9541
0 1 9543
0 1 9547
0 1 9548
0 1 9549
0 1 9550
0 1 9553
0 1 9554
0 1 9558
0 1 9560
0 1 9561
0 1 9562
0 1 9563
0 1 9565
0 1 9572
0 1 9573
0 1 9574
0 1 9575
0 1 9578
0 1 9579
0 1 9581
0 1 9582
0 1 9584
0 1 9585
0 1 9586
0 1 9587
0 1 9593
0 1 9596
0 1 9598
0 1 9599
0 1 9600
0 1 9603
0 1 9606
0 1 9611
0 1 9612
0 1 9613
0 1 9616
0 1 9617
0 1 9620
0 1 9622
0 1 9623
0 1 9624
0 1 9625
0 1 9626
0 1 9628
0 1 9629
0 1 9631
0 1 9632
0 1 9637
0 1 9638
0 1 9639
0 1 9642
0 1 9644
0 1 9645
0 1 9647
0 1 9648
0 1 9649
0 1 9650
0 1 9651
0 1 9652
0 1 9654
0 1 9655
0 1 9656
0 1 9658
0 1 9660
0 1 9661
0 1 9665
0 1 9667
0 1 9668
0 1 9669
0 1 9671
0 1 9672
0 1 9673
0 1 9675
0 1 9677
0 1 9680
0 1 9681
0 1 9682
0 1 9683
0 1 9684
0 1 9686
0 1 9687
0 1 9691
0 1 9692
0 1 9695
0 1 9696
0 1 9698
0 1 9700
0 1 9701
0 1 9706
0 1 9707
0 1 9709
0 1 9713
0 1 9716
0 1 9718
0 1 9720
0 1 9722
0 1 9724
0 1 9725
0 1 9727
0 1 9728
0 1 9729
0 1 9732
0 1 9733
0 1 9735
0 1 9737
0 1 9738
0 1 9740
0 1 9745
0 1 9751
0 1 9752
0 1 9753
0 1 9754
0 1 9756
0 1 9757
0 1 9759
0 1 9760
0 1 9763
0 1 9765
0 1 9766
0 1 9767
0 1 9768
0 1 9770
0 1 9771
0 1 9772
0 1 9774
0 1 9778
0 1 9779
0 1 9780
0 1 9782
0 1 9787
0 1 9788
0 1 9790
0 1 9793
0 1 9794
0 1 9798
0 1 9799
0 1 9802
0 1 9804
0 1 9807
0 1 9808
0 1 9814
0 1 9816
0 1 9817
0 1 9818
0 1 9819
0 1 9821
0 1 9822
0 1 9824
0 1 9825
0 1 9826
0 1 9827
0 1 9829
0 1 9831
0 1 9832
0 1 9833
0 1 9834
0 1 9841
0 1 9842
0 1 9845
0 1 9846
0 1 9854
0 1 9858
0 1 9862
0 1 9863
0 1 9868
0 1 9870
0 1 9872
0 1 9874
0 1 9876
0 1 9877
0 1 9879
0 1 9881
0 1 9888
0 1 9889
0 1 9890
0 1 9892
0 1 9894
0 1 9896
0 1 9899
0 1 9901
0 1 9902
0 1 9903
0 1 9905
0 1 9907
0 1 9908
0 1 9909
0 1 9911
0 1 9914
0 1 9919
0 1 9921
0 1 9922
0 1 9926
0 1 9928
0 1 9929
0 1 9930
0 1 9931
0 1 9933
0 1 9934
0 1 9935
0 1 9936
0 1 9938
0 1 9939
0 1 9940
0 1 9942
0 1 9944
0 1 9946
0 1 9950
0 1 9951
0 1 9952
0 1 9954
0 1 9955
0 1 9956
0 1 9958
0 1 9961
0 1 9963
0 1 9964
0 1 9966
0 1 9967
0 1 9968
0 1 9969
0 1 9971
0 1 9974
0 1 9977
0 1 9978
0 1 9979
0 1 9980
0 1 9982
0 1 9984
0 1 9985
0 1 9988
0 1 9991
0 1 9992
0 1 9993
0 1 9994
0 1 9995
0 1 9996
0 1 9997
0 1 9998
0 1 10000
0 1 10007
0 1 10008
0 1 10012
0 1 10020
0 1 10021
0 1 10023
0 1 10025
0 1 10026
0 1 10028
0 1 10030
0 1 10032
0 1 10036
0 1 10041
0 1 10042
0 1 10043
0 1 10045
0 1 10056
0 1 10057
0 1 10059
0 1 10060
0 1 10062
0 1 10063
0 1 10065
0 1 10068
0 1 10069
0 1 10073
0 1 10074
0 1 10076
0 1 10079
0 1 10086
0 1 10088
0 1 10090
0 1 10091
0 1 10093
0 1 10094
0 1 10096
0 1 10098
0 1 10099
0 1 10101
0 1 10102
0 1 10104
0 1 10105
0 1 10108
0 1 10109
0 1 10111
0 1 10115
0 1 10118
0 1 10120
0 1 10124
0 1 10125
0 1 10127
0 1 10129
0 1 10130
0 1 10131
0 1 10133
0 1 10135
0 1 10136
0 1 10140
0 1 10143
0 1 10148
0 1 10150
0 1 10151
0 1 10157
0 1 10158
0 1 10159
0 1 10161
0 1 10164
0 1 10165
0 1 10166
0 1 10168
0 1 10170
0 1 10171
0 1 10172
0 1 10174
0 1 10178
0 1 10179
0 1 10180
0 1 10182
0 1 10183
0 1 10187
0 1 10188
0 1 10189
0 1 10190
0 1 10192
0 1 10193
0 1 10196
0 1 10197
0 1 10199
0 1 10200
0 1 10203
0 1 10204
0 1 10205
0 1 10206
0 1 10212
0 1 10215
0 1 10217
0 1 10218
0 1 10219
0 1 10221
0 1 10222
0 1 10224
0 1 10225
0 1 10227
0 1 10230
0 1 10231
0 1 10235
0 1 10237
0 1 10238
0 1 10240
0 1 10241
0 1 10244
0 1 10248
0 1 10255
0 1 10257
0 1 10260
0 1 10262
0 1 10264
0 1 10267
0 1 10268
0 1 10270
0 1 10272
0 1 10275
0 1 10276
0 1 10280
0 1 10281
0 1 10289
0 1 10292
0 1 10294
0 1 10297
0 1 10303
0 1 10305
0 1 10306
0 1 10308
0 1 10309
0 1 10315
0 1 10316
0 1 10317
0 1 10318
0 1 10319
0 1 10320
0 1 10321
0 1 10323
0 1 10324
0 1 10326
0 1 10327
0 1 10329
0 1 10330
0 1 10331
0 1 10340
0 1 10343
0 1 10347
0 1 10351
0 1 10353
0 1 10354
0 1 10356
0 1 10362
0 1 10368
0 1 10369
0 1 10373
0 1 10375
0 1 10376
0 1 10381
0 1 10382
0 1 10383
0 1 10384
0 1 10385
0 1 10389
0 1 10393
0 1 10396
0 1 10398
0 1 10401
0 1 10402
0 1 10403
0 1 10405
0 1 10407
0 1 10408
0 1 10410
0 1 10413
0 1 10414
0 1 10420
0 1 10421
0 1 10422
0 1 10423
0 1 10425
0 1 10426
0 1 10427
0 1 10429
0 1 10431
0 1 10437
0 1 10438
0 1 10439
0 1 10442
0 1 10443
0 1 10445
0 1 10446
0 1 10450
0 1 10453
0 1 10456
0 1 10458
0 1 10461
0 1 10462
0 1 10465
0 1 10467
0 1 10470
0 1 10471
0 1 10472
0 1 10474
0 1 10476
0 1 10477
0 1 10478
0 1 10480
0 1 10481
0 1 10482
0 1 10483
0 1 10486
0 1 10488
0 1 10489
0 1 10494
0 1 10498
0 1 10499
0 1 10501
0 1 10505
0 1 10507
0 1 10508
0 1 10511
0 1 10519
0 1 10521
0 1 10524
0 1 10527
0 1 10528
0 1 10529
0 1 10530
0 1 10533
0 1 10534
0 1 10535
0 1 10537
0 1 10543
0 1 10547
0 1 10550
0 1 10553
0 1 10560
0 1 10561
0 1 10562
0 1 10564
0 1 10566
0 1 10569
0 1 10572
0 1 10573
0 1 10576
0 1 10577
0 1 10580
0 1 10581
0 1 10583
0 1 10584
0 1 10585
0 1 10591
0 1 10593
0 1 10595
0 1 10597
0 1 10598
0 1 10600
0 1 10601
0 1 10602
0 1 10604
0 1 10605
0 1 10608
0 1 10609
0 1 10612
0 1 10616
0 1 10619
0 1 10621
0 1 10623
0 1 10624
0 1 10625
0 1 10628
0 1 10631
0 1 10632
0 1 10634
0 1 10635
0 1 10637
0 1 10640
0 1 10641
0 1 10650
0 1 10652
0 1 10653
0 1 10654
0 1 10657
0 1 10659
0 1 10660
0 1 10661
0 1 10663
0 1 10664
0 1 10666
0 1 10667
0 1 10668
0 1 10669
0 1 10670
0 1 10673
0 1 10674
0 1 10676
0 1 10679
0 1 10681
0 1 10682
0 1 10685
0 1 10690
0 1 10691
0 1 10693
0 1 10695
0 1 10698
0 1 10699
0 1 10706
0 1 10707
0 1 10711
0 1 10717
0 1 10718
0 1 10721
0 1 10722
0 1 10723
0 1 10724
0 1 10726
0 1 10727
0 1 10731
0 1 10738
0 1 10739
0 1 10740
0 1 10741
0 1 10743
0 1 10744
0 1 10745
0 1 10746
0 1 10747
0 1 10748
0 1 10750
0 1 10751
0 1 10755
0 1 10756
0 1 10758
0 1 10762
0 1 10763
0 1 10764
0 1 10765
0 1 10766
0 1 10768
0 1 10769
0 1 10770
0 1 10771
0 1 10772
0 1 10773
0 1 10776
0 1 10777
0 1 10778
0 1 10779
0 1 10781
0 1 10784
0 1 10785
0 1 10786
0 1 10789
0 1 10790
0 1 10791
0 1 10793
0 1 10796
0 1 10797
0 1 10798
0 1 10799
0 1 10801
0 1 10804
0 1 10807
0 1 10808
0 1 10809
0 1 10810
0 1 10811
0 1 10813
0 1 10814
0 1 10815
0 1 10816
0 1 10817
0 1 10818
0 1 10823
0 1 10824
0 1 10828
0 1 10829
0 1 10830
0 1 10831
0 1 10832
0 1 10834
0 1 10835
0 1 10838
0 1 10840
0 1 10846
0 1 10849
0 1 10850
0 1 10851
0 1 10858
0 1 10862
0 1 10863
0 1 10864
0 1 10867
0 1 10868
0 1 10871
0 1 10876
0 1 10882
0 1 10883
0 1 10884
0 1 10885
0 1 10886
0 1 10889
0 1 10891
0 1 10892
0 1 10893
0 1 10896
0 1 10898
0 1 10899
0 1 10902
0 1 10903
0 1 10904
0 1 10906
0 1 10907
0 1 10908
0 1 10912
0 1 10916
0 1 10919
0 1 10923
0 1 10924
0 1 10925
0 1 10927
0 1 10933
0 1 10935
0 1 10936
0 1 10941
0 1 10944
0 1 10948
0 1 10952
0 1 10953
0 1 10954
0 1 10956
0 1 10957
0 1 10958
0 1 10959
0 1 10960
0 1 10962
0 1 10964
0 1 10965
0 1 10967
0 1 10968
0 1 10971
0 1 10972
0 1 10973
0 1 10975
0 1 10978
0 1 10983
0 1 10984
0 1 10985
0 1 10989
0 1 10991
0 1 10993
0 1 10994
0 1 10995
0 1 10996
0 1 10997
0 1 11001
0 1 11002
0 1 11003
0 1 11005
0 1 11006
0 1 11011
0 1 11013
0 1 11014
0 1 11016
0 1 11017
0 1 11018
0 1 11020
0 1 11021
0 1 11023
0 1 11025
0 1 11028
0 1 11029
0 1 11030
0 1 11033
0 1 11034
0 1 11035
0 1 11038
0 1 11039
0 1 11046
0 1 11048
0 1 11049
0 1 11050
0 1 11051
0 1 11052
0 1 11054
0 1 11056
0 1 11057
0 1 11059
0 1 11061
0 1 11063
0 1 11065
0 1 11066
0 1 11067
0 1 11070
0 1 11073
0 1 11075
0 1 11077
0 1 11079
0 1 11083
0 1 11084
0 1 11085
0 1 11086
0 1 11092
0 1 11093
0 1 11094
0 1 11097
0 1 11098
0 1 11101
0 1 11102
0 1 11105
0 1 11106
0 1 11108
0 1 11110
0 1 11111
0 1 11112
0 1 11113
0 1 11114
0 1 11115
0 1 11118
0 1 11119
0 1 11120
0 1 11121
0 1 11122
0 1 11124
0 1 11127
0 1 11129
0 1 11131
0 1 11133
0 1 11134
0 1 11135
0 1 11136
0 1 11137
0 1 11138
0 1 11140
0 1 11142
0 1 11144
0 1 11145
0 1 11147
0 1 11149
0 1 11154
0 1 11156
0 1 11157
0 1 11161
0 1 11163
0 1 11164
0 1 11165
0 1 11166
0 1 11167
0 1 11170
0 1 11174
0 1 11175
0 1 11180
0 1 11184
0 1 11186
0 1 11188
0 1 11189
0 1 11190
0 1 11192
0 1 11193
0 1 11194
0 1 11195
0 1 11196
0 1 11197
0 1 11198
0 1 11199
0 1 11203
0 1 11207
0 1 11208
0 1 11211
0 1 11213
0 1 11214
0 1 11215
0 1 11220
0 1 11221
0 1 11226
0 1 11227
0 1 11230
0 1 11232
0 1 11237
0 1 11238
0 1 11239
0 1 11241
0 1 11242
0 1 11243
0 1 11244
0 1 11247
0 1 11250
0 1 11254
0 1 11257
0 1 11258
0 1 11260
0 1 11261
0 1 11262
0 1 11263
0 1 11266
0 1 11269
0 1 11270
0 1 11271
0 1 11272
0 1 11274
0 1 11275
0 1 11278
0 1 11281
0 1 11282
0 1 11283
0 1 11284
0 1 11285
0 1 11287
0 1 11289
0 1 11291
0 1 11292
0 1 11294
0 1 11296
0 1 11297
0 1 11298
0 1 11299
0 1 11300
0 1 11302
0 1 11303
0 1 11304
0 1 11312
0 1 11313
0 1 11314
0 1 11316
0 1 11317
0 1 11319
0 1 11322
0 1 11324
0 1 11325
0 1 11326
0 1 11327
0 1 11328
0 1 11329
0 1 11330
0 1 11338
0 1 11339
0 1 11340
0 1 11342
0 1 11346
0 1 11347
0 1 11348
0 1 11350
0 1 11351
0 1 11352
0 1 11353
0 1 11354
0 1 11355
0 1 11357
0 1 11358
0 1 11359
0 1 11360
0 1 11362
0 1 11363
0 1 11368
0 1 11369
0 1 11370
0 1 11374
0 1 11375
0 1 11376
0 1 11377
0 1 11378
0 1 11380
0 1 11384
0 1 11386
0 1 11388
0 1 11392
0 1 11393
0 1 11395
0 1 11398
0 1 11399
0 1 11403
0 1 11405
0 1 11406
0 1 11407
0 1 11409
0 1 11410
0 1 11411
0 1 11412
0 1 11413
0 1 11414
0 1 11425
0 1 11428
0 1 11433
0 1 11436
0 1 11439
0 1 11443
0 1 11446
0 1 11452
0 1 11454
0 1 11456
0 1 11457
0 1 11459
0 1 11465
0 1 11473
0 1 11475
0 1 11476
0 1 11477
0 1 11480
0 1 11484
0 1 11488
0 1 11491
0 1 11492
0 1 11494
0 1 11495
0 1 11496
0 1 11498
0 1 11500
0 1 11501
0 1 11502
0 1 11505
0 1 11508
0 1 11510
0 1 11512
0 1 11513
0 1 11514
0 1 11518
0 1 11519
0 1 11521
0 1 11522
0 1 11524
0 1 11525
0 1 11527
0 1 11531
0 1 11533
0 1 11535
0 1 11536
0 1 11539
0 1 11541
0 1 11543
0 1 11545
0 1 11549
0 1 11550
0 1 11552
0 1 11553
0 1 11555
0 1 11557
0 1 11560
0 1 11561
0 1 11562
0 1 11563
0 1 11565
0 1 11566
0 1 11567
0 1 11571
0 1 11573
0 1 11579
0 1 11580
0 1 11582
0 1 11585
0 1 11588
0 1 11590
0 1 11592
0 1 11593
0 1 11598
0 1 11600
0 1 11601
0 1 11602
0 1 11603
0 1 11606
0 1 11610
0 1 11612
0 1 11613
0 1 11614
0 1 11615
0 1 11616
0 1 11618
0 1 11619
0 1 11620
0 1 11623
0 1 11626
0 1 11627
0 1 11628
0 1 11629
0 1 11630
0 1 11631
0 1 11633
0 1 11634
0 1 11635
0 1 11636
0 1 11640
0 1 11642
0 1 11643
0 1 11645
0 1 11646
0 1 11650
0 1 11652
0 1 11657
0 1 11659
0 1 11660
0 1 11663
0 1 11665
0 1 11666
0 1 11667
0 1 11668
0 1 11669
0 1 11671
0 1 11672
0 1 11677
0 1 11678
0 1 11679
0 1 11680
0 1 11681
0 1 11682
0 1 11686
0 1 11687
0 1 11691
0 1 11692
0 1 11694
0 1 11695
0 1 11696
0 1 11698
0 1 11705
0 1 11708
0 1 11710
0 1 11712
0 1 11713
0 1 11714
0 1 11716
0 1 11717
0 1 11718
0 1 11719
0 1 11721
0 1 11724
0 1 11725
0 1 11727
0 1 11732
0 1 11737
0 1 11738
0 1 11740
0 1 11742
0 1 11745
0 1 11747
0 1 11748
0 1 11749
0 1 11750
0 1 11751
0 1 11752
0 1 11756
0 1 11757
0 1 11758
0 1 11762
0 1 11764
0 1 11765
0 1 11766
0 1 11767
0 1 11769
0 1 11770
0 1 11773
0 1 11776
0 1 11778
0 1 11779
0 1 11781
0 1 11782
0 1 11783
0 1 11785
0 1 11786
0 1 11788
0 1 11789
0 1 11790
0 1 11791
0 1 11796
0 1 11798
0 1 11800
0 1 11803
0 1 11805
0 1 11807
0 1 11810
0 1 11812
0 1 11813
0 1 11817
0 1 11820
0 1 11823
0 1 11824
0 1 11829
0 1 11830
0 1 11836
0 1 11839
0 1 11840
0 1 11843
0 1 11844
0 1 11847
0 1 11848
0 1 11849
0 1 11852
0 1 11858
0 1 11859
0 1 11860
0 1 11861
0 1 11865
0 1 11867
0 1 11870
0 1 11871
0 1 11872
0 1 11874
0 1 11879
0 1 11880
0 1 11881
0 1 11883
0 1 11885
0 1 11886
0 1 11888
0 1 11889
0 1 11890
0 1 11891
0 1 11895
0 1 11896
0 1 11898
0 1 11899
0 1 11900
0 1 11901
0 1 11903
0 1 11904
0 1 11906
0 1 11909
0 1 11910
0 1 11913
0 1 11914
0 1 11916
0 1 11917
0 1 11919
0 1 11928
0 1 11930
0 1 11931
0 1 11932
0 1 11936
0 1 11940
0 1 11941
0 1 11945
0 1 11947
0 1 11949
0 1 11950
0 1 11951
0 1 11952
0 1 11953
0 1 11956
0 1 11957
0 1 11959
0 1 11961
0 1 11962
0 1 11963
0 1 11966
0 1 11971
0 1 11972
0 1 11973
0 1 11975
0 1 11976
0 1 11977
0 1 11978
0 1 11979
0 1 11981
0 1 11987
0 1 11989
0 1 11990
0 1 11993
0 1 11996
0 1 11997
0 1 11998
0 1 11999
0 1 12001
0 1 12002
0 1 12005
0 1 12006
0 1 12009
0 1 12010
0 1 12011
0 1 12013
0 1 12018
0 1 12019
0 1 12020
0 1 12021
0 1 12023
0 1 12025
0 1 12026
0 1 12027
0 1 12030
0 1 12032
0 1 12034
0 1 12038
0 1 12039
0 1 12044
0 1 12047
0 1 12051
0 1 12053
0 1 12056
0 1 12058
0 1 12059
0 1 12060
0 1 12065
0 1 12067
0 1 12068
0 1 12070
0 1 12072
0 1 12074
0 1 12075
0 1 12078
0 1 12081
0 1 12083
0 1 12084
0 1 12087
0 1 12089
0 1 12090
0 1 12091
0 1 12092
0 1 12093
0 1 12095
0 1 12097
0 1 12100
0 1 12106
0 1 12107
0 1 12109
0 1 12110
0 1 12112
0 1 12113
0 1 12114
0 1 12116
0 1 12118
0 1 12120
0 1 12121
0 1 12123
0 1 12126
0 1 12127
0 1 12129
0 1 12132
0 1 12133
0 1 12135
0 1 12136
0 1 12137
0 1 12139
0 1 12143
0 1 12144
0 1 12146
0 1 12147
0 1 12148
0 1 12154
0 1 12155
0 1 12158
0 1 12160
0 1 12161
0 1 12162
0 1 12164
0 1 12165
0 1 12166
0 1 12170
0 1 12173
0 1 12174
0 1 12175
0 1 12178
0 1 12181
0 1 12182
0 1 12184
0 1 12187
0 1 12188
0 1 12189
0 1 12190
0 1 12192
0 1 12193
0 1 12194
0 1 12195
0 1 12196
0 1 12197
0 1 12198
0 1 12201
0 1 12202
0 1 12204
0 1 12208
0 1 12210
0 1 12211
0 1 12212
0 1 12213
0 1 12214
0 1 12215
0 1 12219
0 1 12225
0 1 12227
0 1 12228
0 1 12231
0 1 12233
0 1 12234
0 1 12238
0 1 12239
0 1 12240
0 1 12241
0 1 12245
0 1 12248
0 1 12251
0 1 12255
0 1 12258
0 1 12261
0 1 12263
0 1 12265
0 1 12272
0 1 12273
0 1 12274
0 1 12275
0 1 12277
0 1 12279
0 1 12281
0 1 12282
0 1 12283
0 1 12284
0 1 12287
0 1 12290
0 1 12292
0 1 12293
0 1 12298
0 1 12300
0 1 12305
0 1 12306
0 1 12308
0 1 12309
0 1 12312
0 1 12313
0 1 12315
0 1 12318
0 1 12319
0 1 12322
0 1 12323
0 1 12324
0 1 12327
0 1 12333
0 1 12335
0 1 12338
0 1 12342
0 1 12344
0 1 12345
0 1 12346
0 1 12352
0 1 12354
0 1 12355
0 1 12359
0 1 12360
0 1 12361
0 1 12363
0 1 12364
0 1 12372
0 1 12374
0 1 12376
0 1 12380
0 1 12381
0 1 12382
0 1 12383
0 1 12384
0 1 12386
0 1 12388
0 1 12390
0 1 12392
0 1 12393
0 1 12395
0 1 12396
0 1 12398
0 1 12399
0 1 12400
0 1 12401
0 1 12402
0 1 12403
0 1 12404
0 1 12408
0 1 12411
0 1 12412
0 1 12414
0 1 12415
0 1 12416
0 1 12417
0 1 12418
0 1 12419
0 1 12420
0 1 12421
0 1 12424
0 1 12427
0 1 12430
0 1 12431
0 1 12433
0 1 12434
0 1 12436
0 1 12439
0 1 12440
0 1 12441
0 1 12442
0 1 12443
0 1 12444
0 1 12446
0 1 12448
0 1 12449
0 1 12450
0 1 12451
0 1 12452
0 1 12454
0 1 12455
0 1 12458
0 1 12459
0 1 12460
0 1 12461
0 1 12465
0 1 12468
0 1 12470
0 1 12471
0 1 12472
0 1 12473
0 1 12474
0 1 12476
0 1 12477
0 1 12482
0 1 12488
0 1 12490
0 1 12491
0 1 12492
0 1 12493
0 1 12495
0 1 12496
0 1 12497
0 1 12500
0 1 12505
0 1 12506
0 1 12508
0 1 12509
0 1 12510
0 1 12511
0 1 12512
0 1 12513
0 1 12514
0 1 12515
0 1 12517
0 1 12518
0 1 12520
0 1 12522
0 1 12523
0 1 12524
0 1 12526
0 1 12533
0 1 12535
0 1 12537
0 1 12541
0 1 12542
0 1 12543
0 1 12545
0 1 12547
0 1 12548
0 1 12549
0 1 12550
0 1 12553
0 1 12556
0 1 12557
0 1 12559
0 1 12561
0 1 12563
0 1 12564
0 1 12565
0 1 12567
0 1 12568
0 1 12571
0 1 12572
0 1 12573
0 1 12574
0 1 12575
0 1 12577
0 1 12581
0 1 12582
0 1 12586
0 1 12588
0 1 12589
0 1 12591
0 1 12592
0 1 12593
0 1 12594
0 1 12597
0 1 12598
0 1 12600
0 1 12601
0 1 12603
0 1 12604
0 1 12605
0 1 12607
0 1 12611
0 1 12614
0 1 12616
0 1 12619
0 1 12621
0 1 12624
0 1 12627
0 1 12630
0 1 12636
0 1 12641
0 1 12642
0 1 12644
0 1 12646
0 1 12647
0 1 12649
0 1 12650
0 1 12654
0 1 12655
0 1 12656
0 1 12658
0 1 12660
0 1 12662
0 1 12665
0 1 12668
0 1 12669
0 1 12670
0 1 12672
0 1 12673
0 1 12675
0 1 12680
0 1 12681
0 1 12682
0 1 12683
0 1 12684
0 1 12686
0 1 12687
0 1 12688
0 1 12689
0 1 12691
0 1 12693
0 1 12694
0 1 12695
0 1 12697
0 1 12698
0 1 12704
0 1 12705
0 1 12706
0 1 12709
0 1 12712
0 1 12715
0 1 12720
0 1 12723
0 1 12724
0 1 12725
0 1 12726
0 1 12728
0 1 12730
0 1 12731
0 1 12732
0 1 12733
0 1 12734
0 1 12737
0 1 12739
0 1 12740
0 1 12741
0 1 12742
0 1 12744
0 1 12746
0 1 12747
0 1 12748
0 1 12750
0 1 12751
0 1 12752
0 1 12757
0 1 12758
0 1 12761
0 1 12767
0 1 12769
0 1 12770
0 1 12771
0 1 12774
0 1 12775
0 1 12776
0 1 12777
0 1 12778
0 1 12780
0 1 12782
0 1 12787
0 1 12788
0 1 12789
0 1 12791
0 1 12792
0 1 12794
0 1 12795
0 1 12799
0 1 12800
0 1 12802
0 1 12803
0 1 12804
0 1 12805
0 1 12807
0 1 12808
0 1 12810
0 1 12814
0 1 12816
0 1 12817
0 1 12818
0 1 12819
0 1 12820
0 1 12823
0 1 12825
0 1 12826
0 1 12827
0 1 12828
0 1 12829
0 1 12831
0 1 12832
0 1 12835
0 1 12838
0 1 12843
0 1 12844
0 1 12848
0 1 12851
0 1 12853
0 1 12854
0 1 12856
0 1 12857
0 1 12861
0 1 12862
0 1 12863
0 1 12864
0 1 12867
0 1 12868
0 1 12869
0 1 12871
0 1 12873
0 1 12875
0 1 12876
0 1 12877
0 1 12878
0 1 12879
0 1 12880
0 1 12881
0 1 12882
0 1 12885
0 1 12886
0 1 12887
0 1 12889
0 1 12890
0 1 12891
0 1 12892
0 1 12895
0 1 12897
0 1 12898
0 1 12899
0 1 12903
0 1 12904
0 1 12906
0 1 12908
0 1 12909
0 1 12912
0 1 12913
0 1 12915
0 1 12916
0 1 12918
0 1 12920
0 1 12921
0 1 12922
0 1 12925
0 1 12926
0 1 12928
0 1 12929
0 1 12936
0 1 12940
0 1 12943
0 1 12945
0 1 12946
0 1 12948
0 1 12949
0 1 12950
0 1 12951
0 1 12953
0 1 12954
0 1 12955
0 1 12956
0 1 12958
0 1 12960
0 1 12961
0 1 12963
0 1 12964
0 1 12966
0 1 12967
0 1 12970
0 1 12972
0 1 12973
0 1 12974
0 1 12976
0 1 12977
0 1 12982
0 1 12983
0 1 12984
0 1 12991
0 1 12992
0 1 12993
0 1 12995
0 1 12996
0 1 12998
0 1 12999
0 1 13001
0 1 13003
0 1 13004
0 1 13007
0 1 13008
0 1 13010
0 1 13011
0 1 13012
0 1 13013
0 1 13014
0 1 13016
0 1 13018
0 1 13023
0 1 13025
0 1 13028
0 1 13029
0 1 13030
0 1 13032
0 1 13034
0 1 13035
0 1 13038
0 1 13039
0 1 13041
0 1 13042
0 1 13046
0 1 13047
0 1 13048
0 1 13049
0 1 13051
0 1 13052
0 1 13053
0 1 13054
0 1 13056
0 1 13057
0 1 13058
0 1 13059
0 1 13060
0 1 13064
0 1 13066
0 1 13068
0 1 13070
0 1 13071
0 1 13073
0 1 13077
0 1 13080
0 1 13082
0 1 13083
0 1 13084
0 1 13086
0 1 13089
0 1 13090
0 1 13091
0 1 13092
0 1 13094
0 1 13096
0 1 13098
0 1 13101
0 1 13102
0 1 13106
0 1 13107
0 1 13108
0 1 13109
0 1 13113
0 1 13114
0 1 13115
0 1 13117
0 1 13120
0 1 13123
0 1 13124
0 1 13125
0 1 13126
0 1 13129
0 1 13130
0 1 13131
0 1 13134
0 1 13135
0 1 13137
0 1 13139
0 1 13140
0 1 13142
0 1 13143
0 1 13146
0 1 13148
0 1 13149
0 1 13156
0 1 13160
0 1 13161
0 1 13162
0 1 13167
0 1 13168
0 1 13169
0 1 13171
0 1 13172
0 1 13175
0 1 13178
0 1 13180
0 1 13181
0 1 13191
0 1 13192
0 1 13193
0 1 13197
0 1 13198
0 1 13200
0 1 13202
0 1 13205
0 1 13206
0 1 13207
0 1 13210
0 1 13213
0 1 13214
0 1 13216
0 1 13218
0 1 13222
0 1 13223
0 1 13225
0 1 13226
0 1 13231
0 1 13233
0 1 13234
0 1 13235
0 1 13236
0 1 13237
0 1 13239
0 1 13244
0 1 13246
0 1 13248
0 1 13249
0 1 13251
0 1 13253
0 1 13259
0 1 13261
0 1 13262
0 1 13264
0 1 13268
0 1 13270
0 1 13271
0 1 13274
0 1 13275
0 1 13276
0 1 13279
0 1 13283
0 1 13284
0 1 13290
0 1 13295
0 1 13299
0 1 13301
0 1 13305
0 1 13309
0 1 13310
0 1 13311
0 1 13316
0 1 13318
0 1 13320
0 1 13323
0 1 13324
0 1 13326
0 1 13327
0 1 13332
0 1 13333
0 1 13334
0 1 13342
0 1 13343
0 1 13345
0 1 13349
0 1 13350
0 1 13352
0 1 13355
0 1 13359
0 1 13360
0 1 13363
0 1 13364
0 1 13365
0 1 13366
0 1 13367
0 1 13370
0 1 13371
0 1 13372
0 1 13375
0 1 13378
0 1 13381
0 1 13382
0 1 13386
0 1 13388
0 1 13389
0 1 13390
0 1 13392
0 1 13394
0 1 13395
0 1 13397
0 1 13398
0 1 13402
0 1 13403
0 1 13404
0 1 13405
0 1 13407
0 1 13410
0 1 13412
0 1 13413
0 1 13414
0 1 13417
0 1 13418
0 1 13419
0 1 13421
0 1 13423
0 1 13425
0 1 13427
0 1 13433
0 1 13436
0 1 13437
0 1 13438
0 1 13439
0 1 13442
0 1 13445
0 1 13446
0 1 13448
0 1 13450
0 1 13451
0 1 13452
0 1 13454
0 1 13455
0 1 13456
0 1 13457
0 1 13458
0 1 13462
0 1 13463
0 1 13464
0 1 13467
0 1 13468
0 1 13469
0 1 13471
0 1 13472
0 1 13473
0 1 13477
0 1 13479
0 1 13480
0 1 13482
0 1 13484
0 1 13488
0 1 13489
0 1 13491
0 1 13493
0 1 13494
0 1 13496
0 1 13498
0 1 13499
0 1 13503
0 1 13504
0 1 13506
0 1 13507
0 1 13508
0 1 13509
0 1 13510
0 1 13511
0 1 13512
0 1 13513
0 1 13514
0 1 13516
0 1 13518
0 1 13521
0 1 13528
0 1 13529
0 1 13530
0 1 13531
0 1 13532
0 1 13533
0 1 13534
0 1 13535
0 1 13536
0 1 13540
0 1 13541
0 1 13543
0 1 13544
0 1 13545
0 1 13548
0 1 13549
0 1 13550
0 1 13552
0 1 13555
0 1 13561
0 1 13564
0 1 13566
0 1 13567
0 1 13569
0 1 13570
0 1 13572
0 1 13573
0 1 13575
0 1 13578
0 1 13579
0 1 13581
0 1 13589
0 1 13590
0 1 13591
0 1 13592
0 1 13594
0 1 13598
0 1 13599
0 1 13602
0 1 13603
0 1 13604
0 1 13607
0 1 13608
0 1 13610
0 1 13613
0 1 13615
0 1 13618
0 1 13621
0 1 13626
0 1 13629
0 1 13631
0 1 13633
0 1 13635
0 1 13636
0 1 13639
0 1 13640
0 1 13641
0 1 13642
0 1 13646
0 1 13647
0 1 13650
0 1 13652
0 1 13653
0 1 13657
0 1 13661
0 1 13662
0 1 13663
0 1 13666
0 1 13667
0 1 13669
0 1 13670
0 1 13673
0 1 13676
0 1 13677
0 1 13678
0 1 13679
0 1 13680
0 1 13683
0 1 13685
0 1 13686
0 1 13689
0 1 13694
0 1 13698
0 1 13700
0 1 13702
0 1 13703
0 1 13706
0 1 13709
0 1 13718
0 1 13722
0 1 13723
0 1 13724
0 1 13725
0 1 13726
0 1 13728
0 1 13730
0 1 13731
0 1 13735
0 1 13738
0 1 13739
0 1 13741
0 1 13743
0 1 13751
0 1 13753
0 1 13755
0 1 13756
0 1 13759
0 1 13761
0 1 13763
0 1 13765
0 1 13767
0 1 13768
0 1 13772
0 1 13773
0 1 13775
0 1 13776
0 1 13780
0 1 13782
0 1 13783
0 1 13791
0 1 13792
0 1 13793
0 1 13794
0 1 13796
0 1 13797
0 1 13798
0 1 13803
0 1 13804
0 1 13806
0 1 13810
0 1 13811
0 1 13812
0 1 13816
0 1 13817
0 1 13818
0 1 13823
0 1 13825
0 1 13826
0 1 13832
0 1 13833
0 1 13834
0 1 13835
0 1 13838
0 1 13839
0 1 13840
0 1 13841
0 1 13842
0 1 13843
0 1 13844
0 1 13846
0 1 13847
0 1 13850
0 1 13851
0 1 13852
0 1 13859
0 1 13860
0 1 13861
0 1 13862
0 1 13865
0 1 13869
0 1 13872
0 1 13875
0 1 13876
0 1 13878
0 1 13879
0 1 13880
0 1 13882
0 1 13886
0 1 13887
0 1 13888
0 1 13892
0 1 13894
0 1 13896
0 1 13899
0 1 13902
0 1 13905
0 1 13907
0 1 13908
0 1 13910
0 1 13913
0 1 13914
0 1 13915
0 1 13918
0 1 13921
0 1 13925
0 1 13926
0 1 13931
0 1 13933
0 1 13935
0 1 13936
0 1 13938
0 1 13945
0 1 13946
0 1 13948
0 1 13949
0 1 13951
0 1 13955
0 1 13957
0 1 13958
0 1 13959
0 1 13960
0 1 13963
0 1 13966
0 1 13968
0 1 13969
0 1 13972
0 1 13975
0 1 13976
0 1 13977
0 1 13980
0 1 13981
0 1 13983
0 1 13990
0 1 13992
0 1 13995
0 1 13996
0 1 13997
0 1 13998
0 1 14000
0 1 14002
0 1 14007
0 1 14010
0 1 14011
0 1 14012
0 1 14013
0 1 14015
0 1 14018
0 1 14020
0 1 14021
0 1 14022
0 1 14023
0 1 14026
0 1 14027
0 1 14035
0 1 14036
0 1 14039
0 1 14040
0 1 14041
0 1 14043
0 1 14044
0 1 14050
0 1 14051
0 1 14054
0 1 14058
0 1 14061
0 1 14062
0 1 14063
0 1 14068
0 1 14069
0 1 14070
0 1 14072
0 1 14073
0 1 14074
0 1 14076
0 1 14080
0 1 14083
0 1 14084
0 1 14087
0 1 14088
0 1 14093
0 1 14094
0 1 14101
0 1 14105
0 1 14106
0 1 14107
0 1 14109
0 1 14112
0 1 14113
0 1 14114
0 1 14115
0 1 14117
0 1 14121
0 1 14123
0 1 14124
0 1 14125
0 1 14126
0 1 14127
0 1 14128
0 1 14130
0 1 14133
0 1 14134
0 1 14135
0 1 14136
0 1 14140
0 1 14142
0 1 14145
0 1 14148
0 1 14153
0 1 14156
0 1 14160
0 1 14163
0 1 14169
0 1 14171
0 1 14174
0 1 14177
0 1 14178
0 1 14180
0 1 14183
0 1 14189
0 1 14191
0 1 14192
0 1 14193
0 1 14194
0 1 14196
0 1 14202
0 1 14203
0 1 14205
0 1 14206
0 1 14209
0 1 14210
0 1 14214
0 1 14215
0 1 14217
0 1 14219
0 1 14221
0 1 14222
0 1 14223
0 1 14224
0 1 14226
0 1 14228
0 1 14229
0 1 14230
0 1 14231
0 1 14234
0 1 14236
0 1 14242
0 1 14248
0 1 14249
0 1 14250
0 1 14253
0 1 14254
0 1 14255
0 1 14256
0 1 14262
0 1 14263
0 1 14264
0 1 14267
0 1 14268
0 1 14269
0 1 14270
0 1 14271
0 1 14272
0 1 14273
0 1 14274
0 1 14275
0 1 14276
0 1 14279
0 1 14283
0 1 14285
0 1 14286
0 1 14287
0 1 14289
0 1 14290
0 1 14291
0 1 14294
0 1 14296
0 1 14298
0 1 14299
0 1 14300
0 1 14304
0 1 14311
0 1 14312
0 1 14315
0 1 14322
0 1 14325
0 1 14331
0 1 14332
0 1 14334
0 1 14336
0 1 14338
0 1 14339
0 1 14340
0 1 14341
0 1 14343
0 1 14347
0 1 14348
0 1 14349
0 1 14350
0 1 14352
0 1 14353
0 1 14355
0 1 14356
0 1 14359
0 1 14360
0 1 14363
0 1 14364
0 1 14367
0 1 14368
0 1 14369
0 1 14370
0 1 14372
0 1 14375
0 1 14376
0 1 14377
0 1 14379
0 1 14380
0 1 14388
0 1 14389
0 1 14395
0 1 14397
0 1 14398
0 1 14400
0 1 14401
0 1 14404
0 1 14405
0 1 14408
0 1 14410
0 1 14413
0 1 14414
0 1 14416
0 1 14418
0 1 14421
0 1 14422
0 1 14428
0 1 14430
0 1 14432
0 1 14438
0 1 14441
0 1 14444
0 1 14445
0 1 14446
0 1 14447
0 1 14448
0 1 14451
0 1 14453
0 1 14455
0 1 14456
0 1 14457
0 1 14458
0 1 14461
0 1 14463
0 1 14464
0 1 14465
0 1 14468
0 1 14469
0 1 14470
0 1 14473
0 1 14474
0 1 14475
0 1 14476
0 1 14479
0 1 14481
0 1 14482
0 1 14483
0 1 14484
0 1 14485
0 1 14486
0 1 14487
0 1 14489
0 1 14493
0 1 14494
0 1 14495
0 1 14496
0 1 14500
0 1 14502
0 1 14504
0 1 14508
0 1 14509
0 1 14511
0 1 14512
0 1 14513
0 1 14514
0 1 14516
0 1 14518
0 1 14522
0 1 14528
0 1 14529
0 1 14530
0 1 14531
0 1 14532
0 1 14533
0 1 14534
0 1 14539
0 1 14542
0 1 14544
0 1 14545
0 1 14547
0 1 14549
0 1 14550
0 1 14551
0 1 14555
0 1 14558
0 1 14561
0 1 14562
0 1 14567
0 1 14568
0 1 14570
0 1 14571
0 1 14572
0 1 14574
0 1 14577
0 1 14581
0 1 14582
0 1 14583
0 1 14584
0 1 14585
0 1 14586
0 1 14589
0 1 14591
0 1 14592
0 1 14593
0 1 14599
0 1 14600
0 1 14603
0 1 14604
0 1 14605
0 1 14606
0 1 14607
0 1 14609
0 1 14610
0 1 14612
0 1 14617
0 1 14619
0 1 14622
0 1 14624
0 1 14625
0 1 14626
0 1 14627
0 1 14628
0 1 14629
0 1 14630
0 1 14631
0 1 14632
0 1 14633
0 1 14635
0 1 14637
0 1 14639
0 1 14641
0 1 14642
0 1 14643
0 1 14644
0 1 14647
0 1 14648
0 1 14649
0 1 14651
0 1 14652
0 1 14653
0 1 14656
0 1 14662
0 1 14665
0 1 14667
0 1 14673
0 1 14674
0 1 14675
0 1 14676
0 1 14677
0 1 14678
0 1 14684
0 1 14686
0 1 14690
0 1 14693
0 1 14694
0 1 14695
0 1 14696
0 1 14698
0 1 14699
0 1 14701
0 1 14704
0 1 14705
0 1 14707
0 1 14708
0 1 14709
0 1 14710
0 1 14712
0 1 14713
0 1 14714
0 1 14717
0 1 14718
0 1 14719
0 1 14721
0 1 14722
0 1 14723
0 1 14729
0 1 14730
0 1 14734
0 1 14736
0 1 14737
0 1 14741
0 1 14744
0 1 14746
0 1 14748
0 1 14749
0 1 14750
0 1 14751
0 1 14756
0 1 14759
0 1 14760
0 1 14761
0 1 14764
0 1 14765
0 1 14766
0 1 14767
0 1 14768
0 1 14769
0 1 14770
0 1 14771
0 1 14774
0 1 14775
0 1 14777
0 1 14778
0 1 14780
0 1 14781
0 1 14783
0 1 14784
0 1 14786
0 1 14788
0 1 14790
0 1 14791
0 1 14792
0 1 14793
0 1 14797
0 1 14799
0 1 14802
0 1 14804
0 1 14806
0 1 14807
0 1 14809
0 1 14810
0 1 14815
0 1 14818
0 1 14821
0 1 14822
0 1 14823
0 1 14824
0 1 14825
0 1 14828
0 1 14829
0 1 14830
0 1 14832
0 1 14835
0 1 14836
0 1 14837
0 1 14838
0 1 14839
0 1 14840
0 1 14843
0 1 14844
0 1 14847
0 1 14850
0 1 14857
0 1 14858
0 1 14862
0 1 14864
0 1 14867
0 1 14872
0 1 14876
0 1 14877
0 1 14878
0 1 14880
0 1 14881
0 1 14888
0 1 14889
0 1 14890
0 1 14891
0 1 14892
0 1 14894
0 1 14896
0 1 14897
0 1 14898
0 1 14900
0 1 14902
0 1 14903
0 1 14904
0 1 14906
0 1 14907
0 1 14910
0 1 14918
0 1 14921
0 1 14922
0 1 14923
0 1 14925
0 1 14926
0 1 14932
0 1 14940
0 1 14942
0 1 14946
0 1 14947
0 1 14948
0 1 14949
0 1 14951
0 1 14952
0 1 14953
0 1 14954
0 1 14956
0 1 14959
0 1 14962
0 1 14964
0 1 14965
0 1 14969
0 1 14972
0 1 14974
0 1 14976
0 1 14977
0 1 14979
0 1 14981
0 1 14983
0 1 14989
0 1 14990
0 1 14991
0 1 14993
0 1 14995
0 1 15000
0 1 15001
0 1 15003
0 1 15005
0 1 15013
0 1 15015
0 1 15016
0 1 15018
0 1 15020
0 1 15021
0 1 15022
0 1 15023
0 1 15025
0 1 15026
0 1 15029
0 1 15030
0 1 15032
0 1 15034
0 1 15035
0 1 15036
0 1 15039
0 1 15040
0 1 15042
0 1 15043
0 1 15044
0 1 15046
0 1 15048
0 1 15050
0 1 15053
0 1 15054
0 1 15055
0 1 15058
0 1 15059
0 1 15060
0 1 15064
0 1 15065
0 1 15066
0 1 15067
0 1 15070
0 1 15075
0 1 15076
0 1 15080
0 1 15087
0 1 15088
0 1 15090
0 1 15091
0 1 15093
0 1 15094
0 1 15095
0 1 15096
0 1 15097
0 1 15100
0 1 15101
0 1 15102
0 1 15103
0 1 15104
0 1 15105
0 1 15108
0 1 15109
0 1 15110
0 1 15111
0 1 15114
0 1 15116
0 1 15117
0 1 15120
0 1 15122
0 1 15123
0 1 15125
0 1 15126
0 1 15128
0 1 15129
0 1 15130
0 1 15134
0 1 15139
0 1 15140
0 1 15141
0 1 15144
0 1 15146
0 1 15147
0 1 15150
0 1 15151
0 1 15159
0 1 15160
0 1 15162
0 1 15163
0 1 15164
0 1 15166
0 1 15167
0 1 15169
0 1 15171
0 1 15172
0 1 15173
0 1 15174
0 1 15176
0 1 15178
0 1 15180
0 1 15181
0 1 15183
0 1 15184
0 1 15186
0 1 15187
0 1 15195
0 1 15200
0 1 15201
0 1 15202
0 1 15203
0 1 15207
0 1 15208
0 1 15210
0 1 15212
0 1 15214
0 1 15218
0 1 15221
0 1 15222
0 1 15224
0 1 15225
0 1 15228
0 1 15231
0 1 15232
0 1 15233
0 1 15237
0 1 15238
0 1 15239
0 1 15241
0 1 15242
0 1 15244
0 1 15247
0 1 15249
0 1 15251
0 1 15252
0 1 15253
0 1 15254
0 1 15261
0 1 15262
0 1 15263
0 1 15264
0 1 15268
0 1 15270
0 1 15272
0 1 15273
0 1 15274
0 1 15276
0 1 15277
0 1 15278
0 1 15283
0 1 15284
0 1 15285
0 1 15286
0 1 15288
0 1 15290
0 1 15294
0 1 15295
0 1 15297
0 1 15302
0 1 15304
0 1 15307
0 1 15308
0 1 15309
0 1 15310
0 1 15313
0 1 15314
0 1 15315
0 1 15317
0 1 15318
0 1 15320
0 1 15322
0 1 15325
0 1 15326
0 1 15327
0 1 15329
0 1 15330
0 1 15334
0 1 15335
0 1 15341
0 1 15343
0 1 15346
0 1 15347
0 1 15348
0 1 15352
0 1 15356
0 1 15358
0 1 15359
0 1 15364
0 1 15366
0 1 15367
0 1 15368
0 1 15370
0 1 15371
0 1 15373
0 1 15375
0 1 15380
0 1 15383
0 1 15384
0 1 15385
0 1 15386
0 1 15387
0 1 15388
0 1 15389
0 1 15390
0 1 15391
0 1 15392
0 1 15393
0 1 15396
0 1 15397
0 1 15398
0 1 15401
0 1 15402
0 1 15407
0 1 15409
0 1 15410
0 1 15413
0 1 15414
0 1 15417
0 1 15418
0 1 15419
0 1 15422
0 1 15424
0 1 15425
0 1 15426
0 1 15427
0 1 15433
0 1 15435
0 1 15436
0 1 15437
0 1 15438
0 1 15439
0 1 15446
0 1 15448
0 1 15451
0 1 15452
0 1 15453
0 1 15454
0 1 15455
0 1 15456
0 1 15457
0 1 15458
0 1 15459
0 1 15461
0 1 15463
0 1 15466
0 1 15468
0 1 15477
0 1 15480
0 1 15481
0 1 15482
0 1 15485
0 1 15490
0 1 15491
0 1 15492
0 1 15493
0 1 15494
0 1 15498
0 1 15500
0 1 15501
0 1 15505
0 1 15511
0 1 15513
0 1 15516
0 1 15519
0 1 15520
0 1 15521
0 1 15526
0 1 15527
0 1 15530
0 1 15531
0 1 15533
0 1 15537
0 1 15538
0 1 15539
0 1 15542
0 1 15545
0 1 15547
0 1 15548
0 1 15554
0 1 15555
0 1 15557
0 1 15558
0 1 15563
0 1 15565
0 1 15566
0 1 15569
0 1 15570
0 1 15572
0 1 15574
0 1 15575
0 1 15578
0 1 15579
0 1 15581
0 1 15588
0 1 15591
0 1 15592
0 1 15593
0 1 15596
0 1 15597
0 1 15598
0 1 15599
0 1 15600
0 1 15602
0 1 15603
0 1 15607
0 1 15610
0 1 15611
0 1 15612
0 1 15614
0 1 15616
0 1 15617
0 1 15618
0 1 15619
0 1 15620
0 1 15622
0 1 15623
0 1 15625
0 1 15626
0 1 15627
0 1 15628
0 1 15631
0 1 15632
0 1 15636
0 1 15637
0 1 15638
0 1 15639
0 1 15640
0 1 15641
0 1 15642
0 1 15644
0 1 15645
0 1 15646
0 1 15647
0 1 15648
0 1 15650
0 1 15651
0 1 15652
0 1 15653
0 1 15654
0 1 15656
0 1 15659
0 1 15662
0 1 15664
0 1 15666
0 1 15668
0 1 15672
0 1 15675
0 1 15677
0 1 15678
0 1 15682
0 1 15685
0 1 15686
0 1 15691
0 1 15695
0 1 15696
0 1 15698
0 1 15699
0 1 15701
0 1 15703
0 1 15704
0 1 15705
0 1 15706
0 1 15709
0 1 15710
0 1 15711
0 1 15713
0 1 15716
0 1 15718
0 1 15721
0 1 15722
0 1 15723
0 1 15728
0 1 15731
0 1 15734
0 1 15735
0 1 15737
0 1 15738
0 1 15739
0 1 15742
0 1 15744
0 1 15746
0 1 15747
0 1 15749
0 1 15753
0 1 15754
0 1 15759
0 1 15760
0 1 15762
0 1 15764
0 1 15765
0 1 15767
0 1 15769
0 1 15771
0 1 15772
0 1 15773
0 1 15775
0 1 15777
0 1 15778
0 1 15779
0 1 15781
0 1 15782
0 1 15783
0 1 15785
0 1 15786
0 1 15789
0 1 15791
0 1 15793
0 1 15794
0 1 15795
0 1 15800
0 1 15803
0 1 15804
0 1 15808
0 1 15810
0 1 15814
0 1 15816
0 1 15817
0 1 15821
0 1 15824
0 1 15825
0 1 15826
0 1 15828
0 1 15830
0 1 15832
0 1 15833
0 1 15838
0 1 15839
0 1 15840
0 1 15841
0 1 15843
0 1 15844
0 1 15845
0 1 15847
0 1 15849
0 1 15856
0 1 15857
0 1 15858
0 1 15859
0 1 15860
0 1 15861
0 1 15862
0 1 15863
0 1 15864
0 1 15865
0 1 15866
0 1 15867
0 1 15869
0 1 15870
0 1 15871
0 1 15872
0 1 15874
0 1 15876
0 1 15878
0 1 15881
0 1 15882
0 1 15884
0 1 15886
0 1 15887
0 1 15889
0 1 15891
0 1 15892
0 1 15893
0 1 15894
0 1 15895
0 1 15896
0 1 15898
0 1 15903
0 1 15906
0 1 15908
0 1 15909
0 1 15910
0 1 15911
0 1 15912
0 1 15916
0 1 15917
0 1 15918
0 1 15919
0 1 15921
0 1 15923
0 1 15926
0 1 15929
0 1 15930
0 1 15931
0 1 15932
0 1 15934
0 1 15936
0 1 15938
0 1 15939
0 1 15940
0 1 15942
0 1 15944
0 1 15945
0 1 15946
0 1 15947
0 1 15951
0 1 15952
0 1 15958
0 1 15960
0 1 15961
0 1 15963
0 1 15964
0 1 15965
0 1 15966
0 1 15968
0 1 15969
0 1 15971
0 1 15974
0 1 15975
0 1 15977
0 1 15978
0 1 15979
0 1 15980
0 1 15982
0 1 15983
0 1 15986
0 1 15987
0 1 15988
0 1 15989
0 1 15995
0 1 15996
0 1 15997
0 1 15998
0 1 15999
0 1 16001
0 1 16002
0 1 16003
0 1 16005
0 1 16008
0 1 16012
0 1 16013
0 1 16015
0 1 16016
0 1 16017
0 1 16018
0 1 16019
0 1 16020
0 1 16021
0 1 16025
0 1 16026
0 1 16027
0 1 16029
0 1 16030
0 1 16031
0 1 16032
0 1 16033
0 1 16034
0 1 16036
0 1 16038
0 1 16039
0 1 16040
0 1 16041
0 1 16045
0 1 16046
0 1 16047
0 1 16048
0 1 16049
0 1 16053
0 1 16054
0 1 16056
0 1 16057
0 1 16058
0 1 16059
0 1 16060
0 1 16061
0 1 16063
0 1 16067
0 1 16069
0 1 16075
0 1 16076
0 1 16080
0 1 16081
0 1 16087
0 1 16092
0 1 16094
0 1 16095
0 1 16096
0 1 16098
0 1 16100
0 1 16105
0 1 16106
0 1 16107
0 1 16110
0 1 16112
0 1 16118
0 1 16121
0 1 16123
0 1 16124
0 1 16125
0 1 16126
0 1 16129
0 1 16131
0 1 16133
0 1 16136
0 1 16138
0 1 16139
0 1 16141
0 1 16142
0 1 16143
0 1 16144
0 1 16147
0 1 16154
0 1 16158
0 1 16162
0 1 16163
0 1 16165
0 1 16166
0 1 16168
0 1 16171
0 1 16172
0 1 16175
0 1 16177
0 1 16178
0 1 16180
0 1 16182
0 1 16183
0 1 16184
0 1 16187
0 1 16188
0 1 16189
0 1 16190
0 1 16194
0 1 16198
0 1 16199
0 1 16201
0 1 16202
0 1 16203
0 1 16204
0 1 16208
0 1 16211
0 1 16212
0 1 16213
0 1 16216
0 1 16222
0 1 16224
0 1 16227
0 1 16230
0 1 16232
0 1 16233
0 1 16236
0 1 16238
0 1 16241
0 1 16244
0 1 16246
0 1 16247
0 1 16249
0 1 16250
0 1 16257
0 1 16259
0 1 16261
0 1 16263
0 1 16266
0 1 16268
0 1 16269
0 1 16272
0 1 16273
0 1 16274
0 1 16278
0 1 16279
0 1 16286
0 1 16288
0 1 16289
0 1 16293
0 1 16294
0 1 16295
0 1 16296
0 1 16297
0 1 16298
0 1 16299
0 1 16300
0 1 16301
0 1 16304
0 1 16305
0 1 16306
0 1 16311
0 1 16313
0 1 16316
0 1 16318
0 1 16319
0 1 16320
0 1 16324
0 1 16325
0 1 16326
0 1 16327
0 1 16328
0 1 16329
0 1 16331
0 1 16336
0 1 16338
0 1 16339
0 1 16342
0 1 16343
0 1 16344
0 1 16345
0 1 16346
0 1 16347
0 1 16349
0 1 16352
0 1 16354
0 1 16356
0 1 16358
0 1 16359
0 1 16360
0 1 16362
0 1 16367
0 1 16371
0 1 16372
0 1 16373
0 1 16374
0 1 16376
0 1 16378
0 1 16379
0 1 16380
0 1 16381
0 1 16384
0 1 16385
0 1 16386
0 1 16388
0 1 16389
0 1 16390
0 1 16395
0 1 16397
0 1 16398
0 1 16406
0 1 16407
0 1 16408
0 1 16409
0 1 16410
0 1 16412
0 1 16416
0 1 16419
0 1 16422
0 1 16423
0 1 16424
0 1 16425
0 1 16429
0 1 16434
0 1 16436
0 1 16439
0 1 16440
0 1 16443
0 1 16444
0 1 16445
0 1 16446
0 1 16447
0 1 16449
0 1 16450
0 1 16451
0 1 16452
0 1 16453
0 1 16454
0 1 16458
0 1 16459
0 1 16463
0 1 16465
0 1 16466
0 1 16467
0 1 16469
0 1 16470
0 1 16471
0 1 16474
0 1 16477
0 1 16478
0 1 16481
0 1 16482
0 1 16483
0 1 16485
0 1 16487
0 1 16488
0 1 16489
0 1 16491
0 1 16493
0 1 16495
0 1 16496
0 1 16498
0 1 16503
0 1 16504
0 1 16506
0 1 16508
0 1 16509
0 1 16510
0 1 16511
0 1 16512
0 1 16514
0 1 16515
0 1 16516
0 1 16521
0 1 16524
0 1 16525
0 1 16526
0 1 16528
0 1 16530
0 1 16532
0 1 16533
0 1 16534
0 1 16535
0 1 16536
0 1 16537
0 1 16539
0 1 16540
0 1 16541
0 1 16543
0 1 16547
0 1 16549
0 1 16551
0 1 16553
0 1 16554
0 1 16555
0 1 16558
0 1 16559
0 1 16565
0 1 16566
0 1 16569
0 1 16570
0 1 16573
0 1 16574
0 1 16576
0 1 16578
0 1 16579
0 1 16580
0 1 16584
0 1 16587
0 1 16588
0 1 16591
0 1 16593
0 1 16594
0 1 16595
0 1 16598
0 1 16602
0 1 16603
0 1 16605
0 1 16607
0 1 16610
0 1 16612
0 1 16615
0 1 16616
0 1 16618
0 1 16623
0 1 16625
0 1 16628
0 1 16629
0 1 16630
0 1 16632
0 1 16633
0 1 16634
0 1 16640
0 1 16641
0 1 16645
0 1 16646
0 1 16648
0 1 16650
0 1 16651
0 1 16655
0 1 16656
0 1 16657
0 1 16658
0 1 16662
0 1 16663
0 1 16665
0 1 16666
0 1 16668
0 1 16671
0 1 16672
0 1 16673
0 1 16675
0 1 16676
0 1 16679
0 1 16680
0 1 16681
0 1 16682
0 1 16684
0 1 16689
0 1 16690
0 1 16692
0 1 16695
0 1 16696
0 1 16697
0 1 16700
0 1 16701
0 1 16704
0 1 16706
0 1 16707
0 1 16712
0 1 16719
0 1 16720
0 1 16722
0 1 16724
0 1 16725
0 1 16728
0 1 16736
0 1 16739
0 1 16741
0 1 16744
0 1 16745
0 1 16746
0 1 16747
0 1 16748
0 1 16752
0 1 16753
0 1 16754
0 1 16755
0 1 16757
0 1 16759
0 1 16763
0 1 16764
0 1 16766
0 1 16767
0 1 16768
0 1 16769
0 1 16770
0 1 16771
0 1 16773
0 1 16774
0 1 16775
0 1 16776
0 1 16777
0 1 16780
0 1 16781
0 1 16783
0 1 16784
0 1 16785
0 1 16786
0 1 16788
0 1 16790
0 1 16794
0 1 16795
0 1 16796
0 1 16797
0 1 16800
0 1 16801
0 1 16802
0 1 16803
0 1 16804
0 1 16808
0 1 16809
0 1 16810
0 1 16812
0 1 16814
0 1 16815
0 1 16823
0 1 16824
0 1 16826
0 1 16830
0 1 16831
0 1 16832
0 1 16837
0 1 16840
0 1 16841
0 1 16845
0 1 16846
0 1 16848
0 1 16849
0 1 16851
0 1 16852
0 1 16853
0 1 16855
0 1 16857
0 1 16858
0 1 16859
0 1 16860
0 1 16862
0 1 16864
0 1 16866
0 1 16869
0 1 16870
0 1 16871
0 1 16872
0 1 16875
0 1 16876
0 1 16878
0 1 16883
0 1 16885
0 1 16887
0 1 16890
0 1 16893
0 1 16894
0 1 16895
0 1 16896
0 1 16900
0 1 16902
0 1 16904
0 1 16906
0 1 16907
0 1 16910
0 1 16914
0 1 16919
0 1 16921
0 1 16922
0 1 16925
0 1 16933
0 1 16937
0 1 16940
0 1 16941
0 1 16945
0 1 16947
0 1 16948
0 1 16949
0 1 16950
0 1 16951
0 1 16953
0 1 16956
0 1 16958
0 1 16962
0 1 16964
0 1 16966
0 1 16967
0 1 16969
0 1 16970
0 1 16971
0 1 16973
0 1 16977
0 1 16978
0 1 16979
0 1 16983
0 1 16984
0 1 16986
0 1 16987
0 1 16988
0 1 16994
0 1 16995
0 1 16997
0 1 16998
0 1 16999
0 1 17001
0 1 17005
0 1 17006
0 1 17007
0 1 17008
0 1 17011
0 1 17012
0 1 17014
0 1 17015
0 1 17018
0 1 17019
0 1 17023
0 1 17024
0 1 17025
0 1 17027
0 1 17028
0 1 17030
0 1 17031
0 1 17032
0 1 17033
0 1 17037
0 1 17040
0 1 17041
0 1 17042
0 1 17045
0 1 17052
0 1 17054
0 1 17055
0 1 17056
0 1 17057
0 1 17059
0 1 17062
0 1 17065
0 1 17070
0 1 17073
0 1 17078
0 1 17082
0 1 17083
0 1 17084
0 1 17085
0 1 17086
0 1 17089
0 1 17091
0 1 17092
0 1 17093
0 1 17095
0 1 17096
0 1 17097
0 1 17099
0 1 17100
0 1 17101
0 1 17103
0 1 17104
0 1 17105
0 1 17107
0 1 17109
0 1 17111
0 1 17112
0 1 17113
0 1 17115
0 1 17117
0 1 17120
0 1 17121
0 1 17122
0 1 17123
0 1 17124
0 1 17126
0 1 17128
0 1 17130
0 1 17132
0 1 17135
0 1 17137
0 1 17138
0 1 17142
0 1 17144
0 1 17145
0 1 17147
0 1 17148
0 1 17149
0 1 17152
0 1 17153
0 1 17156
0 1 17157
0 1 17158
0 1 17160
0 1 17164
0 1 17166
0 1 17168
0 1 17169
0 1 17171
0 1 17174
0 1 17175
0 1 17177
0 1 17179
0 1 17180
0 1 17181
0 1 17183
0 1 17184
0 1 17185
0 1 17187
0 1 17190
0 1 17191
0 1 17192
0 1 17193
0 1 17194
0 1 17195
0 1 17196
0 1 17197
0 1 17198
0 1 17204
0 1 17205
0 1 17208
0 1 17209
0 1 17210
0 1 17211
0 1 17213
0 1 17218
0 1 17220
0 1 17222
0 1 17223
0 1 17225
0 1 17226
0 1 17227
0 1 17229
0 1 17231
0 1 17232
0 1 17234
0 1 17235
0 1 17236
0 1 17240
0 1 17242
0 1 17246
0 1 17249
0 1 17250
0 1 17251
0 1 17252
0 1 17253
0 1 17255
0 1 17258
0 1 17259
0 1 17260
0 1 17261
0 1 17264
0 1 17265
0 1 17266
0 1 17269
0 1 17270
0 1 17272
0 1 17273
0 1 17276
0 1 17277
0 1 17281
0 1 17282
0 1 17283
0 1 17288
0 1 17290
0 1 17292
0 1 17297
0 1 17298
0 1 17299
0 1 17300
0 1 17301
0 1 17302
0 1 17305
0 1 17306
0 1 17307
0 1 17309
0 1 17310
0 1 17312
0 1 17314
0 1 17316
0 1 17317
0 1 17319
0 1 17320
0 1 17321
0 1 17322
0 1 17327
0 1 17328
0 1 17333
0 1 17334
0 1 17335
0 1 17336
0 1 17337
0 1 17338
0 1 17339
0 1 17340
0 1 17341
0 1 17342
0 1 17343
0 1 17344
0 1 17346
0 1 17348
0 1 17349
0 1 17351
0 1 17352
0 1 17355
0 1 17356
0 1 17357
0 1 17359
0 1 17361
0 1 17362
0 1 17363
0 1 17364
0 1 17365
0 1 17369
0 1 17372
0 1 17373
0 1 17374
0 1 17375
0 1 17376
0 1 17379
0 1 17380
0 1 17382
0 1 17384
0 1 17385
0 1 17389
0 1 17390
0 1 17391
0 1 17392
0 1 17394
0 1 17397
0 1 17398
0 1 17401
0 1 17402
0 1 17404
0 1 17410
0 1 17412
0 1 17413
0 1 17415
0 1 17416
0 1 17417
0 1 17419
0 1 17421
0 1 17422
0 1 17423
0 1 17424
0 1 17425
0 1 17429
0 1 17430
0 1 17432
0 1 17433
0 1 17436
0 1 17437
0 1 17439
0 1 17440
0 1 17441
0 1 17442
0 1 17444
0 1 17446
0 1 17453
0 1 17454
0 1 17455
0 1 17458
0 1 17460
0 1 17463
0 1 17464
0 1 17466
0 1 17467
0 1 17468
0 1 17470
0 1 17473
0 1 17481
0 1 17486
0 1 17487
0 1 17489
0 1 17490
0 1 17491
0 1 17500
0 1 17501
0 1 17504
0 1 17505
0 1 17506
0 1 17508
0 1 17511
0 1 17513
0 1 17515
0 1 17518
0 1 17519
0 1 17521
0 1 17522
0 1 17523
0 1 17524
0 1 17526
0 1 17527
0 1 17528
0 1 17531
0 1 17532
0 1 17533
0 1 17534
0 1 17535
0 1 17536
0 1 17537
0 1 17538
0 1 17542
0 1 17543
0 1 17544
0 1 17546
0 1 17551
0 1 17552
0 1 17553
0 1 17554
0 1 17555
0 1 17556
0 1 17557
0 1 17560
0 1 17563
0 1 17565
0 1 17568
0 1 17569
0 1 17570
0 1 17571
0 1 17572
0 1 17574
0 1 17577
0 1 17580
0 1 17582
0 1 17583
0 1 17585
0 1 17586
0 1 17587
0 1 17589
0 1 17590
0 1 17592
0 1 17593
0 1 17594
0 1 17595
0 1 17597
0 1 17600
0 1 17602
0 1 17606
0 1 17607
0 1 17608
0 1 17609
0 1 17611
0 1 17615
0 1 17617
0 1 17618
0 1 17619
0 1 17621
0 1 17622
0 1 17623
0 1 17624
0 1 17625
0 1 17626
0 1 17627
0 1 17630
0 1 17632
0 1 17634
0 1 17638
0 1 17640
0 1 17642
0 1 17644
0 1 17646
0 1 17648
0 1 17650
0 1 17651
0 1 17653
0 1 17655
0 1 17657
0 1 17660
0 1 17661
0 1 17662
0 1 17668
0 1 17670
0 1 17672
0 1 17673
0 1 17681
0 1 17682
0 1 17683
0 1 17685
0 1 17686
0 1 17687
0 1 17688
0 1 17689
0 1 17691
0 1 17694
0 1 17695
0 1 17698
0 1 17699
0 1 17700
0 1 17702
0 1 17703
0 1 17704
0 1 17705
0 1 17706
0 1 17707
0 1 17708
0 1 17709
0 1 17710
0 1 17712
0 1 17714
0 1 17718
0 1 17719
0 1 17720
0 1 17721
0 1 17722
0 1 17723
0 1 17726
0 1 17727
0 1 17729
0 1 17731
0 1 17733
0 1 17735
0 1 17736
0 1 17737
0 1 17741
0 1 17749
0 1 17750
0 1 17751
0 1 17756
0 1 17759
0 1 17760
0 1 17765
0 1 17766
0 1 17768
0 1 17770
0 1 17771
0 1 17777
0 1 17780
0 1 17783
0 1 17787
0 1 17788
0 1 17789
0 1 17792
0 1 17794
0 1 17798
0 1 17801
0 1 17805
0 1 17809
0 1 17812
0 1 17815
0 1 17820
0 1 17821
0 1 17823
0 1 17824
0 1 17825
0 1 17832
0 1 17834
0 1 17835
0 1 17836
0 1 17837
0 1 17838
0 1 17842
0 1 17846
0 1 17850
0 1 17851
0 1 17854
0 1 17858
0 1 17859
0 1 17860
0 1 17861
0 1 17864
0 1 17865
0 1 17866
0 1 17867
0 1 17870
0 1 17871
0 1 17872
0 1 17873
0 1 17876
0 1 17877
0 1 17880
0 1 17881
0 1 17886
0 1 17889
0 1 17893
0 1 17894
0 1 17896
0 1 17897
0 1 17900
0 1 17901
0 1 17902
0 1 17903
0 1 17904
0 1 17905
0 1 17910
0 1 17911
0 1 17912
0 1 17913
0 1 17914
0 1 17916
0 1 17920
0 1 17926
0 1 17932
0 1 17935
0 1 17936
0 1 17939
0 1 17940
0 1 17942
0 1 17944
0 1 17946
0 1 17947
0 1 17949
0 1 17953
0 1 17956
0 1 17957
0 1 17960
0 1 17964
0 1 17965
0 1 17966
0 1 17967
0 1 17972
0 1 17973
0 1 17974
0 1 17975
0 1 17976
0 1 17977
0 1 17978
0 1 17982
0 1 17983
0 1 17984
0 1 17985
0 1 17987
0 1 17991
0 1 17992
0 1 17993
0 1 17994
0 1 17995
0 1 17998
0 1 17999
0 1 18001
0 1 18003
0 1 18004
0 1 18006
0 1 18008
0 1 18009
0 1 18010
0 1 18012
0 1 18013
0 1 18014
0 1 18020
0 1 18023
0 1 18024
0 1 18030
0 1 18032
0 1 18034
0 1 18036
0 1 18037
0 1 18039
0 1 18040
0 1 18042
0 1 18044
0 1 18046
0 1 18051
0 1 18055
0 1 18057
0 1 18059
0 1 18061
0 1 18062
0 1 18065
0 1 18066
0 1 18067
0 1 18068
0 1 18071
0 1 18072
0 1 18073
0 1 18076
0 1 18077
0 1 18082
0 1 18083
0 1 18084
0 1 18089
0 1 18090
0 1 18094
0 1 18096
0 1 18098
0 1 18101
0 1 18105
0 1 18106
0 1 18113
0 1 18114
0 1 18115
0 1 18116
0 1 18122
0 1 18125
0 1 18127
0 1 18128
0 1 18129
0 1 18130
0 1 18132
0 1 18134
0 1 18135
0 1 18137
0 1 18139
0 1 18140
0 1 18142
0 1 18144
0 1 18146
0 1 18150
0 1 18151
0 1 18152
0 1 18154
0 1 18158
0 1 18160
0 1 18161
0 1 18163
0 1 18165
0 1 18166
0 1 18167
0 1 18168
0 1 18169
0 1 18171
0 1 18175
0 1 18176
0 1 18179
0 1 18180
0 1 18182
0 1 18185
0 1 18187
0 1 18188
0 1 18193
0 1 18194
0 1 18195
0 1 18199
0 1 18200
0 1 18203
0 1 18204
0 1 18206
0 1 18209
0 1 18210
0 1 18213
0 1 18215
0 1 18220
0 1 18221
0 1 18224
0 1 18226
0 1 18228
0 1 18229
0 1 18231
0 1 18232
0 1 18234
0 1 18237
0 1 18239
0 1 18242
0 1 18243
0 1 18246
0 1 18247
0 1 18248
0 1 18251
0 1 18254
0 1 18257
0 1 18258
0 1 18259
0 1 18263
0 1 18265
0 1 18266
0 1 18269
0 1 18270
0 1 18273
0 1 18274
0 1 18275
0 1 18276
0 1 18278
0 1 18283
0 1 18286
0 1 18287
0 1 18288
0 1 18290
0 1 18292
0 1 18293
0 1 18294
0 1 18296
0 1 18297
0 1 18299
0 1 18300
0 1 18301
0 1 18302
0 1 18303
0 1 18304
0 1 18307
0 1 18310
0 1 18314
0 1 18315
0 1 18318
0 1 18320
0 1 18322
0 1 18325
0 1 18327
0 1 18330
0 1 18334
0 1 18335
0 1 18336
0 1 18337
0 1 18338
0 1 18340
0 1 18344
0 1 18346
0 1 18350
0 1 18352
0 1 18353
0 1 18355
0 1 18356
0 1 18358
0 1 18360
0 1 18361
0 1 18362
0 1 18363
0 1 18366
0 1 18368
0 1 18370
0 1 18371
0 1 18376
0 1 18377
0 1 18378
0 1 18379
0 1 18380
0 1 18383
0 1 18384
0 1 18387
0 1 18394
0 1 18395
0 1 18396
0 1 18397
0 1 18398
0 1 18399
0 1 18400
0 1 18401
0 1 18403
0 1 18404
0 1 18405
0 1 18408
0 1 18410
0 1 18415
0 1 18416
0 1 18418
0 1 18420
0 1 18424
0 1 18425
0 1 18426
0 1 18432
0 1 18440
0 1 18442
0 1 18445
0 1 18446
0 1 18448
0 1 18451
0 1 18452
0 1 18453
0 1 18454
0 1 18457
0 1 18461
0 1 18462
0 1 18463
0 1 18465
0 1 18466
0 1 18467
0 1 18471
0 1 18472
0 1 18473
0 1 18474
0 1 18475
0 1 18476
0 1 18477
0 1 18478
0 1 18484
0 1 18486
0 1 18489
0 1 18490
0 1 18492
0 1 18497
0 1 18498
0 1 18499
0 1 18503
0 1 18505
0 1 18508
0 1 18509
0 1 18510
0 1 18511
0 1 18513
0 1 18514
0 1 18517
0 1 18518
0 1 18519
0 1 18520
0 1 18521
0 1 18522
0 1 18523
0 1 18525
0 1 18530
0 1 18531
0 1 18534
0 1 18540
0 1 18544
0 1 18547
0 1 18548
0 1 18549
0 1 18552
0 1 18553
0 1 18554
0 1 18555
0 1 18558
0 1 18560
0 1 18564
0 1 18566
0 1 18571
0 1 18575
0 1 18576
0 1 18577
0 1 18579
0 1 18580
0 1 18581
0 1 18582
0 1 18583
0 1 18584
0 1 18585
0 1 18591
0 1 18592
0 1 18594
0 1 18595
0 1 18597
0 1 18598
0 1 18599
0 1 18600
0 1 18601
0 1 18605
0 1 18606
0 1 18607
0 1 18609
0 1 18611
0 1 18612
0 1 18615
0 1 18617
0 1 18618
0 1 18620
0 1 18621
0 1 18622
0 1 18623
0 1 18624
0 1 18625
0 1 18626
0 1 18627
0 1 18629
0 1 18631
0 1 18633
0 1 18635
0 1 18637
0 1 18640
0 1 18643
0 1 18645
0 1 18648
0 1 18650
0 1 18651
0 1 18653
0 1 18654
0 1 18656
0 1 18658
0 1 18663
0 1 18664
0 1 18665
0 1 18666
0 1 18667
0 1 18668
0 1 18675
0 1 18676
0 1 18677
0 1 18678
0 1 18679
0 1 18680
0 1 18681
0 1 18682
0 1 18686
0 1 18691
0 1 18693
0 1 18694
0 1 18697
0 1 18698
0 1 18699
0 1 18701
0 1 18702
0 1 18707
0 1 18709
0 1 18711
0 1 18712
0 1 18714
0 1 18717
0 1 18718
0 1 18720
0 1 18722
0 1 18723
0 1 18725
0 1 18727
0 1 18728
0 1 18729
0 1 18730
0 1 18733
0 1 18735
0 1 18739
0 1 18741
0 1 18745
0 1 18747
0 1 18750
0 1 18754
0 1 18756
0 1 18757
0 1 18758
0 1 18759
0 1 18761
0 1 18762
0 1 18766
0 1 18767
0 1 18769
0 1 18772
0 1 18773
0 1 18774
0 1 18775
0 1 18777
0 1 18778
0 1 18779
0 1 18781
0 1 18787
0 1 18788
0 1 18789
0 1 18793
0 1 18794
0 1 18797
0 1 18799
0 1 18800
0 1 18802
0 1 18804
0 1 18806
0 1 18808
0 1 18809
0 1 18813
0 1 18816
0 1 18817
0 1 18818
0 1 18820
0 1 18824
0 1 18829
0 1 18830
0 1 18832
0 1 18834
0 1 18835
0 1 18839
0 1 18841
0 1 18842
0 1 18846
0 1 18847
0 1 18848
0 1 18853
0 1 18854
0 1 18857
0 1 18861
0 1 18863
0 1 18865
0 1 18866
0 1 18868
0 1 18870
0 1 18872
0 1 18874
0 1 18876
0 1 18877
0 1 18878
0 1 18880
0 1 18883
0 1 18886
0 1 18888
0 1 18892
0 1 18894
0 1 18896
0 1 18899
0 1 18902
0 1 18906
0 1 18909
0 1 18912
0 1 18914
0 1 18920
0 1 18921
0 1 18926
0 1 18927
0 1 18928
0 1 18930
0 1 18931
0 1 18933
0 1 18935
0 1 18936
0 1 18938
0 1 18939
0 1 18940
0 1 18942
0 1 18944
0 1 18947
0 1 18949
0 1 18952
0 1 18953
0 1 18954
0 1 18955
0 1 18957
0 1 18958
0 1 18963
0 1 18964
0 1 18965
0 1 18967
0 1 18968
0 1 18971
0 1 18972
0 1 18973
0 1 18974
0 1 18975
0 1 18979
0 1 18980
0 1 18981
0 1 18983
0 1 18984
0 1 18986
0 1 18988
0 1 18989
0 1 18990
0 1 18991
0 1 18992
0 1 18994
0 1 18995
0 1 18996
0 1 18998
0 1 18999
0 1 19000
0 1 19010
0 1 19014
0 1 19015
0 1 19016
0 1 19018
0 1 19019
0 1 19020
0 1 19024
0 1 19025
0 1 19026
0 1 19027
0 1 19028
0 1 19029
0 1 19030
0 1 19032
0 1 19034
0 1 19037
0 1 19038
0 1 19039
0 1 19040
0 1 19043
0 1 19046
0 1 19047
0 1 19048
0 1 19049
0 1 19051
0 1 19060
0 1 19063
0 1 19064
0 1 19065
0 1 19066
0 1 19067
0 1 19068
0 1 19069
0 1 19072
0 1 19073
0 1 19074
0 1 19076
0 1 19078
0 1 19081
0 1 19082
0 1 19084
0 1 19086
0 1 19088
0 1 19093
0 1 19095
0 1 19096
0 1 19097
0 1 19099
0 1 19100
0 1 19101
0 1 19103
0 1 19105
0 1 19108
0 1 19111
0 1 19112
0 1 19113
0 1 19115
0 1 19116
0 1 19119
0 1 19121
0 1 19122
0 1 19123
0 1 19125
0 1 19129
0 1 19132
0 1 19133
0 1 19134
0 1 19136
0 1 19139
0 1 19142
0 1 19143
0 1 19145
0 1 19150
0 1 19152
0 1 19158
0 1 19161
0 1 19162
0 1 19163
0 1 19164
0 1 19165
0 1 19166
0 1 19167
0 1 19168
0 1 19169
0 1 19170
0 1 19173
0 1 19174
0 1 19177
0 1 19178
0 1 19179
0 1 19180
0 1 19181
0 1 19183
0 1 19184
0 1 19186
0 1 19188
0 1 19189
0 1 19190
0 1 19191
0 1 19192
0 1 19200
0 1 19202
0 1 19204
0 1 19205
0 1 19206
0 1 19207
0 1 19209
0 1 19210
0 1 19213
0 1 19214
0 1 19215
0 1 19218
0 1 19219
0 1 19222
0 1 19223
0 1 19225
0 1 19226
0 1 19229
0 1 19230
0 1 19233
0 1 19240
0 1 19241
0 1 19242
0 1 19244
0 1 19245
0 1 19247
0 1 19248
0 1 19249
0 1 19251
0 1 19252
0 1 19255
0 1 19256
0 1 19259
0 1 19260
0 1 19262
0 1 19263
0 1 19264
0 1 19265
0 1 19266
0 1 19268
0 1 19269
0 1 19270
0 1 19274
0 1 19277
0 1 19278
0 1 19280
0 1 19283
0 1 19285
0 1 19291
0 1 19294
0 1 19295
0 1 19297
0 1 19299
0 1 19300
0 1 19302
0 1 19303
0 1 19304
0 1 19306
0 1 19307
0 1 19311
0 1 19312
0 1 19315
0 1 19317
0 1 19318
0 1 19322
0 1 19326
0 1 19328
0 1 19329
0 1 19334
0 1 19335
0 1 19336
0 1 19342
0 1 19346
0 1 19348
0 1 19349
0 1 19350
0 1 19353
0 1 19356
0 1 19357
0 1 19358
0 1 19359
0 1 19360
0 1 19363
0 1 19365
0 1 19368
0 1 19369
0 1 19373
0 1 19374
0 1 19375
0 1 19376
0 1 19377
0 1 19380
0 1 19381
0 1 19383
0 1 19385
0 1 19386
0 1 19388
0 1 19391
0 1 19392
0 1 19397
0 1 19398
0 1 19399
0 1 19400
0 1 19401
0 1 19404
0 1 19405
0 1 19406
0 1 19409
0 1 19411
0 1 19412
0 1 19413
0 1 19419
0 1 19422
0 1 19425
0 1 19427
0 1 19428
0 1 19430
0 1 19431
0 1 19432
0 1 19434
0 1 19437
0 1 19439
0 1 19440
0 1 19441
0 1 19443
0 1 19444
0 1 19445
0 1 19446
0 1 19452
0 1 19455
0 1 19456
0 1 19457
0 1 19459
0 1 19460
0 1 19465
0 1 19466
0 1 19467
0 1 19468
0 1 19470
0 1 19473
0 1 19477
0 1 19479
0 1 19480
0 1 19481
0 1 19482
0 1 19483
0 1 19484
0 1 19485
0 1 19487
0 1 19489
0 1 19490
0 1 19494
0 1 19495
0 1 19496
0 1 19497
0 1 19499
0 1 19501
0 1 19504
0 1 19506
0 1 19507
0 1 19510
0 1 19512
0 1 19515
0 1 19518
0 1 19519
0 1 19524
0 1 19528
0 1 19530
0 1 19531
0 1 19532
0 1 19535
0 1 19536
0 1 19541
0 1 19542
0 1 19543
0 1 19544
0 1 19547
0 1 19548
0 1 19550
0 1 19552
0 1 19553
0 1 19556
0 1 19559
0 1 19560
0 1 19561
0 1 19564
0 1 19566
0 1 19567
0 1 19568
0 1 19571
0 1 19572
0 1 19574
0 1 19575
0 1 19577
0 1 19578
0 1 19579
0 1 19583
0 1 19584
0 1 19585
0 1 19586
0 1 19587
0 1 19588
0 1 19589
0 1 19591
0 1 19593
0 1 19595
0 1 19596
0 1 19601
0 1 19604
0 1 19606
0 1 19608
0 1 19609
0 1 19610
0 1 19612
0 1 19613
0 1 19618
0 1 19619
0 1 19621
0 1 19622
0 1 19625
0 1 19632
0 1 19635
0 1 19637
0 1 19638
0 1 19639
0 1 19641
0 1 19642
0 1 19644
0 1 19645
0 1 19646
0 1 19649
0 1 19650
0 1 19652
0 1 19654
0 1 19657
0 1 19659
0 1 19664
0 1 19666
0 1 19668
0 1 19670
0 1 19671
0 1 19673
0 1 19674
0 1 19675
0 1 19678
0 1 19679
0 1 19680
0 1 19681
0 1 19683
0 1 19686
0 1 19689
0 1 19690
0 1 19692
0 1 19693
0 1 19694
0 1 19695
0 1 19697
0 1 19699
0 1 19701
0 1 19702
0 1 19705
0 1 19706
0 1 19709
0 1 19711
0 1 19714
0 1 19720
0 1 19722
0 1 19723
0 1 19727
0 1 19730
0 1 19731
0 1 19732
0 1 19734
0 1 19737
0 1 19738
0 1 19753
0 1 19755
0 1 19756
0 1 19757
0 1 19762
0 1 19763
0 1 19766
0 1 19767
0 1 19771
0 1 19772
0 1 19774
0 1 19776
0 1 19780
0 1 19781
0 1 19782
0 1 19784
0 1 19786
0 1 19787
0 1 19789
0 1 19793
0 1 19794
0 1 19795
0 1 19800
0 1 19801
0 1 19804
0 1 19806
0 1 19807
0 1 19809
0 1 19810
0 1 19812
0 1 19813
0 1 19815
0 1 19817
0 1 19818
0 1 19819
0 1 19820
0 1 19825
0 1 19828
0 1 19831
0 1 19832
0 1 19833
0 1 19834
0 1 19835
0 1 19837
0 1 19838
0 1 19839
0 1 19840
0 1 19843
0 1 19846
0 1 19847
0 1 19848
0 1 19852
0 1 19853
0 1 19854
0 1 19855
0 1 19857
0 1 19859
0 1 19860
0 1 19862
0 1 19865
0 1 19868
0 1 19869
0 1 19870
0 1 19871
0 1 19872
0 1 19873
0 1 19877
0 1 19880
0 1 19882
0 1 19885
0 1 19889
0 1 19890
0 1 19894
0 1 19896
0 1 19899
0 1 19900
0 1 19902
0 1 19905
0 1 19906
0 1 19907
0 1 19908
0 1 19909
0 1 19910
0 1 19912
0 1 19913
0 1 19915
0 1 19916
0 1 19920
0 1 19921
0 1 19924
0 1 19930
0 1 19931
0 1 19932
0 1 19933
0 1 19937
0 1 19938
0 1 19939
0 1 19946
0 1 19949
0 1 19950
0 1 19952
0 1 19954
0 1 19959
0 1 19960
0 1 19963
0 1 19964
0 1 19965
0 1 19966
0 1 19968
0 1 19970
0 1 19972
0 1 19973
0 1 19974
0 1 19975
0 1 19977
0 1 19978
0 1 19979
0 1 19984
0 1 19985
0 1 19987
0 1 19990
0 1 19995
0 1 19997
0 1 19999
0 1 20000
0 1 20005
0 1 20009
0 1 20010
0 1 20011
0 1 20012
0 1 20013
0 1 20015
0 1 20016
0 1 20018
0 1 20019
0 1 20021
0 1 20022
0 1 20024
0 1 20027
0 1 20029
0 1 20030
0 1 20034
0 1 20035
0 1 20040
0 1 20045
0 1 20046
0 1 20047
0 1 20048
0 1 20049
0 1 20056
0 1 20057
0 1 20060
0 1 20061
0 1 20062
0 1 20066
0 1 20070
0 1 20071
0 1 20075
0 1 20076
0 1 20081
0 1 20084
0 1 20085
0 1 20087
0 1 20090
0 1 20095
0 1 20098
0 1 20099
0 1 20101
0 1 20104
0 1 20105
0 1 20108
0 1 20111
0 1 20113
0 1 20115
0 1 20116
0 1 20117
0 1 20118
0 1 20120
0 1 20121
0 1 20122
0 1 20124
0 1 20125
0 1 20127
0 1 20131
0 1 20132
0 1 20134
0 1 20136
0 1 20139
0 1 20140
0 1 20141
0 1 20143
0 1 20146
0 1 20148
0 1 20149
0 1 20150
0 1 20151
0 1 20153
0 1 20154
0 1 20155
0 1 20157
0 1 20158
0 1 20159
0 1 20161
0 1 20166
0 1 20167
0 1 20171
0 1 20173
0 1 20175
0 1 20177
0 1 20182
0 1 20184
0 1 20185
0 1 20187
0 1 20191
0 1 20192
0 1 20196
0 1 20198
0 1 20199
0 1 20200
0 1 20202
0 1 20203
0 1 20208
0 1 20209
0 1 20210
0 1 20211
0 1 20212
0 1 20214
0 1 20216
0 1 20217
0 1 20218
0 1 20221
0 1 20222
0 1 20223
0 1 20224
0 1 20225
0 1 20226
0 1 20232
0 1 20234
0 1 20235
0 1 20241
0 1 20242
0 1 20243
0 1 20245
0 1 20248
0 1 20250
0 1 20251
0 1 20252
0 1 20256
0 1 20260
0 1 20262
0 1 20263
0 1 20265
0 1 20266
0 1 20267
0 1 20269
0 1 20272
0 1 20281
0 1 20284
0 1 20285
0 1 20287
0 1 20288
0 1 20289
0 1 20291
0 1 20292
0 1 20294
0 1 20295
0 1 20296
0 1 20300
0 1 20301
0 1 20303
0 1 20304
0 1 20305
0 1 20308
0 1 20309
0 1 20312
0 1 20315
0 1 20318
0 1 20319
0 1 20320
0 1 20321
0 1 20323
0 1 20326
0 1 20327
0 1 20328
0 1 20330
0 1 20336
0 1 20338
0 1 20339
0 1 20340
0 1 20341
0 1 20343
0 1 20345
0 1 20346
0 1 20348
0 1 20349
0 1 20350
0 1 20351
0 1 20354
0 1 20356
0 1 20358
0 1 20363
0 1 20364
0 1 20365
0 1 20366
0 1 20369
0 1 20371
0 1 20372
0 1 20374
0 1 20375
0 1 20377
0 1 20378
0 1 20379
0 1 20380
0 1 20382
0 1 20384
0 1 20385
0 1 20388
0 1 20390
0 1 20392
0 1 20396
0 1 20399
0 1 20400
0 1 20403
0 1 20406
0 1 20407
0 1 20409
0 1 20410
0 1 20411
0 1 20412
0 1 20413
0 1 20414
0 1 20415
0 1 20416
0 1 20417
0 1 20418
0 1 20420
0 1 20421
0 1 20424
0 1 20428
0 1 20429
0 1 20430
0 1 20431
0 1 20432
0 1 20434
0 1 20435
0 1 20436
0 1 20438
0 1 20439
0 1 20440
0 1 20443
0 1 20444
0 1 20445
0 1 20451
0 1 20453
0 1 20455
0 1 20458
0 1 20460
0 1 20461
0 1 20462
0 1 20463
0 1 20465
0 1 20467
0 1 20471
0 1 20472
0 1 20473
0 1 20474
0 1 20478
0 1 20479
0 1 20480
0 1 20482
0 1 20483
0 1 20485
0 1 20491
0 1 20492
0 1 20494
0 1 20495
0 1 20496
0 1 20497
0 1 20499
0 1 20500
0 1 20501
0 1 20504
0 1 20506
0 1 20511
0 1 20516
0 1 20518
0 1 20519
0 1 20520
0 1 20521
0 1 20522
0 1 20523
0 1 20525
0 1 20526
0 1 20528
0 1 20531
0 1 20532
0 1 20539
0 1 20542
0 1 20544
0 1 20545
0 1 20546
0 1 20547
0 1 20548
0 1 20549
0 1 20550
0 1 20551
0 1 20559
0 1 20561
0 1 20563
0 1 20564
0 1 20566
0 1 20568
0 1 20569
0 1 20570
0 1 20571
0 1 20572
0 1 20574
0 1 20577
0 1 20578
0 1 20579
0 1 20580
0 1 20581
0 1 20587
0 1 20588
0 1 20589
0 1 20591
0 1 20593
0 1 20594
0 1 20596
0 1 20598
0 1 20600
0 1 20602
0 1 20604
0 1 20605
0 1 20608
0 1 20609
0 1 20611
0 1 20612
0 1 20613
0 1 20615
0 1 20616
0 1 20619
0 1 20620
0 1 20622
0 1 20623
0 1 20625
0 1 20626
0 1 20628
0 1 20630
0 1 20632
0 1 20637
0 1 20638
0 1 20639
0 1 20641
0 1 20642
0 1 20643
0 1 20644
0 1 20649
0 1 20652
0 1 20653
0 1 20654
0 1 20655
0 1 20656
0 1 20658
0 1 20662
0 1 20664
0 1 20665
0 1 20670
0 1 20671
0 1 20676
0 1 20678
0 1 20679
0 1 20680
0 1 20682
0 1 20685
0 1 20686
0 1 20688
0 1 20689
0 1 20691
0 1 20693
0 1 20694
0 1 20697
0 1 20698
0 1 20699
0 1 20704
0 1 20705
0 1 20706
0 1 20708
0 1 20710
0 1 20711
0 1 20712
0 1 20713
0 1 20716
0 1 20717
0 1 20719
0 1 20721
0 1 20722
0 1 20723
0 1 20724
0 1 20726
0 1 20727
0 1 20731
0 1 20735
0 1 20737
0 1 20740
0 1 20741
0 1 20744
0 1 20747
0 1 20748
0 1 20750
0 1 20755
0 1 20756
0 1 20758
0 1 20761
0 1 20763
0 1 20764
0 1 20765
0 1 20767
0 1 20772
0 1 20776
0 1 20777
0 1 20778
0 1 20779
0 1 20780
0 1 20781
0 1 20784
0 1 20790
0 1 20791
0 1 20792
0 1 20794
0 1 20796
0 1 20801
0 1 20802
0 1 20804
0 1 20805
0 1 20810
0 1 20813
0 1 20814
0 1 20815
0 1 20816
0 1 20818
0 1 20823
0 1 20824
0 1 20826
0 1 20827
0 1 20830
0 1 20831
0 1 20834
0 1 20836
0 1 20843
0 1 20844
0 1 20846
0 1 20847
0 1 20850
0 1 20854
0 1 20856
0 1 20859
0 1 20860
0 1 20863
0 1 20865
0 1 20866
0 1 20869
0 1 20870
0 1 20874
0 1 20876
0 1 20877
0 1 20878
0 1 20879
0 1 20880
0 1 20881
0 1 20885
0 1 20888
0 1 20890
0 1 20891
0 1 20892
0 1 20895
0 1 20897
0 1 20900
0 1 20904
0 1 20906
0 1 20907
0 1 20908
0 1 20910
0 1 20913
0 1 20915
0 1 20917
0 1 20918
0 1 20921
0 1 20924
0 1 20927
0 1 20928
0 1 20929
0 1 20936
0 1 20937
0 1 20938
0 1 20939
0 1 20940
0 1 20943
0 1 20944
0 1 20946
0 1 20948
0 1 20949
0 1 20955
0 1 20956
0 1 20960
0 1 20961
0 1 20962
0 1 20964
0 1 20965
0 1 20967
0 1 20968
0 1 20969
0 1 20970
0 1 20972
0 1 20974
0 1 20976
0 1 20979
0 1 20980
0 1 20982
0 1 20983
0 1 20985
0 1 20986
0 1 20987
0 1 20988
0 1 20989
0 1 20990
0 1 20992
0 1 20997
0 1 20998
0 1 20999
0 1 21001
0 1 21002
0 1 21003
0 1 21006
0 1 21008
0 1 21009
0 1 21010
0 1 21012
0 1 21014
0 1 21017
0 1 21019
0 1 21021
0 1 21022
0 1 21023
0 1 21025
0 1 21029
0 1 21030
0 1 21031
0 1 21033
0 1 21035
0 1 21039
0 1 21044
0 1 21048
0 1 21049
0 1 21050
0 1 21054
0 1 21056
0 1 21058
0 1 21061
0 1 21062
0 1 21064
0 1 21065
0 1 21067
0 1 21068
0 1 21069
0 1 21071
0 1 21072
0 1 21073
0 1 21074
0 1 21075
0 1 21076
0 1 21077
0 1 21081
0 1 21082
0 1 21083
0 1 21084
0 1 21089
0 1 21090
0 1 21091
0 1 21098
0 1 21101
0 1 21102
0 1 21106
0 1 21112
0 1 21114
0 1 21118
0 1 21121
0 1 21125
0 1 21128
0 1 21129
0 1 21130
0 1 21131
0 1 21132
0 1 21137
0 1 21138
0 1 21139
0 1 21142
0 1 21143
0 1 21145
0 1 21146
0 1 21147
0 1 21148
0 1 21150
0 1 21151
0 1 21155
0 1 21159
0 1 21160
0 1 21161
0 1 21165
0 1 21166
0 1 21168
0 1 21171
0 1 21172
0 1 21174
0 1 21176
0 1 21178
0 1 21179
0 1 21180
0 1 21182
0 1 21183
0 1 21184
0 1 21185
0 1 21186
0 1 21187
0 1 21189
0 1 21190
0 1 21191
0 1 21192
0 1 21199
0 1 21200
0 1 21201
0 1 21203
0 1 21205
0 1 21206
0 1 21209
0 1 21211
0 1 21212
0 1 21214
0 1 21216
0 1 21217
0 1 21219
0 1 21221
0 1 21223
0 1 21226
0 1 21227
0 1 21228
0 1 21230
0 1 21231
0 1 21232
0 1 21233
0 1 21234
0 1 21235
0 1 21236
0 1 21237
0 1 21238
0 1 21239
0 1 21240
0 1 21241
0 1 21243
0 1 21244
0 1 21245
0 1 21246
0 1 21247
0 1 21248
0 1 21249
0 1 21250
0 1 21252
0 1 21254
0 1 21260
0 1 21261
0 1 21263
0 1 21264
0 1 21265
0 1 21268
0 1 21272
0 1 21277
0 1 21278
0 1 21280
0 1 21283
0 1 21284
0 1 21287
0 1 21290
0 1 21293
0 1 21297
0 1 21300
0 1 21303
0 1 21305
0 1 21310
0 1 21312
0 1 21318
0 1 21319
0 1 21321
0 1 21324
0 1 21325
0 1 21327
0 1 21329
0 1 21330
0 1 21331
0 1 21332
0 1 21336
0 1 21339
0 1 21341
0 1 21342
0 1 21343
0 1 21345
0 1 21346
0 1 21347
0 1 21348
0 1 21349
0 1 21354
0 1 21358
0 1 21362
0 1 21365
0 1 21370
0 1 21371
0 1 21372
0 1 21373
0 1 21374
0 1 21376
0 1 21377
0 1 21378
0 1 21379
0 1 21380
0 1 21382
0 1 21383
0 1 21386
0 1 21387
0 1 21391
0 1 21394
0 1 21396
0 1 21398
0 1 21400
0 1 21401
0 1 21402
0 1 21403
0 1 21408
0 1 21411
0 1 21412
0 1 21421
0 1 21422
0 1 21425
0 1 21426
0 1 21427
0 1 21430
0 1 21432
0 1 21436
0 1 21437
0 1 21438
0 1 21442
0 1 21445
0 1 21447
0 1 21452
0 1 21453
0 1 21454
0 1 21456
0 1 21461
0 1 21462
0 1 21467
0 1 21469
0 1 21472
0 1 21473
0 1 21474
0 1 21478
0 1 21481
0 1 21482
0 1 21483
0 1 21487
0 1 21488
0 1 21491
0 1 21492
0 1 21493
0 1 21494
0 1 21497
0 1 21498
0 1 21500
0 1 21502
0 1 21503
0 1 21506
0 1 21508
0 1 21509
0 1 21510
0 1 21512
0 1 21513
0 1 21515
0 1 21516
0 1 21517
0 1 21520
0 1 21521
0 1 21522
0 1 21523
0 1 21524
0 1 21525
0 1 21527
0 1 21529
0 1 21530
0 1 21532
0 1 21533
0 1 21537
0 1 21538
0 1 21539
0 1 21542
0 1 21543
0 1 21544
0 1 21549
0 1 21552
0 1 21555
0 1 21556
0 1 21558
0 1 21561
0 1 21562
0 1 21563
0 1 21564
0 1 21567
0 1 21568
0 1 21570
0 1 21572
0 1 21575
0 1 21579
0 1 21584
0 1 21585
0 1 21586
0 1 21588
0 1 21590
0 1 21591
0 1 21593
0 1 21600
0 1 21603
0 1 21605
0 1 21606
0 1 21607
0 1 21608
0 1 21609
0 1 21610
0 1 21611
0 1 21613
0 1 21614
0 1 21615
0 1 21618
0 1 21619
0 1 21620
0 1 21621
0 1 21624
0 1 21625
0 1 21628
0 1 21631
0 1 21632
0 1 21639
0 1 21641
0 1 21643
0 1 21649
0 1 21655
0 1 21664
0 1 21665
0 1 21666
0 1 21669
0 1 21673
0 1 21676
0 1 21678
0 1 21681
0 1 21682
0 1 21683
0 1 21684
0 1 21686
0 1 21687
0 1 21688
0 1 21691
0 1 21692
0 1 21696
0 1 21700
0 1 21701
0 1 21702
0 1 21704
0 1 21715
0 1 21717
0 1 21718
0 1 21719
0 1 21720
0 1 21721
0 1 21724
0 1 21726
0 1 21728
0 1 21731
0 1 21734
0 1 21736
0 1 21742
0 1 21743
0 1 21744
0 1 21745
0 1 21747
0 1 21748
0 1 21749
0 1 21751
0 1 21752
0 1 21755
0 1 21756
0 1 21757
0 1 21758
0 1 21759
0 1 21761
0 1 21764
0 1 21766
0 1 21767
0 1 21768
0 1 21769
0 1 21770
0 1 21773
0 1 21774
0 1 21778
0 1 21779
0 1 21781
0 1 21783
0 1 21787
0 1 21788
0 1 21790
0 1 21793
0 1 21796
0 1 21798
0 1 21799
0 1 21800
0 1 21801
0 1 21802
0 1 21804
0 1 21805
0 1 21813
0 1 21817
0 1 21820
0 1 21822
0 1 21823
0 1 21824
0 1 21826
0 1 21828
0 1 21829
0 1 21830
0 1 21832
0 1 21837
0 1 21838
0 1 21840
0 1 21841
0 1 21843
0 1 21845
0 1 21847
0 1 21850
0 1 21851
0 1 21852
0 1 21856
0 1 21858
0 1 21859
0 1 21860
0 1 21865
0 1 21866
0 1 21867
0 1 21869
0 1 21871
0 1 21872
0 1 21873
0 1 21875
0 1 21878
0 1 21879
0 1 21880
0 1 21883
0 1 21884
0 1 21890
0 1 21892
0 1 21893
0 1 21894
0 1 21895
0 1 21896
0 1 21898
0 1 21899
0 1 21906
0 1 21908
0 1 21910
0 1 21911
0 1 21913
0 1 21914
0 1 21915
0 1 21916
0 1 21917
0 1 21919
0 1 21920
0 1 21921
0 1 21925
0 1 21929
0 1 21930
0 1 21934
0 1 21935
0 1 21936
0 1 21937
0 1 21940
0 1 21942
0 1 21944
0 1 21945
0 1 21946
0 1 21948
0 1 21949
0 1 21951
0 1 21952
0 1 21953
0 1 21954
0 1 21956
0 1 21957
0 1 21959
0 1 21966
0 1 21970
0 1 21971
0 1 21974
0 1 21975
0 1 21976
0 1 21979
0 1 21981
0 1 21982
0 1 21985
0 1 21986
0 1 21987
0 1 21989
0 1 21991
0 1 21995
0 1 21999
0 1 22000
0 1 22002
0 1 22005
0 1 22008
0 1 22010
0 1 22012
0 1 22013
0 1 22014
0 1 22015
0 1 22017
0 1 22018
0 1 22020
0 1 22024
0 1 22025
0 1 22032
0 1 22033
0 1 22035
0 1 22040
0 1 22041
0 1 22044
0 1 22047
0 1 22053
0 1 22058
0 1 22059
0 1 22062
0 1 22063
0 1 22065
0 1 22066
0 1 22068
0 1 22070
0 1 22071
0 1 22074
0 1 22079
0 1 22080
0 1 22082
0 1 22083
0 1 22086
0 1 22087
0 1 22088
0 1 22090
0 1 22091
0 1 22092
0 1 22095
0 1 22096
0 1 22097
0 1 22099
0 1 22100
0 1 22104
0 1 22105
0 1 22107
0 1 22109
0 1 22110
0 1 22111
0 1 22112
0 1 22113
0 1 22114
0 1 22115
0 1 22118
0 1 22119
0 1 22124
0 1 22125
0 1 22128
0 1 22130
0 1 22131
0 1 22132
0 1 22133
0 1 22134
0 1 22136
0 1 22137
0 1 22138
0 1 22140
0 1 22142
0 1 22145
0 1 22147
0 1 22148
0 1 22149
0 1 22154
0 1 22155
0 1 22156
0 1 22157
0 1 22159
0 1 22164
0 1 22165
0 1 22166
0 1 22169
0 1 22170
0 1 22172
0 1 22175
0 1 22176
0 1 22177
0 1 22184
0 1 22185
0 1 22190
0 1 22193
0 1 22194
0 1 22195
0 1 22198
0 1 22199
0 1 22204
0 1 22205
0 1 22206
0 1 22207
0 1 22208
0 1 22209
0 1 22211
0 1 22212
0 1 22213
0 1 22214
0 1 22216
0 1 22217
0 1 22219
0 1 22222
0 1 22224
0 1 22226
0 1 22227
0 1 22228
0 1 22229
0 1 22235
0 1 22236
0 1 22237
0 1 22239
0 1 22241
0 1 22242
0 1 22243
0 1 22246
0 1 22247
0 1 22249
0 1 22250
0 1 22254
0 1 22256
0 1 22257
0 1 22260
0 1 22262
0 1 22269
0 1 22270
0 1 22273
0 1 22274
0 1 22277
0 1 22279
0 1 22280
0 1 22281
0 1 22282
0 1 22285
0 1 22287
0 1 22289
0 1 22290
0 1 22294
0 1 22295
0 1 22297
0 1 22298
0 1 22299
0 1 22300
0 1 22302
0 1 22303
0 1 22305
0 1 22306
0 1 22307
0 1 22312
0 1 22318
0 1 22320
0 1 22322
0 1 22324
0 1 22328
0 1 22329
0 1 22331
0 1 22332
0 1 22333
0 1 22334
0 1 22335
0 1 22336
0 1 22337
0 1 22338
0 1 22339
0 1 22340
0 1 22341
0 1 22342
0 1 22343
0 1 22345
0 1 22346
0 1 22348
0 1 22349
0 1 22350
0 1 22351
0 1 22353
0 1 22355
0 1 22356
0 1 22358
0 1 22360
0 1 22362
0 1 22366
0 1 22368
0 1 22370
0 1 22371
0 1 22373
0 1 22379
0 1 22380
0 1 22381
0 1 22382
0 1 22383
0 1 22391
0 1 22392
0 1 22394
0 1 22395
0 1 22397
0 1 22401
0 1 22402
0 1 22403
0 1 22405
0 1 22406
0 1 22408
0 1 22409
0 1 22410
0 1 22411
0 1 22412
0 1 22415
0 1 22417
0 1 22418
0 1 22419
0 1 22421
0 1 22422
0 1 22425
0 1 22426
0 1 22428
0 1 22431
0 1 22433
0 1 22434
0 1 22435
0 1 22436
0 1 22437
0 1 22440
0 1 22443
0 1 22445
0 1 22446
0 1 22447
0 1 22448
0 1 22450
0 1 22452
0 1 22453
0 1 22455
0 1 22457
0 1 22459
0 1 22462
0 1 22464
0 1 22465
0 1 22467
0 1 22468
0 1 22470
0 1 22472
0 1 22473
0 1 22477
0 1 22479
0 1 22480
0 1 22481
0 1 22487
0 1 22490
0 1 22492
0 1 22493
0 1 22495
0 1 22496
0 1 22501
0 1 22503
0 1 22504
0 1 22511
0 1 22512
0 1 22513
0 1 22514
0 1 22515
0 1 22516
0 1 22517
0 1 22520
0 1 22521
0 1 22523
0 1 22524
0 1 22525
0 1 22526
0 1 22527
0 1 22529
0 1 22531
0 1 22532
0 1 22533
0 1 22535
0 1 22537
0 1 22543
0 1 22545
0 1 22546
0 1 22547
0 1 22548
0 1 22549
0 1 22551
0 1 22552
0 1 22554
0 1 22556
0 1 22558
0 1 22560
0 1 22561
0 1 22562
0 1 22563
0 1 22565
0 1 22567
0 1 22571
0 1 22572
0 1 22573
0 1 22575
0 1 22576
0 1 22577
0 1 22578
0 1 22579
0 1 22580
0 1 22583
0 1 22584
0 1 22586
0 1 22587
0 1 22588
0 1 22590
0 1 22591
0 1 22593
0 1 22595
0 1 22596
0 1 22598
0 1 22602
0 1 22603
0 1 22605
0 1 22607
0 1 22608
0 1 22609
0 1 22610
0 1 22612
0 1 22615
0 1 22616
0 1 22617
0 1 22620
0 1 22622
0 1 22624
0 1 22625
0 1 22626
0 1 22628
0 1 22631
0 1 22634
0 1 22635
0 1 22636
0 1 22641
0 1 22643
0 1 22645
0 1 22649
0 1 22651
0 1 22656
0 1 22659
0 1 22661
0 1 22662
0 1 22663
0 1 22668
0 1 22673
0 1 22674
0 1 22675
0 1 22676
0 1 22679
0 1 22681
0 1 22682
0 1 22683
0 1 22688
0 1 22689
0 1 22692
0 1 22695
0 1 22698
0 1 22701
0 1 22702
0 1 22703
0 1 22704
0 1 22705
0 1 22708
0 1 22709
0 1 22710
0 1 22712
0 1 22716
0 1 22722
0 1 22723
0 1 22727
0 1 22728
0 1 22729
0 1 22731
0 1 22733
0 1 22735
0 1 22736
0 1 22739
0 1 22740
0 1 22743
0 1 22747
0 1 22748
0 1 22750
0 1 22751
0 1 22752
0 1 22753
0 1 22754
0 1 22756
0 1 22757
0 1 22758
0 1 22760
0 1 22766
0 1 22767
0 1 22770
0 1 22771
0 1 22773
0 1 22777
0 1 22780
0 1 22781
0 1 22786
0 1 22787
0 1 22791
0 1 22792
0 1 22793
0 1 22795
0 1 22797
0 1 22801
0 1 22802
0 1 22805
0 1 22807
0 1 22811
0 1 22813
0 1 22815
0 1 22819
0 1 22820
0 1 22826
0 1 22827
0 1 22829
0 1 22831
0 1 22834
0 1 22836
0 1 22837
0 1 22838
0 1 22841
0 1 22842
0 1 22844
0 1 22846
0 1 22849
0 1 22851
0 1 22853
0 1 22856
0 1 22857
0 1 22863
0 1 22868
0 1 22869
0 1 22870
0 1 22872
0 1 22873
0 1 22875
0 1 22876
0 1 22879
0 1 22880
0 1 22881
0 1 22882
0 1 22888
0 1 22891
0 1 22894
0 1 22895
0 1 22898
0 1 22903
0 1 22908
0 1 22909
0 1 22912
0 1 22915
0 1 22916
0 1 22919
0 1 22921
0 1 22922
0 1 22924
0 1 22926
0 1 22927
0 1 22931
0 1 22933
0 1 22934
0 1 22935
0 1 22936
0 1 22937
0 1 22938
0 1 22942
0 1 22943
0 1 22944
0 1 22945
0 1 22947
0 1 22948
0 1 22950
0 1 22951
0 1 22953
0 1 22956
0 1 22957
0 1 22958
0 1 22960
0 1 22962
0 1 22965
0 1 22966
0 1 22967
0 1 22969
0 1 22970
0 1 22971
0 1 22974
0 1 22978
0 1 22981
0 1 22986
0 1 22988
0 1 22990
0 1 22992
0 1 22993
0 1 22994
0 1 22996
0 1 22997
0 1 22998
0 1 22999
0 1 23000
0 1 23001
0 1 23004
0 1 23007
0 1 23009
0 1 23010
0 1 23012
0 1 23013
0 1 23014
0 1 23015
0 1 23024
0 1 23025
0 1 23026
0 1 23027
0 1 23028
0 1 23029
0 1 23030
0 1 23033
0 1 23035
0 1 23037
0 1 23040
0 1 23041
0 1 23043
0 1 23045
0 1 23047
0 1 23052
0 1 23054
0 1 23055
0 1 23058
0 1 23059
0 1 23060
0 1 23061
0 1 23062
0 1 23063
0 1 23065
0 1 23070
0 1 23071
0 1 23072
0 1 23075
0 1 23077
0 1 23082
0 1 23083
0 1 23086
0 1 23088
0 1 23089
0 1 23091
0 1 23092
0 1 23098
0 1 23099
0 1 23101
0 1 23103
0 1 23104
0 1 23106
0 1 23107
0 1 23108
0 1 23109
0 1 23110
0 1 23111
0 1 23112
0 1 23114
0 1 23116
0 1 23117
0 1 23120
0 1 23123
0 1 23127
0 1 23128
0 1 23129
0 1 23130
0 1 23134
0 1 23137
0 1 23140
0 1 23142
0 1 23143
0 1 23144
0 1 23148
0 1 23149
0 1 23150
0 1 23151
0 1 23154
0 1 23155
0 1 23157
0 1 23158
0 1 23160
0 1 23162
0 1 23164
0 1 23165
0 1 23166
0 1 23167
0 1 23169
0 1 23170
0 1 23175
0 1 23176
0 1 23177
0 1 23184
0 1 23185
0 1 23190
0 1 23191
0 1 23195
0 1 23196
0 1 23197
0 1 23200
0 1 23202
0 1 23205
0 1 23207
0 1 23208
0 1 23212
0 1 23213
0 1 23214
0 1 23215
0 1 23216
0 1 23217
0 1 23218
0 1 23219
0 1 23221
0 1 23222
0 1 23223
0 1 23224
0 1 23226
0 1 23227
0 1 23231
0 1 23234
0 1 23235
0 1 23236
0 1 23237
0 1 23239
0 1 23241
0 1 23242
0 1 23243
0 1 23244
0 1 23245
0 1 23247
0 1 23249
0 1 23251
0 1 23253
0 1 23255
0 1 23261
0 1 23262
0 1 23263
0 1 23265
0 1 23267
0 1 23268
0 1 23270
0 1 23274
0 1 23275
0 1 23276
0 1 23277
0 1 23278
0 1 23281
0 1 23282
0 1 23283
0 1 23284
0 1 23287
0 1 23288
0 1 23289
0 1 23291
0 1 23292
0 1 23293
0 1 23298
0 1 23300
0 1 23303
0 1 23305
0 1 23306
0 1 23307
0 1 23312
0 1 23314
0 1 23315
0 1 23316
0 1 23318
0 1 23319
0 1 23322
0 1 23323
0 1 23324
0 1 23327
0 1 23328
0 1 23330
0 1 23331
0 1 23332
0 1 23334
0 1 23338
0 1 23342
0 1 23343
0 1 23345
0 1 23347
0 1 23350
0 1 23351
0 1 23353
0 1 23354
0 1 23356
0 1 23358
0 1 23361
0 1 23363
0 1 23364
0 1 23367
0 1 23370
0 1 23373
0 1 23375
0 1 23379
0 1 23381
0 1 23382
0 1 23383
0 1 23384
0 1 23385
0 1 23386
0 1 23389
0 1 23390
0 1 23391
0 1 23392
0 1 23393
0 1 23394
0 1 23395
0 1 23396
0 1 23401
0 1 23402
0 1 23404
0 1 23405
0 1 23406
0 1 23408
0 1 23412
0 1 23413
0 1 23415
0 1 23416
0 1 23417
0 1 23418
0 1 23420
0 1 23424
0 1 23426
0 1 23431
0 1 23433
0 1 23434
0 1 23435
0 1 23436
0 1 23438
0 1 23439
0 1 23440
0 1 23441
0 1 23443
0 1 23449
0 1 23451
0 1 23452
0 1 23453
0 1 23455
0 1 23456
0 1 23457
0 1 23459
0 1 23460
0 1 23468
0 1 23469
0 1 23470
0 1 23471
0 1 23473
0 1 23474
0 1 23475
0 1 23476
0 1 23477
0 1 23478
0 1 23479
0 1 23482
0 1 23486
0 1 23487
0 1 23490
0 1 23491
0 1 23492
0 1 23493
0 1 23494
0 1 23496
0 1 23497
0 1 23498
0 1 23499
0 1 23500
0 1 23501
0 1 23503
0 1 23504
0 1 23505
0 1 23506
0 1 23509
0 1 23510
0 1 23511
0 1 23512
0 1 23513
0 1 23515
0 1 23516
0 1 23519
0 1 23521
0 1 23526
0 1 23527
0 1 23528
0 1 23529
0 1 23530
0 1 23535
0 1 23536
0 1 23537
0 1 23539
0 1 23540
0 1 23543
0 1 23544
0 1 23545
0 1 23548
0 1 23551
0 1 23552
0 1 23556
0 1 23558
0 1 23560
0 1 23563
0 1 23564
0 1 23566
0 1 23569
0 1 23570
0 1 23572
0 1 23575
0 1 23576
0 1 23578
0 1 23579
0 1 23581
0 1 23582
0 1 23584
0 1 23585
0 1 23587
0 1 23590
0 1 23598
0 1 23600
0 1 23602
0 1 23603
0 1 23604
0 1 23606
0 1 23607
0 1 23608
0 1 23612
0 1 23613
0 1 23614
0 1 23615
0 1 23618
0 1 23620
0 1 23622
0 1 23623
0 1 23624
0 1 23625
0 1 23627
0 1 23628
0 1 23629
0 1 23630
0 1 23632
0 1 23636
0 1 23639
0 1 23640
0 1 23641
0 1 23644
0 1 23645
0 1 23650
0 1 23651
0 1 23652
0 1 23653
0 1 23654
0 1 23655
0 1 23656
0 1 23664
0 1 23665
0 1 23666
0 1 23668
0 1 23669
0 1 23670
0 1 23671
0 1 23673
0 1 23677
0 1 23679
0 1 23680
0 1 23682
0 1 23686
0 1 23687
0 1 23688
0 1 23689
0 1 23690
0 1 23691
0 1 23694
0 1 23696
0 1 23697
0 1 23700
0 1 23702
0 1 23703
0 1 23704
0 1 23707
0 1 23709
0 1 23711
0 1 23712
0 1 23713
0 1 23715
0 1 23716
0 1 23717
0 1 23719
0 1 23720
0 1 23722
0 1 23724
0 1 23727
0 1 23728
0 1 23731
0 1 23732
0 1 23734
0 1 23735
0 1 23736
0 1 23740
0 1 23746
0 1 23749
0 1 23750
0 1 23753
0 1 23754
0 1 23757
0 1 23758
0 1 23760
0 1 23761
0 1 23762
0 1 23767
0 1 23768
0 1 23769
0 1 23770
0 1 23772
0 1 23773
0 1 23779
0 1 23780
0 1 23786
0 1 23787
0 1 23791
0 1 23792
0 1 23794
0 1 23798
0 1 23800
0 1 23801
0 1 23803
0 1 23805
0 1 23808
0 1 23813
0 1 23817
0 1 23819
0 1 23821
0 1 23823
0 1 23827
0 1 23829
0 1 23830
0 1 23835
0 1 23837
0 1 23838
0 1 23840
0 1 23841
0 1 23843
0 1 23845
0 1 23846
0 1 23849
0 1 23851
0 1 23852
0 1 23853
0 1 23854
0 1 23858
0 1 23861
0 1 23863
0 1 23864
0 1 23865
0 1 23868
0 1 23869
0 1 23874
0 1 23876
0 1 23877
0 1 23880
0 1 23881
0 1 23884
0 1 23887
0 1 23888
0 1 23890
0 1 23893
0 1 23895
0 1 23896
0 1 23899
0 1 23900
0 1 23901
0 1 23902
0 1 23905
0 1 23906
0 1 23907
0 1 23908
0 1 23910
0 1 23912
0 1 23913
0 1 23914
0 1 23916
0 1 23919
0 1 23920
0 1 23921
0 1 23923
0 1 23925
0 1 23927
0 1 23930
0 1 23934
0 1 23935
0 1 23936
0 1 23937
0 1 23939
0 1 23940
0 1 23942
0 1 23945
0 1 23948
0 1 23952
0 1 23954
0 1 23956
0 1 23957
0 1 23960
0 1 23962
0 1 23963
0 1 23964
0 1 23965
0 1 23967
0 1 23969
0 1 23973
0 1 23974
0 1 23977
0 1 23978
0 1 23979
0 1 23982
0 1 23985
0 1 23986
0 1 23987
0 1 23989
0 1 23990
0 1 23992
0 1 23994
0 1 23996
0 1 23997
0 1 23998
0 1 24003
0 1 24004
0 1 24005
0 1 24006
0 1 24007
0 1 24011
0 1 24013
0 1 24014
0 1 24018
0 1 24019
0 1 24021
0 1 24022
0 1 24023
0 1 24026
0 1 24031
0 1 24033
0 1 24036
0 1 24037
0 1 24038
0 1 24039
0 1 24041
0 1 24042
0 1 24043
0 1 24045
0 1 24046
0 1 24053
0 1 24054
0 1 24055
0 1 24056
0 1 24058
0 1 24060
0 1 24063
0 1 24065
0 1 24067
0 1 24068
0 1 24070
0 1 24073
0 1 24076
0 1 24083
0 1 24085
0 1 24086
0 1 24087
0 1 24089
0 1 24092
0 1 24093
0 1 24094
0 1 24095
0 1 24097
0 1 24098
0 1 24101
0 1 24105
0 1 24107
0 1 24108
0 1 24109
0 1 24110
0 1 24111
0 1 24112
0 1 24113
0 1 24114
0 1 24115
0 1 24116
0 1 24119
0 1 24120
0 1 24123
0 1 24124
0 1 24125
0 1 24127
0 1 24131
0 1 24132
0 1 24133
0 1 24137
0 1 24141
0 1 24142
0 1 24144
0 1 24147
0 1 24148
0 1 24149
0 1 24151
0 1 24155
0 1 24157
0 1 24158
0 1 24159
0 1 24161
0 1 24162
0 1 24163
0 1 24171
0 1 24172
0 1 24173
0 1 24175
0 1 24177
0 1 24179
0 1 24180
0 1 24182
0 1 24183
0 1 24184
0 1 24185
0 1 24187
0 1 24188
0 1 24191
0 1 24192
0 1 24193
0 1 24195
0 1 24199
0 1 24202
0 1 24204
0 1 24205
0 1 24206
0 1 24207
0 1 24209
0 1 24212
0 1 24215
0 1 24216
0 1 24217
0 1 24218
0 1 24223
0 1 24226
0 1 24227
0 1 24228
0 1 24229
0 1 24231
0 1 24232
0 1 24233
0 1 24237
0 1 24238
0 1 24239
0 1 24242
0 1 24243
0 1 24248
0 1 24249
0 1 24250
0 1 24251
0 1 24252
0 1 24253
0 1 24254
0 1 24263
0 1 24266
0 1 24268
0 1 24269
0 1 24270
0 1 24271
0 1 24273
0 1 24276
0 1 24277
0 1 24281
0 1 24283
0 1 24284
0 1 24285
0 1 24286
0 1 24292
0 1 24293
0 1 24294
0 1 24296
0 1 24297
0 1 24298
0 1 24302
0 1 24304
0 1 24306
0 1 24309
0 1 24314
0 1 24316
0 1 24317
0 1 24318
0 1 24323
0 1 24324
0 1 24326
0 1 24328
0 1 24329
0 1 24330
0 1 24332
0 1 24333
0 1 24334
0 1 24337
0 1 24338
0 1 24339
0 1 24340
0 1 24341
0 1 24343
0 1 24346
0 1 24348
0 1 24350
0 1 24352
0 1 24356
0 1 24357
0 1 24359
0 1 24363
0 1 24364
0 1 24370
0 1 24371
0 1 24372
0 1 24373
0 1 24376
0 1 24380
0 1 24382
0 1 24383
0 1 24385
0 1 24386
0 1 24387
0 1 24388
0 1 24390
0 1 24391
0 1 24392
0 1 24394
0 1 24395
0 1 24396
0 1 24397
0 1 24398
0 1 24400
0 1 24404
0 1 24405
0 1 24406
0 1 24409
0 1 24410
0 1 24411
0 1 24413
0 1 24414
0 1 24415
0 1 24416
0 1 24418
0 1 24420
0 1 24422
0 1 24425
0 1 24427
0 1 24428
0 1 24430
0 1 24431
0 1 24433
0 1 24435
0 1 24440
0 1 24442
0 1 24444
0 1 24445
0 1 24447
0 1 24448
0 1 24449
0 1 24450
0 1 24451
0 1 24452
0 1 24453
0 1 24454
0 1 24455
0 1 24456
0 1 24463
0 1 24464
0 1 24466
0 1 24468
0 1 24470
0 1 24471
0 1 24472
0 1 24473
0 1 24476
0 1 24478
0 1 24481
0 1 24482
0 1 24485
0 1 24486
0 1 24487
0 1 24489
0 1 24492
0 1 24494
0 1 24495
0 1 24496
0 1 24499
0 1 24501
0 1 24502
0 1 24504
0 1 24505
0 1 24506
0 1 24508
0 1 24510
0 1 24511
0 1 24513
0 1 24514
0 1 24520
0 1 24523
0 1 24526
0 1 24527
0 1 24530
0 1 24532
0 1 24535
0 1 24536
0 1 24537
0 1 24538
0 1 24548
0 1 24549
0 1 24550
0 1 24551
0 1 24552
0 1 24554
0 1 24555
0 1 24556
0 1 24559
0 1 24560
0 1 24561
0 1 24563
0 1 24564
0 1 24565
0 1 24566
0 1 24567
0 1 24569
0 1 24570
0 1 24571
0 1 24572
0 1 24573
0 1 24574
0 1 24575
0 1 24576
0 1 24578
0 1 24579
0 1 24580
0 1 24587
0 1 24590
0 1 24593
0 1 24597
0 1 24602
0 1 24603
0 1 24610
0 1 24613
0 1 24614
0 1 24615
0 1 24620
0 1 24623
0 1 24627
0 1 24628
0 1 24631
0 1 24633
0 1 24634
0 1 24635
0 1 24638
0 1 24639
0 1 24640
0 1 24642
0 1 24648
0 1 24649
0 1 24652
0 1 24654
0 1 24655
0 1 24657
0 1 24658
0 1 24664
0 1 24667
0 1 24671
0 1 24672
0 1 24676
0 1 24677
0 1 24679
0 1 24680
0 1 24681
0 1 24682
0 1 24683
0 1 24686
0 1 24687
0 1 24688
0 1 24692
0 1 24696
0 1 24697
0 1 24700
0 1 24701
0 1 24702
0 1 24703
0 1 24705
0 1 24706
0 1 24707
0 1 24708
0 1 24710
0 1 24711
0 1 24712
0 1 24715
0 1 24716
0 1 24718
0 1 24719
0 1 24720
0 1 24721
0 1 24723
0 1 24724
0 1 24727
0 1 24731
0 1 24732
0 1 24735
0 1 24737
0 1 24738
0 1 24739
0 1 24740
0 1 24741
0 1 24742
0 1 24743
0 1 24746
0 1 24748
0 1 24750
0 1 24753
0 1 24758
0 1 24760
0 1 24763
0 1 24766
0 1 24768
0 1 24769
0 1 24770
0 1 24771
0 1 24774
0 1 24775
0 1 24777
0 1 24778
0 1 24779
0 1 24781
0 1 24782
0 1 24783
0 1 24786
0 1 24787
0 1 24788
0 1 24789
0 1 24792
0 1 24793
0 1 24794
0 1 24795
0 1 24797
0 1 24798
0 1 24799
0 1 24800
0 1 24801
0 1 24803
0 1 24805
0 1 24808
0 1 24810
0 1 24812
0 1 24813
0 1 24814
0 1 24816
0 1 24819
0 1 24822
0 1 24823
0 1 24826
0 1 24827
0 1 24829
0 1 24830
0 1 24831
0 1 24832
0 1 24833
0 1 24834
0 1 24836
0 1 24839
0 1 24840
0 1 24841
0 1 24842
0 1 24844
0 1 24845
0 1 24846
0 1 24847
0 1 24850
0 1 24851
0 1 24852
0 1 24859
0 1 24861
0 1 24863
0 1 24864
0 1 24866
0 1 24868
0 1 24869
0 1 24870
0 1 24871
0 1 24873
0 1 24876
0 1 24878
0 1 24880
0 1 24883
0 1 24886
0 1 24887
0 1 24888
0 1 24890
0 1 24891
0 1 24894
0 1 24895
0 1 24896
0 1 24897
0 1 24900
0 1 24904
0 1 24912
0 1 24916
0 1 24918
0 1 24922
0 1 24924
0 1 24926
0 1 24929
0 1 24933
0 1 24935
0 1 24938
0 1 24940
0 1 24942
0 1 24945
0 1 24946
0 1 24948
0 1 24949
0 1 24952
0 1 24953
0 1 24955
0 1 24956
0 1 24958
0 1 24960
0 1 24962
0 1 24963
0 1 24965
0 1 24967
0 1 24968
0 1 24969
0 1 24972
0 1 24973
0 1 24974
0 1 24975
0 1 24976
0 1 24979
0 1 24980
0 1 24982
0 1 24983
0 1 24988
0 1 24990
0 1 24992
0 1 24995
0 1 25003
0 1 25005
0 1 25006
0 1 25008
0 1 25009
0 1 25014
0 1 25016
0 1 25017
0 1 25019
0 1 25021
0 1 25023
0 1 25025
0 1 25026
0 1 25027
0 1 25029
0 1 25030
0 1 25032
0 1 25033
0 1 25034
0 1 25036
0 1 25038
0 1 25040
0 1 25043
0 1 25044
0 1 25045
0 1 25048
0 1 25051
0 1 25052
0 1 25053
0 1 25055
0 1 25057
0 1 25060
0 1 25061
0 1 25062
0 1 25063
0 1 25065
0 1 25070
0 1 25072
0 1 25073
0 1 25075
0 1 25076
0 1 25077
0 1 25078
0 1 25079
0 1 25081
0 1 25082
0 1 25083
0 1 25084
0 1 25087
0 1 25090
0 1 25093
0 1 25094
0 1 25096
0 1 25104
0 1 25107
0 1 25108
0 1 25112
0 1 25113
0 1 25115
0 1 25116
0 1 25121
0 1 25122
0 1 25129
0 1 25131
0 1 25132
0 1 25134
0 1 25137
0 1 25138
0 1 25140
0 1 25142
0 1 25148
0 1 25150
0 1 25151
0 1 25154
0 1 25155
0 1 25156
0 1 25157
0 1 25159
0 1 25161
0 1 25162
0 1 25163
0 1 25164
0 1 25166
0 1 25167
0 1 25168
0 1 25169
0 1 25171
0 1 25172
0 1 25173
0 1 25174
0 1 25176
0 1 25177
0 1 25179
0 1 25180
0 1 25181
0 1 25182
0 1 25183
0 1 25184
0 1 25186
0 1 25187
0 1 25188
0 1 25190
0 1 25191
0 1 25193
0 1 25195
0 1 25198
0 1 25201
0 1 25203
0 1 25206
0 1 25208
0 1 25210
0 1 25211
0 1 25213
0 1 25216
0 1 25217
0 1 25218
0 1 25219
0 1 25220
0 1 25221
0 1 25224
0 1 25226
0 1 25227
0 1 25228
0 1 25229
0 1 25231
0 1 25232
0 1 25235
0 1 25238
0 1 25241
0 1 25242
0 1 25244
0 1 25245
0 1 25251
0 1 25252
0 1 25254
0 1 25256
0 1 25258
0 1 25259
0 1 25260
0 1 25262
0 1 25263
0 1 25264
0 1 25266
0 1 25272
0 1 25276
0 1 25278
0 1 25282
0 1 25286
0 1 25290
0 1 25295
0 1 25296
0 1 25298
0 1 25299
0 1 25300
0 1 25301
0 1 25302
0 1 25304
0 1 25305
0 1 25306
0 1 25307
0 1 25308
0 1 25309
0 1 25310
0 1 25312
0 1 25316
0 1 25317
0 1 25319
0 1 25320
0 1 25321
0 1 25322
0 1 25325
0 1 25327
0 1 25328
0 1 25329
0 1 25330
0 1 25332
0 1 25333
0 1 25335
0 1 25336
0 1 25339
0 1 25340
0 1 25341
0 1 25343
0 1 25350
0 1 25359
0 1 25362
0 1 25366
0 1 25368
0 1 25370
0 1 25371
0 1 25375
0 1 25377
0 1 25380
0 1 25381
0 1 25382
0 1 25383
0 1 25385
0 1 25386
0 1 25387
0 1 25388
0 1 25392
0 1 25393
0 1 25394
0 1 25395
0 1 25396
0 1 25397
0 1 25401
0 1 25402
0 1 25403
0 1 25404
0 1 25405
0 1 25409
0 1 25411
0 1 25414
0 1 25415
0 1 25416
0 1 25417
0 1 25418
0 1 25419
0 1 25426
0 1 25429
0 1 25432
0 1 25435
0 1 25436
0 1 25438
0 1 25440
0 1 25441
0 1 25442
0 1 25443
0 1 25444
0 1 25445
0 1 25450
0 1 25451
0 1 25452
0 1 25453
0 1 25454
0 1 25457
0 1 25458
0 1 25461
0 1 25466
0 1 25469
0 1 25472
0 1 25473
0 1 25474
0 1 25476
0 1 25478
0 1 25480
0 1 25481
0 1 25483
0 1 25489
0 1 25490
0 1 25492
0 1 25493
0 1 25494
0 1 25496
0 1 25498
0 1 25502
0 1 25503
0 1 25504
0 1 25505
0 1 25506
0 1 25511
0 1 25513
0 1 25519
0 1 25525
0 1 25526
0 1 25528
0 1 25531
0 1 25532
0 1 25533
0 1 25536
0 1 25537
0 1 25538
0 1 25540
0 1 25543
0 1 25544
0 1 25547
0 1 25548
0 1 25551
0 1 25553
0 1 25556
0 1 25558
0 1 25559
0 1 25565
0 1 25566
0 1 25569
0 1 25570
0 1 25577
0 1 25582
0 1 25583
0 1 25584
0 1 25585
0 1 25586
0 1 25589
0 1 25590
0 1 25592
0 1 25595
0 1 25599
0 1 25600
0 1 25604
0 1 25605
0 1 25606
0 1 25609
0 1 25611
0 1 25613
0 1 25614
0 1 25616
0 1 25617
0 1 25618
0 1 25620
0 1 25625
0 1 25626
0 1 25627
0 1 25629
0 1 25631
0 1 25633
0 1 25634
0 1 25635
0 1 25636
0 1 25637
0 1 25638
0 1 25640
0 1 25641
0 1 25643
0 1 25646
0 1 25647
0 1 25648
0 1 25649
0 1 25651
0 1 25655
0 1 25656
0 1 25660
0 1 25661
0 1 25662
0 1 25664
0 1 25665
0 1 25666
0 1 25668
0 1 25670
0 1 25672
0 1 25673
0 1 25675
0 1 25679
0 1 25680
0 1 25682
0 1 25687
0 1 25690
0 1 25693
0 1 25698
0 1 25700
0 1 25704
0 1 25705
0 1 25706
0 1 25708
0 1 25709
0 1 25711
0 1 25713
0 1 25715
0 1 25716
0 1 25722
0 1 25723
0 1 25724
0 1 25726
0 1 25730
0 1 25732
0 1 25733
0 1 25737
0 1 25738
0 1 25740
0 1 25742
0 1 25743
0 1 25744
0 1 25745
0 1 25746
0 1 25749
0 1 25750
0 1 25751
0 1 25752
0 1 25753
0 1 25755
0 1 25756
0 1 25758
0 1 25760
0 1 25761
0 1 25763
0 1 25764
0 1 25766
0 1 25767
0 1 25769
0 1 25772
0 1 25775
0 1 25778
0 1 25779
0 1 25780
0 1 25786
0 1 25788
0 1 25790
0 1 25791
0 1 25793
0 1 25798
0 1 25800
0 1 25801
0 1 25805
0 1 25806
0 1 25807
0 1 25810
0 1 25812
0 1 25813
0 1 25814
0 1 25815
0 1 25816
0 1 25817
0 1 25820
0 1 25822
0 1 25823
0 1 25827
0 1 25828
0 1 25830
0 1 25831
0 1 25833
0 1 25834
0 1 25835
0 1 25846
0 1 25848
0 1 25852
0 1 25853
0 1 25856
0 1 25859
0 1 25861
0 1 25862
0 1 25864
0 1 25865
0 1 25866
0 1 25867
0 1 25869
0 1 25871
0 1 25874
0 1 25875
0 1 25879
0 1 25882
0 1 25884
0 1 25885
0 1 25886
0 1 25887
0 1 25888
0 1 25889
0 1 25890
0 1 25891
0 1 25893
0 1 25894
0 1 25895
0 1 25896
0 1 25898
0 1 25899
0 1 25903
0 1 25904
0 1 25906
0 1 25907
0 1 25912
0 1 25914
0 1 25915
0 1 25916
0 1 25918
0 1 25920
0 1 25921
0 1 25926
0 1 25929
0 1 25931
0 1 25933
0 1 25936
0 1 25945
0 1 25947
0 1 25950
0 1 25953
0 1 25954
0 1 25960
0 1 25961
0 1 25962
0 1 25964
0 1 25965
0 1 25966
0 1 25968
0 1 25970
0 1 25971
0 1 25972
0 1 25976
0 1 25980
0 1 25982
0 1 25984
0 1 25988
0 1 25989
0 1 25990
0 1 25993
0 1 25995
0 1 25999
0 1 26003
0 1 26004
0 1 26005
0 1 26010
0 1 26011
0 1 26012
0 1 26013
0 1 26014
0 1 26018
0 1 26019
0 1 26020
0 1 26021
0 1 26022
0 1 26024
0 1 26025
0 1 26026
0 1 26034
0 1 26036
0 1 26037
0 1 26039
0 1 26043
0 1 26044
0 1 26047
0 1 26049
0 1 26050
0 1 26051
0 1 26053
0 1 26055
0 1 26056
0 1 26058
0 1 26060
0 1 26062
0 1 26066
0 1 26067
0 1 26070
0 1 26073
0 1 26075
0 1 26077
0 1 26081
0 1 26086
0 1 26091
0 1 26094
0 1 26095
0 1 26096
0 1 26098
0 1 26100
0 1 26101
0 1 26104
0 1 26105
0 1 26107
0 1 26108
0 1 26109
0 1 26110
0 1 26111
0 1 26113
0 1 26114
0 1 26120
0 1 26122
0 1 26126
0 1 26128
0 1 26129
0 1 26131
0 1 26134
0 1 26135
0 1 26136
0 1 26137
0 1 26139
0 1 26140
0 1 26141
0 1 26148
0 1 26149
0 1 26150
0 1 26153
0 1 26157
0 1 26162
0 1 26165
0 1 26166
0 1 26167
0 1 26168
0 1 26169
0 1 26170
0 1 26171
0 1 26172
0 1 26173
0 1 26174
0 1 26178
0 1 26179
0 1 26180
0 1 26182
0 1 26184
0 1 26185
0 1 26187
0 1 26188
0 1 26189
0 1 26191
0 1 26196
0 1 26197
0 1 26198
0 1 26200
0 1 26203
0 1 26205
0 1 26206
0 1 26207
0 1 26210
0 1 26211
0 1 26212
0 1 26213
0 1 26214
0 1 26215
0 1 26218
0 1 26219
0 1 26221
0 1 26223
0 1 26224
0 1 26230
0 1 26231
0 1 26233
0 1 26236
0 1 26238
0 1 26239
0 1 26243
0 1 26246
0 1 26247
0 1 26250
0 1 26251
0 1 26253
0 1 26254
0 1 26256
0 1 26258
0 1 26259
0 1 26260
0 1 26261
0 1 26262
0 1 26263
0 1 26269
0 1 26270
0 1 26271
0 1 26274
0 1 26279
0 1 26280
0 1 26281
0 1 26282
0 1 26283
0 1 26286
0 1 26288
0 1 26292
0 1 26295
0 1 26297
0 1 26300
0 1 26303
0 1 26305
0 1 26307
0 1 26308
0 1 26312
0 1 26313
0 1 26314
0 1 26316
0 1 26317
0 1 26320
0 1 26321
0 1 26322
0 1 26326
0 1 26330
0 1 26331
0 1 26332
0 1 26334
0 1 26337
0 1 26339
0 1 26341
0 1 26344
0 1 26346
0 1 26350
0 1 26352
0 1 26353
0 1 26357
0 1 26358
0 1 26360
0 1 26364
0 1 26365
0 1 26366
0 1 26369
0 1 26371
0 1 26373
0 1 26375
0 1 26377
0 1 26378
0 1 26379
0 1 26381
0 1 26383
0 1 26390
0 1 26395
0 1 26397
0 1 26398
0 1 26399
0 1 26404
0 1 26406
0 1 26407
0 1 26413
0 1 26414
0 1 26415
0 1 26416
0 1 26419
0 1 26421
0 1 26422
0 1 26424
0 1 26425
0 1 26427
0 1 26428
0 1 26429
0 1 26431
0 1 26432
0 1 26433
0 1 26434
0 1 26435
0 1 26437
0 1 26440
0 1 26441
0 1 26442
0 1 26446
0 1 26449
0 1 26450
0 1 26451
0 1 26452
0 1 26454
0 1 26456
0 1 26457
0 1 26458
0 1 26459
0 1 26460
0 1 26465
0 1 26468
0 1 26469
0 1 26470
0 1 26472
0 1 26473
0 1 26474
0 1 26476
0 1 26478
0 1 26479
0 1 26480
0 1 26481
0 1 26484
0 1 26485
0 1 26494
0 1 26495
0 1 26497
0 1 26498
0 1 26501
0 1 26503
0 1 26504
0 1 26505
0 1 26506
0 1 26507
0 1 26508
0 1 26509
0 1 26510
0 1 26512
0 1 26513
0 1 26514
0 1 26515
0 1 26516
0 1 26518
0 1 26519
0 1 26521
0 1 26522
0 1 26525
0 1 26526
0 1 26530
0 1 26531
0 1 26532
0 1 26536
0 1 26538
0 1 26542
0 1 26544
0 1 26545
0 1 26546
0 1 26549
0 1 26552
0 1 26557
0 1 26558
0 1 26559
0 1 26561
0 1 26562
0 1 26567
0 1 26568
0 1 26573
0 1 26574
0 1 26580
0 1 26581
0 1 26582
0 1 26583
0 1 26585
0 1 26586
0 1 26587
0 1 26589
0 1 26591
0 1 26593
0 1 26594
0 1 26599
0 1 26604
0 1 26605
0 1 26608
0 1 26609
0 1 26611
0 1 26613
0 1 26615
0 1 26616
0 1 26617
0 1 26619
0 1 26622
0 1 26623
0 1 26624
0 1 26629
0 1 26631
0 1 26632
0 1 26634
0 1 26635
0 1 26638
0 1 26640
0 1 26641
0 1 26643
0 1 26646
0 1 26648
0 1 26651
0 1 26653
0 1 26658
0 1 26661
0 1 26662
0 1 26663
0 1 26664
0 1 26665
0 1 26667
0 1 26673
0 1 26677
0 1 26679
0 1 26684
0 1 26686
0 1 26687
0 1 26688
0 1 26696
0 1 26697
0 1 26698
0 1 26699
0 1 26700
0 1 26701
0 1 26702
0 1 26703
0 1 26704
0 1 26708
0 1 26709
0 1 26713
0 1 26714
0 1 26716
0 1 26719
0 1 26720
0 1 26721
0 1 26725
0 1 26726
0 1 26727
0 1 26728
0 1 26730
0 1 26737
0 1 26739
0 1 26743
0 1 26745
0 1 26746
0 1 26747
0 1 26748
0 1 26750
0 1 26751
0 1 26752
0 1 26753
0 1 26754
0 1 26756
0 1 26758
0 1 26759
0 1 26761
0 1 26762
0 1 26763
0 1 26765
0 1 26766
0 1 26767
0 1 26768
0 1 26769
0 1 26771
0 1 26773
0 1 26775
0 1 26776
0 1 26777
0 1 26778
0 1 26780
0 1 26781
0 1 26782
0 1 26784
0 1 26785
0 1 26787
0 1 26789
0 1 26793
0 1 26794
0 1 26795
0 1 26796
0 1 26797
0 1 26799
0 1 26800
0 1 26801
0 1 26802
0 1 26803
0 1 26805
0 1 26810
0 1 26814
0 1 26815
0 1 26816
0 1 26817
0 1 26820
0 1 26821
0 1 26822
0 1 26823
0 1 26827
0 1 26828
0 1 26830
0 1 26831
0 1 26832
0 1 26833
0 1 26837
0 1 26838
0 1 26841
0 1 26844
0 1 26845
0 1 26848
0 1 26851
0 1 26853
0 1 26858
0 1 26859
0 1 26861
0 1 26865
0 1 26866
0 1 26868
0 1 26869
0 1 26870
0 1 26871
0 1 26872
0 1 26873
0 1 26874
0 1 26875
0 1 26877
0 1 26882
0 1 26884
0 1 26887
0 1 26890
0 1 26891
0 1 26892
0 1 26895
0 1 26897
0 1 26900
0 1 26901
0 1 26902
0 1 26904
0 1 26905
0 1 26911
0 1 26912
0 1 26914
0 1 26919
0 1 26922
0 1 26924
0 1 26925
0 1 26926
0 1 26927
0 1 26930
0 1 26931
0 1 26933
0 1 26936
0 1 26937
0 1 26938
0 1 26941
0 1 26943
0 1 26944
0 1 26945
0 1 26946
0 1 26950
0 1 26953
0 1 26954
0 1 26955
0 1 26957
0 1 26960
0 1 26962
0 1 26964
0 1 26967
0 1 26969
0 1 26970
0 1 26971
0 1 26972
0 1 26973
0 1 26977
0 1 26979
0 1 26980
0 1 26982
0 1 26987
0 1 26988
0 1 26990
0 1 26991
0 1 26995
0 1 26996
0 1 26998
0 1 26999
0 1 27001
0 1 27007
0 1 27009
0 1 27010
0 1 27012
0 1 27014
0 1 27015
0 1 27020
0 1 27021
0 1 27022
0 1 27023
0 1 27024
0 1 27025
0 1 27026
0 1 27027
0 1 27030
0 1 27033
0 1 27035
0 1 27036
0 1 27037
0 1 27038
0 1 27039
0 1 27044
0 1 27045
0 1 27046
0 1 27051
0 1 27052
0 1 27054
0 1 27058
0 1 27059
0 1 27060
0 1 27061
0 1 27062
0 1 27064
0 1 27065
0 1 27068
0 1 27070
0 1 27074
0 1 27076
0 1 27078
0 1 27079
0 1 27080
0 1 27081
0 1 27082
0 1 27084
0 1 27085
0 1 27087
0 1 27089
0 1 27097
0 1 27101
0 1 27102
0 1 27103
0 1 27105
0 1 27106
0 1 27109
0 1 27110
0 1 27112
0 1 27114
0 1 27116
0 1 27118
0 1 27119
0 1 27122
0 1 27123
0 1 27126
0 1 27131
0 1 27134
0 1 27136
0 1 27138
0 1 27139
0 1 27140
0 1 27143
0 1 27144
0 1 27146
0 1 27149
0 1 27152
0 1 27153
0 1 27154
0 1 27155
0 1 27156
0 1 27158
0 1 27160
0 1 27161
0 1 27163
0 1 27166
0 1 27167
0 1 27168
0 1 27169
0 1 27171
0 1 27173
0 1 27175
0 1 27176
0 1 27178
0 1 27179
0 1 27180
0 1 27182
0 1 27183
0 1 27184
0 1 27186
0 1 27190
0 1 27192
0 1 27193
0 1 27197
0 1 27198
0 1 27199
0 1 27200
0 1 27201
0 1 27203
0 1 27204
0 1 27205
0 1 27207
0 1 27209
0 1 27211
0 1 27212
0 1 27213
0 1 27214
0 1 27218
0 1 27220
0 1 27221
0 1 27222
0 1 27223
0 1 27224
0 1 27228
0 1 27229
0 1 27234
0 1 27235
0 1 27236
0 1 27239
0 1 27241
0 1 27243
0 1 27244
0 1 27246
0 1 27247
0 1 27249
0 1 27251
0 1 27252
0 1 27253
0 1 27254
0 1 27255
0 1 27259
0 1 27260
0 1 27261
0 1 27263
0 1 27264
0 1 27265
0 1 27267
0 1 27268
0 1 27269
0 1 27270
0 1 27272
0 1 27275
0 1 27276
0 1 27278
0 1 27280
0 1 27281
0 1 27282
0 1 27286
0 1 27294
0 1 27295
0 1 27297
0 1 27298
0 1 27301
0 1 27302
0 1 27304
0 1 27306
0 1 27308
0 1 27309
0 1 27310
0 1 27311
0 1 27312
0 1 27313
0 1 27315
0 1 27317
0 1 27321
0 1 27322
0 1 27323
0 1 27330
0 1 27333
0 1 27337
0 1 27340
0 1 27341
0 1 27342
0 1 27343
0 1 27344
0 1 27345
0 1 27346
0 1 27347
0 1 27348
0 1 27350
0 1 27351
0 1 27354
0 1 27355
0 1 27356
0 1 27358
0 1 27361
0 1 27363
0 1 27365
0 1 27366
0 1 27367
0 1 27368
0 1 27369
0 1 27372
0 1 27373
0 1 27377
0 1 27381
0 1 27384
0 1 27385
0 1 27387
0 1 27388
0 1 27389
0 1 27392
0 1 27393
0 1 27394
0 1 27395
0 1 27396
0 1 27398
0 1 27400
0 1 27401
0 1 27404
0 1 27408
0 1 27410
0 1 27411
0 1 27412
0 1 27415
0 1 27417
0 1 27419
0 1 27420
0 1 27425
0 1 27426
0 1 27427
0 1 27430
0 1 27431
0 1 27433
0 1 27437
0 1 27439
0 1 27441
0 1 27443
0 1 27444
0 1 27449
0 1 27451
0 1 27452
0 1 27453
0 1 27456
0 1 27460
0 1 27465
0 1 27468
0 1 27470
0 1 27471
0 1 27475
0 1 27478
0 1 27479
0 1 27482
0 1 27489
0 1 27497
0 1 27498
0 1 27500
0 1 27503
0 1 27506
0 1 27507
0 1 27508
0 1 27512
0 1 27513
0 1 27514
0 1 27515
0 1 27516
0 1 27518
0 1 27519
0 1 27520
0 1 27521
0 1 27523
0 1 27524
0 1 27525
0 1 27528
0 1 27529
0 1 27530
0 1 27531
0 1 27532
0 1 27534
0 1 27537
0 1 27547
0 1 27548
0 1 27553
0 1 27555
0 1 27557
0 1 27559
0 1 27560
0 1 27561
0 1 27563
0 1 27564
0 1 27566
0 1 27567
0 1 27568
0 1 27570
0 1 27571
0 1 27572
0 1 27573
0 1 27574
0 1 27575
0 1 27576
0 1 27577
0 1 27578
0 1 27581
0 1 27582
0 1 27583
0 1 27586
0 1 27587
0 1 27589
0 1 27591
0 1 27595
0 1 27596
0 1 27597
0 1 27599
0 1 27601
0 1 27606
0 1 27607
0 1 27609
0 1 27610
0 1 27611
0 1 27612
0 1 27614
0 1 27615
0 1 27616
0 1 27618
0 1 27621
0 1 27622
0 1 27623
0 1 27624
0 1 27626
0 1 27628
0 1 27631
0 1 27634
0 1 27636
0 1 27639
0 1 27640
0 1 27641
0 1 27642
0 1 27645
0 1 27651
0 1 27652
0 1 27653
0 1 27654
0 1 27655
0 1 27658
0 1 27661
0 1 27662
0 1 27664
0 1 27666
0 1 27669
0 1 27673
0 1 27674
0 1 27675
0 1 27676
0 1 27677
0 1 27683
0 1 27685
0 1 27687
0 1 27688
0 1 27689
0 1 27690
0 1 27691
0 1 27694
0 1 27697
0 1 27698
0 1 27699
0 1 27700
0 1 27702
0 1 27703
0 1 27704
0 1 27705
0 1 27708
0 1 27709
0 1 27710
0 1 27711
0 1 27712
0 1 27714
0 1 27716
0 1 27720
0 1 27721
0 1 27722
0 1 27724
0 1 27726
0 1 27732
0 1 27733
0 1 27736
0 1 27737
0 1 27741
0 1 27743
0 1 27746
0 1 27747
0 1 27748
0 1 27750
0 1 27751
0 1 27754
0 1 27755
0 1 27756
0 1 27757
0 1 27760
0 1 27761
0 1 27764
0 1 27767
0 1 27769
0 1 27770
0 1 27773
0 1 27774
0 1 27776
0 1 27777
0 1 27779
0 1 27781
0 1 27782
0 1 27783
0 1 27784
0 1 27787
0 1 27791
0 1 27792
0 1 27793
0 1 27794
0 1 27796
0 1 27799
0 1 27801
0 1 27804
0 1 27806
0 1 27807
0 1 27810
0 1 27815
0 1 27816
0 1 27818
0 1 27821
0 1 27822
0 1 27826
0 1 27828
0 1 27829
0 1 27830
0 1 27831
0 1 27833
0 1 27834
0 1 27838
0 1 27839
0 1 27840
0 1 27842
0 1 27843
0 1 27845
0 1 27846
0 1 27850
0 1 27851
0 1 27852
0 1 27853
0 1 27856
0 1 27859
0 1 27860
0 1 27861
0 1 27863
0 1 27865
0 1 27866
0 1 27867
0 1 27868
0 1 27874
0 1 27875
0 1 27876
0 1 27877
0 1 27878
0 1 27879
0 1 27881
0 1 27882
0 1 27883
0 1 27884
0 1 27885
0 1 27888
0 1 27889
0 1 27894
0 1 27897
0 1 27899
0 1 27902
0 1 27905
0 1 27907
0 1 27911
0 1 27913
0 1 27917
0 1 27918
0 1 27919
0 1 27921
0 1 27922
0 1 27924
0 1 27927
0 1 27930
0 1 27932
0 1 27934
0 1 27935
0 1 27942
0 1 27947
0 1 27950
0 1 27951
0 1 27952
0 1 27953
0 1 27955
0 1 27958
0 1 27961
0 1 27963
0 1 27964
0 1 27965
0 1 27966
0 1 27967
0 1 27970
0 1 27972
0 1 27974
0 1 27976
0 1 27977
0 1 27979
0 1 27981
0 1 27985
0 1 27987
0 1 27991
0 1 27992
0 1 27993
0 1 27994
0 1 27996
0 1 27999
0 1 28003
0 1 28004
0 1 28007
0 1 28014
0 1 28015
0 1 28016
0 1 28020
0 1 28021
0 1 28023
0 1 28026
0 1 28027
0 1 28028
0 1 28029
0 1 28030
0 1 28031
0 1 28034
0 1 28035
0 1 28037
0 1 28038
0 1 28039
0 1 28040
0 1 28044
0 1 28048
0 1 28049
0 1 28050
0 1 28051
0 1 28052
0 1 28054
0 1 28055
0 1 28056
0 1 28057
0 1 28059
0 1 28062
0 1 28063
0 1 28064
0 1 28065
0 1 28067
0 1 28069
0 1 28071
0 1 28072
0 1 28073
0 1 28075
0 1 28076
0 1 28080
0 1 28084
0 1 28086
0 1 28087
0 1 28088
0 1 28089
0 1 28090
0 1 28091
0 1 28093
0 1 28094
0 1 28095
0 1 28096
0 1 28099
0 1 28100
0 1 28107
0 1 28110
0 1 28114
0 1 28117
0 1 28118
0 1 28119
0 1 28121
0 1 28122
0 1 28123
0 1 28125
0 1 28127
0 1 28128
0 1 28133
0 1 28135
0 1 28136
0 1 28137
0 1 28138
0 1 28139
0 1 28146
0 1 28148
0 1 28149
0 1 28150
0 1 28152
0 1 28157
0 1 28163
0 1 28164
0 1 28165
0 1 28169
0 1 28170
0 1 28172
0 1 28173
0 1 28177
0 1 28180
0 1 28184
0 1 28185
0 1 28187
0 1 28188
0 1 28191
0 1 28193
0 1 28194
0 1 28195
0 1 28196
0 1 28201
0 1 28202
0 1 28203
0 1 28207
0 1 28209
0 1 28210
0 1 28214
0 1 28215
0 1 28216
0 1 28219
0 1 28220
0 1 28221
0 1 28223
0 1 28225
0 1 28228
0 1 28229
0 1 28230
0 1 28231
0 1 28232
0 1 28233
0 1 28234
0 1 28236
0 1 28237
0 1 28238
0 1 28239
0 1 28243
0 1 28245
0 1 28246
0 1 28247
0 1 28249
0 1 28250
0 1 28254
0 1 28258
0 1 28260
0 1 28264
0 1 28265
0 1 28266
0 1 28267
0 1 28269
0 1 28272
0 1 28274
0 1 28277
0 1 28278
0 1 28279
0 1 28282
0 1 28284
0 1 28286
0 1 28287
0 1 28288
0 1 28290
0 1 28292
0 1 28293
0 1 28294
0 1 28295
0 1 28296
0 1 28297
0 1 28298
0 1 28299
0 1 28300
0 1 28301
0 1 28302
0 1 28305
0 1 28306
0 1 28307
0 1 28309
0 1 28310
0 1 28314
0 1 28319
0 1 28320
0 1 28322
0 1 28324
0 1 28326
0 1 28327
0 1 28328
0 1 28329
0 1 28331
0 1 28334
0 1 28336
0 1 28342
0 1 28346
0 1 28347
0 1 28349
0 1 28350
0 1 28351
0 1 28352
0 1 28353
0 1 28356
0 1 28358
0 1 28360
0 1 28361
0 1 28362
0 1 28363
0 1 28364
0 1 28366
0 1 28368
0 1 28369
0 1 28370
0 1 28371
0 1 28372
0 1 28373
0 1 28374
0 1 28376
0 1 28377
0 1 28378
0 1 28379
0 1 28380
0 1 28383
0 1 28385
0 1 28387
0 1 28392
0 1 28394
0 1 28395
0 1 28396
0 1 28399
0 1 28401
0 1 28403
0 1 28405
0 1 28406
0 1 28410
0 1 28413
0 1 28415
0 1 28419
0 1 28421
0 1 28425
0 1 28426
0 1 28427
0 1 28430
0 1 28432
0 1 28433
0 1 28434
0 1 28439
0 1 28441
0 1 28444
0 1 28445
0 1 28447
0 1 28451
0 1 28454
0 1 28455
0 1 28459
0 1 28460
0 1 28461
0 1 28463
0 1 28464
0 1 28465
0 1 28469
0 1 28470
0 1 28472
0 1 28474
0 1 28475
0 1 28476
0 1 28479
0 1 28480
0 1 28482
0 1 28483
0 1 28484
0 1 28489
0 1 28490
0 1 28491
0 1 28492
0 1 28493
0 1 28497
0 1 28499
0 1 28500
0 1 28503
0 1 28505
0 1 28507
0 1 28510
0 1 28511
0 1 28514
0 1 28516
0 1 28517
0 1 28518
0 1 28521
0 1 28524
0 1 28528
0 1 28531
0 1 28532
0 1 28533
0 1 28534
0 1 28535
0 1 28537
0 1 28538
0 1 28539
0 1 28540
0 1 28543
0 1 28544
0 1 28546
0 1 28547
0 1 28549
0 1 28554
0 1 28556
0 1 28557
0 1 28559
0 1 28560
0 1 28561
0 1 28562
0 1 28566
0 1 28567
0 1 28568
0 1 28569
0 1 28570
0 1 28571
0 1 28573
0 1 28574
0 1 28579
0 1 28580
0 1 28584
0 1 28589
0 1 28591
0 1 28593
0 1 28594
0 1 28595
0 1 28600
0 1 28601
0 1 28602
0 1 28603
0 1 28604
0 1 28605
0 1 28607
0 1 28609
0 1 28610
0 1 28613
0 1 28615
0 1 28616
0 1 28617
0 1 28618
0 1 28619
0 1 28622
0 1 28623
0 1 28625
0 1 28629
0 1 28631
0 1 28633
0 1 28634
0 1 28635
0 1 28637
0 1 28642
0 1 28643
0 1 28644
0 1 28646
0 1 28647
0 1 28653
0 1 28655
0 1 28657
0 1 28658
0 1 28660
0 1 28661
0 1 28663
0 1 28664
0 1 28665
0 1 28666
0 1 28667
0 1 28668
0 1 28669
0 1 28670
0 1 28673
0 1 28675
0 1 28679
0 1 28681
0 1 28683
0 1 28686
0 1 28688
0 1 28690
0 1 28691
0 1 28692
0 1 28694
0 1 28696
0 1 28697
0 1 28698
0 1 28700
0 1 28701
0 1 28703
0 1 28705
0 1 28706
0 1 28707
0 1 28708
0 1 28715
0 1 28717
0 1 28718
0 1 28721
0 1 28723
0 1 28724
0 1 28725
0 1 28726
0 1 28727
0 1 28729
0 1 28733
0 1 28736
0 1 28737
0 1 28738
0 1 28739
0 1 28742
0 1 28743
0 1 28745
0 1 28746
0 1 28747
0 1 28748
0 1 28750
0 1 28751
0 1 28753
0 1 28754
0 1 28755
0 1 28758
0 1 28759
0 1 28762
0 1 28764
0 1 28765
0 1 28767
0 1 28770
0 1 28774
0 1 28775
0 1 28776
0 1 28778
0 1 28781
0 1 28786
0 1 28787
0 1 28792
0 1 28794
0 1 28796
0 1 28803
0 1 28805
0 1 28808
0 1 28809
0 1 28810
0 1 28811
0 1 28817
0 1 28818
0 1 28819
0 1 28820
0 1 28822
0 1 28823
0 1 28825
0 1 28827
0 1 28829
0 1 28831
0 1 28833
0 1 28834
0 1 28835
0 1 28837
0 1 28839
0 1 28840
0 1 28841
0 1 28843
0 1 28844
0 1 28846
0 1 28847
0 1 28848
0 1 28849
0 1 28850
0 1 28851
0 1 28854
0 1 28855
0 1 28856
0 1 28859
0 1 28860
0 1 28863
0 1 28864
0 1 28869
0 1 28871
0 1 28875
0 1 28877
0 1 28878
0 1 28881
0 1 28888
0 1 28889
0 1 28891
0 1 28892
0 1 28893
0 1 28896
0 1 28899
0 1 28901
0 1 28902
0 1 28903
0 1 28904
0 1 28908
0 1 28920
0 1 28922
0 1 28923
0 1 28924
0 1 28926
0 1 28928
0 1 28931
0 1 28933
0 1 28934
0 1 28935
0 1 28936
0 1 28937
0 1 28940
0 1 28941
0 1 28943
0 1 28947
0 1 28948
0 1 28956
0 1 28960
0 1 28961
0 1 28965
0 1 28966
0 1 28968
0 1 28974
0 1 28977
0 1 28978
0 1 28981
0 1 28983
0 1 28987
0 1 28988
0 1 28989
0 1 28991
0 1 28993
0 1 28994
0 1 28995
0 1 28997
0 1 28998
0 1 29000
0 1 29002
0 1 29003
0 1 29004
0 1 29005
0 1 29006
0 1 29008
0 1 29012
0 1 29014
0 1 29015
0 1 29020
0 1 29023
0 1 29024
0 1 29028
0 1 29029
0 1 29034
0 1 29039
0 1 29040
0 1 29042
0 1 29043
0 1 29044
0 1 29045
0 1 29047
0 1 29048
0 1 29049
0 1 29050
0 1 29051
0 1 29054
0 1 29061
0 1 29062
0 1 29063
0 1 29066
0 1 29067
0 1 29069
0 1 29070
0 1 29073
0 1 29076
0 1 29079
0 1 29080
0 1 29082
0 1 29086
0 1 29087
0 1 29088
0 1 29091
0 1 29092
0 1 29093
0 1 29098
0 1 29099
0 1 29101
0 1 29104
0 1 29105
0 1 29106
0 1 29108
0 1 29109
0 1 29110
0 1 29112
0 1 29117
0 1 29118
0 1 29119
0 1 29120
0 1 29123
0 1 29124
0 1 29127
0 1 29128
0 1 29129
0 1 29131
0 1 29135
0 1 29138
0 1 29141
0 1 29143
0 1 29144
0 1 29145
0 1 29146
0 1 29148
0 1 29152
0 1 29155
0 1 29156
0 1 29157
0 1 29159
0 1 29163
0 1 29164
0 1 29172
0 1 29174
0 1 29176
0 1 29178
0 1 29179
0 1 29183
0 1 29184
0 1 29186
0 1 29189
0 1 29190
0 1 29191
0 1 29196
0 1 29199
0 1 29200
0 1 29203
0 1 29205
0 1 29206
0 1 29207
0 1 29208
0 1 29210
0 1 29212
0 1 29217
0 1 29218
0 1 29220
0 1 29221
0 1 29223
0 1 29224
0 1 29225
0 1 29226
0 1 29229
0 1 29231
0 1 29233
0 1 29235
0 1 29236
0 1 29237
0 1 29238
0 1 29239
0 1 29240
0 1 29241
0 1 29243
0 1 29247
0 1 29249
0 1 29251
0 1 29253
0 1 29256
0 1 29257
0 1 29258
0 1 29259
0 1 29260
0 1 29265
0 1 29267
0 1 29269
0 1 29271
0 1 29274
0 1 29276
0 1 29277
0 1 29284
0 1 29288
0 1 29290
0 1 29291
0 1 29292
0 1 29293
0 1 29294
0 1 29297
0 1 29299
0 1 29300
0 1 29301
0 1 29302
0 1 29304
0 1 29307
0 1 29309
0 1 29312
0 1 29313
0 1 29315
0 1 29316
0 1 29318
0 1 29319
0 1 29321
0 1 29322
0 1 29324
0 1 29325
0 1 29327
0 1 29328
0 1 29330
0 1 29332
0 1 29335
0 1 29336
0 1 29338
0 1 29339
0 1 29345
0 1 29347
0 1 29348
0 1 29351
0 1 29355
0 1 29357
0 1 29364
0 1 29365
0 1 29366
0 1 29367
0 1 29368
0 1 29369
0 1 29372
0 1 29374
0 1 29376
0 1 29377
0 1 29378
0 1 29380
0 1 29382
0 1 29383
0 1 29384
0 1 29385
0 1 29388
0 1 29389
0 1 29391
0 1 29393
0 1 29394
0 1 29396
0 1 29397
0 1 29404
0 1 29407
0 1 29408
0 1 29412
0 1 29414
0 1 29415
0 1 29416
0 1 29418
0 1 29419
0 1 29421
0 1 29422
0 1 29424
0 1 29425
0 1 29426
0 1 29430
0 1 29431
0 1 29435
0 1 29436
0 1 29437
0 1 29438
0 1 29440
0 1 29442
0 1 29443
0 1 29444
0 1 29445
0 1 29446
0 1 29447
0 1 29452
0 1 29453
0 1 29454
0 1 29456
0 1 29458
0 1 29459
0 1 29461
0 1 29463
0 1 29467
0 1 29468
0 1 29473
0 1 29477
0 1 29480
0 1 29484
0 1 29485
0 1 29487
0 1 29489
0 1 29490
0 1 29494
0 1 29495
0 1 29499
0 1 29500
0 1 29502
0 1 29505
0 1 29506
0 1 29510
0 1 29513
0 1 29519
0 1 29522
0 1 29525
0 1 29529
0 1 29531
0 1 29534
0 1 29537
0 1 29539
0 1 29541
0 1 29542
0 1 29544
0 1 29545
0 1 29546
0 1 29547
0 1 29548
0 1 29551
0 1 29552
0 1 29555
0 1 29556
0 1 29557
0 1 29558
0 1 29559
0 1 29560
0 1 29561
0 1 29562
0 1 29564
0 1 29568
0 1 29573
0 1 29574
0 1 29581
0 1 29582
0 1 29584
0 1 29586
0 1 29587
0 1 29588
0 1 29590
0 1 29591
0 1 29593
0 1 29594
0 1 29597
0 1 29599
0 1 29601
0 1 29602
0 1 29603
0 1 29606
0 1 29607
0 1 29608
0 1 29609
0 1 29611
0 1 29613
0 1 29614
0 1 29616
0 1 29618
0 1 29621
0 1 29622
0 1 29623
0 1 29626
0 1 29631
0 1 29635
0 1 29636
0 1 29637
0 1 29638
0 1 29639
0 1 29640
0 1 29641
0 1 29642
0 1 29643
0 1 29645
0 1 29648
0 1 29652
0 1 29653
0 1 29654
0 1 29655
0 1 29656
0 1 29657
0 1 29658
0 1 29659
0 1 29661
0 1 29662
0 1 29665
0 1 29669
0 1 29672
0 1 29673
0 1 29674
0 1 29675
0 1 29681
0 1 29682
0 1 29683
0 1 29689
0 1 29690
0 1 29693
0 1 29694
0 1 29695
0 1 29696
0 1 29700
0 1 29703
0 1 29705
0 1 29710
0 1 29711
0 1 29717
0 1 29718
0 1 29719
0 1 29722
0 1 29724
0 1 29729
0 1 29731
0 1 29732
0 1 29733
0 1 29735
0 1 29736
0 1 29742
0 1 29743
0 1 29744
0 1 29748
0 1 29749
0 1 29751
0 1 29754
0 1 29755
0 1 29756
0 1 29758
0 1 29762
0 1 29765
0 1 29768
0 1 29770
0 1 29771
0 1 29774
0 1 29775
0 1 29776
0 1 29777
0 1 29779
0 1 29781
0 1 29783
0 1 29784
0 1 29788
0 1 29789
0 1 29791
0 1 29792
0 1 29793
0 1 29798
0 1 29800
0 1 29801
0 1 29802
0 1 29803
0 1 29804
0 1 29806
0 1 29807
0 1 29808
0 1 29809
0 1 29810
0 1 29814
0 1 29815
0 1 29821
0 1 29822
0 1 29825
0 1 29826
0 1 29827
0 1 29828
0 1 29830
0 1 29831
0 1 29833
0 1 29835
0 1 29841
0 1 29842
0 1 29845
0 1 29847
0 1 29855
0 1 29857
0 1 29858
0 1 29859
0 1 29860
0 1 29863
0 1 29865
0 1 29866
0 1 29869
0 1 29870
0 1 29871
0 1 29874
0 1 29875
0 1 29876
0 1 29877
0 1 29883
0 1 29885
0 1 29886
0 1 29887
0 1 29890
0 1 29891
0 1 29892
0 1 29894
0 1 29895
0 1 29896
0 1 29899
0 1 29900
0 1 29903
0 1 29904
0 1 29906
0 1 29907
0 1 29908
0 1 29911
0 1 29912
0 1 29913
0 1 29915
0 1 29919
0 1 29920
0 1 29923
0 1 29925
0 1 29927
0 1 29929
0 1 29930
0 1 29934
0 1 29935
0 1 29936
0 1 29937
0 1 29938
0 1 29939
0 1 29942
0 1 29943
0 1 29944
0 1 29946
0 1 29947
0 1 29949
0 1 29951
0 1 29952
0 1 29953
0 1 29955
0 1 29957
0 1 29958
0 1 29959
0 1 29960
0 1 29961
0 1 29964
0 1 29966
0 1 29968
0 1 29972
0 1 29973
0 1 29975
0 1 29976
0 1 29978
0 1 29983
0 1 29989
0 1 29990
0 1 29996
0 1 29997
0 1 30004
0 1 30005
0 1 30006
0 1 30007
0 1 30012
0 1 30013
0 1 30016
0 1 30021
0 1 30024
0 1 30026
0 1 30027
0 1 30029
0 1 30031
0 1 30032
0 1 30037
0 1 30040
0 1 30041
0 1 30042
0 1 30046
0 1 30051
0 1 30052
0 1 30055
0 1 30056
0 1 30057
0 1 30059
0 1 30060
0 1 30063
0 1 30067
0 1 30072
0 1 30076
0 1 30078
0 1 30079
0 1 30082
0 1 30084
0 1 30086
0 1 30088
0 1 30090
0 1 30092
0 1 30098
0 1 30099
0 1 30100
0 1 30101
0 1 30102
0 1 30103
0 1 30105
0 1 30107
0 1 30108
0 1 30110
0 1 30112
0 1 30114
0 1 30116
0 1 30117
0 1 30118
0 1 30119
0 1 30120
0 1 30121
0 1 30123
0 1 30125
0 1 30132
0 1 30134
0 1 30136
0 1 30139
0 1 30140
0 1 30143
0 1 30145
0 1 30147
0 1 30148
0 1 30150
0 1 30153
0 1 30156
0 1 30159
0 1 30160
0 1 30161
0 1 30164
0 1 30165
0 1 30166
0 1 30167
0 1 30170
0 1 30171
0 1 30174
0 1 30175
0 1 30177
0 1 30180
0 1 30182
0 1 30185
0 1 30187
0 1 30189
0 1 30190
0 1 30191
0 1 30194
0 1 30196
0 1 30206
0 1 30213
0 1 30215
0 1 30218
0 1 30223
0 1 30224
0 1 30225
0 1 30226
0 1 30227
0 1 30230
0 1 30231
0 1 30232
0 1 30233
0 1 30235
0 1 30236
0 1 30239
0 1 30240
0 1 30241
0 1 30243
0 1 30246
0 1 30248
0 1 30253
0 1 30257
0 1 30259
0 1 30260
0 1 30261
0 1 30263
0 1 30265
0 1 30268
0 1 30270
0 1 30273
0 1 30274
0 1 30277
0 1 30278
0 1 30280
0 1 30282
0 1 30283
0 1 30284
0 1 30285
0 1 30286
0 1 30289
0 1 30291
0 1 30294
0 1 30295
0 1 30299
0 1 30300
0 1 30301
0 1 30303
0 1 30304
0 1 30307
0 1 30310
0 1 30315
0 1 30316
0 1 30319
0 1 30324
0 1 30330
0 1 30331
0 1 30332
0 1 30334
0 1 30336
0 1 30339
0 1 30341
0 1 30343
0 1 30344
0 1 30345
0 1 30347
0 1 30348
0 1 30349
0 1 30351
0 1 30352
0 1 30354
0 1 30355
0 1 30356
0 1 30358
0 1 30359
0 1 30360
0 1 30362
0 1 30364
0 1 30366
0 1 30370
0 1 30376
0 1 30377
0 1 30379
0 1 30381
0 1 30382
0 1 30384
0 1 30385
0 1 30387
0 1 30389
0 1 30393
0 1 30396
0 1 30398
0 1 30400
0 1 30402
0 1 30403
0 1 30404
0 1 30405
0 1 30407
0 1 30408
0 1 30411
0 1 30412
0 1 30414
0 1 30415
0 1 30417
0 1 30421
0 1 30425
0 1 30433
0 1 30436
0 1 30439
0 1 30440
0 1 30441
0 1 30442
0 1 30443
0 1 30448
0 1 30449
0 1 30453
0 1 30456
0 1 30457
0 1 30458
0 1 30459
0 1 30460
0 1 30461
0 1 30463
0 1 30464
0 1 30465
0 1 30467
0 1 30468
0 1 30469
0 1 30470
0 1 30472
0 1 30475
0 1 30477
0 1 30479
0 1 30481
0 1 30482
0 1 30483
0 1 30486
0 1 30489
0 1 30491
0 1 30492
0 1 30494
0 1 30498
0 1 30501
0 1 30502
0 1 30503
0 1 30513
0 1 30516
0 1 30518
0 1 30522
0 1 30523
0 1 30524
0 1 30525
0 1 30526
0 1 30531
0 1 30535
0 1 30539
0 1 30541
0 1 30542
0 1 30543
0 1 30544
0 1 30547
0 1 30550
0 1 30554
0 1 30557
0 1 30560
0 1 30562
0 1 30563
0 1 30567
0 1 30570
0 1 30573
0 1 30574
0 1 30575
0 1 30577
0 1 30580
0 1 30583
0 1 30584
0 1 30586
0 1 30588
0 1 30590
0 1 30591
0 1 30593
0 1 30594
0 1 30595
0 1 30596
0 1 30597
0 1 30598
0 1 30599
0 1 30600
0 1 30601
0 1 30603
0 1 30604
0 1 30607
0 1 30608
0 1 30609
0 1 30611
0 1 30614
0 1 30617
0 1 30618
0 1 30622
0 1 30623
0 1 30624
0 1 30627
0 1 30629
0 1 30632
0 1 30633
0 1 30635
0 1 30636
0 1 30637
0 1 30638
0 1 30639
0 1 30641
0 1 30643
0 1 30645
0 1 30648
0 1 30649
0 1 30650
0 1 30651
0 1 30652
0 1 30659
0 1 30660
0 1 30661
0 1 30663
0 1 30664
0 1 30665
0 1 30667
0 1 30670
0 1 30671
0 1 30672
0 1 30674
0 1 30675
0 1 30676
0 1 30678
0 1 30679
0 1 30680
0 1 30682
0 1 30684
0 1 30686
0 1 30687
0 1 30688
0 1 30690
0 1 30691
0 1 30692
0 1 30694
0 1 30697
0 1 30699
0 1 30701
0 1 30702
0 1 30705
0 1 30707
0 1 30708
0 1 30710
0 1 30713
0 1 30714
0 1 30715
0 1 30719
0 1 30721
0 1 30722
0 1 30723
0 1 30725
0 1 30730
0 1 30733
0 1 30735
0 1 30737
0 1 30740
0 1 30741
0 1 30742
0 1 30743
0 1 30747
0 1 30748
0 1 30749
0 1 30750
0 1 30752
0 1 30754
0 1 30757
0 1 30758
0 1 30761
0 1 30764
0 1 30765
0 1 30766
0 1 30768
0 1 30769
0 1 30773
0 1 30774
0 1 30776
0 1 30784
0 1 30786
0 1 30787
0 1 30789
0 1 30798
0 1 30799
0 1 30805
0 1 30810
0 1 30811
0 1 30812
0 1 30813
0 1 30814
0 1 30815
0 1 30816
0 1 30817
0 1 30821
0 1 30822
0 1 30823
0 1 30824
0 1 30826
0 1 30829
0 1 30830
0 1 30831
0 1 30832
0 1 30834
0 1 30837
0 1 30838
0 1 30841
0 1 30842
0 1 30844
0 1 30845
0 1 30847
0 1 30849
0 1 30851
0 1 30855
0 1 30858
0 1 30860
0 1 30861
0 1 30866
0 1 30869
0 1 30871
0 1 30872
0 1 30875
0 1 30876
0 1 30879
0 1 30881
0 1 30882
0 1 30883
0 1 30888
0 1 30891
0 1 30892
0 1 30893
0 1 30894
0 1 30896
0 1 30904
0 1 30909
0 1 30911
0 1 30914
0 1 30919
0 1 30920
0 1 30921
0 1 30922
0 1 30923
0 1 30924
0 1 30927
0 1 30928
0 1 30929
0 1 30930
0 1 30932
0 1 30933
0 1 30935
0 1 30938
0 1 30939
0 1 30940
0 1 30941
0 1 30942
0 1 30945
0 1 30947
0 1 30948
0 1 30949
0 1 30953
0 1 30954
0 1 30955
0 1 30957
0 1 30959
0 1 30961
0 1 30964
0 1 30967
0 1 30968
0 1 30969
0 1 30970
0 1 30973
0 1 30976
0 1 30977
0 1 30979
0 1 30981
0 1 30982
0 1 30983
0 1 30984
0 1 30987
0 1 30989
0 1 30991
0 1 30992
0 1 30996
0 1 30997
0 1 30998
0 1 31000
0 1 31002
0 1 31004
0 1 31005
0 1 31006
0 1 31010
0 1 31012
0 1 31014
0 1 31015
0 1 31016
0 1 31017
0 1 31019
0 1 31021
0 1 31022
0 1 31024
0 1 31026
0 1 31029
0 1 31030
0 1 31031
0 1 31033
0 1 31034
0 1 31035
0 1 31036
0 1 31037
0 1 31039
0 1 31043
0 1 31044
0 1 31045
0 1 31046
0 1 31048
0 1 31053
0 1 31054
0 1 31058
0 1 31061
0 1 31063
0 1 31064
0 1 31065
0 1 31066
0 1 31069
0 1 31071
0 1 31072
0 1 31075
0 1 31080
0 1 31085
0 1 31087
0 1 31088
0 1 31089
0 1 31092
0 1 31093
0 1 31095
0 1 31096
0 1 31098
0 1 31099
0 1 31103
0 1 31108
0 1 31110
0 1 31114
0 1 31115
0 1 31116
0 1 31118
0 1 31119
0 1 31121
0 1 31122
0 1 31125
0 1 31126
0 1 31128
0 1 31131
0 1 31137
0 1 31138
0 1 31139
0 1 31140
0 1 31147
0 1 31148
0 1 31153
0 1 31158
0 1 31160
0 1 31161
0 1 31162
0 1 31164
0 1 31165
0 1 31166
0 1 31167
0 1 31170
0 1 31173
0 1 31174
0 1 31176
0 1 31177
0 1 31178
0 1 31179
0 1 31180
0 1 31181
0 1 31183
0 1 31184
0 1 31185
0 1 31186
0 1 31188
0 1 31189
0 1 31190
0 1 31194
0 1 31198
0 1 31199
0 1 31200
0 1 31201
0 1 31202
0 1 31203
0 1 31204
0 1 31206
0 1 31207
0 1 31213
0 1 31216
0 1 31217
0 1 31218
0 1 31221
0 1 31223
0 1 31224
0 1 31225
0 1 31226
0 1 31227
0 1 31228
0 1 31229
0 1 31230
0 1 31233
0 1 31237
0 1 31238
0 1 31239
0 1 31241
0 1 31242
0 1 31245
0 1 31248
0 1 31249
0 1 31253
0 1 31255
0 1 31256
0 1 31259
0 1 31262
0 1 31266
0 1 31267
0 1 31268
0 1 31270
0 1 31271
0 1 31273
0 1 31274
0 1 31277
0 1 31278
0 1 31279
0 1 31281
0 1 31282
0 1 31284
0 1 31285
0 1 31287
0 1 31291
0 1 31295
0 1 31296
0 1 31301
0 1 31302
0 1 31303
0 1 31304
0 1 31307
0 1 31311
0 1 31314
0 1 31317
0 1 31318
0 1 31320
0 1 31322
0 1 31327
0 1 31329
0 1 31335
0 1 31337
0 1 31338
0 1 31339
0 1 31341
0 1 31342
0 1 31344
0 1 31346
0 1 31347
0 1 31349
0 1 31351
0 1 31353
0 1 31355
0 1 31356
0 1 31358
0 1 31359
0 1 31361
0 1 31364
0 1 31368
0 1 31369
0 1 31370
0 1 31372
0 1 31373
0 1 31379
0 1 31381
0 1 31383
0 1 31384
0 1 31386
0 1 31388
0 1 31389
0 1 31390
0 1 31391
0 1 31392
0 1 31393
0 1 31395
0 1 31396
0 1 31401
0 1 31403
0 1 31405
0 1 31406
0 1 31407
0 1 31410
0 1 31413
0 1 31414
0 1 31415
0 1 31418
0 1 31422
0 1 31423
0 1 31425
0 1 31427
0 1 31428
0 1 31436
0 1 31437
0 1 31438
0 1 31440
0 1 31445
0 1 31446
0 1 31450
0 1 31455
0 1 31456
0 1 31457
0 1 31462
0 1 31463
0 1 31464
0 1 31465
0 1 31467
0 1 31468
0 1 31470
0 1 31471
0 1 31475
0 1 31476
0 1 31478
0 1 31479
0 1 31480
0 1 31482
0 1 31484
0 1 31485
0 1 31488
0 1 31489
0 1 31490
0 1 31491
0 1 31492
0 1 31494
0 1 31500
0 1 31502
0 1 31503
0 1 31504
0 1 31509
0 1 31510
0 1 31512
0 1 31515
0 1 31516
0 1 31520
0 1 31521
0 1 31522
0 1 31523
0 1 31525
0 1 31529
0 1 31530
0 1 31531
0 1 31535
0 1 31538
0 1 31539
0 1 31540
0 1 31541
0 1 31542
0 1 31543
0 1 31544
0 1 31545
0 1 31547
0 1 31548
0 1 31550
0 1 31551
0 1 31552
0 1 31553
0 1 31556
0 1 31559
0 1 31565
0 1 31566
0 1 31567
0 1 31568
0 1 31571
0 1 31572
0 1 31573
0 1 31577
0 1 31578
0 1 31579
0 1 31580
0 1 31584
0 1 31587
0 1 31588
0 1 31592
0 1 31596
0 1 31597
0 1 31599
0 1 31603
0 1 31608
0 1 31609
0 1 31610
0 1 31611
0 1 31612
0 1 31614
0 1 31615
0 1 31622
0 1 31627
0 1 31630
0 1 31631
0 1 31633
0 1 31637
0 1 31641
0 1 31643
0 1 31648
0 1 31649
0 1 31650
0 1 31651
0 1 31653
0 1 31654
0 1 31657
0 1 31658
0 1 31660
0 1 31663
0 1 31664
0 1 31666
0 1 31668
0 1 31670
0 1 31671
0 1 31672
0 1 31675
0 1 31676
0 1 31677
0 1 31678
0 1 31679
0 1 31680
0 1 31681
0 1 31682
0 1 31683
0 1 31685
0 1 31686
0 1 31687
0 1 31691
0 1 31696
0 1 31698
0 1 31700
0 1 31702
0 1 31703
0 1 31704
0 1 31705
0 1 31708
0 1 31709
0 1 31710
0 1 31711
0 1 31712
0 1 31715
0 1 31719
0 1 31720
0 1 31721
0 1 31723
0 1 31724
0 1 31725
0 1 31726
0 1 31729
0 1 31731
0 1 31735
0 1 31736
0 1 31738
0 1 31740
0 1 31741
0 1 31742
0 1 31744
0 1 31745
0 1 31749
0 1 31750
0 1 31751
0 1 31753
0 1 31754
0 1 31755
0 1 31756
0 1 31763
0 1 31766
0 1 31767
0 1 31768
0 1 31769
0 1 31774
0 1 31775
0 1 31776
0 1 31778
0 1 31782
0 1 31783
0 1 31785
0 1 31788
0 1 31791
0 1 31794
0 1 31795
0 1 31797
0 1 31799
0 1 31800
0 1 31802
0 1 31803
0 1 31804
0 1 31806
0 1 31807
0 1 31809
0 1 31810
0 1 31811
0 1 31812
0 1 31814
0 1 31815
0 1 31816
0 1 31818
0 1 31819
0 1 31820
0 1 31822
0 1 31823
0 1 31825
0 1 31826
0 1 31827
0 1 31828
0 1 31829
0 1 31830
0 1 31832
0 1 31833
0 1 31835
0 1 31838
0 1 31839
0 1 31842
0 1 31843
0 1 31845
0 1 31846
0 1 31848
0 1 31851
0 1 31853
0 1 31855
0 1 31856
0 1 31857
0 1 31860
0 1 31861
0 1 31862
0 1 31865
0 1 31870
0 1 31873
0 1 31875
0 1 31876
0 1 31878
0 1 31881
0 1 31884
0 1 31885
0 1 31886
0 1 31888
0 1 31891
0 1 31892
0 1 31893
0 1 31894
0 1 31895
0 1 31896
0 1 31897
0 1 31898
0 1 31900
0 1 31902
0 1 31904
0 1 31905
0 1 31906
0 1 31907
0 1 31908
0 1 31913
0 1 31915
0 1 31917
0 1 31922
0 1 31927
0 1 31928
0 1 31929
0 1 31930
0 1 31934
0 1 31935
0 1 31936
0 1 31937
0 1 31939
0 1 31941
0 1 31942
0 1 31943
0 1 31944
0 1 31945
0 1 31947
0 1 31950
0 1 31951
0 1 31952
0 1 31954
0 1 31956
0 1 31958
0 1 31962
0 1 31963
0 1 31964
0 1 31965
0 1 31967
0 1 31968
0 1 31969
0 1 31972
0 1 31973
0 1 31974
0 1 31975
0 1 31977
0 1 31981
0 1 31982
0 1 31983
0 1 31988
0 1 31989
0 1 31994
0 1 31995
0 1 31997
0 1 31999
0 1 32001
0 1 32007
0 1 32008
0 1 32009
0 1 32017
0 1 32018
0 1 32021
0 1 32022
0 1 32024
0 1 32025
0 1 32034
0 1 32036
0 1 32037
0 1 32039
0 1 32040
0 1 32041
0 1 32043
0 1 32044
0 1 32050
0 1 32051
0 1 32053
0 1 32054
0 1 32056
0 1 32057
0 1 32058
0 1 32061
0 1 32064
0 1 32066
0 1 32067
0 1 32069
0 1 32070
0 1 32071
0 1 32073
0 1 32074
0 1 32076
0 1 32077
0 1 32078
0 1 32082
0 1 32083
0 1 32084
0 1 32085
0 1 32086
0 1 32087
0 1 32088
0 1 32094
0 1 32095
0 1 32096
0 1 32097
0 1 32098
0 1 32099
0 1 32107
0 1 32110
0 1 32113
0 1 32114
0 1 32115
0 1 32117
0 1 32118
0 1 32119
0 1 32120
0 1 32122
0 1 32124
0 1 32125
0 1 32126
0 1 32130
0 1 32133
0 1 32134
0 1 32135
0 1 32136
0 1 32138
0 1 32140
0 1 32141
0 1 32143
0 1 32145
0 1 32146
0 1 32148
0 1 32150
0 1 32151
0 1 32153
0 1 32155
0 1 32156
0 1 32160
0 1 32162
0 1 32163
0 1 32164
0 1 32165
0 1 32167
0 1 32170
0 1 32175
0 1 32176
0 1 32177
0 1 32181
0 1 32182
0 1 32184
0 1 32186
0 1 32187
0 1 32189
0 1 32190
0 1 32191
0 1 32192
0 1 32193
0 1 32194
0 1 32197
0 1 32198
0 1 32202
0 1 32203
0 1 32204
0 1 32206
0 1 32207
0 1 32208
0 1 32209
0 1 32212
0 1 32213
0 1 32214
0 1 32216
0 1 32217
0 1 32218
0 1 32220
0 1 32221
0 1 32223
0 1 32224
0 1 32226
0 1 32228
0 1 32229
0 1 32231
0 1 32233
0 1 32235
0 1 32236
0 1 32239
0 1 32240
0 1 32246
0 1 32249
0 1 32250
0 1 32256
0 1 32257
0 1 32258
0 1 32261
0 1 32265
0 1 32269
0 1 32270
0 1 32271
0 1 32272
0 1 32273
0 1 32277
0 1 32282
0 1 32283
0 1 32284
0 1 32286
0 1 32289
0 1 32291
0 1 32293
0 1 32295
0 1 32299
0 1 32300
0 1 32301
0 1 32302
0 1 32305
0 1 32306
0 1 32307
0 1 32308
0 1 32310
0 1 32313
0 1 32316
0 1 32317
0 1 32318
0 1 32320
0 1 32321
0 1 32322
0 1 32323
0 1 32325
0 1 32326
0 1 32327
0 1 32329
0 1 32330
0 1 32331
0 1 32334
0 1 32336
0 1 32337
0 1 32344
0 1 32345
0 1 32347
0 1 32349
0 1 32352
0 1 32357
0 1 32358
0 1 32359
0 1 32360
0 1 32362
0 1 32363
0 1 32368
0 1 32369
0 1 32370
0 1 32371
0 1 32373
0 1 32374
0 1 32377
0 1 32378
0 1 32379
0 1 32380
0 1 32381
0 1 32386
0 1 32389
0 1 32390
0 1 32391
0 1 32392
0 1 32393
0 1 32395
0 1 32397
0 1 32398
0 1 32405
0 1 32408
0 1 32409
0 1 32410
0 1 32413
0 1 32414
0 1 32416
0 1 32417
0 1 32418
0 1 32420
0 1 32421
0 1 32422
0 1 32423
0 1 32426
0 1 32429
0 1 32431
0 1 32434
0 1 32435
0 1 32437
0 1 32438
0 1 32439
0 1 32442
0 1 32444
0 1 32445
0 1 32447
0 1 32449
0 1 32456
0 1 32460
0 1 32463
0 1 32466
0 1 32467
0 1 32468
0 1 32469
0 1 32471
0 1 32474
0 1 32475
0 1 32476
0 1 32481
0 1 32484
0 1 32485
0 1 32486
0 1 32489
0 1 32493
0 1 32495
0 1 32497
0 1 32499
0 1 32501
0 1 32502
0 1 32503
0 1 32508
0 1 32509
0 1 32510
0 1 32512
0 1 32514
0 1 32516
0 1 32522
0 1 32524
0 1 32525
0 1 32531
0 1 32534
0 1 32535
0 1 32536
0 1 32537
0 1 32540
0 1 32541
0 1 32543
0 1 32545
0 1 32546
0 1 32550
0 1 32551
0 1 32556
0 1 32564
0 1 32565
0 1 32568
0 1 32570
0 1 32573
0 1 32574
0 1 32575
0 1 32576
0 1 32578
0 1 32580
0 1 32581
0 1 32582
0 1 32584
0 1 32587
0 1 32588
0 1 32589
0 1 32590
0 1 32591
0 1 32593
0 1 32594
0 1 32595
0 1 32599
0 1 32600
0 1 32601
0 1 32604
0 1 32605
0 1 32606
0 1 32607
0 1 32610
0 1 32614
0 1 32617
0 1 32619
0 1 32623
0 1 32624
0 1 32625
0 1 32629
0 1 32631
0 1 32632
0 1 32637
0 1 32638
0 1 32640
0 1 32642
0 1 32644
0 1 32645
0 1 32647
0 1 32648
0 1 32651
0 1 32653
0 1 32654
0 1 32655
0 1 32660
0 1 32661
0 1 32662
0 1 32663
0 1 32666
0 1 32667
0 1 32672
0 1 32673
0 1 32674
0 1 32675
0 1 32676
0 1 32677
0 1 32678
0 1 32681
0 1 32687
0 1 32688
0 1 32695
0 1 32696
0 1 32699
0 1 32702
0 1 32703
0 1 32704
0 1 32715
0 1 32716
0 1 32718
0 1 32719
0 1 32720
0 1 32721
0 1 32722
0 1 32730
0 1 32732
0 1 32735
0 1 32737
0 1 32738
0 1 32739
0 1 32740
0 1 32743
0 1 32746
0 1 32747
0 1 32749
0 1 32750
0 1 32751
0 1 32755
0 1 32758
0 1 32760
0 1 32768
0 1 32771
0 1 32774
0 1 32776
0 1 32777
0 1 32780
0 1 32783
0 1 32784
0 1 32785
0 1 32788
0 1 32790
0 1 32791
0 1 32792
0 1 32793
0 1 32794
0 1 32795
0 1 32796
0 1 32797
0 1 32798
0 1 32799
0 1 32800
0 1 32801
0 1 32802
0 1 32806
0 1 32810
0 1 32811
0 1 32814
0 1 32820
0 1 32823
0 1 32824
0 1 32825
0 1 32827
0 1 32828
0 1 32830
0 1 32831
0 1 32834
0 1 32837
0 1 32840
0 1 32841
0 1 32843
0 1 32844
0 1 32845
0 1 32849
0 1 32851
0 1 32852
0 1 32857
0 1 32859
0 1 32861
0 1 32865
0 1 32866
0 1 32867
0 1 32868
0 1 32869
0 1 32870
0 1 32871
0 1 32873
0 1 32874
0 1 32876
0 1 32877
0 1 32880
0 1 32883
0 1 32886
0 1 32887
0 1 32888
0 1 32890
0 1 32892
0 1 32893
0 1 32894
0 1 32896
0 1 32897
0 1 32899
0 1 32901
0 1 32902
0 1 32903
0 1 32904
0 1 32905
0 1 32907
0 1 32909
0 1 32910
0 1 32913
0 1 32917
0 1 32919
0 1 32920
0 1 32921
0 1 32924
0 1 32927
0 1 32929
0 1 32930
0 1 32932
0 1 32936
0 1 32937
0 1 32938
0 1 32940
0 1 32941
0 1 32943
0 1 32944
0 1 32945
0 1 32946
0 1 32947
0 1 32948
0 1 32949
0 1 32950
0 1 32951
0 1 32953
0 1 32956
0 1 32957
0 1 32959
0 1 32960
0 1 32964
0 1 32969
0 1 32971
0 1 32972
0 1 32973
0 1 32975
0 1 32976
0 1 32977
0 1 32978
0 1 32980
0 1 32981
0 1 32985
0 1 32989
0 1 32993
0 1 32994
0 1 32995
0 1 32998
0 1 33000
0 1 33002
0 1 33004
0 1 33006
0 1 33007
0 1 33009
0 1 33013
0 1 33014
0 1 33016
0 1 33018
0 1 33020
0 1 33027
0 1 33030
0 1 33032
0 1 33034
0 1 33035
0 1 33037
0 1 33039
0 1 33040
0 1 33043
0 1 33044
0 1 33045
0 1 33047
0 1 33049
0 1 33051
0 1 33052
0 1 33053
0 1 33054
0 1 33055
0 1 33056
0 1 33062
0 1 33066
0 1 33067
0 1 33068
0 1 33069
0 1 33070
0 1 33072
0 1 33074
0 1 33075
0 1 33076
0 1 33078
0 1 33079
0 1 33082
0 1 33083
0 1 33086
0 1 33089
0 1 33090
0 1 33091
0 1 33093
0 1 33095
0 1 33098
0 1 33099
0 1 33101
0 1 33102
0 1 33106
0 1 33107
0 1 33108
0 1 33109
0 1 33112
0 1 33114
0 1 33117
0 1 33118
0 1 33119
0 1 33124
0 1 33127
0 1 33130
0 1 33131
0 1 33132
0 1 33133
0 1 33136
0 1 33137
0 1 33140
0 1 33141
0 1 33145
0 1 33147
0 1 33148
0 1 33149
0 1 33150
0 1 33154
0 1 33155
0 1 33156
0 1 33160
0 1 33163
0 1 33164
0 1 33165
0 1 33169
0 1 33170
0 1 33175
0 1 33178
0 1 33179
0 1 33182
0 1 33183
0 1 33185
0 1 33187
0 1 33188
0 1 33190
0 1 33191
0 1 33192
0 1 33194
0 1 33196
0 1 33197
0 1 33198
0 1 33199
0 1 33200
0 1 33202
0 1 33203
0 1 33204
0 1 33205
0 1 33208
0 1 33209
0 1 33211
0 1 33213
0 1 33214
0 1 33219
0 1 33220
0 1 33222
0 1 33223
0 1 33224
0 1 33226
0 1 33227
0 1 33228
0 1 33229
0 1 33232
0 1 33236
0 1 33238
0 1 33241
0 1 33242
0 1 33244
0 1 33249
0 1 33251
0 1 33255
0 1 33256
0 1 33258
0 1 33259
0 1 33260
0 1 33261
0 1 33262
0 1 33264
0 1 33266
0 1 33267
0 1 33268
0 1 33271
0 1 33276
0 1 33279
0 1 33281
0 1 33284
0 1 33285
0 1 33287
0 1 33288
0 1 33289
0 1 33291
0 1 33292
0 1 33293
0 1 33295
0 1 33297
0 1 33298
0 1 33299
0 1 33301
0 1 33303
0 1 33304
0 1 33305
0 1 33309
0 1 33310
0 1 33313
0 1 33314
0 1 33317
0 1 33323
0 1 33324
0 1 33325
0 1 33326
0 1 33327
0 1 33328
0 1 33331
0 1 33332
0 1 33334
0 1 33335
0 1 33336
0 1 33339
0 1 33340
0 1 33342
0 1 33345
0 1 33347
0 1 33350
0 1 33351
0 1 33352
0 1 33355
0 1 33356
0 1 33358
0 1 33359
0 1 33360
0 1 33361
0 1 33366
0 1 33367
0 1 33370
0 1 33371
0 1 33373
0 1 33377
0 1 33379
0 1 33382
0 1 33386
0 1 33389
0 1 33390
0 1 33391
0 1 33392
0 1 33393
0 1 33395
0 1 33397
0 1 33401
0 1 33402
0 1 33403
0 1 33405
0 1 33407
0 1 33409
0 1 33410
0 1 33412
0 1 33413
0 1 33417
0 1 33419
0 1 33420
0 1 33421
0 1 33423
0 1 33425
0 1 33426
0 1 33427
0 1 33429
0 1 33430
0 1 33432
0 1 33436
0 1 33437
0 1 33438
0 1 33439
0 1 33440
0 1 33441
0 1 33443
0 1 33444
0 1 33446
0 1 33449
0 1 33455
0 1 33458
0 1 33459
0 1 33460
0 1 33463
0 1 33464
0 1 33465
0 1 33469
0 1 33473
0 1 33474
0 1 33478
0 1 33481
0 1 33484
0 1 33485
0 1 33488
0 1 33489
0 1 33491
0 1 33495
0 1 33496
0 1 33498
0 1 33499
0 1 33500
0 1 33501
0 1 33503
0 1 33505
0 1 33506
0 1 33507
0 1 33508
0 1 33511
0 1 33513
0 1 33515
0 1 33516
0 1 33521
0 1 33523
0 1 33525
0 1 33526
0 1 33527
0 1 33528
0 1 33530
0 1 33531
0 1 33532
0 1 33536
0 1 33540
0 1 33541
0 1 33544
0 1 33545
0 1 33547
0 1 33550
0 1 33554
0 1 33555
0 1 33556
0 1 33558
0 1 33559
0 1 33560
0 1 33561
0 1 33562
0 1 33563
0 1 33565
0 1 33566
0 1 33567
0 1 33568
0 1 33571
0 1 33573
0 1 33574
0 1 33575
0 1 33576
0 1 33577
0 1 33580
0 1 33581
0 1 33584
0 1 33588
0 1 33590
0 1 33591
0 1 33592
0 1 33596
0 1 33597
0 1 33601
0 1 33602
0 1 33603
0 1 33604
0 1 33607
0 1 33609
0 1 33612
0 1 33614
0 1 33617
0 1 33618
0 1 33619
0 1 33622
0 1 33624
0 1 33629
0 1 33630
0 1 33632
0 1 33633
0 1 33634
0 1 33635
0 1 33636
0 1 33640
0 1 33646
0 1 33647
0 1 33648
0 1 33649
0 1 33655
0 1 33656
0 1 33663
0 1 33664
0 1 33665
0 1 33668
0 1 33670
0 1 33671
0 1 33672
0 1 33673
0 1 33676
0 1 33678
0 1 33680
0 1 33685
0 1 33687
0 1 33688
0 1 33691
0 1 33693
0 1 33694
0 1 33696
0 1 33698
0 1 33699
0 1 33701
0 1 33704
0 1 33705
0 1 33706
0 1 33709
0 1 33711
0 1 33713
0 1 33716
0 1 33717
0 1 33718
0 1 33720
0 1 33721
0 1 33723
0 1 33724
0 1 33725
0 1 33728
0 1 33729
0 1 33730
0 1 33731
0 1 33732
0 1 33735
0 1 33736
0 1 33737
0 1 33738
0 1 33739
0 1 33741
0 1 33742
0 1 33744
0 1 33749
0 1 33750
0 1 33751
0 1 33753
0 1 33754
0 1 33755
0 1 33756
0 1 33758
0 1 33760
0 1 33761
0 1 33765
0 1 33766
0 1 33768
0 1 33769
0 1 33773
0 1 33776
0 1 33781
0 1 33785
0 1 33787
0 1 33791
0 1 33792
0 1 33793
0 1 33794
0 1 33795
0 1 33798
0 1 33800
0 1 33801
0 1 33802
0 1 33803
0 1 33806
0 1 33807
0 1 33809
0 1 33810
0 1 33814
0 1 33818
0 1 33822
0 1 33823
0 1 33824
0 1 33825
0 1 33826
0 1 33830
0 1 33831
0 1 33832
0 1 33833
0 1 33834
0 1 33843
0 1 33846
0 1 33849
0 1 33850
0 1 33851
0 1 33852
0 1 33854
0 1 33856
0 1 33857
0 1 33858
0 1 33869
0 1 33871
0 1 33872
0 1 33874
0 1 33875
0 1 33876
0 1 33881
0 1 33887
0 1 33889
0 1 33890
0 1 33895
0 1 33897
0 1 33899
0 1 33900
0 1 33903
0 1 33905
0 1 33906
0 1 33908
0 1 33909
0 1 33910
0 1 33913
0 1 33915
0 1 33917
0 1 33923
0 1 33925
0 1 33926
0 1 33928
0 1 33931
0 1 33932
0 1 33936
0 1 33938
0 1 33939
0 1 33940
0 1 33941
0 1 33942
0 1 33945
0 1 33946
0 1 33953
0 1 33955
0 1 33956
0 1 33957
0 1 33958
0 1 33959
0 1 33960
0 1 33961
0 1 33962
0 1 33963
0 1 33965
0 1 33966
0 1 33968
0 1 33969
0 1 33970
0 1 33971
0 1 33972
0 1 33974
0 1 33978
0 1 33982
0 1 33984
0 1 33987
0 1 33992
0 1 33993
0 1 33994
0 1 33995
0 1 33996
0 1 34001
0 1 34003
0 1 34005
0 1 34006
0 1 34007
0 1 34009
0 1 34011
0 1 34014
0 1 34015
0 1 34017
0 1 34018
0 1 34019
0 1 34022
0 1 34023
0 1 34024
0 1 34025
0 1 34026
0 1 34027
0 1 34028
0 1 34031
0 1 34033
0 1 34036
0 1 34037
0 1 34039
0 1 34041
0 1 34042
0 1 34043
0 1 34047
0 1 34048
0 1 34049
0 1 34050
0 1 34051
0 1 34053
0 1 34054
0 1 34058
0 1 34061
0 1 34062
0 1 34063
0 1 34066
0 1 34067
0 1 34068
0 1 34069
0 1 34074
0 1 34078
0 1 34079
0 1 34080
0 1 34084
0 1 34085
0 1 34086
0 1 34087
0 1 34088
0 1 34090
0 1 34091
0 1 34092
0 1 34095
0 1 34096
0 1 34099
0 1 34101
0 1 34104
0 1 34106
0 1 34109
0 1 34116
0 1 34117
0 1 34120
0 1 34122
0 1 34123
0 1 34124
0 1 34128
0 1 34129
0 1 34133
0 1 34134
0 1 34137
0 1 34138
0 1 34141
0 1 34142
0 1 34143
0 1 34144
0 1 34145
0 1 34146
0 1 34147
0 1 34151
0 1 34152
0 1 34156
0 1 34157
0 1 34158
0 1 34163
0 1 34165
0 1 34167
0 1 34168
0 1 34170
0 1 34174
0 1 34176
0 1 34178
0 1 34179
0 1 34182
0 1 34186
0 1 34190
0 1 34191
0 1 34192
0 1 34193
0 1 34197
0 1 34198
0 1 34199
0 1 34201
0 1 34202
0 1 34206
0 1 34207
0 1 34208
0 1 34213
0 1 34214
0 1 34215
0 1 34217
0 1 34219
0 1 34222
0 1 34226
0 1 34227
0 1 34229
0 1 34230
0 1 34232
0 1 34240
0 1 34241
0 1 34242
0 1 34243
0 1 34244
0 1 34245
0 1 34248
0 1 34250
0 1 34251
0 1 34252
0 1 34253
0 1 34254
0 1 34255
0 1 34256
0 1 34257
0 1 34259
0 1 34260
0 1 34264
0 1 34267
0 1 34268
0 1 34270
0 1 34272
0 1 34273
0 1 34275
0 1 34279
0 1 34286
0 1 34287
0 1 34289
0 1 34290
0 1 34292
0 1 34294
0 1 34299
0 1 34302
0 1 34303
0 1 34305
0 1 34306
0 1 34308
0 1 34311
0 1 34313
0 1 34323
0 1 34324
0 1 34325
0 1 34326
0 1 34327
0 1 34328
0 1 34329
0 1 34331
0 1 34332
0 1 34335
0 1 34336
0 1 34338
0 1 34339
0 1 34340
0 1 34341
0 1 34343
0 1 34349
0 1 34352
0 1 34353
0 1 34359
0 1 34360
0 1 34361
0 1 34362
0 1 34363
0 1 34365
0 1 34370
0 1 34371
0 1 34375
0 1 34376
0 1 34377
0 1 34379
0 1 34381
0 1 34383
0 1 34384
0 1 34385
0 1 34386
0 1 34387
0 1 34389
0 1 34390
0 1 34392
0 1 34395
0 1 34398
0 1 34399
0 1 34404
0 1 34406
0 1 34408
0 1 34409
0 1 34410
0 1 34415
0 1 34417
0 1 34418
0 1 34419
0 1 34420
0 1 34421
0 1 34422
0 1 34427
0 1 34429
0 1 34430
0 1 34431
0 1 34432
0 1 34435
0 1 34441
0 1 34442
0 1 34445
0 1 34447
0 1 34448
0 1 34449
0 1 34450
0 1 34452
0 1 34453
0 1 34455
0 1 34456
0 1 34457
0 1 34458
0 1 34460
0 1 34461
0 1 34464
0 1 34466
0 1 34468
0 1 34469
0 1 34470
0 1 34472
0 1 34473
0 1 34474
0 1 34477
0 1 34478
0 1 34479
0 1 34480
0 1 34481
0 1 34486
0 1 34489
0 1 34490
0 1 34491
0 1 34492
0 1 34494
0 1 34495
0 1 34498
0 1 34502
0 1 34504
0 1 34505
0 1 34506
0 1 34509
0 1 34510
0 1 34511
0 1 34512
0 1 34516
0 1 34519
0 1 34520
0 1 34522
0 1 34525
0 1 34526
0 1 34529
0 1 34531
0 1 34532
0 1 34535
0 1 34538
0 1 34539
0 1 34540
0 1 34544
0 1 34545
0 1 34546
0 1 34547
0 1 34548
0 1 34553
0 1 34554
0 1 34555
0 1 34559
0 1 34563
0 1 34565
0 1 34567
0 1 34568
0 1 34569
0 1 34570
0 1 34571
0 1 34573
0 1 34578
0 1 34579
0 1 34580
0 1 34583
0 1 34584
0 1 34585
0 1 34586
0 1 34591
0 1 34594
0 1 34595
0 1 34596
0 1 34597
0 1 34598
0 1 34601
0 1 34602
0 1 34603
0 1 34604
0 1 34605
0 1 34606
0 1 34610
0 1 34612
0 1 34613
0 1 34616
0 1 34621
0 1 34622
0 1 34628
0 1 34630
0 1 34631
0 1 34632
0 1 34633
0 1 34634
0 1 34637
0 1 34639
0 1 34641
0 1 34644
0 1 34646
0 1 34649
0 1 34650
0 1 34652
0 1 34653
0 1 34658
0 1 34659
0 1 34661
0 1 34663
0 1 34664
0 1 34667
0 1 34669
0 1 34671
0 1 34672
0 1 34674
0 1 34680
0 1 34681
0 1 34682
0 1 34684
0 1 34686
0 1 34687
0 1 34688
0 1 34689
0 1 34690
0 1 34692
0 1 34693
0 1 34694
0 1 34696
0 1 34698
0 1 34700
0 1 34702
0 1 34706
0 1 34707
0 1 34710
0 1 34711
0 1 34715
0 1 34718
0 1 34719
0 1 34722
0 1 34724
0 1 34725
0 1 34728
0 1 34732
0 1 34733
0 1 34734
0 1 34738
0 1 34739
0 1 34740
0 1 34742
0 1 34746
0 1 34747
0 1 34751
0 1 34752
0 1 34753
0 1 34755
0 1 34756
0 1 34757
0 1 34759
0 1 34760
0 1 34762
0 1 34765
0 1 34769
0 1 34770
0 1 34773
0 1 34774
0 1 34775
0 1 34778
0 1 34780
0 1 34781
0 1 34782
0 1 34783
0 1 34785
0 1 34787
0 1 34792
0 1 34794
0 1 34795
0 1 34797
0 1 34801
0 1 34803
0 1 34805
0 1 34806
0 1 34808
0 1 34811
0 1 34812
0 1 34813
0 1 34816
0 1 34818
0 1 34820
0 1 34821
0 1 34822
0 1 34823
0 1 34826
0 1 34827
0 1 34829
0 1 34830
0 1 34833
0 1 34834
0 1 34837
0 1 34840
0 1 34841
0 1 34843
0 1 34844
0 1 34845
0 1 34846
0 1 34848
0 1 34850
0 1 34852
0 1 34856
0 1 34860
0 1 34861
0 1 34862
0 1 34871
0 1 34872
0 1 34873
0 1 34874
0 1 34875
0 1 34878
0 1 34879
0 1 34880
0 1 34882
0 1 34885
0 1 34886
0 1 34888
0 1 34889
0 1 34890
0 1 34891
0 1 34894
0 1 34895
0 1 34897
0 1 34904
0 1 34906
0 1 34910
0 1 34911
0 1 34912
0 1 34913
0 1 34917
0 1 34918
0 1 34921
0 1 34922
0 1 34924
0 1 34925
0 1 34926
0 1 34928
0 1 34929
0 1 34931
0 1 34932
0 1 34935
0 1 34936
0 1 34938
0 1 34947
0 1 34949
0 1 34950
0 1 34952
0 1 34954
0 1 34956
0 1 34962
0 1 34963
0 1 34964
0 1 34967
0 1 34971
0 1 34977
0 1 34978
0 1 34980
0 1 34982
0 1 34983
0 1 34984
0 1 34986
0 1 34987
0 1 34989
0 1 34990
0 1 34993
0 1 34997
0 1 35000
0 1 35002
0 1 35004
0 1 35005
0 1 35006
0 1 35007
0 1 35012
0 1 35013
0 1 35014
0 1 35016
0 1 35018
0 1 35019
0 1 35020
0 1 35022
0 1 35023
0 1 35028
0 1 35029
0 1 35030
0 1 35031
0 1 35035
0 1 35039
0 1 35040
0 1 35043
0 1 35046
0 1 35048
0 1 35051
0 1 35055
0 1 35057
0 1 35058
0 1 35064
0 1 35068
0 1 35070
0 1 35074
0 1 35075
0 1 35079
0 1 35080
0 1 35082
0 1 35084
0 1 35085
0 1 35088
0 1 35089
0 1 35090
0 1 35091
0 1 35093
0 1 35094
0 1 35099
0 1 35103
0 1 35104
0 1 35105
0 1 35107
0 1 35108
0 1 35109
0 1 35111
0 1 35112
0 1 35114
0 1 35118
0 1 35127
0 1 35133
0 1 35134
0 1 35135
0 1 35136
0 1 35140
0 1 35141
0 1 35145
0 1 35150
0 1 35151
0 1 35154
0 1 35155
0 1 35158
0 1 35166
0 1 35167
0 1 35168
0 1 35169
0 1 35174
0 1 35175
0 1 35176
0 1 35177
0 1 35178
0 1 35179
0 1 35180
0 1 35181
0 1 35182
0 1 35184
0 1 35185
0 1 35187
0 1 35188
0 1 35190
0 1 35191
0 1 35192
0 1 35193
0 1 35196
0 1 35197
0 1 35198
0 1 35199
0 1 35203
0 1 35204
0 1 35205
0 1 35206
0 1 35207
0 1 35209
0 1 35210
0 1 35212
0 1 35213
0 1 35215
0 1 35218
0 1 35219
0 1 35220
0 1 35223
0 1 35227
0 1 35230
0 1 35231
0 1 35232
0 1 35237
0 1 35238
0 1 35239
0 1 35244
0 1 35245
0 1 35246
0 1 35247
0 1 35248
0 1 35250
0 1 35252
0 1 35254
0 1 35255
0 1 35257
0 1 35260
0 1 35261
0 1 35264
0 1 35266
0 1 35267
0 1 35269
0 1 35272
0 1 35273
0 1 35274
0 1 35278
0 1 35280
0 1 35282
0 1 35284
0 1 35285
0 1 35286
0 1 35289
0 1 35290
0 1 35294
0 1 35299
0 1 35302
0 1 35304
0 1 35305
0 1 35306
0 1 35307
0 1 35309
0 1 35310
0 1 35311
0 1 35312
0 1 35316
0 1 35317
0 1 35319
0 1 35321
0 1 35323
0 1 35330
0 1 35332
0 1 35333
0 1 35334
0 1 35336
0 1 35343
0 1 35344
0 1 35345
0 1 35348
0 1 35349
0 1 35350
0 1 35351
0 1 35352
0 1 35354
0 1 35358
0 1 35362
0 1 35363
0 1 35365
0 1 35376
0 1 35379
0 1 35384
0 1 35386
0 1 35387
0 1 35388
0 1 35389
0 1 35390
0 1 35392
0 1 35393
0 1 35395
0 1 35397
0 1 35398
0 1 35403
0 1 35404
0 1 35407
0 1 35412
0 1 35415
0 1 35416
0 1 35417
0 1 35418
0 1 35420
0 1 35424
0 1 35425
0 1 35429
0 1 35430
0 1 35431
0 1 35437
0 1 35438
0 1 35442
0 1 35444
0 1 35448
0 1 35449
0 1 35451
0 1 35457
0 1 35458
0 1 35460
0 1 35461
0 1 35465
0 1 35466
0 1 35468
0 1 35469
0 1 35471
0 1 35472
0 1 35474
0 1 35479
0 1 35484
0 1 35486
0 1 35488
0 1 35489
0 1 35490
0 1 35493
0 1 35494
0 1 35498
0 1 35500
0 1 35502
0 1 35504
0 1 35505
0 1 35507
0 1 35509
0 1 35510
0 1 35511
0 1 35512
0 1 35516
0 1 35519
0 1 35522
0 1 35523
0 1 35524
0 1 35531
0 1 35534
0 1 35536
0 1 35537
0 1 35538
0 1 35539
0 1 35540
0 1 35541
0 1 35542
0 1 35544
0 1 35545
0 1 35548
0 1 35549
0 1 35551
0 1 35552
0 1 35553
0 1 35554
0 1 35555
0 1 35556
0 1 35557
0 1 35560
0 1 35561
0 1 35562
0 1 35563
0 1 35566
0 1 35569
0 1 35574
0 1 35575
0 1 35576
0 1 35579
0 1 35581
0 1 35582
0 1 35583
0 1 35586
0 1 35587
0 1 35588
0 1 35589
0 1 35591
0 1 35593
0 1 35594
0 1 35597
0 1 35598
0 1 35600
0 1 35604
0 1 35609
0 1 35610
0 1 35612
0 1 35613
0 1 35618
0 1 35620
0 1 35621
0 1 35622
0 1 35623
0 1 35625
0 1 35628
0 1 35631
0 1 35632
0 1 35633
0 1 35634
0 1 35635
0 1 35639
0 1 35642
0 1 35643
0 1 35647
0 1 35648
0 1 35649
0 1 35656
0 1 35658
0 1 35661
0 1 35662
0 1 35664
0 1 35668
0 1 35669
0 1 35671
0 1 35672
0 1 35676
0 1 35677
0 1 35682
0 1 35683
0 1 35684
0 1 35686
0 1 35687
0 1 35689
0 1 35691
0 1 35693
0 1 35695
0 1 35697
0 1 35699
0 1 35700
0 1 35701
0 1 35702
0 1 35703
0 1 35708
0 1 35711
0 1 35712
0 1 35714
0 1 35716
0 1 35718
0 1 35719
0 1 35720
0 1 35722
0 1 35723
0 1 35724
0 1 35725
0 1 35732
0 1 35733
0 1 35735
0 1 35736
0 1 35738
0 1 35739
0 1 35740
0 1 35742
0 1 35744
0 1 35745
0 1 35746
0 1 35748
0 1 35751
0 1 35754
0 1 35756
0 1 35766
0 1 35767
0 1 35768
0 1 35769
0 1 35772
0 1 35773
0 1 35774
0 1 35775
0 1 35777
0 1 35778
0 1 35781
0 1 35782
0 1 35784
0 1 35788
0 1 35791
0 1 35792
0 1 35795
0 1 35800
0 1 35802
0 1 35803
0 1 35805
0 1 35807
0 1 35809
0 1 35812
0 1 35813
0 1 35815
0 1 35816
0 1 35817
0 1 35819
0 1 35820
0 1 35821
0 1 35822
0 1 35827
0 1 35829
0 1 35830
0 1 35832
0 1 35833
0 1 35834
0 1 35837
0 1 35839
0 1 35840
0 1 35843
0 1 35845
0 1 35846
0 1 35848
0 1 35849
0 1 35852
0 1 35853
0 1 35855
0 1 35856
0 1 35859
0 1 35861
0 1 35863
0 1 35865
0 1 35867
0 1 35870
0 1 35871
0 1 35876
0 1 35877
0 1 35881
0 1 35883
0 1 35885
0 1 35889
0 1 35890
0 1 35892
0 1 35893
0 1 35895
0 1 35897
0 1 35900
0 1 35901
0 1 35906
0 1 35907
0 1 35914
0 1 35919
0 1 35920
0 1 35926
0 1 35928
0 1 35931
0 1 35936
0 1 35937
0 1 35938
0 1 35942
0 1 35943
0 1 35944
0 1 35948
0 1 35949
0 1 35951
0 1 35955
0 1 35957
0 1 35958
0 1 35960
0 1 35961
0 1 35962
0 1 35965
0 1 35970
0 1 35971
0 1 35972
0 1 35973
0 1 35974
0 1 35976
0 1 35980
0 1 35981
0 1 35983
0 1 35984
0 1 35986
0 1 35987
0 1 35994
0 1 35996
0 1 35997
0 1 35998
0 1 35999
0 1 36005
0 1 36007
0 1 36008
0 1 36009
0 1 36010
0 1 36014
0 1 36015
0 1 36016
0 1 36019
0 1 36021
0 1 36022
0 1 36023
0 1 36024
0 1 36027
0 1 36030
0 1 36033
0 1 36036
0 1 36038
0 1 36039
0 1 36041
0 1 36042
0 1 36043
0 1 36051
0 1 36052
0 1 36053
0 1 36056
0 1 36058
0 1 36059
0 1 36061
0 1 36064
0 1 36066
0 1 36072
0 1 36074
0 1 36076
0 1 36078
0 1 36079
0 1 36082
0 1 36084
0 1 36086
0 1 36088
0 1 36090
0 1 36091
0 1 36093
0 1 36094
0 1 36095
0 1 36097
0 1 36098
0 1 36099
0 1 36100
0 1 36101
0 1 36106
0 1 36108
0 1 36109
0 1 36111
0 1 36114
0 1 36115
0 1 36117
0 1 36118
0 1 36120
0 1 36121
0 1 36124
0 1 36128
0 1 36131
0 1 36134
0 1 36135
0 1 36136
0 1 36140
0 1 36143
0 1 36144
0 1 36145
0 1 36146
0 1 36148
0 1 36149
0 1 36151
0 1 36153
0 1 36156
0 1 36158
0 1 36159
0 1 36161
0 1 36163
0 1 36165
0 1 36168
0 1 36174
0 1 36175
0 1 36176
0 1 36177
0 1 36179
0 1 36180
0 1 36181
0 1 36184
0 1 36185
0 1 36187
0 1 36190
0 1 36194
0 1 36198
0 1 36199
0 1 36203
0 1 36204
0 1 36207
0 1 36209
0 1 36210
0 1 36212
0 1 36215
0 1 36216
0 1 36218
0 1 36219
0 1 36220
0 1 36223
0 1 36224
0 1 36225
0 1 36227
0 1 36228
0 1 36229
0 1 36231
0 1 36233
0 1 36236
0 1 36237
0 1 36239
0 1 36240
0 1 36241
0 1 36242
0 1 36243
0 1 36253
0 1 36255
0 1 36257
0 1 36258
0 1 36259
0 1 36261
0 1 36262
0 1 36263
0 1 36266
0 1 36268
0 1 36270
0 1 36271
0 1 36274
0 1 36276
0 1 36277
0 1 36278
0 1 36279
0 1 36281
0 1 36283
0 1 36284
0 1 36285
0 1 36290
0 1 36291
0 1 36292
0 1 36294
0 1 36296
0 1 36297
0 1 36301
0 1 36303
0 1 36304
0 1 36305
0 1 36307
0 1 36308
0 1 36310
0 1 36314
0 1 36315
0 1 36317
0 1 36318
0 1 36319
0 1 36320
0 1 36324
0 1 36328
0 1 36329
0 1 36330
0 1 36332
0 1 36333
0 1 36334
0 1 36335
0 1 36337
0 1 36341
0 1 36343
0 1 36345
0 1 36346
0 1 36350
0 1 36354
0 1 36356
0 1 36357
0 1 36362
0 1 36363
0 1 36365
0 1 36366
0 1 36367
0 1 36368
0 1 36371
0 1 36373
0 1 36374
0 1 36375
0 1 36378
0 1 36379
0 1 36381
0 1 36382
0 1 36383
0 1 36384
0 1 36385
0 1 36386
0 1 36389
0 1 36390
0 1 36391
0 1 36392
0 1 36394
0 1 36395
0 1 36398
0 1 36399
0 1 36400
0 1 36401
0 1 36402
0 1 36403
0 1 36404
0 1 36406
0 1 36407
0 1 36408
0 1 36409
0 1 36412
0 1 36420
0 1 36421
0 1 36425
0 1 36426
0 1 36427
0 1 36428
0 1 36430
0 1 36439
0 1 36440
0 1 36443
0 1 36445
0 1 36447
0 1 36448
0 1 36449
0 1 36452
0 1 36454
0 1 36455
0 1 36457
0 1 36458
0 1 36460
0 1 36461
0 1 36462
0 1 36463
0 1 36465
0 1 36468
0 1 36469
0 1 36470
0 1 36471
0 1 36472
0 1 36474
0 1 36479
0 1 36482
0 1 36483
0 1 36484
0 1 36491
0 1 36500
0 1 36501
0 1 36502
0 1 36505
0 1 36507
0 1 36510
0 1 36512
0 1 36513
0 1 36516
0 1 36517
0 1 36519
0 1 36522
0 1 36523
0 1 36524
0 1 36527
0 1 36528
0 1 36529
0 1 36530
0 1 36532
0 1 36533
0 1 36534
0 1 36536
0 1 36537
0 1 36540
0 1 36541
0 1 36542
0 1 36543
0 1 36544
0 1 36545
0 1 36546
0 1 36552
0 1 36553
0 1 36554
0 1 36555
0 1 36557
0 1 36558
0 1 36559
0 1 36561
0 1 36563
0 1 36566
0 1 36569
0 1 36575
0 1 36576
0 1 36577
0 1 36580
0 1 36581
0 1 36583
0 1 36585
0 1 36589
0 1 36595
0 1 36596
0 1 36597
0 1 36598
0 1 36599
0 1 36600
0 1 36601
0 1 36602
0 1 36603
0 1 36607
0 1 36608
0 1 36609
0 1 36611
0 1 36612
0 1 36613
0 1 36615
0 1 36616
0 1 36617
0 1 36619
0 1 36622
0 1 36623
0 1 36624
0 1 36627
0 1 36628
0 1 36635
0 1 36638
0 1 36639
0 1 36641
0 1 36642
0 1 36643
0 1 36645
0 1 36646
0 1 36647
0 1 36651
0 1 36652
0 1 36653
0 1 36655
0 1 36656
0 1 36657
0 1 36659
0 1 36662
0 1 36663
0 1 36665
0 1 36666
0 1 36667
0 1 36668
0 1 36677
0 1 36678
0 1 36679
0 1 36681
0 1 36685
0 1 36688
0 1 36691
0 1 36694
0 1 36697
0 1 36699
0 1 36703
0 1 36704
0 1 36705
0 1 36706
0 1 36708
0 1 36709
0 1 36710
0 1 36712
0 1 36717
0 1 36723
0 1 36724
0 1 36725
0 1 36726
0 1 36727
0 1 36728
0 1 36729
0 1 36730
0 1 36731
0 1 36732
0 1 36734
0 1 36739
0 1 36742
0 1 36746
0 1 36749
0 1 36750
0 1 36752
0 1 36753
0 1 36754
0 1 36755
0 1 36758
0 1 36759
0 1 36760
0 1 36768
0 1 36769
0 1 36776
0 1 36779
0 1 36780
0 1 36782
0 1 36788
0 1 36790
0 1 36791
0 1 36792
0 1 36793
0 1 36797
0 1 36798
0 1 36799
0 1 36802
0 1 36803
0 1 36805
0 1 36806
0 1 36807
0 1 36808
0 1 36809
0 1 36810
0 1 36814
0 1 36816
0 1 36818
0 1 36821
0 1 36824
0 1 36825
0 1 36826
0 1 36829
0 1 36831
0 1 36833
0 1 36834
0 1 36835
0 1 36836
0 1 36837
0 1 36839
0 1 36843
0 1 36847
0 1 36848
0 1 36849
0 1 36850
0 1 36851
0 1 36852
0 1 36853
0 1 36859
0 1 36862
0 1 36863
0 1 36864
0 1 36865
0 1 36866
0 1 36868
0 1 36869
0 1 36872
0 1 36873
0 1 36875
0 1 36876
0 1 36877
0 1 36880
0 1 36881
0 1 36882
0 1 36883
0 1 36884
0 1 36887
0 1 36888
0 1 36890
0 1 36892
0 1 36893
0 1 36894
0 1 36898
0 1 36900
0 1 36903
0 1 36905
0 1 36906
0 1 36908
0 1 36909
0 1 36912
0 1 36913
0 1 36917
0 1 36918
0 1 36919
0 1 36920
0 1 36923
0 1 36924
0 1 36927
0 1 36928
0 1 36929
0 1 36930
0 1 36932
0 1 36933
0 1 36934
0 1 36935
0 1 36936
0 1 36938
0 1 36939
0 1 36940
0 1 36942
0 1 36946
0 1 36948
0 1 36950
0 1 36951
0 1 36952
0 1 36955
0 1 36956
0 1 36957
0 1 36959
0 1 36960
0 1 36961
0 1 36962
0 1 36963
0 1 36964
0 1 36965
0 1 36966
0 1 36967
0 1 36972
0 1 36975
0 1 36979
0 1 36980
0 1 36984
0 1 36985
0 1 36986
0 1 36989
0 1 36990
0 1 36991
0 1 36994
0 1 36995
0 1 36997
0 1 36998
0 1 37002
0 1 37003
0 1 37005
0 1 37008
0 1 37009
0 1 37012
0 1 37017
0 1 37018
0 1 37019
0 1 37020
0 1 37021
0 1 37023
0 1 37026
0 1 37027
0 1 37028
0 1 37029
0 1 37030
0 1 37032
0 1 37033
0 1 37037
0 1 37038
0 1 37041
0 1 37042
0 1 37049
0 1 37051
0 1 37056
0 1 37057
0 1 37060
0 1 37065
0 1 37072
0 1 37074
0 1 37075
0 1 37077
0 1 37079
0 1 37081
0 1 37083
0 1 37088
0 1 37094
0 1 37096
0 1 37097
0 1 37100
0 1 37102
0 1 37105
0 1 37106
0 1 37109
0 1 37111
0 1 37112
0 1 37115
0 1 37116
0 1 37117
0 1 37118
0 1 37119
0 1 37120
0 1 37121
0 1 37122
0 1 37124
0 1 37126
0 1 37128
0 1 37129
0 1 37130
0 1 37132
0 1 37133
0 1 37135
0 1 37136
0 1 37138
0 1 37140
0 1 37141
0 1 37143
0 1 37145
0 1 37149
0 1 37150
0 1 37151
0 1 37153
0 1 37158
0 1 37159
0 1 37160
0 1 37161
0 1 37163
0 1 37164
0 1 37167
0 1 37168
0 1 37169
0 1 37170
0 1 37171
0 1 37172
0 1 37173
0 1 37174
0 1 37177
0 1 37180
0 1 37181
0 1 37182
0 1 37185
0 1 37186
0 1 37187
0 1 37197
0 1 37200
0 1 37201
0 1 37202
0 1 37204
0 1 37206
0 1 37209
0 1 37210
0 1 37212
0 1 37213
0 1 37214
0 1 37215
0 1 37216
0 1 37217
0 1 37218
0 1 37221
0 1 37224
0 1 37225
0 1 37226
0 1 37227
0 1 37229
0 1 37230
0 1 37233
0 1 37234
0 1 37236
0 1 37238
0 1 37241
0 1 37245
0 1 37246
0 1 37247
0 1 37248
0 1 37249
0 1 37251
0 1 37253
0 1 37255
0 1 37257
0 1 37258
0 1 37261
0 1 37262
0 1 37264
0 1 37265
0 1 37266
0 1 37267
0 1 37268
0 1 37269
0 1 37270
0 1 37272
0 1 37273
0 1 37274
0 1 37275
0 1 37277
0 1 37278
0 1 37280
0 1 37281
0 1 37282
0 1 37283
0 1 37286
0 1 37289
0 1 37290
0 1 37291
0 1 37292
0 1 37294
0 1 37296
0 1 37297
0 1 37300
0 1 37301
0 1 37306
0 1 37309
0 1 37310
0 1 37312
0 1 37315
0 1 37316
0 1 37317
0 1 37318
0 1 37322
0 1 37323
0 1 37324
0 1 37327
0 1 37330
0 1 37333
0 1 37335
0 1 37337
0 1 37338
0 1 37340
0 1 37341
0 1 37342
0 1 37343
0 1 37348
0 1 37349
0 1 37350
0 1 37352
0 1 37353
0 1 37354
0 1 37355
0 1 37358
0 1 37364
0 1 37366
0 1 37367
0 1 37372
0 1 37373
0 1 37375
0 1 37377
0 1 37378
0 1 37381
0 1 37382
0 1 37383
0 1 37385
0 1 37386
0 1 37387
0 1 37389
0 1 37390
0 1 37391
0 1 37393
0 1 37394
0 1 37397
0 1 37398
0 1 37399
0 1 37400
0 1 37402
0 1 37411
0 1 37413
0 1 37414
0 1 37416
0 1 37417
0 1 37418
0 1 37420
0 1 37421
0 1 37422
0 1 37427
0 1 37428
0 1 37429
0 1 37433
0 1 37435
0 1 37437
0 1 37438
0 1 37440
0 1 37442
0 1 37443
0 1 37445
0 1 37446
0 1 37448
0 1 37451
0 1 37453
0 1 37455
0 1 37456
0 1 37457
0 1 37460
0 1 37461
0 1 37462
0 1 37464
0 1 37466
0 1 37469
0 1 37473
0 1 37474
0 1 37476
0 1 37477
0 1 37479
0 1 37480
0 1 37482
0 1 37484
0 1 37486
0 1 37491
0 1 37492
0 1 37493
0 1 37496
0 1 37497
0 1 37498
0 1 37499
0 1 37501
0 1 37502
0 1 37503
0 1 37504
0 1 37505
0 1 37506
0 1 37508
0 1 37509
0 1 37510
0 1 37514
0 1 37516
0 1 37520
0 1 37522
0 1 37523
0 1 37524
0 1 37526
0 1 37528
0 1 37529
0 1 37530
0 1 37531
0 1 37533
0 1 37535
0 1 37536
0 1 37537
0 1 37538
0 1 37539
0 1 37542
0 1 37544
0 1 37546
0 1 37547
0 1 37549
0 1 37550
0 1 37551
0 1 37552
0 1 37559
0 1 37561
0 1 37563
0 1 37566
0 1 37569
0 1 37572
0 1 37574
0 1 37576
0 1 37577
0 1 37582
0 1 37584
0 1 37585
0 1 37586
0 1 37589
0 1 37590
0 1 37592
0 1 37594
0 1 37595
0 1 37602
0 1 37605
0 1 37607
0 1 37609
0 1 37610
0 1 37613
0 1 37617
0 1 37620
0 1 37622
0 1 37623
0 1 37624
0 1 37626
0 1 37627
0 1 37630
0 1 37631
0 1 37632
0 1 37634
0 1 37635
0 1 37637
0 1 37639
0 1 37644
0 1 37645
0 1 37648
0 1 37649
0 1 37650
0 1 37654
0 1 37655
0 1 37657
0 1 37659
0 1 37660
0 1 37661
0 1 37662
0 1 37663
0 1 37667
0 1 37668
0 1 37670
0 1 37671
0 1 37674
0 1 37675
0 1 37676
0 1 37677
0 1 37679
0 1 37680
0 1 37681
0 1 37683
0 1 37684
0 1 37685
0 1 37687
0 1 37692
0 1 37695
0 1 37697
0 1 37698
0 1 37699
0 1 37700
0 1 37704
0 1 37705
0 1 37707
0 1 37713
0 1 37714
0 1 37717
0 1 37718
0 1 37719
0 1 37721
0 1 37724
0 1 37726
0 1 37728
0 1 37729
0 1 37732
0 1 37733
0 1 37734
0 1 37736
0 1 37737
0 1 37739
0 1 37741
0 1 37742
0 1 37743
0 1 37747
0 1 37749
0 1 37751
0 1 37754
0 1 37756
0 1 37757
0 1 37760
0 1 37761
0 1 37763
0 1 37765
0 1 37768
0 1 37771
0 1 37772
0 1 37773
0 1 37775
0 1 37777
0 1 37778
0 1 37781
0 1 37782
0 1 37784
0 1 37786
0 1 37787
0 1 37788
0 1 37789
0 1 37792
0 1 37793
0 1 37794
0 1 37795
0 1 37796
0 1 37798
0 1 37799
0 1 37800
0 1 37803
0 1 37804
0 1 37805
0 1 37808
0 1 37809
0 1 37810
0 1 37813
0 1 37816
0 1 37818
0 1 37819
0 1 37820
0 1 37821
0 1 37822
0 1 37827
0 1 37828
0 1 37829
0 1 37830
0 1 37833
0 1 37834
0 1 37836
0 1 37837
0 1 37841
0 1 37842
0 1 37845
0 1 37846
0 1 37847
0 1 37850
0 1 37852
0 1 37853
0 1 37859
0 1 37860
0 1 37862
0 1 37863
0 1 37864
0 1 37865
0 1 37866
0 1 37867
0 1 37871
0 1 37872
0 1 37874
0 1 37876
0 1 37877
0 1 37878
0 1 37880
0 1 37883
0 1 37889
0 1 37892
0 1 37893
0 1 37894
0 1 37895
0 1 37896
0 1 37898
0 1 37901
0 1 37902
0 1 37903
0 1 37905
0 1 37910
0 1 37912
0 1 37914
0 1 37916
0 1 37917
0 1 37918
0 1 37921
0 1 37924
0 1 37926
0 1 37927
0 1 37928
0 1 37930
0 1 37931
0 1 37932
0 1 37933
0 1 37935
0 1 37936
0 1 37937
0 1 37939
0 1 37941
0 1 37942
0 1 37944
0 1 37945
0 1 37946
0 1 37949
0 1 37953
0 1 37954
0 1 37955
0 1 37956
0 1 37959
0 1 37960
0 1 37961
0 1 37963
0 1 37968
0 1 37969
0 1 37970
0 1 37974
0 1 37976
0 1 37977
0 1 37978
0 1 37979
0 1 37980
0 1 37982
0 1 37983
0 1 37985
0 1 37986
0 1 37987
0 1 37989
0 1 37990
0 1 37993
0 1 37994
0 1 37996
0 1 37997
0 1 37999
0 1 38001
0 1 38002
0 1 38003
0 1 38004
0 1 38008
0 1 38010
0 1 38011
0 1 38013
0 1 38015
0 1 38016
0 1 38017
0 1 38020
0 1 38022
0 1 38026
0 1 38028
0 1 38032
0 1 38033
0 1 38034
0 1 38035
0 1 38037
0 1 38038
0 1 38042
0 1 38046
0 1 38047
0 1 38052
0 1 38054
0 1 38057
0 1 38058
0 1 38059
0 1 38060
0 1 38062
0 1 38063
0 1 38066
0 1 38068
0 1 38070
0 1 38074
0 1 38080
0 1 38081
0 1 38082
0 1 38083
0 1 38085
0 1 38086
0 1 38087
0 1 38088
0 1 38091
0 1 38093
0 1 38095
0 1 38099
0 1 38101
0 1 38102
0 1 38103
0 1 38104
0 1 38106
0 1 38107
0 1 38109
0 1 38117
0 1 38119
0 1 38120
0 1 38122
0 1 38127
0 1 38128
0 1 38129
0 1 38132
0 1 38134
0 1 38137
0 1 38139
0 1 38149
0 1 38151
0 1 38152
0 1 38153
0 1 38155
0 1 38156
0 1 38157
0 1 38160
0 1 38161
0 1 38162
0 1 38163
0 1 38165
0 1 38166
0 1 38168
0 1 38169
0 1 38172
0 1 38174
0 1 38175
0 1 38176
0 1 38178
0 1 38179
0 1 38183
0 1 38186
0 1 38188
0 1 38189
0 1 38190
0 1 38191
0 1 38194
0 1 38195
0 1 38196
0 1 38199
0 1 38200
0 1 38201
0 1 38202
0 1 38203
0 1 38205
0 1 38206
0 1 38210
0 1 38211
0 1 38213
0 1 38215
0 1 38216
0 1 38218
0 1 38221
0 1 38222
0 1 38223
0 1 38224
0 1 38228
0 1 38232
0 1 38233
0 1 38234
0 1 38236
0 1 38237
0 1 38241
0 1 38245
0 1 38247
0 1 38254
0 1 38258
0 1 38262
0 1 38263
0 1 38267
0 1 38268
0 1 38279
0 1 38280
0 1 38282
0 1 38283
0 1 38285
0 1 38286
0 1 38287
0 1 38288
0 1 38290
0 1 38291
0 1 38293
0 1 38296
0 1 38297
0 1 38299
0 1 38300
0 1 38301
0 1 38302
0 1 38303
0 1 38304
0 1 38305
0 1 38310
0 1 38313
0 1 38314
0 1 38318
0 1 38321
0 1 38322
0 1 38323
0 1 38324
0 1 38326
0 1 38327
0 1 38332
0 1 38333
0 1 38334
0 1 38337
0 1 38338
0 1 38346
0 1 38348
0 1 38349
0 1 38352
0 1 38353
0 1 38355
0 1 38356
0 1 38359
0 1 38360
0 1 38365
0 1 38366
0 1 38367
0 1 38370
0 1 38372
0 1 38374
0 1 38375
0 1 38378
0 1 38380
0 1 38381
0 1 38382
0 1 38384
0 1 38387
0 1 38389
0 1 38393
0 1 38394
0 1 38395
0 1 38397
0 1 38400
0 1 38401
0 1 38402
0 1 38403
0 1 38404
0 1 38405
0 1 38408
0 1 38409
0 1 38410
0 1 38412
0 1 38416
0 1 38417
0 1 38422
0 1 38424
0 1 38425
0 1 38427
0 1 38429
0 1 38433
0 1 38434
0 1 38435
0 1 38436
0 1 38437
0 1 38442
0 1 38444
0 1 38445
0 1 38446
0 1 38448
0 1 38449
0 1 38450
0 1 38452
0 1 38453
0 1 38455
0 1 38456
0 1 38459
0 1 38460
0 1 38461
0 1 38462
0 1 38464
0 1 38465
0 1 38468
0 1 38469
0 1 38470
0 1 38471
0 1 38472
0 1 38474
0 1 38475
0 1 38476
0 1 38477
0 1 38479
0 1 38481
0 1 38482
0 1 38483
0 1 38484
0 1 38485
0 1 38486
0 1 38489
0 1 38490
0 1 38493
0 1 38494
0 1 38495
0 1 38500
0 1 38502
0 1 38505
0 1 38506
0 1 38510
0 1 38512
0 1 38514
0 1 38515
0 1 38516
0 1 38517
0 1 38520
0 1 38521
0 1 38522
0 1 38528
0 1 38532
0 1 38533
0 1 38534
0 1 38535
0 1 38536
0 1 38537
0 1 38539
0 1 38540
0 1 38541
0 1 38542
0 1 38543
0 1 38546
0 1 38547
0 1 38548
0 1 38554
0 1 38556
0 1 38557
0 1 38558
0 1 38561
0 1 38563
0 1 38564
0 1 38567
0 1 38569
0 1 38574
0 1 38576
0 1 38577
0 1 38578
0 1 38579
0 1 38580
0 1 38581
0 1 38583
0 1 38584
0 1 38587
0 1 38588
0 1 38589
0 1 38591
0 1 38592
0 1 38593
0 1 38596
0 1 38598
0 1 38599
0 1 38600
0 1 38603
0 1 38609
0 1 38611
0 1 38613
0 1 38615
0 1 38616
0 1 38617
0 1 38618
0 1 38620
0 1 38622
0 1 38623
0 1 38625
0 1 38632
0 1 38633
0 1 38634
0 1 38635
0 1 38636
0 1 38639
0 1 38640
0 1 38642
0 1 38643
0 1 38646
0 1 38647
0 1 38648
0 1 38652
0 1 38653
0 1 38656
0 1 38658
0 1 38659
0 1 38661
0 1 38664
0 1 38665
0 1 38666
0 1 38668
0 1 38672
0 1 38673
0 1 38674
0 1 38675
0 1 38676
0 1 38677
0 1 38679
0 1 38682
0 1 38683
0 1 38684
0 1 38687
0 1 38688
0 1 38689
0 1 38691
0 1 38696
0 1 38698
0 1 38700
0 1 38704
0 1 38706
0 1 38707
0 1 38708
0 1 38710
0 1 38711
0 1 38712
0 1 38717
0 1 38718
0 1 38720
0 1 38724
0 1 38725
0 1 38726
0 1 38727
0 1 38728
0 1 38729
0 1 38730
0 1 38731
0 1 38736
0 1 38744
0 1 38745
0 1 38746
0 1 38747
0 1 38751
0 1 38753
0 1 38754
0 1 38755
0 1 38756
0 1 38758
0 1 38759
0 1 38760
0 1 38762
0 1 38764
0 1 38766
0 1 38768
0 1 38769
0 1 38771
0 1 38774
0 1 38776
0 1 38777
0 1 38780
0 1 38782
0 1 38783
0 1 38785
0 1 38786
0 1 38787
0 1 38789
0 1 38790
0 1 38791
0 1 38793
0 1 38799
0 1 38800
0 1 38802
0 1 38803
0 1 38807
0 1 38811
0 1 38817
0 1 38819
0 1 38821
0 1 38822
0 1 38823
0 1 38826
0 1 38831
0 1 38838
0 1 38839
0 1 38841
0 1 38843
0 1 38846
0 1 38847
0 1 38848
0 1 38852
0 1 38853
0 1 38854
0 1 38856
0 1 38857
0 1 38859
0 1 38860
0 1 38861
0 1 38864
0 1 38865
0 1 38872
0 1 38874
0 1 38880
0 1 38883
0 1 38887
0 1 38889
0 1 38890
0 1 38893
0 1 38894
0 1 38895
0 1 38897
0 1 38899
0 1 38900
0 1 38901
0 1 38903
0 1 38906
0 1 38909
0 1 38911
0 1 38913
0 1 38915
0 1 38916
0 1 38917
0 1 38918
0 1 38919
0 1 38920
0 1 38922
0 1 38923
0 1 38924
0 1 38925
0 1 38926
0 1 38927
0 1 38929
0 1 38931
0 1 38932
0 1 38934
0 1 38935
0 1 38936
0 1 38937
0 1 38942
0 1 38943
0 1 38944
0 1 38945
0 1 38950
0 1 38952
0 1 38953
0 1 38954
0 1 38959
0 1 38963
0 1 38964
0 1 38966
0 1 38967
0 1 38968
0 1 38969
0 1 38970
0 1 38971
0 1 38972
0 1 38973
0 1 38975
0 1 38977
0 1 38978
0 1 38979
0 1 38980
0 1 38984
0 1 38985
0 1 38987
0 1 38988
0 1 38991
0 1 38997
0 1 38999
0 1 39000
0 1 39002
0 1 39003
0 1 39005
0 1 39006
0 1 39007
0 1 39010
0 1 39011
0 1 39014
0 1 39018
0 1 39020
0 1 39021
0 1 39024
0 1 39028
0 1 39032
0 1 39033
0 1 39034
0 1 39039
0 1 39041
0 1 39042
0 1 39044
0 1 39045
0 1 39050
0 1 39055
0 1 39056
0 1 39059
0 1 39065
0 1 39066
0 1 39071
0 1 39073
0 1 39075
0 1 39077
0 1 39080
0 1 39082
0 1 39086
0 1 39087
0 1 39088
0 1 39089
0 1 39090
0 1 39091
0 1 39094
0 1 39095
0 1 39098
0 1 39099
0 1 39100
0 1 39101
0 1 39103
0 1 39104
0 1 39105
0 1 39106
0 1 39107
0 1 39108
0 1 39109
0 1 39111
0 1 39112
0 1 39113
0 1 39115
0 1 39118
0 1 39119
0 1 39122
0 1 39125
0 1 39128
0 1 39129
0 1 39130
0 1 39133
0 1 39135
0 1 39137
0 1 39138
0 1 39142
0 1 39143
0 1 39144
0 1 39145
0 1 39147
0 1 39148
0 1 39149
0 1 39154
0 1 39156
0 1 39159
0 1 39161
0 1 39162
0 1 39164
0 1 39166
0 1 39167
0 1 39173
0 1 39174
0 1 39176
0 1 39177
0 1 39178
0 1 39181
0 1 39182
0 1 39183
0 1 39184
0 1 39186
0 1 39188
0 1 39191
0 1 39192
0 1 39194
0 1 39196
0 1 39197
0 1 39201
0 1 39203
0 1 39207
0 1 39210
0 1 39212
0 1 39214
0 1 39219
0 1 39222
0 1 39224
0 1 39226
0 1 39228
0 1 39229
0 1 39232
0 1 39234
0 1 39236
0 1 39239
0 1 39241
0 1 39243
0 1 39244
0 1 39245
0 1 39247
0 1 39249
0 1 39251
0 1 39252
0 1 39257
0 1 39261
0 1 39262
0 1 39266
0 1 39269
0 1 39273
0 1 39274
0 1 39277
0 1 39280
0 1 39282
0 1 39284
0 1 39285
0 1 39286
0 1 39287
0 1 39289
0 1 39290
0 1 39293
0 1 39294
0 1 39296
0 1 39297
0 1 39299
0 1 39303
0 1 39307
0 1 39308
0 1 39310
0 1 39313
0 1 39314
0 1 39317
0 1 39319
0 1 39320
0 1 39321
0 1 39325
0 1 39326
0 1 39331
0 1 39332
0 1 39334
0 1 39335
0 1 39339
0 1 39340
0 1 39341
0 1 39345
0 1 39349
0 1 39351
0 1 39354
0 1 39355
0 1 39357
0 1 39360
0 1 39362
0 1 39364
0 1 39368
0 1 39370
0 1 39371
0 1 39372
0 1 39377
0 1 39378
0 1 39380
0 1 39383
0 1 39384
0 1 39385
0 1 39386
0 1 39387
0 1 39388
0 1 39389
0 1 39393
0 1 39395
0 1 39396
0 1 39398
0 1 39400
0 1 39401
0 1 39402
0 1 39406
0 1 39408
0 1 39410
0 1 39411
0 1 39412
0 1 39413
0 1 39418
0 1 39419
0 1 39420
0 1 39422
0 1 39429
0 1 39434
0 1 39435
0 1 39436
0 1 39437
0 1 39440
0 1 39442
0 1 39446
0 1 39447
0 1 39448
0 1 39449
0 1 39450
0 1 39451
0 1 39452
0 1 39453
0 1 39457
0 1 39460
0 1 39465
0 1 39467
0 1 39469
0 1 39470
0 1 39473
0 1 39474
0 1 39476
0 1 39478
0 1 39479
0 1 39480
0 1 39482
0 1 39483
0 1 39484
0 1 39485
0 1 39487
0 1 39490
0 1 39491
0 1 39492
0 1 39494
0 1 39497
0 1 39504
0 1 39507
0 1 39508
0 1 39510
0 1 39512
0 1 39516
0 1 39517
0 1 39522
0 1 39524
0 1 39525
0 1 39526
0 1 39529
0 1 39530
0 1 39532
0 1 39533
0 1 39534
0 1 39537
0 1 39538
0 1 39539
0 1 39540
0 1 39541
0 1 39542
0 1 39545
0 1 39546
0 1 39548
0 1 39549
0 1 39555
0 1 39559
0 1 39560
0 1 39561
0 1 39565
0 1 39566
0 1 39572
0 1 39575
0 1 39578
0 1 39579
0 1 39580
0 1 39581
0 1 39587
0 1 39592
0 1 39594
0 1 39595
0 1 39596
0 1 39597
0 1 39599
0 1 39603
0 1 39607
0 1 39608
0 1 39611
0 1 39612
0 1 39614
0 1 39615
0 1 39616
0 1 39618
0 1 39622
0 1 39625
0 1 39626
0 1 39627
0 1 39628
0 1 39630
0 1 39633
0 1 39634
0 1 39635
0 1 39636
0 1 39639
0 1 39640
0 1 39641
0 1 39643
0 1 39644
0 1 39647
0 1 39648
0 1 39649
0 1 39650
0 1 39654
0 1 39655
0 1 39656
0 1 39657
0 1 39663
0 1 39664
0 1 39667
0 1 39668
0 1 39669
0 1 39670
0 1 39671
0 1 39672
0 1 39673
0 1 39677
0 1 39678
0 1 39679
0 1 39683
0 1 39690
0 1 39692
0 1 39693
0 1 39696
0 1 39698
0 1 39700
0 1 39701
0 1 39703
0 1 39704
0 1 39705
0 1 39706
0 1 39707
0 1 39711
0 1 39713
0 1 39714
0 1 39717
0 1 39721
0 1 39722
0 1 39723
0 1 39726
0 1 39728
0 1 39729
0 1 39730
0 1 39731
0 1 39733
0 1 39734
0 1 39735
0 1 39739
0 1 39744
0 1 39747
0 1 39750
0 1 39752
0 1 39753
0 1 39754
0 1 39756
0 1 39760
0 1 39763
0 1 39765
0 1 39766
0 1 39768
0 1 39770
0 1 39771
0 1 39773
0 1 39774
0 1 39775
0 1 39776
0 1 39778
0 1 39782
0 1 39785
0 1 39787
0 1 39789
0 1 39792
0 1 39794
0 1 39795
0 1 39797
0 1 39801
0 1 39802
0 1 39804
0 1 39805
0 1 39806
0 1 39808
0 1 39809
0 1 39811
0 1 39813
0 1 39814
0 1 39815
0 1 39818
0 1 39819
0 1 39823
0 1 39824
0 1 39825
0 1 39826
0 1 39830
0 1 39831
0 1 39833
0 1 39835
0 1 39836
0 1 39841
0 1 39842
0 1 39843
0 1 39844
0 1 39845
0 1 39846
0 1 39848
0 1 39849
0 1 39853
0 1 39854
0 1 39855
0 1 39856
0 1 39858
0 1 39859
0 1 39862
0 1 39866
0 1 39872
0 1 39877
0 1 39880
0 1 39881
0 1 39882
0 1 39883
0 1 39890
0 1 39891
0 1 39892
0 1 39895
0 1 39896
0 1 39899
0 1 39900
0 1 39901
0 1 39902
0 1 39904
0 1 39907
0 1 39914
0 1 39915
0 1 39916
0 1 39923
0 1 39924
0 1 39927
0 1 39928
0 1 39932
0 1 39934
0 1 39935
0 1 39937
0 1 39939
0 1 39940
0 1 39943
0 1 39945
0 1 39953
0 1 39956
0 1 39957
0 1 39959
0 1 39960
0 1 39961
0 1 39962
0 1 39965
0 1 39968
0 1 39970
0 1 39972
0 1 39975
0 1 39976
0 1 39977
0 1 39978
0 1 39980
0 1 39982
0 1 39983
0 1 39985
0 1 39988
0 1 39992
0 1 39993
0 1 39995
0 1 39996
0 1 39999
0 1 40000
0 1 40002
0 1 40003
0 1 40005
0 1 40007
0 1 40008
0 1 40012
0 1 40015
0 1 40017
0 1 40019
0 1 40021
0 1 40022
0 1 40023
0 1 40024
0 1 40025
0 1 40028
0 1 40029
0 1 40032
0 1 40036
0 1 40038
0 1 40039
0 1 40040
0 1 40041
0 1 40044
0 1 40046
0 1 40047
0 1 40050
0 1 40051
0 1 40052
0 1 40054
0 1 40055
0 1 40056
0 1 40057
0 1 40061
0 1 40065
0 1 40066
0 1 40068
0 1 40069
0 1 40070
0 1 40074
0 1 40075
0 1 40076
0 1 40079
0 1 40080
0 1 40084
0 1 40088
0 1 40090
0 1 40093
0 1 40094
0 1 40095
0 1 40096
0 1 40100
0 1 40101
0 1 40103
0 1 40104
0 1 40106
0 1 40109
0 1 40110
0 1 40111
0 1 40112
0 1 40118
0 1 40119
0 1 40121
0 1 40122
0 1 40123
0 1 40124
0 1 40128
0 1 40129
0 1 40130
0 1 40132
0 1 40134
0 1 40138
0 1 40140
0 1 40144
0 1 40151
0 1 40153
0 1 40154
0 1 40156
0 1 40158
0 1 40159
0 1 40162
0 1 40163
0 1 40165
0 1 40170
0 1 40172
0 1 40174
0 1 40177
0 1 40179
0 1 40181
0 1 40182
0 1 40183
0 1 40185
0 1 40187
0 1 40190
0 1 40191
0 1 40192
0 1 40195
0 1 40197
0 1 40198
0 1 40199
0 1 40202
0 1 40203
0 1 40205
0 1 40206
0 1 40207
0 1 40208
0 1 40209
0 1 40211
0 1 40214
0 1 40217
0 1 40227
0 1 40231
0 1 40232
0 1 40234
0 1 40236
0 1 40238
0 1 40239
0 1 40241
0 1 40242
0 1 40249
0 1 40250
0 1 40251
0 1 40252
0 1 40256
0 1 40257
0 1 40259
0 1 40261
0 1 40263
0 1 40264
0 1 40267
0 1 40269
0 1 40273
0 1 40278
0 1 40279
0 1 40282
0 1 40283
0 1 40284
0 1 40285
0 1 40286
0 1 40288
0 1 40289
0 1 40291
0 1 40293
0 1 40295
0 1 40297
0 1 40300
0 1 40301
0 1 40302
0 1 40304
0 1 40308
0 1 40309
0 1 40312
0 1 40314
0 1 40320
0 1 40324
0 1 40325
0 1 40326
0 1 40329
0 1 40330
0 1 40332
0 1 40333
0 1 40334
0 1 40337
0 1 40341
0 1 40345
0 1 40346
0 1 40347
0 1 40348
0 1 40350
0 1 40352
0 1 40356
0 1 40359
0 1 40365
0 1 40366
0 1 40369
0 1 40375
0 1 40382
0 1 40383
0 1 40386
0 1 40387
0 1 40388
0 1 40389
0 1 40393
0 1 40395
0 1 40396
0 1 40397
0 1 40401
0 1 40403
0 1 40404
0 1 40407
0 1 40409
0 1 40410
0 1 40415
0 1 40416
0 1 40420
0 1 40422
0 1 40423
0 1 40424
0 1 40425
0 1 40426
0 1 40428
0 1 40429
0 1 40434
0 1 40442
0 1 40444
0 1 40446
0 1 40449
0 1 40450
0 1 40451
0 1 40452
0 1 40456
0 1 40457
0 1 40458
0 1 40459
0 1 40461
0 1 40465
0 1 40466
0 1 40469
0 1 40470
0 1 40471
0 1 40474
0 1 40475
0 1 40477
0 1 40481
0 1 40482
0 1 40483
0 1 40484
0 1 40485
0 1 40486
0 1 40487
0 1 40488
0 1 40490
0 1 40494
0 1 40495
0 1 40496
0 1 40497
0 1 40500
0 1 40502
0 1 40503
0 1 40505
0 1 40507
0 1 40508
0 1 40509
0 1 40511
0 1 40513
0 1 40518
0 1 40519
0 1 40520
0 1 40523
0 1 40524
0 1 40525
0 1 40526
0 1 40527
0 1 40528
0 1 40532
0 1 40538
0 1 40540
0 1 40550
0 1 40551
0 1 40553
0 1 40555
0 1 40557
0 1 40560
0 1 40561
0 1 40562
0 1 40567
0 1 40571
0 1 40579
0 1 40581
0 1 40586
0 1 40589
0 1 40591
0 1 40596
0 1 40597
0 1 40598
0 1 40599
0 1 40600
0 1 40601
0 1 40607
0 1 40609
0 1 40612
0 1 40615
0 1 40616
0 1 40618
0 1 40625
0 1 40627
0 1 40630
0 1 40632
0 1 40635
0 1 40636
0 1 40638
0 1 40641
0 1 40644
0 1 40647
0 1 40649
0 1 40650
0 1 40651
0 1 40653
0 1 40655
0 1 40656
0 1 40658
0 1 40660
0 1 40661
0 1 40663
0 1 40664
0 1 40665
0 1 40669
0 1 40672
0 1 40674
0 1 40679
0 1 40681
0 1 40682
0 1 40683
0 1 40684
0 1 40685
0 1 40686
0 1 40687
0 1 40690
0 1 40692
0 1 40694
0 1 40696
0 1 40699
0 1 40701
0 1 40706
0 1 40708
0 1 40710
0 1 40712
0 1 40713
0 1 40716
0 1 40717
0 1 40719
0 1 40722
0 1 40727
0 1 40728
0 1 40729
0 1 40730
0 1 40732
0 1 40734
0 1 40736
0 1 40740
0 1 40741
0 1 40742
0 1 40743
0 1 40746
0 1 40748
0 1 40750
0 1 40751
0 1 40753
0 1 40754
0 1 40761
0 1 40764
0 1 40766
0 1 40767
0 1 40769
0 1 40774
0 1 40775
0 1 40777
0 1 40778
0 1 40779
0 1 40785
0 1 40793
0 1 40795
0 1 40796
0 1 40798
0 1 40799
0 1 40800
0 1 40803
0 1 40804
0 1 40809
0 1 40811
0 1 40812
0 1 40814
0 1 40815
0 1 40816
0 1 40818
0 1 40819
0 1 40820
0 1 40824
0 1 40825
0 1 40827
0 1 40828
0 1 40829
0 1 40830
0 1 40831
0 1 40832
0 1 40834
0 1 40836
0 1 40837
0 1 40838
0 1 40839
0 1 40840
0 1 40844
0 1 40847
0 1 40850
0 1 40853
0 1 40854
0 1 40855
0 1 40856
0 1 40861
0 1 40863
0 1 40864
0 1 40868
0 1 40871
0 1 40873
0 1 40875
0 1 40876
0 1 40878
0 1 40882
0 1 40883
0 1 40884
0 1 40886
0 1 40887
0 1 40888
0 1 40889
0 1 40890
0 1 40895
0 1 40897
0 1 40898
0 1 40899
0 1 40900
0 1 40901
0 1 40902
0 1 40904
0 1 40906
0 1 40907
0 1 40910
0 1 40914
0 1 40917
0 1 40921
0 1 40923
0 1 40927
0 1 40929
0 1 40933
0 1 40934
0 1 40936
0 1 40937
0 1 40938
0 1 40943
0 1 40946
0 1 40949
0 1 40950
0 1 40952
0 1 40959
0 1 40960
0 1 40961
0 1 40964
0 1 40965
0 1 40966
0 1 40967
0 1 40970
0 1 40973
0 1 40974
0 1 40976
0 1 40977
0 1 40978
0 1 40980
0 1 40981
0 1 40982
0 1 40983
0 1 40985
0 1 40989
0 1 40991
0 1 40992
0 1 40993
0 1 40994
0 1 40996
0 1 40997
0 1 40998
0 1 40999
0 1 41005
0 1 41006
0 1 41008
0 1 41009
0 1 41011
0 1 41012
0 1 41014
0 1 41017
0 1 41018
0 1 41019
0 1 41020
0 1 41025
0 1 41027
0 1 41033
0 1 41034
0 1 41038
0 1 41039
0 1 41041
0 1 41042
0 1 41043
0 1 41045
0 1 41046
0 1 41050
0 1 41052
0 1 41053
0 1 41054
0 1 41055
0 1 41056
0 1 41059
0 1 41061
0 1 41063
0 1 41066
0 1 41069
0 1 41070
0 1 41071
0 1 41073
0 1 41076
0 1 41082
0 1 41083
0 1 41085
0 1 41087
0 1 41090
0 1 41091
0 1 41095
0 1 41096
0 1 41098
0 1 41099
0 1 41103
0 1 41104
0 1 41109
0 1 41110
0 1 41115
0 1 41116
0 1 41118
0 1 41123
0 1 41128
0 1 41130
0 1 41134
0 1 41135
0 1 41136
0 1 41137
0 1 41138
0 1 41139
0 1 41142
0 1 41143
0 1 41146
0 1 41148
0 1 41149
0 1 41150
0 1 41157
0 1 41159
0 1 41160
0 1 41161
0 1 41169
0 1 41170
0 1 41171
0 1 41173
0 1 41175
0 1 41178
0 1 41179
0 1 41183
0 1 41184
0 1 41185
0 1 41186
0 1 41188
0 1 41189
0 1 41191
0 1 41192
0 1 41194
0 1 41195
0 1 41197
0 1 41199
0 1 41202
0 1 41205
0 1 41206
0 1 41208
0 1 41209
0 1 41211
0 1 41214
0 1 41215
0 1 41216
0 1 41218
0 1 41219
0 1 41220
0 1 41221
0 1 41224
0 1 41225
0 1 41227
0 1 41228
0 1 41232
0 1 41233
0 1 41235
0 1 41236
0 1 41237
0 1 41238
0 1 41241
0 1 41245
0 1 41247
0 1 41248
0 1 41249
0 1 41250
0 1 41251
0 1 41254
0 1 41257
0 1 41258
0 1 41259
0 1 41260
0 1 41261
0 1 41262
0 1 41263
0 1 41265
0 1 41269
0 1 41270
0 1 41273
0 1 41274
0 1 41275
0 1 41276
0 1 41277
0 1 41280
0 1 41281
0 1 41283
0 1 41284
0 1 41285
0 1 41286
0 1 41288
0 1 41289
0 1 41292
0 1 41295
0 1 41297
0 1 41298
0 1 41304
0 1 41306
0 1 41307
0 1 41309
0 1 41310
0 1 41311
0 1 41314
0 1 41315
0 1 41317
0 1 41319
0 1 41320
0 1 41322
0 1 41326
0 1 41327
0 1 41330
0 1 41331
0 1 41333
0 1 41339
0 1 41342
0 1 41344
0 1 41346
0 1 41349
0 1 41350
0 1 41353
0 1 41354
0 1 41355
0 1 41356
0 1 41357
0 1 41358
0 1 41360
0 1 41362
0 1 41363
0 1 41365
0 1 41368
0 1 41369
0 1 41370
0 1 41374
0 1 41375
0 1 41376
0 1 41377
0 1 41378
0 1 41379
0 1 41381
0 1 41382
0 1 41384
0 1 41385
0 1 41391
0 1 41396
0 1 41398
0 1 41399
0 1 41400
0 1 41401
0 1 41402
0 1 41406
0 1 41407
0 1 41410
0 1 41411
0 1 41412
0 1 41413
0 1 41414
0 1 41415
0 1 41417
0 1 41422
0 1 41423
0 1 41424
0 1 41425
0 1 41426
0 1 41428
0 1 41429
0 1 41430
0 1 41431
0 1 41434
0 1 41435
0 1 41436
0 1 41439
0 1 41441
0 1 41442
0 1 41444
0 1 41447
0 1 41448
0 1 41455
0 1 41456
0 1 41457
0 1 41458
0 1 41460
0 1 41461
0 1 41462
0 1 41464
0 1 41466
0 1 41468
0 1 41470
0 1 41471
0 1 41476
0 1 41477
0 1 41479
0 1 41480
0 1 41481
0 1 41484
0 1 41485
0 1 41489
0 1 41490
0 1 41491
0 1 41492
0 1 41493
0 1 41495
0 1 41496
0 1 41499
0 1 41503
0 1 41504
0 1 41506
0 1 41507
0 1 41509
0 1 41511
0 1 41513
0 1 41514
0 1 41519
0 1 41521
0 1 41523
0 1 41525
0 1 41527
0 1 41531
0 1 41532
0 1 41536
0 1 41537
0 1 41539
0 1 41540
0 1 41541
0 1 41542
0 1 41544
0 1 41545
0 1 41546
0 1 41548
0 1 41550
0 1 41551
0 1 41552
0 1 41556
0 1 41557
0 1 41560
0 1 41561
0 1 41562
0 1 41565
0 1 41566
0 1 41567
0 1 41568
0 1 41569
0 1 41570
0 1 41571
0 1 41572
0 1 41573
0 1 41574
0 1 41578
0 1 41579
0 1 41581
0 1 41586
0 1 41588
0 1 41590
0 1 41593
0 1 41594
0 1 41600
0 1 41603
0 1 41604
0 1 41608
0 1 41609
0 1 41610
0 1 41613
0 1 41615
0 1 41616
0 1 41617
0 1 41625
0 1 41626
0 1 41629
0 1 41630
0 1 41631
0 1 41632
0 1 41633
0 1 41634
0 1 41635
0 1 41640
0 1 41644
0 1 41645
0 1 41647
0 1 41648
0 1 41649
0 1 41650
0 1 41651
0 1 41655
0 1 41657
0 1 41658
0 1 41659
0 1 41660
0 1 41661
0 1 41662
0 1 41663
0 1 41666
0 1 41667
0 1 41669
0 1 41670
0 1 41671
0 1 41675
0 1 41680
0 1 41681
0 1 41682
0 1 41686
0 1 41687
0 1 41688
0 1 41689
0 1 41691
0 1 41692
0 1 41693
0 1 41694
0 1 41695
0 1 41697
0 1 41698
0 1 41699
0 1 41702
0 1 41704
0 1 41705
0 1 41706
0 1 41709
0 1 41710
0 1 41711
0 1 41712
0 1 41713
0 1 41716
0 1 41717
0 1 41719
0 1 41721
0 1 41724
0 1 41725
0 1 41726
0 1 41727
0 1 41728
0 1 41730
0 1 41732
0 1 41733
0 1 41735
0 1 41736
0 1 41739
0 1 41740
0 1 41741
0 1 41742
0 1 41745
0 1 41746
0 1 41747
0 1 41748
0 1 41749
0 1 41752
0 1 41753
0 1 41754
0 1 41756
0 1 41758
0 1 41762
0 1 41769
0 1 41771
0 1 41772
0 1 41773
0 1 41774
0 1 41776
0 1 41780
0 1 41781
0 1 41783
0 1 41785
0 1 41786
0 1 41788
0 1 41789
0 1 41792
0 1 41793
0 1 41794
0 1 41796
0 1 41797
0 1 41803
0 1 41807
0 1 41808
0 1 41809
0 1 41811
0 1 41815
0 1 41816
0 1 41817
0 1 41818
0 1 41820
0 1 41822
0 1 41824
0 1 41825
0 1 41827
0 1 41828
0 1 41829
0 1 41833
0 1 41834
0 1 41835
0 1 41836
0 1 41838
0 1 41839
0 1 41843
0 1 41853
0 1 41855
0 1 41856
0 1 41857
0 1 41860
0 1 41861
0 1 41863
0 1 41865
0 1 41866
0 1 41867
0 1 41868
0 1 41870
0 1 41871
0 1 41873
0 1 41874
0 1 41876
0 1 41877
0 1 41889
0 1 41890
0 1 41892
0 1 41893
0 1 41894
0 1 41898
0 1 41900
0 1 41901
0 1 41905
0 1 41906
0 1 41910
0 1 41913
0 1 41916
0 1 41917
0 1 41924
0 1 41925
0 1 41926
0 1 41931
0 1 41938
0 1 41939
0 1 41942
0 1 41944
0 1 41945
0 1 41947
0 1 41948
0 1 41952
0 1 41954
0 1 41955
0 1 41956
0 1 41961
0 1 41962
0 1 41964
0 1 41966
0 1 41967
0 1 41968
0 1 41971
0 1 41973
0 1 41974
0 1 41977
0 1 41986
0 1 41987
0 1 41992
0 1 41994
0 1 41997
0 1 41998
0 1 41999
0 1 42000
0 1 42001
0 1 42002
0 1 42003
0 1 42008
0 1 42009
0 1 42012
0 1 42013
0 1 42014
0 1 42015
0 1 42017
0 1 42019
0 1 42020
0 1 42023
0 1 42026
0 1 42027
0 1 42028
0 1 42029
0 1 42030
0 1 42031
0 1 42032
0 1 42033
0 1 42036
0 1 42037
0 1 42039
0 1 42041
0 1 42042
0 1 42044
0 1 42045
0 1 42048
0 1 42050
0 1 42052
0 1 42053
0 1 42054
0 1 42057
0 1 42058
0 1 42059
0 1 42062
0 1 42063
0 1 42071
0 1 42074
0 1 42075
0 1 42077
0 1 42078
0 1 42080
0 1 42087
0 1 42088
0 1 42092
0 1 42093
0 1 42094
0 1 42098
0 1 42099
0 1 42100
0 1 42104
0 1 42105
0 1 42111
0 1 42112
0 1 42113
0 1 42114
0 1 42115
0 1 42118
0 1 42120
0 1 42122
0 1 42125
0 1 42127
0 1 42135
0 1 42151
0 1 42153
0 1 42155
0 1 42156
0 1 42157
0 1 42158
0 1 42165
0 1 42167
0 1 42168
0 1 42169
0 1 42172
0 1 42178
0 1 42182
0 1 42183
0 1 42184
0 1 42186
0 1 42187
0 1 42188
0 1 42190
0 1 42191
0 1 42195
0 1 42196
0 1 42198
0 1 42204
0 1 42207
0 1 42209
0 1 42211
0 1 42214
0 1 42217
0 1 42220
0 1 42221
0 1 42222
0 1 42225
0 1 42226
0 1 42227
0 1 42228
0 1 42230
0 1 42233
0 1 42234
0 1 42239
0 1 42241
0 1 42244
0 1 42245
0 1 42248
0 1 42251
0 1 42252
0 1 42254
0 1 42256
0 1 42257
0 1 42261
0 1 42265
0 1 42266
0 1 42267
0 1 42269
0 1 42270
0 1 42271
0 1 42273
0 1 42284
0 1 42288
0 1 42289
0 1 42290
0 1 42291
0 1 42298
0 1 42300
0 1 42301
0 1 42302
0 1 42303
0 1 42306
0 1 42307
0 1 42308
0 1 42309
0 1 42311
0 1 42316
0 1 42319
0 1 42320
0 1 42323
0 1 42324
0 1 42325
0 1 42326
0 1 42327
0 1 42330
0 1 42334
0 1 42338
0 1 42341
0 1 42342
0 1 42345
0 1 42347
0 1 42349
0 1 42350
0 1 42351
0 1 42353
0 1 42354
0 1 42360
0 1 42364
0 1 42366
0 1 42367
0 1 42369
0 1 42371
0 1 42372
0 1 42373
0 1 42374
0 1 42376
0 1 42377
0 1 42380
0 1 42384
0 1 42385
0 1 42386
0 1 42387
0 1 42392
0 1 42393
0 1 42394
0 1 42396
0 1 42398
0 1 42399
0 1 42400
0 1 42401
0 1 42406
0 1 42409
0 1 42410
0 1 42412
0 1 42415
0 1 42416
0 1 42420
0 1 42423
0 1 42424
0 1 42425
0 1 42426
0 1 42428
0 1 42432
0 1 42433
0 1 42434
0 1 42437
0 1 42438
0 1 42439
0 1 42442
0 1 42443
0 1 42446
0 1 42447
0 1 42448
0 1 42450
0 1 42451
0 1 42453
0 1 42454
0 1 42455
0 1 42456
0 1 42458
0 1 42459
0 1 42461
0 1 42463
0 1 42464
0 1 42465
0 1 42466
0 1 42470
0 1 42471
0 1 42472
0 1 42480
0 1 42483
0 1 42486
0 1 42488
0 1 42490
0 1 42491
0 1 42492
0 1 42493
0 1 42495
0 1 42496
0 1 42500
0 1 42505
0 1 42508
0 1 42509
0 1 42510
0 1 42513
0 1 42514
0 1 42516
0 1 42521
0 1 42522
0 1 42524
0 1 42525
0 1 42528
0 1 42530
0 1 42532
0 1 42534
0 1 42535
0 1 42536
0 1 42537
0 1 42538
0 1 42541
0 1 42542
0 1 42545
0 1 42549
0 1 42551
0 1 42553
0 1 42554
0 1 42555
0 1 42557
0 1 42559
0 1 42560
0 1 42561
0 1 42562
0 1 42563
0 1 42565
0 1 42567
0 1 42569
0 1 42570
0 1 42571
0 1 42573
0 1 42575
0 1 42577
0 1 42583
0 1 42585
0 1 42586
0 1 42587
0 1 42595
0 1 42596
0 1 42597
0 1 42601
0 1 42602
0 1 42603
0 1 42605
0 1 42608
0 1 42609
0 1 42611
0 1 42612
0 1 42613
0 1 42617
0 1 42618
0 1 42621
0 1 42622
0 1 42624
0 1 42627
0 1 42628
0 1 42632
0 1 42633
0 1 42635
0 1 42640
0 1 42641
0 1 42646
0 1 42648
0 1 42649
0 1 42653
0 1 42654
0 1 42656
0 1 42657
0 1 42660
0 1 42661
0 1 42662
0 1 42665
0 1 42667
0 1 42669
0 1 42672
0 1 42673
0 1 42674
0 1 42676
0 1 42677
0 1 42678
0 1 42679
0 1 42680
0 1 42682
0 1 42685
0 1 42686
0 1 42687
0 1 42690
0 1 42691
0 1 42692
0 1 42693
0 1 42695
0 1 42698
0 1 42699
0 1 42701
0 1 42702
0 1 42703
0 1 42705
0 1 42707
0 1 42708
0 1 42709
0 1 42711
0 1 42713
0 1 42714
0 1 42715
0 1 42717
0 1 42718
0 1 42721
0 1 42727
0 1 42733
0 1 42736
0 1 42737
0 1 42738
0 1 42741
0 1 42748
0 1 42749
0 1 42753
0 1 42754
0 1 42761
0 1 42763
0 1 42765
0 1 42767
0 1 42769
0 1 42770
0 1 42771
0 1 42772
0 1 42777
0 1 42779
0 1 42781
0 1 42783
0 1 42784
0 1 42788
0 1 42790
0 1 42791
0 1 42793
0 1 42798
0 1 42800
0 1 42801
0 1 42804
0 1 42807
0 1 42810
0 1 42811
0 1 42813
0 1 42814
0 1 42817
0 1 42818
0 1 42820
0 1 42823
0 1 42826
0 1 42827
0 1 42828
0 1 42830
0 1 42831
0 1 42832
0 1 42835
0 1 42836
0 1 42837
0 1 42841
0 1 42843
0 1 42846
0 1 42847
0 1 42848
0 1 42851
0 1 42854
0 1 42856
0 1 42857
0 1 42858
0 1 42860
0 1 42861
0 1 42862
0 1 42865
0 1 42866
0 1 42871
0 1 42876
0 1 42878
0 1 42879
0 1 42881
0 1 42882
0 1 42884
0 1 42886
0 1 42887
0 1 42888
0 1 42891
0 1 42895
0 1 42897
0 1 42899
0 1 42903
0 1 42904
0 1 42905
0 1 42911
0 1 42914
0 1 42922
0 1 42924
0 1 42925
0 1 42927
0 1 42930
0 1 42931
0 1 42932
0 1 42934
0 1 42938
0 1 42939
0 1 42940
0 1 42943
0 1 42944
0 1 42946
0 1 42949
0 1 42950
0 1 42951
0 1 42955
0 1 42957
0 1 42958
0 1 42959
0 1 42963
0 1 42969
0 1 42970
0 1 42971
0 1 42972
0 1 42973
0 1 42974
0 1 42976
0 1 42977
0 1 42979
0 1 42984
0 1 42989
0 1 42990
0 1 42992
0 1 42995
0 1 42997
0 1 42999
0 1 43000
0 1 43002
0 1 43003
0 1 43005
0 1 43007
0 1 43008
0 1 43013
0 1 43016
0 1 43017
0 1 43018
0 1 43020
0 1 43023
0 1 43026
0 1 43027
0 1 43028
0 1 43029
0 1 43031
0 1 43035
0 1 43038
0 1 43040
0 1 43041
0 1 43044
0 1 43045
0 1 43047
0 1 43048
0 1 43050
0 1 43052
0 1 43053
0 1 43055
0 1 43056
0 1 43065
0 1 43066
0 1 43067
0 1 43068
0 1 43070
0 1 43072
0 1 43073
0 1 43074
0 1 43075
0 1 43076
0 1 43077
0 1 43078
0 1 43079
0 1 43080
0 1 43084
0 1 43086
0 1 43093
0 1 43094
0 1 43095
0 1 43096
0 1 43101
0 1 43104
0 1 43106
0 1 43107
0 1 43110
0 1 43111
0 1 43112
0 1 43113
0 1 43115
0 1 43116
0 1 43118
0 1 43119
0 1 43120
0 1 43121
0 1 43125
0 1 43127
0 1 43128
0 1 43129
0 1 43132
0 1 43139
0 1 43141
0 1 43144
0 1 43145
0 1 43147
0 1 43150
0 1 43151
0 1 43153
0 1 43154
0 1 43159
0 1 43160
0 1 43161
0 1 43162
0 1 43166
0 1 43168
0 1 43170
0 1 43171
0 1 43172
0 1 43173
0 1 43177
0 1 43178
0 1 43179
0 1 43183
0 1 43184
0 1 43185
0 1 43186
0 1 43187
0 1 43188
0 1 43189
0 1 43192
0 1 43193
0 1 43194
0 1 43195
0 1 43197
0 1 43198
0 1 43199
0 1 43200
0 1 43202
0 1 43203
0 1 43204
0 1 43206
0 1 43208
0 1 43209
0 1 43211
0 1 43212
0 1 43213
0 1 43214
0 1 43217
0 1 43219
0 1 43220
0 1 43222
0 1 43225
0 1 43226
0 1 43229
0 1 43233
0 1 43234
0 1 43235
0 1 43236
0 1 43238
0 1 43239
0 1 43241
0 1 43242
0 1 43243
0 1 43245
0 1 43246
0 1 43247
0 1 43248
0 1 43249
0 1 43250
0 1 43252
0 1 43253
0 1 43254
0 1 43258
0 1 43259
0 1 43260
0 1 43261
0 1 43262
0 1 43266
0 1 43268
0 1 43269
0 1 43270
0 1 43271
0 1 43272
0 1 43274
0 1 43275
0 1 43276
0 1 43282
0 1 43283
0 1 43284
0 1 43285
0 1 43289
0 1 43293
0 1 43294
0 1 43295
0 1 43296
0 1 43297
0 1 43301
0 1 43302
0 1 43303
0 1 43304
0 1 43308
0 1 43309
0 1 43313
0 1 43315
0 1 43316
0 1 43317
0 1 43319
0 1 43320
0 1 43323
0 1 43325
0 1 43326
0 1 43327
0 1 43329
0 1 43330
0 1 43333
0 1 43339
0 1 43342
0 1 43343
0 1 43346
0 1 43347
0 1 43348
0 1 43352
0 1 43353
0 1 43358
0 1 43359
0 1 43361
0 1 43362
0 1 43365
0 1 43368
0 1 43369
0 1 43374
0 1 43375
0 1 43378
0 1 43379
0 1 43380
0 1 43381
0 1 43383
0 1 43390
0 1 43392
0 1 43396
0 1 43400
0 1 43403
0 1 43405
0 1 43406
0 1 43407
0 1 43411
0 1 43412
0 1 43413
0 1 43415
0 1 43416
0 1 43418
0 1 43420
0 1 43423
0 1 43425
0 1 43429
0 1 43431
0 1 43432
0 1 43436
0 1 43444
0 1 43445
0 1 43447
0 1 43449
0 1 43450
0 1 43451
0 1 43453
0 1 43454
0 1 43455
0 1 43457
0 1 43459
0 1 43460
0 1 43461
0 1 43464
0 1 43465
0 1 43467
0 1 43468
0 1 43469
0 1 43471
0 1 43474
0 1 43476
0 1 43479
0 1 43482
0 1 43486
0 1 43487
0 1 43488
0 1 43489
0 1 43490
0 1 43492
0 1 43494
0 1 43498
0 1 43499
0 1 43500
0 1 43502
0 1 43506
0 1 43509
0 1 43510
0 1 43515
0 1 43516
0 1 43517
0 1 43520
0 1 43521
0 1 43526
0 1 43530
0 1 43531
0 1 43532
0 1 43533
0 1 43534
0 1 43536
0 1 43537
0 1 43539
0 1 43541
0 1 43542
0 1 43544
0 1 43547
0 1 43548
0 1 43549
0 1 43550
0 1 43552
0 1 43554
0 1 43555
0 1 43556
0 1 43558
0 1 43559
0 1 43560
0 1 43562
0 1 43565
0 1 43566
0 1 43567
0 1 43569
0 1 43570
0 1 43571
0 1 43572
0 1 43575
0 1 43581
0 1 43583
0 1 43584
0 1 43585
0 1 43586
0 1 43587
0 1 43589
0 1 43593
0 1 43594
0 1 43597
0 1 43598
0 1 43601
0 1 43602
0 1 43606
0 1 43610
0 1 43616
0 1 43619
0 1 43620
0 1 43623
0 1 43624
0 1 43628
0 1 43629
0 1 43630
0 1 43632
0 1 43633
0 1 43634
0 1 43635
0 1 43636
0 1 43638
0 1 43642
0 1 43647
0 1 43648
0 1 43651
0 1 43652
0 1 43653
0 1 43655
0 1 43656
0 1 43657
0 1 43658
0 1 43661
0 1 43663
0 1 43665
0 1 43666
0 1 43667
0 1 43668
0 1 43671
0 1 43674
0 1 43675
0 1 43676
0 1 43678
0 1 43681
0 1 43686
0 1 43687
0 1 43688
0 1 43691
0 1 43701
0 1 43704
0 1 43706
0 1 43708
0 1 43710
0 1 43712
0 1 43714
0 1 43715
0 1 43722
0 1 43723
0 1 43724
0 1 43729
0 1 43730
0 1 43731
0 1 43732
0 1 43734
0 1 43735
0 1 43740
0 1 43743
0 1 43744
0 1 43748
0 1 43751
0 1 43753
0 1 43754
0 1 43755
0 1 43761
0 1 43763
0 1 43768
0 1 43772
0 1 43774
0 1 43777
0 1 43778
0 1 43780
0 1 43782
0 1 43783
0 1 43785
0 1 43787
0 1 43791
0 1 43792
0 1 43793
0 1 43794
0 1 43795
0 1 43797
0 1 43798
0 1 43801
0 1 43802
0 1 43803
0 1 43804
0 1 43806
0 1 43808
0 1 43809
0 1 43810
0 1 43812
0 1 43814
0 1 43816
0 1 43818
0 1 43819
0 1 43822
0 1 43823
0 1 43824
0 1 43828
0 1 43829
0 1 43831
0 1 43833
0 1 43834
0 1 43835
0 1 43838
0 1 43839
0 1 43841
0 1 43842
0 1 43844
0 1 43845
0 1 43847
0 1 43849
0 1 43850
0 1 43853
0 1 43858
0 1 43860
0 1 43862
0 1 43867
0 1 43869
0 1 43870
0 1 43874
0 1 43875
0 1 43876
0 1 43877
0 1 43880
0 1 43881
0 1 43883
0 1 43884
0 1 43885
0 1 43889
0 1 43891
0 1 43894
0 1 43896
0 1 43898
0 1 43899
0 1 43901
0 1 43903
0 1 43904
0 1 43913
0 1 43914
0 1 43917
0 1 43918
0 1 43919
0 1 43921
0 1 43924
0 1 43926
0 1 43927
0 1 43928
0 1 43929
0 1 43930
0 1 43935
0 1 43936
0 1 43937
0 1 43939
0 1 43940
0 1 43941
0 1 43942
0 1 43945
0 1 43946
0 1 43948
0 1 43950
0 1 43953
0 1 43954
0 1 43957
0 1 43963
0 1 43964
0 1 43968
0 1 43972
0 1 43973
0 1 43977
0 1 43978
0 1 43982
0 1 43983
0 1 43984
0 1 43985
0 1 43986
0 1 43991
0 1 43993
0 1 43994
0 1 43996
0 1 43999
0 1 44000
0 1 44001
0 1 44002
0 1 44004
0 1 44005
0 1 44006
0 1 44007
0 1 44008
0 1 44010
0 1 44011
0 1 44012
0 1 44013
0 1 44014
0 1 44016
0 1 44017
0 1 44019
0 1 44020
0 1 44021
0 1 44024
0 1 44027
0 1 44028
0 1 44030
0 1 44031
0 1 44032
0 1 44036
0 1 44038
0 1 44039
0 1 44040
0 1 44044
0 1 44045
0 1 44048
0 1 44050
0 1 44051
0 1 44052
0 1 44053
0 1 44054
0 1 44055
0 1 44056
0 1 44057
0 1 44058
0 1 44062
0 1 44063
0 1 44065
0 1 44067
0 1 44068
0 1 44070
0 1 44071
0 1 44072
0 1 44074
0 1 44076
0 1 44077
0 1 44078
0 1 44081
0 1 44084
0 1 44085
0 1 44086
0 1 44089
0 1 44090
0 1 44092
0 1 44093
0 1 44096
0 1 44097
0 1 44098
0 1 44102
0 1 44103
0 1 44106
0 1 44107
0 1 44108
0 1 44111
0 1 44115
0 1 44116
0 1 44119
0 1 44120
0 1 44121
0 1 44130
0 1 44131
0 1 44133
0 1 44134
0 1 44136
0 1 44137
0 1 44139
0 1 44140
0 1 44141
0 1 44142
0 1 44143
0 1 44145
0 1 44150
0 1 44152
0 1 44153
0 1 44154
0 1 44155
0 1 44158
0 1 44160
0 1 44163
0 1 44164
0 1 44165
0 1 44166
0 1 44168
0 1 44169
0 1 44174
0 1 44175
0 1 44178
0 1 44180
0 1 44184
0 1 44186
0 1 44187
0 1 44191
0 1 44192
0 1 44194
0 1 44199
0 1 44202
0 1 44203
0 1 44205
0 1 44207
0 1 44208
0 1 44212
0 1 44213
0 1 44215
0 1 44220
0 1 44223
0 1 44224
0 1 44225
0 1 44227
0 1 44229
0 1 44232
0 1 44233
0 1 44234
0 1 44237
0 1 44238
0 1 44239
0 1 44240
0 1 44241
0 1 44242
0 1 44243
0 1 44245
0 1 44246
0 1 44249
0 1 44250
0 1 44251
0 1 44253
0 1 44254
0 1 44255
0 1 44256
0 1 44257
0 1 44258
0 1 44260
0 1 44262
0 1 44268
0 1 44271
0 1 44272
0 1 44275
0 1 44276
0 1 44279
0 1 44280
0 1 44281
0 1 44282
0 1 44284
0 1 44286
0 1 44287
0 1 44290
0 1 44291
0 1 44292
0 1 44293
0 1 44295
0 1 44296
0 1 44297
0 1 44298
0 1 44302
0 1 44306
0 1 44307
0 1 44313
0 1 44314
0 1 44318
0 1 44319
0 1 44322
0 1 44323
0 1 44326
0 1 44329
0 1 44332
0 1 44335
0 1 44339
0 1 44342
0 1 44346
0 1 44347
0 1 44351
0 1 44352
0 1 44353
0 1 44357
0 1 44358
0 1 44359
0 1 44360
0 1 44361
0 1 44366
0 1 44368
0 1 44369
0 1 44371
0 1 44372
0 1 44376
0 1 44377
0 1 44379
0 1 44382
0 1 44383
0 1 44384
0 1 44385
0 1 44386
0 1 44387
0 1 44388
0 1 44390
0 1 44391
0 1 44393
0 1 44394
0 1 44395
0 1 44398
0 1 44399
0 1 44401
0 1 44408
0 1 44412
0 1 44413
0 1 44415
0 1 44416
0 1 44417
0 1 44418
0 1 44420
0 1 44421
0 1 44422
0 1 44424
0 1 44428
0 1 44429
0 1 44430
0 1 44431
0 1 44433
0 1 44434
0 1 44435
0 1 44436
0 1 44437
0 1 44438
0 1 44442
0 1 44443
0 1 44444
0 1 44445
0 1 44447
0 1 44448
0 1 44450
0 1 44455
0 1 44457
0 1 44460
0 1 44461
0 1 44464
0 1 44468
0 1 44469
0 1 44471
0 1 44474
0 1 44476
0 1 44478
0 1 44479
0 1 44480
0 1 44481
0 1 44482
0 1 44485
0 1 44487
0 1 44488
0 1 44489
0 1 44490
0 1 44491
0 1 44493
0 1 44495
0 1 44496
0 1 44502
0 1 44504
0 1 44505
0 1 44509
0 1 44510
0 1 44512
0 1 44513
0 1 44517
0 1 44519
0 1 44521
0 1 44524
0 1 44531
0 1 44532
0 1 44535
0 1 44537
0 1 44538
0 1 44540
0 1 44541
0 1 44545
0 1 44547
0 1 44550
0 1 44553
0 1 44555
0 1 44556
0 1 44558
0 1 44560
0 1 44562
0 1 44563
0 1 44565
0 1 44567
0 1 44569
0 1 44574
0 1 44575
0 1 44576
0 1 44577
0 1 44578
0 1 44580
0 1 44581
0 1 44583
0 1 44585
0 1 44586
0 1 44587
0 1 44590
0 1 44592
0 1 44593
0 1 44596
0 1 44597
0 1 44598
0 1 44604
0 1 44605
0 1 44606
0 1 44607
0 1 44609
0 1 44610
0 1 44611
0 1 44612
0 1 44614
0 1 44615
0 1 44617
0 1 44620
0 1 44622
0 1 44623
0 1 44624
0 1 44625
0 1 44626
0 1 44628
0 1 44630
0 1 44631
0 1 44632
0 1 44637
0 1 44639
0 1 44641
0 1 44642
0 1 44646
0 1 44647
0 1 44649
0 1 44651
0 1 44654
0 1 44655
0 1 44657
0 1 44658
0 1 44661
0 1 44665
0 1 44667
0 1 44668
0 1 44669
0 1 44672
0 1 44673
0 1 44677
0 1 44678
0 1 44679
0 1 44680
0 1 44682
0 1 44686
0 1 44688
0 1 44692
0 1 44693
0 1 44695
0 1 44696
0 1 44697
0 1 44699
0 1 44702
0 1 44703
0 1 44704
0 1 44706
0 1 44707
0 1 44708
0 1 44709
0 1 44711
0 1 44712
0 1 44714
0 1 44717
0 1 44718
0 1 44719
0 1 44721
0 1 44723
0 1 44724
0 1 44725
0 1 44726
0 1 44727
0 1 44730
0 1 44734
0 1 44735
0 1 44740
0 1 44742
0 1 44743
0 1 44744
0 1 44745
0 1 44746
0 1 44747
0 1 44749
0 1 44751
0 1 44752
0 1 44753
0 1 44759
0 1 44760
0 1 44764
0 1 44766
0 1 44768
0 1 44769
0 1 44770
0 1 44771
0 1 44775
0 1 44779
0 1 44781
0 1 44784
0 1 44786
0 1 44788
0 1 44791
0 1 44793
0 1 44794
0 1 44798
0 1 44799
0 1 44801
0 1 44802
0 1 44805
0 1 44806
0 1 44807
0 1 44808
0 1 44809
0 1 44811
0 1 44812
0 1 44814
0 1 44817
0 1 44818
0 1 44819
0 1 44824
0 1 44825
0 1 44826
0 1 44827
0 1 44829
0 1 44835
0 1 44836
0 1 44837
0 1 44838
0 1 44841
0 1 44843
0 1 44844
0 1 44846
0 1 44849
0 1 44850
0 1 44861
0 1 44862
0 1 44867
0 1 44868
0 1 44874
0 1 44877
0 1 44879
0 1 44881
0 1 44882
0 1 44885
0 1 44886
0 1 44887
0 1 44888
0 1 44889
0 1 44892
0 1 44894
0 1 44898
0 1 44902
0 1 44909
0 1 44911
0 1 44912
0 1 44917
0 1 44922
0 1 44923
0 1 44925
0 1 44926
0 1 44927
0 1 44929
0 1 44930
0 1 44932
0 1 44933
0 1 44934
0 1 44936
0 1 44937
0 1 44939
0 1 44943
0 1 44947
0 1 44950
0 1 44951
0 1 44952
0 1 44953
0 1 44957
0 1 44958
0 1 44959
0 1 44960
0 1 44961
0 1 44963
0 1 44964
0 1 44966
0 1 44968
0 1 44969
0 1 44972
0 1 44974
0 1 44976
0 1 44978
0 1 44984
0 1 44986
0 1 44987
0 1 44988
0 1 44990
0 1 44994
0 1 44997
0 1 45000
0 1 45001
0 1 45002
0 1 45004
0 1 45005
0 1 45007
0 1 45010
0 1 45012
0 1 45013
0 1 45014
0 1 45015
0 1 45017
0 1 45018
0 1 45020
0 1 45021
0 1 45024
0 1 45027
0 1 45028
0 1 45029
0 1 45030
0 1 45032
0 1 45034
0 1 45035
0 1 45036
0 1 45037
0 1 45041
0 1 45042
0 1 45044
0 1 45047
0 1 45049
0 1 45050
0 1 45051
0 1 45054
0 1 45058
0 1 45060
0 1 45065
0 1 45066
0 1 45068
0 1 45070
0 1 45071
0 1 45072
0 1 45073
0 1 45075
0 1 45076
0 1 45077
0 1 45078
0 1 45080
0 1 45083
0 1 45084
0 1 45087
0 1 45090
0 1 45092
0 1 45093
0 1 45094
0 1 45095
0 1 45096
0 1 45099
0 1 45100
0 1 45104
0 1 45109
0 1 45110
0 1 45111
0 1 45113
0 1 45116
0 1 45117
0 1 45118
0 1 45119
0 1 45121
0 1 45122
0 1 45128
0 1 45130
0 1 45132
0 1 45135
0 1 45138
0 1 45140
0 1 45141
0 1 45143
0 1 45144
0 1 45150
0 1 45154
0 1 45155
0 1 45158
0 1 45160
0 1 45161
0 1 45162
0 1 45163
0 1 45164
0 1 45166
0 1 45167
0 1 45171
0 1 45172
0 1 45174
0 1 45175
0 1 45176
0 1 45178
0 1 45180
0 1 45183
0 1 45184
0 1 45185
0 1 45187
0 1 45189
0 1 45190
0 1 45192
0 1 45195
0 1 45198
0 1 45200
0 1 45202
0 1 45203
0 1 45206
0 1 45209
0 1 45211
0 1 45212
0 1 45214
0 1 45215
0 1 45217
0 1 45222
0 1 45225
0 1 45226
0 1 45229
0 1 45230
0 1 45231
0 1 45233
0 1 45237
0 1 45240
0 1 45244
0 1 45245
0 1 45249
0 1 45250
0 1 45253
0 1 45254
0 1 45255
0 1 45257
0 1 45258
0 1 45265
0 1 45266
0 1 45267
0 1 45269
0 1 45270
0 1 45276
0 1 45278
0 1 45279
0 1 45281
0 1 45282
0 1 45284
0 1 45291
0 1 45292
0 1 45295
0 1 45296
0 1 45297
0 1 45299
0 1 45300
0 1 45301
0 1 45302
0 1 45303
0 1 45305
0 1 45307
0 1 45308
0 1 45309
0 1 45312
0 1 45316
0 1 45317
0 1 45318
0 1 45319
0 1 45323
0 1 45324
0 1 45327
0 1 45328
0 1 45331
0 1 45332
0 1 45336
0 1 45337
0 1 45338
0 1 45340
0 1 45341
0 1 45346
0 1 45347
0 1 45348
0 1 45349
0 1 45350
0 1 45351
0 1 45356
0 1 45361
0 1 45363
0 1 45365
0 1 45367
0 1 45369
0 1 45370
0 1 45372
0 1 45373
0 1 45375
0 1 45376
0 1 45378
0 1 45380
0 1 45381
0 1 45382
0 1 45384
0 1 45386
0 1 45390
0 1 45391
0 1 45397
0 1 45398
0 1 45401
0 1 45403
0 1 45405
0 1 45406
0 1 45408
0 1 45409
0 1 45411
0 1 45412
0 1 45418
0 1 45419
0 1 45420
0 1 45424
0 1 45426
0 1 45427
0 1 45428
0 1 45429
0 1 45431
0 1 45432
0 1 45434
0 1 45436
0 1 45441
0 1 45455
0 1 45457
0 1 45458
0 1 45459
0 1 45460
0 1 45462
0 1 45463
0 1 45464
0 1 45465
0 1 45467
0 1 45469
0 1 45471
0 1 45476
0 1 45480
0 1 45482
0 1 45483
0 1 45484
0 1 45486
0 1 45487
0 1 45488
0 1 45494
0 1 45495
0 1 45499
0 1 45500
0 1 45505
0 1 45507
0 1 45509
0 1 45510
0 1 45511
0 1 45514
0 1 45515
0 1 45516
0 1 45520
0 1 45523
0 1 45525
0 1 45526
0 1 45530
0 1 45533
0 1 45535
0 1 45537
0 1 45539
0 1 45540
0 1 45542
0 1 45543
0 1 45544
0 1 45545
0 1 45546
0 1 45548
0 1 45555
0 1 45556
0 1 45557
0 1 45559
0 1 45560
0 1 45562
0 1 45563
0 1 45565
0 1 45566
0 1 45568
0 1 45569
0 1 45571
0 1 45575
0 1 45577
0 1 45579
0 1 45580
0 1 45581
0 1 45582
0 1 45583
0 1 45584
0 1 45585
0 1 45586
0 1 45588
0 1 45589
0 1 45590
0 1 45591
0 1 45593
0 1 45594
0 1 45600
0 1 45601
0 1 45602
0 1 45604
0 1 45605
0 1 45606
0 1 45607
0 1 45608
0 1 45609
0 1 45614
0 1 45616
0 1 45620
0 1 45627
0 1 45629
0 1 45630
0 1 45632
0 1 45638
0 1 45640
0 1 45643
0 1 45648
0 1 45649
0 1 45653
0 1 45654
0 1 45655
0 1 45658
0 1 45659
0 1 45660
0 1 45661
0 1 45664
0 1 45666
0 1 45672
0 1 45674
0 1 45675
0 1 45677
0 1 45679
0 1 45680
0 1 45681
0 1 45682
0 1 45686
0 1 45692
0 1 45697
0 1 45698
0 1 45699
0 1 45700
0 1 45701
0 1 45703
0 1 45704
0 1 45705
0 1 45706
0 1 45708
0 1 45710
0 1 45712
0 1 45713
0 1 45714
0 1 45715
0 1 45716
0 1 45719
0 1 45720
0 1 45721
0 1 45722
0 1 45724
0 1 45725
0 1 45729
0 1 45731
0 1 45732
0 1 45733
0 1 45739
0 1 45741
0 1 45742
0 1 45745
0 1 45747
0 1 45749
0 1 45750
0 1 45751
0 1 45758
0 1 45759
0 1 45760
0 1 45761
0 1 45762
0 1 45764
0 1 45766
0 1 45767
0 1 45769
0 1 45770
0 1 45772
0 1 45775
0 1 45776
0 1 45777
0 1 45778
0 1 45779
0 1 45782
0 1 45786
0 1 45787
0 1 45788
0 1 45789
0 1 45792
0 1 45794
0 1 45798
0 1 45799
0 1 45804
0 1 45806
0 1 45807
0 1 45810
0 1 45811
0 1 45812
0 1 45813
0 1 45815
0 1 45816
0 1 45817
0 1 45819
0 1 45822
0 1 45824
0 1 45827
0 1 45829
0 1 45831
0 1 45834
0 1 45835
0 1 45836
0 1 45837
0 1 45839
0 1 45840
0 1 45844
0 1 45846
0 1 45847
0 1 45855
0 1 45856
0 1 45858
0 1 45859
0 1 45863
0 1 45864
0 1 45865
0 1 45866
0 1 45867
0 1 45869
0 1 45870
0 1 45872
0 1 45874
0 1 45876
0 1 45877
0 1 45880
0 1 45882
0 1 45883
0 1 45884
0 1 45886
0 1 45888
0 1 45890
0 1 45891
0 1 45892
0 1 45893
0 1 45895
0 1 45897
0 1 45899
0 1 45901
0 1 45902
0 1 45903
0 1 45905
0 1 45906
0 1 45912
0 1 45914
0 1 45917
0 1 45918
0 1 45923
0 1 45924
0 1 45928
0 1 45929
0 1 45930
0 1 45931
0 1 45932
0 1 45933
0 1 45935
0 1 45936
0 1 45937
0 1 45939
0 1 45940
0 1 45941
0 1 45945
0 1 45947
0 1 45950
0 1 45955
0 1 45956
0 1 45957
0 1 45958
0 1 45959
0 1 45962
0 1 45964
0 1 45966
0 1 45970
0 1 45972
0 1 45975
0 1 45977
0 1 45979
0 1 45981
0 1 45982
0 1 45987
0 1 45989
0 1 45990
0 1 45992
0 1 45993
0 1 45994
0 1 45996
0 1 45997
0 1 45998
0 1 45999
0 1 46000
0 1 46001
0 1 46002
0 1 46003
0 1 46004
0 1 46005
0 1 46006
0 1 46007
0 1 46011
0 1 46012
0 1 46016
0 1 46023
0 1 46024
0 1 46025
0 1 46026
0 1 46027
0 1 46030
0 1 46031
0 1 46034
0 1 46036
0 1 46039
0 1 46040
0 1 46042
0 1 46043
0 1 46044
0 1 46047
0 1 46048
0 1 46055
0 1 46056
0 1 46059
0 1 46061
0 1 46065
0 1 46067
0 1 46068
0 1 46070
0 1 46071
0 1 46072
0 1 46075
0 1 46080
0 1 46083
0 1 46084
0 1 46085
0 1 46087
0 1 46088
0 1 46093
0 1 46095
0 1 46096
0 1 46100
0 1 46102
0 1 46103
0 1 46104
0 1 46105
0 1 46106
0 1 46107
0 1 46109
0 1 46111
0 1 46112
0 1 46116
0 1 46117
0 1 46118
0 1 46123
0 1 46125
0 1 46126
0 1 46128
0 1 46131
0 1 46134
0 1 46135
0 1 46137
0 1 46139
0 1 46140
0 1 46141
0 1 46144
0 1 46147
0 1 46148
0 1 46156
0 1 46159
0 1 46166
0 1 46169
0 1 46173
0 1 46174
0 1 46181
0 1 46182
0 1 46183
0 1 46187
0 1 46191
0 1 46194
0 1 46195
0 1 46197
0 1 46198
0 1 46202
0 1 46203
0 1 46205
0 1 46206
0 1 46207
0 1 46209
0 1 46215
0 1 46218
0 1 46220
0 1 46221
0 1 46225
0 1 46226
0 1 46228
0 1 46230
0 1 46231
0 1 46233
0 1 46234
0 1 46236
0 1 46238
0 1 46239
0 1 46241
0 1 46242
0 1 46244
0 1 46246
0 1 46247
0 1 46248
0 1 46249
0 1 46250
0 1 46253
0 1 46254
0 1 46256
0 1 46258
0 1 46260
0 1 46261
0 1 46263
0 1 46264
0 1 46267
0 1 46268
0 1 46269
0 1 46274
0 1 46277
0 1 46278
0 1 46282
0 1 46283
0 1 46284
0 1 46287
0 1 46289
0 1 46293
0 1 46294
0 1 46295
0 1 46296
0 1 46299
0 1 46300
0 1 46301
0 1 46303
0 1 46304
0 1 46306
0 1 46309
0 1 46314
0 1 46316
0 1 46317
0 1 46319
0 1 46322
0 1 46323
0 1 46326
0 1 46327
0 1 46329
0 1 46331
0 1 46332
0 1 46333
0 1 46336
0 1 46337
0 1 46342
0 1 46347
0 1 46348
0 1 46351
0 1 46353
0 1 46354
0 1 46355
0 1 46356
0 1 46362
0 1 46364
0 1 46365
0 1 46367
0 1 46368
0 1 46369
0 1 46370
0 1 46371
0 1 46372
0 1 46373
0 1 46374
0 1 46376
0 1 46377
0 1 46378
0 1 46381
0 1 46383
0 1 46384
0 1 46388
0 1 46390
0 1 46395
0 1 46396
0 1 46397
0 1 46401
0 1 46402
0 1 46406
0 1 46407
0 1 46408
0 1 46409
0 1 46410
0 1 46411
0 1 46413
0 1 46414
0 1 46415
0 1 46417
0 1 46418
0 1 46419
0 1 46421
0 1 46424
0 1 46425
0 1 46427
0 1 46428
0 1 46430
0 1 46432
0 1 46433
0 1 46434
0 1 46435
0 1 46437
0 1 46438
0 1 46439
0 1 46443
0 1 46445
0 1 46446
0 1 46449
0 1 46451
0 1 46455
0 1 46460
0 1 46461
0 1 46463
0 1 46466
0 1 46470
0 1 46475
0 1 46478
0 1 46479
0 1 46487
0 1 46488
0 1 46489
0 1 46492
0 1 46493
0 1 46497
0 1 46499
0 1 46502
0 1 46505
0 1 46506
0 1 46507
0 1 46514
0 1 46517
0 1 46518
0 1 46521
0 1 46522
0 1 46523
0 1 46524
0 1 46526
0 1 46527
0 1 46528
0 1 46531
0 1 46533
0 1 46536
0 1 46537
0 1 46539
0 1 46541
0 1 46542
0 1 46543
0 1 46545
0 1 46546
0 1 46547
0 1 46549
0 1 46550
0 1 46553
0 1 46555
0 1 46559
0 1 46560
0 1 46562
0 1 46563
0 1 46565
0 1 46572
0 1 46573
0 1 46576
0 1 46579
0 1 46582
0 1 46583
0 1 46585
0 1 46586
0 1 46587
0 1 46589
0 1 46590
0 1 46593
0 1 46594
0 1 46600
0 1 46601
0 1 46602
0 1 46603
0 1 46607
0 1 46613
0 1 46614
0 1 46617
0 1 46620
0 1 46624
0 1 46626
0 1 46630
0 1 46631
0 1 46632
0 1 46635
0 1 46637
0 1 46639
0 1 46640
0 1 46641
0 1 46642
0 1 46644
0 1 46645
0 1 46647
0 1 46648
0 1 46650
0 1 46651
0 1 46652
0 1 46654
0 1 46655
0 1 46658
0 1 46660
0 1 46663
0 1 46666
0 1 46668
0 1 46669
0 1 46670
0 1 46672
0 1 46673
0 1 46675
0 1 46676
0 1 46677
0 1 46680
0 1 46682
0 1 46684
0 1 46685
0 1 46687
0 1 46688
0 1 46690
0 1 46693
0 1 46694
0 1 46695
0 1 46696
0 1 46698
0 1 46699
0 1 46700
0 1 46701
0 1 46703
0 1 46704
0 1 46708
0 1 46712
0 1 46713
0 1 46714
0 1 46716
0 1 46721
0 1 46725
0 1 46727
0 1 46729
0 1 46731
0 1 46734
0 1 46735
0 1 46736
0 1 46739
0 1 46740
0 1 46744
0 1 46745
0 1 46746
0 1 46747
0 1 46755
0 1 46757
0 1 46758
0 1 46759
0 1 46761
0 1 46763
0 1 46766
0 1 46769
0 1 46770
0 1 46771
0 1 46772
0 1 46773
0 1 46775
0 1 46776
0 1 46778
0 1 46786
0 1 46787
0 1 46788
0 1 46789
0 1 46790
0 1 46792
0 1 46793
0 1 46798
0 1 46799
0 1 46801
0 1 46802
0 1 46803
0 1 46804
0 1 46806
0 1 46811
0 1 46812
0 1 46813
0 1 46816
0 1 46820
0 1 46821
0 1 46822
0 1 46825
0 1 46826
0 1 46827
0 1 46828
0 1 46829
0 1 46830
0 1 46832
0 1 46833
0 1 46834
0 1 46835
0 1 46836
0 1 46839
0 1 46843
0 1 46844
0 1 46845
0 1 46846
0 1 46847
0 1 46850
0 1 46853
0 1 46854
0 1 46857
0 1 46860
0 1 46861
0 1 46863
0 1 46864
0 1 46867
0 1 46868
0 1 46869
0 1 46870
0 1 46872
0 1 46873
0 1 46874
0 1 46876
0 1 46877
0 1 46878
0 1 46881
0 1 46885
0 1 46886
0 1 46891
0 1 46897
0 1 46902
0 1 46903
0 1 46905
0 1 46909
0 1 46914
0 1 46916
0 1 46918
0 1 46919
0 1 46920
0 1 46921
0 1 46924
0 1 46926
0 1 46927
0 1 46928
0 1 46929
0 1 46933
0 1 46936
0 1 46937
0 1 46938
0 1 46939
0 1 46940
0 1 46943
0 1 46944
0 1 46946
0 1 46950
0 1 46954
0 1 46956
0 1 46957
0 1 46960
0 1 46961
0 1 46964
0 1 46966
0 1 46971
0 1 46973
0 1 46975
0 1 46976
0 1 46980
0 1 46981
0 1 46982
0 1 46983
0 1 46985
0 1 46986
0 1 46988
0 1 46996
0 1 46998
0 1 46999
0 1 47000
0 1 47006
0 1 47008
0 1 47014
0 1 47015
0 1 47017
0 1 47018
0 1 47019
0 1 47021
0 1 47023
0 1 47026
0 1 47028
0 1 47031
0 1 47034
0 1 47035
0 1 47036
0 1 47039
0 1 47040
0 1 47043
0 1 47046
0 1 47050
0 1 47051
0 1 47052
0 1 47054
0 1 47055
0 1 47057
0 1 47058
0 1 47059
0 1 47061
0 1 47062
0 1 47063
0 1 47068
0 1 47069
0 1 47070
0 1 47071
0 1 47073
0 1 47074
0 1 47076
0 1 47077
0 1 47080
0 1 47081
0 1 47083
0 1 47084
0 1 47085
0 1 47087
0 1 47088
0 1 47090
0 1 47092
0 1 47093
0 1 47094
0 1 47095
0 1 47097
0 1 47098
0 1 47099
0 1 47105
0 1 47106
0 1 47107
0 1 47108
0 1 47109
0 1 47110
0 1 47112
0 1 47115
0 1 47116
0 1 47117
0 1 47118
0 1 47119
0 1 47123
0 1 47126
0 1 47127
0 1 47130
0 1 47131
0 1 47133
0 1 47138
0 1 47139
0 1 47141
0 1 47144
0 1 47145
0 1 47148
0 1 47150
0 1 47152
0 1 47153
0 1 47155
0 1 47157
0 1 47159
0 1 47160
0 1 47163
0 1 47165
0 1 47167
0 1 47170
0 1 47171
0 1 47175
0 1 47178
0 1 47180
0 1 47182
0 1 47183
0 1 47185
0 1 47187
0 1 47189
0 1 47190
0 1 47191
0 1 47192
0 1 47193
0 1 47194
0 1 47195
0 1 47197
0 1 47199
0 1 47200
0 1 47201
0 1 47203
0 1 47206
0 1 47207
0 1 47209
0 1 47211
0 1 47213
0 1 47214
0 1 47216
0 1 47218
0 1 47219
0 1 47220
0 1 47222
0 1 47225
0 1 47227
0 1 47229
0 1 47230
0 1 47232
0 1 47235
0 1 47236
0 1 47238
0 1 47239
0 1 47240
0 1 47243
0 1 47245
0 1 47246
0 1 47254
0 1 47258
0 1 47260
0 1 47264
0 1 47265
0 1 47270
0 1 47272
0 1 47274
0 1 47277
0 1 47278
0 1 47281
0 1 47282
0 1 47286
0 1 47287
0 1 47288
0 1 47289
0 1 47290
0 1 47293
0 1 47296
0 1 47297
0 1 47298
0 1 47299
0 1 47300
0 1 47303
0 1 47304
0 1 47305
0 1 47306
0 1 47307
0 1 47308
0 1 47309
0 1 47311
0 1 47314
0 1 47316
0 1 47320
0 1 47321
0 1 47322
0 1 47323
0 1 47324
0 1 47329
0 1 47331
0 1 47332
0 1 47333
0 1 47334
0 1 47335
0 1 47336
0 1 47337
0 1 47338
0 1 47339
0 1 47340
0 1 47345
0 1 47346
0 1 47350
0 1 47355
0 1 47356
0 1 47360
0 1 47361
0 1 47362
0 1 47363
0 1 47366
0 1 47371
0 1 47373
0 1 47376
0 1 47379
0 1 47380
0 1 47382
0 1 47384
0 1 47385
0 1 47386
0 1 47388
0 1 47389
0 1 47394
0 1 47395
0 1 47396
0 1 47399
0 1 47401
0 1 47403
0 1 47404
0 1 47405
0 1 47407
0 1 47411
0 1 47412
0 1 47413
0 1 47414
0 1 47419
0 1 47422
0 1 47424
0 1 47427
0 1 47428
0 1 47429
0 1 47431
0 1 47433
0 1 47434
0 1 47435
0 1 47436
0 1 47437
0 1 47439
0 1 47440
0 1 47443
0 1 47450
0 1 47451
0 1 47453
0 1 47454
0 1 47455
0 1 47456
0 1 47460
0 1 47462
0 1 47463
0 1 47464
0 1 47466
0 1 47467
0 1 47472
0 1 47475
0 1 47476
0 1 47477
0 1 47478
0 1 47480
0 1 47481
0 1 47482
0 1 47483
0 1 47484
0 1 47485
0 1 47486
0 1 47487
0 1 47489
0 1 47490
0 1 47492
0 1 47495
0 1 47496
0 1 47497
0 1 47498
0 1 47501
0 1 47507
0 1 47508
0 1 47510
0 1 47512
0 1 47513
0 1 47514
0 1 47515
0 1 47519
0 1 47521
0 1 47522
0 1 47525
0 1 47529
0 1 47530
0 1 47531
0 1 47532
0 1 47534
0 1 47536
0 1 47538
0 1 47540
0 1 47541
0 1 47542
0 1 47543
0 1 47544
0 1 47549
0 1 47551
0 1 47553
0 1 47555
0 1 47557
0 1 47561
0 1 47562
0 1 47564
0 1 47567
0 1 47568
0 1 47570
0 1 47571
0 1 47574
0 1 47576
0 1 47577
0 1 47578
0 1 47583
0 1 47584
0 1 47585
0 1 47587
0 1 47588
0 1 47589
0 1 47590
0 1 47591
0 1 47592
0 1 47593
0 1 47594
0 1 47595
0 1 47596
0 1 47599
0 1 47600
0 1 47602
0 1 47603
0 1 47605
0 1 47606
0 1 47608
0 1 47609
0 1 47610
0 1 47612
0 1 47613
0 1 47614
0 1 47619
0 1 47620
0 1 47621
0 1 47626
0 1 47628
0 1 47630
0 1 47631
0 1 47633
0 1 47640
0 1 47641
0 1 47647
0 1 47649
0 1 47651
0 1 47652
0 1 47656
0 1 47657
0 1 47658
0 1 47659
0 1 47660
0 1 47662
0 1 47665
0 1 47666
0 1 47667
0 1 47671
0 1 47672
0 1 47674
0 1 47675
0 1 47680
0 1 47681
0 1 47682
0 1 47684
0 1 47685
0 1 47687
0 1 47690
0 1 47693
0 1 47697
0 1 47698
0 1 47699
0 1 47701
0 1 47702
0 1 47704
0 1 47707
0 1 47710
0 1 47713
0 1 47716
0 1 47718
0 1 47719
0 1 47721
0 1 47724
0 1 47726
0 1 47727
0 1 47729
0 1 47730
0 1 47731
0 1 47732
0 1 47735
0 1 47736
0 1 47738
0 1 47739
0 1 47741
0 1 47742
0 1 47744
0 1 47747
0 1 47748
0 1 47749
0 1 47751
0 1 47754
0 1 47757
0 1 47759
0 1 47763
0 1 47765
0 1 47768
0 1 47770
0 1 47771
0 1 47772
0 1 47773
0 1 47776
0 1 47778
0 1 47784
0 1 47786
0 1 47787
0 1 47789
0 1 47790
0 1 47791
0 1 47792
0 1 47794
0 1 47804
0 1 47805
0 1 47812
0 1 47814
0 1 47815
0 1 47818
0 1 47819
0 1 47821
0 1 47822
0 1 47823
0 1 47825
0 1 47827
0 1 47828
0 1 47831
0 1 47832
0 1 47834
0 1 47835
0 1 47838
0 1 47839
0 1 47842
0 1 47843
0 1 47844
0 1 47847
0 1 47848
0 1 47849
0 1 47850
0 1 47851
0 1 47852
0 1 47853
0 1 47854
0 1 47855
0 1 47856
0 1 47858
0 1 47860
0 1 47861
0 1 47863
0 1 47867
0 1 47869
0 1 47871
0 1 47872
0 1 47873
0 1 47875
0 1 47880
0 1 47881
0 1 47882
0 1 47884
0 1 47885
0 1 47886
0 1 47889
0 1 47890
0 1 47892
0 1 47894
0 1 47895
0 1 47897
0 1 47898
0 1 47900
0 1 47901
0 1 47907
0 1 47908
0 1 47910
0 1 47912
0 1 47913
0 1 47917
0 1 47918
0 1 47919
0 1 47921
0 1 47922
0 1 47923
0 1 47926
0 1 47929
0 1 47930
0 1 47933
0 1 47934
0 1 47935
0 1 47937
0 1 47939
0 1 47940
0 1 47943
0 1 47946
0 1 47948
0 1 47949
0 1 47951
0 1 47952
0 1 47955
0 1 47958
0 1 47960
0 1 47962
0 1 47964
0 1 47967
0 1 47970
0 1 47975
0 1 47976
0 1 47979
0 1 47980
0 1 47982
0 1 47983
0 1 47984
0 1 47985
0 1 47986
0 1 47988
0 1 47989
0 1 47994
0 1 47995
0 1 47997
0 1 47998
0 1 48000
0 1 48001
0 1 48004
0 1 48005
0 1 48007
0 1 48008
0 1 48011
0 1 48013
0 1 48014
0 1 48018
0 1 48021
0 1 48022
0 1 48024
0 1 48025
0 1 48026
0 1 48027
0 1 48028
0 1 48029
0 1 48030
0 1 48031
0 1 48034
0 1 48035
0 1 48037
0 1 48039
0 1 48040
0 1 48041
0 1 48042
0 1 48044
0 1 48048
0 1 48053
0 1 48055
0 1 48058
0 1 48059
0 1 48060
0 1 48062
0 1 48063
0 1 48068
0 1 48069
0 1 48070
0 1 48072
0 1 48074
0 1 48075
0 1 48076
0 1 48077
0 1 48078
0 1 48082
0 1 48083
0 1 48085
0 1 48088
0 1 48089
0 1 48095
0 1 48100
0 1 48102
0 1 48103
0 1 48105
0 1 48107
0 1 48109
0 1 48111
0 1 48113
0 1 48114
0 1 48115
0 1 48116
0 1 48117
0 1 48118
0 1 48120
0 1 48123
0 1 48126
0 1 48127
0 1 48129
0 1 48132
0 1 48135
0 1 48136
0 1 48138
0 1 48139
0 1 48140
0 1 48142
0 1 48143
0 1 48145
0 1 48146
0 1 48148
0 1 48149
0 1 48150
0 1 48151
0 1 48154
0 1 48156
0 1 48158
0 1 48159
0 1 48160
0 1 48162
0 1 48163
0 1 48165
0 1 48166
0 1 48167
0 1 48171
0 1 48175
0 1 48177
0 1 48178
0 1 48179
0 1 48180
0 1 48182
0 1 48183
0 1 48185
0 1 48186
0 1 48189
0 1 48191
0 1 48194
0 1 48196
0 1 48201
0 1 48204
0 1 48207
0 1 48208
0 1 48209
0 1 48211
0 1 48213
0 1 48215
0 1 48217
0 1 48218
0 1 48219
0 1 48220
0 1 48222
0 1 48230
0 1 48231
0 1 48233
0 1 48236
0 1 48238
0 1 48239
0 1 48242
0 1 48243
0 1 48244
0 1 48245
0 1 48247
0 1 48249
0 1 48251
0 1 48257
0 1 48260
0 1 48261
0 1 48262
0 1 48266
0 1 48267
0 1 48268
0 1 48269
0 1 48273
0 1 48274
0 1 48275
0 1 48276
0 1 48278
0 1 48281
0 1 48282
0 1 48283
0 1 48284
0 1 48285
0 1 48287
0 1 48290
0 1 48293
0 1 48295
0 1 48296
0 1 48297
0 1 48299
0 1 48302
0 1 48303
0 1 48304
0 1 48305
0 1 48306
0 1 48308
0 1 48312
0 1 48315
0 1 48317
0 1 48321
0 1 48324
0 1 48325
0 1 48326
0 1 48329
0 1 48334
0 1 48335
0 1 48338
0 1 48341
0 1 48344
0 1 48346
0 1 48348
0 1 48353
0 1 48355
0 1 48359
0 1 48361
0 1 48362
0 1 48364
0 1 48365
0 1 48368
0 1 48372
0 1 48373
0 1 48376
0 1 48377
0 1 48378
0 1 48382
0 1 48385
0 1 48386
0 1 48387
0 1 48389
0 1 48390
0 1 48392
0 1 48393
0 1 48394
0 1 48396
0 1 48399
0 1 48400
0 1 48401
0 1 48402
0 1 48404
0 1 48409
0 1 48410
0 1 48411
0 1 48416
0 1 48418
0 1 48419
0 1 48420
0 1 48421
0 1 48422
0 1 48424
0 1 48425
0 1 48426
0 1 48428
0 1 48429
0 1 48430
0 1 48431
0 1 48434
0 1 48435
0 1 48437
0 1 48438
0 1 48439
0 1 48444
0 1 48445
0 1 48446
0 1 48447
0 1 48450
0 1 48451
0 1 48452
0 1 48453
0 1 48454
0 1 48456
0 1 48460
0 1 48461
0 1 48462
0 1 48464
0 1 48467
0 1 48470
0 1 48472
0 1 48482
0 1 48484
0 1 48486
0 1 48493
0 1 48495
0 1 48497
0 1 48498
0 1 48500
0 1 48502
0 1 48503
0 1 48505
0 1 48506
0 1 48510
0 1 48515
0 1 48516
0 1 48517
0 1 48519
0 1 48521
0 1 48522
0 1 48523
0 1 48524
0 1 48526
0 1 48531
0 1 48532
0 1 48536
0 1 48539
0 1 48540
0 1 48541
0 1 48542
0 1 48543
0 1 48544
0 1 48545
0 1 48546
0 1 48547
0 1 48550
0 1 48552
0 1 48554
0 1 48556
0 1 48557
0 1 48558
0 1 48560
0 1 48561
0 1 48565
0 1 48566
0 1 48573
0 1 48575
0 1 48577
0 1 48580
0 1 48584
0 1 48587
0 1 48592
0 1 48595
0 1 48596
0 1 48597
0 1 48598
0 1 48601
0 1 48602
0 1 48603
0 1 48604
0 1 48606
0 1 48607
0 1 48608
0 1 48612
0 1 48613
0 1 48614
0 1 48618
0 1 48626
0 1 48630
0 1 48634
0 1 48635
0 1 48636
0 1 48637
0 1 48638
0 1 48640
0 1 48641
0 1 48642
0 1 48645
0 1 48646
0 1 48647
0 1 48649
0 1 48653
0 1 48654
0 1 48655
0 1 48656
0 1 48658
0 1 48659
0 1 48660
0 1 48662
0 1 48664
0 1 48666
0 1 48667
0 1 48668
0 1 48669
0 1 48672
0 1 48675
0 1 48676
0 1 48677
0 1 48679
0 1 48688
0 1 48690
0 1 48691
0 1 48694
0 1 48696
0 1 48698
0 1 48700
0 1 48703
0 1 48708
0 1 48709
0 1 48715
0 1 48718
0 1 48719
0 1 48720
0 1 48721
0 1 48724
0 1 48725
0 1 48731
0 1 48732
0 1 48734
0 1 48735
0 1 48738
0 1 48742
0 1 48743
0 1 48744
0 1 48746
0 1 48747
0 1 48750
0 1 48754
0 1 48755
0 1 48758
0 1 48759
0 1 48760
0 1 48761
0 1 48762
0 1 48763
0 1 48771
0 1 48772
0 1 48774
0 1 48775
0 1 48776
0 1 48777
0 1 48778
0 1 48779
0 1 48781
0 1 48782
0 1 48783
0 1 48784
0 1 48787
0 1 48788
0 1 48790
0 1 48791
0 1 48792
0 1 48800
0 1 48801
0 1 48805
0 1 48807
0 1 48810
0 1 48811
0 1 48812
0 1 48815
0 1 48817
0 1 48818
0 1 48820
0 1 48822
0 1 48825
0 1 48830
0 1 48833
0 1 48834
0 1 48835
0 1 48839
0 1 48840
0 1 48841
0 1 48842
0 1 48843
0 1 48844
0 1 48845
0 1 48846
0 1 48847
0 1 48848
0 1 48850
0 1 48854
0 1 48858
0 1 48859
0 1 48861
0 1 48862
0 1 48865
0 1 48866
0 1 48872
0 1 48873
0 1 48875
0 1 48878
0 1 48879
0 1 48881
0 1 48882
0 1 48885
0 1 48886
0 1 48888
0 1 48889
0 1 48891
0 1 48903
0 1 48904
0 1 48905
0 1 48906
0 1 48907
0 1 48908
0 1 48909
0 1 48910
0 1 48911
0 1 48913
0 1 48914
0 1 48919
0 1 48920
0 1 48921
0 1 48925
0 1 48926
0 1 48930
0 1 48931
0 1 48934
0 1 48937
0 1 48943
0 1 48945
0 1 48947
0 1 48948
0 1 48950
0 1 48954
0 1 48956
0 1 48958
0 1 48960
0 1 48963
0 1 48965
0 1 48972
0 1 48975
0 1 48978
0 1 48979
0 1 48983
0 1 48984
0 1 48985
0 1 48986
0 1 48989
0 1 48990
0 1 48991
0 1 48995
0 1 48996
0 1 48997
0 1 48998
0 1 48999
0 1 49000
0 1 49002
0 1 49003
0 1 49004
0 1 49005
0 1 49006
0 1 49007
0 1 49009
0 1 49010
0 1 49011
0 1 49012
0 1 49013
0 1 49015
0 1 49016
0 1 49020
0 1 49024
0 1 49025
0 1 49026
0 1 49027
0 1 49029
0 1 49030
0 1 49031
0 1 49032
0 1 49036
0 1 49039
0 1 49040
0 1 49041
0 1 49044
0 1 49046
0 1 49048
0 1 49049
0 1 49051
0 1 49053
0 1 49056
0 1 49057
0 1 49058
0 1 49059
0 1 49062
0 1 49066
0 1 49068
0 1 49069
0 1 49073
0 1 49079
0 1 49080
0 1 49082
0 1 49083
0 1 49085
0 1 49087
0 1 49091
0 1 49094
0 1 49096
0 1 49097
0 1 49098
0 1 49099
0 1 49100
0 1 49103
0 1 49104
0 1 49106
0 1 49108
0 1 49111
0 1 49112
0 1 49114
0 1 49115
0 1 49116
0 1 49117
0 1 49120
0 1 49121
0 1 49124
0 1 49130
0 1 49131
0 1 49132
0 1 49133
0 1 49134
0 1 49137
0 1 49138
0 1 49139
0 1 49142
0 1 49145
0 1 49146
0 1 49151
0 1 49152
0 1 49153
0 1 49156
0 1 49158
0 1 49159
0 1 49166
0 1 49168
0 1 49169
0 1 49171
0 1 49174
0 1 49177
0 1 49178
0 1 49179
0 1 49181
0 1 49182
0 1 49183
0 1 49184
0 1 49185
0 1 49189
0 1 49191
0 1 49192
0 1 49193
0 1 49194
0 1 49195
0 1 49199
0 1 49200
0 1 49203
0 1 49209
0 1 49210
0 1 49215
0 1 49216
0 1 49217
0 1 49221
0 1 49226
0 1 49227
0 1 49229
0 1 49232
0 1 49233
0 1 49235
0 1 49238
0 1 49239
0 1 49241
0 1 49242
0 1 49244
0 1 49245
0 1 49249
0 1 49250
0 1 49251
0 1 49253
0 1 49255
0 1 49257
0 1 49260
0 1 49261
0 1 49262
0 1 49264
0 1 49267
0 1 49270
0 1 49274
0 1 49275
0 1 49278
0 1 49279
0 1 49280
0 1 49281
0 1 49282
0 1 49283
0 1 49287
0 1 49289
0 1 49292
0 1 49293
0 1 49294
0 1 49299
0 1 49301
0 1 49302
0 1 49305
0 1 49306
0 1 49307
0 1 49308
0 1 49309
0 1 49311
0 1 49313
0 1 49320
0 1 49321
0 1 49322
0 1 49324
0 1 49327
0 1 49328
0 1 49329
0 1 49330
0 1 49331
0 1 49332
0 1 49333
0 1 49334
0 1 49335
0 1 49338
0 1 49342
0 1 49345
0 1 49346
0 1 49347
0 1 49348
0 1 49350
0 1 49351
0 1 49352
0 1 49355
0 1 49358
0 1 49359
0 1 49363
0 1 49365
0 1 49368
0 1 49369
0 1 49371
0 1 49379
0 1 49380
0 1 49381
0 1 49384
0 1 49387
0 1 49389
0 1 49393
0 1 49397
0 1 49399
0 1 49401
0 1 49403
0 1 49405
0 1 49408
0 1 49410
0 1 49411
0 1 49413
0 1 49416
0 1 49421
0 1 49424
0 1 49425
0 1 49427
0 1 49428
0 1 49430
0 1 49431
0 1 49432
0 1 49434
0 1 49435
0 1 49436
0 1 49437
0 1 49440
0 1 49443
0 1 49445
0 1 49447
0 1 49449
0 1 49450
0 1 49453
0 1 49454
0 1 49455
0 1 49458
0 1 49464
0 1 49465
0 1 49466
0 1 49467
0 1 49469
0 1 49471
0 1 49472
0 1 49473
0 1 49474
0 1 49477
0 1 49478
0 1 49480
0 1 49481
0 1 49482
0 1 49488
0 1 49492
0 1 49493
0 1 49494
0 1 49497
0 1 49498
0 1 49499
0 1 49500
0 1 49506
0 1 49508
0 1 49509
0 1 49511
0 1 49512
0 1 49513
0 1 49515
0 1 49518
0 1 49519
0 1 49521
0 1 49522
0 1 49523
0 1 49524
0 1 49527
0 1 49532
0 1 49533
0 1 49538
0 1 49541
0 1 49550
0 1 49551
0 1 49553
0 1 49557
0 1 49558
0 1 49559
0 1 49560
0 1 49563
0 1 49567
0 1 49570
0 1 49572
0 1 49573
0 1 49574
0 1 49577
0 1 49579
0 1 49580
0 1 49581
0 1 49583
0 1 49584
0 1 49586
0 1 49587
0 1 49590
0 1 49595
0 1 49598
0 1 49600
0 1 49602
0 1 49605
0 1 49608
0 1 49614
0 1 49615
0 1 49616
0 1 49617
0 1 49619
0 1 49620
0 1 49625
0 1 49626
0 1 49628
0 1 49629
0 1 49630
0 1 49632
0 1 49633
0 1 49635
0 1 49637
0 1 49640
0 1 49641
0 1 49643
0 1 49644
0 1 49646
0 1 49647
0 1 49648
0 1 49654
0 1 49655
0 1 49656
0 1 49658
0 1 49659
0 1 49662
0 1 49666
0 1 49668
0 1 49669
0 1 49670
0 1 49676
0 1 49677
0 1 49678
0 1 49679
0 1 49680
0 1 49681
0 1 49688
0 1 49690
0 1 49694
0 1 49695
0 1 49697
0 1 49698
0 1 49701
0 1 49702
0 1 49703
0 1 49704
0 1 49707
0 1 49708
0 1 49709
0 1 49710
0 1 49711
0 1 49713
0 1 49714
0 1 49715
0 1 49717
0 1 49718
0 1 49721
0 1 49722
0 1 49723
0 1 49724
0 1 49725
0 1 49729
0 1 49732
0 1 49733
0 1 49735
0 1 49741
0 1 49743
0 1 49745
0 1 49746
0 1 49749
0 1 49750
0 1 49751
0 1 49754
0 1 49756
0 1 49757
0 1 49758
0 1 49759
0 1 49760
0 1 49762
0 1 49765
0 1 49766
0 1 49767
0 1 49768
0 1 49769
0 1 49771
0 1 49772
0 1 49773
0 1 49774
0 1 49776
0 1 49777
0 1 49782
0 1 49784
0 1 49785
0 1 49788
0 1 49789
0 1 49790
0 1 49792
0 1 49793
0 1 49795
0 1 49798
0 1 49799
0 1 49801
0 1 49804
0 1 49807
0 1 49811
0 1 49817
0 1 49819
0 1 49823
0 1 49824
0 1 49826
0 1 49827
0 1 49829
0 1 49830
0 1 49831
0 1 49832
0 1 49834
0 1 49836
0 1 49837
0 1 49838
0 1 49839
0 1 49843
0 1 49844
0 1 49848
0 1 49850
0 1 49851
0 1 49852
0 1 49855
0 1 49856
0 1 49857
0 1 49860
0 1 49861
0 1 49862
0 1 49863
0 1 49864
0 1 49865
0 1 49866
0 1 49868
0 1 49870
0 1 49873
0 1 49882
0 1 49886
0 1 49887
0 1 49889
0 1 49891
0 1 49897
0 1 49898
0 1 49900
0 1 49904
0 1 49907
0 1 49908
0 1 49909
0 1 49913
0 1 49914
0 1 49915
0 1 49916
0 1 49917
0 1 49918
0 1 49920
0 1 49921
0 1 49922
0 1 49923
0 1 49928
0 1 49932
0 1 49933
0 1 49937
0 1 49939
0 1 49940
0 1 49941
0 1 49943
0 1 49944
0 1 49946
0 1 49947
0 1 49948
0 1 49949
0 1 49952
0 1 49957
0 1 49958
0 1 49961
0 1 49963
0 1 49965
0 1 49969
0 1 49970
0 1 49971
0 1 49977
0 1 49981
0 1 49983
0 1 49985
0 1 49986
0 1 49987
0 1 49990
0 1 49991
0 1 49995
0 1 49996
0 1 49997
0 1 49998
0 1 49999
0 1 50000
0 1 50002
0 1 50003
0 1 50004
0 1 50005
0 1 50006
0 1 50008
0 1 50010
0 1 50011
0 1 50015
0 1 50016
0 1 50018
0 1 50019
0 1 50020
0 1 50021
0 1 50022
0 1 50023
0 1 50024
0 1 50025
0 1 50027
0 1 50029
0 1 50030
0 1 50033
0 1 50034
0 1 50036
0 1 50037
0 1 50039
0 1 50042
0 1 50043
0 1 50045
0 1 50047
0 1 50048
0 1 50049
0 1 50055
0 1 50056
0 1 50057
0 1 50061
0 1 50062
0 1 50063
0 1 50064
0 1 50065
0 1 50066
0 1 50068
0 1 50069
0 1 50071
0 1 50072
0 1 50075
0 1 50079
0 1 50083
0 1 50084
0 1 50085
0 1 50088
0 1 50089
0 1 50090
0 1 50092
0 1 50095
0 1 50096
0 1 50098
0 1 50099
0 1 50107
0 1 50109
0 1 50110
0 1 50113
0 1 50117
0 1 50119
0 1 50120
0 1 50122
0 1 50123
0 1 50124
0 1 50127
0 1 50128
0 1 50131
0 1 50133
0 1 50135
0 1 50136
0 1 50139
0 1 50144
0 1 50146
0 1 50149
0 1 50152
0 1 50154
0 1 50155
0 1 50158
0 1 50159
0 1 50161
0 1 50162
0 1 50163
0 1 50164
0 1 50167
0 1 50169
0 1 50170
0 1 50177
0 1 50180
0 1 50181
0 1 50187
0 1 50191
0 1 50193
0 1 50194
0 1 50196
0 1 50204
0 1 50207
0 1 50208
0 1 50210
0 1 50213
0 1 50214
0 1 50217
0 1 50219
0 1 50220
0 1 50221
0 1 50224
0 1 50225
0 1 50227
0 1 50228
0 1 50229
0 1 50231
0 1 50232
0 1 50233
0 1 50234
0 1 50235
0 1 50236
0 1 50239
0 1 50240
0 1 50241
0 1 50246
0 1 50247
0 1 50250
0 1 50252
0 1 50253
0 1 50255
0 1 50257
0 1 50259
0 1 50261
0 1 50264
0 1 50265
0 1 50266
0 1 50267
0 1 50269
0 1 50273
0 1 50278
0 1 50284
0 1 50285
0 1 50288
0 1 50290
0 1 50292
0 1 50293
0 1 50295
0 1 50296
0 1 50297
0 1 50299
0 1 50301
0 1 50302
0 1 50304
0 1 50305
0 1 50306
0 1 50308
0 1 50309
0 1 50310
0 1 50312
0 1 50314
0 1 50319
0 1 50320
0 1 50321
0 1 50325
0 1 50326
0 1 50329
0 1 50330
0 1 50331
0 1 50332
0 1 50335
0 1 50337
0 1 50339
0 1 50341
0 1 50342
0 1 50343
0 1 50347
0 1 50348
0 1 50349
0 1 50350
0 1 50354
0 1 50358
0 1 50360
0 1 50362
0 1 50364
0 1 50365
0 1 50366
0 1 50367
0 1 50369
0 1 50370
0 1 50372
0 1 50375
0 1 50376
0 1 50378
0 1 50381
0 1 50382
0 1 50385
0 1 50390
0 1 50393
0 1 50394
0 1 50396
0 1 50397
0 1 50399
0 1 50400
0 1 50404
0 1 50405
0 1 50406
0 1 50407
0 1 50408
0 1 50411
0 1 50413
0 1 50415
0 1 50416
0 1 50417
0 1 50418
0 1 50419
0 1 50420
0 1 50422
0 1 50423
0 1 50425
0 1 50426
0 1 50427
0 1 50428
0 1 50430
0 1 50432
0 1 50433
0 1 50436
0 1 50438
0 1 50440
0 1 50441
0 1 50444
0 1 50449
0 1 50452
0 1 50453
0 1 50456
0 1 50460
0 1 50463
0 1 50464
0 1 50467
0 1 50472
0 1 50473
0 1 50476
0 1 50477
0 1 50478
0 1 50479
0 1 50481
0 1 50483
0 1 50486
0 1 50487
0 1 50489
0 1 50492
0 1 50494
0 1 50495
0 1 50496
0 1 50497
0 1 50498
0 1 50499
0 1 50500
0 1 50502
0 1 50505
0 1 50507
0 1 50509
0 1 50510
0 1 50511
0 1 50514
0 1 50517
0 1 50518
0 1 50519
0 1 50521
0 1 50523
0 1 50524
0 1 50526
0 1 50528
0 1 50530
0 1 50531
0 1 50533
0 1 50535
0 1 50539
0 1 50541
0 1 50542
0 1 50545
0 1 50548
0 1 50549
0 1 50550
0 1 50552
0 1 50556
0 1 50560
0 1 50566
0 1 50567
0 1 50568
0 1 50572
0 1 50573
0 1 50574
0 1 50577
0 1 50578
0 1 50579
0 1 50580
0 1 50581
0 1 50583
0 1 50588
0 1 50589
0 1 50590
0 1 50591
0 1 50592
0 1 50593
0 1 50600
0 1 50602
0 1 50605
0 1 50606
0 1 50609
0 1 50610
0 1 50612
0 1 50614
0 1 50621
0 1 50622
0 1 50624
0 1 50631
0 1 50632
0 1 50633
0 1 50634
0 1 50637
0 1 50640
0 1 50641
0 1 50643
0 1 50644
0 1 50645
0 1 50647
0 1 50651
0 1 50653
0 1 50655
0 1 50657
0 1 50658
0 1 50659
0 1 50661
0 1 50662
0 1 50663
0 1 50665
0 1 50667
0 1 50668
0 1 50669
0 1 50671
0 1 50672
0 1 50673
0 1 50674
0 1 50675
0 1 50679
0 1 50680
0 1 50683
0 1 50686
0 1 50687
0 1 50688
0 1 50694
0 1 50696
0 1 50697
0 1 50699
0 1 50701
0 1 50703
0 1 50704
0 1 50705
0 1 50706
0 1 50707
0 1 50708
0 1 50712
0 1 50715
0 1 50719
0 1 50721
0 1 50722
0 1 50726
0 1 50731
0 1 50732
0 1 50734
0 1 50735
0 1 50736
0 1 50737
0 1 50739
0 1 50741
0 1 50742
0 1 50743
0 1 50745
0 1 50747
0 1 50748
0 1 50749
0 1 50750
0 1 50752
0 1 50754
0 1 50755
0 1 50757
0 1 50758
0 1 50760
0 1 50761
0 1 50762
0 1 50763
0 1 50766
0 1 50769
0 1 50770
0 1 50773
0 1 50775
0 1 50777
0 1 50778
0 1 50779
0 1 50780
0 1 50782
0 1 50789
0 1 50790
0 1 50791
0 1 50792
0 1 50793
0 1 50797
0 1 50798
0 1 50800
0 1 50802
0 1 50806
0 1 50810
0 1 50811
0 1 50818
0 1 50819
0 1 50821
0 1 50823
0 1 50824
0 1 50826
0 1 50831
0 1 50832
0 1 50833
0 1 50834
0 1 50835
0 1 50836
0 1 50837
0 1 50839
0 1 50840
0 1 50841
0 1 50842
0 1 50843
0 1 50844
0 1 50848
0 1 50853
0 1 50855
0 1 50859
0 1 50860
0 1 50861
0 1 50862
0 1 50863
0 1 50868
0 1 50871
0 1 50872
0 1 50873
0 1 50874
0 1 50875
0 1 50879
0 1 50880
0 1 50882
0 1 50883
0 1 50887
0 1 50889
0 1 50892
0 1 50895
0 1 50901
0 1 50903
0 1 50906
0 1 50907
0 1 50911
0 1 50912
0 1 50913
0 1 50914
0 1 50916
0 1 50917
0 1 50918
0 1 50920
0 1 50922
0 1 50924
0 1 50926
0 1 50934
0 1 50937
0 1 50938
0 1 50941
0 1 50942
0 1 50943
0 1 50947
0 1 50948
0 1 50951
0 1 50953
0 1 50959
0 1 50962
0 1 50965
0 1 50966
0 1 50968
0 1 50969
0 1 50972
0 1 50974
0 1 50978
0 1 50979
0 1 50980
0 1 50981
0 1 50982
0 1 50983
0 1 50984
0 1 50985
0 1 50988
0 1 50989
0 1 50992
0 1 50993
0 1 50994
0 1 50996
0 1 50997
0 1 50998
0 1 50999
0 1 51002
0 1 51003
0 1 51004
0 1 51006
0 1 51007
0 1 51008
0 1 51009
0 1 51010
0 1 51012
0 1 51016
0 1 51020
0 1 51021
0 1 51022
0 1 51025
0 1 51026
0 1 51027
0 1 51033
0 1 51034
0 1 51036
0 1 51037
0 1 51038
0 1 51041
0 1 51044
0 1 51046
0 1 51047
0 1 51050
0 1 51051
0 1 51054
0 1 51056
0 1 51057
0 1 51064
0 1 51065
0 1 51069
0 1 51072
0 1 51073
0 1 51074
0 1 51077
0 1 51078
0 1 51079
0 1 51080
0 1 51085
0 1 51086
0 1 51088
0 1 51091
0 1 51092
0 1 51094
0 1 51095
0 1 51096
0 1 51099
0 1 51100
0 1 51103
0 1 51104
0 1 51106
0 1 51111
0 1 51112
0 1 51114
0 1 51116
0 1 51125
0 1 51129
0 1 51131
0 1 51132
0 1 51133
0 1 51137
0 1 51142
0 1 51146
0 1 51147
0 1 51149
0 1 51151
0 1 51152
0 1 51155
0 1 51157
0 1 51159
0 1 51160
0 1 51161
0 1 51163
0 1 51168
0 1 51170
0 1 51171
0 1 51176
0 1 51180
0 1 51182
0 1 51183
0 1 51188
0 1 51189
0 1 51190
0 1 51193
0 1 51195
0 1 51196
0 1 51197
0 1 51198
0 1 51199
0 1 51200
0 1 51203
0 1 51206
0 1 51208
0 1 51209
0 1 51215
0 1 51216
0 1 51217
0 1 51225
0 1 51226
0 1 51229
0 1 51230
0 1 51231
0 1 51233
0 1 51235
0 1 51236
0 1 51237
0 1 51238
0 1 51242
0 1 51243
0 1 51246
0 1 51252
0 1 51253
0 1 51254
0 1 51255
0 1 51256
0 1 51258
0 1 51259
0 1 51261
0 1 51264
0 1 51265
0 1 51266
0 1 51268
0 1 51271
0 1 51273
0 1 51274
0 1 51275
0 1 51276
0 1 51278
0 1 51279
0 1 51280
0 1 51284
0 1 51285
0 1 51287
0 1 51293
0 1 51294
0 1 51297
0 1 51298
0 1 51299
0 1 51304
0 1 51308
0 1 51309
0 1 51310
0 1 51311
0 1 51313
0 1 51318
0 1 51319
0 1 51321
0 1 51322
0 1 51327
0 1 51329
0 1 51332
0 1 51333
0 1 51334
0 1 51336
0 1 51337
0 1 51338
0 1 51341
0 1 51342
0 1 51343
0 1 51346
0 1 51353
0 1 51357
0 1 51358
0 1 51360
0 1 51361
0 1 51362
0 1 51364
0 1 51366
0 1 51367
0 1 51371
0 1 51372
0 1 51373
0 1 51376
0 1 51377
0 1 51378
0 1 51380
0 1 51382
0 1 51383
0 1 51384
0 1 51385
0 1 51386
0 1 51390
0 1 51391
0 1 51392
0 1 51396
0 1 51403
0 1 51405
0 1 51407
0 1 51408
0 1 51409
0 1 51411
0 1 51412
0 1 51413
0 1 51414
0 1 51415
0 1 51416
0 1 51419
0 1 51420
0 1 51421
0 1 51422
0 1 51423
0 1 51424
0 1 51425
0 1 51427
0 1 51431
0 1 51433
0 1 51439
0 1 51442
0 1 51449
0 1 51456
0 1 51457
0 1 51460
0 1 51462
0 1 51465
0 1 51466
0 1 51467
0 1 51468
0 1 51469
0 1 51475
0 1 51477
0 1 51478
0 1 51482
0 1 51484
0 1 51486
0 1 51488
0 1 51489
0 1 51490
0 1 51494
0 1 51497
0 1 51498
0 1 51500
0 1 51504
0 1 51510
0 1 51511
0 1 51513
0 1 51514
0 1 51515
0 1 51516
0 1 51518
0 1 51519
0 1 51520
0 1 51521
0 1 51523
0 1 51526
0 1 51532
0 1 51533
0 1 51536
0 1 51537
0 1 51538
0 1 51541
0 1 51542
0 1 51543
0 1 51544
0 1 51545
0 1 51546
0 1 51547
0 1 51548
0 1 51549
0 1 51550
0 1 51551
0 1 51553
0 1 51556
0 1 51558
0 1 51559
0 1 51560
0 1 51561
0 1 51562
0 1 51563
0 1 51570
0 1 51571
0 1 51572
0 1 51573
0 1 51574
0 1 51575
0 1 51578
0 1 51579
0 1 51580
0 1 51581
0 1 51582
0 1 51585
0 1 51587
0 1 51588
0 1 51589
0 1 51591
0 1 51593
0 1 51596
0 1 51598
0 1 51599
0 1 51601
0 1 51602
0 1 51603
0 1 51604
0 1 51608
0 1 51609
0 1 51610
0 1 51613
0 1 51614
0 1 51621
0 1 51624
0 1 51625
0 1 51627
0 1 51629
0 1 51630
0 1 51632
0 1 51635
0 1 51636
0 1 51637
0 1 51638
0 1 51640
0 1 51641
0 1 51642
0 1 51643
0 1 51644
0 1 51646
0 1 51647
0 1 51648
0 1 51649
0 1 51650
0 1 51652
0 1 51654
0 1 51655
0 1 51656
0 1 51657
0 1 51658
0 1 51660
0 1 51662
0 1 51664
0 1 51669
0 1 51670
0 1 51671
0 1 51673
0 1 51674
0 1 51676
0 1 51677
0 1 51679
0 1 51683
0 1 51684
0 1 51685
0 1 51693
0 1 51694
0 1 51695
0 1 51697
0 1 51699
0 1 51704
0 1 51707
0 1 51712
0 1 51713
0 1 51714
0 1 51715
0 1 51717
0 1 51718
0 1 51724
0 1 51725
0 1 51726
0 1 51727
0 1 51729
0 1 51732
0 1 51733
0 1 51734
0 1 51735
0 1 51736
0 1 51742
0 1 51750
0 1 51751
0 1 51753
0 1 51756
0 1 51757
0 1 51758
0 1 51759
0 1 51764
0 1 51765
0 1 51766
0 1 51768
0 1 51769
0 1 51770
0 1 51771
0 1 51772
0 1 51774
0 1 51775
0 1 51779
0 1 51780
0 1 51782
0 1 51784
0 1 51789
0 1 51793
0 1 51796
0 1 51797
0 1 51798
0 1 51801
0 1 51804
0 1 51806
0 1 51810
0 1 51811
0 1 51812
0 1 51813
0 1 51814
0 1 51816
0 1 51818
0 1 51819
0 1 51823
0 1 51824
0 1 51827
0 1 51828
0 1 51829
0 1 51830
0 1 51831
0 1 51832
0 1 51834
0 1 51835
0 1 51837
0 1 51839
0 1 51840
0 1 51842
0 1 51844
0 1 51846
0 1 51847
0 1 51848
0 1 51849
0 1 51851
0 1 51853
0 1 51857
0 1 51864
0 1 51865
0 1 51866
0 1 51868
0 1 51870
0 1 51871
0 1 51872
0 1 51874
0 1 51875
0 1 51878
0 1 51879
0 1 51881
0 1 51882
0 1 51883
0 1 51884
0 1 51885
0 1 51886
0 1 51887
0 1 51888
0 1 51890
0 1 51893
0 1 51894
0 1 51900
0 1 51901
0 1 51903
0 1 51904
0 1 51906
0 1 51908
0 1 51910
0 1 51911
0 1 51914
0 1 51917
0 1 51920
0 1 51921
0 1 51922
0 1 51926
0 1 51927
0 1 51928
0 1 51929
0 1 51930
0 1 51931
0 1 51934
0 1 51936
0 1 51937
0 1 51941
0 1 51948
0 1 51949
0 1 51956
0 1 51959
0 1 51963
0 1 51965
0 1 51967
0 1 51972
0 1 51973
0 1 51975
0 1 51976
0 1 51977
0 1 51980
0 1 51981
0 1 51983
0 1 51984
0 1 51985
0 1 51986
0 1 51988
0 1 51994
0 1 51995
0 1 51998
0 1 51999
0 1 52000
0 1 52002
0 1 52004
0 1 52005
0 1 52006
0 1 52007
0 1 52009
0 1 52010
0 1 52014
0 1 52015
0 1 52016
0 1 52017
0 1 52018
0 1 52020
0 1 52022
0 1 52023
0 1 52024
0 1 52026
0 1 52027
0 1 52029
0 1 52033
0 1 52035
0 1 52037
0 1 52038
0 1 52040
0 1 52041
0 1 52042
0 1 52043
0 1 52044
0 1 52046
0 1 52053
0 1 52054
0 1 52055
0 1 52057
0 1 52058
0 1 52059
0 1 52060
0 1 52062
0 1 52065
0 1 52066
0 1 52068
0 1 52070
0 1 52071
0 1 52073
0 1 52075
0 1 52077
0 1 52078
0 1 52083
0 1 52085
0 1 52089
0 1 52090
0 1 52091
0 1 52093
0 1 52094
0 1 52095
0 1 52098
0 1 52099
0 1 52100
0 1 52101
0 1 52102
0 1 52103
0 1 52105
0 1 52108
0 1 52109
0 1 52112
0 1 52116
0 1 52117
0 1 52120
0 1 52121
0 1 52122
0 1 52123
0 1 52126
0 1 52127
0 1 52130
0 1 52134
0 1 52138
0 1 52139
0 1 52144
0 1 52150
0 1 52151
0 1 52152
0 1 52155
0 1 52156
0 1 52159
0 1 52161
0 1 52162
0 1 52166
0 1 52170
0 1 52171
0 1 52172
0 1 52173
0 1 52178
0 1 52179
0 1 52180
0 1 52182
0 1 52186
0 1 52187
0 1 52188
0 1 52189
0 1 52191
0 1 52199
0 1 52200
0 1 52203
0 1 52204
0 1 52205
0 1 52206
0 1 52207
0 1 52209
0 1 52210
0 1 52211
0 1 52212
0 1 52213
0 1 52215
0 1 52216
0 1 52218
0 1 52220
0 1 52223
0 1 52224
0 1 52226
0 1 52228
0 1 52229
0 1 52230
0 1 52231
0 1 52233
0 1 52237
0 1 52239
0 1 52241
0 1 52247
0 1 52248
0 1 52254
0 1 52255
0 1 52257
0 1 52258
0 1 52261
0 1 52262
0 1 52263
0 1 52265
0 1 52270
0 1 52272
0 1 52274
0 1 52276
0 1 52277
0 1 52278
0 1 52279
0 1 52281
0 1 52283
0 1 52284
0 1 52286
0 1 52287
0 1 52288
0 1 52289
0 1 52292
0 1 52294
0 1 52297
0 1 52298
0 1 52300
0 1 52301
0 1 52302
0 1 52304
0 1 52306
0 1 52309
0 1 52310
0 1 52312
0 1 52313
0 1 52315
0 1 52317
0 1 52321
0 1 52322
0 1 52324
0 1 52326
0 1 52327
0 1 52329
0 1 52330
0 1 52332
0 1 52335
0 1 52336
0 1 52337
0 1 52340
0 1 52342
0 1 52343
0 1 52346
0 1 52350
0 1 52355
0 1 52357
0 1 52360
0 1 52362
0 1 52370
0 1 52371
0 1 52373
0 1 52374
0 1 52375
0 1 52377
0 1 52381
0 1 52383
0 1 52384
0 1 52385
0 1 52387
0 1 52388
0 1 52390
0 1 52391
0 1 52392
0 1 52393
0 1 52394
0 1 52400
0 1 52401
0 1 52402
0 1 52406
0 1 52408
0 1 52409
0 1 52410
0 1 52412
0 1 52413
0 1 52422
0 1 52423
0 1 52424
0 1 52426
0 1 52433
0 1 52436
0 1 52437
0 1 52441
0 1 52442
0 1 52443
0 1 52444
0 1 52445
0 1 52446
0 1 52449
0 1 52451
0 1 52452
0 1 52455
0 1 52456
0 1 52459
0 1 52460
0 1 52461
0 1 52462
0 1 52463
0 1 52466
0 1 52468
0 1 52469
0 1 52473
0 1 52474
0 1 52477
0 1 52478
0 1 52479
0 1 52483
0 1 52484
0 1 52485
0 1 52486
0 1 52487
0 1 52488
0 1 52489
0 1 52490
0 1 52491
0 1 52492
0 1 52493
0 1 52494
0 1 52495
0 1 52496
0 1 52497
0 1 52498
0 1 52499
0 1 52500
0 1 52503
0 1 52504
0 1 52506
0 1 52507
0 1 52508
0 1 52515
0 1 52516
0 1 52517
0 1 52519
0 1 52521
0 1 52522
0 1 52524
0 1 52531
0 1 52534
0 1 52535
0 1 52536
0 1 52537
0 1 52538
0 1 52539
0 1 52540
0 1 52541
0 1 52542
0 1 52546
0 1 52547
0 1 52549
0 1 52551
0 1 52552
0 1 52557
0 1 52559
0 1 52560
0 1 52561
0 1 52562
0 1 52563
0 1 52564
0 1 52565
0 1 52572
0 1 52573
0 1 52574
0 1 52577
0 1 52578
0 1 52579
0 1 52580
0 1 52582
0 1 52583
0 1 52584
0 1 52586
0 1 52587
0 1 52589
0 1 52590
0 1 52591
0 1 52594
0 1 52595
0 1 52596
0 1 52598
0 1 52600
0 1 52601
0 1 52603
0 1 52605
0 1 52606
0 1 52608
0 1 52610
0 1 52612
0 1 52617
0 1 52619
0 1 52623
0 1 52624
0 1 52625
0 1 52627
0 1 52630
0 1 52632
0 1 52635
0 1 52637
0 1 52640
0 1 52641
0 1 52644
0 1 52645
0 1 52646
0 1 52647
0 1 52649
0 1 52652
0 1 52654
0 1 52655
0 1 52656
0 1 52657
0 1 52659
0 1 52661
0 1 52664
0 1 52665
0 1 52666
0 1 52668
0 1 52671
0 1 52672
0 1 52677
0 1 52681
0 1 52682
0 1 52687
0 1 52688
0 1 52689
0 1 52691
0 1 52692
0 1 52695
0 1 52696
0 1 52697
0 1 52700
0 1 52706
0 1 52707
0 1 52710
0 1 52711
0 1 52715
0 1 52717
0 1 52718
0 1 52719
0 1 52729
0 1 52731
0 1 52732
0 1 52733
0 1 52735
0 1 52737
0 1 52738
0 1 52740
0 1 52741
0 1 52742
0 1 52743
0 1 52746
0 1 52753
0 1 52755
0 1 52757
0 1 52758
0 1 52760
0 1 52765
0 1 52767
0 1 52768
0 1 52772
0 1 52773
0 1 52774
0 1 52775
0 1 52776
0 1 52777
0 1 52780
0 1 52781
0 1 52784
0 1 52785
0 1 52786
0 1 52787
0 1 52788
0 1 52789
0 1 52793
0 1 52794
0 1 52795
0 1 52797
0 1 52801
0 1 52805
0 1 52806
0 1 52807
0 1 52810
0 1 52812
0 1 52821
0 1 52823
0 1 52824
0 1 52828
0 1 52830
0 1 52831
0 1 52832
0 1 52834
0 1 52836
0 1 52837
0 1 52839
0 1 52841
0 1 52842
0 1 52843
0 1 52845
0 1 52850
0 1 52851
0 1 52852
0 1 52854
0 1 52856
0 1 52859
0 1 52860
0 1 52861
0 1 52865
0 1 52866
0 1 52867
0 1 52869
0 1 52870
0 1 52871
0 1 52872
0 1 52874
0 1 52875
0 1 52877
0 1 52878
0 1 52880
0 1 52882
0 1 52885
0 1 52886
0 1 52887
0 1 52888
0 1 52889
0 1 52890
0 1 52893
0 1 52894
0 1 52900
0 1 52902
0 1 52903
0 1 52904
0 1 52907
0 1 52908
0 1 52912
0 1 52916
0 1 52921
0 1 52922
0 1 52925
0 1 52926
0 1 52927
0 1 52928
0 1 52930
0 1 52931
0 1 52932
0 1 52933
0 1 52936
0 1 52938
0 1 52942
0 1 52948
0 1 52949
0 1 52950
0 1 52951
0 1 52953
0 1 52957
0 1 52958
0 1 52963
0 1 52964
0 1 52965
0 1 52966
0 1 52969
0 1 52972
0 1 52974
0 1 52976
0 1 52980
0 1 52982
0 1 52983
0 1 52987
0 1 52989
0 1 52990
0 1 52994
0 1 52995
0 1 52997
0 1 52998
0 1 53002
0 1 53005
0 1 53006
0 1 53007
0 1 53009
0 1 53011
0 1 53012
0 1 53013
0 1 53014
0 1 53015
0 1 53016
0 1 53017
0 1 53020
0 1 53021
0 1 53022
0 1 53024
0 1 53025
0 1 53026
0 1 53027
0 1 53028
0 1 53029
0 1 53030
0 1 53033
0 1 53034
0 1 53036
0 1 53037
0 1 53039
0 1 53040
0 1 53043
0 1 53044
0 1 53046
0 1 53048
0 1 53050
0 1 53051
0 1 53053
0 1 53055
0 1 53058
0 1 53059
0 1 53062
0 1 53063
0 1 53064
0 1 53073
0 1 53076
0 1 53077
0 1 53080
0 1 53081
0 1 53082
0 1 53084
0 1 53085
0 1 53087
0 1 53088
0 1 53091
0 1 53092
0 1 53094
0 1 53096
0 1 53098
0 1 53099
0 1 53100
0 1 53101
0 1 53102
0 1 53106
0 1 53114
0 1 53115
0 1 53117
0 1 53118
0 1 53120
0 1 53123
0 1 53125
0 1 53126
0 1 53127
0 1 53128
0 1 53130
0 1 53133
0 1 53134
0 1 53135
0 1 53137
0 1 53139
0 1 53142
0 1 53143
0 1 53144
0 1 53147
0 1 53150
0 1 53153
0 1 53156
0 1 53157
0 1 53158
0 1 53159
0 1 53162
0 1 53163
0 1 53164
0 1 53165
0 1 53166
0 1 53167
0 1 53168
0 1 53170
0 1 53174
0 1 53175
0 1 53179
0 1 53186
0 1 53187
0 1 53189
0 1 53192
0 1 53197
0 1 53200
0 1 53202
0 1 53203
0 1 53205
0 1 53206
0 1 53207
0 1 53208
0 1 53210
0 1 53212
0 1 53215
0 1 53218
0 1 53220
0 1 53227
0 1 53228
0 1 53229
0 1 53230
0 1 53233
0 1 53234
0 1 53235
0 1 53237
0 1 53241
0 1 53245
0 1 53250
0 1 53251
0 1 53254
0 1 53255
0 1 53256
0 1 53258
0 1 53259
0 1 53260
0 1 53261
0 1 53262
0 1 53265
0 1 53269
0 1 53271
0 1 53273
0 1 53274
0 1 53275
0 1 53277
0 1 53278
0 1 53279
0 1 53281
0 1 53282
0 1 53283
0 1 53287
0 1 53289
0 1 53291
0 1 53292
0 1 53293
0 1 53294
0 1 53295
0 1 53299
0 1 53300
0 1 53302
0 1 53303
0 1 53305
0 1 53307
0 1 53309
0 1 53310
0 1 53312
0 1 53314
0 1 53315
0 1 53319
0 1 53320
0 1 53321
0 1 53322
0 1 53326
0 1 53327
0 1 53329
0 1 53331
0 1 53333
0 1 53336
0 1 53337
0 1 53339
0 1 53341
0 1 53342
0 1 53344
0 1 53345
0 1 53349
0 1 53351
0 1 53353
0 1 53355
0 1 53356
0 1 53359
0 1 53360
0 1 53361
0 1 53364
0 1 53365
0 1 53366
0 1 53368
0 1 53369
0 1 53371
0 1 53373
0 1 53374
0 1 53375
0 1 53378
0 1 53381
0 1 53384
0 1 53385
0 1 53386
0 1 53387
0 1 53388
0 1 53389
0 1 53391
0 1 53396
0 1 53397
0 1 53398
0 1 53399
0 1 53400
0 1 53403
0 1 53407
0 1 53408
0 1 53409
0 1 53411
0 1 53412
0 1 53414
0 1 53415
0 1 53416
0 1 53418
0 1 53422
0 1 53423
0 1 53425
0 1 53426
0 1 53427
0 1 53429
0 1 53430
0 1 53431
0 1 53432
0 1 53433
0 1 53436
0 1 53439
0 1 53441
0 1 53442
0 1 53443
0 1 53446
0 1 53448
0 1 53449
0 1 53451
0 1 53454
0 1 53455
0 1 53456
0 1 53460
0 1 53461
0 1 53462
0 1 53466
0 1 53470
0 1 53471
0 1 53472
0 1 53473
0 1 53476
0 1 53477
0 1 53478
0 1 53480
0 1 53481
0 1 53485
0 1 53486
0 1 53488
0 1 53495
0 1 53496
0 1 53498
0 1 53499
0 1 53500
0 1 53505
0 1 53507
0 1 53508
0 1 53509
0 1 53519
0 1 53520
0 1 53523
0 1 53526
0 1 53527
0 1 53529
0 1 53530
0 1 53531
0 1 53536
0 1 53540
0 1 53542
0 1 53544
0 1 53547
0 1 53548
0 1 53551
0 1 53552
0 1 53554
0 1 53560
0 1 53564
0 1 53565
0 1 53567
0 1 53569
0 1 53575
0 1 53578
0 1 53580
0 1 53582
0 1 53584
0 1 53586
0 1 53589
0 1 53590
0 1 53591
0 1 53595
0 1 53596
0 1 53598
0 1 53600
0 1 53601
0 1 53604
0 1 53605
0 1 53606
0 1 53607
0 1 53608
0 1 53609
0 1 53613
0 1 53614
0 1 53618
0 1 53620
0 1 53621
0 1 53622
0 1 53623
0 1 53627
0 1 53628
0 1 53629
0 1 53630
0 1 53631
0 1 53632
0 1 53634
0 1 53636
0 1 53638
0 1 53639
0 1 53645
0 1 53651
0 1 53655
0 1 53656
0 1 53658
0 1 53659
0 1 53660
0 1 53662
0 1 53663
0 1 53665
0 1 53666
0 1 53667
0 1 53669
0 1 53670
0 1 53674
0 1 53677
0 1 53685
0 1 53686
0 1 53687
0 1 53688
0 1 53693
0 1 53696
0 1 53697
0 1 53701
0 1 53702
0 1 53705
0 1 53706
0 1 53707
0 1 53708
0 1 53711
0 1 53712
0 1 53714
0 1 53715
0 1 53716
0 1 53718
0 1 53720
0 1 53721
0 1 53722
0 1 53725
0 1 53726
0 1 53729
0 1 53730
0 1 53731
0 1 53732
0 1 53733
0 1 53736
0 1 53738
0 1 53740
0 1 53741
0 1 53746
0 1 53748
0 1 53750
0 1 53753
0 1 53754
0 1 53755
0 1 53756
0 1 53757
0 1 53758
0 1 53759
0 1 53766
0 1 53767
0 1 53768
0 1 53772
0 1 53776
0 1 53777
0 1 53782
0 1 53784
0 1 53786
0 1 53788
0 1 53789
0 1 53791
0 1 53794
0 1 53795
0 1 53796
0 1 53797
0 1 53800
0 1 53802
0 1 53803
0 1 53804
0 1 53807
0 1 53810
0 1 53811
0 1 53812
0 1 53813
0 1 53814
0 1 53815
0 1 53816
0 1 53818
0 1 53819
0 1 53820
0 1 53822
0 1 53823
0 1 53824
0 1 53827
0 1 53833
0 1 53834
0 1 53837
0 1 53839
0 1 53842
0 1 53843
0 1 53845
0 1 53846
0 1 53847
0 1 53848
0 1 53851
0 1 53852
0 1 53853
0 1 53855
0 1 53856
0 1 53857
0 1 53858
0 1 53859
0 1 53861
0 1 53866
0 1 53868
0 1 53870
0 1 53871
0 1 53874
0 1 53876
0 1 53877
0 1 53878
0 1 53880
0 1 53881
0 1 53882
0 1 53883
0 1 53885
0 1 53887
0 1 53890
0 1 53896
0 1 53897
0 1 53898
0 1 53899
0 1 53905
0 1 53909
0 1 53910
0 1 53911
0 1 53912
0 1 53913
0 1 53918
0 1 53920
0 1 53923
0 1 53924
0 1 53925
0 1 53926
0 1 53929
0 1 53932
0 1 53935
0 1 53936
0 1 53937
0 1 53938
0 1 53939
0 1 53941
0 1 53942
0 1 53945
0 1 53946
0 1 53948
0 1 53949
0 1 53950
0 1 53951
0 1 53954
0 1 53955
0 1 53957
0 1 53959
0 1 53960
0 1 53962
0 1 53964
0 1 53966
0 1 53967
0 1 53968
0 1 53971
0 1 53972
0 1 53974
0 1 53976
0 1 53978
0 1 53979
0 1 53981
0 1 53984
0 1 53985
0 1 53986
0 1 53987
0 1 53990
0 1 53993
0 1 53994
0 1 53996
0 1 53998
0 1 54000
0 1 54001
0 1 54003
0 1 54004
0 1 54008
0 1 54009
0 1 54014
0 1 54017
0 1 54021
0 1 54023
0 1 54032
0 1 54037
0 1 54041
0 1 54044
0 1 54045
0 1 54047
0 1 54050
0 1 54051
0 1 54052
0 1 54053
0 1 54055
0 1 54056
0 1 54058
0 1 54059
0 1 54061
0 1 54063
0 1 54064
0 1 54065
0 1 54068
0 1 54069
0 1 54070
0 1 54071
0 1 54074
0 1 54075
0 1 54076
0 1 54081
0 1 54088
0 1 54090
0 1 54091
0 1 54092
0 1 54097
0 1 54101
0 1 54103
0 1 54105
0 1 54106
0 1 54107
0 1 54112
0 1 54114
0 1 54115
0 1 54116
0 1 54117
0 1 54118
0 1 54119
0 1 54120
0 1 54121
0 1 54122
0 1 54124
0 1 54129
0 1 54130
0 1 54132
0 1 54133
0 1 54135
0 1 54136
0 1 54137
0 1 54138
0 1 54142
0 1 54145
0 1 54147
0 1 54148
0 1 54149
0 1 54150
0 1 54152
0 1 54153
0 1 54155
0 1 54157
0 1 54158
0 1 54159
0 1 54160
0 1 54161
0 1 54163
0 1 54164
0 1 54165
0 1 54166
0 1 54167
0 1 54169
0 1 54170
0 1 54172
0 1 54173
0 1 54176
0 1 54177
0 1 54180
0 1 54181
0 1 54183
0 1 54184
0 1 54187
0 1 54188
0 1 54189
0 1 54191
0 1 54192
0 1 54197
0 1 54198
0 1 54199
0 1 54200
0 1 54202
0 1 54203
0 1 54204
0 1 54207
0 1 54208
0 1 54210
0 1 54211
0 1 54212
0 1 54214
0 1 54216
0 1 54218
0 1 54221
0 1 54224
0 1 54225
0 1 54228
0 1 54229
0 1 54230
0 1 54235
0 1 54236
0 1 54242
0 1 54243
0 1 54245
0 1 54248
0 1 54250
0 1 54252
0 1 54255
0 1 54256
0 1 54258
0 1 54259
0 1 54260
0 1 54261
0 1 54262
0 1 54263
0 1 54264
0 1 54266
0 1 54267
0 1 54269
0 1 54272
0 1 54273
0 1 54280
0 1 54281
0 1 54282
0 1 54283
0 1 54288
0 1 54291
0 1 54292
0 1 54293
0 1 54299
0 1 54300
0 1 54301
0 1 54302
0 1 54303
0 1 54304
0 1 54305
0 1 54306
0 1 54307
0 1 54309
0 1 54311
0 1 54313
0 1 54314
0 1 54315
0 1 54317
0 1 54319
0 1 54320
0 1 54321
0 1 54325
0 1 54326
0 1 54327
0 1 54328
0 1 54330
0 1 54331
0 1 54337
0 1 54338
0 1 54340
0 1 54343
0 1 54344
0 1 54345
0 1 54346
0 1 54347
0 1 54348
0 1 54352
0 1 54353
0 1 54355
0 1 54356
0 1 54357
0 1 54359
0 1 54360
0 1 54361
0 1 54363
0 1 54365
0 1 54367
0 1 54371
0 1 54373
0 1 54374
0 1 54375
0 1 54376
0 1 54377
0 1 54378
0 1 54379
0 1 54388
0 1 54389
0 1 54390
0 1 54391
0 1 54394
0 1 54397
0 1 54398
0 1 54399
0 1 54404
0 1 54405
0 1 54407
0 1 54409
0 1 54410
0 1 54413
0 1 54414
0 1 54416
0 1 54418
0 1 54419
0 1 54421
0 1 54422
0 1 54424
0 1 54429
0 1 54430
0 1 54432
0 1 54434
0 1 54435
0 1 54438
0 1 54439
0 1 54440
0 1 54441
0 1 54443
0 1 54446
0 1 54447
0 1 54448
0 1 54449
0 1 54451
0 1 54452
0 1 54453
0 1 54455
0 1 54456
0 1 54457
0 1 54461
0 1 54462
0 1 54464
0 1 54465
0 1 54466
0 1 54468
0 1 54469
0 1 54471
0 1 54475
0 1 54476
0 1 54477
0 1 54478
0 1 54479
0 1 54480
0 1 54482
0 1 54485
0 1 54486
0 1 54487
0 1 54490
0 1 54491
0 1 54492
0 1 54494
0 1 54495
0 1 54496
0 1 54497
0 1 54501
0 1 54502
0 1 54503
0 1 54506
0 1 54510
0 1 54512
0 1 54514
0 1 54516
0 1 54517
0 1 54518
0 1 54519
0 1 54524
0 1 54525
0 1 54529
0 1 54535
0 1 54536
0 1 54537
0 1 54538
0 1 54539
0 1 54541
0 1 54542
0 1 54543
0 1 54544
0 1 54545
0 1 54546
0 1 54547
0 1 54551
0 1 54552
0 1 54553
0 1 54554
0 1 54556
0 1 54558
0 1 54560
0 1 54561
0 1 54562
0 1 54565
0 1 54567
0 1 54570
0 1 54572
0 1 54573
0 1 54574
0 1 54578
0 1 54580
0 1 54581
0 1 54582
0 1 54583
0 1 54588
0 1 54590
0 1 54591
0 1 54593
0 1 54595
0 1 54596
0 1 54598
0 1 54599
0 1 54601
0 1 54605
0 1 54606
0 1 54608
0 1 54615
0 1 54616
0 1 54620
0 1 54621
0 1 54623
0 1 54627
0 1 54632
0 1 54633
0 1 54634
0 1 54635
0 1 54638
0 1 54640
0 1 54642
0 1 54644
0 1 54646
0 1 54647
0 1 54648
0 1 54650
0 1 54652
0 1 54654
0 1 54655
0 1 54656
0 1 54657
0 1 54658
0 1 54660
0 1 54662
0 1 54663
0 1 54666
0 1 54671
0 1 54672
0 1 54673
0 1 54674
0 1 54675
0 1 54676
0 1 54677
0 1 54679
0 1 54682
0 1 54683
0 1 54688
0 1 54693
0 1 54696
0 1 54697
0 1 54699
0 1 54704
0 1 54706
0 1 54707
0 1 54709
0 1 54710
0 1 54712
0 1 54713
0 1 54714
0 1 54715
0 1 54717
0 1 54718
0 1 54720
0 1 54722
0 1 54723
0 1 54729
0 1 54730
0 1 54731
0 1 54732
0 1 54733
0 1 54734
0 1 54735
0 1 54736
0 1 54737
0 1 54739
0 1 54741
0 1 54742
0 1 54743
0 1 54745
0 1 54746
0 1 54748
0 1 54749
0 1 54750
0 1 54752
0 1 54756
0 1 54757
0 1 54758
0 1 54759
0 1 54760
0 1 54761
0 1 54763
0 1 54770
0 1 54771
0 1 54772
0 1 54774
0 1 54776
0 1 54777
0 1 54778
0 1 54779
0 1 54780
0 1 54783
0 1 54786
0 1 54792
0 1 54794
0 1 54799
0 1 54801
0 1 54806
0 1 54811
0 1 54813
0 1 54815
0 1 54816
0 1 54817
0 1 54818
0 1 54820
0 1 54821
0 1 54824
0 1 54827
0 1 54830
0 1 54831
0 1 54835
0 1 54843
0 1 54844
0 1 54850
0 1 54851
0 1 54852
0 1 54853
0 1 54855
0 1 54856
0 1 54858
0 1 54859
0 1 54862
0 1 54867
0 1 54869
0 1 54870
0 1 54872
0 1 54873
0 1 54874
0 1 54875
0 1 54876
0 1 54878
0 1 54879
0 1 54881
0 1 54885
0 1 54887
0 1 54888
0 1 54889
0 1 54892
0 1 54893
0 1 54894
0 1 54896
0 1 54897
0 1 54900
0 1 54907
0 1 54910
0 1 54911
0 1 54912
0 1 54913
0 1 54914
0 1 54915
0 1 54916
0 1 54919
0 1 54920
0 1 54922
0 1 54924
0 1 54925
0 1 54926
0 1 54927
0 1 54928
0 1 54932
0 1 54933
0 1 54937
0 1 54939
0 1 54940
0 1 54941
0 1 54942
0 1 54948
0 1 54952
0 1 54956
0 1 54958
0 1 54961
0 1 54966
0 1 54967
0 1 54968
0 1 54970
0 1 54971
0 1 54972
0 1 54974
0 1 54975
0 1 54976
0 1 54978
0 1 54979
0 1 54980
0 1 54984
0 1 54986
0 1 54987
0 1 54988
0 1 54989
0 1 54993
0 1 54994
0 1 54995
0 1 54997
0 1 54998
0 1 54999
0 1 55000
0 1 55002
0 1 55006
0 1 55007
0 1 55009
0 1 55011
0 1 55012
0 1 55015
0 1 55018
0 1 55019
0 1 55021
0 1 55022
0 1 55025
0 1 55026
0 1 55027
0 1 55028
0 1 55029
0 1 55032
0 1 55033
0 1 55036
0 1 55037
0 1 55039
0 1 55042
0 1 55043
0 1 55044
0 1 55045
0 1 55046
0 1 55048
0 1 55050
0 1 55053
0 1 55054
0 1 55055
0 1 55057
0 1 55058
0 1 55062
0 1 55065
0 1 55067
0 1 55069
0 1 55073
0 1 55075
0 1 55076
0 1 55078
0 1 55080
0 1 55081
0 1 55084
0 1 55088
0 1 55091
0 1 55092
0 1 55093
0 1 55096
0 1 55097
0 1 55098
0 1 55099
0 1 55101
0 1 55104
0 1 55105
0 1 55107
0 1 55109
0 1 55110
0 1 55116
0 1 55117
0 1 55119
0 1 55120
0 1 55121
0 1 55124
0 1 55125
0 1 55126
0 1 55129
0 1 55130
0 1 55134
0 1 55136
0 1 55137
0 1 55138
0 1 55144
0 1 55145
0 1 55147
0 1 55148
0 1 55149
0 1 55151
0 1 55155
0 1 55156
0 1 55159
0 1 55165
0 1 55167
0 1 55169
0 1 55175
0 1 55177
0 1 55178
0 1 55180
0 1 55181
0 1 55183
0 1 55184
0 1 55185
0 1 55186
0 1 55187
0 1 55188
0 1 55190
0 1 55192
0 1 55193
0 1 55194
0 1 55195
0 1 55199
0 1 55200
0 1 55203
0 1 55204
0 1 55205
0 1 55207
0 1 55211
0 1 55212
0 1 55214
0 1 55218
0 1 55221
0 1 55222
0 1 55226
0 1 55227
0 1 55228
0 1 55229
0 1 55230
0 1 55237
0 1 55238
0 1 55243
0 1 55244
0 1 55245
0 1 55246
0 1 55247
0 1 55248
0 1 55255
0 1 55257
0 1 55258
0 1 55260
0 1 55261
0 1 55262
0 1 55267
0 1 55268
0 1 55269
0 1 55272
0 1 55273
0 1 55274
0 1 55275
0 1 55281
0 1 55282
0 1 55284
0 1 55286
0 1 55287
0 1 55293
0 1 55294
0 1 55298
0 1 55299
0 1 55304
0 1 55305
0 1 55309
0 1 55312
0 1 55313
0 1 55316
0 1 55319
0 1 55320
0 1 55322
0 1 55323
0 1 55327
0 1 55329
0 1 55330
0 1 55333
0 1 55334
0 1 55338
0 1 55339
0 1 55343
0 1 55344
0 1 55351
0 1 55354
0 1 55355
0 1 55356
0 1 55357
0 1 55358
0 1 55359
0 1 55361
0 1 55362
0 1 55363
0 1 55364
0 1 55365
0 1 55366
0 1 55367
0 1 55368
0 1 55371
0 1 55372
0 1 55373
0 1 55376
0 1 55377
0 1 55378
0 1 55380
0 1 55381
0 1 55382
0 1 55383
0 1 55385
0 1 55386
0 1 55387
0 1 55389
0 1 55390
0 1 55392
0 1 55393
0 1 55394
0 1 55397
0 1 55400
0 1 55401
0 1 55402
0 1 55404
0 1 55407
0 1 55409
0 1 55410
0 1 55412
0 1 55413
0 1 55414
0 1 55416
0 1 55417
0 1 55418
0 1 55419
0 1 55420
0 1 55422
0 1 55424
0 1 55426
0 1 55427
0 1 55428
0 1 55429
0 1 55432
0 1 55433
0 1 55437
0 1 55438
0 1 55440
0 1 55443
0 1 55445
0 1 55446
0 1 55447
0 1 55448
0 1 55449
0 1 55450
0 1 55453
0 1 55454
0 1 55457
0 1 55459
0 1 55461
0 1 55462
0 1 55464
0 1 55469
0 1 55471
0 1 55474
0 1 55475
0 1 55477
0 1 55478
0 1 55479
0 1 55481
0 1 55483
0 1 55484
0 1 55486
0 1 55487
0 1 55491
0 1 55492
0 1 55493
0 1 55494
0 1 55496
0 1 55498
0 1 55499
0 1 55501
0 1 55502
0 1 55503
0 1 55504
0 1 55506
0 1 55507
0 1 55510
0 1 55511
0 1 55514
0 1 55517
0 1 55520
0 1 55524
0 1 55525
0 1 55527
0 1 55528
0 1 55529
0 1 55531
0 1 55536
0 1 55538
0 1 55539
0 1 55540
0 1 55542
0 1 55543
0 1 55545
0 1 55547
0 1 55548
0 1 55549
0 1 55550
0 1 55558
0 1 55559
0 1 55560
0 1 55561
0 1 55562
0 1 55563
0 1 55565
0 1 55566
0 1 55567
0 1 55568
0 1 55570
0 1 55572
0 1 55574
0 1 55576
0 1 55581
0 1 55583
0 1 55591
0 1 55594
0 1 55595
0 1 55598
0 1 55599
0 1 55600
0 1 55605
0 1 55606
0 1 55607
0 1 55609
0 1 55611
0 1 55614
0 1 55615
0 1 55616
0 1 55617
0 1 55618
0 1 55620
0 1 55621
0 1 55623
0 1 55624
0 1 55625
0 1 55627
0 1 55629
0 1 55630
0 1 55632
0 1 55633
0 1 55634
0 1 55636
0 1 55637
0 1 55642
0 1 55644
0 1 55648
0 1 55652
0 1 55653
0 1 55654
0 1 55656
0 1 55658
0 1 55659
0 1 55660
0 1 55661
0 1 55664
0 1 55665
0 1 55666
0 1 55667
0 1 55672
0 1 55673
0 1 55674
0 1 55677
0 1 55679
0 1 55680
0 1 55685
0 1 55686
0 1 55688
0 1 55689
0 1 55693
0 1 55694
0 1 55695
0 1 55696
0 1 55699
0 1 55701
0 1 55703
0 1 55704
0 1 55708
0 1 55709
0 1 55711
0 1 55713
0 1 55715
0 1 55718
0 1 55719
0 1 55720
0 1 55722
0 1 55723
0 1 55724
0 1 55727
0 1 55735
0 1 55737
0 1 55738
0 1 55740
0 1 55742
0 1 55743
0 1 55744
0 1 55745
0 1 55747
0 1 55749
0 1 55750
0 1 55751
0 1 55752
0 1 55753
0 1 55756
0 1 55763
0 1 55765
0 1 55767
0 1 55768
0 1 55771
0 1 55774
0 1 55775
0 1 55778
0 1 55780
0 1 55781
0 1 55782
0 1 55784
0 1 55785
0 1 55786
0 1 55787
0 1 55788
0 1 55789
0 1 55790
0 1 55795
0 1 55800
0 1 55801
0 1 55802
0 1 55803
0 1 55805
0 1 55810
0 1 55815
0 1 55816
0 1 55817
0 1 55820
0 1 55821
0 1 55824
0 1 55825
0 1 55826
0 1 55828
0 1 55829
0 1 55831
0 1 55832
0 1 55833
0 1 55834
0 1 55835
0 1 55836
0 1 55841
0 1 55842
0 1 55843
0 1 55844
0 1 55845
0 1 55850
0 1 55854
0 1 55855
0 1 55856
0 1 55857
0 1 55858
0 1 55860
0 1 55861
0 1 55867
0 1 55869
0 1 55870
0 1 55873
0 1 55874
0 1 55877
0 1 55883
0 1 55884
0 1 55886
0 1 55888
0 1 55889
0 1 55892
0 1 55894
0 1 55896
0 1 55897
0 1 55901
0 1 55905
0 1 55906
0 1 55907
0 1 55910
0 1 55911
0 1 55912
0 1 55913
0 1 55914
0 1 55919
0 1 55921
0 1 55922
0 1 55923
0 1 55931
0 1 55933
0 1 55934
0 1 55935
0 1 55938
0 1 55942
0 1 55943
0 1 55948
0 1 55949
0 1 55950
0 1 55953
0 1 55954
0 1 55958
0 1 55961
0 1 55962
0 1 55967
0 1 55968
0 1 55971
0 1 55973
0 1 55974
0 1 55976
0 1 55978
0 1 55979
0 1 55980
0 1 55981
0 1 55982
0 1 55984
0 1 55985
0 1 55987
0 1 55988
0 1 55989
0 1 55990
0 1 55991
0 1 55993
0 1 55994
0 1 55998
0 1 55999
0 1 56000
0 1 56001
0 1 56002
0 1 56004
0 1 56007
0 1 56009
0 1 56012
0 1 56013
0 1 56015
0 1 56017
0 1 56020
0 1 56021
0 1 56022
0 1 56026
0 1 56028
0 1 56029
0 1 56030
0 1 56031
0 1 56032
0 1 56033
0 1 56034
0 1 56042
0 1 56043
0 1 56044
0 1 56047
0 1 56048
0 1 56049
0 1 56050
0 1 56054
0 1 56057
0 1 56059
0 1 56061
0 1 56062
0 1 56064
0 1 56065
0 1 56067
0 1 56069
0 1 56070
0 1 56071
0 1 56080
0 1 56083
0 1 56084
0 1 56085
0 1 56086
0 1 56087
0 1 56090
0 1 56092
0 1 56094
0 1 56096
0 1 56097
0 1 56098
0 1 56100
0 1 56102
0 1 56104
0 1 56105
0 1 56109
0 1 56110
0 1 56114
0 1 56115
0 1 56116
0 1 56118
0 1 56120
0 1 56122
0 1 56123
0 1 56125
0 1 56128
0 1 56131
0 1 56135
0 1 56139
0 1 56140
0 1 56144
0 1 56145
0 1 56146
0 1 56150
0 1 56152
0 1 56153
0 1 56154
0 1 56155
0 1 56158
0 1 56159
0 1 56161
0 1 56162
0 1 56163
0 1 56165
0 1 56168
0 1 56169
0 1 56170
0 1 56175
0 1 56178
0 1 56180
0 1 56185
0 1 56187
0 1 56189
0 1 56190
0 1 56192
0 1 56194
0 1 56195
0 1 56196
0 1 56199
0 1 56200
0 1 56202
0 1 56203
0 1 56204
0 1 56206
0 1 56210
0 1 56214
0 1 56215
0 1 56216
0 1 56218
0 1 56220
0 1 56224
0 1 56227
0 1 56228
0 1 56229
0 1 56233
0 1 56234
0 1 56235
0 1 56240
0 1 56241
0 1 56243
0 1 56244
0 1 56246
0 1 56251
0 1 56252
0 1 56254
0 1 56256
0 1 56257
0 1 56258
0 1 56260
0 1 56261
0 1 56265
0 1 56266
0 1 56267
0 1 56268
0 1 56269
0 1 56270
0 1 56278
0 1 56281
0 1 56282
0 1 56285
0 1 56286
0 1 56289
0 1 56290
0 1 56292
0 1 56293
0 1 56294
0 1 56299
0 1 56300
0 1 56303
0 1 56307
0 1 56308
0 1 56309
0 1 56310
0 1 56312
0 1 56314
0 1 56316
0 1 56317
0 1 56324
0 1 56326
0 1 56327
0 1 56328
0 1 56330
0 1 56331
0 1 56332
0 1 56333
0 1 56334
0 1 56336
0 1 56337
0 1 56343
0 1 56352
0 1 56353
0 1 56354
0 1 56356
0 1 56358
0 1 56367
0 1 56371
0 1 56372
0 1 56374
0 1 56375
0 1 56378
0 1 56380
0 1 56381
0 1 56382
0 1 56383
0 1 56385
0 1 56386
0 1 56392
0 1 56397
0 1 56398
0 1 56401
0 1 56402
0 1 56404
0 1 56405
0 1 56406
0 1 56409
0 1 56412
0 1 56413
0 1 56415
0 1 56416
0 1 56418
0 1 56422
0 1 56426
0 1 56427
0 1 56428
0 1 56433
0 1 56436
0 1 56437
0 1 56438
0 1 56439
0 1 56442
0 1 56444
0 1 56446
0 1 56447
0 1 56454
0 1 56455
0 1 56459
0 1 56460
0 1 56462
0 1 56464
0 1 56465
0 1 56466
0 1 56470
0 1 56472
0 1 56473
0 1 56477
0 1 56478
0 1 56483
0 1 56485
0 1 56490
0 1 56495
0 1 56496
0 1 56497
0 1 56500
0 1 56501
0 1 56503
0 1 56505
0 1 56507
0 1 56513
0 1 56514
0 1 56516
0 1 56518
0 1 56519
0 1 56521
0 1 56522
0 1 56523
0 1 56525
0 1 56526
0 1 56527
0 1 56529
0 1 56531
0 1 56532
0 1 56535
0 1 56538
0 1 56539
0 1 56540
0 1 56542
0 1 56548
0 1 56550
0 1 56551
0 1 56554
0 1 56556
0 1 56560
0 1 56565
0 1 56566
0 1 56567
0 1 56568
0 1 56569
0 1 56573
0 1 56574
0 1 56575
0 1 56578
0 1 56579
0 1 56581
0 1 56583
0 1 56584
0 1 56586
0 1 56588
0 1 56594
0 1 56597
0 1 56598
0 1 56599
0 1 56600
0 1 56604
0 1 56607
0 1 56613
0 1 56614
0 1 56616
0 1 56621
0 1 56622
0 1 56625
0 1 56627
0 1 56629
0 1 56630
0 1 56631
0 1 56632
0 1 56637
0 1 56639
0 1 56640
0 1 56643
0 1 56648
0 1 56654
0 1 56656
0 1 56658
0 1 56659
0 1 56663
0 1 56664
0 1 56666
0 1 56667
0 1 56668
0 1 56671
0 1 56672
0 1 56674
0 1 56677
0 1 56679
0 1 56681
0 1 56683
0 1 56685
0 1 56686
0 1 56688
0 1 56689
0 1 56690
0 1 56692
0 1 56694
0 1 56695
0 1 56696
0 1 56697
0 1 56699
0 1 56700
0 1 56701
0 1 56702
0 1 56704
0 1 56706
0 1 56707
0 1 56708
0 1 56710
0 1 56711
0 1 56712
0 1 56713
0 1 56720
0 1 56723
0 1 56724
0 1 56725
0 1 56726
0 1 56727
0 1 56729
0 1 56736
0 1 56738
0 1 56742
0 1 56743
0 1 56744
0 1 56745
0 1 56746
0 1 56747
0 1 56750
0 1 56751
0 1 56752
0 1 56753
0 1 56755
0 1 56756
0 1 56758
0 1 56759
0 1 56760
0 1 56761
0 1 56763
0 1 56764
0 1 56766
0 1 56767
0 1 56768
0 1 56771
0 1 56773
0 1 56774
0 1 56776
0 1 56777
0 1 56779
0 1 56780
0 1 56783
0 1 56784
0 1 56786
0 1 56790
0 1 56791
0 1 56792
0 1 56795
0 1 56796
0 1 56802
0 1 56803
0 1 56804
0 1 56805
0 1 56806
0 1 56808
0 1 56809
0 1 56810
0 1 56812
0 1 56813
0 1 56814
0 1 56816
0 1 56817
0 1 56819
0 1 56820
0 1 56821
0 1 56824
0 1 56828
0 1 56829
0 1 56831
0 1 56836
0 1 56838
0 1 56839
0 1 56840
0 1 56841
0 1 56844
0 1 56846
0 1 56847
0 1 56849
0 1 56852
0 1 56855
0 1 56856
0 1 56858
0 1 56859
0 1 56860
0 1 56862
0 1 56864
0 1 56865
0 1 56866
0 1 56867
0 1 56869
0 1 56870
0 1 56872
0 1 56873
0 1 56881
0 1 56882
0 1 56884
0 1 56885
0 1 56887
0 1 56888
0 1 56890
0 1 56892
0 1 56902
0 1 56903
0 1 56906
0 1 56907
0 1 56910
0 1 56911
0 1 56912
0 1 56913
0 1 56914
0 1 56915
0 1 56916
0 1 56917
0 1 56918
0 1 56919
0 1 56921
0 1 56922
0 1 56926
0 1 56927
0 1 56928
0 1 56930
0 1 56931
0 1 56932
0 1 56934
0 1 56944
0 1 56945
0 1 56949
0 1 56950
0 1 56951
0 1 56955
0 1 56958
0 1 56959
0 1 56962
0 1 56965
0 1 56967
0 1 56970
0 1 56971
0 1 56972
0 1 56975
0 1 56976
0 1 56978
0 1 56980
0 1 56981
0 1 56983
0 1 56991
0 1 56994
0 1 56995
0 1 56999
0 1 57000
0 1 57001
0 1 57002
0 1 57003
0 1 57005
0 1 57009
0 1 57010
0 1 57011
0 1 57016
0 1 57020
0 1 57024
0 1 57025
0 1 57028
0 1 57029
0 1 57030
0 1 57033
0 1 57035
0 1 57036
0 1 57039
0 1 57041
0 1 57042
0 1 57043
0 1 57048
0 1 57054
0 1 57056
0 1 57057
0 1 57061
0 1 57065
0 1 57066
0 1 57068
0 1 57070
0 1 57072
0 1 57073
0 1 57076
0 1 57077
0 1 57078
0 1 57079
0 1 57081
0 1 57083
0 1 57084
0 1 57085
0 1 57086
0 1 57087
0 1 57088
0 1 57089
0 1 57092
0 1 57093
0 1 57094
0 1 57095
0 1 57096
0 1 57100
0 1 57101
0 1 57102
0 1 57103
0 1 57104
0 1 57105
0 1 57108
0 1 57109
0 1 57110
0 1 57115
0 1 57117
0 1 57118
0 1 57119
0 1 57125
0 1 57126
0 1 57129
0 1 57130
0 1 57132
0 1 57134
0 1 57135
0 1 57138
0 1 57140
0 1 57143
0 1 57145
0 1 57146
0 1 57147
0 1 57148
0 1 57151
0 1 57152
0 1 57155
0 1 57160
0 1 57162
0 1 57163
0 1 57165
0 1 57166
0 1 57168
0 1 57169
0 1 57170
0 1 57173
0 1 57174
0 1 57175
0 1 57176
0 1 57180
0 1 57184
0 1 57185
0 1 57186
0 1 57189
0 1 57192
0 1 57195
0 1 57197
0 1 57198
0 1 57200
0 1 57201
0 1 57206
0 1 57209
0 1 57212
0 1 57215
0 1 57219
0 1 57220
0 1 57225
0 1 57226
0 1 57228
0 1 57229
0 1 57232
0 1 57236
0 1 57238
0 1 57241
0 1 57242
0 1 57244
0 1 57247
0 1 57248
0 1 57251
0 1 57253
0 1 57255
0 1 57258
0 1 57260
0 1 57262
0 1 57265
0 1 57266
0 1 57267
0 1 57273
0 1 57274
0 1 57275
0 1 57276
0 1 57277
0 1 57278
0 1 57279
0 1 57280
0 1 57281
0 1 57282
0 1 57283
0 1 57284
0 1 57285
0 1 57287
0 1 57288
0 1 57289
0 1 57290
0 1 57291
0 1 57293
0 1 57294
0 1 57295
0 1 57296
0 1 57298
0 1 57300
0 1 57303
0 1 57306
0 1 57308
0 1 57309
0 1 57310
0 1 57313
0 1 57316
0 1 57317
0 1 57320
0 1 57323
0 1 57325
0 1 57327
0 1 57328
0 1 57331
0 1 57333
0 1 57335
0 1 57336
0 1 57340
0 1 57342
0 1 57343
0 1 57345
0 1 57347
0 1 57350
0 1 57351
0 1 57352
0 1 57353
0 1 57356
0 1 57357
0 1 57358
0 1 57359
0 1 57363
0 1 57364
0 1 57365
0 1 57366
0 1 57368
0 1 57371
0 1 57373
0 1 57376
0 1 57379
0 1 57383
0 1 57384
0 1 57385
0 1 57387
0 1 57389
0 1 57393
0 1 57398
0 1 57399
0 1 57401
0 1 57404
0 1 57405
0 1 57407
0 1 57408
0 1 57409
0 1 57410
0 1 57411
0 1 57412
0 1 57414
0 1 57415
0 1 57416
0 1 57417
0 1 57418
0 1 57422
0 1 57425
0 1 57431
0 1 57432
0 1 57433
0 1 57434
0 1 57437
0 1 57438
0 1 57442
0 1 57443
0 1 57445
0 1 57446
0 1 57447
0 1 57449
0 1 57451
0 1 57453
0 1 57454
0 1 57456
0 1 57459
0 1 57461
0 1 57465
0 1 57467
0 1 57469
0 1 57473
0 1 57474
0 1 57476
0 1 57477
0 1 57478
0 1 57479
0 1 57480
0 1 57483
0 1 57485
0 1 57486
0 1 57489
0 1 57491
0 1 57494
0 1 57495
0 1 57497
0 1 57498
0 1 57500
0 1 57507
0 1 57509
0 1 57510
0 1 57512
0 1 57513
0 1 57514
0 1 57515
0 1 57518
0 1 57519
0 1 57520
0 1 57521
0 1 57525
0 1 57527
0 1 57530
0 1 57531
0 1 57532
0 1 57533
0 1 57535
0 1 57536
0 1 57541
0 1 57542
0 1 57545
0 1 57548
0 1 57554
0 1 57555
0 1 57559
0 1 57560
0 1 57565
0 1 57566
0 1 57567
0 1 57568
0 1 57569
0 1 57573
0 1 57574
0 1 57575
0 1 57577
0 1 57578
0 1 57586
0 1 57589
0 1 57591
0 1 57593
0 1 57594
0 1 57595
0 1 57596
0 1 57597
0 1 57598
0 1 57599
0 1 57600
0 1 57602
0 1 57603
0 1 57605
0 1 57608
0 1 57609
0 1 57610
0 1 57611
0 1 57613
0 1 57617
0 1 57618
0 1 57619
0 1 57620
0 1 57626
0 1 57630
0 1 57635
0 1 57637
0 1 57638
0 1 57640
0 1 57641
0 1 57642
0 1 57643
0 1 57644
0 1 57645
0 1 57646
0 1 57648
0 1 57649
0 1 57650
0 1 57652
0 1 57658
0 1 57660
0 1 57661
0 1 57664
0 1 57666
0 1 57667
0 1 57669
0 1 57671
0 1 57672
0 1 57674
0 1 57676
0 1 57677
0 1 57678
0 1 57680
0 1 57682
0 1 57683
0 1 57684
0 1 57688
0 1 57689
0 1 57690
0 1 57691
0 1 57695
0 1 57698
0 1 57699
0 1 57701
0 1 57702
0 1 57705
0 1 57711
0 1 57717
0 1 57718
0 1 57721
0 1 57722
0 1 57726
0 1 57728
0 1 57729
0 1 57730
0 1 57732
0 1 57735
0 1 57736
0 1 57737
0 1 57738
0 1 57739
0 1 57740
0 1 57742
0 1 57743
0 1 57744
0 1 57745
0 1 57746
0 1 57748
0 1 57752
0 1 57757
0 1 57758
0 1 57759
0 1 57762
0 1 57763
0 1 57765
0 1 57768
0 1 57770
0 1 57774
0 1 57775
0 1 57776
0 1 57778
0 1 57779
0 1 57780
0 1 57781
0 1 57784
0 1 57790
0 1 57791
0 1 57793
0 1 57802
0 1 57804
0 1 57805
0 1 57807
0 1 57808
0 1 57809
0 1 57810
0 1 57811
0 1 57812
0 1 57815
0 1 57816
0 1 57818
0 1 57819
0 1 57820
0 1 57821
0 1 57824
0 1 57826
0 1 57828
0 1 57831
0 1 57832
0 1 57833
0 1 57835
0 1 57838
0 1 57839
0 1 57840
0 1 57842
0 1 57844
0 1 57846
0 1 57848
0 1 57851
0 1 57852
0 1 57857
0 1 57860
0 1 57863
0 1 57864
0 1 57865
0 1 57867
0 1 57869
0 1 57871
0 1 57872
0 1 57874
0 1 57876
0 1 57878
0 1 57884
0 1 57888
0 1 57889
0 1 57891
0 1 57892
0 1 57893
0 1 57896
0 1 57898
0 1 57902
0 1 57903
0 1 57904
0 1 57906
0 1 57909
0 1 57910
0 1 57916
0 1 57917
0 1 57918
0 1 57919
0 1 57921
0 1 57922
0 1 57923
0 1 57924
0 1 57925
0 1 57926
0 1 57927
0 1 57928
0 1 57929
0 1 57931
0 1 57936
0 1 57939
0 1 57941
0 1 57942
0 1 57943
0 1 57944
0 1 57947
0 1 57948
0 1 57951
0 1 57954
0 1 57955
0 1 57959
0 1 57962
0 1 57965
0 1 57966
0 1 57967
0 1 57970
0 1 57971
0 1 57972
0 1 57974
0 1 57976
0 1 57979
0 1 57982
0 1 57983
0 1 57984
0 1 57985
0 1 57987
0 1 57989
0 1 57990
0 1 57993
0 1 57996
0 1 57997
0 1 57999
0 1 58006
0 1 58007
0 1 58011
0 1 58012
0 1 58013
0 1 58015
0 1 58016
0 1 58017
0 1 58022
0 1 58027
0 1 58029
0 1 58030
0 1 58031
0 1 58033
0 1 58034
0 1 58035
0 1 58036
0 1 58038
0 1 58040
0 1 58042
0 1 58044
0 1 58045
0 1 58047
0 1 58054
0 1 58056
0 1 58058
0 1 58059
0 1 58060
0 1 58064
0 1 58066
0 1 58068
0 1 58075
0 1 58077
0 1 58079
0 1 58081
0 1 58082
0 1 58083
0 1 58084
0 1 58085
0 1 58086
0 1 58087
0 1 58090
0 1 58092
0 1 58093
0 1 58094
0 1 58098
0 1 58104
0 1 58105
0 1 58107
0 1 58109
0 1 58110
0 1 58111
0 1 58112
0 1 58113
0 1 58114
0 1 58116
0 1 58117
0 1 58118
0 1 58122
0 1 58130
0 1 58131
0 1 58133
0 1 58134
0 1 58141
0 1 58145
0 1 58146
0 1 58147
0 1 58148
0 1 58149
0 1 58150
0 1 58156
0 1 58158
0 1 58159
0 1 58161
0 1 58163
0 1 58167
0 1 58168
0 1 58170
0 1 58171
0 1 58172
0 1 58175
0 1 58177
0 1 58178
0 1 58180
0 1 58182
0 1 58184
0 1 58185
0 1 58189
0 1 58190
0 1 58192
0 1 58196
0 1 58198
0 1 58203
0 1 58204
0 1 58205
0 1 58211
0 1 58212
0 1 58213
0 1 58214
0 1 58216
0 1 58217
0 1 58219
0 1 58223
0 1 58224
0 1 58225
0 1 58227
0 1 58228
0 1 58231
0 1 58233
0 1 58234
0 1 58235
0 1 58236
0 1 58238
0 1 58241
0 1 58243
0 1 58244
0 1 58245
0 1 58248
0 1 58251
0 1 58255
0 1 58264
0 1 58266
0 1 58268
0 1 58270
0 1 58275
0 1 58276
0 1 58277
0 1 58278
0 1 58279
0 1 58280
0 1 58282
0 1 58283
0 1 58289
0 1 58291
0 1 58293
0 1 58294
0 1 58295
0 1 58296
0 1 58299
0 1 58301
0 1 58304
0 1 58306
0 1 58307
0 1 58316
0 1 58317
0 1 58318
0 1 58319
0 1 58324
0 1 58325
0 1 58329
0 1 58331
0 1 58333
0 1 58335
0 1 58337
0 1 58340
0 1 58342
0 1 58344
0 1 58350
0 1 58351
0 1 58352
0 1 58355
0 1 58357
0 1 58358
0 1 58360
0 1 58362
0 1 58363
0 1 58364
0 1 58365
0 1 58376
0 1 58377
0 1 58380
0 1 58381
0 1 58382
0 1 58384
0 1 58385
0 1 58387
0 1 58388
0 1 58391
0 1 58394
0 1 58396
0 1 58399
0 1 58400
0 1 58401
0 1 58405
0 1 58406
0 1 58408
0 1 58409
0 1 58410
0 1 58411
0 1 58412
0 1 58416
0 1 58417
0 1 58419
0 1 58420
0 1 58421
0 1 58422
0 1 58424
0 1 58426
0 1 58429
0 1 58430
0 1 58431
0 1 58436
0 1 58437
0 1 58438
0 1 58440
0 1 58441
0 1 58443
0 1 58444
0 1 58445
0 1 58446
0 1 58447
0 1 58452
0 1 58455
0 1 58456
0 1 58457
0 1 58459
0 1 58460
0 1 58461
0 1 58463
0 1 58464
0 1 58467
0 1 58469
0 1 58470
0 1 58473
0 1 58475
0 1 58481
0 1 58484
0 1 58487
0 1 58489
0 1 58490
0 1 58492
0 1 58493
0 1 58494
0 1 58495
0 1 58501
0 1 58502
0 1 58503
0 1 58504
0 1 58505
0 1 58507
0 1 58508
0 1 58509
0 1 58514
0 1 58517
0 1 58518
0 1 58519
0 1 58521
0 1 58522
0 1 58523
0 1 58524
0 1 58525
0 1 58526
0 1 58527
0 1 58530
0 1 58533
0 1 58534
0 1 58535
0 1 58541
0 1 58542
0 1 58545
0 1 58547
0 1 58548
0 1 58549
0 1 58552
0 1 58553
0 1 58554
0 1 58555
0 1 58556
0 1 58557
0 1 58560
0 1 58561
0 1 58563
0 1 58565
0 1 58566
0 1 58567
0 1 58568
0 1 58571
0 1 58572
0 1 58573
0 1 58576
0 1 58577
0 1 58578
0 1 58579
0 1 58580
0 1 58581
0 1 58582
0 1 58583
0 1 58584
0 1 58585
0 1 58586
0 1 58587
0 1 58596
0 1 58597
0 1 58598
0 1 58599
0 1 58600
0 1 58601
0 1 58604
0 1 58605
0 1 58606
0 1 58607
0 1 58609
0 1 58610
0 1 58613
0 1 58616
0 1 58617
0 1 58619
0 1 58622
0 1 58624
0 1 58626
0 1 58627
0 1 58629
0 1 58631
0 1 58634
0 1 58635
0 1 58636
0 1 58637
0 1 58638
0 1 58639
0 1 58640
0 1 58641
0 1 58642
0 1 58645
0 1 58648
0 1 58649
0 1 58650
0 1 58653
0 1 58655
0 1 58656
0 1 58658
0 1 58660
0 1 58661
0 1 58663
0 1 58664
0 1 58665
0 1 58666
0 1 58667
0 1 58669
0 1 58671
0 1 58674
0 1 58675
0 1 58679
0 1 58680
0 1 58682
0 1 58683
0 1 58684
0 1 58685
0 1 58686
0 1 58691
0 1 58692
0 1 58694
0 1 58695
0 1 58696
0 1 58697
0 1 58701
0 1 58704
0 1 58705
0 1 58707
0 1 58711
0 1 58713
0 1 58714
0 1 58716
0 1 58717
0 1 58718
0 1 58720
0 1 58722
0 1 58726
0 1 58728
0 1 58729
0 1 58730
0 1 58731
0 1 58732
0 1 58733
0 1 58736
0 1 58737
0 1 58739
0 1 58741
0 1 58742
0 1 58743
0 1 58745
0 1 58750
0 1 58751
0 1 58752
0 1 58753
0 1 58756
0 1 58758
0 1 58759
0 1 58765
0 1 58768
0 1 58769
0 1 58770
0 1 58771
0 1 58772
0 1 58773
0 1 58774
0 1 58775
0 1 58778
0 1 58780
0 1 58781
0 1 58782
0 1 58784
0 1 58789
0 1 58790
0 1 58792
0 1 58795
0 1 58798
0 1 58801
0 1 58802
0 1 58806
0 1 58807
0 1 58810
0 1 58812
0 1 58814
0 1 58817
0 1 58819
0 1 58822
0 1 58823
0 1 58827
0 1 58828
0 1 58829
0 1 58830
0 1 58831
0 1 58836
0 1 58837
0 1 58838
0 1 58843
0 1 58844
0 1 58848
0 1 58850
0 1 58851
0 1 58852
0 1 58853
0 1 58855
0 1 58857
0 1 58859
0 1 58861
0 1 58862
0 1 58865
0 1 58866
0 1 58867
0 1 58868
0 1 58869
0 1 58872
0 1 58874
0 1 58878
0 1 58881
0 1 58882
0 1 58883
0 1 58884
0 1 58885
0 1 58887
0 1 58888
0 1 58889
0 1 58891
0 1 58893
0 1 58897
0 1 58898
0 1 58902
0 1 58903
0 1 58904
0 1 58905
0 1 58908
0 1 58909
0 1 58911
0 1 58912
0 1 58913
0 1 58914
0 1 58916
0 1 58917
0 1 58918
0 1 58919
0 1 58921
0 1 58925
0 1 58934
0 1 58935
0 1 58939
0 1 58940
0 1 58941
0 1 58942
0 1 58945
0 1 58946
0 1 58947
0 1 58948
0 1 58949
0 1 58951
0 1 58952
0 1 58953
0 1 58956
0 1 58957
0 1 58958
0 1 58961
0 1 58962
0 1 58963
0 1 58964
0 1 58965
0 1 58966
0 1 58967
0 1 58968
0 1 58970
0 1 58972
0 1 58973
0 1 58974
0 1 58975
0 1 58976
0 1 58977
0 1 58978
0 1 58980
0 1 58981
0 1 58982
0 1 58983
0 1 58984
0 1 58986
0 1 58987
0 1 58989
0 1 58990
0 1 58993
0 1 58994
0 1 58997
0 1 58998
0 1 58999
0 1 59003
0 1 59004
0 1 59006
0 1 59008
0 1 59011
0 1 59012
0 1 59014
0 1 59017
0 1 59019
0 1 59021
0 1 59023
0 1 59024
0 1 59025
0 1 59026
0 1 59030
0 1 59031
0 1 59033
0 1 59034
0 1 59036
0 1 59037
0 1 59038
0 1 59039
0 1 59040
0 1 59041
0 1 59043
0 1 59046
0 1 59050
0 1 59053
0 1 59054
0 1 59056
0 1 59058
0 1 59059
0 1 59065
0 1 59069
0 1 59070
0 1 59073
0 1 59074
0 1 59075
0 1 59077
0 1 59078
0 1 59080
0 1 59085
0 1 59086
0 1 59087
0 1 59088
0 1 59091
0 1 59092
0 1 59093
0 1 59096
0 1 59101
0 1 59103
0 1 59105
0 1 59106
0 1 59111
0 1 59114
0 1 59118
0 1 59120
0 1 59122
0 1 59123
0 1 59124
0 1 59127
0 1 59129
0 1 59131
0 1 59132
0 1 59133
0 1 59137
0 1 59139
0 1 59140
0 1 59141
0 1 59144
0 1 59145
0 1 59146
0 1 59148
0 1 59149
0 1 59150
0 1 59151
0 1 59152
0 1 59156
0 1 59157
0 1 59158
0 1 59159
0 1 59161
0 1 59162
0 1 59165
0 1 59167
0 1 59168
0 1 59169
0 1 59171
0 1 59172
0 1 59174
0 1 59176
0 1 59177
0 1 59178
0 1 59183
0 1 59185
0 1 59186
0 1 59187
0 1 59189
0 1 59190
0 1 59193
0 1 59196
0 1 59198
0 1 59200
0 1 59201
0 1 59203
0 1 59206
0 1 59208
0 1 59215
0 1 59217
0 1 59218
0 1 59221
0 1 59222
0 1 59225
0 1 59228
0 1 59229
0 1 59230
0 1 59231
0 1 59232
0 1 59233
0 1 59234
0 1 59235
0 1 59236
0 1 59237
0 1 59239
0 1 59241
0 1 59243
0 1 59246
0 1 59247
0 1 59249
0 1 59251
0 1 59253
0 1 59254
0 1 59256
0 1 59257
0 1 59259
0 1 59260
0 1 59261
0 1 59262
0 1 59265
0 1 59266
0 1 59270
0 1 59275
0 1 59278
0 1 59281
0 1 59283
0 1 59284
0 1 59286
0 1 59287
0 1 59289
0 1 59290
0 1 59293
0 1 59294
0 1 59295
0 1 59296
0 1 59300
0 1 59301
0 1 59302
0 1 59304
0 1 59305
0 1 59311
0 1 59313
0 1 59314
0 1 59315
0 1 59316
0 1 59319
0 1 59320
0 1 59321
0 1 59323
0 1 59325
0 1 59326
0 1 59327
0 1 59328
0 1 59329
0 1 59331
0 1 59334
0 1 59335
0 1 59336
0 1 59338
0 1 59339
0 1 59343
0 1 59345
0 1 59349
0 1 59352
0 1 59353
0 1 59358
0 1 59361
0 1 59362
0 1 59367
0 1 59368
0 1 59371
0 1 59374
0 1 59376
0 1 59378
0 1 59379
0 1 59382
0 1 59383
0 1 59386
0 1 59388
0 1 59390
0 1 59391
0 1 59392
0 1 59394
0 1 59396
0 1 59397
0 1 59399
0 1 59400
0 1 59402
0 1 59403
0 1 59404
0 1 59405
0 1 59407
0 1 59408
0 1 59409
0 1 59411
0 1 59412
0 1 59415
0 1 59420
0 1 59421
0 1 59422
0 1 59424
0 1 59425
0 1 59426
0 1 59428
0 1 59433
0 1 59436
0 1 59438
0 1 59440
0 1 59443
0 1 59444
0 1 59448
0 1 59450
0 1 59451
0 1 59457
0 1 59459
0 1 59461
0 1 59465
0 1 59466
0 1 59467
0 1 59470
0 1 59471
0 1 59472
0 1 59473
0 1 59475
0 1 59476
0 1 59484
0 1 59487
0 1 59488
0 1 59489
0 1 59490
0 1 59491
0 1 59492
0 1 59493
0 1 59494
0 1 59495
0 1 59497
0 1 59499
0 1 59501
0 1 59502
0 1 59503
0 1 59504
0 1 59505
0 1 59506
0 1 59509
0 1 59511
0 1 59514
0 1 59515
0 1 59517
0 1 59519
0 1 59520
0 1 59521
0 1 59522
0 1 59528
0 1 59529
0 1 59531
0 1 59534
0 1 59535
0 1 59537
0 1 59540
0 1 59544
0 1 59545
0 1 59548
0 1 59550
0 1 59552
0 1 59554
0 1 59556
0 1 59559
0 1 59565
0 1 59568
0 1 59569
0 1 59570
0 1 59571
0 1 59573
0 1 59574
0 1 59576
0 1 59578
0 1 59583
0 1 59584
0 1 59587
0 1 59592
0 1 59593
0 1 59596
0 1 59597
0 1 59599
0 1 59601
0 1 59602
0 1 59609
0 1 59612
0 1 59614
0 1 59617
0 1 59618
0 1 59620
0 1 59621
0 1 59625
0 1 59626
0 1 59628
0 1 59629
0 1 59631
0 1 59634
0 1 59635
0 1 59636
0 1 59643
0 1 59645
0 1 59648
0 1 59649
0 1 59651
0 1 59652
0 1 59653
0 1 59655
0 1 59658
0 1 59659
0 1 59661
0 1 59662
0 1 59663
0 1 59664
0 1 59665
0 1 59666
0 1 59667
0 1 59669
0 1 59670
0 1 59671
0 1 59677
0 1 59678
0 1 59679
0 1 59680
0 1 59681
0 1 59682
0 1 59684
0 1 59687
0 1 59690
0 1 59691
0 1 59692
0 1 59693
0 1 59697
0 1 59698
0 1 59699
0 1 59700
0 1 59702
0 1 59703
0 1 59704
0 1 59706
0 1 59708
0 1 59710
0 1 59711
0 1 59713
0 1 59714
0 1 59715
0 1 59716
0 1 59717
0 1 59719
0 1 59721
0 1 59722
0 1 59723
0 1 59724
0 1 59727
0 1 59728
0 1 59729
0 1 59730
0 1 59731
0 1 59732
0 1 59734
0 1 59743
0 1 59744
0 1 59746
0 1 59748
0 1 59749
0 1 59751
0 1 59758
0 1 59759
0 1 59761
0 1 59764
0 1 59766
0 1 59768
0 1 59774
0 1 59775
0 1 59776
0 1 59778
0 1 59779
0 1 59782
0 1 59786
0 1 59788
0 1 59789
0 1 59790
0 1 59792
0 1 59793
0 1 59795
0 1 59796
0 1 59799
0 1 59804
0 1 59807
0 1 59809
0 1 59812
0 1 59813
0 1 59815
0 1 59816
0 1 59819
0 1 59820
0 1 59821
0 1 59826
0 1 59827
0 1 59829
0 1 59830
0 1 59831
0 1 59832
0 1 59834
0 1 59835
0 1 59836
0 1 59837
0 1 59840
0 1 59844
0 1 59846
0 1 59847
0 1 59848
0 1 59849
0 1 59853
0 1 59855
0 1 59856
0 1 59857
0 1 59858
0 1 59859
0 1 59860
0 1 59863
0 1 59865
0 1 59866
0 1 59869
0 1 59870
0 1 59871
0 1 59872
0 1 59874
0 1 59875
0 1 59877
0 1 59880
0 1 59885
0 1 59886
0 1 59887
0 1 59890
0 1 59893
0 1 59894
0 1 59898
0 1 59902
0 1 59903
0 1 59906
0 1 59907
0 1 59909
0 1 59910
0 1 59913
0 1 59914
0 1 59915
0 1 59917
0 1 59918
0 1 59919
0 1 59920
0 1 59921
0 1 59923
0 1 59926
0 1 59929
0 1 59932
0 1 59933
0 1 59935
0 1 59936
0 1 59937
0 1 59938
0 1 59939
0 1 59940
0 1 59941
0 1 59943
0 1 59944
0 1 59947
0 1 59949
0 1 59951
0 1 59953
0 1 59954
0 1 59955
0 1 59956
0 1 59958
0 1 59959
0 1 59960
0 1 59962
0 1 59963
0 1 59965
0 1 59971
0 1 59972
0 1 59973
0 1 59982
0 1 59983
0 1 59985
0 1 59989
0 1 59990
0 1 59991
0 1 59993
0 1 59994
0 1 59995
0 1 60000
0 1 60003
0 1 60005
0 1 60006
0 1 60008
0 1 60012
0 1 60013
0 1 60014
0 1 60016
0 1 60017
0 1 60018
0 1 60019
0 1 60021
0 1 60022
0 1 60025
0 1 60026
0 1 60027
0 1 60030
0 1 60031
0 1 60036
0 1 60037
0 1 60038
0 1 60041
0 1 60043
0 1 60044
0 1 60045
0 1 60046
0 1 60051
0 1 60052
0 1 60054
0 1 60056
0 1 60057
0 1 60059
0 1 60062
0 1 60063
0 1 60064
0 1 60067
0 1 60068
0 1 60071
0 1 60072
0 1 60075
0 1 60076
0 1 60079
0 1 60082
0 1 60085
0 1 60086
0 1 60087
0 1 60091
0 1 60092
0 1 60094
0 1 60095
0 1 60096
0 1 60097
0 1 60098
0 1 60099
0 1 60101
0 1 60102
0 1 60105
0 1 60106
0 1 60109
0 1 60110
0 1 60115
0 1 60116
0 1 60119
0 1 60121
0 1 60122
0 1 60124
0 1 60125
0 1 60127
0 1 60128
0 1 60130
0 1 60131
0 1 60135
0 1 60136
0 1 60139
0 1 60142
0 1 60143
0 1 60144
0 1 60145
0 1 60148
0 1 60149
0 1 60153
0 1 60155
0 1 60157
0 1 60158
0 1 60159
0 1 60160
0 1 60161
0 1 60169
0 1 60171
0 1 60172
0 1 60176
0 1 60177
0 1 60178
0 1 60180
0 1 60184
0 1 60186
0 1 60188
0 1 60189
0 1 60193
0 1 60195
0 1 60201
0 1 60203
0 1 60204
0 1 60206
0 1 60208
0 1 60214
0 1 60216
0 1 60217
0 1 60218
0 1 60220
0 1 60221
0 1 60223
0 1 60224
0 1 60225
0 1 60229
0 1 60231
0 1 60246
0 1 60247
0 1 60249
0 1 60250
0 1 60251
0 1 60253
0 1 60254
0 1 60255
0 1 60256
0 1 60259
0 1 60260
0 1 60262
0 1 60269
0 1 60271
0 1 60278
0 1 60280
0 1 60281
0 1 60282
0 1 60285
0 1 60287
0 1 60289
0 1 60290
0 1 60291
0 1 60292
0 1 60294
0 1 60298
0 1 60305
0 1 60306
0 1 60308
0 1 60310
0 1 60311
0 1 60313
0 1 60315
0 1 60317
0 1 60323
0 1 60325
0 1 60326
0 1 60327
0 1 60328
0 1 60332
0 1 60336
0 1 60339
0 1 60343
0 1 60347
0 1 60350
0 1 60351
0 1 60352
0 1 60353
0 1 60354
0 1 60356
0 1 60357
0 1 60367
0 1 60372
0 1 60373
0 1 60374
0 1 60375
0 1 60376
0 1 60380
0 1 60382
0 1 60384
0 1 60386
0 1 60387
0 1 60389
0 1 60390
0 1 60392
0 1 60396
0 1 60397
0 1 60399
0 1 60401
0 1 60403
0 1 60404
0 1 60405
0 1 60406
0 1 60407
0 1 60411
0 1 60414
0 1 60415
0 1 60417
0 1 60420
0 1 60421
0 1 60422
0 1 60423
0 1 60425
0 1 60435
0 1 60436
0 1 60438
0 1 60440
0 1 60442
0 1 60443
0 1 60444
0 1 60447
0 1 60448
0 1 60450
0 1 60451
0 1 60453
0 1 60454
0 1 60455
0 1 60457
0 1 60458
0 1 60459
0 1 60460
0 1 60461
0 1 60462
0 1 60463
0 1 60465
0 1 60466
0 1 60468
0 1 60469
0 1 60470
0 1 60471
0 1 60472
0 1 60475
0 1 60476
0 1 60478
0 1 60482
0 1 60483
0 1 60484
0 1 60485
0 1 60487
0 1 60488
0 1 60489
0 1 60492
0 1 60495
0 1 60498
0 1 60502
0 1 60503
0 1 60504
0 1 60505
0 1 60508
0 1 60510
0 1 60513
0 1 60514
0 1 60516
0 1 60517
0 1 60518
0 1 60523
0 1 60524
0 1 60526
0 1 60528
0 1 60529
0 1 60535
0 1 60536
0 1 60538
0 1 60541
0 1 60543
0 1 60545
0 1 60552
0 1 60553
0 1 60554
0 1 60556
0 1 60557
0 1 60560
0 1 60561
0 1 60562
0 1 60565
0 1 60568
0 1 60569
0 1 60571
0 1 60572
0 1 60574
0 1 60576
0 1 60577
0 1 60578
0 1 60579
0 1 60580
0 1 60581
0 1 60584
0 1 60585
0 1 60586
0 1 60587
0 1 60592
0 1 60595
0 1 60597
0 1 60598
0 1 60600
0 1 60602
0 1 60606
0 1 60607
0 1 60609
0 1 60610
0 1 60611
0 1 60612
0 1 60613
0 1 60616
0 1 60619
0 1 60620
0 1 60621
0 1 60624
0 1 60626
0 1 60627
0 1 60628
0 1 60630
0 1 60631
0 1 60632
0 1 60633
0 1 60635
0 1 60637
0 1 60639
0 1 60641
0 1 60643
0 1 60644
0 1 60645
0 1 60647
0 1 60648
0 1 60649
0 1 60650
0 1 60652
0 1 60654
0 1 60657
0 1 60659
0 1 60660
0 1 60661
0 1 60663
0 1 60665
0 1 60668
0 1 60671
0 1 60673
0 1 60674
0 1 60677
0 1 60679
0 1 60680
0 1 60686
0 1 60687
0 1 60688
0 1 60694
0 1 60697
0 1 60699
0 1 60702
0 1 60706
0 1 60708
0 1 60712
0 1 60713
0 1 60714
0 1 60715
0 1 60719
0 1 60721
0 1 60722
0 1 60723
0 1 60724
0 1 60725
0 1 60727
0 1 60729
0 1 60731
0 1 60736
0 1 60737
0 1 60738
0 1 60741
0 1 60742
0 1 60746
0 1 60747
0 1 60753
0 1 60754
0 1 60756
0 1 60758
0 1 60759
0 1 60760
0 1 60762
0 1 60764
0 1 60767
0 1 60768
0 1 60769
0 1 60770
0 1 60775
0 1 60776
0 1 60779
0 1 60782
0 1 60783
0 1 60788
0 1 60792
0 1 60793
0 1 60794
0 1 60795
0 1 60797
0 1 60798
0 1 60799
0 1 60803
0 1 60804
0 1 60805
0 1 60808
0 1 60809
0 1 60811
0 1 60814
0 1 60815
0 1 60816
0 1 60817
0 1 60818
0 1 60822
0 1 60823
0 1 60824
0 1 60825
0 1 60827
0 1 60829
0 1 60830
0 1 60831
0 1 60832
0 1 60833
0 1 60834
0 1 60836
0 1 60840
0 1 60841
0 1 60842
0 1 60843
0 1 60849
0 1 60851
0 1 60852
0 1 60855
0 1 60857
0 1 60859
0 1 60861
0 1 60862
0 1 60863
0 1 60864
0 1 60865
0 1 60867
0 1 60868
0 1 60870
0 1 60875
0 1 60876
0 1 60877
0 1 60878
0 1 60881
0 1 60882
0 1 60883
0 1 60885
0 1 60886
0 1 60887
0 1 60889
0 1 60892
0 1 60896
0 1 60902
0 1 60905
0 1 60908
0 1 60909
0 1 60910
0 1 60912
0 1 60913
0 1 60915
0 1 60917
0 1 60918
0 1 60919
0 1 60921
0 1 60922
0 1 60923
0 1 60924
0 1 60925
0 1 60926
0 1 60928
0 1 60929
0 1 60930
0 1 60931
0 1 60933
0 1 60935
0 1 60936
0 1 60937
0 1 60940
0 1 60941
0 1 60942
0 1 60943
0 1 60945
0 1 60947
0 1 60949
0 1 60951
0 1 60952
0 1 60953
0 1 60954
0 1 60955
0 1 60956
0 1 60957
0 1 60959
0 1 60962
0 1 60966
0 1 60968
0 1 60970
0 1 60971
0 1 60972
0 1 60974
0 1 60975
0 1 60978
0 1 60984
0 1 60985
0 1 60987
0 1 60988
0 1 60990
0 1 60998
0 1 60999
0 1 61000
0 1 61001
0 1 61003
0 1 61004
0 1 61008
0 1 61012
0 1 61024
0 1 61025
0 1 61034
0 1 61035
0 1 61037
0 1 61045
0 1 61047
0 1 61048
0 1 61052
0 1 61053
0 1 61054
0 1 61055
0 1 61057
0 1 61058
0 1 61060
0 1 61061
0 1 61062
0 1 61064
0 1 61065
0 1 61066
0 1 61067
0 1 61074
0 1 61077
0 1 61078
0 1 61079
0 1 61081
0 1 61084
0 1 61085
0 1 61086
0 1 61087
0 1 61093
0 1 61096
0 1 61101
0 1 61102
0 1 61103
0 1 61105
0 1 61106
0 1 61107
0 1 61108
0 1 61109
0 1 61110
0 1 61111
0 1 61112
0 1 61113
0 1 61114
0 1 61119
0 1 61120
0 1 61123
0 1 61125
0 1 61128
0 1 61131
0 1 61132
0 1 61134
0 1 61135
0 1 61136
0 1 61137
0 1 61138
0 1 61139
0 1 61143
0 1 61144
0 1 61145
0 1 61147
0 1 61149
0 1 61150
0 1 61151
0 1 61153
0 1 61157
0 1 61158
0 1 61160
0 1 61161
0 1 61163
0 1 61164
0 1 61166
0 1 61168
0 1 61170
0 1 61173
0 1 61175
0 1 61181
0 1 61182
0 1 61183
0 1 61184
0 1 61185
0 1 61188
0 1 61189
0 1 61190
0 1 61191
0 1 61192
0 1 61194
0 1 61195
0 1 61199
0 1 61204
0 1 61205
0 1 61206
0 1 61207
0 1 61211
0 1 61214
0 1 61215
0 1 61216
0 1 61219
0 1 61220
0 1 61223
0 1 61233
0 1 61235
0 1 61238
0 1 61244
0 1 61248
0 1 61249
0 1 61253
0 1 61258
0 1 61259
0 1 61261
0 1 61265
0 1 61266
0 1 61269
0 1 61270
0 1 61271
0 1 61275
0 1 61278
0 1 61279
0 1 61282
0 1 61283
0 1 61284
0 1 61285
0 1 61286
0 1 61287
0 1 61288
0 1 61289
0 1 61291
0 1 61293
0 1 61294
0 1 61295
0 1 61296
0 1 61298
0 1 61300
0 1 61303
0 1 61304
0 1 61306
0 1 61308
0 1 61309
0 1 61310
0 1 61313
0 1 61314
0 1 61319
0 1 61320
0 1 61321
0 1 61323
0 1 61324
0 1 61325
0 1 61326
0 1 61328
0 1 61329
0 1 61331
0 1 61334
0 1 61335
0 1 61336
0 1 61337
0 1 61338
0 1 61339
0 1 61341
0 1 61342
0 1 61343
0 1 61344
0 1 61345
0 1 61349
0 1 61350
0 1 61351
0 1 61353
0 1 61356
0 1 61358
0 1 61361
0 1 61366
0 1 61368
0 1 61369
0 1 61372
0 1 61373
0 1 61377
0 1 61378
0 1 61385
0 1 61388
0 1 61389
0 1 61390
0 1 61391
0 1 61393
0 1 61394
0 1 61395
0 1 61397
0 1 61398
0 1 61401
0 1 61402
0 1 61405
0 1 61408
0 1 61409
0 1 61410
0 1 61415
0 1 61416
0 1 61417
0 1 61420
0 1 61423
0 1 61424
0 1 61425
0 1 61427
0 1 61428
0 1 61429
0 1 61430
0 1 61432
0 1 61433
0 1 61437
0 1 61438
0 1 61440
0 1 61442
0 1 61443
0 1 61444
0 1 61446
0 1 61447
0 1 61449
0 1 61452
0 1 61453
0 1 61454
0 1 61456
0 1 61457
0 1 61459
0 1 61460
0 1 61461
0 1 61466
0 1 61469
0 1 61471
0 1 61474
0 1 61475
0 1 61476
0 1 61477
0 1 61478
0 1 61482
0 1 61484
0 1 61485
0 1 61486
0 1 61487
0 1 61489
0 1 61491
0 1 61493
0 1 61494
0 1 61496
0 1 61498
0 1 61500
0 1 61503
0 1 61505
0 1 61506
0 1 61509
0 1 61512
0 1 61513
0 1 61514
0 1 61515
0 1 61516
0 1 61517
0 1 61524
0 1 61526
0 1 61527
0 1 61529
0 1 61531
0 1 61532
0 1 61533
0 1 61535
0 1 61536
0 1 61537
0 1 61538
0 1 61539
0 1 61541
0 1 61545
0 1 61546
0 1 61547
0 1 61551
0 1 61553
0 1 61554
0 1 61555
0 1 61556
0 1 61558
0 1 61560
0 1 61561
0 1 61564
0 1 61565
0 1 61567
0 1 61568
0 1 61569
0 1 61572
0 1 61573
0 1 61575
0 1 61576
0 1 61577
0 1 61578
0 1 61580
0 1 61582
0 1 61583
0 1 61585
0 1 61586
0 1 61587
0 1 61589
0 1 61591
0 1 61594
0 1 61600
0 1 61601
0 1 61602
0 1 61604
0 1 61607
0 1 61609
0 1 61611
0 1 61612
0 1 61615
0 1 61616
0 1 61620
0 1 61621
0 1 61625
0 1 61626
0 1 61631
0 1 61634
0 1 61635
0 1 61642
0 1 61647
0 1 61648
0 1 61650
0 1 61651
0 1 61652
0 1 61653
0 1 61654
0 1 61655
0 1 61658
0 1 61659
0 1 61660
0 1 61661
0 1 61662
0 1 61664
0 1 61668
0 1 61669
0 1 61670
0 1 61672
0 1 61675
0 1 61678
0 1 61681
0 1 61684
0 1 61686
0 1 61688
0 1 61689
0 1 61695
0 1 61696
0 1 61697
0 1 61699
0 1 61702
0 1 61703
0 1 61704
0 1 61706
0 1 61708
0 1 61711
0 1 61716
0 1 61718
0 1 61721
0 1 61722
0 1 61723
0 1 61728
0 1 61729
0 1 61730
0 1 61731
0 1 61732
0 1 61736
0 1 61738
0 1 61740
0 1 61741
0 1 61743
0 1 61747
0 1 61749
0 1 61750
0 1 61751
0 1 61752
0 1 61753
0 1 61754
0 1 61756
0 1 61759
0 1 61761
0 1 61765
0 1 61767
0 1 61768
0 1 61769
0 1 61771
0 1 61774
0 1 61775
0 1 61777
0 1 61779
0 1 61781
0 1 61782
0 1 61783
0 1 61784
0 1 61786
0 1 61787
0 1 61789
0 1 61790
0 1 61791
0 1 61794
0 1 61795
0 1 61800
0 1 61802
0 1 61806
0 1 61807
0 1 61811
0 1 61812
0 1 61818
0 1 61820
0 1 61821
0 1 61822
0 1 61823
0 1 61825
0 1 61826
0 1 61828
0 1 61833
0 1 61834
0 1 61836
0 1 61837
0 1 61839
0 1 61840
0 1 61846
0 1 61847
0 1 61848
0 1 61850
0 1 61855
0 1 61856
0 1 61859
0 1 61863
0 1 61865
0 1 61868
0 1 61869
0 1 61871
0 1 61873
0 1 61875
0 1 61876
0 1 61880
0 1 61881
0 1 61882
0 1 61883
0 1 61887
0 1 61891
0 1 61894
0 1 61896
0 1 61900
0 1 61903
0 1 61906
0 1 61907
0 1 61908
0 1 61910
0 1 61912
0 1 61913
0 1 61916
0 1 61917
0 1 61918
0 1 61920
0 1 61921
0 1 61923
0 1 61924
0 1 61925
0 1 61926
0 1 61930
0 1 61931
0 1 61932
0 1 61933
0 1 61937
0 1 61939
0 1 61943
0 1 61947
0 1 61952
0 1 61954
0 1 61955
0 1 61956
0 1 61961
0 1 61962
0 1 61963
0 1 61966
0 1 61967
0 1 61968
0 1 61969
0 1 61970
0 1 61975
0 1 61976
0 1 61978
0 1 61979
0 1 61983
0 1 61984
0 1 61985
0 1 61986
0 1 61989
0 1 61990
0 1 61992
0 1 61994
0 1 61998
0 1 61999
0 1 62000
0 1 62001
0 1 62006
0 1 62007
0 1 62008
0 1 62010
0 1 62011
0 1 62012
0 1 62013
0 1 62014
0 1 62015
0 1 62016
0 1 62017
0 1 62019
0 1 62020
0 1 62021
0 1 62025
0 1 62026
0 1 62027
0 1 62028
0 1 62030
0 1 62033
0 1 62034
0 1 62036
0 1 62037
0 1 62038
0 1 62039
0 1 62040
0 1 62042
0 1 62043
0 1 62044
0 1 62045
0 1 62046
0 1 62047
0 1 62049
0 1 62051
0 1 62052
0 1 62057
0 1 62062
0 1 62063
0 1 62064
0 1 62066
0 1 62068
0 1 62072
0 1 62073
0 1 62074
0 1 62075
0 1 62076
0 1 62079
0 1 62080
0 1 62081
0 1 62084
0 1 62087
0 1 62090
0 1 62091
0 1 62093
0 1 62095
0 1 62096
0 1 62098
0 1 62100
0 1 62101
0 1 62103
0 1 62105
0 1 62106
0 1 62107
0 1 62109
0 1 62111
0 1 62115
0 1 62117
0 1 62119
0 1 62121
0 1 62123
0 1 62126
0 1 62127
0 1 62133
0 1 62134
0 1 62136
0 1 62137
0 1 62139
0 1 62141
0 1 62142
0 1 62144
0 1 62147
0 1 62148
0 1 62152
0 1 62153
0 1 62158
0 1 62159
0 1 62160
0 1 62161
0 1 62165
0 1 62167
0 1 62169
0 1 62170
0 1 62172
0 1 62174
0 1 62175
0 1 62176
0 1 62177
0 1 62178
0 1 62179
0 1 62180
0 1 62182
0 1 62185
0 1 62186
0 1 62187
0 1 62188
0 1 62192
0 1 62193
0 1 62194
0 1 62197
0 1 62201
0 1 62203
0 1 62207
0 1 62210
0 1 62213
0 1 62216
0 1 62218
0 1 62220
0 1 62221
0 1 62224
0 1 62226
0 1 62227
0 1 62228
0 1 62231
0 1 62232
0 1 62235
0 1 62236
0 1 62237
0 1 62242
0 1 62243
0 1 62244
0 1 62246
0 1 62248
0 1 62251
0 1 62253
0 1 62254
0 1 62255
0 1 62261
0 1 62262
0 1 62263
0 1 62265
0 1 62271
0 1 62273
0 1 62276
0 1 62278
0 1 62280
0 1 62282
0 1 62285
0 1 62287
0 1 62288
0 1 62289
0 1 62291
0 1 62295
0 1 62296
0 1 62298
0 1 62299
0 1 62300
0 1 62304
0 1 62305
0 1 62306
0 1 62311
0 1 62314
0 1 62318
0 1 62319
0 1 62321
0 1 62322
0 1 62324
0 1 62327
0 1 62330
0 1 62334
0 1 62335
0 1 62337
0 1 62338
0 1 62339
0 1 62340
0 1 62342
0 1 62345
0 1 62346
0 1 62347
0 1 62349
0 1 62350
0 1 62351
0 1 62352
0 1 62355
0 1 62356
0 1 62359
0 1 62361
0 1 62364
0 1 62365
0 1 62367
0 1 62368
0 1 62370
0 1 62372
0 1 62377
0 1 62381
0 1 62382
0 1 62385
0 1 62386
0 1 62388
0 1 62389
0 1 62391
0 1 62394
0 1 62396
0 1 62398
0 1 62400
0 1 62401
0 1 62402
0 1 62407
0 1 62412
0 1 62413
0 1 62416
0 1 62417
0 1 62419
0 1 62421
0 1 62424
0 1 62425
0 1 62429
0 1 62431
0 1 62433
0 1 62434
0 1 62437
0 1 62440
0 1 62441
0 1 62442
0 1 62445
0 1 62446
0 1 62447
0 1 62450
0 1 62453
0 1 62457
0 1 62458
0 1 62460
0 1 62461
0 1 62462
0 1 62464
0 1 62465
0 1 62467
0 1 62469
0 1 62470
0 1 62471
0 1 62473
0 1 62474
0 1 62476
0 1 62477
0 1 62479
0 1 62480
0 1 62482
0 1 62483
0 1 62485
0 1 62487
0 1 62489
0 1 62490
0 1 62491
0 1 62493
0 1 62499
0 1 62500
0 1 62501
0 1 62504
0 1 62505
0 1 62506
0 1 62507
0 1 62508
0 1 62509
0 1 62510
0 1 62512
0 1 62513
0 1 62514
0 1 62516
0 1 62521
0 1 62522
0 1 62526
0 1 62527
0 1 62528
0 1 62530
0 1 62533
0 1 62534
0 1 62538
0 1 62540
0 1 62542
0 1 62545
0 1 62546
0 1 62548
0 1 62550
0 1 62552
0 1 62553
0 1 62554
0 1 62555
0 1 62557
0 1 62558
0 1 62559
0 1 62560
0 1 62562
0 1 62563
0 1 62565
0 1 62568
0 1 62569
0 1 62572
0 1 62576
0 1 62577
0 1 62578
0 1 62584
0 1 62585
0 1 62587
0 1 62592
0 1 62593
0 1 62596
0 1 62597
0 1 62599
0 1 62601
0 1 62602
0 1 62604
0 1 62605
0 1 62606
0 1 62607
0 1 62608
0 1 62610
0 1 62611
0 1 62613
0 1 62614
0 1 62615
0 1 62616
0 1 62617
0 1 62619
0 1 62623
0 1 62624
0 1 62626
0 1 62633
0 1 62636
0 1 62637
0 1 62638
0 1 62641
0 1 62645
0 1 62648
0 1 62652
0 1 62654
0 1 62658
0 1 62660
0 1 62662
0 1 62664
0 1 62666
0 1 62667
0 1 62668
0 1 62669
0 1 62670
0 1 62671
0 1 62674
0 1 62675
0 1 62676
0 1 62677
0 1 62678
0 1 62679
0 1 62681
0 1 62682
0 1 62685
0 1 62686
0 1 62687
0 1 62688
0 1 62689
0 1 62690
0 1 62691
0 1 62693
0 1 62698
0 1 62699
0 1 62700
0 1 62701
0 1 62703
0 1 62704
0 1 62706
0 1 62707
0 1 62710
0 1 62712
0 1 62713
0 1 62714
0 1 62717
0 1 62718
0 1 62720
0 1 62721
0 1 62724
0 1 62726
0 1 62729
0 1 62730
0 1 62732
0 1 62737
0 1 62739
0 1 62741
0 1 62742
0 1 62743
0 1 62745
0 1 62747
0 1 62750
0 1 62751
0 1 62753
0 1 62754
0 1 62756
0 1 62757
0 1 62758
0 1 62759
0 1 62760
0 1 62764
0 1 62765
0 1 62772
0 1 62773
0 1 62776
0 1 62778
0 1 62779
0 1 62780
0 1 62782
0 1 62783
0 1 62785
0 1 62787
0 1 62790
0 1 62791
0 1 62793
0 1 62794
0 1 62797
0 1 62798
0 1 62803
0 1 62804
0 1 62805
0 1 62806
0 1 62808
0 1 62809
0 1 62811
0 1 62813
0 1 62816
0 1 62818
0 1 62820
0 1 62821
0 1 62823
0 1 62824
0 1 62826
0 1 62827
0 1 62830
0 1 62831
0 1 62838
0 1 62840
0 1 62841
0 1 62843
0 1 62848
0 1 62850
0 1 62852
0 1 62854
0 1 62857
0 1 62862
0 1 62863
0 1 62864
0 1 62866
0 1 62868
0 1 62870
0 1 62872
0 1 62873
0 1 62875
0 1 62877
0 1 62880
0 1 62882
0 1 62883
0 1 62884
0 1 62886
0 1 62888
0 1 62890
0 1 62891
0 1 62892
0 1 62893
0 1 62895
0 1 62896
0 1 62897
0 1 62899
0 1 62903
0 1 62904
0 1 62905
0 1 62906
0 1 62907
0 1 62909
0 1 62910
0 1 62911
0 1 62912
0 1 62914
0 1 62916
0 1 62917
0 1 62918
0 1 62921
0 1 62923
0 1 62924
0 1 62926
0 1 62928
0 1 62929
0 1 62931
0 1 62933
0 1 62935
0 1 62937
0 1 62940
0 1 62941
0 1 62946
0 1 62948
0 1 62949
0 1 62952
0 1 62954
0 1 62959
0 1 62960
0 1 62962
0 1 62963
0 1 62964
0 1 62965
0 1 62966
0 1 62968
0 1 62970
0 1 62971
0 1 62972
0 1 62973
0 1 62977
0 1 62978
0 1 62979
0 1 62981
0 1 62987
0 1 62988
0 1 62992
0 1 62994
0 1 62995
0 1 62998
0 1 62999
0 1 63000
0 1 63001
0 1 63002
0 1 63003
0 1 63004
0 1 63005
0 1 63006
0 1 63011
0 1 63013
0 1 63017
0 1 63019
0 1 63020
0 1 63024
0 1 63025
0 1 63027
0 1 63028
0 1 63029
0 1 63031
0 1 63034
0 1 63037
0 1 63038
0 1 63039
0 1 63040
0 1 63041
0 1 63042
0 1 63044
0 1 63047
0 1 63053
0 1 63054
0 1 63056
0 1 63057
0 1 63058
0 1 63059
0 1 63060
0 1 63061
0 1 63062
0 1 63065
0 1 63066
0 1 63068
0 1 63070
0 1 63073
0 1 63074
0 1 63075
0 1 63077
0 1 63078
0 1 63080
0 1 63081
0 1 63083
0 1 63085
0 1 63090
0 1 63091
0 1 63095
0 1 63097
0 1 63098
0 1 63099
0 1 63101
0 1 63102
0 1 63104
0 1 63105
0 1 63106
0 1 63109
0 1 63110
0 1 63111
0 1 63113
0 1 63114
0 1 63115
0 1 63116
0 1 63122
0 1 63124
0 1 63125
0 1 63126
0 1 63128
0 1 63130
0 1 63131
0 1 63132
0 1 63136
0 1 63138
0 1 63139
0 1 63146
0 1 63148
0 1 63150
0 1 63151
0 1 63156
0 1 63157
0 1 63158
0 1 63162
0 1 63163
0 1 63164
0 1 63165
0 1 63168
0 1 63170
0 1 63171
0 1 63172
0 1 63173
0 1 63177
0 1 63178
0 1 63180
0 1 63183
0 1 63186
0 1 63188
0 1 63193
0 1 63195
0 1 63197
0 1 63198
0 1 63199
0 1 63200
0 1 63201
0 1 63206
0 1 63210
0 1 63211
0 1 63213
0 1 63214
0 1 63219
0 1 63220
0 1 63221
0 1 63222
0 1 63223
0 1 63224
0 1 63226
0 1 63227
0 1 63228
0 1 63231
0 1 63232
0 1 63233
0 1 63235
0 1 63238
0 1 63239
0 1 63240
0 1 63243
0 1 63244
0 1 63248
0 1 63249
0 1 63252
0 1 63256
0 1 63257
0 1 63259
0 1 63260
0 1 63264
0 1 63265
0 1 63266
0 1 63274
0 1 63276
0 1 63278
0 1 63279
0 1 63280
0 1 63282
0 1 63285
0 1 63286
0 1 63287
0 1 63288
0 1 63289
0 1 63292
0 1 63294
0 1 63295
0 1 63296
0 1 63297
0 1 63299
0 1 63303
0 1 63305
0 1 63310
0 1 63312
0 1 63313
0 1 63314
0 1 63316
0 1 63318
0 1 63321
0 1 63323
0 1 63324
0 1 63326
0 1 63328
0 1 63329
0 1 63330
0 1 63331
0 1 63334
0 1 63336
0 1 63339
0 1 63340
0 1 63344
0 1 63345
0 1 63348
0 1 63351
0 1 63352
0 1 63354
0 1 63355
0 1 63361
0 1 63370
0 1 63371
0 1 63372
0 1 63374
0 1 63375
0 1 63376
0 1 63378
0 1 63381
0 1 63384
0 1 63385
0 1 63388
0 1 63389
0 1 63394
0 1 63396
0 1 63399
0 1 63400
0 1 63401
0 1 63402
0 1 63403
0 1 63404
0 1 63407
0 1 63410
0 1 63411
0 1 63412
0 1 63413
0 1 63416
0 1 63417
0 1 63418
0 1 63420
0 1 63422
0 1 63423
0 1 63425
0 1 63428
0 1 63432
0 1 63436
0 1 63439
0 1 63441
0 1 63442
0 1 63445
0 1 63447
0 1 63448
0 1 63452
0 1 63453
0 1 63454
0 1 63456
0 1 63459
0 1 63461
0 1 63464
0 1 63467
0 1 63468
0 1 63469
0 1 63476
0 1 63479
0 1 63485
0 1 63486
0 1 63488
0 1 63490
0 1 63495
0 1 63496
0 1 63502
0 1 63503
0 1 63504
0 1 63507
0 1 63509
0 1 63515
0 1 63516
0 1 63520
0 1 63521
0 1 63523
0 1 63525
0 1 63526
0 1 63527
0 1 63529
0 1 63530
0 1 63531
0 1 63535
0 1 63537
0 1 63539
0 1 63540
0 1 63542
0 1 63543
0 1 63548
0 1 63551
0 1 63552
0 1 63553
0 1 63556
0 1 63559
0 1 63560
0 1 63561
0 1 63562
0 1 63563
0 1 63564
0 1 63565
0 1 63567
0 1 63569
0 1 63570
0 1 63571
0 1 63573
0 1 63574
0 1 63576
0 1 63577
0 1 63579
0 1 63581
0 1 63582
0 1 63583
0 1 63584
0 1 63585
0 1 63586
0 1 63587
0 1 63589
0 1 63590
0 1 63592
0 1 63594
0 1 63595
0 1 63598
0 1 63599
0 1 63601
0 1 63602
0 1 63603
0 1 63604
0 1 63605
0 1 63607
0 1 63608
0 1 63610
0 1 63611
0 1 63612
0 1 63613
0 1 63615
0 1 63617
0 1 63619
0 1 63629
0 1 63630
0 1 63631
0 1 63639
0 1 63642
0 1 63643
0 1 63644
0 1 63645
0 1 63648
0 1 63649
0 1 63650
0 1 63651
0 1 63652
0 1 63654
0 1 63655
0 1 63658
0 1 63660
0 1 63661
0 1 63664
0 1 63667
0 1 63668
0 1 63669
0 1 63670
0 1 63672
0 1 63673
0 1 63674
0 1 63675
0 1 63679
0 1 63681
0 1 63686
0 1 63687
0 1 63688
0 1 63689
0 1 63693
0 1 63695
0 1 63701
0 1 63702
0 1 63704
0 1 63706
0 1 63708
0 1 63711
0 1 63715
0 1 63716
0 1 63721
0 1 63725
0 1 63730
0 1 63731
0 1 63733
0 1 63734
0 1 63735
0 1 63737
0 1 63738
0 1 63739
0 1 63740
0 1 63742
0 1 63743
0 1 63746
0 1 63747
0 1 63752
0 1 63753
0 1 63754
0 1 63755
0 1 63756
0 1 63758
0 1 63759
0 1 63761
0 1 63762
0 1 63764
0 1 63765
0 1 63767
0 1 63769
0 1 63775
0 1 63778
0 1 63779
0 1 63782
0 1 63783
0 1 63784
0 1 63791
0 1 63794
0 1 63795
0 1 63802
0 1 63804
0 1 63806
0 1 63807
0 1 63809
0 1 63810
0 1 63811
0 1 63813
0 1 63816
0 1 63817
0 1 63818
0 1 63819
0 1 63823
0 1 63824
0 1 63825
0 1 63830
0 1 63832
0 1 63833
0 1 63835
0 1 63837
0 1 63839
0 1 63840
0 1 63841
0 1 63842
0 1 63843
0 1 63848
0 1 63851
0 1 63852
0 1 63857
0 1 63859
0 1 63863
0 1 63865
0 1 63867
0 1 63869
0 1 63870
0 1 63871
0 1 63872
0 1 63873
0 1 63874
0 1 63876
0 1 63879
0 1 63880
0 1 63885
0 1 63887
0 1 63890
0 1 63891
0 1 63893
0 1 63894
0 1 63895
0 1 63896
0 1 63897
0 1 63902
0 1 63904
0 1 63905
0 1 63908
0 1 63909
0 1 63910
0 1 63911
0 1 63913
0 1 63915
0 1 63916
0 1 63922
0 1 63927
0 1 63928
0 1 63929
0 1 63930
0 1 63933
0 1 63934
0 1 63936
0 1 63938
0 1 63940
0 1 63941
0 1 63944
0 1 63945
0 1 63947
0 1 63951
0 1 63952
0 1 63955
0 1 63958
0 1 63959
0 1 63964
0 1 63965
0 1 63968
0 1 63969
0 1 63972
0 1 63974
0 1 63975
0 1 63978
0 1 63981
0 1 63984
0 1 63985
0 1 63988
0 1 63990
0 1 63991
0 1 63992
0 1 63995
0 1 63996
0 1 63998
0 1 63999
0 1 64000
0 1 64001
0 1 64002
0 1 64004
0 1 64008
0 1 64009
0 1 64010
0 1 64011
0 1 64014
0 1 64016
0 1 64018
0 1 64019
0 1 64023
0 1 64024
0 1 64027
0 1 64028
0 1 64029
0 1 64032
0 1 64033
0 1 64035
0 1 64036
0 1 64040
0 1 64042
0 1 64044
0 1 64045
0 1 64046
0 1 64051
0 1 64052
0 1 64053
0 1 64055
0 1 64057
0 1 64060
0 1 64062
0 1 64063
0 1 64064
0 1 64065
0 1 64066
0 1 64067
0 1 64068
0 1 64069
0 1 64072
0 1 64075
0 1 64081
0 1 64082
0 1 64085
0 1 64086
0 1 64087
0 1 64088
0 1 64089
0 1 64090
0 1 64091
0 1 64095
0 1 64096
0 1 64097
0 1 64098
0 1 64104
0 1 64110
0 1 64114
0 1 64117
0 1 64119
0 1 64121
0 1 64123
0 1 64124
0 1 64126
0 1 64131
0 1 64132
0 1 64135
0 1 64137
0 1 64138
0 1 64139
0 1 64140
0 1 64141
0 1 64145
0 1 64147
0 1 64148
0 1 64152
0 1 64154
0 1 64155
0 1 64156
0 1 64157
0 1 64158
0 1 64160
0 1 64161
0 1 64164
0 1 64165
0 1 64166
0 1 64169
0 1 64172
0 1 64175
0 1 64179
0 1 64182
0 1 64183
0 1 64184
0 1 64185
0 1 64186
0 1 64188
0 1 64189
0 1 64191
0 1 64192
0 1 64193
0 1 64194
0 1 64195
0 1 64197
0 1 64199
0 1 64201
0 1 64202
0 1 64204
0 1 64205
0 1 64206
0 1 64207
0 1 64209
0 1 64210
0 1 64214
0 1 64216
0 1 64217
0 1 64218
0 1 64220
0 1 64223
0 1 64224
0 1 64231
0 1 64233
0 1 64235
0 1 64236
0 1 64237
0 1 64238
0 1 64241
0 1 64242
0 1 64243
0 1 64244
0 1 64245
0 1 64246
0 1 64248
0 1 64249
0 1 64250
0 1 64255
0 1 64257
0 1 64260
0 1 64261
0 1 64262
0 1 64263
0 1 64265
0 1 64266
0 1 64267
0 1 64272
0 1 64276
0 1 64277
0 1 64278
0 1 64279
0 1 64280
0 1 64282
0 1 64283
0 1 64285
0 1 64286
0 1 64287
0 1 64288
0 1 64291
0 1 64292
0 1 64294
0 1 64296
0 1 64297
0 1 64298
0 1 64301
0 1 64303
0 1 64306
0 1 64307
0 1 64308
0 1 64309
0 1 64314
0 1 64315
0 1 64319
0 1 64321
0 1 64327
0 1 64329
0 1 64330
0 1 64332
0 1 64333
0 1 64334
0 1 64335
0 1 64337
0 1 64338
0 1 64339
0 1 64340
0 1 64341
0 1 64343
0 1 64344
0 1 64346
0 1 64347
0 1 64349
0 1 64351
0 1 64357
0 1 64358
0 1 64361
0 1 64362
0 1 64363
0 1 64364
0 1 64366
0 1 64368
0 1 64369
0 1 64372
0 1 64373
0 1 64375
0 1 64376
0 1 64377
0 1 64378
0 1 64380
0 1 64382
0 1 64387
0 1 64388
0 1 64389
0 1 64390
0 1 64392
0 1 64397
0 1 64399
0 1 64400
0 1 64403
0 1 64404
0 1 64406
0 1 64407
0 1 64408
0 1 64409
0 1 64410
0 1 64412
0 1 64414
0 1 64423
0 1 64425
0 1 64426
0 1 64428
0 1 64429
0 1 64435
0 1 64436
0 1 64437
0 1 64438
0 1 64443
0 1 64445
0 1 64446
0 1 64449
0 1 64450
0 1 64451
0 1 64455
0 1 64457
0 1 64458
0 1 64459
0 1 64460
0 1 64461
0 1 64466
0 1 64468
0 1 64474
0 1 64477
0 1 64478
0 1 64479
0 1 64483
0 1 64486
0 1 64487
0 1 64489
0 1 64491
0 1 64492
0 1 64494
0 1 64495
0 1 64496
0 1 64497
0 1 64499
0 1 64502
0 1 64503
0 1 64508
0 1 64509
0 1 64514
0 1 64518
0 1 64521
0 1 64522
0 1 64523
0 1 64528
0 1 64535
0 1 64536
0 1 64537
0 1 64539
0 1 64541
0 1 64542
0 1 64543
0 1 64545
0 1 64546
0 1 64548
0 1 64550
0 1 64555
0 1 64558
0 1 64559
0 1 64561
0 1 64562
0 1 64565
0 1 64567
0 1 64569
0 1 64571
0 1 64573
0 1 64575
0 1 64576
0 1 64577
0 1 64578
0 1 64579
0 1 64583
0 1 64586
0 1 64589
0 1 64591
0 1 64592
0 1 64593
0 1 64594
0 1 64595
0 1 64596
0 1 64598
0 1 64599
0 1 64603
0 1 64604
0 1 64607
0 1 64615
0 1 64617
0 1 64619
0 1 64622
0 1 64624
0 1 64626
0 1 64628
0 1 64629
0 1 64631
0 1 64633
0 1 64634
0 1 64636
0 1 64637
0 1 64639
0 1 64641
0 1 64642
0 1 64644
0 1 64645
0 1 64647
0 1 64648
0 1 64654
0 1 64656
0 1 64658
0 1 64659
0 1 64660
0 1 64662
0 1 64663
0 1 64667
0 1 64670
0 1 64673
0 1 64677
0 1 64678
0 1 64680
0 1 64681
0 1 64688
0 1 64691
0 1 64693
0 1 64695
0 1 64697
0 1 64699
0 1 64701
0 1 64702
0 1 64705
0 1 64706
0 1 64709
0 1 64712
0 1 64714
0 1 64715
0 1 64720
0 1 64721
0 1 64724
0 1 64725
0 1 64729
0 1 64731
0 1 64732
0 1 64734
0 1 64735
0 1 64736
0 1 64737
0 1 64738
0 1 64739
0 1 64740
0 1 64741
0 1 64742
0 1 64748
0 1 64751
0 1 64752
0 1 64753
0 1 64755
0 1 64757
0 1 64759
0 1 64760
0 1 64762
0 1 64764
0 1 64765
0 1 64767
0 1 64769
0 1 64771
0 1 64773
0 1 64774
0 1 64776
0 1 64780
0 1 64782
0 1 64784
0 1 64785
0 1 64786
0 1 64788
0 1 64793
0 1 64795
0 1 64801
0 1 64802
0 1 64803
0 1 64804
0 1 64805
0 1 64807
0 1 64808
0 1 64809
0 1 64810
0 1 64813
0 1 64814
0 1 64815
0 1 64816
0 1 64818
0 1 64819
0 1 64821
0 1 64823
0 1 64825
0 1 64826
0 1 64830
0 1 64831
0 1 64832
0 1 64833
0 1 64834
0 1 64835
0 1 64842
0 1 64849
0 1 64852
0 1 64854
0 1 64855
0 1 64856
0 1 64863
0 1 64864
0 1 64867
0 1 64869
0 1 64870
0 1 64876
0 1 64877
0 1 64882
0 1 64884
0 1 64885
0 1 64886
0 1 64889
0 1 64890
0 1 64894
0 1 64897
0 1 64898
0 1 64900
0 1 64902
0 1 64904
0 1 64905
0 1 64906
0 1 64907
0 1 64909
0 1 64911
0 1 64913
0 1 64914
0 1 64915
0 1 64917
0 1 64918
0 1 64919
0 1 64920
0 1 64929
0 1 64932
0 1 64933
0 1 64934
0 1 64935
0 1 64936
0 1 64937
0 1 64938
0 1 64939
0 1 64940
0 1 64941
0 1 64942
0 1 64944
0 1 64945
0 1 64946
0 1 64947
0 1 64949
0 1 64950
0 1 64951
0 1 64952
0 1 64955
0 1 64958
0 1 64959
0 1 64960
0 1 64962
0 1 64965
0 1 64966
0 1 64967
0 1 64969
0 1 64970
0 1 64973
0 1 64974
0 1 64975
0 1 64977
0 1 64979
0 1 64980
0 1 64982
0 1 64983
0 1 64987
0 1 64992
0 1 64994
0 1 64999
0 1 65000
0 1 65004
0 1 65006
0 1 65007
0 1 65010
0 1 65013
0 1 65015
0 1 65017
0 1 65018
0 1 65019
0 1 65022
0 1 65023
0 1 65025
0 1 65027
0 1 65029
0 1 65030
0 1 65031
0 1 65032
0 1 65033
0 1 65035
0 1 65037
0 1 65038
0 1 65042
0 1 65043
0 1 65048
0 1 65049
0 1 65052
0 1 65054
0 1 65060
0 1 65061
0 1 65062
0 1 65063
0 1 65067
0 1 65069
0 1 65070
0 1 65071
0 1 65072
0 1 65073
0 1 65074
0 1 65075
0 1 65076
0 1 65080
0 1 65083
0 1 65084
0 1 65085
0 1 65088
0 1 65100
0 1 65101
0 1 65102
0 1 65103
0 1 65105
0 1 65109
0 1 65111
0 1 65112
0 1 65115
0 1 65116
0 1 65120
0 1 65123
0 1 65127
0 1 65128
0 1 65129
0 1 65133
0 1 65135
0 1 65136
0 1 65137
0 1 65138
0 1 65140
0 1 65141
0 1 65148
0 1 65150
0 1 65151
0 1 65152
0 1 65153
0 1 65156
0 1 65157
0 1 65162
0 1 65165
0 1 65166
0 1 65167
0 1 65172
0 1 65175
0 1 65178
0 1 65180
0 1 65182
0 1 65183
0 1 65184
0 1 65185
0 1 65187
0 1 65189
0 1 65191
0 1 65192
0 1 65194
0 1 65195
0 1 65197
0 1 65199
0 1 65208
0 1 65210
0 1 65211
0 1 65213
0 1 65214
0 1 65215
0 1 65219
0 1 65223
0 1 65224
0 1 65225
0 1 65229
0 1 65230
0 1 65232
0 1 65233
0 1 65234
0 1 65235
0 1 65236
0 1 65237
0 1 65239
0 1 65243
0 1 65244
0 1 65246
0 1 65247
0 1 65248
0 1 65249
0 1 65250
0 1 65251
0 1 65252
0 1 65253
0 1 65255
0 1 65257
0 1 65259
0 1 65260
0 1 65261
0 1 65266
0 1 65267
0 1 65268
0 1 65273
0 1 65275
0 1 65276
0 1 65277
0 1 65278
0 1 65279
0 1 65280
0 1 65283
0 1 65284
0 1 65291
0 1 65292
0 1 65298
0 1 65299
0 1 65300
0 1 65304
0 1 65305
0 1 65306
0 1 65309
0 1 65311
0 1 65316
0 1 65317
0 1 65318
0 1 65319
0 1 65320
0 1 65325
0 1 65328
0 1 65329
0 1 65330
0 1 65332
0 1 65336
0 1 65339
0 1 65340
0 1 65342
0 1 65343
0 1 65353
0 1 65354
0 1 65355
0 1 65356
0 1 65357
0 1 65358
0 1 65361
0 1 65364
0 1 65365
0 1 65367
0 1 65371
0 1 65372
0 1 65377
0 1 65382
0 1 65383
0 1 65386
0 1 65387
0 1 65389
0 1 65391
0 1 65393
0 1 65399
0 1 65400
0 1 65401
0 1 65403
0 1 65404
0 1 65406
0 1 65409
0 1 65410
0 1 65412
0 1 65413
0 1 65414
0 1 65417
0 1 65418
0 1 65419
0 1 65420
0 1 65423
0 1 65424
0 1 65425
0 1 65426
0 1 65427
0 1 65428
0 1 65430
0 1 65434
0 1 65436
0 1 65437
0 1 65440
0 1 65441
0 1 65446
0 1 65447
0 1 65448
0 1 65449
0 1 65451
0 1 65453
0 1 65454
0 1 65455
0 1 65456
0 1 65457
0 1 65459
0 1 65465
0 1 65466
0 1 65467
0 1 65469
0 1 65470
0 1 65471
0 1 65477
0 1 65478
0 1 65479
0 1 65482
0 1 65483
0 1 65484
0 1 65491
0 1 65492
0 1 65494
0 1 65495
0 1 65497
0 1 65498
0 1 65499
0 1 65501
0 1 65503
0 1 65513
0 1 65514
0 1 65518
0 1 65524
0 1 65525
0 1 65530
0 1 65532
0 1 65535
0 1 65537
0 1 65538
0 1 65540
0 1 65542
0 1 65543
0 1 65544
0 1 65547
0 1 65548
0 1 65549
0 1 65551
0 1 65552
0 1 65554
0 1 65557
0 1 65558
0 1 65559
0 1 65560
0 1 65561
0 1 65562
0 1 65563
0 1 65564
0 1 65570
0 1 65571
0 1 65574
0 1 65575
0 1 65576
0 1 65577
0 1 65578
0 1 65579
0 1 65580
0 1 65581
0 1 65583
0 1 65584
0 1 65585
0 1 65586
0 1 65589
0 1 65591
0 1 65592
0 1 65593
0 1 65595
0 1 65596
0 1 65599
0 1 65600
0 1 65601
0 1 65603
0 1 65605
0 1 65609
0 1 65611
0 1 65612
0 1 65613
0 1 65617
0 1 65618
0 1 65619
0 1 65620
0 1 65625
0 1 65627
0 1 65628
0 1 65629
0 1 65631
0 1 65632
0 1 65634
0 1 65636
0 1 65637
0 1 65638
0 1 65639
0 1 65642
0 1 65643
0 1 65644
0 1 65645
0 1 65647
0 1 65648
0 1 65649
0 1 65651
0 1 65653
0 1 65654
0 1 65655
0 1 65656
0 1 65657
0 1 65663
0 1 65667
0 1 65669
0 1 65670
0 1 65672
0 1 65673
0 1 65675
0 1 65676
0 1 65680
0 1 65685
0 1 65686
0 1 65689
0 1 65691
0 1 65692
0 1 65693
0 1 65694
0 1 65695
0 1 65698
0 1 65699
0 1 65700
0 1 65702
0 1 65703
0 1 65704
0 1 65705
0 1 65706
0 1 65707
0 1 65708
0 1 65711
0 1 65712
0 1 65713
0 1 65715
0 1 65719
0 1 65721
0 1 65723
0 1 65724
0 1 65726
0 1 65727
0 1 65728
0 1 65730
0 1 65732
0 1 65733
0 1 65736
0 1 65737
0 1 65739
0 1 65741
0 1 65744
0 1 65746
0 1 65748
0 1 65754
0 1 65755
0 1 65756
0 1 65757
0 1 65759
0 1 65761
0 1 65762
0 1 65766
0 1 65768
0 1 65770
0 1 65772
0 1 65775
0 1 65777
0 1 65778
0 1 65784
0 1 65785
0 1 65791
0 1 65792
0 1 65794
0 1 65800
0 1 65801
0 1 65803
0 1 65804
0 1 65805
0 1 65806
0 1 65808
0 1 65809
0 1 65810
0 1 65816
0 1 65819
0 1 65820
0 1 65821
0 1 65822
0 1 65823
0 1 65825
0 1 65826
0 1 65827
0 1 65829
0 1 65830
0 1 65833
0 1 65834
0 1 65835
0 1 65837
0 1 65839
0 1 65841
0 1 65842
0 1 65844
0 1 65845
0 1 65849
0 1 65852
0 1 65853
0 1 65857
0 1 65861
0 1 65862
0 1 65863
0 1 65867
0 1 65868
0 1 65869
0 1 65870
0 1 65872
0 1 65874
0 1 65875
0 1 65878
0 1 65882
0 1 65883
0 1 65885
0 1 65886
0 1 65888
0 1 65889
0 1 65892
0 1 65894
0 1 65895
0 1 65896
0 1 65897
0 1 65899
0 1 65900
0 1 65902
0 1 65904
0 1 65906
0 1 65908
0 1 65909
0 1 65910
0 1 65913
0 1 65914
0 1 65921
0 1 65922
0 1 65923
0 1 65926
0 1 65927
0 1 65928
0 1 65931
0 1 65934
0 1 65935
0 1 65941
0 1 65946
0 1 65947
0 1 65948
0 1 65950
0 1 65952
0 1 65953
0 1 65954
0 1 65957
0 1 65958
0 1 65959
0 1 65960
0 1 65961
0 1 65962
0 1 65963
0 1 65966
0 1 65967
0 1 65969
0 1 65971
0 1 65973
0 1 65975
0 1 65976
0 1 65978
0 1 65979
0 1 65980
0 1 65981
0 1 65982
0 1 65983
0 1 65984
0 1 65985
0 1 65990
0 1 65993
0 1 65997
0 1 65998
0 1 66000
0 1 66002
0 1 66003
0 1 66004
0 1 66005
0 1 66006
0 1 66013
0 1 66015
0 1 66022
0 1 66025
0 1 66027
0 1 66028
0 1 66031
0 1 66033
0 1 66035
0 1 66036
0 1 66037
0 1 66041
0 1 66045
0 1 66047
0 1 66051
0 1 66052
0 1 66053
0 1 66055
0 1 66056
0 1 66057
0 1 66059
0 1 66060
0 1 66063
0 1 66064
0 1 66066
0 1 66070
0 1 66071
0 1 66073
0 1 66075
0 1 66078
0 1 66079
0 1 66080
0 1 66081
0 1 66083
0 1 66085
0 1 66087
0 1 66088
0 1 66092
0 1 66093
0 1 66095
0 1 66100
0 1 66101
0 1 66102
0 1 66105
0 1 66108
0 1 66110
0 1 66113
0 1 66114
0 1 66117
0 1 66118
0 1 66119
0 1 66123
0 1 66126
0 1 66127
0 1 66129
0 1 66130
0 1 66134
0 1 66135
0 1 66136
0 1 66139
0 1 66145
0 1 66150
0 1 66153
0 1 66154
0 1 66158
0 1 66160
0 1 66161
0 1 66162
0 1 66167
0 1 66170
0 1 66171
0 1 66174
0 1 66176
0 1 66177
0 1 66178
0 1 66179
0 1 66180
0 1 66182
0 1 66183
0 1 66188
0 1 66189
0 1 66190
0 1 66191
0 1 66192
0 1 66194
0 1 66196
0 1 66197
0 1 66199
0 1 66200
0 1 66201
0 1 66202
0 1 66205
0 1 66207
0 1 66208
0 1 66211
0 1 66212
0 1 66213
0 1 66217
0 1 66219
0 1 66220
0 1 66221
0 1 66222
0 1 66231
0 1 66236
0 1 66237
0 1 66238
0 1 66239
0 1 66240
0 1 66242
0 1 66244
0 1 66247
0 1 66249
0 1 66250
0 1 66251
0 1 66253
0 1 66255
0 1 66258
0 1 66259
0 1 66260
0 1 66268
0 1 66272
0 1 66273
0 1 66274
0 1 66276
0 1 66278
0 1 66280
0 1 66286
0 1 66287
0 1 66289
0 1 66291
0 1 66292
0 1 66293
0 1 66294
0 1 66297
0 1 66298
0 1 66299
0 1 66300
0 1 66302
0 1 66305
0 1 66307
0 1 66308
0 1 66309
0 1 66310
0 1 66312
0 1 66315
0 1 66317
0 1 66319
0 1 66322
0 1 66323
0 1 66325
0 1 66326
0 1 66327
0 1 66330
0 1 66331
0 1 66332
0 1 66333
0 1 66334
0 1 66337
0 1 66341
0 1 66342
0 1 66343
0 1 66346
0 1 66347
0 1 66349
0 1 66350
0 1 66352
0 1 66357
0 1 66362
0 1 66363
0 1 66364
0 1 66365
0 1 66367
0 1 66368
0 1 66369
0 1 66372
0 1 66373
0 1 66374
0 1 66377
0 1 66378
0 1 66379
0 1 66380
0 1 66382
0 1 66383
0 1 66385
0 1 66386
0 1 66387
0 1 66389
0 1 66390
0 1 66391
0 1 66394
0 1 66395
0 1 66398
0 1 66399
0 1 66401
0 1 66402
0 1 66404
0 1 66407
0 1 66413
0 1 66414
0 1 66416
0 1 66417
0 1 66420
0 1 66421
0 1 66422
0 1 66425
0 1 66426
0 1 66427
0 1 66428
0 1 66430
0 1 66431
0 1 66432
0 1 66433
0 1 66437
0 1 66439
0 1 66440
0 1 66441
0 1 66442
0 1 66444
0 1 66447
0 1 66448
0 1 66450
0 1 66451
0 1 66454
0 1 66456
0 1 66458
0 1 66464
0 1 66465
0 1 66470
0 1 66474
0 1 66478
0 1 66482
0 1 66484
0 1 66485
0 1 66488
0 1 66490
0 1 66492
0 1 66498
0 1 66500
0 1 66501
0 1 66503
0 1 66506
0 1 66508
0 1 66511
0 1 66513
0 1 66515
0 1 66516
0 1 66518
0 1 66521
0 1 66526
0 1 66527
0 1 66528
0 1 66529
0 1 66533
0 1 66536
0 1 66539
0 1 66540
0 1 66543
0 1 66544
0 1 66549
0 1 66550
0 1 66552
0 1 66559
0 1 66560
0 1 66561
0 1 66562
0 1 66563
0 1 66567
0 1 66569
0 1 66571
0 1 66572
0 1 66574
0 1 66575
0 1 66576
0 1 66577
0 1 66578
0 1 66585
0 1 66588
0 1 66589
0 1 66593
0 1 66594
0 1 66600
0 1 66603
0 1 66607
0 1 66609
0 1 66610
0 1 66612
0 1 66613
0 1 66614
0 1 66617
0 1 66618
0 1 66619
0 1 66620
0 1 66621
0 1 66624
0 1 66625
0 1 66628
0 1 66630
0 1 66631
0 1 66632
0 1 66636
0 1 66638
0 1 66641
0 1 66647
0 1 66648
0 1 66649
0 1 66652
0 1 66653
0 1 66655
0 1 66657
0 1 66658
0 1 66659
0 1 66665
0 1 66666
0 1 66667
0 1 66671
0 1 66672
0 1 66675
0 1 66676
0 1 66677
0 1 66678
0 1 66679
0 1 66680
0 1 66681
0 1 66682
0 1 66683
0 1 66684
0 1 66686
0 1 66691
0 1 66694
0 1 66695
0 1 66698
0 1 66700
0 1 66706
0 1 66707
0 1 66708
0 1 66710
0 1 66719
0 1 66723
0 1 66724
0 1 66726
0 1 66727
0 1 66728
0 1 66730
0 1 66732
0 1 66733
0 1 66734
0 1 66735
0 1 66736
0 1 66739
0 1 66741
0 1 66744
0 1 66745
0 1 66747
0 1 66751
0 1 66753
0 1 66755
0 1 66756
0 1 66757
0 1 66758
0 1 66759
0 1 66760
0 1 66762
0 1 66763
0 1 66765
0 1 66769
0 1 66776
0 1 66780
0 1 66787
0 1 66788
0 1 66790
0 1 66791
0 1 66792
0 1 66796
0 1 66799
0 1 66800
0 1 66801
0 1 66802
0 1 66804
0 1 66807
0 1 66808
0 1 66809
0 1 66810
0 1 66811
0 1 66813
0 1 66815
0 1 66816
0 1 66819
0 1 66820
0 1 66822
0 1 66823
0 1 66824
0 1 66825
0 1 66829
0 1 66837
0 1 66839
0 1 66840
0 1 66844
0 1 66845
0 1 66848
0 1 66852
0 1 66859
0 1 66862
0 1 66863
0 1 66864
0 1 66865
0 1 66866
0 1 66869
0 1 66870
0 1 66875
0 1 66877
0 1 66879
0 1 66880
0 1 66881
0 1 66882
0 1 66883
0 1 66884
0 1 66887
0 1 66888
0 1 66889
0 1 66891
0 1 66894
0 1 66898
0 1 66902
0 1 66904
0 1 66910
0 1 66913
0 1 66914
0 1 66917
0 1 66919
0 1 66921
0 1 66924
0 1 66928
0 1 66930
0 1 66932
0 1 66933
0 1 66934
0 1 66937
0 1 66939
0 1 66942
0 1 66943
0 1 66945
0 1 66947
0 1 66948
0 1 66950
0 1 66951
0 1 66952
0 1 66954
0 1 66955
0 1 66956
0 1 66958
0 1 66959
0 1 66960
0 1 66961
0 1 66962
0 1 66965
0 1 66966
0 1 66968
0 1 66971
0 1 66973
0 1 66976
0 1 66981
0 1 66983
0 1 66984
0 1 66985
0 1 66990
0 1 66991
0 1 66993
0 1 66994
0 1 66995
0 1 66997
0 1 66999
0 1 67001
0 1 67003
0 1 67004
0 1 67006
0 1 67009
0 1 67013
0 1 67014
0 1 67017
0 1 67018
0 1 67019
0 1 67020
0 1 67021
0 1 67025
0 1 67030
0 1 67032
0 1 67035
0 1 67037
0 1 67039
0 1 67040
0 1 67041
0 1 67045
0 1 67046
0 1 67048
0 1 67049
0 1 67056
0 1 67058
0 1 67063
0 1 67065
0 1 67067
0 1 67069
0 1 67070
0 1 67072
0 1 67076
0 1 67080
0 1 67081
0 1 67082
0 1 67083
0 1 67086
0 1 67087
0 1 67088
0 1 67090
0 1 67091
0 1 67092
0 1 67097
0 1 67099
0 1 67100
0 1 67101
0 1 67102
0 1 67103
0 1 67104
0 1 67110
0 1 67112
0 1 67116
0 1 67118
0 1 67119
0 1 67121
0 1 67122
0 1 67124
0 1 67126
0 1 67129
0 1 67130
0 1 67133
0 1 67134
0 1 67135
0 1 67136
0 1 67137
0 1 67138
0 1 67139
0 1 67140
0 1 67147
0 1 67148
0 1 67152
0 1 67154
0 1 67157
0 1 67159
0 1 67164
0 1 67165
0 1 67167
0 1 67168
0 1 67169
0 1 67170
0 1 67173
0 1 67174
0 1 67175
0 1 67177
0 1 67178
0 1 67180
0 1 67183
0 1 67185
0 1 67186
0 1 67189
0 1 67191
0 1 67193
0 1 67195
0 1 67197
0 1 67198
0 1 67199
0 1 67200
0 1 67202
0 1 67203
0 1 67207
0 1 67208
0 1 67210
0 1 67214
0 1 67215
0 1 67218
0 1 67222
0 1 67224
0 1 67225
0 1 67226
0 1 67227
0 1 67230
0 1 67231
0 1 67233
0 1 67236
0 1 67237
0 1 67240
0 1 67242
0 1 67244
0 1 67247
0 1 67248
0 1 67249
0 1 67253
0 1 67256
0 1 67259
0 1 67260
0 1 67261
0 1 67262
0 1 67265
0 1 67267
0 1 67268
0 1 67270
0 1 67273
0 1 67275
0 1 67277
0 1 67279
0 1 67282
0 1 67283
0 1 67284
0 1 67285
0 1 67288
0 1 67292
0 1 67299
0 1 67301
0 1 67302
0 1 67303
0 1 67309
0 1 67310
0 1 67315
0 1 67322
0 1 67324
0 1 67326
0 1 67327
0 1 67328
0 1 67330
0 1 67331
0 1 67332
0 1 67337
0 1 67340
0 1 67343
0 1 67345
0 1 67346
0 1 67351
0 1 67352
0 1 67353
0 1 67356
0 1 67359
0 1 67360
0 1 67364
0 1 67365
0 1 67366
0 1 67367
0 1 67368
0 1 67369
0 1 67373
0 1 67375
0 1 67378
0 1 67380
0 1 67381
0 1 67382
0 1 67384
0 1 67389
0 1 67391
0 1 67392
0 1 67393
0 1 67394
0 1 67395
0 1 67396
0 1 67397
0 1 67400
0 1 67401
0 1 67402
0 1 67403
0 1 67405
0 1 67406
0 1 67408
0 1 67410
0 1 67411
0 1 67414
0 1 67415
0 1 67416
0 1 67417
0 1 67418
0 1 67419
0 1 67421
0 1 67422
0 1 67426
0 1 67429
0 1 67430
0 1 67431
0 1 67432
0 1 67433
0 1 67434
0 1 67435
0 1 67437
0 1 67440
0 1 67441
0 1 67442
0 1 67446
0 1 67447
0 1 67448
0 1 67449
0 1 67451
0 1 67452
0 1 67453
0 1 67454
0 1 67457
0 1 67460
0 1 67461
0 1 67462
0 1 67463
0 1 67467
0 1 67468
0 1 67469
0 1 67470
0 1 67471
0 1 67473
0 1 67474
0 1 67477
0 1 67479
0 1 67483
0 1 67487
0 1 67488
0 1 67490
0 1 67492
0 1 67493
0 1 67494
0 1 67495
0 1 67496
0 1 67497
0 1 67501
0 1 67502
0 1 67503
0 1 67506
0 1 67509
0 1 67510
0 1 67511
0 1 67515
0 1 67517
0 1 67520
0 1 67521
0 1 67522
0 1 67525
0 1 67526
0 1 67527
0 1 67528
0 1 67529
0 1 67530
0 1 67531
0 1 67532
0 1 67533
0 1 67535
0 1 67536
0 1 67538
0 1 67540
0 1 67543
0 1 67547
0 1 67548
0 1 67549
0 1 67550
0 1 67551
0 1 67553
0 1 67557
0 1 67561
0 1 67565
0 1 67567
0 1 67570
0 1 67571
0 1 67572
0 1 67578
0 1 67580
0 1 67582
0 1 67583
0 1 67586
0 1 67589
0 1 67590
0 1 67591
0 1 67592
0 1 67593
0 1 67594
0 1 67595
0 1 67596
0 1 67603
0 1 67604
0 1 67605
0 1 67606
0 1 67607
0 1 67608
0 1 67610
0 1 67611
0 1 67613
0 1 67614
0 1 67617
0 1 67618
0 1 67624
0 1 67626
0 1 67627
0 1 67629
0 1 67632
0 1 67634
0 1 67637
0 1 67642
0 1 67643
0 1 67644
0 1 67645
0 1 67646
0 1 67650
0 1 67651
0 1 67652
0 1 67654
0 1 67657
0 1 67661
0 1 67663
0 1 67667
0 1 67668
0 1 67671
0 1 67672
0 1 67673
0 1 67675
0 1 67677
0 1 67680
0 1 67683
0 1 67687
0 1 67689
0 1 67690
0 1 67691
0 1 67695
0 1 67696
0 1 67698
0 1 67699
0 1 67700
0 1 67704
0 1 67706
0 1 67707
0 1 67709
0 1 67713
0 1 67714
0 1 67716
0 1 67717
0 1 67718
0 1 67719
0 1 67722
0 1 67723
0 1 67726
0 1 67727
0 1 67729
0 1 67731
0 1 67733
0 1 67736
0 1 67741
0 1 67745
0 1 67746
0 1 67747
0 1 67749
0 1 67751
0 1 67756
0 1 67757
0 1 67758
0 1 67759
0 1 67760
0 1 67761
0 1 67762
0 1 67764
0 1 67765
0 1 67766
0 1 67768
0 1 67769
0 1 67770
0 1 67771
0 1 67772
0 1 67773
0 1 67774
0 1 67775
0 1 67780
0 1 67781
0 1 67782
0 1 67784
0 1 67787
0 1 67789
0 1 67792
0 1 67793
0 1 67794
0 1 67795
0 1 67796
0 1 67797
0 1 67798
0 1 67800
0 1 67802
0 1 67803
0 1 67804
0 1 67805
0 1 67806
0 1 67807
0 1 67811
0 1 67812
0 1 67813
0 1 67815
0 1 67816
0 1 67817
0 1 67818
0 1 67821
0 1 67822
0 1 67823
0 1 67825
0 1 67826
0 1 67830
0 1 67831
0 1 67837
0 1 67838
0 1 67841
0 1 67844
0 1 67845
0 1 67849
0 1 67850
0 1 67851
0 1 67853
0 1 67854
0 1 67855
0 1 67858
0 1 67860
0 1 67863
0 1 67864
0 1 67867
0 1 67869
0 1 67870
0 1 67872
0 1 67878
0 1 67879
0 1 67882
0 1 67883
0 1 67886
0 1 67890
0 1 67891
0 1 67892
0 1 67895
0 1 67897
0 1 67898
0 1 67899
0 1 67900
0 1 67901
0 1 67903
0 1 67906
0 1 67908
0 1 67909
0 1 67913
0 1 67914
0 1 67915
0 1 67917
0 1 67919
0 1 67923
0 1 67924
0 1 67926
0 1 67929
0 1 67930
0 1 67931
0 1 67932
0 1 67933
0 1 67934
0 1 67938
0 1 67939
0 1 67940
0 1 67941
0 1 67943
0 1 67944
0 1 67946
0 1 67948
0 1 67949
0 1 67952
0 1 67953
0 1 67957
0 1 67958
0 1 67960
0 1 67962
0 1 67963
0 1 67965
0 1 67967
0 1 67969
0 1 67971
0 1 67974
0 1 67978
0 1 67980
0 1 67985
0 1 67986
0 1 67991
0 1 67992
0 1 67994
0 1 67997
0 1 68001
0 1 68003
0 1 68007
0 1 68012
0 1 68013
0 1 68015
0 1 68017
0 1 68019
0 1 68024
0 1 68025
0 1 68027
0 1 68028
0 1 68039
0 1 68040
0 1 68041
0 1 68044
0 1 68046
0 1 68047
0 1 68050
0 1 68051
0 1 68054
0 1 68057
0 1 68062
0 1 68065
0 1 68066
0 1 68067
0 1 68068
0 1 68070
0 1 68071
0 1 68072
0 1 68074
0 1 68075
0 1 68076
0 1 68080
0 1 68085
0 1 68086
0 1 68087
0 1 68089
0 1 68092
0 1 68095
0 1 68096
0 1 68097
0 1 68100
0 1 68103
0 1 68107
0 1 68108
0 1 68109
0 1 68111
0 1 68113
0 1 68114
0 1 68115
0 1 68116
0 1 68117
0 1 68118
0 1 68120
0 1 68123
0 1 68125
0 1 68126
0 1 68127
0 1 68128
0 1 68130
0 1 68132
0 1 68133
0 1 68135
0 1 68136
0 1 68137
0 1 68138
0 1 68141
0 1 68144
0 1 68145
0 1 68146
0 1 68148
0 1 68149
0 1 68150
0 1 68151
0 1 68153
0 1 68156
0 1 68158
0 1 68159
0 1 68160
0 1 68167
0 1 68172
0 1 68173
0 1 68175
0 1 68177
0 1 68180
0 1 68181
0 1 68184
0 1 68187
0 1 68189
0 1 68191
0 1 68193
0 1 68196
0 1 68197
0 1 68198
0 1 68199
0 1 68202
0 1 68203
0 1 68204
0 1 68206
0 1 68207
0 1 68208
0 1 68209
0 1 68210
0 1 68212
0 1 68214
0 1 68215
0 1 68217
0 1 68219
0 1 68224
0 1 68226
0 1 68233
0 1 68234
0 1 68235
0 1 68236
0 1 68237
0 1 68238
0 1 68240
0 1 68241
0 1 68245
0 1 68248
0 1 68250
0 1 68251
0 1 68253
0 1 68255
0 1 68257
0 1 68260
0 1 68262
0 1 68264
0 1 68266
0 1 68268
0 1 68271
0 1 68272
0 1 68273
0 1 68274
0 1 68276
0 1 68282
0 1 68285
0 1 68286
0 1 68291
0 1 68293
0 1 68300
0 1 68306
0 1 68307
0 1 68308
0 1 68311
0 1 68313
0 1 68314
0 1 68315
0 1 68318
0 1 68319
0 1 68321
0 1 68322
0 1 68325
0 1 68326
0 1 68327
0 1 68329
0 1 68331
0 1 68334
0 1 68339
0 1 68340
0 1 68341
0 1 68342
0 1 68343
0 1 68345
0 1 68346
0 1 68347
0 1 68348
0 1 68350
0 1 68356
0 1 68357
0 1 68358
0 1 68360
0 1 68362
0 1 68364
0 1 68365
0 1 68366
0 1 68372
0 1 68379
0 1 68384
0 1 68386
0 1 68388
0 1 68391
0 1 68393
0 1 68394
0 1 68395
0 1 68396
0 1 68399
0 1 68401
0 1 68404
0 1 68405
0 1 68406
0 1 68408
0 1 68409
0 1 68410
0 1 68411
0 1 68414
0 1 68415
0 1 68416
0 1 68417
0 1 68418
0 1 68419
0 1 68421
0 1 68422
0 1 68425
0 1 68428
0 1 68432
0 1 68433
0 1 68434
0 1 68435
0 1 68442
0 1 68443
0 1 68447
0 1 68448
0 1 68449
0 1 68451
0 1 68452
0 1 68456
0 1 68457
0 1 68459
0 1 68461
0 1 68463
0 1 68464
0 1 68467
0 1 68470
0 1 68475
0 1 68476
0 1 68477
0 1 68480
0 1 68481
0 1 68482
0 1 68484
0 1 68485
0 1 68492
0 1 68494
0 1 68497
0 1 68499
0 1 68500
0 1 68501
0 1 68505
0 1 68507
0 1 68508
0 1 68509
0 1 68510
0 1 68516
0 1 68518
0 1 68520
0 1 68523
0 1 68525
0 1 68526
0 1 68527
0 1 68528
0 1 68529
0 1 68530
0 1 68532
0 1 68533
0 1 68535
0 1 68536
0 1 68538
0 1 68539
0 1 68540
0 1 68541
0 1 68543
0 1 68545
0 1 68547
0 1 68549
0 1 68551
0 1 68553
0 1 68555
0 1 68557
0 1 68558
0 1 68562
0 1 68564
0 1 68567
0 1 68568
0 1 68570
0 1 68571
0 1 68572
0 1 68573
0 1 68574
0 1 68576
0 1 68578
0 1 68579
0 1 68585
0 1 68586
0 1 68588
0 1 68589
0 1 68590
0 1 68591
0 1 68593
0 1 68594
0 1 68598
0 1 68599
0 1 68600
0 1 68601
0 1 68602
0 1 68603
0 1 68607
0 1 68608
0 1 68610
0 1 68617
0 1 68618
0 1 68621
0 1 68625
0 1 68626
0 1 68627
0 1 68629
0 1 68632
0 1 68633
0 1 68635
0 1 68639
0 1 68641
0 1 68642
0 1 68643
0 1 68650
0 1 68652
0 1 68654
0 1 68657
0 1 68658
0 1 68659
0 1 68671
0 1 68673
0 1 68675
0 1 68676
0 1 68679
0 1 68680
0 1 68682
0 1 68683
0 1 68684
0 1 68685
0 1 68686
0 1 68687
0 1 68688
0 1 68689
0 1 68692
0 1 68693
0 1 68694
0 1 68696
0 1 68699
0 1 68700
0 1 68704
0 1 68708
0 1 68711
0 1 68713
0 1 68716
0 1 68717
0 1 68718
0 1 68720
0 1 68723
0 1 68724
0 1 68726
0 1 68730
0 1 68731
0 1 68735
0 1 68737
0 1 68738
0 1 68739
0 1 68740
0 1 68741
0 1 68742
0 1 68744
0 1 68745
0 1 68747
0 1 68749
0 1 68750
0 1 68751
0 1 68753
0 1 68757
0 1 68758
0 1 68761
0 1 68762
0 1 68763
0 1 68764
0 1 68765
0 1 68766
0 1 68767
0 1 68768
0 1 68770
0 1 68771
0 1 68776
0 1 68778
0 1 68784
0 1 68785
0 1 68788
0 1 68791
0 1 68793
0 1 68797
0 1 68800
0 1 68803
0 1 68805
0 1 68807
0 1 68809
0 1 68810
0 1 68811
0 1 68813
0 1 68814
0 1 68815
0 1 68816
0 1 68817
0 1 68818
0 1 68819
0 1 68821
0 1 68822
0 1 68823
0 1 68825
0 1 68830
0 1 68832
0 1 68833
0 1 68835
0 1 68837
0 1 68839
0 1 68841
0 1 68842
0 1 68845
0 1 68847
0 1 68848
0 1 68849
0 1 68857
0 1 68859
0 1 68861
0 1 68865
0 1 68866
0 1 68869
0 1 68878
0 1 68879
0 1 68882
0 1 68883
0 1 68885
0 1 68888
0 1 68890
0 1 68893
0 1 68894
0 1 68895
0 1 68896
0 1 68899
0 1 68903
0 1 68905
0 1 68908
0 1 68910
0 1 68912
0 1 68914
0 1 68916
0 1 68918
0 1 68921
0 1 68922
0 1 68924
0 1 68926
0 1 68927
0 1 68928
0 1 68929
0 1 68930
0 1 68931
0 1 68932
0 1 68933
0 1 68934
0 1 68935
0 1 68938
0 1 68939
0 1 68940
0 1 68942
0 1 68946
0 1 68947
0 1 68952
0 1 68953
0 1 68954
0 1 68956
0 1 68957
0 1 68960
0 1 68961
0 1 68962
0 1 68963
0 1 68964
0 1 68965
0 1 68969
0 1 68974
0 1 68975
0 1 68976
0 1 68978
0 1 68979
0 1 68980
0 1 68982
0 1 68983
0 1 68984
0 1 68985
0 1 68986
0 1 68987
0 1 68988
0 1 68990
0 1 68991
0 1 68993
0 1 68996
0 1 68997
0 1 68999
0 1 69000
0 1 69002
0 1 69005
0 1 69006
0 1 69007
0 1 69008
0 1 69009
0 1 69013
0 1 69014
0 1 69016
0 1 69018
0 1 69020
0 1 69021
0 1 69024
0 1 69027
0 1 69028
0 1 69029
0 1 69033
0 1 69036
0 1 69037
0 1 69039
0 1 69040
0 1 69041
0 1 69042
0 1 69043
0 1 69044
0 1 69045
0 1 69046
0 1 69048
0 1 69051
0 1 69056
0 1 69057
0 1 69058
0 1 69063
0 1 69066
0 1 69069
0 1 69070
0 1 69071
0 1 69072
0 1 69073
0 1 69075
0 1 69076
0 1 69078
0 1 69080
0 1 69084
0 1 69085
0 1 69087
0 1 69089
0 1 69092
0 1 69095
0 1 69101
0 1 69102
0 1 69105
0 1 69107
0 1 69108
0 1 69110
0 1 69113
0 1 69115
0 1 69116
0 1 69117
0 1 69118
0 1 69120
0 1 69123
0 1 69126
0 1 69128
0 1 69130
0 1 69131
0 1 69133
0 1 69134
0 1 69135
0 1 69136
0 1 69137
0 1 69140
0 1 69141
0 1 69143
0 1 69144
0 1 69149
0 1 69150
0 1 69151
0 1 69152
0 1 69153
0 1 69154
0 1 69155
0 1 69159
0 1 69160
0 1 69161
0 1 69162
0 1 69163
0 1 69166
0 1 69167
0 1 69169
0 1 69175
0 1 69176
0 1 69177
0 1 69181
0 1 69182
0 1 69184
0 1 69185
0 1 69186
0 1 69189
0 1 69190
0 1 69191
0 1 69192
0 1 69196
0 1 69197
0 1 69198
0 1 69203
0 1 69204
0 1 69206
0 1 69208
0 1 69213
0 1 69217
0 1 69218
0 1 69221
0 1 69229
0 1 69230
0 1 69231
0 1 69232
0 1 69233
0 1 69234
0 1 69235
0 1 69240
0 1 69241
0 1 69242
0 1 69243
0 1 69244
0 1 69249
0 1 69251
0 1 69253
0 1 69254
0 1 69255
0 1 69257
0 1 69258
0 1 69259
0 1 69261
0 1 69266
0 1 69267
0 1 69269
0 1 69271
0 1 69274
0 1 69275
0 1 69276
0 1 69281
0 1 69283
0 1 69284
0 1 69289
0 1 69290
0 1 69291
0 1 69293
0 1 69294
0 1 69296
0 1 69297
0 1 69299
0 1 69301
0 1 69303
0 1 69306
0 1 69312
0 1 69313
0 1 69315
0 1 69316
0 1 69319
0 1 69322
0 1 69323
0 1 69325
0 1 69327
0 1 69329
0 1 69330
0 1 69332
0 1 69334
0 1 69337
0 1 69339
0 1 69340
0 1 69342
0 1 69343
0 1 69344
0 1 69345
0 1 69347
0 1 69348
0 1 69350
0 1 69353
0 1 69355
0 1 69356
0 1 69358
0 1 69359
0 1 69361
0 1 69363
0 1 69364
0 1 69365
0 1 69367
0 1 69368
0 1 69369
0 1 69372
0 1 69377
0 1 69379
0 1 69380
0 1 69383
0 1 69384
0 1 69389
0 1 69390
0 1 69391
0 1 69392
0 1 69393
0 1 69396
0 1 69397
0 1 69398
0 1 69399
0 1 69400
0 1 69402
0 1 69406
0 1 69407
0 1 69411
0 1 69412
0 1 69415
0 1 69416
0 1 69418
0 1 69421
0 1 69423
0 1 69426
0 1 69427
0 1 69428
0 1 69429
0 1 69431
0 1 69432
0 1 69436
0 1 69442
0 1 69449
0 1 69450
0 1 69454
0 1 69455
0 1 69456
0 1 69459
0 1 69460
0 1 69464
0 1 69465
0 1 69467
0 1 69468
0 1 69470
0 1 69471
0 1 69472
0 1 69474
0 1 69476
0 1 69477
0 1 69478
0 1 69479
0 1 69483
0 1 69484
0 1 69486
0 1 69489
0 1 69490
0 1 69491
0 1 69492
0 1 69493
0 1 69497
0 1 69506
0 1 69511
0 1 69512
0 1 69513
0 1 69515
0 1 69516
0 1 69518
0 1 69523
0 1 69525
0 1 69526
0 1 69527
0 1 69529
0 1 69531
0 1 69540
0 1 69541
0 1 69544
0 1 69545
0 1 69547
0 1 69552
0 1 69553
0 1 69554
0 1 69557
0 1 69558
0 1 69562
0 1 69563
0 1 69566
0 1 69567
0 1 69570
0 1 69571
0 1 69576
0 1 69577
0 1 69578
0 1 69579
0 1 69581
0 1 69584
0 1 69585
0 1 69586
0 1 69587
0 1 69588
0 1 69589
0 1 69590
0 1 69594
0 1 69598
0 1 69599
0 1 69600
0 1 69603
0 1 69604
0 1 69607
0 1 69608
0 1 69610
0 1 69613
0 1 69617
0 1 69619
0 1 69620
0 1 69621
0 1 69623
0 1 69624
0 1 69625
0 1 69631
0 1 69632
0 1 69635
0 1 69639
0 1 69640
0 1 69641
0 1 69643
0 1 69645
0 1 69646
0 1 69648
0 1 69651
0 1 69653
0 1 69654
0 1 69655
0 1 69656
0 1 69657
0 1 69658
0 1 69661
0 1 69664
0 1 69666
0 1 69669
0 1 69670
0 1 69673
0 1 69674
0 1 69675
0 1 69676
0 1 69678
0 1 69679
0 1 69680
0 1 69681
0 1 69689
0 1 69690
0 1 69692
0 1 69693
0 1 69694
0 1 69695
0 1 69696
0 1 69697
0 1 69700
0 1 69701
0 1 69704
0 1 69705
0 1 69708
0 1 69709
0 1 69711
0 1 69713
0 1 69714
0 1 69715
0 1 69716
0 1 69717
0 1 69718
0 1 69720
0 1 69723
0 1 69724
0 1 69727
0 1 69728
0 1 69733
0 1 69737
0 1 69738
0 1 69739
0 1 69741
0 1 69744
0 1 69749
0 1 69750
0 1 69752
0 1 69755
0 1 69757
0 1 69758
0 1 69760
0 1 69761
0 1 69762
0 1 69763
0 1 69764
0 1 69766
0 1 69768
0 1 69769
0 1 69773
0 1 69777
0 1 69785
0 1 69787
0 1 69796
0 1 69797
0 1 69800
0 1 69803
0 1 69804
0 1 69805
0 1 69807
0 1 69812
0 1 69814
0 1 69816
0 1 69817
0 1 69819
0 1 69823
0 1 69825
0 1 69826
0 1 69827
0 1 69828
0 1 69829
0 1 69840
0 1 69841
0 1 69842
0 1 69844
0 1 69845
0 1 69846
0 1 69847
0 1 69849
0 1 69852
0 1 69853
0 1 69856
0 1 69857
0 1 69858
0 1 69865
0 1 69867
0 1 69869
0 1 69870
0 1 69872
0 1 69873
0 1 69875
0 1 69876
0 1 69879
0 1 69880
0 1 69884
0 1 69885
0 1 69886
0 1 69888
0 1 69889
0 1 69890
0 1 69891
0 1 69893
0 1 69894
0 1 69899
0 1 69902
0 1 69904
0 1 69905
0 1 69908
0 1 69910
0 1 69912
0 1 69913
0 1 69916
0 1 69919
0 1 69921
0 1 69922
0 1 69924
0 1 69927
0 1 69930
0 1 69931
0 1 69932
0 1 69933
0 1 69936
0 1 69938
0 1 69939
0 1 69940
0 1 69942
0 1 69944
0 1 69946
0 1 69948
0 1 69950
0 1 69951
0 1 69952
0 1 69955
0 1 69956
0 1 69965
0 1 69966
0 1 69967
0 1 69968
0 1 69970
0 1 69971
0 1 69972
0 1 69973
0 1 69974
0 1 69977
0 1 69978
0 1 69981
0 1 69982
0 1 69983
0 1 69986
0 1 69989
0 1 69994
0 1 69997
0 1 69998
0 1 70000
0 1 70001
0 1 70005
0 1 70007
0 1 70010
0 1 70012
0 1 70015
0 1 70017
0 1 70018
0 1 70019
0 1 70022
0 1 70023
0 1 70025
0 1 70028
0 1 70029
0 1 70030
0 1 70031
0 1 70033
0 1 70034
0 1 70035
0 1 70036
0 1 70038
0 1 70041
0 1 70043
0 1 70044
0 1 70045
0 1 70046
0 1 70047
0 1 70048
0 1 70049
0 1 70052
0 1 70053
0 1 70055
0 1 70060
0 1 70062
0 1 70063
0 1 70064
0 1 70065
0 1 70067
0 1 70069
0 1 70072
0 1 70077
0 1 70078
0 1 70079
0 1 70082
0 1 70083
0 1 70085
0 1 70086
0 1 70089
0 1 70090
0 1 70091
0 1 70092
0 1 70093
0 1 70095
0 1 70097
0 1 70098
0 1 70100
0 1 70101
0 1 70103
0 1 70104
0 1 70107
0 1 70108
0 1 70109
0 1 70111
0 1 70113
0 1 70118
0 1 70119
0 1 70120
0 1 70121
0 1 70127
0 1 70128
0 1 70129
0 1 70130
0 1 70133
0 1 70137
0 1 70138
0 1 70139
0 1 70140
0 1 70141
0 1 70142
0 1 70143
0 1 70144
0 1 70145
0 1 70147
0 1 70148
0 1 70149
0 1 70151
0 1 70152
0 1 70153
0 1 70157
0 1 70160
0 1 70161
0 1 70163
0 1 70165
0 1 70166
0 1 70167
0 1 70170
0 1 70171
0 1 70173
0 1 70176
0 1 70178
0 1 70179
0 1 70180
0 1 70185
0 1 70191
0 1 70192
0 1 70193
0 1 70194
0 1 70199
0 1 70202
0 1 70204
0 1 70205
0 1 70206
0 1 70209
0 1 70210
0 1 70211
0 1 70212
0 1 70215
0 1 70216
0 1 70218
0 1 70219
0 1 70220
0 1 70221
0 1 70223
0 1 70227
0 1 70230
0 1 70231
0 1 70239
0 1 70243
0 1 70247
0 1 70248
0 1 70250
0 1 70251
0 1 70252
0 1 70253
0 1 70254
0 1 70255
0 1 70262
0 1 70263
0 1 70264
0 1 70265
0 1 70267
0 1 70268
0 1 70269
0 1 70270
0 1 70273
0 1 70274
0 1 70275
0 1 70277
0 1 70279
0 1 70282
0 1 70283
0 1 70287
0 1 70290
0 1 70294
0 1 70297
0 1 70298
0 1 70301
0 1 70306
0 1 70309
0 1 70310
0 1 70311
0 1 70313
0 1 70314
0 1 70315
0 1 70317
0 1 70322
0 1 70324
0 1 70327
0 1 70328
0 1 70330
0 1 70331
0 1 70333
0 1 70334
0 1 70337
0 1 70340
0 1 70341
0 1 70342
0 1 70343
0 1 70344
0 1 70345
0 1 70346
0 1 70351
0 1 70354
0 1 70355
0 1 70358
0 1 70359
0 1 70362
0 1 70364
0 1 70366
0 1 70369
0 1 70371
0 1 70372
0 1 70373
0 1 70374
0 1 70376
0 1 70377
0 1 70378
0 1 70381
0 1 70382
0 1 70383
0 1 70384
0 1 70387
0 1 70392
0 1 70395
0 1 70397
0 1 70399
0 1 70400
0 1 70404
0 1 70410
0 1 70411
0 1 70412
0 1 70414
0 1 70415
0 1 70419
0 1 70420
0 1 70421
0 1 70422
0 1 70426
0 1 70429
0 1 70432
0 1 70433
0 1 70437
0 1 70438
0 1 70440
0 1 70441
0 1 70445
0 1 70446
0 1 70448
0 1 70449
0 1 70451
0 1 70452
0 1 70454
0 1 70455
0 1 70458
0 1 70459
0 1 70461
0 1 70462
0 1 70463
0 1 70465
0 1 70466
0 1 70467
0 1 70469
0 1 70472
0 1 70476
0 1 70478
0 1 70479
0 1 70481
0 1 70482
0 1 70483
0 1 70487
0 1 70494
0 1 70498
0 1 70499
0 1 70500
0 1 70501
0 1 70503
0 1 70504
0 1 70505
0 1 70506
0 1 70509
0 1 70510
0 1 70512
0 1 70513
0 1 70516
0 1 70518
0 1 70520
0 1 70522
0 1 70523
0 1 70527
0 1 70528
0 1 70530
0 1 70533
0 1 70534
0 1 70535
0 1 70540
0 1 70542
0 1 70544
0 1 70546
0 1 70547
0 1 70548
0 1 70550
0 1 70552
0 1 70553
0 1 70557
0 1 70559
0 1 70560
0 1 70561
0 1 70562
0 1 70564
0 1 70566
0 1 70567
0 1 70569
0 1 70571
0 1 70572
0 1 70573
0 1 70574
0 1 70577
0 1 70579
0 1 70580
0 1 70587
0 1 70588
0 1 70589
0 1 70591
0 1 70592
0 1 70593
0 1 70596
0 1 70599
0 1 70600
0 1 70601
0 1 70602
0 1 70604
0 1 70606
0 1 70607
0 1 70608
0 1 70609
0 1 70610
0 1 70611
0 1 70612
0 1 70616
0 1 70618
0 1 70620
0 1 70622
0 1 70625
0 1 70626
0 1 70629
0 1 70630
0 1 70635
0 1 70636
0 1 70638
0 1 70640
0 1 70643
0 1 70644
0 1 70649
0 1 70650
0 1 70656
0 1 70658
0 1 70659
0 1 70666
0 1 70667
0 1 70668
0 1 70671
0 1 70672
0 1 70673
0 1 70674
0 1 70675
0 1 70677
0 1 70678
0 1 70680
0 1 70684
0 1 70688
0 1 70689
0 1 70690
0 1 70692
0 1 70694
0 1 70695
0 1 70700
0 1 70701
0 1 70702
0 1 70703
0 1 70704
0 1 70705
0 1 70706
0 1 70707
0 1 70710
0 1 70713
0 1 70714
0 1 70717
0 1 70718
0 1 70721
0 1 70722
0 1 70723
0 1 70724
0 1 70728
0 1 70730
0 1 70733
0 1 70734
0 1 70737
0 1 70739
0 1 70740
0 1 70744
0 1 70745
0 1 70747
0 1 70748
0 1 70749
0 1 70750
0 1 70751
0 1 70754
0 1 70756
0 1 70757
0 1 70759
0 1 70763
0 1 70765
0 1 70766
0 1 70767
0 1 70775
0 1 70776
0 1 70777
0 1 70778
0 1 70782
0 1 70785
0 1 70786
0 1 70787
0 1 70788
0 1 70789
0 1 70792
0 1 70793
0 1 70795
0 1 70796
0 1 70798
0 1 70800
0 1 70801
0 1 70803
0 1 70804
0 1 70807
0 1 70809
0 1 70811
0 1 70812
0 1 70813
0 1 70815
0 1 70817
0 1 70818
0 1 70820
0 1 70822
0 1 70823
0 1 70826
0 1 70828
0 1 70832
0 1 70833
0 1 70834
0 1 70835
0 1 70836
0 1 70840
0 1 70842
0 1 70843
0 1 70847
0 1 70850
0 1 70853
0 1 70855
0 1 70856
0 1 70858
0 1 70860
0 1 70862
0 1 70863
0 1 70864
0 1 70865
0 1 70868
0 1 70869
0 1 70870
0 1 70871
0 1 70872
0 1 70876
0 1 70885
0 1 70889
0 1 70890
0 1 70892
0 1 70894
0 1 70896
0 1 70897
0 1 70899
0 1 70900
0 1 70903
0 1 70904
0 1 70907
0 1 70914
0 1 70916
0 1 70917
0 1 70918
0 1 70919
0 1 70922
0 1 70923
0 1 70924
0 1 70925
0 1 70927
0 1 70929
0 1 70932
0 1 70934
0 1 70936
0 1 70937
0 1 70941
0 1 70949
0 1 70951
0 1 70952
0 1 70953
0 1 70959
0 1 70962
0 1 70963
0 1 70964
0 1 70965
0 1 70966
0 1 70968
0 1 70969
0 1 70972
0 1 70976
0 1 70979
0 1 70980
0 1 70981
0 1 70982
0 1 70983
0 1 70985
0 1 70987
0 1 70991
0 1 70999
0 1 71000
0 1 71002
0 1 71004
0 1 71005
0 1 71009
0 1 71010
0 1 71013
0 1 71021
0 1 71023
0 1 71026
0 1 71027
0 1 71028
0 1 71032
0 1 71035
0 1 71037
0 1 71042
0 1 71045
0 1 71047
0 1 71049
0 1 71050
0 1 71051
0 1 71052
0 1 71055
0 1 71056
0 1 71059
0 1 71061
0 1 71062
0 1 71063
0 1 71065
0 1 71066
0 1 71067
0 1 71068
0 1 71072
0 1 71073
0 1 71075
0 1 71076
0 1 71078
0 1 71079
0 1 71082
0 1 71084
0 1 71085
0 1 71088
0 1 71092
0 1 71093
0 1 71094
0 1 71099
0 1 71109
0 1 71110
0 1 71111
0 1 71113
0 1 71115
0 1 71116
0 1 71118
0 1 71120
0 1 71125
0 1 71128
0 1 71129
0 1 71130
0 1 71131
0 1 71134
0 1 71136
0 1 71138
0 1 71139
0 1 71141
0 1 71142
0 1 71143
0 1 71144
0 1 71145
0 1 71146
0 1 71147
0 1 71148
0 1 71152
0 1 71153
0 1 71154
0 1 71157
0 1 71160
0 1 71165
0 1 71167
0 1 71168
0 1 71169
0 1 71174
0 1 71175
0 1 71178
0 1 71182
0 1 71184
0 1 71185
0 1 71186
0 1 71188
0 1 71190
0 1 71192
0 1 71193
0 1 71199
0 1 71200
0 1 71204
0 1 71206
0 1 71207
0 1 71210
0 1 71211
0 1 71212
0 1 71214
0 1 71215
0 1 71221
0 1 71222
0 1 71223
0 1 71225
0 1 71227
0 1 71228
0 1 71232
0 1 71233
0 1 71237
0 1 71239
0 1 71240
0 1 71242
0 1 71245
0 1 71246
0 1 71247
0 1 71250
0 1 71251
0 1 71253
0 1 71254
0 1 71255
0 1 71256
0 1 71258
0 1 71260
0 1 71264
0 1 71267
0 1 71270
0 1 71271
0 1 71272
0 1 71275
0 1 71277
0 1 71278
0 1 71279
0 1 71284
0 1 71290
0 1 71291
0 1 71292
0 1 71298
0 1 71299
0 1 71300
0 1 71301
0 1 71302
0 1 71307
0 1 71311
0 1 71313
0 1 71314
0 1 71315
0 1 71319
0 1 71325
0 1 71327
0 1 71328
0 1 71330
0 1 71331
0 1 71333
0 1 71334
0 1 71335
0 1 71336
0 1 71337
0 1 71338
0 1 71343
0 1 71344
0 1 71345
0 1 71346
0 1 71349
0 1 71350
0 1 71353
0 1 71355
0 1 71359
0 1 71360
0 1 71364
0 1 71365
0 1 71367
0 1 71368
0 1 71369
0 1 71370
0 1 71373
0 1 71375
0 1 71376
0 1 71378
0 1 71381
0 1 71386
0 1 71388
0 1 71389
0 1 71390
0 1 71391
0 1 71393
0 1 71397
0 1 71398
0 1 71399
0 1 71403
0 1 71404
0 1 71405
0 1 71410
0 1 71411
0 1 71412
0 1 71414
0 1 71416
0 1 71418
0 1 71419
0 1 71420
0 1 71421
0 1 71424
0 1 71426
0 1 71428
0 1 71430
0 1 71431
0 1 71433
0 1 71436
0 1 71437
0 1 71438
0 1 71439
0 1 71440
0 1 71441
0 1 71442
0 1 71443
0 1 71445
0 1 71446
0 1 71448
0 1 71451
0 1 71452
0 1 71453
0 1 71454
0 1 71455
0 1 71456
0 1 71457
0 1 71458
0 1 71459
0 1 71460
0 1 71461
0 1 71463
0 1 71465
0 1 71467
0 1 71468
0 1 71469
0 1 71472
0 1 71473
0 1 71480
0 1 71481
0 1 71482
0 1 71484
0 1 71485
0 1 71487
0 1 71488
0 1 71491
0 1 71494
0 1 71497
0 1 71498
0 1 71499
0 1 71501
0 1 71503
0 1 71506
0 1 71508
0 1 71510
0 1 71511
0 1 71516
0 1 71520
0 1 71521
0 1 71523
0 1 71524
0 1 71525
0 1 71526
0 1 71527
0 1 71528
0 1 71532
0 1 71533
0 1 71537
0 1 71541
0 1 71544
0 1 71549
0 1 71552
0 1 71553
0 1 71554
0 1 71555
0 1 71556
0 1 71557
0 1 71559
0 1 71560
0 1 71561
0 1 71562
0 1 71563
0 1 71571
0 1 71574
0 1 71576
0 1 71577
0 1 71579
0 1 71581
0 1 71582
0 1 71583
0 1 71584
0 1 71585
0 1 71588
0 1 71589
0 1 71591
0 1 71592
0 1 71595
0 1 71596
0 1 71597
0 1 71599
0 1 71600
0 1 71601
0 1 71602
0 1 71605
0 1 71606
0 1 71607
0 1 71608
0 1 71609
0 1 71610
0 1 71613
0 1 71615
0 1 71616
0 1 71617
0 1 71620
0 1 71621
0 1 71625
0 1 71626
0 1 71633
0 1 71634
0 1 71635
0 1 71638
0 1 71640
0 1 71642
0 1 71643
0 1 71653
0 1 71656
0 1 71657
0 1 71658
0 1 71660
0 1 71663
0 1 71666
0 1 71668
0 1 71669
0 1 71676
0 1 71678
0 1 71683
0 1 71684
0 1 71685
0 1 71686
0 1 71687
0 1 71691
0 1 71693
0 1 71694
0 1 71700
0 1 71705
0 1 71706
0 1 71707
0 1 71708
0 1 71709
0 1 71710
0 1 71712
0 1 71715
0 1 71716
0 1 71718
0 1 71720
0 1 71721
0 1 71725
0 1 71730
0 1 71731
0 1 71733
0 1 71734
0 1 71738
0 1 71739
0 1 71745
0 1 71748
0 1 71753
0 1 71755
0 1 71756
0 1 71757
0 1 71758
0 1 71760
0 1 71762
0 1 71764
0 1 71765
0 1 71766
0 1 71772
0 1 71773
0 1 71774
0 1 71778
0 1 71779
0 1 71780
0 1 71781
0 1 71782
0 1 71783
0 1 71784
0 1 71786
0 1 71791
0 1 71793
0 1 71796
0 1 71797
0 1 71798
0 1 71799
0 1 71802
0 1 71803
0 1 71807
0 1 71809
0 1 71811
0 1 71812
0 1 71815
0 1 71819
0 1 71822
0 1 71823
0 1 71826
0 1 71830
0 1 71831
0 1 71833
0 1 71836
0 1 71837
0 1 71839
0 1 71841
0 1 71843
0 1 71847
0 1 71848
0 1 71850
0 1 71851
0 1 71852
0 1 71856
0 1 71861
0 1 71863
0 1 71864
0 1 71866
0 1 71868
0 1 71871
0 1 71874
0 1 71877
0 1 71878
0 1 71880
0 1 71883
0 1 71884
0 1 71886
0 1 71891
0 1 71892
0 1 71893
0 1 71895
0 1 71896
0 1 71897
0 1 71898
0 1 71902
0 1 71903
0 1 71904
0 1 71905
0 1 71907
0 1 71908
0 1 71910
0 1 71914
0 1 71919
0 1 71920
0 1 71921
0 1 71924
0 1 71926
0 1 71927
0 1 71928
0 1 71929
0 1 71930
0 1 71932
0 1 71934
0 1 71936
0 1 71937
0 1 71938
0 1 71940
0 1 71941
0 1 71942
0 1 71945
0 1 71947
0 1 71950
0 1 71951
0 1 71955
0 1 71956
0 1 71957
0 1 71961
0 1 71962
0 1 71963
0 1 71964
0 1 71965
0 1 71966
0 1 71968
0 1 71969
0 1 71970
0 1 71971
0 1 71974
0 1 71975
0 1 71978
0 1 71981
0 1 71982
0 1 71984
0 1 71985
0 1 71987
0 1 71988
0 1 71989
0 1 71990
0 1 71992
0 1 71994
0 1 71997
0 1 71999
0 1 72003
0 1 72004
0 1 72005
0 1 72006
0 1 72007
0 1 72008
0 1 72011
0 1 72012
0 1 72017
0 1 72018
0 1 72019
0 1 72021
0 1 72022
0 1 72023
0 1 72024
0 1 72025
0 1 72026
0 1 72028
0 1 72033
0 1 72036
0 1 72037
0 1 72042
0 1 72044
0 1 72045
0 1 72046
0 1 72047
0 1 72049
0 1 72054
0 1 72055
0 1 72057
0 1 72058
0 1 72060
0 1 72062
0 1 72063
0 1 72069
0 1 72073
0 1 72074
0 1 72075
0 1 72076
0 1 72078
0 1 72079
0 1 72080
0 1 72082
0 1 72084
0 1 72088
0 1 72089
0 1 72092
0 1 72093
0 1 72094
0 1 72095
0 1 72101
0 1 72103
0 1 72106
0 1 72111
0 1 72112
0 1 72113
0 1 72114
0 1 72117
0 1 72119
0 1 72125
0 1 72126
0 1 72128
0 1 72129
0 1 72130
0 1 72132
0 1 72135
0 1 72138
0 1 72140
0 1 72142
0 1 72144
0 1 72145
0 1 72146
0 1 72151
0 1 72152
0 1 72153
0 1 72155
0 1 72157
0 1 72160
0 1 72161
0 1 72162
0 1 72163
0 1 72165
0 1 72167
0 1 72174
0 1 72175
0 1 72177
0 1 72178
0 1 72179
0 1 72182
0 1 72183
0 1 72185
0 1 72186
0 1 72187
0 1 72194
0 1 72196
0 1 72197
0 1 72199
0 1 72200
0 1 72202
0 1 72207
0 1 72209
0 1 72210
0 1 72214
0 1 72215
0 1 72216
0 1 72220
0 1 72223
0 1 72228
0 1 72229
0 1 72232
0 1 72236
0 1 72239
0 1 72240
0 1 72242
0 1 72244
0 1 72245
0 1 72247
0 1 72250
0 1 72251
0 1 72254
0 1 72262
0 1 72268
0 1 72269
0 1 72270
0 1 72271
0 1 72272
0 1 72273
0 1 72276
0 1 72277
0 1 72281
0 1 72284
0 1 72285
0 1 72286
0 1 72289
0 1 72291
0 1 72294
0 1 72295
0 1 72296
0 1 72297
0 1 72301
0 1 72302
0 1 72304
0 1 72306
0 1 72307
0 1 72308
0 1 72309
0 1 72310
0 1 72313
0 1 72315
0 1 72316
0 1 72317
0 1 72318
0 1 72319
0 1 72321
0 1 72323
0 1 72326
0 1 72327
0 1 72329
0 1 72330
0 1 72331
0 1 72332
0 1 72334
0 1 72335
0 1 72339
0 1 72340
0 1 72342
0 1 72345
0 1 72346
0 1 72347
0 1 72348
0 1 72350
0 1 72353
0 1 72355
0 1 72356
0 1 72360
0 1 72362
0 1 72364
0 1 72366
0 1 72368
0 1 72369
0 1 72373
0 1 72374
0 1 72375
0 1 72381
0 1 72383
0 1 72384
0 1 72385
0 1 72387
0 1 72389
0 1 72390
0 1 72392
0 1 72395
0 1 72398
0 1 72400
0 1 72401
0 1 72402
0 1 72403
0 1 72405
0 1 72406
0 1 72407
0 1 72408
0 1 72409
0 1 72410
0 1 72411
0 1 72415
0 1 72418
0 1 72423
0 1 72424
0 1 72427
0 1 72429
0 1 72430
0 1 72432
0 1 72436
0 1 72437
0 1 72443
0 1 72444
0 1 72445
0 1 72446
0 1 72447
0 1 72451
0 1 72455
0 1 72460
0 1 72462
0 1 72464
0 1 72466
0 1 72467
0 1 72470
0 1 72471
0 1 72472
0 1 72474
0 1 72475
0 1 72479
0 1 72480
0 1 72481
0 1 72485
0 1 72486
0 1 72487
0 1 72488
0 1 72492
0 1 72494
0 1 72495
0 1 72496
0 1 72497
0 1 72501
0 1 72503
0 1 72504
0 1 72505
0 1 72509
0 1 72511
0 1 72513
0 1 72514
0 1 72515
0 1 72516
0 1 72518
0 1 72519
0 1 72520
0 1 72521
0 1 72523
0 1 72524
0 1 72526
0 1 72530
0 1 72531
0 1 72533
0 1 72534
0 1 72535
0 1 72537
0 1 72538
0 1 72539
0 1 72542
0 1 72545
0 1 72547
0 1 72548
0 1 72549
0 1 72551
0 1 72556
0 1 72562
0 1 72566
0 1 72567
0 1 72568
0 1 72569
0 1 72575
0 1 72576
0 1 72577
0 1 72578
0 1 72579
0 1 72580
0 1 72584
0 1 72585
0 1 72586
0 1 72590
0 1 72593
0 1 72594
0 1 72597
0 1 72599
0 1 72602
0 1 72603
0 1 72604
0 1 72605
0 1 72607
0 1 72608
0 1 72609
0 1 72613
0 1 72614
0 1 72621
0 1 72622
0 1 72625
0 1 72628
0 1 72630
0 1 72631
0 1 72632
0 1 72633
0 1 72635
0 1 72639
0 1 72642
0 1 72646
0 1 72648
0 1 72655
0 1 72657
0 1 72658
0 1 72659
0 1 72660
0 1 72663
0 1 72675
0 1 72676
0 1 72677
0 1 72680
0 1 72681
0 1 72684
0 1 72685
0 1 72687
0 1 72689
0 1 72691
0 1 72696
0 1 72697
0 1 72698
0 1 72702
0 1 72706
0 1 72708
0 1 72712
0 1 72713
0 1 72714
0 1 72715
0 1 72717
0 1 72718
0 1 72719
0 1 72721
0 1 72723
0 1 72725
0 1 72727
0 1 72732
0 1 72733
0 1 72739
0 1 72740
0 1 72741
0 1 72747
0 1 72748
0 1 72749
0 1 72751
0 1 72757
0 1 72761
0 1 72762
0 1 72764
0 1 72767
0 1 72769
0 1 72773
0 1 72778
0 1 72779
0 1 72781
0 1 72783
0 1 72784
0 1 72785
0 1 72786
0 1 72790
0 1 72792
0 1 72793
0 1 72794
0 1 72795
0 1 72797
0 1 72798
0 1 72800
0 1 72801
0 1 72804
0 1 72805
0 1 72808
0 1 72810
0 1 72812
0 1 72813
0 1 72816
0 1 72817
0 1 72819
0 1 72820
0 1 72824
0 1 72825
0 1 72826
0 1 72831
0 1 72832
0 1 72835
0 1 72836
0 1 72839
0 1 72840
0 1 72841
0 1 72845
0 1 72847
0 1 72848
0 1 72850
0 1 72852
0 1 72854
0 1 72856
0 1 72857
0 1 72858
0 1 72859
0 1 72860
0 1 72861
0 1 72865
0 1 72866
0 1 72867
0 1 72868
0 1 72869
0 1 72870
0 1 72871
0 1 72873
0 1 72876
0 1 72877
0 1 72878
0 1 72881
0 1 72885
0 1 72888
0 1 72889
0 1 72890
0 1 72891
0 1 72894
0 1 72895
0 1 72896
0 1 72897
0 1 72900
0 1 72902
0 1 72904
0 1 72905
0 1 72912
0 1 72913
0 1 72916
0 1 72917
0 1 72918
0 1 72919
0 1 72922
0 1 72923
0 1 72925
0 1 72928
0 1 72930
0 1 72931
0 1 72933
0 1 72934
0 1 72935
0 1 72936
0 1 72937
0 1 72938
0 1 72943
0 1 72946
0 1 72947
0 1 72949
0 1 72950
0 1 72951
0 1 72953
0 1 72954
0 1 72957
0 1 72961
0 1 72962
0 1 72965
0 1 72966
0 1 72967
0 1 72969
0 1 72973
0 1 72976
0 1 72978
0 1 72979
0 1 72982
0 1 72984
0 1 72987
0 1 72989
0 1 72992
0 1 72994
0 1 72996
0 1 72997
0 1 73000
0 1 73001
0 1 73002
0 1 73006
0 1 73007
0 1 73009
0 1 73010
0 1 73011
0 1 73012
0 1 73013
0 1 73014
0 1 73015
0 1 73018
0 1 73019
0 1 73021
0 1 73022
0 1 73023
0 1 73025
0 1 73032
0 1 73034
0 1 73035
0 1 73036
0 1 73037
0 1 73039
0 1 73040
0 1 73041
0 1 73042
0 1 73043
0 1 73044
0 1 73047
0 1 73051
0 1 73052
0 1 73054
0 1 73058
0 1 73061
0 1 73064
0 1 73065
0 1 73066
0 1 73068
0 1 73069
0 1 73071
0 1 73072
0 1 73075
0 1 73076
0 1 73078
0 1 73083
0 1 73085
0 1 73086
0 1 73087
0 1 73088
0 1 73091
0 1 73095
0 1 73096
0 1 73099
0 1 73100
0 1 73103
0 1 73104
0 1 73108
0 1 73110
0 1 73112
0 1 73118
0 1 73119
0 1 73121
0 1 73122
0 1 73123
0 1 73126
0 1 73135
0 1 73137
0 1 73140
0 1 73142
0 1 73144
0 1 73148
0 1 73150
0 1 73156
0 1 73159
0 1 73160
0 1 73161
0 1 73163
0 1 73164
0 1 73165
0 1 73169
0 1 73171
0 1 73175
0 1 73176
0 1 73177
0 1 73178
0 1 73180
0 1 73181
0 1 73183
0 1 73184
0 1 73188
0 1 73192
0 1 73194
0 1 73196
0 1 73197
0 1 73198
0 1 73200
0 1 73201
0 1 73202
0 1 73203
0 1 73208
0 1 73211
0 1 73212
0 1 73217
0 1 73218
0 1 73220
0 1 73222
0 1 73223
0 1 73224
0 1 73225
0 1 73226
0 1 73227
0 1 73228
0 1 73231
0 1 73232
0 1 73233
0 1 73236
0 1 73238
0 1 73239
0 1 73242
0 1 73246
0 1 73248
0 1 73251
0 1 73255
0 1 73258
0 1 73259
0 1 73260
0 1 73263
0 1 73264
0 1 73267
0 1 73268
0 1 73270
0 1 73271
0 1 73272
0 1 73273
0 1 73275
0 1 73276
0 1 73278
0 1 73279
0 1 73281
0 1 73282
0 1 73284
0 1 73285
0 1 73289
0 1 73291
0 1 73292
0 1 73294
0 1 73295
0 1 73296
0 1 73297
0 1 73300
0 1 73301
0 1 73304
0 1 73307
0 1 73308
0 1 73309
0 1 73310
0 1 73314
0 1 73316
0 1 73320
0 1 73321
0 1 73322
0 1 73326
0 1 73332
0 1 73333
0 1 73334
0 1 73337
0 1 73338
0 1 73339
0 1 73340
0 1 73341
0 1 73342
0 1 73345
0 1 73348
0 1 73349
0 1 73350
0 1 73354
0 1 73356
0 1 73360
0 1 73361
0 1 73363
0 1 73364
0 1 73366
0 1 73368
0 1 73371
0 1 73373
0 1 73374
0 1 73375
0 1 73378
0 1 73380
0 1 73382
0 1 73385
0 1 73391
0 1 73394
0 1 73395
0 1 73397
0 1 73399
0 1 73402
0 1 73409
0 1 73410
0 1 73411
0 1 73412
0 1 73413
0 1 73414
0 1 73415
0 1 73416
0 1 73418
0 1 73420
0 1 73421
0 1 73422
0 1 73426
0 1 73427
0 1 73428
0 1 73429
0 1 73431
0 1 73432
0 1 73433
0 1 73435
0 1 73441
0 1 73442
0 1 73444
0 1 73445
0 1 73447
0 1 73448
0 1 73449
0 1 73452
0 1 73453
0 1 73454
0 1 73455
0 1 73456
0 1 73457
0 1 73459
0 1 73460
0 1 73461
0 1 73462
0 1 73464
0 1 73465
0 1 73468
0 1 73469
0 1 73470
0 1 73473
0 1 73474
0 1 73479
0 1 73483
0 1 73486
0 1 73487
0 1 73489
0 1 73492
0 1 73498
0 1 73499
0 1 73502
0 1 73504
0 1 73505
0 1 73509
0 1 73510
0 1 73511
0 1 73514
0 1 73515
0 1 73516
0 1 73520
0 1 73522
0 1 73531
0 1 73533
0 1 73534
0 1 73535
0 1 73536
0 1 73537
0 1 73540
0 1 73541
0 1 73546
0 1 73549
0 1 73551
0 1 73555
0 1 73561
0 1 73570
0 1 73572
0 1 73573
0 1 73574
0 1 73576
0 1 73577
0 1 73578
0 1 73579
0 1 73582
0 1 73583
0 1 73584
0 1 73587
0 1 73588
0 1 73589
0 1 73592
0 1 73594
0 1 73595
0 1 73596
0 1 73597
0 1 73602
0 1 73603
0 1 73605
0 1 73608
0 1 73610
0 1 73613
0 1 73614
0 1 73618
0 1 73620
0 1 73623
0 1 73624
0 1 73626
0 1 73627
0 1 73628
0 1 73631
0 1 73632
0 1 73634
0 1 73635
0 1 73636
0 1 73639
0 1 73640
0 1 73643
0 1 73648
0 1 73649
0 1 73650
0 1 73651
0 1 73653
0 1 73654
0 1 73656
0 1 73661
0 1 73662
0 1 73666
0 1 73668
0 1 73669
0 1 73670
0 1 73675
0 1 73678
0 1 73679
0 1 73680
0 1 73681
0 1 73684
0 1 73685
0 1 73689
0 1 73690
0 1 73697
0 1 73698
0 1 73699
0 1 73702
0 1 73705
0 1 73710
0 1 73713
0 1 73714
0 1 73717
0 1 73719
0 1 73720
0 1 73721
0 1 73722
0 1 73724
0 1 73725
0 1 73726
0 1 73728
0 1 73731
0 1 73736
0 1 73737
0 1 73739
0 1 73740
0 1 73742
0 1 73743
0 1 73748
0 1 73751
0 1 73752
0 1 73756
0 1 73757
0 1 73759
0 1 73765
0 1 73770
0 1 73771
0 1 73773
0 1 73778
0 1 73784
0 1 73785
0 1 73786
0 1 73787
0 1 73788
0 1 73790
0 1 73791
0 1 73802
0 1 73803
0 1 73807
0 1 73810
0 1 73811
0 1 73814
0 1 73815
0 1 73816
0 1 73817
0 1 73818
0 1 73819
0 1 73821
0 1 73831
0 1 73832
0 1 73833
0 1 73837
0 1 73838
0 1 73841
0 1 73843
0 1 73844
0 1 73851
0 1 73854
0 1 73855
0 1 73856
0 1 73859
0 1 73864
0 1 73866
0 1 73867
0 1 73871
0 1 73872
0 1 73873
0 1 73875
0 1 73876
0 1 73880
0 1 73882
0 1 73883
0 1 73884
0 1 73888
0 1 73889
0 1 73891
0 1 73900
0 1 73901
0 1 73902
0 1 73903
0 1 73910
0 1 73914
0 1 73918
0 1 73919
0 1 73920
0 1 73921
0 1 73922
0 1 73923
0 1 73924
0 1 73925
0 1 73926
0 1 73931
0 1 73933
0 1 73934
0 1 73936
0 1 73937
0 1 73939
0 1 73940
0 1 73941
0 1 73944
0 1 73945
0 1 73952
0 1 73954
0 1 73955
0 1 73959
0 1 73961
0 1 73965
0 1 73974
0 1 73975
0 1 73976
0 1 73978
0 1 73979
0 1 73981
0 1 73983
0 1 73989
0 1 73997
0 1 73999
0 1 74001
0 1 74008
0 1 74009
0 1 74010
0 1 74011
0 1 74013
0 1 74015
0 1 74017
0 1 74019
0 1 74022
0 1 74024
0 1 74025
0 1 74026
0 1 74031
0 1 74032
0 1 74037
0 1 74038
0 1 74039
0 1 74041
0 1 74043
0 1 74046
0 1 74048
0 1 74050
0 1 74052
0 1 74053
0 1 74056
0 1 74057
0 1 74058
0 1 74062
0 1 74063
0 1 74064
0 1 74067
0 1 74068
0 1 74070
0 1 74072
0 1 74076
0 1 74077
0 1 74078
0 1 74080
0 1 74082
0 1 74089
0 1 74090
0 1 74092
0 1 74096
0 1 74097
0 1 74099
0 1 74104
0 1 74106
0 1 74107
0 1 74109
0 1 74110
0 1 74111
0 1 74114
0 1 74115
0 1 74119
0 1 74121
0 1 74122
0 1 74126
0 1 74127
0 1 74128
0 1 74130
0 1 74131
0 1 74132
0 1 74134
0 1 74135
0 1 74136
0 1 74140
0 1 74141
0 1 74142
0 1 74146
0 1 74148
0 1 74149
0 1 74152
0 1 74155
0 1 74156
0 1 74157
0 1 74159
0 1 74161
0 1 74163
0 1 74164
0 1 74167
0 1 74168
0 1 74171
0 1 74177
0 1 74178
0 1 74179
0 1 74181
0 1 74182
0 1 74186
0 1 74187
0 1 74188
0 1 74189
0 1 74191
0 1 74192
0 1 74193
0 1 74194
0 1 74195
0 1 74199
0 1 74201
0 1 74202
0 1 74203
0 1 74205
0 1 74209
0 1 74212
0 1 74214
0 1 74217
0 1 74220
0 1 74225
0 1 74230
0 1 74231
0 1 74235
0 1 74236
0 1 74238
0 1 74239
0 1 74240
0 1 74241
0 1 74242
0 1 74243
0 1 74245
0 1 74246
0 1 74249
0 1 74254
0 1 74256
0 1 74258
0 1 74259
0 1 74261
0 1 74263
0 1 74264
0 1 74265
0 1 74266
0 1 74267
0 1 74268
0 1 74270
0 1 74271
0 1 74273
0 1 74274
0 1 74275
0 1 74282
0 1 74283
0 1 74285
0 1 74286
0 1 74290
0 1 74297
0 1 74298
0 1 74301
0 1 74303
0 1 74306
0 1 74307
0 1 74308
0 1 74309
0 1 74311
0 1 74313
0 1 74315
0 1 74316
0 1 74317
0 1 74319
0 1 74321
0 1 74323
0 1 74324
0 1 74326
0 1 74327
0 1 74329
0 1 74331
0 1 74332
0 1 74333
0 1 74334
0 1 74339
0 1 74341
0 1 74343
0 1 74346
0 1 74347
0 1 74348
0 1 74351
0 1 74353
0 1 74354
0 1 74355
0 1 74359
0 1 74361
0 1 74362
0 1 74365
0 1 74369
0 1 74370
0 1 74371
0 1 74374
0 1 74375
0 1 74376
0 1 74378
0 1 74380
0 1 74383
0 1 74385
0 1 74387
0 1 74388
0 1 74390
0 1 74391
0 1 74393
0 1 74401
0 1 74403
0 1 74404
0 1 74407
0 1 74408
0 1 74410
0 1 74411
0 1 74417
0 1 74418
0 1 74419
0 1 74420
0 1 74423
0 1 74424
0 1 74425
0 1 74426
0 1 74427
0 1 74429
0 1 74430
0 1 74431
0 1 74432
0 1 74434
0 1 74435
0 1 74436
0 1 74437
0 1 74440
0 1 74442
0 1 74443
0 1 74444
0 1 74445
0 1 74448
0 1 74456
0 1 74459
0 1 74462
0 1 74463
0 1 74470
0 1 74473
0 1 74475
0 1 74476
0 1 74477
0 1 74479
0 1 74486
0 1 74489
0 1 74490
0 1 74491
0 1 74493
0 1 74496
0 1 74497
0 1 74500
0 1 74503
0 1 74507
0 1 74508
0 1 74510
0 1 74512
0 1 74516
0 1 74517
0 1 74519
0 1 74520
0 1 74521
0 1 74523
0 1 74524
0 1 74525
0 1 74526
0 1 74527
0 1 74529
0 1 74530
0 1 74531
0 1 74533
0 1 74536
0 1 74537
0 1 74540
0 1 74544
0 1 74546
0 1 74547
0 1 74550
0 1 74551
0 1 74552
0 1 74554
0 1 74558
0 1 74559
0 1 74560
0 1 74562
0 1 74564
0 1 74566
0 1 74568
0 1 74570
0 1 74573
0 1 74575
0 1 74578
0 1 74581
0 1 74582
0 1 74583
0 1 74587
0 1 74592
0 1 74593
0 1 74596
0 1 74597
0 1 74601
0 1 74605
0 1 74608
0 1 74610
0 1 74613
0 1 74614
0 1 74615
0 1 74616
0 1 74618
0 1 74619
0 1 74624
0 1 74625
0 1 74628
0 1 74630
0 1 74631
0 1 74632
0 1 74635
0 1 74640
0 1 74641
0 1 74643
0 1 74644
0 1 74646
0 1 74648
0 1 74649
0 1 74653
0 1 74657
0 1 74658
0 1 74659
0 1 74661
0 1 74663
0 1 74669
0 1 74670
0 1 74671
0 1 74672
0 1 74675
0 1 74678
0 1 74679
0 1 74680
0 1 74681
0 1 74683
0 1 74684
0 1 74685
0 1 74687
0 1 74690
0 1 74696
0 1 74698
0 1 74700
0 1 74702
0 1 74703
0 1 74704
0 1 74707
0 1 74708
0 1 74709
0 1 74711
0 1 74716
0 1 74717
0 1 74718
0 1 74720
0 1 74725
0 1 74730
0 1 74733
0 1 74734
0 1 74736
0 1 74738
0 1 74741
0 1 74742
0 1 74743
0 1 74747
0 1 74749
0 1 74751
0 1 74752
0 1 74753
0 1 74754
0 1 74759
0 1 74760
0 1 74761
0 1 74762
0 1 74763
0 1 74764
0 1 74765
0 1 74769
0 1 74775
0 1 74778
0 1 74779
0 1 74780
0 1 74782
0 1 74783
0 1 74786
0 1 74788
0 1 74789
0 1 74790
0 1 74792
0 1 74793
0 1 74795
0 1 74797
0 1 74798
0 1 74801
0 1 74802
0 1 74804
0 1 74807
0 1 74810
0 1 74811
0 1 74813
0 1 74814
0 1 74815
0 1 74816
0 1 74821
0 1 74825
0 1 74827
0 1 74828
0 1 74829
0 1 74831
0 1 74832
0 1 74833
0 1 74834
0 1 74837
0 1 74842
0 1 74845
0 1 74847
0 1 74856
0 1 74859
0 1 74860
0 1 74863
0 1 74868
0 1 74869
0 1 74872
0 1 74873
0 1 74874
0 1 74875
0 1 74876
0 1 74880
0 1 74881
0 1 74882
0 1 74883
0 1 74885
0 1 74887
0 1 74889
0 1 74890
0 1 74891
0 1 74892
0 1 74894
0 1 74896
0 1 74898
0 1 74900
0 1 74903
0 1 74904
0 1 74905
0 1 74906
0 1 74907
0 1 74909
0 1 74911
0 1 74914
0 1 74917
0 1 74919
0 1 74921
0 1 74923
0 1 74924
0 1 74926
0 1 74930
0 1 74932
0 1 74934
0 1 74936
0 1 74939
0 1 74940
0 1 74942
0 1 74943
0 1 74945
0 1 74949
0 1 74950
0 1 74951
0 1 74953
0 1 74955
0 1 74956
0 1 74958
0 1 74960
0 1 74961
0 1 74962
0 1 74964
0 1 74965
0 1 74966
0 1 74970
0 1 74972
0 1 74973
0 1 74977
0 1 74979
0 1 74980
0 1 74981
0 1 74982
0 1 74983
0 1 74984
0 1 74986
0 1 74987
0 1 74988
0 1 74992
0 1 74993
0 1 74996
0 1 74997
0 1 74998
0 1 75000
0 1 75003
0 1 75005
0 1 75007
0 1 75013
0 1 75014
0 1 75015
0 1 75017
0 1 75019
0 1 75020
0 1 75021
0 1 75024
0 1 75025
0 1 75028
0 1 75031
0 1 75033
0 1 75040
0 1 75042
0 1 75044
0 1 75046
0 1 75048
0 1 75055
0 1 75058
0 1 75059
0 1 75063
0 1 75065
0 1 75067
0 1 75068
0 1 75069
0 1 75070
0 1 75074
0 1 75075
0 1 75076
0 1 75077
0 1 75079
0 1 75080
0 1 75082
0 1 75084
0 1 75085
0 1 75088
0 1 75090
0 1 75091
0 1 75093
0 1 75096
0 1 75099
0 1 75100
0 1 75101
0 1 75104
0 1 75105
0 1 75110
0 1 75111
0 1 75114
0 1 75115
0 1 75119
0 1 75120
0 1 75121
0 1 75123
0 1 75124
0 1 75129
0 1 75130
0 1 75131
0 1 75134
0 1 75135
0 1 75138
0 1 75141
0 1 75143
0 1 75146
0 1 75147
0 1 75148
0 1 75151
0 1 75152
0 1 75155
0 1 75158
0 1 75159
0 1 75160
0 1 75161
0 1 75165
0 1 75167
0 1 75168
0 1 75169
0 1 75171
0 1 75172
0 1 75173
0 1 75174
0 1 75180
0 1 75187
0 1 75188
0 1 75192
0 1 75193
0 1 75194
0 1 75195
0 1 75196
0 1 75198
0 1 75199
0 1 75200
0 1 75203
0 1 75204
0 1 75205
0 1 75207
0 1 75208
0 1 75209
0 1 75211
0 1 75215
0 1 75216
0 1 75217
0 1 75218
0 1 75221
0 1 75222
0 1 75224
0 1 75226
0 1 75229
0 1 75231
0 1 75235
0 1 75236
0 1 75238
0 1 75239
0 1 75242
0 1 75250
0 1 75251
0 1 75253
0 1 75254
0 1 75255
0 1 75256
0 1 75257
0 1 75258
0 1 75259
0 1 75260
0 1 75263
0 1 75265
0 1 75266
0 1 75269
0 1 75270
0 1 75274
0 1 75275
0 1 75277
0 1 75278
0 1 75279
0 1 75280
0 1 75283
0 1 75284
0 1 75286
0 1 75287
0 1 75291
0 1 75293
0 1 75295
0 1 75298
0 1 75300
0 1 75301
0 1 75303
0 1 75308
0 1 75312
0 1 75314
0 1 75315
0 1 75317
0 1 75319
0 1 75321
0 1 75322
0 1 75323
0 1 75325
0 1 75326
0 1 75327
0 1 75328
0 1 75329
0 1 75331
0 1 75332
0 1 75335
0 1 75337
0 1 75340
0 1 75341
0 1 75342
0 1 75343
0 1 75348
0 1 75353
0 1 75354
0 1 75355
0 1 75357
0 1 75361
0 1 75363
0 1 75364
0 1 75365
0 1 75366
0 1 75368
0 1 75369
0 1 75371
0 1 75373
0 1 75374
0 1 75376
0 1 75378
0 1 75382
0 1 75383
0 1 75389
0 1 75390
0 1 75391
0 1 75392
0 1 75393
0 1 75394
0 1 75395
0 1 75396
0 1 75397
0 1 75398
0 1 75399
0 1 75401
0 1 75402
0 1 75403
0 1 75404
0 1 75407
0 1 75408
0 1 75411
0 1 75412
0 1 75413
0 1 75414
0 1 75417
0 1 75418
0 1 75423
0 1 75425
0 1 75426
0 1 75427
0 1 75428
0 1 75432
0 1 75433
0 1 75435
0 1 75436
0 1 75438
0 1 75439
0 1 75440
0 1 75441
0 1 75442
0 1 75443
0 1 75444
0 1 75451
0 1 75453
0 1 75454
0 1 75455
0 1 75457
0 1 75459
0 1 75466
0 1 75468
0 1 75471
0 1 75474
0 1 75477
0 1 75479
0 1 75480
0 1 75481
0 1 75482
0 1 75483
0 1 75484
0 1 75487
0 1 75488
0 1 75489
0 1 75491
0 1 75492
0 1 75497
0 1 75498
0 1 75500
0 1 75502
0 1 75503
0 1 75504
0 1 75505
0 1 75508
0 1 75510
0 1 75511
0 1 75512
0 1 75516
0 1 75519
0 1 75520
0 1 75521
0 1 75524
0 1 75530
0 1 75531
0 1 75532
0 1 75534
0 1 75535
0 1 75536
0 1 75539
0 1 75540
0 1 75543
0 1 75544
0 1 75546
0 1 75555
0 1 75556
0 1 75558
0 1 75559
0 1 75560
0 1 75562
0 1 75563
0 1 75565
0 1 75566
0 1 75570
0 1 75571
0 1 75573
0 1 75574
0 1 75577
0 1 75578
0 1 75579
0 1 75580
0 1 75583
0 1 75584
0 1 75589
0 1 75590
0 1 75591
0 1 75593
0 1 75595
0 1 75596
0 1 75597
0 1 75598
0 1 75602
0 1 75603
0 1 75605
0 1 75608
0 1 75612
0 1 75613
0 1 75614
0 1 75615
0 1 75616
0 1 75621
0 1 75625
0 1 75629
0 1 75631
0 1 75632
0 1 75633
0 1 75634
0 1 75636
0 1 75638
0 1 75639
0 1 75641
0 1 75642
0 1 75644
0 1 75645
0 1 75648
0 1 75649
0 1 75651
0 1 75655
0 1 75656
0 1 75657
0 1 75660
0 1 75661
0 1 75663
0 1 75664
0 1 75668
0 1 75671
0 1 75672
0 1 75673
0 1 75674
0 1 75678
0 1 75682
0 1 75685
0 1 75686
0 1 75688
0 1 75689
0 1 75692
0 1 75698
0 1 75699
0 1 75700
0 1 75701
0 1 75702
0 1 75703
0 1 75704
0 1 75705
0 1 75708
0 1 75714
0 1 75715
0 1 75719
0 1 75720
0 1 75721
0 1 75722
0 1 75724
0 1 75726
0 1 75727
0 1 75730
0 1 75731
0 1 75732
0 1 75734
0 1 75735
0 1 75736
0 1 75737
0 1 75739
0 1 75741
0 1 75743
0 1 75744
0 1 75748
0 1 75749
0 1 75752
0 1 75754
0 1 75755
0 1 75757
0 1 75760
0 1 75761
0 1 75762
0 1 75763
0 1 75767
0 1 75768
0 1 75771
0 1 75772
0 1 75774
0 1 75775
0 1 75779
0 1 75780
0 1 75781
0 1 75782
0 1 75784
0 1 75790
0 1 75791
0 1 75792
0 1 75794
0 1 75795
0 1 75796
0 1 75797
0 1 75798
0 1 75800
0 1 75801
0 1 75802
0 1 75804
0 1 75807
0 1 75810
0 1 75811
0 1 75812
0 1 75813
0 1 75814
0 1 75816
0 1 75817
0 1 75818
0 1 75823
0 1 75824
0 1 75825
0 1 75826
0 1 75828
0 1 75829
0 1 75834
0 1 75836
0 1 75837
0 1 75838
0 1 75841
0 1 75848
0 1 75850
0 1 75853
0 1 75854
0 1 75855
0 1 75856
0 1 75858
0 1 75860
0 1 75862
0 1 75866
0 1 75868
0 1 75869
0 1 75872
0 1 75873
0 1 75875
0 1 75878
0 1 75879
0 1 75881
0 1 75884
0 1 75885
0 1 75888
0 1 75889
0 1 75890
0 1 75893
0 1 75894
0 1 75897
0 1 75898
0 1 75899
0 1 75900
0 1 75902
0 1 75904
0 1 75905
0 1 75906
0 1 75909
0 1 75910
0 1 75912
0 1 75915
0 1 75916
0 1 75917
0 1 75920
0 1 75921
0 1 75923
0 1 75924
0 1 75925
0 1 75929
0 1 75930
0 1 75932
0 1 75934
0 1 75936
0 1 75937
0 1 75938
0 1 75939
0 1 75940
0 1 75947
0 1 75948
0 1 75950
0 1 75952
0 1 75953
0 1 75955
0 1 75957
0 1 75958
0 1 75959
0 1 75962
0 1 75965
0 1 75967
0 1 75971
0 1 75972
0 1 75973
0 1 75974
0 1 75975
0 1 75976
0 1 75978
0 1 75980
0 1 75981
0 1 75982
0 1 75984
0 1 75985
0 1 75988
0 1 75993
0 1 75996
0 1 75997
0 1 76000
0 1 76001
0 1 76004
0 1 76005
0 1 76009
0 1 76010
0 1 76011
0 1 76013
0 1 76014
0 1 76016
0 1 76017
0 1 76019
0 1 76020
0 1 76021
0 1 76022
0 1 76023
0 1 76028
0 1 76030
0 1 76031
0 1 76032
0 1 76033
0 1 76034
0 1 76036
0 1 76040
0 1 76043
0 1 76044
0 1 76047
0 1 76049
0 1 76050
0 1 76053
0 1 76055
0 1 76056
0 1 76057
0 1 76058
0 1 76059
0 1 76060
0 1 76061
0 1 76062
0 1 76063
0 1 76064
0 1 76065
0 1 76066
0 1 76068
0 1 76069
0 1 76070
0 1 76071
0 1 76075
0 1 76076
0 1 76080
0 1 76086
0 1 76087
0 1 76088
0 1 76089
0 1 76092
0 1 76094
0 1 76095
0 1 76100
0 1 76102
0 1 76103
0 1 76106
0 1 76111
0 1 76112
0 1 76114
0 1 76116
0 1 76117
0 1 76118
0 1 76123
0 1 76124
0 1 76125
0 1 76129
0 1 76130
0 1 76132
0 1 76136
0 1 76137
0 1 76138
0 1 76139
0 1 76141
0 1 76143
0 1 76147
0 1 76148
0 1 76149
0 1 76151
0 1 76152
0 1 76153
0 1 76156
0 1 76157
0 1 76158
0 1 76159
0 1 76161
0 1 76167
0 1 76168
0 1 76169
0 1 76170
0 1 76171
0 1 76172
0 1 76173
0 1 76175
0 1 76178
0 1 76179
0 1 76180
0 1 76183
0 1 76184
0 1 76189
0 1 76193
0 1 76194
0 1 76196
0 1 76198
0 1 76199
0 1 76203
0 1 76204
0 1 76205
0 1 76207
0 1 76208
0 1 76211
0 1 76213
0 1 76215
0 1 76220
0 1 76221
0 1 76222
0 1 76224
0 1 76225
0 1 76227
0 1 76228
0 1 76229
0 1 76230
0 1 76234
0 1 76236
0 1 76238
0 1 76240
0 1 76242
0 1 76243
0 1 76244
0 1 76246
0 1 76249
0 1 76252
0 1 76256
0 1 76257
0 1 76261
0 1 76270
0 1 76281
0 1 76283
0 1 76285
0 1 76289
0 1 76290
0 1 76298
0 1 76300
0 1 76304
0 1 76305
0 1 76310
0 1 76315
0 1 76317
0 1 76318
0 1 76320
0 1 76321
0 1 76323
0 1 76325
0 1 76326
0 1 76330
0 1 76332
0 1 76333
0 1 76338
0 1 76339
0 1 76340
0 1 76342
0 1 76343
0 1 76345
0 1 76347
0 1 76348
0 1 76350
0 1 76352
0 1 76355
0 1 76357
0 1 76358
0 1 76360
0 1 76361
0 1 76362
0 1 76363
0 1 76369
0 1 76372
0 1 76375
0 1 76376
0 1 76378
0 1 76380
0 1 76381
0 1 76386
0 1 76388
0 1 76390
0 1 76391
0 1 76392
0 1 76394
0 1 76396
0 1 76398
0 1 76402
0 1 76403
0 1 76404
0 1 76405
0 1 76406
0 1 76407
0 1 76412
0 1 76414
0 1 76415
0 1 76417
0 1 76418
0 1 76419
0 1 76428
0 1 76430
0 1 76431
0 1 76433
0 1 76434
0 1 76439
0 1 76443
0 1 76448
0 1 76449
0 1 76451
0 1 76452
0 1 76457
0 1 76459
0 1 76460
0 1 76464
0 1 76469
0 1 76472
0 1 76473
0 1 76474
0 1 76475
0 1 76476
0 1 76480
0 1 76481
0 1 76482
0 1 76483
0 1 76484
0 1 76485
0 1 76491
0 1 76492
0 1 76494
0 1 76496
0 1 76497
0 1 76500
0 1 76502
0 1 76503
0 1 76504
0 1 76505
0 1 76506
0 1 76510
0 1 76511
0 1 76512
0 1 76513
0 1 76515
0 1 76518
0 1 76524
0 1 76526
0 1 76527
0 1 76528
0 1 76530
0 1 76532
0 1 76533
0 1 76538
0 1 76541
0 1 76542
0 1 76543
0 1 76548
0 1 76549
0 1 76551
0 1 76554
0 1 76555
0 1 76561
0 1 76565
0 1 76568
0 1 76569
0 1 76570
0 1 76573
0 1 76576
0 1 76577
0 1 76579
0 1 76580
0 1 76584
0 1 76585
0 1 76587
0 1 76591
0 1 76593
0 1 76594
0 1 76599
0 1 76601
0 1 76602
0 1 76603
0 1 76604
0 1 76606
0 1 76608
0 1 76611
0 1 76612
0 1 76614
0 1 76620
0 1 76624
0 1 76626
0 1 76628
0 1 76629
0 1 76630
0 1 76631
0 1 76634
0 1 76637
0 1 76645
0 1 76646
0 1 76648
0 1 76649
0 1 76650
0 1 76651
0 1 76652
0 1 76655
0 1 76659
0 1 76660
0 1 76662
0 1 76663
0 1 76664
0 1 76668
0 1 76669
0 1 76670
0 1 76675
0 1 76678
0 1 76680
0 1 76681
0 1 76682
0 1 76683
0 1 76688
0 1 76689
0 1 76690
0 1 76692
0 1 76693
0 1 76695
0 1 76697
0 1 76700
0 1 76701
0 1 76708
0 1 76711
0 1 76712
0 1 76713
0 1 76714
0 1 76716
0 1 76717
0 1 76721
0 1 76723
0 1 76724
0 1 76727
0 1 76731
0 1 76732
0 1 76733
0 1 76735
0 1 76737
0 1 76738
0 1 76740
0 1 76741
0 1 76743
0 1 76746
0 1 76747
0 1 76748
0 1 76749
0 1 76751
0 1 76754
0 1 76756
0 1 76757
0 1 76758
0 1 76760
0 1 76761
0 1 76763
0 1 76765
0 1 76766
0 1 76768
0 1 76769
0 1 76773
0 1 76775
0 1 76778
0 1 76780
0 1 76781
0 1 76782
0 1 76785
0 1 76787
0 1 76788
0 1 76791
0 1 76792
0 1 76793
0 1 76794
0 1 76795
0 1 76796
0 1 76797
0 1 76799
0 1 76804
0 1 76805
0 1 76807
0 1 76810
0 1 76812
0 1 76813
0 1 76817
0 1 76818
0 1 76820
0 1 76825
0 1 76826
0 1 76827
0 1 76828
0 1 76831
0 1 76833
0 1 76834
0 1 76835
0 1 76837
0 1 76838
0 1 76839
0 1 76840
0 1 76843
0 1 76845
0 1 76847
0 1 76848
0 1 76850
0 1 76852
0 1 76854
0 1 76855
0 1 76856
0 1 76859
0 1 76860
0 1 76861
0 1 76862
0 1 76863
0 1 76864
0 1 76867
0 1 76869
0 1 76870
0 1 76873
0 1 76875
0 1 76876
0 1 76877
0 1 76879
0 1 76880
0 1 76881
0 1 76882
0 1 76883
0 1 76887
0 1 76888
0 1 76891
0 1 76895
0 1 76898
0 1 76899
0 1 76900
0 1 76901
0 1 76903
0 1 76905
0 1 76906
0 1 76907
0 1 76910
0 1 76914
0 1 76917
0 1 76918
0 1 76922
0 1 76925
0 1 76929
0 1 76930
0 1 76932
0 1 76935
0 1 76936
0 1 76937
0 1 76939
0 1 76940
0 1 76942
0 1 76944
0 1 76945
0 1 76946
0 1 76947
0 1 76950
0 1 76958
0 1 76962
0 1 76965
0 1 76972
0 1 76973
0 1 76979
0 1 76980
0 1 76982
0 1 76984
0 1 76985
0 1 76987
0 1 76988
0 1 76989
0 1 76996
0 1 77003
0 1 77005
0 1 77008
0 1 77009
0 1 77010
0 1 77011
0 1 77014
0 1 77019
0 1 77021
0 1 77023
0 1 77024
0 1 77025
0 1 77028
0 1 77029
0 1 77030
0 1 77031
0 1 77032
0 1 77034
0 1 77036
0 1 77037
0 1 77039
0 1 77040
0 1 77041
0 1 77044
0 1 77046
0 1 77047
0 1 77048
0 1 77052
0 1 77054
0 1 77055
0 1 77057
0 1 77060
0 1 77062
0 1 77064
0 1 77065
0 1 77069
0 1 77070
0 1 77071
0 1 77074
0 1 77075
0 1 77076
0 1 77077
0 1 77078
0 1 77079
0 1 77082
0 1 77083
0 1 77084
0 1 77086
0 1 77087
0 1 77090
0 1 77092
0 1 77093
0 1 77095
0 1 77097
0 1 77101
0 1 77104
0 1 77105
0 1 77106
0 1 77109
0 1 77112
0 1 77113
0 1 77117
0 1 77118
0 1 77121
0 1 77123
0 1 77124
0 1 77127
0 1 77130
0 1 77131
0 1 77133
0 1 77135
0 1 77136
0 1 77138
0 1 77144
0 1 77146
0 1 77150
0 1 77151
0 1 77154
0 1 77156
0 1 77159
0 1 77164
0 1 77165
0 1 77166
0 1 77167
0 1 77168
0 1 77170
0 1 77171
0 1 77172
0 1 77174
0 1 77176
0 1 77178
0 1 77179
0 1 77181
0 1 77184
0 1 77185
0 1 77186
0 1 77188
0 1 77189
0 1 77190
0 1 77191
0 1 77192
0 1 77194
0 1 77195
0 1 77196
0 1 77197
0 1 77198
0 1 77199
0 1 77200
0 1 77201
0 1 77204
0 1 77205
0 1 77211
0 1 77212
0 1 77217
0 1 77219
0 1 77222
0 1 77224
0 1 77231
0 1 77233
0 1 77234
0 1 77236
0 1 77237
0 1 77244
0 1 77246
0 1 77248
0 1 77251
0 1 77252
0 1 77254
0 1 77256
0 1 77258
0 1 77259
0 1 77261
0 1 77262
0 1 77264
0 1 77265
0 1 77268
0 1 77269
0 1 77273
0 1 77274
0 1 77276
0 1 77277
0 1 77279
0 1 77280
0 1 77282
0 1 77283
0 1 77285
0 1 77286
0 1 77288
0 1 77290
0 1 77292
0 1 77294
0 1 77295
0 1 77299
0 1 77306
0 1 77307
0 1 77309
0 1 77312
0 1 77313
0 1 77316
0 1 77317
0 1 77319
0 1 77320
0 1 77321
0 1 77322
0 1 77323
0 1 77324
0 1 77329
0 1 77331
0 1 77338
0 1 77344
0 1 77345
0 1 77347
0 1 77348
0 1 77349
0 1 77354
0 1 77355
0 1 77356
0 1 77357
0 1 77358
0 1 77359
0 1 77361
0 1 77362
0 1 77366
0 1 77367
0 1 77368
0 1 77371
0 1 77375
0 1 77376
0 1 77379
0 1 77386
0 1 77388
0 1 77395
0 1 77399
0 1 77401
0 1 77407
0 1 77410
0 1 77411
0 1 77412
0 1 77416
0 1 77417
0 1 77418
0 1 77419
0 1 77420
0 1 77421
0 1 77423
0 1 77424
0 1 77425
0 1 77428
0 1 77429
0 1 77431
0 1 77432
0 1 77438
0 1 77440
0 1 77444
0 1 77445
0 1 77448
0 1 77449
0 1 77451
0 1 77454
0 1 77456
0 1 77457
0 1 77459
0 1 77462
0 1 77466
0 1 77467
0 1 77468
0 1 77470
0 1 77475
0 1 77476
0 1 77479
0 1 77481
0 1 77485
0 1 77489
0 1 77491
0 1 77495
0 1 77496
0 1 77497
0 1 77501
0 1 77502
0 1 77504
0 1 77505
0 1 77506
0 1 77507
0 1 77508
0 1 77509
0 1 77510
0 1 77512
0 1 77514
0 1 77516
0 1 77517
0 1 77520
0 1 77522
0 1 77525
0 1 77527
0 1 77531
0 1 77534
0 1 77535
0 1 77536
0 1 77537
0 1 77540
0 1 77541
0 1 77543
0 1 77547
0 1 77548
0 1 77549
0 1 77551
0 1 77552
0 1 77553
0 1 77557
0 1 77558
0 1 77559
0 1 77560
0 1 77562
0 1 77563
0 1 77564
0 1 77566
0 1 77567
0 1 77569
0 1 77570
0 1 77571
0 1 77572
0 1 77573
0 1 77574
0 1 77577
0 1 77580
0 1 77581
0 1 77582
0 1 77583
0 1 77585
0 1 77588
0 1 77592
0 1 77597
0 1 77601
0 1 77606
0 1 77607
0 1 77608
0 1 77611
0 1 77612
0 1 77619
0 1 77620
0 1 77621
0 1 77626
0 1 77630
0 1 77632
0 1 77634
0 1 77635
0 1 77637
0 1 77640
0 1 77642
0 1 77643
0 1 77644
0 1 77645
0 1 77647
0 1 77649
0 1 77650
0 1 77654
0 1 77657
0 1 77660
0 1 77662
0 1 77663
0 1 77667
0 1 77668
0 1 77672
0 1 77673
0 1 77674
0 1 77677
0 1 77682
0 1 77683
0 1 77685
0 1 77686
0 1 77689
0 1 77690
0 1 77692
0 1 77694
0 1 77695
0 1 77696
0 1 77700
0 1 77703
0 1 77706
0 1 77708
0 1 77709
0 1 77711
0 1 77713
0 1 77714
0 1 77715
0 1 77720
0 1 77721
0 1 77722
0 1 77724
0 1 77727
0 1 77728
0 1 77729
0 1 77730
0 1 77732
0 1 77733
0 1 77736
0 1 77737
0 1 77739
0 1 77743
0 1 77745
0 1 77747
0 1 77748
0 1 77750
0 1 77751
0 1 77753
0 1 77754
0 1 77755
0 1 77757
0 1 77758
0 1 77760
0 1 77766
0 1 77767
0 1 77768
0 1 77770
0 1 77771
0 1 77773
0 1 77778
0 1 77779
0 1 77782
0 1 77785
0 1 77786
0 1 77788
0 1 77789
0 1 77791
0 1 77794
0 1 77796
0 1 77800
0 1 77801
0 1 77802
0 1 77803
0 1 77805
0 1 77807
0 1 77808
0 1 77809
0 1 77810
0 1 77812
0 1 77821
0 1 77822
0 1 77826
0 1 77827
0 1 77829
0 1 77830
0 1 77831
0 1 77832
0 1 77833
0 1 77834
0 1 77835
0 1 77840
0 1 77841
0 1 77842
0 1 77846
0 1 77849
0 1 77850
0 1 77851
0 1 77852
0 1 77853
0 1 77854
0 1 77858
0 1 77859
0 1 77860
0 1 77862
0 1 77863
0 1 77864
0 1 77865
0 1 77866
0 1 77868
0 1 77870
0 1 77872
0 1 77873
0 1 77874
0 1 77876
0 1 77881
0 1 77882
0 1 77887
0 1 77890
0 1 77892
0 1 77895
0 1 77896
0 1 77897
0 1 77898
0 1 77899
0 1 77901
0 1 77902
0 1 77903
0 1 77904
0 1 77907
0 1 77908
0 1 77909
0 1 77910
0 1 77911
0 1 77912
0 1 77915
0 1 77916
0 1 77918
0 1 77919
0 1 77921
0 1 77922
0 1 77925
0 1 77926
0 1 77928
0 1 77929
0 1 77930
0 1 77932
0 1 77933
0 1 77934
0 1 77935
0 1 77936
0 1 77937
0 1 77943
0 1 77944
0 1 77945
0 1 77947
0 1 77948
0 1 77949
0 1 77951
0 1 77954
0 1 77955
0 1 77962
0 1 77963
0 1 77969
0 1 77971
0 1 77972
0 1 77973
0 1 77974
0 1 77975
0 1 77977
0 1 77978
0 1 77980
0 1 77982
0 1 77984
0 1 77985
0 1 77988
0 1 77989
0 1 77990
0 1 77995
0 1 77996
0 1 77997
0 1 77998
0 1 78000
0 1 78001
0 1 78002
0 1 78003
0 1 78004
0 1 78005
0 1 78006
0 1 78008
0 1 78010
0 1 78012
0 1 78014
0 1 78015
0 1 78017
0 1 78018
0 1 78019
0 1 78021
0 1 78022
0 1 78023
0 1 78024
0 1 78025
0 1 78026
0 1 78027
0 1 78028
0 1 78029
0 1 78030
0 1 78032
0 1 78037
0 1 78040
0 1 78042
0 1 78045
0 1 78046
0 1 78047
0 1 78048
0 1 78050
0 1 78051
0 1 78053
0 1 78055
0 1 78056
0 1 78058
0 1 78066
0 1 78068
0 1 78069
0 1 78070
0 1 78071
0 1 78072
0 1 78074
0 1 78075
0 1 78076
0 1 78077
0 1 78084
0 1 78092
0 1 78093
0 1 78094
0 1 78097
0 1 78100
0 1 78101
0 1 78102
0 1 78105
0 1 78106
0 1 78107
0 1 78108
0 1 78109
0 1 78112
0 1 78113
0 1 78115
0 1 78117
0 1 78118
0 1 78119
0 1 78121
0 1 78125
0 1 78127
0 1 78131
0 1 78132
0 1 78134
0 1 78135
0 1 78137
0 1 78138
0 1 78140
0 1 78143
0 1 78145
0 1 78146
0 1 78149
0 1 78150
0 1 78151
0 1 78154
0 1 78155
0 1 78157
0 1 78158
0 1 78159
0 1 78160
0 1 78165
0 1 78166
0 1 78167
0 1 78168
0 1 78169
0 1 78170
0 1 78171
0 1 78172
0 1 78174
0 1 78175
0 1 78176
0 1 78179
0 1 78180
0 1 78181
0 1 78184
0 1 78185
0 1 78187
0 1 78189
0 1 78191
0 1 78192
0 1 78193
0 1 78194
0 1 78195
0 1 78197
0 1 78199
0 1 78200
0 1 78203
0 1 78204
0 1 78205
0 1 78206
0 1 78212
0 1 78214
0 1 78215
0 1 78220
0 1 78221
0 1 78223
0 1 78224
0 1 78227
0 1 78231
0 1 78234
0 1 78237
0 1 78240
0 1 78241
0 1 78242
0 1 78243
0 1 78245
0 1 78247
0 1 78252
0 1 78254
0 1 78255
0 1 78259
0 1 78260
0 1 78263
0 1 78265
0 1 78266
0 1 78267
0 1 78270
0 1 78271
0 1 78272
0 1 78273
0 1 78276
0 1 78278
0 1 78279
0 1 78280
0 1 78285
0 1 78289
0 1 78292
0 1 78293
0 1 78294
0 1 78299
0 1 78300
0 1 78302
0 1 78304
0 1 78305
0 1 78307
0 1 78310
0 1 78311
0 1 78312
0 1 78313
0 1 78316
0 1 78317
0 1 78319
0 1 78320
0 1 78321
0 1 78324
0 1 78327
0 1 78328
0 1 78330
0 1 78333
0 1 78334
0 1 78340
0 1 78342
0 1 78344
0 1 78346
0 1 78348
0 1 78350
0 1 78351
0 1 78355
0 1 78356
0 1 78358
0 1 78359
0 1 78361
0 1 78364
0 1 78367
0 1 78368
0 1 78370
0 1 78371
0 1 78372
0 1 78373
0 1 78374
0 1 78375
0 1 78376
0 1 78377
0 1 78380
0 1 78382
0 1 78387
0 1 78388
0 1 78391
0 1 78395
0 1 78397
0 1 78398
0 1 78399
0 1 78400
0 1 78401
0 1 78403
0 1 78404
0 1 78405
0 1 78406
0 1 78408
0 1 78409
0 1 78413
0 1 78415
0 1 78416
0 1 78419
0 1 78421
0 1 78422
0 1 78423
0 1 78428
0 1 78431
0 1 78434
0 1 78437
0 1 78440
0 1 78441
0 1 78442
0 1 78444
0 1 78445
0 1 78446
0 1 78447
0 1 78451
0 1 78455
0 1 78456
0 1 78459
0 1 78462
0 1 78463
0 1 78464
0 1 78465
0 1 78469
0 1 78470
0 1 78478
0 1 78481
0 1 78482
0 1 78483
0 1 78485
0 1 78487
0 1 78489
0 1 78492
0 1 78497
0 1 78499
0 1 78501
0 1 78502
0 1 78504
0 1 78507
0 1 78508
0 1 78509
0 1 78510
0 1 78511
0 1 78514
0 1 78515
0 1 78517
0 1 78521
0 1 78523
0 1 78524
0 1 78526
0 1 78530
0 1 78531
0 1 78532
0 1 78533
0 1 78534
0 1 78535
0 1 78538
0 1 78539
0 1 78540
0 1 78541
0 1 78542
0 1 78544
0 1 78545
0 1 78546
0 1 78547
0 1 78549
0 1 78551
0 1 78553
0 1 78555
0 1 78556
0 1 78557
0 1 78558
0 1 78561
0 1 78563
0 1 78564
0 1 78566
0 1 78567
0 1 78569
0 1 78573
0 1 78574
0 1 78575
0 1 78577
0 1 78578
0 1 78579
0 1 78580
0 1 78583
0 1 78584
0 1 78585
0 1 78586
0 1 78587
0 1 78590
0 1 78591
0 1 78592
0 1 78595
0 1 78598
0 1 78599
0 1 78600
0 1 78601
0 1 78602
0 1 78603
0 1 78604
0 1 78606
0 1 78613
0 1 78615
0 1 78622
0 1 78624
0 1 78625
0 1 78626
0 1 78627
0 1 78629
0 1 78630
0 1 78631
0 1 78633
0 1 78635
0 1 78636
0 1 78637
0 1 78639
0 1 78644
0 1 78648
0 1 78649
0 1 78652
0 1 78653
0 1 78658
0 1 78661
0 1 78665
0 1 78666
0 1 78667
0 1 78670
0 1 78671
0 1 78674
0 1 78675
0 1 78678
0 1 78679
0 1 78680
0 1 78682
0 1 78686
0 1 78687
0 1 78688
0 1 78689
0 1 78690
0 1 78692
0 1 78693
0 1 78694
0 1 78695
0 1 78698
0 1 78699
0 1 78702
0 1 78705
0 1 78709
0 1 78710
0 1 78712
0 1 78713
0 1 78714
0 1 78716
0 1 78717
0 1 78719
0 1 78722
0 1 78723
0 1 78724
0 1 78725
0 1 78726
0 1 78731
0 1 78732
0 1 78735
0 1 78741
0 1 78742
0 1 78743
0 1 78746
0 1 78747
0 1 78750
0 1 78751
0 1 78752
0 1 78754
0 1 78755
0 1 78756
0 1 78761
0 1 78763
0 1 78765
0 1 78766
0 1 78767
0 1 78768
0 1 78770
0 1 78773
0 1 78776
0 1 78780
0 1 78782
0 1 78783
0 1 78784
0 1 78787
0 1 78788
0 1 78789
0 1 78790
0 1 78791
0 1 78792
0 1 78798
0 1 78801
0 1 78802
0 1 78805
0 1 78809
0 1 78811
0 1 78816
0 1 78818
0 1 78821
0 1 78824
0 1 78831
0 1 78835
0 1 78839
0 1 78841
0 1 78845
0 1 78846
0 1 78847
0 1 78848
0 1 78849
0 1 78854
0 1 78855
0 1 78857
0 1 78858
0 1 78859
0 1 78860
0 1 78861
0 1 78863
0 1 78865
0 1 78866
0 1 78868
0 1 78869
0 1 78870
0 1 78871
0 1 78877
0 1 78879
0 1 78880
0 1 78881
0 1 78884
0 1 78888
0 1 78890
0 1 78892
0 1 78893
0 1 78894
0 1 78895
0 1 78897
0 1 78899
0 1 78903
0 1 78904
0 1 78906
0 1 78911
0 1 78912
0 1 78913
0 1 78914
0 1 78918
0 1 78921
0 1 78923
0 1 78924
0 1 78926
0 1 78931
0 1 78934
0 1 78936
0 1 78937
0 1 78938
0 1 78940
0 1 78941
0 1 78942
0 1 78943
0 1 78944
0 1 78945
0 1 78946
0 1 78949
0 1 78950
0 1 78951
0 1 78953
0 1 78954
0 1 78955
0 1 78962
0 1 78964
0 1 78965
0 1 78967
0 1 78970
0 1 78971
0 1 78972
0 1 78973
0 1 78974
0 1 78979
0 1 78980
0 1 78982
0 1 78986
0 1 78989
0 1 78990
0 1 78992
0 1 78993
0 1 78996
0 1 78998
0 1 79003
0 1 79005
0 1 79006
0 1 79008
0 1 79009
0 1 79010
0 1 79012
0 1 79013
0 1 79014
0 1 79016
0 1 79019
0 1 79022
0 1 79023
0 1 79024
0 1 79026
0 1 79031
0 1 79032
0 1 79034
0 1 79035
0 1 79036
0 1 79038
0 1 79040
0 1 79045
0 1 79047
0 1 79050
0 1 79052
0 1 79057
0 1 79058
0 1 79059
0 1 79062
0 1 79063
0 1 79064
0 1 79065
0 1 79067
0 1 79070
0 1 79071
0 1 79072
0 1 79073
0 1 79074
0 1 79076
0 1 79077
0 1 79081
0 1 79085
0 1 79088
0 1 79089
0 1 79092
0 1 79093
0 1 79094
0 1 79095
0 1 79096
0 1 79097
0 1 79098
0 1 79099
0 1 79100
0 1 79103
0 1 79104
0 1 79105
0 1 79107
0 1 79109
0 1 79110
0 1 79113
0 1 79114
0 1 79120
0 1 79121
0 1 79123
0 1 79125
0 1 79126
0 1 79128
0 1 79129
0 1 79133
0 1 79136
0 1 79138
0 1 79139
0 1 79140
0 1 79154
0 1 79155
0 1 79157
0 1 79161
0 1 79162
0 1 79164
0 1 79165
0 1 79167
0 1 79170
0 1 79171
0 1 79173
0 1 79174
0 1 79175
0 1 79177
0 1 79180
0 1 79184
0 1 79186
0 1 79188
0 1 79189
0 1 79194
0 1 79196
0 1 79197
0 1 79198
0 1 79202
0 1 79205
0 1 79206
0 1 79207
0 1 79209
0 1 79210
0 1 79211
0 1 79213
0 1 79215
0 1 79218
0 1 79220
0 1 79221
0 1 79225
0 1 79227
0 1 79231
0 1 79235
0 1 79238
0 1 79240
0 1 79242
0 1 79243
0 1 79245
0 1 79248
0 1 79249
0 1 79250
0 1 79251
0 1 79254
0 1 79262
0 1 79264
0 1 79265
0 1 79266
0 1 79268
0 1 79271
0 1 79276
0 1 79279
0 1 79280
0 1 79281
0 1 79283
0 1 79285
0 1 79287
0 1 79289
0 1 79293
0 1 79294
0 1 79295
0 1 79296
0 1 79299
0 1 79301
0 1 79302
0 1 79306
0 1 79310
0 1 79311
0 1 79312
0 1 79313
0 1 79316
0 1 79318
0 1 79319
0 1 79321
0 1 79324
0 1 79325
0 1 79326
0 1 79328
0 1 79329
0 1 79330
0 1 79332
0 1 79337
0 1 79341
0 1 79343
0 1 79346
0 1 79348
0 1 79349
0 1 79351
0 1 79353
0 1 79355
0 1 79358
0 1 79359
0 1 79361
0 1 79366
0 1 79367
0 1 79368
0 1 79369
0 1 79371
0 1 79372
0 1 79376
0 1 79377
0 1 79378
0 1 79380
0 1 79381
0 1 79383
0 1 79385
0 1 79387
0 1 79388
0 1 79391
0 1 79393
0 1 79395
0 1 79398
0 1 79399
0 1 79403
0 1 79404
0 1 79407
0 1 79408
0 1 79409
0 1 79410
0 1 79411
0 1 79414
0 1 79419
0 1 79421
0 1 79422
0 1 79429
0 1 79430
0 1 79431
0 1 79434
0 1 79436
0 1 79439
0 1 79441
0 1 79442
0 1 79446
0 1 79447
0 1 79449
0 1 79451
0 1 79452
0 1 79453
0 1 79454
0 1 79461
0 1 79463
0 1 79464
0 1 79467
0 1 79468
0 1 79469
0 1 79470
0 1 79471
0 1 79474
0 1 79475
0 1 79477
0 1 79481
0 1 79483
0 1 79489
0 1 79490
0 1 79492
0 1 79493
0 1 79495
0 1 79496
0 1 79498
0 1 79500
0 1 79504
0 1 79505
0 1 79510
0 1 79511
0 1 79512
0 1 79513
0 1 79515
0 1 79516
0 1 79519
0 1 79520
0 1 79523
0 1 79525
0 1 79528
0 1 79529
0 1 79531
0 1 79532
0 1 79534
0 1 79536
0 1 79538
0 1 79539
0 1 79543
0 1 79549
0 1 79551
0 1 79553
0 1 79558
0 1 79559
0 1 79566
0 1 79567
0 1 79572
0 1 79574
0 1 79575
0 1 79579
0 1 79581
0 1 79583
0 1 79586
0 1 79587
0 1 79588
0 1 79590
0 1 79591
0 1 79593
0 1 79594
0 1 79596
0 1 79598
0 1 79599
0 1 79601
0 1 79602
0 1 79603
0 1 79604
0 1 79606
0 1 79608
0 1 79610
0 1 79611
0 1 79613
0 1 79615
0 1 79619
0 1 79620
0 1 79621
0 1 79622
0 1 79623
0 1 79624
0 1 79625
0 1 79629
0 1 79631
0 1 79632
0 1 79633
0 1 79634
0 1 79635
0 1 79636
0 1 79637
0 1 79640
0 1 79643
0 1 79644
0 1 79645
0 1 79647
0 1 79649
0 1 79654
0 1 79656
0 1 79658
0 1 79659
0 1 79661
0 1 79662
0 1 79663
0 1 79665
0 1 79667
0 1 79668
0 1 79669
0 1 79670
0 1 79671
0 1 79672
0 1 79674
0 1 79676
0 1 79677
0 1 79680
0 1 79682
0 1 79683
0 1 79684
0 1 79685
0 1 79690
0 1 79691
0 1 79693
0 1 79694
0 1 79695
0 1 79701
0 1 79703
0 1 79705
0 1 79706
0 1 79707
0 1 79711
0 1 79713
0 1 79715
0 1 79717
0 1 79722
0 1 79723
0 1 79724
0 1 79726
0 1 79728
0 1 79730
0 1 79731
0 1 79732
0 1 79736
0 1 79737
0 1 79738
0 1 79740
0 1 79742
0 1 79743
0 1 79745
0 1 79746
0 1 79749
0 1 79754
0 1 79755
0 1 79757
0 1 79760
0 1 79761
0 1 79762
0 1 79764
0 1 79765
0 1 79767
0 1 79768
0 1 79769
0 1 79772
0 1 79775
0 1 79776
0 1 79779
0 1 79780
0 1 79782
0 1 79783
0 1 79791
0 1 79793
0 1 79794
0 1 79795
0 1 79796
0 1 79798
0 1 79800
0 1 79801
0 1 79802
0 1 79804
0 1 79811
0 1 79812
0 1 79813
0 1 79815
0 1 79817
0 1 79823
0 1 79824
0 1 79827
0 1 79829
0 1 79833
0 1 79834
0 1 79836
0 1 79839
0 1 79840
0 1 79841
0 1 79843
0 1 79844
0 1 79845
0 1 79846
0 1 79847
0 1 79848
0 1 79850
0 1 79852
0 1 79853
0 1 79856
0 1 79858
0 1 79859
0 1 79860
0 1 79862
0 1 79863
0 1 79864
0 1 79867
0 1 79869
0 1 79870
0 1 79871
0 1 79872
0 1 79873
0 1 79874
0 1 79875
0 1 79876
0 1 79878
0 1 79880
0 1 79881
0 1 79882
0 1 79886
0 1 79888
0 1 79889
0 1 79892
0 1 79893
0 1 79894
0 1 79895
0 1 79898
0 1 79899
0 1 79901
0 1 79903
0 1 79905
0 1 79906
0 1 79907
0 1 79909
0 1 79910
0 1 79914
0 1 79919
0 1 79928
0 1 79929
0 1 79930
0 1 79931
0 1 79932
0 1 79935
0 1 79938
0 1 79939
0 1 79940
0 1 79941
0 1 79943
0 1 79946
0 1 79948
0 1 79950
0 1 79952
0 1 79957
0 1 79961
0 1 79962
0 1 79963
0 1 79967
0 1 79968
0 1 79969
0 1 79972
0 1 79975
0 1 79976
0 1 79977
0 1 79980
0 1 79981
0 1 79982
0 1 79987
0 1 79989
0 1 79990
0 1 79992
0 1 79994
0 1 79995
0 1 79996
0 1 79998
0 1 79999
0 1 80000
0 1 80002
0 1 80003
0 1 80013
0 1 80014
0 1 80015
0 1 80019
0 1 80021
0 1 80022
0 1 80023
0 1 80024
0 1 80027
0 1 80028
0 1 80030
0 1 80031
0 1 80032
0 1 80033
0 1 80035
0 1 80036
0 1 80038
0 1 80039
0 1 80041
0 1 80042
0 1 80043
0 1 80048
0 1 80050
0 1 80051
0 1 80055
0 1 80058
0 1 80060
0 1 80062
0 1 80066
0 1 80068
0 1 80072
0 1 80074
0 1 80075
0 1 80077
0 1 80078
0 1 80080
0 1 80081
0 1 80082
0 1 80085
0 1 80088
0 1 80091
0 1 80093
0 1 80094
0 1 80096
0 1 80099
0 1 80101
0 1 80102
0 1 80103
0 1 80104
0 1 80105
0 1 80109
0 1 80111
0 1 80114
0 1 80117
0 1 80118
0 1 80119
0 1 80122
0 1 80123
0 1 80124
0 1 80125
0 1 80126
0 1 80127
0 1 80130
0 1 80132
0 1 80133
0 1 80140
0 1 80141
0 1 80142
0 1 80144
0 1 80145
0 1 80146
0 1 80147
0 1 80149
0 1 80150
0 1 80152
0 1 80157
0 1 80161
0 1 80163
0 1 80164
0 1 80165
0 1 80167
0 1 80168
0 1 80171
0 1 80173
0 1 80175
0 1 80176
0 1 80177
0 1 80178
0 1 80179
0 1 80180
0 1 80183
0 1 80184
0 1 80185
0 1 80188
0 1 80195
0 1 80196
0 1 80197
0 1 80205
0 1 80206
0 1 80209
0 1 80210
0 1 80211
0 1 80212
0 1 80216
0 1 80219
0 1 80222
0 1 80223
0 1 80225
0 1 80233
0 1 80234
0 1 80235
0 1 80236
0 1 80237
0 1 80241
0 1 80246
0 1 80248
0 1 80249
0 1 80250
0 1 80252
0 1 80253
0 1 80254
0 1 80255
0 1 80256
0 1 80258
0 1 80260
0 1 80261
0 1 80265
0 1 80268
0 1 80270
0 1 80276
0 1 80280
0 1 80283
0 1 80285
0 1 80288
0 1 80289
0 1 80291
0 1 80294
0 1 80297
0 1 80298
0 1 80299
0 1 80300
0 1 80302
0 1 80304
0 1 80305
0 1 80308
0 1 80312
0 1 80314
0 1 80316
0 1 80317
0 1 80318
0 1 80319
0 1 80320
0 1 80321
0 1 80328
0 1 80329
0 1 80332
0 1 80333
0 1 80335
0 1 80337
0 1 80339
0 1 80340
0 1 80341
0 1 80342
0 1 80343
0 1 80344
0 1 80345
0 1 80346
0 1 80348
0 1 80349
0 1 80351
0 1 80353
0 1 80355
0 1 80357
0 1 80358
0 1 80359
0 1 80361
0 1 80364
0 1 80366
0 1 80369
0 1 80371
0 1 80373
0 1 80375
0 1 80377
0 1 80380
0 1 80381
0 1 80384
0 1 80386
0 1 80388
0 1 80390
0 1 80393
0 1 80394
0 1 80395
0 1 80397
0 1 80399
0 1 80400
0 1 80401
0 1 80405
0 1 80407
0 1 80412
0 1 80413
0 1 80415
0 1 80416
0 1 80417
0 1 80421
0 1 80422
0 1 80423
0 1 80424
0 1 80429
0 1 80430
0 1 80433
0 1 80434
0 1 80441
0 1 80442
0 1 80445
0 1 80449
0 1 80452
0 1 80453
0 1 80455
0 1 80458
0 1 80459
0 1 80460
0 1 80461
0 1 80462
0 1 80463
0 1 80465
0 1 80469
0 1 80470
0 1 80471
0 1 80472
0 1 80476
0 1 80479
0 1 80484
0 1 80485
0 1 80486
0 1 80488
0 1 80489
0 1 80490
0 1 80493
0 1 80494
0 1 80496
0 1 80498
0 1 80499
0 1 80500
0 1 80501
0 1 80507
0 1 80508
0 1 80513
0 1 80515
0 1 80516
0 1 80520
0 1 80522
0 1 80524
0 1 80529
0 1 80531
0 1 80532
0 1 80535
0 1 80537
0 1 80538
0 1 80542
0 1 80543
0 1 80547
0 1 80550
0 1 80551
0 1 80554
0 1 80557
0 1 80561
0 1 80563
0 1 80564
0 1 80565
0 1 80568
0 1 80570
0 1 80574
0 1 80575
0 1 80576
0 1 80580
0 1 80582
0 1 80583
0 1 80584
0 1 80588
0 1 80590
0 1 80591
0 1 80593
0 1 80602
0 1 80603
0 1 80604
0 1 80607
0 1 80609
0 1 80610
0 1 80611
0 1 80615
0 1 80617
0 1 80622
0 1 80624
0 1 80625
0 1 80626
0 1 80627
0 1 80628
0 1 80629
0 1 80630
0 1 80632
0 1 80633
0 1 80634
0 1 80635
0 1 80636
0 1 80638
0 1 80639
0 1 80643
0 1 80645
0 1 80647
0 1 80649
0 1 80651
0 1 80654
0 1 80655
0 1 80657
0 1 80658
0 1 80659
0 1 80661
0 1 80667
0 1 80668
0 1 80670
0 1 80671
0 1 80672
0 1 80676
0 1 80677
0 1 80679
0 1 80685
0 1 80686
0 1 80689
0 1 80694
0 1 80696
0 1 80697
0 1 80698
0 1 80700
0 1 80705
0 1 80707
0 1 80708
0 1 80709
0 1 80711
0 1 80712
0 1 80718
0 1 80723
0 1 80724
0 1 80727
0 1 80731
0 1 80734
0 1 80735
0 1 80736
0 1 80742
0 1 80743
0 1 80744
0 1 80745
0 1 80752
0 1 80757
0 1 80760
0 1 80764
0 1 80765
0 1 80767
0 1 80768
0 1 80770
0 1 80771
0 1 80774
0 1 80776
0 1 80777
0 1 80778
0 1 80779
0 1 80788
0 1 80789
0 1 80791
0 1 80793
0 1 80796
0 1 80799
0 1 80807
0 1 80809
0 1 80810
0 1 80811
0 1 80815
0 1 80816
0 1 80820
0 1 80822
0 1 80823
0 1 80825
0 1 80826
0 1 80827
0 1 80830
0 1 80831
0 1 80832
0 1 80833
0 1 80834
0 1 80835
0 1 80836
0 1 80838
0 1 80841
0 1 80843
0 1 80845
0 1 80846
0 1 80848
0 1 80850
0 1 80852
0 1 80857
0 1 80862
0 1 80863
0 1 80864
0 1 80865
0 1 80866
0 1 80870
0 1 80873
0 1 80875
0 1 80876
0 1 80877
0 1 80883
0 1 80884
0 1 80885
0 1 80886
0 1 80888
0 1 80890
0 1 80891
0 1 80892
0 1 80894
0 1 80898
0 1 80899
0 1 80907
0 1 80909
0 1 80910
0 1 80911
0 1 80913
0 1 80914
0 1 80915
0 1 80917
0 1 80918
0 1 80920
0 1 80921
0 1 80926
0 1 80930
0 1 80932
0 1 80935
0 1 80937
0 1 80938
0 1 80941
0 1 80945
0 1 80946
0 1 80948
0 1 80949
0 1 80950
0 1 80951
0 1 80952
0 1 80954
0 1 80956
0 1 80958
0 1 80959
0 1 80960
0 1 80961
0 1 80963
0 1 80965
0 1 80967
0 1 80971
0 1 80977
0 1 80978
0 1 80979
0 1 80980
0 1 80981
0 1 80982
0 1 80986
0 1 80987
0 1 80988
0 1 80991
0 1 80992
0 1 80994
0 1 80996
0 1 80997
0 1 80998
0 1 81002
0 1 81003
0 1 81004
0 1 81007
0 1 81012
0 1 81014
0 1 81015
0 1 81017
0 1 81018
0 1 81020
0 1 81023
0 1 81029
0 1 81030
0 1 81031
0 1 81033
0 1 81035
0 1 81039
0 1 81041
0 1 81045
0 1 81048
0 1 81052
0 1 81054
0 1 81055
0 1 81058
0 1 81059
0 1 81061
0 1 81062
0 1 81064
0 1 81068
0 1 81069
0 1 81077
0 1 81078
0 1 81079
0 1 81080
0 1 81081
0 1 81082
0 1 81083
0 1 81086
0 1 81087
0 1 81091
0 1 81093
0 1 81094
0 1 81095
0 1 81100
0 1 81101
0 1 81102
0 1 81105
0 1 81107
0 1 81113
0 1 81116
0 1 81119
0 1 81123
0 1 81125
0 1 81127
0 1 81129
0 1 81130
0 1 81131
0 1 81134
0 1 81135
0 1 81136
0 1 81137
0 1 81138
0 1 81140
0 1 81143
0 1 81144
0 1 81147
0 1 81149
0 1 81150
0 1 81154
0 1 81155
0 1 81156
0 1 81157
0 1 81159
0 1 81161
0 1 81162
0 1 81164
0 1 81165
0 1 81168
0 1 81169
0 1 81171
0 1 81174
0 1 81175
0 1 81176
0 1 81178
0 1 81180
0 1 81182
0 1 81183
0 1 81185
0 1 81187
0 1 81190
0 1 81194
0 1 81197
0 1 81203
0 1 81204
0 1 81205
0 1 81213
0 1 81215
0 1 81216
0 1 81218
0 1 81223
0 1 81227
0 1 81228
0 1 81231
0 1 81236
0 1 81242
0 1 81243
0 1 81247
0 1 81250
0 1 81252
0 1 81253
0 1 81256
0 1 81258
0 1 81265
0 1 81271
0 1 81272
0 1 81274
0 1 81277
0 1 81285
0 1 81288
0 1 81289
0 1 81291
0 1 81292
0 1 81294
0 1 81295
0 1 81296
0 1 81297
0 1 81298
0 1 81302
0 1 81304
0 1 81306
0 1 81307
0 1 81309
0 1 81310
0 1 81312
0 1 81313
0 1 81316
0 1 81317
0 1 81318
0 1 81320
0 1 81321
0 1 81323
0 1 81325
0 1 81329
0 1 81330
0 1 81332
0 1 81333
0 1 81338
0 1 81342
0 1 81348
0 1 81349
0 1 81352
0 1 81353
0 1 81354
0 1 81356
0 1 81357
0 1 81358
0 1 81366
0 1 81369
0 1 81370
0 1 81371
0 1 81372
0 1 81373
0 1 81376
0 1 81377
0 1 81378
0 1 81383
0 1 81385
0 1 81388
0 1 81389
0 1 81391
0 1 81393
0 1 81396
0 1 81399
0 1 81400
0 1 81403
0 1 81405
0 1 81412
0 1 81413
0 1 81415
0 1 81416
0 1 81418
0 1 81419
0 1 81420
0 1 81424
0 1 81425
0 1 81426
0 1 81428
0 1 81432
0 1 81434
0 1 81436
0 1 81437
0 1 81439
0 1 81440
0 1 81441
0 1 81445
0 1 81452
0 1 81453
0 1 81454
0 1 81455
0 1 81458
0 1 81459
0 1 81461
0 1 81462
0 1 81463
0 1 81464
0 1 81467
0 1 81470
0 1 81472
0 1 81473
0 1 81474
0 1 81477
0 1 81478
0 1 81479
0 1 81480
0 1 81482
0 1 81483
0 1 81487
0 1 81488
0 1 81490
0 1 81491
0 1 81494
0 1 81500
0 1 81502
0 1 81503
0 1 81506
0 1 81508
0 1 81509
0 1 81512
0 1 81514
0 1 81515
0 1 81516
0 1 81517
0 1 81518
0 1 81521
0 1 81524
0 1 81525
0 1 81528
0 1 81529
0 1 81530
0 1 81531
0 1 81533
0 1 81534
0 1 81537
0 1 81539
0 1 81540
0 1 81542
0 1 81544
0 1 81549
0 1 81550
0 1 81551
0 1 81554
0 1 81556
0 1 81563
0 1 81565
0 1 81566
0 1 81568
0 1 81569
0 1 81571
0 1 81573
0 1 81575
0 1 81577
0 1 81578
0 1 81579
0 1 81580
0 1 81584
0 1 81587
0 1 81590
0 1 81592
0 1 81593
0 1 81595
0 1 81596
0 1 81598
0 1 81601
0 1 81602
0 1 81605
0 1 81606
0 1 81607
0 1 81608
0 1 81610
0 1 81613
0 1 81614
0 1 81615
0 1 81616
0 1 81618
0 1 81621
0 1 81623
0 1 81624
0 1 81627
0 1 81629
0 1 81632
0 1 81634
0 1 81637
0 1 81638
0 1 81639
0 1 81640
0 1 81641
0 1 81644
0 1 81645
0 1 81646
0 1 81649
0 1 81650
0 1 81651
0 1 81652
0 1 81654
0 1 81655
0 1 81657
0 1 81658
0 1 81661
0 1 81664
0 1 81665
0 1 81666
0 1 81669
0 1 81670
0 1 81674
0 1 81678
0 1 81682
0 1 81684
0 1 81685
0 1 81686
0 1 81689
0 1 81691
0 1 81692
0 1 81697
0 1 81698
0 1 81699
0 1 81700
0 1 81701
0 1 81703
0 1 81706
0 1 81707
0 1 81708
0 1 81709
0 1 81710
0 1 81711
0 1 81714
0 1 81715
0 1 81717
0 1 81722
0 1 81724
0 1 81725
0 1 81726
0 1 81727
0 1 81730
0 1 81731
0 1 81736
0 1 81739
0 1 81740
0 1 81741
0 1 81742
0 1 81748
0 1 81749
0 1 81753
0 1 81756
0 1 81759
0 1 81760
0 1 81762
0 1 81765
0 1 81766
0 1 81768
0 1 81770
0 1 81774
0 1 81775
0 1 81776
0 1 81779
0 1 81781
0 1 81782
0 1 81785
0 1 81787
0 1 81790
0 1 81791
0 1 81792
0 1 81796
0 1 81797
0 1 81799
0 1 81805
0 1 81807
0 1 81811
0 1 81814
0 1 81815
0 1 81820
0 1 81826
0 1 81828
0 1 81829
0 1 81831
0 1 81833
0 1 81834
0 1 81836
0 1 81837
0 1 81839
0 1 81840
0 1 81841
0 1 81842
0 1 81846
0 1 81847
0 1 81850
0 1 81852
0 1 81856
0 1 81857
0 1 81861
0 1 81862
0 1 81863
0 1 81864
0 1 81865
0 1 81868
0 1 81870
0 1 81873
0 1 81874
0 1 81875
0 1 81877
0 1 81878
0 1 81880
0 1 81893
0 1 81897
0 1 81900
0 1 81902
0 1 81906
0 1 81907
0 1 81909
0 1 81910
0 1 81911
0 1 81912
0 1 81918
0 1 81919
0 1 81920
0 1 81921
0 1 81922
0 1 81925
0 1 81927
0 1 81928
0 1 81931
0 1 81934
0 1 81935
0 1 81936
0 1 81938
0 1 81939
0 1 81940
0 1 81941
0 1 81943
0 1 81944
0 1 81945
0 1 81946
0 1 81948
0 1 81950
0 1 81951
0 1 81954
0 1 81960
0 1 81962
0 1 81966
0 1 81968
0 1 81972
0 1 81974
0 1 81975
0 1 81977
0 1 81978
0 1 81981
0 1 81983
0 1 81988
0 1 81990
0 1 81992
0 1 81993
0 1 81996
0 1 81997
0 1 81998
0 1 82000
0 1 82002
0 1 82004
0 1 82008
0 1 82009
0 1 82010
0 1 82012
0 1 82014
0 1 82015
0 1 82018
0 1 82020
0 1 82021
0 1 82026
0 1 82031
0 1 82034
0 1 82037
0 1 82038
0 1 82040
0 1 82041
0 1 82043
0 1 82047
0 1 82049
0 1 82051
0 1 82052
0 1 82054
0 1 82056
0 1 82057
0 1 82058
0 1 82062
0 1 82065
0 1 82066
0 1 82068
0 1 82070
0 1 82073
0 1 82075
0 1 82076
0 1 82077
0 1 82079
0 1 82082
0 1 82083
0 1 82088
0 1 82095
0 1 82098
0 1 82099
0 1 82102
0 1 82103
0 1 82104
0 1 82105
0 1 82108
0 1 82112
0 1 82117
0 1 82118
0 1 82119
0 1 82120
0 1 82123
0 1 82124
0 1 82125
0 1 82128
0 1 82129
0 1 82130
0 1 82131
0 1 82132
0 1 82134
0 1 82135
0 1 82137
0 1 82138
0 1 82140
0 1 82142
0 1 82143
0 1 82146
0 1 82151
0 1 82152
0 1 82153
0 1 82154
0 1 82155
0 1 82157
0 1 82159
0 1 82160
0 1 82161
0 1 82164
0 1 82166
0 1 82168
0 1 82170
0 1 82173
0 1 82174
0 1 82180
0 1 82181
0 1 82186
0 1 82187
0 1 82189
0 1 82191
0 1 82192
0 1 82193
0 1 82197
0 1 82198
0 1 82199
0 1 82202
0 1 82206
0 1 82207
0 1 82210
0 1 82211
0 1 82217
0 1 82220
0 1 82221
0 1 82223
0 1 82225
0 1 82230
0 1 82232
0 1 82235
0 1 82236
0 1 82237
0 1 82238
0 1 82239
0 1 82241
0 1 82246
0 1 82248
0 1 82250
0 1 82251
0 1 82253
0 1 82254
0 1 82255
0 1 82259
0 1 82260
0 1 82262
0 1 82263
0 1 82265
0 1 82267
0 1 82268
0 1 82270
0 1 82273
0 1 82274
0 1 82283
0 1 82286
0 1 82294
0 1 82295
0 1 82297
0 1 82298
0 1 82300
0 1 82303
0 1 82306
0 1 82310
0 1 82312
0 1 82314
0 1 82316
0 1 82317
0 1 82318
0 1 82321
0 1 82322
0 1 82326
0 1 82328
0 1 82329
0 1 82330
0 1 82332
0 1 82334
0 1 82339
0 1 82340
0 1 82342
0 1 82343
0 1 82345
0 1 82346
0 1 82347
0 1 82348
0 1 82351
0 1 82353
0 1 82354
0 1 82356
0 1 82358
0 1 82359
0 1 82360
0 1 82362
0 1 82363
0 1 82368
0 1 82369
0 1 82371
0 1 82374
0 1 82375
0 1 82377
0 1 82378
0 1 82380
0 1 82381
0 1 82382
0 1 82384
0 1 82385
0 1 82386
0 1 82389
0 1 82391
0 1 82394
0 1 82395
0 1 82396
0 1 82398
0 1 82399
0 1 82402
0 1 82403
0 1 82405
0 1 82406
0 1 82408
0 1 82409
0 1 82411
0 1 82412
0 1 82414
0 1 82416
0 1 82420
0 1 82421
0 1 82422
0 1 82423
0 1 82427
0 1 82429
0 1 82430
0 1 82433
0 1 82437
0 1 82439
0 1 82442
0 1 82444
0 1 82446
0 1 82447
0 1 82448
0 1 82449
0 1 82450
0 1 82452
0 1 82456
0 1 82461
0 1 82464
0 1 82465
0 1 82466
0 1 82468
0 1 82471
0 1 82472
0 1 82476
0 1 82477
0 1 82478
0 1 82479
0 1 82481
0 1 82484
0 1 82485
0 1 82486
0 1 82487
0 1 82488
0 1 82489
0 1 82491
0 1 82492
0 1 82499
0 1 82500
0 1 82502
0 1 82503
0 1 82510
0 1 82514
0 1 82518
0 1 82521
0 1 82522
0 1 82523
0 1 82525
0 1 82526
0 1 82527
0 1 82529
0 1 82531
0 1 82534
0 1 82540
0 1 82541
0 1 82544
0 1 82545
0 1 82547
0 1 82548
0 1 82549
0 1 82551
0 1 82554
0 1 82556
0 1 82559
0 1 82560
0 1 82561
0 1 82566
0 1 82569
0 1 82571
0 1 82574
0 1 82575
0 1 82577
0 1 82579
0 1 82582
0 1 82589
0 1 82593
0 1 82595
0 1 82597
0 1 82599
0 1 82601
0 1 82603
0 1 82605
0 1 82607
0 1 82609
0 1 82611
0 1 82612
0 1 82613
0 1 82617
0 1 82621
0 1 82622
0 1 82624
0 1 82625
0 1 82628
0 1 82629
0 1 82631
0 1 82632
0 1 82635
0 1 82641
0 1 82643
0 1 82645
0 1 82646
0 1 82647
0 1 82648
0 1 82649
0 1 82650
0 1 82651
0 1 82652
0 1 82656
0 1 82659
0 1 82660
0 1 82663
0 1 82664
0 1 82668
0 1 82670
0 1 82671
0 1 82673
0 1 82674
0 1 82676
0 1 82677
0 1 82684
0 1 82685
0 1 82687
0 1 82690
0 1 82691
0 1 82692
0 1 82694
0 1 82695
0 1 82697
0 1 82698
0 1 82703
0 1 82704
0 1 82705
0 1 82706
0 1 82709
0 1 82710
0 1 82711
0 1 82715
0 1 82717
0 1 82723
0 1 82731
0 1 82737
0 1 82738
0 1 82742
0 1 82744
0 1 82746
0 1 82748
0 1 82750
0 1 82752
0 1 82753
0 1 82754
0 1 82755
0 1 82756
0 1 82758
0 1 82759
0 1 82760
0 1 82761
0 1 82762
0 1 82766
0 1 82767
0 1 82768
0 1 82770
0 1 82771
0 1 82773
0 1 82776
0 1 82777
0 1 82779
0 1 82781
0 1 82783
0 1 82784
0 1 82785
0 1 82786
0 1 82792
0 1 82793
0 1 82796
0 1 82798
0 1 82800
0 1 82801
0 1 82805
0 1 82806
0 1 82808
0 1 82810
0 1 82811
0 1 82812
0 1 82814
0 1 82815
0 1 82817
0 1 82818
0 1 82820
0 1 82822
0 1 82824
0 1 82825
0 1 82827
0 1 82829
0 1 82830
0 1 82831
0 1 82833
0 1 82835
0 1 82836
0 1 82837
0 1 82838
0 1 82839
0 1 82840
0 1 82841
0 1 82842
0 1 82843
0 1 82844
0 1 82845
0 1 82846
0 1 82847
0 1 82848
0 1 82849
0 1 82851
0 1 82854
0 1 82855
0 1 82857
0 1 82859
0 1 82862
0 1 82868
0 1 82869
0 1 82871
0 1 82872
0 1 82874
0 1 82875
0 1 82876
0 1 82881
0 1 82883
0 1 82885
0 1 82886
0 1 82887
0 1 82893
0 1 82894
0 1 82898
0 1 82899
0 1 82900
0 1 82901
0 1 82906
0 1 82907
0 1 82910
0 1 82913
0 1 82916
0 1 82918
0 1 82922
0 1 82925
0 1 82926
0 1 82927
0 1 82929
0 1 82930
0 1 82933
0 1 82935
0 1 82938
0 1 82940
0 1 82941
0 1 82942
0 1 82944
0 1 82947
0 1 82948
0 1 82949
0 1 82950
0 1 82953
0 1 82957
0 1 82958
0 1 82960
0 1 82961
0 1 82962
0 1 82963
0 1 82968
0 1 82975
0 1 82976
0 1 82978
0 1 82979
0 1 82981
0 1 82982
0 1 82983
0 1 82984
0 1 82985
0 1 82986
0 1 82990
0 1 82993
0 1 82994
0 1 82995
0 1 82996
0 1 82997
0 1 82998
0 1 83001
0 1 83003
0 1 83008
0 1 83009
0 1 83013
0 1 83014
0 1 83022
0 1 83023
0 1 83024
0 1 83025
0 1 83026
0 1 83027
0 1 83030
0 1 83032
0 1 83035
0 1 83036
0 1 83038
0 1 83039
0 1 83040
0 1 83041
0 1 83045
0 1 83046
0 1 83049
0 1 83050
0 1 83051
0 1 83052
0 1 83053
0 1 83055
0 1 83058
0 1 83059
0 1 83060
0 1 83063
0 1 83064
0 1 83067
0 1 83069
0 1 83070
0 1 83071
0 1 83072
0 1 83073
0 1 83074
0 1 83076
0 1 83078
0 1 83083
0 1 83085
0 1 83087
0 1 83088
0 1 83091
0 1 83094
0 1 83095
0 1 83096
0 1 83098
0 1 83103
0 1 83104
0 1 83110
0 1 83112
0 1 83114
0 1 83115
0 1 83120
0 1 83121
0 1 83122
0 1 83123
0 1 83124
0 1 83125
0 1 83127
0 1 83128
0 1 83132
0 1 83134
0 1 83138
0 1 83139
0 1 83141
0 1 83142
0 1 83144
0 1 83146
0 1 83149
0 1 83152
0 1 83153
0 1 83154
0 1 83157
0 1 83158
0 1 83162
0 1 83163
0 1 83165
0 1 83166
0 1 83171
0 1 83172
0 1 83173
0 1 83176
0 1 83180
0 1 83183
0 1 83184
0 1 83187
0 1 83188
0 1 83191
0 1 83194
0 1 83196
0 1 83198
0 1 83199
0 1 83201
0 1 83202
0 1 83203
0 1 83204
0 1 83205
0 1 83206
0 1 83211
0 1 83225
0 1 83227
0 1 83231
0 1 83232
0 1 83237
0 1 83239
0 1 83243
0 1 83245
0 1 83250
0 1 83252
0 1 83253
0 1 83255
0 1 83258
0 1 83260
0 1 83263
0 1 83264
0 1 83265
0 1 83266
0 1 83268
0 1 83272
0 1 83275
0 1 83276
0 1 83277
0 1 83281
0 1 83283
0 1 83284
0 1 83286
0 1 83287
0 1 83289
0 1 83290
0 1 83291
0 1 83294
0 1 83295
0 1 83296
0 1 83302
0 1 83303
0 1 83308
0 1 83309
0 1 83311
0 1 83314
0 1 83315
0 1 83316
0 1 83317
0 1 83318
0 1 83321
0 1 83323
0 1 83326
0 1 83327
0 1 83328
0 1 83329
0 1 83331
0 1 83334
0 1 83335
0 1 83336
0 1 83337
0 1 83339
0 1 83343
0 1 83346
0 1 83350
0 1 83352
0 1 83354
0 1 83355
0 1 83356
0 1 83358
0 1 83361
0 1 83364
0 1 83365
0 1 83371
0 1 83372
0 1 83373
0 1 83377
0 1 83378
0 1 83380
0 1 83383
0 1 83386
0 1 83388
0 1 83390
0 1 83396
0 1 83398
0 1 83399
0 1 83400
0 1 83401
0 1 83409
0 1 83410
0 1 83411
0 1 83415
0 1 83417
0 1 83419
0 1 83420
0 1 83421
0 1 83422
0 1 83423
0 1 83425
0 1 83427
0 1 83428
0 1 83430
0 1 83431
0 1 83433
0 1 83438
0 1 83439
0 1 83441
0 1 83442
0 1 83443
0 1 83444
0 1 83445
0 1 83446
0 1 83447
0 1 83449
0 1 83451
0 1 83452
0 1 83453
0 1 83455
0 1 83457
0 1 83458
0 1 83459
0 1 83463
0 1 83464
0 1 83465
0 1 83466
0 1 83467
0 1 83469
0 1 83471
0 1 83472
0 1 83474
0 1 83475
0 1 83476
0 1 83477
0 1 83478
0 1 83480
0 1 83481
0 1 83483
0 1 83484
0 1 83485
0 1 83486
0 1 83491
0 1 83493
0 1 83494
0 1 83495
0 1 83497
0 1 83499
0 1 83500
0 1 83502
0 1 83505
0 1 83508
0 1 83509
0 1 83511
0 1 83513
0 1 83522
0 1 83524
0 1 83525
0 1 83527
0 1 83528
0 1 83529
0 1 83530
0 1 83536
0 1 83538
0 1 83539
0 1 83540
0 1 83541
0 1 83543
0 1 83546
0 1 83547
0 1 83548
0 1 83549
0 1 83554
0 1 83555
0 1 83556
0 1 83557
0 1 83558
0 1 83561
0 1 83563
0 1 83564
0 1 83566
0 1 83568
0 1 83570
0 1 83572
0 1 83573
0 1 83575
0 1 83576
0 1 83577
0 1 83578
0 1 83582
0 1 83583
0 1 83584
0 1 83585
0 1 83588
0 1 83589
0 1 83590
0 1 83591
0 1 83592
0 1 83593
0 1 83594
0 1 83595
0 1 83596
0 1 83597
0 1 83600
0 1 83603
0 1 83604
0 1 83605
0 1 83606
0 1 83609
0 1 83610
0 1 83611
0 1 83614
0 1 83616
0 1 83621
0 1 83623
0 1 83624
0 1 83625
0 1 83635
0 1 83637
0 1 83638
0 1 83640
0 1 83641
0 1 83645
0 1 83647
0 1 83648
0 1 83649
0 1 83651
0 1 83653
0 1 83657
0 1 83659
0 1 83660
0 1 83665
0 1 83666
0 1 83667
0 1 83669
0 1 83677
0 1 83678
0 1 83681
0 1 83685
0 1 83689
0 1 83691
0 1 83693
0 1 83699
0 1 83700
0 1 83704
0 1 83705
0 1 83707
0 1 83716
0 1 83717
0 1 83718
0 1 83721
0 1 83723
0 1 83724
0 1 83726
0 1 83727
0 1 83728
0 1 83731
0 1 83732
0 1 83734
0 1 83735
0 1 83738
0 1 83741
0 1 83742
0 1 83743
0 1 83746
0 1 83748
0 1 83752
0 1 83753
0 1 83755
0 1 83757
0 1 83760
0 1 83761
0 1 83762
0 1 83763
0 1 83765
0 1 83767
0 1 83771
0 1 83772
0 1 83773
0 1 83778
0 1 83779
0 1 83780
0 1 83781
0 1 83784
0 1 83788
0 1 83789
0 1 83791
0 1 83792
0 1 83795
0 1 83799
0 1 83800
0 1 83804
0 1 83811
0 1 83812
0 1 83814
0 1 83820
0 1 83825
0 1 83826
0 1 83829
0 1 83833
0 1 83834
0 1 83837
0 1 83844
0 1 83845
0 1 83846
0 1 83847
0 1 83848
0 1 83849
0 1 83851
0 1 83853
0 1 83855
0 1 83856
0 1 83858
0 1 83859
0 1 83861
0 1 83863
0 1 83864
0 1 83865
0 1 83866
0 1 83867
0 1 83869
0 1 83872
0 1 83875
0 1 83876
0 1 83879
0 1 83881
0 1 83884
0 1 83886
0 1 83888
0 1 83889
0 1 83890
0 1 83891
0 1 83892
0 1 83893
0 1 83896
0 1 83897
0 1 83900
0 1 83902
0 1 83903
0 1 83904
0 1 83905
0 1 83909
0 1 83910
0 1 83911
0 1 83915
0 1 83922
0 1 83923
0 1 83926
0 1 83928
0 1 83932
0 1 83933
0 1 83934
0 1 83935
0 1 83936
0 1 83938
0 1 83939
0 1 83940
0 1 83941
0 1 83943
0 1 83945
0 1 83949
0 1 83951
0 1 83953
0 1 83955
0 1 83957
0 1 83958
0 1 83960
0 1 83963
0 1 83970
0 1 83971
0 1 83975
0 1 83976
0 1 83979
0 1 83983
0 1 83984
0 1 83985
0 1 83988
0 1 83990
0 1 83993
0 1 83994
0 1 83995
0 1 83997
0 1 84003
0 1 84006
0 1 84009
0 1 84014
0 1 84015
0 1 84016
0 1 84017
0 1 84018
0 1 84026
0 1 84027
0 1 84029
0 1 84030
0 1 84033
0 1 84035
0 1 84037
0 1 84038
0 1 84040
0 1 84041
0 1 84043
0 1 84045
0 1 84046
0 1 84048
0 1 84049
0 1 84053
0 1 84054
0 1 84055
0 1 84058
0 1 84059
0 1 84062
0 1 84064
0 1 84066
0 1 84067
0 1 84068
0 1 84070
0 1 84071
0 1 84080
0 1 84081
0 1 84082
0 1 84083
0 1 84085
0 1 84089
0 1 84093
0 1 84094
0 1 84096
0 1 84100
0 1 84101
0 1 84104
0 1 84106
0 1 84107
0 1 84108
0 1 84109
0 1 84112
0 1 84113
0 1 84116
0 1 84118
0 1 84119
0 1 84121
0 1 84122
0 1 84123
0 1 84124
0 1 84126
0 1 84128
0 1 84131
0 1 84133
0 1 84134
0 1 84136
0 1 84137
0 1 84139
0 1 84140
0 1 84143
0 1 84144
0 1 84145
0 1 84146
0 1 84149
0 1 84151
0 1 84152
0 1 84153
0 1 84155
0 1 84156
0 1 84157
0 1 84158
0 1 84159
0 1 84160
0 1 84167
0 1 84168
0 1 84176
0 1 84177
0 1 84180
0 1 84182
0 1 84185
0 1 84188
0 1 84189
0 1 84193
0 1 84196
0 1 84197
0 1 84198
0 1 84199
0 1 84201
0 1 84204
0 1 84206
0 1 84208
0 1 84209
0 1 84210
0 1 84211
0 1 84212
0 1 84214
0 1 84216
0 1 84219
0 1 84220
0 1 84221
0 1 84225
0 1 84227
0 1 84229
0 1 84230
0 1 84231
0 1 84235
0 1 84237
0 1 84243
0 1 84249
0 1 84252
0 1 84256
0 1 84259
0 1 84260
0 1 84261
0 1 84262
0 1 84264
0 1 84265
0 1 84267
0 1 84270
0 1 84273
0 1 84274
0 1 84275
0 1 84276
0 1 84278
0 1 84279
0 1 84280
0 1 84282
0 1 84284
0 1 84287
0 1 84288
0 1 84289
0 1 84290
0 1 84293
0 1 84294
0 1 84295
0 1 84300
0 1 84302
0 1 84306
0 1 84307
0 1 84309
0 1 84310
0 1 84311
0 1 84313
0 1 84317
0 1 84318
0 1 84319
0 1 84322
0 1 84324
0 1 84325
0 1 84327
0 1 84328
0 1 84329
0 1 84331
0 1 84332
0 1 84333
0 1 84340
0 1 84344
0 1 84347
0 1 84349
0 1 84351
0 1 84353
0 1 84359
0 1 84363
0 1 84364
0 1 84365
0 1 84369
0 1 84373
0 1 84374
0 1 84377
0 1 84380
0 1 84381
0 1 84383
0 1 84384
0 1 84386
0 1 84387
0 1 84389
0 1 84390
0 1 84392
0 1 84393
0 1 84399
0 1 84401
0 1 84402
0 1 84403
0 1 84405
0 1 84407
0 1 84408
0 1 84409
0 1 84410
0 1 84411
0 1 84413
0 1 84414
0 1 84415
0 1 84419
0 1 84422
0 1 84423
0 1 84424
0 1 84427
0 1 84431
0 1 84434
0 1 84435
0 1 84436
0 1 84437
0 1 84439
0 1 84440
0 1 84441
0 1 84443
0 1 84445
0 1 84446
0 1 84447
0 1 84448
0 1 84450
0 1 84451
0 1 84453
0 1 84455
0 1 84461
0 1 84465
0 1 84468
0 1 84471
0 1 84472
0 1 84477
0 1 84478
0 1 84480
0 1 84481
0 1 84482
0 1 84484
0 1 84486
0 1 84488
0 1 84490
0 1 84496
0 1 84498
0 1 84501
0 1 84503
0 1 84504
0 1 84506
0 1 84517
0 1 84518
0 1 84522
0 1 84523
0 1 84524
0 1 84525
0 1 84527
0 1 84528
0 1 84530
0 1 84531
0 1 84533
0 1 84535
0 1 84536
0 1 84537
0 1 84538
0 1 84539
0 1 84540
0 1 84545
0 1 84550
0 1 84552
0 1 84558
0 1 84559
0 1 84563
0 1 84564
0 1 84565
0 1 84569
0 1 84571
0 1 84576
0 1 84578
0 1 84579
0 1 84580
0 1 84581
0 1 84582
0 1 84584
0 1 84585
0 1 84586
0 1 84588
0 1 84595
0 1 84597
0 1 84598
0 1 84600
0 1 84603
0 1 84604
0 1 84606
0 1 84607
0 1 84608
0 1 84609
0 1 84612
0 1 84613
0 1 84616
0 1 84617
0 1 84619
0 1 84620
0 1 84623
0 1 84624
0 1 84628
0 1 84629
0 1 84630
0 1 84632
0 1 84633
0 1 84634
0 1 84635
0 1 84636
0 1 84638
0 1 84642
0 1 84643
0 1 84644
0 1 84647
0 1 84651
0 1 84652
0 1 84653
0 1 84654
0 1 84655
0 1 84657
0 1 84658
0 1 84665
0 1 84668
0 1 84669
0 1 84670
0 1 84673
0 1 84674
0 1 84675
0 1 84677
0 1 84678
0 1 84679
0 1 84680
0 1 84681
0 1 84682
0 1 84683
0 1 84687
0 1 84689
0 1 84692
0 1 84700
0 1 84701
0 1 84704
0 1 84705
0 1 84707
0 1 84709
0 1 84712
0 1 84717
0 1 84719
0 1 84720
0 1 84721
0 1 84726
0 1 84728
0 1 84731
0 1 84732
0 1 84734
0 1 84735
0 1 84737
0 1 84741
0 1 84742
0 1 84743
0 1 84745
0 1 84746
0 1 84747
0 1 84749
0 1 84752
0 1 84754
0 1 84755
0 1 84758
0 1 84759
0 1 84760
0 1 84761
0 1 84762
0 1 84763
0 1 84764
0 1 84766
0 1 84767
0 1 84769
0 1 84770
0 1 84771
0 1 84773
0 1 84774
0 1 84775
0 1 84776
0 1 84777
0 1 84780
0 1 84781
0 1 84784
0 1 84786
0 1 84787
0 1 84791
0 1 84793
0 1 84795
0 1 84796
0 1 84800
0 1 84803
0 1 84806
0 1 84808
0 1 84810
0 1 84813
0 1 84816
0 1 84817
0 1 84818
0 1 84819
0 1 84824
0 1 84825
0 1 84826
0 1 84827
0 1 84828
0 1 84829
0 1 84834
0 1 84836
0 1 84840
0 1 84842
0 1 84843
0 1 84844
0 1 84848
0 1 84849
0 1 84852
0 1 84853
0 1 84854
0 1 84855
0 1 84856
0 1 84858
0 1 84859
0 1 84861
0 1 84863
0 1 84864
0 1 84866
0 1 84867
0 1 84868
0 1 84869
0 1 84870
0 1 84873
0 1 84874
0 1 84875
0 1 84877
0 1 84878
0 1 84879
0 1 84880
0 1 84882
0 1 84888
0 1 84889
0 1 84892
0 1 84895
0 1 84897
0 1 84898
0 1 84899
0 1 84900
0 1 84905
0 1 84907
0 1 84913
0 1 84915
0 1 84921
0 1 84924
0 1 84927
0 1 84928
0 1 84934
0 1 84935
0 1 84936
0 1 84937
0 1 84941
0 1 84942
0 1 84943
0 1 84944
0 1 84949
0 1 84951
0 1 84952
0 1 84953
0 1 84954
0 1 84959
0 1 84962
0 1 84963
0 1 84966
0 1 84967
0 1 84968
0 1 84972
0 1 84975
0 1 84986
0 1 84989
0 1 84990
0 1 84991
0 1 84992
0 1 84994
0 1 84995
0 1 84996
0 1 84997
0 1 84998
0 1 84999
0 1 85005
0 1 85009
0 1 85010
0 1 85014
0 1 85016
0 1 85017
0 1 85019
0 1 85020
0 1 85024
0 1 85027
0 1 85028
0 1 85030
0 1 85031
0 1 85036
0 1 85041
0 1 85042
0 1 85043
0 1 85044
0 1 85045
0 1 85047
0 1 85053
0 1 85056
0 1 85057
0 1 85059
0 1 85060
0 1 85064
0 1 85065
0 1 85066
0 1 85069
0 1 85072
0 1 85073
0 1 85074
0 1 85075
0 1 85081
0 1 85083
0 1 85084
0 1 85086
0 1 85087
0 1 85088
0 1 85094
0 1 85098
0 1 85099
0 1 85101
0 1 85103
0 1 85105
0 1 85106
0 1 85108
0 1 85109
0 1 85111
0 1 85113
0 1 85114
0 1 85115
0 1 85116
0 1 85117
0 1 85120
0 1 85122
0 1 85125
0 1 85127
0 1 85129
0 1 85130
0 1 85131
0 1 85132
0 1 85133
0 1 85136
0 1 85140
0 1 85144
0 1 85151
0 1 85153
0 1 85154
0 1 85156
0 1 85157
0 1 85160
0 1 85161
0 1 85163
0 1 85164
0 1 85167
0 1 85170
0 1 85171
0 1 85172
0 1 85184
0 1 85186
0 1 85188
0 1 85190
0 1 85192
0 1 85194
0 1 85195
0 1 85197
0 1 85201
0 1 85202
0 1 85204
0 1 85205
0 1 85206
0 1 85209
0 1 85211
0 1 85212
0 1 85214
0 1 85215
0 1 85216
0 1 85217
0 1 85218
0 1 85221
0 1 85223
0 1 85225
0 1 85226
0 1 85227
0 1 85231
0 1 85232
0 1 85233
0 1 85236
0 1 85240
0 1 85245
0 1 85249
0 1 85250
0 1 85252
0 1 85253
0 1 85254
0 1 85255
0 1 85256
0 1 85257
0 1 85258
0 1 85259
0 1 85260
0 1 85264
0 1 85265
0 1 85266
0 1 85271
0 1 85272
0 1 85273
0 1 85276
0 1 85277
0 1 85279
0 1 85281
0 1 85284
0 1 85285
0 1 85287
0 1 85288
0 1 85290
0 1 85292
0 1 85293
0 1 85294
0 1 85295
0 1 85298
0 1 85299
0 1 85300
0 1 85301
0 1 85303
0 1 85306
0 1 85307
0 1 85308
0 1 85310
0 1 85312
0 1 85313
0 1 85317
0 1 85318
0 1 85319
0 1 85320
0 1 85324
0 1 85328
0 1 85329
0 1 85330
0 1 85331
0 1 85334
0 1 85335
0 1 85338
0 1 85339
0 1 85343
0 1 85345
0 1 85346
0 1 85347
0 1 85356
0 1 85357
0 1 85359
0 1 85360
0 1 85361
0 1 85362
0 1 85364
0 1 85365
0 1 85369
0 1 85373
0 1 85374
0 1 85376
0 1 85378
0 1 85379
0 1 85382
0 1 85385
0 1 85386
0 1 85387
0 1 85389
0 1 85390
0 1 85391
0 1 85394
0 1 85396
0 1 85400
0 1 85401
0 1 85403
0 1 85404
0 1 85407
0 1 85408
0 1 85410
0 1 85411
0 1 85412
0 1 85415
0 1 85418
0 1 85422
0 1 85423
0 1 85425
0 1 85428
0 1 85431
0 1 85432
0 1 85433
0 1 85434
0 1 85435
0 1 85439
0 1 85441
0 1 85442
0 1 85443
0 1 85445
0 1 85446
0 1 85447
0 1 85449
0 1 85450
0 1 85451
0 1 85455
0 1 85460
0 1 85462
0 1 85463
0 1 85464
0 1 85465
0 1 85469
0 1 85471
0 1 85476
0 1 85480
0 1 85483
0 1 85485
0 1 85486
0 1 85490
0 1 85493
0 1 85494
0 1 85495
0 1 85496
0 1 85497
0 1 85499
0 1 85500
0 1 85501
0 1 85503
0 1 85509
0 1 85512
0 1 85513
0 1 85514
0 1 85518
0 1 85519
0 1 85520
0 1 85521
0 1 85523
0 1 85525
0 1 85529
0 1 85533
0 1 85534
0 1 85535
0 1 85537
0 1 85540
0 1 85541
0 1 85542
0 1 85543
0 1 85544
0 1 85546
0 1 85548
0 1 85549
0 1 85551
0 1 85555
0 1 85556
0 1 85557
0 1 85558
0 1 85561
0 1 85564
0 1 85566
0 1 85569
0 1 85570
0 1 85574
0 1 85575
0 1 85576
0 1 85577
0 1 85578
0 1 85579
0 1 85580
0 1 85581
0 1 85584
0 1 85585
0 1 85586
0 1 85587
0 1 85588
0 1 85589
0 1 85595
0 1 85597
0 1 85598
0 1 85599
0 1 85600
0 1 85602
0 1 85605
0 1 85607
0 1 85609
0 1 85611
0 1 85612
0 1 85615
0 1 85620
0 1 85621
0 1 85624
0 1 85628
0 1 85629
0 1 85630
0 1 85631
0 1 85634
0 1 85635
0 1 85636
0 1 85639
0 1 85640
0 1 85645
0 1 85646
0 1 85647
0 1 85651
0 1 85654
0 1 85655
0 1 85657
0 1 85658
0 1 85660
0 1 85661
0 1 85662
0 1 85663
0 1 85665
0 1 85666
0 1 85667
0 1 85668
0 1 85669
0 1 85670
0 1 85673
0 1 85674
0 1 85675
0 1 85679
0 1 85680
0 1 85681
0 1 85682
0 1 85686
0 1 85687
0 1 85688
0 1 85690
0 1 85691
0 1 85692
0 1 85694
0 1 85695
0 1 85699
0 1 85701
0 1 85702
0 1 85703
0 1 85705
0 1 85711
0 1 85715
0 1 85716
0 1 85717
0 1 85720
0 1 85721
0 1 85722
0 1 85723
0 1 85724
0 1 85725
0 1 85729
0 1 85730
0 1 85732
0 1 85733
0 1 85736
0 1 85737
0 1 85738
0 1 85740
0 1 85741
0 1 85743
0 1 85745
0 1 85746
0 1 85747
0 1 85748
0 1 85753
0 1 85754
0 1 85758
0 1 85759
0 1 85762
0 1 85763
0 1 85768
0 1 85770
0 1 85771
0 1 85772
0 1 85773
0 1 85774
0 1 85776
0 1 85777
0 1 85778
0 1 85779
0 1 85780
0 1 85782
0 1 85784
0 1 85786
0 1 85789
0 1 85790
0 1 85793
0 1 85794
0 1 85797
0 1 85798
0 1 85801
0 1 85804
0 1 85806
0 1 85809
0 1 85810
0 1 85812
0 1 85815
0 1 85816
0 1 85818
0 1 85819
0 1 85822
0 1 85824
0 1 85832
0 1 85836
0 1 85838
0 1 85840
0 1 85842
0 1 85843
0 1 85844
0 1 85847
0 1 85853
0 1 85855
0 1 85857
0 1 85859
0 1 85860
0 1 85863
0 1 85866
0 1 85869
0 1 85871
0 1 85875
0 1 85876
0 1 85880
0 1 85881
0 1 85882
0 1 85884
0 1 85886
0 1 85887
0 1 85889
0 1 85890
0 1 85891
0 1 85892
0 1 85893
0 1 85894
0 1 85895
0 1 85896
0 1 85897
0 1 85898
0 1 85899
0 1 85901
0 1 85902
0 1 85903
0 1 85910
0 1 85912
0 1 85913
0 1 85916
0 1 85917
0 1 85918
0 1 85919
0 1 85920
0 1 85921
0 1 85922
0 1 85923
0 1 85924
0 1 85925
0 1 85929
0 1 85930
0 1 85933
0 1 85934
0 1 85936
0 1 85938
0 1 85941
0 1 85942
0 1 85945
0 1 85946
0 1 85947
0 1 85950
0 1 85951
0 1 85952
0 1 85953
0 1 85954
0 1 85955
0 1 85957
0 1 85958
0 1 85959
0 1 85960
0 1 85961
0 1 85963
0 1 85968
0 1 85969
0 1 85971
0 1 85972
0 1 85973
0 1 85974
0 1 85975
0 1 85976
0 1 85977
0 1 85979
0 1 85984
0 1 85987
0 1 85988
0 1 85989
0 1 85990
0 1 85991
0 1 85993
0 1 85994
0 1 85996
0 1 85997
0 1 85999
0 1 86000
0 1 86001
0 1 86003
0 1 86005
0 1 86006
0 1 86008
0 1 86015
0 1 86018
0 1 86019
0 1 86020
0 1 86022
0 1 86025
0 1 86026
0 1 86030
0 1 86031
0 1 86032
0 1 86033
0 1 86037
0 1 86038
0 1 86040
0 1 86043
0 1 86044
0 1 86045
0 1 86048
0 1 86049
0 1 86050
0 1 86051
0 1 86054
0 1 86056
0 1 86058
0 1 86061
0 1 86066
0 1 86070
0 1 86071
0 1 86077
0 1 86080
0 1 86082
0 1 86083
0 1 86085
0 1 86087
0 1 86088
0 1 86089
0 1 86091
0 1 86094
0 1 86095
0 1 86096
0 1 86098
0 1 86100
0 1 86101
0 1 86102
0 1 86103
0 1 86105
0 1 86106
0 1 86108
0 1 86113
0 1 86115
0 1 86118
0 1 86120
0 1 86123
0 1 86124
0 1 86127
0 1 86130
0 1 86133
0 1 86134
0 1 86135
0 1 86137
0 1 86139
0 1 86141
0 1 86144
0 1 86145
0 1 86146
0 1 86150
0 1 86151
0 1 86152
0 1 86154
0 1 86157
0 1 86159
0 1 86161
0 1 86162
0 1 86166
0 1 86168
0 1 86174
0 1 86176
0 1 86177
0 1 86182
0 1 86183
0 1 86184
0 1 86185
0 1 86187
0 1 86188
0 1 86190
0 1 86192
0 1 86193
0 1 86194
0 1 86195
0 1 86197
0 1 86198
0 1 86201
0 1 86206
0 1 86208
0 1 86211
0 1 86214
0 1 86217
0 1 86218
0 1 86219
0 1 86222
0 1 86223
0 1 86224
0 1 86225
0 1 86227
0 1 86230
0 1 86232
0 1 86233
0 1 86234
0 1 86235
0 1 86237
0 1 86238
0 1 86239
0 1 86241
0 1 86242
0 1 86243
0 1 86244
0 1 86247
0 1 86248
0 1 86249
0 1 86252
0 1 86254
0 1 86255
0 1 86257
0 1 86258
0 1 86260
0 1 86261
0 1 86262
0 1 86264
0 1 86265
0 1 86266
0 1 86268
0 1 86269
0 1 86270
0 1 86274
0 1 86275
0 1 86276
0 1 86277
0 1 86278
0 1 86279
0 1 86283
0 1 86286
0 1 86287
0 1 86290
0 1 86292
0 1 86294
0 1 86296
0 1 86297
0 1 86298
0 1 86299
0 1 86300
0 1 86301
0 1 86302
0 1 86303
0 1 86304
0 1 86306
0 1 86307
0 1 86308
0 1 86309
0 1 86310
0 1 86312
0 1 86316
0 1 86317
0 1 86319
0 1 86322
0 1 86323
0 1 86324
0 1 86325
0 1 86327
0 1 86330
0 1 86332
0 1 86334
0 1 86335
0 1 86336
0 1 86341
0 1 86342
0 1 86343
0 1 86345
0 1 86350
0 1 86357
0 1 86358
0 1 86360
0 1 86362
0 1 86363
0 1 86365
0 1 86366
0 1 86368
0 1 86370
0 1 86371
0 1 86372
0 1 86373
0 1 86374
0 1 86377
0 1 86378
0 1 86384
0 1 86388
0 1 86397
0 1 86401
0 1 86405
0 1 86406
0 1 86409
0 1 86412
0 1 86413
0 1 86415
0 1 86416
0 1 86419
0 1 86422
0 1 86423
0 1 86424
0 1 86426
0 1 86427
0 1 86429
0 1 86430
0 1 86432
0 1 86435
0 1 86436
0 1 86437
0 1 86441
0 1 86442
0 1 86443
0 1 86447
0 1 86448
0 1 86450
0 1 86451
0 1 86452
0 1 86453
0 1 86454
0 1 86457
0 1 86460
0 1 86463
0 1 86465
0 1 86466
0 1 86468
0 1 86469
0 1 86471
0 1 86474
0 1 86475
0 1 86477
0 1 86478
0 1 86479
0 1 86484
0 1 86485
0 1 86487
0 1 86488
0 1 86490
0 1 86491
0 1 86493
0 1 86494
0 1 86496
0 1 86497
0 1 86501
0 1 86503
0 1 86504
0 1 86507
0 1 86508
0 1 86509
0 1 86510
0 1 86512
0 1 86513
0 1 86514
0 1 86516
0 1 86517
0 1 86518
0 1 86520
0 1 86521
0 1 86522
0 1 86523
0 1 86526
0 1 86528
0 1 86529
0 1 86530
0 1 86531
0 1 86535
0 1 86536
0 1 86537
0 1 86539
0 1 86540
0 1 86541
0 1 86545
0 1 86547
0 1 86550
0 1 86553
0 1 86555
0 1 86556
0 1 86558
0 1 86559
0 1 86561
0 1 86562
0 1 86565
0 1 86571
0 1 86572
0 1 86573
0 1 86574
0 1 86575
0 1 86580
0 1 86582
0 1 86585
0 1 86591
0 1 86592
0 1 86593
0 1 86596
0 1 86600
0 1 86601
0 1 86603
0 1 86607
0 1 86610
0 1 86614
0 1 86615
0 1 86616
0 1 86624
0 1 86626
0 1 86630
0 1 86635
0 1 86636
0 1 86638
0 1 86640
0 1 86641
0 1 86642
0 1 86646
0 1 86647
0 1 86648
0 1 86649
0 1 86650
0 1 86652
0 1 86655
0 1 86656
0 1 86657
0 1 86658
0 1 86659
0 1 86660
0 1 86661
0 1 86662
0 1 86663
0 1 86666
0 1 86667
0 1 86668
0 1 86669
0 1 86671
0 1 86673
0 1 86674
0 1 86676
0 1 86678
0 1 86680
0 1 86682
0 1 86685
0 1 86688
0 1 86690
0 1 86691
0 1 86696
0 1 86697
0 1 86701
0 1 86702
0 1 86706
0 1 86709
0 1 86714
0 1 86721
0 1 86722
0 1 86723
0 1 86726
0 1 86728
0 1 86729
0 1 86730
0 1 86732
0 1 86733
0 1 86735
0 1 86737
0 1 86738
0 1 86741
0 1 86745
0 1 86746
0 1 86747
0 1 86750
0 1 86752
0 1 86753
0 1 86754
0 1 86755
0 1 86756
0 1 86757
0 1 86758
0 1 86763
0 1 86766
0 1 86768
0 1 86770
0 1 86771
0 1 86772
0 1 86774
0 1 86777
0 1 86778
0 1 86779
0 1 86780
0 1 86783
0 1 86785
0 1 86786
0 1 86788
0 1 86790
0 1 86791
0 1 86793
0 1 86795
0 1 86797
0 1 86800
0 1 86802
0 1 86803
0 1 86809
0 1 86810
0 1 86813
0 1 86814
0 1 86816
0 1 86818
0 1 86820
0 1 86823
0 1 86824
0 1 86826
0 1 86828
0 1 86829
0 1 86831
0 1 86835
0 1 86838
0 1 86840
0 1 86841
0 1 86842
0 1 86844
0 1 86845
0 1 86846
0 1 86848
0 1 86850
0 1 86851
0 1 86852
0 1 86853
0 1 86854
0 1 86857
0 1 86858
0 1 86859
0 1 86860
0 1 86861
0 1 86862
0 1 86867
0 1 86869
0 1 86871
0 1 86872
0 1 86873
0 1 86874
0 1 86875
0 1 86877
0 1 86880
0 1 86881
0 1 86883
0 1 86885
0 1 86887
0 1 86888
0 1 86889
0 1 86890
0 1 86891
0 1 86898
0 1 86900
0 1 86901
0 1 86906
0 1 86907
0 1 86908
0 1 86909
0 1 86910
0 1 86911
0 1 86912
0 1 86913
0 1 86915
0 1 86919
0 1 86921
0 1 86922
0 1 86928
0 1 86929
0 1 86934
0 1 86936
0 1 86942
0 1 86943
0 1 86944
0 1 86946
0 1 86947
0 1 86948
0 1 86949
0 1 86951
0 1 86952
0 1 86953
0 1 86954
0 1 86955
0 1 86963
0 1 86965
0 1 86966
0 1 86967
0 1 86968
0 1 86970
0 1 86972
0 1 86973
0 1 86974
0 1 86978
0 1 86979
0 1 86982
0 1 86983
0 1 86984
0 1 86986
0 1 86987
0 1 86991
0 1 86996
0 1 86997
0 1 87003
0 1 87006
0 1 87008
0 1 87009
0 1 87010
0 1 87012
0 1 87017
0 1 87018
0 1 87019
0 1 87021
0 1 87022
0 1 87023
0 1 87024
0 1 87027
0 1 87031
0 1 87033
0 1 87034
0 1 87035
0 1 87037
0 1 87038
0 1 87040
0 1 87041
0 1 87043
0 1 87044
0 1 87046
0 1 87047
0 1 87048
0 1 87049
0 1 87052
0 1 87053
0 1 87055
0 1 87056
0 1 87057
0 1 87060
0 1 87061
0 1 87062
0 1 87063
0 1 87064
0 1 87065
0 1 87067
0 1 87068
0 1 87069
0 1 87071
0 1 87073
0 1 87075
0 1 87076
0 1 87078
0 1 87080
0 1 87083
0 1 87084
0 1 87086
0 1 87087
0 1 87089
0 1 87090
0 1 87091
0 1 87092
0 1 87094
0 1 87095
0 1 87097
0 1 87098
0 1 87099
0 1 87100
0 1 87102
0 1 87104
0 1 87106
0 1 87107
0 1 87109
0 1 87110
0 1 87112
0 1 87113
0 1 87118
0 1 87119
0 1 87121
0 1 87123
0 1 87125
0 1 87128
0 1 87129
0 1 87131
0 1 87132
0 1 87134
0 1 87135
0 1 87139
0 1 87142
0 1 87143
0 1 87145
0 1 87148
0 1 87155
0 1 87156
0 1 87158
0 1 87159
0 1 87165
0 1 87168
0 1 87173
0 1 87174
0 1 87176
0 1 87177
0 1 87179
0 1 87180
0 1 87181
0 1 87183
0 1 87184
0 1 87187
0 1 87192
0 1 87194
0 1 87201
0 1 87206
0 1 87208
0 1 87209
0 1 87214
0 1 87217
0 1 87219
0 1 87221
0 1 87228
0 1 87229
0 1 87231
0 1 87233
0 1 87236
0 1 87238
0 1 87239
0 1 87240
0 1 87241
0 1 87244
0 1 87246
0 1 87249
0 1 87250
0 1 87253
0 1 87254
0 1 87255
0 1 87257
0 1 87258
0 1 87259
0 1 87261
0 1 87262
0 1 87263
0 1 87266
0 1 87268
0 1 87272
0 1 87274
0 1 87275
0 1 87276
0 1 87277
0 1 87278
0 1 87280
0 1 87281
0 1 87282
0 1 87285
0 1 87286
0 1 87289
0 1 87290
0 1 87293
0 1 87294
0 1 87295
0 1 87296
0 1 87297
0 1 87298
0 1 87299
0 1 87301
0 1 87306
0 1 87308
0 1 87310
0 1 87311
0 1 87313
0 1 87315
0 1 87318
0 1 87319
0 1 87321
0 1 87322
0 1 87324
0 1 87325
0 1 87327
0 1 87329
0 1 87331
0 1 87332
0 1 87333
0 1 87334
0 1 87335
0 1 87336
0 1 87337
0 1 87341
0 1 87342
0 1 87343
0 1 87344
0 1 87346
0 1 87350
0 1 87351
0 1 87352
0 1 87356
0 1 87358
0 1 87363
0 1 87364
0 1 87365
0 1 87366
0 1 87371
0 1 87372
0 1 87376
0 1 87377
0 1 87378
0 1 87380
0 1 87383
0 1 87386
0 1 87387
0 1 87389
0 1 87390
0 1 87391
0 1 87392
0 1 87395
0 1 87396
0 1 87398
0 1 87401
0 1 87402
0 1 87403
0 1 87405
0 1 87408
0 1 87410
0 1 87414
0 1 87417
0 1 87418
0 1 87419
0 1 87422
0 1 87423
0 1 87424
0 1 87428
0 1 87430
0 1 87433
0 1 87434
0 1 87443
0 1 87444
0 1 87446
0 1 87447
0 1 87449
0 1 87455
0 1 87459
0 1 87460
0 1 87462
0 1 87463
0 1 87464
0 1 87467
0 1 87470
0 1 87472
0 1 87473
0 1 87474
0 1 87476
0 1 87477
0 1 87479
0 1 87480
0 1 87484
0 1 87486
0 1 87489
0 1 87490
0 1 87491
0 1 87492
0 1 87494
0 1 87495
0 1 87496
0 1 87501
0 1 87504
0 1 87506
0 1 87507
0 1 87511
0 1 87512
0 1 87515
0 1 87519
0 1 87522
0 1 87523
0 1 87524
0 1 87525
0 1 87529
0 1 87530
0 1 87532
0 1 87537
0 1 87539
0 1 87541
0 1 87542
0 1 87543
0 1 87545
0 1 87546
0 1 87548
0 1 87549
0 1 87550
0 1 87551
0 1 87554
0 1 87555
0 1 87558
0 1 87559
0 1 87561
0 1 87562
0 1 87565
0 1 87568
0 1 87570
0 1 87573
0 1 87579
0 1 87583
0 1 87585
0 1 87586
0 1 87587
0 1 87588
0 1 87589
0 1 87592
0 1 87596
0 1 87597
0 1 87603
0 1 87605
0 1 87606
0 1 87608
0 1 87611
0 1 87616
0 1 87620
0 1 87621
0 1 87622
0 1 87623
0 1 87625
0 1 87627
0 1 87628
0 1 87631
0 1 87633
0 1 87635
0 1 87640
0 1 87642
0 1 87644
0 1 87645
0 1 87647
0 1 87648
0 1 87649
0 1 87654
0 1 87655
0 1 87657
0 1 87659
0 1 87661
0 1 87662
0 1 87663
0 1 87668
0 1 87670
0 1 87673
0 1 87674
0 1 87677
0 1 87678
0 1 87681
0 1 87682
0 1 87684
0 1 87686
0 1 87690
0 1 87691
0 1 87692
0 1 87693
0 1 87695
0 1 87699
0 1 87701
0 1 87708
0 1 87709
0 1 87715
0 1 87716
0 1 87719
0 1 87720
0 1 87726
0 1 87732
0 1 87733
0 1 87736
0 1 87738
0 1 87740
0 1 87747
0 1 87748
0 1 87749
0 1 87751
0 1 87752
0 1 87753
0 1 87754
0 1 87755
0 1 87756
0 1 87757
0 1 87758
0 1 87759
0 1 87760
0 1 87762
0 1 87764
0 1 87765
0 1 87766
0 1 87772
0 1 87777
0 1 87778
0 1 87779
0 1 87780
0 1 87782
0 1 87783
0 1 87785
0 1 87786
0 1 87790
0 1 87791
0 1 87792
0 1 87794
0 1 87799
0 1 87801
0 1 87802
0 1 87807
0 1 87808
0 1 87811
0 1 87814
0 1 87815
0 1 87818
0 1 87824
0 1 87826
0 1 87828
0 1 87830
0 1 87831
0 1 87834
0 1 87838
0 1 87847
0 1 87851
0 1 87853
0 1 87855
0 1 87856
0 1 87864
0 1 87865
0 1 87866
0 1 87867
0 1 87871
0 1 87872
0 1 87875
0 1 87876
0 1 87879
0 1 87880
0 1 87881
0 1 87882
0 1 87886
0 1 87887
0 1 87888
0 1 87893
0 1 87894
0 1 87895
0 1 87896
0 1 87898
0 1 87900
0 1 87901
0 1 87902
0 1 87904
0 1 87905
0 1 87906
0 1 87907
0 1 87908
0 1 87911
0 1 87913
0 1 87916
0 1 87917
0 1 87919
0 1 87921
0 1 87922
0 1 87923
0 1 87926
0 1 87931
0 1 87933
0 1 87934
0 1 87939
0 1 87944
0 1 87946
0 1 87947
0 1 87948
0 1 87949
0 1 87950
0 1 87954
0 1 87955
0 1 87958
0 1 87960
0 1 87963
0 1 87964
0 1 87965
0 1 87966
0 1 87967
0 1 87970
0 1 87971
0 1 87976
0 1 87977
0 1 87980
0 1 87981
0 1 87983
0 1 87986
0 1 87989
0 1 87990
0 1 87991
0 1 87992
0 1 87995
0 1 87997
0 1 87999
0 1 88002
0 1 88003
0 1 88005
0 1 88007
0 1 88008
0 1 88012
0 1 88013
0 1 88017
0 1 88019
0 1 88020
0 1 88021
0 1 88023
0 1 88024
0 1 88026
0 1 88028
0 1 88029
0 1 88030
0 1 88037
0 1 88040
0 1 88042
0 1 88044
0 1 88045
0 1 88049
0 1 88051
0 1 88053
0 1 88054
0 1 88057
0 1 88059
0 1 88062
0 1 88063
0 1 88065
0 1 88067
0 1 88069
0 1 88070
0 1 88071
0 1 88072
0 1 88073
0 1 88075
0 1 88077
0 1 88078
0 1 88079
0 1 88080
0 1 88081
0 1 88082
0 1 88083
0 1 88085
0 1 88090
0 1 88093
0 1 88094
0 1 88095
0 1 88096
0 1 88098
0 1 88099
0 1 88101
0 1 88103
0 1 88104
0 1 88105
0 1 88112
0 1 88114
0 1 88115
0 1 88122
0 1 88127
0 1 88128
0 1 88130
0 1 88132
0 1 88135
0 1 88136
0 1 88137
0 1 88140
0 1 88143
0 1 88144
0 1 88145
0 1 88146
0 1 88147
0 1 88148
0 1 88151
0 1 88157
0 1 88158
0 1 88159
0 1 88160
0 1 88162
0 1 88164
0 1 88165
0 1 88167
0 1 88169
0 1 88170
0 1 88171
0 1 88173
0 1 88174
0 1 88175
0 1 88177
0 1 88178
0 1 88179
0 1 88183
0 1 88185
0 1 88186
0 1 88190
0 1 88191
0 1 88192
0 1 88194
0 1 88195
0 1 88196
0 1 88197
0 1 88198
0 1 88199
0 1 88200
0 1 88206
0 1 88207
0 1 88208
0 1 88209
0 1 88211
0 1 88212
0 1 88214
0 1 88215
0 1 88216
0 1 88217
0 1 88219
0 1 88220
0 1 88224
0 1 88225
0 1 88227
0 1 88236
0 1 88238
0 1 88241
0 1 88242
0 1 88244
0 1 88245
0 1 88247
0 1 88250
0 1 88251
0 1 88252
0 1 88256
0 1 88257
0 1 88258
0 1 88259
0 1 88261
0 1 88262
0 1 88263
0 1 88264
0 1 88266
0 1 88267
0 1 88269
0 1 88273
0 1 88274
0 1 88275
0 1 88279
0 1 88282
0 1 88284
0 1 88285
0 1 88287
0 1 88289
0 1 88290
0 1 88291
0 1 88292
0 1 88293
0 1 88295
0 1 88297
0 1 88299
0 1 88300
0 1 88301
0 1 88308
0 1 88309
0 1 88311
0 1 88312
0 1 88314
0 1 88315
0 1 88316
0 1 88320
0 1 88321
0 1 88322
0 1 88329
0 1 88331
0 1 88332
0 1 88334
0 1 88336
0 1 88337
0 1 88339
0 1 88340
0 1 88341
0 1 88344
0 1 88346
0 1 88347
0 1 88349
0 1 88351
0 1 88352
0 1 88353
0 1 88354
0 1 88358
0 1 88359
0 1 88363
0 1 88366
0 1 88367
0 1 88371
0 1 88375
0 1 88377
0 1 88378
0 1 88380
0 1 88383
0 1 88385
0 1 88386
0 1 88387
0 1 88391
0 1 88392
0 1 88393
0 1 88394
0 1 88395
0 1 88396
0 1 88397
0 1 88398
0 1 88399
0 1 88402
0 1 88403
0 1 88405
0 1 88407
0 1 88408
0 1 88412
0 1 88413
0 1 88414
0 1 88421
0 1 88423
0 1 88425
0 1 88427
0 1 88428
0 1 88429
0 1 88430
0 1 88431
0 1 88432
0 1 88434
0 1 88435
0 1 88437
0 1 88440
0 1 88442
0 1 88443
0 1 88445
0 1 88447
0 1 88449
0 1 88453
0 1 88454
0 1 88455
0 1 88456
0 1 88460
0 1 88467
0 1 88468
0 1 88471
0 1 88472
0 1 88475
0 1 88479
0 1 88481
0 1 88483
0 1 88484
0 1 88485
0 1 88487
0 1 88488
0 1 88489
0 1 88490
0 1 88492
0 1 88493
0 1 88494
0 1 88496
0 1 88497
0 1 88498
0 1 88499
0 1 88501
0 1 88502
0 1 88503
0 1 88504
0 1 88508
0 1 88510
0 1 88512
0 1 88513
0 1 88514
0 1 88515
0 1 88517
0 1 88518
0 1 88519
0 1 88520
0 1 88523
0 1 88524
0 1 88528
0 1 88529
0 1 88533
0 1 88534
0 1 88535
0 1 88536
0 1 88537
0 1 88538
0 1 88539
0 1 88541
0 1 88546
0 1 88548
0 1 88549
0 1 88550
0 1 88551
0 1 88552
0 1 88554
0 1 88558
0 1 88561
0 1 88565
0 1 88569
0 1 88577
0 1 88578
0 1 88579
0 1 88580
0 1 88582
0 1 88584
0 1 88587
0 1 88589
0 1 88593
0 1 88594
0 1 88595
0 1 88596
0 1 88597
0 1 88598
0 1 88600
0 1 88601
0 1 88603
0 1 88604
0 1 88605
0 1 88606
0 1 88613
0 1 88614
0 1 88616
0 1 88617
0 1 88619
0 1 88620
0 1 88628
0 1 88629
0 1 88631
0 1 88636
0 1 88638
0 1 88641
0 1 88642
0 1 88644
0 1 88650
0 1 88651
0 1 88656
0 1 88660
0 1 88664
0 1 88668
0 1 88669
0 1 88670
0 1 88671
0 1 88672
0 1 88673
0 1 88674
0 1 88675
0 1 88677
0 1 88678
0 1 88680
0 1 88681
0 1 88682
0 1 88683
0 1 88684
0 1 88688
0 1 88689
0 1 88691
0 1 88692
0 1 88693
0 1 88694
0 1 88697
0 1 88698
0 1 88702
0 1 88707
0 1 88710
0 1 88711
0 1 88713
0 1 88720
0 1 88721
0 1 88722
0 1 88723
0 1 88725
0 1 88729
0 1 88732
0 1 88733
0 1 88734
0 1 88736
0 1 88737
0 1 88738
0 1 88739
0 1 88741
0 1 88742
0 1 88743
0 1 88744
0 1 88745
0 1 88746
0 1 88747
0 1 88750
0 1 88752
0 1 88755
0 1 88756
0 1 88757
0 1 88771
0 1 88773
0 1 88774
0 1 88777
0 1 88778
0 1 88779
0 1 88780
0 1 88783
0 1 88788
0 1 88789
0 1 88792
0 1 88794
0 1 88795
0 1 88796
0 1 88797
0 1 88798
0 1 88804
0 1 88806
0 1 88807
0 1 88812
0 1 88814
0 1 88816
0 1 88817
0 1 88819
0 1 88821
0 1 88822
0 1 88824
0 1 88825
0 1 88826
0 1 88827
0 1 88829
0 1 88830
0 1 88834
0 1 88835
0 1 88840
0 1 88842
0 1 88848
0 1 88849
0 1 88853
0 1 88855
0 1 88856
0 1 88857
0 1 88859
0 1 88860
0 1 88861
0 1 88862
0 1 88863
0 1 88864
0 1 88865
0 1 88868
0 1 88871
0 1 88872
0 1 88873
0 1 88874
0 1 88877
0 1 88878
0 1 88879
0 1 88880
0 1 88882
0 1 88885
0 1 88887
0 1 88889
0 1 88890
0 1 88891
0 1 88892
0 1 88894
0 1 88897
0 1 88898
0 1 88899
0 1 88900
0 1 88903
0 1 88904
0 1 88906
0 1 88907
0 1 88911
0 1 88912
0 1 88914
0 1 88915
0 1 88916
0 1 88918
0 1 88919
0 1 88920
0 1 88921
0 1 88926
0 1 88930
0 1 88932
0 1 88934
0 1 88935
0 1 88936
0 1 88938
0 1 88940
0 1 88942
0 1 88943
0 1 88946
0 1 88949
0 1 88950
0 1 88951
0 1 88953
0 1 88955
0 1 88958
0 1 88959
0 1 88960
0 1 88961
0 1 88962
0 1 88963
0 1 88964
0 1 88970
0 1 88972
0 1 88973
0 1 88976
0 1 88979
0 1 88980
0 1 88985
0 1 88989
0 1 88990
0 1 88991
0 1 88992
0 1 88994
0 1 88995
0 1 88998
0 1 89004
0 1 89007
0 1 89008
0 1 89010
0 1 89012
0 1 89018
0 1 89019
0 1 89023
0 1 89025
0 1 89027
0 1 89029
0 1 89030
0 1 89031
0 1 89032
0 1 89034
0 1 89035
0 1 89038
0 1 89040
0 1 89043
0 1 89044
0 1 89046
0 1 89047
0 1 89048
0 1 89050
0 1 89051
0 1 89053
0 1 89057
0 1 89058
0 1 89059
0 1 89060
0 1 89061
0 1 89063
0 1 89064
0 1 89066
0 1 89075
0 1 89077
0 1 89078
0 1 89079
0 1 89083
0 1 89085
0 1 89086
0 1 89088
0 1 89089
0 1 89091
0 1 89098
0 1 89099
0 1 89100
0 1 89101
0 1 89102
0 1 89103
0 1 89105
0 1 89106
0 1 89108
0 1 89111
0 1 89113
0 1 89115
0 1 89116
0 1 89117
0 1 89119
0 1 89120
0 1 89121
0 1 89122
0 1 89123
0 1 89124
0 1 89125
0 1 89131
0 1 89132
0 1 89134
0 1 89137
0 1 89139
0 1 89140
0 1 89141
0 1 89142
0 1 89143
0 1 89144
0 1 89145
0 1 89148
0 1 89149
0 1 89152
0 1 89153
0 1 89154
0 1 89158
0 1 89160
0 1 89161
0 1 89163
0 1 89166
0 1 89167
0 1 89168
0 1 89169
0 1 89170
0 1 89172
0 1 89173
0 1 89174
0 1 89179
0 1 89180
0 1 89181
0 1 89182
0 1 89185
0 1 89186
0 1 89187
0 1 89191
0 1 89194
0 1 89195
0 1 89198
0 1 89199
0 1 89201
0 1 89204
0 1 89206
0 1 89212
0 1 89214
0 1 89219
0 1 89223
0 1 89225
0 1 89226
0 1 89227
0 1 89229
0 1 89231
0 1 89233
0 1 89235
0 1 89236
0 1 89237
0 1 89238
0 1 89241
0 1 89242
0 1 89244
0 1 89246
0 1 89250
0 1 89251
0 1 89252
0 1 89254
0 1 89255
0 1 89256
0 1 89259
0 1 89260
0 1 89262
0 1 89263
0 1 89264
0 1 89265
0 1 89269
0 1 89272
0 1 89273
0 1 89274
0 1 89275
0 1 89276
0 1 89278
0 1 89279
0 1 89280
0 1 89282
0 1 89284
0 1 89286
0 1 89288
0 1 89289
0 1 89290
0 1 89295
0 1 89297
0 1 89298
0 1 89299
0 1 89304
0 1 89305
0 1 89306
0 1 89310
0 1 89311
0 1 89312
0 1 89313
0 1 89314
0 1 89315
0 1 89319
0 1 89321
0 1 89323
0 1 89327
0 1 89330
0 1 89332
0 1 89333
0 1 89334
0 1 89335
0 1 89336
0 1 89337
0 1 89340
0 1 89343
0 1 89344
0 1 89345
0 1 89347
0 1 89350
0 1 89351
0 1 89352
0 1 89353
0 1 89354
0 1 89359
0 1 89360
0 1 89365
0 1 89367
0 1 89368
0 1 89369
0 1 89373
0 1 89374
0 1 89375
0 1 89377
0 1 89379
0 1 89382
0 1 89383
0 1 89384
0 1 89387
0 1 89389
0 1 89390
0 1 89393
0 1 89396
0 1 89399
0 1 89400
0 1 89404
0 1 89406
0 1 89408
0 1 89409
0 1 89410
0 1 89413
0 1 89416
0 1 89418
0 1 89421
0 1 89422
0 1 89425
0 1 89427
0 1 89428
0 1 89432
0 1 89433
0 1 89434
0 1 89435
0 1 89437
0 1 89438
0 1 89439
0 1 89443
0 1 89446
0 1 89447
0 1 89450
0 1 89452
0 1 89455
0 1 89456
0 1 89458
0 1 89459
0 1 89460
0 1 89462
0 1 89463
0 1 89464
0 1 89465
0 1 89467
0 1 89468
0 1 89469
0 1 89472
0 1 89473
0 1 89476
0 1 89477
0 1 89478
0 1 89479
0 1 89480
0 1 89481
0 1 89482
0 1 89484
0 1 89485
0 1 89486
0 1 89489
0 1 89490
0 1 89494
0 1 89496
0 1 89498
0 1 89501
0 1 89503
0 1 89506
0 1 89510
0 1 89511
0 1 89512
0 1 89513
0 1 89517
0 1 89518
0 1 89519
0 1 89520
0 1 89521
0 1 89522
0 1 89523
0 1 89524
0 1 89526
0 1 89528
0 1 89529
0 1 89532
0 1 89536
0 1 89538
0 1 89539
0 1 89545
0 1 89549
0 1 89551
0 1 89553
0 1 89557
0 1 89560
0 1 89565
0 1 89567
0 1 89568
0 1 89570
0 1 89572
0 1 89573
0 1 89578
0 1 89583
0 1 89585
0 1 89595
0 1 89596
0 1 89597
0 1 89603
0 1 89604
0 1 89608
0 1 89611
0 1 89612
0 1 89616
0 1 89620
0 1 89621
0 1 89623
0 1 89624
0 1 89630
0 1 89631
0 1 89632
0 1 89634
0 1 89638
0 1 89640
0 1 89641
0 1 89642
0 1 89643
0 1 89645
0 1 89646
0 1 89647
0 1 89648
0 1 89651
0 1 89653
0 1 89655
0 1 89657
0 1 89658
0 1 89659
0 1 89661
0 1 89664
0 1 89665
0 1 89667
0 1 89673
0 1 89674
0 1 89675
0 1 89678
0 1 89679
0 1 89681
0 1 89686
0 1 89687
0 1 89688
0 1 89690
0 1 89692
0 1 89694
0 1 89695
0 1 89697
0 1 89699
0 1 89704
0 1 89706
0 1 89707
0 1 89708
0 1 89710
0 1 89712
0 1 89716
0 1 89717
0 1 89720
0 1 89722
0 1 89723
0 1 89725
0 1 89727
0 1 89729
0 1 89731
0 1 89732
0 1 89737
0 1 89738
0 1 89739
0 1 89741
0 1 89742
0 1 89743
0 1 89746
0 1 89748
0 1 89749
0 1 89750
0 1 89751
0 1 89754
0 1 89755
0 1 89758
0 1 89759
0 1 89762
0 1 89766
0 1 89767
0 1 89769
0 1 89772
0 1 89774
0 1 89782
0 1 89783
0 1 89784
0 1 89785
0 1 89786
0 1 89788
0 1 89789
0 1 89795
0 1 89797
0 1 89798
0 1 89801
0 1 89802
0 1 89803
0 1 89804
0 1 89807
0 1 89809
0 1 89812
0 1 89813
0 1 89818
0 1 89819
0 1 89823
0 1 89825
0 1 89826
0 1 89828
0 1 89833
0 1 89835
0 1 89837
0 1 89838
0 1 89843
0 1 89844
0 1 89845
0 1 89846
0 1 89847
0 1 89851
0 1 89857
0 1 89859
0 1 89861
0 1 89864
0 1 89865
0 1 89873
0 1 89877
0 1 89878
0 1 89884
0 1 89886
0 1 89887
0 1 89888
0 1 89890
0 1 89893
0 1 89894
0 1 89896
0 1 89897
0 1 89898
0 1 89899
0 1 89902
0 1 89903
0 1 89907
0 1 89908
0 1 89909
0 1 89912
0 1 89913
0 1 89914
0 1 89917
0 1 89918
0 1 89920
0 1 89921
0 1 89926
0 1 89930
0 1 89933
0 1 89935
0 1 89937
0 1 89938
0 1 89939
0 1 89941
0 1 89947
0 1 89951
0 1 89952
0 1 89954
0 1 89957
0 1 89961
0 1 89963
0 1 89964
0 1 89965
0 1 89967
0 1 89969
0 1 89972
0 1 89973
0 1 89975
0 1 89977
0 1 89979
0 1 89980
0 1 89981
0 1 89982
0 1 89983
0 1 89985
0 1 89986
0 1 89988
0 1 89992
0 1 89994
0 1 89996
0 1 89997
0 1 89998
0 1 90001
0 1 90003
0 1 90005
0 1 90006
0 1 90011
0 1 90012
0 1 90014
0 1 90015
0 1 90017
0 1 90020
0 1 90024
0 1 90033
0 1 90035
0 1 90037
0 1 90039
0 1 90040
0 1 90041
0 1 90042
0 1 90043
0 1 90044
0 1 90048
0 1 90049
0 1 90050
0 1 90052
0 1 90053
0 1 90054
0 1 90055
0 1 90056
0 1 90059
0 1 90060
0 1 90061
0 1 90062
0 1 90064
0 1 90066
0 1 90067
0 1 90072
0 1 90073
0 1 90074
0 1 90075
0 1 90076
0 1 90078
0 1 90079
0 1 90081
0 1 90082
0 1 90085
0 1 90086
0 1 90089
0 1 90090
0 1 90093
0 1 90099
0 1 90100
0 1 90101
0 1 90103
0 1 90106
0 1 90107
0 1 90109
0 1 90110
0 1 90114
0 1 90115
0 1 90116
0 1 90117
0 1 90118
0 1 90120
0 1 90123
0 1 90124
0 1 90127
0 1 90129
0 1 90132
0 1 90133
0 1 90136
0 1 90138
0 1 90142
0 1 90145
0 1 90148
0 1 90150
0 1 90153
0 1 90154
0 1 90155
0 1 90156
0 1 90158
0 1 90159
0 1 90160
0 1 90161
0 1 90162
0 1 90163
0 1 90165
0 1 90166
0 1 90167
0 1 90169
0 1 90172
0 1 90174
0 1 90176
0 1 90177
0 1 90184
0 1 90188
0 1 90192
0 1 90193
0 1 90195
0 1 90198
0 1 90200
0 1 90201
0 1 90202
0 1 90204
0 1 90205
0 1 90208
0 1 90210
0 1 90212
0 1 90213
0 1 90214
0 1 90217
0 1 90218
0 1 90220
0 1 90222
0 1 90228
0 1 90232
0 1 90233
0 1 90234
0 1 90235
0 1 90236
0 1 90237
0 1 90238
0 1 90239
0 1 90240
0 1 90243
0 1 90244
0 1 90247
0 1 90250
0 1 90251
0 1 90252
0 1 90253
0 1 90254
0 1 90255
0 1 90256
0 1 90257
0 1 90258
0 1 90259
0 1 90260
0 1 90264
0 1 90265
0 1 90267
0 1 90269
0 1 90274
0 1 90276
0 1 90279
0 1 90281
0 1 90282
0 1 90284
0 1 90285
0 1 90286
0 1 90287
0 1 90291
0 1 90292
0 1 90294
0 1 90295
0 1 90296
0 1 90297
0 1 90298
0 1 90301
0 1 90303
0 1 90304
0 1 90306
0 1 90311
0 1 90313
0 1 90315
0 1 90316
0 1 90317
0 1 90318
0 1 90319
0 1 90321
0 1 90322
0 1 90323
0 1 90324
0 1 90325
0 1 90326
0 1 90327
0 1 90328
0 1 90329
0 1 90330
0 1 90332
0 1 90335
0 1 90337
0 1 90338
0 1 90341
0 1 90342
0 1 90346
0 1 90350
0 1 90352
0 1 90353
0 1 90354
0 1 90358
0 1 90359
0 1 90360
0 1 90362
0 1 90366
0 1 90367
0 1 90368
0 1 90369
0 1 90370
0 1 90371
0 1 90372
0 1 90378
0 1 90381
0 1 90382
0 1 90383
0 1 90384
0 1 90387
0 1 90393
0 1 90394
0 1 90395
0 1 90396
0 1 90398
0 1 90401
0 1 90402
0 1 90403
0 1 90404
0 1 90406
0 1 90410
0 1 90412
0 1 90413
0 1 90416
0 1 90418
0 1 90420
0 1 90421
0 1 90422
0 1 90424
0 1 90425
0 1 90428
0 1 90432
0 1 90434
0 1 90438
0 1 90440
0 1 90444
0 1 90445
0 1 90447
0 1 90448
0 1 90450
0 1 90451
0 1 90453
0 1 90454
0 1 90455
0 1 90456
0 1 90457
0 1 90458
0 1 90459
0 1 90460
0 1 90461
0 1 90462
0 1 90463
0 1 90468
0 1 90469
0 1 90470
0 1 90471
0 1 90473
0 1 90474
0 1 90475
0 1 90476
0 1 90480
0 1 90485
0 1 90490
0 1 90491
0 1 90495
0 1 90496
0 1 90498
0 1 90501
0 1 90502
0 1 90511
0 1 90513
0 1 90514
0 1 90515
0 1 90516
0 1 90517
0 1 90520
0 1 90521
0 1 90522
0 1 90526
0 1 90529
0 1 90534
0 1 90535
0 1 90536
0 1 90537
0 1 90540
0 1 90542
0 1 90544
0 1 90545
0 1 90547
0 1 90551
0 1 90553
0 1 90554
0 1 90556
0 1 90557
0 1 90558
0 1 90559
0 1 90561
0 1 90562
0 1 90565
0 1 90566
0 1 90570
0 1 90573
0 1 90576
0 1 90578
0 1 90580
0 1 90581
0 1 90584
0 1 90587
0 1 90588
0 1 90589
0 1 90590
0 1 90593
0 1 90594
0 1 90595
0 1 90596
0 1 90599
0 1 90600
0 1 90605
0 1 90606
0 1 90607
0 1 90608
0 1 90609
0 1 90611
0 1 90612
0 1 90613
0 1 90614
0 1 90615
0 1 90616
0 1 90621
0 1 90623
0 1 90624
0 1 90627
0 1 90628
0 1 90632
0 1 90633
0 1 90639
0 1 90640
0 1 90644
0 1 90645
0 1 90646
0 1 90648
0 1 90650
0 1 90652
0 1 90655
0 1 90657
0 1 90658
0 1 90660
0 1 90661
0 1 90663
0 1 90664
0 1 90667
0 1 90668
0 1 90671
0 1 90672
0 1 90674
0 1 90678
0 1 90679
0 1 90681
0 1 90682
0 1 90684
0 1 90686
0 1 90688
0 1 90693
0 1 90697
0 1 90699
0 1 90700
0 1 90701
0 1 90702
0 1 90703
0 1 90705
0 1 90706
0 1 90707
0 1 90708
0 1 90709
0 1 90710
0 1 90711
0 1 90712
0 1 90714
0 1 90719
0 1 90723
0 1 90724
0 1 90725
0 1 90727
0 1 90728
0 1 90729
0 1 90730
0 1 90732
0 1 90734
0 1 90735
0 1 90737
0 1 90741
0 1 90742
0 1 90743
0 1 90745
0 1 90753
0 1 90754
0 1 90755
0 1 90759
0 1 90761
0 1 90762
0 1 90763
0 1 90764
0 1 90765
0 1 90766
0 1 90768
0 1 90769
0 1 90770
0 1 90778
0 1 90779
0 1 90780
0 1 90782
0 1 90783
0 1 90784
0 1 90785
0 1 90787
0 1 90788
0 1 90789
0 1 90791
0 1 90792
0 1 90793
0 1 90794
0 1 90795
0 1 90798
0 1 90799
0 1 90801
0 1 90804
0 1 90806
0 1 90807
0 1 90809
0 1 90810
0 1 90812
0 1 90813
0 1 90814
0 1 90816
0 1 90817
0 1 90819
0 1 90820
0 1 90821
0 1 90824
0 1 90827
0 1 90831
0 1 90833
0 1 90834
0 1 90837
0 1 90840
0 1 90841
0 1 90843
0 1 90845
0 1 90847
0 1 90849
0 1 90854
0 1 90856
0 1 90857
0 1 90858
0 1 90859
0 1 90861
0 1 90864
0 1 90867
0 1 90869
0 1 90870
0 1 90871
0 1 90873
0 1 90874
0 1 90876
0 1 90877
0 1 90878
0 1 90880
0 1 90882
0 1 90884
0 1 90888
0 1 90894
0 1 90895
0 1 90896
0 1 90901
0 1 90903
0 1 90906
0 1 90907
0 1 90909
0 1 90910
0 1 90911
0 1 90914
0 1 90915
0 1 90916
0 1 90917
0 1 90918
0 1 90919
0 1 90921
0 1 90922
0 1 90925
0 1 90926
0 1 90927
0 1 90929
0 1 90930
0 1 90932
0 1 90933
0 1 90934
0 1 90936
0 1 90938
0 1 90940
0 1 90943
0 1 90945
0 1 90946
0 1 90948
0 1 90954
0 1 90956
0 1 90957
0 1 90959
0 1 90961
0 1 90962
0 1 90963
0 1 90964
0 1 90966
0 1 90967
0 1 90968
0 1 90970
0 1 90971
0 1 90972
0 1 90973
0 1 90976
0 1 90977
0 1 90978
0 1 90979
0 1 90982
0 1 90984
0 1 90985
0 1 90988
0 1 90990
0 1 90993
0 1 90994
0 1 90996
0 1 90997
0 1 90999
0 1 91000
0 1 91001
0 1 91005
0 1 91008
0 1 91009
0 1 91014
0 1 91015
0 1 91017
0 1 91021
0 1 91023
0 1 91024
0 1 91025
0 1 91026
0 1 91029
0 1 91034
0 1 91035
0 1 91037
0 1 91042
0 1 91045
0 1 91046
0 1 91048
0 1 91049
0 1 91050
0 1 91053
0 1 91055
0 1 91066
0 1 91067
0 1 91068
0 1 91069
0 1 91076
0 1 91078
0 1 91079
0 1 91081
0 1 91083
0 1 91084
0 1 91087
0 1 91088
0 1 91089
0 1 91091
0 1 91093
0 1 91096
0 1 91099
0 1 91100
0 1 91101
0 1 91104
0 1 91105
0 1 91107
0 1 91113
0 1 91114
0 1 91117
0 1 91118
0 1 91120
0 1 91122
0 1 91123
0 1 91125
0 1 91127
0 1 91129
0 1 91130
0 1 91131
0 1 91134
0 1 91136
0 1 91138
0 1 91140
0 1 91142
0 1 91143
0 1 91144
0 1 91145
0 1 91148
0 1 91149
0 1 91151
0 1 91152
0 1 91153
0 1 91155
0 1 91159
0 1 91160
0 1 91161
0 1 91162
0 1 91164
0 1 91168
0 1 91170
0 1 91171
0 1 91172
0 1 91174
0 1 91175
0 1 91176
0 1 91180
0 1 91181
0 1 91184
0 1 91186
0 1 91188
0 1 91190
0 1 91191
0 1 91192
0 1 91193
0 1 91195
0 1 91196
0 1 91198
0 1 91199
0 1 91200
0 1 91204
0 1 91209
0 1 91211
0 1 91213
0 1 91214
0 1 91218
0 1 91222
0 1 91225
0 1 91226
0 1 91227
0 1 91230
0 1 91233
0 1 91234
0 1 91235
0 1 91237
0 1 91238
0 1 91239
0 1 91240
0 1 91241
0 1 91242
0 1 91244
0 1 91245
0 1 91246
0 1 91247
0 1 91248
0 1 91253
0 1 91254
0 1 91255
0 1 91259
0 1 91260
0 1 91261
0 1 91264
0 1 91267
0 1 91272
0 1 91273
0 1 91274
0 1 91276
0 1 91279
0 1 91284
0 1 91286
0 1 91287
0 1 91289
0 1 91292
0 1 91293
0 1 91295
0 1 91296
0 1 91297
0 1 91306
0 1 91311
0 1 91312
0 1 91314
0 1 91316
0 1 91317
0 1 91320
0 1 91324
0 1 91325
0 1 91327
0 1 91329
0 1 91331
0 1 91332
0 1 91334
0 1 91337
0 1 91341
0 1 91345
0 1 91350
0 1 91352
0 1 91357
0 1 91359
0 1 91360
0 1 91361
0 1 91365
0 1 91368
0 1 91371
0 1 91375
0 1 91378
0 1 91379
0 1 91380
0 1 91381
0 1 91382
0 1 91389
0 1 91390
0 1 91391
0 1 91392
0 1 91393
0 1 91395
0 1 91396
0 1 91400
0 1 91402
0 1 91403
0 1 91404
0 1 91405
0 1 91407
0 1 91408
0 1 91415
0 1 91416
0 1 91419
0 1 91420
0 1 91424
0 1 91426
0 1 91428
0 1 91430
0 1 91433
0 1 91434
0 1 91437
0 1 91438
0 1 91439
0 1 91441
0 1 91443
0 1 91444
0 1 91445
0 1 91446
0 1 91447
0 1 91448
0 1 91452
0 1 91453
0 1 91454
0 1 91457
0 1 91458
0 1 91462
0 1 91464
0 1 91465
0 1 91466
0 1 91467
0 1 91468
0 1 91471
0 1 91476
0 1 91479
0 1 91480
0 1 91482
0 1 91484
0 1 91485
0 1 91486
0 1 91488
0 1 91489
0 1 91492
0 1 91494
0 1 91495
0 1 91496
0 1 91499
0 1 91501
0 1 91502
0 1 91503
0 1 91505
0 1 91506
0 1 91507
0 1 91509
0 1 91510
0 1 91512
0 1 91514
0 1 91518
0 1 91519
0 1 91520
0 1 91523
0 1 91526
0 1 91528
0 1 91533
0 1 91534
0 1 91535
0 1 91536
0 1 91538
0 1 91540
0 1 91543
0 1 91544
0 1 91546
0 1 91547
0 1 91548
0 1 91549
0 1 91550
0 1 91551
0 1 91553
0 1 91554
0 1 91556
0 1 91557
0 1 91559
0 1 91560
0 1 91564
0 1 91566
0 1 91570
0 1 91572
0 1 91573
0 1 91574
0 1 91577
0 1 91579
0 1 91580
0 1 91587
0 1 91591
0 1 91593
0 1 91597
0 1 91600
0 1 91604
0 1 91605
0 1 91607
0 1 91609
0 1 91613
0 1 91617
0 1 91621
0 1 91624
0 1 91625
0 1 91628
0 1 91632
0 1 91633
0 1 91634
0 1 91635
0 1 91637
0 1 91638
0 1 91640
0 1 91641
0 1 91643
0 1 91649
0 1 91651
0 1 91652
0 1 91653
0 1 91654
0 1 91655
0 1 91658
0 1 91660
0 1 91664
0 1 91665
0 1 91667
0 1 91669
0 1 91670
0 1 91673
0 1 91674
0 1 91677
0 1 91680
0 1 91681
0 1 91682
0 1 91683
0 1 91685
0 1 91687
0 1 91688
0 1 91689
0 1 91691
0 1 91692
0 1 91693
0 1 91694
0 1 91695
0 1 91696
0 1 91698
0 1 91699
0 1 91701
0 1 91702
0 1 91705
0 1 91708
0 1 91710
0 1 91711
0 1 91716
0 1 91718
0 1 91720
0 1 91721
0 1 91722
0 1 91723
0 1 91724
0 1 91726
0 1 91731
0 1 91732
0 1 91735
0 1 91736
0 1 91738
0 1 91740
0 1 91742
0 1 91744
0 1 91746
0 1 91748
0 1 91749
0 1 91751
0 1 91753
0 1 91754
0 1 91755
0 1 91759
0 1 91760
0 1 91761
0 1 91763
0 1 91764
0 1 91765
0 1 91768
0 1 91770
0 1 91771
0 1 91772
0 1 91773
0 1 91774
0 1 91777
0 1 91778
0 1 91779
0 1 91788
0 1 91789
0 1 91790
0 1 91791
0 1 91792
0 1 91795
0 1 91798
0 1 91800
0 1 91801
0 1 91803
0 1 91807
0 1 91808
0 1 91809
0 1 91810
0 1 91811
0 1 91812
0 1 91813
0 1 91814
0 1 91815
0 1 91819
0 1 91822
0 1 91826
0 1 91827
0 1 91828
0 1 91833
0 1 91834
0 1 91837
0 1 91839
0 1 91840
0 1 91841
0 1 91842
0 1 91844
0 1 91848
0 1 91851
0 1 91852
0 1 91854
0 1 91856
0 1 91858
0 1 91859
0 1 91860
0 1 91862
0 1 91864
0 1 91867
0 1 91868
0 1 91870
0 1 91871
0 1 91872
0 1 91877
0 1 91878
0 1 91879
0 1 91880
0 1 91881
0 1 91883
0 1 91885
0 1 91889
0 1 91895
0 1 91899
0 1 91900
0 1 91901
0 1 91905
0 1 91906
0 1 91907
0 1 91909
0 1 91910
0 1 91911
0 1 91912
0 1 91913
0 1 91915
0 1 91916
0 1 91919
0 1 91924
0 1 91926
0 1 91929
0 1 91930
0 1 91931
0 1 91946
0 1 91947
0 1 91949
0 1 91950
0 1 91951
0 1 91959
0 1 91960
0 1 91961
0 1 91962
0 1 91963
0 1 91964
0 1 91965
0 1 91967
0 1 91969
0 1 91970
0 1 91972
0 1 91974
0 1 91975
0 1 91976
0 1 91977
0 1 91982
0 1 91983
0 1 91984
0 1 91985
0 1 91987
0 1 91988
0 1 91989
0 1 91994
0 1 91997
0 1 91999
0 1 92000
0 1 92001
0 1 92002
0 1 92003
0 1 92004
0 1 92010
0 1 92012
0 1 92013
0 1 92015
0 1 92016
0 1 92017
0 1 92018
0 1 92019
0 1 92020
0 1 92023
0 1 92027
0 1 92028
0 1 92030
0 1 92031
0 1 92032
0 1 92036
0 1 92037
0 1 92038
0 1 92039
0 1 92041
0 1 92045
0 1 92048
0 1 92049
0 1 92050
0 1 92052
0 1 92054
0 1 92056
0 1 92060
0 1 92062
0 1 92063
0 1 92066
0 1 92070
0 1 92071
0 1 92072
0 1 92073
0 1 92074
0 1 92076
0 1 92077
0 1 92078
0 1 92079
0 1 92080
0 1 92081
0 1 92082
0 1 92084
0 1 92085
0 1 92086
0 1 92090
0 1 92091
0 1 92092
0 1 92093
0 1 92094
0 1 92095
0 1 92096
0 1 92098
0 1 92102
0 1 92103
0 1 92104
0 1 92105
0 1 92106
0 1 92107
0 1 92111
0 1 92112
0 1 92113
0 1 92114
0 1 92116
0 1 92117
0 1 92120
0 1 92121
0 1 92122
0 1 92123
0 1 92126
0 1 92127
0 1 92128
0 1 92129
0 1 92130
0 1 92132
0 1 92134
0 1 92136
0 1 92137
0 1 92138
0 1 92139
0 1 92140
0 1 92142
0 1 92143
0 1 92144
0 1 92146
0 1 92147
0 1 92148
0 1 92149
0 1 92152
0 1 92155
0 1 92156
0 1 92158
0 1 92160
0 1 92161
0 1 92162
0 1 92163
0 1 92165
0 1 92168
0 1 92169
0 1 92170
0 1 92171
0 1 92175
0 1 92176
0 1 92178
0 1 92181
0 1 92184
0 1 92185
0 1 92186
0 1 92193
0 1 92196
0 1 92197
0 1 92198
0 1 92200
0 1 92203
0 1 92204
0 1 92210
0 1 92211
0 1 92214
0 1 92215
0 1 92216
0 1 92218
0 1 92220
0 1 92221
0 1 92222
0 1 92223
0 1 92224
0 1 92225
0 1 92226
0 1 92227
0 1 92228
0 1 92229
0 1 92233
0 1 92234
0 1 92235
0 1 92237
0 1 92239
0 1 92241
0 1 92243
0 1 92244
0 1 92246
0 1 92248
0 1 92251
0 1 92254
0 1 92257
0 1 92258
0 1 92261
0 1 92265
0 1 92267
0 1 92269
0 1 92270
0 1 92271
0 1 92272
0 1 92275
0 1 92276
0 1 92278
0 1 92282
0 1 92283
0 1 92284
0 1 92286
0 1 92287
0 1 92289
0 1 92290
0 1 92292
0 1 92293
0 1 92295
0 1 92296
0 1 92302
0 1 92305
0 1 92308
0 1 92309
0 1 92311
0 1 92315
0 1 92319
0 1 92320
0 1 92321
0 1 92324
0 1 92325
0 1 92327
0 1 92329
0 1 92333
0 1 92334
0 1 92335
0 1 92338
0 1 92340
0 1 92343
0 1 92344
0 1 92346
0 1 92347
0 1 92348
0 1 92351
0 1 92354
0 1 92356
0 1 92357
0 1 92358
0 1 92361
0 1 92362
0 1 92364
0 1 92366
0 1 92371
0 1 92374
0 1 92376
0 1 92377
0 1 92378
0 1 92380
0 1 92381
0 1 92382
0 1 92383
0 1 92385
0 1 92386
0 1 92387
0 1 92393
0 1 92394
0 1 92396
0 1 92397
0 1 92398
0 1 92399
0 1 92402
0 1 92403
0 1 92407
0 1 92408
0 1 92409
0 1 92411
0 1 92414
0 1 92417
0 1 92418
0 1 92420
0 1 92423
0 1 92424
0 1 92425
0 1 92426
0 1 92427
0 1 92428
0 1 92430
0 1 92432
0 1 92434
0 1 92439
0 1 92440
0 1 92443
0 1 92444
0 1 92445
0 1 92446
0 1 92449
0 1 92454
0 1 92455
0 1 92456
0 1 92457
0 1 92459
0 1 92460
0 1 92461
0 1 92463
0 1 92464
0 1 92466
0 1 92468
0 1 92469
0 1 92471
0 1 92473
0 1 92474
0 1 92475
0 1 92476
0 1 92478
0 1 92481
0 1 92484
0 1 92488
0 1 92490
0 1 92492
0 1 92493
0 1 92494
0 1 92497
0 1 92498
0 1 92503
0 1 92507
0 1 92508
0 1 92509
0 1 92512
0 1 92516
0 1 92518
0 1 92521
0 1 92522
0 1 92523
0 1 92529
0 1 92533
0 1 92536
0 1 92537
0 1 92539
0 1 92540
0 1 92541
0 1 92550
0 1 92551
0 1 92553
0 1 92554
0 1 92556
0 1 92558
0 1 92559
0 1 92561
0 1 92562
0 1 92565
0 1 92568
0 1 92572
0 1 92575
0 1 92576
0 1 92582
0 1 92583
0 1 92585
0 1 92588
0 1 92589
0 1 92590
0 1 92591
0 1 92592
0 1 92593
0 1 92594
0 1 92596
0 1 92598
0 1 92599
0 1 92603
0 1 92605
0 1 92607
0 1 92609
0 1 92611
0 1 92613
0 1 92614
0 1 92616
0 1 92618
0 1 92620
0 1 92622
0 1 92626
0 1 92629
0 1 92630
0 1 92631
0 1 92632
0 1 92635
0 1 92638
0 1 92639
0 1 92640
0 1 92643
0 1 92645
0 1 92651
0 1 92652
0 1 92654
0 1 92662
0 1 92664
0 1 92665
0 1 92667
0 1 92668
0 1 92669
0 1 92670
0 1 92671
0 1 92672
0 1 92673
0 1 92674
0 1 92677
0 1 92678
0 1 92680
0 1 92682
0 1 92685
0 1 92690
0 1 92693
0 1 92694
0 1 92695
0 1 92696
0 1 92699
0 1 92701
0 1 92703
0 1 92708
0 1 92710
0 1 92716
0 1 92720
0 1 92722
0 1 92723
0 1 92724
0 1 92726
0 1 92727
0 1 92729
0 1 92733
0 1 92734
0 1 92735
0 1 92737
0 1 92738
0 1 92739
0 1 92741
0 1 92744
0 1 92745
0 1 92752
0 1 92753
0 1 92755
0 1 92756
0 1 92757
0 1 92760
0 1 92761
0 1 92764
0 1 92767
0 1 92768
0 1 92769
0 1 92771
0 1 92772
0 1 92773
0 1 92775
0 1 92779
0 1 92780
0 1 92782
0 1 92785
0 1 92787
0 1 92788
0 1 92789
0 1 92793
0 1 92798
0 1 92799
0 1 92805
0 1 92809
0 1 92813
0 1 92815
0 1 92820
0 1 92822
0 1 92823
0 1 92824
0 1 92826
0 1 92827
0 1 92829
0 1 92830
0 1 92831
0 1 92833
0 1 92834
0 1 92835
0 1 92836
0 1 92841
0 1 92844
0 1 92846
0 1 92848
0 1 92849
0 1 92851
0 1 92853
0 1 92855
0 1 92856
0 1 92857
0 1 92860
0 1 92861
0 1 92864
0 1 92868
0 1 92870
0 1 92871
0 1 92872
0 1 92873
0 1 92879
0 1 92880
0 1 92883
0 1 92884
0 1 92886
0 1 92887
0 1 92888
0 1 92889
0 1 92893
0 1 92896
0 1 92897
0 1 92900
0 1 92901
0 1 92902
0 1 92903
0 1 92904
0 1 92905
0 1 92906
0 1 92908
0 1 92909
0 1 92910
0 1 92916
0 1 92917
0 1 92918
0 1 92920
0 1 92921
0 1 92924
0 1 92925
0 1 92926
0 1 92931
0 1 92938
0 1 92940
0 1 92941
0 1 92943
0 1 92944
0 1 92945
0 1 92947
0 1 92948
0 1 92952
0 1 92955
0 1 92956
0 1 92957
0 1 92958
0 1 92959
0 1 92960
0 1 92963
0 1 92965
0 1 92966
0 1 92969
0 1 92971
0 1 92972
0 1 92973
0 1 92975
0 1 92977
0 1 92979
0 1 92980
0 1 92981
0 1 92982
0 1 92983
0 1 92984
0 1 92986
0 1 92990
0 1 92991
0 1 92993
0 1 92994
0 1 92999
0 1 93000
0 1 93001
0 1 93002
0 1 93003
0 1 93004
0 1 93005
0 1 93007
0 1 93012
0 1 93013
0 1 93015
0 1 93016
0 1 93019
0 1 93021
0 1 93023
0 1 93024
0 1 93026
0 1 93027
0 1 93028
0 1 93029
0 1 93030
0 1 93031
0 1 93033
0 1 93034
0 1 93035
0 1 93036
0 1 93038
0 1 93040
0 1 93041
0 1 93042
0 1 93044
0 1 93046
0 1 93048
0 1 93049
0 1 93052
0 1 93053
0 1 93054
0 1 93058
0 1 93059
0 1 93062
0 1 93063
0 1 93064
0 1 93065
0 1 93068
0 1 93069
0 1 93074
0 1 93075
0 1 93076
0 1 93080
0 1 93081
0 1 93082
0 1 93086
0 1 93088
0 1 93089
0 1 93091
0 1 93096
0 1 93099
0 1 93100
0 1 93105
0 1 93106
0 1 93109
0 1 93110
0 1 93111
0 1 93115
0 1 93116
0 1 93118
0 1 93120
0 1 93121
0 1 93122
0 1 93124
0 1 93125
0 1 93126
0 1 93127
0 1 93128
0 1 93129
0 1 93132
0 1 93133
0 1 93141
0 1 93142
0 1 93143
0 1 93144
0 1 93145
0 1 93146
0 1 93147
0 1 93148
0 1 93149
0 1 93150
0 1 93151
0 1 93153
0 1 93157
0 1 93158
0 1 93159
0 1 93160
0 1 93161
0 1 93162
0 1 93163
0 1 93168
0 1 93169
0 1 93172
0 1 93173
0 1 93175
0 1 93176
0 1 93178
0 1 93179
0 1 93181
0 1 93182
0 1 93183
0 1 93187
0 1 93191
0 1 93193
0 1 93197
0 1 93201
0 1 93203
0 1 93204
0 1 93207
0 1 93208
0 1 93210
0 1 93211
0 1 93213
0 1 93214
0 1 93220
0 1 93221
0 1 93225
0 1 93227
0 1 93228
0 1 93232
0 1 93233
0 1 93235
0 1 93236
0 1 93237
0 1 93238
0 1 93240
0 1 93244
0 1 93246
0 1 93247
0 1 93255
0 1 93259
0 1 93260
0 1 93261
0 1 93262
0 1 93263
0 1 93264
0 1 93266
0 1 93267
0 1 93268
0 1 93270
0 1 93271
0 1 93273
0 1 93275
0 1 93278
0 1 93279
0 1 93280
0 1 93281
0 1 93283
0 1 93285
0 1 93286
0 1 93290
0 1 93291
0 1 93293
0 1 93299
0 1 93300
0 1 93304
0 1 93305
0 1 93308
0 1 93309
0 1 93313
0 1 93314
0 1 93315
0 1 93316
0 1 93318
0 1 93319
0 1 93320
0 1 93321
0 1 93322
0 1 93325
0 1 93327
0 1 93328
0 1 93331
0 1 93332
0 1 93333
0 1 93337
0 1 93338
0 1 93339
0 1 93340
0 1 93342
0 1 93347
0 1 93348
0 1 93354
0 1 93360
0 1 93361
0 1 93362
0 1 93363
0 1 93364
0 1 93365
0 1 93371
0 1 93372
0 1 93374
0 1 93376
0 1 93379
0 1 93381
0 1 93382
0 1 93388
0 1 93390
0 1 93393
0 1 93396
0 1 93397
0 1 93398
0 1 93400
0 1 93401
0 1 93402
0 1 93403
0 1 93406
0 1 93407
0 1 93409
0 1 93412
0 1 93415
0 1 93417
0 1 93420
0 1 93421
0 1 93424
0 1 93426
0 1 93427
0 1 93428
0 1 93432
0 1 93435
0 1 93437
0 1 93439
0 1 93441
0 1 93442
0 1 93444
0 1 93446
0 1 93447
0 1 93448
0 1 93449
0 1 93450
0 1 93451
0 1 93454
0 1 93455
0 1 93459
0 1 93464
0 1 93467
0 1 93468
0 1 93469
0 1 93470
0 1 93472
0 1 93475
0 1 93476
0 1 93478
0 1 93483
0 1 93486
0 1 93489
0 1 93491
0 1 93492
0 1 93496
0 1 93498
0 1 93499
0 1 93501
0 1 93502
0 1 93503
0 1 93504
0 1 93505
0 1 93506
0 1 93507
0 1 93508
0 1 93512
0 1 93513
0 1 93514
0 1 93515
0 1 93520
0 1 93522
0 1 93525
0 1 93527
0 1 93529
0 1 93530
0 1 93531
0 1 93533
0 1 93534
0 1 93538
0 1 93543
0 1 93544
0 1 93545
0 1 93546
0 1 93548
0 1 93549
0 1 93551
0 1 93553
0 1 93554
0 1 93555
0 1 93557
0 1 93558
0 1 93559
0 1 93560
0 1 93561
0 1 93563
0 1 93564
0 1 93567
0 1 93570
0 1 93571
0 1 93574
0 1 93576
0 1 93577
0 1 93580
0 1 93583
0 1 93584
0 1 93585
0 1 93589
0 1 93590
0 1 93591
0 1 93592
0 1 93595
0 1 93599
0 1 93600
0 1 93601
0 1 93604
0 1 93606
0 1 93607
0 1 93610
0 1 93611
0 1 93614
0 1 93615
0 1 93618
0 1 93623
0 1 93624
0 1 93625
0 1 93626
0 1 93627
0 1 93628
0 1 93629
0 1 93630
0 1 93633
0 1 93634
0 1 93635
0 1 93636
0 1 93641
0 1 93643
0 1 93646
0 1 93648
0 1 93652
0 1 93653
0 1 93654
0 1 93655
0 1 93656
0 1 93657
0 1 93659
0 1 93662
0 1 93663
0 1 93664
0 1 93666
0 1 93667
0 1 93668
0 1 93669
0 1 93670
0 1 93674
0 1 93675
0 1 93676
0 1 93679
0 1 93682
0 1 93683
0 1 93684
0 1 93689
0 1 93690
0 1 93691
0 1 93692
0 1 93693
0 1 93694
0 1 93695
0 1 93696
0 1 93698
0 1 93699
0 1 93701
0 1 93703
0 1 93704
0 1 93708
0 1 93714
0 1 93715
0 1 93716
0 1 93718
0 1 93722
0 1 93724
0 1 93725
0 1 93726
0 1 93727
0 1 93734
0 1 93736
0 1 93737
0 1 93739
0 1 93741
0 1 93743
0 1 93744
0 1 93750
0 1 93753
0 1 93755
0 1 93757
0 1 93758
0 1 93762
0 1 93763
0 1 93764
0 1 93768
0 1 93771
0 1 93773
0 1 93774
0 1 93775
0 1 93776
0 1 93778
0 1 93780
0 1 93781
0 1 93782
0 1 93784
0 1 93785
0 1 93786
0 1 93789
0 1 93790
0 1 93792
0 1 93793
0 1 93794
0 1 93795
0 1 93798
0 1 93801
0 1 93802
0 1 93806
0 1 93811
0 1 93813
0 1 93815
0 1 93818
0 1 93819
0 1 93821
0 1 93823
0 1 93826
0 1 93831
0 1 93832
0 1 93833
0 1 93834
0 1 93839
0 1 93840
0 1 93841
0 1 93844
0 1 93848
0 1 93850
0 1 93851
0 1 93852
0 1 93853
0 1 93857
0 1 93859
0 1 93861
0 1 93862
0 1 93863
0 1 93865
0 1 93866
0 1 93867
0 1 93868
0 1 93870
0 1 93872
0 1 93873
0 1 93874
0 1 93876
0 1 93877
0 1 93878
0 1 93881
0 1 93883
0 1 93884
0 1 93886
0 1 93890
0 1 93892
0 1 93893
0 1 93894
0 1 93899
0 1 93901
0 1 93902
0 1 93903
0 1 93904
0 1 93905
0 1 93907
0 1 93908
0 1 93909
0 1 93911
0 1 93912
0 1 93913
0 1 93914
0 1 93915
0 1 93918
0 1 93919
0 1 93922
0 1 93923
0 1 93928
0 1 93929
0 1 93931
0 1 93932
0 1 93937
0 1 93940
0 1 93941
0 1 93942
0 1 93944
0 1 93945
0 1 93947
0 1 93950
0 1 93953
0 1 93954
0 1 93957
0 1 93959
0 1 93961
0 1 93964
0 1 93966
0 1 93967
0 1 93968
0 1 93970
0 1 93974
0 1 93976
0 1 93978
0 1 93984
0 1 93988
0 1 93990
0 1 93992
0 1 93993
0 1 93996
0 1 93997
0 1 93999
0 1 94000
0 1 94003
0 1 94007
0 1 94009
0 1 94010
0 1 94011
0 1 94013
0 1 94014
0 1 94015
0 1 94021
0 1 94026
0 1 94028
0 1 94031
0 1 94037
0 1 94041
0 1 94042
0 1 94045
0 1 94047
0 1 94050
0 1 94052
0 1 94054
0 1 94056
0 1 94058
0 1 94059
0 1 94060
0 1 94061
0 1 94062
0 1 94063
0 1 94064
0 1 94066
0 1 94068
0 1 94069
0 1 94073
0 1 94074
0 1 94075
0 1 94078
0 1 94081
0 1 94082
0 1 94085
0 1 94087
0 1 94088
0 1 94089
0 1 94097
0 1 94100
0 1 94103
0 1 94104
0 1 94108
0 1 94111
0 1 94114
0 1 94116
0 1 94117
0 1 94118
0 1 94120
0 1 94121
0 1 94123
0 1 94126
0 1 94127
0 1 94128
0 1 94129
0 1 94130
0 1 94131
0 1 94133
0 1 94138
0 1 94139
0 1 94142
0 1 94143
0 1 94144
0 1 94146
0 1 94147
0 1 94148
0 1 94150
0 1 94151
0 1 94152
0 1 94154
0 1 94155
0 1 94156
0 1 94157
0 1 94158
0 1 94159
0 1 94160
0 1 94161
0 1 94163
0 1 94169
0 1 94170
0 1 94171
0 1 94172
0 1 94173
0 1 94176
0 1 94178
0 1 94179
0 1 94184
0 1 94185
0 1 94187
0 1 94190
0 1 94191
0 1 94193
0 1 94198
0 1 94199
0 1 94200
0 1 94201
0 1 94203
0 1 94204
0 1 94205
0 1 94206
0 1 94207
0 1 94208
0 1 94209
0 1 94212
0 1 94216
0 1 94217
0 1 94218
0 1 94222
0 1 94224
0 1 94225
0 1 94227
0 1 94228
0 1 94229
0 1 94234
0 1 94235
0 1 94236
0 1 94237
0 1 94238
0 1 94239
0 1 94241
0 1 94242
0 1 94243
0 1 94244
0 1 94245
0 1 94246
0 1 94249
0 1 94250
0 1 94252
0 1 94254
0 1 94257
0 1 94259
0 1 94270
0 1 94271
0 1 94272
0 1 94273
0 1 94274
0 1 94275
0 1 94278
0 1 94279
0 1 94288
0 1 94290
0 1 94291
0 1 94297
0 1 94298
0 1 94299
0 1 94303
0 1 94305
0 1 94307
0 1 94308
0 1 94311
0 1 94313
0 1 94318
0 1 94320
0 1 94322
0 1 94323
0 1 94328
0 1 94331
0 1 94332
0 1 94333
0 1 94334
0 1 94335
0 1 94336
0 1 94337
0 1 94339
0 1 94342
0 1 94348
0 1 94349
0 1 94350
0 1 94351
0 1 94352
0 1 94355
0 1 94357
0 1 94359
0 1 94362
0 1 94365
0 1 94368
0 1 94370
0 1 94373
0 1 94374
0 1 94375
0 1 94376
0 1 94377
0 1 94378
0 1 94379
0 1 94384
0 1 94385
0 1 94387
0 1 94388
0 1 94389
0 1 94390
0 1 94392
0 1 94393
0 1 94396
0 1 94397
0 1 94401
0 1 94403
0 1 94410
0 1 94412
0 1 94413
0 1 94416
0 1 94417
0 1 94421
0 1 94422
0 1 94426
0 1 94427
0 1 94429
0 1 94430
0 1 94432
0 1 94438
0 1 94441
0 1 94442
0 1 94445
0 1 94446
0 1 94448
0 1 94452
0 1 94458
0 1 94460
0 1 94461
0 1 94462
0 1 94463
0 1 94466
0 1 94470
0 1 94471
0 1 94472
0 1 94473
0 1 94474
0 1 94475
0 1 94476
0 1 94479
0 1 94481
0 1 94484
0 1 94485
0 1 94490
0 1 94491
0 1 94492
0 1 94495
0 1 94497
0 1 94498
0 1 94500
0 1 94502
0 1 94505
0 1 94507
0 1 94509
0 1 94512
0 1 94513
0 1 94515
0 1 94517
0 1 94525
0 1 94526
0 1 94528
0 1 94529
0 1 94532
0 1 94533
0 1 94536
0 1 94537
0 1 94538
0 1 94544
0 1 94548
0 1 94549
0 1 94550
0 1 94551
0 1 94553
0 1 94555
0 1 94556
0 1 94557
0 1 94558
0 1 94561
0 1 94563
0 1 94564
0 1 94565
0 1 94566
0 1 94567
0 1 94568
0 1 94569
0 1 94573
0 1 94574
0 1 94576
0 1 94577
0 1 94578
0 1 94579
0 1 94583
0 1 94584
0 1 94585
0 1 94586
0 1 94589
0 1 94594
0 1 94595
0 1 94598
0 1 94601
0 1 94602
0 1 94603
0 1 94605
0 1 94608
0 1 94609
0 1 94614
0 1 94617
0 1 94618
0 1 94621
0 1 94624
0 1 94625
0 1 94627
0 1 94628
0 1 94629
0 1 94631
0 1 94632
0 1 94636
0 1 94643
0 1 94644
0 1 94645
0 1 94647
0 1 94648
0 1 94651
0 1 94652
0 1 94654
0 1 94655
0 1 94656
0 1 94657
0 1 94659
0 1 94660
0 1 94661
0 1 94662
0 1 94665
0 1 94666
0 1 94671
0 1 94672
0 1 94673
0 1 94675
0 1 94676
0 1 94677
0 1 94679
0 1 94680
0 1 94685
0 1 94687
0 1 94688
0 1 94689
0 1 94690
0 1 94692
0 1 94699
0 1 94703
0 1 94705
0 1 94706
0 1 94707
0 1 94709
0 1 94710
0 1 94711
0 1 94713
0 1 94716
0 1 94717
0 1 94718
0 1 94721
0 1 94724
0 1 94725
0 1 94728
0 1 94729
0 1 94730
0 1 94731
0 1 94732
0 1 94734
0 1 94736
0 1 94742
0 1 94747
0 1 94748
0 1 94750
0 1 94755
0 1 94757
0 1 94758
0 1 94759
0 1 94760
0 1 94761
0 1 94763
0 1 94766
0 1 94768
0 1 94769
0 1 94770
0 1 94774
0 1 94776
0 1 94777
0 1 94779
0 1 94780
0 1 94783
0 1 94785
0 1 94787
0 1 94788
0 1 94790
0 1 94792
0 1 94794
0 1 94795
0 1 94796
0 1 94797
0 1 94799
0 1 94800
0 1 94807
0 1 94810
0 1 94812
0 1 94813
0 1 94814
0 1 94817
0 1 94818
0 1 94822
0 1 94823
0 1 94825
0 1 94826
0 1 94828
0 1 94830
0 1 94832
0 1 94834
0 1 94837
0 1 94841
0 1 94842
0 1 94844
0 1 94848
0 1 94849
0 1 94851
0 1 94853
0 1 94855
0 1 94856
0 1 94859
0 1 94860
0 1 94865
0 1 94867
0 1 94873
0 1 94875
0 1 94877
0 1 94878
0 1 94882
0 1 94884
0 1 94890
0 1 94891
0 1 94893
0 1 94899
0 1 94900
0 1 94902
0 1 94905
0 1 94908
0 1 94910
0 1 94913
0 1 94916
0 1 94917
0 1 94919
0 1 94921
0 1 94922
0 1 94923
0 1 94926
0 1 94927
0 1 94928
0 1 94929
0 1 94931
0 1 94932
0 1 94934
0 1 94935
0 1 94936
0 1 94937
0 1 94942
0 1 94947
0 1 94950
0 1 94953
0 1 94954
0 1 94956
0 1 94959
0 1 94960
0 1 94961
0 1 94967
0 1 94970
0 1 94971
0 1 94972
0 1 94973
0 1 94974
0 1 94975
0 1 94976
0 1 94978
0 1 94981
0 1 94983
0 1 94991
0 1 94993
0 1 94994
0 1 94995
0 1 94998
0 1 95004
0 1 95005
0 1 95007
0 1 95009
0 1 95010
0 1 95011
0 1 95014
0 1 95015
0 1 95017
0 1 95019
0 1 95021
0 1 95022
0 1 95023
0 1 95025
0 1 95026
0 1 95028
0 1 95032
0 1 95033
0 1 95034
0 1 95041
0 1 95042
0 1 95046
0 1 95047
0 1 95048
0 1 95051
0 1 95052
0 1 95054
0 1 95055
0 1 95057
0 1 95059
0 1 95062
0 1 95063
0 1 95065
0 1 95067
0 1 95069
0 1 95070
0 1 95072
0 1 95073
0 1 95076
0 1 95077
0 1 95079
0 1 95081
0 1 95083
0 1 95084
0 1 95086
0 1 95087
0 1 95088
0 1 95091
0 1 95093
0 1 95096
0 1 95097
0 1 95099
0 1 95100
0 1 95101
0 1 95103
0 1 95104
0 1 95105
0 1 95106
0 1 95111
0 1 95112
0 1 95113
0 1 95114
0 1 95118
0 1 95120
0 1 95122
0 1 95123
0 1 95124
0 1 95132
0 1 95133
0 1 95136
0 1 95139
0 1 95140
0 1 95141
0 1 95142
0 1 95144
0 1 95146
0 1 95147
0 1 95150
0 1 95156
0 1 95157
0 1 95158
0 1 95159
0 1 95160
0 1 95161
0 1 95162
0 1 95163
0 1 95164
0 1 95168
0 1 95172
0 1 95173
0 1 95179
0 1 95180
0 1 95182
0 1 95183
0 1 95184
0 1 95185
0 1 95186
0 1 95189
0 1 95190
0 1 95191
0 1 95193
0 1 95197
0 1 95200
0 1 95204
0 1 95205
0 1 95206
0 1 95209
0 1 95211
0 1 95213
0 1 95214
0 1 95215
0 1 95216
0 1 95219
0 1 95220
0 1 95222
0 1 95225
0 1 95227
0 1 95228
0 1 95229
0 1 95230
0 1 95231
0 1 95235
0 1 95239
0 1 95240
0 1 95241
0 1 95243
0 1 95250
0 1 95251
0 1 95255
0 1 95257
0 1 95258
0 1 95260
0 1 95261
0 1 95263
0 1 95265
0 1 95266
0 1 95270
0 1 95271
0 1 95272
0 1 95274
0 1 95275
0 1 95277
0 1 95278
0 1 95279
0 1 95280
0 1 95281
0 1 95282
0 1 95285
0 1 95288
0 1 95290
0 1 95292
0 1 95296
0 1 95297
0 1 95299
0 1 95300
0 1 95301
0 1 95304
0 1 95308
0 1 95312
0 1 95313
0 1 95314
0 1 95315
0 1 95317
0 1 95320
0 1 95321
0 1 95325
0 1 95327
0 1 95328
0 1 95330
0 1 95331
0 1 95332
0 1 95333
0 1 95337
0 1 95338
0 1 95340
0 1 95341
0 1 95342
0 1 95343
0 1 95344
0 1 95345
0 1 95348
0 1 95349
0 1 95350
0 1 95351
0 1 95352
0 1 95353
0 1 95354
0 1 95356
0 1 95357
0 1 95358
0 1 95366
0 1 95372
0 1 95373
0 1 95375
0 1 95377
0 1 95378
0 1 95382
0 1 95383
0 1 95385
0 1 95386
0 1 95387
0 1 95388
0 1 95390
0 1 95391
0 1 95394
0 1 95397
0 1 95400
0 1 95401
0 1 95402
0 1 95404
0 1 95412
0 1 95413
0 1 95415
0 1 95416
0 1 95421
0 1 95422
0 1 95423
0 1 95424
0 1 95431
0 1 95432
0 1 95435
0 1 95436
0 1 95437
0 1 95438
0 1 95440
0 1 95442
0 1 95443
0 1 95446
0 1 95447
0 1 95449
0 1 95453
0 1 95455
0 1 95458
0 1 95459
0 1 95460
0 1 95461
0 1 95463
0 1 95464
0 1 95465
0 1 95466
0 1 95467
0 1 95469
0 1 95470
0 1 95471
0 1 95473
0 1 95476
0 1 95479
0 1 95482
0 1 95483
0 1 95484
0 1 95486
0 1 95487
0 1 95490
0 1 95492
0 1 95495
0 1 95496
0 1 95498
0 1 95499
0 1 95505
0 1 95507
0 1 95508
0 1 95509
0 1 95510
0 1 95511
0 1 95515
0 1 95519
0 1 95520
0 1 95521
0 1 95524
0 1 95526
0 1 95527
0 1 95529
0 1 95530
0 1 95531
0 1 95533
0 1 95534
0 1 95535
0 1 95538
0 1 95541
0 1 95542
0 1 95543
0 1 95544
0 1 95547
0 1 95549
0 1 95550
0 1 95551
0 1 95556
0 1 95557
0 1 95559
0 1 95561
0 1 95563
0 1 95564
0 1 95566
0 1 95568
0 1 95570
0 1 95571
0 1 95573
0 1 95580
0 1 95581
0 1 95582
0 1 95586
0 1 95587
0 1 95589
0 1 95590
0 1 95591
0 1 95592
0 1 95595
0 1 95596
0 1 95597
0 1 95600
0 1 95602
0 1 95603
0 1 95605
0 1 95607
0 1 95608
0 1 95609
0 1 95612
0 1 95614
0 1 95615
0 1 95616
0 1 95617
0 1 95623
0 1 95624
0 1 95625
0 1 95626
0 1 95627
0 1 95628
0 1 95629
0 1 95631
0 1 95633
0 1 95635
0 1 95636
0 1 95637
0 1 95639
0 1 95641
0 1 95642
0 1 95643
0 1 95644
0 1 95646
0 1 95648
0 1 95649
0 1 95655
0 1 95659
0 1 95661
0 1 95663
0 1 95665
0 1 95668
0 1 95670
0 1 95671
0 1 95672
0 1 95674
0 1 95675
0 1 95678
0 1 95680
0 1 95682
0 1 95683
0 1 95684
0 1 95685
0 1 95687
0 1 95688
0 1 95691
0 1 95697
0 1 95698
0 1 95701
0 1 95706
0 1 95708
0 1 95709
0 1 95710
0 1 95712
0 1 95713
0 1 95714
0 1 95716
0 1 95717
0 1 95719
0 1 95720
0 1 95721
0 1 95722
0 1 95723
0 1 95727
0 1 95728
0 1 95729
0 1 95731
0 1 95736
0 1 95737
0 1 95739
0 1 95740
0 1 95741
0 1 95742
0 1 95746
0 1 95747
0 1 95748
0 1 95749
0 1 95751
0 1 95753
0 1 95754
0 1 95757
0 1 95760
0 1 95761
0 1 95762
0 1 95767
0 1 95769
0 1 95770
0 1 95771
0 1 95772
0 1 95773
0 1 95774
0 1 95780
0 1 95784
0 1 95785
0 1 95789
0 1 95792
0 1 95793
0 1 95796
0 1 95797
0 1 95798
0 1 95799
0 1 95802
0 1 95805
0 1 95806
0 1 95807
0 1 95812
0 1 95814
0 1 95816
0 1 95819
0 1 95820
0 1 95821
0 1 95823
0 1 95825
0 1 95827
0 1 95831
0 1 95832
0 1 95834
0 1 95837
0 1 95838
0 1 95839
0 1 95840
0 1 95841
0 1 95843
0 1 95846
0 1 95847
0 1 95848
0 1 95849
0 1 95850
0 1 95851
0 1 95852
0 1 95853
0 1 95856
0 1 95859
0 1 95860
0 1 95861
0 1 95862
0 1 95865
0 1 95870
0 1 95871
0 1 95873
0 1 95874
0 1 95876
0 1 95879
0 1 95880
0 1 95882
0 1 95883
0 1 95885
0 1 95887
0 1 95888
0 1 95890
0 1 95892
0 1 95894
0 1 95898
0 1 95899
0 1 95905
0 1 95906
0 1 95910
0 1 95911
0 1 95912
0 1 95913
0 1 95915
0 1 95916
0 1 95919
0 1 95922
0 1 95924
0 1 95926
0 1 95927
0 1 95929
0 1 95930
0 1 95931
0 1 95936
0 1 95941
0 1 95948
0 1 95950
0 1 95951
0 1 95956
0 1 95959
0 1 95960
0 1 95961
0 1 95962
0 1 95963
0 1 95964
0 1 95965
0 1 95966
0 1 95972
0 1 95978
0 1 95979
0 1 95983
0 1 95985
0 1 95988
0 1 95996
0 1 95997
0 1 95998
0 1 96001
0 1 96002
0 1 96003
0 1 96004
0 1 96005
0 1 96006
0 1 96007
0 1 96008
0 1 96009
0 1 96011
0 1 96014
0 1 96015
0 1 96017
0 1 96022
0 1 96023
0 1 96026
0 1 96027
0 1 96028
0 1 96032
0 1 96035
0 1 96036
0 1 96038
0 1 96040
0 1 96041
0 1 96047
0 1 96048
0 1 96052
0 1 96056
0 1 96057
0 1 96059
0 1 96061
0 1 96062
0 1 96067
0 1 96068
0 1 96069
0 1 96070
0 1 96072
0 1 96073
0 1 96075
0 1 96080
0 1 96081
0 1 96082
0 1 96084
0 1 96085
0 1 96086
0 1 96087
0 1 96095
0 1 96100
0 1 96101
0 1 96102
0 1 96103
0 1 96105
0 1 96112
0 1 96113
0 1 96114
0 1 96116
0 1 96121
0 1 96123
0 1 96124
0 1 96126
0 1 96127
0 1 96128
0 1 96129
0 1 96131
0 1 96135
0 1 96136
0 1 96137
0 1 96141
0 1 96142
0 1 96144
0 1 96149
0 1 96151
0 1 96154
0 1 96155
0 1 96159
0 1 96161
0 1 96165
0 1 96169
0 1 96171
0 1 96174
0 1 96175
0 1 96178
0 1 96179
0 1 96181
0 1 96186
0 1 96188
0 1 96193
0 1 96195
0 1 96196
0 1 96198
0 1 96200
0 1 96201
0 1 96202
0 1 96203
0 1 96207
0 1 96210
0 1 96211
0 1 96218
0 1 96219
0 1 96221
0 1 96222
0 1 96223
0 1 96224
0 1 96225
0 1 96226
0 1 96228
0 1 96231
0 1 96232
0 1 96233
0 1 96237
0 1 96244
0 1 96248
0 1 96249
0 1 96250
0 1 96253
0 1 96254
0 1 96255
0 1 96260
0 1 96262
0 1 96263
0 1 96264
0 1 96268
0 1 96270
0 1 96271
0 1 96272
0 1 96273
0 1 96274
0 1 96275
0 1 96277
0 1 96278
0 1 96280
0 1 96281
0 1 96283
0 1 96284
0 1 96285
0 1 96286
0 1 96288
0 1 96290
0 1 96292
0 1 96293
0 1 96294
0 1 96295
0 1 96297
0 1 96299
0 1 96300
0 1 96304
0 1 96307
0 1 96308
0 1 96309
0 1 96312
0 1 96313
0 1 96314
0 1 96317
0 1 96318
0 1 96321
0 1 96322
0 1 96323
0 1 96325
0 1 96328
0 1 96330
0 1 96331
0 1 96333
0 1 96335
0 1 96337
0 1 96338
0 1 96339
0 1 96342
0 1 96343
0 1 96344
0 1 96345
0 1 96346
0 1 96349
0 1 96350
0 1 96351
0 1 96355
0 1 96357
0 1 96358
0 1 96360
0 1 96361
0 1 96362
0 1 96364
0 1 96370
0 1 96375
0 1 96376
0 1 96379
0 1 96380
0 1 96382
0 1 96384
0 1 96385
0 1 96387
0 1 96388
0 1 96389
0 1 96390
0 1 96391
0 1 96393
0 1 96394
0 1 96395
0 1 96399
0 1 96400
0 1 96404
0 1 96405
0 1 96407
0 1 96408
0 1 96412
0 1 96414
0 1 96415
0 1 96416
0 1 96417
0 1 96419
0 1 96421
0 1 96424
0 1 96425
0 1 96426
0 1 96428
0 1 96429
0 1 96430
0 1 96437
0 1 96439
0 1 96443
0 1 96444
0 1 96446
0 1 96449
0 1 96452
0 1 96454
0 1 96458
0 1 96462
0 1 96463
0 1 96464
0 1 96466
0 1 96467
0 1 96468
0 1 96469
0 1 96470
0 1 96471
0 1 96472
0 1 96477
0 1 96482
0 1 96483
0 1 96484
0 1 96485
0 1 96486
0 1 96487
0 1 96489
0 1 96492
0 1 96493
0 1 96497
0 1 96498
0 1 96499
0 1 96500
0 1 96502
0 1 96503
0 1 96504
0 1 96505
0 1 96507
0 1 96509
0 1 96510
0 1 96511
0 1 96513
0 1 96514
0 1 96517
0 1 96518
0 1 96520
0 1 96527
0 1 96530
0 1 96531
0 1 96532
0 1 96533
0 1 96534
0 1 96536
0 1 96537
0 1 96538
0 1 96539
0 1 96540
0 1 96542
0 1 96543
0 1 96544
0 1 96545
0 1 96546
0 1 96547
0 1 96549
0 1 96553
0 1 96554
0 1 96556
0 1 96560
0 1 96561
0 1 96562
0 1 96563
0 1 96565
0 1 96567
0 1 96571
0 1 96574
0 1 96576
0 1 96579
0 1 96580
0 1 96584
0 1 96587
0 1 96588
0 1 96589
0 1 96593
0 1 96594
0 1 96596
0 1 96598
0 1 96603
0 1 96604
0 1 96608
0 1 96609
0 1 96610
0 1 96611
0 1 96615
0 1 96619
0 1 96620
0 1 96621
0 1 96622
0 1 96628
0 1 96629
0 1 96630
0 1 96631
0 1 96632
0 1 96635
0 1 96637
0 1 96638
0 1 96642
0 1 96643
0 1 96645
0 1 96651
0 1 96652
0 1 96654
0 1 96656
0 1 96658
0 1 96661
0 1 96662
0 1 96664
0 1 96668
0 1 96670
0 1 96671
0 1 96674
0 1 96675
0 1 96677
0 1 96681
0 1 96682
0 1 96683
0 1 96686
0 1 96688
0 1 96690
0 1 96691
0 1 96692
0 1 96693
0 1 96697
0 1 96698
0 1 96699
0 1 96701
0 1 96702
0 1 96703
0 1 96705
0 1 96709
0 1 96710
0 1 96712
0 1 96713
0 1 96716
0 1 96717
0 1 96718
0 1 96719
0 1 96721
0 1 96724
0 1 96727
0 1 96728
0 1 96729
0 1 96731
0 1 96732
0 1 96737
0 1 96740
0 1 96743
0 1 96744
0 1 96747
0 1 96749
0 1 96752
0 1 96753
0 1 96754
0 1 96755
0 1 96757
0 1 96763
0 1 96764
0 1 96765
0 1 96768
0 1 96770
0 1 96771
0 1 96775
0 1 96779
0 1 96780
0 1 96782
0 1 96784
0 1 96786
0 1 96787
0 1 96790
0 1 96793
0 1 96795
0 1 96797
0 1 96803
0 1 96804
0 1 96805
0 1 96808
0 1 96815
0 1 96819
0 1 96822
0 1 96824
0 1 96825
0 1 96826
0 1 96827
0 1 96829
0 1 96830
0 1 96831
0 1 96832
0 1 96833
0 1 96835
0 1 96836
0 1 96837
0 1 96842
0 1 96845
0 1 96846
0 1 96850
0 1 96851
0 1 96852
0 1 96853
0 1 96854
0 1 96858
0 1 96863
0 1 96864
0 1 96865
0 1 96868
0 1 96869
0 1 96870
0 1 96871
0 1 96872
0 1 96874
0 1 96875
0 1 96876
0 1 96878
0 1 96879
0 1 96880
0 1 96881
0 1 96883
0 1 96884
0 1 96886
0 1 96887
0 1 96888
0 1 96892
0 1 96893
0 1 96895
0 1 96897
0 1 96898
0 1 96901
0 1 96905
0 1 96906
0 1 96908
0 1 96911
0 1 96912
0 1 96913
0 1 96919
0 1 96920
0 1 96926
0 1 96929
0 1 96930
0 1 96931
0 1 96934
0 1 96936
0 1 96938
0 1 96941
0 1 96942
0 1 96943
0 1 96945
0 1 96946
0 1 96947
0 1 96948
0 1 96950
0 1 96951
0 1 96952
0 1 96953
0 1 96954
0 1 96956
0 1 96959
0 1 96962
0 1 96963
0 1 96965
0 1 96967
0 1 96968
0 1 96970
0 1 96971
0 1 96972
0 1 96973
0 1 96974
0 1 96975
0 1 96976
0 1 96981
0 1 96983
0 1 96984
0 1 96985
0 1 96986
0 1 96987
0 1 96989
0 1 96990
0 1 96994
0 1 96996
0 1 96998
0 1 96999
0 1 97000
0 1 97001
0 1 97002
0 1 97003
0 1 97005
0 1 97008
0 1 97011
0 1 97013
0 1 97014
0 1 97017
0 1 97020
0 1 97021
0 1 97022
0 1 97024
0 1 97026
0 1 97027
0 1 97028
0 1 97031
0 1 97032
0 1 97033
0 1 97036
0 1 97041
0 1 97046
0 1 97047
0 1 97048
0 1 97049
0 1 97051
0 1 97052
0 1 97053
0 1 97056
0 1 97060
0 1 97061
0 1 97063
0 1 97064
0 1 97065
0 1 97066
0 1 97068
0 1 97071
0 1 97072
0 1 97073
0 1 97075
0 1 97077
0 1 97079
0 1 97080
0 1 97081
0 1 97082
0 1 97084
0 1 97085
0 1 97086
0 1 97095
0 1 97097
0 1 97100
0 1 97101
0 1 97102
0 1 97103
0 1 97104
0 1 97105
0 1 97111
0 1 97112
0 1 97113
0 1 97114
0 1 97115
0 1 97120
0 1 97121
0 1 97122
0 1 97124
0 1 97125
0 1 97128
0 1 97138
0 1 97139
0 1 97142
0 1 97143
0 1 97145
0 1 97146
0 1 97147
0 1 97148
0 1 97149
0 1 97152
0 1 97153
0 1 97154
0 1 97157
0 1 97160
0 1 97161
0 1 97162
0 1 97163
0 1 97165
0 1 97166
0 1 97167
0 1 97170
0 1 97177
0 1 97179
0 1 97181
0 1 97183
0 1 97185
0 1 97187
0 1 97190
0 1 97192
0 1 97194
0 1 97196
0 1 97200
0 1 97201
0 1 97202
0 1 97203
0 1 97204
0 1 97208
0 1 97212
0 1 97213
0 1 97214
0 1 97215
0 1 97216
0 1 97219
0 1 97220
0 1 97221
0 1 97223
0 1 97224
0 1 97225
0 1 97227
0 1 97228
0 1 97230
0 1 97231
0 1 97233
0 1 97234
0 1 97235
0 1 97238
0 1 97243
0 1 97244
0 1 97245
0 1 97247
0 1 97248
0 1 97249
0 1 97251
0 1 97255
0 1 97256
0 1 97258
0 1 97259
0 1 97260
0 1 97263
0 1 97264
0 1 97267
0 1 97268
0 1 97269
0 1 97271
0 1 97272
0 1 97273
0 1 97275
0 1 97276
0 1 97285
0 1 97286
0 1 97288
0 1 97289
0 1 97290
0 1 97293
0 1 97297
0 1 97298
0 1 97299
0 1 97300
0 1 97305
0 1 97306
0 1 97307
0 1 97309
0 1 97312
0 1 97320
0 1 97321
0 1 97323
0 1 97324
0 1 97328
0 1 97332
0 1 97335
0 1 97336
0 1 97337
0 1 97340
0 1 97341
0 1 97346
0 1 97347
0 1 97352
0 1 97353
0 1 97354
0 1 97359
0 1 97360
0 1 97361
0 1 97362
0 1 97363
0 1 97365
0 1 97366
0 1 97367
0 1 97368
0 1 97369
0 1 97370
0 1 97374
0 1 97375
0 1 97376
0 1 97379
0 1 97380
0 1 97382
0 1 97384
0 1 97385
0 1 97388
0 1 97389
0 1 97390
0 1 97391
0 1 97394
0 1 97396
0 1 97397
0 1 97398
0 1 97399
0 1 97403
0 1 97407
0 1 97412
0 1 97414
0 1 97419
0 1 97423
0 1 97424
0 1 97425
0 1 97426
0 1 97429
0 1 97430
0 1 97431
0 1 97433
0 1 97434
0 1 97435
0 1 97437
0 1 97442
0 1 97445
0 1 97446
0 1 97451
0 1 97454
0 1 97455
0 1 97456
0 1 97458
0 1 97460
0 1 97461
0 1 97463
0 1 97465
0 1 97467
0 1 97468
0 1 97470
0 1 97473
0 1 97476
0 1 97477
0 1 97478
0 1 97479
0 1 97480
0 1 97481
0 1 97483
0 1 97485
0 1 97488
0 1 97489
0 1 97493
0 1 97494
0 1 97496
0 1 97497
0 1 97498
0 1 97501
0 1 97502
0 1 97510
0 1 97512
0 1 97513
0 1 97516
0 1 97517
0 1 97519
0 1 97522
0 1 97523
0 1 97524
0 1 97527
0 1 97528
0 1 97529
0 1 97531
0 1 97533
0 1 97534
0 1 97535
0 1 97536
0 1 97539
0 1 97545
0 1 97547
0 1 97548
0 1 97549
0 1 97554
0 1 97555
0 1 97556
0 1 97558
0 1 97559
0 1 97562
0 1 97563
0 1 97565
0 1 97566
0 1 97567
0 1 97568
0 1 97571
0 1 97575
0 1 97576
0 1 97577
0 1 97579
0 1 97581
0 1 97582
0 1 97583
0 1 97587
0 1 97588
0 1 97591
0 1 97592
0 1 97595
0 1 97596
0 1 97597
0 1 97598
0 1 97599
0 1 97600
0 1 97601
0 1 97605
0 1 97610
0 1 97613
0 1 97616
0 1 97617
0 1 97620
0 1 97622
0 1 97623
0 1 97624
0 1 97628
0 1 97634
0 1 97635
0 1 97637
0 1 97639
0 1 97642
0 1 97643
0 1 97647
0 1 97648
0 1 97652
0 1 97655
0 1 97657
0 1 97660
0 1 97662
0 1 97663
0 1 97664
0 1 97668
0 1 97679
0 1 97681
0 1 97684
0 1 97686
0 1 97688
0 1 97689
0 1 97690
0 1 97694
0 1 97697
0 1 97698
0 1 97703
0 1 97705
0 1 97707
0 1 97708
0 1 97709
0 1 97712
0 1 97714
0 1 97715
0 1 97716
0 1 97717
0 1 97719
0 1 97720
0 1 97722
0 1 97723
0 1 97724
0 1 97725
0 1 97726
0 1 97728
0 1 97733
0 1 97734
0 1 97737
0 1 97740
0 1 97744
0 1 97748
0 1 97750
0 1 97754
0 1 97756
0 1 97758
0 1 97759
0 1 97761
0 1 97762
0 1 97763
0 1 97767
0 1 97769
0 1 97772
0 1 97773
0 1 97777
0 1 97778
0 1 97779
0 1 97781
0 1 97784
0 1 97788
0 1 97792
0 1 97794
0 1 97795
0 1 97796
0 1 97797
0 1 97798
0 1 97799
0 1 97801
0 1 97803
0 1 97804
0 1 97807
0 1 97808
0 1 97809
0 1 97811
0 1 97816
0 1 97819
0 1 97820
0 1 97822
0 1 97827
0 1 97828
0 1 97830
0 1 97831
0 1 97832
0 1 97833
0 1 97835
0 1 97836
0 1 97838
0 1 97839
0 1 97842
0 1 97843
0 1 97845
0 1 97846
0 1 97847
0 1 97848
0 1 97849
0 1 97855
0 1 97857
0 1 97858
0 1 97859
0 1 97861
0 1 97862
0 1 97863
0 1 97865
0 1 97871
0 1 97872
0 1 97873
0 1 97876
0 1 97878
0 1 97879
0 1 97880
0 1 97881
0 1 97882
0 1 97884
0 1 97886
0 1 97888
0 1 97889
0 1 97890
0 1 97892
0 1 97894
0 1 97895
0 1 97896
0 1 97898
0 1 97903
0 1 97904
0 1 97905
0 1 97906
0 1 97910
0 1 97913
0 1 97915
0 1 97916
0 1 97917
0 1 97920
0 1 97926
0 1 97928
0 1 97931
0 1 97932
0 1 97934
0 1 97935
0 1 97938
0 1 97939
0 1 97943
0 1 97944
0 1 97946
0 1 97948
0 1 97950
0 1 97952
0 1 97956
0 1 97957
0 1 97959
0 1 97960
0 1 97961
0 1 97963
0 1 97965
0 1 97966
0 1 97967
0 1 97968
0 1 97969
0 1 97971
0 1 97972
0 1 97973
0 1 97974
0 1 97976
0 1 97978
0 1 97980
0 1 97981
0 1 97982
0 1 97983
0 1 97984
0 1 97986
0 1 97989
0 1 97990
0 1 97991
0 1 97992
0 1 97993
0 1 97997
0 1 97998
0 1 98000
0 1 98002
0 1 98003
0 1 98006
0 1 98007
0 1 98009
0 1 98014
0 1 98015
0 1 98016
0 1 98017
0 1 98022
0 1 98023
0 1 98024
0 1 98026
0 1 98027
0 1 98031
0 1 98035
0 1 98038
0 1 98040
0 1 98044
0 1 98045
0 1 98046
0 1 98052
0 1 98054
0 1 98056
0 1 98062
0 1 98065
0 1 98066
0 1 98067
0 1 98068
0 1 98069
0 1 98074
0 1 98076
0 1 98078
0 1 98079
0 1 98080
0 1 98081
0 1 98082
0 1 98083
0 1 98084
0 1 98087
0 1 98088
0 1 98091
0 1 98092
0 1 98093
0 1 98095
0 1 98097
0 1 98099
0 1 98101
0 1 98102
0 1 98104
0 1 98105
0 1 98107
0 1 98108
0 1 98109
0 1 98111
0 1 98112
0 1 98113
0 1 98114
0 1 98115
0 1 98116
0 1 98119
0 1 98122
0 1 98123
0 1 98124
0 1 98125
0 1 98128
0 1 98129
0 1 98132
0 1 98134
0 1 98136
0 1 98141
0 1 98143
0 1 98148
0 1 98150
0 1 98151
0 1 98152
0 1 98153
0 1 98154
0 1 98159
0 1 98160
0 1 98161
0 1 98162
0 1 98163
0 1 98164
0 1 98165
0 1 98168
0 1 98171
0 1 98175
0 1 98176
0 1 98178
0 1 98180
0 1 98184
0 1 98186
0 1 98189
0 1 98194
0 1 98195
0 1 98198
0 1 98200
0 1 98203
0 1 98205
0 1 98206
0 1 98208
0 1 98211
0 1 98213
0 1 98216
0 1 98219
0 1 98221
0 1 98223
0 1 98227
0 1 98230
0 1 98231
0 1 98233
0 1 98236
0 1 98237
0 1 98238
0 1 98239
0 1 98240
0 1 98242
0 1 98243
0 1 98244
0 1 98245
0 1 98246
0 1 98247
0 1 98252
0 1 98256
0 1 98257
0 1 98258
0 1 98259
0 1 98261
0 1 98262
0 1 98269
0 1 98270
0 1 98271
0 1 98273
0 1 98276
0 1 98277
0 1 98280
0 1 98281
0 1 98282
0 1 98283
0 1 98290
0 1 98292
0 1 98300
0 1 98306
0 1 98307
0 1 98308
0 1 98310
0 1 98313
0 1 98314
0 1 98315
0 1 98316
0 1 98317
0 1 98325
0 1 98327
0 1 98329
0 1 98330
0 1 98332
0 1 98333
0 1 98336
0 1 98338
0 1 98339
0 1 98344
0 1 98346
0 1 98347
0 1 98349
0 1 98352
0 1 98353
0 1 98355
0 1 98356
0 1 98357
0 1 98358
0 1 98359
0 1 98360
0 1 98362
0 1 98364
0 1 98367
0 1 98370
0 1 98371
0 1 98373
0 1 98374
0 1 98376
0 1 98379
0 1 98381
0 1 98382
0 1 98383
0 1 98385
0 1 98391
0 1 98394
0 1 98395
0 1 98397
0 1 98398
0 1 98399
0 1 98401
0 1 98404
0 1 98405
0 1 98406
0 1 98407
0 1 98408
0 1 98409
0 1 98410
0 1 98411
0 1 98412
0 1 98413
0 1 98414
0 1 98417
0 1 98420
0 1 98421
0 1 98423
0 1 98424
0 1 98429
0 1 98431
0 1 98436
0 1 98438
0 1 98439
0 1 98440
0 1 98442
0 1 98444
0 1 98446
0 1 98448
0 1 98451
0 1 98455
0 1 98460
0 1 98463
0 1 98467
0 1 98468
0 1 98472
0 1 98473
0 1 98476
0 1 98481
0 1 98482
0 1 98485
0 1 98487
0 1 98488
0 1 98489
0 1 98492
0 1 98494
0 1 98496
0 1 98500
0 1 98504
0 1 98505
0 1 98506
0 1 98507
0 1 98508
0 1 98509
0 1 98510
0 1 98513
0 1 98514
0 1 98516
0 1 98517
0 1 98521
0 1 98523
0 1 98525
0 1 98528
0 1 98529
0 1 98531
0 1 98535
0 1 98536
0 1 98537
0 1 98540
0 1 98545
0 1 98546
0 1 98548
0 1 98549
0 1 98553
0 1 98556
0 1 98557
0 1 98559
0 1 98562
0 1 98567
0 1 98568
0 1 98569
0 1 98571
0 1 98574
0 1 98575
0 1 98576
0 1 98577
0 1 98579
0 1 98580
0 1 98582
0 1 98583
0 1 98597
0 1 98599
0 1 98601
0 1 98602
0 1 98604
0 1 98613
0 1 98614
0 1 98618
0 1 98620
0 1 98621
0 1 98622
0 1 98623
0 1 98624
0 1 98625
0 1 98628
0 1 98629
0 1 98630
0 1 98632
0 1 98633
0 1 98635
0 1 98636
0 1 98642
0 1 98643
0 1 98644
0 1 98646
0 1 98647
0 1 98648
0 1 98652
0 1 98653
0 1 98655
0 1 98657
0 1 98659
0 1 98664
0 1 98665
0 1 98674
0 1 98675
0 1 98677
0 1 98679
0 1 98683
0 1 98684
0 1 98687
0 1 98689
0 1 98692
0 1 98694
0 1 98695
0 1 98696
0 1 98699
0 1 98704
0 1 98706
0 1 98708
0 1 98711
0 1 98712
0 1 98714
0 1 98715
0 1 98719
0 1 98720
0 1 98722
0 1 98729
0 1 98730
0 1 98735
0 1 98737
0 1 98739
0 1 98740
0 1 98742
0 1 98747
0 1 98748
0 1 98749
0 1 98750
0 1 98754
0 1 98755
0 1 98756
0 1 98758
0 1 98760
0 1 98762
0 1 98763
0 1 98764
0 1 98765
0 1 98769
0 1 98773
0 1 98774
0 1 98776
0 1 98777
0 1 98780
0 1 98781
0 1 98782
0 1 98784
0 1 98787
0 1 98789
0 1 98790
0 1 98791
0 1 98796
0 1 98797
0 1 98798
0 1 98801
0 1 98805
0 1 98810
0 1 98812
0 1 98813
0 1 98814
0 1 98816
0 1 98817
0 1 98818
0 1 98819
0 1 98821
0 1 98822
0 1 98827
0 1 98828
0 1 98831
0 1 98835
0 1 98836
0 1 98837
0 1 98839
0 1 98840
0 1 98842
0 1 98844
0 1 98845
0 1 98846
0 1 98847
0 1 98853
0 1 98854
0 1 98855
0 1 98856
0 1 98857
0 1 98858
0 1 98862
0 1 98863
0 1 98864
0 1 98866
0 1 98867
0 1 98868
0 1 98869
0 1 98872
0 1 98873
0 1 98874
0 1 98875
0 1 98877
0 1 98880
0 1 98885
0 1 98887
0 1 98889
0 1 98893
0 1 98895
0 1 98896
0 1 98898
0 1 98900
0 1 98901
0 1 98903
0 1 98904
0 1 98910
0 1 98911
0 1 98912
0 1 98917
0 1 98920
0 1 98928
0 1 98929
0 1 98931
0 1 98932
0 1 98935
0 1 98936
0 1 98940
0 1 98944
0 1 98945
0 1 98948
0 1 98952
0 1 98953
0 1 98954
0 1 98955
0 1 98959
0 1 98962
0 1 98965
0 1 98967
0 1 98970
0 1 98972
0 1 98975
0 1 98979
0 1 98982
0 1 98984
0 1 98985
0 1 98986
0 1 98989
0 1 98990
0 1 98991
0 1 98993
0 1 98994
0 1 98995
0 1 98997
0 1 99000
0 1 99001
0 1 99002
0 1 99003
0 1 99004
0 1 99006
0 1 99012
0 1 99014
0 1 99015
0 1 99017
0 1 99018
0 1 99019
0 1 99020
0 1 99023
0 1 99025
0 1 99026
0 1 99031
0 1 99034
0 1 99040
0 1 99044
0 1 99048
0 1 99049
0 1 99050
0 1 99053
0 1 99054
0 1 99057
0 1 99059
0 1 99061
0 1 99065
0 1 99069
0 1 99070
0 1 99072
0 1 99075
0 1 99080
0 1 99081
0 1 99082
0 1 99084
0 1 99087
0 1 99088
0 1 99090
0 1 99097
0 1 99099
0 1 99101
0 1 99103
0 1 99104
0 1 99112
0 1 99113
0 1 99116
0 1 99119
0 1 99121
0 1 99124
0 1 99126
0 1 99128
0 1 99130
0 1 99132
0 1 99134
0 1 99138
0 1 99140
0 1 99141
0 1 99142
0 1 99143
0 1 99144
0 1 99146
0 1 99148
0 1 99150
0 1 99151
0 1 99154
0 1 99155
0 1 99156
0 1 99159
0 1 99160
0 1 99162
0 1 99166
0 1 99167
0 1 99168
0 1 99171
0 1 99172
0 1 99173
0 1 99175
0 1 99177
0 1 99178
0 1 99181
0 1 99182
0 1 99183
0 1 99184
0 1 99185
0 1 99187
0 1 99189
0 1 99192
0 1 99193
0 1 99195
0 1 99199
0 1 99201
0 1 99202
0 1 99205
0 1 99206
0 1 99207
0 1 99208
0 1 99209
0 1 99210
0 1 99211
0 1 99212
0 1 99213
0 1 99214
0 1 99216
0 1 99217
0 1 99218
0 1 99223
0 1 99224
0 1 99227
0 1 99228
0 1 99231
0 1 99236
0 1 99237
0 1 99238
0 1 99241
0 1 99243
0 1 99244
0 1 99248
0 1 99250
0 1 99252
0 1 99253
0 1 99254
0 1 99259
0 1 99260
0 1 99261
0 1 99262
0 1 99263
0 1 99265
0 1 99266
0 1 99267
0 1 99269
0 1 99272
0 1 99277
0 1 99278
0 1 99279
0 1 99280
0 1 99281
0 1 99283
0 1 99285
0 1 99286
0 1 99287
0 1 99291
0 1 99294
0 1 99297
0 1 99301
0 1 99302
0 1 99303
0 1 99304
0 1 99305
0 1 99307
0 1 99309
0 1 99310
0 1 99311
0 1 99313
0 1 99314
0 1 99315
0 1 99317
0 1 99318
0 1 99319
0 1 99321
0 1 99323
0 1 99324
0 1 99326
0 1 99327
0 1 99329
0 1 99333
0 1 99337
0 1 99340
0 1 99342
0 1 99344
0 1 99349
0 1 99350
0 1 99353
0 1 99357
0 1 99358
0 1 99359
0 1 99361
0 1 99363
0 1 99365
0 1 99368
0 1 99370
0 1 99372
0 1 99375
0 1 99376
0 1 99379
0 1 99382
0 1 99385
0 1 99386
0 1 99387
0 1 99394
0 1 99395
0 1 99397
0 1 99398
0 1 99399
0 1 99400
0 1 99401
0 1 99403
0 1 99404
0 1 99405
0 1 99406
0 1 99407
0 1 99410
0 1 99411
0 1 99413
0 1 99414
0 1 99415
0 1 99416
0 1 99417
0 1 99418
0 1 99423
0 1 99424
0 1 99425
0 1 99426
0 1 99427
0 1 99428
0 1 99429
0 1 99430
0 1 99432
0 1 99433
0 1 99434
0 1 99437
0 1 99438
0 1 99442
0 1 99443
0 1 99449
0 1 99451
0 1 99452
0 1 99455
0 1 99456
0 1 99457
0 1 99459
0 1 99462
0 1 99464
0 1 99465
0 1 99467
0 1 99471
0 1 99473
0 1 99474
0 1 99476
0 1 99477
0 1 99479
0 1 99482
0 1 99483
0 1 99484
0 1 99485
0 1 99486
0 1 99487
0 1 99489
0 1 99495
0 1 99497
0 1 99498
0 1 99499
0 1 99500
0 1 99501
0 1 99502
0 1 99504
0 1 99505
0 1 99511
0 1 99513
0 1 99515
0 1 99516
0 1 99520
0 1 99521
0 1 99523
0 1 99524
0 1 99525
0 1 99526
0 1 99528
0 1 99529
0 1 99531
0 1 99532
0 1 99533
0 1 99534
0 1 99535
0 1 99539
0 1 99540
0 1 99542
0 1 99543
0 1 99544
0 1 99549
0 1 99559
0 1 99560
0 1 99562
0 1 99564
0 1 99570
0 1 99571
0 1 99572
0 1 99573
0 1 99579
0 1 99582
0 1 99584
0 1 99585
0 1 99586
0 1 99587
0 1 99588
0 1 99589
0 1 99590
0 1 99591
0 1 99593
0 1 99594
0 1 99595
0 1 99596
0 1 99597
0 1 99599
0 1 99600
0 1 99601
0 1 99604
0 1 99606
0 1 99612
0 1 99615
0 1 99616
0 1 99617
0 1 99618
0 1 99619
0 1 99620
0 1 99621
0 1 99622
0 1 99623
0 1 99624
0 1 99626
0 1 99627
0 1 99629
0 1 99631
0 1 99632
0 1 99634
0 1 99635
0 1 99636
0 1 99639
0 1 99640
0 1 99642
0 1 99643
0 1 99645
0 1 99646
0 1 99647
0 1 99650
0 1 99651
0 1 99654
0 1 99655
0 1 99659
0 1 99663
0 1 99666
0 1 99668
0 1 99669
0 1 99674
0 1 99675
0 1 99678
0 1 99679
0 1 99680
0 1 99683
0 1 99687
0 1 99688
0 1 99691
0 1 99692
0 1 99693
0 1 99695
0 1 99696
0 1 99698
0 1 99699
0 1 99700
0 1 99702
0 1 99707
0 1 99709
0 1 99710
0 1 99718
0 1 99720
0 1 99722
0 1 99723
0 1 99725
0 1 99726
0 1 99727
0 1 99728
0 1 99729
0 1 99734
0 1 99736
0 1 99737
0 1 99738
0 1 99740
0 1 99742
0 1 99743
0 1 99745
0 1 99747
0 1 99748
0 1 99749
0 1 99750
0 1 99751
0 1 99752
0 1 99753
0 1 99754
0 1 99755
0 1 99759
0 1 99760
0 1 99761
0 1 99762
0 1 99763
0 1 99764
0 1 99767
0 1 99768
0 1 99769
0 1 99770
0 1 99771
0 1 99772
0 1 99774
0 1 99775
0 1 99776
0 1 99779
0 1 99780
0 1 99781
0 1 99782
0 1 99783
0 1 99787
0 1 99788
0 1 99791
0 1 99793
0 1 99794
0 1 99798
0 1 99799
0 1 99800
0 1 99802
0 1 99804
0 1 99808
0 1 99809
0 1 99811
0 1 99812
0 1 99813
0 1 99822
0 1 99823
0 1 99824
0 1 99826
0 1 99828
0 1 99833
0 1 99834
0 1 99835
0 1 99836
0 1 99840
0 1 99844
0 1 99845
0 1 99846
0 1 99847
0 1 99848
0 1 99849
0 1 99850
0 1 99852
0 1 99855
0 1 99856
0 1 99857
0 1 99858
0 1 99863
0 1 99865
0 1 99867
0 1 99868
0 1 99870
0 1 99871
0 1 99875
0 1 99876
0 1 99877
0 1 99879
0 1 99881
0 1 99882
0 1 99884
0 1 99885
0 1 99887
0 1 99888
0 1 99889
0 1 99890
0 1 99892
0 1 99898
0 1 99900
0 1 99902
0 1 99903
0 1 99904
0 1 99905
0 1 99906
0 1 99910
0 1 99911
0 1 99912
0 1 99913
0 1 99914
0 1 99919
0 1 99921
0 1 99923
0 1 99924
0 1 99926
0 1 99927
0 1 99929
0 1 99931
0 1 99932
0 1 99933
0 1 99935
0 1 99936
0 1 99937
0 1 99938
0 1 99940
0 1 99946
0 1 99947
0 1 99948
0 1 99949
0 1 99953
0 1 99954
0 1 99957
0 1 99958
0 1 99964
0 1 99965
0 1 99966
0 1 99967
0 1 99969
0 1 99972
0 1 99976
0 1 99977
0 1 99980
0 1 99981
0 1 99984
0 1 99986
0 1 99987
0 1 99988
0 1 99991
0 1 99992
0 1 99993
0 1 99994
0 1 99996
0 1 99997
0 1 99998
