0 1 0
0 1 2
0 1 3
0 1 4
0 1 8
0 1 9
0 1 10
0 1 11
0 1 12
0 1 13
0 1 16
0 1 18
0 1 19
0 1 21
0 1 22
0 1 23
0 1 24
0 1 25
0 1 27
0 1 31
0 1 32
0 1 34
0 1 36
0 1 37
0 1 38
0 1 40
0 1 42
0 1 44
0 1 46
0 1 47
0 1 48
0 1 51
0 1 53
0 1 54
0 1 55
0 1 56
0 1 57
0 1 58
0 1 59
0 1 60
0 1 61
0 1 62
0 1 63
0 1 66
0 1 68
0 1 69
0 1 70
0 1 71
0 1 72
0 1 73
0 1 74
0 1 76
0 1 77
0 1 78
0 1 80
0 1 82
0 1 83
0 1 84
0 1 86
0 1 87
0 1 90
0 1 91
0 1 92
0 1 93
0 1 98
0 1 99
0 1 101
0 1 104
0 1 105
0 1 106
0 1 108
0 1 109
0 1 111
0 1 112
0 1 114
0 1 115
0 1 118
0 1 120
0 1 121
0 1 122
0 1 123
0 1 125
0 1 129
0 1 131
0 1 134
0 1 135
0 1 138
0 1 139
0 1 140
0 1 141
0 1 143
0 1 144
0 1 145
0 1 146
0 1 147
0 1 148
0 1 149
0 1 150
0 1 151
0 1 152
0 1 156
0 1 157
0 1 158
0 1 160
0 1 168
0 1 169
0 1 170
0 1 172
0 1 173
0 1 176
0 1 180
0 1 181
0 1 184
0 1 187
0 1 189
0 1 192
0 1 193
0 1 195
0 1 196
0 1 198
0 1 200
0 1 201
0 1 202
0 1 203
0 1 206
0 1 207
0 1 208
0 1 209
0 1 210
0 1 211
0 1 212
0 1 213
0 1 215
0 1 216
0 1 217
0 1 218
0 1 219
0 1 221
0 1 224
0 1 225
0 1 226
0 1 227
0 1 229
0 1 231
0 1 232
0 1 233
0 1 236
0 1 239
0 1 240
0 1 242
0 1 243
0 1 244
0 1 245
0 1 248
0 1 249
0 1 253
0 1 255
0 1 256
0 1 257
0 1 258
0 1 259
0 1 260
0 1 261
0 1 262
0 1 264
0 1 265
0 1 267
0 1 268
0 1 269
0 1 270
0 1 272
0 1 274
0 1 276
0 1 277
0 1 278
0 1 280
0 1 281
0 1 282
0 1 283
0 1 284
0 1 285
0 1 287
0 1 289
0 1 290
0 1 291
0 1 293
0 1 294
0 1 295
0 1 296
0 1 297
0 1 300
0 1 301
0 1 302
0 1 303
0 1 304
0 1 305
0 1 306
0 1 307
0 1 308
0 1 309
0 1 310
0 1 314
0 1 316
0 1 317
0 1 318
0 1 320
0 1 323
0 1 324
0 1 325
0 1 326
0 1 328
0 1 331
0 1 332
0 1 333
0 1 334
0 1 338
0 1 339
0 1 341
0 1 344
0 1 345
0 1 346
0 1 347
0 1 350
0 1 352
0 1 354
0 1 364
0 1 365
0 1 368
0 1 369
0 1 371
0 1 372
0 1 373
0 1 374
0 1 377
0 1 382
0 1 384
0 1 386
0 1 390
0 1 392
0 1 393
0 1 394
0 1 395
0 1 396
0 1 397
0 1 398
0 1 400
0 1 401
0 1 402
0 1 404
0 1 406
0 1 408
0 1 410
0 1 412
0 1 413
0 1 414
0 1 416
0 1 420
0 1 422
0 1 423
0 1 425
0 1 426
0 1 427
0 1 431
0 1 433
0 1 435
0 1 437
0 1 439
0 1 440
0 1 442
0 1 443
0 1 445
0 1 446
0 1 448
0 1 450
0 1 452
0 1 453
0 1 454
0 1 456
0 1 457
0 1 458
0 1 459
0 1 460
0 1 461
0 1 464
0 1 466
0 1 467
0 1 470
0 1 471
0 1 472
0 1 473
0 1 475
0 1 477
0 1 478
0 1 479
0 1 480
0 1 481
0 1 483
0 1 485
0 1 486
0 1 490
0 1 493
0 1 494
0 1 495
0 1 496
0 1 499
0 1 502
0 1 503
0 1 504
0 1 505
0 1 509
0 1 510
0 1 511
0 1 512
0 1 517
0 1 518
0 1 519
0 1 520
0 1 521
0 1 524
0 1 526
0 1 527
0 1 528
0 1 529
0 1 531
0 1 532
0 1 533
0 1 534
0 1 535
0 1 537
0 1 538
0 1 539
0 1 545
0 1 549
0 1 551
0 1 552
0 1 554
0 1 555
0 1 556
0 1 558
0 1 560
0 1 561
0 1 563
0 1 564
0 1 566
0 1 567
0 1 568
0 1 569
0 1 570
0 1 571
0 1 573
0 1 574
0 1 576
0 1 578
0 1 579
0 1 581
0 1 583
0 1 584
0 1 587
0 1 588
0 1 589
0 1 592
0 1 595
0 1 597
0 1 599
0 1 600
0 1 602
0 1 603
0 1 604
0 1 605
0 1 607
0 1 610
0 1 611
0 1 613
0 1 614
0 1 616
0 1 617
0 1 619
0 1 620
0 1 622
0 1 625
0 1 627
0 1 629
0 1 631
0 1 633
0 1 635
0 1 636
0 1 638
0 1 639
0 1 640
0 1 641
0 1 642
0 1 643
0 1 647
0 1 648
0 1 649
0 1 650
0 1 651
0 1 655
0 1 656
0 1 657
0 1 660
0 1 664
0 1 665
0 1 666
0 1 667
0 1 668
0 1 669
0 1 671
0 1 672
0 1 674
0 1 675
0 1 676
0 1 679
0 1 680
0 1 681
0 1 682
0 1 685
0 1 686
0 1 688
0 1 689
0 1 690
0 1 694
0 1 695
0 1 696
0 1 697
0 1 700
0 1 702
0 1 703
0 1 704
0 1 705
0 1 706
0 1 707
0 1 708
0 1 710
0 1 711
0 1 712
0 1 713
0 1 714
0 1 716
0 1 717
0 1 722
0 1 723
0 1 724
0 1 726
0 1 727
0 1 728
0 1 729
0 1 730
0 1 731
0 1 732
0 1 733
0 1 734
0 1 736
0 1 737
0 1 739
0 1 740
0 1 741
0 1 743
0 1 744
0 1 745
0 1 746
0 1 747
0 1 750
0 1 751
0 1 753
0 1 754
0 1 757
0 1 759
0 1 760
0 1 762
0 1 763
0 1 765
0 1 766
0 1 767
0 1 768
0 1 769
0 1 772
0 1 773
0 1 776
0 1 778
0 1 779
0 1 780
0 1 782
0 1 783
0 1 784
0 1 785
0 1 786
0 1 787
0 1 788
0 1 790
0 1 791
0 1 794
0 1 795
0 1 798
0 1 799
0 1 801
0 1 802
0 1 803
0 1 804
0 1 805
0 1 807
0 1 808
0 1 810
0 1 812
0 1 814
0 1 815
0 1 816
0 1 818
0 1 819
0 1 820
0 1 821
0 1 823
0 1 824
0 1 825
0 1 826
0 1 831
0 1 833
0 1 834
0 1 835
0 1 840
0 1 841
0 1 842
0 1 843
0 1 852
0 1 853
0 1 854
0 1 856
0 1 857
0 1 859
0 1 860
0 1 861
0 1 863
0 1 864
0 1 866
0 1 867
0 1 868
0 1 869
0 1 870
0 1 872
0 1 873
0 1 874
0 1 875
0 1 877
0 1 878
0 1 879
0 1 880
0 1 881
0 1 882
0 1 883
0 1 884
0 1 885
0 1 886
0 1 887
0 1 888
0 1 889
0 1 890
0 1 892
0 1 894
0 1 895
0 1 897
0 1 899
0 1 900
0 1 901
0 1 902
0 1 903
0 1 906
0 1 908
0 1 909
0 1 910
0 1 911
0 1 913
0 1 914
0 1 915
0 1 917
0 1 918
0 1 921
0 1 923
0 1 924
0 1 927
0 1 928
0 1 929
0 1 930
0 1 931
0 1 932
0 1 934
0 1 935
0 1 937
0 1 938
0 1 939
0 1 940
0 1 941
0 1 942
0 1 943
0 1 944
0 1 945
0 1 946
0 1 949
0 1 950
0 1 952
0 1 954
0 1 955
0 1 956
0 1 960
0 1 961
0 1 962
0 1 963
0 1 964
0 1 965
0 1 970
0 1 971
0 1 975
0 1 976
0 1 977
0 1 980
0 1 981
0 1 983
0 1 984
0 1 986
0 1 988
0 1 990
0 1 997
0 1 998
0 1 1000
0 1 1001
0 1 1003
0 1 1004
0 1 1006
0 1 1007
0 1 1009
0 1 1010
0 1 1011
0 1 1012
0 1 1014
0 1 1015
0 1 1021
0 1 1022
0 1 1023
0 1 1024
0 1 1025
0 1 1026
0 1 1028
0 1 1029
0 1 1030
0 1 1032
0 1 1033
0 1 1036
0 1 1037
0 1 1038
0 1 1039
0 1 1041
0 1 1042
0 1 1043
0 1 1046
0 1 1047
0 1 1048
0 1 1049
0 1 1050
0 1 1053
0 1 1054
0 1 1056
0 1 1057
0 1 1059
0 1 1060
0 1 1061
0 1 1062
0 1 1064
0 1 1066
0 1 1068
0 1 1071
0 1 1073
0 1 1076
0 1 1077
0 1 1079
0 1 1080
0 1 1081
0 1 1083
0 1 1084
0 1 1085
0 1 1087
0 1 1090
0 1 1091
0 1 1092
0 1 1095
0 1 1097
0 1 1098
0 1 1099
0 1 1100
0 1 1103
0 1 1105
0 1 1108
0 1 1110
0 1 1111
0 1 1112
0 1 1113
0 1 1116
0 1 1117
0 1 1119
0 1 1120
0 1 1121
0 1 1122
0 1 1123
0 1 1125
0 1 1126
0 1 1128
0 1 1130
0 1 1131
0 1 1134
0 1 1135
0 1 1136
0 1 1138
0 1 1140
0 1 1141
0 1 1142
0 1 1144
0 1 1145
0 1 1146
0 1 1147
0 1 1148
0 1 1151
0 1 1152
0 1 1156
0 1 1158
0 1 1161
0 1 1162
0 1 1163
0 1 1164
0 1 1168
0 1 1170
0 1 1171
0 1 1172
0 1 1173
0 1 1174
0 1 1177
0 1 1179
0 1 1181
0 1 1182
0 1 1183
0 1 1184
0 1 1187
0 1 1188
0 1 1190
0 1 1191
0 1 1192
0 1 1193
0 1 1194
0 1 1196
0 1 1200
0 1 1201
0 1 1202
0 1 1203
0 1 1204
0 1 1205
0 1 1207
0 1 1208
0 1 1209
0 1 1210
0 1 1212
0 1 1213
0 1 1214
0 1 1215
0 1 1217
0 1 1218
0 1 1219
0 1 1222
0 1 1223
0 1 1224
0 1 1226
0 1 1227
0 1 1229
0 1 1231
0 1 1232
0 1 1233
0 1 1234
0 1 1239
0 1 1242
0 1 1243
0 1 1244
0 1 1245
0 1 1249
0 1 1250
0 1 1253
0 1 1255
0 1 1256
0 1 1257
0 1 1259
0 1 1260
0 1 1261
0 1 1262
0 1 1263
0 1 1267
0 1 1268
0 1 1269
0 1 1270
0 1 1272
0 1 1273
0 1 1274
0 1 1276
0 1 1277
0 1 1278
0 1 1279
0 1 1280
0 1 1281
0 1 1282
0 1 1283
0 1 1284
0 1 1287
0 1 1288
0 1 1290
0 1 1296
0 1 1297
0 1 1298
0 1 1300
0 1 1301
0 1 1302
0 1 1303
0 1 1306
0 1 1308
0 1 1310
0 1 1312
0 1 1314
0 1 1316
0 1 1317
0 1 1318
0 1 1321
0 1 1324
0 1 1329
0 1 1331
0 1 1332
0 1 1334
0 1 1335
0 1 1336
0 1 1338
0 1 1345
0 1 1348
0 1 1349
0 1 1350
0 1 1351
0 1 1352
0 1 1353
0 1 1354
0 1 1357
0 1 1359
0 1 1360
0 1 1363
0 1 1364
0 1 1366
0 1 1367
0 1 1368
0 1 1369
0 1 1371
0 1 1373
0 1 1374
0 1 1376
0 1 1378
0 1 1380
0 1 1381
0 1 1382
0 1 1383
0 1 1384
0 1 1385
0 1 1386
0 1 1389
0 1 1391
0 1 1392
0 1 1393
0 1 1394
0 1 1395
0 1 1396
0 1 1397
0 1 1398
0 1 1399
0 1 1400
0 1 1404
0 1 1405
0 1 1406
0 1 1408
0 1 1409
0 1 1410
0 1 1411
0 1 1412
0 1 1414
0 1 1415
0 1 1416
0 1 1417
0 1 1419
0 1 1420
0 1 1421
0 1 1422
0 1 1425
0 1 1426
0 1 1427
0 1 1428
0 1 1429
0 1 1430
0 1 1431
0 1 1433
0 1 1434
0 1 1436
0 1 1440
0 1 1442
0 1 1444
0 1 1445
0 1 1447
0 1 1449
0 1 1450
0 1 1451
0 1 1452
0 1 1453
0 1 1454
0 1 1455
0 1 1456
0 1 1457
0 1 1458
0 1 1461
0 1 1465
0 1 1466
0 1 1468
0 1 1469
0 1 1470
0 1 1472
0 1 1473
0 1 1474
0 1 1475
0 1 1477
0 1 1478
0 1 1484
0 1 1486
0 1 1488
0 1 1489
0 1 1493
0 1 1494
0 1 1495
0 1 1497
0 1 1499
0 1 1500
0 1 1502
0 1 1504
0 1 1505
0 1 1506
0 1 1507
0 1 1508
0 1 1509
0 1 1510
0 1 1511
0 1 1513
0 1 1514
0 1 1515
0 1 1516
0 1 1519
0 1 1520
0 1 1523
0 1 1526
0 1 1527
0 1 1528
0 1 1530
0 1 1532
0 1 1533
0 1 1535
0 1 1537
0 1 1539
0 1 1540
0 1 1541
0 1 1545
0 1 1546
0 1 1547
0 1 1548
0 1 1549
0 1 1550
0 1 1551
0 1 1553
0 1 1554
0 1 1555
0 1 1556
0 1 1557
0 1 1558
0 1 1559
0 1 1560
0 1 1561
0 1 1562
0 1 1563
0 1 1564
0 1 1565
0 1 1567
0 1 1569
0 1 1574
0 1 1575
0 1 1579
0 1 1581
0 1 1585
0 1 1587
0 1 1588
0 1 1589
0 1 1590
0 1 1591
0 1 1594
0 1 1596
0 1 1598
0 1 1599
0 1 1603
0 1 1604
0 1 1606
0 1 1609
0 1 1611
0 1 1612
0 1 1614
0 1 1615
0 1 1617
0 1 1618
0 1 1619
0 1 1620
0 1 1622
0 1 1623
0 1 1625
0 1 1628
0 1 1629
0 1 1631
0 1 1633
0 1 1636
0 1 1638
0 1 1639
0 1 1641
0 1 1642
0 1 1643
0 1 1645
0 1 1646
0 1 1647
0 1 1648
0 1 1651
0 1 1652
0 1 1653
0 1 1654
0 1 1655
0 1 1656
0 1 1657
0 1 1659
0 1 1661
0 1 1662
0 1 1663
0 1 1668
0 1 1669
0 1 1670
0 1 1672
0 1 1673
0 1 1674
0 1 1678
0 1 1679
0 1 1681
0 1 1682
0 1 1683
0 1 1684
0 1 1686
0 1 1688
0 1 1690
0 1 1691
0 1 1692
0 1 1693
0 1 1694
0 1 1695
0 1 1697
0 1 1700
0 1 1704
0 1 1706
0 1 1708
0 1 1709
0 1 1710
0 1 1712
0 1 1714
0 1 1715
0 1 1716
0 1 1717
0 1 1718
0 1 1721
0 1 1723
0 1 1727
0 1 1728
0 1 1729
0 1 1732
0 1 1733
0 1 1735
0 1 1737
0 1 1739
0 1 1740
0 1 1741
0 1 1742
0 1 1743
0 1 1745
0 1 1746
0 1 1748
0 1 1751
0 1 1754
0 1 1756
0 1 1758
0 1 1759
0 1 1760
0 1 1761
0 1 1764
0 1 1766
0 1 1767
0 1 1768
0 1 1771
0 1 1772
0 1 1773
0 1 1774
0 1 1777
0 1 1778
0 1 1781
0 1 1783
0 1 1785
0 1 1786
0 1 1787
0 1 1788
0 1 1789
0 1 1792
0 1 1793
0 1 1795
0 1 1796
0 1 1797
0 1 1799
0 1 1801
0 1 1802
0 1 1805
0 1 1806
0 1 1807
0 1 1809
0 1 1812
0 1 1816
0 1 1817
0 1 1818
0 1 1821
0 1 1822
0 1 1823
0 1 1825
0 1 1827
0 1 1829
0 1 1830
0 1 1831
0 1 1833
0 1 1834
0 1 1836
0 1 1837
0 1 1839
0 1 1841
0 1 1843
0 1 1844
0 1 1845
0 1 1846
0 1 1847
0 1 1849
0 1 1851
0 1 1852
0 1 1853
0 1 1854
0 1 1855
0 1 1856
0 1 1857
0 1 1861
0 1 1864
0 1 1865
0 1 1866
0 1 1867
0 1 1869
0 1 1870
0 1 1871
0 1 1872
0 1 1874
0 1 1875
0 1 1877
0 1 1879
0 1 1880
0 1 1881
0 1 1883
0 1 1885
0 1 1886
0 1 1887
0 1 1888
0 1 1889
0 1 1890
0 1 1891
0 1 1892
0 1 1894
0 1 1895
0 1 1896
0 1 1898
0 1 1899
0 1 1902
0 1 1903
0 1 1906
0 1 1908
0 1 1910
0 1 1911
0 1 1914
0 1 1915
0 1 1916
0 1 1917
0 1 1922
0 1 1924
0 1 1925
0 1 1926
0 1 1927
0 1 1929
0 1 1930
0 1 1932
0 1 1933
0 1 1934
0 1 1936
0 1 1937
0 1 1939
0 1 1942
0 1 1943
0 1 1944
0 1 1946
0 1 1950
0 1 1951
0 1 1953
0 1 1954
0 1 1956
0 1 1957
0 1 1960
0 1 1962
0 1 1963
0 1 1965
0 1 1966
0 1 1967
0 1 1968
0 1 1971
0 1 1973
0 1 1974
0 1 1976
0 1 1977
0 1 1979
0 1 1980
0 1 1981
0 1 1985
0 1 1991
0 1 1994
0 1 1995
0 1 1996
0 1 1997
0 1 2000
0 1 2002
0 1 2005
0 1 2006
0 1 2008
0 1 2009
0 1 2010
0 1 2012
0 1 2013
0 1 2014
0 1 2015
0 1 2017
0 1 2020
0 1 2021
0 1 2024
0 1 2025
0 1 2029
0 1 2031
0 1 2032
0 1 2033
0 1 2034
0 1 2036
0 1 2037
0 1 2039
0 1 2041
0 1 2043
0 1 2045
0 1 2047
0 1 2049
0 1 2050
0 1 2052
0 1 2053
0 1 2054
0 1 2058
0 1 2059
0 1 2063
0 1 2065
0 1 2068
0 1 2070
0 1 2072
0 1 2074
0 1 2075
0 1 2076
0 1 2078
0 1 2079
0 1 2084
0 1 2090
0 1 2091
0 1 2094
0 1 2095
0 1 2096
0 1 2097
0 1 2102
0 1 2104
0 1 2105
0 1 2106
0 1 2108
0 1 2109
0 1 2111
0 1 2113
0 1 2115
0 1 2118
0 1 2120
0 1 2121
0 1 2123
0 1 2125
0 1 2126
0 1 2129
0 1 2131
0 1 2134
0 1 2135
0 1 2136
0 1 2137
0 1 2138
0 1 2139
0 1 2142
0 1 2144
0 1 2146
0 1 2148
0 1 2149
0 1 2152
0 1 2153
0 1 2158
0 1 2159
0 1 2160
0 1 2161
0 1 2162
0 1 2164
0 1 2165
0 1 2166
0 1 2169
0 1 2171
0 1 2173
0 1 2174
0 1 2175
0 1 2177
0 1 2179
0 1 2182
0 1 2183
0 1 2185
0 1 2187
0 1 2188
0 1 2189
0 1 2191
0 1 2192
0 1 2193
0 1 2195
0 1 2197
0 1 2199
0 1 2201
0 1 2202
0 1 2203
0 1 2205
0 1 2206
0 1 2207
0 1 2210
0 1 2211
0 1 2212
0 1 2213
0 1 2215
0 1 2217
0 1 2219
0 1 2220
0 1 2222
0 1 2223
0 1 2224
0 1 2228
0 1 2231
0 1 2232
0 1 2233
0 1 2234
0 1 2235
0 1 2236
0 1 2237
0 1 2238
0 1 2239
0 1 2240
0 1 2241
0 1 2243
0 1 2244
0 1 2245
0 1 2247
0 1 2248
0 1 2249
0 1 2250
0 1 2251
0 1 2252
0 1 2254
0 1 2256
0 1 2257
0 1 2258
0 1 2259
0 1 2260
0 1 2261
0 1 2266
0 1 2268
0 1 2269
0 1 2270
0 1 2276
0 1 2277
0 1 2278
0 1 2281
0 1 2282
0 1 2284
0 1 2287
0 1 2288
0 1 2289
0 1 2290
0 1 2293
0 1 2295
0 1 2296
0 1 2298
0 1 2299
0 1 2300
0 1 2304
0 1 2305
0 1 2306
0 1 2308
0 1 2309
0 1 2313
0 1 2314
0 1 2315
0 1 2316
0 1 2319
0 1 2320
0 1 2321
0 1 2322
0 1 2323
0 1 2324
0 1 2325
0 1 2327
0 1 2328
0 1 2330
0 1 2331
0 1 2334
0 1 2336
0 1 2337
0 1 2338
0 1 2339
0 1 2340
0 1 2342
0 1 2343
0 1 2344
0 1 2345
0 1 2346
0 1 2348
0 1 2349
0 1 2352
0 1 2353
0 1 2354
0 1 2355
0 1 2356
0 1 2363
0 1 2374
0 1 2375
0 1 2376
0 1 2377
0 1 2378
0 1 2380
0 1 2381
0 1 2382
0 1 2383
0 1 2384
0 1 2386
0 1 2388
0 1 2389
0 1 2390
0 1 2392
0 1 2393
0 1 2394
0 1 2396
0 1 2397
0 1 2398
0 1 2399
0 1 2400
0 1 2402
0 1 2403
0 1 2404
0 1 2405
0 1 2412
0 1 2413
0 1 2419
0 1 2420
0 1 2423
0 1 2424
0 1 2425
0 1 2426
0 1 2427
0 1 2428
0 1 2430
0 1 2432
0 1 2433
0 1 2434
0 1 2435
0 1 2436
0 1 2437
0 1 2439
0 1 2440
0 1 2441
0 1 2443
0 1 2445
0 1 2447
0 1 2448
0 1 2450
0 1 2451
0 1 2452
0 1 2453
0 1 2454
0 1 2456
0 1 2457
0 1 2458
0 1 2459
0 1 2461
0 1 2462
0 1 2463
0 1 2466
0 1 2467
0 1 2468
0 1 2469
0 1 2470
0 1 2472
0 1 2475
0 1 2476
0 1 2477
0 1 2479
0 1 2482
0 1 2483
0 1 2484
0 1 2485
0 1 2486
0 1 2488
0 1 2489
0 1 2490
0 1 2491
0 1 2492
0 1 2494
0 1 2495
0 1 2496
0 1 2499
0 1 2501
0 1 2502
0 1 2503
0 1 2504
0 1 2505
0 1 2508
0 1 2511
0 1 2512
0 1 2513
0 1 2514
0 1 2515
0 1 2518
0 1 2519
0 1 2520
0 1 2521
0 1 2523
0 1 2524
0 1 2525
0 1 2526
0 1 2527
0 1 2528
0 1 2531
0 1 2532
0 1 2533
0 1 2534
0 1 2535
0 1 2536
0 1 2537
0 1 2538
0 1 2540
0 1 2541
0 1 2546
0 1 2547
0 1 2549
0 1 2550
0 1 2554
0 1 2557
0 1 2559
0 1 2564
0 1 2565
0 1 2567
0 1 2568
0 1 2571
0 1 2572
0 1 2573
0 1 2574
0 1 2576
0 1 2577
0 1 2579
0 1 2580
0 1 2582
0 1 2584
0 1 2585
0 1 2587
0 1 2590
0 1 2591
0 1 2592
0 1 2594
0 1 2596
0 1 2597
0 1 2598
0 1 2603
0 1 2604
0 1 2605
0 1 2606
0 1 2609
0 1 2610
0 1 2611
0 1 2614
0 1 2615
0 1 2618
0 1 2619
0 1 2621
0 1 2622
0 1 2623
0 1 2625
0 1 2626
0 1 2628
0 1 2629
0 1 2630
0 1 2631
0 1 2633
0 1 2634
0 1 2638
0 1 2640
0 1 2641
0 1 2642
0 1 2643
0 1 2644
0 1 2646
0 1 2647
0 1 2648
0 1 2649
0 1 2650
0 1 2651
0 1 2652
0 1 2653
0 1 2655
0 1 2656
0 1 2657
0 1 2658
0 1 2659
0 1 2661
0 1 2662
0 1 2663
0 1 2664
0 1 2665
0 1 2666
0 1 2668
0 1 2669
0 1 2670
0 1 2672
0 1 2673
0 1 2674
0 1 2675
0 1 2678
0 1 2679
0 1 2681
0 1 2682
0 1 2684
0 1 2686
0 1 2687
0 1 2688
0 1 2689
0 1 2690
0 1 2691
0 1 2692
0 1 2695
0 1 2701
0 1 2702
0 1 2703
0 1 2704
0 1 2706
0 1 2707
0 1 2709
0 1 2710
0 1 2712
0 1 2713
0 1 2717
0 1 2719
0 1 2721
0 1 2722
0 1 2723
0 1 2724
0 1 2726
0 1 2728
0 1 2730
0 1 2732
0 1 2737
0 1 2738
0 1 2740
0 1 2741
0 1 2742
0 1 2743
0 1 2745
0 1 2746
0 1 2747
0 1 2752
0 1 2753
0 1 2754
0 1 2755
0 1 2756
0 1 2758
0 1 2761
0 1 2763
0 1 2765
0 1 2766
0 1 2769
0 1 2773
0 1 2778
0 1 2779
0 1 2782
0 1 2783
0 1 2785
0 1 2788
0 1 2789
0 1 2790
0 1 2791
0 1 2795
0 1 2796
0 1 2797
0 1 2798
0 1 2801
0 1 2802
0 1 2805
0 1 2807
0 1 2808
0 1 2809
0 1 2811
0 1 2812
0 1 2814
0 1 2815
0 1 2816
0 1 2817
0 1 2818
0 1 2819
0 1 2821
0 1 2822
0 1 2826
0 1 2830
0 1 2831
0 1 2833
0 1 2835
0 1 2837
0 1 2838
0 1 2839
0 1 2841
0 1 2843
0 1 2845
0 1 2848
0 1 2849
0 1 2851
0 1 2852
0 1 2854
0 1 2857
0 1 2858
0 1 2861
0 1 2863
0 1 2864
0 1 2866
0 1 2867
0 1 2868
0 1 2869
0 1 2871
0 1 2872
0 1 2874
0 1 2880
0 1 2883
0 1 2885
0 1 2886
0 1 2887
0 1 2888
0 1 2891
0 1 2892
0 1 2893
0 1 2895
0 1 2896
0 1 2899
0 1 2900
0 1 2901
0 1 2904
0 1 2907
0 1 2908
0 1 2909
0 1 2910
0 1 2912
0 1 2915
0 1 2916
0 1 2917
0 1 2918
0 1 2919
0 1 2921
0 1 2922
0 1 2923
0 1 2924
0 1 2925
0 1 2926
0 1 2928
0 1 2933
0 1 2935
0 1 2936
0 1 2938
0 1 2941
0 1 2942
0 1 2943
0 1 2950
0 1 2951
0 1 2954
0 1 2955
0 1 2958
0 1 2960
0 1 2961
0 1 2962
0 1 2963
0 1 2964
0 1 2965
0 1 2966
0 1 2967
0 1 2970
0 1 2971
0 1 2972
0 1 2973
0 1 2974
0 1 2975
0 1 2980
0 1 2983
0 1 2985
0 1 2987
0 1 2988
0 1 2993
0 1 2994
0 1 2998
0 1 2999
0 1 3000
0 1 3001
0 1 3003
0 1 3005
0 1 3006
0 1 3008
0 1 3009
0 1 3010
0 1 3012
0 1 3014
0 1 3016
0 1 3017
0 1 3020
0 1 3022
0 1 3023
0 1 3024
0 1 3026
0 1 3027
0 1 3032
0 1 3035
0 1 3036
0 1 3037
0 1 3038
0 1 3039
0 1 3040
0 1 3042
0 1 3043
0 1 3044
0 1 3045
0 1 3046
0 1 3047
0 1 3049
0 1 3050
0 1 3053
0 1 3056
0 1 3057
0 1 3058
0 1 3059
0 1 3060
0 1 3061
0 1 3065
0 1 3066
0 1 3068
0 1 3069
0 1 3070
0 1 3072
0 1 3074
0 1 3075
0 1 3076
0 1 3078
0 1 3079
0 1 3084
0 1 3087
0 1 3088
0 1 3089
0 1 3090
0 1 3091
0 1 3093
0 1 3094
0 1 3095
0 1 3097
0 1 3099
0 1 3100
0 1 3102
0 1 3103
0 1 3104
0 1 3105
0 1 3106
0 1 3107
0 1 3108
0 1 3109
0 1 3110
0 1 3115
0 1 3116
0 1 3117
0 1 3119
0 1 3122
0 1 3123
0 1 3124
0 1 3125
0 1 3127
0 1 3128
0 1 3129
0 1 3130
0 1 3132
0 1 3133
0 1 3134
0 1 3135
0 1 3136
0 1 3137
0 1 3140
0 1 3142
0 1 3143
0 1 3146
0 1 3149
0 1 3151
0 1 3152
0 1 3153
0 1 3154
0 1 3155
0 1 3161
0 1 3164
0 1 3165
0 1 3166
0 1 3167
0 1 3168
0 1 3169
0 1 3171
0 1 3172
0 1 3178
0 1 3179
0 1 3180
0 1 3181
0 1 3182
0 1 3183
0 1 3184
0 1 3185
0 1 3187
0 1 3188
0 1 3189
0 1 3191
0 1 3195
0 1 3197
0 1 3199
0 1 3203
0 1 3207
0 1 3208
0 1 3209
0 1 3210
0 1 3211
0 1 3212
0 1 3215
0 1 3216
0 1 3217
0 1 3218
0 1 3224
0 1 3225
0 1 3226
0 1 3227
0 1 3229
0 1 3230
0 1 3231
0 1 3232
0 1 3234
0 1 3236
0 1 3238
0 1 3239
0 1 3240
0 1 3241
0 1 3242
0 1 3243
0 1 3244
0 1 3245
0 1 3246
0 1 3247
0 1 3248
0 1 3249
0 1 3250
0 1 3256
0 1 3257
0 1 3258
0 1 3259
0 1 3260
0 1 3261
0 1 3262
0 1 3263
0 1 3264
0 1 3265
0 1 3267
0 1 3268
0 1 3270
0 1 3273
0 1 3280
0 1 3281
0 1 3283
0 1 3286
0 1 3290
0 1 3292
0 1 3294
0 1 3295
0 1 3296
0 1 3298
0 1 3300
0 1 3301
0 1 3303
0 1 3304
0 1 3306
0 1 3308
0 1 3310
0 1 3312
0 1 3315
0 1 3316
0 1 3317
0 1 3318
0 1 3321
0 1 3323
0 1 3324
0 1 3327
0 1 3329
0 1 3331
0 1 3332
0 1 3333
0 1 3334
0 1 3335
0 1 3337
0 1 3338
0 1 3339
0 1 3343
0 1 3345
0 1 3347
0 1 3350
0 1 3351
0 1 3352
0 1 3353
0 1 3354
0 1 3356
0 1 3359
0 1 3362
0 1 3365
0 1 3366
0 1 3367
0 1 3368
0 1 3372
0 1 3373
0 1 3374
0 1 3376
0 1 3377
0 1 3378
0 1 3380
0 1 3381
0 1 3382
0 1 3383
0 1 3386
0 1 3387
0 1 3389
0 1 3390
0 1 3393
0 1 3395
0 1 3396
0 1 3397
0 1 3399
0 1 3401
0 1 3402
0 1 3403
0 1 3404
0 1 3405
0 1 3406
0 1 3409
0 1 3411
0 1 3413
0 1 3415
0 1 3419
0 1 3421
0 1 3422
0 1 3423
0 1 3424
0 1 3425
0 1 3426
0 1 3427
0 1 3428
0 1 3430
0 1 3431
0 1 3432
0 1 3433
0 1 3435
0 1 3438
0 1 3439
0 1 3441
0 1 3443
0 1 3445
0 1 3446
0 1 3450
0 1 3451
0 1 3455
0 1 3457
0 1 3460
0 1 3461
0 1 3462
0 1 3463
0 1 3465
0 1 3466
0 1 3467
0 1 3470
0 1 3471
0 1 3473
0 1 3474
0 1 3475
0 1 3476
0 1 3477
0 1 3479
0 1 3481
0 1 3483
0 1 3486
0 1 3487
0 1 3489
0 1 3494
0 1 3496
0 1 3497
0 1 3498
0 1 3499
0 1 3500
0 1 3504
0 1 3509
0 1 3510
0 1 3511
0 1 3512
0 1 3514
0 1 3516
0 1 3519
0 1 3520
0 1 3521
0 1 3522
0 1 3524
0 1 3525
0 1 3526
0 1 3527
0 1 3528
0 1 3531
0 1 3532
0 1 3535
0 1 3536
0 1 3537
0 1 3540
0 1 3541
0 1 3543
0 1 3544
0 1 3545
0 1 3549
0 1 3550
0 1 3554
0 1 3555
0 1 3557
0 1 3558
0 1 3559
0 1 3562
0 1 3563
0 1 3564
0 1 3569
0 1 3573
0 1 3574
0 1 3575
0 1 3577
0 1 3578
0 1 3579
0 1 3580
0 1 3581
0 1 3582
0 1 3588
0 1 3589
0 1 3592
0 1 3593
0 1 3594
0 1 3595
0 1 3597
0 1 3598
0 1 3600
0 1 3601
0 1 3604
0 1 3605
0 1 3606
0 1 3607
0 1 3608
0 1 3609
0 1 3610
0 1 3612
0 1 3613
0 1 3614
0 1 3616
0 1 3617
0 1 3618
0 1 3619
0 1 3621
0 1 3622
0 1 3623
0 1 3624
0 1 3627
0 1 3629
0 1 3631
0 1 3632
0 1 3633
0 1 3634
0 1 3637
0 1 3638
0 1 3639
0 1 3640
0 1 3641
0 1 3642
0 1 3643
0 1 3645
0 1 3646
0 1 3647
0 1 3648
0 1 3649
0 1 3650
0 1 3651
0 1 3652
0 1 3653
0 1 3655
0 1 3657
0 1 3659
0 1 3660
0 1 3666
0 1 3670
0 1 3671
0 1 3672
0 1 3673
0 1 3674
0 1 3675
0 1 3677
0 1 3678
0 1 3679
0 1 3680
0 1 3682
0 1 3684
0 1 3685
0 1 3689
0 1 3690
0 1 3691
0 1 3693
0 1 3694
0 1 3697
0 1 3699
0 1 3700
0 1 3704
0 1 3705
0 1 3706
0 1 3707
0 1 3708
0 1 3711
0 1 3712
0 1 3717
0 1 3719
0 1 3721
0 1 3722
0 1 3725
0 1 3727
0 1 3728
0 1 3731
0 1 3733
0 1 3734
0 1 3735
0 1 3736
0 1 3738
0 1 3739
0 1 3741
0 1 3742
0 1 3745
0 1 3746
0 1 3748
0 1 3750
0 1 3752
0 1 3754
0 1 3755
0 1 3756
0 1 3757
0 1 3758
0 1 3759
0 1 3760
0 1 3762
0 1 3763
0 1 3764
0 1 3765
0 1 3766
0 1 3768
0 1 3769
0 1 3771
0 1 3772
0 1 3775
0 1 3778
0 1 3779
0 1 3780
0 1 3781
0 1 3783
0 1 3784
0 1 3785
0 1 3787
0 1 3788
0 1 3789
0 1 3790
0 1 3791
0 1 3796
0 1 3797
0 1 3798
0 1 3799
0 1 3800
0 1 3801
0 1 3802
0 1 3803
0 1 3805
0 1 3806
0 1 3807
0 1 3808
0 1 3809
0 1 3810
0 1 3811
0 1 3812
0 1 3815
0 1 3816
0 1 3819
0 1 3820
0 1 3821
0 1 3822
0 1 3824
0 1 3828
0 1 3829
0 1 3830
0 1 3832
0 1 3833
0 1 3838
0 1 3839
0 1 3840
0 1 3842
0 1 3843
0 1 3844
0 1 3847
0 1 3848
0 1 3851
0 1 3854
0 1 3856
0 1 3857
0 1 3859
0 1 3860
0 1 3862
0 1 3863
0 1 3864
0 1 3865
0 1 3866
0 1 3867
0 1 3868
0 1 3869
0 1 3870
0 1 3871
0 1 3873
0 1 3875
0 1 3876
0 1 3879
0 1 3880
0 1 3882
0 1 3883
0 1 3884
0 1 3887
0 1 3888
0 1 3889
0 1 3890
0 1 3892
0 1 3893
0 1 3895
0 1 3896
0 1 3897
0 1 3898
0 1 3901
0 1 3903
0 1 3904
0 1 3907
0 1 3908
0 1 3909
0 1 3913
0 1 3914
0 1 3916
0 1 3919
0 1 3921
0 1 3922
0 1 3923
0 1 3927
0 1 3929
0 1 3931
0 1 3932
0 1 3933
0 1 3934
0 1 3936
0 1 3938
0 1 3939
0 1 3941
0 1 3945
0 1 3946
0 1 3948
0 1 3950
0 1 3951
0 1 3952
0 1 3953
0 1 3954
0 1 3955
0 1 3957
0 1 3959
0 1 3960
0 1 3962
0 1 3964
0 1 3966
0 1 3967
0 1 3970
0 1 3972
0 1 3974
0 1 3976
0 1 3977
0 1 3979
0 1 3981
0 1 3982
0 1 3983
0 1 3985
0 1 3988
0 1 3989
0 1 3990
0 1 3991
0 1 3994
0 1 3995
0 1 3996
0 1 3998
0 1 4002
0 1 4003
0 1 4005
0 1 4006
0 1 4007
0 1 4008
0 1 4009
0 1 4011
0 1 4013
0 1 4014
0 1 4015
0 1 4016
0 1 4017
0 1 4018
0 1 4019
0 1 4020
0 1 4021
0 1 4022
0 1 4024
0 1 4025
0 1 4026
0 1 4028
0 1 4031
0 1 4035
0 1 4038
0 1 4039
0 1 4042
0 1 4047
0 1 4051
0 1 4052
0 1 4053
0 1 4055
0 1 4058
0 1 4060
0 1 4061
0 1 4062
0 1 4063
0 1 4065
0 1 4067
0 1 4068
0 1 4070
0 1 4072
0 1 4074
0 1 4075
0 1 4076
0 1 4077
0 1 4078
0 1 4079
0 1 4081
0 1 4085
0 1 4086
0 1 4088
0 1 4091
0 1 4092
0 1 4095
0 1 4097
0 1 4099
0 1 4102
0 1 4103
0 1 4104
0 1 4105
0 1 4107
0 1 4111
0 1 4112
0 1 4113
0 1 4117
0 1 4120
0 1 4122
0 1 4124
0 1 4126
0 1 4127
0 1 4128
0 1 4129
0 1 4130
0 1 4134
0 1 4135
0 1 4136
0 1 4138
0 1 4140
0 1 4141
0 1 4142
0 1 4143
0 1 4145
0 1 4146
0 1 4147
0 1 4148
0 1 4150
0 1 4152
0 1 4153
0 1 4154
0 1 4155
0 1 4157
0 1 4158
0 1 4162
0 1 4163
0 1 4164
0 1 4165
0 1 4167
0 1 4168
0 1 4170
0 1 4171
0 1 4173
0 1 4174
0 1 4176
0 1 4177
0 1 4178
0 1 4180
0 1 4181
0 1 4182
0 1 4183
0 1 4184
0 1 4187
0 1 4188
0 1 4189
0 1 4190
0 1 4191
0 1 4192
0 1 4193
0 1 4194
0 1 4195
0 1 4196
0 1 4197
0 1 4198
0 1 4200
0 1 4202
0 1 4205
0 1 4206
0 1 4208
0 1 4209
0 1 4210
0 1 4211
0 1 4212
0 1 4213
0 1 4214
0 1 4219
0 1 4223
0 1 4227
0 1 4230
0 1 4231
0 1 4232
0 1 4234
0 1 4239
0 1 4240
0 1 4241
0 1 4242
0 1 4244
0 1 4245
0 1 4246
0 1 4247
0 1 4249
0 1 4255
0 1 4256
0 1 4257
0 1 4258
0 1 4259
0 1 4261
0 1 4263
0 1 4266
0 1 4268
0 1 4270
0 1 4271
0 1 4272
0 1 4273
0 1 4274
0 1 4275
0 1 4277
0 1 4278
0 1 4280
0 1 4281
0 1 4282
0 1 4284
0 1 4291
0 1 4294
0 1 4295
0 1 4296
0 1 4297
0 1 4298
0 1 4299
0 1 4301
0 1 4302
0 1 4305
0 1 4307
0 1 4309
0 1 4311
0 1 4312
0 1 4315
0 1 4316
0 1 4318
0 1 4320
0 1 4321
0 1 4323
0 1 4324
0 1 4325
0 1 4326
0 1 4327
0 1 4328
0 1 4329
0 1 4331
0 1 4332
0 1 4333
0 1 4336
0 1 4337
0 1 4339
0 1 4340
0 1 4341
0 1 4342
0 1 4344
0 1 4348
0 1 4349
0 1 4351
0 1 4353
0 1 4355
0 1 4360
0 1 4361
0 1 4362
0 1 4364
0 1 4366
0 1 4368
0 1 4370
0 1 4372
0 1 4373
0 1 4375
0 1 4376
0 1 4377
0 1 4379
0 1 4380
0 1 4381
0 1 4383
0 1 4384
0 1 4387
0 1 4389
0 1 4392
0 1 4393
0 1 4395
0 1 4397
0 1 4399
0 1 4400
0 1 4401
0 1 4403
0 1 4405
0 1 4407
0 1 4409
0 1 4412
0 1 4417
0 1 4418
0 1 4419
0 1 4420
0 1 4422
0 1 4424
0 1 4425
0 1 4426
0 1 4427
0 1 4430
0 1 4431
0 1 4433
0 1 4435
0 1 4436
0 1 4439
0 1 4440
0 1 4441
0 1 4443
0 1 4445
0 1 4446
0 1 4447
0 1 4448
0 1 4450
0 1 4451
0 1 4452
0 1 4453
0 1 4454
0 1 4455
0 1 4456
0 1 4457
0 1 4458
0 1 4460
0 1 4461
0 1 4462
0 1 4464
0 1 4465
0 1 4466
0 1 4470
0 1 4471
0 1 4474
0 1 4476
0 1 4479
0 1 4480
0 1 4481
0 1 4482
0 1 4485
0 1 4486
0 1 4488
0 1 4489
0 1 4493
0 1 4494
0 1 4496
0 1 4498
0 1 4499
0 1 4500
0 1 4501
0 1 4502
0 1 4504
0 1 4505
0 1 4509
0 1 4512
0 1 4513
0 1 4514
0 1 4517
0 1 4519
0 1 4522
0 1 4523
0 1 4524
0 1 4526
0 1 4527
0 1 4528
0 1 4530
0 1 4531
0 1 4532
0 1 4534
0 1 4535
0 1 4536
0 1 4537
0 1 4538
0 1 4539
0 1 4543
0 1 4544
0 1 4545
0 1 4546
0 1 4547
0 1 4548
0 1 4549
0 1 4550
0 1 4551
0 1 4552
0 1 4555
0 1 4557
0 1 4558
0 1 4559
0 1 4568
0 1 4570
0 1 4572
0 1 4574
0 1 4577
0 1 4579
0 1 4580
0 1 4581
0 1 4582
0 1 4583
0 1 4584
0 1 4586
0 1 4588
0 1 4590
0 1 4592
0 1 4593
0 1 4594
0 1 4596
0 1 4598
0 1 4599
0 1 4601
0 1 4602
0 1 4603
0 1 4605
0 1 4606
0 1 4608
0 1 4609
0 1 4610
0 1 4612
0 1 4613
0 1 4614
0 1 4618
0 1 4619
0 1 4620
0 1 4621
0 1 4622
0 1 4623
0 1 4625
0 1 4627
0 1 4628
0 1 4629
0 1 4632
0 1 4638
0 1 4640
0 1 4643
0 1 4644
0 1 4646
0 1 4647
0 1 4649
0 1 4650
0 1 4652
0 1 4654
0 1 4656
0 1 4658
0 1 4659
0 1 4660
0 1 4664
0 1 4666
0 1 4669
0 1 4675
0 1 4677
0 1 4678
0 1 4679
0 1 4680
0 1 4681
0 1 4682
0 1 4684
0 1 4685
0 1 4688
0 1 4690
0 1 4692
0 1 4694
0 1 4695
0 1 4696
0 1 4697
0 1 4698
0 1 4699
0 1 4700
0 1 4702
0 1 4703
0 1 4704
0 1 4706
0 1 4709
0 1 4711
0 1 4713
0 1 4715
0 1 4716
0 1 4717
0 1 4718
0 1 4719
0 1 4721
0 1 4722
0 1 4725
0 1 4729
0 1 4730
0 1 4731
0 1 4732
0 1 4734
0 1 4736
0 1 4740
0 1 4741
0 1 4742
0 1 4743
0 1 4744
0 1 4745
0 1 4746
0 1 4747
0 1 4751
0 1 4752
0 1 4753
0 1 4754
0 1 4755
0 1 4756
0 1 4759
0 1 4761
0 1 4763
0 1 4764
0 1 4765
0 1 4766
0 1 4767
0 1 4768
0 1 4774
0 1 4775
0 1 4778
0 1 4781
0 1 4782
0 1 4783
0 1 4784
0 1 4785
0 1 4786
0 1 4788
0 1 4789
0 1 4790
0 1 4791
0 1 4793
0 1 4794
0 1 4796
0 1 4797
0 1 4800
0 1 4804
0 1 4805
0 1 4806
0 1 4807
0 1 4808
0 1 4810
0 1 4811
0 1 4813
0 1 4814
0 1 4815
0 1 4816
0 1 4817
0 1 4821
0 1 4823
0 1 4824
0 1 4825
0 1 4827
0 1 4828
0 1 4829
0 1 4830
0 1 4831
0 1 4832
0 1 4833
0 1 4834
0 1 4835
0 1 4837
0 1 4838
0 1 4840
0 1 4842
0 1 4843
0 1 4845
0 1 4848
0 1 4850
0 1 4851
0 1 4853
0 1 4854
0 1 4859
0 1 4861
0 1 4863
0 1 4864
0 1 4868
0 1 4869
0 1 4871
0 1 4872
0 1 4874
0 1 4875
0 1 4877
0 1 4878
0 1 4881
0 1 4882
0 1 4883
0 1 4886
0 1 4887
0 1 4890
0 1 4891
0 1 4892
0 1 4895
0 1 4896
0 1 4897
0 1 4898
0 1 4900
0 1 4901
0 1 4902
0 1 4903
0 1 4909
0 1 4911
0 1 4913
0 1 4915
0 1 4916
0 1 4917
0 1 4918
0 1 4919
0 1 4921
0 1 4922
0 1 4924
0 1 4925
0 1 4926
0 1 4929
0 1 4930
0 1 4931
0 1 4932
0 1 4934
0 1 4936
0 1 4938
0 1 4941
0 1 4942
0 1 4943
0 1 4944
0 1 4946
0 1 4947
0 1 4948
0 1 4951
0 1 4952
0 1 4953
0 1 4956
0 1 4961
0 1 4963
0 1 4966
0 1 4967
0 1 4968
0 1 4969
0 1 4970
0 1 4971
0 1 4972
0 1 4973
0 1 4976
0 1 4977
0 1 4982
0 1 4983
0 1 4984
0 1 4988
0 1 4989
0 1 4995
0 1 4996
0 1 4997
0 1 4999
0 1 5000
0 1 5001
0 1 5002
0 1 5003
0 1 5004
0 1 5005
0 1 5006
0 1 5007
0 1 5008
0 1 5009
0 1 5012
0 1 5016
0 1 5017
0 1 5019
0 1 5020
0 1 5021
0 1 5024
0 1 5025
0 1 5026
0 1 5027
0 1 5030
0 1 5031
0 1 5032
0 1 5034
0 1 5038
0 1 5039
0 1 5040
0 1 5041
0 1 5044
0 1 5045
0 1 5046
0 1 5048
0 1 5049
0 1 5051
0 1 5052
0 1 5054
0 1 5055
0 1 5058
0 1 5062
0 1 5064
0 1 5065
0 1 5066
0 1 5070
0 1 5072
0 1 5075
0 1 5076
0 1 5077
0 1 5078
0 1 5080
0 1 5081
0 1 5083
0 1 5084
0 1 5088
0 1 5089
0 1 5090
0 1 5093
0 1 5094
0 1 5096
0 1 5097
0 1 5099
0 1 5102
0 1 5104
0 1 5105
0 1 5106
0 1 5107
0 1 5108
0 1 5111
0 1 5112
0 1 5113
0 1 5114
0 1 5115
0 1 5118
0 1 5120
0 1 5121
0 1 5123
0 1 5128
0 1 5129
0 1 5130
0 1 5132
0 1 5133
0 1 5134
0 1 5136
0 1 5138
0 1 5140
0 1 5142
0 1 5145
0 1 5146
0 1 5148
0 1 5149
0 1 5150
0 1 5154
0 1 5156
0 1 5160
0 1 5162
0 1 5165
0 1 5166
0 1 5169
0 1 5170
0 1 5171
0 1 5173
0 1 5174
0 1 5175
0 1 5178
0 1 5182
0 1 5183
0 1 5184
0 1 5185
0 1 5186
0 1 5187
0 1 5188
0 1 5189
0 1 5190
0 1 5193
0 1 5194
0 1 5197
0 1 5198
0 1 5201
0 1 5202
0 1 5205
0 1 5206
0 1 5207
0 1 5208
0 1 5209
0 1 5211
0 1 5212
0 1 5213
0 1 5214
0 1 5215
0 1 5217
0 1 5218
0 1 5219
0 1 5220
0 1 5223
0 1 5224
0 1 5225
0 1 5226
0 1 5227
0 1 5228
0 1 5230
0 1 5231
0 1 5232
0 1 5233
0 1 5234
0 1 5235
0 1 5236
0 1 5239
0 1 5241
0 1 5242
0 1 5243
0 1 5245
0 1 5248
0 1 5249
0 1 5251
0 1 5252
0 1 5254
0 1 5255
0 1 5256
0 1 5259
0 1 5262
0 1 5264
0 1 5265
0 1 5266
0 1 5267
0 1 5268
0 1 5272
0 1 5276
0 1 5277
0 1 5278
0 1 5279
0 1 5280
0 1 5283
0 1 5284
0 1 5285
0 1 5287
0 1 5289
0 1 5292
0 1 5294
0 1 5295
0 1 5296
0 1 5299
0 1 5304
0 1 5305
0 1 5306
0 1 5307
0 1 5311
0 1 5312
0 1 5313
0 1 5314
0 1 5316
0 1 5317
0 1 5318
0 1 5319
0 1 5320
0 1 5321
0 1 5323
0 1 5324
0 1 5325
0 1 5326
0 1 5327
0 1 5328
0 1 5329
0 1 5331
0 1 5334
0 1 5337
0 1 5340
0 1 5341
0 1 5345
0 1 5346
0 1 5347
0 1 5348
0 1 5351
0 1 5352
0 1 5353
0 1 5354
0 1 5355
0 1 5357
0 1 5358
0 1 5359
0 1 5360
0 1 5363
0 1 5364
0 1 5365
0 1 5366
0 1 5367
0 1 5368
0 1 5370
0 1 5371
0 1 5373
0 1 5374
0 1 5375
0 1 5376
0 1 5381
0 1 5382
0 1 5384
0 1 5386
0 1 5387
0 1 5388
0 1 5389
0 1 5391
0 1 5392
0 1 5395
0 1 5396
0 1 5397
0 1 5398
0 1 5401
0 1 5404
0 1 5408
0 1 5409
0 1 5410
0 1 5411
0 1 5413
0 1 5415
0 1 5416
0 1 5420
0 1 5422
0 1 5423
0 1 5425
0 1 5426
0 1 5428
0 1 5430
0 1 5431
0 1 5435
0 1 5436
0 1 5437
0 1 5438
0 1 5440
0 1 5442
0 1 5444
0 1 5445
0 1 5446
0 1 5449
0 1 5450
0 1 5451
0 1 5453
0 1 5454
0 1 5455
0 1 5456
0 1 5459
0 1 5460
0 1 5461
0 1 5464
0 1 5467
0 1 5468
0 1 5469
0 1 5470
0 1 5471
0 1 5473
0 1 5474
0 1 5475
0 1 5476
0 1 5480
0 1 5481
0 1 5483
0 1 5484
0 1 5485
0 1 5486
0 1 5488
0 1 5489
0 1 5490
0 1 5491
0 1 5492
0 1 5493
0 1 5495
0 1 5496
0 1 5497
0 1 5498
0 1 5502
0 1 5503
0 1 5504
0 1 5506
0 1 5507
0 1 5508
0 1 5509
0 1 5510
0 1 5511
0 1 5512
0 1 5513
0 1 5514
0 1 5516
0 1 5517
0 1 5520
0 1 5521
0 1 5523
0 1 5525
0 1 5527
0 1 5528
0 1 5530
0 1 5531
0 1 5533
0 1 5534
0 1 5536
0 1 5537
0 1 5542
0 1 5544
0 1 5545
0 1 5546
0 1 5548
0 1 5552
0 1 5553
0 1 5555
0 1 5556
0 1 5557
0 1 5558
0 1 5559
0 1 5560
0 1 5561
0 1 5562
0 1 5563
0 1 5564
0 1 5565
0 1 5566
0 1 5567
0 1 5569
0 1 5570
0 1 5571
0 1 5573
0 1 5574
0 1 5578
0 1 5579
0 1 5582
0 1 5583
0 1 5585
0 1 5592
0 1 5593
0 1 5597
0 1 5598
0 1 5600
0 1 5602
0 1 5605
0 1 5606
0 1 5608
0 1 5609
0 1 5612
0 1 5613
0 1 5614
0 1 5615
0 1 5617
0 1 5618
0 1 5619
0 1 5620
0 1 5621
0 1 5622
0 1 5624
0 1 5626
0 1 5627
0 1 5629
0 1 5631
0 1 5634
0 1 5635
0 1 5639
0 1 5641
0 1 5645
0 1 5646
0 1 5649
0 1 5650
0 1 5653
0 1 5655
0 1 5658
0 1 5661
0 1 5662
0 1 5667
0 1 5668
0 1 5669
0 1 5671
0 1 5672
0 1 5674
0 1 5675
0 1 5676
0 1 5677
0 1 5678
0 1 5679
0 1 5680
0 1 5681
0 1 5682
0 1 5683
0 1 5684
0 1 5685
0 1 5686
0 1 5687
0 1 5688
0 1 5691
0 1 5692
0 1 5693
0 1 5694
0 1 5695
0 1 5696
0 1 5699
0 1 5700
0 1 5701
0 1 5702
0 1 5703
0 1 5704
0 1 5707
0 1 5708
0 1 5709
0 1 5710
0 1 5711
0 1 5712
0 1 5713
0 1 5714
0 1 5715
0 1 5717
0 1 5719
0 1 5720
0 1 5722
0 1 5723
0 1 5726
0 1 5730
0 1 5731
0 1 5732
0 1 5733
0 1 5736
0 1 5738
0 1 5739
0 1 5740
0 1 5742
0 1 5743
0 1 5745
0 1 5748
0 1 5752
0 1 5756
0 1 5757
0 1 5758
0 1 5760
0 1 5761
0 1 5763
0 1 5764
0 1 5766
0 1 5767
0 1 5768
0 1 5769
0 1 5770
0 1 5771
0 1 5772
0 1 5773
0 1 5775
0 1 5776
0 1 5778
0 1 5779
0 1 5780
0 1 5782
0 1 5783
0 1 5784
0 1 5785
0 1 5787
0 1 5788
0 1 5789
0 1 5791
0 1 5792
0 1 5793
0 1 5794
0 1 5795
0 1 5796
0 1 5797
0 1 5798
0 1 5802
0 1 5803
0 1 5805
0 1 5806
0 1 5809
0 1 5810
0 1 5811
0 1 5813
0 1 5814
0 1 5815
0 1 5816
0 1 5817
0 1 5818
0 1 5820
0 1 5821
0 1 5826
0 1 5827
0 1 5828
0 1 5829
0 1 5831
0 1 5832
0 1 5833
0 1 5834
0 1 5835
0 1 5836
0 1 5840
0 1 5841
0 1 5842
0 1 5843
0 1 5844
0 1 5845
0 1 5846
0 1 5847
0 1 5848
0 1 5849
0 1 5850
0 1 5851
0 1 5854
0 1 5856
0 1 5857
0 1 5859
0 1 5860
0 1 5861
0 1 5862
0 1 5864
0 1 5866
0 1 5868
0 1 5873
0 1 5874
0 1 5875
0 1 5876
0 1 5878
0 1 5879
0 1 5881
0 1 5882
0 1 5883
0 1 5888
0 1 5889
0 1 5891
0 1 5892
0 1 5893
0 1 5895
0 1 5897
0 1 5899
0 1 5902
0 1 5903
0 1 5904
0 1 5905
0 1 5906
0 1 5907
0 1 5908
0 1 5909
0 1 5910
0 1 5912
0 1 5915
0 1 5916
0 1 5917
0 1 5920
0 1 5922
0 1 5925
0 1 5926
0 1 5927
0 1 5930
0 1 5931
0 1 5933
0 1 5934
0 1 5936
0 1 5938
0 1 5939
0 1 5940
0 1 5941
0 1 5943
0 1 5944
0 1 5947
0 1 5948
0 1 5950
0 1 5951
0 1 5955
0 1 5956
0 1 5958
0 1 5962
0 1 5963
0 1 5966
0 1 5967
0 1 5968
0 1 5969
0 1 5971
0 1 5972
0 1 5973
0 1 5974
0 1 5977
0 1 5980
0 1 5982
0 1 5983
0 1 5985
0 1 5987
0 1 5988
0 1 5989
0 1 5992
0 1 5993
0 1 5994
0 1 5996
0 1 5997
0 1 5999
0 1 6001
0 1 6002
0 1 6003
0 1 6004
0 1 6006
0 1 6007
0 1 6010
0 1 6013
0 1 6014
0 1 6016
0 1 6017
0 1 6019
0 1 6021
0 1 6022
0 1 6024
0 1 6025
0 1 6027
0 1 6028
0 1 6029
0 1 6031
0 1 6033
0 1 6035
0 1 6036
0 1 6037
0 1 6040
0 1 6041
0 1 6043
0 1 6044
0 1 6047
0 1 6050
0 1 6051
0 1 6052
0 1 6053
0 1 6055
0 1 6056
0 1 6058
0 1 6059
0 1 6064
0 1 6067
0 1 6072
0 1 6073
0 1 6074
0 1 6079
0 1 6083
0 1 6085
0 1 6086
0 1 6087
0 1 6088
0 1 6091
0 1 6093
0 1 6095
0 1 6098
0 1 6099
0 1 6100
0 1 6102
0 1 6103
0 1 6104
0 1 6106
0 1 6107
0 1 6108
0 1 6109
0 1 6110
0 1 6111
0 1 6114
0 1 6116
0 1 6120
0 1 6122
0 1 6123
0 1 6125
0 1 6126
0 1 6128
0 1 6130
0 1 6131
0 1 6132
0 1 6133
0 1 6134
0 1 6136
0 1 6138
0 1 6139
0 1 6141
0 1 6143
0 1 6144
0 1 6145
0 1 6149
0 1 6151
0 1 6152
0 1 6153
0 1 6154
0 1 6155
0 1 6160
0 1 6161
0 1 6163
0 1 6165
0 1 6166
0 1 6169
0 1 6170
0 1 6171
0 1 6172
0 1 6174
0 1 6176
0 1 6177
0 1 6181
0 1 6184
0 1 6186
0 1 6190
0 1 6193
0 1 6195
0 1 6198
0 1 6200
0 1 6201
0 1 6202
0 1 6203
0 1 6204
0 1 6205
0 1 6206
0 1 6207
0 1 6208
0 1 6211
0 1 6212
0 1 6213
0 1 6215
0 1 6217
0 1 6221
0 1 6222
0 1 6224
0 1 6226
0 1 6227
0 1 6228
0 1 6231
0 1 6232
0 1 6234
0 1 6235
0 1 6238
0 1 6243
0 1 6244
0 1 6246
0 1 6247
0 1 6248
0 1 6250
0 1 6253
0 1 6256
0 1 6257
0 1 6258
0 1 6259
0 1 6260
0 1 6261
0 1 6262
0 1 6265
0 1 6268
0 1 6269
0 1 6271
0 1 6273
0 1 6274
0 1 6276
0 1 6277
0 1 6278
0 1 6279
0 1 6280
0 1 6282
0 1 6284
0 1 6285
0 1 6287
0 1 6288
0 1 6289
0 1 6290
0 1 6291
0 1 6292
0 1 6293
0 1 6294
0 1 6295
0 1 6296
0 1 6298
0 1 6299
0 1 6300
0 1 6301
0 1 6303
0 1 6304
0 1 6306
0 1 6312
0 1 6316
0 1 6317
0 1 6320
0 1 6321
0 1 6323
0 1 6325
0 1 6326
0 1 6328
0 1 6330
0 1 6331
0 1 6332
0 1 6334
0 1 6336
0 1 6338
0 1 6339
0 1 6340
0 1 6342
0 1 6343
0 1 6347
0 1 6350
0 1 6351
0 1 6352
0 1 6354
0 1 6355
0 1 6356
0 1 6357
0 1 6358
0 1 6360
0 1 6361
0 1 6362
0 1 6363
0 1 6364
0 1 6365
0 1 6366
0 1 6369
0 1 6373
0 1 6382
0 1 6385
0 1 6386
0 1 6387
0 1 6388
0 1 6389
0 1 6391
0 1 6393
0 1 6395
0 1 6396
0 1 6397
0 1 6398
0 1 6400
0 1 6402
0 1 6404
0 1 6406
0 1 6407
0 1 6408
0 1 6409
0 1 6410
0 1 6412
0 1 6414
0 1 6416
0 1 6418
0 1 6420
0 1 6421
0 1 6422
0 1 6423
0 1 6424
0 1 6425
0 1 6427
0 1 6431
0 1 6432
0 1 6438
0 1 6440
0 1 6441
0 1 6445
0 1 6446
0 1 6447
0 1 6448
0 1 6450
0 1 6451
0 1 6452
0 1 6453
0 1 6454
0 1 6459
0 1 6460
0 1 6461
0 1 6462
0 1 6463
0 1 6464
0 1 6466
0 1 6468
0 1 6469
0 1 6472
0 1 6473
0 1 6474
0 1 6476
0 1 6477
0 1 6478
0 1 6479
0 1 6487
0 1 6488
0 1 6489
0 1 6495
0 1 6496
0 1 6498
0 1 6499
0 1 6502
0 1 6505
0 1 6508
0 1 6509
0 1 6510
0 1 6511
0 1 6512
0 1 6513
0 1 6514
0 1 6518
0 1 6521
0 1 6522
0 1 6523
0 1 6525
0 1 6527
0 1 6531
0 1 6532
0 1 6533
0 1 6536
0 1 6537
0 1 6538
0 1 6541
0 1 6542
0 1 6543
0 1 6544
0 1 6545
0 1 6546
0 1 6549
0 1 6552
0 1 6554
0 1 6555
0 1 6557
0 1 6558
0 1 6560
0 1 6561
0 1 6562
0 1 6563
0 1 6566
0 1 6568
0 1 6570
0 1 6571
0 1 6572
0 1 6574
0 1 6575
0 1 6576
0 1 6577
0 1 6578
0 1 6579
0 1 6580
0 1 6581
0 1 6583
0 1 6584
0 1 6588
0 1 6589
0 1 6590
0 1 6591
0 1 6592
0 1 6593
0 1 6596
0 1 6597
0 1 6598
0 1 6600
0 1 6602
0 1 6603
0 1 6604
0 1 6605
0 1 6606
0 1 6607
0 1 6608
0 1 6609
0 1 6610
0 1 6611
0 1 6612
0 1 6613
0 1 6616
0 1 6619
0 1 6620
0 1 6623
0 1 6624
0 1 6625
0 1 6627
0 1 6628
0 1 6629
0 1 6630
0 1 6636
0 1 6637
0 1 6639
0 1 6642
0 1 6644
0 1 6646
0 1 6649
0 1 6650
0 1 6651
0 1 6655
0 1 6657
0 1 6659
0 1 6661
0 1 6662
0 1 6663
0 1 6664
0 1 6665
0 1 6668
0 1 6670
0 1 6673
0 1 6675
0 1 6676
0 1 6677
0 1 6678
0 1 6679
0 1 6684
0 1 6685
0 1 6686
0 1 6687
0 1 6690
0 1 6694
0 1 6698
0 1 6699
0 1 6700
0 1 6701
0 1 6705
0 1 6706
0 1 6707
0 1 6708
0 1 6712
0 1 6713
0 1 6714
0 1 6715
0 1 6718
0 1 6719
0 1 6720
0 1 6721
0 1 6722
0 1 6725
0 1 6728
0 1 6731
0 1 6733
0 1 6734
0 1 6736
0 1 6738
0 1 6739
0 1 6744
0 1 6746
0 1 6749
0 1 6750
0 1 6754
0 1 6756
0 1 6762
0 1 6763
0 1 6766
0 1 6767
0 1 6768
0 1 6770
0 1 6771
0 1 6773
0 1 6774
0 1 6776
0 1 6777
0 1 6778
0 1 6779
0 1 6781
0 1 6783
0 1 6784
0 1 6785
0 1 6790
0 1 6795
0 1 6797
0 1 6798
0 1 6800
0 1 6803
0 1 6804
0 1 6805
0 1 6807
0 1 6809
0 1 6811
0 1 6815
0 1 6816
0 1 6817
0 1 6818
0 1 6820
0 1 6821
0 1 6822
0 1 6824
0 1 6825
0 1 6826
0 1 6827
0 1 6832
0 1 6833
0 1 6834
0 1 6835
0 1 6836
0 1 6837
0 1 6838
0 1 6839
0 1 6841
0 1 6842
0 1 6843
0 1 6844
0 1 6846
0 1 6847
0 1 6848
0 1 6849
0 1 6851
0 1 6853
0 1 6855
0 1 6856
0 1 6857
0 1 6858
0 1 6860
0 1 6861
0 1 6862
0 1 6863
0 1 6864
0 1 6865
0 1 6866
0 1 6869
0 1 6871
0 1 6872
0 1 6873
0 1 6874
0 1 6875
0 1 6879
0 1 6886
0 1 6887
0 1 6890
0 1 6891
0 1 6894
0 1 6895
0 1 6896
0 1 6897
0 1 6901
0 1 6902
0 1 6904
0 1 6906
0 1 6908
0 1 6909
0 1 6910
0 1 6913
0 1 6914
0 1 6915
0 1 6916
0 1 6919
0 1 6921
0 1 6925
0 1 6927
0 1 6928
0 1 6929
0 1 6930
0 1 6933
0 1 6934
0 1 6935
0 1 6937
0 1 6940
0 1 6941
0 1 6942
0 1 6946
0 1 6949
0 1 6953
0 1 6955
0 1 6958
0 1 6964
0 1 6965
0 1 6968
0 1 6969
0 1 6970
0 1 6972
0 1 6973
0 1 6974
0 1 6975
0 1 6980
0 1 6982
0 1 6983
0 1 6984
0 1 6985
0 1 6986
0 1 6987
0 1 6988
0 1 6989
0 1 6990
0 1 6991
0 1 6993
0 1 6994
0 1 6995
0 1 6996
0 1 6997
0 1 6998
0 1 6999
0 1 7000
0 1 7001
0 1 7003
0 1 7005
0 1 7006
0 1 7008
0 1 7009
0 1 7010
0 1 7013
0 1 7015
0 1 7017
0 1 7019
0 1 7020
0 1 7021
0 1 7023
0 1 7026
0 1 7027
0 1 7028
0 1 7029
0 1 7030
0 1 7032
0 1 7033
0 1 7034
0 1 7039
0 1 7040
0 1 7041
0 1 7043
0 1 7045
0 1 7047
0 1 7048
0 1 7050
0 1 7051
0 1 7058
0 1 7059
0 1 7060
0 1 7061
0 1 7064
0 1 7066
0 1 7067
0 1 7071
0 1 7073
0 1 7074
0 1 7076
0 1 7077
0 1 7078
0 1 7079
0 1 7080
0 1 7082
0 1 7084
0 1 7085
0 1 7087
0 1 7088
0 1 7090
0 1 7091
0 1 7093
0 1 7094
0 1 7095
0 1 7096
0 1 7097
0 1 7099
0 1 7100
0 1 7103
0 1 7104
0 1 7107
0 1 7108
0 1 7114
0 1 7120
0 1 7121
0 1 7122
0 1 7123
0 1 7124
0 1 7125
0 1 7126
0 1 7127
0 1 7128
0 1 7129
0 1 7130
0 1 7132
0 1 7134
0 1 7135
0 1 7136
0 1 7137
0 1 7139
0 1 7140
0 1 7142
0 1 7143
0 1 7145
0 1 7147
0 1 7150
0 1 7153
0 1 7156
0 1 7158
0 1 7159
0 1 7161
0 1 7162
0 1 7164
0 1 7165
0 1 7167
0 1 7168
0 1 7169
0 1 7170
0 1 7171
0 1 7172
0 1 7173
0 1 7174
0 1 7175
0 1 7176
0 1 7177
0 1 7178
0 1 7180
0 1 7181
0 1 7182
0 1 7183
0 1 7184
0 1 7188
0 1 7190
0 1 7192
0 1 7194
0 1 7195
0 1 7197
0 1 7198
0 1 7199
0 1 7200
0 1 7201
0 1 7202
0 1 7204
0 1 7205
0 1 7207
0 1 7208
0 1 7209
0 1 7210
0 1 7212
0 1 7213
0 1 7215
0 1 7216
0 1 7217
0 1 7218
0 1 7221
0 1 7222
0 1 7223
0 1 7226
0 1 7227
0 1 7229
0 1 7231
0 1 7235
0 1 7236
0 1 7239
0 1 7241
0 1 7243
0 1 7244
0 1 7246
0 1 7247
0 1 7248
0 1 7249
0 1 7250
0 1 7251
0 1 7252
0 1 7253
0 1 7254
0 1 7255
0 1 7256
0 1 7258
0 1 7260
0 1 7261
0 1 7263
0 1 7265
0 1 7267
0 1 7270
0 1 7272
0 1 7274
0 1 7276
0 1 7277
0 1 7281
0 1 7282
0 1 7283
0 1 7284
0 1 7285
0 1 7286
0 1 7287
0 1 7291
0 1 7292
0 1 7293
0 1 7294
0 1 7295
0 1 7296
0 1 7297
0 1 7298
0 1 7300
0 1 7302
0 1 7303
0 1 7304
0 1 7308
0 1 7309
0 1 7310
0 1 7311
0 1 7312
0 1 7313
0 1 7314
0 1 7315
0 1 7318
0 1 7322
0 1 7323
0 1 7325
0 1 7326
0 1 7327
0 1 7328
0 1 7329
0 1 7330
0 1 7331
0 1 7333
0 1 7334
0 1 7335
0 1 7336
0 1 7337
0 1 7342
0 1 7344
0 1 7346
0 1 7349
0 1 7352
0 1 7355
0 1 7356
0 1 7359
0 1 7361
0 1 7362
0 1 7363
0 1 7365
0 1 7366
0 1 7368
0 1 7369
0 1 7371
0 1 7372
0 1 7375
0 1 7376
0 1 7382
0 1 7383
0 1 7384
0 1 7385
0 1 7386
0 1 7387
0 1 7389
0 1 7393
0 1 7395
0 1 7397
0 1 7399
0 1 7400
0 1 7401
0 1 7402
0 1 7403
0 1 7404
0 1 7406
0 1 7408
0 1 7409
0 1 7410
0 1 7414
0 1 7415
0 1 7417
0 1 7418
0 1 7423
0 1 7425
0 1 7426
0 1 7430
0 1 7431
0 1 7432
0 1 7433
0 1 7434
0 1 7438
0 1 7441
0 1 7442
0 1 7445
0 1 7446
0 1 7448
0 1 7449
0 1 7451
0 1 7452
0 1 7453
0 1 7454
0 1 7460
0 1 7462
0 1 7465
0 1 7468
0 1 7469
0 1 7470
0 1 7471
0 1 7472
0 1 7474
0 1 7475
0 1 7476
0 1 7480
0 1 7481
0 1 7484
0 1 7485
0 1 7486
0 1 7491
0 1 7492
0 1 7493
0 1 7495
0 1 7496
0 1 7497
0 1 7498
0 1 7499
0 1 7500
0 1 7501
0 1 7506
0 1 7507
0 1 7508
0 1 7509
0 1 7510
0 1 7511
0 1 7512
0 1 7513
0 1 7516
0 1 7518
0 1 7519
0 1 7521
0 1 7522
0 1 7523
0 1 7524
0 1 7525
0 1 7526
0 1 7528
0 1 7529
0 1 7530
0 1 7532
0 1 7534
0 1 7536
0 1 7538
0 1 7543
0 1 7544
0 1 7547
0 1 7549
0 1 7550
0 1 7551
0 1 7553
0 1 7554
0 1 7555
0 1 7557
0 1 7558
0 1 7559
0 1 7561
0 1 7562
0 1 7563
0 1 7564
0 1 7565
0 1 7566
0 1 7567
0 1 7570
0 1 7571
0 1 7572
0 1 7573
0 1 7574
0 1 7577
0 1 7579
0 1 7582
0 1 7584
0 1 7586
0 1 7589
0 1 7591
0 1 7592
0 1 7594
0 1 7596
0 1 7597
0 1 7598
0 1 7601
0 1 7602
0 1 7603
0 1 7606
0 1 7607
0 1 7608
0 1 7611
0 1 7613
0 1 7615
0 1 7616
0 1 7618
0 1 7619
0 1 7621
0 1 7622
0 1 7624
0 1 7625
0 1 7626
0 1 7627
0 1 7630
0 1 7631
0 1 7633
0 1 7636
0 1 7637
0 1 7638
0 1 7641
0 1 7642
0 1 7643
0 1 7644
0 1 7649
0 1 7650
0 1 7652
0 1 7653
0 1 7654
0 1 7657
0 1 7658
0 1 7659
0 1 7660
0 1 7663
0 1 7664
0 1 7665
0 1 7668
0 1 7669
0 1 7671
0 1 7672
0 1 7673
0 1 7675
0 1 7676
0 1 7679
0 1 7680
0 1 7681
0 1 7682
0 1 7683
0 1 7684
0 1 7688
0 1 7692
0 1 7694
0 1 7696
0 1 7698
0 1 7699
0 1 7701
0 1 7705
0 1 7707
0 1 7710
0 1 7711
0 1 7712
0 1 7713
0 1 7714
0 1 7716
0 1 7718
0 1 7721
0 1 7722
0 1 7723
0 1 7724
0 1 7726
0 1 7727
0 1 7728
0 1 7729
0 1 7732
0 1 7735
0 1 7737
0 1 7740
0 1 7742
0 1 7743
0 1 7744
0 1 7751
0 1 7753
0 1 7756
0 1 7757
0 1 7758
0 1 7759
0 1 7760
0 1 7761
0 1 7762
0 1 7763
0 1 7764
0 1 7765
0 1 7766
0 1 7768
0 1 7769
0 1 7770
0 1 7771
0 1 7772
0 1 7773
0 1 7774
0 1 7778
0 1 7779
0 1 7781
0 1 7783
0 1 7785
0 1 7786
0 1 7787
0 1 7791
0 1 7793
0 1 7794
0 1 7795
0 1 7796
0 1 7797
0 1 7799
0 1 7801
0 1 7803
0 1 7806
0 1 7808
0 1 7809
0 1 7811
0 1 7812
0 1 7814
0 1 7815
0 1 7816
0 1 7817
0 1 7818
0 1 7821
0 1 7825
0 1 7827
0 1 7828
0 1 7829
0 1 7830
0 1 7831
0 1 7833
0 1 7834
0 1 7837
0 1 7838
0 1 7839
0 1 7842
0 1 7843
0 1 7847
0 1 7848
0 1 7849
0 1 7850
0 1 7852
0 1 7854
0 1 7855
0 1 7856
0 1 7859
0 1 7862
0 1 7864
0 1 7866
0 1 7868
0 1 7869
0 1 7871
0 1 7873
0 1 7875
0 1 7876
0 1 7877
0 1 7885
0 1 7886
0 1 7887
0 1 7888
0 1 7889
0 1 7890
0 1 7891
0 1 7894
0 1 7895
0 1 7897
0 1 7898
0 1 7899
0 1 7901
0 1 7902
0 1 7904
0 1 7905
0 1 7906
0 1 7908
0 1 7909
0 1 7910
0 1 7911
0 1 7912
0 1 7916
0 1 7917
0 1 7918
0 1 7921
0 1 7922
0 1 7923
0 1 7926
0 1 7930
0 1 7932
0 1 7936
0 1 7938
0 1 7940
0 1 7941
0 1 7943
0 1 7944
0 1 7945
0 1 7946
0 1 7947
0 1 7948
0 1 7949
0 1 7952
0 1 7956
0 1 7957
0 1 7958
0 1 7959
0 1 7960
0 1 7961
0 1 7962
0 1 7963
0 1 7964
0 1 7966
0 1 7967
0 1 7969
0 1 7970
0 1 7975
0 1 7976
0 1 7978
0 1 7980
0 1 7981
0 1 7984
0 1 7985
0 1 7988
0 1 7989
0 1 7991
0 1 7995
0 1 7997
0 1 7998
0 1 8000
0 1 8003
0 1 8006
0 1 8007
0 1 8008
0 1 8012
0 1 8017
0 1 8018
0 1 8021
0 1 8022
0 1 8023
0 1 8025
0 1 8026
0 1 8027
0 1 8032
0 1 8033
0 1 8034
0 1 8035
0 1 8038
0 1 8040
0 1 8041
0 1 8042
0 1 8044
0 1 8045
0 1 8046
0 1 8047
0 1 8049
0 1 8050
0 1 8051
0 1 8052
0 1 8053
0 1 8055
0 1 8058
0 1 8059
0 1 8065
0 1 8068
0 1 8071
0 1 8072
0 1 8073
0 1 8075
0 1 8078
0 1 8079
0 1 8080
0 1 8081
0 1 8083
0 1 8084
0 1 8086
0 1 8087
0 1 8088
0 1 8094
0 1 8095
0 1 8096
0 1 8098
0 1 8099
0 1 8100
0 1 8101
0 1 8109
0 1 8112
0 1 8113
0 1 8115
0 1 8120
0 1 8122
0 1 8124
0 1 8125
0 1 8127
0 1 8129
0 1 8130
0 1 8132
0 1 8136
0 1 8137
0 1 8139
0 1 8142
0 1 8143
0 1 8146
0 1 8148
0 1 8150
0 1 8153
0 1 8155
0 1 8156
0 1 8157
0 1 8160
0 1 8161
0 1 8163
0 1 8164
0 1 8165
0 1 8167
0 1 8169
0 1 8170
0 1 8171
0 1 8172
0 1 8173
0 1 8174
0 1 8176
0 1 8177
0 1 8181
0 1 8182
0 1 8183
0 1 8184
0 1 8185
0 1 8186
0 1 8187
0 1 8188
0 1 8189
0 1 8191
0 1 8193
0 1 8195
0 1 8196
0 1 8198
0 1 8199
0 1 8200
0 1 8201
0 1 8202
0 1 8203
0 1 8205
0 1 8206
0 1 8207
0 1 8209
0 1 8210
0 1 8211
0 1 8219
0 1 8220
0 1 8221
0 1 8223
0 1 8226
0 1 8227
0 1 8228
0 1 8230
0 1 8232
0 1 8235
0 1 8237
0 1 8238
0 1 8239
0 1 8240
0 1 8241
0 1 8242
0 1 8244
0 1 8245
0 1 8246
0 1 8247
0 1 8250
0 1 8252
0 1 8253
0 1 8255
0 1 8257
0 1 8262
0 1 8263
0 1 8264
0 1 8265
0 1 8269
0 1 8270
0 1 8271
0 1 8272
0 1 8273
0 1 8274
0 1 8275
0 1 8276
0 1 8279
0 1 8280
0 1 8281
0 1 8282
0 1 8283
0 1 8285
0 1 8287
0 1 8288
0 1 8290
0 1 8291
0 1 8292
0 1 8295
0 1 8296
0 1 8298
0 1 8299
0 1 8300
0 1 8301
0 1 8303
0 1 8305
0 1 8307
0 1 8308
0 1 8309
0 1 8310
0 1 8312
0 1 8314
0 1 8315
0 1 8316
0 1 8319
0 1 8322
0 1 8324
0 1 8326
0 1 8327
0 1 8328
0 1 8329
0 1 8331
0 1 8332
0 1 8333
0 1 8335
0 1 8337
0 1 8338
0 1 8339
0 1 8340
0 1 8341
0 1 8342
0 1 8344
0 1 8351
0 1 8353
0 1 8354
0 1 8355
0 1 8356
0 1 8357
0 1 8359
0 1 8361
0 1 8363
0 1 8364
0 1 8365
0 1 8369
0 1 8373
0 1 8375
0 1 8377
0 1 8378
0 1 8379
0 1 8382
0 1 8383
0 1 8385
0 1 8386
0 1 8387
0 1 8388
0 1 8389
0 1 8391
0 1 8393
0 1 8395
0 1 8396
0 1 8400
0 1 8403
0 1 8404
0 1 8405
0 1 8407
0 1 8408
0 1 8409
0 1 8410
0 1 8411
0 1 8412
0 1 8413
0 1 8416
0 1 8422
0 1 8423
0 1 8425
0 1 8428
0 1 8432
0 1 8433
0 1 8434
0 1 8436
0 1 8437
0 1 8439
0 1 8441
0 1 8446
0 1 8447
0 1 8449
0 1 8450
0 1 8454
0 1 8458
0 1 8459
0 1 8460
0 1 8461
0 1 8462
0 1 8464
0 1 8465
0 1 8466
0 1 8468
0 1 8469
0 1 8470
0 1 8472
0 1 8473
0 1 8474
0 1 8475
0 1 8476
0 1 8478
0 1 8480
0 1 8481
0 1 8482
0 1 8488
0 1 8489
0 1 8490
0 1 8491
0 1 8493
0 1 8495
0 1 8497
0 1 8500
0 1 8501
0 1 8502
0 1 8503
0 1 8506
0 1 8507
0 1 8509
0 1 8510
0 1 8512
0 1 8514
0 1 8515
0 1 8516
0 1 8519
0 1 8520
0 1 8521
0 1 8522
0 1 8523
0 1 8524
0 1 8525
0 1 8527
0 1 8528
0 1 8533
0 1 8538
0 1 8540
0 1 8541
0 1 8543
0 1 8544
0 1 8545
0 1 8546
0 1 8547
0 1 8548
0 1 8549
0 1 8550
0 1 8551
0 1 8552
0 1 8553
0 1 8556
0 1 8560
0 1 8561
0 1 8563
0 1 8565
0 1 8566
0 1 8567
0 1 8569
0 1 8570
0 1 8571
0 1 8572
0 1 8575
0 1 8576
0 1 8578
0 1 8580
0 1 8584
0 1 8585
0 1 8588
0 1 8589
0 1 8593
0 1 8594
0 1 8595
0 1 8596
0 1 8597
0 1 8599
0 1 8602
0 1 8603
0 1 8607
0 1 8611
0 1 8612
0 1 8614
0 1 8615
0 1 8618
0 1 8620
0 1 8621
0 1 8622
0 1 8624
0 1 8625
0 1 8628
0 1 8631
0 1 8632
0 1 8634
0 1 8636
0 1 8637
0 1 8639
0 1 8642
0 1 8645
0 1 8647
0 1 8649
0 1 8650
0 1 8651
0 1 8652
0 1 8654
0 1 8655
0 1 8656
0 1 8657
0 1 8659
0 1 8661
0 1 8662
0 1 8664
0 1 8665
0 1 8666
0 1 8667
0 1 8670
0 1 8672
0 1 8673
0 1 8674
0 1 8675
0 1 8678
0 1 8679
0 1 8680
0 1 8684
0 1 8686
0 1 8688
0 1 8689
0 1 8690
0 1 8693
0 1 8695
0 1 8697
0 1 8699
0 1 8701
0 1 8702
0 1 8703
0 1 8705
0 1 8707
0 1 8708
0 1 8709
0 1 8710
0 1 8711
0 1 8712
0 1 8713
0 1 8714
0 1 8715
0 1 8718
0 1 8720
0 1 8723
0 1 8727
0 1 8728
0 1 8730
0 1 8731
0 1 8733
0 1 8735
0 1 8737
0 1 8740
0 1 8742
0 1 8743
0 1 8744
0 1 8745
0 1 8746
0 1 8747
0 1 8749
0 1 8750
0 1 8751
0 1 8752
0 1 8753
0 1 8754
0 1 8755
0 1 8756
0 1 8758
0 1 8759
0 1 8761
0 1 8763
0 1 8764
0 1 8765
0 1 8766
0 1 8767
0 1 8768
0 1 8769
0 1 8771
0 1 8773
0 1 8774
0 1 8775
0 1 8776
0 1 8777
0 1 8778
0 1 8780
0 1 8781
0 1 8782
0 1 8783
0 1 8786
0 1 8787
0 1 8788
0 1 8789
0 1 8793
0 1 8794
0 1 8795
0 1 8796
0 1 8798
0 1 8799
0 1 8802
0 1 8803
0 1 8805
0 1 8806
0 1 8807
0 1 8808
0 1 8810
0 1 8813
0 1 8814
0 1 8815
0 1 8818
0 1 8820
0 1 8821
0 1 8822
0 1 8824
0 1 8825
0 1 8830
0 1 8832
0 1 8834
0 1 8838
0 1 8840
0 1 8841
0 1 8842
0 1 8843
0 1 8844
0 1 8845
0 1 8846
0 1 8847
0 1 8848
0 1 8851
0 1 8854
0 1 8855
0 1 8862
0 1 8863
0 1 8864
0 1 8866
0 1 8868
0 1 8869
0 1 8870
0 1 8871
0 1 8873
0 1 8874
0 1 8876
0 1 8879
0 1 8883
0 1 8885
0 1 8887
0 1 8888
0 1 8890
0 1 8894
0 1 8895
0 1 8896
0 1 8897
0 1 8898
0 1 8899
0 1 8903
0 1 8904
0 1 8908
0 1 8910
0 1 8912
0 1 8915
0 1 8916
0 1 8918
0 1 8919
0 1 8922
0 1 8923
0 1 8928
0 1 8930
0 1 8931
0 1 8932
0 1 8935
0 1 8937
0 1 8939
0 1 8940
0 1 8941
0 1 8943
0 1 8945
0 1 8946
0 1 8948
0 1 8951
0 1 8953
0 1 8955
0 1 8962
0 1 8963
0 1 8964
0 1 8965
0 1 8967
0 1 8969
0 1 8970
0 1 8976
0 1 8977
0 1 8978
0 1 8981
0 1 8985
0 1 8990
0 1 8991
0 1 8993
0 1 8994
0 1 8995
0 1 8996
0 1 8997
0 1 9000
0 1 9003
0 1 9004
0 1 9005
0 1 9007
0 1 9008
0 1 9009
0 1 9011
0 1 9013
0 1 9015
0 1 9018
0 1 9019
0 1 9022
0 1 9023
0 1 9025
0 1 9027
0 1 9029
0 1 9030
0 1 9032
0 1 9034
0 1 9035
0 1 9036
0 1 9039
0 1 9041
0 1 9044
0 1 9046
0 1 9047
0 1 9048
0 1 9049
0 1 9050
0 1 9052
0 1 9053
0 1 9054
0 1 9055
0 1 9056
0 1 9058
0 1 9059
0 1 9060
0 1 9061
0 1 9062
0 1 9063
0 1 9064
0 1 9065
0 1 9066
0 1 9067
0 1 9068
0 1 9069
0 1 9070
0 1 9071
0 1 9073
0 1 9078
0 1 9080
0 1 9084
0 1 9086
0 1 9089
0 1 9091
0 1 9092
0 1 9093
0 1 9095
0 1 9098
0 1 9099
0 1 9100
0 1 9101
0 1 9102
0 1 9103
0 1 9104
0 1 9108
0 1 9109
0 1 9111
0 1 9112
0 1 9116
0 1 9117
0 1 9118
0 1 9120
0 1 9121
0 1 9122
0 1 9126
0 1 9127
0 1 9130
0 1 9132
0 1 9133
0 1 9134
0 1 9135
0 1 9138
0 1 9139
0 1 9140
0 1 9141
0 1 9143
0 1 9145
0 1 9147
0 1 9148
0 1 9150
0 1 9155
0 1 9156
0 1 9157
0 1 9158
0 1 9160
0 1 9161
0 1 9163
0 1 9164
0 1 9165
0 1 9166
0 1 9169
0 1 9171
0 1 9172
0 1 9173
0 1 9174
0 1 9175
0 1 9177
0 1 9178
0 1 9179
0 1 9180
0 1 9183
0 1 9184
0 1 9188
0 1 9189
0 1 9190
0 1 9191
0 1 9192
0 1 9195
0 1 9198
0 1 9199
0 1 9200
0 1 9203
0 1 9204
0 1 9207
0 1 9208
0 1 9210
0 1 9213
0 1 9214
0 1 9215
0 1 9216
0 1 9217
0 1 9219
0 1 9220
0 1 9223
0 1 9224
0 1 9225
0 1 9227
0 1 9229
0 1 9230
0 1 9231
0 1 9232
0 1 9233
0 1 9234
0 1 9235
0 1 9237
0 1 9238
0 1 9239
0 1 9240
0 1 9241
0 1 9243
0 1 9244
0 1 9245
0 1 9246
0 1 9247
0 1 9253
0 1 9255
0 1 9257
0 1 9258
0 1 9259
0 1 9260
0 1 9261
0 1 9262
0 1 9263
0 1 9264
0 1 9265
0 1 9268
0 1 9269
0 1 9270
0 1 9271
0 1 9273
0 1 9280
0 1 9281
0 1 9282
0 1 9283
0 1 9284
0 1 9285
0 1 9286
0 1 9287
0 1 9288
0 1 9289
0 1 9290
0 1 9292
0 1 9293
0 1 9294
0 1 9295
0 1 9296
0 1 9297
0 1 9298
0 1 9299
0 1 9300
0 1 9301
0 1 9302
0 1 9303
0 1 9305
0 1 9306
0 1 9307
0 1 9308
0 1 9309
0 1 9310
0 1 9311
0 1 9316
0 1 9319
0 1 9321
0 1 9322
0 1 9325
0 1 9326
0 1 9327
0 1 9330
0 1 9332
0 1 9333
0 1 9334
0 1 9336
0 1 9338
0 1 9339
0 1 9340
0 1 9341
0 1 9342
0 1 9343
0 1 9347
0 1 9348
0 1 9349
0 1 9352
0 1 9354
0 1 9356
0 1 9357
0 1 9359
0 1 9361
0 1 9362
0 1 9363
0 1 9365
0 1 9366
0 1 9367
0 1 9369
0 1 9370
0 1 9371
0 1 9375
0 1 9376
0 1 9377
0 1 9378
0 1 9379
0 1 9380
0 1 9382
0 1 9383
0 1 9384
0 1 9385
0 1 9386
0 1 9388
0 1 9389
0 1 9391
0 1 9392
0 1 9397
0 1 9398
0 1 9400
0 1 9401
0 1 9402
0 1 9403
0 1 9404
0 1 9406
0 1 9411
0 1 9413
0 1 9414
0 1 9415
0 1 9416
0 1 9420
0 1 9422
0 1 9423
0 1 9424
0 1 9425
0 1 9427
0 1 9429
0 1 9430
0 1 9432
0 1 9435
0 1 9436
0 1 9437
0 1 9440
0 1 9441
0 1 9444
0 1 9445
0 1 9447
0 1 9448
0 1 9449
0 1 9450
0 1 9452
0 1 9453
0 1 9454
0 1 9456
0 1 9457
0 1 9459
0 1 9461
0 1 9462
0 1 9466
0 1 9467
0 1 9469
0 1 9470
0 1 9471
0 1 9472
0 1 9473
0 1 9474
0 1 9477
0 1 9481
0 1 9484
0 1 9485
0 1 9486
0 1 9490
0 1 9491
0 1 9493
0 1 9495
0 1 9496
0 1 9499
0 1 9500
0 1 9501
0 1 9502
0 1 9504
0 1 9505
0 1 9506
0 1 9508
0 1 9509
0 1 9510
0 1 9511
0 1 9512
0 1 9515
0 1 9517
0 1 9518
0 1 9520
0 1 9521
0 1 9523
0 1 9524
0 1 9525
0 1 9527
0 1 9528
0 1 9529
0 1 9531
0 1 9533
0 1 9536
0 1 9537
0 1 9538
0 1 9539
0 1 9540
0 1 9541
0 1 9543
0 1 9545
0 1 9546
0 1 9548
0 1 9552
0 1 9554
0 1 9555
0 1 9556
0 1 9557
0 1 9558
0 1 9559
0 1 9560
0 1 9561
0 1 9562
0 1 9564
0 1 9565
0 1 9566
0 1 9568
0 1 9570
0 1 9571
0 1 9572
0 1 9574
0 1 9575
0 1 9576
0 1 9577
0 1 9581
0 1 9586
0 1 9587
0 1 9589
0 1 9593
0 1 9596
0 1 9597
0 1 9599
0 1 9601
0 1 9603
0 1 9605
0 1 9606
0 1 9607
0 1 9608
0 1 9609
0 1 9612
0 1 9613
0 1 9614
0 1 9615
0 1 9617
0 1 9618
0 1 9622
0 1 9624
0 1 9625
0 1 9627
0 1 9628
0 1 9632
0 1 9633
0 1 9635
0 1 9636
0 1 9637
0 1 9638
0 1 9640
0 1 9641
0 1 9643
0 1 9644
0 1 9647
0 1 9648
0 1 9649
0 1 9651
0 1 9652
0 1 9653
0 1 9655
0 1 9656
0 1 9657
0 1 9658
0 1 9660
0 1 9661
0 1 9662
0 1 9663
0 1 9664
0 1 9665
0 1 9666
0 1 9667
0 1 9670
0 1 9672
0 1 9674
0 1 9675
0 1 9676
0 1 9683
0 1 9684
0 1 9687
0 1 9688
0 1 9689
0 1 9690
0 1 9691
0 1 9692
0 1 9694
0 1 9695
0 1 9696
0 1 9698
0 1 9699
0 1 9700
0 1 9702
0 1 9703
0 1 9704
0 1 9705
0 1 9708
0 1 9709
0 1 9710
0 1 9711
0 1 9712
0 1 9714
0 1 9715
0 1 9716
0 1 9718
0 1 9719
0 1 9720
0 1 9721
0 1 9723
0 1 9724
0 1 9726
0 1 9727
0 1 9728
0 1 9731
0 1 9732
0 1 9734
0 1 9735
0 1 9737
0 1 9739
0 1 9743
0 1 9745
0 1 9746
0 1 9749
0 1 9752
0 1 9758
0 1 9760
0 1 9761
0 1 9762
0 1 9764
0 1 9768
0 1 9769
0 1 9773
0 1 9775
0 1 9776
0 1 9778
0 1 9784
0 1 9787
0 1 9790
0 1 9792
0 1 9793
0 1 9794
0 1 9795
0 1 9796
0 1 9798
0 1 9799
0 1 9801
0 1 9802
0 1 9803
0 1 9805
0 1 9807
0 1 9808
0 1 9812
0 1 9813
0 1 9814
0 1 9817
0 1 9818
0 1 9820
0 1 9821
0 1 9822
0 1 9823
0 1 9825
0 1 9828
0 1 9829
0 1 9833
0 1 9834
0 1 9835
0 1 9837
0 1 9838
0 1 9839
0 1 9840
0 1 9841
0 1 9842
0 1 9844
0 1 9846
0 1 9849
0 1 9850
0 1 9851
0 1 9853
0 1 9854
0 1 9855
0 1 9856
0 1 9859
0 1 9860
0 1 9861
0 1 9862
0 1 9865
0 1 9866
0 1 9867
0 1 9868
0 1 9869
0 1 9871
0 1 9873
0 1 9874
0 1 9876
0 1 9877
0 1 9880
0 1 9882
0 1 9884
0 1 9885
0 1 9886
0 1 9887
0 1 9889
0 1 9890
0 1 9891
0 1 9892
0 1 9893
0 1 9894
0 1 9895
0 1 9896
0 1 9897
0 1 9901
0 1 9902
0 1 9904
0 1 9905
0 1 9906
0 1 9907
0 1 9910
0 1 9911
0 1 9912
0 1 9913
0 1 9914
0 1 9915
0 1 9917
0 1 9918
0 1 9919
0 1 9920
0 1 9921
0 1 9922
0 1 9923
0 1 9924
0 1 9925
0 1 9926
0 1 9928
0 1 9929
0 1 9930
0 1 9931
0 1 9940
0 1 9941
0 1 9943
0 1 9944
0 1 9945
0 1 9946
0 1 9947
0 1 9948
0 1 9950
0 1 9952
0 1 9953
0 1 9954
0 1 9957
0 1 9958
0 1 9961
0 1 9962
0 1 9963
0 1 9964
0 1 9966
0 1 9967
0 1 9969
0 1 9973
0 1 9974
0 1 9975
0 1 9978
0 1 9979
0 1 9980
0 1 9981
0 1 9982
0 1 9983
0 1 9984
0 1 9985
0 1 9986
0 1 9987
0 1 9988
0 1 9989
0 1 9991
0 1 9993
0 1 9994
0 1 9996
0 1 9998
0 1 9999
0 1 10000
0 1 10001
0 1 10005
0 1 10007
0 1 10011
0 1 10013
0 1 10015
0 1 10016
0 1 10018
0 1 10022
0 1 10025
0 1 10026
0 1 10027
0 1 10030
0 1 10031
0 1 10032
0 1 10034
0 1 10035
0 1 10037
0 1 10040
0 1 10043
0 1 10046
0 1 10047
0 1 10052
0 1 10054
0 1 10056
0 1 10057
0 1 10059
0 1 10060
0 1 10062
0 1 10065
0 1 10068
0 1 10071
0 1 10072
0 1 10073
0 1 10075
0 1 10077
0 1 10079
0 1 10081
0 1 10082
0 1 10083
0 1 10084
0 1 10088
0 1 10089
0 1 10091
0 1 10093
0 1 10096
0 1 10097
0 1 10100
0 1 10102
0 1 10103
0 1 10104
0 1 10106
0 1 10108
0 1 10109
0 1 10110
0 1 10112
0 1 10113
0 1 10114
0 1 10115
0 1 10116
0 1 10117
0 1 10118
0 1 10121
0 1 10123
0 1 10124
0 1 10126
0 1 10127
0 1 10128
0 1 10130
0 1 10132
0 1 10133
0 1 10134
0 1 10135
0 1 10136
0 1 10137
0 1 10138
0 1 10139
0 1 10143
0 1 10144
0 1 10146
0 1 10148
0 1 10150
0 1 10151
0 1 10152
0 1 10156
0 1 10157
0 1 10158
0 1 10160
0 1 10162
0 1 10163
0 1 10164
0 1 10170
0 1 10171
0 1 10172
0 1 10173
0 1 10174
0 1 10177
0 1 10181
0 1 10182
0 1 10184
0 1 10186
0 1 10187
0 1 10191
0 1 10193
0 1 10194
0 1 10197
0 1 10200
0 1 10203
0 1 10204
0 1 10208
0 1 10209
0 1 10211
0 1 10212
0 1 10213
0 1 10214
0 1 10216
0 1 10217
0 1 10220
0 1 10222
0 1 10223
0 1 10224
0 1 10226
0 1 10227
0 1 10228
0 1 10231
0 1 10233
0 1 10237
0 1 10238
0 1 10239
0 1 10241
0 1 10242
0 1 10243
0 1 10245
0 1 10247
0 1 10248
0 1 10249
0 1 10251
0 1 10253
0 1 10254
0 1 10255
0 1 10257
0 1 10259
0 1 10260
0 1 10261
0 1 10262
0 1 10263
0 1 10264
0 1 10266
0 1 10270
0 1 10274
0 1 10275
0 1 10276
0 1 10280
0 1 10282
0 1 10283
0 1 10285
0 1 10286
0 1 10288
0 1 10289
0 1 10291
0 1 10294
0 1 10297
0 1 10298
0 1 10299
0 1 10300
0 1 10302
0 1 10304
0 1 10309
0 1 10311
0 1 10313
0 1 10315
0 1 10316
0 1 10317
0 1 10318
0 1 10321
0 1 10322
0 1 10323
0 1 10324
0 1 10325
0 1 10326
0 1 10330
0 1 10331
0 1 10333
0 1 10335
0 1 10339
0 1 10340
0 1 10341
0 1 10342
0 1 10343
0 1 10347
0 1 10348
0 1 10349
0 1 10350
0 1 10351
0 1 10353
0 1 10354
0 1 10355
0 1 10356
0 1 10357
0 1 10358
0 1 10359
0 1 10360
0 1 10361
0 1 10362
0 1 10365
0 1 10367
0 1 10371
0 1 10372
0 1 10373
0 1 10374
0 1 10375
0 1 10377
0 1 10379
0 1 10380
0 1 10381
0 1 10384
0 1 10385
0 1 10386
0 1 10387
0 1 10389
0 1 10390
0 1 10391
0 1 10392
0 1 10393
0 1 10394
0 1 10396
0 1 10397
0 1 10398
0 1 10399
0 1 10400
0 1 10401
0 1 10402
0 1 10403
0 1 10405
0 1 10407
0 1 10408
0 1 10410
0 1 10411
0 1 10414
0 1 10415
0 1 10417
0 1 10418
0 1 10420
0 1 10421
0 1 10423
0 1 10425
0 1 10426
0 1 10429
0 1 10431
0 1 10432
0 1 10436
0 1 10437
0 1 10440
0 1 10441
0 1 10443
0 1 10444
0 1 10445
0 1 10448
0 1 10450
0 1 10453
0 1 10454
0 1 10455
0 1 10456
0 1 10457
0 1 10459
0 1 10464
0 1 10465
0 1 10466
0 1 10467
0 1 10468
0 1 10469
0 1 10474
0 1 10475
0 1 10477
0 1 10480
0 1 10482
0 1 10483
0 1 10484
0 1 10486
0 1 10492
0 1 10494
0 1 10495
0 1 10497
0 1 10498
0 1 10499
0 1 10501
0 1 10509
0 1 10510
0 1 10514
0 1 10515
0 1 10516
0 1 10519
0 1 10521
0 1 10524
0 1 10525
0 1 10526
0 1 10527
0 1 10528
0 1 10534
0 1 10538
0 1 10540
0 1 10541
0 1 10542
0 1 10543
0 1 10544
0 1 10547
0 1 10548
0 1 10549
0 1 10551
0 1 10553
0 1 10554
0 1 10556
0 1 10557
0 1 10558
0 1 10559
0 1 10561
0 1 10562
0 1 10564
0 1 10565
0 1 10568
0 1 10572
0 1 10575
0 1 10576
0 1 10579
0 1 10582
0 1 10584
0 1 10585
0 1 10587
0 1 10588
0 1 10591
0 1 10593
0 1 10594
0 1 10595
0 1 10596
0 1 10597
0 1 10599
0 1 10600
0 1 10602
0 1 10603
0 1 10605
0 1 10606
0 1 10607
0 1 10608
0 1 10617
0 1 10618
0 1 10619
0 1 10622
0 1 10623
0 1 10624
0 1 10625
0 1 10626
0 1 10627
0 1 10628
0 1 10629
0 1 10630
0 1 10631
0 1 10632
0 1 10633
0 1 10634
0 1 10635
0 1 10639
0 1 10640
0 1 10641
0 1 10642
0 1 10643
0 1 10645
0 1 10646
0 1 10649
0 1 10652
0 1 10654
0 1 10655
0 1 10656
0 1 10657
0 1 10658
0 1 10660
0 1 10666
0 1 10667
0 1 10671
0 1 10672
0 1 10677
0 1 10678
0 1 10679
0 1 10680
0 1 10681
0 1 10682
0 1 10683
0 1 10684
0 1 10685
0 1 10686
0 1 10688
0 1 10689
0 1 10691
0 1 10692
0 1 10693
0 1 10695
0 1 10698
0 1 10699
0 1 10700
0 1 10701
0 1 10702
0 1 10704
0 1 10706
0 1 10707
0 1 10709
0 1 10711
0 1 10714
0 1 10715
0 1 10716
0 1 10717
0 1 10718
0 1 10723
0 1 10725
0 1 10726
0 1 10727
0 1 10728
0 1 10730
0 1 10732
0 1 10733
0 1 10734
0 1 10737
0 1 10739
0 1 10741
0 1 10742
0 1 10743
0 1 10744
0 1 10745
0 1 10746
0 1 10748
0 1 10749
0 1 10750
0 1 10751
0 1 10752
0 1 10757
0 1 10758
0 1 10759
0 1 10764
0 1 10766
0 1 10768
0 1 10769
0 1 10771
0 1 10772
0 1 10774
0 1 10775
0 1 10776
0 1 10777
0 1 10779
0 1 10780
0 1 10781
0 1 10783
0 1 10785
0 1 10786
0 1 10787
0 1 10790
0 1 10791
0 1 10795
0 1 10797
0 1 10799
0 1 10802
0 1 10803
0 1 10804
0 1 10805
0 1 10806
0 1 10809
0 1 10810
0 1 10816
0 1 10817
0 1 10818
0 1 10819
0 1 10820
0 1 10824
0 1 10826
0 1 10827
0 1 10828
0 1 10830
0 1 10831
0 1 10832
0 1 10833
0 1 10834
0 1 10835
0 1 10837
0 1 10838
0 1 10839
0 1 10840
0 1 10841
0 1 10842
0 1 10843
0 1 10844
0 1 10845
0 1 10846
0 1 10847
0 1 10850
0 1 10853
0 1 10854
0 1 10855
0 1 10857
0 1 10858
0 1 10859
0 1 10860
0 1 10861
0 1 10862
0 1 10863
0 1 10864
0 1 10865
0 1 10867
0 1 10868
0 1 10869
0 1 10872
0 1 10873
0 1 10877
0 1 10880
0 1 10884
0 1 10885
0 1 10891
0 1 10892
0 1 10893
0 1 10896
0 1 10897
0 1 10898
0 1 10900
0 1 10901
0 1 10902
0 1 10904
0 1 10907
0 1 10909
0 1 10911
0 1 10912
0 1 10913
0 1 10914
0 1 10915
0 1 10917
0 1 10918
0 1 10919
0 1 10920
0 1 10921
0 1 10922
0 1 10924
0 1 10925
0 1 10927
0 1 10928
0 1 10931
0 1 10933
0 1 10934
0 1 10935
0 1 10937
0 1 10938
0 1 10939
0 1 10941
0 1 10942
0 1 10943
0 1 10944
0 1 10945
0 1 10946
0 1 10947
0 1 10949
0 1 10950
0 1 10951
0 1 10952
0 1 10953
0 1 10955
0 1 10959
0 1 10960
0 1 10961
0 1 10964
0 1 10965
0 1 10967
0 1 10968
0 1 10970
0 1 10972
0 1 10973
0 1 10975
0 1 10978
0 1 10979
0 1 10982
0 1 10983
0 1 10984
0 1 10986
0 1 10987
0 1 10990
0 1 10991
0 1 10993
0 1 10994
0 1 10995
0 1 10996
0 1 10997
0 1 10998
0 1 10999
0 1 11001
0 1 11002
0 1 11004
0 1 11005
0 1 11010
0 1 11011
0 1 11012
0 1 11014
0 1 11015
0 1 11016
0 1 11018
0 1 11019
0 1 11020
0 1 11022
0 1 11023
0 1 11025
0 1 11026
0 1 11028
0 1 11031
0 1 11034
0 1 11035
0 1 11036
0 1 11037
0 1 11041
0 1 11043
0 1 11044
0 1 11045
0 1 11047
0 1 11050
0 1 11052
0 1 11053
0 1 11055
0 1 11056
0 1 11057
0 1 11058
0 1 11059
0 1 11062
0 1 11064
0 1 11065
0 1 11067
0 1 11068
0 1 11069
0 1 11070
0 1 11072
0 1 11074
0 1 11077
0 1 11080
0 1 11083
0 1 11084
0 1 11085
0 1 11087
0 1 11088
0 1 11089
0 1 11090
0 1 11092
0 1 11093
0 1 11095
0 1 11096
0 1 11097
0 1 11098
0 1 11099
0 1 11100
0 1 11103
0 1 11105
0 1 11107
0 1 11110
0 1 11113
0 1 11114
0 1 11115
0 1 11116
0 1 11117
0 1 11120
0 1 11121
0 1 11122
0 1 11123
0 1 11124
0 1 11125
0 1 11127
0 1 11128
0 1 11129
0 1 11133
0 1 11134
0 1 11136
0 1 11137
0 1 11138
0 1 11139
0 1 11140
0 1 11141
0 1 11142
0 1 11143
0 1 11144
0 1 11145
0 1 11147
0 1 11151
0 1 11153
0 1 11155
0 1 11156
0 1 11157
0 1 11158
0 1 11159
0 1 11162
0 1 11164
0 1 11165
0 1 11167
0 1 11168
0 1 11169
0 1 11170
0 1 11172
0 1 11173
0 1 11174
0 1 11175
0 1 11176
0 1 11177
0 1 11178
0 1 11182
0 1 11183
0 1 11185
0 1 11187
0 1 11188
0 1 11190
0 1 11193
0 1 11194
0 1 11195
0 1 11196
0 1 11198
0 1 11200
0 1 11201
0 1 11203
0 1 11204
0 1 11205
0 1 11208
0 1 11209
0 1 11212
0 1 11213
0 1 11216
0 1 11217
0 1 11218
0 1 11221
0 1 11224
0 1 11225
0 1 11227
0 1 11228
0 1 11229
0 1 11230
0 1 11231
0 1 11233
0 1 11234
0 1 11237
0 1 11238
0 1 11239
0 1 11244
0 1 11246
0 1 11247
0 1 11248
0 1 11249
0 1 11250
0 1 11251
0 1 11254
0 1 11259
0 1 11260
0 1 11261
0 1 11262
0 1 11263
0 1 11264
0 1 11266
0 1 11269
0 1 11270
0 1 11273
0 1 11275
0 1 11276
0 1 11277
0 1 11278
0 1 11280
0 1 11281
0 1 11286
0 1 11289
0 1 11291
0 1 11292
0 1 11293
0 1 11294
0 1 11298
0 1 11299
0 1 11300
0 1 11301
0 1 11302
0 1 11303
0 1 11305
0 1 11308
0 1 11311
0 1 11312
0 1 11313
0 1 11314
0 1 11315
0 1 11316
0 1 11317
0 1 11318
0 1 11320
0 1 11321
0 1 11322
0 1 11323
0 1 11324
0 1 11329
0 1 11331
0 1 11332
0 1 11335
0 1 11336
0 1 11338
0 1 11340
0 1 11342
0 1 11343
0 1 11344
0 1 11347
0 1 11349
0 1 11351
0 1 11357
0 1 11358
0 1 11359
0 1 11360
0 1 11361
0 1 11364
0 1 11365
0 1 11368
0 1 11369
0 1 11370
0 1 11371
0 1 11372
0 1 11374
0 1 11375
0 1 11376
0 1 11379
0 1 11380
0 1 11383
0 1 11384
0 1 11387
0 1 11388
0 1 11389
0 1 11391
0 1 11392
0 1 11398
0 1 11401
0 1 11403
0 1 11406
0 1 11407
0 1 11411
0 1 11412
0 1 11413
0 1 11416
0 1 11418
0 1 11421
0 1 11422
0 1 11423
0 1 11424
0 1 11425
0 1 11427
0 1 11430
0 1 11431
0 1 11433
0 1 11434
0 1 11435
0 1 11436
0 1 11440
0 1 11442
0 1 11443
0 1 11445
0 1 11446
0 1 11448
0 1 11449
0 1 11453
0 1 11454
0 1 11456
0 1 11459
0 1 11460
0 1 11461
0 1 11462
0 1 11465
0 1 11467
0 1 11468
0 1 11469
0 1 11471
0 1 11472
0 1 11474
0 1 11476
0 1 11477
0 1 11481
0 1 11482
0 1 11484
0 1 11486
0 1 11492
0 1 11494
0 1 11495
0 1 11496
0 1 11497
0 1 11498
0 1 11500
0 1 11501
0 1 11503
0 1 11504
0 1 11505
0 1 11506
0 1 11507
0 1 11508
0 1 11509
0 1 11512
0 1 11514
0 1 11517
0 1 11519
0 1 11520
0 1 11523
0 1 11525
0 1 11529
0 1 11530
0 1 11531
0 1 11534
0 1 11535
0 1 11536
0 1 11538
0 1 11539
0 1 11540
0 1 11542
0 1 11543
0 1 11544
0 1 11545
0 1 11547
0 1 11549
0 1 11550
0 1 11555
0 1 11556
0 1 11558
0 1 11559
0 1 11560
0 1 11562
0 1 11565
0 1 11566
0 1 11570
0 1 11571
0 1 11572
0 1 11574
0 1 11576
0 1 11577
0 1 11578
0 1 11579
0 1 11580
0 1 11581
0 1 11582
0 1 11586
0 1 11587
0 1 11590
0 1 11592
0 1 11593
0 1 11595
0 1 11596
0 1 11597
0 1 11599
0 1 11601
0 1 11603
0 1 11605
0 1 11608
0 1 11609
0 1 11611
0 1 11612
0 1 11613
0 1 11614
0 1 11615
0 1 11616
0 1 11619
0 1 11621
0 1 11622
0 1 11623
0 1 11624
0 1 11626
0 1 11627
0 1 11628
0 1 11630
0 1 11631
0 1 11632
0 1 11634
0 1 11636
0 1 11637
0 1 11638
0 1 11639
0 1 11643
0 1 11644
0 1 11647
0 1 11649
0 1 11651
0 1 11652
0 1 11653
0 1 11654
0 1 11655
0 1 11657
0 1 11658
0 1 11659
0 1 11660
0 1 11665
0 1 11667
0 1 11669
0 1 11670
0 1 11673
0 1 11676
0 1 11677
0 1 11679
0 1 11680
0 1 11681
0 1 11682
0 1 11684
0 1 11685
0 1 11686
0 1 11688
0 1 11689
0 1 11693
0 1 11694
0 1 11696
0 1 11697
0 1 11698
0 1 11699
0 1 11701
0 1 11703
0 1 11704
0 1 11706
0 1 11709
0 1 11710
0 1 11716
0 1 11717
0 1 11719
0 1 11720
0 1 11721
0 1 11724
0 1 11725
0 1 11728
0 1 11729
0 1 11730
0 1 11731
0 1 11733
0 1 11735
0 1 11736
0 1 11737
0 1 11739
0 1 11740
0 1 11741
0 1 11742
0 1 11743
0 1 11749
0 1 11750
0 1 11751
0 1 11754
0 1 11755
0 1 11756
0 1 11757
0 1 11759
0 1 11760
0 1 11762
0 1 11764
0 1 11765
0 1 11766
0 1 11767
0 1 11769
0 1 11770
0 1 11771
0 1 11773
0 1 11774
0 1 11775
0 1 11776
0 1 11780
0 1 11782
0 1 11784
0 1 11787
0 1 11788
0 1 11791
0 1 11792
0 1 11793
0 1 11794
0 1 11798
0 1 11799
0 1 11801
0 1 11802
0 1 11803
0 1 11804
0 1 11805
0 1 11806
0 1 11809
0 1 11811
0 1 11812
0 1 11815
0 1 11817
0 1 11818
0 1 11819
0 1 11820
0 1 11825
0 1 11826
0 1 11827
0 1 11828
0 1 11829
0 1 11830
0 1 11831
0 1 11832
0 1 11834
0 1 11837
0 1 11838
0 1 11839
0 1 11840
0 1 11841
0 1 11843
0 1 11844
0 1 11845
0 1 11846
0 1 11848
0 1 11849
0 1 11850
0 1 11851
0 1 11854
0 1 11856
0 1 11857
0 1 11859
0 1 11861
0 1 11862
0 1 11865
0 1 11867
0 1 11868
0 1 11869
0 1 11870
0 1 11871
0 1 11872
0 1 11873
0 1 11874
0 1 11875
0 1 11876
0 1 11882
0 1 11884
0 1 11885
0 1 11887
0 1 11889
0 1 11890
0 1 11891
0 1 11892
0 1 11895
0 1 11896
0 1 11898
0 1 11900
0 1 11901
0 1 11902
0 1 11903
0 1 11904
0 1 11905
0 1 11906
0 1 11907
0 1 11909
0 1 11912
0 1 11913
0 1 11914
0 1 11918
0 1 11919
0 1 11922
0 1 11923
0 1 11925
0 1 11926
0 1 11928
0 1 11929
0 1 11931
0 1 11934
0 1 11936
0 1 11938
0 1 11939
0 1 11941
0 1 11942
0 1 11943
0 1 11944
0 1 11945
0 1 11948
0 1 11952
0 1 11953
0 1 11954
0 1 11956
0 1 11960
0 1 11961
0 1 11962
0 1 11963
0 1 11965
0 1 11966
0 1 11976
0 1 11977
0 1 11978
0 1 11979
0 1 11981
0 1 11982
0 1 11983
0 1 11986
0 1 11987
0 1 11989
0 1 11990
0 1 11993
0 1 11994
0 1 11995
0 1 11996
0 1 11999
0 1 12000
0 1 12001
0 1 12002
0 1 12003
0 1 12004
0 1 12007
0 1 12008
0 1 12012
0 1 12013
0 1 12014
0 1 12015
0 1 12017
0 1 12019
0 1 12020
0 1 12021
0 1 12022
0 1 12023
0 1 12025
0 1 12026
0 1 12028
0 1 12031
0 1 12034
0 1 12036
0 1 12037
0 1 12040
0 1 12042
0 1 12043
0 1 12044
0 1 12047
0 1 12048
0 1 12052
0 1 12056
0 1 12058
0 1 12060
0 1 12061
0 1 12062
0 1 12063
0 1 12065
0 1 12067
0 1 12070
0 1 12071
0 1 12073
0 1 12074
0 1 12076
0 1 12077
0 1 12079
0 1 12080
0 1 12081
0 1 12085
0 1 12086
0 1 12089
0 1 12090
0 1 12091
0 1 12094
0 1 12095
0 1 12096
0 1 12097
0 1 12099
0 1 12103
0 1 12104
0 1 12106
0 1 12107
0 1 12108
0 1 12110
0 1 12111
0 1 12112
0 1 12113
0 1 12115
0 1 12118
0 1 12119
0 1 12122
0 1 12124
0 1 12127
0 1 12128
0 1 12129
0 1 12130
0 1 12131
0 1 12133
0 1 12134
0 1 12135
0 1 12137
0 1 12138
0 1 12139
0 1 12141
0 1 12142
0 1 12143
0 1 12144
0 1 12145
0 1 12146
0 1 12147
0 1 12148
0 1 12150
0 1 12152
0 1 12153
0 1 12156
0 1 12158
0 1 12159
0 1 12160
0 1 12161
0 1 12162
0 1 12164
0 1 12165
0 1 12167
0 1 12171
0 1 12172
0 1 12174
0 1 12180
0 1 12182
0 1 12183
0 1 12184
0 1 12185
0 1 12187
0 1 12188
0 1 12189
0 1 12190
0 1 12192
0 1 12193
0 1 12194
0 1 12195
0 1 12196
0 1 12197
0 1 12198
0 1 12199
0 1 12202
0 1 12203
0 1 12204
0 1 12205
0 1 12206
0 1 12209
0 1 12211
0 1 12212
0 1 12213
0 1 12215
0 1 12216
0 1 12217
0 1 12219
0 1 12221
0 1 12224
0 1 12225
0 1 12228
0 1 12229
0 1 12230
0 1 12231
0 1 12233
0 1 12236
0 1 12238
0 1 12240
0 1 12244
0 1 12245
0 1 12246
0 1 12247
0 1 12248
0 1 12250
0 1 12251
0 1 12252
0 1 12253
0 1 12255
0 1 12256
0 1 12257
0 1 12258
0 1 12259
0 1 12262
0 1 12263
0 1 12264
0 1 12265
0 1 12266
0 1 12268
0 1 12269
0 1 12270
0 1 12271
0 1 12273
0 1 12274
0 1 12275
0 1 12276
0 1 12281
0 1 12283
0 1 12284
0 1 12285
0 1 12286
0 1 12288
0 1 12290
0 1 12291
0 1 12295
0 1 12296
0 1 12299
0 1 12300
0 1 12302
0 1 12303
0 1 12304
0 1 12306
0 1 12307
0 1 12308
0 1 12311
0 1 12313
0 1 12314
0 1 12315
0 1 12318
0 1 12320
0 1 12321
0 1 12323
0 1 12324
0 1 12325
0 1 12326
0 1 12328
0 1 12329
0 1 12330
0 1 12332
0 1 12334
0 1 12335
0 1 12336
0 1 12337
0 1 12338
0 1 12339
0 1 12341
0 1 12342
0 1 12345
0 1 12346
0 1 12350
0 1 12351
0 1 12356
0 1 12357
0 1 12358
0 1 12359
0 1 12363
0 1 12364
0 1 12365
0 1 12366
0 1 12368
0 1 12369
0 1 12370
0 1 12371
0 1 12372
0 1 12373
0 1 12374
0 1 12376
0 1 12377
0 1 12379
0 1 12381
0 1 12382
0 1 12383
0 1 12385
0 1 12386
0 1 12387
0 1 12388
0 1 12389
0 1 12391
0 1 12393
0 1 12394
0 1 12395
0 1 12396
0 1 12397
0 1 12400
0 1 12401
0 1 12402
0 1 12406
0 1 12408
0 1 12409
0 1 12411
0 1 12414
0 1 12418
0 1 12421
0 1 12425
0 1 12426
0 1 12427
0 1 12429
0 1 12430
0 1 12432
0 1 12434
0 1 12435
0 1 12436
0 1 12437
0 1 12438
0 1 12439
0 1 12440
0 1 12442
0 1 12445
0 1 12446
0 1 12448
0 1 12450
0 1 12451
0 1 12452
0 1 12455
0 1 12458
0 1 12459
0 1 12460
0 1 12462
0 1 12464
0 1 12466
0 1 12468
0 1 12469
0 1 12470
0 1 12471
0 1 12473
0 1 12477
0 1 12478
0 1 12479
0 1 12480
0 1 12481
0 1 12482
0 1 12483
0 1 12484
0 1 12489
0 1 12490
0 1 12492
0 1 12493
0 1 12494
0 1 12496
0 1 12497
0 1 12498
0 1 12499
0 1 12500
0 1 12502
0 1 12503
0 1 12505
0 1 12506
0 1 12508
0 1 12509
0 1 12510
0 1 12511
0 1 12512
0 1 12513
0 1 12514
0 1 12519
0 1 12520
0 1 12522
0 1 12524
0 1 12525
0 1 12526
0 1 12527
0 1 12528
0 1 12529
0 1 12530
0 1 12531
0 1 12532
0 1 12533
0 1 12534
0 1 12535
0 1 12536
0 1 12538
0 1 12539
0 1 12541
0 1 12543
0 1 12544
0 1 12545
0 1 12546
0 1 12547
0 1 12550
0 1 12552
0 1 12554
0 1 12555
0 1 12556
0 1 12557
0 1 12558
0 1 12559
0 1 12560
0 1 12561
0 1 12563
0 1 12564
0 1 12565
0 1 12567
0 1 12569
0 1 12573
0 1 12574
0 1 12576
0 1 12577
0 1 12578
0 1 12580
0 1 12581
0 1 12582
0 1 12584
0 1 12585
0 1 12586
0 1 12587
0 1 12588
0 1 12591
0 1 12594
0 1 12595
0 1 12597
0 1 12598
0 1 12599
0 1 12600
0 1 12601
0 1 12603
0 1 12604
0 1 12605
0 1 12606
0 1 12608
0 1 12609
0 1 12611
0 1 12613
0 1 12615
0 1 12616
0 1 12618
0 1 12619
0 1 12620
0 1 12623
0 1 12624
0 1 12626
0 1 12627
0 1 12629
0 1 12630
0 1 12631
0 1 12632
0 1 12634
0 1 12635
0 1 12637
0 1 12638
0 1 12639
0 1 12640
0 1 12641
0 1 12642
0 1 12644
0 1 12645
0 1 12646
0 1 12652
0 1 12655
0 1 12656
0 1 12657
0 1 12658
0 1 12659
0 1 12660
0 1 12661
0 1 12664
0 1 12665
0 1 12666
0 1 12667
0 1 12669
0 1 12671
0 1 12676
0 1 12679
0 1 12681
0 1 12682
0 1 12683
0 1 12686
0 1 12687
0 1 12690
0 1 12692
0 1 12693
0 1 12694
0 1 12695
0 1 12696
0 1 12697
0 1 12698
0 1 12699
0 1 12701
0 1 12703
0 1 12704
0 1 12706
0 1 12707
0 1 12708
0 1 12709
0 1 12712
0 1 12713
0 1 12714
0 1 12716
0 1 12718
0 1 12719
0 1 12721
0 1 12723
0 1 12727
0 1 12729
0 1 12730
0 1 12735
0 1 12736
0 1 12737
0 1 12738
0 1 12739
0 1 12740
0 1 12741
0 1 12742
0 1 12745
0 1 12749
0 1 12750
0 1 12752
0 1 12753
0 1 12754
0 1 12755
0 1 12760
0 1 12761
0 1 12764
0 1 12765
0 1 12766
0 1 12767
0 1 12768
0 1 12769
0 1 12771
0 1 12773
0 1 12774
0 1 12776
0 1 12779
0 1 12781
0 1 12782
0 1 12783
0 1 12786
0 1 12787
0 1 12788
0 1 12790
0 1 12791
0 1 12792
0 1 12794
0 1 12797
0 1 12799
0 1 12804
0 1 12805
0 1 12806
0 1 12807
0 1 12808
0 1 12809
0 1 12810
0 1 12811
0 1 12812
0 1 12814
0 1 12815
0 1 12816
0 1 12817
0 1 12818
0 1 12821
0 1 12822
0 1 12824
0 1 12826
0 1 12827
0 1 12829
0 1 12830
0 1 12833
0 1 12834
0 1 12835
0 1 12838
0 1 12841
0 1 12843
0 1 12844
0 1 12845
0 1 12846
0 1 12847
0 1 12848
0 1 12849
0 1 12850
0 1 12851
0 1 12852
0 1 12856
0 1 12857
0 1 12858
0 1 12859
0 1 12862
0 1 12863
0 1 12866
0 1 12867
0 1 12868
0 1 12870
0 1 12871
0 1 12872
0 1 12874
0 1 12875
0 1 12879
0 1 12880
0 1 12881
0 1 12884
0 1 12885
0 1 12887
0 1 12889
0 1 12890
0 1 12891
0 1 12894
0 1 12896
0 1 12899
0 1 12900
0 1 12901
0 1 12907
0 1 12909
0 1 12910
0 1 12911
0 1 12912
0 1 12913
0 1 12914
0 1 12916
0 1 12917
0 1 12919
0 1 12920
0 1 12922
0 1 12924
0 1 12926
0 1 12928
0 1 12929
0 1 12931
0 1 12935
0 1 12936
0 1 12937
0 1 12938
0 1 12940
0 1 12943
0 1 12947
0 1 12949
0 1 12950
0 1 12952
0 1 12953
0 1 12956
0 1 12957
0 1 12959
0 1 12962
0 1 12963
0 1 12965
0 1 12966
0 1 12968
0 1 12969
0 1 12971
0 1 12972
0 1 12973
0 1 12974
0 1 12975
0 1 12976
0 1 12981
0 1 12982
0 1 12983
0 1 12985
0 1 12986
0 1 12987
0 1 12991
0 1 12993
0 1 12996
0 1 12998
0 1 12999
0 1 13000
0 1 13002
0 1 13004
0 1 13005
0 1 13006
0 1 13007
0 1 13008
0 1 13009
0 1 13011
0 1 13012
0 1 13013
0 1 13015
0 1 13016
0 1 13017
0 1 13018
0 1 13021
0 1 13022
0 1 13023
0 1 13025
0 1 13026
0 1 13028
0 1 13029
0 1 13030
0 1 13031
0 1 13032
0 1 13033
0 1 13034
0 1 13035
0 1 13036
0 1 13037
0 1 13038
0 1 13039
0 1 13041
0 1 13045
0 1 13047
0 1 13049
0 1 13050
0 1 13051
0 1 13052
0 1 13053
0 1 13054
0 1 13055
0 1 13060
0 1 13061
0 1 13062
0 1 13063
0 1 13065
0 1 13066
0 1 13067
0 1 13072
0 1 13073
0 1 13075
0 1 13078
0 1 13081
0 1 13083
0 1 13086
0 1 13089
0 1 13092
0 1 13096
0 1 13098
0 1 13099
0 1 13100
0 1 13101
0 1 13103
0 1 13104
0 1 13108
0 1 13109
0 1 13110
0 1 13111
0 1 13113
0 1 13114
0 1 13115
0 1 13117
0 1 13118
0 1 13120
0 1 13121
0 1 13122
0 1 13128
0 1 13129
0 1 13132
0 1 13133
0 1 13134
0 1 13136
0 1 13139
0 1 13140
0 1 13141
0 1 13142
0 1 13149
0 1 13150
0 1 13153
0 1 13154
0 1 13155
0 1 13156
0 1 13160
0 1 13162
0 1 13163
0 1 13164
0 1 13166
0 1 13168
0 1 13169
0 1 13170
0 1 13172
0 1 13174
0 1 13177
0 1 13178
0 1 13181
0 1 13182
0 1 13187
0 1 13190
0 1 13192
0 1 13194
0 1 13195
0 1 13198
0 1 13199
0 1 13201
0 1 13202
0 1 13203
0 1 13205
0 1 13207
0 1 13209
0 1 13210
0 1 13212
0 1 13215
0 1 13219
0 1 13221
0 1 13222
0 1 13225
0 1 13227
0 1 13229
0 1 13230
0 1 13233
0 1 13234
0 1 13235
0 1 13236
0 1 13237
0 1 13241
0 1 13243
0 1 13247
0 1 13248
0 1 13250
0 1 13252
0 1 13255
0 1 13258
0 1 13261
0 1 13266
0 1 13268
0 1 13269
0 1 13270
0 1 13271
0 1 13273
0 1 13274
0 1 13276
0 1 13277
0 1 13278
0 1 13279
0 1 13281
0 1 13282
0 1 13283
0 1 13284
0 1 13285
0 1 13286
0 1 13289
0 1 13290
0 1 13291
0 1 13292
0 1 13294
0 1 13295
0 1 13296
0 1 13299
0 1 13301
0 1 13302
0 1 13304
0 1 13306
0 1 13308
0 1 13311
0 1 13312
0 1 13314
0 1 13315
0 1 13316
0 1 13319
0 1 13320
0 1 13321
0 1 13326
0 1 13327
0 1 13329
0 1 13330
0 1 13331
0 1 13332
0 1 13336
0 1 13338
0 1 13339
0 1 13342
0 1 13343
0 1 13345
0 1 13346
0 1 13347
0 1 13348
0 1 13349
0 1 13351
0 1 13352
0 1 13353
0 1 13359
0 1 13360
0 1 13361
0 1 13368
0 1 13369
0 1 13370
0 1 13371
0 1 13372
0 1 13373
0 1 13374
0 1 13376
0 1 13377
0 1 13378
0 1 13379
0 1 13380
0 1 13382
0 1 13383
0 1 13387
0 1 13388
0 1 13391
0 1 13393
0 1 13395
0 1 13396
0 1 13399
0 1 13400
0 1 13401
0 1 13403
0 1 13404
0 1 13407
0 1 13408
0 1 13409
0 1 13411
0 1 13414
0 1 13415
0 1 13416
0 1 13417
0 1 13418
0 1 13419
0 1 13420
0 1 13421
0 1 13422
0 1 13425
0 1 13426
0 1 13427
0 1 13430
0 1 13432
0 1 13433
0 1 13436
0 1 13439
0 1 13444
0 1 13449
0 1 13450
0 1 13452
0 1 13454
0 1 13455
0 1 13456
0 1 13459
0 1 13460
0 1 13464
0 1 13466
0 1 13467
0 1 13469
0 1 13472
0 1 13474
0 1 13477
0 1 13478
0 1 13479
0 1 13480
0 1 13483
0 1 13484
0 1 13485
0 1 13486
0 1 13487
0 1 13490
0 1 13492
0 1 13493
0 1 13495
0 1 13496
0 1 13497
0 1 13498
0 1 13499
0 1 13502
0 1 13504
0 1 13506
0 1 13508
0 1 13510
0 1 13513
0 1 13514
0 1 13515
0 1 13517
0 1 13518
0 1 13520
0 1 13521
0 1 13522
0 1 13523
0 1 13526
0 1 13528
0 1 13532
0 1 13533
0 1 13534
0 1 13537
0 1 13538
0 1 13539
0 1 13540
0 1 13541
0 1 13542
0 1 13546
0 1 13548
0 1 13549
0 1 13550
0 1 13551
0 1 13552
0 1 13553
0 1 13558
0 1 13559
0 1 13560
0 1 13564
0 1 13565
0 1 13566
0 1 13568
0 1 13569
0 1 13575
0 1 13578
0 1 13580
0 1 13582
0 1 13583
0 1 13587
0 1 13590
0 1 13592
0 1 13596
0 1 13598
0 1 13599
0 1 13600
0 1 13601
0 1 13603
0 1 13604
0 1 13606
0 1 13607
0 1 13608
0 1 13609
0 1 13611
0 1 13612
0 1 13616
0 1 13617
0 1 13619
0 1 13621
0 1 13622
0 1 13623
0 1 13626
0 1 13628
0 1 13632
0 1 13635
0 1 13638
0 1 13639
0 1 13641
0 1 13642
0 1 13643
0 1 13644
0 1 13647
0 1 13648
0 1 13649
0 1 13652
0 1 13653
0 1 13655
0 1 13656
0 1 13657
0 1 13658
0 1 13660
0 1 13663
0 1 13665
0 1 13668
0 1 13669
0 1 13670
0 1 13672
0 1 13673
0 1 13676
0 1 13677
0 1 13679
0 1 13681
0 1 13682
0 1 13683
0 1 13684
0 1 13689
0 1 13690
0 1 13692
0 1 13694
0 1 13696
0 1 13697
0 1 13698
0 1 13699
0 1 13700
0 1 13701
0 1 13702
0 1 13704
0 1 13706
0 1 13708
0 1 13709
0 1 13711
0 1 13713
0 1 13715
0 1 13716
0 1 13717
0 1 13720
0 1 13721
0 1 13723
0 1 13724
0 1 13725
0 1 13726
0 1 13727
0 1 13728
0 1 13729
0 1 13730
0 1 13731
0 1 13732
0 1 13734
0 1 13736
0 1 13737
0 1 13738
0 1 13739
0 1 13741
0 1 13745
0 1 13747
0 1 13749
0 1 13753
0 1 13755
0 1 13756
0 1 13757
0 1 13758
0 1 13761
0 1 13762
0 1 13763
0 1 13765
0 1 13767
0 1 13768
0 1 13769
0 1 13770
0 1 13771
0 1 13773
0 1 13774
0 1 13775
0 1 13777
0 1 13779
0 1 13780
0 1 13781
0 1 13782
0 1 13784
0 1 13785
0 1 13786
0 1 13788
0 1 13790
0 1 13791
0 1 13793
0 1 13794
0 1 13797
0 1 13798
0 1 13800
0 1 13802
0 1 13803
0 1 13805
0 1 13806
0 1 13807
0 1 13812
0 1 13814
0 1 13815
0 1 13816
0 1 13817
0 1 13818
0 1 13819
0 1 13821
0 1 13822
0 1 13825
0 1 13826
0 1 13827
0 1 13828
0 1 13829
0 1 13831
0 1 13832
0 1 13833
0 1 13835
0 1 13840
0 1 13841
0 1 13842
0 1 13844
0 1 13845
0 1 13846
0 1 13849
0 1 13852
0 1 13853
0 1 13856
0 1 13857
0 1 13858
0 1 13859
0 1 13860
0 1 13863
0 1 13864
0 1 13865
0 1 13868
0 1 13869
0 1 13871
0 1 13872
0 1 13873
0 1 13874
0 1 13875
0 1 13877
0 1 13878
0 1 13881
0 1 13882
0 1 13884
0 1 13886
0 1 13887
0 1 13891
0 1 13893
0 1 13894
0 1 13895
0 1 13896
0 1 13897
0 1 13900
0 1 13905
0 1 13907
0 1 13908
0 1 13909
0 1 13911
0 1 13914
0 1 13915
0 1 13916
0 1 13917
0 1 13918
0 1 13919
0 1 13920
0 1 13923
0 1 13926
0 1 13930
0 1 13931
0 1 13932
0 1 13933
0 1 13936
0 1 13937
0 1 13939
0 1 13941
0 1 13942
0 1 13943
0 1 13944
0 1 13945
0 1 13946
0 1 13947
0 1 13948
0 1 13949
0 1 13950
0 1 13952
0 1 13954
0 1 13956
0 1 13957
0 1 13958
0 1 13959
0 1 13961
0 1 13962
0 1 13965
0 1 13966
0 1 13969
0 1 13970
0 1 13971
0 1 13973
0 1 13974
0 1 13975
0 1 13976
0 1 13977
0 1 13978
0 1 13979
0 1 13980
0 1 13982
0 1 13983
0 1 13984
0 1 13985
0 1 13987
0 1 13989
0 1 13990
0 1 13992
0 1 13993
0 1 13996
0 1 13997
0 1 13998
0 1 13999
0 1 14001
0 1 14002
0 1 14009
0 1 14010
0 1 14011
0 1 14014
0 1 14015
0 1 14017
0 1 14018
0 1 14020
0 1 14022
0 1 14024
0 1 14025
0 1 14026
0 1 14028
0 1 14029
0 1 14030
0 1 14031
0 1 14032
0 1 14034
0 1 14036
0 1 14037
0 1 14038
0 1 14042
0 1 14045
0 1 14046
0 1 14048
0 1 14050
0 1 14051
0 1 14052
0 1 14054
0 1 14056
0 1 14058
0 1 14060
0 1 14061
0 1 14063
0 1 14064
0 1 14066
0 1 14070
0 1 14073
0 1 14078
0 1 14079
0 1 14080
0 1 14081
0 1 14082
0 1 14083
0 1 14084
0 1 14085
0 1 14086
0 1 14087
0 1 14088
0 1 14089
0 1 14091
0 1 14092
0 1 14093
0 1 14094
0 1 14097
0 1 14099
0 1 14101
0 1 14102
0 1 14103
0 1 14105
0 1 14107
0 1 14108
0 1 14110
0 1 14111
0 1 14112
0 1 14114
0 1 14115
0 1 14117
0 1 14118
0 1 14121
0 1 14122
0 1 14123
0 1 14125
0 1 14126
0 1 14131
0 1 14132
0 1 14133
0 1 14135
0 1 14136
0 1 14138
0 1 14139
0 1 14140
0 1 14141
0 1 14144
0 1 14145
0 1 14146
0 1 14150
0 1 14151
0 1 14152
0 1 14153
0 1 14154
0 1 14155
0 1 14156
0 1 14157
0 1 14158
0 1 14159
0 1 14160
0 1 14161
0 1 14162
0 1 14165
0 1 14167
0 1 14169
0 1 14171
0 1 14172
0 1 14173
0 1 14177
0 1 14180
0 1 14181
0 1 14183
0 1 14184
0 1 14186
0 1 14187
0 1 14188
0 1 14189
0 1 14190
0 1 14193
0 1 14194
0 1 14195
0 1 14197
0 1 14198
0 1 14199
0 1 14200
0 1 14202
0 1 14206
0 1 14207
0 1 14208
0 1 14209
0 1 14211
0 1 14212
0 1 14215
0 1 14216
0 1 14217
0 1 14218
0 1 14219
0 1 14220
0 1 14224
0 1 14225
0 1 14227
0 1 14229
0 1 14230
0 1 14231
0 1 14232
0 1 14233
0 1 14235
0 1 14236
0 1 14238
0 1 14240
0 1 14241
0 1 14242
0 1 14243
0 1 14244
0 1 14245
0 1 14246
0 1 14249
0 1 14250
0 1 14252
0 1 14253
0 1 14257
0 1 14264
0 1 14267
0 1 14269
0 1 14270
0 1 14275
0 1 14278
0 1 14281
0 1 14282
0 1 14284
0 1 14286
0 1 14288
0 1 14292
0 1 14293
0 1 14296
0 1 14297
0 1 14299
0 1 14301
0 1 14302
0 1 14303
0 1 14304
0 1 14307
0 1 14309
0 1 14311
0 1 14314
0 1 14316
0 1 14317
0 1 14319
0 1 14320
0 1 14323
0 1 14325
0 1 14326
0 1 14329
0 1 14330
0 1 14331
0 1 14332
0 1 14333
0 1 14336
0 1 14337
0 1 14338
0 1 14339
0 1 14340
0 1 14343
0 1 14345
0 1 14346
0 1 14347
0 1 14348
0 1 14349
0 1 14350
0 1 14352
0 1 14354
0 1 14355
0 1 14357
0 1 14361
0 1 14363
0 1 14366
0 1 14368
0 1 14369
0 1 14370
0 1 14372
0 1 14373
0 1 14374
0 1 14376
0 1 14378
0 1 14381
0 1 14382
0 1 14383
0 1 14384
0 1 14387
0 1 14388
0 1 14389
0 1 14390
0 1 14391
0 1 14393
0 1 14395
0 1 14398
0 1 14399
0 1 14400
0 1 14403
0 1 14407
0 1 14410
0 1 14411
0 1 14412
0 1 14413
0 1 14414
0 1 14416
0 1 14417
0 1 14419
0 1 14420
0 1 14422
0 1 14423
0 1 14424
0 1 14425
0 1 14429
0 1 14430
0 1 14431
0 1 14432
0 1 14433
0 1 14434
0 1 14435
0 1 14436
0 1 14438
0 1 14439
0 1 14441
0 1 14442
0 1 14446
0 1 14447
0 1 14448
0 1 14450
0 1 14456
0 1 14457
0 1 14458
0 1 14459
0 1 14461
0 1 14462
0 1 14463
0 1 14464
0 1 14465
0 1 14466
0 1 14467
0 1 14469
0 1 14470
0 1 14471
0 1 14473
0 1 14474
0 1 14476
0 1 14477
0 1 14478
0 1 14480
0 1 14481
0 1 14482
0 1 14483
0 1 14484
0 1 14487
0 1 14489
0 1 14490
0 1 14492
0 1 14494
0 1 14495
0 1 14497
0 1 14498
0 1 14499
0 1 14503
0 1 14504
0 1 14506
0 1 14507
0 1 14508
0 1 14510
0 1 14511
0 1 14512
0 1 14513
0 1 14514
0 1 14515
0 1 14519
0 1 14520
0 1 14521
0 1 14522
0 1 14523
0 1 14524
0 1 14525
0 1 14526
0 1 14527
0 1 14528
0 1 14529
0 1 14530
0 1 14531
0 1 14533
0 1 14534
0 1 14535
0 1 14539
0 1 14540
0 1 14542
0 1 14543
0 1 14544
0 1 14545
0 1 14546
0 1 14549
0 1 14550
0 1 14551
0 1 14553
0 1 14554
0 1 14556
0 1 14557
0 1 14558
0 1 14560
0 1 14562
0 1 14563
0 1 14565
0 1 14566
0 1 14568
0 1 14571
0 1 14573
0 1 14574
0 1 14577
0 1 14578
0 1 14580
0 1 14581
0 1 14582
0 1 14585
0 1 14588
0 1 14589
0 1 14591
0 1 14592
0 1 14593
0 1 14594
0 1 14596
0 1 14597
0 1 14599
0 1 14600
0 1 14602
0 1 14603
0 1 14604
0 1 14605
0 1 14610
0 1 14614
0 1 14617
0 1 14618
0 1 14621
0 1 14622
0 1 14623
0 1 14624
0 1 14626
0 1 14627
0 1 14628
0 1 14629
0 1 14630
0 1 14631
0 1 14633
0 1 14635
0 1 14637
0 1 14639
0 1 14644
0 1 14645
0 1 14647
0 1 14648
0 1 14649
0 1 14651
0 1 14652
0 1 14654
0 1 14657
0 1 14659
0 1 14660
0 1 14663
0 1 14665
0 1 14668
0 1 14669
0 1 14671
0 1 14672
0 1 14676
0 1 14677
0 1 14683
0 1 14684
0 1 14685
0 1 14686
0 1 14687
0 1 14688
0 1 14690
0 1 14691
0 1 14692
0 1 14693
0 1 14695
0 1 14696
0 1 14697
0 1 14698
0 1 14699
0 1 14701
0 1 14703
0 1 14704
0 1 14705
0 1 14707
0 1 14709
0 1 14710
0 1 14712
0 1 14714
0 1 14719
0 1 14720
0 1 14723
0 1 14724
0 1 14726
0 1 14727
0 1 14731
0 1 14733
0 1 14736
0 1 14737
0 1 14738
0 1 14740
0 1 14742
0 1 14743
0 1 14746
0 1 14750
0 1 14751
0 1 14752
0 1 14753
0 1 14754
0 1 14755
0 1 14758
0 1 14759
0 1 14760
0 1 14761
0 1 14762
0 1 14765
0 1 14766
0 1 14767
0 1 14768
0 1 14769
0 1 14771
0 1 14772
0 1 14775
0 1 14776
0 1 14778
0 1 14781
0 1 14782
0 1 14783
0 1 14785
0 1 14786
0 1 14787
0 1 14788
0 1 14790
0 1 14793
0 1 14794
0 1 14796
0 1 14797
0 1 14799
0 1 14800
0 1 14801
0 1 14802
0 1 14804
0 1 14806
0 1 14808
0 1 14813
0 1 14814
0 1 14815
0 1 14816
0 1 14817
0 1 14818
0 1 14820
0 1 14822
0 1 14825
0 1 14826
0 1 14830
0 1 14831
0 1 14832
0 1 14833
0 1 14836
0 1 14838
0 1 14839
0 1 14840
0 1 14841
0 1 14844
0 1 14845
0 1 14846
0 1 14848
0 1 14851
0 1 14852
0 1 14853
0 1 14854
0 1 14855
0 1 14859
0 1 14860
0 1 14861
0 1 14862
0 1 14863
0 1 14864
0 1 14866
0 1 14867
0 1 14869
0 1 14872
0 1 14873
0 1 14875
0 1 14877
0 1 14880
0 1 14881
0 1 14882
0 1 14883
0 1 14885
0 1 14886
0 1 14889
0 1 14890
0 1 14892
0 1 14894
0 1 14897
0 1 14898
0 1 14900
0 1 14901
0 1 14902
0 1 14903
0 1 14904
0 1 14906
0 1 14907
0 1 14908
0 1 14909
0 1 14910
0 1 14912
0 1 14915
0 1 14917
0 1 14919
0 1 14921
0 1 14924
0 1 14925
0 1 14926
0 1 14928
0 1 14929
0 1 14932
0 1 14933
0 1 14934
0 1 14935
0 1 14936
0 1 14937
0 1 14938
0 1 14939
0 1 14941
0 1 14942
0 1 14943
0 1 14944
0 1 14946
0 1 14948
0 1 14949
0 1 14950
0 1 14951
0 1 14952
0 1 14956
0 1 14962
0 1 14963
0 1 14966
0 1 14968
0 1 14969
0 1 14971
0 1 14972
0 1 14973
0 1 14974
0 1 14975
0 1 14976
0 1 14977
0 1 14979
0 1 14980
0 1 14982
0 1 14984
0 1 14985
0 1 14987
0 1 14988
0 1 14992
0 1 14995
0 1 14996
0 1 14997
0 1 14998
0 1 14999
0 1 15000
0 1 15001
0 1 15005
0 1 15008
0 1 15011
0 1 15012
0 1 15013
0 1 15014
0 1 15015
0 1 15019
0 1 15020
0 1 15021
0 1 15023
0 1 15024
0 1 15025
0 1 15027
0 1 15029
0 1 15033
0 1 15034
0 1 15035
0 1 15036
0 1 15037
0 1 15041
0 1 15042
0 1 15043
0 1 15046
0 1 15047
0 1 15048
0 1 15052
0 1 15053
0 1 15056
0 1 15058
0 1 15060
0 1 15061
0 1 15062
0 1 15064
0 1 15065
0 1 15067
0 1 15068
0 1 15072
0 1 15073
0 1 15075
0 1 15076
0 1 15077
0 1 15079
0 1 15081
0 1 15082
0 1 15083
0 1 15085
0 1 15086
0 1 15087
0 1 15088
0 1 15089
0 1 15090
0 1 15091
0 1 15092
0 1 15094
0 1 15096
0 1 15100
0 1 15101
0 1 15103
0 1 15104
0 1 15106
0 1 15107
0 1 15109
0 1 15110
0 1 15111
0 1 15112
0 1 15113
0 1 15115
0 1 15116
0 1 15119
0 1 15123
0 1 15124
0 1 15126
0 1 15127
0 1 15128
0 1 15130
0 1 15131
0 1 15132
0 1 15133
0 1 15136
0 1 15137
0 1 15138
0 1 15139
0 1 15140
0 1 15141
0 1 15143
0 1 15145
0 1 15146
0 1 15147
0 1 15148
0 1 15149
0 1 15150
0 1 15151
0 1 15155
0 1 15156
0 1 15159
0 1 15163
0 1 15166
0 1 15167
0 1 15169
0 1 15170
0 1 15171
0 1 15173
0 1 15174
0 1 15175
0 1 15176
0 1 15179
0 1 15180
0 1 15182
0 1 15183
0 1 15184
0 1 15186
0 1 15189
0 1 15190
0 1 15191
0 1 15193
0 1 15194
0 1 15195
0 1 15196
0 1 15198
0 1 15199
0 1 15200
0 1 15201
0 1 15202
0 1 15205
0 1 15206
0 1 15207
0 1 15212
0 1 15213
0 1 15215
0 1 15217
0 1 15220
0 1 15222
0 1 15224
0 1 15226
0 1 15227
0 1 15228
0 1 15229
0 1 15230
0 1 15231
0 1 15234
0 1 15237
0 1 15238
0 1 15239
0 1 15240
0 1 15241
0 1 15242
0 1 15247
0 1 15248
0 1 15249
0 1 15250
0 1 15251
0 1 15254
0 1 15256
0 1 15257
0 1 15258
0 1 15260
0 1 15261
0 1 15262
0 1 15264
0 1 15265
0 1 15266
0 1 15267
0 1 15268
0 1 15269
0 1 15271
0 1 15272
0 1 15273
0 1 15274
0 1 15276
0 1 15277
0 1 15280
0 1 15281
0 1 15282
0 1 15284
0 1 15285
0 1 15287
0 1 15290
0 1 15291
0 1 15292
0 1 15293
0 1 15296
0 1 15299
0 1 15300
0 1 15301
0 1 15302
0 1 15303
0 1 15305
0 1 15306
0 1 15307
0 1 15308
0 1 15312
0 1 15314
0 1 15315
0 1 15317
0 1 15318
0 1 15319
0 1 15321
0 1 15322
0 1 15323
0 1 15324
0 1 15325
0 1 15326
0 1 15328
0 1 15330
0 1 15331
0 1 15332
0 1 15333
0 1 15334
0 1 15336
0 1 15338
0 1 15341
0 1 15342
0 1 15343
0 1 15348
0 1 15350
0 1 15351
0 1 15354
0 1 15356
0 1 15358
0 1 15359
0 1 15362
0 1 15363
0 1 15364
0 1 15366
0 1 15368
0 1 15369
0 1 15371
0 1 15372
0 1 15374
0 1 15375
0 1 15376
0 1 15378
0 1 15381
0 1 15382
0 1 15383
0 1 15384
0 1 15386
0 1 15387
0 1 15388
0 1 15389
0 1 15390
0 1 15392
0 1 15395
0 1 15397
0 1 15398
0 1 15399
0 1 15400
0 1 15402
0 1 15404
0 1 15405
0 1 15406
0 1 15407
0 1 15409
0 1 15410
0 1 15412
0 1 15413
0 1 15414
0 1 15417
0 1 15418
0 1 15419
0 1 15422
0 1 15423
0 1 15425
0 1 15426
0 1 15430
0 1 15433
0 1 15434
0 1 15435
0 1 15436
0 1 15437
0 1 15438
0 1 15439
0 1 15441
0 1 15442
0 1 15445
0 1 15446
0 1 15447
0 1 15449
0 1 15450
0 1 15451
0 1 15452
0 1 15454
0 1 15455
0 1 15456
0 1 15458
0 1 15461
0 1 15462
0 1 15463
0 1 15464
0 1 15466
0 1 15467
0 1 15469
0 1 15471
0 1 15472
0 1 15474
0 1 15475
0 1 15476
0 1 15477
0 1 15478
0 1 15481
0 1 15484
0 1 15485
0 1 15488
0 1 15489
0 1 15490
0 1 15493
0 1 15494
0 1 15495
0 1 15496
0 1 15497
0 1 15498
0 1 15502
0 1 15503
0 1 15505
0 1 15506
0 1 15507
0 1 15509
0 1 15510
0 1 15511
0 1 15514
0 1 15515
0 1 15516
0 1 15517
0 1 15518
0 1 15520
0 1 15521
0 1 15523
0 1 15524
0 1 15526
0 1 15527
0 1 15529
0 1 15531
0 1 15536
0 1 15538
0 1 15539
0 1 15540
0 1 15541
0 1 15542
0 1 15544
0 1 15546
0 1 15547
0 1 15548
0 1 15550
0 1 15551
0 1 15552
0 1 15554
0 1 15555
0 1 15556
0 1 15557
0 1 15560
0 1 15562
0 1 15563
0 1 15565
0 1 15566
0 1 15567
0 1 15568
0 1 15571
0 1 15573
0 1 15574
0 1 15575
0 1 15576
0 1 15578
0 1 15580
0 1 15581
0 1 15582
0 1 15583
0 1 15584
0 1 15585
0 1 15586
0 1 15588
0 1 15589
0 1 15590
0 1 15591
0 1 15592
0 1 15595
0 1 15597
0 1 15598
0 1 15599
0 1 15601
0 1 15605
0 1 15607
0 1 15609
0 1 15611
0 1 15612
0 1 15614
0 1 15615
0 1 15616
0 1 15617
0 1 15619
0 1 15620
0 1 15624
0 1 15625
0 1 15626
0 1 15629
0 1 15630
0 1 15631
0 1 15632
0 1 15633
0 1 15635
0 1 15637
0 1 15639
0 1 15640
0 1 15641
0 1 15643
0 1 15645
0 1 15646
0 1 15647
0 1 15648
0 1 15649
0 1 15650
0 1 15651
0 1 15654
0 1 15655
0 1 15656
0 1 15657
0 1 15658
0 1 15659
0 1 15660
0 1 15661
0 1 15662
0 1 15663
0 1 15664
0 1 15666
0 1 15667
0 1 15670
0 1 15671
0 1 15672
0 1 15673
0 1 15674
0 1 15676
0 1 15677
0 1 15682
0 1 15683
0 1 15685
0 1 15686
0 1 15690
0 1 15691
0 1 15693
0 1 15695
0 1 15696
0 1 15698
0 1 15699
0 1 15700
0 1 15701
0 1 15702
0 1 15704
0 1 15705
0 1 15708
0 1 15709
0 1 15711
0 1 15713
0 1 15714
0 1 15717
0 1 15718
0 1 15719
0 1 15720
0 1 15722
0 1 15723
0 1 15725
0 1 15726
0 1 15729
0 1 15730
0 1 15735
0 1 15736
0 1 15737
0 1 15739
0 1 15740
0 1 15741
0 1 15742
0 1 15743
0 1 15744
0 1 15745
0 1 15746
0 1 15751
0 1 15754
0 1 15755
0 1 15759
0 1 15760
0 1 15763
0 1 15764
0 1 15766
0 1 15768
0 1 15770
0 1 15771
0 1 15772
0 1 15773
0 1 15774
0 1 15775
0 1 15778
0 1 15779
0 1 15780
0 1 15781
0 1 15783
0 1 15784
0 1 15785
0 1 15787
0 1 15789
0 1 15792
0 1 15793
0 1 15796
0 1 15797
0 1 15798
0 1 15799
0 1 15800
0 1 15801
0 1 15803
0 1 15806
0 1 15807
0 1 15808
0 1 15809
0 1 15813
0 1 15816
0 1 15817
0 1 15820
0 1 15821
0 1 15824
0 1 15825
0 1 15826
0 1 15828
0 1 15830
0 1 15831
0 1 15833
0 1 15834
0 1 15839
0 1 15840
0 1 15842
0 1 15844
0 1 15845
0 1 15846
0 1 15849
0 1 15850
0 1 15851
0 1 15852
0 1 15853
0 1 15855
0 1 15856
0 1 15857
0 1 15859
0 1 15860
0 1 15861
0 1 15863
0 1 15864
0 1 15866
0 1 15867
0 1 15868
0 1 15871
0 1 15873
0 1 15874
0 1 15876
0 1 15877
0 1 15880
0 1 15881
0 1 15882
0 1 15884
0 1 15885
0 1 15887
0 1 15888
0 1 15890
0 1 15891
0 1 15893
0 1 15894
0 1 15896
0 1 15897
0 1 15899
0 1 15900
0 1 15901
0 1 15902
0 1 15904
0 1 15906
0 1 15907
0 1 15909
0 1 15911
0 1 15912
0 1 15915
0 1 15916
0 1 15917
0 1 15921
0 1 15926
0 1 15928
0 1 15929
0 1 15930
0 1 15931
0 1 15933
0 1 15935
0 1 15936
0 1 15938
0 1 15939
0 1 15941
0 1 15942
0 1 15945
0 1 15947
0 1 15948
0 1 15951
0 1 15954
0 1 15956
0 1 15957
0 1 15960
0 1 15961
0 1 15965
0 1 15966
0 1 15970
0 1 15972
0 1 15974
0 1 15977
0 1 15979
0 1 15980
0 1 15981
0 1 15983
0 1 15984
0 1 15985
0 1 15987
0 1 15988
0 1 15989
0 1 15990
0 1 15992
0 1 15993
0 1 15994
0 1 15995
0 1 15996
0 1 16004
0 1 16005
0 1 16006
0 1 16009
0 1 16010
0 1 16015
0 1 16016
0 1 16017
0 1 16018
0 1 16019
0 1 16020
0 1 16022
0 1 16023
0 1 16025
0 1 16026
0 1 16028
0 1 16031
0 1 16035
0 1 16037
0 1 16038
0 1 16041
0 1 16042
0 1 16044
0 1 16046
0 1 16047
0 1 16048
0 1 16049
0 1 16051
0 1 16052
0 1 16054
0 1 16057
0 1 16058
0 1 16062
0 1 16063
0 1 16065
0 1 16066
0 1 16067
0 1 16068
0 1 16069
0 1 16070
0 1 16073
0 1 16074
0 1 16078
0 1 16079
0 1 16082
0 1 16083
0 1 16084
0 1 16085
0 1 16086
0 1 16087
0 1 16088
0 1 16089
0 1 16090
0 1 16091
0 1 16092
0 1 16094
0 1 16095
0 1 16096
0 1 16097
0 1 16099
0 1 16101
0 1 16103
0 1 16104
0 1 16105
0 1 16110
0 1 16112
0 1 16113
0 1 16114
0 1 16115
0 1 16116
0 1 16117
0 1 16118
0 1 16119
0 1 16120
0 1 16122
0 1 16123
0 1 16126
0 1 16127
0 1 16128
0 1 16130
0 1 16131
0 1 16134
0 1 16135
0 1 16137
0 1 16141
0 1 16142
0 1 16143
0 1 16145
0 1 16150
0 1 16152
0 1 16155
0 1 16158
0 1 16159
0 1 16160
0 1 16162
0 1 16163
0 1 16164
0 1 16165
0 1 16166
0 1 16175
0 1 16177
0 1 16178
0 1 16180
0 1 16181
0 1 16185
0 1 16186
0 1 16187
0 1 16189
0 1 16192
0 1 16194
0 1 16195
0 1 16199
0 1 16201
0 1 16206
0 1 16208
0 1 16211
0 1 16212
0 1 16213
0 1 16216
0 1 16217
0 1 16219
0 1 16221
0 1 16222
0 1 16224
0 1 16225
0 1 16226
0 1 16229
0 1 16230
0 1 16232
0 1 16233
0 1 16235
0 1 16236
0 1 16237
0 1 16239
0 1 16240
0 1 16241
0 1 16243
0 1 16244
0 1 16248
0 1 16250
0 1 16252
0 1 16253
0 1 16254
0 1 16256
0 1 16257
0 1 16260
0 1 16261
0 1 16262
0 1 16263
0 1 16264
0 1 16266
0 1 16267
0 1 16268
0 1 16269
0 1 16270
0 1 16271
0 1 16273
0 1 16274
0 1 16278
0 1 16279
0 1 16281
0 1 16282
0 1 16283
0 1 16286
0 1 16290
0 1 16292
0 1 16293
0 1 16294
0 1 16295
0 1 16296
0 1 16297
0 1 16298
0 1 16300
0 1 16301
0 1 16303
0 1 16305
0 1 16306
0 1 16307
0 1 16308
0 1 16310
0 1 16311
0 1 16312
0 1 16316
0 1 16317
0 1 16320
0 1 16322
0 1 16323
0 1 16324
0 1 16325
0 1 16327
0 1 16328
0 1 16329
0 1 16331
0 1 16335
0 1 16336
0 1 16339
0 1 16343
0 1 16344
0 1 16346
0 1 16347
0 1 16348
0 1 16352
0 1 16353
0 1 16354
0 1 16355
0 1 16356
0 1 16358
0 1 16359
0 1 16360
0 1 16363
0 1 16365
0 1 16367
0 1 16368
0 1 16369
0 1 16372
0 1 16373
0 1 16377
0 1 16379
0 1 16382
0 1 16383
0 1 16384
0 1 16385
0 1 16386
0 1 16389
0 1 16390
0 1 16395
0 1 16396
0 1 16399
0 1 16401
0 1 16403
0 1 16404
0 1 16407
0 1 16408
0 1 16409
0 1 16410
0 1 16411
0 1 16413
0 1 16417
0 1 16418
0 1 16419
0 1 16422
0 1 16423
0 1 16425
0 1 16426
0 1 16427
0 1 16428
0 1 16429
0 1 16432
0 1 16433
0 1 16434
0 1 16436
0 1 16437
0 1 16438
0 1 16439
0 1 16440
0 1 16441
0 1 16443
0 1 16444
0 1 16445
0 1 16446
0 1 16449
0 1 16451
0 1 16452
0 1 16454
0 1 16455
0 1 16457
0 1 16462
0 1 16465
0 1 16466
0 1 16468
0 1 16470
0 1 16471
0 1 16472
0 1 16473
0 1 16474
0 1 16475
0 1 16476
0 1 16478
0 1 16479
0 1 16481
0 1 16482
0 1 16484
0 1 16485
0 1 16487
0 1 16488
0 1 16489
0 1 16490
0 1 16491
0 1 16492
0 1 16494
0 1 16499
0 1 16500
0 1 16501
0 1 16502
0 1 16505
0 1 16506
0 1 16507
0 1 16508
0 1 16509
0 1 16510
0 1 16513
0 1 16514
0 1 16515
0 1 16518
0 1 16519
0 1 16522
0 1 16523
0 1 16525
0 1 16526
0 1 16527
0 1 16528
0 1 16529
0 1 16530
0 1 16531
0 1 16538
0 1 16539
0 1 16542
0 1 16543
0 1 16544
0 1 16545
0 1 16546
0 1 16547
0 1 16550
0 1 16551
0 1 16553
0 1 16555
0 1 16556
0 1 16557
0 1 16562
0 1 16570
0 1 16571
0 1 16574
0 1 16575
0 1 16576
0 1 16578
0 1 16579
0 1 16580
0 1 16585
0 1 16586
0 1 16587
0 1 16589
0 1 16590
0 1 16592
0 1 16593
0 1 16594
0 1 16595
0 1 16596
0 1 16598
0 1 16599
0 1 16600
0 1 16603
0 1 16604
0 1 16607
0 1 16608
0 1 16611
0 1 16614
0 1 16615
0 1 16619
0 1 16622
0 1 16624
0 1 16625
0 1 16629
0 1 16630
0 1 16632
0 1 16634
0 1 16635
0 1 16637
0 1 16638
0 1 16641
0 1 16642
0 1 16643
0 1 16644
0 1 16645
0 1 16647
0 1 16648
0 1 16649
0 1 16651
0 1 16652
0 1 16654
0 1 16656
0 1 16658
0 1 16659
0 1 16660
0 1 16662
0 1 16663
0 1 16665
0 1 16666
0 1 16667
0 1 16668
0 1 16669
0 1 16671
0 1 16672
0 1 16673
0 1 16675
0 1 16676
0 1 16677
0 1 16678
0 1 16680
0 1 16683
0 1 16684
0 1 16685
0 1 16686
0 1 16688
0 1 16689
0 1 16690
0 1 16691
0 1 16692
0 1 16695
0 1 16696
0 1 16697
0 1 16698
0 1 16699
0 1 16700
0 1 16701
0 1 16703
0 1 16705
0 1 16707
0 1 16708
0 1 16709
0 1 16710
0 1 16711
0 1 16712
0 1 16717
0 1 16720
0 1 16722
0 1 16723
0 1 16724
0 1 16725
0 1 16726
0 1 16728
0 1 16729
0 1 16730
0 1 16732
0 1 16733
0 1 16734
0 1 16735
0 1 16736
0 1 16740
0 1 16741
0 1 16742
0 1 16744
0 1 16745
0 1 16746
0 1 16747
0 1 16748
0 1 16750
0 1 16751
0 1 16752
0 1 16753
0 1 16758
0 1 16759
0 1 16760
0 1 16763
0 1 16764
0 1 16765
0 1 16769
0 1 16771
0 1 16772
0 1 16773
0 1 16774
0 1 16777
0 1 16779
0 1 16786
0 1 16788
0 1 16791
0 1 16792
0 1 16793
0 1 16794
0 1 16795
0 1 16797
0 1 16798
0 1 16800
0 1 16801
0 1 16802
0 1 16803
0 1 16804
0 1 16805
0 1 16806
0 1 16807
0 1 16808
0 1 16809
0 1 16810
0 1 16811
0 1 16813
0 1 16814
0 1 16816
0 1 16818
0 1 16819
0 1 16820
0 1 16822
0 1 16827
0 1 16828
0 1 16831
0 1 16833
0 1 16835
0 1 16836
0 1 16837
0 1 16839
0 1 16843
0 1 16845
0 1 16850
0 1 16852
0 1 16853
0 1 16854
0 1 16858
0 1 16859
0 1 16860
0 1 16861
0 1 16864
0 1 16865
0 1 16866
0 1 16868
0 1 16869
0 1 16870
0 1 16873
0 1 16877
0 1 16878
0 1 16880
0 1 16881
0 1 16883
0 1 16884
0 1 16885
0 1 16888
0 1 16890
0 1 16894
0 1 16895
0 1 16896
0 1 16897
0 1 16898
0 1 16899
0 1 16900
0 1 16902
0 1 16904
0 1 16907
0 1 16910
0 1 16911
0 1 16916
0 1 16917
0 1 16919
0 1 16921
0 1 16922
0 1 16923
0 1 16925
0 1 16927
0 1 16928
0 1 16929
0 1 16930
0 1 16931
0 1 16932
0 1 16933
0 1 16934
0 1 16937
0 1 16938
0 1 16939
0 1 16941
0 1 16943
0 1 16944
0 1 16945
0 1 16949
0 1 16950
0 1 16952
0 1 16953
0 1 16955
0 1 16956
0 1 16958
0 1 16959
0 1 16960
0 1 16961
0 1 16963
0 1 16965
0 1 16968
0 1 16969
0 1 16976
0 1 16977
0 1 16980
0 1 16981
0 1 16984
0 1 16985
0 1 16986
0 1 16988
0 1 16989
0 1 16990
0 1 16991
0 1 16992
0 1 16993
0 1 16998
0 1 17001
0 1 17004
0 1 17010
0 1 17011
0 1 17014
0 1 17015
0 1 17017
0 1 17018
0 1 17019
0 1 17021
0 1 17024
0 1 17025
0 1 17027
0 1 17028
0 1 17029
0 1 17032
0 1 17036
0 1 17037
0 1 17038
0 1 17039
0 1 17040
0 1 17042
0 1 17044
0 1 17045
0 1 17046
0 1 17047
0 1 17049
0 1 17050
0 1 17051
0 1 17052
0 1 17054
0 1 17055
0 1 17057
0 1 17058
0 1 17059
0 1 17060
0 1 17061
0 1 17062
0 1 17063
0 1 17067
0 1 17069
0 1 17070
0 1 17072
0 1 17073
0 1 17074
0 1 17076
0 1 17077
0 1 17079
0 1 17080
0 1 17081
0 1 17083
0 1 17087
0 1 17090
0 1 17091
0 1 17092
0 1 17094
0 1 17095
0 1 17096
0 1 17097
0 1 17099
0 1 17101
0 1 17102
0 1 17104
0 1 17106
0 1 17107
0 1 17108
0 1 17110
0 1 17112
0 1 17114
0 1 17117
0 1 17118
0 1 17120
0 1 17121
0 1 17123
0 1 17124
0 1 17125
0 1 17126
0 1 17127
0 1 17129
0 1 17130
0 1 17137
0 1 17138
0 1 17139
0 1 17140
0 1 17142
0 1 17143
0 1 17145
0 1 17149
0 1 17150
0 1 17151
0 1 17153
0 1 17155
0 1 17156
0 1 17158
0 1 17161
0 1 17163
0 1 17164
0 1 17165
0 1 17169
0 1 17170
0 1 17174
0 1 17175
0 1 17176
0 1 17177
0 1 17180
0 1 17182
0 1 17183
0 1 17184
0 1 17185
0 1 17186
0 1 17188
0 1 17189
0 1 17190
0 1 17191
0 1 17192
0 1 17193
0 1 17195
0 1 17197
0 1 17198
0 1 17199
0 1 17201
0 1 17202
0 1 17208
0 1 17211
0 1 17212
0 1 17213
0 1 17214
0 1 17215
0 1 17216
0 1 17220
0 1 17221
0 1 17222
0 1 17223
0 1 17226
0 1 17228
0 1 17232
0 1 17233
0 1 17234
0 1 17235
0 1 17240
0 1 17243
0 1 17244
0 1 17245
0 1 17246
0 1 17247
0 1 17249
0 1 17250
0 1 17252
0 1 17254
0 1 17256
0 1 17258
0 1 17259
0 1 17260
0 1 17263
0 1 17264
0 1 17265
0 1 17270
0 1 17271
0 1 17273
0 1 17274
0 1 17275
0 1 17276
0 1 17277
0 1 17280
0 1 17281
0 1 17282
0 1 17288
0 1 17290
0 1 17291
0 1 17293
0 1 17295
0 1 17296
0 1 17297
0 1 17300
0 1 17301
0 1 17302
0 1 17304
0 1 17306
0 1 17307
0 1 17308
0 1 17310
0 1 17311
0 1 17315
0 1 17316
0 1 17317
0 1 17318
0 1 17319
0 1 17321
0 1 17322
0 1 17324
0 1 17326
0 1 17327
0 1 17328
0 1 17329
0 1 17332
0 1 17333
0 1 17334
0 1 17335
0 1 17337
0 1 17339
0 1 17341
0 1 17346
0 1 17349
0 1 17350
0 1 17353
0 1 17356
0 1 17357
0 1 17359
0 1 17360
0 1 17362
0 1 17364
0 1 17366
0 1 17369
0 1 17371
0 1 17375
0 1 17377
0 1 17378
0 1 17379
0 1 17381
0 1 17382
0 1 17383
0 1 17384
0 1 17386
0 1 17387
0 1 17390
0 1 17391
0 1 17392
0 1 17394
0 1 17395
0 1 17397
0 1 17398
0 1 17402
0 1 17403
0 1 17404
0 1 17406
0 1 17407
0 1 17408
0 1 17409
0 1 17411
0 1 17412
0 1 17413
0 1 17418
0 1 17419
0 1 17421
0 1 17423
0 1 17426
0 1 17427
0 1 17428
0 1 17431
0 1 17433
0 1 17434
0 1 17435
0 1 17437
0 1 17439
0 1 17440
0 1 17441
0 1 17442
0 1 17445
0 1 17447
0 1 17448
0 1 17449
0 1 17450
0 1 17454
0 1 17455
0 1 17456
0 1 17459
0 1 17460
0 1 17461
0 1 17462
0 1 17463
0 1 17464
0 1 17465
0 1 17466
0 1 17467
0 1 17468
0 1 17471
0 1 17473
0 1 17475
0 1 17476
0 1 17477
0 1 17479
0 1 17481
0 1 17482
0 1 17483
0 1 17485
0 1 17488
0 1 17489
0 1 17490
0 1 17492
0 1 17493
0 1 17495
0 1 17498
0 1 17499
0 1 17500
0 1 17501
0 1 17502
0 1 17504
0 1 17505
0 1 17506
0 1 17507
0 1 17508
0 1 17509
0 1 17510
0 1 17513
0 1 17515
0 1 17517
0 1 17518
0 1 17522
0 1 17524
0 1 17525
0 1 17526
0 1 17527
0 1 17528
0 1 17529
0 1 17530
0 1 17531
0 1 17533
0 1 17538
0 1 17540
0 1 17541
0 1 17544
0 1 17545
0 1 17546
0 1 17547
0 1 17548
0 1 17549
0 1 17550
0 1 17554
0 1 17559
0 1 17561
0 1 17562
0 1 17563
0 1 17565
0 1 17569
0 1 17570
0 1 17571
0 1 17572
0 1 17574
0 1 17575
0 1 17576
0 1 17577
0 1 17580
0 1 17583
0 1 17584
0 1 17585
0 1 17587
0 1 17588
0 1 17590
0 1 17593
0 1 17596
0 1 17598
0 1 17600
0 1 17601
0 1 17603
0 1 17604
0 1 17611
0 1 17615
0 1 17616
0 1 17618
0 1 17619
0 1 17620
0 1 17621
0 1 17622
0 1 17625
0 1 17626
0 1 17628
0 1 17629
0 1 17631
0 1 17633
0 1 17634
0 1 17636
0 1 17637
0 1 17638
0 1 17639
0 1 17640
0 1 17641
0 1 17642
0 1 17644
0 1 17645
0 1 17646
0 1 17648
0 1 17649
0 1 17650
0 1 17662
0 1 17663
0 1 17664
0 1 17665
0 1 17666
0 1 17667
0 1 17668
0 1 17670
0 1 17674
0 1 17675
0 1 17677
0 1 17678
0 1 17679
0 1 17681
0 1 17682
0 1 17683
0 1 17685
0 1 17686
0 1 17687
0 1 17688
0 1 17691
0 1 17692
0 1 17693
0 1 17695
0 1 17697
0 1 17698
0 1 17699
0 1 17700
0 1 17704
0 1 17707
0 1 17709
0 1 17711
0 1 17712
0 1 17713
0 1 17714
0 1 17715
0 1 17717
0 1 17718
0 1 17719
0 1 17720
0 1 17722
0 1 17724
0 1 17725
0 1 17732
0 1 17733
0 1 17734
0 1 17737
0 1 17741
0 1 17743
0 1 17745
0 1 17746
0 1 17747
0 1 17752
0 1 17753
0 1 17754
0 1 17755
0 1 17756
0 1 17760
0 1 17762
0 1 17763
0 1 17765
0 1 17769
0 1 17770
0 1 17773
0 1 17774
0 1 17775
0 1 17776
0 1 17777
0 1 17778
0 1 17780
0 1 17781
0 1 17782
0 1 17785
0 1 17786
0 1 17787
0 1 17789
0 1 17792
0 1 17794
0 1 17795
0 1 17798
0 1 17799
0 1 17801
0 1 17802
0 1 17806
0 1 17807
0 1 17809
0 1 17812
0 1 17813
0 1 17816
0 1 17817
0 1 17818
0 1 17819
0 1 17823
0 1 17828
0 1 17829
0 1 17832
0 1 17835
0 1 17839
0 1 17842
0 1 17844
0 1 17845
0 1 17847
0 1 17849
0 1 17850
0 1 17851
0 1 17852
0 1 17854
0 1 17855
0 1 17858
0 1 17861
0 1 17863
0 1 17864
0 1 17866
0 1 17867
0 1 17868
0 1 17869
0 1 17871
0 1 17872
0 1 17873
0 1 17875
0 1 17878
0 1 17880
0 1 17881
0 1 17883
0 1 17884
0 1 17885
0 1 17888
0 1 17889
0 1 17890
0 1 17892
0 1 17893
0 1 17894
0 1 17895
0 1 17896
0 1 17897
0 1 17898
0 1 17899
0 1 17900
0 1 17901
0 1 17905
0 1 17908
0 1 17909
0 1 17911
0 1 17912
0 1 17914
0 1 17916
0 1 17917
0 1 17919
0 1 17921
0 1 17922
0 1 17924
0 1 17926
0 1 17929
0 1 17930
0 1 17931
0 1 17932
0 1 17933
0 1 17934
0 1 17935
0 1 17940
0 1 17941
0 1 17942
0 1 17943
0 1 17944
0 1 17946
0 1 17947
0 1 17948
0 1 17949
0 1 17952
0 1 17958
0 1 17961
0 1 17962
0 1 17963
0 1 17964
0 1 17966
0 1 17967
0 1 17968
0 1 17970
0 1 17974
0 1 17976
0 1 17977
0 1 17978
0 1 17982
0 1 17984
0 1 17988
0 1 17991
0 1 17993
0 1 17994
0 1 17995
0 1 17996
0 1 17997
0 1 17998
0 1 17999
0 1 18001
0 1 18003
0 1 18004
0 1 18005
0 1 18006
0 1 18008
0 1 18009
0 1 18010
0 1 18013
0 1 18014
0 1 18016
0 1 18017
0 1 18019
0 1 18020
0 1 18021
0 1 18025
0 1 18026
0 1 18027
0 1 18028
0 1 18029
0 1 18030
0 1 18033
0 1 18034
0 1 18035
0 1 18037
0 1 18039
0 1 18040
0 1 18041
0 1 18042
0 1 18043
0 1 18045
0 1 18046
0 1 18047
0 1 18048
0 1 18049
0 1 18051
0 1 18056
0 1 18057
0 1 18058
0 1 18059
0 1 18060
0 1 18061
0 1 18062
0 1 18065
0 1 18066
0 1 18067
0 1 18069
0 1 18071
0 1 18072
0 1 18074
0 1 18076
0 1 18077
0 1 18079
0 1 18080
0 1 18081
0 1 18082
0 1 18084
0 1 18085
0 1 18088
0 1 18091
0 1 18092
0 1 18093
0 1 18097
0 1 18099
0 1 18101
0 1 18103
0 1 18104
0 1 18105
0 1 18107
0 1 18110
0 1 18111
0 1 18112
0 1 18114
0 1 18115
0 1 18117
0 1 18118
0 1 18119
0 1 18121
0 1 18122
0 1 18123
0 1 18124
0 1 18125
0 1 18126
0 1 18128
0 1 18129
0 1 18131
0 1 18132
0 1 18133
0 1 18134
0 1 18135
0 1 18138
0 1 18139
0 1 18141
0 1 18146
0 1 18148
0 1 18149
0 1 18150
0 1 18153
0 1 18154
0 1 18156
0 1 18159
0 1 18160
0 1 18161
0 1 18163
0 1 18164
0 1 18166
0 1 18168
0 1 18169
0 1 18170
0 1 18171
0 1 18173
0 1 18176
0 1 18177
0 1 18179
0 1 18180
0 1 18181
0 1 18182
0 1 18185
0 1 18186
0 1 18188
0 1 18190
0 1 18192
0 1 18194
0 1 18197
0 1 18200
0 1 18201
0 1 18202
0 1 18203
0 1 18206
0 1 18207
0 1 18209
0 1 18210
0 1 18211
0 1 18219
0 1 18220
0 1 18221
0 1 18223
0 1 18224
0 1 18227
0 1 18228
0 1 18232
0 1 18233
0 1 18234
0 1 18235
0 1 18237
0 1 18239
0 1 18240
0 1 18242
0 1 18243
0 1 18245
0 1 18248
0 1 18250
0 1 18251
0 1 18253
0 1 18254
0 1 18257
0 1 18258
0 1 18259
0 1 18260
0 1 18263
0 1 18266
0 1 18268
0 1 18271
0 1 18274
0 1 18275
0 1 18277
0 1 18278
0 1 18279
0 1 18280
0 1 18282
0 1 18285
0 1 18287
0 1 18288
0 1 18289
0 1 18290
0 1 18291
0 1 18292
0 1 18293
0 1 18296
0 1 18297
0 1 18298
0 1 18300
0 1 18301
0 1 18305
0 1 18307
0 1 18308
0 1 18311
0 1 18312
0 1 18313
0 1 18314
0 1 18315
0 1 18316
0 1 18320
0 1 18321
0 1 18322
0 1 18324
0 1 18325
0 1 18326
0 1 18327
0 1 18329
0 1 18330
0 1 18331
0 1 18332
0 1 18335
0 1 18337
0 1 18341
0 1 18342
0 1 18343
0 1 18344
0 1 18345
0 1 18350
0 1 18353
0 1 18354
0 1 18355
0 1 18356
0 1 18357
0 1 18359
0 1 18360
0 1 18364
0 1 18369
0 1 18372
0 1 18373
0 1 18374
0 1 18375
0 1 18377
0 1 18379
0 1 18380
0 1 18381
0 1 18384
0 1 18386
0 1 18390
0 1 18393
0 1 18395
0 1 18396
0 1 18397
0 1 18398
0 1 18399
0 1 18400
0 1 18401
0 1 18403
0 1 18407
0 1 18408
0 1 18409
0 1 18410
0 1 18411
0 1 18414
0 1 18415
0 1 18416
0 1 18420
0 1 18421
0 1 18422
0 1 18424
0 1 18425
0 1 18426
0 1 18427
0 1 18428
0 1 18431
0 1 18432
0 1 18433
0 1 18434
0 1 18435
0 1 18436
0 1 18437
0 1 18438
0 1 18439
0 1 18440
0 1 18441
0 1 18442
0 1 18444
0 1 18447
0 1 18449
0 1 18450
0 1 18454
0 1 18455
0 1 18456
0 1 18457
0 1 18458
0 1 18461
0 1 18462
0 1 18464
0 1 18465
0 1 18469
0 1 18472
0 1 18473
0 1 18476
0 1 18477
0 1 18480
0 1 18481
0 1 18482
0 1 18485
0 1 18489
0 1 18490
0 1 18491
0 1 18493
0 1 18495
0 1 18497
0 1 18498
0 1 18500
0 1 18503
0 1 18504
0 1 18507
0 1 18508
0 1 18509
0 1 18510
0 1 18511
0 1 18513
0 1 18517
0 1 18518
0 1 18520
0 1 18522
0 1 18524
0 1 18525
0 1 18526
0 1 18527
0 1 18528
0 1 18529
0 1 18530
0 1 18533
0 1 18534
0 1 18536
0 1 18539
0 1 18541
0 1 18542
0 1 18543
0 1 18544
0 1 18545
0 1 18547
0 1 18549
0 1 18550
0 1 18551
0 1 18553
0 1 18558
0 1 18560
0 1 18562
0 1 18563
0 1 18566
0 1 18567
0 1 18569
0 1 18570
0 1 18571
0 1 18573
0 1 18574
0 1 18576
0 1 18579
0 1 18582
0 1 18583
0 1 18584
0 1 18586
0 1 18587
0 1 18589
0 1 18590
0 1 18592
0 1 18594
0 1 18595
0 1 18596
0 1 18599
0 1 18601
0 1 18605
0 1 18606
0 1 18607
0 1 18608
0 1 18610
0 1 18614
0 1 18615
0 1 18619
0 1 18623
0 1 18624
0 1 18625
0 1 18627
0 1 18628
0 1 18629
0 1 18630
0 1 18631
0 1 18632
0 1 18634
0 1 18637
0 1 18640
0 1 18641
0 1 18642
0 1 18643
0 1 18644
0 1 18645
0 1 18646
0 1 18649
0 1 18650
0 1 18651
0 1 18653
0 1 18654
0 1 18656
0 1 18657
0 1 18660
0 1 18661
0 1 18662
0 1 18663
0 1 18664
0 1 18667
0 1 18669
0 1 18672
0 1 18674
0 1 18675
0 1 18676
0 1 18679
0 1 18685
0 1 18687
0 1 18691
0 1 18692
0 1 18693
0 1 18695
0 1 18697
0 1 18698
0 1 18701
0 1 18702
0 1 18706
0 1 18707
0 1 18710
0 1 18711
0 1 18712
0 1 18714
0 1 18721
0 1 18722
0 1 18723
0 1 18725
0 1 18726
0 1 18727
0 1 18729
0 1 18731
0 1 18732
0 1 18735
0 1 18736
0 1 18737
0 1 18739
0 1 18740
0 1 18741
0 1 18742
0 1 18743
0 1 18745
0 1 18747
0 1 18748
0 1 18749
0 1 18750
0 1 18752
0 1 18753
0 1 18761
0 1 18762
0 1 18763
0 1 18764
0 1 18765
0 1 18766
0 1 18767
0 1 18772
0 1 18774
0 1 18777
0 1 18778
0 1 18779
0 1 18781
0 1 18782
0 1 18783
0 1 18787
0 1 18790
0 1 18794
0 1 18795
0 1 18796
0 1 18797
0 1 18798
0 1 18801
0 1 18803
0 1 18804
0 1 18805
0 1 18808
0 1 18810
0 1 18811
0 1 18813
0 1 18816
0 1 18817
0 1 18818
0 1 18819
0 1 18820
0 1 18821
0 1 18822
0 1 18823
0 1 18824
0 1 18826
0 1 18828
0 1 18829
0 1 18832
0 1 18833
0 1 18835
0 1 18836
0 1 18841
0 1 18844
0 1 18849
0 1 18859
0 1 18861
0 1 18864
0 1 18865
0 1 18866
0 1 18867
0 1 18870
0 1 18871
0 1 18872
0 1 18873
0 1 18878
0 1 18881
0 1 18882
0 1 18883
0 1 18884
0 1 18887
0 1 18888
0 1 18889
0 1 18890
0 1 18891
0 1 18893
0 1 18894
0 1 18895
0 1 18896
0 1 18897
0 1 18898
0 1 18899
0 1 18902
0 1 18904
0 1 18905
0 1 18909
0 1 18911
0 1 18913
0 1 18914
0 1 18918
0 1 18919
0 1 18920
0 1 18921
0 1 18922
0 1 18924
0 1 18927
0 1 18928
0 1 18930
0 1 18931
0 1 18933
0 1 18934
0 1 18935
0 1 18936
0 1 18939
0 1 18940
0 1 18942
0 1 18943
0 1 18944
0 1 18945
0 1 18946
0 1 18949
0 1 18950
0 1 18952
0 1 18957
0 1 18959
0 1 18962
0 1 18963
0 1 18964
0 1 18966
0 1 18967
0 1 18968
0 1 18969
0 1 18970
0 1 18972
0 1 18973
0 1 18974
0 1 18976
0 1 18977
0 1 18978
0 1 18980
0 1 18981
0 1 18982
0 1 18983
0 1 18984
0 1 18985
0 1 18988
0 1 18990
0 1 18991
0 1 18992
0 1 18994
0 1 18996
0 1 18997
0 1 18998
0 1 19000
0 1 19001
0 1 19002
0 1 19004
0 1 19005
0 1 19007
0 1 19011
0 1 19016
0 1 19017
0 1 19019
0 1 19020
0 1 19021
0 1 19022
0 1 19024
0 1 19025
0 1 19026
0 1 19028
0 1 19030
0 1 19031
0 1 19032
0 1 19034
0 1 19036
0 1 19037
0 1 19039
0 1 19041
0 1 19043
0 1 19044
0 1 19045
0 1 19046
0 1 19047
0 1 19048
0 1 19049
0 1 19050
0 1 19051
0 1 19054
0 1 19055
0 1 19058
0 1 19059
0 1 19060
0 1 19062
0 1 19066
0 1 19067
0 1 19070
0 1 19071
0 1 19072
0 1 19073
0 1 19075
0 1 19078
0 1 19079
0 1 19081
0 1 19083
0 1 19086
0 1 19087
0 1 19088
0 1 19089
0 1 19090
0 1 19092
0 1 19094
0 1 19095
0 1 19096
0 1 19097
0 1 19099
0 1 19101
0 1 19102
0 1 19103
0 1 19108
0 1 19111
0 1 19112
0 1 19113
0 1 19116
0 1 19121
0 1 19124
0 1 19125
0 1 19126
0 1 19127
0 1 19128
0 1 19129
0 1 19130
0 1 19131
0 1 19134
0 1 19135
0 1 19136
0 1 19139
0 1 19142
0 1 19143
0 1 19144
0 1 19145
0 1 19146
0 1 19147
0 1 19148
0 1 19149
0 1 19150
0 1 19151
0 1 19152
0 1 19153
0 1 19154
0 1 19155
0 1 19156
0 1 19158
0 1 19159
0 1 19160
0 1 19164
0 1 19166
0 1 19167
0 1 19168
0 1 19171
0 1 19172
0 1 19174
0 1 19177
0 1 19180
0 1 19182
0 1 19185
0 1 19186
0 1 19187
0 1 19189
0 1 19190
0 1 19191
0 1 19192
0 1 19194
0 1 19197
0 1 19198
0 1 19199
0 1 19200
0 1 19201
0 1 19202
0 1 19203
0 1 19204
0 1 19205
0 1 19209
0 1 19212
0 1 19213
0 1 19214
0 1 19216
0 1 19218
0 1 19219
0 1 19220
0 1 19222
0 1 19223
0 1 19225
0 1 19226
0 1 19227
0 1 19231
0 1 19232
0 1 19234
0 1 19236
0 1 19239
0 1 19242
0 1 19243
0 1 19245
0 1 19250
0 1 19251
0 1 19252
0 1 19254
0 1 19255
0 1 19256
0 1 19257
0 1 19259
0 1 19263
0 1 19265
0 1 19266
0 1 19267
0 1 19268
0 1 19270
0 1 19272
0 1 19276
0 1 19277
0 1 19278
0 1 19279
0 1 19281
0 1 19283
0 1 19284
0 1 19285
0 1 19287
0 1 19288
0 1 19290
0 1 19291
0 1 19292
0 1 19296
0 1 19298
0 1 19300
0 1 19302
0 1 19304
0 1 19305
0 1 19307
0 1 19308
0 1 19309
0 1 19310
0 1 19311
0 1 19312
0 1 19313
0 1 19314
0 1 19319
0 1 19321
0 1 19322
0 1 19323
0 1 19326
0 1 19328
0 1 19329
0 1 19332
0 1 19333
0 1 19334
0 1 19335
0 1 19338
0 1 19344
0 1 19345
0 1 19346
0 1 19352
0 1 19354
0 1 19355
0 1 19358
0 1 19359
0 1 19360
0 1 19362
0 1 19365
0 1 19366
0 1 19370
0 1 19372
0 1 19378
0 1 19382
0 1 19384
0 1 19387
0 1 19389
0 1 19393
0 1 19394
0 1 19396
0 1 19397
0 1 19399
0 1 19406
0 1 19407
0 1 19409
0 1 19410
0 1 19411
0 1 19413
0 1 19415
0 1 19417
0 1 19418
0 1 19419
0 1 19420
0 1 19421
0 1 19423
0 1 19424
0 1 19426
0 1 19427
0 1 19428
0 1 19430
0 1 19431
0 1 19432
0 1 19434
0 1 19436
0 1 19441
0 1 19442
0 1 19443
0 1 19444
0 1 19446
0 1 19447
0 1 19449
0 1 19451
0 1 19453
0 1 19454
0 1 19455
0 1 19456
0 1 19457
0 1 19458
0 1 19461
0 1 19463
0 1 19466
0 1 19467
0 1 19468
0 1 19473
0 1 19475
0 1 19476
0 1 19479
0 1 19482
0 1 19483
0 1 19484
0 1 19485
0 1 19486
0 1 19488
0 1 19491
0 1 19492
0 1 19494
0 1 19495
0 1 19496
0 1 19499
0 1 19502
0 1 19503
0 1 19504
0 1 19507
0 1 19508
0 1 19509
0 1 19511
0 1 19513
0 1 19517
0 1 19520
0 1 19521
0 1 19522
0 1 19524
0 1 19525
0 1 19526
0 1 19527
0 1 19529
0 1 19530
0 1 19532
0 1 19533
0 1 19534
0 1 19536
0 1 19537
0 1 19539
0 1 19541
0 1 19543
0 1 19544
0 1 19546
0 1 19547
0 1 19549
0 1 19551
0 1 19552
0 1 19553
0 1 19555
0 1 19557
0 1 19558
0 1 19561
0 1 19563
0 1 19564
0 1 19567
0 1 19568
0 1 19569
0 1 19572
0 1 19574
0 1 19576
0 1 19577
0 1 19578
0 1 19580
0 1 19582
0 1 19584
0 1 19586
0 1 19588
0 1 19589
0 1 19590
0 1 19591
0 1 19592
0 1 19596
0 1 19598
0 1 19599
0 1 19601
0 1 19602
0 1 19604
0 1 19605
0 1 19606
0 1 19607
0 1 19610
0 1 19611
0 1 19612
0 1 19613
0 1 19617
0 1 19618
0 1 19620
0 1 19622
0 1 19624
0 1 19625
0 1 19626
0 1 19627
0 1 19628
0 1 19630
0 1 19632
0 1 19633
0 1 19634
0 1 19635
0 1 19636
0 1 19637
0 1 19638
0 1 19639
0 1 19641
0 1 19642
0 1 19643
0 1 19646
0 1 19648
0 1 19649
0 1 19652
0 1 19654
0 1 19659
0 1 19662
0 1 19664
0 1 19665
0 1 19667
0 1 19668
0 1 19670
0 1 19671
0 1 19672
0 1 19673
0 1 19674
0 1 19677
0 1 19678
0 1 19681
0 1 19682
0 1 19683
0 1 19686
0 1 19687
0 1 19688
0 1 19689
0 1 19690
0 1 19692
0 1 19694
0 1 19697
0 1 19698
0 1 19699
0 1 19701
0 1 19705
0 1 19706
0 1 19707
0 1 19708
0 1 19709
0 1 19710
0 1 19711
0 1 19712
0 1 19713
0 1 19714
0 1 19715
0 1 19716
0 1 19717
0 1 19718
0 1 19720
0 1 19721
0 1 19722
0 1 19723
0 1 19724
0 1 19726
0 1 19727
0 1 19729
0 1 19730
0 1 19731
0 1 19732
0 1 19733
0 1 19734
0 1 19737
0 1 19738
0 1 19739
0 1 19741
0 1 19745
0 1 19750
0 1 19753
0 1 19754
0 1 19755
0 1 19756
0 1 19758
0 1 19760
0 1 19762
0 1 19763
0 1 19765
0 1 19766
0 1 19768
0 1 19769
0 1 19772
0 1 19773
0 1 19775
0 1 19776
0 1 19777
0 1 19780
0 1 19781
0 1 19784
0 1 19785
0 1 19786
0 1 19787
0 1 19788
0 1 19789
0 1 19790
0 1 19795
0 1 19797
0 1 19799
0 1 19800
0 1 19801
0 1 19802
0 1 19803
0 1 19804
0 1 19805
0 1 19807
0 1 19808
0 1 19809
0 1 19810
0 1 19811
0 1 19813
0 1 19814
0 1 19815
0 1 19816
0 1 19817
0 1 19819
0 1 19820
0 1 19821
0 1 19824
0 1 19825
0 1 19826
0 1 19827
0 1 19828
0 1 19831
0 1 19832
0 1 19833
0 1 19834
0 1 19835
0 1 19837
0 1 19839
0 1 19840
0 1 19841
0 1 19842
0 1 19843
0 1 19844
0 1 19846
0 1 19848
0 1 19849
0 1 19850
0 1 19851
0 1 19852
0 1 19853
0 1 19855
0 1 19858
0 1 19860
0 1 19861
0 1 19862
0 1 19863
0 1 19864
0 1 19865
0 1 19869
0 1 19870
0 1 19871
0 1 19872
0 1 19873
0 1 19876
0 1 19878
0 1 19879
0 1 19880
0 1 19882
0 1 19883
0 1 19885
0 1 19888
0 1 19889
0 1 19892
0 1 19894
0 1 19898
0 1 19901
0 1 19903
0 1 19904
0 1 19905
0 1 19908
0 1 19909
0 1 19911
0 1 19912
0 1 19914
0 1 19919
0 1 19920
0 1 19921
0 1 19923
0 1 19925
0 1 19928
0 1 19929
0 1 19930
0 1 19934
0 1 19935
0 1 19936
0 1 19938
0 1 19941
0 1 19942
0 1 19943
0 1 19944
0 1 19945
0 1 19948
0 1 19949
0 1 19950
0 1 19951
0 1 19952
0 1 19954
0 1 19955
0 1 19957
0 1 19960
0 1 19961
0 1 19962
0 1 19963
0 1 19964
0 1 19968
0 1 19970
0 1 19971
0 1 19972
0 1 19974
0 1 19978
0 1 19979
0 1 19982
0 1 19983
0 1 19987
0 1 19989
0 1 19991
0 1 19992
0 1 19993
0 1 19994
0 1 19995
0 1 19998
0 1 19999
0 1 20000
0 1 20001
0 1 20002
0 1 20003
0 1 20004
0 1 20005
0 1 20006
0 1 20007
0 1 20008
0 1 20009
0 1 20011
0 1 20012
0 1 20013
0 1 20014
0 1 20015
0 1 20016
0 1 20017
0 1 20018
0 1 20019
0 1 20020
0 1 20021
0 1 20023
0 1 20025
0 1 20026
0 1 20028
0 1 20029
0 1 20030
0 1 20031
0 1 20032
0 1 20036
0 1 20039
0 1 20043
0 1 20045
0 1 20046
0 1 20047
0 1 20048
0 1 20050
0 1 20051
0 1 20053
0 1 20054
0 1 20057
0 1 20058
0 1 20059
0 1 20060
0 1 20063
0 1 20065
0 1 20066
0 1 20067
0 1 20071
0 1 20072
0 1 20073
0 1 20074
0 1 20076
0 1 20077
0 1 20080
0 1 20081
0 1 20083
0 1 20085
0 1 20087
0 1 20088
0 1 20090
0 1 20091
0 1 20092
0 1 20094
0 1 20095
0 1 20097
0 1 20098
0 1 20099
0 1 20100
0 1 20101
0 1 20103
0 1 20107
0 1 20108
0 1 20109
0 1 20110
0 1 20111
0 1 20114
0 1 20115
0 1 20119
0 1 20120
0 1 20121
0 1 20122
0 1 20123
0 1 20124
0 1 20126
0 1 20132
0 1 20133
0 1 20134
0 1 20135
0 1 20136
0 1 20137
0 1 20138
0 1 20139
0 1 20140
0 1 20144
0 1 20146
0 1 20149
0 1 20150
0 1 20151
0 1 20152
0 1 20153
0 1 20154
0 1 20155
0 1 20156
0 1 20158
0 1 20159
0 1 20160
0 1 20162
0 1 20163
0 1 20164
0 1 20165
0 1 20166
0 1 20169
0 1 20170
0 1 20173
0 1 20174
0 1 20176
0 1 20178
0 1 20179
0 1 20181
0 1 20182
0 1 20187
0 1 20188
0 1 20189
0 1 20190
0 1 20191
0 1 20193
0 1 20199
0 1 20200
0 1 20201
0 1 20202
0 1 20205
0 1 20206
0 1 20208
0 1 20209
0 1 20210
0 1 20211
0 1 20212
0 1 20213
0 1 20214
0 1 20215
0 1 20216
0 1 20218
0 1 20220
0 1 20221
0 1 20222
0 1 20223
0 1 20226
0 1 20227
0 1 20228
0 1 20229
0 1 20231
0 1 20233
0 1 20235
0 1 20236
0 1 20237
0 1 20239
0 1 20240
0 1 20243
0 1 20245
0 1 20246
0 1 20247
0 1 20248
0 1 20249
0 1 20250
0 1 20253
0 1 20254
0 1 20255
0 1 20256
0 1 20257
0 1 20259
0 1 20260
0 1 20261
0 1 20262
0 1 20264
0 1 20265
0 1 20266
0 1 20267
0 1 20268
0 1 20269
0 1 20270
0 1 20271
0 1 20273
0 1 20274
0 1 20275
0 1 20277
0 1 20279
0 1 20280
0 1 20281
0 1 20283
0 1 20287
0 1 20288
0 1 20289
0 1 20290
0 1 20292
0 1 20293
0 1 20295
0 1 20297
0 1 20300
0 1 20302
0 1 20303
0 1 20304
0 1 20305
0 1 20307
0 1 20308
0 1 20309
0 1 20310
0 1 20311
0 1 20312
0 1 20316
0 1 20319
0 1 20320
0 1 20321
0 1 20323
0 1 20324
0 1 20325
0 1 20326
0 1 20327
0 1 20328
0 1 20329
0 1 20330
0 1 20331
0 1 20332
0 1 20333
0 1 20341
0 1 20343
0 1 20344
0 1 20346
0 1 20347
0 1 20348
0 1 20349
0 1 20350
0 1 20353
0 1 20354
0 1 20355
0 1 20356
0 1 20357
0 1 20360
0 1 20361
0 1 20362
0 1 20363
0 1 20364
0 1 20365
0 1 20367
0 1 20371
0 1 20373
0 1 20374
0 1 20377
0 1 20378
0 1 20380
0 1 20381
0 1 20383
0 1 20384
0 1 20386
0 1 20388
0 1 20391
0 1 20392
0 1 20393
0 1 20396
0 1 20397
0 1 20399
0 1 20401
0 1 20404
0 1 20405
0 1 20406
0 1 20410
0 1 20411
0 1 20414
0 1 20415
0 1 20419
0 1 20424
0 1 20425
0 1 20426
0 1 20427
0 1 20428
0 1 20429
0 1 20430
0 1 20431
0 1 20433
0 1 20434
0 1 20435
0 1 20437
0 1 20441
0 1 20443
0 1 20444
0 1 20446
0 1 20449
0 1 20450
0 1 20452
0 1 20453
0 1 20455
0 1 20457
0 1 20458
0 1 20461
0 1 20462
0 1 20463
0 1 20464
0 1 20465
0 1 20467
0 1 20468
0 1 20472
0 1 20473
0 1 20474
0 1 20475
0 1 20476
0 1 20477
0 1 20478
0 1 20479
0 1 20480
0 1 20482
0 1 20488
0 1 20490
0 1 20492
0 1 20494
0 1 20495
0 1 20496
0 1 20498
0 1 20499
0 1 20500
0 1 20501
0 1 20502
0 1 20503
0 1 20504
0 1 20509
0 1 20510
0 1 20511
0 1 20514
0 1 20516
0 1 20518
0 1 20519
0 1 20521
0 1 20522
0 1 20523
0 1 20526
0 1 20527
0 1 20529
0 1 20531
0 1 20532
0 1 20533
0 1 20534
0 1 20535
0 1 20536
0 1 20537
0 1 20538
0 1 20539
0 1 20540
0 1 20541
0 1 20542
0 1 20543
0 1 20544
0 1 20545
0 1 20546
0 1 20547
0 1 20548
0 1 20549
0 1 20551
0 1 20552
0 1 20554
0 1 20555
0 1 20557
0 1 20560
0 1 20561
0 1 20566
0 1 20567
0 1 20568
0 1 20569
0 1 20571
0 1 20572
0 1 20574
0 1 20575
0 1 20578
0 1 20579
0 1 20580
0 1 20581
0 1 20583
0 1 20584
0 1 20585
0 1 20586
0 1 20587
0 1 20588
0 1 20589
0 1 20590
0 1 20592
0 1 20593
0 1 20595
0 1 20596
0 1 20598
0 1 20600
0 1 20601
0 1 20603
0 1 20605
0 1 20606
0 1 20607
0 1 20609
0 1 20610
0 1 20613
0 1 20616
0 1 20618
0 1 20619
0 1 20620
0 1 20621
0 1 20622
0 1 20624
0 1 20626
0 1 20630
0 1 20631
0 1 20632
0 1 20634
0 1 20635
0 1 20640
0 1 20641
0 1 20642
0 1 20645
0 1 20646
0 1 20647
0 1 20648
0 1 20649
0 1 20650
0 1 20651
0 1 20652
0 1 20653
0 1 20655
0 1 20657
0 1 20658
0 1 20659
0 1 20662
0 1 20663
0 1 20664
0 1 20666
0 1 20669
0 1 20671
0 1 20672
0 1 20673
0 1 20675
0 1 20676
0 1 20683
0 1 20685
0 1 20686
0 1 20687
0 1 20688
0 1 20689
0 1 20690
0 1 20691
0 1 20692
0 1 20693
0 1 20694
0 1 20695
0 1 20696
0 1 20697
0 1 20698
0 1 20702
0 1 20703
0 1 20705
0 1 20707
0 1 20708
0 1 20709
0 1 20710
0 1 20711
0 1 20714
0 1 20716
0 1 20718
0 1 20720
0 1 20721
0 1 20723
0 1 20724
0 1 20725
0 1 20727
0 1 20729
0 1 20731
0 1 20732
0 1 20733
0 1 20735
0 1 20737
0 1 20738
0 1 20739
0 1 20741
0 1 20742
0 1 20743
0 1 20744
0 1 20745
0 1 20746
0 1 20749
0 1 20750
0 1 20752
0 1 20753
0 1 20754
0 1 20755
0 1 20757
0 1 20758
0 1 20760
0 1 20763
0 1 20764
0 1 20768
0 1 20769
0 1 20772
0 1 20774
0 1 20775
0 1 20777
0 1 20779
0 1 20781
0 1 20783
0 1 20784
0 1 20788
0 1 20789
0 1 20793
0 1 20794
0 1 20796
0 1 20798
0 1 20799
0 1 20800
0 1 20801
0 1 20802
0 1 20805
0 1 20807
0 1 20808
0 1 20809
0 1 20810
0 1 20811
0 1 20813
0 1 20814
0 1 20816
0 1 20818
0 1 20820
0 1 20823
0 1 20824
0 1 20826
0 1 20829
0 1 20830
0 1 20832
0 1 20835
0 1 20836
0 1 20837
0 1 20839
0 1 20840
0 1 20841
0 1 20842
0 1 20843
0 1 20845
0 1 20846
0 1 20847
0 1 20848
0 1 20849
0 1 20850
0 1 20852
0 1 20855
0 1 20858
0 1 20859
0 1 20862
0 1 20863
0 1 20864
0 1 20865
0 1 20866
0 1 20868
0 1 20869
0 1 20871
0 1 20872
0 1 20874
0 1 20875
0 1 20877
0 1 20878
0 1 20881
0 1 20884
0 1 20885
0 1 20886
0 1 20888
0 1 20889
0 1 20891
0 1 20892
0 1 20893
0 1 20894
0 1 20895
0 1 20896
0 1 20899
0 1 20900
0 1 20901
0 1 20905
0 1 20907
0 1 20909
0 1 20910
0 1 20911
0 1 20912
0 1 20914
0 1 20915
0 1 20917
0 1 20918
0 1 20919
0 1 20923
0 1 20925
0 1 20928
0 1 20930
0 1 20933
0 1 20934
0 1 20937
0 1 20938
0 1 20940
0 1 20942
0 1 20948
0 1 20949
0 1 20951
0 1 20952
0 1 20954
0 1 20956
0 1 20958
0 1 20960
0 1 20961
0 1 20962
0 1 20963
0 1 20966
0 1 20968
0 1 20969
0 1 20971
0 1 20974
0 1 20975
0 1 20976
0 1 20979
0 1 20980
0 1 20981
0 1 20982
0 1 20983
0 1 20984
0 1 20985
0 1 20987
0 1 20988
0 1 20990
0 1 20991
0 1 20992
0 1 20994
0 1 20995
0 1 20996
0 1 20997
0 1 20998
0 1 21000
0 1 21001
0 1 21002
0 1 21004
0 1 21005
0 1 21007
0 1 21008
0 1 21011
0 1 21012
0 1 21013
0 1 21015
0 1 21016
0 1 21017
0 1 21018
0 1 21022
0 1 21023
0 1 21024
0 1 21026
0 1 21027
0 1 21028
0 1 21029
0 1 21030
0 1 21031
0 1 21032
0 1 21033
0 1 21036
0 1 21037
0 1 21040
0 1 21041
0 1 21042
0 1 21043
0 1 21044
0 1 21048
0 1 21050
0 1 21053
0 1 21054
0 1 21057
0 1 21059
0 1 21060
0 1 21061
0 1 21063
0 1 21066
0 1 21067
0 1 21068
0 1 21070
0 1 21072
0 1 21073
0 1 21075
0 1 21076
0 1 21078
0 1 21080
0 1 21083
0 1 21086
0 1 21087
0 1 21088
0 1 21089
0 1 21092
0 1 21093
0 1 21095
0 1 21097
0 1 21100
0 1 21101
0 1 21102
0 1 21106
0 1 21107
0 1 21108
0 1 21109
0 1 21113
0 1 21118
0 1 21119
0 1 21120
0 1 21121
0 1 21123
0 1 21124
0 1 21127
0 1 21128
0 1 21129
0 1 21130
0 1 21131
0 1 21135
0 1 21136
0 1 21138
0 1 21140
0 1 21142
0 1 21143
0 1 21145
0 1 21146
0 1 21148
0 1 21150
0 1 21152
0 1 21153
0 1 21154
0 1 21155
0 1 21157
0 1 21158
0 1 21159
0 1 21160
0 1 21162
0 1 21163
0 1 21164
0 1 21165
0 1 21166
0 1 21167
0 1 21169
0 1 21170
0 1 21171
0 1 21173
0 1 21174
0 1 21175
0 1 21176
0 1 21178
0 1 21179
0 1 21180
0 1 21181
0 1 21182
0 1 21183
0 1 21185
0 1 21186
0 1 21187
0 1 21189
0 1 21190
0 1 21191
0 1 21192
0 1 21193
0 1 21197
0 1 21198
0 1 21200
0 1 21201
0 1 21202
0 1 21204
0 1 21205
0 1 21208
0 1 21209
0 1 21211
0 1 21214
0 1 21216
0 1 21218
0 1 21219
0 1 21220
0 1 21225
0 1 21226
0 1 21227
0 1 21229
0 1 21234
0 1 21236
0 1 21237
0 1 21238
0 1 21244
0 1 21247
0 1 21248
0 1 21249
0 1 21250
0 1 21251
0 1 21252
0 1 21253
0 1 21254
0 1 21257
0 1 21258
0 1 21259
0 1 21262
0 1 21263
0 1 21264
0 1 21265
0 1 21267
0 1 21270
0 1 21273
0 1 21274
0 1 21275
0 1 21279
0 1 21280
0 1 21281
0 1 21282
0 1 21285
0 1 21287
0 1 21289
0 1 21290
0 1 21291
0 1 21292
0 1 21293
0 1 21294
0 1 21295
0 1 21296
0 1 21297
0 1 21298
0 1 21301
0 1 21303
0 1 21305
0 1 21306
0 1 21309
0 1 21310
0 1 21312
0 1 21315
0 1 21317
0 1 21318
0 1 21321
0 1 21322
0 1 21324
0 1 21327
0 1 21328
0 1 21333
0 1 21334
0 1 21335
0 1 21336
0 1 21337
0 1 21339
0 1 21340
0 1 21341
0 1 21344
0 1 21347
0 1 21348
0 1 21350
0 1 21351
0 1 21354
0 1 21355
0 1 21356
0 1 21357
0 1 21358
0 1 21359
0 1 21363
0 1 21365
0 1 21366
0 1 21367
0 1 21368
0 1 21369
0 1 21371
0 1 21372
0 1 21373
0 1 21375
0 1 21376
0 1 21381
0 1 21384
0 1 21385
0 1 21387
0 1 21388
0 1 21389
0 1 21391
0 1 21393
0 1 21395
0 1 21396
0 1 21399
0 1 21400
0 1 21403
0 1 21404
0 1 21405
0 1 21409
0 1 21410
0 1 21413
0 1 21416
0 1 21417
0 1 21418
0 1 21419
0 1 21420
0 1 21421
0 1 21422
0 1 21423
0 1 21426
0 1 21428
0 1 21429
0 1 21430
0 1 21431
0 1 21433
0 1 21434
0 1 21436
0 1 21437
0 1 21438
0 1 21439
0 1 21440
0 1 21442
0 1 21443
0 1 21444
0 1 21445
0 1 21447
0 1 21448
0 1 21449
0 1 21450
0 1 21451
0 1 21453
0 1 21455
0 1 21456
0 1 21457
0 1 21459
0 1 21461
0 1 21462
0 1 21465
0 1 21467
0 1 21468
0 1 21471
0 1 21472
0 1 21474
0 1 21476
0 1 21478
0 1 21479
0 1 21480
0 1 21482
0 1 21483
0 1 21485
0 1 21486
0 1 21487
0 1 21488
0 1 21489
0 1 21491
0 1 21493
0 1 21494
0 1 21495
0 1 21497
0 1 21498
0 1 21499
0 1 21500
0 1 21502
0 1 21503
0 1 21506
0 1 21507
0 1 21509
0 1 21513
0 1 21515
0 1 21518
0 1 21519
0 1 21520
0 1 21521
0 1 21523
0 1 21524
0 1 21526
0 1 21527
0 1 21528
0 1 21529
0 1 21530
0 1 21531
0 1 21532
0 1 21533
0 1 21534
0 1 21535
0 1 21537
0 1 21538
0 1 21540
0 1 21543
0 1 21544
0 1 21545
0 1 21547
0 1 21548
0 1 21550
0 1 21551
0 1 21558
0 1 21559
0 1 21560
0 1 21563
0 1 21565
0 1 21566
0 1 21569
0 1 21570
0 1 21578
0 1 21579
0 1 21581
0 1 21584
0 1 21585
0 1 21586
0 1 21587
0 1 21589
0 1 21590
0 1 21591
0 1 21593
0 1 21595
0 1 21598
0 1 21599
0 1 21600
0 1 21604
0 1 21605
0 1 21609
0 1 21612
0 1 21613
0 1 21614
0 1 21615
0 1 21616
0 1 21617
0 1 21619
0 1 21621
0 1 21624
0 1 21630
0 1 21631
0 1 21633
0 1 21634
0 1 21635
0 1 21637
0 1 21638
0 1 21639
0 1 21641
0 1 21643
0 1 21645
0 1 21650
0 1 21652
0 1 21655
0 1 21656
0 1 21658
0 1 21662
0 1 21664
0 1 21668
0 1 21670
0 1 21672
0 1 21675
0 1 21676
0 1 21678
0 1 21679
0 1 21680
0 1 21681
0 1 21684
0 1 21686
0 1 21687
0 1 21688
0 1 21690
0 1 21691
0 1 21696
0 1 21697
0 1 21698
0 1 21699
0 1 21700
0 1 21701
0 1 21702
0 1 21703
0 1 21705
0 1 21707
0 1 21711
0 1 21712
0 1 21713
0 1 21714
0 1 21716
0 1 21717
0 1 21718
0 1 21719
0 1 21720
0 1 21724
0 1 21728
0 1 21729
0 1 21731
0 1 21732
0 1 21733
0 1 21734
0 1 21736
0 1 21737
0 1 21738
0 1 21739
0 1 21741
0 1 21744
0 1 21745
0 1 21747
0 1 21748
0 1 21749
0 1 21750
0 1 21752
0 1 21753
0 1 21754
0 1 21755
0 1 21756
0 1 21758
0 1 21759
0 1 21760
0 1 21761
0 1 21762
0 1 21763
0 1 21764
0 1 21765
0 1 21766
0 1 21767
0 1 21769
0 1 21771
0 1 21772
0 1 21773
0 1 21774
0 1 21777
0 1 21779
0 1 21780
0 1 21782
0 1 21785
0 1 21787
0 1 21789
0 1 21790
0 1 21791
0 1 21793
0 1 21794
0 1 21795
0 1 21796
0 1 21797
0 1 21799
0 1 21801
0 1 21802
0 1 21804
0 1 21805
0 1 21807
0 1 21808
0 1 21812
0 1 21813
0 1 21815
0 1 21816
0 1 21817
0 1 21818
0 1 21819
0 1 21820
0 1 21821
0 1 21822
0 1 21823
0 1 21824
0 1 21825
0 1 21826
0 1 21827
0 1 21828
0 1 21829
0 1 21831
0 1 21833
0 1 21834
0 1 21836
0 1 21837
0 1 21838
0 1 21840
0 1 21841
0 1 21842
0 1 21843
0 1 21844
0 1 21845
0 1 21846
0 1 21847
0 1 21848
0 1 21849
0 1 21851
0 1 21852
0 1 21854
0 1 21857
0 1 21859
0 1 21862
0 1 21866
0 1 21867
0 1 21868
0 1 21869
0 1 21871
0 1 21875
0 1 21876
0 1 21877
0 1 21879
0 1 21881
0 1 21882
0 1 21888
0 1 21889
0 1 21890
0 1 21892
0 1 21894
0 1 21895
0 1 21896
0 1 21898
0 1 21899
0 1 21901
0 1 21904
0 1 21905
0 1 21910
0 1 21912
0 1 21913
0 1 21914
0 1 21915
0 1 21918
0 1 21920
0 1 21921
0 1 21923
0 1 21925
0 1 21927
0 1 21929
0 1 21930
0 1 21931
0 1 21932
0 1 21933
0 1 21935
0 1 21936
0 1 21937
0 1 21938
0 1 21940
0 1 21941
0 1 21942
0 1 21943
0 1 21944
0 1 21946
0 1 21947
0 1 21948
0 1 21949
0 1 21950
0 1 21951
0 1 21952
0 1 21953
0 1 21955
0 1 21956
0 1 21957
0 1 21960
0 1 21962
0 1 21963
0 1 21965
0 1 21969
0 1 21970
0 1 21971
0 1 21974
0 1 21976
0 1 21979
0 1 21980
0 1 21981
0 1 21982
0 1 21984
0 1 21988
0 1 21989
0 1 21990
0 1 21992
0 1 21993
0 1 21994
0 1 21995
0 1 22000
0 1 22001
0 1 22003
0 1 22005
0 1 22006
0 1 22007
0 1 22008
0 1 22011
0 1 22012
0 1 22013
0 1 22014
0 1 22015
0 1 22016
0 1 22019
0 1 22021
0 1 22023
0 1 22024
0 1 22025
0 1 22027
0 1 22028
0 1 22029
0 1 22034
0 1 22035
0 1 22036
0 1 22039
0 1 22040
0 1 22041
0 1 22043
0 1 22047
0 1 22049
0 1 22052
0 1 22055
0 1 22057
0 1 22058
0 1 22059
0 1 22062
0 1 22063
0 1 22065
0 1 22067
0 1 22069
0 1 22072
0 1 22073
0 1 22074
0 1 22075
0 1 22076
0 1 22079
0 1 22081
0 1 22082
0 1 22083
0 1 22089
0 1 22090
0 1 22091
0 1 22093
0 1 22095
0 1 22096
0 1 22101
0 1 22102
0 1 22103
0 1 22106
0 1 22110
0 1 22111
0 1 22112
0 1 22113
0 1 22114
0 1 22116
0 1 22118
0 1 22119
0 1 22121
0 1 22122
0 1 22123
0 1 22124
0 1 22125
0 1 22128
0 1 22130
0 1 22131
0 1 22132
0 1 22133
0 1 22139
0 1 22142
0 1 22143
0 1 22144
0 1 22145
0 1 22146
0 1 22147
0 1 22148
0 1 22155
0 1 22156
0 1 22157
0 1 22158
0 1 22162
0 1 22163
0 1 22166
0 1 22168
0 1 22169
0 1 22170
0 1 22171
0 1 22172
0 1 22175
0 1 22176
0 1 22182
0 1 22185
0 1 22186
0 1 22187
0 1 22189
0 1 22191
0 1 22194
0 1 22195
0 1 22196
0 1 22198
0 1 22199
0 1 22201
0 1 22202
0 1 22204
0 1 22208
0 1 22211
0 1 22212
0 1 22213
0 1 22214
0 1 22215
0 1 22218
0 1 22221
0 1 22223
0 1 22224
0 1 22225
0 1 22227
0 1 22229
0 1 22230
0 1 22231
0 1 22233
0 1 22234
0 1 22237
0 1 22238
0 1 22239
0 1 22241
0 1 22242
0 1 22244
0 1 22245
0 1 22246
0 1 22247
0 1 22249
0 1 22250
0 1 22251
0 1 22253
0 1 22254
0 1 22259
0 1 22261
0 1 22262
0 1 22263
0 1 22264
0 1 22267
0 1 22269
0 1 22270
0 1 22273
0 1 22278
0 1 22284
0 1 22288
0 1 22290
0 1 22291
0 1 22292
0 1 22300
0 1 22302
0 1 22303
0 1 22304
0 1 22308
0 1 22309
0 1 22313
0 1 22314
0 1 22315
0 1 22316
0 1 22317
0 1 22318
0 1 22319
0 1 22320
0 1 22324
0 1 22326
0 1 22327
0 1 22328
0 1 22329
0 1 22331
0 1 22332
0 1 22334
0 1 22337
0 1 22338
0 1 22339
0 1 22341
0 1 22343
0 1 22344
0 1 22346
0 1 22347
0 1 22348
0 1 22349
0 1 22353
0 1 22354
0 1 22356
0 1 22357
0 1 22359
0 1 22361
0 1 22363
0 1 22366
0 1 22367
0 1 22368
0 1 22370
0 1 22371
0 1 22372
0 1 22374
0 1 22375
0 1 22377
0 1 22378
0 1 22380
0 1 22381
0 1 22383
0 1 22385
0 1 22387
0 1 22389
0 1 22390
0 1 22391
0 1 22394
0 1 22395
0 1 22396
0 1 22398
0 1 22400
0 1 22401
0 1 22403
0 1 22404
0 1 22405
0 1 22406
0 1 22408
0 1 22410
0 1 22411
0 1 22413
0 1 22414
0 1 22416
0 1 22419
0 1 22420
0 1 22421
0 1 22423
0 1 22428
0 1 22431
0 1 22432
0 1 22434
0 1 22439
0 1 22440
0 1 22441
0 1 22443
0 1 22444
0 1 22445
0 1 22446
0 1 22448
0 1 22451
0 1 22452
0 1 22453
0 1 22454
0 1 22455
0 1 22456
0 1 22458
0 1 22460
0 1 22462
0 1 22466
0 1 22469
0 1 22473
0 1 22475
0 1 22477
0 1 22479
0 1 22481
0 1 22482
0 1 22484
0 1 22485
0 1 22487
0 1 22488
0 1 22494
0 1 22495
0 1 22499
0 1 22500
0 1 22502
0 1 22503
0 1 22504
0 1 22505
0 1 22506
0 1 22507
0 1 22508
0 1 22511
0 1 22512
0 1 22513
0 1 22519
0 1 22520
0 1 22521
0 1 22522
0 1 22523
0 1 22524
0 1 22525
0 1 22528
0 1 22529
0 1 22530
0 1 22531
0 1 22532
0 1 22535
0 1 22537
0 1 22539
0 1 22542
0 1 22543
0 1 22545
0 1 22547
0 1 22548
0 1 22549
0 1 22553
0 1 22557
0 1 22558
0 1 22560
0 1 22561
0 1 22562
0 1 22563
0 1 22564
0 1 22565
0 1 22566
0 1 22569
0 1 22572
0 1 22573
0 1 22574
0 1 22575
0 1 22577
0 1 22578
0 1 22580
0 1 22583
0 1 22584
0 1 22588
0 1 22590
0 1 22592
0 1 22593
0 1 22595
0 1 22596
0 1 22597
0 1 22598
0 1 22600
0 1 22602
0 1 22603
0 1 22605
0 1 22606
0 1 22607
0 1 22609
0 1 22612
0 1 22614
0 1 22616
0 1 22617
0 1 22619
0 1 22621
0 1 22622
0 1 22624
0 1 22625
0 1 22626
0 1 22627
0 1 22628
0 1 22629
0 1 22634
0 1 22635
0 1 22636
0 1 22637
0 1 22639
0 1 22642
0 1 22644
0 1 22645
0 1 22648
0 1 22650
0 1 22651
0 1 22652
0 1 22656
0 1 22657
0 1 22658
0 1 22662
0 1 22665
0 1 22667
0 1 22669
0 1 22670
0 1 22671
0 1 22672
0 1 22673
0 1 22674
0 1 22675
0 1 22677
0 1 22679
0 1 22681
0 1 22682
0 1 22683
0 1 22684
0 1 22685
0 1 22687
0 1 22690
0 1 22691
0 1 22692
0 1 22695
0 1 22697
0 1 22698
0 1 22700
0 1 22703
0 1 22706
0 1 22707
0 1 22710
0 1 22711
0 1 22712
0 1 22713
0 1 22716
0 1 22717
0 1 22718
0 1 22719
0 1 22721
0 1 22722
0 1 22725
0 1 22726
0 1 22727
0 1 22728
0 1 22729
0 1 22730
0 1 22732
0 1 22733
0 1 22734
0 1 22736
0 1 22737
0 1 22738
0 1 22740
0 1 22741
0 1 22742
0 1 22743
0 1 22744
0 1 22747
0 1 22748
0 1 22749
0 1 22750
0 1 22751
0 1 22752
0 1 22754
0 1 22755
0 1 22756
0 1 22757
0 1 22758
0 1 22761
0 1 22763
0 1 22764
0 1 22765
0 1 22767
0 1 22769
0 1 22770
0 1 22771
0 1 22772
0 1 22776
0 1 22777
0 1 22779
0 1 22781
0 1 22783
0 1 22787
0 1 22788
0 1 22790
0 1 22791
0 1 22792
0 1 22793
0 1 22794
0 1 22796
0 1 22798
0 1 22799
0 1 22801
0 1 22802
0 1 22803
0 1 22805
0 1 22806
0 1 22807
0 1 22809
0 1 22810
0 1 22811
0 1 22812
0 1 22817
0 1 22818
0 1 22819
0 1 22820
0 1 22822
0 1 22823
0 1 22824
0 1 22825
0 1 22826
0 1 22830
0 1 22832
0 1 22834
0 1 22835
0 1 22836
0 1 22838
0 1 22839
0 1 22840
0 1 22843
0 1 22844
0 1 22848
0 1 22849
0 1 22850
0 1 22853
0 1 22854
0 1 22856
0 1 22858
0 1 22859
0 1 22860
0 1 22861
0 1 22862
0 1 22863
0 1 22866
0 1 22867
0 1 22868
0 1 22870
0 1 22872
0 1 22875
0 1 22877
0 1 22879
0 1 22880
0 1 22882
0 1 22883
0 1 22885
0 1 22886
0 1 22888
0 1 22889
0 1 22890
0 1 22894
0 1 22895
0 1 22896
0 1 22897
0 1 22898
0 1 22899
0 1 22900
0 1 22902
0 1 22904
0 1 22905
0 1 22907
0 1 22908
0 1 22910
0 1 22913
0 1 22914
0 1 22917
0 1 22920
0 1 22921
0 1 22923
0 1 22924
0 1 22925
0 1 22938
0 1 22939
0 1 22942
0 1 22943
0 1 22944
0 1 22946
0 1 22947
0 1 22948
0 1 22950
0 1 22951
0 1 22954
0 1 22956
0 1 22957
0 1 22958
0 1 22959
0 1 22960
0 1 22962
0 1 22963
0 1 22965
0 1 22967
0 1 22969
0 1 22970
0 1 22972
0 1 22974
0 1 22975
0 1 22976
0 1 22978
0 1 22979
0 1 22982
0 1 22983
0 1 22986
0 1 22987
0 1 22988
0 1 22992
0 1 22993
0 1 22995
0 1 22996
0 1 22997
0 1 23000
0 1 23001
0 1 23003
0 1 23004
0 1 23005
0 1 23009
0 1 23010
0 1 23011
0 1 23012
0 1 23013
0 1 23014
0 1 23015
0 1 23016
0 1 23018
0 1 23019
0 1 23020
0 1 23024
0 1 23025
0 1 23026
0 1 23028
0 1 23029
0 1 23031
0 1 23032
0 1 23033
0 1 23034
0 1 23035
0 1 23036
0 1 23037
0 1 23038
0 1 23042
0 1 23043
0 1 23044
0 1 23045
0 1 23046
0 1 23047
0 1 23048
0 1 23051
0 1 23053
0 1 23054
0 1 23055
0 1 23063
0 1 23064
0 1 23065
0 1 23066
0 1 23069
0 1 23073
0 1 23075
0 1 23076
0 1 23077
0 1 23078
0 1 23079
0 1 23080
0 1 23081
0 1 23086
0 1 23087
0 1 23089
0 1 23090
0 1 23091
0 1 23097
0 1 23098
0 1 23100
0 1 23102
0 1 23104
0 1 23105
0 1 23107
0 1 23108
0 1 23111
0 1 23113
0 1 23114
0 1 23117
0 1 23118
0 1 23119
0 1 23120
0 1 23121
0 1 23122
0 1 23123
0 1 23124
0 1 23125
0 1 23126
0 1 23128
0 1 23130
0 1 23131
0 1 23132
0 1 23133
0 1 23135
0 1 23137
0 1 23139
0 1 23140
0 1 23142
0 1 23143
0 1 23144
0 1 23145
0 1 23146
0 1 23147
0 1 23149
0 1 23150
0 1 23151
0 1 23153
0 1 23154
0 1 23155
0 1 23156
0 1 23158
0 1 23159
0 1 23160
0 1 23161
0 1 23162
0 1 23164
0 1 23166
0 1 23167
0 1 23170
0 1 23171
0 1 23172
0 1 23173
0 1 23176
0 1 23177
0 1 23178
0 1 23179
0 1 23180
0 1 23184
0 1 23185
0 1 23189
0 1 23193
0 1 23194
0 1 23196
0 1 23197
0 1 23198
0 1 23200
0 1 23201
0 1 23202
0 1 23203
0 1 23206
0 1 23208
0 1 23211
0 1 23212
0 1 23214
0 1 23215
0 1 23216
0 1 23218
0 1 23219
0 1 23221
0 1 23222
0 1 23223
0 1 23224
0 1 23225
0 1 23226
0 1 23228
0 1 23230
0 1 23231
0 1 23233
0 1 23234
0 1 23235
0 1 23236
0 1 23237
0 1 23239
0 1 23240
0 1 23241
0 1 23242
0 1 23244
0 1 23248
0 1 23249
0 1 23251
0 1 23252
0 1 23253
0 1 23254
0 1 23255
0 1 23256
0 1 23258
0 1 23260
0 1 23261
0 1 23262
0 1 23264
0 1 23265
0 1 23270
0 1 23271
0 1 23272
0 1 23275
0 1 23276
0 1 23277
0 1 23278
0 1 23281
0 1 23282
0 1 23284
0 1 23285
0 1 23286
0 1 23288
0 1 23289
0 1 23290
0 1 23292
0 1 23294
0 1 23295
0 1 23296
0 1 23297
0 1 23299
0 1 23300
0 1 23302
0 1 23303
0 1 23305
0 1 23306
0 1 23307
0 1 23309
0 1 23310
0 1 23313
0 1 23314
0 1 23315
0 1 23316
0 1 23317
0 1 23318
0 1 23320
0 1 23321
0 1 23322
0 1 23323
0 1 23324
0 1 23326
0 1 23330
0 1 23332
0 1 23333
0 1 23334
0 1 23335
0 1 23338
0 1 23339
0 1 23342
0 1 23344
0 1 23345
0 1 23348
0 1 23352
0 1 23353
0 1 23357
0 1 23360
0 1 23363
0 1 23365
0 1 23366
0 1 23369
0 1 23371
0 1 23375
0 1 23382
0 1 23383
0 1 23384
0 1 23385
0 1 23386
0 1 23387
0 1 23388
0 1 23390
0 1 23391
0 1 23392
0 1 23394
0 1 23395
0 1 23396
0 1 23397
0 1 23399
0 1 23400
0 1 23402
0 1 23403
0 1 23407
0 1 23411
0 1 23412
0 1 23415
0 1 23416
0 1 23417
0 1 23418
0 1 23419
0 1 23420
0 1 23422
0 1 23423
0 1 23424
0 1 23425
0 1 23426
0 1 23428
0 1 23429
0 1 23430
0 1 23432
0 1 23435
0 1 23437
0 1 23441
0 1 23443
0 1 23444
0 1 23446
0 1 23447
0 1 23449
0 1 23450
0 1 23451
0 1 23452
0 1 23454
0 1 23457
0 1 23458
0 1 23460
0 1 23463
0 1 23464
0 1 23469
0 1 23474
0 1 23477
0 1 23478
0 1 23479
0 1 23481
0 1 23482
0 1 23483
0 1 23484
0 1 23485
0 1 23488
0 1 23490
0 1 23494
0 1 23496
0 1 23497
0 1 23498
0 1 23500
0 1 23501
0 1 23504
0 1 23506
0 1 23507
0 1 23511
0 1 23512
0 1 23513
0 1 23516
0 1 23520
0 1 23521
0 1 23523
0 1 23524
0 1 23525
0 1 23527
0 1 23528
0 1 23529
0 1 23530
0 1 23533
0 1 23534
0 1 23538
0 1 23539
0 1 23540
0 1 23541
0 1 23543
0 1 23547
0 1 23548
0 1 23554
0 1 23557
0 1 23559
0 1 23560
0 1 23562
0 1 23563
0 1 23566
0 1 23567
0 1 23569
0 1 23570
0 1 23571
0 1 23572
0 1 23573
0 1 23574
0 1 23575
0 1 23577
0 1 23579
0 1 23580
0 1 23581
0 1 23582
0 1 23584
0 1 23585
0 1 23586
0 1 23587
0 1 23589
0 1 23590
0 1 23593
0 1 23595
0 1 23596
0 1 23598
0 1 23601
0 1 23602
0 1 23606
0 1 23608
0 1 23610
0 1 23612
0 1 23613
0 1 23614
0 1 23615
0 1 23617
0 1 23618
0 1 23619
0 1 23620
0 1 23621
0 1 23622
0 1 23623
0 1 23624
0 1 23628
0 1 23630
0 1 23631
0 1 23635
0 1 23636
0 1 23638
0 1 23639
0 1 23640
0 1 23641
0 1 23642
0 1 23643
0 1 23644
0 1 23645
0 1 23646
0 1 23647
0 1 23648
0 1 23649
0 1 23650
0 1 23652
0 1 23654
0 1 23657
0 1 23658
0 1 23659
0 1 23661
0 1 23665
0 1 23666
0 1 23667
0 1 23668
0 1 23669
0 1 23672
0 1 23673
0 1 23675
0 1 23677
0 1 23681
0 1 23683
0 1 23684
0 1 23686
0 1 23687
0 1 23688
0 1 23689
0 1 23690
0 1 23691
0 1 23692
0 1 23693
0 1 23694
0 1 23697
0 1 23698
0 1 23699
0 1 23702
0 1 23706
0 1 23707
0 1 23708
0 1 23709
0 1 23710
0 1 23711
0 1 23714
0 1 23718
0 1 23719
0 1 23720
0 1 23721
0 1 23722
0 1 23724
0 1 23725
0 1 23726
0 1 23727
0 1 23728
0 1 23733
0 1 23734
0 1 23736
0 1 23737
0 1 23740
0 1 23741
0 1 23742
0 1 23743
0 1 23744
0 1 23748
0 1 23751
0 1 23752
0 1 23753
0 1 23754
0 1 23755
0 1 23756
0 1 23757
0 1 23758
0 1 23761
0 1 23762
0 1 23763
0 1 23764
0 1 23766
0 1 23768
0 1 23773
0 1 23775
0 1 23776
0 1 23778
0 1 23779
0 1 23784
0 1 23786
0 1 23787
0 1 23788
0 1 23790
0 1 23791
0 1 23795
0 1 23796
0 1 23798
0 1 23799
0 1 23800
0 1 23802
0 1 23803
0 1 23804
0 1 23806
0 1 23807
0 1 23811
0 1 23812
0 1 23813
0 1 23815
0 1 23816
0 1 23818
0 1 23819
0 1 23820
0 1 23821
0 1 23822
0 1 23823
0 1 23824
0 1 23825
0 1 23828
0 1 23831
0 1 23832
0 1 23833
0 1 23836
0 1 23839
0 1 23841
0 1 23843
0 1 23848
0 1 23851
0 1 23853
0 1 23856
0 1 23857
0 1 23860
0 1 23862
0 1 23864
0 1 23865
0 1 23867
0 1 23870
0 1 23871
0 1 23872
0 1 23879
0 1 23880
0 1 23881
0 1 23884
0 1 23886
0 1 23887
0 1 23888
0 1 23889
0 1 23890
0 1 23891
0 1 23895
0 1 23896
0 1 23897
0 1 23899
0 1 23902
0 1 23904
0 1 23905
0 1 23906
0 1 23911
0 1 23912
0 1 23913
0 1 23914
0 1 23916
0 1 23917
0 1 23919
0 1 23922
0 1 23925
0 1 23927
0 1 23929
0 1 23932
0 1 23937
0 1 23938
0 1 23939
0 1 23941
0 1 23942
0 1 23943
0 1 23947
0 1 23948
0 1 23950
0 1 23951
0 1 23952
0 1 23953
0 1 23954
0 1 23955
0 1 23956
0 1 23958
0 1 23960
0 1 23961
0 1 23962
0 1 23963
0 1 23966
0 1 23967
0 1 23968
0 1 23969
0 1 23970
0 1 23971
0 1 23974
0 1 23975
0 1 23978
0 1 23979
0 1 23981
0 1 23983
0 1 23984
0 1 23985
0 1 23987
0 1 23989
0 1 23991
0 1 23992
0 1 23993
0 1 23994
0 1 23995
0 1 23996
0 1 23997
0 1 23999
0 1 24001
0 1 24002
0 1 24003
0 1 24004
0 1 24007
0 1 24010
0 1 24011
0 1 24014
0 1 24015
0 1 24019
0 1 24021
0 1 24023
0 1 24024
0 1 24025
0 1 24026
0 1 24027
0 1 24028
0 1 24029
0 1 24030
0 1 24031
0 1 24033
0 1 24034
0 1 24035
0 1 24036
0 1 24038
0 1 24039
0 1 24040
0 1 24041
0 1 24044
0 1 24045
0 1 24046
0 1 24048
0 1 24049
0 1 24050
0 1 24051
0 1 24055
0 1 24058
0 1 24060
0 1 24061
0 1 24062
0 1 24063
0 1 24064
0 1 24066
0 1 24068
0 1 24072
0 1 24073
0 1 24074
0 1 24076
0 1 24077
0 1 24078
0 1 24079
0 1 24080
0 1 24081
0 1 24082
0 1 24085
0 1 24087
0 1 24093
0 1 24094
0 1 24095
0 1 24096
0 1 24097
0 1 24102
0 1 24105
0 1 24106
0 1 24108
0 1 24109
0 1 24111
0 1 24113
0 1 24115
0 1 24117
0 1 24118
0 1 24120
0 1 24121
0 1 24124
0 1 24125
0 1 24127
0 1 24128
0 1 24129
0 1 24130
0 1 24135
0 1 24136
0 1 24137
0 1 24138
0 1 24139
0 1 24143
0 1 24144
0 1 24146
0 1 24151
0 1 24159
0 1 24160
0 1 24161
0 1 24162
0 1 24163
0 1 24164
0 1 24166
0 1 24167
0 1 24175
0 1 24179
0 1 24182
0 1 24183
0 1 24187
0 1 24188
0 1 24189
0 1 24191
0 1 24194
0 1 24196
0 1 24197
0 1 24198
0 1 24199
0 1 24200
0 1 24203
0 1 24205
0 1 24206
0 1 24208
0 1 24209
0 1 24211
0 1 24212
0 1 24217
0 1 24220
0 1 24221
0 1 24225
0 1 24226
0 1 24227
0 1 24229
0 1 24231
0 1 24232
0 1 24233
0 1 24234
0 1 24235
0 1 24236
0 1 24240
0 1 24241
0 1 24243
0 1 24245
0 1 24246
0 1 24247
0 1 24248
0 1 24250
0 1 24252
0 1 24253
0 1 24254
0 1 24255
0 1 24258
0 1 24259
0 1 24260
0 1 24261
0 1 24263
0 1 24264
0 1 24266
0 1 24269
0 1 24270
0 1 24271
0 1 24272
0 1 24275
0 1 24278
0 1 24281
0 1 24283
0 1 24285
0 1 24287
0 1 24288
0 1 24289
0 1 24291
0 1 24293
0 1 24294
0 1 24295
0 1 24298
0 1 24299
0 1 24302
0 1 24306
0 1 24307
0 1 24308
0 1 24309
0 1 24312
0 1 24314
0 1 24315
0 1 24316
0 1 24318
0 1 24319
0 1 24320
0 1 24321
0 1 24322
0 1 24326
0 1 24327
0 1 24328
0 1 24329
0 1 24331
0 1 24332
0 1 24333
0 1 24334
0 1 24335
0 1 24336
0 1 24337
0 1 24339
0 1 24342
0 1 24343
0 1 24345
0 1 24346
0 1 24347
0 1 24348
0 1 24349
0 1 24350
0 1 24354
0 1 24356
0 1 24357
0 1 24361
0 1 24362
0 1 24363
0 1 24368
0 1 24371
0 1 24372
0 1 24375
0 1 24376
0 1 24377
0 1 24378
0 1 24380
0 1 24381
0 1 24382
0 1 24383
0 1 24385
0 1 24386
0 1 24387
0 1 24388
0 1 24389
0 1 24390
0 1 24391
0 1 24392
0 1 24393
0 1 24397
0 1 24399
0 1 24400
0 1 24402
0 1 24403
0 1 24405
0 1 24410
0 1 24411
0 1 24413
0 1 24415
0 1 24422
0 1 24426
0 1 24428
0 1 24429
0 1 24433
0 1 24434
0 1 24436
0 1 24437
0 1 24438
0 1 24440
0 1 24441
0 1 24445
0 1 24446
0 1 24447
0 1 24448
0 1 24449
0 1 24450
0 1 24451
0 1 24454
0 1 24456
0 1 24459
0 1 24463
0 1 24465
0 1 24466
0 1 24468
0 1 24469
0 1 24472
0 1 24474
0 1 24476
0 1 24481
0 1 24482
0 1 24483
0 1 24484
0 1 24485
0 1 24486
0 1 24489
0 1 24492
0 1 24494
0 1 24496
0 1 24497
0 1 24498
0 1 24499
0 1 24500
0 1 24501
0 1 24504
0 1 24505
0 1 24506
0 1 24507
0 1 24508
0 1 24509
0 1 24511
0 1 24512
0 1 24513
0 1 24515
0 1 24516
0 1 24517
0 1 24519
0 1 24520
0 1 24525
0 1 24528
0 1 24529
0 1 24531
0 1 24533
0 1 24534
0 1 24536
0 1 24537
0 1 24538
0 1 24541
0 1 24542
0 1 24545
0 1 24546
0 1 24547
0 1 24548
0 1 24550
0 1 24551
0 1 24552
0 1 24556
0 1 24559
0 1 24563
0 1 24564
0 1 24567
0 1 24568
0 1 24569
0 1 24570
0 1 24571
0 1 24572
0 1 24573
0 1 24574
0 1 24577
0 1 24579
0 1 24580
0 1 24583
0 1 24584
0 1 24585
0 1 24587
0 1 24588
0 1 24589
0 1 24590
0 1 24591
0 1 24594
0 1 24595
0 1 24598
0 1 24600
0 1 24602
0 1 24604
0 1 24605
0 1 24606
0 1 24608
0 1 24609
0 1 24610
0 1 24612
0 1 24613
0 1 24614
0 1 24615
0 1 24622
0 1 24624
0 1 24625
0 1 24627
0 1 24629
0 1 24630
0 1 24631
0 1 24632
0 1 24635
0 1 24636
0 1 24640
0 1 24641
0 1 24642
0 1 24644
0 1 24645
0 1 24647
0 1 24649
0 1 24652
0 1 24653
0 1 24655
0 1 24656
0 1 24658
0 1 24659
0 1 24660
0 1 24661
0 1 24662
0 1 24665
0 1 24666
0 1 24667
0 1 24669
0 1 24670
0 1 24671
0 1 24672
0 1 24673
0 1 24675
0 1 24677
0 1 24679
0 1 24681
0 1 24682
0 1 24684
0 1 24685
0 1 24691
0 1 24692
0 1 24693
0 1 24697
0 1 24699
0 1 24700
0 1 24701
0 1 24702
0 1 24703
0 1 24704
0 1 24708
0 1 24711
0 1 24712
0 1 24713
0 1 24714
0 1 24715
0 1 24716
0 1 24717
0 1 24719
0 1 24720
0 1 24722
0 1 24724
0 1 24726
0 1 24728
0 1 24729
0 1 24730
0 1 24731
0 1 24732
0 1 24734
0 1 24735
0 1 24738
0 1 24739
0 1 24740
0 1 24741
0 1 24742
0 1 24746
0 1 24747
0 1 24748
0 1 24749
0 1 24750
0 1 24752
0 1 24754
0 1 24756
0 1 24757
0 1 24758
0 1 24759
0 1 24760
0 1 24761
0 1 24762
0 1 24763
0 1 24764
0 1 24765
0 1 24766
0 1 24768
0 1 24769
0 1 24770
0 1 24771
0 1 24773
0 1 24775
0 1 24776
0 1 24779
0 1 24780
0 1 24781
0 1 24782
0 1 24783
0 1 24785
0 1 24787
0 1 24789
0 1 24790
0 1 24791
0 1 24792
0 1 24793
0 1 24794
0 1 24797
0 1 24801
0 1 24802
0 1 24805
0 1 24806
0 1 24807
0 1 24809
0 1 24811
0 1 24812
0 1 24813
0 1 24814
0 1 24815
0 1 24816
0 1 24817
0 1 24819
0 1 24820
0 1 24821
0 1 24822
0 1 24823
0 1 24824
0 1 24825
0 1 24826
0 1 24828
0 1 24829
0 1 24830
0 1 24832
0 1 24834
0 1 24835
0 1 24836
0 1 24837
0 1 24838
0 1 24839
0 1 24841
0 1 24842
0 1 24843
0 1 24844
0 1 24845
0 1 24846
0 1 24847
0 1 24848
0 1 24849
0 1 24850
0 1 24851
0 1 24853
0 1 24854
0 1 24855
0 1 24856
0 1 24857
0 1 24858
0 1 24859
0 1 24862
0 1 24866
0 1 24867
0 1 24868
0 1 24871
0 1 24873
0 1 24876
0 1 24879
0 1 24880
0 1 24881
0 1 24882
0 1 24883
0 1 24885
0 1 24886
0 1 24887
0 1 24889
0 1 24891
0 1 24892
0 1 24895
0 1 24896
0 1 24897
0 1 24898
0 1 24905
0 1 24906
0 1 24910
0 1 24911
0 1 24912
0 1 24913
0 1 24914
0 1 24915
0 1 24916
0 1 24918
0 1 24919
0 1 24921
0 1 24922
0 1 24923
0 1 24925
0 1 24928
0 1 24931
0 1 24933
0 1 24935
0 1 24938
0 1 24939
0 1 24941
0 1 24943
0 1 24944
0 1 24945
0 1 24946
0 1 24947
0 1 24949
0 1 24950
0 1 24951
0 1 24953
0 1 24955
0 1 24957
0 1 24959
0 1 24962
0 1 24963
0 1 24964
0 1 24965
0 1 24966
0 1 24967
0 1 24969
0 1 24972
0 1 24973
0 1 24975
0 1 24977
0 1 24978
0 1 24980
0 1 24984
0 1 24988
0 1 24989
0 1 24990
0 1 24993
0 1 24994
0 1 24995
0 1 24997
0 1 24998
0 1 24999
0 1 25000
0 1 25001
0 1 25002
0 1 25004
0 1 25005
0 1 25008
0 1 25011
0 1 25013
0 1 25015
0 1 25016
0 1 25018
0 1 25019
0 1 25023
0 1 25026
0 1 25027
0 1 25028
0 1 25029
0 1 25031
0 1 25032
0 1 25033
0 1 25034
0 1 25035
0 1 25037
0 1 25039
0 1 25042
0 1 25043
0 1 25045
0 1 25046
0 1 25047
0 1 25050
0 1 25051
0 1 25052
0 1 25053
0 1 25055
0 1 25057
0 1 25058
0 1 25059
0 1 25060
0 1 25063
0 1 25064
0 1 25068
0 1 25070
0 1 25073
0 1 25075
0 1 25077
0 1 25078
0 1 25079
0 1 25081
0 1 25082
0 1 25083
0 1 25084
0 1 25086
0 1 25088
0 1 25092
0 1 25093
0 1 25094
0 1 25095
0 1 25097
0 1 25098
0 1 25099
0 1 25100
0 1 25102
0 1 25104
0 1 25106
0 1 25107
0 1 25108
0 1 25110
0 1 25113
0 1 25116
0 1 25117
0 1 25120
0 1 25122
0 1 25123
0 1 25127
0 1 25129
0 1 25132
0 1 25133
0 1 25137
0 1 25138
0 1 25139
0 1 25140
0 1 25142
0 1 25143
0 1 25144
0 1 25145
0 1 25146
0 1 25147
0 1 25148
0 1 25149
0 1 25152
0 1 25153
0 1 25154
0 1 25155
0 1 25157
0 1 25158
0 1 25159
0 1 25160
0 1 25161
0 1 25162
0 1 25167
0 1 25171
0 1 25172
0 1 25173
0 1 25174
0 1 25175
0 1 25177
0 1 25181
0 1 25182
0 1 25183
0 1 25186
0 1 25187
0 1 25188
0 1 25191
0 1 25196
0 1 25197
0 1 25198
0 1 25200
0 1 25201
0 1 25204
0 1 25205
0 1 25207
0 1 25208
0 1 25210
0 1 25211
0 1 25212
0 1 25214
0 1 25218
0 1 25219
0 1 25220
0 1 25221
0 1 25222
0 1 25224
0 1 25225
0 1 25226
0 1 25229
0 1 25230
0 1 25232
0 1 25233
0 1 25234
0 1 25236
0 1 25237
0 1 25238
0 1 25239
0 1 25242
0 1 25243
0 1 25245
0 1 25248
0 1 25249
0 1 25250
0 1 25251
0 1 25252
0 1 25253
0 1 25254
0 1 25256
0 1 25257
0 1 25258
0 1 25260
0 1 25261
0 1 25262
0 1 25264
0 1 25265
0 1 25266
0 1 25267
0 1 25268
0 1 25269
0 1 25271
0 1 25272
0 1 25274
0 1 25275
0 1 25278
0 1 25280
0 1 25283
0 1 25285
0 1 25286
0 1 25287
0 1 25288
0 1 25289
0 1 25290
0 1 25291
0 1 25293
0 1 25294
0 1 25296
0 1 25297
0 1 25299
0 1 25301
0 1 25302
0 1 25305
0 1 25306
0 1 25308
0 1 25309
0 1 25310
0 1 25312
0 1 25316
0 1 25317
0 1 25318
0 1 25320
0 1 25321
0 1 25322
0 1 25324
0 1 25326
0 1 25329
0 1 25332
0 1 25333
0 1 25334
0 1 25335
0 1 25337
0 1 25338
0 1 25343
0 1 25344
0 1 25345
0 1 25346
0 1 25353
0 1 25355
0 1 25356
0 1 25359
0 1 25360
0 1 25362
0 1 25364
0 1 25365
0 1 25366
0 1 25369
0 1 25370
0 1 25371
0 1 25372
0 1 25374
0 1 25377
0 1 25378
0 1 25379
0 1 25380
0 1 25382
0 1 25384
0 1 25385
0 1 25386
0 1 25387
0 1 25388
0 1 25389
0 1 25390
0 1 25391
0 1 25392
0 1 25394
0 1 25395
0 1 25398
0 1 25399
0 1 25400
0 1 25402
0 1 25403
0 1 25405
0 1 25408
0 1 25410
0 1 25411
0 1 25414
0 1 25415
0 1 25416
0 1 25417
0 1 25421
0 1 25424
0 1 25425
0 1 25427
0 1 25428
0 1 25429
0 1 25430
0 1 25432
0 1 25433
0 1 25434
0 1 25435
0 1 25436
0 1 25438
0 1 25439
0 1 25440
0 1 25441
0 1 25442
0 1 25443
0 1 25444
0 1 25445
0 1 25446
0 1 25447
0 1 25448
0 1 25449
0 1 25450
0 1 25452
0 1 25453
0 1 25454
0 1 25456
0 1 25458
0 1 25460
0 1 25461
0 1 25464
0 1 25465
0 1 25466
0 1 25467
0 1 25468
0 1 25469
0 1 25470
0 1 25472
0 1 25474
0 1 25475
0 1 25477
0 1 25478
0 1 25479
0 1 25481
0 1 25482
0 1 25483
0 1 25486
0 1 25488
0 1 25489
0 1 25494
0 1 25496
0 1 25497
0 1 25498
0 1 25499
0 1 25500
0 1 25502
0 1 25504
0 1 25505
0 1 25506
0 1 25507
0 1 25508
0 1 25510
0 1 25511
0 1 25512
0 1 25514
0 1 25515
0 1 25516
0 1 25517
0 1 25518
0 1 25519
0 1 25520
0 1 25521
0 1 25522
0 1 25523
0 1 25525
0 1 25526
0 1 25529
0 1 25530
0 1 25531
0 1 25532
0 1 25534
0 1 25535
0 1 25537
0 1 25538
0 1 25539
0 1 25540
0 1 25541
0 1 25542
0 1 25544
0 1 25545
0 1 25546
0 1 25547
0 1 25551
0 1 25552
0 1 25553
0 1 25554
0 1 25557
0 1 25559
0 1 25560
0 1 25563
0 1 25564
0 1 25565
0 1 25567
0 1 25568
0 1 25574
0 1 25575
0 1 25577
0 1 25578
0 1 25579
0 1 25580
0 1 25584
0 1 25585
0 1 25587
0 1 25589
0 1 25590
0 1 25595
0 1 25596
0 1 25599
0 1 25601
0 1 25603
0 1 25604
0 1 25605
0 1 25607
0 1 25608
0 1 25610
0 1 25611
0 1 25612
0 1 25615
0 1 25616
0 1 25618
0 1 25619
0 1 25621
0 1 25622
0 1 25624
0 1 25625
0 1 25626
0 1 25631
0 1 25635
0 1 25637
0 1 25638
0 1 25639
0 1 25641
0 1 25642
0 1 25643
0 1 25644
0 1 25645
0 1 25646
0 1 25648
0 1 25649
0 1 25652
0 1 25653
0 1 25654
0 1 25655
0 1 25658
0 1 25659
0 1 25660
0 1 25661
0 1 25662
0 1 25663
0 1 25664
0 1 25666
0 1 25667
0 1 25668
0 1 25670
0 1 25671
0 1 25672
0 1 25674
0 1 25676
0 1 25679
0 1 25680
0 1 25682
0 1 25692
0 1 25694
0 1 25695
0 1 25696
0 1 25697
0 1 25699
0 1 25701
0 1 25705
0 1 25707
0 1 25708
0 1 25709
0 1 25711
0 1 25712
0 1 25713
0 1 25715
0 1 25716
0 1 25717
0 1 25718
0 1 25721
0 1 25722
0 1 25723
0 1 25726
0 1 25729
0 1 25730
0 1 25732
0 1 25735
0 1 25736
0 1 25738
0 1 25739
0 1 25741
0 1 25742
0 1 25744
0 1 25747
0 1 25748
0 1 25751
0 1 25752
0 1 25753
0 1 25755
0 1 25757
0 1 25758
0 1 25759
0 1 25760
0 1 25762
0 1 25763
0 1 25764
0 1 25765
0 1 25767
0 1 25768
0 1 25771
0 1 25772
0 1 25773
0 1 25774
0 1 25776
0 1 25778
0 1 25779
0 1 25780
0 1 25781
0 1 25783
0 1 25784
0 1 25786
0 1 25787
0 1 25788
0 1 25790
0 1 25792
0 1 25794
0 1 25797
0 1 25800
0 1 25803
0 1 25807
0 1 25808
0 1 25811
0 1 25813
0 1 25814
0 1 25817
0 1 25818
0 1 25819
0 1 25824
0 1 25826
0 1 25828
0 1 25829
0 1 25830
0 1 25831
0 1 25832
0 1 25833
0 1 25835
0 1 25837
0 1 25838
0 1 25839
0 1 25840
0 1 25841
0 1 25842
0 1 25843
0 1 25846
0 1 25848
0 1 25850
0 1 25852
0 1 25853
0 1 25854
0 1 25855
0 1 25858
0 1 25860
0 1 25861
0 1 25862
0 1 25866
0 1 25869
0 1 25872
0 1 25873
0 1 25874
0 1 25875
0 1 25876
0 1 25877
0 1 25878
0 1 25879
0 1 25881
0 1 25884
0 1 25885
0 1 25886
0 1 25887
0 1 25889
0 1 25892
0 1 25893
0 1 25897
0 1 25899
0 1 25900
0 1 25902
0 1 25903
0 1 25904
0 1 25905
0 1 25907
0 1 25909
0 1 25910
0 1 25912
0 1 25913
0 1 25914
0 1 25917
0 1 25918
0 1 25919
0 1 25921
0 1 25923
0 1 25924
0 1 25925
0 1 25926
0 1 25927
0 1 25929
0 1 25931
0 1 25932
0 1 25933
0 1 25934
0 1 25936
0 1 25938
0 1 25941
0 1 25944
0 1 25949
0 1 25951
0 1 25952
0 1 25954
0 1 25955
0 1 25957
0 1 25958
0 1 25961
0 1 25964
0 1 25965
0 1 25966
0 1 25970
0 1 25971
0 1 25972
0 1 25973
0 1 25975
0 1 25976
0 1 25977
0 1 25979
0 1 25980
0 1 25981
0 1 25982
0 1 25983
0 1 25984
0 1 25985
0 1 25988
0 1 25989
0 1 25991
0 1 25992
0 1 25993
0 1 25994
0 1 25995
0 1 25996
0 1 26000
0 1 26001
0 1 26004
0 1 26005
0 1 26008
0 1 26009
0 1 26010
0 1 26011
0 1 26012
0 1 26013
0 1 26015
0 1 26017
0 1 26020
0 1 26023
0 1 26024
0 1 26025
0 1 26028
0 1 26031
0 1 26034
0 1 26035
0 1 26036
0 1 26037
0 1 26038
0 1 26039
0 1 26040
0 1 26041
0 1 26042
0 1 26047
0 1 26048
0 1 26050
0 1 26051
0 1 26052
0 1 26055
0 1 26056
0 1 26057
0 1 26060
0 1 26061
0 1 26064
0 1 26066
0 1 26067
0 1 26070
0 1 26071
0 1 26073
0 1 26074
0 1 26076
0 1 26077
0 1 26078
0 1 26080
0 1 26081
0 1 26084
0 1 26085
0 1 26091
0 1 26093
0 1 26094
0 1 26096
0 1 26099
0 1 26102
0 1 26103
0 1 26105
0 1 26108
0 1 26109
0 1 26114
0 1 26115
0 1 26118
0 1 26120
0 1 26121
0 1 26122
0 1 26124
0 1 26126
0 1 26127
0 1 26129
0 1 26130
0 1 26131
0 1 26132
0 1 26134
0 1 26136
0 1 26137
0 1 26138
0 1 26139
0 1 26145
0 1 26146
0 1 26149
0 1 26151
0 1 26152
0 1 26154
0 1 26156
0 1 26157
0 1 26159
0 1 26160
0 1 26165
0 1 26167
0 1 26168
0 1 26169
0 1 26173
0 1 26174
0 1 26175
0 1 26177
0 1 26178
0 1 26179
0 1 26180
0 1 26181
0 1 26182
0 1 26183
0 1 26184
0 1 26186
0 1 26187
0 1 26188
0 1 26189
0 1 26191
0 1 26192
0 1 26193
0 1 26195
0 1 26196
0 1 26198
0 1 26201
0 1 26203
0 1 26204
0 1 26205
0 1 26206
0 1 26207
0 1 26208
0 1 26209
0 1 26210
0 1 26212
0 1 26213
0 1 26215
0 1 26216
0 1 26219
0 1 26221
0 1 26222
0 1 26223
0 1 26226
0 1 26229
0 1 26230
0 1 26231
0 1 26232
0 1 26233
0 1 26236
0 1 26237
0 1 26241
0 1 26242
0 1 26243
0 1 26244
0 1 26246
0 1 26247
0 1 26250
0 1 26251
0 1 26254
0 1 26255
0 1 26256
0 1 26259
0 1 26260
0 1 26261
0 1 26264
0 1 26266
0 1 26268
0 1 26270
0 1 26271
0 1 26273
0 1 26275
0 1 26276
0 1 26277
0 1 26278
0 1 26280
0 1 26281
0 1 26287
0 1 26288
0 1 26289
0 1 26290
0 1 26291
0 1 26292
0 1 26293
0 1 26295
0 1 26296
0 1 26298
0 1 26299
0 1 26303
0 1 26307
0 1 26309
0 1 26310
0 1 26312
0 1 26314
0 1 26315
0 1 26317
0 1 26318
0 1 26319
0 1 26320
0 1 26321
0 1 26322
0 1 26325
0 1 26326
0 1 26327
0 1 26329
0 1 26330
0 1 26331
0 1 26332
0 1 26337
0 1 26339
0 1 26340
0 1 26342
0 1 26343
0 1 26344
0 1 26346
0 1 26347
0 1 26348
0 1 26350
0 1 26351
0 1 26356
0 1 26358
0 1 26359
0 1 26364
0 1 26365
0 1 26366
0 1 26373
0 1 26375
0 1 26376
0 1 26377
0 1 26378
0 1 26379
0 1 26381
0 1 26382
0 1 26384
0 1 26385
0 1 26387
0 1 26388
0 1 26390
0 1 26391
0 1 26392
0 1 26393
0 1 26394
0 1 26395
0 1 26396
0 1 26397
0 1 26399
0 1 26400
0 1 26401
0 1 26402
0 1 26403
0 1 26405
0 1 26406
0 1 26407
0 1 26410
0 1 26411
0 1 26413
0 1 26416
0 1 26418
0 1 26420
0 1 26422
0 1 26423
0 1 26424
0 1 26427
0 1 26429
0 1 26430
0 1 26431
0 1 26432
0 1 26434
0 1 26435
0 1 26436
0 1 26437
0 1 26440
0 1 26441
0 1 26442
0 1 26443
0 1 26445
0 1 26448
0 1 26450
0 1 26452
0 1 26453
0 1 26455
0 1 26457
0 1 26458
0 1 26460
0 1 26462
0 1 26463
0 1 26464
0 1 26466
0 1 26470
0 1 26473
0 1 26474
0 1 26475
0 1 26476
0 1 26477
0 1 26478
0 1 26480
0 1 26481
0 1 26482
0 1 26483
0 1 26484
0 1 26486
0 1 26488
0 1 26489
0 1 26492
0 1 26493
0 1 26494
0 1 26495
0 1 26496
0 1 26497
0 1 26498
0 1 26501
0 1 26502
0 1 26506
0 1 26508
0 1 26509
0 1 26510
0 1 26512
0 1 26515
0 1 26518
0 1 26519
0 1 26520
0 1 26521
0 1 26523
0 1 26524
0 1 26528
0 1 26529
0 1 26531
0 1 26534
0 1 26539
0 1 26540
0 1 26542
0 1 26545
0 1 26546
0 1 26547
0 1 26549
0 1 26552
0 1 26553
0 1 26556
0 1 26558
0 1 26560
0 1 26562
0 1 26563
0 1 26564
0 1 26565
0 1 26566
0 1 26568
0 1 26569
0 1 26570
0 1 26571
0 1 26572
0 1 26574
0 1 26577
0 1 26578
0 1 26581
0 1 26586
0 1 26588
0 1 26591
0 1 26592
0 1 26593
0 1 26594
0 1 26595
0 1 26596
0 1 26597
0 1 26600
0 1 26602
0 1 26603
0 1 26604
0 1 26606
0 1 26608
0 1 26609
0 1 26611
0 1 26614
0 1 26615
0 1 26616
0 1 26617
0 1 26619
0 1 26620
0 1 26621
0 1 26622
0 1 26623
0 1 26624
0 1 26626
0 1 26627
0 1 26628
0 1 26631
0 1 26633
0 1 26638
0 1 26639
0 1 26640
0 1 26641
0 1 26644
0 1 26645
0 1 26647
0 1 26649
0 1 26650
0 1 26653
0 1 26656
0 1 26657
0 1 26658
0 1 26659
0 1 26661
0 1 26663
0 1 26664
0 1 26665
0 1 26666
0 1 26669
0 1 26671
0 1 26673
0 1 26675
0 1 26676
0 1 26677
0 1 26679
0 1 26681
0 1 26682
0 1 26683
0 1 26684
0 1 26685
0 1 26686
0 1 26687
0 1 26689
0 1 26690
0 1 26691
0 1 26694
0 1 26695
0 1 26696
0 1 26697
0 1 26699
0 1 26700
0 1 26704
0 1 26707
0 1 26710
0 1 26712
0 1 26713
0 1 26715
0 1 26716
0 1 26717
0 1 26718
0 1 26719
0 1 26720
0 1 26722
0 1 26723
0 1 26725
0 1 26726
0 1 26727
0 1 26728
0 1 26730
0 1 26734
0 1 26736
0 1 26738
0 1 26739
0 1 26740
0 1 26741
0 1 26742
0 1 26746
0 1 26747
0 1 26749
0 1 26750
0 1 26753
0 1 26756
0 1 26757
0 1 26759
0 1 26760
0 1 26762
0 1 26763
0 1 26764
0 1 26766
0 1 26767
0 1 26768
0 1 26769
0 1 26770
0 1 26771
0 1 26772
0 1 26774
0 1 26776
0 1 26780
0 1 26781
0 1 26783
0 1 26785
0 1 26786
0 1 26787
0 1 26790
0 1 26792
0 1 26794
0 1 26795
0 1 26796
0 1 26797
0 1 26798
0 1 26800
0 1 26801
0 1 26802
0 1 26805
0 1 26806
0 1 26807
0 1 26808
0 1 26809
0 1 26810
0 1 26813
0 1 26817
0 1 26818
0 1 26821
0 1 26823
0 1 26825
0 1 26826
0 1 26827
0 1 26830
0 1 26831
0 1 26832
0 1 26833
0 1 26834
0 1 26838
0 1 26842
0 1 26845
0 1 26846
0 1 26848
0 1 26849
0 1 26850
0 1 26851
0 1 26852
0 1 26855
0 1 26857
0 1 26858
0 1 26859
0 1 26860
0 1 26861
0 1 26862
0 1 26866
0 1 26868
0 1 26870
0 1 26874
0 1 26875
0 1 26876
0 1 26878
0 1 26879
0 1 26880
0 1 26882
0 1 26883
0 1 26886
0 1 26887
0 1 26888
0 1 26889
0 1 26891
0 1 26892
0 1 26893
0 1 26895
0 1 26897
0 1 26898
0 1 26899
0 1 26900
0 1 26902
0 1 26905
0 1 26906
0 1 26908
0 1 26910
0 1 26912
0 1 26913
0 1 26915
0 1 26916
0 1 26917
0 1 26921
0 1 26923
0 1 26924
0 1 26925
0 1 26927
0 1 26928
0 1 26929
0 1 26932
0 1 26933
0 1 26934
0 1 26935
0 1 26941
0 1 26942
0 1 26943
0 1 26944
0 1 26945
0 1 26946
0 1 26948
0 1 26949
0 1 26950
0 1 26951
0 1 26953
0 1 26954
0 1 26955
0 1 26956
0 1 26964
0 1 26965
0 1 26966
0 1 26967
0 1 26969
0 1 26970
0 1 26972
0 1 26975
0 1 26978
0 1 26979
0 1 26980
0 1 26986
0 1 26987
0 1 26988
0 1 26990
0 1 26992
0 1 26994
0 1 26996
0 1 26997
0 1 27000
0 1 27003
0 1 27007
0 1 27008
0 1 27010
0 1 27011
0 1 27012
0 1 27013
0 1 27014
0 1 27018
0 1 27020
0 1 27022
0 1 27023
0 1 27024
0 1 27025
0 1 27028
0 1 27032
0 1 27035
0 1 27037
0 1 27038
0 1 27039
0 1 27040
0 1 27043
0 1 27044
0 1 27045
0 1 27046
0 1 27047
0 1 27050
0 1 27051
0 1 27056
0 1 27058
0 1 27060
0 1 27061
0 1 27062
0 1 27064
0 1 27065
0 1 27066
0 1 27069
0 1 27074
0 1 27075
0 1 27078
0 1 27080
0 1 27082
0 1 27083
0 1 27084
0 1 27086
0 1 27088
0 1 27091
0 1 27092
0 1 27093
0 1 27094
0 1 27098
0 1 27099
0 1 27100
0 1 27101
0 1 27106
0 1 27107
0 1 27109
0 1 27110
0 1 27111
0 1 27112
0 1 27115
0 1 27116
0 1 27117
0 1 27119
0 1 27120
0 1 27122
0 1 27123
0 1 27124
0 1 27125
0 1 27126
0 1 27131
0 1 27132
0 1 27133
0 1 27134
0 1 27135
0 1 27136
0 1 27137
0 1 27138
0 1 27140
0 1 27142
0 1 27145
0 1 27146
0 1 27147
0 1 27149
0 1 27150
0 1 27151
0 1 27152
0 1 27153
0 1 27154
0 1 27157
0 1 27158
0 1 27160
0 1 27162
0 1 27164
0 1 27165
0 1 27167
0 1 27171
0 1 27172
0 1 27173
0 1 27174
0 1 27176
0 1 27177
0 1 27178
0 1 27179
0 1 27180
0 1 27181
0 1 27182
0 1 27184
0 1 27188
0 1 27190
0 1 27191
0 1 27192
0 1 27195
0 1 27196
0 1 27202
0 1 27203
0 1 27205
0 1 27207
0 1 27208
0 1 27210
0 1 27211
0 1 27212
0 1 27213
0 1 27214
0 1 27216
0 1 27218
0 1 27219
0 1 27221
0 1 27222
0 1 27223
0 1 27224
0 1 27227
0 1 27228
0 1 27230
0 1 27232
0 1 27234
0 1 27235
0 1 27238
0 1 27239
0 1 27240
0 1 27245
0 1 27247
0 1 27250
0 1 27252
0 1 27254
0 1 27257
0 1 27260
0 1 27261
0 1 27263
0 1 27270
0 1 27272
0 1 27273
0 1 27274
0 1 27276
0 1 27278
0 1 27279
0 1 27281
0 1 27284
0 1 27287
0 1 27291
0 1 27294
0 1 27296
0 1 27298
0 1 27300
0 1 27301
0 1 27302
0 1 27304
0 1 27305
0 1 27307
0 1 27309
0 1 27310
0 1 27311
0 1 27313
0 1 27314
0 1 27315
0 1 27316
0 1 27317
0 1 27318
0 1 27319
0 1 27320
0 1 27322
0 1 27324
0 1 27325
0 1 27327
0 1 27328
0 1 27329
0 1 27331
0 1 27333
0 1 27334
0 1 27335
0 1 27337
0 1 27339
0 1 27341
0 1 27345
0 1 27347
0 1 27348
0 1 27349
0 1 27353
0 1 27357
0 1 27360
0 1 27361
0 1 27362
0 1 27363
0 1 27364
0 1 27367
0 1 27368
0 1 27369
0 1 27370
0 1 27371
0 1 27372
0 1 27373
0 1 27374
0 1 27375
0 1 27378
0 1 27379
0 1 27381
0 1 27382
0 1 27383
0 1 27385
0 1 27386
0 1 27387
0 1 27388
0 1 27389
0 1 27390
0 1 27391
0 1 27393
0 1 27394
0 1 27395
0 1 27396
0 1 27397
0 1 27398
0 1 27399
0 1 27400
0 1 27406
0 1 27407
0 1 27408
0 1 27409
0 1 27415
0 1 27416
0 1 27419
0 1 27420
0 1 27421
0 1 27422
0 1 27424
0 1 27426
0 1 27427
0 1 27428
0 1 27430
0 1 27431
0 1 27432
0 1 27433
0 1 27436
0 1 27437
0 1 27438
0 1 27440
0 1 27441
0 1 27442
0 1 27443
0 1 27444
0 1 27445
0 1 27446
0 1 27447
0 1 27449
0 1 27450
0 1 27452
0 1 27454
0 1 27455
0 1 27456
0 1 27457
0 1 27458
0 1 27459
0 1 27460
0 1 27463
0 1 27465
0 1 27466
0 1 27468
0 1 27469
0 1 27470
0 1 27471
0 1 27472
0 1 27474
0 1 27476
0 1 27479
0 1 27480
0 1 27483
0 1 27485
0 1 27487
0 1 27491
0 1 27492
0 1 27494
0 1 27497
0 1 27498
0 1 27500
0 1 27503
0 1 27509
0 1 27511
0 1 27515
0 1 27516
0 1 27517
0 1 27518
0 1 27523
0 1 27525
0 1 27526
0 1 27528
0 1 27531
0 1 27533
0 1 27534
0 1 27535
0 1 27536
0 1 27539
0 1 27540
0 1 27545
0 1 27547
0 1 27548
0 1 27549
0 1 27551
0 1 27552
0 1 27553
0 1 27556
0 1 27557
0 1 27558
0 1 27560
0 1 27561
0 1 27562
0 1 27563
0 1 27564
0 1 27567
0 1 27569
0 1 27578
0 1 27579
0 1 27581
0 1 27582
0 1 27583
0 1 27586
0 1 27587
0 1 27588
0 1 27591
0 1 27593
0 1 27596
0 1 27598
0 1 27607
0 1 27610
0 1 27613
0 1 27614
0 1 27615
0 1 27616
0 1 27617
0 1 27618
0 1 27619
0 1 27620
0 1 27623
0 1 27624
0 1 27625
0 1 27627
0 1 27628
0 1 27629
0 1 27631
0 1 27633
0 1 27634
0 1 27636
0 1 27637
0 1 27638
0 1 27639
0 1 27640
0 1 27641
0 1 27643
0 1 27644
0 1 27647
0 1 27648
0 1 27649
0 1 27650
0 1 27651
0 1 27654
0 1 27656
0 1 27658
0 1 27659
0 1 27660
0 1 27661
0 1 27662
0 1 27663
0 1 27665
0 1 27666
0 1 27667
0 1 27669
0 1 27672
0 1 27673
0 1 27675
0 1 27676
0 1 27677
0 1 27679
0 1 27681
0 1 27682
0 1 27687
0 1 27691
0 1 27693
0 1 27694
0 1 27695
0 1 27696
0 1 27698
0 1 27700
0 1 27703
0 1 27704
0 1 27705
0 1 27707
0 1 27711
0 1 27713
0 1 27714
0 1 27715
0 1 27716
0 1 27719
0 1 27722
0 1 27723
0 1 27724
0 1 27725
0 1 27727
0 1 27729
0 1 27730
0 1 27732
0 1 27735
0 1 27736
0 1 27737
0 1 27739
0 1 27742
0 1 27744
0 1 27745
0 1 27746
0 1 27747
0 1 27748
0 1 27749
0 1 27750
0 1 27752
0 1 27756
0 1 27758
0 1 27760
0 1 27762
0 1 27763
0 1 27769
0 1 27771
0 1 27774
0 1 27775
0 1 27777
0 1 27779
0 1 27780
0 1 27781
0 1 27784
0 1 27786
0 1 27787
0 1 27788
0 1 27789
0 1 27790
0 1 27792
0 1 27793
0 1 27794
0 1 27795
0 1 27797
0 1 27798
0 1 27799
0 1 27800
0 1 27801
0 1 27802
0 1 27803
0 1 27804
0 1 27806
0 1 27807
0 1 27809
0 1 27811
0 1 27814
0 1 27815
0 1 27818
0 1 27820
0 1 27821
0 1 27822
0 1 27823
0 1 27825
0 1 27826
0 1 27827
0 1 27828
0 1 27829
0 1 27831
0 1 27832
0 1 27833
0 1 27834
0 1 27836
0 1 27837
0 1 27838
0 1 27840
0 1 27841
0 1 27843
0 1 27844
0 1 27846
0 1 27847
0 1 27849
0 1 27850
0 1 27853
0 1 27854
0 1 27855
0 1 27858
0 1 27859
0 1 27860
0 1 27861
0 1 27863
0 1 27866
0 1 27868
0 1 27869
0 1 27870
0 1 27872
0 1 27873
0 1 27875
0 1 27876
0 1 27877
0 1 27878
0 1 27879
0 1 27886
0 1 27887
0 1 27888
0 1 27889
0 1 27891
0 1 27892
0 1 27893
0 1 27896
0 1 27897
0 1 27900
0 1 27903
0 1 27904
0 1 27905
0 1 27906
0 1 27907
0 1 27908
0 1 27909
0 1 27910
0 1 27911
0 1 27912
0 1 27913
0 1 27914
0 1 27916
0 1 27917
0 1 27918
0 1 27919
0 1 27920
0 1 27922
0 1 27923
0 1 27925
0 1 27927
0 1 27928
0 1 27931
0 1 27932
0 1 27934
0 1 27935
0 1 27936
0 1 27937
0 1 27939
0 1 27942
0 1 27943
0 1 27944
0 1 27945
0 1 27946
0 1 27947
0 1 27950
0 1 27951
0 1 27952
0 1 27953
0 1 27954
0 1 27955
0 1 27956
0 1 27960
0 1 27962
0 1 27963
0 1 27964
0 1 27965
0 1 27968
0 1 27970
0 1 27971
0 1 27973
0 1 27979
0 1 27980
0 1 27981
0 1 27982
0 1 27983
0 1 27984
0 1 27985
0 1 27986
0 1 27993
0 1 27994
0 1 27996
0 1 27998
0 1 28002
0 1 28005
0 1 28007
0 1 28008
0 1 28009
0 1 28010
0 1 28011
0 1 28012
0 1 28015
0 1 28016
0 1 28017
0 1 28019
0 1 28020
0 1 28021
0 1 28023
0 1 28024
0 1 28025
0 1 28026
0 1 28027
0 1 28030
0 1 28031
0 1 28032
0 1 28033
0 1 28035
0 1 28036
0 1 28037
0 1 28039
0 1 28040
0 1 28042
0 1 28043
0 1 28044
0 1 28045
0 1 28046
0 1 28047
0 1 28048
0 1 28049
0 1 28053
0 1 28056
0 1 28058
0 1 28060
0 1 28061
0 1 28063
0 1 28064
0 1 28065
0 1 28066
0 1 28067
0 1 28071
0 1 28072
0 1 28073
0 1 28074
0 1 28078
0 1 28079
0 1 28080
0 1 28082
0 1 28084
0 1 28085
0 1 28086
0 1 28088
0 1 28089
0 1 28092
0 1 28093
0 1 28095
0 1 28097
0 1 28099
0 1 28101
0 1 28102
0 1 28103
0 1 28104
0 1 28107
0 1 28108
0 1 28110
0 1 28111
0 1 28113
0 1 28114
0 1 28115
0 1 28116
0 1 28117
0 1 28118
0 1 28119
0 1 28122
0 1 28123
0 1 28124
0 1 28128
0 1 28130
0 1 28131
0 1 28133
0 1 28136
0 1 28137
0 1 28138
0 1 28140
0 1 28141
0 1 28144
0 1 28145
0 1 28146
0 1 28148
0 1 28150
0 1 28151
0 1 28152
0 1 28153
0 1 28154
0 1 28159
0 1 28160
0 1 28163
0 1 28165
0 1 28166
0 1 28167
0 1 28168
0 1 28169
0 1 28172
0 1 28173
0 1 28174
0 1 28176
0 1 28177
0 1 28178
0 1 28183
0 1 28186
0 1 28188
0 1 28190
0 1 28191
0 1 28192
0 1 28193
0 1 28194
0 1 28195
0 1 28196
0 1 28197
0 1 28199
0 1 28201
0 1 28203
0 1 28204
0 1 28206
0 1 28207
0 1 28208
0 1 28211
0 1 28212
0 1 28214
0 1 28216
0 1 28217
0 1 28218
0 1 28219
0 1 28220
0 1 28221
0 1 28223
0 1 28224
0 1 28225
0 1 28226
0 1 28227
0 1 28228
0 1 28231
0 1 28232
0 1 28234
0 1 28237
0 1 28239
0 1 28242
0 1 28243
0 1 28244
0 1 28245
0 1 28247
0 1 28249
0 1 28252
0 1 28253
0 1 28255
0 1 28256
0 1 28257
0 1 28258
0 1 28259
0 1 28261
0 1 28262
0 1 28263
0 1 28265
0 1 28266
0 1 28267
0 1 28268
0 1 28270
0 1 28271
0 1 28272
0 1 28273
0 1 28275
0 1 28277
0 1 28278
0 1 28279
0 1 28280
0 1 28281
0 1 28282
0 1 28283
0 1 28286
0 1 28288
0 1 28289
0 1 28290
0 1 28291
0 1 28292
0 1 28294
0 1 28296
0 1 28297
0 1 28298
0 1 28299
0 1 28300
0 1 28301
0 1 28302
0 1 28304
0 1 28308
0 1 28309
0 1 28310
0 1 28312
0 1 28313
0 1 28314
0 1 28315
0 1 28319
0 1 28320
0 1 28321
0 1 28322
0 1 28324
0 1 28325
0 1 28326
0 1 28327
0 1 28328
0 1 28330
0 1 28331
0 1 28332
0 1 28333
0 1 28334
0 1 28335
0 1 28338
0 1 28340
0 1 28341
0 1 28343
0 1 28345
0 1 28346
0 1 28347
0 1 28352
0 1 28354
0 1 28357
0 1 28360
0 1 28361
0 1 28362
0 1 28363
0 1 28365
0 1 28368
0 1 28369
0 1 28371
0 1 28372
0 1 28374
0 1 28375
0 1 28377
0 1 28379
0 1 28380
0 1 28383
0 1 28384
0 1 28386
0 1 28388
0 1 28389
0 1 28391
0 1 28392
0 1 28393
0 1 28395
0 1 28396
0 1 28397
0 1 28398
0 1 28400
0 1 28402
0 1 28403
0 1 28404
0 1 28407
0 1 28408
0 1 28409
0 1 28410
0 1 28412
0 1 28413
0 1 28414
0 1 28417
0 1 28418
0 1 28419
0 1 28420
0 1 28424
0 1 28426
0 1 28427
0 1 28429
0 1 28430
0 1 28433
0 1 28434
0 1 28435
0 1 28436
0 1 28437
0 1 28439
0 1 28440
0 1 28441
0 1 28442
0 1 28444
0 1 28445
0 1 28446
0 1 28447
0 1 28448
0 1 28449
0 1 28452
0 1 28453
0 1 28455
0 1 28458
0 1 28459
0 1 28460
0 1 28461
0 1 28463
0 1 28467
0 1 28468
0 1 28469
0 1 28473
0 1 28474
0 1 28476
0 1 28477
0 1 28480
0 1 28483
0 1 28486
0 1 28487
0 1 28488
0 1 28492
0 1 28493
0 1 28495
0 1 28497
0 1 28498
0 1 28499
0 1 28500
0 1 28501
0 1 28502
0 1 28505
0 1 28507
0 1 28508
0 1 28516
0 1 28518
0 1 28520
0 1 28521
0 1 28522
0 1 28523
0 1 28527
0 1 28528
0 1 28529
0 1 28530
0 1 28534
0 1 28535
0 1 28536
0 1 28537
0 1 28538
0 1 28539
0 1 28540
0 1 28543
0 1 28544
0 1 28545
0 1 28546
0 1 28547
0 1 28550
0 1 28551
0 1 28552
0 1 28554
0 1 28556
0 1 28558
0 1 28559
0 1 28560
0 1 28561
0 1 28563
0 1 28564
0 1 28565
0 1 28566
0 1 28567
0 1 28569
0 1 28571
0 1 28573
0 1 28575
0 1 28577
0 1 28578
0 1 28580
0 1 28583
0 1 28584
0 1 28585
0 1 28586
0 1 28589
0 1 28592
0 1 28593
0 1 28594
0 1 28595
0 1 28597
0 1 28598
0 1 28600
0 1 28603
0 1 28605
0 1 28606
0 1 28607
0 1 28608
0 1 28611
0 1 28612
0 1 28614
0 1 28615
0 1 28617
0 1 28618
0 1 28619
0 1 28620
0 1 28621
0 1 28622
0 1 28623
0 1 28624
0 1 28625
0 1 28627
0 1 28628
0 1 28630
0 1 28631
0 1 28632
0 1 28633
0 1 28635
0 1 28638
0 1 28640
0 1 28641
0 1 28642
0 1 28643
0 1 28644
0 1 28645
0 1 28647
0 1 28648
0 1 28650
0 1 28651
0 1 28654
0 1 28656
0 1 28657
0 1 28661
0 1 28663
0 1 28664
0 1 28665
0 1 28666
0 1 28667
0 1 28668
0 1 28672
0 1 28673
0 1 28674
0 1 28676
0 1 28677
0 1 28679
0 1 28680
0 1 28681
0 1 28682
0 1 28683
0 1 28684
0 1 28685
0 1 28686
0 1 28687
0 1 28688
0 1 28689
0 1 28691
0 1 28692
0 1 28693
0 1 28696
0 1 28697
0 1 28699
0 1 28700
0 1 28701
0 1 28702
0 1 28704
0 1 28705
0 1 28711
0 1 28713
0 1 28714
0 1 28716
0 1 28717
0 1 28718
0 1 28719
0 1 28721
0 1 28724
0 1 28728
0 1 28729
0 1 28730
0 1 28731
0 1 28732
0 1 28735
0 1 28738
0 1 28741
0 1 28742
0 1 28743
0 1 28744
0 1 28752
0 1 28762
0 1 28763
0 1 28764
0 1 28767
0 1 28770
0 1 28771
0 1 28773
0 1 28774
0 1 28775
0 1 28776
0 1 28777
0 1 28780
0 1 28782
0 1 28784
0 1 28785
0 1 28786
0 1 28787
0 1 28790
0 1 28791
0 1 28792
0 1 28793
0 1 28796
0 1 28797
0 1 28798
0 1 28800
0 1 28803
0 1 28805
0 1 28806
0 1 28808
0 1 28810
0 1 28819
0 1 28823
0 1 28825
0 1 28828
0 1 28830
0 1 28832
0 1 28835
0 1 28837
0 1 28838
0 1 28839
0 1 28841
0 1 28842
0 1 28846
0 1 28847
0 1 28849
0 1 28850
0 1 28851
0 1 28852
0 1 28853
0 1 28854
0 1 28857
0 1 28858
0 1 28860
0 1 28861
0 1 28864
0 1 28865
0 1 28867
0 1 28868
0 1 28876
0 1 28878
0 1 28879
0 1 28880
0 1 28883
0 1 28884
0 1 28885
0 1 28886
0 1 28887
0 1 28890
0 1 28891
0 1 28892
0 1 28895
0 1 28896
0 1 28899
0 1 28900
0 1 28901
0 1 28902
0 1 28903
0 1 28904
0 1 28906
0 1 28907
0 1 28908
0 1 28909
0 1 28910
0 1 28911
0 1 28912
0 1 28914
0 1 28915
0 1 28916
0 1 28917
0 1 28918
0 1 28920
0 1 28928
0 1 28932
0 1 28933
0 1 28934
0 1 28935
0 1 28936
0 1 28937
0 1 28939
0 1 28941
0 1 28942
0 1 28943
0 1 28944
0 1 28949
0 1 28950
0 1 28951
0 1 28952
0 1 28953
0 1 28955
0 1 28958
0 1 28961
0 1 28964
0 1 28965
0 1 28966
0 1 28967
0 1 28968
0 1 28969
0 1 28970
0 1 28971
0 1 28972
0 1 28973
0 1 28976
0 1 28977
0 1 28978
0 1 28979
0 1 28980
0 1 28985
0 1 28986
0 1 28987
0 1 28989
0 1 28991
0 1 28992
0 1 28994
0 1 28995
0 1 28996
0 1 28997
0 1 28998
0 1 28999
0 1 29006
0 1 29007
0 1 29008
0 1 29010
0 1 29013
0 1 29014
0 1 29016
0 1 29017
0 1 29018
0 1 29020
0 1 29021
0 1 29022
0 1 29023
0 1 29025
0 1 29026
0 1 29028
0 1 29029
0 1 29030
0 1 29032
0 1 29033
0 1 29034
0 1 29035
0 1 29036
0 1 29037
0 1 29038
0 1 29039
0 1 29040
0 1 29041
0 1 29044
0 1 29045
0 1 29047
0 1 29049
0 1 29050
0 1 29051
0 1 29052
0 1 29053
0 1 29054
0 1 29055
0 1 29056
0 1 29057
0 1 29058
0 1 29059
0 1 29060
0 1 29061
0 1 29069
0 1 29070
0 1 29071
0 1 29072
0 1 29073
0 1 29077
0 1 29078
0 1 29081
0 1 29082
0 1 29083
0 1 29085
0 1 29086
0 1 29092
0 1 29095
0 1 29096
0 1 29097
0 1 29098
0 1 29101
0 1 29103
0 1 29105
0 1 29106
0 1 29110
0 1 29111
0 1 29112
0 1 29114
0 1 29115
0 1 29116
0 1 29118
0 1 29120
0 1 29121
0 1 29125
0 1 29126
0 1 29127
0 1 29132
0 1 29133
0 1 29135
0 1 29137
0 1 29138
0 1 29139
0 1 29140
0 1 29141
0 1 29142
0 1 29143
0 1 29144
0 1 29145
0 1 29148
0 1 29150
0 1 29151
0 1 29152
0 1 29153
0 1 29154
0 1 29156
0 1 29157
0 1 29161
0 1 29162
0 1 29164
0 1 29165
0 1 29166
0 1 29167
0 1 29168
0 1 29172
0 1 29174
0 1 29175
0 1 29176
0 1 29178
0 1 29179
0 1 29184
0 1 29185
0 1 29186
0 1 29187
0 1 29188
0 1 29189
0 1 29190
0 1 29192
0 1 29193
0 1 29194
0 1 29197
0 1 29201
0 1 29203
0 1 29208
0 1 29214
0 1 29218
0 1 29219
0 1 29220
0 1 29221
0 1 29222
0 1 29223
0 1 29224
0 1 29225
0 1 29226
0 1 29229
0 1 29232
0 1 29234
0 1 29236
0 1 29237
0 1 29238
0 1 29239
0 1 29240
0 1 29241
0 1 29242
0 1 29243
0 1 29244
0 1 29245
0 1 29246
0 1 29247
0 1 29249
0 1 29251
0 1 29253
0 1 29254
0 1 29257
0 1 29259
0 1 29262
0 1 29263
0 1 29264
0 1 29265
0 1 29266
0 1 29270
0 1 29271
0 1 29273
0 1 29274
0 1 29275
0 1 29276
0 1 29277
0 1 29278
0 1 29279
0 1 29280
0 1 29282
0 1 29283
0 1 29285
0 1 29286
0 1 29289
0 1 29291
0 1 29293
0 1 29295
0 1 29296
0 1 29298
0 1 29300
0 1 29301
0 1 29302
0 1 29303
0 1 29304
0 1 29307
0 1 29308
0 1 29309
0 1 29311
0 1 29313
0 1 29314
0 1 29317
0 1 29319
0 1 29321
0 1 29322
0 1 29323
0 1 29326
0 1 29328
0 1 29329
0 1 29332
0 1 29333
0 1 29334
0 1 29335
0 1 29336
0 1 29339
0 1 29343
0 1 29345
0 1 29348
0 1 29350
0 1 29352
0 1 29353
0 1 29356
0 1 29357
0 1 29359
0 1 29360
0 1 29362
0 1 29364
0 1 29365
0 1 29366
0 1 29368
0 1 29370
0 1 29371
0 1 29373
0 1 29375
0 1 29377
0 1 29379
0 1 29380
0 1 29381
0 1 29382
0 1 29384
0 1 29385
0 1 29386
0 1 29387
0 1 29388
0 1 29390
0 1 29395
0 1 29399
0 1 29402
0 1 29405
0 1 29406
0 1 29407
0 1 29408
0 1 29409
0 1 29410
0 1 29411
0 1 29412
0 1 29414
0 1 29416
0 1 29417
0 1 29418
0 1 29424
0 1 29425
0 1 29426
0 1 29428
0 1 29431
0 1 29432
0 1 29433
0 1 29436
0 1 29437
0 1 29438
0 1 29439
0 1 29441
0 1 29442
0 1 29443
0 1 29444
0 1 29446
0 1 29450
0 1 29452
0 1 29453
0 1 29455
0 1 29456
0 1 29458
0 1 29459
0 1 29464
0 1 29465
0 1 29467
0 1 29468
0 1 29470
0 1 29471
0 1 29473
0 1 29474
0 1 29476
0 1 29481
0 1 29483
0 1 29485
0 1 29487
0 1 29488
0 1 29489
0 1 29491
0 1 29493
0 1 29495
0 1 29496
0 1 29497
0 1 29499
0 1 29503
0 1 29504
0 1 29505
0 1 29506
0 1 29507
0 1 29509
0 1 29512
0 1 29513
0 1 29517
0 1 29518
0 1 29521
0 1 29523
0 1 29524
0 1 29525
0 1 29528
0 1 29529
0 1 29531
0 1 29532
0 1 29535
0 1 29537
0 1 29539
0 1 29540
0 1 29541
0 1 29542
0 1 29543
0 1 29547
0 1 29552
0 1 29553
0 1 29555
0 1 29556
0 1 29559
0 1 29560
0 1 29563
0 1 29564
0 1 29565
0 1 29567
0 1 29568
0 1 29569
0 1 29571
0 1 29573
0 1 29574
0 1 29579
0 1 29581
0 1 29584
0 1 29585
0 1 29586
0 1 29588
0 1 29589
0 1 29590
0 1 29592
0 1 29593
0 1 29594
0 1 29600
0 1 29601
0 1 29602
0 1 29603
0 1 29604
0 1 29605
0 1 29606
0 1 29607
0 1 29608
0 1 29609
0 1 29610
0 1 29618
0 1 29620
0 1 29621
0 1 29623
0 1 29626
0 1 29627
0 1 29629
0 1 29630
0 1 29631
0 1 29633
0 1 29634
0 1 29640
0 1 29641
0 1 29642
0 1 29644
0 1 29645
0 1 29646
0 1 29647
0 1 29648
0 1 29649
0 1 29652
0 1 29653
0 1 29654
0 1 29655
0 1 29656
0 1 29657
0 1 29658
0 1 29659
0 1 29662
0 1 29663
0 1 29666
0 1 29667
0 1 29668
0 1 29669
0 1 29671
0 1 29673
0 1 29675
0 1 29678
0 1 29681
0 1 29682
0 1 29685
0 1 29686
0 1 29687
0 1 29690
0 1 29692
0 1 29694
0 1 29700
0 1 29701
0 1 29702
0 1 29703
0 1 29704
0 1 29705
0 1 29706
0 1 29710
0 1 29713
0 1 29714
0 1 29715
0 1 29716
0 1 29717
0 1 29718
0 1 29720
0 1 29722
0 1 29723
0 1 29724
0 1 29727
0 1 29728
0 1 29730
0 1 29735
0 1 29739
0 1 29742
0 1 29743
0 1 29744
0 1 29745
0 1 29746
0 1 29747
0 1 29748
0 1 29749
0 1 29750
0 1 29751
0 1 29752
0 1 29753
0 1 29754
0 1 29755
0 1 29756
0 1 29757
0 1 29758
0 1 29759
0 1 29760
0 1 29761
0 1 29763
0 1 29768
0 1 29769
0 1 29770
0 1 29771
0 1 29773
0 1 29775
0 1 29776
0 1 29777
0 1 29779
0 1 29780
0 1 29784
0 1 29786
0 1 29787
0 1 29790
0 1 29791
0 1 29797
0 1 29804
0 1 29805
0 1 29808
0 1 29809
0 1 29810
0 1 29814
0 1 29815
0 1 29816
0 1 29817
0 1 29820
0 1 29821
0 1 29826
0 1 29828
0 1 29830
0 1 29831
0 1 29833
0 1 29835
0 1 29837
0 1 29840
0 1 29842
0 1 29844
0 1 29847
0 1 29850
0 1 29853
0 1 29855
0 1 29856
0 1 29857
0 1 29858
0 1 29860
0 1 29861
0 1 29862
0 1 29864
0 1 29866
0 1 29868
0 1 29869
0 1 29870
0 1 29873
0 1 29875
0 1 29876
0 1 29877
0 1 29878
0 1 29879
0 1 29881
0 1 29882
0 1 29884
0 1 29885
0 1 29886
0 1 29888
0 1 29890
0 1 29892
0 1 29894
0 1 29895
0 1 29898
0 1 29903
0 1 29904
0 1 29905
0 1 29906
0 1 29907
0 1 29909
0 1 29910
0 1 29912
0 1 29913
0 1 29914
0 1 29916
0 1 29918
0 1 29919
0 1 29920
0 1 29921
0 1 29922
0 1 29923
0 1 29924
0 1 29925
0 1 29926
0 1 29927
0 1 29929
0 1 29930
0 1 29931
0 1 29936
0 1 29937
0 1 29938
0 1 29943
0 1 29944
0 1 29946
0 1 29949
0 1 29951
0 1 29952
0 1 29953
0 1 29954
0 1 29955
0 1 29957
0 1 29958
0 1 29959
0 1 29960
0 1 29961
0 1 29963
0 1 29964
0 1 29965
0 1 29968
0 1 29973
0 1 29974
0 1 29975
0 1 29976
0 1 29977
0 1 29979
0 1 29980
0 1 29981
0 1 29984
0 1 29986
0 1 29987
0 1 29988
0 1 29990
0 1 29991
0 1 29992
0 1 29994
0 1 29995
0 1 29998
0 1 29999
0 1 30000
0 1 30004
0 1 30006
0 1 30007
0 1 30011
0 1 30012
0 1 30016
0 1 30017
0 1 30018
0 1 30019
0 1 30021
0 1 30022
0 1 30026
0 1 30027
0 1 30028
0 1 30029
0 1 30030
0 1 30035
0 1 30036
0 1 30037
0 1 30038
0 1 30039
0 1 30042
0 1 30044
0 1 30045
0 1 30046
0 1 30047
0 1 30048
0 1 30050
0 1 30051
0 1 30052
0 1 30053
0 1 30055
0 1 30057
0 1 30058
0 1 30061
0 1 30062
0 1 30064
0 1 30066
0 1 30067
0 1 30070
0 1 30071
0 1 30072
0 1 30073
0 1 30074
0 1 30075
0 1 30076
0 1 30078
0 1 30079
0 1 30080
0 1 30081
0 1 30082
0 1 30084
0 1 30086
0 1 30087
0 1 30088
0 1 30090
0 1 30092
0 1 30093
0 1 30095
0 1 30096
0 1 30097
0 1 30099
0 1 30101
0 1 30102
0 1 30106
0 1 30108
0 1 30111
0 1 30112
0 1 30114
0 1 30117
0 1 30118
0 1 30124
0 1 30125
0 1 30128
0 1 30129
0 1 30132
0 1 30134
0 1 30135
0 1 30136
0 1 30137
0 1 30138
0 1 30139
0 1 30143
0 1 30144
0 1 30145
0 1 30146
0 1 30147
0 1 30148
0 1 30149
0 1 30151
0 1 30152
0 1 30153
0 1 30155
0 1 30159
0 1 30160
0 1 30161
0 1 30165
0 1 30169
0 1 30171
0 1 30174
0 1 30175
0 1 30176
0 1 30178
0 1 30179
0 1 30180
0 1 30182
0 1 30184
0 1 30185
0 1 30186
0 1 30187
0 1 30188
0 1 30190
0 1 30191
0 1 30194
0 1 30195
0 1 30196
0 1 30198
0 1 30200
0 1 30201
0 1 30204
0 1 30205
0 1 30206
0 1 30208
0 1 30210
0 1 30211
0 1 30215
0 1 30216
0 1 30217
0 1 30219
0 1 30221
0 1 30224
0 1 30226
0 1 30228
0 1 30229
0 1 30233
0 1 30234
0 1 30235
0 1 30238
0 1 30241
0 1 30242
0 1 30244
0 1 30247
0 1 30248
0 1 30249
0 1 30252
0 1 30254
0 1 30256
0 1 30257
0 1 30258
0 1 30259
0 1 30260
0 1 30261
0 1 30262
0 1 30263
0 1 30265
0 1 30266
0 1 30267
0 1 30268
0 1 30269
0 1 30270
0 1 30271
0 1 30274
0 1 30278
0 1 30279
0 1 30284
0 1 30286
0 1 30287
0 1 30288
0 1 30290
0 1 30291
0 1 30292
0 1 30296
0 1 30300
0 1 30301
0 1 30302
0 1 30304
0 1 30305
0 1 30306
0 1 30307
0 1 30308
0 1 30311
0 1 30312
0 1 30314
0 1 30315
0 1 30317
0 1 30319
0 1 30323
0 1 30324
0 1 30327
0 1 30328
0 1 30329
0 1 30330
0 1 30331
0 1 30332
0 1 30335
0 1 30336
0 1 30337
0 1 30339
0 1 30342
0 1 30344
0 1 30346
0 1 30347
0 1 30348
0 1 30349
0 1 30351
0 1 30352
0 1 30357
0 1 30358
0 1 30359
0 1 30360
0 1 30361
0 1 30362
0 1 30363
0 1 30364
0 1 30365
0 1 30368
0 1 30369
0 1 30371
0 1 30373
0 1 30374
0 1 30377
0 1 30378
0 1 30379
0 1 30380
0 1 30381
0 1 30383
0 1 30384
0 1 30386
0 1 30389
0 1 30390
0 1 30391
0 1 30392
0 1 30394
0 1 30396
0 1 30398
0 1 30399
0 1 30400
0 1 30401
0 1 30402
0 1 30405
0 1 30407
0 1 30408
0 1 30410
0 1 30412
0 1 30413
0 1 30414
0 1 30415
0 1 30417
0 1 30418
0 1 30419
0 1 30421
0 1 30422
0 1 30423
0 1 30424
0 1 30427
0 1 30428
0 1 30429
0 1 30434
0 1 30435
0 1 30437
0 1 30439
0 1 30440
0 1 30441
0 1 30442
0 1 30445
0 1 30446
0 1 30451
0 1 30454
0 1 30456
0 1 30457
0 1 30458
0 1 30462
0 1 30463
0 1 30464
0 1 30466
0 1 30468
0 1 30470
0 1 30471
0 1 30474
0 1 30476
0 1 30477
0 1 30483
0 1 30484
0 1 30485
0 1 30486
0 1 30488
0 1 30491
0 1 30494
0 1 30495
0 1 30496
0 1 30499
0 1 30502
0 1 30503
0 1 30504
0 1 30506
0 1 30508
0 1 30510
0 1 30511
0 1 30513
0 1 30518
0 1 30521
0 1 30524
0 1 30526
0 1 30527
0 1 30528
0 1 30531
0 1 30532
0 1 30533
0 1 30535
0 1 30537
0 1 30538
0 1 30539
0 1 30541
0 1 30542
0 1 30545
0 1 30546
0 1 30547
0 1 30548
0 1 30550
0 1 30551
0 1 30552
0 1 30553
0 1 30555
0 1 30556
0 1 30557
0 1 30559
0 1 30560
0 1 30561
0 1 30562
0 1 30563
0 1 30564
0 1 30565
0 1 30566
0 1 30567
0 1 30568
0 1 30571
0 1 30572
0 1 30577
0 1 30579
0 1 30583
0 1 30584
0 1 30585
0 1 30586
0 1 30587
0 1 30588
0 1 30589
0 1 30595
0 1 30597
0 1 30598
0 1 30599
0 1 30601
0 1 30605
0 1 30606
0 1 30609
0 1 30610
0 1 30611
0 1 30613
0 1 30615
0 1 30618
0 1 30619
0 1 30621
0 1 30625
0 1 30626
0 1 30627
0 1 30629
0 1 30632
0 1 30634
0 1 30636
0 1 30637
0 1 30639
0 1 30640
0 1 30644
0 1 30645
0 1 30647
0 1 30649
0 1 30651
0 1 30654
0 1 30655
0 1 30657
0 1 30661
0 1 30662
0 1 30663
0 1 30665
0 1 30666
0 1 30670
0 1 30672
0 1 30673
0 1 30675
0 1 30676
0 1 30678
0 1 30679
0 1 30680
0 1 30682
0 1 30684
0 1 30688
0 1 30689
0 1 30690
0 1 30691
0 1 30695
0 1 30696
0 1 30697
0 1 30698
0 1 30700
0 1 30701
0 1 30704
0 1 30705
0 1 30707
0 1 30709
0 1 30710
0 1 30711
0 1 30712
0 1 30713
0 1 30715
0 1 30716
0 1 30718
0 1 30719
0 1 30722
0 1 30725
0 1 30726
0 1 30727
0 1 30730
0 1 30734
0 1 30736
0 1 30738
0 1 30739
0 1 30742
0 1 30744
0 1 30745
0 1 30751
0 1 30757
0 1 30758
0 1 30759
0 1 30760
0 1 30761
0 1 30762
0 1 30763
0 1 30764
0 1 30765
0 1 30766
0 1 30767
0 1 30768
0 1 30771
0 1 30776
0 1 30777
0 1 30781
0 1 30784
0 1 30787
0 1 30788
0 1 30795
0 1 30796
0 1 30798
0 1 30799
0 1 30800
0 1 30801
0 1 30802
0 1 30803
0 1 30804
0 1 30806
0 1 30807
0 1 30808
0 1 30810
0 1 30814
0 1 30815
0 1 30816
0 1 30817
0 1 30821
0 1 30822
0 1 30823
0 1 30824
0 1 30827
0 1 30830
0 1 30831
0 1 30833
0 1 30835
0 1 30836
0 1 30839
0 1 30840
0 1 30842
0 1 30844
0 1 30845
0 1 30847
0 1 30848
0 1 30849
0 1 30851
0 1 30856
0 1 30859
0 1 30861
0 1 30862
0 1 30865
0 1 30868
0 1 30869
0 1 30870
0 1 30872
0 1 30876
0 1 30878
0 1 30880
0 1 30882
0 1 30884
0 1 30885
0 1 30886
0 1 30887
0 1 30888
0 1 30889
0 1 30892
0 1 30893
0 1 30894
0 1 30895
0 1 30896
0 1 30897
0 1 30898
0 1 30900
0 1 30901
0 1 30902
0 1 30903
0 1 30905
0 1 30907
0 1 30908
0 1 30909
0 1 30912
0 1 30913
0 1 30914
0 1 30915
0 1 30916
0 1 30917
0 1 30918
0 1 30919
0 1 30921
0 1 30923
0 1 30924
0 1 30925
0 1 30926
0 1 30929
0 1 30930
0 1 30931
0 1 30932
0 1 30933
0 1 30939
0 1 30940
0 1 30941
0 1 30945
0 1 30946
0 1 30947
0 1 30949
0 1 30950
0 1 30951
0 1 30952
0 1 30955
0 1 30956
0 1 30957
0 1 30959
0 1 30960
0 1 30962
0 1 30964
0 1 30967
0 1 30970
0 1 30971
0 1 30972
0 1 30973
0 1 30974
0 1 30975
0 1 30978
0 1 30979
0 1 30980
0 1 30985
0 1 30987
0 1 30989
0 1 30990
0 1 30992
0 1 30993
0 1 30994
0 1 30995
0 1 30996
0 1 30998
0 1 31000
0 1 31002
0 1 31006
0 1 31008
0 1 31010
0 1 31012
0 1 31014
0 1 31015
0 1 31016
0 1 31021
0 1 31022
0 1 31023
0 1 31025
0 1 31026
0 1 31027
0 1 31028
0 1 31029
0 1 31030
0 1 31032
0 1 31039
0 1 31040
0 1 31041
0 1 31043
0 1 31044
0 1 31045
0 1 31046
0 1 31048
0 1 31050
0 1 31051
0 1 31053
0 1 31055
0 1 31058
0 1 31060
0 1 31061
0 1 31062
0 1 31063
0 1 31065
0 1 31066
0 1 31068
0 1 31073
0 1 31074
0 1 31075
0 1 31076
0 1 31077
0 1 31080
0 1 31081
0 1 31085
0 1 31086
0 1 31088
0 1 31094
0 1 31095
0 1 31096
0 1 31097
0 1 31099
0 1 31102
0 1 31104
0 1 31105
0 1 31106
0 1 31107
0 1 31110
0 1 31111
0 1 31112
0 1 31114
0 1 31116
0 1 31118
0 1 31119
0 1 31120
0 1 31121
0 1 31123
0 1 31124
0 1 31128
0 1 31129
0 1 31130
0 1 31131
0 1 31132
0 1 31137
0 1 31138
0 1 31139
0 1 31141
0 1 31146
0 1 31148
0 1 31150
0 1 31151
0 1 31152
0 1 31155
0 1 31156
0 1 31158
0 1 31159
0 1 31161
0 1 31162
0 1 31166
0 1 31167
0 1 31169
0 1 31170
0 1 31171
0 1 31172
0 1 31173
0 1 31174
0 1 31175
0 1 31177
0 1 31178
0 1 31180
0 1 31182
0 1 31183
0 1 31185
0 1 31186
0 1 31187
0 1 31189
0 1 31190
0 1 31191
0 1 31193
0 1 31194
0 1 31200
0 1 31201
0 1 31202
0 1 31203
0 1 31204
0 1 31206
0 1 31208
0 1 31209
0 1 31210
0 1 31211
0 1 31212
0 1 31216
0 1 31217
0 1 31221
0 1 31222
0 1 31225
0 1 31226
0 1 31228
0 1 31231
0 1 31235
0 1 31237
0 1 31238
0 1 31239
0 1 31240
0 1 31241
0 1 31243
0 1 31245
0 1 31247
0 1 31249
0 1 31255
0 1 31257
0 1 31260
0 1 31261
0 1 31262
0 1 31263
0 1 31264
0 1 31266
0 1 31270
0 1 31271
0 1 31274
0 1 31275
0 1 31276
0 1 31277
0 1 31279
0 1 31281
0 1 31282
0 1 31283
0 1 31285
0 1 31287
0 1 31290
0 1 31292
0 1 31293
0 1 31294
0 1 31295
0 1 31297
0 1 31300
0 1 31302
0 1 31305
0 1 31306
0 1 31310
0 1 31311
0 1 31312
0 1 31317
0 1 31318
0 1 31319
0 1 31320
0 1 31321
0 1 31323
0 1 31326
0 1 31327
0 1 31332
0 1 31333
0 1 31335
0 1 31336
0 1 31337
0 1 31338
0 1 31339
0 1 31341
0 1 31342
0 1 31344
0 1 31347
0 1 31348
0 1 31349
0 1 31350
0 1 31352
0 1 31353
0 1 31354
0 1 31356
0 1 31358
0 1 31359
0 1 31360
0 1 31361
0 1 31363
0 1 31364
0 1 31366
0 1 31367
0 1 31369
0 1 31371
0 1 31372
0 1 31373
0 1 31375
0 1 31380
0 1 31382
0 1 31383
0 1 31386
0 1 31388
0 1 31389
0 1 31390
0 1 31392
0 1 31393
0 1 31394
0 1 31395
0 1 31396
0 1 31399
0 1 31400
0 1 31401
0 1 31404
0 1 31405
0 1 31406
0 1 31407
0 1 31409
0 1 31411
0 1 31412
0 1 31413
0 1 31414
0 1 31415
0 1 31416
0 1 31418
0 1 31420
0 1 31421
0 1 31422
0 1 31423
0 1 31426
0 1 31427
0 1 31428
0 1 31429
0 1 31430
0 1 31431
0 1 31435
0 1 31437
0 1 31438
0 1 31439
0 1 31441
0 1 31444
0 1 31445
0 1 31446
0 1 31448
0 1 31449
0 1 31451
0 1 31452
0 1 31456
0 1 31457
0 1 31459
0 1 31460
0 1 31463
0 1 31465
0 1 31467
0 1 31469
0 1 31470
0 1 31472
0 1 31474
0 1 31475
0 1 31476
0 1 31477
0 1 31478
0 1 31479
0 1 31480
0 1 31481
0 1 31482
0 1 31485
0 1 31486
0 1 31487
0 1 31490
0 1 31491
0 1 31492
0 1 31493
0 1 31495
0 1 31498
0 1 31499
0 1 31500
0 1 31501
0 1 31502
0 1 31503
0 1 31504
0 1 31509
0 1 31510
0 1 31512
0 1 31513
0 1 31514
0 1 31515
0 1 31517
0 1 31518
0 1 31519
0 1 31520
0 1 31521
0 1 31523
0 1 31524
0 1 31526
0 1 31528
0 1 31530
0 1 31532
0 1 31533
0 1 31534
0 1 31535
0 1 31538
0 1 31542
0 1 31543
0 1 31544
0 1 31548
0 1 31550
0 1 31551
0 1 31552
0 1 31554
0 1 31555
0 1 31556
0 1 31557
0 1 31559
0 1 31560
0 1 31561
0 1 31562
0 1 31564
0 1 31566
0 1 31569
0 1 31570
0 1 31574
0 1 31576
0 1 31577
0 1 31579
0 1 31581
0 1 31582
0 1 31583
0 1 31586
0 1 31588
0 1 31589
0 1 31590
0 1 31591
0 1 31593
0 1 31596
0 1 31597
0 1 31599
0 1 31600
0 1 31602
0 1 31605
0 1 31606
0 1 31608
0 1 31609
0 1 31610
0 1 31611
0 1 31612
0 1 31613
0 1 31616
0 1 31617
0 1 31620
0 1 31621
0 1 31623
0 1 31624
0 1 31625
0 1 31627
0 1 31628
0 1 31629
0 1 31633
0 1 31634
0 1 31636
0 1 31638
0 1 31640
0 1 31641
0 1 31642
0 1 31644
0 1 31647
0 1 31648
0 1 31649
0 1 31651
0 1 31654
0 1 31655
0 1 31656
0 1 31657
0 1 31659
0 1 31660
0 1 31661
0 1 31662
0 1 31663
0 1 31666
0 1 31669
0 1 31672
0 1 31674
0 1 31677
0 1 31678
0 1 31679
0 1 31680
0 1 31681
0 1 31682
0 1 31687
0 1 31697
0 1 31702
0 1 31704
0 1 31705
0 1 31706
0 1 31707
0 1 31708
0 1 31709
0 1 31710
0 1 31711
0 1 31713
0 1 31714
0 1 31715
0 1 31717
0 1 31719
0 1 31722
0 1 31725
0 1 31726
0 1 31727
0 1 31728
0 1 31729
0 1 31730
0 1 31732
0 1 31733
0 1 31735
0 1 31736
0 1 31737
0 1 31740
0 1 31741
0 1 31743
0 1 31744
0 1 31745
0 1 31746
0 1 31750
0 1 31751
0 1 31752
0 1 31753
0 1 31755
0 1 31757
0 1 31758
0 1 31760
0 1 31761
0 1 31764
0 1 31767
0 1 31768
0 1 31769
0 1 31770
0 1 31772
0 1 31774
0 1 31775
0 1 31777
0 1 31782
0 1 31783
0 1 31785
0 1 31786
0 1 31787
0 1 31789
0 1 31791
0 1 31792
0 1 31794
0 1 31795
0 1 31796
0 1 31797
0 1 31802
0 1 31803
0 1 31804
0 1 31806
0 1 31807
0 1 31809
0 1 31810
0 1 31812
0 1 31813
0 1 31814
0 1 31816
0 1 31817
0 1 31825
0 1 31826
0 1 31827
0 1 31828
0 1 31829
0 1 31830
0 1 31831
0 1 31834
0 1 31835
0 1 31836
0 1 31838
0 1 31840
0 1 31843
0 1 31844
0 1 31845
0 1 31847
0 1 31849
0 1 31850
0 1 31851
0 1 31852
0 1 31853
0 1 31855
0 1 31856
0 1 31857
0 1 31858
0 1 31859
0 1 31861
0 1 31862
0 1 31864
0 1 31865
0 1 31866
0 1 31867
0 1 31868
0 1 31870
0 1 31871
0 1 31872
0 1 31874
0 1 31875
0 1 31876
0 1 31877
0 1 31878
0 1 31881
0 1 31884
0 1 31888
0 1 31891
0 1 31892
0 1 31894
0 1 31895
0 1 31897
0 1 31898
0 1 31899
0 1 31905
0 1 31906
0 1 31909
0 1 31910
0 1 31911
0 1 31914
0 1 31915
0 1 31917
0 1 31918
0 1 31919
0 1 31924
0 1 31926
0 1 31927
0 1 31928
0 1 31930
0 1 31932
0 1 31934
0 1 31935
0 1 31936
0 1 31939
0 1 31940
0 1 31941
0 1 31944
0 1 31945
0 1 31946
0 1 31948
0 1 31949
0 1 31953
0 1 31954
0 1 31955
0 1 31956
0 1 31957
0 1 31958
0 1 31959
0 1 31961
0 1 31962
0 1 31964
0 1 31968
0 1 31969
0 1 31970
0 1 31971
0 1 31973
0 1 31975
0 1 31976
0 1 31978
0 1 31979
0 1 31980
0 1 31981
0 1 31982
0 1 31983
0 1 31984
0 1 31985
0 1 31987
0 1 31988
0 1 31989
0 1 31991
0 1 31992
0 1 31998
0 1 31999
0 1 32000
0 1 32001
0 1 32002
0 1 32003
0 1 32004
0 1 32005
0 1 32006
0 1 32007
0 1 32008
0 1 32009
0 1 32012
0 1 32014
0 1 32016
0 1 32022
0 1 32023
0 1 32024
0 1 32025
0 1 32028
0 1 32030
0 1 32031
0 1 32032
0 1 32033
0 1 32036
0 1 32037
0 1 32038
0 1 32040
0 1 32041
0 1 32042
0 1 32043
0 1 32045
0 1 32046
0 1 32051
0 1 32054
0 1 32056
0 1 32057
0 1 32059
0 1 32065
0 1 32067
0 1 32068
0 1 32070
0 1 32071
0 1 32072
0 1 32075
0 1 32076
0 1 32077
0 1 32081
0 1 32082
0 1 32083
0 1 32087
0 1 32088
0 1 32092
0 1 32094
0 1 32095
0 1 32096
0 1 32097
0 1 32098
0 1 32099
0 1 32100
0 1 32102
0 1 32104
0 1 32105
0 1 32106
0 1 32107
0 1 32108
0 1 32109
0 1 32112
0 1 32113
0 1 32114
0 1 32117
0 1 32119
0 1 32121
0 1 32122
0 1 32124
0 1 32131
0 1 32133
0 1 32134
0 1 32138
0 1 32139
0 1 32140
0 1 32141
0 1 32142
0 1 32144
0 1 32145
0 1 32150
0 1 32151
0 1 32152
0 1 32153
0 1 32154
0 1 32156
0 1 32157
0 1 32159
0 1 32161
0 1 32163
0 1 32167
0 1 32169
0 1 32170
0 1 32171
0 1 32174
0 1 32176
0 1 32177
0 1 32179
0 1 32180
0 1 32183
0 1 32184
0 1 32185
0 1 32187
0 1 32188
0 1 32189
0 1 32190
0 1 32191
0 1 32192
0 1 32193
0 1 32194
0 1 32195
0 1 32196
0 1 32198
0 1 32199
0 1 32202
0 1 32204
0 1 32205
0 1 32206
0 1 32207
0 1 32209
0 1 32210
0 1 32211
0 1 32214
0 1 32215
0 1 32217
0 1 32219
0 1 32221
0 1 32222
0 1 32223
0 1 32224
0 1 32225
0 1 32226
0 1 32227
0 1 32228
0 1 32230
0 1 32231
0 1 32232
0 1 32233
0 1 32234
0 1 32235
0 1 32236
0 1 32237
0 1 32243
0 1 32245
0 1 32253
0 1 32256
0 1 32259
0 1 32262
0 1 32263
0 1 32264
0 1 32265
0 1 32266
0 1 32267
0 1 32268
0 1 32269
0 1 32271
0 1 32272
0 1 32274
0 1 32282
0 1 32283
0 1 32284
0 1 32285
0 1 32287
0 1 32291
0 1 32293
0 1 32295
0 1 32297
0 1 32299
0 1 32300
0 1 32301
0 1 32303
0 1 32305
0 1 32306
0 1 32307
0 1 32308
0 1 32309
0 1 32310
0 1 32312
0 1 32313
0 1 32315
0 1 32316
0 1 32317
0 1 32318
0 1 32320
0 1 32321
0 1 32326
0 1 32330
0 1 32333
0 1 32334
0 1 32335
0 1 32336
0 1 32337
0 1 32339
0 1 32341
0 1 32342
0 1 32343
0 1 32346
0 1 32348
0 1 32349
0 1 32351
0 1 32355
0 1 32356
0 1 32357
0 1 32358
0 1 32359
0 1 32362
0 1 32363
0 1 32364
0 1 32365
0 1 32366
0 1 32367
0 1 32369
0 1 32371
0 1 32373
0 1 32374
0 1 32375
0 1 32377
0 1 32378
0 1 32380
0 1 32382
0 1 32383
0 1 32384
0 1 32387
0 1 32388
0 1 32389
0 1 32391
0 1 32393
0 1 32394
0 1 32397
0 1 32398
0 1 32399
0 1 32400
0 1 32402
0 1 32404
0 1 32405
0 1 32406
0 1 32408
0 1 32409
0 1 32410
0 1 32411
0 1 32412
0 1 32414
0 1 32415
0 1 32416
0 1 32417
0 1 32418
0 1 32419
0 1 32420
0 1 32421
0 1 32422
0 1 32423
0 1 32424
0 1 32426
0 1 32428
0 1 32429
0 1 32430
0 1 32432
0 1 32433
0 1 32434
0 1 32435
0 1 32436
0 1 32438
0 1 32441
0 1 32442
0 1 32443
0 1 32444
0 1 32445
0 1 32447
0 1 32450
0 1 32451
0 1 32453
0 1 32454
0 1 32457
0 1 32458
0 1 32460
0 1 32462
0 1 32463
0 1 32464
0 1 32466
0 1 32468
0 1 32469
0 1 32470
0 1 32471
0 1 32472
0 1 32474
0 1 32475
0 1 32477
0 1 32478
0 1 32480
0 1 32481
0 1 32484
0 1 32486
0 1 32490
0 1 32491
0 1 32493
0 1 32494
0 1 32496
0 1 32497
0 1 32500
0 1 32501
0 1 32503
0 1 32504
0 1 32506
0 1 32508
0 1 32510
0 1 32511
0 1 32512
0 1 32513
0 1 32514
0 1 32517
0 1 32519
0 1 32520
0 1 32521
0 1 32523
0 1 32524
0 1 32525
0 1 32527
0 1 32529
0 1 32533
0 1 32535
0 1 32537
0 1 32539
0 1 32540
0 1 32541
0 1 32542
0 1 32543
0 1 32544
0 1 32545
0 1 32546
0 1 32548
0 1 32549
0 1 32551
0 1 32552
0 1 32553
0 1 32554
0 1 32556
0 1 32557
0 1 32559
0 1 32563
0 1 32564
0 1 32565
0 1 32566
0 1 32567
0 1 32568
0 1 32569
0 1 32571
0 1 32572
0 1 32573
0 1 32575
0 1 32577
0 1 32578
0 1 32579
0 1 32581
0 1 32582
0 1 32585
0 1 32586
0 1 32588
0 1 32591
0 1 32592
0 1 32593
0 1 32594
0 1 32595
0 1 32597
0 1 32598
0 1 32601
0 1 32603
0 1 32604
0 1 32607
0 1 32608
0 1 32610
0 1 32612
0 1 32613
0 1 32614
0 1 32615
0 1 32616
0 1 32617
0 1 32620
0 1 32624
0 1 32625
0 1 32628
0 1 32630
0 1 32631
0 1 32632
0 1 32633
0 1 32634
0 1 32638
0 1 32642
0 1 32643
0 1 32645
0 1 32647
0 1 32648
0 1 32650
0 1 32652
0 1 32653
0 1 32654
0 1 32655
0 1 32656
0 1 32657
0 1 32658
0 1 32659
0 1 32660
0 1 32661
0 1 32663
0 1 32664
0 1 32665
0 1 32667
0 1 32668
0 1 32670
0 1 32671
0 1 32672
0 1 32673
0 1 32674
0 1 32679
0 1 32681
0 1 32682
0 1 32684
0 1 32686
0 1 32688
0 1 32689
0 1 32690
0 1 32691
0 1 32694
0 1 32695
0 1 32696
0 1 32697
0 1 32698
0 1 32701
0 1 32704
0 1 32707
0 1 32708
0 1 32710
0 1 32713
0 1 32715
0 1 32716
0 1 32719
0 1 32720
0 1 32721
0 1 32722
0 1 32724
0 1 32725
0 1 32726
0 1 32729
0 1 32730
0 1 32731
0 1 32732
0 1 32735
0 1 32737
0 1 32740
0 1 32741
0 1 32742
0 1 32743
0 1 32744
0 1 32745
0 1 32747
0 1 32749
0 1 32750
0 1 32751
0 1 32752
0 1 32753
0 1 32754
0 1 32755
0 1 32761
0 1 32762
0 1 32763
0 1 32764
0 1 32765
0 1 32766
0 1 32768
0 1 32770
0 1 32771
0 1 32773
0 1 32774
0 1 32775
0 1 32776
0 1 32777
0 1 32780
0 1 32783
0 1 32785
0 1 32786
0 1 32788
0 1 32790
0 1 32793
0 1 32794
0 1 32795
0 1 32797
0 1 32804
0 1 32805
0 1 32808
0 1 32809
0 1 32810
0 1 32812
0 1 32813
0 1 32814
0 1 32815
0 1 32816
0 1 32818
0 1 32821
0 1 32825
0 1 32826
0 1 32827
0 1 32829
0 1 32830
0 1 32833
0 1 32834
0 1 32835
0 1 32838
0 1 32839
0 1 32841
0 1 32842
0 1 32843
0 1 32844
0 1 32845
0 1 32848
0 1 32851
0 1 32852
0 1 32853
0 1 32854
0 1 32855
0 1 32857
0 1 32860
0 1 32861
0 1 32863
0 1 32864
0 1 32870
0 1 32872
0 1 32873
0 1 32875
0 1 32876
0 1 32878
0 1 32879
0 1 32880
0 1 32883
0 1 32884
0 1 32885
0 1 32887
0 1 32888
0 1 32890
0 1 32892
0 1 32896
0 1 32900
0 1 32901
0 1 32904
0 1 32906
0 1 32907
0 1 32909
0 1 32912
0 1 32913
0 1 32915
0 1 32916
0 1 32919
0 1 32920
0 1 32923
0 1 32924
0 1 32925
0 1 32928
0 1 32930
0 1 32933
0 1 32934
0 1 32935
0 1 32938
0 1 32939
0 1 32942
0 1 32943
0 1 32944
0 1 32946
0 1 32947
0 1 32952
0 1 32953
0 1 32954
0 1 32955
0 1 32957
0 1 32959
0 1 32961
0 1 32963
0 1 32964
0 1 32965
0 1 32966
0 1 32968
0 1 32970
0 1 32973
0 1 32974
0 1 32976
0 1 32980
0 1 32982
0 1 32987
0 1 32988
0 1 32989
0 1 32990
0 1 32992
0 1 32993
0 1 32994
0 1 32996
0 1 33002
0 1 33005
0 1 33007
0 1 33012
0 1 33013
0 1 33015
0 1 33018
0 1 33019
0 1 33021
0 1 33023
0 1 33025
0 1 33026
0 1 33027
0 1 33028
0 1 33029
0 1 33033
0 1 33036
0 1 33038
0 1 33040
0 1 33042
0 1 33043
0 1 33047
0 1 33049
0 1 33050
0 1 33051
0 1 33055
0 1 33057
0 1 33059
0 1 33060
0 1 33062
0 1 33063
0 1 33065
0 1 33066
0 1 33070
0 1 33071
0 1 33072
0 1 33073
0 1 33075
0 1 33077
0 1 33078
0 1 33080
0 1 33081
0 1 33083
0 1 33084
0 1 33085
0 1 33086
0 1 33087
0 1 33088
0 1 33089
0 1 33090
0 1 33091
0 1 33092
0 1 33093
0 1 33094
0 1 33096
0 1 33097
0 1 33098
0 1 33100
0 1 33101
0 1 33102
0 1 33104
0 1 33107
0 1 33108
0 1 33109
0 1 33110
0 1 33111
0 1 33112
0 1 33114
0 1 33116
0 1 33117
0 1 33119
0 1 33120
0 1 33121
0 1 33122
0 1 33123
0 1 33124
0 1 33125
0 1 33126
0 1 33127
0 1 33128
0 1 33133
0 1 33134
0 1 33137
0 1 33139
0 1 33142
0 1 33144
0 1 33145
0 1 33146
0 1 33147
0 1 33150
0 1 33151
0 1 33152
0 1 33153
0 1 33155
0 1 33158
0 1 33159
0 1 33161
0 1 33162
0 1 33164
0 1 33168
0 1 33169
0 1 33170
0 1 33171
0 1 33176
0 1 33178
0 1 33180
0 1 33182
0 1 33183
0 1 33184
0 1 33185
0 1 33188
0 1 33189
0 1 33192
0 1 33194
0 1 33195
0 1 33196
0 1 33197
0 1 33198
0 1 33199
0 1 33201
0 1 33202
0 1 33203
0 1 33205
0 1 33206
0 1 33207
0 1 33208
0 1 33209
0 1 33210
0 1 33212
0 1 33213
0 1 33214
0 1 33217
0 1 33218
0 1 33220
0 1 33222
0 1 33223
0 1 33225
0 1 33227
0 1 33229
0 1 33230
0 1 33232
0 1 33233
0 1 33235
0 1 33237
0 1 33239
0 1 33240
0 1 33244
0 1 33246
0 1 33247
0 1 33248
0 1 33250
0 1 33251
0 1 33252
0 1 33253
0 1 33254
0 1 33256
0 1 33257
0 1 33259
0 1 33261
0 1 33262
0 1 33264
0 1 33265
0 1 33268
0 1 33270
0 1 33273
0 1 33274
0 1 33276
0 1 33277
0 1 33278
0 1 33279
0 1 33282
0 1 33283
0 1 33284
0 1 33287
0 1 33289
0 1 33290
0 1 33292
0 1 33293
0 1 33294
0 1 33304
0 1 33305
0 1 33306
0 1 33308
0 1 33309
0 1 33315
0 1 33316
0 1 33317
0 1 33319
0 1 33320
0 1 33321
0 1 33322
0 1 33323
0 1 33324
0 1 33325
0 1 33327
0 1 33328
0 1 33329
0 1 33330
0 1 33333
0 1 33335
0 1 33337
0 1 33338
0 1 33341
0 1 33342
0 1 33344
0 1 33346
0 1 33348
0 1 33349
0 1 33352
0 1 33356
0 1 33357
0 1 33358
0 1 33360
0 1 33361
0 1 33363
0 1 33364
0 1 33367
0 1 33368
0 1 33369
0 1 33370
0 1 33373
0 1 33374
0 1 33376
0 1 33377
0 1 33380
0 1 33385
0 1 33387
0 1 33388
0 1 33390
0 1 33394
0 1 33395
0 1 33396
0 1 33398
0 1 33400
0 1 33401
0 1 33405
0 1 33408
0 1 33410
0 1 33411
0 1 33412
0 1 33414
0 1 33416
0 1 33417
0 1 33418
0 1 33419
0 1 33421
0 1 33422
0 1 33425
0 1 33426
0 1 33427
0 1 33428
0 1 33429
0 1 33430
0 1 33433
0 1 33436
0 1 33439
0 1 33440
0 1 33442
0 1 33444
0 1 33446
0 1 33447
0 1 33448
0 1 33449
0 1 33451
0 1 33452
0 1 33454
0 1 33455
0 1 33457
0 1 33458
0 1 33459
0 1 33460
0 1 33463
0 1 33464
0 1 33465
0 1 33466
0 1 33467
0 1 33468
0 1 33471
0 1 33472
0 1 33473
0 1 33474
0 1 33477
0 1 33478
0 1 33480
0 1 33484
0 1 33485
0 1 33486
0 1 33488
0 1 33489
0 1 33490
0 1 33495
0 1 33497
0 1 33498
0 1 33499
0 1 33500
0 1 33501
0 1 33502
0 1 33504
0 1 33507
0 1 33509
0 1 33510
0 1 33511
0 1 33512
0 1 33514
0 1 33517
0 1 33521
0 1 33525
0 1 33526
0 1 33530
0 1 33531
0 1 33532
0 1 33535
0 1 33537
0 1 33539
0 1 33542
0 1 33544
0 1 33545
0 1 33546
0 1 33548
0 1 33550
0 1 33551
0 1 33552
0 1 33553
0 1 33557
0 1 33558
0 1 33559
0 1 33560
0 1 33561
0 1 33562
0 1 33564
0 1 33565
0 1 33567
0 1 33569
0 1 33570
0 1 33571
0 1 33572
0 1 33574
0 1 33575
0 1 33576
0 1 33577
0 1 33578
0 1 33579
0 1 33583
0 1 33585
0 1 33586
0 1 33587
0 1 33588
0 1 33589
0 1 33590
0 1 33592
0 1 33593
0 1 33596
0 1 33597
0 1 33598
0 1 33599
0 1 33602
0 1 33603
0 1 33607
0 1 33608
0 1 33609
0 1 33610
0 1 33612
0 1 33613
0 1 33615
0 1 33620
0 1 33621
0 1 33624
0 1 33625
0 1 33626
0 1 33627
0 1 33628
0 1 33629
0 1 33631
0 1 33632
0 1 33633
0 1 33634
0 1 33636
0 1 33637
0 1 33638
0 1 33640
0 1 33641
0 1 33642
0 1 33643
0 1 33646
0 1 33649
0 1 33651
0 1 33655
0 1 33656
0 1 33659
0 1 33661
0 1 33662
0 1 33665
0 1 33666
0 1 33667
0 1 33668
0 1 33669
0 1 33670
0 1 33671
0 1 33672
0 1 33673
0 1 33679
0 1 33680
0 1 33683
0 1 33684
0 1 33685
0 1 33686
0 1 33687
0 1 33688
0 1 33692
0 1 33693
0 1 33695
0 1 33696
0 1 33697
0 1 33698
0 1 33699
0 1 33701
0 1 33704
0 1 33707
0 1 33709
0 1 33712
0 1 33714
0 1 33715
0 1 33718
0 1 33719
0 1 33721
0 1 33722
0 1 33723
0 1 33724
0 1 33725
0 1 33727
0 1 33729
0 1 33733
0 1 33737
0 1 33739
0 1 33740
0 1 33741
0 1 33744
0 1 33745
0 1 33746
0 1 33750
0 1 33751
0 1 33752
0 1 33754
0 1 33755
0 1 33756
0 1 33758
0 1 33759
0 1 33761
0 1 33762
0 1 33763
0 1 33765
0 1 33767
0 1 33769
0 1 33770
0 1 33771
0 1 33772
0 1 33773
0 1 33774
0 1 33776
0 1 33777
0 1 33778
0 1 33779
0 1 33780
0 1 33783
0 1 33784
0 1 33786
0 1 33787
0 1 33791
0 1 33793
0 1 33794
0 1 33795
0 1 33796
0 1 33797
0 1 33798
0 1 33801
0 1 33802
0 1 33803
0 1 33804
0 1 33807
0 1 33808
0 1 33809
0 1 33814
0 1 33816
0 1 33817
0 1 33819
0 1 33825
0 1 33827
0 1 33830
0 1 33835
0 1 33836
0 1 33837
0 1 33839
0 1 33841
0 1 33843
0 1 33845
0 1 33846
0 1 33848
0 1 33849
0 1 33850
0 1 33851
0 1 33853
0 1 33855
0 1 33856
0 1 33857
0 1 33859
0 1 33860
0 1 33862
0 1 33863
0 1 33865
0 1 33866
0 1 33868
0 1 33869
0 1 33870
0 1 33872
0 1 33873
0 1 33874
0 1 33875
0 1 33876
0 1 33877
0 1 33879
0 1 33880
0 1 33881
0 1 33884
0 1 33887
0 1 33888
0 1 33889
0 1 33893
0 1 33894
0 1 33895
0 1 33899
0 1 33902
0 1 33905
0 1 33906
0 1 33907
0 1 33909
0 1 33910
0 1 33913
0 1 33915
0 1 33916
0 1 33917
0 1 33920
0 1 33922
0 1 33924
0 1 33926
0 1 33927
0 1 33932
0 1 33936
0 1 33937
0 1 33939
0 1 33940
0 1 33941
0 1 33946
0 1 33948
0 1 33949
0 1 33950
0 1 33951
0 1 33955
0 1 33957
0 1 33958
0 1 33961
0 1 33962
0 1 33963
0 1 33964
0 1 33965
0 1 33968
0 1 33969
0 1 33971
0 1 33972
0 1 33973
0 1 33975
0 1 33976
0 1 33977
0 1 33982
0 1 33984
0 1 33985
0 1 33986
0 1 33988
0 1 33989
0 1 33991
0 1 33992
0 1 33993
0 1 33996
0 1 33997
0 1 33999
0 1 34000
0 1 34003
0 1 34004
0 1 34005
0 1 34007
0 1 34008
0 1 34011
0 1 34013
0 1 34014
0 1 34016
0 1 34017
0 1 34018
0 1 34020
0 1 34024
0 1 34025
0 1 34028
0 1 34030
0 1 34031
0 1 34032
0 1 34033
0 1 34034
0 1 34035
0 1 34036
0 1 34037
0 1 34039
0 1 34040
0 1 34042
0 1 34043
0 1 34044
0 1 34048
0 1 34050
0 1 34051
0 1 34055
0 1 34056
0 1 34059
0 1 34062
0 1 34063
0 1 34066
0 1 34067
0 1 34069
0 1 34075
0 1 34078
0 1 34079
0 1 34080
0 1 34081
0 1 34082
0 1 34083
0 1 34086
0 1 34087
0 1 34088
0 1 34089
0 1 34090
0 1 34092
0 1 34093
0 1 34096
0 1 34097
0 1 34098
0 1 34099
0 1 34100
0 1 34102
0 1 34103
0 1 34105
0 1 34106
0 1 34107
0 1 34109
0 1 34110
0 1 34112
0 1 34113
0 1 34115
0 1 34116
0 1 34117
0 1 34118
0 1 34119
0 1 34120
0 1 34121
0 1 34122
0 1 34123
0 1 34124
0 1 34125
0 1 34126
0 1 34127
0 1 34129
0 1 34130
0 1 34138
0 1 34139
0 1 34140
0 1 34143
0 1 34144
0 1 34145
0 1 34146
0 1 34148
0 1 34150
0 1 34151
0 1 34155
0 1 34157
0 1 34158
0 1 34159
0 1 34160
0 1 34161
0 1 34162
0 1 34166
0 1 34168
0 1 34172
0 1 34173
0 1 34175
0 1 34177
0 1 34178
0 1 34179
0 1 34180
0 1 34182
0 1 34183
0 1 34185
0 1 34187
0 1 34188
0 1 34189
0 1 34190
0 1 34192
0 1 34193
0 1 34195
0 1 34196
0 1 34197
0 1 34198
0 1 34200
0 1 34202
0 1 34203
0 1 34204
0 1 34206
0 1 34207
0 1 34208
0 1 34210
0 1 34211
0 1 34212
0 1 34213
0 1 34214
0 1 34215
0 1 34216
0 1 34217
0 1 34218
0 1 34219
0 1 34223
0 1 34225
0 1 34226
0 1 34227
0 1 34228
0 1 34229
0 1 34231
0 1 34232
0 1 34233
0 1 34234
0 1 34236
0 1 34237
0 1 34239
0 1 34242
0 1 34244
0 1 34245
0 1 34247
0 1 34250
0 1 34252
0 1 34254
0 1 34256
0 1 34257
0 1 34258
0 1 34259
0 1 34263
0 1 34265
0 1 34266
0 1 34267
0 1 34268
0 1 34269
0 1 34270
0 1 34271
0 1 34272
0 1 34273
0 1 34275
0 1 34279
0 1 34282
0 1 34283
0 1 34284
0 1 34285
0 1 34286
0 1 34288
0 1 34289
0 1 34290
0 1 34291
0 1 34292
0 1 34293
0 1 34294
0 1 34296
0 1 34298
0 1 34300
0 1 34302
0 1 34304
0 1 34308
0 1 34309
0 1 34310
0 1 34311
0 1 34312
0 1 34313
0 1 34314
0 1 34317
0 1 34320
0 1 34321
0 1 34323
0 1 34324
0 1 34326
0 1 34330
0 1 34331
0 1 34332
0 1 34333
0 1 34334
0 1 34335
0 1 34336
0 1 34338
0 1 34339
0 1 34343
0 1 34345
0 1 34346
0 1 34347
0 1 34349
0 1 34353
0 1 34354
0 1 34356
0 1 34357
0 1 34358
0 1 34359
0 1 34360
0 1 34364
0 1 34365
0 1 34367
0 1 34372
0 1 34374
0 1 34375
0 1 34376
0 1 34377
0 1 34379
0 1 34380
0 1 34381
0 1 34382
0 1 34384
0 1 34385
0 1 34387
0 1 34388
0 1 34390
0 1 34391
0 1 34395
0 1 34396
0 1 34397
0 1 34398
0 1 34400
0 1 34401
0 1 34402
0 1 34404
0 1 34405
0 1 34406
0 1 34408
0 1 34409
0 1 34410
0 1 34411
0 1 34412
0 1 34413
0 1 34415
0 1 34416
0 1 34418
0 1 34419
0 1 34421
0 1 34422
0 1 34424
0 1 34427
0 1 34428
0 1 34429
0 1 34431
0 1 34432
0 1 34433
0 1 34438
0 1 34441
0 1 34442
0 1 34443
0 1 34444
0 1 34445
0 1 34446
0 1 34447
0 1 34449
0 1 34450
0 1 34451
0 1 34453
0 1 34454
0 1 34455
0 1 34457
0 1 34458
0 1 34459
0 1 34460
0 1 34463
0 1 34464
0 1 34465
0 1 34466
0 1 34467
0 1 34469
0 1 34470
0 1 34473
0 1 34477
0 1 34481
0 1 34483
0 1 34485
0 1 34488
0 1 34489
0 1 34491
0 1 34494
0 1 34496
0 1 34497
0 1 34502
0 1 34503
0 1 34505
0 1 34506
0 1 34507
0 1 34508
0 1 34509
0 1 34511
0 1 34517
0 1 34518
0 1 34522
0 1 34527
0 1 34529
0 1 34530
0 1 34532
0 1 34535
0 1 34536
0 1 34537
0 1 34538
0 1 34539
0 1 34540
0 1 34542
0 1 34543
0 1 34546
0 1 34547
0 1 34548
0 1 34552
0 1 34554
0 1 34555
0 1 34556
0 1 34557
0 1 34558
0 1 34559
0 1 34560
0 1 34562
0 1 34565
0 1 34569
0 1 34571
0 1 34572
0 1 34573
0 1 34575
0 1 34576
0 1 34579
0 1 34580
0 1 34581
0 1 34583
0 1 34586
0 1 34587
0 1 34588
0 1 34591
0 1 34592
0 1 34593
0 1 34594
0 1 34595
0 1 34596
0 1 34597
0 1 34599
0 1 34600
0 1 34602
0 1 34603
0 1 34605
0 1 34606
0 1 34608
0 1 34609
0 1 34611
0 1 34612
0 1 34613
0 1 34614
0 1 34615
0 1 34617
0 1 34618
0 1 34620
0 1 34621
0 1 34622
0 1 34623
0 1 34624
0 1 34625
0 1 34626
0 1 34627
0 1 34629
0 1 34631
0 1 34632
0 1 34634
0 1 34637
0 1 34638
0 1 34639
0 1 34641
0 1 34642
0 1 34644
0 1 34647
0 1 34648
0 1 34650
0 1 34651
0 1 34652
0 1 34653
0 1 34654
0 1 34655
0 1 34657
0 1 34658
0 1 34659
0 1 34660
0 1 34662
0 1 34663
0 1 34664
0 1 34665
0 1 34669
0 1 34671
0 1 34672
0 1 34674
0 1 34675
0 1 34676
0 1 34677
0 1 34679
0 1 34680
0 1 34682
0 1 34683
0 1 34685
0 1 34687
0 1 34688
0 1 34689
0 1 34691
0 1 34692
0 1 34693
0 1 34694
0 1 34695
0 1 34696
0 1 34697
0 1 34698
0 1 34699
0 1 34705
0 1 34707
0 1 34709
0 1 34715
0 1 34717
0 1 34719
0 1 34720
0 1 34721
0 1 34724
0 1 34726
0 1 34727
0 1 34728
0 1 34729
0 1 34731
0 1 34732
0 1 34733
0 1 34735
0 1 34736
0 1 34737
0 1 34739
0 1 34740
0 1 34743
0 1 34744
0 1 34745
0 1 34746
0 1 34747
0 1 34748
0 1 34749
0 1 34751
0 1 34754
0 1 34755
0 1 34756
0 1 34758
0 1 34759
0 1 34761
0 1 34762
0 1 34763
0 1 34764
0 1 34765
0 1 34768
0 1 34770
0 1 34772
0 1 34774
0 1 34775
0 1 34776
0 1 34777
0 1 34778
0 1 34779
0 1 34780
0 1 34783
0 1 34784
0 1 34787
0 1 34790
0 1 34791
0 1 34792
0 1 34793
0 1 34795
0 1 34796
0 1 34797
0 1 34798
0 1 34799
0 1 34802
0 1 34803
0 1 34805
0 1 34806
0 1 34809
0 1 34811
0 1 34812
0 1 34814
0 1 34815
0 1 34816
0 1 34818
0 1 34821
0 1 34822
0 1 34823
0 1 34825
0 1 34826
0 1 34828
0 1 34830
0 1 34831
0 1 34832
0 1 34837
0 1 34844
0 1 34845
0 1 34846
0 1 34847
0 1 34851
0 1 34856
0 1 34863
0 1 34864
0 1 34865
0 1 34866
0 1 34869
0 1 34870
0 1 34873
0 1 34874
0 1 34875
0 1 34877
0 1 34878
0 1 34879
0 1 34881
0 1 34882
0 1 34885
0 1 34886
0 1 34887
0 1 34889
0 1 34892
0 1 34893
0 1 34894
0 1 34897
0 1 34898
0 1 34900
0 1 34902
0 1 34903
0 1 34904
0 1 34905
0 1 34907
0 1 34909
0 1 34911
0 1 34912
0 1 34915
0 1 34916
0 1 34917
0 1 34918
0 1 34919
0 1 34920
0 1 34921
0 1 34924
0 1 34925
0 1 34926
0 1 34928
0 1 34932
0 1 34933
0 1 34934
0 1 34936
0 1 34937
0 1 34940
0 1 34941
0 1 34946
0 1 34947
0 1 34950
0 1 34952
0 1 34953
0 1 34954
0 1 34958
0 1 34960
0 1 34961
0 1 34963
0 1 34965
0 1 34966
0 1 34967
0 1 34968
0 1 34970
0 1 34973
0 1 34974
0 1 34975
0 1 34976
0 1 34977
0 1 34981
0 1 34984
0 1 34985
0 1 34987
0 1 34989
0 1 34990
0 1 34991
0 1 34993
0 1 34996
0 1 34998
0 1 34999
0 1 35000
0 1 35004
0 1 35005
0 1 35007
0 1 35008
0 1 35009
0 1 35010
0 1 35011
0 1 35013
0 1 35015
0 1 35016
0 1 35017
0 1 35018
0 1 35020
0 1 35021
0 1 35022
0 1 35026
0 1 35028
0 1 35029
0 1 35030
0 1 35031
0 1 35036
0 1 35037
0 1 35040
0 1 35043
0 1 35044
0 1 35045
0 1 35046
0 1 35047
0 1 35049
0 1 35050
0 1 35051
0 1 35054
0 1 35055
0 1 35056
0 1 35058
0 1 35060
0 1 35062
0 1 35065
0 1 35066
0 1 35068
0 1 35069
0 1 35070
0 1 35072
0 1 35075
0 1 35076
0 1 35077
0 1 35078
0 1 35079
0 1 35080
0 1 35081
0 1 35082
0 1 35084
0 1 35085
0 1 35086
0 1 35087
0 1 35090
0 1 35091
0 1 35093
0 1 35094
0 1 35096
0 1 35097
0 1 35098
0 1 35099
0 1 35100
0 1 35103
0 1 35104
0 1 35106
0 1 35108
0 1 35109
0 1 35110
0 1 35111
0 1 35112
0 1 35114
0 1 35116
0 1 35117
0 1 35121
0 1 35127
0 1 35128
0 1 35130
0 1 35131
0 1 35133
0 1 35137
0 1 35138
0 1 35139
0 1 35142
0 1 35145
0 1 35146
0 1 35149
0 1 35152
0 1 35153
0 1 35154
0 1 35155
0 1 35160
0 1 35161
0 1 35162
0 1 35163
0 1 35165
0 1 35166
0 1 35167
0 1 35173
0 1 35175
0 1 35177
0 1 35179
0 1 35180
0 1 35181
0 1 35182
0 1 35183
0 1 35184
0 1 35185
0 1 35186
0 1 35189
0 1 35191
0 1 35192
0 1 35195
0 1 35197
0 1 35198
0 1 35199
0 1 35200
0 1 35203
0 1 35204
0 1 35206
0 1 35207
0 1 35208
0 1 35209
0 1 35210
0 1 35212
0 1 35215
0 1 35216
0 1 35217
0 1 35218
0 1 35219
0 1 35220
0 1 35222
0 1 35223
0 1 35224
0 1 35225
0 1 35227
0 1 35228
0 1 35229
0 1 35230
0 1 35232
0 1 35233
0 1 35234
0 1 35235
0 1 35237
0 1 35239
0 1 35242
0 1 35244
0 1 35245
0 1 35248
0 1 35249
0 1 35251
0 1 35253
0 1 35254
0 1 35255
0 1 35256
0 1 35257
0 1 35259
0 1 35261
0 1 35263
0 1 35264
0 1 35266
0 1 35269
0 1 35270
0 1 35271
0 1 35272
0 1 35273
0 1 35275
0 1 35278
0 1 35279
0 1 35280
0 1 35281
0 1 35283
0 1 35284
0 1 35285
0 1 35286
0 1 35288
0 1 35289
0 1 35291
0 1 35294
0 1 35296
0 1 35297
0 1 35299
0 1 35302
0 1 35303
0 1 35304
0 1 35306
0 1 35307
0 1 35309
0 1 35312
0 1 35313
0 1 35315
0 1 35316
0 1 35318
0 1 35320
0 1 35321
0 1 35323
0 1 35324
0 1 35325
0 1 35326
0 1 35327
0 1 35329
0 1 35330
0 1 35331
0 1 35332
0 1 35333
0 1 35335
0 1 35336
0 1 35337
0 1 35338
0 1 35340
0 1 35341
0 1 35343
0 1 35344
0 1 35345
0 1 35347
0 1 35348
0 1 35349
0 1 35350
0 1 35351
0 1 35352
0 1 35354
0 1 35355
0 1 35356
0 1 35357
0 1 35358
0 1 35359
0 1 35360
0 1 35361
0 1 35363
0 1 35364
0 1 35365
0 1 35368
0 1 35370
0 1 35371
0 1 35374
0 1 35375
0 1 35376
0 1 35377
0 1 35378
0 1 35379
0 1 35381
0 1 35383
0 1 35384
0 1 35385
0 1 35387
0 1 35392
0 1 35394
0 1 35396
0 1 35397
0 1 35398
0 1 35399
0 1 35402
0 1 35403
0 1 35406
0 1 35408
0 1 35409
0 1 35411
0 1 35412
0 1 35414
0 1 35419
0 1 35420
0 1 35421
0 1 35422
0 1 35423
0 1 35424
0 1 35426
0 1 35427
0 1 35428
0 1 35429
0 1 35430
0 1 35431
0 1 35432
0 1 35434
0 1 35435
0 1 35436
0 1 35437
0 1 35438
0 1 35439
0 1 35440
0 1 35443
0 1 35445
0 1 35446
0 1 35449
0 1 35453
0 1 35454
0 1 35456
0 1 35457
0 1 35458
0 1 35459
0 1 35462
0 1 35463
0 1 35465
0 1 35466
0 1 35467
0 1 35468
0 1 35470
0 1 35471
0 1 35473
0 1 35474
0 1 35475
0 1 35480
0 1 35481
0 1 35483
0 1 35485
0 1 35486
0 1 35489
0 1 35494
0 1 35496
0 1 35499
0 1 35500
0 1 35501
0 1 35503
0 1 35504
0 1 35505
0 1 35506
0 1 35507
0 1 35509
0 1 35512
0 1 35513
0 1 35514
0 1 35515
0 1 35516
0 1 35520
0 1 35521
0 1 35522
0 1 35524
0 1 35526
0 1 35527
0 1 35528
0 1 35529
0 1 35530
0 1 35534
0 1 35535
0 1 35536
0 1 35537
0 1 35538
0 1 35539
0 1 35540
0 1 35541
0 1 35544
0 1 35546
0 1 35547
0 1 35548
0 1 35549
0 1 35551
0 1 35552
0 1 35553
0 1 35555
0 1 35556
0 1 35558
0 1 35559
0 1 35560
0 1 35562
0 1 35563
0 1 35565
0 1 35566
0 1 35568
0 1 35570
0 1 35572
0 1 35578
0 1 35581
0 1 35583
0 1 35584
0 1 35586
0 1 35587
0 1 35589
0 1 35592
0 1 35593
0 1 35596
0 1 35597
0 1 35598
0 1 35602
0 1 35603
0 1 35605
0 1 35608
0 1 35609
0 1 35613
0 1 35614
0 1 35616
0 1 35617
0 1 35618
0 1 35620
0 1 35621
0 1 35623
0 1 35624
0 1 35625
0 1 35626
0 1 35627
0 1 35632
0 1 35634
0 1 35636
0 1 35637
0 1 35639
0 1 35642
0 1 35643
0 1 35644
0 1 35646
0 1 35647
0 1 35648
0 1 35649
0 1 35650
0 1 35652
0 1 35657
0 1 35658
0 1 35659
0 1 35660
0 1 35661
0 1 35662
0 1 35663
0 1 35665
0 1 35670
0 1 35671
0 1 35674
0 1 35675
0 1 35677
0 1 35678
0 1 35679
0 1 35680
0 1 35682
0 1 35687
0 1 35689
0 1 35691
0 1 35693
0 1 35694
0 1 35696
0 1 35699
0 1 35700
0 1 35701
0 1 35707
0 1 35710
0 1 35718
0 1 35720
0 1 35721
0 1 35722
0 1 35723
0 1 35724
0 1 35725
0 1 35726
0 1 35729
0 1 35732
0 1 35735
0 1 35737
0 1 35738
0 1 35740
0 1 35741
0 1 35745
0 1 35747
0 1 35748
0 1 35752
0 1 35753
0 1 35754
0 1 35755
0 1 35756
0 1 35757
0 1 35759
0 1 35762
0 1 35763
0 1 35764
0 1 35765
0 1 35767
0 1 35768
0 1 35769
0 1 35770
0 1 35771
0 1 35772
0 1 35773
0 1 35775
0 1 35776
0 1 35777
0 1 35780
0 1 35782
0 1 35783
0 1 35784
0 1 35785
0 1 35786
0 1 35787
0 1 35788
0 1 35792
0 1 35793
0 1 35794
0 1 35797
0 1 35800
0 1 35801
0 1 35802
0 1 35803
0 1 35804
0 1 35805
0 1 35807
0 1 35810
0 1 35813
0 1 35814
0 1 35815
0 1 35819
0 1 35821
0 1 35823
0 1 35824
0 1 35826
0 1 35827
0 1 35830
0 1 35831
0 1 35832
0 1 35834
0 1 35837
0 1 35838
0 1 35839
0 1 35841
0 1 35843
0 1 35845
0 1 35848
0 1 35849
0 1 35850
0 1 35851
0 1 35852
0 1 35853
0 1 35854
0 1 35857
0 1 35858
0 1 35859
0 1 35862
0 1 35864
0 1 35868
0 1 35870
0 1 35872
0 1 35873
0 1 35875
0 1 35876
0 1 35877
0 1 35880
0 1 35881
0 1 35883
0 1 35884
0 1 35886
0 1 35887
0 1 35889
0 1 35890
0 1 35891
0 1 35892
0 1 35893
0 1 35894
0 1 35896
0 1 35897
0 1 35898
0 1 35899
0 1 35901
0 1 35902
0 1 35905
0 1 35906
0 1 35907
0 1 35908
0 1 35909
0 1 35911
0 1 35912
0 1 35913
0 1 35914
0 1 35916
0 1 35918
0 1 35919
0 1 35920
0 1 35923
0 1 35924
0 1 35925
0 1 35928
0 1 35929
0 1 35931
0 1 35933
0 1 35936
0 1 35937
0 1 35938
0 1 35939
0 1 35940
0 1 35941
0 1 35945
0 1 35946
0 1 35947
0 1 35949
0 1 35951
0 1 35952
0 1 35954
0 1 35955
0 1 35957
0 1 35958
0 1 35959
0 1 35960
0 1 35962
0 1 35963
0 1 35964
0 1 35966
0 1 35968
0 1 35969
0 1 35970
0 1 35971
0 1 35974
0 1 35976
0 1 35978
0 1 35982
0 1 35984
0 1 35988
0 1 35989
0 1 35991
0 1 35992
0 1 35993
0 1 35996
0 1 35999
0 1 36000
0 1 36001
0 1 36004
0 1 36006
0 1 36007
0 1 36009
0 1 36010
0 1 36012
0 1 36013
0 1 36014
0 1 36016
0 1 36019
0 1 36020
0 1 36021
0 1 36022
0 1 36025
0 1 36028
0 1 36030
0 1 36033
0 1 36036
0 1 36037
0 1 36041
0 1 36043
0 1 36048
0 1 36049
0 1 36050
0 1 36051
0 1 36052
0 1 36053
0 1 36054
0 1 36055
0 1 36062
0 1 36063
0 1 36069
0 1 36071
0 1 36073
0 1 36074
0 1 36077
0 1 36078
0 1 36079
0 1 36080
0 1 36081
0 1 36082
0 1 36083
0 1 36085
0 1 36087
0 1 36088
0 1 36089
0 1 36091
0 1 36093
0 1 36094
0 1 36095
0 1 36097
0 1 36098
0 1 36099
0 1 36100
0 1 36102
0 1 36104
0 1 36105
0 1 36106
0 1 36107
0 1 36108
0 1 36113
0 1 36114
0 1 36115
0 1 36116
0 1 36117
0 1 36118
0 1 36119
0 1 36120
0 1 36121
0 1 36124
0 1 36127
0 1 36129
0 1 36131
0 1 36132
0 1 36133
0 1 36134
0 1 36135
0 1 36137
0 1 36139
0 1 36141
0 1 36142
0 1 36143
0 1 36145
0 1 36146
0 1 36149
0 1 36150
0 1 36152
0 1 36153
0 1 36155
0 1 36157
0 1 36158
0 1 36159
0 1 36160
0 1 36161
0 1 36163
0 1 36165
0 1 36166
0 1 36167
0 1 36168
0 1 36169
0 1 36170
0 1 36172
0 1 36177
0 1 36178
0 1 36179
0 1 36180
0 1 36182
0 1 36183
0 1 36184
0 1 36186
0 1 36187
0 1 36188
0 1 36189
0 1 36190
0 1 36194
0 1 36195
0 1 36196
0 1 36200
0 1 36204
0 1 36207
0 1 36209
0 1 36210
0 1 36212
0 1 36214
0 1 36215
0 1 36216
0 1 36217
0 1 36218
0 1 36220
0 1 36221
0 1 36222
0 1 36224
0 1 36226
0 1 36227
0 1 36230
0 1 36233
0 1 36234
0 1 36235
0 1 36238
0 1 36239
0 1 36240
0 1 36241
0 1 36242
0 1 36243
0 1 36244
0 1 36247
0 1 36249
0 1 36250
0 1 36251
0 1 36252
0 1 36253
0 1 36255
0 1 36257
0 1 36258
0 1 36260
0 1 36261
0 1 36262
0 1 36263
0 1 36265
0 1 36266
0 1 36268
0 1 36269
0 1 36270
0 1 36272
0 1 36274
0 1 36275
0 1 36276
0 1 36278
0 1 36280
0 1 36282
0 1 36283
0 1 36284
0 1 36285
0 1 36287
0 1 36288
0 1 36291
0 1 36293
0 1 36294
0 1 36298
0 1 36299
0 1 36300
0 1 36301
0 1 36302
0 1 36306
0 1 36307
0 1 36309
0 1 36312
0 1 36313
0 1 36314
0 1 36315
0 1 36316
0 1 36319
0 1 36320
0 1 36321
0 1 36323
0 1 36324
0 1 36325
0 1 36329
0 1 36330
0 1 36331
0 1 36333
0 1 36334
0 1 36335
0 1 36336
0 1 36337
0 1 36341
0 1 36342
0 1 36347
0 1 36351
0 1 36352
0 1 36353
0 1 36354
0 1 36355
0 1 36356
0 1 36359
0 1 36361
0 1 36362
0 1 36364
0 1 36365
0 1 36366
0 1 36367
0 1 36368
0 1 36372
0 1 36373
0 1 36374
0 1 36375
0 1 36378
0 1 36379
0 1 36380
0 1 36381
0 1 36383
0 1 36384
0 1 36385
0 1 36388
0 1 36390
0 1 36391
0 1 36392
0 1 36394
0 1 36395
0 1 36396
0 1 36397
0 1 36398
0 1 36399
0 1 36400
0 1 36401
0 1 36404
0 1 36405
0 1 36406
0 1 36407
0 1 36408
0 1 36410
0 1 36413
0 1 36417
0 1 36418
0 1 36419
0 1 36420
0 1 36422
0 1 36423
0 1 36424
0 1 36425
0 1 36427
0 1 36428
0 1 36429
0 1 36432
0 1 36433
0 1 36434
0 1 36439
0 1 36440
0 1 36441
0 1 36442
0 1 36445
0 1 36447
0 1 36448
0 1 36450
0 1 36452
0 1 36453
0 1 36454
0 1 36458
0 1 36460
0 1 36461
0 1 36462
0 1 36466
0 1 36467
0 1 36469
0 1 36470
0 1 36471
0 1 36473
0 1 36475
0 1 36476
0 1 36477
0 1 36478
0 1 36479
0 1 36480
0 1 36481
0 1 36482
0 1 36483
0 1 36484
0 1 36485
0 1 36487
0 1 36489
0 1 36490
0 1 36491
0 1 36493
0 1 36494
0 1 36498
0 1 36499
0 1 36500
0 1 36501
0 1 36504
0 1 36505
0 1 36506
0 1 36507
0 1 36508
0 1 36512
0 1 36513
0 1 36516
0 1 36517
0 1 36518
0 1 36519
0 1 36520
0 1 36521
0 1 36522
0 1 36523
0 1 36526
0 1 36527
0 1 36528
0 1 36530
0 1 36531
0 1 36532
0 1 36534
0 1 36535
0 1 36537
0 1 36538
0 1 36539
0 1 36543
0 1 36545
0 1 36547
0 1 36548
0 1 36549
0 1 36553
0 1 36554
0 1 36555
0 1 36557
0 1 36558
0 1 36563
0 1 36564
0 1 36566
0 1 36568
0 1 36569
0 1 36572
0 1 36573
0 1 36574
0 1 36575
0 1 36578
0 1 36579
0 1 36581
0 1 36582
0 1 36583
0 1 36588
0 1 36589
0 1 36590
0 1 36591
0 1 36592
0 1 36593
0 1 36594
0 1 36595
0 1 36597
0 1 36599
0 1 36600
0 1 36601
0 1 36604
0 1 36605
0 1 36611
0 1 36612
0 1 36615
0 1 36616
0 1 36617
0 1 36618
0 1 36619
0 1 36620
0 1 36621
0 1 36623
0 1 36624
0 1 36626
0 1 36627
0 1 36628
0 1 36629
0 1 36630
0 1 36631
0 1 36632
0 1 36634
0 1 36635
0 1 36638
0 1 36639
0 1 36640
0 1 36641
0 1 36643
0 1 36644
0 1 36645
0 1 36648
0 1 36649
0 1 36651
0 1 36652
0 1 36655
0 1 36656
0 1 36658
0 1 36659
0 1 36660
0 1 36661
0 1 36662
0 1 36663
0 1 36664
0 1 36665
0 1 36666
0 1 36667
0 1 36669
0 1 36670
0 1 36671
0 1 36673
0 1 36674
0 1 36675
0 1 36676
0 1 36678
0 1 36680
0 1 36683
0 1 36686
0 1 36688
0 1 36691
0 1 36692
0 1 36693
0 1 36696
0 1 36699
0 1 36701
0 1 36702
0 1 36703
0 1 36704
0 1 36705
0 1 36706
0 1 36707
0 1 36708
0 1 36709
0 1 36713
0 1 36715
0 1 36716
0 1 36717
0 1 36718
0 1 36721
0 1 36722
0 1 36723
0 1 36726
0 1 36727
0 1 36728
0 1 36729
0 1 36730
0 1 36731
0 1 36732
0 1 36733
0 1 36734
0 1 36736
0 1 36738
0 1 36739
0 1 36741
0 1 36747
0 1 36748
0 1 36750
0 1 36757
0 1 36758
0 1 36760
0 1 36761
0 1 36762
0 1 36764
0 1 36765
0 1 36766
0 1 36767
0 1 36768
0 1 36769
0 1 36771
0 1 36774
0 1 36776
0 1 36779
0 1 36780
0 1 36781
0 1 36782
0 1 36783
0 1 36785
0 1 36786
0 1 36788
0 1 36789
0 1 36790
0 1 36792
0 1 36793
0 1 36794
0 1 36795
0 1 36796
0 1 36799
0 1 36800
0 1 36802
0 1 36803
0 1 36804
0 1 36807
0 1 36808
0 1 36812
0 1 36814
0 1 36815
0 1 36816
0 1 36819
0 1 36820
0 1 36821
0 1 36822
0 1 36824
0 1 36826
0 1 36828
0 1 36829
0 1 36830
0 1 36832
0 1 36833
0 1 36834
0 1 36835
0 1 36838
0 1 36839
0 1 36840
0 1 36842
0 1 36843
0 1 36844
0 1 36847
0 1 36850
0 1 36852
0 1 36853
0 1 36854
0 1 36856
0 1 36857
0 1 36858
0 1 36860
0 1 36861
0 1 36862
0 1 36864
0 1 36865
0 1 36866
0 1 36867
0 1 36868
0 1 36870
0 1 36871
0 1 36872
0 1 36874
0 1 36875
0 1 36876
0 1 36878
0 1 36879
0 1 36882
0 1 36883
0 1 36884
0 1 36885
0 1 36886
0 1 36887
0 1 36889
0 1 36890
0 1 36891
0 1 36892
0 1 36895
0 1 36897
0 1 36898
0 1 36900
0 1 36902
0 1 36904
0 1 36905
0 1 36906
0 1 36907
0 1 36908
0 1 36915
0 1 36916
0 1 36917
0 1 36920
0 1 36923
0 1 36924
0 1 36925
0 1 36926
0 1 36927
0 1 36929
0 1 36930
0 1 36932
0 1 36935
0 1 36936
0 1 36939
0 1 36942
0 1 36945
0 1 36948
0 1 36950
0 1 36951
0 1 36952
0 1 36953
0 1 36954
0 1 36956
0 1 36957
0 1 36958
0 1 36959
0 1 36960
0 1 36961
0 1 36962
0 1 36964
0 1 36965
0 1 36967
0 1 36969
0 1 36970
0 1 36971
0 1 36973
0 1 36974
0 1 36977
0 1 36979
0 1 36980
0 1 36982
0 1 36983
0 1 36984
0 1 36985
0 1 36988
0 1 36989
0 1 36990
0 1 36991
0 1 36992
0 1 36993
0 1 36994
0 1 36995
0 1 36996
0 1 36997
0 1 36999
0 1 37000
0 1 37005
0 1 37006
0 1 37007
0 1 37008
0 1 37009
0 1 37015
0 1 37016
0 1 37017
0 1 37018
0 1 37019
0 1 37024
0 1 37025
0 1 37028
0 1 37029
0 1 37031
0 1 37033
0 1 37035
0 1 37038
0 1 37040
0 1 37041
0 1 37042
0 1 37045
0 1 37046
0 1 37047
0 1 37050
0 1 37053
0 1 37054
0 1 37057
0 1 37058
0 1 37059
0 1 37060
0 1 37061
0 1 37065
0 1 37066
0 1 37069
0 1 37070
0 1 37071
0 1 37072
0 1 37075
0 1 37077
0 1 37080
0 1 37081
0 1 37082
0 1 37084
0 1 37087
0 1 37088
0 1 37096
0 1 37099
0 1 37100
0 1 37101
0 1 37103
0 1 37104
0 1 37106
0 1 37109
0 1 37112
0 1 37114
0 1 37117
0 1 37118
0 1 37122
0 1 37123
0 1 37129
0 1 37130
0 1 37131
0 1 37133
0 1 37135
0 1 37137
0 1 37138
0 1 37139
0 1 37141
0 1 37142
0 1 37145
0 1 37146
0 1 37147
0 1 37148
0 1 37150
0 1 37151
0 1 37153
0 1 37154
0 1 37155
0 1 37157
0 1 37159
0 1 37161
0 1 37162
0 1 37163
0 1 37164
0 1 37165
0 1 37166
0 1 37167
0 1 37168
0 1 37169
0 1 37170
0 1 37171
0 1 37173
0 1 37174
0 1 37176
0 1 37177
0 1 37178
0 1 37179
0 1 37180
0 1 37181
0 1 37182
0 1 37186
0 1 37188
0 1 37191
0 1 37193
0 1 37194
0 1 37195
0 1 37196
0 1 37198
0 1 37199
0 1 37201
0 1 37202
0 1 37203
0 1 37205
0 1 37208
0 1 37209
0 1 37210
0 1 37214
0 1 37216
0 1 37218
0 1 37219
0 1 37220
0 1 37222
0 1 37223
0 1 37224
0 1 37226
0 1 37227
0 1 37228
0 1 37229
0 1 37232
0 1 37234
0 1 37235
0 1 37237
0 1 37238
0 1 37244
0 1 37245
0 1 37246
0 1 37248
0 1 37249
0 1 37251
0 1 37253
0 1 37255
0 1 37257
0 1 37258
0 1 37259
0 1 37260
0 1 37262
0 1 37263
0 1 37264
0 1 37267
0 1 37268
0 1 37269
0 1 37270
0 1 37271
0 1 37272
0 1 37274
0 1 37277
0 1 37279
0 1 37280
0 1 37281
0 1 37284
0 1 37286
0 1 37287
0 1 37289
0 1 37291
0 1 37292
0 1 37293
0 1 37294
0 1 37295
0 1 37296
0 1 37298
0 1 37299
0 1 37300
0 1 37301
0 1 37302
0 1 37303
0 1 37306
0 1 37307
0 1 37308
0 1 37309
0 1 37310
0 1 37311
0 1 37315
0 1 37318
0 1 37319
0 1 37322
0 1 37325
0 1 37326
0 1 37327
0 1 37328
0 1 37330
0 1 37331
0 1 37332
0 1 37333
0 1 37334
0 1 37335
0 1 37337
0 1 37339
0 1 37340
0 1 37342
0 1 37346
0 1 37347
0 1 37348
0 1 37350
0 1 37351
0 1 37352
0 1 37353
0 1 37354
0 1 37356
0 1 37357
0 1 37362
0 1 37363
0 1 37364
0 1 37366
0 1 37367
0 1 37370
0 1 37371
0 1 37372
0 1 37374
0 1 37375
0 1 37376
0 1 37377
0 1 37381
0 1 37382
0 1 37390
0 1 37391
0 1 37394
0 1 37395
0 1 37397
0 1 37398
0 1 37399
0 1 37400
0 1 37404
0 1 37407
0 1 37410
0 1 37411
0 1 37412
0 1 37413
0 1 37415
0 1 37417
0 1 37421
0 1 37423
0 1 37426
0 1 37427
0 1 37430
0 1 37431
0 1 37432
0 1 37434
0 1 37435
0 1 37436
0 1 37437
0 1 37442
0 1 37443
0 1 37444
0 1 37445
0 1 37446
0 1 37447
0 1 37448
0 1 37449
0 1 37450
0 1 37455
0 1 37458
0 1 37460
0 1 37461
0 1 37463
0 1 37464
0 1 37465
0 1 37466
0 1 37467
0 1 37468
0 1 37469
0 1 37470
0 1 37471
0 1 37472
0 1 37473
0 1 37476
0 1 37478
0 1 37481
0 1 37486
0 1 37487
0 1 37489
0 1 37495
0 1 37496
0 1 37500
0 1 37501
0 1 37502
0 1 37505
0 1 37506
0 1 37507
0 1 37510
0 1 37513
0 1 37514
0 1 37515
0 1 37516
0 1 37518
0 1 37519
0 1 37523
0 1 37526
0 1 37527
0 1 37530
0 1 37532
0 1 37533
0 1 37536
0 1 37537
0 1 37538
0 1 37539
0 1 37540
0 1 37541
0 1 37542
0 1 37546
0 1 37547
0 1 37549
0 1 37554
0 1 37555
0 1 37557
0 1 37558
0 1 37560
0 1 37561
0 1 37563
0 1 37564
0 1 37565
0 1 37566
0 1 37567
0 1 37569
0 1 37571
0 1 37572
0 1 37575
0 1 37577
0 1 37578
0 1 37580
0 1 37581
0 1 37583
0 1 37584
0 1 37586
0 1 37587
0 1 37589
0 1 37593
0 1 37594
0 1 37595
0 1 37596
0 1 37597
0 1 37599
0 1 37601
0 1 37603
0 1 37604
0 1 37608
0 1 37609
0 1 37611
0 1 37612
0 1 37614
0 1 37615
0 1 37616
0 1 37618
0 1 37619
0 1 37620
0 1 37621
0 1 37624
0 1 37625
0 1 37632
0 1 37633
0 1 37634
0 1 37636
0 1 37637
0 1 37640
0 1 37641
0 1 37642
0 1 37643
0 1 37644
0 1 37645
0 1 37646
0 1 37648
0 1 37653
0 1 37658
0 1 37659
0 1 37660
0 1 37661
0 1 37664
0 1 37665
0 1 37668
0 1 37669
0 1 37670
0 1 37672
0 1 37674
0 1 37675
0 1 37678
0 1 37679
0 1 37680
0 1 37681
0 1 37684
0 1 37685
0 1 37686
0 1 37687
0 1 37689
0 1 37691
0 1 37693
0 1 37694
0 1 37695
0 1 37696
0 1 37697
0 1 37699
0 1 37702
0 1 37703
0 1 37704
0 1 37705
0 1 37706
0 1 37707
0 1 37708
0 1 37709
0 1 37712
0 1 37714
0 1 37715
0 1 37716
0 1 37717
0 1 37718
0 1 37719
0 1 37721
0 1 37722
0 1 37724
0 1 37727
0 1 37728
0 1 37729
0 1 37732
0 1 37734
0 1 37737
0 1 37738
0 1 37739
0 1 37740
0 1 37741
0 1 37742
0 1 37743
0 1 37747
0 1 37753
0 1 37756
0 1 37758
0 1 37759
0 1 37760
0 1 37761
0 1 37762
0 1 37764
0 1 37765
0 1 37766
0 1 37767
0 1 37768
0 1 37770
0 1 37771
0 1 37772
0 1 37776
0 1 37778
0 1 37779
0 1 37780
0 1 37781
0 1 37783
0 1 37784
0 1 37785
0 1 37786
0 1 37788
0 1 37789
0 1 37790
0 1 37791
0 1 37794
0 1 37797
0 1 37804
0 1 37805
0 1 37807
0 1 37808
0 1 37812
0 1 37814
0 1 37815
0 1 37816
0 1 37819
0 1 37820
0 1 37821
0 1 37823
0 1 37825
0 1 37830
0 1 37834
0 1 37835
0 1 37836
0 1 37837
0 1 37839
0 1 37844
0 1 37845
0 1 37846
0 1 37847
0 1 37849
0 1 37850
0 1 37851
0 1 37853
0 1 37854
0 1 37855
0 1 37858
0 1 37861
0 1 37862
0 1 37863
0 1 37864
0 1 37865
0 1 37866
0 1 37867
0 1 37870
0 1 37872
0 1 37873
0 1 37875
0 1 37876
0 1 37878
0 1 37882
0 1 37883
0 1 37884
0 1 37886
0 1 37888
0 1 37890
0 1 37891
0 1 37892
0 1 37894
0 1 37895
0 1 37897
0 1 37899
0 1 37901
0 1 37902
0 1 37903
0 1 37907
0 1 37908
0 1 37909
0 1 37910
0 1 37911
0 1 37914
0 1 37915
0 1 37916
0 1 37917
0 1 37920
0 1 37923
0 1 37924
0 1 37925
0 1 37926
0 1 37928
0 1 37929
0 1 37933
0 1 37934
0 1 37935
0 1 37936
0 1 37937
0 1 37938
0 1 37939
0 1 37940
0 1 37941
0 1 37942
0 1 37946
0 1 37947
0 1 37948
0 1 37951
0 1 37953
0 1 37955
0 1 37956
0 1 37958
0 1 37959
0 1 37960
0 1 37961
0 1 37964
0 1 37965
0 1 37966
0 1 37967
0 1 37969
0 1 37970
0 1 37972
0 1 37973
0 1 37975
0 1 37976
0 1 37977
0 1 37978
0 1 37980
0 1 37981
0 1 37983
0 1 37984
0 1 37985
0 1 37986
0 1 37987
0 1 37989
0 1 37990
0 1 37993
0 1 37995
0 1 37996
0 1 37997
0 1 38002
0 1 38004
0 1 38005
0 1 38006
0 1 38007
0 1 38008
0 1 38012
0 1 38013
0 1 38014
0 1 38015
0 1 38016
0 1 38017
0 1 38020
0 1 38021
0 1 38023
0 1 38025
0 1 38026
0 1 38027
0 1 38028
0 1 38029
0 1 38033
0 1 38036
0 1 38037
0 1 38039
0 1 38040
0 1 38041
0 1 38044
0 1 38045
0 1 38046
0 1 38047
0 1 38048
0 1 38049
0 1 38050
0 1 38054
0 1 38055
0 1 38056
0 1 38058
0 1 38059
0 1 38060
0 1 38061
0 1 38062
0 1 38063
0 1 38068
0 1 38069
0 1 38071
0 1 38072
0 1 38073
0 1 38076
0 1 38077
0 1 38078
0 1 38080
0 1 38083
0 1 38085
0 1 38087
0 1 38089
0 1 38090
0 1 38096
0 1 38099
0 1 38100
0 1 38101
0 1 38102
0 1 38103
0 1 38104
0 1 38105
0 1 38106
0 1 38109
0 1 38112
0 1 38113
0 1 38115
0 1 38116
0 1 38118
0 1 38126
0 1 38127
0 1 38128
0 1 38130
0 1 38131
0 1 38132
0 1 38133
0 1 38137
0 1 38138
0 1 38139
0 1 38140
0 1 38141
0 1 38144
0 1 38145
0 1 38146
0 1 38148
0 1 38149
0 1 38152
0 1 38153
0 1 38155
0 1 38156
0 1 38158
0 1 38159
0 1 38160
0 1 38161
0 1 38162
0 1 38164
0 1 38165
0 1 38166
0 1 38168
0 1 38169
0 1 38170
0 1 38171
0 1 38172
0 1 38174
0 1 38175
0 1 38176
0 1 38179
0 1 38180
0 1 38185
0 1 38187
0 1 38189
0 1 38190
0 1 38191
0 1 38192
0 1 38193
0 1 38196
0 1 38197
0 1 38198
0 1 38199
0 1 38200
0 1 38201
0 1 38204
0 1 38205
0 1 38206
0 1 38207
0 1 38208
0 1 38213
0 1 38216
0 1 38218
0 1 38219
0 1 38221
0 1 38227
0 1 38229
0 1 38230
0 1 38231
0 1 38232
0 1 38233
0 1 38234
0 1 38236
0 1 38237
0 1 38238
0 1 38239
0 1 38240
0 1 38241
0 1 38242
0 1 38244
0 1 38246
0 1 38251
0 1 38255
0 1 38257
0 1 38258
0 1 38259
0 1 38260
0 1 38261
0 1 38263
0 1 38265
0 1 38266
0 1 38267
0 1 38268
0 1 38269
0 1 38272
0 1 38273
0 1 38275
0 1 38276
0 1 38277
0 1 38278
0 1 38279
0 1 38280
0 1 38282
0 1 38284
0 1 38286
0 1 38289
0 1 38290
0 1 38291
0 1 38292
0 1 38293
0 1 38294
0 1 38296
0 1 38297
0 1 38298
0 1 38299
0 1 38301
0 1 38302
0 1 38307
0 1 38308
0 1 38309
0 1 38310
0 1 38311
0 1 38312
0 1 38313
0 1 38316
0 1 38320
0 1 38321
0 1 38322
0 1 38324
0 1 38325
0 1 38328
0 1 38333
0 1 38334
0 1 38335
0 1 38336
0 1 38339
0 1 38340
0 1 38341
0 1 38343
0 1 38345
0 1 38347
0 1 38349
0 1 38350
0 1 38351
0 1 38352
0 1 38354
0 1 38355
0 1 38356
0 1 38357
0 1 38360
0 1 38363
0 1 38365
0 1 38366
0 1 38370
0 1 38371
0 1 38376
0 1 38377
0 1 38378
0 1 38380
0 1 38382
0 1 38384
0 1 38385
0 1 38386
0 1 38387
0 1 38389
0 1 38391
0 1 38393
0 1 38395
0 1 38397
0 1 38398
0 1 38400
0 1 38402
0 1 38403
0 1 38404
0 1 38405
0 1 38407
0 1 38408
0 1 38409
0 1 38410
0 1 38413
0 1 38414
0 1 38415
0 1 38416
0 1 38417
0 1 38419
0 1 38422
0 1 38423
0 1 38424
0 1 38426
0 1 38427
0 1 38431
0 1 38435
0 1 38439
0 1 38441
0 1 38445
0 1 38447
0 1 38448
0 1 38451
0 1 38452
0 1 38454
0 1 38456
0 1 38458
0 1 38459
0 1 38461
0 1 38464
0 1 38465
0 1 38466
0 1 38470
0 1 38471
0 1 38473
0 1 38475
0 1 38476
0 1 38477
0 1 38478
0 1 38479
0 1 38480
0 1 38481
0 1 38483
0 1 38484
0 1 38485
0 1 38486
0 1 38488
0 1 38489
0 1 38494
0 1 38496
0 1 38498
0 1 38499
0 1 38500
0 1 38507
0 1 38509
0 1 38510
0 1 38511
0 1 38512
0 1 38515
0 1 38517
0 1 38518
0 1 38519
0 1 38520
0 1 38521
0 1 38523
0 1 38524
0 1 38525
0 1 38529
0 1 38530
0 1 38531
0 1 38532
0 1 38534
0 1 38536
0 1 38538
0 1 38539
0 1 38540
0 1 38542
0 1 38543
0 1 38544
0 1 38546
0 1 38547
0 1 38549
0 1 38550
0 1 38551
0 1 38552
0 1 38553
0 1 38555
0 1 38558
0 1 38559
0 1 38560
0 1 38561
0 1 38568
0 1 38569
0 1 38573
0 1 38574
0 1 38575
0 1 38576
0 1 38577
0 1 38578
0 1 38580
0 1 38581
0 1 38583
0 1 38584
0 1 38586
0 1 38587
0 1 38588
0 1 38589
0 1 38591
0 1 38593
0 1 38594
0 1 38595
0 1 38598
0 1 38599
0 1 38600
0 1 38603
0 1 38604
0 1 38606
0 1 38607
0 1 38609
0 1 38610
0 1 38611
0 1 38612
0 1 38613
0 1 38614
0 1 38616
0 1 38617
0 1 38618
0 1 38619
0 1 38620
0 1 38621
0 1 38623
0 1 38624
0 1 38625
0 1 38627
0 1 38629
0 1 38631
0 1 38632
0 1 38634
0 1 38636
0 1 38637
0 1 38638
0 1 38639
0 1 38643
0 1 38644
0 1 38645
0 1 38646
0 1 38647
0 1 38649
0 1 38651
0 1 38652
0 1 38653
0 1 38654
0 1 38655
0 1 38657
0 1 38658
0 1 38659
0 1 38660
0 1 38662
0 1 38666
0 1 38667
0 1 38669
0 1 38672
0 1 38677
0 1 38679
0 1 38681
0 1 38683
0 1 38684
0 1 38685
0 1 38686
0 1 38691
0 1 38694
0 1 38695
0 1 38698
0 1 38699
0 1 38700
0 1 38701
0 1 38703
0 1 38704
0 1 38706
0 1 38711
0 1 38712
0 1 38714
0 1 38715
0 1 38717
0 1 38718
0 1 38720
0 1 38723
0 1 38726
0 1 38727
0 1 38728
0 1 38729
0 1 38730
0 1 38731
0 1 38732
0 1 38733
0 1 38735
0 1 38736
0 1 38737
0 1 38740
0 1 38741
0 1 38743
0 1 38744
0 1 38745
0 1 38747
0 1 38749
0 1 38750
0 1 38755
0 1 38757
0 1 38758
0 1 38759
0 1 38760
0 1 38761
0 1 38762
0 1 38765
0 1 38768
0 1 38770
0 1 38771
0 1 38772
0 1 38774
0 1 38776
0 1 38778
0 1 38779
0 1 38780
0 1 38781
0 1 38782
0 1 38785
0 1 38786
0 1 38787
0 1 38789
0 1 38790
0 1 38794
0 1 38797
0 1 38799
0 1 38801
0 1 38803
0 1 38804
0 1 38805
0 1 38806
0 1 38807
0 1 38808
0 1 38810
0 1 38811
0 1 38812
0 1 38813
0 1 38816
0 1 38819
0 1 38820
0 1 38822
0 1 38823
0 1 38824
0 1 38825
0 1 38826
0 1 38827
0 1 38828
0 1 38829
0 1 38830
0 1 38832
0 1 38833
0 1 38834
0 1 38836
0 1 38837
0 1 38841
0 1 38842
0 1 38843
0 1 38845
0 1 38846
0 1 38850
0 1 38852
0 1 38853
0 1 38854
0 1 38855
0 1 38856
0 1 38860
0 1 38862
0 1 38864
0 1 38866
0 1 38868
0 1 38869
0 1 38870
0 1 38873
0 1 38874
0 1 38876
0 1 38877
0 1 38881
0 1 38882
0 1 38883
0 1 38884
0 1 38885
0 1 38886
0 1 38892
0 1 38893
0 1 38894
0 1 38897
0 1 38898
0 1 38899
0 1 38901
0 1 38902
0 1 38903
0 1 38904
0 1 38907
0 1 38908
0 1 38912
0 1 38913
0 1 38914
0 1 38915
0 1 38917
0 1 38919
0 1 38920
0 1 38921
0 1 38922
0 1 38923
0 1 38924
0 1 38925
0 1 38929
0 1 38930
0 1 38932
0 1 38933
0 1 38934
0 1 38935
0 1 38936
0 1 38937
0 1 38938
0 1 38939
0 1 38940
0 1 38941
0 1 38944
0 1 38945
0 1 38946
0 1 38948
0 1 38949
0 1 38952
0 1 38953
0 1 38957
0 1 38959
0 1 38960
0 1 38962
0 1 38965
0 1 38966
0 1 38967
0 1 38968
0 1 38970
0 1 38971
0 1 38972
0 1 38973
0 1 38974
0 1 38975
0 1 38976
0 1 38977
0 1 38978
0 1 38981
0 1 38982
0 1 38983
0 1 38985
0 1 38986
0 1 38987
0 1 38988
0 1 38989
0 1 38990
0 1 38991
0 1 38993
0 1 38996
0 1 38998
0 1 39003
0 1 39004
0 1 39007
0 1 39008
0 1 39009
0 1 39010
0 1 39011
0 1 39012
0 1 39014
0 1 39015
0 1 39016
0 1 39017
0 1 39018
0 1 39020
0 1 39021
0 1 39024
0 1 39025
0 1 39027
0 1 39028
0 1 39029
0 1 39032
0 1 39036
0 1 39037
0 1 39039
0 1 39040
0 1 39042
0 1 39044
0 1 39045
0 1 39046
0 1 39048
0 1 39050
0 1 39051
0 1 39052
0 1 39053
0 1 39054
0 1 39056
0 1 39059
0 1 39060
0 1 39062
0 1 39066
0 1 39068
0 1 39069
0 1 39071
0 1 39073
0 1 39076
0 1 39078
0 1 39079
0 1 39082
0 1 39086
0 1 39087
0 1 39091
0 1 39092
0 1 39094
0 1 39095
0 1 39096
0 1 39097
0 1 39098
0 1 39099
0 1 39100
0 1 39101
0 1 39102
0 1 39104
0 1 39105
0 1 39106
0 1 39108
0 1 39114
0 1 39115
0 1 39116
0 1 39118
0 1 39120
0 1 39121
0 1 39124
0 1 39125
0 1 39127
0 1 39130
0 1 39132
0 1 39133
0 1 39134
0 1 39136
0 1 39137
0 1 39139
0 1 39140
0 1 39141
0 1 39142
0 1 39143
0 1 39144
0 1 39145
0 1 39146
0 1 39148
0 1 39149
0 1 39150
0 1 39152
0 1 39153
0 1 39154
0 1 39155
0 1 39156
0 1 39157
0 1 39158
0 1 39161
0 1 39163
0 1 39165
0 1 39168
0 1 39171
0 1 39173
0 1 39175
0 1 39177
0 1 39178
0 1 39179
0 1 39180
0 1 39181
0 1 39183
0 1 39187
0 1 39188
0 1 39192
0 1 39193
0 1 39194
0 1 39196
0 1 39197
0 1 39198
0 1 39201
0 1 39202
0 1 39203
0 1 39204
0 1 39205
0 1 39206
0 1 39207
0 1 39208
0 1 39209
0 1 39210
0 1 39213
0 1 39215
0 1 39216
0 1 39217
0 1 39219
0 1 39220
0 1 39221
0 1 39226
0 1 39227
0 1 39229
0 1 39230
0 1 39231
0 1 39233
0 1 39234
0 1 39235
0 1 39236
0 1 39238
0 1 39240
0 1 39241
0 1 39243
0 1 39245
0 1 39248
0 1 39250
0 1 39251
0 1 39252
0 1 39253
0 1 39254
0 1 39255
0 1 39256
0 1 39257
0 1 39258
0 1 39260
0 1 39261
0 1 39262
0 1 39265
0 1 39266
0 1 39268
0 1 39269
0 1 39273
0 1 39274
0 1 39275
0 1 39276
0 1 39277
0 1 39278
0 1 39279
0 1 39280
0 1 39281
0 1 39282
0 1 39284
0 1 39285
0 1 39286
0 1 39287
0 1 39289
0 1 39290
0 1 39291
0 1 39293
0 1 39295
0 1 39296
0 1 39297
0 1 39300
0 1 39302
0 1 39305
0 1 39306
0 1 39307
0 1 39308
0 1 39309
0 1 39311
0 1 39314
0 1 39316
0 1 39322
0 1 39323
0 1 39327
0 1 39330
0 1 39331
0 1 39332
0 1 39334
0 1 39336
0 1 39345
0 1 39346
0 1 39348
0 1 39349
0 1 39350
0 1 39351
0 1 39352
0 1 39355
0 1 39356
0 1 39357
0 1 39360
0 1 39361
0 1 39362
0 1 39363
0 1 39364
0 1 39367
0 1 39368
0 1 39370
0 1 39371
0 1 39372
0 1 39373
0 1 39374
0 1 39375
0 1 39377
0 1 39380
0 1 39383
0 1 39384
0 1 39385
0 1 39386
0 1 39387
0 1 39388
0 1 39389
0 1 39391
0 1 39395
0 1 39396
0 1 39398
0 1 39402
0 1 39403
0 1 39404
0 1 39405
0 1 39406
0 1 39409
0 1 39412
0 1 39414
0 1 39417
0 1 39418
0 1 39419
0 1 39420
0 1 39422
0 1 39424
0 1 39425
0 1 39426
0 1 39427
0 1 39430
0 1 39431
0 1 39432
0 1 39434
0 1 39436
0 1 39437
0 1 39438
0 1 39439
0 1 39440
0 1 39442
0 1 39443
0 1 39444
0 1 39445
0 1 39447
0 1 39448
0 1 39449
0 1 39450
0 1 39451
0 1 39454
0 1 39455
0 1 39456
0 1 39457
0 1 39459
0 1 39463
0 1 39466
0 1 39467
0 1 39468
0 1 39470
0 1 39472
0 1 39474
0 1 39475
0 1 39476
0 1 39478
0 1 39482
0 1 39483
0 1 39484
0 1 39488
0 1 39495
0 1 39496
0 1 39497
0 1 39498
0 1 39501
0 1 39502
0 1 39504
0 1 39505
0 1 39506
0 1 39507
0 1 39508
0 1 39509
0 1 39513
0 1 39514
0 1 39515
0 1 39516
0 1 39522
0 1 39526
0 1 39529
0 1 39530
0 1 39534
0 1 39535
0 1 39536
0 1 39537
0 1 39538
0 1 39539
0 1 39540
0 1 39541
0 1 39543
0 1 39544
0 1 39546
0 1 39547
0 1 39549
0 1 39550
0 1 39552
0 1 39553
0 1 39554
0 1 39555
0 1 39557
0 1 39558
0 1 39559
0 1 39566
0 1 39567
0 1 39568
0 1 39572
0 1 39573
0 1 39574
0 1 39575
0 1 39576
0 1 39577
0 1 39578
0 1 39580
0 1 39581
0 1 39582
0 1 39584
0 1 39585
0 1 39587
0 1 39588
0 1 39589
0 1 39590
0 1 39591
0 1 39593
0 1 39594
0 1 39596
0 1 39601
0 1 39602
0 1 39603
0 1 39604
0 1 39606
0 1 39608
0 1 39611
0 1 39614
0 1 39615
0 1 39617
0 1 39618
0 1 39620
0 1 39621
0 1 39622
0 1 39624
0 1 39629
0 1 39630
0 1 39634
0 1 39636
0 1 39638
0 1 39639
0 1 39641
0 1 39642
0 1 39645
0 1 39646
0 1 39648
0 1 39649
0 1 39650
0 1 39652
0 1 39654
0 1 39655
0 1 39657
0 1 39658
0 1 39659
0 1 39660
0 1 39661
0 1 39662
0 1 39663
0 1 39664
0 1 39666
0 1 39668
0 1 39670
0 1 39671
0 1 39673
0 1 39677
0 1 39678
0 1 39679
0 1 39680
0 1 39681
0 1 39682
0 1 39684
0 1 39686
0 1 39687
0 1 39690
0 1 39691
0 1 39696
0 1 39697
0 1 39698
0 1 39699
0 1 39700
0 1 39701
0 1 39702
0 1 39704
0 1 39705
0 1 39706
0 1 39707
0 1 39708
0 1 39709
0 1 39711
0 1 39712
0 1 39714
0 1 39716
0 1 39717
0 1 39721
0 1 39723
0 1 39724
0 1 39726
0 1 39728
0 1 39731
0 1 39735
0 1 39737
0 1 39738
0 1 39740
0 1 39742
0 1 39743
0 1 39745
0 1 39746
0 1 39747
0 1 39748
0 1 39750
0 1 39751
0 1 39752
0 1 39753
0 1 39754
0 1 39755
0 1 39756
0 1 39757
0 1 39758
0 1 39760
0 1 39761
0 1 39762
0 1 39764
0 1 39765
0 1 39766
0 1 39767
0 1 39768
0 1 39769
0 1 39771
0 1 39773
0 1 39774
0 1 39776
0 1 39777
0 1 39778
0 1 39779
0 1 39780
0 1 39781
0 1 39782
0 1 39783
0 1 39784
0 1 39785
0 1 39786
0 1 39787
0 1 39790
0 1 39791
0 1 39792
0 1 39794
0 1 39796
0 1 39798
0 1 39799
0 1 39803
0 1 39806
0 1 39808
0 1 39812
0 1 39814
0 1 39815
0 1 39816
0 1 39817
0 1 39818
0 1 39819
0 1 39820
0 1 39822
0 1 39824
0 1 39826
0 1 39827
0 1 39831
0 1 39833
0 1 39835
0 1 39837
0 1 39839
0 1 39841
0 1 39842
0 1 39843
0 1 39844
0 1 39846
0 1 39847
0 1 39848
0 1 39849
0 1 39850
0 1 39852
0 1 39853
0 1 39854
0 1 39855
0 1 39856
0 1 39857
0 1 39858
0 1 39860
0 1 39862
0 1 39863
0 1 39865
0 1 39868
0 1 39869
0 1 39873
0 1 39875
0 1 39877
0 1 39879
0 1 39880
0 1 39881
0 1 39882
0 1 39885
0 1 39886
0 1 39887
0 1 39888
0 1 39890
0 1 39894
0 1 39895
0 1 39900
0 1 39901
0 1 39902
0 1 39903
0 1 39905
0 1 39906
0 1 39908
0 1 39913
0 1 39915
0 1 39916
0 1 39917
0 1 39920
0 1 39921
0 1 39923
0 1 39926
0 1 39931
0 1 39933
0 1 39935
0 1 39937
0 1 39940
0 1 39942
0 1 39943
0 1 39945
0 1 39947
0 1 39948
0 1 39951
0 1 39953
0 1 39954
0 1 39956
0 1 39957
0 1 39959
0 1 39961
0 1 39962
0 1 39964
0 1 39965
0 1 39966
0 1 39968
0 1 39969
0 1 39972
0 1 39975
0 1 39976
0 1 39980
0 1 39982
0 1 39985
0 1 39987
0 1 39990
0 1 39991
0 1 39996
0 1 39999
0 1 40001
0 1 40006
0 1 40008
0 1 40010
0 1 40012
0 1 40013
0 1 40014
0 1 40018
0 1 40020
0 1 40021
0 1 40023
0 1 40024
0 1 40025
0 1 40026
0 1 40029
0 1 40031
0 1 40032
0 1 40034
0 1 40035
0 1 40037
0 1 40038
0 1 40039
0 1 40041
0 1 40042
0 1 40043
0 1 40044
0 1 40047
0 1 40048
0 1 40049
0 1 40050
0 1 40056
0 1 40057
0 1 40058
0 1 40060
0 1 40063
0 1 40064
0 1 40065
0 1 40066
0 1 40067
0 1 40069
0 1 40071
0 1 40072
0 1 40073
0 1 40074
0 1 40075
0 1 40077
0 1 40078
0 1 40079
0 1 40080
0 1 40083
0 1 40084
0 1 40085
0 1 40086
0 1 40087
0 1 40088
0 1 40089
0 1 40091
0 1 40092
0 1 40093
0 1 40097
0 1 40099
0 1 40100
0 1 40101
0 1 40104
0 1 40106
0 1 40107
0 1 40108
0 1 40110
0 1 40111
0 1 40112
0 1 40114
0 1 40115
0 1 40116
0 1 40117
0 1 40118
0 1 40120
0 1 40121
0 1 40123
0 1 40127
0 1 40128
0 1 40129
0 1 40132
0 1 40133
0 1 40135
0 1 40136
0 1 40137
0 1 40138
0 1 40145
0 1 40146
0 1 40149
0 1 40151
0 1 40153
0 1 40158
0 1 40161
0 1 40162
0 1 40163
0 1 40164
0 1 40166
0 1 40167
0 1 40169
0 1 40170
0 1 40171
0 1 40175
0 1 40176
0 1 40177
0 1 40180
0 1 40181
0 1 40182
0 1 40184
0 1 40185
0 1 40186
0 1 40187
0 1 40189
0 1 40192
0 1 40195
0 1 40196
0 1 40197
0 1 40198
0 1 40202
0 1 40204
0 1 40205
0 1 40206
0 1 40207
0 1 40209
0 1 40211
0 1 40213
0 1 40214
0 1 40218
0 1 40219
0 1 40220
0 1 40223
0 1 40224
0 1 40225
0 1 40226
0 1 40231
0 1 40233
0 1 40234
0 1 40236
0 1 40238
0 1 40240
0 1 40242
0 1 40244
0 1 40245
0 1 40246
0 1 40248
0 1 40251
0 1 40253
0 1 40255
0 1 40258
0 1 40260
0 1 40262
0 1 40266
0 1 40267
0 1 40270
0 1 40271
0 1 40273
0 1 40275
0 1 40278
0 1 40279
0 1 40281
0 1 40282
0 1 40284
0 1 40286
0 1 40288
0 1 40290
0 1 40292
0 1 40295
0 1 40296
0 1 40297
0 1 40298
0 1 40300
0 1 40301
0 1 40302
0 1 40304
0 1 40305
0 1 40306
0 1 40307
0 1 40308
0 1 40310
0 1 40311
0 1 40312
0 1 40313
0 1 40315
0 1 40317
0 1 40318
0 1 40319
0 1 40323
0 1 40324
0 1 40326
0 1 40327
0 1 40328
0 1 40330
0 1 40331
0 1 40332
0 1 40335
0 1 40338
0 1 40341
0 1 40342
0 1 40346
0 1 40348
0 1 40351
0 1 40352
0 1 40353
0 1 40355
0 1 40359
0 1 40360
0 1 40362
0 1 40364
0 1 40365
0 1 40366
0 1 40367
0 1 40371
0 1 40372
0 1 40373
0 1 40374
0 1 40377
0 1 40379
0 1 40380
0 1 40381
0 1 40382
0 1 40384
0 1 40388
0 1 40392
0 1 40394
0 1 40395
0 1 40398
0 1 40401
0 1 40402
0 1 40403
0 1 40404
0 1 40406
0 1 40407
0 1 40413
0 1 40414
0 1 40415
0 1 40417
0 1 40418
0 1 40420
0 1 40423
0 1 40425
0 1 40426
0 1 40427
0 1 40428
0 1 40429
0 1 40430
0 1 40431
0 1 40432
0 1 40434
0 1 40436
0 1 40438
0 1 40439
0 1 40440
0 1 40442
0 1 40443
0 1 40445
0 1 40447
0 1 40449
0 1 40450
0 1 40451
0 1 40452
0 1 40453
0 1 40454
0 1 40458
0 1 40462
0 1 40464
0 1 40465
0 1 40467
0 1 40468
0 1 40469
0 1 40470
0 1 40471
0 1 40472
0 1 40474
0 1 40476
0 1 40478
0 1 40479
0 1 40481
0 1 40483
0 1 40487
0 1 40488
0 1 40489
0 1 40494
0 1 40495
0 1 40496
0 1 40497
0 1 40498
0 1 40501
0 1 40504
0 1 40508
0 1 40509
0 1 40511
0 1 40512
0 1 40514
0 1 40516
0 1 40518
0 1 40519
0 1 40521
0 1 40525
0 1 40527
0 1 40529
0 1 40530
0 1 40531
0 1 40533
0 1 40535
0 1 40540
0 1 40545
0 1 40546
0 1 40547
0 1 40548
0 1 40549
0 1 40552
0 1 40554
0 1 40555
0 1 40556
0 1 40557
0 1 40559
0 1 40560
0 1 40561
0 1 40564
0 1 40569
0 1 40570
0 1 40572
0 1 40573
0 1 40574
0 1 40575
0 1 40578
0 1 40580
0 1 40581
0 1 40582
0 1 40583
0 1 40584
0 1 40585
0 1 40586
0 1 40588
0 1 40589
0 1 40590
0 1 40591
0 1 40592
0 1 40598
0 1 40600
0 1 40601
0 1 40602
0 1 40604
0 1 40606
0 1 40607
0 1 40608
0 1 40609
0 1 40611
0 1 40612
0 1 40614
0 1 40616
0 1 40619
0 1 40620
0 1 40622
0 1 40623
0 1 40624
0 1 40627
0 1 40629
0 1 40630
0 1 40631
0 1 40632
0 1 40633
0 1 40634
0 1 40635
0 1 40637
0 1 40638
0 1 40639
0 1 40641
0 1 40642
0 1 40643
0 1 40644
0 1 40645
0 1 40647
0 1 40648
0 1 40650
0 1 40651
0 1 40652
0 1 40655
0 1 40656
0 1 40658
0 1 40659
0 1 40661
0 1 40662
0 1 40663
0 1 40664
0 1 40665
0 1 40666
0 1 40668
0 1 40670
0 1 40671
0 1 40672
0 1 40675
0 1 40676
0 1 40679
0 1 40681
0 1 40682
0 1 40683
0 1 40688
0 1 40690
0 1 40692
0 1 40694
0 1 40695
0 1 40696
0 1 40699
0 1 40701
0 1 40702
0 1 40705
0 1 40708
0 1 40709
0 1 40710
0 1 40711
0 1 40712
0 1 40713
0 1 40714
0 1 40715
0 1 40716
0 1 40717
0 1 40718
0 1 40719
0 1 40721
0 1 40723
0 1 40724
0 1 40725
0 1 40727
0 1 40728
0 1 40729
0 1 40732
0 1 40733
0 1 40735
0 1 40736
0 1 40737
0 1 40738
0 1 40739
0 1 40740
0 1 40741
0 1 40744
0 1 40746
0 1 40747
0 1 40748
0 1 40750
0 1 40751
0 1 40752
0 1 40753
0 1 40756
0 1 40759
0 1 40760
0 1 40761
0 1 40765
0 1 40766
0 1 40767
0 1 40769
0 1 40772
0 1 40774
0 1 40775
0 1 40777
0 1 40778
0 1 40779
0 1 40780
0 1 40781
0 1 40782
0 1 40783
0 1 40784
0 1 40787
0 1 40789
0 1 40790
0 1 40791
0 1 40792
0 1 40793
0 1 40796
0 1 40798
0 1 40799
0 1 40801
0 1 40802
0 1 40804
0 1 40805
0 1 40806
0 1 40810
0 1 40812
0 1 40813
0 1 40814
0 1 40815
0 1 40816
0 1 40817
0 1 40818
0 1 40819
0 1 40822
0 1 40823
0 1 40824
0 1 40825
0 1 40826
0 1 40827
0 1 40828
0 1 40829
0 1 40830
0 1 40831
0 1 40832
0 1 40833
0 1 40834
0 1 40836
0 1 40838
0 1 40840
0 1 40842
0 1 40845
0 1 40847
0 1 40848
0 1 40849
0 1 40850
0 1 40852
0 1 40853
0 1 40855
0 1 40856
0 1 40857
0 1 40859
0 1 40860
0 1 40862
0 1 40863
0 1 40864
0 1 40870
0 1 40872
0 1 40873
0 1 40875
0 1 40876
0 1 40877
0 1 40878
0 1 40879
0 1 40881
0 1 40882
0 1 40884
0 1 40885
0 1 40887
0 1 40889
0 1 40890
0 1 40891
0 1 40892
0 1 40894
0 1 40895
0 1 40896
0 1 40901
0 1 40902
0 1 40903
0 1 40905
0 1 40906
0 1 40909
0 1 40910
0 1 40913
0 1 40915
0 1 40918
0 1 40919
0 1 40920
0 1 40923
0 1 40925
0 1 40927
0 1 40928
0 1 40929
0 1 40931
0 1 40932
0 1 40933
0 1 40935
0 1 40936
0 1 40939
0 1 40940
0 1 40941
0 1 40943
0 1 40944
0 1 40946
0 1 40947
0 1 40948
0 1 40949
0 1 40954
0 1 40958
0 1 40959
0 1 40961
0 1 40962
0 1 40964
0 1 40967
0 1 40968
0 1 40969
0 1 40970
0 1 40971
0 1 40972
0 1 40974
0 1 40975
0 1 40976
0 1 40979
0 1 40980
0 1 40981
0 1 40983
0 1 40984
0 1 40985
0 1 40986
0 1 40988
0 1 40989
0 1 40990
0 1 40992
0 1 40994
0 1 40996
0 1 40997
0 1 40999
0 1 41002
0 1 41004
0 1 41005
0 1 41006
0 1 41007
0 1 41010
0 1 41013
0 1 41017
0 1 41018
0 1 41019
0 1 41021
0 1 41023
0 1 41024
0 1 41026
0 1 41028
0 1 41030
0 1 41031
0 1 41032
0 1 41033
0 1 41036
0 1 41037
0 1 41040
0 1 41042
0 1 41043
0 1 41044
0 1 41045
0 1 41046
0 1 41047
0 1 41048
0 1 41049
0 1 41050
0 1 41053
0 1 41055
0 1 41057
0 1 41058
0 1 41059
0 1 41061
0 1 41062
0 1 41063
0 1 41064
0 1 41066
0 1 41068
0 1 41070
0 1 41071
0 1 41074
0 1 41076
0 1 41077
0 1 41078
0 1 41079
0 1 41080
0 1 41081
0 1 41082
0 1 41084
0 1 41085
0 1 41086
0 1 41087
0 1 41089
0 1 41091
0 1 41094
0 1 41095
0 1 41096
0 1 41097
0 1 41098
0 1 41099
0 1 41101
0 1 41102
0 1 41103
0 1 41104
0 1 41105
0 1 41106
0 1 41109
0 1 41110
0 1 41111
0 1 41112
0 1 41114
0 1 41116
0 1 41117
0 1 41118
0 1 41120
0 1 41123
0 1 41126
0 1 41127
0 1 41129
0 1 41132
0 1 41134
0 1 41135
0 1 41136
0 1 41137
0 1 41138
0 1 41140
0 1 41141
0 1 41143
0 1 41144
0 1 41145
0 1 41146
0 1 41149
0 1 41151
0 1 41152
0 1 41154
0 1 41158
0 1 41161
0 1 41163
0 1 41164
0 1 41167
0 1 41168
0 1 41169
0 1 41170
0 1 41171
0 1 41172
0 1 41173
0 1 41176
0 1 41185
0 1 41192
0 1 41193
0 1 41194
0 1 41195
0 1 41196
0 1 41197
0 1 41198
0 1 41199
0 1 41200
0 1 41203
0 1 41205
0 1 41206
0 1 41209
0 1 41210
0 1 41213
0 1 41214
0 1 41215
0 1 41218
0 1 41219
0 1 41220
0 1 41221
0 1 41225
0 1 41226
0 1 41228
0 1 41231
0 1 41233
0 1 41235
0 1 41236
0 1 41239
0 1 41240
0 1 41243
0 1 41245
0 1 41247
0 1 41249
0 1 41251
0 1 41252
0 1 41253
0 1 41254
0 1 41255
0 1 41256
0 1 41257
0 1 41258
0 1 41260
0 1 41261
0 1 41264
0 1 41266
0 1 41269
0 1 41270
0 1 41271
0 1 41272
0 1 41273
0 1 41274
0 1 41275
0 1 41276
0 1 41277
0 1 41278
0 1 41279
0 1 41282
0 1 41284
0 1 41285
0 1 41286
0 1 41287
0 1 41288
0 1 41289
0 1 41291
0 1 41292
0 1 41294
0 1 41297
0 1 41301
0 1 41302
0 1 41304
0 1 41305
0 1 41307
0 1 41310
0 1 41311
0 1 41312
0 1 41313
0 1 41314
0 1 41315
0 1 41316
0 1 41317
0 1 41318
0 1 41320
0 1 41321
0 1 41322
0 1 41324
0 1 41326
0 1 41327
0 1 41328
0 1 41329
0 1 41330
0 1 41331
0 1 41332
0 1 41333
0 1 41336
0 1 41337
0 1 41338
0 1 41339
0 1 41342
0 1 41343
0 1 41345
0 1 41347
0 1 41348
0 1 41349
0 1 41350
0 1 41351
0 1 41352
0 1 41355
0 1 41356
0 1 41357
0 1 41358
0 1 41359
0 1 41361
0 1 41363
0 1 41364
0 1 41366
0 1 41367
0 1 41368
0 1 41370
0 1 41373
0 1 41374
0 1 41375
0 1 41376
0 1 41377
0 1 41378
0 1 41380
0 1 41381
0 1 41384
0 1 41385
0 1 41386
0 1 41387
0 1 41388
0 1 41389
0 1 41393
0 1 41395
0 1 41396
0 1 41397
0 1 41400
0 1 41401
0 1 41403
0 1 41404
0 1 41405
0 1 41406
0 1 41408
0 1 41411
0 1 41412
0 1 41413
0 1 41414
0 1 41415
0 1 41416
0 1 41417
0 1 41418
0 1 41420
0 1 41421
0 1 41424
0 1 41426
0 1 41427
0 1 41429
0 1 41430
0 1 41431
0 1 41434
0 1 41436
0 1 41437
0 1 41438
0 1 41439
0 1 41440
0 1 41443
0 1 41444
0 1 41445
0 1 41446
0 1 41449
0 1 41451
0 1 41453
0 1 41454
0 1 41455
0 1 41457
0 1 41461
0 1 41463
0 1 41470
0 1 41471
0 1 41472
0 1 41475
0 1 41476
0 1 41477
0 1 41479
0 1 41480
0 1 41484
0 1 41485
0 1 41486
0 1 41488
0 1 41490
0 1 41491
0 1 41493
0 1 41495
0 1 41497
0 1 41499
0 1 41500
0 1 41501
0 1 41502
0 1 41509
0 1 41512
0 1 41513
0 1 41514
0 1 41517
0 1 41518
0 1 41520
0 1 41521
0 1 41522
0 1 41523
0 1 41524
0 1 41526
0 1 41528
0 1 41529
0 1 41532
0 1 41534
0 1 41535
0 1 41536
0 1 41538
0 1 41539
0 1 41540
0 1 41541
0 1 41544
0 1 41546
0 1 41548
0 1 41550
0 1 41552
0 1 41555
0 1 41556
0 1 41557
0 1 41558
0 1 41559
0 1 41560
0 1 41561
0 1 41564
0 1 41566
0 1 41567
0 1 41568
0 1 41570
0 1 41574
0 1 41575
0 1 41577
0 1 41579
0 1 41580
0 1 41582
0 1 41583
0 1 41585
0 1 41587
0 1 41588
0 1 41590
0 1 41593
0 1 41594
0 1 41596
0 1 41597
0 1 41598
0 1 41599
0 1 41601
0 1 41603
0 1 41604
0 1 41606
0 1 41607
0 1 41608
0 1 41609
0 1 41610
0 1 41611
0 1 41612
0 1 41613
0 1 41615
0 1 41616
0 1 41617
0 1 41618
0 1 41619
0 1 41620
0 1 41621
0 1 41623
0 1 41626
0 1 41628
0 1 41629
0 1 41630
0 1 41635
0 1 41636
0 1 41643
0 1 41644
0 1 41647
0 1 41649
0 1 41650
0 1 41653
0 1 41656
0 1 41660
0 1 41661
0 1 41662
0 1 41663
0 1 41664
0 1 41665
0 1 41667
0 1 41668
0 1 41670
0 1 41671
0 1 41672
0 1 41673
0 1 41674
0 1 41675
0 1 41676
0 1 41677
0 1 41679
0 1 41681
0 1 41683
0 1 41684
0 1 41685
0 1 41686
0 1 41687
0 1 41689
0 1 41690
0 1 41691
0 1 41692
0 1 41693
0 1 41694
0 1 41695
0 1 41696
0 1 41698
0 1 41699
0 1 41700
0 1 41701
0 1 41702
0 1 41704
0 1 41705
0 1 41707
0 1 41708
0 1 41711
0 1 41712
0 1 41713
0 1 41715
0 1 41716
0 1 41717
0 1 41719
0 1 41720
0 1 41722
0 1 41723
0 1 41724
0 1 41725
0 1 41726
0 1 41727
0 1 41728
0 1 41729
0 1 41733
0 1 41734
0 1 41735
0 1 41736
0 1 41737
0 1 41738
0 1 41739
0 1 41740
0 1 41741
0 1 41742
0 1 41743
0 1 41746
0 1 41748
0 1 41749
0 1 41750
0 1 41753
0 1 41754
0 1 41755
0 1 41756
0 1 41757
0 1 41759
0 1 41761
0 1 41763
0 1 41765
0 1 41766
0 1 41768
0 1 41770
0 1 41771
0 1 41772
0 1 41774
0 1 41775
0 1 41776
0 1 41780
0 1 41781
0 1 41782
0 1 41784
0 1 41787
0 1 41788
0 1 41789
0 1 41790
0 1 41793
0 1 41794
0 1 41796
0 1 41798
0 1 41799
0 1 41800
0 1 41801
0 1 41802
0 1 41803
0 1 41805
0 1 41808
0 1 41809
0 1 41812
0 1 41814
0 1 41815
0 1 41817
0 1 41820
0 1 41821
0 1 41822
0 1 41823
0 1 41825
0 1 41826
0 1 41827
0 1 41829
0 1 41830
0 1 41831
0 1 41833
0 1 41834
0 1 41835
0 1 41836
0 1 41837
0 1 41838
0 1 41839
0 1 41840
0 1 41842
0 1 41843
0 1 41844
0 1 41845
0 1 41846
0 1 41847
0 1 41848
0 1 41852
0 1 41855
0 1 41860
0 1 41862
0 1 41863
0 1 41865
0 1 41866
0 1 41868
0 1 41869
0 1 41870
0 1 41871
0 1 41872
0 1 41876
0 1 41877
0 1 41878
0 1 41880
0 1 41881
0 1 41882
0 1 41884
0 1 41885
0 1 41888
0 1 41890
0 1 41891
0 1 41892
0 1 41894
0 1 41895
0 1 41896
0 1 41897
0 1 41898
0 1 41900
0 1 41902
0 1 41904
0 1 41905
0 1 41906
0 1 41907
0 1 41908
0 1 41911
0 1 41912
0 1 41914
0 1 41915
0 1 41918
0 1 41919
0 1 41920
0 1 41923
0 1 41924
0 1 41925
0 1 41928
0 1 41931
0 1 41932
0 1 41933
0 1 41934
0 1 41935
0 1 41936
0 1 41937
0 1 41939
0 1 41940
0 1 41941
0 1 41942
0 1 41944
0 1 41946
0 1 41948
0 1 41950
0 1 41951
0 1 41952
0 1 41953
0 1 41954
0 1 41955
0 1 41958
0 1 41962
0 1 41964
0 1 41966
0 1 41967
0 1 41968
0 1 41971
0 1 41973
0 1 41975
0 1 41976
0 1 41980
0 1 41982
0 1 41984
0 1 41985
0 1 41987
0 1 41989
0 1 41990
0 1 41991
0 1 41992
0 1 41993
0 1 41995
0 1 41996
0 1 41997
0 1 41998
0 1 42000
0 1 42002
0 1 42007
0 1 42008
0 1 42010
0 1 42013
0 1 42014
0 1 42015
0 1 42016
0 1 42017
0 1 42021
0 1 42022
0 1 42023
0 1 42024
0 1 42025
0 1 42026
0 1 42027
0 1 42029
0 1 42031
0 1 42032
0 1 42034
0 1 42035
0 1 42036
0 1 42037
0 1 42039
0 1 42042
0 1 42043
0 1 42046
0 1 42049
0 1 42050
0 1 42051
0 1 42052
0 1 42053
0 1 42054
0 1 42057
0 1 42058
0 1 42060
0 1 42061
0 1 42063
0 1 42064
0 1 42065
0 1 42067
0 1 42068
0 1 42069
0 1 42070
0 1 42071
0 1 42072
0 1 42073
0 1 42075
0 1 42077
0 1 42078
0 1 42079
0 1 42080
0 1 42082
0 1 42083
0 1 42084
0 1 42089
0 1 42090
0 1 42092
0 1 42093
0 1 42095
0 1 42096
0 1 42102
0 1 42103
0 1 42104
0 1 42105
0 1 42107
0 1 42108
0 1 42109
0 1 42110
0 1 42111
0 1 42112
0 1 42115
0 1 42116
0 1 42117
0 1 42119
0 1 42122
0 1 42123
0 1 42124
0 1 42125
0 1 42126
0 1 42129
0 1 42130
0 1 42132
0 1 42133
0 1 42134
0 1 42135
0 1 42137
0 1 42138
0 1 42139
0 1 42143
0 1 42144
0 1 42145
0 1 42147
0 1 42149
0 1 42151
0 1 42153
0 1 42156
0 1 42157
0 1 42160
0 1 42162
0 1 42163
0 1 42164
0 1 42168
0 1 42169
0 1 42170
0 1 42175
0 1 42177
0 1 42180
0 1 42181
0 1 42182
0 1 42183
0 1 42184
0 1 42185
0 1 42186
0 1 42187
0 1 42188
0 1 42189
0 1 42190
0 1 42192
0 1 42193
0 1 42195
0 1 42198
0 1 42200
0 1 42204
0 1 42206
0 1 42208
0 1 42209
0 1 42210
0 1 42211
0 1 42214
0 1 42215
0 1 42216
0 1 42217
0 1 42218
0 1 42220
0 1 42222
0 1 42224
0 1 42226
0 1 42228
0 1 42230
0 1 42233
0 1 42235
0 1 42236
0 1 42237
0 1 42239
0 1 42240
0 1 42246
0 1 42247
0 1 42248
0 1 42249
0 1 42250
0 1 42252
0 1 42254
0 1 42255
0 1 42256
0 1 42257
0 1 42258
0 1 42260
0 1 42261
0 1 42262
0 1 42264
0 1 42265
0 1 42266
0 1 42267
0 1 42268
0 1 42269
0 1 42272
0 1 42274
0 1 42275
0 1 42277
0 1 42278
0 1 42279
0 1 42280
0 1 42281
0 1 42284
0 1 42285
0 1 42286
0 1 42287
0 1 42288
0 1 42289
0 1 42292
0 1 42296
0 1 42298
0 1 42299
0 1 42300
0 1 42301
0 1 42305
0 1 42306
0 1 42307
0 1 42309
0 1 42310
0 1 42312
0 1 42319
0 1 42320
0 1 42325
0 1 42328
0 1 42329
0 1 42330
0 1 42334
0 1 42339
0 1 42340
0 1 42345
0 1 42346
0 1 42347
0 1 42352
0 1 42353
0 1 42354
0 1 42355
0 1 42357
0 1 42359
0 1 42361
0 1 42362
0 1 42363
0 1 42364
0 1 42365
0 1 42366
0 1 42367
0 1 42368
0 1 42369
0 1 42372
0 1 42373
0 1 42374
0 1 42377
0 1 42383
0 1 42384
0 1 42385
0 1 42386
0 1 42387
0 1 42388
0 1 42391
0 1 42393
0 1 42397
0 1 42398
0 1 42399
0 1 42400
0 1 42401
0 1 42402
0 1 42403
0 1 42404
0 1 42407
0 1 42408
0 1 42409
0 1 42410
0 1 42411
0 1 42412
0 1 42414
0 1 42416
0 1 42417
0 1 42418
0 1 42419
0 1 42420
0 1 42422
0 1 42424
0 1 42425
0 1 42428
0 1 42433
0 1 42436
0 1 42437
0 1 42438
0 1 42440
0 1 42442
0 1 42443
0 1 42445
0 1 42448
0 1 42452
0 1 42454
0 1 42456
0 1 42458
0 1 42459
0 1 42460
0 1 42462
0 1 42463
0 1 42465
0 1 42466
0 1 42469
0 1 42471
0 1 42473
0 1 42474
0 1 42476
0 1 42477
0 1 42478
0 1 42481
0 1 42482
0 1 42483
0 1 42484
0 1 42485
0 1 42486
0 1 42487
0 1 42492
0 1 42494
0 1 42495
0 1 42496
0 1 42500
0 1 42501
0 1 42503
0 1 42504
0 1 42506
0 1 42507
0 1 42508
0 1 42512
0 1 42513
0 1 42514
0 1 42515
0 1 42516
0 1 42520
0 1 42522
0 1 42523
0 1 42524
0 1 42525
0 1 42527
0 1 42528
0 1 42531
0 1 42532
0 1 42533
0 1 42535
0 1 42539
0 1 42542
0 1 42545
0 1 42546
0 1 42547
0 1 42552
0 1 42554
0 1 42556
0 1 42557
0 1 42558
0 1 42559
0 1 42561
0 1 42562
0 1 42563
0 1 42564
0 1 42565
0 1 42566
0 1 42567
0 1 42568
0 1 42570
0 1 42571
0 1 42573
0 1 42574
0 1 42575
0 1 42576
0 1 42580
0 1 42581
0 1 42582
0 1 42583
0 1 42585
0 1 42586
0 1 42587
0 1 42593
0 1 42594
0 1 42595
0 1 42596
0 1 42597
0 1 42598
0 1 42599
0 1 42600
0 1 42604
0 1 42606
0 1 42607
0 1 42608
0 1 42610
0 1 42613
0 1 42614
0 1 42617
0 1 42619
0 1 42622
0 1 42626
0 1 42627
0 1 42632
0 1 42634
0 1 42637
0 1 42638
0 1 42639
0 1 42640
0 1 42645
0 1 42648
0 1 42650
0 1 42651
0 1 42656
0 1 42657
0 1 42658
0 1 42659
0 1 42660
0 1 42662
0 1 42663
0 1 42664
0 1 42666
0 1 42667
0 1 42670
0 1 42671
0 1 42672
0 1 42674
0 1 42675
0 1 42676
0 1 42680
0 1 42681
0 1 42683
0 1 42685
0 1 42686
0 1 42689
0 1 42691
0 1 42692
0 1 42694
0 1 42695
0 1 42696
0 1 42697
0 1 42698
0 1 42699
0 1 42701
0 1 42703
0 1 42704
0 1 42707
0 1 42708
0 1 42709
0 1 42710
0 1 42712
0 1 42714
0 1 42716
0 1 42717
0 1 42718
0 1 42719
0 1 42720
0 1 42721
0 1 42722
0 1 42723
0 1 42724
0 1 42725
0 1 42727
0 1 42728
0 1 42730
0 1 42732
0 1 42735
0 1 42736
0 1 42738
0 1 42740
0 1 42742
0 1 42744
0 1 42746
0 1 42747
0 1 42748
0 1 42749
0 1 42750
0 1 42751
0 1 42752
0 1 42753
0 1 42757
0 1 42763
0 1 42764
0 1 42766
0 1 42767
0 1 42770
0 1 42771
0 1 42773
0 1 42776
0 1 42777
0 1 42780
0 1 42781
0 1 42782
0 1 42784
0 1 42785
0 1 42787
0 1 42790
0 1 42792
0 1 42793
0 1 42796
0 1 42797
0 1 42798
0 1 42799
0 1 42801
0 1 42803
0 1 42804
0 1 42806
0 1 42807
0 1 42810
0 1 42812
0 1 42813
0 1 42814
0 1 42816
0 1 42817
0 1 42819
0 1 42820
0 1 42821
0 1 42822
0 1 42825
0 1 42827
0 1 42829
0 1 42830
0 1 42831
0 1 42834
0 1 42835
0 1 42836
0 1 42837
0 1 42838
0 1 42839
0 1 42840
0 1 42841
0 1 42842
0 1 42843
0 1 42845
0 1 42848
0 1 42849
0 1 42853
0 1 42854
0 1 42855
0 1 42856
0 1 42857
0 1 42859
0 1 42860
0 1 42861
0 1 42864
0 1 42865
0 1 42868
0 1 42871
0 1 42872
0 1 42874
0 1 42876
0 1 42878
0 1 42879
0 1 42880
0 1 42883
0 1 42884
0 1 42885
0 1 42887
0 1 42889
0 1 42890
0 1 42894
0 1 42895
0 1 42896
0 1 42897
0 1 42899
0 1 42900
0 1 42904
0 1 42907
0 1 42909
0 1 42910
0 1 42911
0 1 42912
0 1 42914
0 1 42916
0 1 42917
0 1 42918
0 1 42919
0 1 42921
0 1 42924
0 1 42925
0 1 42926
0 1 42927
0 1 42930
0 1 42932
0 1 42933
0 1 42936
0 1 42937
0 1 42938
0 1 42939
0 1 42940
0 1 42941
0 1 42942
0 1 42945
0 1 42946
0 1 42948
0 1 42949
0 1 42950
0 1 42953
0 1 42954
0 1 42955
0 1 42959
0 1 42960
0 1 42961
0 1 42962
0 1 42963
0 1 42967
0 1 42969
0 1 42970
0 1 42972
0 1 42973
0 1 42975
0 1 42976
0 1 42978
0 1 42980
0 1 42981
0 1 42982
0 1 42983
0 1 42985
0 1 42986
0 1 42987
0 1 42990
0 1 42991
0 1 42993
0 1 42996
0 1 42998
0 1 43001
0 1 43005
0 1 43010
0 1 43011
0 1 43013
0 1 43014
0 1 43016
0 1 43017
0 1 43018
0 1 43019
0 1 43020
0 1 43021
0 1 43024
0 1 43025
0 1 43027
0 1 43028
0 1 43029
0 1 43032
0 1 43033
0 1 43034
0 1 43036
0 1 43038
0 1 43039
0 1 43040
0 1 43041
0 1 43042
0 1 43044
0 1 43045
0 1 43047
0 1 43048
0 1 43050
0 1 43051
0 1 43053
0 1 43057
0 1 43058
0 1 43059
0 1 43060
0 1 43061
0 1 43062
0 1 43063
0 1 43064
0 1 43066
0 1 43068
0 1 43070
0 1 43072
0 1 43073
0 1 43078
0 1 43079
0 1 43082
0 1 43085
0 1 43088
0 1 43090
0 1 43093
0 1 43094
0 1 43095
0 1 43096
0 1 43098
0 1 43103
0 1 43104
0 1 43107
0 1 43108
0 1 43111
0 1 43112
0 1 43114
0 1 43115
0 1 43116
0 1 43120
0 1 43122
0 1 43123
0 1 43124
0 1 43127
0 1 43129
0 1 43130
0 1 43133
0 1 43134
0 1 43135
0 1 43136
0 1 43137
0 1 43139
0 1 43140
0 1 43141
0 1 43142
0 1 43143
0 1 43146
0 1 43149
0 1 43150
0 1 43153
0 1 43154
0 1 43156
0 1 43157
0 1 43161
0 1 43164
0 1 43165
0 1 43166
0 1 43170
0 1 43171
0 1 43172
0 1 43173
0 1 43174
0 1 43175
0 1 43177
0 1 43178
0 1 43180
0 1 43181
0 1 43183
0 1 43184
0 1 43185
0 1 43186
0 1 43187
0 1 43191
0 1 43193
0 1 43195
0 1 43196
0 1 43198
0 1 43199
0 1 43200
0 1 43201
0 1 43202
0 1 43203
0 1 43205
0 1 43206
0 1 43207
0 1 43208
0 1 43211
0 1 43212
0 1 43213
0 1 43214
0 1 43215
0 1 43216
0 1 43217
0 1 43224
0 1 43225
0 1 43227
0 1 43228
0 1 43229
0 1 43231
0 1 43232
0 1 43234
0 1 43235
0 1 43236
0 1 43237
0 1 43238
0 1 43240
0 1 43242
0 1 43243
0 1 43244
0 1 43246
0 1 43247
0 1 43248
0 1 43249
0 1 43250
0 1 43251
0 1 43252
0 1 43255
0 1 43257
0 1 43259
0 1 43261
0 1 43262
0 1 43263
0 1 43264
0 1 43267
0 1 43268
0 1 43269
0 1 43271
0 1 43272
0 1 43276
0 1 43280
0 1 43281
0 1 43285
0 1 43286
0 1 43288
0 1 43290
0 1 43291
0 1 43292
0 1 43293
0 1 43294
0 1 43297
0 1 43298
0 1 43299
0 1 43300
0 1 43302
0 1 43303
0 1 43304
0 1 43305
0 1 43306
0 1 43307
0 1 43308
0 1 43309
0 1 43310
0 1 43311
0 1 43316
0 1 43318
0 1 43319
0 1 43320
0 1 43321
0 1 43325
0 1 43327
0 1 43331
0 1 43332
0 1 43333
0 1 43334
0 1 43336
0 1 43337
0 1 43339
0 1 43341
0 1 43343
0 1 43344
0 1 43345
0 1 43346
0 1 43348
0 1 43349
0 1 43352
0 1 43354
0 1 43355
0 1 43356
0 1 43357
0 1 43358
0 1 43359
0 1 43360
0 1 43363
0 1 43364
0 1 43365
0 1 43367
0 1 43368
0 1 43369
0 1 43370
0 1 43372
0 1 43373
0 1 43374
0 1 43375
0 1 43377
0 1 43380
0 1 43381
0 1 43382
0 1 43383
0 1 43384
0 1 43385
0 1 43386
0 1 43387
0 1 43389
0 1 43390
0 1 43391
0 1 43392
0 1 43395
0 1 43399
0 1 43400
0 1 43401
0 1 43402
0 1 43403
0 1 43404
0 1 43405
0 1 43406
0 1 43407
0 1 43408
0 1 43411
0 1 43412
0 1 43413
0 1 43414
0 1 43415
0 1 43417
0 1 43419
0 1 43420
0 1 43421
0 1 43422
0 1 43423
0 1 43424
0 1 43427
0 1 43428
0 1 43429
0 1 43430
0 1 43431
0 1 43432
0 1 43436
0 1 43444
0 1 43450
0 1 43452
0 1 43455
0 1 43457
0 1 43459
0 1 43462
0 1 43465
0 1 43466
0 1 43470
0 1 43471
0 1 43472
0 1 43474
0 1 43475
0 1 43481
0 1 43482
0 1 43483
0 1 43484
0 1 43486
0 1 43487
0 1 43492
0 1 43494
0 1 43496
0 1 43497
0 1 43498
0 1 43499
0 1 43502
0 1 43504
0 1 43505
0 1 43507
0 1 43508
0 1 43510
0 1 43515
0 1 43517
0 1 43518
0 1 43522
0 1 43524
0 1 43525
0 1 43526
0 1 43528
0 1 43529
0 1 43534
0 1 43536
0 1 43538
0 1 43539
0 1 43540
0 1 43544
0 1 43547
0 1 43548
0 1 43549
0 1 43550
0 1 43551
0 1 43552
0 1 43554
0 1 43555
0 1 43557
0 1 43558
0 1 43562
0 1 43563
0 1 43564
0 1 43565
0 1 43567
0 1 43568
0 1 43569
0 1 43570
0 1 43571
0 1 43572
0 1 43573
0 1 43574
0 1 43576
0 1 43577
0 1 43579
0 1 43581
0 1 43584
0 1 43587
0 1 43590
0 1 43592
0 1 43593
0 1 43594
0 1 43598
0 1 43599
0 1 43600
0 1 43601
0 1 43602
0 1 43603
0 1 43606
0 1 43607
0 1 43608
0 1 43609
0 1 43610
0 1 43611
0 1 43614
0 1 43615
0 1 43616
0 1 43617
0 1 43619
0 1 43620
0 1 43621
0 1 43622
0 1 43623
0 1 43625
0 1 43626
0 1 43627
0 1 43630
0 1 43631
0 1 43634
0 1 43636
0 1 43637
0 1 43638
0 1 43639
0 1 43642
0 1 43643
0 1 43644
0 1 43645
0 1 43646
0 1 43647
0 1 43648
0 1 43650
0 1 43652
0 1 43653
0 1 43655
0 1 43657
0 1 43660
0 1 43661
0 1 43662
0 1 43664
0 1 43666
0 1 43667
0 1 43671
0 1 43672
0 1 43673
0 1 43674
0 1 43675
0 1 43676
0 1 43677
0 1 43678
0 1 43680
0 1 43682
0 1 43683
0 1 43687
0 1 43689
0 1 43690
0 1 43691
0 1 43693
0 1 43696
0 1 43698
0 1 43699
0 1 43701
0 1 43702
0 1 43703
0 1 43704
0 1 43706
0 1 43708
0 1 43711
0 1 43712
0 1 43715
0 1 43716
0 1 43717
0 1 43719
0 1 43721
0 1 43722
0 1 43723
0 1 43726
0 1 43727
0 1 43728
0 1 43730
0 1 43733
0 1 43734
0 1 43735
0 1 43736
0 1 43737
0 1 43741
0 1 43742
0 1 43745
0 1 43746
0 1 43748
0 1 43750
0 1 43751
0 1 43752
0 1 43754
0 1 43755
0 1 43757
0 1 43758
0 1 43760
0 1 43761
0 1 43763
0 1 43764
0 1 43766
0 1 43767
0 1 43770
0 1 43771
0 1 43772
0 1 43775
0 1 43776
0 1 43778
0 1 43782
0 1 43783
0 1 43784
0 1 43787
0 1 43788
0 1 43790
0 1 43794
0 1 43795
0 1 43796
0 1 43797
0 1 43798
0 1 43799
0 1 43800
0 1 43801
0 1 43805
0 1 43806
0 1 43812
0 1 43815
0 1 43816
0 1 43820
0 1 43821
0 1 43823
0 1 43825
0 1 43826
0 1 43827
0 1 43828
0 1 43829
0 1 43832
0 1 43833
0 1 43837
0 1 43838
0 1 43840
0 1 43842
0 1 43843
0 1 43844
0 1 43846
0 1 43847
0 1 43850
0 1 43852
0 1 43853
0 1 43854
0 1 43855
0 1 43857
0 1 43859
0 1 43861
0 1 43862
0 1 43865
0 1 43869
0 1 43870
0 1 43871
0 1 43873
0 1 43874
0 1 43875
0 1 43876
0 1 43878
0 1 43879
0 1 43881
0 1 43882
0 1 43885
0 1 43888
0 1 43889
0 1 43890
0 1 43891
0 1 43894
0 1 43895
0 1 43896
0 1 43897
0 1 43902
0 1 43903
0 1 43905
0 1 43907
0 1 43911
0 1 43914
0 1 43916
0 1 43920
0 1 43921
0 1 43925
0 1 43927
0 1 43929
0 1 43931
0 1 43934
0 1 43935
0 1 43941
0 1 43942
0 1 43943
0 1 43944
0 1 43947
0 1 43948
0 1 43952
0 1 43953
0 1 43954
0 1 43956
0 1 43957
0 1 43958
0 1 43959
0 1 43961
0 1 43964
0 1 43965
0 1 43966
0 1 43967
0 1 43968
0 1 43970
0 1 43971
0 1 43972
0 1 43973
0 1 43975
0 1 43977
0 1 43979
0 1 43980
0 1 43981
0 1 43984
0 1 43985
0 1 43986
0 1 43988
0 1 43990
0 1 43991
0 1 43993
0 1 43994
0 1 43995
0 1 43997
0 1 44001
0 1 44003
0 1 44004
0 1 44005
0 1 44006
0 1 44007
0 1 44008
0 1 44009
0 1 44011
0 1 44013
0 1 44015
0 1 44017
0 1 44020
0 1 44022
0 1 44023
0 1 44024
0 1 44025
0 1 44026
0 1 44029
0 1 44030
0 1 44037
0 1 44038
0 1 44039
0 1 44043
0 1 44045
0 1 44047
0 1 44048
0 1 44049
0 1 44050
0 1 44053
0 1 44054
0 1 44055
0 1 44056
0 1 44059
0 1 44060
0 1 44063
0 1 44064
0 1 44065
0 1 44066
0 1 44067
0 1 44069
0 1 44070
0 1 44072
0 1 44074
0 1 44075
0 1 44078
0 1 44080
0 1 44084
0 1 44085
0 1 44086
0 1 44087
0 1 44088
0 1 44089
0 1 44092
0 1 44094
0 1 44096
0 1 44097
0 1 44098
0 1 44099
0 1 44101
0 1 44103
0 1 44105
0 1 44106
0 1 44107
0 1 44109
0 1 44110
0 1 44112
0 1 44114
0 1 44115
0 1 44118
0 1 44121
0 1 44123
0 1 44124
0 1 44125
0 1 44126
0 1 44128
0 1 44130
0 1 44131
0 1 44132
0 1 44133
0 1 44134
0 1 44136
0 1 44137
0 1 44139
0 1 44141
0 1 44142
0 1 44143
0 1 44144
0 1 44148
0 1 44149
0 1 44150
0 1 44151
0 1 44152
0 1 44155
0 1 44156
0 1 44157
0 1 44159
0 1 44160
0 1 44163
0 1 44164
0 1 44166
0 1 44167
0 1 44168
0 1 44170
0 1 44172
0 1 44173
0 1 44174
0 1 44175
0 1 44177
0 1 44178
0 1 44179
0 1 44180
0 1 44181
0 1 44182
0 1 44184
0 1 44186
0 1 44187
0 1 44189
0 1 44192
0 1 44193
0 1 44194
0 1 44196
0 1 44197
0 1 44198
0 1 44200
0 1 44202
0 1 44203
0 1 44204
0 1 44206
0 1 44207
0 1 44210
0 1 44211
0 1 44214
0 1 44215
0 1 44216
0 1 44217
0 1 44219
0 1 44220
0 1 44221
0 1 44222
0 1 44223
0 1 44224
0 1 44225
0 1 44231
0 1 44235
0 1 44237
0 1 44240
0 1 44242
0 1 44243
0 1 44244
0 1 44246
0 1 44247
0 1 44248
0 1 44250
0 1 44252
0 1 44253
0 1 44255
0 1 44256
0 1 44257
0 1 44258
0 1 44261
0 1 44262
0 1 44266
0 1 44267
0 1 44270
0 1 44271
0 1 44272
0 1 44273
0 1 44274
0 1 44275
0 1 44276
0 1 44278
0 1 44279
0 1 44280
0 1 44282
0 1 44283
0 1 44284
0 1 44286
0 1 44287
0 1 44288
0 1 44289
0 1 44290
0 1 44291
0 1 44294
0 1 44295
0 1 44296
0 1 44297
0 1 44299
0 1 44300
0 1 44302
0 1 44307
0 1 44310
0 1 44311
0 1 44312
0 1 44314
0 1 44315
0 1 44316
0 1 44317
0 1 44321
0 1 44322
0 1 44323
0 1 44325
0 1 44326
0 1 44327
0 1 44328
0 1 44330
0 1 44331
0 1 44333
0 1 44335
0 1 44337
0 1 44340
0 1 44341
0 1 44342
0 1 44345
0 1 44346
0 1 44347
0 1 44348
0 1 44351
0 1 44354
0 1 44356
0 1 44358
0 1 44360
0 1 44362
0 1 44363
0 1 44364
0 1 44365
0 1 44366
0 1 44374
0 1 44376
0 1 44377
0 1 44379
0 1 44380
0 1 44381
0 1 44383
0 1 44384
0 1 44385
0 1 44386
0 1 44392
0 1 44394
0 1 44396
0 1 44397
0 1 44399
0 1 44400
0 1 44401
0 1 44404
0 1 44407
0 1 44409
0 1 44410
0 1 44411
0 1 44415
0 1 44416
0 1 44417
0 1 44418
0 1 44419
0 1 44420
0 1 44422
0 1 44424
0 1 44427
0 1 44433
0 1 44434
0 1 44435
0 1 44436
0 1 44437
0 1 44438
0 1 44440
0 1 44441
0 1 44442
0 1 44443
0 1 44444
0 1 44445
0 1 44446
0 1 44453
0 1 44454
0 1 44456
0 1 44457
0 1 44459
0 1 44462
0 1 44463
0 1 44464
0 1 44465
0 1 44467
0 1 44471
0 1 44472
0 1 44473
0 1 44476
0 1 44477
0 1 44480
0 1 44481
0 1 44483
0 1 44484
0 1 44486
0 1 44487
0 1 44488
0 1 44489
0 1 44490
0 1 44491
0 1 44493
0 1 44494
0 1 44495
0 1 44496
0 1 44497
0 1 44499
0 1 44500
0 1 44502
0 1 44503
0 1 44505
0 1 44506
0 1 44507
0 1 44508
0 1 44509
0 1 44510
0 1 44512
0 1 44513
0 1 44515
0 1 44516
0 1 44519
0 1 44520
0 1 44523
0 1 44524
0 1 44525
0 1 44526
0 1 44527
0 1 44529
0 1 44530
0 1 44531
0 1 44532
0 1 44533
0 1 44539
0 1 44540
0 1 44541
0 1 44542
0 1 44543
0 1 44544
0 1 44545
0 1 44546
0 1 44548
0 1 44550
0 1 44551
0 1 44554
0 1 44556
0 1 44557
0 1 44558
0 1 44559
0 1 44560
0 1 44562
0 1 44563
0 1 44564
0 1 44565
0 1 44566
0 1 44567
0 1 44568
0 1 44570
0 1 44572
0 1 44574
0 1 44575
0 1 44576
0 1 44580
0 1 44581
0 1 44585
0 1 44587
0 1 44588
0 1 44590
0 1 44591
0 1 44593
0 1 44594
0 1 44596
0 1 44599
0 1 44601
0 1 44602
0 1 44603
0 1 44607
0 1 44610
0 1 44613
0 1 44614
0 1 44615
0 1 44616
0 1 44617
0 1 44618
0 1 44619
0 1 44620
0 1 44621
0 1 44625
0 1 44627
0 1 44628
0 1 44630
0 1 44631
0 1 44633
0 1 44634
0 1 44635
0 1 44636
0 1 44637
0 1 44639
0 1 44640
0 1 44641
0 1 44643
0 1 44646
0 1 44648
0 1 44649
0 1 44650
0 1 44653
0 1 44655
0 1 44656
0 1 44657
0 1 44658
0 1 44659
0 1 44660
0 1 44661
0 1 44662
0 1 44663
0 1 44664
0 1 44665
0 1 44668
0 1 44669
0 1 44673
0 1 44675
0 1 44676
0 1 44677
0 1 44678
0 1 44679
0 1 44682
0 1 44683
0 1 44684
0 1 44685
0 1 44687
0 1 44689
0 1 44691
0 1 44693
0 1 44694
0 1 44696
0 1 44698
0 1 44699
0 1 44701
0 1 44702
0 1 44703
0 1 44705
0 1 44707
0 1 44709
0 1 44711
0 1 44713
0 1 44714
0 1 44715
0 1 44716
0 1 44717
0 1 44718
0 1 44719
0 1 44720
0 1 44722
0 1 44723
0 1 44724
0 1 44725
0 1 44729
0 1 44730
0 1 44731
0 1 44732
0 1 44734
0 1 44736
0 1 44738
0 1 44739
0 1 44740
0 1 44741
0 1 44742
0 1 44744
0 1 44745
0 1 44746
0 1 44750
0 1 44751
0 1 44752
0 1 44753
0 1 44754
0 1 44755
0 1 44756
0 1 44757
0 1 44758
0 1 44759
0 1 44762
0 1 44763
0 1 44764
0 1 44767
0 1 44768
0 1 44770
0 1 44771
0 1 44773
0 1 44775
0 1 44776
0 1 44778
0 1 44779
0 1 44782
0 1 44783
0 1 44784
0 1 44785
0 1 44786
0 1 44788
0 1 44789
0 1 44793
0 1 44794
0 1 44797
0 1 44798
0 1 44801
0 1 44803
0 1 44804
0 1 44805
0 1 44806
0 1 44807
0 1 44809
0 1 44810
0 1 44811
0 1 44812
0 1 44815
0 1 44817
0 1 44819
0 1 44821
0 1 44822
0 1 44824
0 1 44827
0 1 44829
0 1 44830
0 1 44831
0 1 44837
0 1 44838
0 1 44839
0 1 44840
0 1 44841
0 1 44842
0 1 44843
0 1 44845
0 1 44846
0 1 44847
0 1 44849
0 1 44851
0 1 44852
0 1 44855
0 1 44856
0 1 44857
0 1 44859
0 1 44860
0 1 44861
0 1 44862
0 1 44865
0 1 44867
0 1 44868
0 1 44870
0 1 44871
0 1 44872
0 1 44873
0 1 44874
0 1 44875
0 1 44876
0 1 44877
0 1 44878
0 1 44880
0 1 44886
0 1 44888
0 1 44889
0 1 44890
0 1 44893
0 1 44894
0 1 44896
0 1 44897
0 1 44898
0 1 44899
0 1 44902
0 1 44903
0 1 44904
0 1 44905
0 1 44906
0 1 44907
0 1 44908
0 1 44909
0 1 44911
0 1 44914
0 1 44916
0 1 44920
0 1 44922
0 1 44924
0 1 44925
0 1 44926
0 1 44927
0 1 44929
0 1 44930
0 1 44931
0 1 44932
0 1 44933
0 1 44934
0 1 44936
0 1 44938
0 1 44940
0 1 44942
0 1 44943
0 1 44945
0 1 44946
0 1 44948
0 1 44951
0 1 44952
0 1 44953
0 1 44955
0 1 44956
0 1 44957
0 1 44959
0 1 44961
0 1 44963
0 1 44964
0 1 44965
0 1 44966
0 1 44969
0 1 44970
0 1 44971
0 1 44972
0 1 44973
0 1 44974
0 1 44976
0 1 44977
0 1 44978
0 1 44980
0 1 44981
0 1 44982
0 1 44983
0 1 44984
0 1 44986
0 1 44989
0 1 44991
0 1 44992
0 1 44993
0 1 44994
0 1 44995
0 1 44996
0 1 44998
0 1 45001
0 1 45002
0 1 45004
0 1 45006
0 1 45008
0 1 45010
0 1 45011
0 1 45012
0 1 45013
0 1 45015
0 1 45016
0 1 45017
0 1 45018
0 1 45019
0 1 45020
0 1 45021
0 1 45022
0 1 45023
0 1 45025
0 1 45026
0 1 45027
0 1 45028
0 1 45029
0 1 45030
0 1 45032
0 1 45033
0 1 45035
0 1 45036
0 1 45037
0 1 45039
0 1 45040
0 1 45042
0 1 45043
0 1 45044
0 1 45046
0 1 45047
0 1 45048
0 1 45051
0 1 45052
0 1 45056
0 1 45059
0 1 45062
0 1 45063
0 1 45066
0 1 45067
0 1 45068
0 1 45070
0 1 45072
0 1 45074
0 1 45075
0 1 45076
0 1 45077
0 1 45078
0 1 45079
0 1 45080
0 1 45083
0 1 45085
0 1 45087
0 1 45088
0 1 45089
0 1 45090
0 1 45092
0 1 45096
0 1 45097
0 1 45098
0 1 45099
0 1 45103
0 1 45104
0 1 45108
0 1 45112
0 1 45115
0 1 45117
0 1 45118
0 1 45121
0 1 45122
0 1 45123
0 1 45124
0 1 45125
0 1 45126
0 1 45127
0 1 45128
0 1 45129
0 1 45132
0 1 45133
0 1 45136
0 1 45138
0 1 45139
0 1 45140
0 1 45143
0 1 45144
0 1 45146
0 1 45149
0 1 45150
0 1 45156
0 1 45159
0 1 45161
0 1 45162
0 1 45163
0 1 45168
0 1 45172
0 1 45174
0 1 45175
0 1 45176
0 1 45178
0 1 45182
0 1 45183
0 1 45184
0 1 45185
0 1 45186
0 1 45187
0 1 45190
0 1 45192
0 1 45193
0 1 45195
0 1 45200
0 1 45201
0 1 45202
0 1 45203
0 1 45204
0 1 45205
0 1 45207
0 1 45208
0 1 45211
0 1 45212
0 1 45213
0 1 45214
0 1 45215
0 1 45216
0 1 45217
0 1 45218
0 1 45219
0 1 45220
0 1 45222
0 1 45223
0 1 45224
0 1 45225
0 1 45227
0 1 45231
0 1 45232
0 1 45233
0 1 45234
0 1 45236
0 1 45237
0 1 45239
0 1 45240
0 1 45243
0 1 45244
0 1 45246
0 1 45247
0 1 45248
0 1 45249
0 1 45250
0 1 45251
0 1 45253
0 1 45256
0 1 45257
0 1 45258
0 1 45260
0 1 45262
0 1 45264
0 1 45265
0 1 45266
0 1 45267
0 1 45270
0 1 45271
0 1 45272
0 1 45274
0 1 45275
0 1 45277
0 1 45279
0 1 45280
0 1 45283
0 1 45284
0 1 45285
0 1 45286
0 1 45290
0 1 45291
0 1 45292
0 1 45293
0 1 45294
0 1 45296
0 1 45297
0 1 45299
0 1 45300
0 1 45301
0 1 45303
0 1 45304
0 1 45307
0 1 45308
0 1 45309
0 1 45311
0 1 45317
0 1 45318
0 1 45321
0 1 45322
0 1 45328
0 1 45329
0 1 45330
0 1 45331
0 1 45332
0 1 45335
0 1 45338
0 1 45339
0 1 45341
0 1 45342
0 1 45343
0 1 45344
0 1 45345
0 1 45348
0 1 45349
0 1 45350
0 1 45351
0 1 45353
0 1 45354
0 1 45355
0 1 45358
0 1 45360
0 1 45361
0 1 45362
0 1 45363
0 1 45365
0 1 45368
0 1 45369
0 1 45373
0 1 45374
0 1 45375
0 1 45377
0 1 45378
0 1 45380
0 1 45381
0 1 45383
0 1 45384
0 1 45385
0 1 45387
0 1 45388
0 1 45389
0 1 45390
0 1 45391
0 1 45393
0 1 45394
0 1 45395
0 1 45397
0 1 45399
0 1 45400
0 1 45401
0 1 45403
0 1 45405
0 1 45406
0 1 45408
0 1 45410
0 1 45412
0 1 45413
0 1 45414
0 1 45415
0 1 45416
0 1 45417
0 1 45418
0 1 45419
0 1 45420
0 1 45421
0 1 45422
0 1 45423
0 1 45425
0 1 45426
0 1 45427
0 1 45428
0 1 45429
0 1 45430
0 1 45432
0 1 45433
0 1 45435
0 1 45437
0 1 45438
0 1 45439
0 1 45440
0 1 45441
0 1 45443
0 1 45444
0 1 45445
0 1 45448
0 1 45449
0 1 45450
0 1 45451
0 1 45452
0 1 45453
0 1 45454
0 1 45455
0 1 45461
0 1 45462
0 1 45463
0 1 45465
0 1 45468
0 1 45469
0 1 45470
0 1 45471
0 1 45472
0 1 45473
0 1 45478
0 1 45479
0 1 45480
0 1 45481
0 1 45482
0 1 45483
0 1 45485
0 1 45486
0 1 45488
0 1 45489
0 1 45490
0 1 45491
0 1 45492
0 1 45493
0 1 45495
0 1 45496
0 1 45498
0 1 45499
0 1 45500
0 1 45501
0 1 45503
0 1 45506
0 1 45508
0 1 45509
0 1 45510
0 1 45511
0 1 45512
0 1 45513
0 1 45514
0 1 45515
0 1 45516
0 1 45518
0 1 45519
0 1 45526
0 1 45527
0 1 45528
0 1 45529
0 1 45530
0 1 45532
0 1 45533
0 1 45534
0 1 45535
0 1 45536
0 1 45538
0 1 45540
0 1 45541
0 1 45542
0 1 45545
0 1 45546
0 1 45548
0 1 45549
0 1 45550
0 1 45552
0 1 45553
0 1 45555
0 1 45556
0 1 45557
0 1 45558
0 1 45560
0 1 45561
0 1 45562
0 1 45563
0 1 45566
0 1 45568
0 1 45569
0 1 45570
0 1 45572
0 1 45573
0 1 45574
0 1 45575
0 1 45576
0 1 45577
0 1 45579
0 1 45583
0 1 45586
0 1 45590
0 1 45591
0 1 45592
0 1 45593
0 1 45594
0 1 45595
0 1 45596
0 1 45600
0 1 45601
0 1 45602
0 1 45603
0 1 45606
0 1 45607
0 1 45609
0 1 45610
0 1 45611
0 1 45614
0 1 45617
0 1 45618
0 1 45620
0 1 45621
0 1 45623
0 1 45624
0 1 45626
0 1 45627
0 1 45628
0 1 45629
0 1 45631
0 1 45634
0 1 45635
0 1 45636
0 1 45642
0 1 45644
0 1 45647
0 1 45648
0 1 45650
0 1 45653
0 1 45654
0 1 45655
0 1 45656
0 1 45657
0 1 45658
0 1 45659
0 1 45660
0 1 45662
0 1 45664
0 1 45665
0 1 45667
0 1 45669
0 1 45670
0 1 45672
0 1 45674
0 1 45676
0 1 45677
0 1 45678
0 1 45679
0 1 45680
0 1 45682
0 1 45683
0 1 45684
0 1 45686
0 1 45687
0 1 45688
0 1 45691
0 1 45693
0 1 45699
0 1 45700
0 1 45702
0 1 45703
0 1 45705
0 1 45707
0 1 45708
0 1 45709
0 1 45710
0 1 45711
0 1 45717
0 1 45718
0 1 45719
0 1 45720
0 1 45721
0 1 45722
0 1 45725
0 1 45726
0 1 45727
0 1 45728
0 1 45731
0 1 45732
0 1 45733
0 1 45735
0 1 45737
0 1 45739
0 1 45741
0 1 45742
0 1 45743
0 1 45746
0 1 45747
0 1 45748
0 1 45751
0 1 45752
0 1 45753
0 1 45755
0 1 45756
0 1 45757
0 1 45759
0 1 45761
0 1 45762
0 1 45763
0 1 45765
0 1 45769
0 1 45770
0 1 45771
0 1 45772
0 1 45775
0 1 45776
0 1 45777
0 1 45778
0 1 45781
0 1 45783
0 1 45784
0 1 45786
0 1 45787
0 1 45789
0 1 45790
0 1 45792
0 1 45793
0 1 45794
0 1 45796
0 1 45798
0 1 45799
0 1 45800
0 1 45801
0 1 45803
0 1 45804
0 1 45806
0 1 45807
0 1 45808
0 1 45810
0 1 45811
0 1 45812
0 1 45813
0 1 45815
0 1 45817
0 1 45818
0 1 45820
0 1 45821
0 1 45822
0 1 45824
0 1 45825
0 1 45828
0 1 45829
0 1 45830
0 1 45831
0 1 45832
0 1 45833
0 1 45834
0 1 45835
0 1 45836
0 1 45837
0 1 45841
0 1 45842
0 1 45844
0 1 45845
0 1 45848
0 1 45850
0 1 45851
0 1 45852
0 1 45853
0 1 45855
0 1 45856
0 1 45857
0 1 45858
0 1 45859
0 1 45860
0 1 45863
0 1 45864
0 1 45865
0 1 45866
0 1 45867
0 1 45869
0 1 45870
0 1 45871
0 1 45872
0 1 45873
0 1 45874
0 1 45877
0 1 45878
0 1 45879
0 1 45880
0 1 45881
0 1 45882
0 1 45883
0 1 45885
0 1 45888
0 1 45889
0 1 45891
0 1 45892
0 1 45896
0 1 45898
0 1 45899
0 1 45900
0 1 45902
0 1 45904
0 1 45905
0 1 45907
0 1 45908
0 1 45909
0 1 45910
0 1 45911
0 1 45916
0 1 45917
0 1 45918
0 1 45919
0 1 45920
0 1 45921
0 1 45922
0 1 45923
0 1 45925
0 1 45926
0 1 45927
0 1 45928
0 1 45930
0 1 45931
0 1 45936
0 1 45937
0 1 45938
0 1 45940
0 1 45941
0 1 45942
0 1 45943
0 1 45946
0 1 45947
0 1 45948
0 1 45949
0 1 45950
0 1 45952
0 1 45953
0 1 45954
0 1 45955
0 1 45957
0 1 45958
0 1 45959
0 1 45960
0 1 45964
0 1 45965
0 1 45967
0 1 45968
0 1 45969
0 1 45971
0 1 45973
0 1 45974
0 1 45975
0 1 45977
0 1 45978
0 1 45979
0 1 45980
0 1 45981
0 1 45983
0 1 45984
0 1 45985
0 1 45986
0 1 45989
0 1 45992
0 1 45996
0 1 45997
0 1 45999
0 1 46000
0 1 46002
0 1 46003
0 1 46004
0 1 46005
0 1 46007
0 1 46008
0 1 46009
0 1 46011
0 1 46012
0 1 46013
0 1 46014
0 1 46015
0 1 46016
0 1 46018
0 1 46022
0 1 46023
0 1 46024
0 1 46025
0 1 46027
0 1 46029
0 1 46030
0 1 46033
0 1 46034
0 1 46036
0 1 46037
0 1 46038
0 1 46039
0 1 46040
0 1 46042
0 1 46043
0 1 46044
0 1 46045
0 1 46046
0 1 46051
0 1 46052
0 1 46054
0 1 46055
0 1 46056
0 1 46057
0 1 46058
0 1 46060
0 1 46061
0 1 46062
0 1 46066
0 1 46067
0 1 46068
0 1 46071
0 1 46072
0 1 46073
0 1 46074
0 1 46076
0 1 46079
0 1 46080
0 1 46083
0 1 46085
0 1 46086
0 1 46087
0 1 46088
0 1 46090
0 1 46091
0 1 46092
0 1 46093
0 1 46094
0 1 46095
0 1 46096
0 1 46098
0 1 46099
0 1 46100
0 1 46101
0 1 46102
0 1 46103
0 1 46104
0 1 46106
0 1 46107
0 1 46108
0 1 46109
0 1 46110
0 1 46112
0 1 46113
0 1 46114
0 1 46115
0 1 46116
0 1 46117
0 1 46118
0 1 46120
0 1 46122
0 1 46124
0 1 46126
0 1 46128
0 1 46130
0 1 46131
0 1 46132
0 1 46133
0 1 46134
0 1 46135
0 1 46136
0 1 46137
0 1 46138
0 1 46141
0 1 46142
0 1 46145
0 1 46147
0 1 46148
0 1 46150
0 1 46151
0 1 46153
0 1 46154
0 1 46156
0 1 46157
0 1 46159
0 1 46161
0 1 46162
0 1 46163
0 1 46164
0 1 46165
0 1 46168
0 1 46169
0 1 46170
0 1 46171
0 1 46172
0 1 46173
0 1 46174
0 1 46176
0 1 46178
0 1 46179
0 1 46180
0 1 46181
0 1 46182
0 1 46183
0 1 46184
0 1 46185
0 1 46188
0 1 46189
0 1 46192
0 1 46193
0 1 46194
0 1 46195
0 1 46196
0 1 46197
0 1 46198
0 1 46199
0 1 46204
0 1 46208
0 1 46209
0 1 46211
0 1 46213
0 1 46214
0 1 46215
0 1 46217
0 1 46218
0 1 46219
0 1 46221
0 1 46222
0 1 46223
0 1 46225
0 1 46226
0 1 46228
0 1 46229
0 1 46230
0 1 46231
0 1 46232
0 1 46235
0 1 46236
0 1 46237
0 1 46238
0 1 46239
0 1 46241
0 1 46243
0 1 46245
0 1 46246
0 1 46247
0 1 46248
0 1 46249
0 1 46251
0 1 46252
0 1 46253
0 1 46254
0 1 46256
0 1 46257
0 1 46259
0 1 46260
0 1 46261
0 1 46262
0 1 46263
0 1 46265
0 1 46266
0 1 46267
0 1 46268
0 1 46271
0 1 46272
0 1 46273
0 1 46274
0 1 46276
0 1 46277
0 1 46279
0 1 46281
0 1 46282
0 1 46283
0 1 46288
0 1 46289
0 1 46291
0 1 46292
0 1 46293
0 1 46294
0 1 46298
0 1 46299
0 1 46302
0 1 46304
0 1 46307
0 1 46308
0 1 46311
0 1 46315
0 1 46317
0 1 46318
0 1 46323
0 1 46324
0 1 46325
0 1 46328
0 1 46330
0 1 46331
0 1 46332
0 1 46333
0 1 46336
0 1 46337
0 1 46338
0 1 46339
0 1 46340
0 1 46341
0 1 46342
0 1 46343
0 1 46346
0 1 46347
0 1 46348
0 1 46349
0 1 46350
0 1 46352
0 1 46353
0 1 46354
0 1 46356
0 1 46357
0 1 46358
0 1 46364
0 1 46365
0 1 46366
0 1 46369
0 1 46370
0 1 46375
0 1 46376
0 1 46377
0 1 46378
0 1 46379
0 1 46380
0 1 46381
0 1 46383
0 1 46384
0 1 46385
0 1 46386
0 1 46388
0 1 46389
0 1 46391
0 1 46392
0 1 46394
0 1 46395
0 1 46396
0 1 46398
0 1 46400
0 1 46401
0 1 46403
0 1 46404
0 1 46405
0 1 46406
0 1 46407
0 1 46408
0 1 46409
0 1 46410
0 1 46411
0 1 46412
0 1 46413
0 1 46415
0 1 46417
0 1 46419
0 1 46420
0 1 46421
0 1 46424
0 1 46426
0 1 46428
0 1 46429
0 1 46430
0 1 46434
0 1 46436
0 1 46437
0 1 46440
0 1 46441
0 1 46442
0 1 46444
0 1 46447
0 1 46448
0 1 46449
0 1 46450
0 1 46451
0 1 46456
0 1 46458
0 1 46459
0 1 46461
0 1 46462
0 1 46463
0 1 46467
0 1 46468
0 1 46470
0 1 46471
0 1 46472
0 1 46473
0 1 46474
0 1 46475
0 1 46477
0 1 46480
0 1 46482
0 1 46483
0 1 46484
0 1 46485
0 1 46486
0 1 46488
0 1 46493
0 1 46494
0 1 46495
0 1 46498
0 1 46499
0 1 46500
0 1 46503
0 1 46504
0 1 46505
0 1 46506
0 1 46508
0 1 46509
0 1 46510
0 1 46511
0 1 46513
0 1 46514
0 1 46515
0 1 46519
0 1 46522
0 1 46524
0 1 46527
0 1 46528
0 1 46529
0 1 46530
0 1 46532
0 1 46533
0 1 46535
0 1 46536
0 1 46537
0 1 46538
0 1 46540
0 1 46541
0 1 46544
0 1 46546
0 1 46547
0 1 46548
0 1 46549
0 1 46553
0 1 46555
0 1 46556
0 1 46562
0 1 46563
0 1 46565
0 1 46566
0 1 46571
0 1 46572
0 1 46574
0 1 46576
0 1 46578
0 1 46579
0 1 46580
0 1 46581
0 1 46582
0 1 46584
0 1 46585
0 1 46586
0 1 46589
0 1 46590
0 1 46591
0 1 46594
0 1 46596
0 1 46597
0 1 46599
0 1 46600
0 1 46601
0 1 46603
0 1 46606
0 1 46607
0 1 46608
0 1 46609
0 1 46611
0 1 46615
0 1 46617
0 1 46620
0 1 46622
0 1 46624
0 1 46628
0 1 46629
0 1 46630
0 1 46631
0 1 46632
0 1 46633
0 1 46634
0 1 46636
0 1 46640
0 1 46643
0 1 46644
0 1 46645
0 1 46646
0 1 46647
0 1 46649
0 1 46651
0 1 46652
0 1 46654
0 1 46655
0 1 46656
0 1 46658
0 1 46659
0 1 46664
0 1 46666
0 1 46667
0 1 46669
0 1 46671
0 1 46672
0 1 46674
0 1 46675
0 1 46676
0 1 46677
0 1 46678
0 1 46679
0 1 46680
0 1 46681
0 1 46682
0 1 46683
0 1 46684
0 1 46685
0 1 46686
0 1 46687
0 1 46688
0 1 46691
0 1 46695
0 1 46698
0 1 46699
0 1 46701
0 1 46702
0 1 46703
0 1 46704
0 1 46705
0 1 46709
0 1 46711
0 1 46712
0 1 46713
0 1 46714
0 1 46715
0 1 46717
0 1 46718
0 1 46719
0 1 46721
0 1 46722
0 1 46725
0 1 46728
0 1 46729
0 1 46732
0 1 46733
0 1 46734
0 1 46737
0 1 46740
0 1 46741
0 1 46743
0 1 46744
0 1 46745
0 1 46746
0 1 46755
0 1 46756
0 1 46757
0 1 46759
0 1 46760
0 1 46761
0 1 46764
0 1 46765
0 1 46768
0 1 46769
0 1 46770
0 1 46771
0 1 46773
0 1 46775
0 1 46778
0 1 46779
0 1 46780
0 1 46781
0 1 46782
0 1 46785
0 1 46786
0 1 46787
0 1 46788
0 1 46790
0 1 46791
0 1 46793
0 1 46794
0 1 46796
0 1 46797
0 1 46798
0 1 46800
0 1 46801
0 1 46803
0 1 46805
0 1 46807
0 1 46810
0 1 46812
0 1 46814
0 1 46815
0 1 46816
0 1 46817
0 1 46818
0 1 46819
0 1 46822
0 1 46829
0 1 46830
0 1 46836
0 1 46837
0 1 46838
0 1 46839
0 1 46841
0 1 46842
0 1 46843
0 1 46847
0 1 46848
0 1 46849
0 1 46851
0 1 46852
0 1 46854
0 1 46855
0 1 46860
0 1 46861
0 1 46862
0 1 46863
0 1 46864
0 1 46865
0 1 46867
0 1 46870
0 1 46871
0 1 46872
0 1 46875
0 1 46876
0 1 46877
0 1 46878
0 1 46879
0 1 46882
0 1 46883
0 1 46884
0 1 46888
0 1 46889
0 1 46890
0 1 46891
0 1 46893
0 1 46894
0 1 46896
0 1 46899
0 1 46900
0 1 46901
0 1 46902
0 1 46904
0 1 46905
0 1 46906
0 1 46908
0 1 46911
0 1 46914
0 1 46915
0 1 46916
0 1 46918
0 1 46919
0 1 46920
0 1 46922
0 1 46923
0 1 46925
0 1 46926
0 1 46927
0 1 46932
0 1 46933
0 1 46934
0 1 46937
0 1 46940
0 1 46941
0 1 46942
0 1 46947
0 1 46948
0 1 46949
0 1 46950
0 1 46951
0 1 46954
0 1 46957
0 1 46959
0 1 46961
0 1 46964
0 1 46966
0 1 46967
0 1 46970
0 1 46975
0 1 46976
0 1 46977
0 1 46978
0 1 46980
0 1 46981
0 1 46982
0 1 46984
0 1 46985
0 1 46987
0 1 46988
0 1 46992
0 1 46994
0 1 46995
0 1 46996
0 1 46998
0 1 47000
0 1 47001
0 1 47002
0 1 47009
0 1 47010
0 1 47011
0 1 47013
0 1 47015
0 1 47017
0 1 47018
0 1 47020
0 1 47021
0 1 47026
0 1 47027
0 1 47028
0 1 47029
0 1 47031
0 1 47032
0 1 47033
0 1 47034
0 1 47035
0 1 47036
0 1 47037
0 1 47038
0 1 47041
0 1 47042
0 1 47043
0 1 47047
0 1 47048
0 1 47049
0 1 47050
0 1 47054
0 1 47056
0 1 47058
0 1 47059
0 1 47061
0 1 47062
0 1 47063
0 1 47064
0 1 47066
0 1 47067
0 1 47068
0 1 47070
0 1 47071
0 1 47072
0 1 47073
0 1 47074
0 1 47075
0 1 47076
0 1 47078
0 1 47080
0 1 47083
0 1 47084
0 1 47085
0 1 47086
0 1 47087
0 1 47090
0 1 47091
0 1 47094
0 1 47096
0 1 47098
0 1 47099
0 1 47100
0 1 47101
0 1 47103
0 1 47104
0 1 47105
0 1 47106
0 1 47107
0 1 47108
0 1 47110
0 1 47111
0 1 47112
0 1 47115
0 1 47116
0 1 47121
0 1 47124
0 1 47125
0 1 47127
0 1 47128
0 1 47129
0 1 47130
0 1 47132
0 1 47133
0 1 47135
0 1 47137
0 1 47138
0 1 47139
0 1 47142
0 1 47146
0 1 47148
0 1 47149
0 1 47152
0 1 47157
0 1 47159
0 1 47161
0 1 47162
0 1 47163
0 1 47164
0 1 47170
0 1 47171
0 1 47172
0 1 47175
0 1 47179
0 1 47180
0 1 47182
0 1 47183
0 1 47184
0 1 47189
0 1 47190
0 1 47191
0 1 47194
0 1 47198
0 1 47200
0 1 47201
0 1 47204
0 1 47205
0 1 47208
0 1 47209
0 1 47210
0 1 47211
0 1 47212
0 1 47215
0 1 47216
0 1 47218
0 1 47219
0 1 47220
0 1 47222
0 1 47223
0 1 47225
0 1 47228
0 1 47229
0 1 47230
0 1 47231
0 1 47232
0 1 47234
0 1 47236
0 1 47237
0 1 47238
0 1 47239
0 1 47241
0 1 47242
0 1 47243
0 1 47246
0 1 47247
0 1 47248
0 1 47253
0 1 47254
0 1 47255
0 1 47256
0 1 47258
0 1 47260
0 1 47261
0 1 47262
0 1 47263
0 1 47265
0 1 47266
0 1 47267
0 1 47269
0 1 47271
0 1 47272
0 1 47273
0 1 47274
0 1 47283
0 1 47284
0 1 47285
0 1 47286
0 1 47289
0 1 47290
0 1 47291
0 1 47292
0 1 47293
0 1 47294
0 1 47295
0 1 47296
0 1 47297
0 1 47298
0 1 47299
0 1 47300
0 1 47303
0 1 47304
0 1 47305
0 1 47306
0 1 47307
0 1 47308
0 1 47309
0 1 47312
0 1 47314
0 1 47315
0 1 47316
0 1 47318
0 1 47320
0 1 47324
0 1 47325
0 1 47326
0 1 47327
0 1 47329
0 1 47331
0 1 47335
0 1 47338
0 1 47339
0 1 47341
0 1 47342
0 1 47343
0 1 47344
0 1 47345
0 1 47346
0 1 47348
0 1 47349
0 1 47350
0 1 47351
0 1 47353
0 1 47355
0 1 47356
0 1 47357
0 1 47358
0 1 47359
0 1 47361
0 1 47362
0 1 47363
0 1 47364
0 1 47366
0 1 47367
0 1 47369
0 1 47370
0 1 47374
0 1 47375
0 1 47377
0 1 47378
0 1 47379
0 1 47381
0 1 47382
0 1 47383
0 1 47384
0 1 47386
0 1 47388
0 1 47390
0 1 47392
0 1 47393
0 1 47394
0 1 47395
0 1 47400
0 1 47401
0 1 47402
0 1 47403
0 1 47405
0 1 47406
0 1 47407
0 1 47411
0 1 47415
0 1 47417
0 1 47418
0 1 47419
0 1 47420
0 1 47421
0 1 47423
0 1 47424
0 1 47426
0 1 47427
0 1 47428
0 1 47429
0 1 47430
0 1 47431
0 1 47433
0 1 47434
0 1 47435
0 1 47436
0 1 47437
0 1 47438
0 1 47439
0 1 47442
0 1 47443
0 1 47445
0 1 47447
0 1 47448
0 1 47449
0 1 47450
0 1 47451
0 1 47453
0 1 47454
0 1 47455
0 1 47456
0 1 47458
0 1 47461
0 1 47462
0 1 47463
0 1 47464
0 1 47465
0 1 47467
0 1 47468
0 1 47471
0 1 47472
0 1 47473
0 1 47474
0 1 47476
0 1 47479
0 1 47481
0 1 47482
0 1 47483
0 1 47484
0 1 47485
0 1 47486
0 1 47488
0 1 47489
0 1 47491
0 1 47495
0 1 47496
0 1 47497
0 1 47498
0 1 47501
0 1 47502
0 1 47504
0 1 47505
0 1 47506
0 1 47508
0 1 47510
0 1 47512
0 1 47514
0 1 47515
0 1 47516
0 1 47517
0 1 47518
0 1 47519
0 1 47520
0 1 47521
0 1 47522
0 1 47528
0 1 47529
0 1 47530
0 1 47532
0 1 47533
0 1 47534
0 1 47536
0 1 47537
0 1 47538
0 1 47540
0 1 47541
0 1 47542
0 1 47545
0 1 47546
0 1 47547
0 1 47548
0 1 47549
0 1 47550
0 1 47551
0 1 47554
0 1 47555
0 1 47557
0 1 47560
0 1 47563
0 1 47564
0 1 47565
0 1 47566
0 1 47567
0 1 47569
0 1 47570
0 1 47571
0 1 47573
0 1 47575
0 1 47576
0 1 47580
0 1 47582
0 1 47583
0 1 47586
0 1 47587
0 1 47588
0 1 47590
0 1 47591
0 1 47592
0 1 47593
0 1 47597
0 1 47601
0 1 47602
0 1 47604
0 1 47605
0 1 47606
0 1 47607
0 1 47612
0 1 47613
0 1 47616
0 1 47617
0 1 47619
0 1 47621
0 1 47622
0 1 47623
0 1 47625
0 1 47628
0 1 47629
0 1 47630
0 1 47632
0 1 47633
0 1 47634
0 1 47635
0 1 47637
0 1 47639
0 1 47640
0 1 47642
0 1 47645
0 1 47646
0 1 47647
0 1 47648
0 1 47649
0 1 47651
0 1 47652
0 1 47654
0 1 47655
0 1 47656
0 1 47657
0 1 47658
0 1 47659
0 1 47660
0 1 47662
0 1 47663
0 1 47664
0 1 47665
0 1 47666
0 1 47667
0 1 47668
0 1 47670
0 1 47671
0 1 47672
0 1 47674
0 1 47676
0 1 47677
0 1 47678
0 1 47679
0 1 47680
0 1 47682
0 1 47683
0 1 47685
0 1 47687
0 1 47688
0 1 47689
0 1 47690
0 1 47691
0 1 47692
0 1 47693
0 1 47695
0 1 47696
0 1 47698
0 1 47699
0 1 47700
0 1 47701
0 1 47703
0 1 47704
0 1 47708
0 1 47709
0 1 47710
0 1 47714
0 1 47715
0 1 47717
0 1 47718
0 1 47719
0 1 47720
0 1 47725
0 1 47726
0 1 47727
0 1 47728
0 1 47730
0 1 47731
0 1 47732
0 1 47733
0 1 47734
0 1 47735
0 1 47736
0 1 47738
0 1 47739
0 1 47740
0 1 47741
0 1 47742
0 1 47744
0 1 47745
0 1 47746
0 1 47747
0 1 47751
0 1 47753
0 1 47754
0 1 47756
0 1 47758
0 1 47760
0 1 47762
0 1 47763
0 1 47764
0 1 47767
0 1 47768
0 1 47769
0 1 47770
0 1 47771
0 1 47772
0 1 47773
0 1 47774
0 1 47776
0 1 47777
0 1 47778
0 1 47779
0 1 47782
0 1 47783
0 1 47785
0 1 47786
0 1 47787
0 1 47788
0 1 47789
0 1 47790
0 1 47791
0 1 47795
0 1 47796
0 1 47797
0 1 47798
0 1 47801
0 1 47802
0 1 47803
0 1 47804
0 1 47805
0 1 47806
0 1 47807
0 1 47808
0 1 47809
0 1 47811
0 1 47814
0 1 47815
0 1 47816
0 1 47818
0 1 47822
0 1 47823
0 1 47824
0 1 47825
0 1 47826
0 1 47827
0 1 47831
0 1 47832
0 1 47834
0 1 47835
0 1 47836
0 1 47837
0 1 47839
0 1 47840
0 1 47841
0 1 47842
0 1 47844
0 1 47845
0 1 47846
0 1 47847
0 1 47850
0 1 47852
0 1 47853
0 1 47854
0 1 47859
0 1 47860
0 1 47861
0 1 47862
0 1 47864
0 1 47865
0 1 47869
0 1 47874
0 1 47876
0 1 47878
0 1 47879
0 1 47881
0 1 47882
0 1 47883
0 1 47886
0 1 47887
0 1 47888
0 1 47891
0 1 47893
0 1 47895
0 1 47896
0 1 47897
0 1 47898
0 1 47901
0 1 47902
0 1 47904
0 1 47905
0 1 47907
0 1 47908
0 1 47909
0 1 47911
0 1 47912
0 1 47914
0 1 47915
0 1 47916
0 1 47917
0 1 47918
0 1 47919
0 1 47921
0 1 47922
0 1 47923
0 1 47924
0 1 47927
0 1 47929
0 1 47932
0 1 47935
0 1 47936
0 1 47937
0 1 47938
0 1 47940
0 1 47942
0 1 47943
0 1 47944
0 1 47945
0 1 47947
0 1 47948
0 1 47950
0 1 47951
0 1 47955
0 1 47958
0 1 47959
0 1 47963
0 1 47966
0 1 47967
0 1 47969
0 1 47970
0 1 47971
0 1 47972
0 1 47974
0 1 47975
0 1 47977
0 1 47980
0 1 47982
0 1 47983
0 1 47984
0 1 47987
0 1 47988
0 1 47989
0 1 47990
0 1 47991
0 1 47994
0 1 47995
0 1 47998
0 1 47999
0 1 48002
0 1 48003
0 1 48004
0 1 48007
0 1 48010
0 1 48011
0 1 48012
0 1 48013
0 1 48014
0 1 48015
0 1 48016
0 1 48018
0 1 48019
0 1 48020
0 1 48021
0 1 48022
0 1 48023
0 1 48024
0 1 48025
0 1 48028
0 1 48029
0 1 48030
0 1 48031
0 1 48033
0 1 48034
0 1 48037
0 1 48039
0 1 48040
0 1 48041
0 1 48042
0 1 48043
0 1 48044
0 1 48045
0 1 48046
0 1 48047
0 1 48049
0 1 48050
0 1 48051
0 1 48055
0 1 48057
0 1 48058
0 1 48060
0 1 48061
0 1 48064
0 1 48065
0 1 48066
0 1 48067
0 1 48068
0 1 48070
0 1 48072
0 1 48074
0 1 48075
0 1 48076
0 1 48077
0 1 48080
0 1 48085
0 1 48087
0 1 48090
0 1 48091
0 1 48093
0 1 48094
0 1 48095
0 1 48097
0 1 48099
0 1 48102
0 1 48103
0 1 48104
0 1 48107
0 1 48108
0 1 48109
0 1 48110
0 1 48111
0 1 48112
0 1 48115
0 1 48120
0 1 48121
0 1 48122
0 1 48123
0 1 48129
0 1 48131
0 1 48132
0 1 48134
0 1 48135
0 1 48136
0 1 48139
0 1 48140
0 1 48141
0 1 48143
0 1 48144
0 1 48145
0 1 48146
0 1 48147
0 1 48148
0 1 48149
0 1 48150
0 1 48151
0 1 48152
0 1 48153
0 1 48154
0 1 48155
0 1 48157
0 1 48158
0 1 48159
0 1 48161
0 1 48163
0 1 48165
0 1 48166
0 1 48168
0 1 48170
0 1 48171
0 1 48173
0 1 48174
0 1 48175
0 1 48178
0 1 48179
0 1 48181
0 1 48182
0 1 48183
0 1 48184
0 1 48185
0 1 48186
0 1 48187
0 1 48188
0 1 48190
0 1 48193
0 1 48195
0 1 48196
0 1 48197
0 1 48198
0 1 48199
0 1 48200
0 1 48202
0 1 48203
0 1 48204
0 1 48206
0 1 48210
0 1 48212
0 1 48214
0 1 48215
0 1 48219
0 1 48220
0 1 48222
0 1 48223
0 1 48224
0 1 48225
0 1 48226
0 1 48227
0 1 48230
0 1 48231
0 1 48232
0 1 48233
0 1 48234
0 1 48235
0 1 48236
0 1 48237
0 1 48239
0 1 48241
0 1 48242
0 1 48243
0 1 48244
0 1 48245
0 1 48248
0 1 48249
0 1 48250
0 1 48251
0 1 48254
0 1 48256
0 1 48257
0 1 48259
0 1 48261
0 1 48263
0 1 48265
0 1 48266
0 1 48269
0 1 48271
0 1 48273
0 1 48274
0 1 48275
0 1 48276
0 1 48277
0 1 48279
0 1 48283
0 1 48285
0 1 48287
0 1 48291
0 1 48292
0 1 48294
0 1 48295
0 1 48296
0 1 48297
0 1 48298
0 1 48299
0 1 48305
0 1 48307
0 1 48311
0 1 48312
0 1 48313
0 1 48314
0 1 48316
0 1 48318
0 1 48320
0 1 48321
0 1 48325
0 1 48326
0 1 48327
0 1 48332
0 1 48334
0 1 48335
0 1 48336
0 1 48337
0 1 48339
0 1 48340
0 1 48342
0 1 48344
0 1 48345
0 1 48348
0 1 48349
0 1 48351
0 1 48352
0 1 48353
0 1 48354
0 1 48355
0 1 48357
0 1 48358
0 1 48360
0 1 48362
0 1 48364
0 1 48365
0 1 48366
0 1 48367
0 1 48369
0 1 48370
0 1 48371
0 1 48375
0 1 48376
0 1 48378
0 1 48379
0 1 48380
0 1 48381
0 1 48382
0 1 48385
0 1 48388
0 1 48389
0 1 48391
0 1 48392
0 1 48393
0 1 48396
0 1 48397
0 1 48398
0 1 48401
0 1 48402
0 1 48403
0 1 48404
0 1 48405
0 1 48406
0 1 48408
0 1 48409
0 1 48411
0 1 48413
0 1 48414
0 1 48418
0 1 48419
0 1 48422
0 1 48424
0 1 48426
0 1 48427
0 1 48428
0 1 48429
0 1 48430
0 1 48431
0 1 48432
0 1 48433
0 1 48434
0 1 48435
0 1 48437
0 1 48438
0 1 48439
0 1 48442
0 1 48443
0 1 48444
0 1 48445
0 1 48446
0 1 48448
0 1 48449
0 1 48451
0 1 48452
0 1 48453
0 1 48455
0 1 48456
0 1 48457
0 1 48458
0 1 48459
0 1 48460
0 1 48462
0 1 48464
0 1 48467
0 1 48468
0 1 48471
0 1 48472
0 1 48473
0 1 48474
0 1 48476
0 1 48477
0 1 48480
0 1 48481
0 1 48482
0 1 48483
0 1 48486
0 1 48488
0 1 48490
0 1 48491
0 1 48492
0 1 48493
0 1 48495
0 1 48498
0 1 48500
0 1 48505
0 1 48506
0 1 48507
0 1 48509
0 1 48514
0 1 48516
0 1 48518
0 1 48519
0 1 48520
0 1 48522
0 1 48524
0 1 48525
0 1 48526
0 1 48528
0 1 48530
0 1 48533
0 1 48535
0 1 48536
0 1 48537
0 1 48540
0 1 48541
0 1 48543
0 1 48547
0 1 48548
0 1 48551
0 1 48552
0 1 48553
0 1 48556
0 1 48557
0 1 48559
0 1 48561
0 1 48562
0 1 48563
0 1 48565
0 1 48567
0 1 48568
0 1 48569
0 1 48570
0 1 48571
0 1 48572
0 1 48574
0 1 48575
0 1 48578
0 1 48580
0 1 48581
0 1 48584
0 1 48585
0 1 48586
0 1 48587
0 1 48588
0 1 48589
0 1 48591
0 1 48593
0 1 48594
0 1 48596
0 1 48597
0 1 48598
0 1 48601
0 1 48602
0 1 48603
0 1 48604
0 1 48606
0 1 48609
0 1 48610
0 1 48611
0 1 48613
0 1 48615
0 1 48616
0 1 48617
0 1 48618
0 1 48619
0 1 48620
0 1 48621
0 1 48626
0 1 48627
0 1 48631
0 1 48632
0 1 48633
0 1 48634
0 1 48635
0 1 48637
0 1 48639
0 1 48640
0 1 48641
0 1 48642
0 1 48644
0 1 48645
0 1 48646
0 1 48647
0 1 48649
0 1 48651
0 1 48652
0 1 48657
0 1 48658
0 1 48660
0 1 48661
0 1 48662
0 1 48663
0 1 48664
0 1 48666
0 1 48667
0 1 48670
0 1 48671
0 1 48673
0 1 48676
0 1 48678
0 1 48679
0 1 48680
0 1 48681
0 1 48684
0 1 48686
0 1 48690
0 1 48692
0 1 48695
0 1 48696
0 1 48698
0 1 48699
0 1 48700
0 1 48706
0 1 48707
0 1 48708
0 1 48710
0 1 48711
0 1 48712
0 1 48713
0 1 48714
0 1 48715
0 1 48716
0 1 48717
0 1 48720
0 1 48722
0 1 48723
0 1 48724
0 1 48727
0 1 48729
0 1 48730
0 1 48731
0 1 48734
0 1 48735
0 1 48737
0 1 48738
0 1 48739
0 1 48740
0 1 48742
0 1 48743
0 1 48744
0 1 48746
0 1 48747
0 1 48749
0 1 48750
0 1 48752
0 1 48759
0 1 48760
0 1 48761
0 1 48762
0 1 48764
0 1 48766
0 1 48768
0 1 48770
0 1 48771
0 1 48775
0 1 48776
0 1 48777
0 1 48778
0 1 48781
0 1 48783
0 1 48784
0 1 48785
0 1 48786
0 1 48788
0 1 48789
0 1 48790
0 1 48792
0 1 48795
0 1 48799
0 1 48800
0 1 48801
0 1 48802
0 1 48803
0 1 48804
0 1 48805
0 1 48806
0 1 48808
0 1 48809
0 1 48811
0 1 48813
0 1 48815
0 1 48816
0 1 48817
0 1 48818
0 1 48819
0 1 48822
0 1 48827
0 1 48828
0 1 48829
0 1 48832
0 1 48834
0 1 48835
0 1 48836
0 1 48837
0 1 48838
0 1 48840
0 1 48841
0 1 48844
0 1 48845
0 1 48846
0 1 48848
0 1 48849
0 1 48850
0 1 48851
0 1 48854
0 1 48855
0 1 48856
0 1 48858
0 1 48860
0 1 48865
0 1 48868
0 1 48871
0 1 48872
0 1 48873
0 1 48875
0 1 48876
0 1 48878
0 1 48879
0 1 48881
0 1 48882
0 1 48883
0 1 48884
0 1 48888
0 1 48889
0 1 48893
0 1 48894
0 1 48895
0 1 48896
0 1 48897
0 1 48899
0 1 48900
0 1 48901
0 1 48902
0 1 48904
0 1 48905
0 1 48906
0 1 48907
0 1 48908
0 1 48909
0 1 48910
0 1 48911
0 1 48913
0 1 48916
0 1 48917
0 1 48918
0 1 48921
0 1 48923
0 1 48924
0 1 48927
0 1 48928
0 1 48929
0 1 48930
0 1 48931
0 1 48932
0 1 48933
0 1 48934
0 1 48935
0 1 48936
0 1 48938
0 1 48941
0 1 48942
0 1 48943
0 1 48944
0 1 48945
0 1 48947
0 1 48948
0 1 48954
0 1 48955
0 1 48959
0 1 48960
0 1 48961
0 1 48962
0 1 48963
0 1 48964
0 1 48967
0 1 48968
0 1 48970
0 1 48972
0 1 48973
0 1 48974
0 1 48976
0 1 48977
0 1 48982
0 1 48983
0 1 48984
0 1 48985
0 1 48986
0 1 48987
0 1 48988
0 1 48989
0 1 48990
0 1 48991
0 1 48994
0 1 48995
0 1 48996
0 1 49002
0 1 49008
0 1 49014
0 1 49016
0 1 49017
0 1 49018
0 1 49020
0 1 49024
0 1 49025
0 1 49026
0 1 49028
0 1 49030
0 1 49036
0 1 49037
0 1 49038
0 1 49040
0 1 49043
0 1 49045
0 1 49046
0 1 49048
0 1 49051
0 1 49053
0 1 49054
0 1 49055
0 1 49056
0 1 49057
0 1 49059
0 1 49060
0 1 49061
0 1 49062
0 1 49064
0 1 49065
0 1 49066
0 1 49067
0 1 49068
0 1 49069
0 1 49070
0 1 49071
0 1 49072
0 1 49074
0 1 49075
0 1 49076
0 1 49079
0 1 49081
0 1 49082
0 1 49084
0 1 49085
0 1 49086
0 1 49088
0 1 49089
0 1 49092
0 1 49093
0 1 49096
0 1 49097
0 1 49100
0 1 49101
0 1 49102
0 1 49104
0 1 49105
0 1 49107
0 1 49108
0 1 49109
0 1 49110
0 1 49112
0 1 49113
0 1 49116
0 1 49117
0 1 49118
0 1 49119
0 1 49120
0 1 49122
0 1 49123
0 1 49125
0 1 49127
0 1 49128
0 1 49129
0 1 49131
0 1 49132
0 1 49133
0 1 49134
0 1 49136
0 1 49137
0 1 49139
0 1 49141
0 1 49143
0 1 49144
0 1 49145
0 1 49146
0 1 49147
0 1 49148
0 1 49150
0 1 49151
0 1 49152
0 1 49153
0 1 49154
0 1 49155
0 1 49156
0 1 49158
0 1 49159
0 1 49160
0 1 49162
0 1 49163
0 1 49164
0 1 49166
0 1 49169
0 1 49172
0 1 49173
0 1 49176
0 1 49178
0 1 49180
0 1 49181
0 1 49182
0 1 49184
0 1 49185
0 1 49187
0 1 49190
0 1 49191
0 1 49193
0 1 49194
0 1 49195
0 1 49197
0 1 49200
0 1 49203
0 1 49204
0 1 49207
0 1 49209
0 1 49210
0 1 49211
0 1 49212
0 1 49213
0 1 49214
0 1 49216
0 1 49218
0 1 49219
0 1 49220
0 1 49221
0 1 49222
0 1 49224
0 1 49225
0 1 49227
0 1 49229
0 1 49230
0 1 49231
0 1 49232
0 1 49233
0 1 49234
0 1 49235
0 1 49236
0 1 49239
0 1 49240
0 1 49241
0 1 49244
0 1 49245
0 1 49247
0 1 49250
0 1 49251
0 1 49253
0 1 49255
0 1 49256
0 1 49257
0 1 49261
0 1 49262
0 1 49263
0 1 49264
0 1 49267
0 1 49268
0 1 49271
0 1 49272
0 1 49273
0 1 49274
0 1 49276
0 1 49278
0 1 49281
0 1 49283
0 1 49287
0 1 49288
0 1 49290
0 1 49291
0 1 49293
0 1 49294
0 1 49296
0 1 49297
0 1 49299
0 1 49300
0 1 49303
0 1 49306
0 1 49307
0 1 49308
0 1 49309
0 1 49310
0 1 49313
0 1 49314
0 1 49316
0 1 49317
0 1 49319
0 1 49320
0 1 49321
0 1 49322
0 1 49323
0 1 49325
0 1 49326
0 1 49327
0 1 49328
0 1 49329
0 1 49331
0 1 49332
0 1 49333
0 1 49335
0 1 49337
0 1 49338
0 1 49340
0 1 49341
0 1 49343
0 1 49345
0 1 49346
0 1 49347
0 1 49348
0 1 49349
0 1 49350
0 1 49352
0 1 49354
0 1 49355
0 1 49356
0 1 49357
0 1 49358
0 1 49364
0 1 49365
0 1 49366
0 1 49368
0 1 49369
0 1 49371
0 1 49374
0 1 49378
0 1 49379
0 1 49380
0 1 49381
0 1 49383
0 1 49385
0 1 49386
0 1 49387
0 1 49392
0 1 49393
0 1 49395
0 1 49397
0 1 49398
0 1 49399
0 1 49401
0 1 49402
0 1 49403
0 1 49404
0 1 49406
0 1 49407
0 1 49408
0 1 49410
0 1 49411
0 1 49414
0 1 49418
0 1 49419
0 1 49422
0 1 49424
0 1 49426
0 1 49427
0 1 49429
0 1 49431
0 1 49432
0 1 49434
0 1 49437
0 1 49439
0 1 49440
0 1 49441
0 1 49444
0 1 49445
0 1 49449
0 1 49451
0 1 49452
0 1 49453
0 1 49454
0 1 49457
0 1 49459
0 1 49461
0 1 49462
0 1 49463
0 1 49466
0 1 49467
0 1 49468
0 1 49469
0 1 49472
0 1 49474
0 1 49477
0 1 49478
0 1 49479
0 1 49480
0 1 49481
0 1 49482
0 1 49484
0 1 49488
0 1 49489
0 1 49490
0 1 49491
0 1 49493
0 1 49494
0 1 49495
0 1 49497
0 1 49500
0 1 49502
0 1 49503
0 1 49505
0 1 49507
0 1 49508
0 1 49510
0 1 49513
0 1 49514
0 1 49515
0 1 49517
0 1 49518
0 1 49519
0 1 49520
0 1 49523
0 1 49524
0 1 49525
0 1 49526
0 1 49527
0 1 49528
0 1 49529
0 1 49530
0 1 49531
0 1 49532
0 1 49533
0 1 49534
0 1 49535
0 1 49536
0 1 49537
0 1 49538
0 1 49539
0 1 49540
0 1 49542
0 1 49546
0 1 49547
0 1 49548
0 1 49552
0 1 49554
0 1 49555
0 1 49556
0 1 49558
0 1 49559
0 1 49560
0 1 49561
0 1 49562
0 1 49566
0 1 49569
0 1 49570
0 1 49571
0 1 49572
0 1 49573
0 1 49576
0 1 49577
0 1 49580
0 1 49582
0 1 49584
0 1 49585
0 1 49587
0 1 49589
0 1 49593
0 1 49594
0 1 49595
0 1 49596
0 1 49597
0 1 49598
0 1 49601
0 1 49602
0 1 49604
0 1 49605
0 1 49606
0 1 49607
0 1 49608
0 1 49609
0 1 49611
0 1 49612
0 1 49616
0 1 49617
0 1 49619
0 1 49623
0 1 49626
0 1 49628
0 1 49629
0 1 49631
0 1 49632
0 1 49635
0 1 49636
0 1 49639
0 1 49641
0 1 49642
0 1 49643
0 1 49646
0 1 49649
0 1 49652
0 1 49653
0 1 49656
0 1 49657
0 1 49659
0 1 49661
0 1 49662
0 1 49665
0 1 49666
0 1 49669
0 1 49670
0 1 49671
0 1 49673
0 1 49674
0 1 49675
0 1 49676
0 1 49677
0 1 49680
0 1 49681
0 1 49682
0 1 49683
0 1 49684
0 1 49685
0 1 49686
0 1 49687
0 1 49688
0 1 49690
0 1 49692
0 1 49693
0 1 49695
0 1 49696
0 1 49698
0 1 49700
0 1 49701
0 1 49707
0 1 49708
0 1 49711
0 1 49712
0 1 49713
0 1 49716
0 1 49717
0 1 49718
0 1 49719
0 1 49720
0 1 49721
0 1 49722
0 1 49723
0 1 49724
0 1 49725
0 1 49727
0 1 49728
0 1 49731
0 1 49733
0 1 49734
0 1 49735
0 1 49741
0 1 49742
0 1 49743
0 1 49744
0 1 49745
0 1 49746
0 1 49747
0 1 49749
0 1 49750
0 1 49753
0 1 49754
0 1 49756
0 1 49757
0 1 49758
0 1 49759
0 1 49760
0 1 49762
0 1 49763
0 1 49764
0 1 49765
0 1 49769
0 1 49770
0 1 49772
0 1 49774
0 1 49778
0 1 49779
0 1 49781
0 1 49783
0 1 49785
0 1 49787
0 1 49789
0 1 49791
0 1 49792
0 1 49793
0 1 49794
0 1 49796
0 1 49798
0 1 49799
0 1 49801
0 1 49802
0 1 49804
0 1 49806
0 1 49807
0 1 49808
0 1 49811
0 1 49814
0 1 49816
0 1 49817
0 1 49818
0 1 49823
0 1 49825
0 1 49826
0 1 49827
0 1 49834
0 1 49835
0 1 49836
0 1 49838
0 1 49839
0 1 49840
0 1 49841
0 1 49843
0 1 49844
0 1 49845
0 1 49850
0 1 49853
0 1 49855
0 1 49857
0 1 49858
0 1 49859
0 1 49860
0 1 49861
0 1 49863
0 1 49865
0 1 49866
0 1 49872
0 1 49873
0 1 49874
0 1 49877
0 1 49879
0 1 49880
0 1 49884
0 1 49885
0 1 49886
0 1 49888
0 1 49889
0 1 49890
0 1 49892
0 1 49893
0 1 49895
0 1 49899
0 1 49900
0 1 49903
0 1 49904
0 1 49908
0 1 49909
0 1 49911
0 1 49914
0 1 49915
0 1 49916
0 1 49917
0 1 49918
0 1 49919
0 1 49920
0 1 49924
0 1 49925
0 1 49927
0 1 49928
0 1 49929
0 1 49933
0 1 49934
0 1 49935
0 1 49940
0 1 49941
0 1 49943
0 1 49947
0 1 49948
0 1 49949
0 1 49950
0 1 49952
0 1 49953
0 1 49954
0 1 49958
0 1 49960
0 1 49962
0 1 49966
0 1 49967
0 1 49969
0 1 49970
0 1 49971
0 1 49972
0 1 49974
0 1 49975
0 1 49977
0 1 49978
0 1 49979
0 1 49980
0 1 49983
0 1 49984
0 1 49985
0 1 49986
0 1 49987
0 1 49988
0 1 49989
0 1 49990
0 1 49991
0 1 49995
0 1 49998
0 1 50003
0 1 50004
0 1 50005
0 1 50008
0 1 50011
0 1 50012
0 1 50014
0 1 50015
0 1 50016
0 1 50017
0 1 50019
0 1 50021
0 1 50024
0 1 50025
0 1 50029
0 1 50030
0 1 50032
0 1 50033
0 1 50034
0 1 50035
0 1 50037
0 1 50039
0 1 50041
0 1 50043
0 1 50044
0 1 50046
0 1 50048
0 1 50049
0 1 50050
0 1 50051
0 1 50053
0 1 50054
0 1 50055
0 1 50056
0 1 50057
0 1 50058
0 1 50059
0 1 50060
0 1 50062
0 1 50063
0 1 50065
0 1 50067
0 1 50068
0 1 50069
0 1 50070
0 1 50071
0 1 50073
0 1 50074
0 1 50075
0 1 50076
0 1 50077
0 1 50078
0 1 50080
0 1 50081
0 1 50083
0 1 50085
0 1 50088
0 1 50089
0 1 50091
0 1 50092
0 1 50093
0 1 50095
0 1 50096
0 1 50098
0 1 50101
0 1 50102
0 1 50103
0 1 50104
0 1 50105
0 1 50108
0 1 50109
0 1 50110
0 1 50111
0 1 50112
0 1 50115
0 1 50118
0 1 50119
0 1 50121
0 1 50122
0 1 50123
0 1 50124
0 1 50126
0 1 50128
0 1 50129
0 1 50130
0 1 50131
0 1 50133
0 1 50134
0 1 50135
0 1 50136
0 1 50139
0 1 50140
0 1 50141
0 1 50146
0 1 50148
0 1 50150
0 1 50152
0 1 50154
0 1 50155
0 1 50156
0 1 50159
0 1 50161
0 1 50162
0 1 50164
0 1 50166
0 1 50167
0 1 50168
0 1 50169
0 1 50170
0 1 50171
0 1 50174
0 1 50176
0 1 50177
0 1 50178
0 1 50179
0 1 50182
0 1 50183
0 1 50184
0 1 50185
0 1 50186
0 1 50187
0 1 50188
0 1 50191
0 1 50192
0 1 50195
0 1 50197
0 1 50198
0 1 50201
0 1 50202
0 1 50203
0 1 50205
0 1 50206
0 1 50207
0 1 50208
0 1 50209
0 1 50211
0 1 50212
0 1 50214
0 1 50215
0 1 50217
0 1 50219
0 1 50220
0 1 50221
0 1 50224
0 1 50225
0 1 50226
0 1 50227
0 1 50228
0 1 50230
0 1 50231
0 1 50233
0 1 50235
0 1 50236
0 1 50238
0 1 50239
0 1 50240
0 1 50241
0 1 50244
0 1 50246
0 1 50247
0 1 50249
0 1 50250
0 1 50251
0 1 50252
0 1 50253
0 1 50254
0 1 50256
0 1 50258
0 1 50259
0 1 50262
0 1 50268
0 1 50269
0 1 50270
0 1 50271
0 1 50274
0 1 50278
0 1 50280
0 1 50281
0 1 50284
0 1 50286
0 1 50287
0 1 50289
0 1 50290
0 1 50291
0 1 50292
0 1 50297
0 1 50299
0 1 50300
0 1 50301
0 1 50302
0 1 50303
0 1 50307
0 1 50308
0 1 50309
0 1 50311
0 1 50313
0 1 50315
0 1 50316
0 1 50317
0 1 50318
0 1 50319
0 1 50322
0 1 50323
0 1 50324
0 1 50325
0 1 50327
0 1 50328
0 1 50329
0 1 50330
0 1 50331
0 1 50333
0 1 50335
0 1 50338
0 1 50339
0 1 50340
0 1 50341
0 1 50344
0 1 50345
0 1 50346
0 1 50347
0 1 50351
0 1 50353
0 1 50354
0 1 50355
0 1 50356
0 1 50357
0 1 50359
0 1 50360
0 1 50362
0 1 50364
0 1 50368
0 1 50370
0 1 50371
0 1 50372
0 1 50375
0 1 50376
0 1 50377
0 1 50378
0 1 50380
0 1 50381
0 1 50382
0 1 50384
0 1 50387
0 1 50388
0 1 50389
0 1 50391
0 1 50393
0 1 50394
0 1 50396
0 1 50400
0 1 50404
0 1 50405
0 1 50406
0 1 50407
0 1 50408
0 1 50410
0 1 50413
0 1 50414
0 1 50416
0 1 50418
0 1 50420
0 1 50421
0 1 50422
0 1 50424
0 1 50425
0 1 50428
0 1 50429
0 1 50431
0 1 50433
0 1 50434
0 1 50437
0 1 50439
0 1 50440
0 1 50442
0 1 50443
0 1 50448
0 1 50449
0 1 50451
0 1 50454
0 1 50455
0 1 50462
0 1 50464
0 1 50466
0 1 50467
0 1 50470
0 1 50472
0 1 50473
0 1 50474
0 1 50476
0 1 50477
0 1 50478
0 1 50479
0 1 50480
0 1 50481
0 1 50482
0 1 50485
0 1 50486
0 1 50487
0 1 50488
0 1 50491
0 1 50492
0 1 50496
0 1 50498
0 1 50502
0 1 50504
0 1 50505
0 1 50507
0 1 50508
0 1 50509
0 1 50510
0 1 50511
0 1 50512
0 1 50513
0 1 50514
0 1 50515
0 1 50516
0 1 50517
0 1 50518
0 1 50519
0 1 50520
0 1 50521
0 1 50523
0 1 50525
0 1 50526
0 1 50528
0 1 50529
0 1 50530
0 1 50531
0 1 50532
0 1 50534
0 1 50535
0 1 50537
0 1 50538
0 1 50539
0 1 50540
0 1 50542
0 1 50544
0 1 50545
0 1 50550
0 1 50551
0 1 50552
0 1 50553
0 1 50554
0 1 50555
0 1 50556
0 1 50558
0 1 50560
0 1 50565
0 1 50566
0 1 50567
0 1 50568
0 1 50569
0 1 50571
0 1 50572
0 1 50574
0 1 50575
0 1 50576
0 1 50577
0 1 50579
0 1 50580
0 1 50581
0 1 50582
0 1 50583
0 1 50584
0 1 50585
0 1 50586
0 1 50588
0 1 50590
0 1 50593
0 1 50597
0 1 50599
0 1 50600
0 1 50601
0 1 50602
0 1 50603
0 1 50606
0 1 50607
0 1 50608
0 1 50610
0 1 50613
0 1 50614
0 1 50616
0 1 50617
0 1 50619
0 1 50622
0 1 50623
0 1 50624
0 1 50627
0 1 50629
0 1 50630
0 1 50632
0 1 50633
0 1 50636
0 1 50637
0 1 50638
0 1 50640
0 1 50644
0 1 50645
0 1 50647
0 1 50650
0 1 50652
0 1 50653
0 1 50655
0 1 50658
0 1 50660
0 1 50661
0 1 50662
0 1 50664
0 1 50666
0 1 50667
0 1 50668
0 1 50669
0 1 50670
0 1 50671
0 1 50672
0 1 50673
0 1 50674
0 1 50676
0 1 50678
0 1 50679
0 1 50680
0 1 50683
0 1 50684
0 1 50686
0 1 50688
0 1 50689
0 1 50690
0 1 50692
0 1 50693
0 1 50694
0 1 50696
0 1 50697
0 1 50698
0 1 50699
0 1 50700
0 1 50701
0 1 50702
0 1 50704
0 1 50708
0 1 50709
0 1 50710
0 1 50711
0 1 50712
0 1 50713
0 1 50715
0 1 50716
0 1 50717
0 1 50718
0 1 50719
0 1 50720
0 1 50721
0 1 50722
0 1 50723
0 1 50724
0 1 50725
0 1 50726
0 1 50727
0 1 50729
0 1 50731
0 1 50732
0 1 50734
0 1 50735
0 1 50736
0 1 50737
0 1 50738
0 1 50739
0 1 50741
0 1 50742
0 1 50744
0 1 50745
0 1 50746
0 1 50750
0 1 50754
0 1 50755
0 1 50756
0 1 50758
0 1 50760
0 1 50761
0 1 50764
0 1 50766
0 1 50769
0 1 50770
0 1 50771
0 1 50772
0 1 50774
0 1 50775
0 1 50776
0 1 50777
0 1 50779
0 1 50780
0 1 50781
0 1 50784
0 1 50786
0 1 50789
0 1 50791
0 1 50792
0 1 50795
0 1 50797
0 1 50798
0 1 50799
0 1 50802
0 1 50803
0 1 50804
0 1 50805
0 1 50806
0 1 50807
0 1 50808
0 1 50809
0 1 50810
0 1 50811
0 1 50812
0 1 50814
0 1 50819
0 1 50820
0 1 50821
0 1 50822
0 1 50823
0 1 50826
0 1 50827
0 1 50829
0 1 50830
0 1 50831
0 1 50832
0 1 50833
0 1 50834
0 1 50835
0 1 50836
0 1 50837
0 1 50838
0 1 50839
0 1 50841
0 1 50842
0 1 50845
0 1 50846
0 1 50847
0 1 50849
0 1 50850
0 1 50851
0 1 50855
0 1 50859
0 1 50861
0 1 50862
0 1 50864
0 1 50865
0 1 50866
0 1 50867
0 1 50868
0 1 50869
0 1 50872
0 1 50875
0 1 50876
0 1 50877
0 1 50881
0 1 50885
0 1 50887
0 1 50888
0 1 50890
0 1 50891
0 1 50892
0 1 50895
0 1 50897
0 1 50901
0 1 50902
0 1 50903
0 1 50906
0 1 50908
0 1 50912
0 1 50914
0 1 50915
0 1 50916
0 1 50918
0 1 50920
0 1 50922
0 1 50923
0 1 50929
0 1 50931
0 1 50932
0 1 50933
0 1 50934
0 1 50935
0 1 50936
0 1 50937
0 1 50939
0 1 50941
0 1 50943
0 1 50944
0 1 50945
0 1 50946
0 1 50948
0 1 50949
0 1 50950
0 1 50955
0 1 50958
0 1 50961
0 1 50963
0 1 50967
0 1 50968
0 1 50972
0 1 50973
0 1 50977
0 1 50978
0 1 50980
0 1 50981
0 1 50984
0 1 50985
0 1 50986
0 1 50987
0 1 50988
0 1 50989
0 1 50990
0 1 50993
0 1 50994
0 1 50995
0 1 50996
0 1 50997
0 1 50998
0 1 50999
0 1 51000
0 1 51001
0 1 51003
0 1 51004
0 1 51005
0 1 51008
0 1 51009
0 1 51014
0 1 51015
0 1 51016
0 1 51019
0 1 51023
0 1 51025
0 1 51026
0 1 51027
0 1 51028
0 1 51029
0 1 51030
0 1 51032
0 1 51034
0 1 51040
0 1 51042
0 1 51043
0 1 51044
0 1 51047
0 1 51048
0 1 51050
0 1 51052
0 1 51057
0 1 51058
0 1 51059
0 1 51061
0 1 51062
0 1 51063
0 1 51066
0 1 51067
0 1 51068
0 1 51069
0 1 51070
0 1 51072
0 1 51073
0 1 51074
0 1 51075
0 1 51077
0 1 51079
0 1 51081
0 1 51082
0 1 51084
0 1 51085
0 1 51087
0 1 51092
0 1 51093
0 1 51094
0 1 51095
0 1 51096
0 1 51098
0 1 51099
0 1 51101
0 1 51102
0 1 51103
0 1 51104
0 1 51105
0 1 51106
0 1 51107
0 1 51108
0 1 51109
0 1 51110
0 1 51112
0 1 51113
0 1 51114
0 1 51115
0 1 51117
0 1 51118
0 1 51119
0 1 51121
0 1 51122
0 1 51123
0 1 51124
0 1 51125
0 1 51126
0 1 51127
0 1 51131
0 1 51133
0 1 51134
0 1 51137
0 1 51139
0 1 51140
0 1 51141
0 1 51143
0 1 51144
0 1 51146
0 1 51148
0 1 51149
0 1 51150
0 1 51152
0 1 51153
0 1 51154
0 1 51155
0 1 51156
0 1 51157
0 1 51159
0 1 51160
0 1 51161
0 1 51162
0 1 51163
0 1 51164
0 1 51165
0 1 51166
0 1 51167
0 1 51168
0 1 51169
0 1 51171
0 1 51172
0 1 51173
0 1 51174
0 1 51178
0 1 51179
0 1 51180
0 1 51181
0 1 51182
0 1 51184
0 1 51185
0 1 51186
0 1 51187
0 1 51188
0 1 51189
0 1 51190
0 1 51191
0 1 51195
0 1 51196
0 1 51197
0 1 51199
0 1 51200
0 1 51202
0 1 51204
0 1 51205
0 1 51208
0 1 51209
0 1 51210
0 1 51213
0 1 51214
0 1 51216
0 1 51220
0 1 51222
0 1 51227
0 1 51228
0 1 51231
0 1 51232
0 1 51234
0 1 51237
0 1 51238
0 1 51240
0 1 51241
0 1 51242
0 1 51243
0 1 51244
0 1 51246
0 1 51249
0 1 51251
0 1 51253
0 1 51254
0 1 51255
0 1 51256
0 1 51258
0 1 51259
0 1 51262
0 1 51263
0 1 51264
0 1 51265
0 1 51266
0 1 51267
0 1 51269
0 1 51270
0 1 51271
0 1 51273
0 1 51274
0 1 51275
0 1 51276
0 1 51278
0 1 51280
0 1 51281
0 1 51283
0 1 51284
0 1 51285
0 1 51286
0 1 51290
0 1 51291
0 1 51292
0 1 51295
0 1 51296
0 1 51297
0 1 51299
0 1 51300
0 1 51301
0 1 51302
0 1 51303
0 1 51304
0 1 51306
0 1 51307
0 1 51308
0 1 51311
0 1 51312
0 1 51316
0 1 51317
0 1 51319
0 1 51322
0 1 51323
0 1 51324
0 1 51325
0 1 51326
0 1 51327
0 1 51328
0 1 51329
0 1 51331
0 1 51333
0 1 51335
0 1 51341
0 1 51342
0 1 51345
0 1 51347
0 1 51348
0 1 51350
0 1 51351
0 1 51353
0 1 51354
0 1 51355
0 1 51356
0 1 51357
0 1 51358
0 1 51359
0 1 51360
0 1 51361
0 1 51364
0 1 51365
0 1 51366
0 1 51367
0 1 51368
0 1 51369
0 1 51372
0 1 51373
0 1 51374
0 1 51375
0 1 51379
0 1 51382
0 1 51383
0 1 51384
0 1 51386
0 1 51387
0 1 51388
0 1 51389
0 1 51390
0 1 51391
0 1 51392
0 1 51395
0 1 51397
0 1 51400
0 1 51402
0 1 51405
0 1 51407
0 1 51408
0 1 51411
0 1 51413
0 1 51414
0 1 51415
0 1 51416
0 1 51418
0 1 51420
0 1 51421
0 1 51426
0 1 51427
0 1 51430
0 1 51432
0 1 51433
0 1 51434
0 1 51435
0 1 51438
0 1 51439
0 1 51441
0 1 51442
0 1 51444
0 1 51448
0 1 51449
0 1 51450
0 1 51451
0 1 51452
0 1 51453
0 1 51454
0 1 51456
0 1 51459
0 1 51460
0 1 51461
0 1 51462
0 1 51465
0 1 51466
0 1 51468
0 1 51469
0 1 51470
0 1 51471
0 1 51472
0 1 51473
0 1 51474
0 1 51475
0 1 51477
0 1 51479
0 1 51480
0 1 51485
0 1 51488
0 1 51489
0 1 51490
0 1 51491
0 1 51492
0 1 51495
0 1 51496
0 1 51498
0 1 51500
0 1 51502
0 1 51504
0 1 51505
0 1 51506
0 1 51508
0 1 51511
0 1 51512
0 1 51515
0 1 51516
0 1 51517
0 1 51518
0 1 51519
0 1 51524
0 1 51527
0 1 51530
0 1 51531
0 1 51533
0 1 51535
0 1 51537
0 1 51538
0 1 51540
0 1 51541
0 1 51543
0 1 51544
0 1 51545
0 1 51549
0 1 51550
0 1 51551
0 1 51555
0 1 51556
0 1 51558
0 1 51560
0 1 51562
0 1 51563
0 1 51564
0 1 51567
0 1 51568
0 1 51570
0 1 51571
0 1 51572
0 1 51575
0 1 51577
0 1 51578
0 1 51579
0 1 51582
0 1 51583
0 1 51587
0 1 51588
0 1 51590
0 1 51591
0 1 51593
0 1 51594
0 1 51595
0 1 51597
0 1 51598
0 1 51600
0 1 51601
0 1 51602
0 1 51603
0 1 51604
0 1 51605
0 1 51606
0 1 51609
0 1 51610
0 1 51611
0 1 51612
0 1 51613
0 1 51614
0 1 51615
0 1 51617
0 1 51618
0 1 51619
0 1 51620
0 1 51621
0 1 51626
0 1 51629
0 1 51631
0 1 51632
0 1 51633
0 1 51635
0 1 51636
0 1 51637
0 1 51638
0 1 51639
0 1 51640
0 1 51641
0 1 51642
0 1 51643
0 1 51645
0 1 51646
0 1 51647
0 1 51651
0 1 51652
0 1 51653
0 1 51656
0 1 51657
0 1 51658
0 1 51659
0 1 51660
0 1 51662
0 1 51663
0 1 51664
0 1 51665
0 1 51668
0 1 51669
0 1 51670
0 1 51671
0 1 51672
0 1 51673
0 1 51675
0 1 51676
0 1 51677
0 1 51680
0 1 51688
0 1 51689
0 1 51690
0 1 51691
0 1 51692
0 1 51693
0 1 51694
0 1 51697
0 1 51702
0 1 51703
0 1 51704
0 1 51706
0 1 51710
0 1 51713
0 1 51714
0 1 51715
0 1 51716
0 1 51717
0 1 51719
0 1 51721
0 1 51722
0 1 51723
0 1 51724
0 1 51726
0 1 51727
0 1 51728
0 1 51729
0 1 51731
0 1 51732
0 1 51733
0 1 51734
0 1 51737
0 1 51739
0 1 51740
0 1 51741
0 1 51742
0 1 51743
0 1 51745
0 1 51749
0 1 51750
0 1 51752
0 1 51754
0 1 51755
0 1 51756
0 1 51757
0 1 51758
0 1 51759
0 1 51761
0 1 51762
0 1 51764
0 1 51767
0 1 51769
0 1 51770
0 1 51771
0 1 51772
0 1 51773
0 1 51774
0 1 51775
0 1 51777
0 1 51778
0 1 51779
0 1 51781
0 1 51782
0 1 51784
0 1 51787
0 1 51790
0 1 51793
0 1 51794
0 1 51795
0 1 51796
0 1 51799
0 1 51800
0 1 51802
0 1 51805
0 1 51806
0 1 51807
0 1 51809
0 1 51811
0 1 51812
0 1 51815
0 1 51817
0 1 51819
0 1 51821
0 1 51822
0 1 51823
0 1 51825
0 1 51827
0 1 51828
0 1 51829
0 1 51830
0 1 51831
0 1 51833
0 1 51835
0 1 51836
0 1 51837
0 1 51838
0 1 51839
0 1 51842
0 1 51844
0 1 51845
0 1 51846
0 1 51848
0 1 51849
0 1 51850
0 1 51851
0 1 51852
0 1 51853
0 1 51854
0 1 51857
0 1 51858
0 1 51861
0 1 51862
0 1 51865
0 1 51866
0 1 51867
0 1 51868
0 1 51869
0 1 51870
0 1 51871
0 1 51872
0 1 51874
0 1 51875
0 1 51876
0 1 51878
0 1 51879
0 1 51880
0 1 51883
0 1 51885
0 1 51886
0 1 51887
0 1 51888
0 1 51890
0 1 51891
0 1 51892
0 1 51893
0 1 51894
0 1 51898
0 1 51900
0 1 51902
0 1 51903
0 1 51905
0 1 51908
0 1 51909
0 1 51911
0 1 51912
0 1 51913
0 1 51915
0 1 51916
0 1 51917
0 1 51918
0 1 51919
0 1 51920
0 1 51923
0 1 51924
0 1 51925
0 1 51926
0 1 51929
0 1 51930
0 1 51932
0 1 51934
0 1 51936
0 1 51937
0 1 51941
0 1 51943
0 1 51944
0 1 51945
0 1 51946
0 1 51948
0 1 51950
0 1 51951
0 1 51953
0 1 51955
0 1 51956
0 1 51957
0 1 51958
0 1 51960
0 1 51962
0 1 51963
0 1 51965
0 1 51966
0 1 51967
0 1 51971
0 1 51972
0 1 51973
0 1 51974
0 1 51975
0 1 51976
0 1 51977
0 1 51979
0 1 51980
0 1 51982
0 1 51983
0 1 51984
0 1 51985
0 1 51986
0 1 51987
0 1 51989
0 1 51991
0 1 51993
0 1 51994
0 1 51995
0 1 52001
0 1 52002
0 1 52003
0 1 52004
0 1 52007
0 1 52008
0 1 52009
0 1 52010
0 1 52011
0 1 52012
0 1 52013
0 1 52017
0 1 52018
0 1 52019
0 1 52020
0 1 52022
0 1 52023
0 1 52024
0 1 52026
0 1 52027
0 1 52029
0 1 52031
0 1 52032
0 1 52033
0 1 52035
0 1 52036
0 1 52038
0 1 52040
0 1 52041
0 1 52043
0 1 52045
0 1 52047
0 1 52048
0 1 52051
0 1 52053
0 1 52054
0 1 52055
0 1 52056
0 1 52058
0 1 52060
0 1 52063
0 1 52065
0 1 52066
0 1 52067
0 1 52071
0 1 52072
0 1 52073
0 1 52077
0 1 52078
0 1 52080
0 1 52084
0 1 52085
0 1 52088
0 1 52089
0 1 52090
0 1 52091
0 1 52094
0 1 52095
0 1 52096
0 1 52097
0 1 52098
0 1 52099
0 1 52100
0 1 52103
0 1 52106
0 1 52110
0 1 52111
0 1 52112
0 1 52113
0 1 52114
0 1 52115
0 1 52116
0 1 52117
0 1 52123
0 1 52124
0 1 52126
0 1 52127
0 1 52130
0 1 52131
0 1 52133
0 1 52134
0 1 52135
0 1 52137
0 1 52139
0 1 52140
0 1 52141
0 1 52142
0 1 52143
0 1 52145
0 1 52147
0 1 52148
0 1 52151
0 1 52153
0 1 52154
0 1 52156
0 1 52158
0 1 52159
0 1 52160
0 1 52165
0 1 52166
0 1 52167
0 1 52169
0 1 52170
0 1 52171
0 1 52172
0 1 52173
0 1 52175
0 1 52176
0 1 52177
0 1 52178
0 1 52179
0 1 52180
0 1 52183
0 1 52185
0 1 52186
0 1 52187
0 1 52189
0 1 52190
0 1 52191
0 1 52192
0 1 52193
0 1 52197
0 1 52198
0 1 52200
0 1 52201
0 1 52203
0 1 52205
0 1 52207
0 1 52209
0 1 52212
0 1 52214
0 1 52215
0 1 52216
0 1 52217
0 1 52219
0 1 52222
0 1 52223
0 1 52224
0 1 52225
0 1 52226
0 1 52227
0 1 52229
0 1 52231
0 1 52232
0 1 52233
0 1 52234
0 1 52236
0 1 52238
0 1 52239
0 1 52241
0 1 52242
0 1 52243
0 1 52244
0 1 52248
0 1 52250
0 1 52253
0 1 52254
0 1 52257
0 1 52258
0 1 52260
0 1 52261
0 1 52265
0 1 52266
0 1 52267
0 1 52268
0 1 52269
0 1 52272
0 1 52274
0 1 52275
0 1 52277
0 1 52278
0 1 52280
0 1 52281
0 1 52282
0 1 52284
0 1 52285
0 1 52286
0 1 52287
0 1 52288
0 1 52290
0 1 52291
0 1 52292
0 1 52293
0 1 52294
0 1 52295
0 1 52296
0 1 52297
0 1 52299
0 1 52301
0 1 52302
0 1 52303
0 1 52307
0 1 52310
0 1 52311
0 1 52315
0 1 52316
0 1 52319
0 1 52321
0 1 52323
0 1 52325
0 1 52326
0 1 52327
0 1 52328
0 1 52331
0 1 52333
0 1 52334
0 1 52337
0 1 52338
0 1 52341
0 1 52342
0 1 52343
0 1 52344
0 1 52345
0 1 52346
0 1 52348
0 1 52349
0 1 52351
0 1 52352
0 1 52353
0 1 52359
0 1 52360
0 1 52361
0 1 52362
0 1 52364
0 1 52365
0 1 52368
0 1 52369
0 1 52370
0 1 52371
0 1 52372
0 1 52374
0 1 52378
0 1 52379
0 1 52380
0 1 52382
0 1 52383
0 1 52384
0 1 52387
0 1 52390
0 1 52391
0 1 52392
0 1 52393
0 1 52395
0 1 52396
0 1 52399
0 1 52400
0 1 52401
0 1 52402
0 1 52404
0 1 52405
0 1 52406
0 1 52407
0 1 52408
0 1 52409
0 1 52410
0 1 52413
0 1 52414
0 1 52416
0 1 52418
0 1 52420
0 1 52421
0 1 52422
0 1 52423
0 1 52425
0 1 52430
0 1 52431
0 1 52432
0 1 52433
0 1 52434
0 1 52435
0 1 52436
0 1 52438
0 1 52439
0 1 52440
0 1 52441
0 1 52442
0 1 52443
0 1 52444
0 1 52448
0 1 52449
0 1 52450
0 1 52454
0 1 52455
0 1 52456
0 1 52457
0 1 52459
0 1 52461
0 1 52462
0 1 52463
0 1 52465
0 1 52466
0 1 52469
0 1 52471
0 1 52472
0 1 52474
0 1 52475
0 1 52479
0 1 52480
0 1 52481
0 1 52482
0 1 52485
0 1 52486
0 1 52487
0 1 52488
0 1 52489
0 1 52492
0 1 52493
0 1 52495
0 1 52496
0 1 52498
0 1 52500
0 1 52502
0 1 52503
0 1 52506
0 1 52510
0 1 52511
0 1 52512
0 1 52513
0 1 52517
0 1 52518
0 1 52519
0 1 52521
0 1 52523
0 1 52525
0 1 52527
0 1 52528
0 1 52529
0 1 52530
0 1 52531
0 1 52532
0 1 52533
0 1 52535
0 1 52536
0 1 52538
0 1 52539
0 1 52540
0 1 52541
0 1 52542
0 1 52543
0 1 52544
0 1 52546
0 1 52547
0 1 52551
0 1 52552
0 1 52553
0 1 52555
0 1 52556
0 1 52557
0 1 52559
0 1 52561
0 1 52564
0 1 52565
0 1 52567
0 1 52569
0 1 52570
0 1 52571
0 1 52572
0 1 52575
0 1 52578
0 1 52579
0 1 52581
0 1 52582
0 1 52584
0 1 52586
0 1 52588
0 1 52589
0 1 52593
0 1 52594
0 1 52595
0 1 52597
0 1 52598
0 1 52599
0 1 52602
0 1 52605
0 1 52606
0 1 52607
0 1 52608
0 1 52609
0 1 52610
0 1 52611
0 1 52615
0 1 52616
0 1 52617
0 1 52618
0 1 52619
0 1 52620
0 1 52621
0 1 52622
0 1 52623
0 1 52624
0 1 52625
0 1 52629
0 1 52631
0 1 52632
0 1 52633
0 1 52634
0 1 52635
0 1 52639
0 1 52640
0 1 52643
0 1 52646
0 1 52649
0 1 52651
0 1 52653
0 1 52654
0 1 52657
0 1 52658
0 1 52659
0 1 52660
0 1 52662
0 1 52664
0 1 52666
0 1 52670
0 1 52671
0 1 52672
0 1 52673
0 1 52675
0 1 52677
0 1 52678
0 1 52679
0 1 52680
0 1 52681
0 1 52682
0 1 52683
0 1 52684
0 1 52685
0 1 52686
0 1 52687
0 1 52689
0 1 52690
0 1 52691
0 1 52692
0 1 52694
0 1 52697
0 1 52698
0 1 52700
0 1 52701
0 1 52702
0 1 52704
0 1 52705
0 1 52707
0 1 52708
0 1 52709
0 1 52710
0 1 52714
0 1 52716
0 1 52717
0 1 52720
0 1 52721
0 1 52722
0 1 52723
0 1 52724
0 1 52725
0 1 52726
0 1 52727
0 1 52728
0 1 52729
0 1 52730
0 1 52731
0 1 52732
0 1 52733
0 1 52734
0 1 52735
0 1 52736
0 1 52738
0 1 52739
0 1 52744
0 1 52745
0 1 52746
0 1 52747
0 1 52748
0 1 52749
0 1 52750
0 1 52752
0 1 52754
0 1 52755
0 1 52756
0 1 52758
0 1 52759
0 1 52763
0 1 52765
0 1 52766
0 1 52767
0 1 52768
0 1 52772
0 1 52776
0 1 52777
0 1 52778
0 1 52779
0 1 52781
0 1 52782
0 1 52786
0 1 52787
0 1 52788
0 1 52789
0 1 52790
0 1 52791
0 1 52792
0 1 52793
0 1 52794
0 1 52795
0 1 52796
0 1 52799
0 1 52801
0 1 52803
0 1 52804
0 1 52807
0 1 52810
0 1 52812
0 1 52815
0 1 52818
0 1 52820
0 1 52821
0 1 52822
0 1 52823
0 1 52824
0 1 52825
0 1 52826
0 1 52827
0 1 52829
0 1 52834
0 1 52835
0 1 52840
0 1 52843
0 1 52844
0 1 52848
0 1 52849
0 1 52850
0 1 52851
0 1 52854
0 1 52856
0 1 52857
0 1 52858
0 1 52859
0 1 52864
0 1 52865
0 1 52866
0 1 52867
0 1 52869
0 1 52870
0 1 52873
0 1 52875
0 1 52877
0 1 52879
0 1 52880
0 1 52882
0 1 52883
0 1 52884
0 1 52886
0 1 52888
0 1 52889
0 1 52890
0 1 52891
0 1 52893
0 1 52894
0 1 52895
0 1 52896
0 1 52898
0 1 52901
0 1 52902
0 1 52903
0 1 52904
0 1 52905
0 1 52907
0 1 52908
0 1 52909
0 1 52910
0 1 52914
0 1 52915
0 1 52917
0 1 52919
0 1 52920
0 1 52921
0 1 52922
0 1 52923
0 1 52925
0 1 52926
0 1 52928
0 1 52931
0 1 52932
0 1 52933
0 1 52934
0 1 52937
0 1 52938
0 1 52939
0 1 52940
0 1 52941
0 1 52944
0 1 52945
0 1 52949
0 1 52951
0 1 52952
0 1 52953
0 1 52954
0 1 52955
0 1 52957
0 1 52958
0 1 52962
0 1 52964
0 1 52965
0 1 52968
0 1 52969
0 1 52970
0 1 52971
0 1 52972
0 1 52973
0 1 52975
0 1 52977
0 1 52978
0 1 52979
0 1 52980
0 1 52981
0 1 52982
0 1 52985
0 1 52987
0 1 52988
0 1 52989
0 1 52990
0 1 52994
0 1 52995
0 1 52997
0 1 52998
0 1 52999
0 1 53000
0 1 53001
0 1 53003
0 1 53004
0 1 53005
0 1 53006
0 1 53007
0 1 53008
0 1 53009
0 1 53010
0 1 53011
0 1 53012
0 1 53013
0 1 53014
0 1 53015
0 1 53017
0 1 53019
0 1 53020
0 1 53025
0 1 53026
0 1 53028
0 1 53029
0 1 53031
0 1 53032
0 1 53033
0 1 53035
0 1 53039
0 1 53040
0 1 53041
0 1 53043
0 1 53045
0 1 53048
0 1 53050
0 1 53052
0 1 53056
0 1 53060
0 1 53062
0 1 53065
0 1 53070
0 1 53071
0 1 53073
0 1 53075
0 1 53076
0 1 53078
0 1 53079
0 1 53080
0 1 53081
0 1 53082
0 1 53084
0 1 53085
0 1 53087
0 1 53088
0 1 53089
0 1 53090
0 1 53091
0 1 53092
0 1 53093
0 1 53094
0 1 53095
0 1 53097
0 1 53098
0 1 53099
0 1 53100
0 1 53101
0 1 53102
0 1 53103
0 1 53105
0 1 53106
0 1 53107
0 1 53108
0 1 53110
0 1 53111
0 1 53113
0 1 53116
0 1 53118
0 1 53119
0 1 53120
0 1 53121
0 1 53122
0 1 53123
0 1 53124
0 1 53125
0 1 53127
0 1 53130
0 1 53131
0 1 53132
0 1 53134
0 1 53136
0 1 53139
0 1 53140
0 1 53141
0 1 53142
0 1 53145
0 1 53146
0 1 53147
0 1 53148
0 1 53149
0 1 53151
0 1 53152
0 1 53155
0 1 53158
0 1 53159
0 1 53160
0 1 53161
0 1 53162
0 1 53164
0 1 53166
0 1 53168
0 1 53170
0 1 53171
0 1 53172
0 1 53176
0 1 53177
0 1 53179
0 1 53180
0 1 53181
0 1 53182
0 1 53186
0 1 53187
0 1 53190
0 1 53191
0 1 53192
0 1 53193
0 1 53194
0 1 53195
0 1 53196
0 1 53197
0 1 53198
0 1 53200
0 1 53202
0 1 53204
0 1 53205
0 1 53206
0 1 53208
0 1 53210
0 1 53211
0 1 53213
0 1 53215
0 1 53216
0 1 53217
0 1 53219
0 1 53222
0 1 53223
0 1 53225
0 1 53228
0 1 53230
0 1 53232
0 1 53233
0 1 53234
0 1 53235
0 1 53236
0 1 53237
0 1 53239
0 1 53241
0 1 53242
0 1 53243
0 1 53244
0 1 53245
0 1 53246
0 1 53247
0 1 53248
0 1 53249
0 1 53253
0 1 53254
0 1 53256
0 1 53258
0 1 53259
0 1 53261
0 1 53263
0 1 53266
0 1 53267
0 1 53268
0 1 53270
0 1 53271
0 1 53272
0 1 53273
0 1 53274
0 1 53275
0 1 53276
0 1 53277
0 1 53279
0 1 53280
0 1 53282
0 1 53283
0 1 53285
0 1 53286
0 1 53287
0 1 53288
0 1 53289
0 1 53290
0 1 53296
0 1 53298
0 1 53299
0 1 53300
0 1 53302
0 1 53304
0 1 53306
0 1 53309
0 1 53310
0 1 53311
0 1 53312
0 1 53316
0 1 53317
0 1 53318
0 1 53319
0 1 53320
0 1 53322
0 1 53323
0 1 53325
0 1 53327
0 1 53328
0 1 53329
0 1 53330
0 1 53332
0 1 53335
0 1 53336
0 1 53337
0 1 53338
0 1 53340
0 1 53341
0 1 53342
0 1 53344
0 1 53345
0 1 53346
0 1 53348
0 1 53350
0 1 53351
0 1 53352
0 1 53353
0 1 53355
0 1 53358
0 1 53359
0 1 53360
0 1 53361
0 1 53363
0 1 53365
0 1 53366
0 1 53368
0 1 53369
0 1 53370
0 1 53373
0 1 53374
0 1 53376
0 1 53378
0 1 53379
0 1 53380
0 1 53382
0 1 53383
0 1 53385
0 1 53386
0 1 53387
0 1 53390
0 1 53393
0 1 53396
0 1 53397
0 1 53398
0 1 53401
0 1 53403
0 1 53405
0 1 53406
0 1 53407
0 1 53408
0 1 53409
0 1 53410
0 1 53411
0 1 53414
0 1 53416
0 1 53417
0 1 53418
0 1 53419
0 1 53420
0 1 53422
0 1 53423
0 1 53424
0 1 53425
0 1 53426
0 1 53427
0 1 53430
0 1 53435
0 1 53438
0 1 53439
0 1 53441
0 1 53444
0 1 53446
0 1 53447
0 1 53449
0 1 53450
0 1 53452
0 1 53453
0 1 53456
0 1 53461
0 1 53463
0 1 53464
0 1 53465
0 1 53466
0 1 53469
0 1 53470
0 1 53472
0 1 53473
0 1 53474
0 1 53476
0 1 53477
0 1 53478
0 1 53480
0 1 53481
0 1 53482
0 1 53484
0 1 53486
0 1 53487
0 1 53488
0 1 53489
0 1 53492
0 1 53493
0 1 53494
0 1 53495
0 1 53497
0 1 53498
0 1 53500
0 1 53503
0 1 53505
0 1 53506
0 1 53507
0 1 53508
0 1 53509
0 1 53510
0 1 53512
0 1 53515
0 1 53517
0 1 53518
0 1 53519
0 1 53521
0 1 53522
0 1 53523
0 1 53524
0 1 53527
0 1 53528
0 1 53531
0 1 53533
0 1 53534
0 1 53535
0 1 53536
0 1 53538
0 1 53540
0 1 53541
0 1 53542
0 1 53544
0 1 53545
0 1 53546
0 1 53548
0 1 53550
0 1 53552
0 1 53553
0 1 53555
0 1 53556
0 1 53558
0 1 53559
0 1 53560
0 1 53561
0 1 53563
0 1 53565
0 1 53566
0 1 53567
0 1 53571
0 1 53572
0 1 53573
0 1 53577
0 1 53580
0 1 53581
0 1 53582
0 1 53584
0 1 53585
0 1 53587
0 1 53588
0 1 53589
0 1 53590
0 1 53592
0 1 53593
0 1 53594
0 1 53595
0 1 53596
0 1 53598
0 1 53599
0 1 53600
0 1 53603
0 1 53604
0 1 53605
0 1 53607
0 1 53608
0 1 53609
0 1 53610
0 1 53611
0 1 53613
0 1 53617
0 1 53620
0 1 53621
0 1 53622
0 1 53623
0 1 53626
0 1 53630
0 1 53632
0 1 53633
0 1 53634
0 1 53637
0 1 53638
0 1 53641
0 1 53642
0 1 53644
0 1 53645
0 1 53646
0 1 53649
0 1 53650
0 1 53652
0 1 53657
0 1 53658
0 1 53661
0 1 53662
0 1 53663
0 1 53666
0 1 53668
0 1 53669
0 1 53671
0 1 53672
0 1 53673
0 1 53676
0 1 53678
0 1 53679
0 1 53681
0 1 53682
0 1 53686
0 1 53691
0 1 53692
0 1 53694
0 1 53695
0 1 53696
0 1 53697
0 1 53698
0 1 53700
0 1 53701
0 1 53702
0 1 53703
0 1 53704
0 1 53706
0 1 53708
0 1 53709
0 1 53710
0 1 53712
0 1 53714
0 1 53715
0 1 53717
0 1 53718
0 1 53719
0 1 53720
0 1 53721
0 1 53722
0 1 53723
0 1 53724
0 1 53726
0 1 53729
0 1 53730
0 1 53734
0 1 53735
0 1 53737
0 1 53738
0 1 53742
0 1 53743
0 1 53744
0 1 53745
0 1 53746
0 1 53747
0 1 53748
0 1 53750
0 1 53752
0 1 53756
0 1 53757
0 1 53758
0 1 53759
0 1 53760
0 1 53761
0 1 53762
0 1 53765
0 1 53766
0 1 53767
0 1 53768
0 1 53770
0 1 53772
0 1 53778
0 1 53779
0 1 53780
0 1 53783
0 1 53784
0 1 53786
0 1 53787
0 1 53789
0 1 53790
0 1 53791
0 1 53792
0 1 53793
0 1 53795
0 1 53797
0 1 53798
0 1 53799
0 1 53802
0 1 53803
0 1 53806
0 1 53807
0 1 53808
0 1 53809
0 1 53810
0 1 53812
0 1 53815
0 1 53817
0 1 53820
0 1 53821
0 1 53825
0 1 53826
0 1 53830
0 1 53831
0 1 53832
0 1 53833
0 1 53834
0 1 53837
0 1 53838
0 1 53839
0 1 53841
0 1 53842
0 1 53843
0 1 53844
0 1 53845
0 1 53846
0 1 53847
0 1 53848
0 1 53849
0 1 53851
0 1 53852
0 1 53853
0 1 53857
0 1 53861
0 1 53863
0 1 53864
0 1 53866
0 1 53869
0 1 53872
0 1 53879
0 1 53880
0 1 53882
0 1 53885
0 1 53887
0 1 53889
0 1 53891
0 1 53892
0 1 53894
0 1 53900
0 1 53901
0 1 53903
0 1 53904
0 1 53906
0 1 53907
0 1 53911
0 1 53912
0 1 53914
0 1 53916
0 1 53917
0 1 53918
0 1 53919
0 1 53920
0 1 53921
0 1 53923
0 1 53928
0 1 53933
0 1 53934
0 1 53936
0 1 53937
0 1 53938
0 1 53939
0 1 53942
0 1 53943
0 1 53944
0 1 53946
0 1 53947
0 1 53949
0 1 53952
0 1 53953
0 1 53954
0 1 53955
0 1 53956
0 1 53957
0 1 53958
0 1 53963
0 1 53964
0 1 53965
0 1 53967
0 1 53968
0 1 53971
0 1 53972
0 1 53980
0 1 53984
0 1 53986
0 1 53990
0 1 53991
0 1 53995
0 1 53996
0 1 53998
0 1 54000
0 1 54001
0 1 54003
0 1 54005
0 1 54006
0 1 54007
0 1 54008
0 1 54009
0 1 54010
0 1 54011
0 1 54013
0 1 54014
0 1 54016
0 1 54017
0 1 54019
0 1 54020
0 1 54021
0 1 54024
0 1 54025
0 1 54026
0 1 54028
0 1 54029
0 1 54030
0 1 54031
0 1 54034
0 1 54035
0 1 54036
0 1 54037
0 1 54039
0 1 54040
0 1 54041
0 1 54045
0 1 54046
0 1 54048
0 1 54049
0 1 54051
0 1 54052
0 1 54053
0 1 54059
0 1 54060
0 1 54061
0 1 54062
0 1 54063
0 1 54064
0 1 54065
0 1 54066
0 1 54067
0 1 54068
0 1 54070
0 1 54071
0 1 54075
0 1 54078
0 1 54082
0 1 54083
0 1 54084
0 1 54085
0 1 54086
0 1 54087
0 1 54092
0 1 54093
0 1 54095
0 1 54096
0 1 54098
0 1 54099
0 1 54100
0 1 54101
0 1 54102
0 1 54103
0 1 54105
0 1 54106
0 1 54107
0 1 54110
0 1 54112
0 1 54115
0 1 54116
0 1 54117
0 1 54118
0 1 54119
0 1 54122
0 1 54123
0 1 54124
0 1 54125
0 1 54126
0 1 54128
0 1 54129
0 1 54130
0 1 54131
0 1 54134
0 1 54135
0 1 54136
0 1 54141
0 1 54142
0 1 54144
0 1 54145
0 1 54146
0 1 54148
0 1 54149
0 1 54150
0 1 54151
0 1 54152
0 1 54153
0 1 54154
0 1 54156
0 1 54157
0 1 54158
0 1 54159
0 1 54160
0 1 54161
0 1 54164
0 1 54166
0 1 54167
0 1 54168
0 1 54169
0 1 54170
0 1 54171
0 1 54172
0 1 54174
0 1 54175
0 1 54177
0 1 54182
0 1 54185
0 1 54186
0 1 54187
0 1 54188
0 1 54189
0 1 54191
0 1 54192
0 1 54195
0 1 54196
0 1 54198
0 1 54199
0 1 54201
0 1 54204
0 1 54205
0 1 54208
0 1 54212
0 1 54213
0 1 54214
0 1 54216
0 1 54217
0 1 54220
0 1 54221
0 1 54225
0 1 54226
0 1 54227
0 1 54229
0 1 54231
0 1 54233
0 1 54234
0 1 54235
0 1 54236
0 1 54237
0 1 54238
0 1 54241
0 1 54242
0 1 54243
0 1 54246
0 1 54248
0 1 54249
0 1 54254
0 1 54255
0 1 54256
0 1 54257
0 1 54258
0 1 54261
0 1 54262
0 1 54263
0 1 54264
0 1 54265
0 1 54266
0 1 54268
0 1 54269
0 1 54272
0 1 54275
0 1 54276
0 1 54278
0 1 54281
0 1 54283
0 1 54285
0 1 54286
0 1 54288
0 1 54289
0 1 54290
0 1 54292
0 1 54293
0 1 54295
0 1 54296
0 1 54300
0 1 54302
0 1 54303
0 1 54304
0 1 54306
0 1 54308
0 1 54310
0 1 54312
0 1 54316
0 1 54318
0 1 54319
0 1 54320
0 1 54321
0 1 54322
0 1 54324
0 1 54325
0 1 54326
0 1 54327
0 1 54328
0 1 54329
0 1 54332
0 1 54334
0 1 54335
0 1 54337
0 1 54339
0 1 54340
0 1 54344
0 1 54347
0 1 54350
0 1 54351
0 1 54352
0 1 54353
0 1 54354
0 1 54357
0 1 54358
0 1 54359
0 1 54360
0 1 54361
0 1 54362
0 1 54363
0 1 54364
0 1 54366
0 1 54368
0 1 54369
0 1 54372
0 1 54377
0 1 54380
0 1 54381
0 1 54382
0 1 54383
0 1 54384
0 1 54385
0 1 54386
0 1 54387
0 1 54388
0 1 54389
0 1 54393
0 1 54396
0 1 54397
0 1 54398
0 1 54399
0 1 54400
0 1 54401
0 1 54403
0 1 54406
0 1 54407
0 1 54408
0 1 54409
0 1 54411
0 1 54412
0 1 54413
0 1 54415
0 1 54416
0 1 54419
0 1 54421
0 1 54424
0 1 54428
0 1 54429
0 1 54434
0 1 54439
0 1 54440
0 1 54441
0 1 54442
0 1 54445
0 1 54446
0 1 54448
0 1 54450
0 1 54451
0 1 54452
0 1 54453
0 1 54454
0 1 54455
0 1 54456
0 1 54457
0 1 54458
0 1 54460
0 1 54461
0 1 54462
0 1 54463
0 1 54465
0 1 54467
0 1 54469
0 1 54470
0 1 54473
0 1 54474
0 1 54475
0 1 54476
0 1 54477
0 1 54480
0 1 54481
0 1 54482
0 1 54483
0 1 54485
0 1 54488
0 1 54489
0 1 54490
0 1 54491
0 1 54492
0 1 54493
0 1 54495
0 1 54497
0 1 54498
0 1 54500
0 1 54502
0 1 54503
0 1 54504
0 1 54505
0 1 54506
0 1 54508
0 1 54510
0 1 54511
0 1 54515
0 1 54516
0 1 54518
0 1 54519
0 1 54520
0 1 54522
0 1 54524
0 1 54525
0 1 54526
0 1 54527
0 1 54528
0 1 54530
0 1 54532
0 1 54535
0 1 54537
0 1 54538
0 1 54540
0 1 54541
0 1 54544
0 1 54545
0 1 54546
0 1 54547
0 1 54548
0 1 54549
0 1 54550
0 1 54551
0 1 54553
0 1 54554
0 1 54556
0 1 54557
0 1 54558
0 1 54560
0 1 54563
0 1 54564
0 1 54570
0 1 54572
0 1 54573
0 1 54575
0 1 54578
0 1 54580
0 1 54581
0 1 54582
0 1 54585
0 1 54588
0 1 54589
0 1 54591
0 1 54593
0 1 54596
0 1 54598
0 1 54600
0 1 54602
0 1 54609
0 1 54613
0 1 54614
0 1 54615
0 1 54617
0 1 54618
0 1 54619
0 1 54620
0 1 54622
0 1 54624
0 1 54626
0 1 54627
0 1 54628
0 1 54629
0 1 54630
0 1 54632
0 1 54633
0 1 54635
0 1 54637
0 1 54640
0 1 54641
0 1 54642
0 1 54643
0 1 54645
0 1 54647
0 1 54649
0 1 54650
0 1 54651
0 1 54655
0 1 54656
0 1 54657
0 1 54658
0 1 54659
0 1 54660
0 1 54661
0 1 54662
0 1 54663
0 1 54664
0 1 54665
0 1 54666
0 1 54667
0 1 54669
0 1 54670
0 1 54674
0 1 54677
0 1 54680
0 1 54681
0 1 54682
0 1 54687
0 1 54689
0 1 54690
0 1 54692
0 1 54696
0 1 54697
0 1 54699
0 1 54700
0 1 54702
0 1 54705
0 1 54707
0 1 54708
0 1 54711
0 1 54712
0 1 54713
0 1 54714
0 1 54715
0 1 54716
0 1 54717
0 1 54718
0 1 54720
0 1 54722
0 1 54723
0 1 54725
0 1 54728
0 1 54730
0 1 54731
0 1 54733
0 1 54734
0 1 54735
0 1 54736
0 1 54737
0 1 54741
0 1 54742
0 1 54745
0 1 54746
0 1 54747
0 1 54748
0 1 54750
0 1 54752
0 1 54754
0 1 54757
0 1 54758
0 1 54759
0 1 54760
0 1 54762
0 1 54765
0 1 54768
0 1 54769
0 1 54771
0 1 54773
0 1 54774
0 1 54776
0 1 54777
0 1 54778
0 1 54780
0 1 54783
0 1 54784
0 1 54785
0 1 54787
0 1 54789
0 1 54790
0 1 54791
0 1 54793
0 1 54794
0 1 54795
0 1 54796
0 1 54797
0 1 54799
0 1 54800
0 1 54801
0 1 54804
0 1 54805
0 1 54807
0 1 54808
0 1 54810
0 1 54811
0 1 54812
0 1 54813
0 1 54816
0 1 54818
0 1 54819
0 1 54822
0 1 54823
0 1 54824
0 1 54828
0 1 54832
0 1 54834
0 1 54837
0 1 54839
0 1 54841
0 1 54844
0 1 54847
0 1 54848
0 1 54849
0 1 54851
0 1 54852
0 1 54854
0 1 54855
0 1 54856
0 1 54857
0 1 54859
0 1 54861
0 1 54862
0 1 54863
0 1 54867
0 1 54868
0 1 54870
0 1 54873
0 1 54875
0 1 54876
0 1 54877
0 1 54878
0 1 54879
0 1 54880
0 1 54887
0 1 54889
0 1 54890
0 1 54891
0 1 54892
0 1 54896
0 1 54897
0 1 54898
0 1 54905
0 1 54906
0 1 54907
0 1 54908
0 1 54911
0 1 54913
0 1 54914
0 1 54915
0 1 54916
0 1 54920
0 1 54921
0 1 54923
0 1 54924
0 1 54925
0 1 54926
0 1 54929
0 1 54930
0 1 54931
0 1 54932
0 1 54933
0 1 54935
0 1 54939
0 1 54941
0 1 54944
0 1 54945
0 1 54946
0 1 54947
0 1 54948
0 1 54950
0 1 54951
0 1 54952
0 1 54953
0 1 54955
0 1 54956
0 1 54958
0 1 54959
0 1 54960
0 1 54963
0 1 54966
0 1 54967
0 1 54969
0 1 54971
0 1 54972
0 1 54977
0 1 54978
0 1 54980
0 1 54981
0 1 54984
0 1 54985
0 1 54991
0 1 54992
0 1 54993
0 1 54998
0 1 55002
0 1 55003
0 1 55008
0 1 55009
0 1 55010
0 1 55011
0 1 55012
0 1 55018
0 1 55019
0 1 55020
0 1 55021
0 1 55023
0 1 55024
0 1 55026
0 1 55027
0 1 55028
0 1 55029
0 1 55030
0 1 55032
0 1 55033
0 1 55034
0 1 55038
0 1 55039
0 1 55040
0 1 55042
0 1 55043
0 1 55045
0 1 55051
0 1 55052
0 1 55055
0 1 55056
0 1 55057
0 1 55058
0 1 55059
0 1 55061
0 1 55062
0 1 55063
0 1 55064
0 1 55067
0 1 55068
0 1 55070
0 1 55071
0 1 55072
0 1 55073
0 1 55076
0 1 55077
0 1 55079
0 1 55081
0 1 55082
0 1 55084
0 1 55085
0 1 55090
0 1 55091
0 1 55092
0 1 55093
0 1 55094
0 1 55096
0 1 55097
0 1 55098
0 1 55099
0 1 55100
0 1 55101
0 1 55102
0 1 55103
0 1 55105
0 1 55106
0 1 55107
0 1 55108
0 1 55109
0 1 55111
0 1 55113
0 1 55117
0 1 55118
0 1 55121
0 1 55123
0 1 55125
0 1 55126
0 1 55127
0 1 55128
0 1 55129
0 1 55130
0 1 55131
0 1 55132
0 1 55133
0 1 55134
0 1 55135
0 1 55136
0 1 55137
0 1 55140
0 1 55141
0 1 55144
0 1 55145
0 1 55150
0 1 55151
0 1 55153
0 1 55154
0 1 55156
0 1 55157
0 1 55162
0 1 55164
0 1 55166
0 1 55167
0 1 55168
0 1 55169
0 1 55170
0 1 55171
0 1 55173
0 1 55174
0 1 55175
0 1 55177
0 1 55178
0 1 55179
0 1 55180
0 1 55182
0 1 55183
0 1 55184
0 1 55185
0 1 55188
0 1 55189
0 1 55191
0 1 55195
0 1 55196
0 1 55197
0 1 55198
0 1 55199
0 1 55200
0 1 55202
0 1 55203
0 1 55204
0 1 55205
0 1 55208
0 1 55209
0 1 55210
0 1 55211
0 1 55212
0 1 55213
0 1 55214
0 1 55216
0 1 55218
0 1 55222
0 1 55224
0 1 55225
0 1 55228
0 1 55230
0 1 55231
0 1 55232
0 1 55233
0 1 55234
0 1 55235
0 1 55237
0 1 55238
0 1 55239
0 1 55240
0 1 55243
0 1 55246
0 1 55247
0 1 55248
0 1 55251
0 1 55252
0 1 55253
0 1 55254
0 1 55255
0 1 55256
0 1 55257
0 1 55259
0 1 55260
0 1 55262
0 1 55264
0 1 55265
0 1 55266
0 1 55268
0 1 55270
0 1 55271
0 1 55272
0 1 55280
0 1 55281
0 1 55283
0 1 55286
0 1 55287
0 1 55288
0 1 55290
0 1 55291
0 1 55292
0 1 55293
0 1 55294
0 1 55296
0 1 55299
0 1 55300
0 1 55303
0 1 55305
0 1 55306
0 1 55308
0 1 55311
0 1 55312
0 1 55313
0 1 55316
0 1 55317
0 1 55321
0 1 55322
0 1 55323
0 1 55326
0 1 55327
0 1 55329
0 1 55330
0 1 55331
0 1 55333
0 1 55334
0 1 55337
0 1 55338
0 1 55339
0 1 55340
0 1 55341
0 1 55343
0 1 55344
0 1 55348
0 1 55349
0 1 55353
0 1 55355
0 1 55357
0 1 55364
0 1 55366
0 1 55367
0 1 55368
0 1 55369
0 1 55371
0 1 55372
0 1 55373
0 1 55374
0 1 55375
0 1 55376
0 1 55378
0 1 55382
0 1 55383
0 1 55384
0 1 55385
0 1 55386
0 1 55389
0 1 55393
0 1 55395
0 1 55397
0 1 55399
0 1 55401
0 1 55403
0 1 55404
0 1 55406
0 1 55408
0 1 55409
0 1 55410
0 1 55411
0 1 55412
0 1 55413
0 1 55414
0 1 55415
0 1 55416
0 1 55417
0 1 55418
0 1 55419
0 1 55420
0 1 55422
0 1 55423
0 1 55424
0 1 55426
0 1 55428
0 1 55429
0 1 55430
0 1 55433
0 1 55436
0 1 55438
0 1 55442
0 1 55443
0 1 55444
0 1 55447
0 1 55449
0 1 55450
0 1 55452
0 1 55454
0 1 55458
0 1 55459
0 1 55460
0 1 55462
0 1 55463
0 1 55464
0 1 55465
0 1 55466
0 1 55467
0 1 55469
0 1 55472
0 1 55473
0 1 55474
0 1 55475
0 1 55477
0 1 55478
0 1 55479
0 1 55482
0 1 55483
0 1 55484
0 1 55485
0 1 55486
0 1 55487
0 1 55488
0 1 55490
0 1 55495
0 1 55497
0 1 55498
0 1 55499
0 1 55500
0 1 55505
0 1 55506
0 1 55510
0 1 55511
0 1 55514
0 1 55515
0 1 55516
0 1 55520
0 1 55524
0 1 55525
0 1 55526
0 1 55529
0 1 55530
0 1 55531
0 1 55537
0 1 55539
0 1 55540
0 1 55541
0 1 55543
0 1 55544
0 1 55545
0 1 55546
0 1 55551
0 1 55552
0 1 55553
0 1 55555
0 1 55556
0 1 55559
0 1 55561
0 1 55562
0 1 55563
0 1 55564
0 1 55566
0 1 55567
0 1 55568
0 1 55569
0 1 55571
0 1 55573
0 1 55574
0 1 55576
0 1 55577
0 1 55578
0 1 55579
0 1 55580
0 1 55581
0 1 55582
0 1 55585
0 1 55586
0 1 55587
0 1 55588
0 1 55589
0 1 55593
0 1 55600
0 1 55601
0 1 55603
0 1 55605
0 1 55606
0 1 55607
0 1 55608
0 1 55609
0 1 55610
0 1 55611
0 1 55612
0 1 55614
0 1 55615
0 1 55617
0 1 55618
0 1 55619
0 1 55620
0 1 55624
0 1 55626
0 1 55627
0 1 55628
0 1 55630
0 1 55634
0 1 55636
0 1 55637
0 1 55638
0 1 55639
0 1 55640
0 1 55641
0 1 55642
0 1 55643
0 1 55644
0 1 55645
0 1 55646
0 1 55647
0 1 55648
0 1 55649
0 1 55650
0 1 55651
0 1 55654
0 1 55655
0 1 55656
0 1 55657
0 1 55658
0 1 55662
0 1 55663
0 1 55665
0 1 55667
0 1 55668
0 1 55669
0 1 55670
0 1 55671
0 1 55673
0 1 55675
0 1 55676
0 1 55679
0 1 55680
0 1 55681
0 1 55682
0 1 55683
0 1 55686
0 1 55688
0 1 55689
0 1 55691
0 1 55692
0 1 55693
0 1 55694
0 1 55696
0 1 55698
0 1 55699
0 1 55700
0 1 55701
0 1 55703
0 1 55704
0 1 55705
0 1 55707
0 1 55712
0 1 55713
0 1 55714
0 1 55717
0 1 55718
0 1 55719
0 1 55722
0 1 55723
0 1 55726
0 1 55727
0 1 55728
0 1 55729
0 1 55731
0 1 55732
0 1 55734
0 1 55735
0 1 55738
0 1 55739
0 1 55740
0 1 55742
0 1 55743
0 1 55744
0 1 55745
0 1 55748
0 1 55750
0 1 55751
0 1 55752
0 1 55753
0 1 55754
0 1 55755
0 1 55756
0 1 55757
0 1 55758
0 1 55759
0 1 55761
0 1 55762
0 1 55764
0 1 55765
0 1 55766
0 1 55768
0 1 55770
0 1 55772
0 1 55775
0 1 55777
0 1 55779
0 1 55780
0 1 55782
0 1 55783
0 1 55786
0 1 55788
0 1 55791
0 1 55792
0 1 55793
0 1 55794
0 1 55796
0 1 55797
0 1 55801
0 1 55803
0 1 55804
0 1 55806
0 1 55807
0 1 55809
0 1 55810
0 1 55812
0 1 55815
0 1 55816
0 1 55817
0 1 55822
0 1 55823
0 1 55824
0 1 55825
0 1 55827
0 1 55828
0 1 55829
0 1 55831
0 1 55832
0 1 55833
0 1 55834
0 1 55835
0 1 55836
0 1 55838
0 1 55839
0 1 55842
0 1 55843
0 1 55847
0 1 55848
0 1 55849
0 1 55850
0 1 55851
0 1 55853
0 1 55857
0 1 55858
0 1 55859
0 1 55863
0 1 55864
0 1 55867
0 1 55868
0 1 55869
0 1 55870
0 1 55871
0 1 55872
0 1 55873
0 1 55876
0 1 55877
0 1 55879
0 1 55881
0 1 55882
0 1 55883
0 1 55885
0 1 55886
0 1 55889
0 1 55890
0 1 55891
0 1 55892
0 1 55893
0 1 55895
0 1 55897
0 1 55899
0 1 55900
0 1 55901
0 1 55902
0 1 55904
0 1 55906
0 1 55907
0 1 55909
0 1 55914
0 1 55915
0 1 55916
0 1 55917
0 1 55918
0 1 55919
0 1 55920
0 1 55921
0 1 55922
0 1 55924
0 1 55925
0 1 55927
0 1 55929
0 1 55930
0 1 55931
0 1 55932
0 1 55934
0 1 55936
0 1 55937
0 1 55938
0 1 55939
0 1 55941
0 1 55942
0 1 55943
0 1 55945
0 1 55946
0 1 55947
0 1 55948
0 1 55949
0 1 55954
0 1 55955
0 1 55956
0 1 55957
0 1 55958
0 1 55959
0 1 55961
0 1 55963
0 1 55966
0 1 55968
0 1 55970
0 1 55973
0 1 55974
0 1 55975
0 1 55977
0 1 55978
0 1 55979
0 1 55980
0 1 55981
0 1 55983
0 1 55984
0 1 55986
0 1 55987
0 1 55989
0 1 55990
0 1 55991
0 1 55993
0 1 55994
0 1 55995
0 1 55996
0 1 55997
0 1 55998
0 1 55999
0 1 56000
0 1 56002
0 1 56003
0 1 56004
0 1 56007
0 1 56008
0 1 56009
0 1 56010
0 1 56011
0 1 56013
0 1 56015
0 1 56018
0 1 56019
0 1 56020
0 1 56021
0 1 56022
0 1 56023
0 1 56024
0 1 56025
0 1 56027
0 1 56028
0 1 56030
0 1 56032
0 1 56033
0 1 56034
0 1 56037
0 1 56040
0 1 56041
0 1 56043
0 1 56045
0 1 56046
0 1 56047
0 1 56048
0 1 56049
0 1 56052
0 1 56053
0 1 56054
0 1 56055
0 1 56056
0 1 56059
0 1 56060
0 1 56061
0 1 56062
0 1 56063
0 1 56064
0 1 56065
0 1 56066
0 1 56069
0 1 56070
0 1 56071
0 1 56072
0 1 56074
0 1 56075
0 1 56076
0 1 56078
0 1 56079
0 1 56080
0 1 56082
0 1 56087
0 1 56089
0 1 56091
0 1 56093
0 1 56095
0 1 56096
0 1 56097
0 1 56098
0 1 56099
0 1 56104
0 1 56106
0 1 56109
0 1 56110
0 1 56112
0 1 56113
0 1 56115
0 1 56116
0 1 56117
0 1 56118
0 1 56119
0 1 56120
0 1 56123
0 1 56124
0 1 56125
0 1 56126
0 1 56127
0 1 56132
0 1 56134
0 1 56137
0 1 56139
0 1 56140
0 1 56141
0 1 56143
0 1 56149
0 1 56153
0 1 56157
0 1 56159
0 1 56160
0 1 56161
0 1 56165
0 1 56166
0 1 56167
0 1 56168
0 1 56169
0 1 56170
0 1 56171
0 1 56172
0 1 56173
0 1 56174
0 1 56175
0 1 56176
0 1 56178
0 1 56179
0 1 56180
0 1 56181
0 1 56185
0 1 56186
0 1 56187
0 1 56188
0 1 56190
0 1 56193
0 1 56196
0 1 56197
0 1 56200
0 1 56201
0 1 56202
0 1 56203
0 1 56206
0 1 56208
0 1 56209
0 1 56214
0 1 56215
0 1 56216
0 1 56217
0 1 56218
0 1 56219
0 1 56220
0 1 56222
0 1 56223
0 1 56225
0 1 56226
0 1 56228
0 1 56230
0 1 56232
0 1 56234
0 1 56235
0 1 56237
0 1 56238
0 1 56243
0 1 56245
0 1 56246
0 1 56249
0 1 56250
0 1 56251
0 1 56252
0 1 56254
0 1 56255
0 1 56258
0 1 56259
0 1 56260
0 1 56261
0 1 56262
0 1 56267
0 1 56269
0 1 56270
0 1 56272
0 1 56273
0 1 56275
0 1 56276
0 1 56278
0 1 56279
0 1 56280
0 1 56281
0 1 56282
0 1 56283
0 1 56284
0 1 56285
0 1 56286
0 1 56288
0 1 56289
0 1 56291
0 1 56292
0 1 56295
0 1 56296
0 1 56297
0 1 56299
0 1 56301
0 1 56303
0 1 56307
0 1 56308
0 1 56310
0 1 56311
0 1 56312
0 1 56314
0 1 56317
0 1 56319
0 1 56320
0 1 56323
0 1 56324
0 1 56326
0 1 56328
0 1 56330
0 1 56331
0 1 56332
0 1 56333
0 1 56334
0 1 56335
0 1 56337
0 1 56339
0 1 56342
0 1 56343
0 1 56351
0 1 56352
0 1 56353
0 1 56354
0 1 56357
0 1 56358
0 1 56360
0 1 56363
0 1 56364
0 1 56365
0 1 56366
0 1 56367
0 1 56368
0 1 56369
0 1 56370
0 1 56372
0 1 56373
0 1 56374
0 1 56375
0 1 56377
0 1 56378
0 1 56380
0 1 56381
0 1 56383
0 1 56385
0 1 56386
0 1 56388
0 1 56389
0 1 56394
0 1 56395
0 1 56396
0 1 56398
0 1 56401
0 1 56404
0 1 56406
0 1 56407
0 1 56408
0 1 56410
0 1 56415
0 1 56416
0 1 56419
0 1 56423
0 1 56425
0 1 56426
0 1 56428
0 1 56429
0 1 56430
0 1 56431
0 1 56434
0 1 56436
0 1 56438
0 1 56439
0 1 56440
0 1 56441
0 1 56442
0 1 56443
0 1 56444
0 1 56446
0 1 56447
0 1 56448
0 1 56449
0 1 56450
0 1 56451
0 1 56452
0 1 56453
0 1 56454
0 1 56455
0 1 56456
0 1 56458
0 1 56459
0 1 56461
0 1 56462
0 1 56463
0 1 56465
0 1 56468
0 1 56471
0 1 56472
0 1 56473
0 1 56477
0 1 56478
0 1 56480
0 1 56482
0 1 56483
0 1 56484
0 1 56485
0 1 56486
0 1 56487
0 1 56490
0 1 56491
0 1 56497
0 1 56500
0 1 56501
0 1 56503
0 1 56504
0 1 56505
0 1 56506
0 1 56507
0 1 56508
0 1 56509
0 1 56511
0 1 56512
0 1 56513
0 1 56514
0 1 56516
0 1 56520
0 1 56522
0 1 56524
0 1 56525
0 1 56526
0 1 56527
0 1 56529
0 1 56531
0 1 56532
0 1 56533
0 1 56534
0 1 56535
0 1 56537
0 1 56538
0 1 56541
0 1 56547
0 1 56550
0 1 56551
0 1 56552
0 1 56553
0 1 56555
0 1 56556
0 1 56559
0 1 56561
0 1 56562
0 1 56563
0 1 56564
0 1 56565
0 1 56567
0 1 56568
0 1 56569
0 1 56570
0 1 56571
0 1 56572
0 1 56573
0 1 56574
0 1 56576
0 1 56577
0 1 56578
0 1 56579
0 1 56580
0 1 56581
0 1 56582
0 1 56583
0 1 56584
0 1 56585
0 1 56586
0 1 56587
0 1 56588
0 1 56589
0 1 56590
0 1 56592
0 1 56593
0 1 56595
0 1 56596
0 1 56598
0 1 56601
0 1 56603
0 1 56604
0 1 56606
0 1 56608
0 1 56609
0 1 56611
0 1 56613
0 1 56614
0 1 56615
0 1 56617
0 1 56618
0 1 56619
0 1 56620
0 1 56624
0 1 56627
0 1 56628
0 1 56633
0 1 56635
0 1 56638
0 1 56639
0 1 56641
0 1 56643
0 1 56644
0 1 56646
0 1 56647
0 1 56648
0 1 56650
0 1 56651
0 1 56652
0 1 56653
0 1 56654
0 1 56655
0 1 56656
0 1 56657
0 1 56658
0 1 56659
0 1 56661
0 1 56662
0 1 56663
0 1 56664
0 1 56666
0 1 56667
0 1 56670
0 1 56671
0 1 56672
0 1 56673
0 1 56674
0 1 56675
0 1 56677
0 1 56679
0 1 56680
0 1 56682
0 1 56685
0 1 56686
0 1 56687
0 1 56688
0 1 56690
0 1 56692
0 1 56694
0 1 56695
0 1 56696
0 1 56697
0 1 56699
0 1 56700
0 1 56701
0 1 56703
0 1 56704
0 1 56708
0 1 56711
0 1 56713
0 1 56715
0 1 56716
0 1 56718
0 1 56719
0 1 56720
0 1 56721
0 1 56722
0 1 56723
0 1 56725
0 1 56726
0 1 56728
0 1 56732
0 1 56733
0 1 56735
0 1 56736
0 1 56738
0 1 56740
0 1 56742
0 1 56743
0 1 56744
0 1 56745
0 1 56747
0 1 56749
0 1 56751
0 1 56753
0 1 56754
0 1 56755
0 1 56756
0 1 56757
0 1 56758
0 1 56761
0 1 56763
0 1 56766
0 1 56768
0 1 56769
0 1 56770
0 1 56772
0 1 56773
0 1 56775
0 1 56776
0 1 56779
0 1 56781
0 1 56782
0 1 56785
0 1 56786
0 1 56788
0 1 56789
0 1 56791
0 1 56792
0 1 56793
0 1 56795
0 1 56798
0 1 56799
0 1 56802
0 1 56805
0 1 56807
0 1 56810
0 1 56811
0 1 56813
0 1 56817
0 1 56819
0 1 56821
0 1 56824
0 1 56825
0 1 56827
0 1 56828
0 1 56830
0 1 56831
0 1 56832
0 1 56833
0 1 56834
0 1 56835
0 1 56837
0 1 56838
0 1 56840
0 1 56841
0 1 56842
0 1 56843
0 1 56844
0 1 56849
0 1 56851
0 1 56852
0 1 56855
0 1 56859
0 1 56860
0 1 56861
0 1 56862
0 1 56866
0 1 56868
0 1 56869
0 1 56870
0 1 56872
0 1 56873
0 1 56874
0 1 56877
0 1 56879
0 1 56881
0 1 56882
0 1 56883
0 1 56884
0 1 56886
0 1 56888
0 1 56890
0 1 56891
0 1 56893
0 1 56895
0 1 56896
0 1 56897
0 1 56899
0 1 56901
0 1 56902
0 1 56904
0 1 56905
0 1 56906
0 1 56907
0 1 56908
0 1 56909
0 1 56910
0 1 56911
0 1 56912
0 1 56913
0 1 56914
0 1 56915
0 1 56916
0 1 56917
0 1 56918
0 1 56921
0 1 56924
0 1 56928
0 1 56929
0 1 56930
0 1 56931
0 1 56932
0 1 56933
0 1 56934
0 1 56936
0 1 56937
0 1 56940
0 1 56942
0 1 56943
0 1 56947
0 1 56949
0 1 56950
0 1 56951
0 1 56952
0 1 56954
0 1 56955
0 1 56959
0 1 56960
0 1 56961
0 1 56962
0 1 56964
0 1 56965
0 1 56966
0 1 56967
0 1 56970
0 1 56972
0 1 56974
0 1 56979
0 1 56981
0 1 56983
0 1 56985
0 1 56986
0 1 56987
0 1 56990
0 1 56991
0 1 56992
0 1 56994
0 1 56996
0 1 56998
0 1 56999
0 1 57001
0 1 57002
0 1 57007
0 1 57008
0 1 57010
0 1 57012
0 1 57013
0 1 57017
0 1 57018
0 1 57019
0 1 57020
0 1 57023
0 1 57024
0 1 57029
0 1 57030
0 1 57031
0 1 57032
0 1 57033
0 1 57035
0 1 57036
0 1 57037
0 1 57038
0 1 57039
0 1 57040
0 1 57042
0 1 57044
0 1 57045
0 1 57047
0 1 57049
0 1 57050
0 1 57053
0 1 57054
0 1 57055
0 1 57059
0 1 57061
0 1 57063
0 1 57064
0 1 57065
0 1 57067
0 1 57070
0 1 57071
0 1 57072
0 1 57073
0 1 57074
0 1 57076
0 1 57077
0 1 57078
0 1 57079
0 1 57081
0 1 57082
0 1 57084
0 1 57085
0 1 57086
0 1 57088
0 1 57089
0 1 57090
0 1 57091
0 1 57092
0 1 57095
0 1 57096
0 1 57098
0 1 57099
0 1 57100
0 1 57102
0 1 57105
0 1 57107
0 1 57110
0 1 57112
0 1 57113
0 1 57114
0 1 57115
0 1 57116
0 1 57118
0 1 57119
0 1 57122
0 1 57125
0 1 57126
0 1 57129
0 1 57130
0 1 57131
0 1 57132
0 1 57134
0 1 57135
0 1 57138
0 1 57139
0 1 57142
0 1 57143
0 1 57146
0 1 57148
0 1 57150
0 1 57151
0 1 57152
0 1 57154
0 1 57155
0 1 57159
0 1 57161
0 1 57162
0 1 57164
0 1 57165
0 1 57166
0 1 57168
0 1 57169
0 1 57170
0 1 57171
0 1 57173
0 1 57175
0 1 57178
0 1 57181
0 1 57182
0 1 57183
0 1 57184
0 1 57186
0 1 57187
0 1 57188
0 1 57190
0 1 57191
0 1 57192
0 1 57195
0 1 57196
0 1 57197
0 1 57200
0 1 57201
0 1 57202
0 1 57205
0 1 57206
0 1 57207
0 1 57213
0 1 57215
0 1 57216
0 1 57217
0 1 57219
0 1 57224
0 1 57225
0 1 57226
0 1 57227
0 1 57228
0 1 57229
0 1 57230
0 1 57231
0 1 57232
0 1 57235
0 1 57237
0 1 57238
0 1 57239
0 1 57240
0 1 57243
0 1 57246
0 1 57250
0 1 57252
0 1 57253
0 1 57254
0 1 57256
0 1 57257
0 1 57258
0 1 57259
0 1 57262
0 1 57265
0 1 57266
0 1 57267
0 1 57268
0 1 57269
0 1 57270
0 1 57271
0 1 57273
0 1 57274
0 1 57278
0 1 57279
0 1 57280
0 1 57283
0 1 57284
0 1 57285
0 1 57287
0 1 57289
0 1 57290
0 1 57291
0 1 57293
0 1 57294
0 1 57295
0 1 57296
0 1 57297
0 1 57298
0 1 57300
0 1 57304
0 1 57305
0 1 57306
0 1 57307
0 1 57309
0 1 57311
0 1 57313
0 1 57314
0 1 57315
0 1 57323
0 1 57324
0 1 57325
0 1 57327
0 1 57328
0 1 57329
0 1 57331
0 1 57332
0 1 57334
0 1 57335
0 1 57338
0 1 57339
0 1 57340
0 1 57341
0 1 57343
0 1 57344
0 1 57346
0 1 57347
0 1 57352
0 1 57353
0 1 57357
0 1 57359
0 1 57360
0 1 57361
0 1 57364
0 1 57365
0 1 57366
0 1 57367
0 1 57369
0 1 57373
0 1 57374
0 1 57376
0 1 57377
0 1 57378
0 1 57379
0 1 57380
0 1 57382
0 1 57383
0 1 57385
0 1 57386
0 1 57387
0 1 57388
0 1 57389
0 1 57392
0 1 57393
0 1 57394
0 1 57395
0 1 57399
0 1 57400
0 1 57401
0 1 57404
0 1 57405
0 1 57406
0 1 57408
0 1 57409
0 1 57410
0 1 57411
0 1 57412
0 1 57413
0 1 57414
0 1 57415
0 1 57417
0 1 57421
0 1 57423
0 1 57425
0 1 57427
0 1 57429
0 1 57430
0 1 57431
0 1 57433
0 1 57434
0 1 57435
0 1 57437
0 1 57439
0 1 57441
0 1 57442
0 1 57443
0 1 57445
0 1 57446
0 1 57447
0 1 57448
0 1 57451
0 1 57452
0 1 57453
0 1 57454
0 1 57456
0 1 57457
0 1 57458
0 1 57459
0 1 57462
0 1 57464
0 1 57466
0 1 57467
0 1 57468
0 1 57471
0 1 57472
0 1 57474
0 1 57475
0 1 57479
0 1 57481
0 1 57482
0 1 57483
0 1 57484
0 1 57485
0 1 57489
0 1 57490
0 1 57491
0 1 57494
0 1 57496
0 1 57498
0 1 57499
0 1 57501
0 1 57502
0 1 57503
0 1 57504
0 1 57506
0 1 57507
0 1 57508
0 1 57510
0 1 57511
0 1 57514
0 1 57515
0 1 57516
0 1 57518
0 1 57520
0 1 57521
0 1 57523
0 1 57525
0 1 57526
0 1 57528
0 1 57530
0 1 57534
0 1 57535
0 1 57536
0 1 57543
0 1 57544
0 1 57545
0 1 57547
0 1 57550
0 1 57551
0 1 57552
0 1 57556
0 1 57560
0 1 57561
0 1 57562
0 1 57563
0 1 57565
0 1 57566
0 1 57567
0 1 57569
0 1 57571
0 1 57572
0 1 57573
0 1 57574
0 1 57575
0 1 57576
0 1 57577
0 1 57578
0 1 57579
0 1 57580
0 1 57581
0 1 57582
0 1 57583
0 1 57586
0 1 57588
0 1 57593
0 1 57596
0 1 57597
0 1 57599
0 1 57600
0 1 57601
0 1 57603
0 1 57604
0 1 57606
0 1 57607
0 1 57608
0 1 57609
0 1 57611
0 1 57612
0 1 57613
0 1 57614
0 1 57616
0 1 57618
0 1 57620
0 1 57621
0 1 57622
0 1 57624
0 1 57625
0 1 57626
0 1 57627
0 1 57629
0 1 57630
0 1 57631
0 1 57636
0 1 57648
0 1 57651
0 1 57652
0 1 57653
0 1 57655
0 1 57656
0 1 57660
0 1 57661
0 1 57662
0 1 57665
0 1 57667
0 1 57668
0 1 57669
0 1 57670
0 1 57672
0 1 57673
0 1 57674
0 1 57675
0 1 57677
0 1 57678
0 1 57680
0 1 57683
0 1 57686
0 1 57687
0 1 57688
0 1 57691
0 1 57692
0 1 57695
0 1 57696
0 1 57697
0 1 57702
0 1 57703
0 1 57704
0 1 57705
0 1 57707
0 1 57708
0 1 57709
0 1 57710
0 1 57711
0 1 57713
0 1 57715
0 1 57716
0 1 57717
0 1 57719
0 1 57720
0 1 57721
0 1 57722
0 1 57723
0 1 57725
0 1 57726
0 1 57728
0 1 57729
0 1 57731
0 1 57732
0 1 57734
0 1 57735
0 1 57737
0 1 57738
0 1 57739
0 1 57741
0 1 57743
0 1 57747
0 1 57748
0 1 57750
0 1 57752
0 1 57753
0 1 57754
0 1 57757
0 1 57758
0 1 57761
0 1 57762
0 1 57763
0 1 57764
0 1 57766
0 1 57768
0 1 57769
0 1 57770
0 1 57772
0 1 57773
0 1 57774
0 1 57775
0 1 57778
0 1 57781
0 1 57783
0 1 57785
0 1 57786
0 1 57787
0 1 57789
0 1 57790
0 1 57791
0 1 57793
0 1 57798
0 1 57801
0 1 57802
0 1 57804
0 1 57805
0 1 57806
0 1 57807
0 1 57808
0 1 57809
0 1 57810
0 1 57811
0 1 57813
0 1 57814
0 1 57818
0 1 57820
0 1 57821
0 1 57822
0 1 57823
0 1 57826
0 1 57827
0 1 57830
0 1 57831
0 1 57833
0 1 57834
0 1 57836
0 1 57837
0 1 57838
0 1 57839
0 1 57842
0 1 57843
0 1 57845
0 1 57846
0 1 57847
0 1 57848
0 1 57852
0 1 57853
0 1 57855
0 1 57859
0 1 57860
0 1 57862
0 1 57863
0 1 57865
0 1 57866
0 1 57867
0 1 57868
0 1 57869
0 1 57870
0 1 57874
0 1 57875
0 1 57876
0 1 57878
0 1 57879
0 1 57880
0 1 57881
0 1 57885
0 1 57886
0 1 57889
0 1 57890
0 1 57892
0 1 57894
0 1 57896
0 1 57897
0 1 57899
0 1 57900
0 1 57901
0 1 57902
0 1 57904
0 1 57905
0 1 57906
0 1 57907
0 1 57908
0 1 57911
0 1 57912
0 1 57913
0 1 57914
0 1 57916
0 1 57917
0 1 57921
0 1 57922
0 1 57926
0 1 57927
0 1 57928
0 1 57930
0 1 57931
0 1 57935
0 1 57938
0 1 57939
0 1 57940
0 1 57941
0 1 57943
0 1 57944
0 1 57945
0 1 57946
0 1 57948
0 1 57949
0 1 57950
0 1 57951
0 1 57952
0 1 57956
0 1 57958
0 1 57960
0 1 57961
0 1 57963
0 1 57964
0 1 57967
0 1 57968
0 1 57969
0 1 57970
0 1 57972
0 1 57974
0 1 57977
0 1 57980
0 1 57981
0 1 57985
0 1 57986
0 1 57989
0 1 57990
0 1 57991
0 1 57993
0 1 57994
0 1 57995
0 1 57996
0 1 57997
0 1 57998
0 1 57999
0 1 58000
0 1 58002
0 1 58003
0 1 58004
0 1 58005
0 1 58009
0 1 58010
0 1 58013
0 1 58015
0 1 58017
0 1 58018
0 1 58019
0 1 58021
0 1 58024
0 1 58025
0 1 58026
0 1 58028
0 1 58029
0 1 58030
0 1 58031
0 1 58032
0 1 58033
0 1 58036
0 1 58037
0 1 58038
0 1 58039
0 1 58041
0 1 58043
0 1 58044
0 1 58046
0 1 58047
0 1 58049
0 1 58050
0 1 58051
0 1 58053
0 1 58054
0 1 58055
0 1 58056
0 1 58058
0 1 58061
0 1 58062
0 1 58066
0 1 58067
0 1 58068
0 1 58069
0 1 58070
0 1 58072
0 1 58073
0 1 58074
0 1 58077
0 1 58079
0 1 58080
0 1 58081
0 1 58082
0 1 58083
0 1 58084
0 1 58086
0 1 58087
0 1 58088
0 1 58089
0 1 58091
0 1 58092
0 1 58094
0 1 58095
0 1 58097
0 1 58099
0 1 58102
0 1 58103
0 1 58105
0 1 58106
0 1 58107
0 1 58108
0 1 58109
0 1 58110
0 1 58111
0 1 58112
0 1 58113
0 1 58114
0 1 58115
0 1 58116
0 1 58117
0 1 58119
0 1 58120
0 1 58121
0 1 58124
0 1 58128
0 1 58129
0 1 58131
0 1 58135
0 1 58136
0 1 58139
0 1 58140
0 1 58143
0 1 58144
0 1 58145
0 1 58146
0 1 58147
0 1 58148
0 1 58149
0 1 58151
0 1 58152
0 1 58153
0 1 58155
0 1 58157
0 1 58158
0 1 58159
0 1 58161
0 1 58162
0 1 58163
0 1 58164
0 1 58165
0 1 58166
0 1 58168
0 1 58169
0 1 58171
0 1 58172
0 1 58174
0 1 58175
0 1 58176
0 1 58178
0 1 58179
0 1 58180
0 1 58183
0 1 58184
0 1 58185
0 1 58186
0 1 58188
0 1 58192
0 1 58193
0 1 58194
0 1 58200
0 1 58201
0 1 58205
0 1 58206
0 1 58207
0 1 58209
0 1 58211
0 1 58214
0 1 58217
0 1 58219
0 1 58223
0 1 58224
0 1 58227
0 1 58229
0 1 58230
0 1 58231
0 1 58232
0 1 58233
0 1 58234
0 1 58236
0 1 58238
0 1 58240
0 1 58241
0 1 58242
0 1 58243
0 1 58244
0 1 58246
0 1 58247
0 1 58248
0 1 58251
0 1 58252
0 1 58253
0 1 58254
0 1 58259
0 1 58260
0 1 58261
0 1 58268
0 1 58269
0 1 58270
0 1 58271
0 1 58272
0 1 58274
0 1 58281
0 1 58282
0 1 58285
0 1 58287
0 1 58289
0 1 58290
0 1 58293
0 1 58294
0 1 58295
0 1 58296
0 1 58299
0 1 58300
0 1 58301
0 1 58302
0 1 58303
0 1 58304
0 1 58306
0 1 58307
0 1 58309
0 1 58310
0 1 58311
0 1 58312
0 1 58314
0 1 58315
0 1 58316
0 1 58317
0 1 58318
0 1 58319
0 1 58320
0 1 58321
0 1 58322
0 1 58323
0 1 58324
0 1 58325
0 1 58327
0 1 58328
0 1 58329
0 1 58330
0 1 58331
0 1 58333
0 1 58337
0 1 58339
0 1 58340
0 1 58341
0 1 58342
0 1 58343
0 1 58345
0 1 58346
0 1 58350
0 1 58353
0 1 58355
0 1 58360
0 1 58361
0 1 58363
0 1 58364
0 1 58366
0 1 58367
0 1 58368
0 1 58369
0 1 58370
0 1 58371
0 1 58373
0 1 58377
0 1 58378
0 1 58379
0 1 58380
0 1 58381
0 1 58382
0 1 58383
0 1 58385
0 1 58386
0 1 58387
0 1 58388
0 1 58389
0 1 58392
0 1 58393
0 1 58395
0 1 58396
0 1 58400
0 1 58402
0 1 58403
0 1 58405
0 1 58406
0 1 58407
0 1 58409
0 1 58410
0 1 58411
0 1 58412
0 1 58414
0 1 58415
0 1 58418
0 1 58420
0 1 58421
0 1 58422
0 1 58423
0 1 58426
0 1 58428
0 1 58430
0 1 58434
0 1 58436
0 1 58439
0 1 58440
0 1 58441
0 1 58444
0 1 58446
0 1 58449
0 1 58451
0 1 58452
0 1 58453
0 1 58455
0 1 58460
0 1 58463
0 1 58465
0 1 58468
0 1 58469
0 1 58470
0 1 58471
0 1 58473
0 1 58476
0 1 58477
0 1 58478
0 1 58479
0 1 58480
0 1 58482
0 1 58483
0 1 58484
0 1 58485
0 1 58486
0 1 58489
0 1 58490
0 1 58492
0 1 58495
0 1 58496
0 1 58497
0 1 58498
0 1 58499
0 1 58502
0 1 58503
0 1 58504
0 1 58505
0 1 58507
0 1 58509
0 1 58512
0 1 58513
0 1 58515
0 1 58517
0 1 58518
0 1 58519
0 1 58523
0 1 58524
0 1 58525
0 1 58526
0 1 58527
0 1 58530
0 1 58532
0 1 58534
0 1 58536
0 1 58538
0 1 58539
0 1 58540
0 1 58542
0 1 58543
0 1 58550
0 1 58551
0 1 58553
0 1 58554
0 1 58559
0 1 58561
0 1 58563
0 1 58564
0 1 58568
0 1 58569
0 1 58570
0 1 58571
0 1 58574
0 1 58575
0 1 58578
0 1 58580
0 1 58582
0 1 58583
0 1 58584
0 1 58585
0 1 58586
0 1 58587
0 1 58589
0 1 58593
0 1 58594
0 1 58595
0 1 58596
0 1 58597
0 1 58599
0 1 58602
0 1 58603
0 1 58606
0 1 58607
0 1 58608
0 1 58609
0 1 58611
0 1 58612
0 1 58613
0 1 58615
0 1 58617
0 1 58618
0 1 58619
0 1 58621
0 1 58622
0 1 58623
0 1 58624
0 1 58626
0 1 58627
0 1 58628
0 1 58630
0 1 58633
0 1 58635
0 1 58636
0 1 58638
0 1 58639
0 1 58640
0 1 58643
0 1 58645
0 1 58646
0 1 58647
0 1 58649
0 1 58650
0 1 58652
0 1 58653
0 1 58654
0 1 58655
0 1 58656
0 1 58657
0 1 58658
0 1 58660
0 1 58661
0 1 58662
0 1 58664
0 1 58666
0 1 58668
0 1 58671
0 1 58672
0 1 58673
0 1 58677
0 1 58682
0 1 58684
0 1 58688
0 1 58689
0 1 58691
0 1 58692
0 1 58694
0 1 58695
0 1 58697
0 1 58698
0 1 58699
0 1 58700
0 1 58703
0 1 58704
0 1 58706
0 1 58709
0 1 58710
0 1 58711
0 1 58714
0 1 58715
0 1 58716
0 1 58717
0 1 58720
0 1 58721
0 1 58722
0 1 58723
0 1 58725
0 1 58726
0 1 58728
0 1 58729
0 1 58730
0 1 58731
0 1 58732
0 1 58733
0 1 58736
0 1 58737
0 1 58738
0 1 58739
0 1 58740
0 1 58742
0 1 58743
0 1 58744
0 1 58748
0 1 58750
0 1 58751
0 1 58753
0 1 58754
0 1 58755
0 1 58756
0 1 58757
0 1 58758
0 1 58760
0 1 58761
0 1 58763
0 1 58764
0 1 58765
0 1 58766
0 1 58767
0 1 58768
0 1 58769
0 1 58772
0 1 58773
0 1 58775
0 1 58776
0 1 58779
0 1 58780
0 1 58781
0 1 58782
0 1 58783
0 1 58784
0 1 58785
0 1 58786
0 1 58787
0 1 58788
0 1 58789
0 1 58792
0 1 58794
0 1 58795
0 1 58799
0 1 58800
0 1 58801
0 1 58803
0 1 58807
0 1 58808
0 1 58809
0 1 58810
0 1 58812
0 1 58813
0 1 58814
0 1 58817
0 1 58818
0 1 58820
0 1 58823
0 1 58829
0 1 58830
0 1 58833
0 1 58834
0 1 58838
0 1 58841
0 1 58842
0 1 58843
0 1 58844
0 1 58845
0 1 58847
0 1 58848
0 1 58850
0 1 58851
0 1 58852
0 1 58853
0 1 58854
0 1 58856
0 1 58858
0 1 58861
0 1 58862
0 1 58863
0 1 58864
0 1 58866
0 1 58869
0 1 58870
0 1 58872
0 1 58873
0 1 58874
0 1 58876
0 1 58877
0 1 58878
0 1 58879
0 1 58880
0 1 58887
0 1 58888
0 1 58889
0 1 58891
0 1 58892
0 1 58893
0 1 58895
0 1 58896
0 1 58897
0 1 58898
0 1 58901
0 1 58904
0 1 58907
0 1 58909
0 1 58910
0 1 58912
0 1 58913
0 1 58915
0 1 58916
0 1 58917
0 1 58919
0 1 58920
0 1 58921
0 1 58922
0 1 58924
0 1 58928
0 1 58929
0 1 58930
0 1 58931
0 1 58935
0 1 58936
0 1 58938
0 1 58940
0 1 58941
0 1 58942
0 1 58943
0 1 58944
0 1 58945
0 1 58946
0 1 58950
0 1 58954
0 1 58955
0 1 58957
0 1 58958
0 1 58959
0 1 58960
0 1 58961
0 1 58962
0 1 58969
0 1 58970
0 1 58972
0 1 58973
0 1 58974
0 1 58981
0 1 58983
0 1 58985
0 1 58986
0 1 58987
0 1 58989
0 1 58990
0 1 58991
0 1 58993
0 1 58994
0 1 58995
0 1 58997
0 1 58998
0 1 58999
0 1 59000
0 1 59001
0 1 59002
0 1 59006
0 1 59008
0 1 59011
0 1 59012
0 1 59017
0 1 59018
0 1 59019
0 1 59020
0 1 59022
0 1 59024
0 1 59025
0 1 59026
0 1 59030
0 1 59032
0 1 59033
0 1 59036
0 1 59037
0 1 59039
0 1 59044
0 1 59045
0 1 59047
0 1 59048
0 1 59049
0 1 59051
0 1 59052
0 1 59055
0 1 59058
0 1 59059
0 1 59061
0 1 59062
0 1 59065
0 1 59066
0 1 59067
0 1 59070
0 1 59071
0 1 59073
0 1 59074
0 1 59077
0 1 59078
0 1 59082
0 1 59083
0 1 59084
0 1 59085
0 1 59087
0 1 59088
0 1 59089
0 1 59091
0 1 59092
0 1 59093
0 1 59094
0 1 59096
0 1 59097
0 1 59099
0 1 59101
0 1 59102
0 1 59103
0 1 59104
0 1 59108
0 1 59110
0 1 59111
0 1 59113
0 1 59115
0 1 59117
0 1 59122
0 1 59123
0 1 59124
0 1 59126
0 1 59127
0 1 59129
0 1 59130
0 1 59131
0 1 59132
0 1 59134
0 1 59139
0 1 59141
0 1 59142
0 1 59143
0 1 59144
0 1 59146
0 1 59149
0 1 59151
0 1 59152
0 1 59155
0 1 59156
0 1 59157
0 1 59158
0 1 59159
0 1 59160
0 1 59161
0 1 59162
0 1 59163
0 1 59165
0 1 59166
0 1 59167
0 1 59168
0 1 59171
0 1 59173
0 1 59174
0 1 59175
0 1 59176
0 1 59178
0 1 59180
0 1 59183
0 1 59184
0 1 59185
0 1 59188
0 1 59189
0 1 59191
0 1 59192
0 1 59193
0 1 59194
0 1 59195
0 1 59196
0 1 59197
0 1 59198
0 1 59199
0 1 59200
0 1 59203
0 1 59204
0 1 59205
0 1 59208
0 1 59210
0 1 59212
0 1 59213
0 1 59214
0 1 59215
0 1 59217
0 1 59218
0 1 59221
0 1 59226
0 1 59227
0 1 59229
0 1 59230
0 1 59235
0 1 59237
0 1 59239
0 1 59242
0 1 59243
0 1 59244
0 1 59245
0 1 59247
0 1 59248
0 1 59249
0 1 59251
0 1 59252
0 1 59256
0 1 59258
0 1 59259
0 1 59262
0 1 59263
0 1 59264
0 1 59265
0 1 59266
0 1 59267
0 1 59268
0 1 59269
0 1 59270
0 1 59271
0 1 59272
0 1 59275
0 1 59276
0 1 59278
0 1 59281
0 1 59282
0 1 59288
0 1 59289
0 1 59290
0 1 59291
0 1 59292
0 1 59293
0 1 59295
0 1 59296
0 1 59297
0 1 59298
0 1 59299
0 1 59300
0 1 59301
0 1 59303
0 1 59304
0 1 59305
0 1 59306
0 1 59307
0 1 59308
0 1 59309
0 1 59314
0 1 59315
0 1 59318
0 1 59321
0 1 59322
0 1 59327
0 1 59328
0 1 59329
0 1 59330
0 1 59333
0 1 59335
0 1 59337
0 1 59338
0 1 59339
0 1 59341
0 1 59343
0 1 59344
0 1 59346
0 1 59348
0 1 59349
0 1 59353
0 1 59356
0 1 59359
0 1 59360
0 1 59361
0 1 59362
0 1 59364
0 1 59367
0 1 59368
0 1 59369
0 1 59370
0 1 59372
0 1 59373
0 1 59374
0 1 59375
0 1 59378
0 1 59379
0 1 59382
0 1 59383
0 1 59386
0 1 59387
0 1 59390
0 1 59392
0 1 59394
0 1 59396
0 1 59397
0 1 59399
0 1 59401
0 1 59403
0 1 59405
0 1 59406
0 1 59409
0 1 59414
0 1 59419
0 1 59420
0 1 59421
0 1 59422
0 1 59423
0 1 59424
0 1 59425
0 1 59426
0 1 59427
0 1 59428
0 1 59429
0 1 59430
0 1 59431
0 1 59433
0 1 59434
0 1 59435
0 1 59436
0 1 59437
0 1 59439
0 1 59440
0 1 59441
0 1 59442
0 1 59443
0 1 59444
0 1 59445
0 1 59446
0 1 59448
0 1 59449
0 1 59451
0 1 59452
0 1 59453
0 1 59454
0 1 59455
0 1 59456
0 1 59458
0 1 59460
0 1 59461
0 1 59462
0 1 59464
0 1 59465
0 1 59467
0 1 59468
0 1 59470
0 1 59473
0 1 59474
0 1 59475
0 1 59476
0 1 59477
0 1 59479
0 1 59480
0 1 59482
0 1 59483
0 1 59484
0 1 59486
0 1 59487
0 1 59489
0 1 59491
0 1 59499
0 1 59500
0 1 59501
0 1 59502
0 1 59503
0 1 59504
0 1 59505
0 1 59509
0 1 59510
0 1 59512
0 1 59513
0 1 59516
0 1 59517
0 1 59518
0 1 59520
0 1 59521
0 1 59523
0 1 59525
0 1 59527
0 1 59529
0 1 59530
0 1 59531
0 1 59538
0 1 59540
0 1 59542
0 1 59543
0 1 59545
0 1 59551
0 1 59552
0 1 59554
0 1 59556
0 1 59558
0 1 59559
0 1 59561
0 1 59562
0 1 59563
0 1 59564
0 1 59567
0 1 59569
0 1 59571
0 1 59572
0 1 59574
0 1 59576
0 1 59577
0 1 59579
0 1 59580
0 1 59581
0 1 59583
0 1 59584
0 1 59585
0 1 59586
0 1 59587
0 1 59588
0 1 59590
0 1 59591
0 1 59592
0 1 59594
0 1 59597
0 1 59599
0 1 59600
0 1 59602
0 1 59603
0 1 59604
0 1 59605
0 1 59608
0 1 59613
0 1 59614
0 1 59615
0 1 59616
0 1 59617
0 1 59618
0 1 59619
0 1 59620
0 1 59622
0 1 59624
0 1 59625
0 1 59626
0 1 59628
0 1 59629
0 1 59630
0 1 59631
0 1 59632
0 1 59633
0 1 59634
0 1 59635
0 1 59637
0 1 59640
0 1 59641
0 1 59642
0 1 59648
0 1 59649
0 1 59651
0 1 59652
0 1 59653
0 1 59657
0 1 59660
0 1 59661
0 1 59662
0 1 59664
0 1 59666
0 1 59671
0 1 59672
0 1 59674
0 1 59676
0 1 59678
0 1 59680
0 1 59681
0 1 59683
0 1 59684
0 1 59686
0 1 59690
0 1 59691
0 1 59692
0 1 59693
0 1 59699
0 1 59700
0 1 59701
0 1 59703
0 1 59704
0 1 59705
0 1 59706
0 1 59707
0 1 59708
0 1 59709
0 1 59711
0 1 59713
0 1 59715
0 1 59716
0 1 59717
0 1 59721
0 1 59722
0 1 59723
0 1 59725
0 1 59726
0 1 59727
0 1 59728
0 1 59729
0 1 59730
0 1 59731
0 1 59732
0 1 59733
0 1 59735
0 1 59737
0 1 59738
0 1 59739
0 1 59741
0 1 59742
0 1 59744
0 1 59745
0 1 59746
0 1 59747
0 1 59748
0 1 59750
0 1 59751
0 1 59753
0 1 59756
0 1 59758
0 1 59759
0 1 59763
0 1 59765
0 1 59766
0 1 59767
0 1 59768
0 1 59769
0 1 59771
0 1 59773
0 1 59774
0 1 59778
0 1 59779
0 1 59782
0 1 59783
0 1 59786
0 1 59787
0 1 59788
0 1 59789
0 1 59790
0 1 59792
0 1 59793
0 1 59795
0 1 59799
0 1 59800
0 1 59804
0 1 59808
0 1 59810
0 1 59817
0 1 59819
0 1 59820
0 1 59825
0 1 59826
0 1 59827
0 1 59828
0 1 59830
0 1 59831
0 1 59833
0 1 59835
0 1 59836
0 1 59837
0 1 59839
0 1 59840
0 1 59841
0 1 59843
0 1 59844
0 1 59845
0 1 59849
0 1 59851
0 1 59853
0 1 59854
0 1 59855
0 1 59856
0 1 59859
0 1 59860
0 1 59862
0 1 59863
0 1 59865
0 1 59867
0 1 59870
0 1 59871
0 1 59872
0 1 59874
0 1 59876
0 1 59877
0 1 59878
0 1 59879
0 1 59881
0 1 59882
0 1 59883
0 1 59884
0 1 59885
0 1 59886
0 1 59887
0 1 59889
0 1 59892
0 1 59893
0 1 59896
0 1 59897
0 1 59898
0 1 59899
0 1 59900
0 1 59901
0 1 59902
0 1 59903
0 1 59904
0 1 59905
0 1 59906
0 1 59907
0 1 59908
0 1 59910
0 1 59915
0 1 59916
0 1 59917
0 1 59918
0 1 59920
0 1 59921
0 1 59924
0 1 59925
0 1 59927
0 1 59930
0 1 59932
0 1 59933
0 1 59934
0 1 59935
0 1 59936
0 1 59937
0 1 59938
0 1 59941
0 1 59942
0 1 59944
0 1 59945
0 1 59948
0 1 59953
0 1 59954
0 1 59955
0 1 59957
0 1 59958
0 1 59959
0 1 59960
0 1 59961
0 1 59963
0 1 59964
0 1 59965
0 1 59967
0 1 59968
0 1 59969
0 1 59970
0 1 59974
0 1 59976
0 1 59978
0 1 59979
0 1 59980
0 1 59981
0 1 59984
0 1 59985
0 1 59986
0 1 59988
0 1 59989
0 1 59990
0 1 59991
0 1 59996
0 1 59997
0 1 59998
0 1 60000
0 1 60003
0 1 60007
0 1 60012
0 1 60013
0 1 60014
0 1 60016
0 1 60017
0 1 60019
0 1 60020
0 1 60021
0 1 60022
0 1 60023
0 1 60026
0 1 60027
0 1 60028
0 1 60031
0 1 60033
0 1 60036
0 1 60037
0 1 60040
0 1 60042
0 1 60043
0 1 60044
0 1 60045
0 1 60046
0 1 60048
0 1 60050
0 1 60054
0 1 60056
0 1 60057
0 1 60058
0 1 60059
0 1 60063
0 1 60068
0 1 60069
0 1 60070
0 1 60071
0 1 60072
0 1 60073
0 1 60074
0 1 60078
0 1 60079
0 1 60080
0 1 60082
0 1 60083
0 1 60084
0 1 60086
0 1 60088
0 1 60089
0 1 60090
0 1 60091
0 1 60095
0 1 60096
0 1 60100
0 1 60101
0 1 60104
0 1 60109
0 1 60110
0 1 60111
0 1 60113
0 1 60114
0 1 60115
0 1 60118
0 1 60120
0 1 60123
0 1 60125
0 1 60127
0 1 60129
0 1 60130
0 1 60131
0 1 60132
0 1 60133
0 1 60135
0 1 60136
0 1 60139
0 1 60140
0 1 60143
0 1 60146
0 1 60147
0 1 60149
0 1 60152
0 1 60153
0 1 60154
0 1 60155
0 1 60157
0 1 60161
0 1 60163
0 1 60164
0 1 60167
0 1 60168
0 1 60171
0 1 60173
0 1 60174
0 1 60175
0 1 60176
0 1 60177
0 1 60178
0 1 60183
0 1 60184
0 1 60185
0 1 60187
0 1 60192
0 1 60193
0 1 60194
0 1 60196
0 1 60197
0 1 60200
0 1 60201
0 1 60203
0 1 60204
0 1 60206
0 1 60207
0 1 60208
0 1 60210
0 1 60211
0 1 60213
0 1 60214
0 1 60216
0 1 60219
0 1 60220
0 1 60221
0 1 60222
0 1 60223
0 1 60225
0 1 60226
0 1 60227
0 1 60230
0 1 60235
0 1 60236
0 1 60237
0 1 60240
0 1 60241
0 1 60244
0 1 60248
0 1 60249
0 1 60250
0 1 60251
0 1 60253
0 1 60255
0 1 60256
0 1 60259
0 1 60261
0 1 60264
0 1 60265
0 1 60267
0 1 60269
0 1 60270
0 1 60272
0 1 60273
0 1 60274
0 1 60275
0 1 60278
0 1 60280
0 1 60282
0 1 60283
0 1 60284
0 1 60287
0 1 60290
0 1 60293
0 1 60298
0 1 60299
0 1 60300
0 1 60301
0 1 60303
0 1 60305
0 1 60306
0 1 60308
0 1 60309
0 1 60310
0 1 60311
0 1 60314
0 1 60315
0 1 60317
0 1 60318
0 1 60319
0 1 60323
0 1 60325
0 1 60326
0 1 60329
0 1 60330
0 1 60331
0 1 60333
0 1 60334
0 1 60336
0 1 60338
0 1 60339
0 1 60340
0 1 60341
0 1 60342
0 1 60343
0 1 60344
0 1 60346
0 1 60347
0 1 60348
0 1 60351
0 1 60353
0 1 60354
0 1 60355
0 1 60356
0 1 60357
0 1 60359
0 1 60361
0 1 60363
0 1 60364
0 1 60365
0 1 60366
0 1 60368
0 1 60369
0 1 60370
0 1 60372
0 1 60375
0 1 60376
0 1 60377
0 1 60379
0 1 60381
0 1 60382
0 1 60383
0 1 60385
0 1 60386
0 1 60387
0 1 60388
0 1 60389
0 1 60390
0 1 60392
0 1 60393
0 1 60394
0 1 60395
0 1 60396
0 1 60397
0 1 60399
0 1 60402
0 1 60403
0 1 60404
0 1 60405
0 1 60406
0 1 60408
0 1 60410
0 1 60412
0 1 60414
0 1 60415
0 1 60419
0 1 60420
0 1 60421
0 1 60423
0 1 60424
0 1 60426
0 1 60428
0 1 60429
0 1 60430
0 1 60431
0 1 60432
0 1 60433
0 1 60434
0 1 60436
0 1 60437
0 1 60438
0 1 60440
0 1 60441
0 1 60446
0 1 60448
0 1 60449
0 1 60450
0 1 60451
0 1 60454
0 1 60455
0 1 60457
0 1 60464
0 1 60467
0 1 60468
0 1 60469
0 1 60470
0 1 60472
0 1 60477
0 1 60480
0 1 60481
0 1 60482
0 1 60486
0 1 60487
0 1 60489
0 1 60490
0 1 60492
0 1 60493
0 1 60494
0 1 60495
0 1 60497
0 1 60498
0 1 60501
0 1 60502
0 1 60503
0 1 60506
0 1 60507
0 1 60512
0 1 60513
0 1 60514
0 1 60515
0 1 60519
0 1 60525
0 1 60526
0 1 60527
0 1 60528
0 1 60529
0 1 60530
0 1 60533
0 1 60535
0 1 60536
0 1 60537
0 1 60539
0 1 60540
0 1 60543
0 1 60546
0 1 60547
0 1 60548
0 1 60549
0 1 60550
0 1 60553
0 1 60555
0 1 60556
0 1 60557
0 1 60560
0 1 60561
0 1 60564
0 1 60565
0 1 60567
0 1 60568
0 1 60569
0 1 60570
0 1 60571
0 1 60573
0 1 60574
0 1 60575
0 1 60576
0 1 60580
0 1 60586
0 1 60588
0 1 60589
0 1 60590
0 1 60591
0 1 60592
0 1 60593
0 1 60594
0 1 60595
0 1 60596
0 1 60597
0 1 60599
0 1 60600
0 1 60601
0 1 60603
0 1 60604
0 1 60605
0 1 60607
0 1 60608
0 1 60609
0 1 60611
0 1 60613
0 1 60614
0 1 60616
0 1 60619
0 1 60620
0 1 60621
0 1 60623
0 1 60624
0 1 60625
0 1 60628
0 1 60629
0 1 60632
0 1 60633
0 1 60634
0 1 60635
0 1 60636
0 1 60638
0 1 60639
0 1 60640
0 1 60641
0 1 60642
0 1 60643
0 1 60646
0 1 60649
0 1 60650
0 1 60652
0 1 60654
0 1 60656
0 1 60657
0 1 60658
0 1 60659
0 1 60661
0 1 60662
0 1 60663
0 1 60665
0 1 60668
0 1 60669
0 1 60671
0 1 60672
0 1 60673
0 1 60674
0 1 60675
0 1 60676
0 1 60677
0 1 60679
0 1 60680
0 1 60681
0 1 60683
0 1 60685
0 1 60686
0 1 60687
0 1 60688
0 1 60692
0 1 60693
0 1 60695
0 1 60701
0 1 60706
0 1 60709
0 1 60710
0 1 60711
0 1 60712
0 1 60714
0 1 60716
0 1 60717
0 1 60720
0 1 60722
0 1 60723
0 1 60724
0 1 60725
0 1 60726
0 1 60727
0 1 60728
0 1 60729
0 1 60730
0 1 60731
0 1 60733
0 1 60735
0 1 60736
0 1 60738
0 1 60739
0 1 60740
0 1 60742
0 1 60743
0 1 60744
0 1 60745
0 1 60746
0 1 60748
0 1 60749
0 1 60751
0 1 60753
0 1 60754
0 1 60755
0 1 60756
0 1 60757
0 1 60760
0 1 60761
0 1 60764
0 1 60765
0 1 60768
0 1 60770
0 1 60771
0 1 60772
0 1 60773
0 1 60775
0 1 60776
0 1 60779
0 1 60780
0 1 60781
0 1 60782
0 1 60783
0 1 60785
0 1 60786
0 1 60787
0 1 60788
0 1 60789
0 1 60791
0 1 60792
0 1 60793
0 1 60794
0 1 60796
0 1 60797
0 1 60798
0 1 60799
0 1 60800
0 1 60802
0 1 60803
0 1 60804
0 1 60805
0 1 60806
0 1 60807
0 1 60809
0 1 60811
0 1 60812
0 1 60814
0 1 60815
0 1 60816
0 1 60820
0 1 60821
0 1 60822
0 1 60826
0 1 60827
0 1 60834
0 1 60836
0 1 60837
0 1 60838
0 1 60839
0 1 60841
0 1 60842
0 1 60845
0 1 60846
0 1 60847
0 1 60848
0 1 60849
0 1 60850
0 1 60851
0 1 60854
0 1 60855
0 1 60861
0 1 60862
0 1 60864
0 1 60865
0 1 60866
0 1 60869
0 1 60870
0 1 60871
0 1 60873
0 1 60875
0 1 60876
0 1 60879
0 1 60880
0 1 60882
0 1 60885
0 1 60888
0 1 60889
0 1 60890
0 1 60891
0 1 60894
0 1 60895
0 1 60897
0 1 60898
0 1 60899
0 1 60900
0 1 60904
0 1 60905
0 1 60906
0 1 60907
0 1 60909
0 1 60911
0 1 60914
0 1 60915
0 1 60916
0 1 60917
0 1 60919
0 1 60921
0 1 60922
0 1 60923
0 1 60925
0 1 60927
0 1 60929
0 1 60930
0 1 60933
0 1 60934
0 1 60936
0 1 60937
0 1 60939
0 1 60940
0 1 60941
0 1 60942
0 1 60944
0 1 60947
0 1 60948
0 1 60950
0 1 60951
0 1 60952
0 1 60953
0 1 60954
0 1 60958
0 1 60959
0 1 60960
0 1 60961
0 1 60963
0 1 60964
0 1 60966
0 1 60972
0 1 60974
0 1 60976
0 1 60978
0 1 60979
0 1 60981
0 1 60982
0 1 60983
0 1 60989
0 1 60993
0 1 60995
0 1 60996
0 1 60997
0 1 60998
0 1 60999
0 1 61001
0 1 61002
0 1 61005
0 1 61008
0 1 61009
0 1 61011
0 1 61012
0 1 61013
0 1 61014
0 1 61017
0 1 61019
0 1 61025
0 1 61026
0 1 61028
0 1 61029
0 1 61032
0 1 61034
0 1 61035
0 1 61036
0 1 61038
0 1 61040
0 1 61041
0 1 61042
0 1 61043
0 1 61045
0 1 61046
0 1 61048
0 1 61049
0 1 61052
0 1 61053
0 1 61056
0 1 61057
0 1 61059
0 1 61062
0 1 61064
0 1 61065
0 1 61067
0 1 61068
0 1 61071
0 1 61072
0 1 61073
0 1 61075
0 1 61076
0 1 61077
0 1 61078
0 1 61079
0 1 61081
0 1 61082
0 1 61084
0 1 61086
0 1 61088
0 1 61091
0 1 61094
0 1 61097
0 1 61098
0 1 61099
0 1 61100
0 1 61101
0 1 61102
0 1 61103
0 1 61105
0 1 61106
0 1 61108
0 1 61110
0 1 61113
0 1 61114
0 1 61116
0 1 61117
0 1 61119
0 1 61121
0 1 61122
0 1 61124
0 1 61128
0 1 61129
0 1 61130
0 1 61131
0 1 61133
0 1 61134
0 1 61135
0 1 61136
0 1 61137
0 1 61140
0 1 61142
0 1 61143
0 1 61144
0 1 61145
0 1 61147
0 1 61149
0 1 61150
0 1 61152
0 1 61153
0 1 61155
0 1 61157
0 1 61159
0 1 61160
0 1 61161
0 1 61162
0 1 61163
0 1 61164
0 1 61165
0 1 61167
0 1 61168
0 1 61171
0 1 61173
0 1 61175
0 1 61176
0 1 61179
0 1 61180
0 1 61181
0 1 61182
0 1 61183
0 1 61186
0 1 61187
0 1 61190
0 1 61191
0 1 61192
0 1 61193
0 1 61194
0 1 61195
0 1 61196
0 1 61199
0 1 61203
0 1 61204
0 1 61205
0 1 61207
0 1 61208
0 1 61213
0 1 61214
0 1 61216
0 1 61218
0 1 61219
0 1 61220
0 1 61223
0 1 61224
0 1 61226
0 1 61229
0 1 61231
0 1 61232
0 1 61233
0 1 61237
0 1 61238
0 1 61239
0 1 61240
0 1 61242
0 1 61243
0 1 61245
0 1 61246
0 1 61247
0 1 61248
0 1 61250
0 1 61253
0 1 61257
0 1 61258
0 1 61259
0 1 61260
0 1 61261
0 1 61263
0 1 61264
0 1 61265
0 1 61266
0 1 61269
0 1 61270
0 1 61271
0 1 61272
0 1 61273
0 1 61274
0 1 61276
0 1 61279
0 1 61280
0 1 61281
0 1 61283
0 1 61285
0 1 61287
0 1 61288
0 1 61289
0 1 61290
0 1 61293
0 1 61294
0 1 61296
0 1 61297
0 1 61298
0 1 61299
0 1 61300
0 1 61301
0 1 61302
0 1 61303
0 1 61304
0 1 61307
0 1 61308
0 1 61309
0 1 61310
0 1 61311
0 1 61312
0 1 61313
0 1 61315
0 1 61316
0 1 61318
0 1 61319
0 1 61320
0 1 61322
0 1 61324
0 1 61325
0 1 61326
0 1 61327
0 1 61328
0 1 61334
0 1 61335
0 1 61336
0 1 61338
0 1 61341
0 1 61343
0 1 61344
0 1 61345
0 1 61346
0 1 61347
0 1 61348
0 1 61349
0 1 61351
0 1 61353
0 1 61356
0 1 61357
0 1 61358
0 1 61359
0 1 61361
0 1 61362
0 1 61363
0 1 61364
0 1 61365
0 1 61367
0 1 61368
0 1 61369
0 1 61371
0 1 61373
0 1 61375
0 1 61376
0 1 61381
0 1 61382
0 1 61385
0 1 61386
0 1 61387
0 1 61388
0 1 61390
0 1 61391
0 1 61392
0 1 61393
0 1 61395
0 1 61396
0 1 61397
0 1 61399
0 1 61400
0 1 61401
0 1 61402
0 1 61403
0 1 61404
0 1 61410
0 1 61412
0 1 61413
0 1 61415
0 1 61417
0 1 61418
0 1 61420
0 1 61421
0 1 61422
0 1 61423
0 1 61425
0 1 61427
0 1 61428
0 1 61429
0 1 61430
0 1 61431
0 1 61432
0 1 61433
0 1 61435
0 1 61436
0 1 61437
0 1 61441
0 1 61443
0 1 61444
0 1 61445
0 1 61446
0 1 61448
0 1 61449
0 1 61450
0 1 61454
0 1 61455
0 1 61456
0 1 61458
0 1 61459
0 1 61461
0 1 61463
0 1 61464
0 1 61466
0 1 61467
0 1 61468
0 1 61469
0 1 61471
0 1 61472
0 1 61476
0 1 61477
0 1 61479
0 1 61480
0 1 61481
0 1 61482
0 1 61483
0 1 61485
0 1 61487
0 1 61490
0 1 61491
0 1 61493
0 1 61494
0 1 61495
0 1 61498
0 1 61499
0 1 61503
0 1 61504
0 1 61505
0 1 61507
0 1 61508
0 1 61510
0 1 61513
0 1 61515
0 1 61518
0 1 61520
0 1 61521
0 1 61524
0 1 61525
0 1 61526
0 1 61527
0 1 61529
0 1 61531
0 1 61532
0 1 61535
0 1 61537
0 1 61538
0 1 61541
0 1 61542
0 1 61543
0 1 61544
0 1 61546
0 1 61549
0 1 61550
0 1 61552
0 1 61553
0 1 61556
0 1 61558
0 1 61559
0 1 61563
0 1 61564
0 1 61565
0 1 61566
0 1 61567
0 1 61568
0 1 61570
0 1 61576
0 1 61577
0 1 61579
0 1 61582
0 1 61583
0 1 61585
0 1 61586
0 1 61587
0 1 61588
0 1 61591
0 1 61592
0 1 61593
0 1 61595
0 1 61601
0 1 61602
0 1 61604
0 1 61607
0 1 61609
0 1 61611
0 1 61613
0 1 61614
0 1 61615
0 1 61621
0 1 61622
0 1 61623
0 1 61624
0 1 61626
0 1 61628
0 1 61629
0 1 61630
0 1 61631
0 1 61632
0 1 61633
0 1 61634
0 1 61637
0 1 61638
0 1 61639
0 1 61641
0 1 61643
0 1 61644
0 1 61645
0 1 61647
0 1 61648
0 1 61649
0 1 61651
0 1 61652
0 1 61655
0 1 61657
0 1 61658
0 1 61661
0 1 61665
0 1 61667
0 1 61668
0 1 61670
0 1 61671
0 1 61672
0 1 61673
0 1 61675
0 1 61677
0 1 61678
0 1 61679
0 1 61683
0 1 61685
0 1 61687
0 1 61689
0 1 61691
0 1 61692
0 1 61693
0 1 61695
0 1 61696
0 1 61697
0 1 61698
0 1 61700
0 1 61706
0 1 61708
0 1 61709
0 1 61711
0 1 61712
0 1 61715
0 1 61716
0 1 61719
0 1 61720
0 1 61721
0 1 61722
0 1 61725
0 1 61726
0 1 61727
0 1 61728
0 1 61731
0 1 61733
0 1 61734
0 1 61736
0 1 61739
0 1 61740
0 1 61741
0 1 61742
0 1 61743
0 1 61744
0 1 61749
0 1 61750
0 1 61751
0 1 61752
0 1 61753
0 1 61755
0 1 61758
0 1 61760
0 1 61761
0 1 61766
0 1 61767
0 1 61771
0 1 61774
0 1 61775
0 1 61777
0 1 61783
0 1 61784
0 1 61785
0 1 61787
0 1 61788
0 1 61789
0 1 61790
0 1 61791
0 1 61793
0 1 61794
0 1 61795
0 1 61796
0 1 61799
0 1 61800
0 1 61804
0 1 61806
0 1 61808
0 1 61809
0 1 61811
0 1 61813
0 1 61814
0 1 61816
0 1 61818
0 1 61819
0 1 61820
0 1 61821
0 1 61823
0 1 61825
0 1 61826
0 1 61827
0 1 61828
0 1 61831
0 1 61832
0 1 61834
0 1 61836
0 1 61837
0 1 61839
0 1 61840
0 1 61841
0 1 61842
0 1 61844
0 1 61846
0 1 61847
0 1 61848
0 1 61852
0 1 61853
0 1 61856
0 1 61857
0 1 61859
0 1 61860
0 1 61861
0 1 61867
0 1 61868
0 1 61869
0 1 61870
0 1 61873
0 1 61875
0 1 61876
0 1 61877
0 1 61879
0 1 61882
0 1 61883
0 1 61884
0 1 61885
0 1 61886
0 1 61889
0 1 61890
0 1 61892
0 1 61894
0 1 61895
0 1 61897
0 1 61901
0 1 61903
0 1 61904
0 1 61905
0 1 61906
0 1 61909
0 1 61910
0 1 61912
0 1 61916
0 1 61917
0 1 61918
0 1 61920
0 1 61921
0 1 61922
0 1 61926
0 1 61927
0 1 61928
0 1 61929
0 1 61930
0 1 61932
0 1 61933
0 1 61934
0 1 61935
0 1 61936
0 1 61939
0 1 61940
0 1 61943
0 1 61944
0 1 61946
0 1 61948
0 1 61949
0 1 61950
0 1 61951
0 1 61952
0 1 61953
0 1 61954
0 1 61955
0 1 61956
0 1 61958
0 1 61959
0 1 61962
0 1 61963
0 1 61964
0 1 61965
0 1 61966
0 1 61968
0 1 61969
0 1 61974
0 1 61975
0 1 61977
0 1 61979
0 1 61981
0 1 61983
0 1 61988
0 1 61989
0 1 61996
0 1 61998
0 1 61999
0 1 62000
0 1 62001
0 1 62002
0 1 62003
0 1 62004
0 1 62006
0 1 62007
0 1 62008
0 1 62010
0 1 62012
0 1 62015
0 1 62016
0 1 62017
0 1 62021
0 1 62022
0 1 62023
0 1 62024
0 1 62026
0 1 62031
0 1 62032
0 1 62037
0 1 62038
0 1 62039
0 1 62041
0 1 62042
0 1 62047
0 1 62048
0 1 62050
0 1 62051
0 1 62052
0 1 62057
0 1 62058
0 1 62059
0 1 62060
0 1 62061
0 1 62062
0 1 62063
0 1 62068
0 1 62072
0 1 62075
0 1 62077
0 1 62078
0 1 62081
0 1 62082
0 1 62084
0 1 62085
0 1 62086
0 1 62089
0 1 62090
0 1 62091
0 1 62095
0 1 62096
0 1 62097
0 1 62099
0 1 62103
0 1 62104
0 1 62105
0 1 62109
0 1 62110
0 1 62111
0 1 62113
0 1 62114
0 1 62115
0 1 62117
0 1 62118
0 1 62119
0 1 62120
0 1 62123
0 1 62124
0 1 62128
0 1 62133
0 1 62134
0 1 62137
0 1 62138
0 1 62142
0 1 62147
0 1 62149
0 1 62150
0 1 62153
0 1 62154
0 1 62156
0 1 62159
0 1 62162
0 1 62163
0 1 62165
0 1 62167
0 1 62168
0 1 62170
0 1 62174
0 1 62176
0 1 62177
0 1 62178
0 1 62180
0 1 62182
0 1 62183
0 1 62185
0 1 62186
0 1 62187
0 1 62188
0 1 62189
0 1 62190
0 1 62192
0 1 62194
0 1 62195
0 1 62196
0 1 62197
0 1 62199
0 1 62200
0 1 62201
0 1 62202
0 1 62204
0 1 62207
0 1 62208
0 1 62210
0 1 62211
0 1 62213
0 1 62214
0 1 62215
0 1 62216
0 1 62218
0 1 62219
0 1 62220
0 1 62224
0 1 62226
0 1 62227
0 1 62228
0 1 62229
0 1 62230
0 1 62232
0 1 62237
0 1 62238
0 1 62239
0 1 62240
0 1 62241
0 1 62242
0 1 62244
0 1 62245
0 1 62246
0 1 62247
0 1 62248
0 1 62250
0 1 62251
0 1 62252
0 1 62253
0 1 62254
0 1 62255
0 1 62256
0 1 62257
0 1 62259
0 1 62260
0 1 62262
0 1 62263
0 1 62265
0 1 62266
0 1 62269
0 1 62270
0 1 62271
0 1 62272
0 1 62273
0 1 62275
0 1 62277
0 1 62278
0 1 62279
0 1 62280
0 1 62282
0 1 62284
0 1 62287
0 1 62289
0 1 62291
0 1 62292
0 1 62293
0 1 62294
0 1 62295
0 1 62296
0 1 62297
0 1 62298
0 1 62299
0 1 62300
0 1 62303
0 1 62304
0 1 62305
0 1 62306
0 1 62308
0 1 62309
0 1 62310
0 1 62312
0 1 62315
0 1 62318
0 1 62319
0 1 62323
0 1 62325
0 1 62327
0 1 62328
0 1 62330
0 1 62334
0 1 62339
0 1 62340
0 1 62343
0 1 62344
0 1 62345
0 1 62347
0 1 62348
0 1 62349
0 1 62350
0 1 62357
0 1 62359
0 1 62361
0 1 62362
0 1 62363
0 1 62365
0 1 62367
0 1 62373
0 1 62374
0 1 62375
0 1 62377
0 1 62382
0 1 62383
0 1 62385
0 1 62389
0 1 62390
0 1 62391
0 1 62393
0 1 62394
0 1 62395
0 1 62397
0 1 62398
0 1 62399
0 1 62400
0 1 62401
0 1 62402
0 1 62403
0 1 62405
0 1 62406
0 1 62408
0 1 62409
0 1 62411
0 1 62412
0 1 62413
0 1 62415
0 1 62416
0 1 62417
0 1 62419
0 1 62421
0 1 62424
0 1 62426
0 1 62427
0 1 62429
0 1 62430
0 1 62431
0 1 62433
0 1 62436
0 1 62437
0 1 62440
0 1 62441
0 1 62442
0 1 62443
0 1 62445
0 1 62447
0 1 62449
0 1 62450
0 1 62451
0 1 62454
0 1 62455
0 1 62459
0 1 62460
0 1 62464
0 1 62467
0 1 62469
0 1 62472
0 1 62473
0 1 62474
0 1 62476
0 1 62480
0 1 62483
0 1 62485
0 1 62486
0 1 62488
0 1 62491
0 1 62492
0 1 62493
0 1 62494
0 1 62495
0 1 62497
0 1 62498
0 1 62500
0 1 62501
0 1 62503
0 1 62504
0 1 62505
0 1 62506
0 1 62507
0 1 62508
0 1 62509
0 1 62510
0 1 62511
0 1 62512
0 1 62514
0 1 62515
0 1 62516
0 1 62517
0 1 62518
0 1 62519
0 1 62522
0 1 62523
0 1 62524
0 1 62525
0 1 62528
0 1 62529
0 1 62535
0 1 62536
0 1 62538
0 1 62539
0 1 62542
0 1 62546
0 1 62555
0 1 62557
0 1 62558
0 1 62559
0 1 62560
0 1 62562
0 1 62565
0 1 62566
0 1 62569
0 1 62570
0 1 62572
0 1 62575
0 1 62577
0 1 62578
0 1 62579
0 1 62581
0 1 62583
0 1 62585
0 1 62588
0 1 62591
0 1 62592
0 1 62594
0 1 62595
0 1 62599
0 1 62600
0 1 62601
0 1 62602
0 1 62604
0 1 62605
0 1 62607
0 1 62608
0 1 62609
0 1 62610
0 1 62611
0 1 62612
0 1 62614
0 1 62618
0 1 62620
0 1 62622
0 1 62623
0 1 62624
0 1 62625
0 1 62626
0 1 62628
0 1 62630
0 1 62634
0 1 62635
0 1 62638
0 1 62639
0 1 62641
0 1 62642
0 1 62643
0 1 62644
0 1 62647
0 1 62649
0 1 62650
0 1 62651
0 1 62652
0 1 62654
0 1 62656
0 1 62657
0 1 62658
0 1 62659
0 1 62660
0 1 62662
0 1 62663
0 1 62664
0 1 62665
0 1 62667
0 1 62669
0 1 62671
0 1 62672
0 1 62675
0 1 62676
0 1 62677
0 1 62680
0 1 62683
0 1 62684
0 1 62686
0 1 62687
0 1 62688
0 1 62689
0 1 62690
0 1 62691
0 1 62693
0 1 62694
0 1 62695
0 1 62696
0 1 62700
0 1 62701
0 1 62705
0 1 62708
0 1 62709
0 1 62710
0 1 62712
0 1 62713
0 1 62716
0 1 62719
0 1 62720
0 1 62722
0 1 62723
0 1 62724
0 1 62725
0 1 62726
0 1 62727
0 1 62730
0 1 62733
0 1 62738
0 1 62740
0 1 62743
0 1 62744
0 1 62745
0 1 62749
0 1 62750
0 1 62752
0 1 62754
0 1 62755
0 1 62758
0 1 62760
0 1 62761
0 1 62762
0 1 62763
0 1 62764
0 1 62765
0 1 62769
0 1 62770
0 1 62773
0 1 62775
0 1 62776
0 1 62777
0 1 62778
0 1 62781
0 1 62782
0 1 62783
0 1 62784
0 1 62785
0 1 62786
0 1 62787
0 1 62788
0 1 62789
0 1 62790
0 1 62792
0 1 62794
0 1 62796
0 1 62799
0 1 62800
0 1 62806
0 1 62807
0 1 62808
0 1 62810
0 1 62811
0 1 62812
0 1 62813
0 1 62814
0 1 62816
0 1 62818
0 1 62820
0 1 62821
0 1 62822
0 1 62824
0 1 62827
0 1 62828
0 1 62829
0 1 62831
0 1 62834
0 1 62837
0 1 62840
0 1 62842
0 1 62844
0 1 62845
0 1 62847
0 1 62848
0 1 62850
0 1 62852
0 1 62853
0 1 62855
0 1 62856
0 1 62857
0 1 62861
0 1 62862
0 1 62865
0 1 62867
0 1 62868
0 1 62869
0 1 62870
0 1 62871
0 1 62872
0 1 62873
0 1 62876
0 1 62877
0 1 62878
0 1 62882
0 1 62883
0 1 62885
0 1 62887
0 1 62888
0 1 62889
0 1 62890
0 1 62891
0 1 62894
0 1 62896
0 1 62898
0 1 62899
0 1 62900
0 1 62902
0 1 62905
0 1 62906
0 1 62907
0 1 62908
0 1 62909
0 1 62913
0 1 62915
0 1 62916
0 1 62918
0 1 62919
0 1 62921
0 1 62922
0 1 62928
0 1 62929
0 1 62930
0 1 62933
0 1 62935
0 1 62936
0 1 62938
0 1 62939
0 1 62940
0 1 62941
0 1 62942
0 1 62946
0 1 62947
0 1 62948
0 1 62949
0 1 62950
0 1 62951
0 1 62953
0 1 62956
0 1 62958
0 1 62960
0 1 62962
0 1 62963
0 1 62965
0 1 62966
0 1 62968
0 1 62969
0 1 62970
0 1 62971
0 1 62972
0 1 62973
0 1 62974
0 1 62976
0 1 62977
0 1 62978
0 1 62979
0 1 62980
0 1 62981
0 1 62982
0 1 62984
0 1 62985
0 1 62987
0 1 62990
0 1 62991
0 1 62993
0 1 62994
0 1 62998
0 1 63000
0 1 63004
0 1 63009
0 1 63010
0 1 63013
0 1 63014
0 1 63015
0 1 63016
0 1 63017
0 1 63018
0 1 63020
0 1 63021
0 1 63022
0 1 63023
0 1 63024
0 1 63027
0 1 63028
0 1 63029
0 1 63030
0 1 63032
0 1 63033
0 1 63035
0 1 63036
0 1 63037
0 1 63038
0 1 63039
0 1 63040
0 1 63041
0 1 63043
0 1 63044
0 1 63049
0 1 63050
0 1 63051
0 1 63054
0 1 63056
0 1 63057
0 1 63058
0 1 63059
0 1 63062
0 1 63064
0 1 63065
0 1 63066
0 1 63067
0 1 63068
0 1 63071
0 1 63073
0 1 63075
0 1 63076
0 1 63078
0 1 63081
0 1 63083
0 1 63085
0 1 63086
0 1 63087
0 1 63089
0 1 63090
0 1 63091
0 1 63092
0 1 63094
0 1 63095
0 1 63096
0 1 63098
0 1 63099
0 1 63102
0 1 63106
0 1 63107
0 1 63109
0 1 63110
0 1 63111
0 1 63112
0 1 63113
0 1 63114
0 1 63118
0 1 63121
0 1 63123
0 1 63124
0 1 63125
0 1 63127
0 1 63128
0 1 63132
0 1 63133
0 1 63134
0 1 63136
0 1 63137
0 1 63140
0 1 63141
0 1 63142
0 1 63143
0 1 63145
0 1 63147
0 1 63148
0 1 63150
0 1 63152
0 1 63154
0 1 63155
0 1 63156
0 1 63158
0 1 63159
0 1 63160
0 1 63163
0 1 63164
0 1 63165
0 1 63166
0 1 63168
0 1 63170
0 1 63172
0 1 63173
0 1 63174
0 1 63175
0 1 63178
0 1 63181
0 1 63183
0 1 63184
0 1 63188
0 1 63189
0 1 63190
0 1 63191
0 1 63192
0 1 63194
0 1 63197
0 1 63198
0 1 63199
0 1 63200
0 1 63201
0 1 63203
0 1 63206
0 1 63207
0 1 63209
0 1 63210
0 1 63211
0 1 63212
0 1 63213
0 1 63214
0 1 63215
0 1 63216
0 1 63218
0 1 63220
0 1 63221
0 1 63222
0 1 63223
0 1 63227
0 1 63228
0 1 63229
0 1 63230
0 1 63231
0 1 63236
0 1 63238
0 1 63240
0 1 63241
0 1 63243
0 1 63244
0 1 63245
0 1 63247
0 1 63248
0 1 63249
0 1 63252
0 1 63254
0 1 63255
0 1 63256
0 1 63258
0 1 63259
0 1 63260
0 1 63262
0 1 63265
0 1 63270
0 1 63271
0 1 63272
0 1 63276
0 1 63277
0 1 63278
0 1 63280
0 1 63281
0 1 63282
0 1 63284
0 1 63287
0 1 63288
0 1 63290
0 1 63291
0 1 63292
0 1 63293
0 1 63295
0 1 63298
0 1 63299
0 1 63300
0 1 63303
0 1 63313
0 1 63314
0 1 63316
0 1 63317
0 1 63319
0 1 63320
0 1 63321
0 1 63322
0 1 63323
0 1 63324
0 1 63326
0 1 63329
0 1 63330
0 1 63332
0 1 63333
0 1 63337
0 1 63339
0 1 63341
0 1 63342
0 1 63343
0 1 63345
0 1 63348
0 1 63350
0 1 63351
0 1 63352
0 1 63353
0 1 63354
0 1 63356
0 1 63358
0 1 63361
0 1 63363
0 1 63364
0 1 63366
0 1 63372
0 1 63373
0 1 63375
0 1 63378
0 1 63380
0 1 63381
0 1 63382
0 1 63386
0 1 63387
0 1 63388
0 1 63391
0 1 63396
0 1 63397
0 1 63398
0 1 63399
0 1 63400
0 1 63401
0 1 63403
0 1 63409
0 1 63410
0 1 63414
0 1 63415
0 1 63417
0 1 63418
0 1 63419
0 1 63423
0 1 63424
0 1 63427
0 1 63428
0 1 63429
0 1 63430
0 1 63431
0 1 63432
0 1 63433
0 1 63434
0 1 63435
0 1 63436
0 1 63437
0 1 63438
0 1 63440
0 1 63442
0 1 63443
0 1 63445
0 1 63446
0 1 63447
0 1 63448
0 1 63449
0 1 63450
0 1 63453
0 1 63454
0 1 63455
0 1 63456
0 1 63459
0 1 63464
0 1 63465
0 1 63466
0 1 63467
0 1 63469
0 1 63470
0 1 63471
0 1 63472
0 1 63473
0 1 63474
0 1 63475
0 1 63477
0 1 63478
0 1 63479
0 1 63483
0 1 63484
0 1 63486
0 1 63489
0 1 63490
0 1 63491
0 1 63492
0 1 63494
0 1 63495
0 1 63498
0 1 63499
0 1 63500
0 1 63501
0 1 63502
0 1 63505
0 1 63507
0 1 63508
0 1 63511
0 1 63512
0 1 63516
0 1 63517
0 1 63518
0 1 63519
0 1 63523
0 1 63524
0 1 63525
0 1 63526
0 1 63527
0 1 63528
0 1 63529
0 1 63532
0 1 63533
0 1 63536
0 1 63537
0 1 63538
0 1 63539
0 1 63540
0 1 63542
0 1 63543
0 1 63544
0 1 63545
0 1 63546
0 1 63548
0 1 63549
0 1 63550
0 1 63551
0 1 63552
0 1 63555
0 1 63556
0 1 63557
0 1 63558
0 1 63559
0 1 63560
0 1 63561
0 1 63563
0 1 63564
0 1 63565
0 1 63566
0 1 63567
0 1 63568
0 1 63569
0 1 63573
0 1 63574
0 1 63575
0 1 63577
0 1 63578
0 1 63579
0 1 63583
0 1 63584
0 1 63585
0 1 63588
0 1 63594
0 1 63595
0 1 63601
0 1 63602
0 1 63603
0 1 63605
0 1 63607
0 1 63608
0 1 63609
0 1 63614
0 1 63615
0 1 63617
0 1 63619
0 1 63620
0 1 63622
0 1 63626
0 1 63627
0 1 63631
0 1 63634
0 1 63637
0 1 63638
0 1 63640
0 1 63641
0 1 63642
0 1 63643
0 1 63646
0 1 63648
0 1 63649
0 1 63650
0 1 63651
0 1 63652
0 1 63655
0 1 63657
0 1 63658
0 1 63659
0 1 63660
0 1 63661
0 1 63662
0 1 63663
0 1 63664
0 1 63666
0 1 63667
0 1 63668
0 1 63669
0 1 63670
0 1 63671
0 1 63672
0 1 63673
0 1 63675
0 1 63676
0 1 63679
0 1 63680
0 1 63681
0 1 63683
0 1 63684
0 1 63685
0 1 63686
0 1 63691
0 1 63693
0 1 63695
0 1 63696
0 1 63699
0 1 63700
0 1 63701
0 1 63704
0 1 63705
0 1 63706
0 1 63707
0 1 63716
0 1 63717
0 1 63719
0 1 63720
0 1 63721
0 1 63722
0 1 63724
0 1 63726
0 1 63727
0 1 63728
0 1 63730
0 1 63731
0 1 63732
0 1 63733
0 1 63737
0 1 63738
0 1 63739
0 1 63740
0 1 63743
0 1 63745
0 1 63748
0 1 63750
0 1 63751
0 1 63753
0 1 63755
0 1 63760
0 1 63761
0 1 63764
0 1 63765
0 1 63767
0 1 63768
0 1 63769
0 1 63770
0 1 63771
0 1 63772
0 1 63774
0 1 63775
0 1 63776
0 1 63777
0 1 63779
0 1 63780
0 1 63781
0 1 63782
0 1 63786
0 1 63789
0 1 63791
0 1 63792
0 1 63793
0 1 63795
0 1 63796
0 1 63797
0 1 63798
0 1 63799
0 1 63801
0 1 63802
0 1 63803
0 1 63804
0 1 63805
0 1 63806
0 1 63807
0 1 63809
0 1 63811
0 1 63815
0 1 63816
0 1 63818
0 1 63819
0 1 63820
0 1 63822
0 1 63823
0 1 63824
0 1 63825
0 1 63828
0 1 63831
0 1 63832
0 1 63833
0 1 63835
0 1 63837
0 1 63838
0 1 63839
0 1 63840
0 1 63841
0 1 63843
0 1 63844
0 1 63845
0 1 63846
0 1 63847
0 1 63848
0 1 63849
0 1 63850
0 1 63851
0 1 63852
0 1 63853
0 1 63854
0 1 63857
0 1 63858
0 1 63860
0 1 63862
0 1 63866
0 1 63868
0 1 63869
0 1 63870
0 1 63871
0 1 63872
0 1 63874
0 1 63877
0 1 63878
0 1 63879
0 1 63881
0 1 63882
0 1 63885
0 1 63886
0 1 63887
0 1 63890
0 1 63891
0 1 63892
0 1 63893
0 1 63894
0 1 63895
0 1 63896
0 1 63898
0 1 63900
0 1 63901
0 1 63902
0 1 63903
0 1 63905
0 1 63906
0 1 63908
0 1 63909
0 1 63910
0 1 63911
0 1 63912
0 1 63913
0 1 63914
0 1 63919
0 1 63920
0 1 63921
0 1 63922
0 1 63923
0 1 63928
0 1 63929
0 1 63930
0 1 63931
0 1 63933
0 1 63934
0 1 63935
0 1 63938
0 1 63939
0 1 63941
0 1 63942
0 1 63943
0 1 63944
0 1 63945
0 1 63946
0 1 63949
0 1 63950
0 1 63952
0 1 63953
0 1 63955
0 1 63956
0 1 63959
0 1 63960
0 1 63961
0 1 63964
0 1 63965
0 1 63966
0 1 63967
0 1 63970
0 1 63971
0 1 63975
0 1 63976
0 1 63978
0 1 63980
0 1 63982
0 1 63983
0 1 63987
0 1 63991
0 1 63993
0 1 63995
0 1 63996
0 1 63997
0 1 63998
0 1 63999
0 1 64000
0 1 64001
0 1 64002
0 1 64004
0 1 64006
0 1 64009
0 1 64010
0 1 64012
0 1 64013
0 1 64016
0 1 64018
0 1 64019
0 1 64020
0 1 64022
0 1 64023
0 1 64026
0 1 64027
0 1 64028
0 1 64029
0 1 64031
0 1 64032
0 1 64033
0 1 64037
0 1 64038
0 1 64040
0 1 64041
0 1 64042
0 1 64044
0 1 64045
0 1 64046
0 1 64047
0 1 64049
0 1 64051
0 1 64052
0 1 64053
0 1 64056
0 1 64057
0 1 64058
0 1 64059
0 1 64060
0 1 64061
0 1 64063
0 1 64066
0 1 64067
0 1 64068
0 1 64070
0 1 64071
0 1 64072
0 1 64073
0 1 64076
0 1 64077
0 1 64078
0 1 64079
0 1 64080
0 1 64081
0 1 64082
0 1 64083
0 1 64084
0 1 64087
0 1 64088
0 1 64089
0 1 64092
0 1 64093
0 1 64094
0 1 64095
0 1 64096
0 1 64098
0 1 64099
0 1 64101
0 1 64105
0 1 64108
0 1 64111
0 1 64115
0 1 64116
0 1 64118
0 1 64120
0 1 64122
0 1 64123
0 1 64124
0 1 64126
0 1 64132
0 1 64134
0 1 64135
0 1 64136
0 1 64137
0 1 64138
0 1 64139
0 1 64140
0 1 64141
0 1 64142
0 1 64143
0 1 64144
0 1 64145
0 1 64146
0 1 64147
0 1 64148
0 1 64149
0 1 64152
0 1 64154
0 1 64156
0 1 64158
0 1 64160
0 1 64161
0 1 64163
0 1 64164
0 1 64166
0 1 64167
0 1 64168
0 1 64169
0 1 64170
0 1 64173
0 1 64174
0 1 64176
0 1 64177
0 1 64178
0 1 64179
0 1 64180
0 1 64181
0 1 64183
0 1 64184
0 1 64185
0 1 64186
0 1 64187
0 1 64189
0 1 64190
0 1 64192
0 1 64193
0 1 64194
0 1 64195
0 1 64196
0 1 64197
0 1 64199
0 1 64200
0 1 64201
0 1 64202
0 1 64203
0 1 64204
0 1 64205
0 1 64206
0 1 64207
0 1 64210
0 1 64211
0 1 64212
0 1 64215
0 1 64216
0 1 64217
0 1 64219
0 1 64222
0 1 64224
0 1 64225
0 1 64226
0 1 64230
0 1 64231
0 1 64232
0 1 64234
0 1 64235
0 1 64238
0 1 64239
0 1 64241
0 1 64243
0 1 64244
0 1 64245
0 1 64247
0 1 64248
0 1 64251
0 1 64252
0 1 64255
0 1 64256
0 1 64258
0 1 64260
0 1 64261
0 1 64262
0 1 64264
0 1 64265
0 1 64266
0 1 64268
0 1 64269
0 1 64270
0 1 64272
0 1 64273
0 1 64275
0 1 64277
0 1 64278
0 1 64279
0 1 64281
0 1 64284
0 1 64285
0 1 64287
0 1 64292
0 1 64295
0 1 64297
0 1 64300
0 1 64303
0 1 64309
0 1 64311
0 1 64312
0 1 64313
0 1 64315
0 1 64317
0 1 64318
0 1 64321
0 1 64323
0 1 64324
0 1 64325
0 1 64327
0 1 64328
0 1 64330
0 1 64331
0 1 64333
0 1 64334
0 1 64335
0 1 64336
0 1 64338
0 1 64339
0 1 64340
0 1 64341
0 1 64343
0 1 64348
0 1 64351
0 1 64356
0 1 64358
0 1 64359
0 1 64361
0 1 64362
0 1 64363
0 1 64364
0 1 64365
0 1 64366
0 1 64367
0 1 64368
0 1 64369
0 1 64370
0 1 64371
0 1 64372
0 1 64373
0 1 64374
0 1 64376
0 1 64377
0 1 64378
0 1 64379
0 1 64380
0 1 64382
0 1 64383
0 1 64384
0 1 64385
0 1 64386
0 1 64387
0 1 64388
0 1 64390
0 1 64391
0 1 64392
0 1 64394
0 1 64397
0 1 64398
0 1 64400
0 1 64401
0 1 64403
0 1 64404
0 1 64405
0 1 64407
0 1 64408
0 1 64410
0 1 64413
0 1 64417
0 1 64421
0 1 64424
0 1 64425
0 1 64427
0 1 64429
0 1 64430
0 1 64431
0 1 64432
0 1 64435
0 1 64437
0 1 64438
0 1 64439
0 1 64440
0 1 64442
0 1 64443
0 1 64445
0 1 64446
0 1 64448
0 1 64449
0 1 64450
0 1 64451
0 1 64452
0 1 64453
0 1 64455
0 1 64456
0 1 64457
0 1 64458
0 1 64460
0 1 64462
0 1 64464
0 1 64465
0 1 64468
0 1 64469
0 1 64470
0 1 64472
0 1 64473
0 1 64474
0 1 64475
0 1 64477
0 1 64479
0 1 64483
0 1 64486
0 1 64487
0 1 64490
0 1 64491
0 1 64492
0 1 64493
0 1 64496
0 1 64501
0 1 64502
0 1 64503
0 1 64504
0 1 64505
0 1 64506
0 1 64507
0 1 64508
0 1 64509
0 1 64510
0 1 64511
0 1 64513
0 1 64515
0 1 64517
0 1 64518
0 1 64519
0 1 64521
0 1 64524
0 1 64526
0 1 64527
0 1 64528
0 1 64531
0 1 64532
0 1 64533
0 1 64534
0 1 64536
0 1 64537
0 1 64539
0 1 64541
0 1 64543
0 1 64544
0 1 64545
0 1 64546
0 1 64549
0 1 64550
0 1 64551
0 1 64552
0 1 64553
0 1 64556
0 1 64557
0 1 64558
0 1 64560
0 1 64561
0 1 64565
0 1 64566
0 1 64567
0 1 64568
0 1 64570
0 1 64571
0 1 64575
0 1 64577
0 1 64578
0 1 64580
0 1 64582
0 1 64584
0 1 64585
0 1 64587
0 1 64589
0 1 64591
0 1 64592
0 1 64594
0 1 64597
0 1 64598
0 1 64599
0 1 64600
0 1 64601
0 1 64602
0 1 64603
0 1 64608
0 1 64610
0 1 64611
0 1 64612
0 1 64613
0 1 64615
0 1 64618
0 1 64619
0 1 64620
0 1 64621
0 1 64622
0 1 64624
0 1 64625
0 1 64626
0 1 64627
0 1 64628
0 1 64630
0 1 64631
0 1 64632
0 1 64633
0 1 64634
0 1 64637
0 1 64638
0 1 64640
0 1 64641
0 1 64642
0 1 64644
0 1 64645
0 1 64646
0 1 64647
0 1 64652
0 1 64653
0 1 64655
0 1 64657
0 1 64658
0 1 64660
0 1 64661
0 1 64662
0 1 64663
0 1 64664
0 1 64665
0 1 64666
0 1 64668
0 1 64670
0 1 64671
0 1 64673
0 1 64675
0 1 64678
0 1 64679
0 1 64680
0 1 64681
0 1 64682
0 1 64683
0 1 64685
0 1 64686
0 1 64689
0 1 64692
0 1 64693
0 1 64694
0 1 64695
0 1 64697
0 1 64698
0 1 64700
0 1 64701
0 1 64702
0 1 64703
0 1 64704
0 1 64705
0 1 64707
0 1 64709
0 1 64711
0 1 64712
0 1 64714
0 1 64715
0 1 64718
0 1 64723
0 1 64725
0 1 64726
0 1 64727
0 1 64729
0 1 64730
0 1 64731
0 1 64732
0 1 64733
0 1 64734
0 1 64736
0 1 64737
0 1 64738
0 1 64742
0 1 64743
0 1 64745
0 1 64746
0 1 64747
0 1 64748
0 1 64749
0 1 64752
0 1 64753
0 1 64754
0 1 64755
0 1 64756
0 1 64757
0 1 64759
0 1 64760
0 1 64761
0 1 64762
0 1 64764
0 1 64765
0 1 64767
0 1 64770
0 1 64772
0 1 64776
0 1 64777
0 1 64778
0 1 64779
0 1 64782
0 1 64783
0 1 64784
0 1 64785
0 1 64786
0 1 64788
0 1 64792
0 1 64793
0 1 64794
0 1 64795
0 1 64797
0 1 64800
0 1 64802
0 1 64804
0 1 64805
0 1 64807
0 1 64808
0 1 64809
0 1 64810
0 1 64811
0 1 64814
0 1 64815
0 1 64816
0 1 64817
0 1 64818
0 1 64819
0 1 64822
0 1 64827
0 1 64829
0 1 64830
0 1 64831
0 1 64833
0 1 64835
0 1 64838
0 1 64839
0 1 64840
0 1 64844
0 1 64846
0 1 64847
0 1 64849
0 1 64851
0 1 64852
0 1 64854
0 1 64855
0 1 64856
0 1 64857
0 1 64858
0 1 64860
0 1 64861
0 1 64862
0 1 64865
0 1 64866
0 1 64867
0 1 64869
0 1 64879
0 1 64880
0 1 64881
0 1 64883
0 1 64885
0 1 64887
0 1 64888
0 1 64891
0 1 64893
0 1 64896
0 1 64897
0 1 64898
0 1 64899
0 1 64900
0 1 64901
0 1 64902
0 1 64904
0 1 64905
0 1 64908
0 1 64909
0 1 64910
0 1 64914
0 1 64916
0 1 64917
0 1 64919
0 1 64925
0 1 64926
0 1 64928
0 1 64929
0 1 64932
0 1 64933
0 1 64934
0 1 64937
0 1 64943
0 1 64944
0 1 64947
0 1 64948
0 1 64949
0 1 64950
0 1 64951
0 1 64958
0 1 64961
0 1 64963
0 1 64964
0 1 64967
0 1 64969
0 1 64970
0 1 64971
0 1 64974
0 1 64976
0 1 64978
0 1 64979
0 1 64981
0 1 64983
0 1 64985
0 1 64986
0 1 64990
0 1 64991
0 1 64992
0 1 64994
0 1 64998
0 1 65000
0 1 65003
0 1 65004
0 1 65005
0 1 65006
0 1 65007
0 1 65009
0 1 65011
0 1 65013
0 1 65015
0 1 65017
0 1 65018
0 1 65019
0 1 65020
0 1 65021
0 1 65022
0 1 65024
0 1 65025
0 1 65026
0 1 65027
0 1 65031
0 1 65032
0 1 65033
0 1 65034
0 1 65036
0 1 65038
0 1 65039
0 1 65040
0 1 65043
0 1 65045
0 1 65046
0 1 65047
0 1 65048
0 1 65051
0 1 65054
0 1 65056
0 1 65058
0 1 65060
0 1 65062
0 1 65065
0 1 65067
0 1 65069
0 1 65070
0 1 65072
0 1 65073
0 1 65074
0 1 65075
0 1 65076
0 1 65077
0 1 65080
0 1 65081
0 1 65083
0 1 65085
0 1 65086
0 1 65088
0 1 65089
0 1 65090
0 1 65091
0 1 65093
0 1 65094
0 1 65095
0 1 65097
0 1 65098
0 1 65101
0 1 65102
0 1 65103
0 1 65104
0 1 65105
0 1 65108
0 1 65114
0 1 65115
0 1 65118
0 1 65119
0 1 65120
0 1 65121
0 1 65122
0 1 65123
0 1 65124
0 1 65130
0 1 65131
0 1 65132
0 1 65133
0 1 65134
0 1 65135
0 1 65138
0 1 65139
0 1 65140
0 1 65141
0 1 65142
0 1 65144
0 1 65145
0 1 65146
0 1 65147
0 1 65148
0 1 65151
0 1 65152
0 1 65155
0 1 65157
0 1 65158
0 1 65159
0 1 65163
0 1 65164
0 1 65165
0 1 65168
0 1 65171
0 1 65172
0 1 65173
0 1 65176
0 1 65181
0 1 65182
0 1 65183
0 1 65184
0 1 65185
0 1 65186
0 1 65187
0 1 65188
0 1 65191
0 1 65192
0 1 65194
0 1 65198
0 1 65200
0 1 65201
0 1 65204
0 1 65205
0 1 65206
0 1 65207
0 1 65208
0 1 65210
0 1 65211
0 1 65212
0 1 65213
0 1 65214
0 1 65216
0 1 65218
0 1 65220
0 1 65222
0 1 65227
0 1 65229
0 1 65230
0 1 65232
0 1 65235
0 1 65237
0 1 65238
0 1 65240
0 1 65241
0 1 65242
0 1 65244
0 1 65247
0 1 65248
0 1 65249
0 1 65250
0 1 65252
0 1 65253
0 1 65257
0 1 65261
0 1 65265
0 1 65267
0 1 65269
0 1 65270
0 1 65273
0 1 65276
0 1 65277
0 1 65279
0 1 65280
0 1 65283
0 1 65284
0 1 65285
0 1 65286
0 1 65288
0 1 65289
0 1 65291
0 1 65292
0 1 65295
0 1 65297
0 1 65298
0 1 65300
0 1 65302
0 1 65304
0 1 65305
0 1 65306
0 1 65309
0 1 65310
0 1 65311
0 1 65315
0 1 65316
0 1 65323
0 1 65324
0 1 65325
0 1 65327
0 1 65328
0 1 65329
0 1 65331
0 1 65333
0 1 65335
0 1 65337
0 1 65338
0 1 65339
0 1 65340
0 1 65341
0 1 65342
0 1 65343
0 1 65345
0 1 65346
0 1 65347
0 1 65348
0 1 65350
0 1 65352
0 1 65354
0 1 65355
0 1 65356
0 1 65357
0 1 65359
0 1 65360
0 1 65362
0 1 65363
0 1 65364
0 1 65365
0 1 65366
0 1 65370
0 1 65371
0 1 65372
0 1 65373
0 1 65374
0 1 65375
0 1 65376
0 1 65377
0 1 65382
0 1 65383
0 1 65389
0 1 65390
0 1 65391
0 1 65392
0 1 65393
0 1 65395
0 1 65396
0 1 65397
0 1 65398
0 1 65403
0 1 65404
0 1 65405
0 1 65406
0 1 65409
0 1 65411
0 1 65415
0 1 65416
0 1 65417
0 1 65418
0 1 65419
0 1 65420
0 1 65421
0 1 65423
0 1 65425
0 1 65427
0 1 65428
0 1 65433
0 1 65434
0 1 65436
0 1 65437
0 1 65439
0 1 65440
0 1 65442
0 1 65443
0 1 65444
0 1 65446
0 1 65450
0 1 65451
0 1 65453
0 1 65455
0 1 65457
0 1 65459
0 1 65460
0 1 65461
0 1 65463
0 1 65464
0 1 65467
0 1 65469
0 1 65470
0 1 65471
0 1 65473
0 1 65475
0 1 65477
0 1 65478
0 1 65480
0 1 65481
0 1 65482
0 1 65483
0 1 65485
0 1 65486
0 1 65487
0 1 65492
0 1 65493
0 1 65495
0 1 65496
0 1 65497
0 1 65498
0 1 65499
0 1 65500
0 1 65501
0 1 65503
0 1 65504
0 1 65505
0 1 65506
0 1 65510
0 1 65512
0 1 65513
0 1 65515
0 1 65516
0 1 65517
0 1 65519
0 1 65520
0 1 65521
0 1 65522
0 1 65524
0 1 65525
0 1 65526
0 1 65527
0 1 65529
0 1 65530
0 1 65531
0 1 65534
0 1 65535
0 1 65538
0 1 65539
0 1 65540
0 1 65541
0 1 65543
0 1 65544
0 1 65545
0 1 65546
0 1 65549
0 1 65551
0 1 65552
0 1 65553
0 1 65555
0 1 65556
0 1 65557
0 1 65558
0 1 65560
0 1 65563
0 1 65566
0 1 65567
0 1 65568
0 1 65572
0 1 65573
0 1 65574
0 1 65576
0 1 65579
0 1 65584
0 1 65585
0 1 65587
0 1 65588
0 1 65589
0 1 65590
0 1 65591
0 1 65592
0 1 65593
0 1 65594
0 1 65596
0 1 65597
0 1 65598
0 1 65599
0 1 65600
0 1 65601
0 1 65603
0 1 65604
0 1 65605
0 1 65606
0 1 65607
0 1 65608
0 1 65611
0 1 65612
0 1 65613
0 1 65615
0 1 65617
0 1 65618
0 1 65619
0 1 65620
0 1 65621
0 1 65624
0 1 65625
0 1 65628
0 1 65630
0 1 65631
0 1 65633
0 1 65634
0 1 65638
0 1 65641
0 1 65642
0 1 65643
0 1 65644
0 1 65645
0 1 65647
0 1 65648
0 1 65651
0 1 65653
0 1 65654
0 1 65657
0 1 65658
0 1 65660
0 1 65661
0 1 65663
0 1 65664
0 1 65667
0 1 65669
0 1 65671
0 1 65674
0 1 65677
0 1 65679
0 1 65683
0 1 65685
0 1 65686
0 1 65687
0 1 65688
0 1 65689
0 1 65694
0 1 65695
0 1 65696
0 1 65699
0 1 65701
0 1 65702
0 1 65704
0 1 65705
0 1 65706
0 1 65707
0 1 65708
0 1 65709
0 1 65712
0 1 65713
0 1 65716
0 1 65718
0 1 65719
0 1 65720
0 1 65721
0 1 65723
0 1 65724
0 1 65725
0 1 65727
0 1 65728
0 1 65729
0 1 65731
0 1 65734
0 1 65737
0 1 65741
0 1 65742
0 1 65743
0 1 65746
0 1 65747
0 1 65751
0 1 65752
0 1 65753
0 1 65754
0 1 65758
0 1 65759
0 1 65760
0 1 65761
0 1 65763
0 1 65765
0 1 65766
0 1 65768
0 1 65770
0 1 65771
0 1 65773
0 1 65774
0 1 65775
0 1 65776
0 1 65777
0 1 65778
0 1 65779
0 1 65780
0 1 65783
0 1 65785
0 1 65787
0 1 65790
0 1 65792
0 1 65793
0 1 65796
0 1 65797
0 1 65798
0 1 65801
0 1 65803
0 1 65804
0 1 65805
0 1 65806
0 1 65807
0 1 65811
0 1 65814
0 1 65817
0 1 65818
0 1 65819
0 1 65821
0 1 65824
0 1 65825
0 1 65828
0 1 65829
0 1 65830
0 1 65831
0 1 65832
0 1 65834
0 1 65835
0 1 65836
0 1 65837
0 1 65840
0 1 65843
0 1 65845
0 1 65846
0 1 65847
0 1 65848
0 1 65850
0 1 65851
0 1 65852
0 1 65853
0 1 65854
0 1 65855
0 1 65856
0 1 65857
0 1 65860
0 1 65861
0 1 65862
0 1 65863
0 1 65864
0 1 65869
0 1 65870
0 1 65873
0 1 65874
0 1 65877
0 1 65878
0 1 65880
0 1 65882
0 1 65883
0 1 65886
0 1 65888
0 1 65890
0 1 65891
0 1 65897
0 1 65898
0 1 65899
0 1 65900
0 1 65901
0 1 65903
0 1 65905
0 1 65907
0 1 65910
0 1 65911
0 1 65912
0 1 65914
0 1 65918
0 1 65919
0 1 65921
0 1 65922
0 1 65925
0 1 65926
0 1 65927
0 1 65931
0 1 65934
0 1 65937
0 1 65938
0 1 65939
0 1 65940
0 1 65941
0 1 65944
0 1 65945
0 1 65946
0 1 65947
0 1 65948
0 1 65950
0 1 65951
0 1 65952
0 1 65953
0 1 65957
0 1 65958
0 1 65959
0 1 65960
0 1 65961
0 1 65962
0 1 65963
0 1 65966
0 1 65967
0 1 65969
0 1 65971
0 1 65973
0 1 65974
0 1 65976
0 1 65977
0 1 65980
0 1 65981
0 1 65982
0 1 65983
0 1 65984
0 1 65985
0 1 65986
0 1 65987
0 1 65991
0 1 65992
0 1 65993
0 1 65995
0 1 65996
0 1 65998
0 1 65999
0 1 66000
0 1 66001
0 1 66002
0 1 66003
0 1 66005
0 1 66007
0 1 66009
0 1 66010
0 1 66013
0 1 66014
0 1 66015
0 1 66016
0 1 66017
0 1 66018
0 1 66019
0 1 66020
0 1 66022
0 1 66023
0 1 66026
0 1 66027
0 1 66028
0 1 66029
0 1 66036
0 1 66037
0 1 66038
0 1 66039
0 1 66041
0 1 66042
0 1 66043
0 1 66044
0 1 66045
0 1 66046
0 1 66047
0 1 66048
0 1 66049
0 1 66050
0 1 66051
0 1 66052
0 1 66053
0 1 66056
0 1 66057
0 1 66058
0 1 66060
0 1 66061
0 1 66062
0 1 66063
0 1 66068
0 1 66069
0 1 66070
0 1 66071
0 1 66072
0 1 66075
0 1 66076
0 1 66077
0 1 66078
0 1 66081
0 1 66082
0 1 66083
0 1 66084
0 1 66085
0 1 66086
0 1 66088
0 1 66090
0 1 66091
0 1 66092
0 1 66093
0 1 66094
0 1 66095
0 1 66096
0 1 66097
0 1 66098
0 1 66099
0 1 66100
0 1 66101
0 1 66103
0 1 66106
0 1 66108
0 1 66110
0 1 66111
0 1 66112
0 1 66113
0 1 66114
0 1 66116
0 1 66119
0 1 66120
0 1 66123
0 1 66124
0 1 66125
0 1 66126
0 1 66130
0 1 66132
0 1 66133
0 1 66134
0 1 66135
0 1 66136
0 1 66140
0 1 66141
0 1 66143
0 1 66144
0 1 66145
0 1 66146
0 1 66147
0 1 66148
0 1 66149
0 1 66150
0 1 66151
0 1 66153
0 1 66154
0 1 66155
0 1 66161
0 1 66164
0 1 66165
0 1 66166
0 1 66168
0 1 66170
0 1 66173
0 1 66174
0 1 66175
0 1 66176
0 1 66177
0 1 66179
0 1 66181
0 1 66182
0 1 66185
0 1 66186
0 1 66191
0 1 66192
0 1 66193
0 1 66194
0 1 66196
0 1 66197
0 1 66198
0 1 66201
0 1 66202
0 1 66203
0 1 66206
0 1 66208
0 1 66209
0 1 66210
0 1 66211
0 1 66214
0 1 66215
0 1 66216
0 1 66218
0 1 66219
0 1 66223
0 1 66224
0 1 66225
0 1 66226
0 1 66229
0 1 66230
0 1 66231
0 1 66232
0 1 66233
0 1 66234
0 1 66235
0 1 66236
0 1 66237
0 1 66238
0 1 66239
0 1 66240
0 1 66242
0 1 66243
0 1 66244
0 1 66245
0 1 66246
0 1 66248
0 1 66253
0 1 66255
0 1 66256
0 1 66257
0 1 66259
0 1 66260
0 1 66263
0 1 66264
0 1 66265
0 1 66266
0 1 66267
0 1 66268
0 1 66269
0 1 66271
0 1 66272
0 1 66273
0 1 66275
0 1 66276
0 1 66278
0 1 66280
0 1 66282
0 1 66285
0 1 66287
0 1 66288
0 1 66289
0 1 66290
0 1 66291
0 1 66293
0 1 66294
0 1 66297
0 1 66299
0 1 66300
0 1 66304
0 1 66305
0 1 66306
0 1 66307
0 1 66309
0 1 66310
0 1 66311
0 1 66314
0 1 66317
0 1 66321
0 1 66323
0 1 66326
0 1 66327
0 1 66328
0 1 66329
0 1 66330
0 1 66331
0 1 66332
0 1 66335
0 1 66336
0 1 66337
0 1 66338
0 1 66340
0 1 66341
0 1 66342
0 1 66344
0 1 66345
0 1 66350
0 1 66353
0 1 66354
0 1 66355
0 1 66356
0 1 66357
0 1 66359
0 1 66360
0 1 66361
0 1 66363
0 1 66364
0 1 66365
0 1 66366
0 1 66367
0 1 66368
0 1 66371
0 1 66372
0 1 66374
0 1 66375
0 1 66376
0 1 66377
0 1 66378
0 1 66379
0 1 66383
0 1 66384
0 1 66385
0 1 66386
0 1 66387
0 1 66390
0 1 66391
0 1 66392
0 1 66394
0 1 66395
0 1 66399
0 1 66403
0 1 66405
0 1 66407
0 1 66408
0 1 66411
0 1 66412
0 1 66414
0 1 66416
0 1 66417
0 1 66419
0 1 66420
0 1 66422
0 1 66424
0 1 66425
0 1 66426
0 1 66430
0 1 66433
0 1 66434
0 1 66435
0 1 66436
0 1 66437
0 1 66438
0 1 66439
0 1 66441
0 1 66446
0 1 66447
0 1 66449
0 1 66450
0 1 66451
0 1 66452
0 1 66458
0 1 66459
0 1 66460
0 1 66461
0 1 66462
0 1 66463
0 1 66464
0 1 66466
0 1 66468
0 1 66470
0 1 66472
0 1 66473
0 1 66474
0 1 66475
0 1 66480
0 1 66483
0 1 66484
0 1 66486
0 1 66490
0 1 66491
0 1 66492
0 1 66493
0 1 66494
0 1 66498
0 1 66499
0 1 66501
0 1 66502
0 1 66505
0 1 66506
0 1 66508
0 1 66511
0 1 66512
0 1 66513
0 1 66514
0 1 66515
0 1 66516
0 1 66518
0 1 66519
0 1 66521
0 1 66522
0 1 66524
0 1 66525
0 1 66526
0 1 66531
0 1 66532
0 1 66535
0 1 66538
0 1 66539
0 1 66541
0 1 66543
0 1 66548
0 1 66549
0 1 66550
0 1 66552
0 1 66554
0 1 66555
0 1 66557
0 1 66558
0 1 66559
0 1 66561
0 1 66562
0 1 66563
0 1 66564
0 1 66567
0 1 66570
0 1 66571
0 1 66574
0 1 66576
0 1 66580
0 1 66581
0 1 66583
0 1 66584
0 1 66585
0 1 66586
0 1 66587
0 1 66589
0 1 66590
0 1 66593
0 1 66594
0 1 66595
0 1 66596
0 1 66597
0 1 66600
0 1 66601
0 1 66602
0 1 66605
0 1 66606
0 1 66608
0 1 66609
0 1 66610
0 1 66612
0 1 66613
0 1 66614
0 1 66615
0 1 66618
0 1 66619
0 1 66620
0 1 66621
0 1 66622
0 1 66623
0 1 66624
0 1 66625
0 1 66626
0 1 66627
0 1 66630
0 1 66632
0 1 66639
0 1 66641
0 1 66642
0 1 66646
0 1 66647
0 1 66649
0 1 66650
0 1 66652
0 1 66656
0 1 66657
0 1 66659
0 1 66660
0 1 66662
0 1 66663
0 1 66665
0 1 66667
0 1 66668
0 1 66671
0 1 66672
0 1 66673
0 1 66675
0 1 66677
0 1 66678
0 1 66679
0 1 66681
0 1 66682
0 1 66683
0 1 66684
0 1 66685
0 1 66687
0 1 66688
0 1 66690
0 1 66692
0 1 66695
0 1 66696
0 1 66699
0 1 66700
0 1 66701
0 1 66702
0 1 66703
0 1 66707
0 1 66708
0 1 66710
0 1 66712
0 1 66717
0 1 66718
0 1 66719
0 1 66720
0 1 66726
0 1 66729
0 1 66730
0 1 66733
0 1 66734
0 1 66736
0 1 66737
0 1 66738
0 1 66740
0 1 66741
0 1 66745
0 1 66746
0 1 66747
0 1 66751
0 1 66754
0 1 66756
0 1 66759
0 1 66762
0 1 66763
0 1 66764
0 1 66765
0 1 66769
0 1 66770
0 1 66771
0 1 66772
0 1 66773
0 1 66776
0 1 66777
0 1 66779
0 1 66780
0 1 66782
0 1 66784
0 1 66785
0 1 66786
0 1 66787
0 1 66788
0 1 66792
0 1 66793
0 1 66794
0 1 66795
0 1 66796
0 1 66799
0 1 66800
0 1 66805
0 1 66806
0 1 66808
0 1 66809
0 1 66810
0 1 66812
0 1 66815
0 1 66817
0 1 66818
0 1 66820
0 1 66821
0 1 66822
0 1 66823
0 1 66825
0 1 66826
0 1 66827
0 1 66829
0 1 66830
0 1 66831
0 1 66834
0 1 66838
0 1 66841
0 1 66843
0 1 66844
0 1 66846
0 1 66847
0 1 66848
0 1 66849
0 1 66856
0 1 66861
0 1 66864
0 1 66868
0 1 66869
0 1 66870
0 1 66871
0 1 66872
0 1 66873
0 1 66874
0 1 66878
0 1 66879
0 1 66880
0 1 66881
0 1 66882
0 1 66883
0 1 66885
0 1 66890
0 1 66892
0 1 66893
0 1 66898
0 1 66901
0 1 66903
0 1 66904
0 1 66905
0 1 66906
0 1 66907
0 1 66908
0 1 66909
0 1 66912
0 1 66914
0 1 66916
0 1 66917
0 1 66920
0 1 66921
0 1 66922
0 1 66926
0 1 66927
0 1 66929
0 1 66930
0 1 66934
0 1 66935
0 1 66936
0 1 66937
0 1 66938
0 1 66940
0 1 66942
0 1 66944
0 1 66945
0 1 66946
0 1 66950
0 1 66952
0 1 66953
0 1 66955
0 1 66956
0 1 66957
0 1 66958
0 1 66963
0 1 66964
0 1 66965
0 1 66968
0 1 66969
0 1 66972
0 1 66977
0 1 66978
0 1 66981
0 1 66982
0 1 66983
0 1 66984
0 1 66985
0 1 66986
0 1 66988
0 1 66989
0 1 66991
0 1 66993
0 1 66994
0 1 66995
0 1 66996
0 1 66997
0 1 66998
0 1 66999
0 1 67000
0 1 67002
0 1 67003
0 1 67005
0 1 67006
0 1 67008
0 1 67009
0 1 67010
0 1 67011
0 1 67012
0 1 67014
0 1 67016
0 1 67017
0 1 67018
0 1 67020
0 1 67022
0 1 67025
0 1 67026
0 1 67028
0 1 67029
0 1 67031
0 1 67032
0 1 67034
0 1 67035
0 1 67036
0 1 67037
0 1 67038
0 1 67039
0 1 67043
0 1 67045
0 1 67048
0 1 67049
0 1 67051
0 1 67057
0 1 67058
0 1 67059
0 1 67061
0 1 67064
0 1 67065
0 1 67066
0 1 67067
0 1 67069
0 1 67071
0 1 67072
0 1 67074
0 1 67075
0 1 67078
0 1 67081
0 1 67083
0 1 67084
0 1 67087
0 1 67089
0 1 67093
0 1 67094
0 1 67095
0 1 67097
0 1 67098
0 1 67099
0 1 67102
0 1 67109
0 1 67111
0 1 67113
0 1 67114
0 1 67116
0 1 67117
0 1 67118
0 1 67119
0 1 67120
0 1 67121
0 1 67125
0 1 67126
0 1 67128
0 1 67129
0 1 67131
0 1 67132
0 1 67135
0 1 67138
0 1 67141
0 1 67142
0 1 67143
0 1 67147
0 1 67148
0 1 67149
0 1 67151
0 1 67152
0 1 67154
0 1 67157
0 1 67158
0 1 67159
0 1 67161
0 1 67162
0 1 67163
0 1 67165
0 1 67166
0 1 67167
0 1 67168
0 1 67169
0 1 67170
0 1 67171
0 1 67174
0 1 67178
0 1 67179
0 1 67180
0 1 67182
0 1 67183
0 1 67185
0 1 67186
0 1 67189
0 1 67191
0 1 67192
0 1 67194
0 1 67195
0 1 67197
0 1 67198
0 1 67201
0 1 67202
0 1 67204
0 1 67205
0 1 67206
0 1 67207
0 1 67208
0 1 67209
0 1 67210
0 1 67211
0 1 67212
0 1 67213
0 1 67214
0 1 67215
0 1 67216
0 1 67217
0 1 67218
0 1 67219
0 1 67221
0 1 67222
0 1 67223
0 1 67224
0 1 67225
0 1 67227
0 1 67228
0 1 67229
0 1 67232
0 1 67234
0 1 67235
0 1 67237
0 1 67238
0 1 67241
0 1 67248
0 1 67249
0 1 67250
0 1 67251
0 1 67252
0 1 67254
0 1 67257
0 1 67258
0 1 67261
0 1 67262
0 1 67264
0 1 67265
0 1 67266
0 1 67269
0 1 67270
0 1 67272
0 1 67274
0 1 67275
0 1 67276
0 1 67277
0 1 67278
0 1 67280
0 1 67283
0 1 67286
0 1 67288
0 1 67291
0 1 67292
0 1 67294
0 1 67295
0 1 67296
0 1 67297
0 1 67298
0 1 67299
0 1 67300
0 1 67303
0 1 67306
0 1 67308
0 1 67312
0 1 67314
0 1 67315
0 1 67316
0 1 67317
0 1 67318
0 1 67320
0 1 67321
0 1 67322
0 1 67323
0 1 67324
0 1 67327
0 1 67329
0 1 67330
0 1 67331
0 1 67332
0 1 67333
0 1 67334
0 1 67338
0 1 67339
0 1 67340
0 1 67341
0 1 67345
0 1 67346
0 1 67348
0 1 67352
0 1 67354
0 1 67355
0 1 67357
0 1 67362
0 1 67363
0 1 67364
0 1 67366
0 1 67367
0 1 67370
0 1 67372
0 1 67373
0 1 67374
0 1 67377
0 1 67378
0 1 67379
0 1 67381
0 1 67382
0 1 67383
0 1 67385
0 1 67386
0 1 67387
0 1 67388
0 1 67389
0 1 67390
0 1 67392
0 1 67395
0 1 67396
0 1 67398
0 1 67399
0 1 67402
0 1 67406
0 1 67408
0 1 67409
0 1 67412
0 1 67415
0 1 67416
0 1 67418
0 1 67419
0 1 67421
0 1 67423
0 1 67424
0 1 67425
0 1 67426
0 1 67427
0 1 67429
0 1 67430
0 1 67431
0 1 67432
0 1 67433
0 1 67434
0 1 67436
0 1 67437
0 1 67438
0 1 67440
0 1 67442
0 1 67444
0 1 67445
0 1 67446
0 1 67450
0 1 67452
0 1 67453
0 1 67456
0 1 67457
0 1 67460
0 1 67461
0 1 67462
0 1 67463
0 1 67464
0 1 67465
0 1 67467
0 1 67469
0 1 67471
0 1 67473
0 1 67474
0 1 67475
0 1 67480
0 1 67481
0 1 67483
0 1 67484
0 1 67486
0 1 67487
0 1 67489
0 1 67492
0 1 67493
0 1 67494
0 1 67495
0 1 67496
0 1 67497
0 1 67498
0 1 67500
0 1 67502
0 1 67504
0 1 67505
0 1 67506
0 1 67507
0 1 67509
0 1 67512
0 1 67513
0 1 67514
0 1 67517
0 1 67522
0 1 67523
0 1 67524
0 1 67526
0 1 67527
0 1 67530
0 1 67532
0 1 67534
0 1 67536
0 1 67537
0 1 67538
0 1 67539
0 1 67540
0 1 67542
0 1 67544
0 1 67546
0 1 67547
0 1 67550
0 1 67551
0 1 67553
0 1 67554
0 1 67556
0 1 67557
0 1 67559
0 1 67561
0 1 67564
0 1 67566
0 1 67567
0 1 67568
0 1 67569
0 1 67570
0 1 67574
0 1 67575
0 1 67576
0 1 67579
0 1 67580
0 1 67581
0 1 67583
0 1 67584
0 1 67589
0 1 67592
0 1 67594
0 1 67595
0 1 67596
0 1 67597
0 1 67598
0 1 67599
0 1 67602
0 1 67603
0 1 67604
0 1 67605
0 1 67606
0 1 67608
0 1 67609
0 1 67611
0 1 67615
0 1 67617
0 1 67618
0 1 67619
0 1 67620
0 1 67621
0 1 67623
0 1 67624
0 1 67625
0 1 67629
0 1 67630
0 1 67631
0 1 67632
0 1 67635
0 1 67636
0 1 67637
0 1 67638
0 1 67639
0 1 67640
0 1 67641
0 1 67643
0 1 67648
0 1 67652
0 1 67653
0 1 67654
0 1 67655
0 1 67656
0 1 67657
0 1 67658
0 1 67659
0 1 67660
0 1 67661
0 1 67663
0 1 67665
0 1 67667
0 1 67668
0 1 67669
0 1 67671
0 1 67675
0 1 67678
0 1 67679
0 1 67682
0 1 67684
0 1 67686
0 1 67687
0 1 67689
0 1 67692
0 1 67694
0 1 67696
0 1 67697
0 1 67698
0 1 67699
0 1 67700
0 1 67702
0 1 67704
0 1 67705
0 1 67707
0 1 67709
0 1 67710
0 1 67711
0 1 67714
0 1 67715
0 1 67716
0 1 67717
0 1 67718
0 1 67722
0 1 67723
0 1 67724
0 1 67725
0 1 67730
0 1 67733
0 1 67741
0 1 67743
0 1 67744
0 1 67746
0 1 67748
0 1 67752
0 1 67754
0 1 67755
0 1 67756
0 1 67757
0 1 67758
0 1 67759
0 1 67760
0 1 67763
0 1 67765
0 1 67766
0 1 67767
0 1 67768
0 1 67769
0 1 67770
0 1 67771
0 1 67772
0 1 67775
0 1 67776
0 1 67777
0 1 67779
0 1 67780
0 1 67782
0 1 67783
0 1 67785
0 1 67786
0 1 67788
0 1 67792
0 1 67794
0 1 67795
0 1 67796
0 1 67797
0 1 67798
0 1 67801
0 1 67803
0 1 67805
0 1 67806
0 1 67807
0 1 67808
0 1 67809
0 1 67812
0 1 67814
0 1 67817
0 1 67818
0 1 67820
0 1 67822
0 1 67825
0 1 67826
0 1 67827
0 1 67828
0 1 67831
0 1 67835
0 1 67836
0 1 67838
0 1 67839
0 1 67840
0 1 67842
0 1 67843
0 1 67844
0 1 67846
0 1 67848
0 1 67849
0 1 67850
0 1 67851
0 1 67852
0 1 67854
0 1 67855
0 1 67857
0 1 67860
0 1 67863
0 1 67864
0 1 67865
0 1 67866
0 1 67868
0 1 67870
0 1 67871
0 1 67872
0 1 67877
0 1 67879
0 1 67880
0 1 67881
0 1 67882
0 1 67884
0 1 67885
0 1 67886
0 1 67887
0 1 67888
0 1 67890
0 1 67892
0 1 67894
0 1 67896
0 1 67897
0 1 67899
0 1 67900
0 1 67901
0 1 67903
0 1 67904
0 1 67905
0 1 67907
0 1 67908
0 1 67911
0 1 67912
0 1 67914
0 1 67915
0 1 67917
0 1 67918
0 1 67919
0 1 67920
0 1 67922
0 1 67923
0 1 67924
0 1 67925
0 1 67926
0 1 67928
0 1 67929
0 1 67930
0 1 67931
0 1 67932
0 1 67933
0 1 67935
0 1 67936
0 1 67937
0 1 67938
0 1 67939
0 1 67940
0 1 67944
0 1 67946
0 1 67947
0 1 67948
0 1 67949
0 1 67951
0 1 67952
0 1 67954
0 1 67955
0 1 67956
0 1 67957
0 1 67958
0 1 67960
0 1 67963
0 1 67965
0 1 67966
0 1 67967
0 1 67969
0 1 67973
0 1 67974
0 1 67975
0 1 67977
0 1 67978
0 1 67979
0 1 67980
0 1 67981
0 1 67982
0 1 67983
0 1 67984
0 1 67985
0 1 67986
0 1 67987
0 1 67992
0 1 67993
0 1 67994
0 1 67995
0 1 67996
0 1 67999
0 1 68000
0 1 68005
0 1 68008
0 1 68009
0 1 68011
0 1 68012
0 1 68014
0 1 68015
0 1 68016
0 1 68017
0 1 68019
0 1 68023
0 1 68025
0 1 68026
0 1 68029
0 1 68030
0 1 68031
0 1 68035
0 1 68036
0 1 68038
0 1 68040
0 1 68041
0 1 68042
0 1 68044
0 1 68045
0 1 68046
0 1 68047
0 1 68048
0 1 68049
0 1 68050
0 1 68051
0 1 68053
0 1 68057
0 1 68059
0 1 68061
0 1 68062
0 1 68065
0 1 68066
0 1 68067
0 1 68070
0 1 68071
0 1 68072
0 1 68074
0 1 68076
0 1 68083
0 1 68084
0 1 68085
0 1 68086
0 1 68088
0 1 68090
0 1 68091
0 1 68092
0 1 68093
0 1 68096
0 1 68097
0 1 68098
0 1 68101
0 1 68103
0 1 68106
0 1 68107
0 1 68110
0 1 68112
0 1 68113
0 1 68117
0 1 68118
0 1 68119
0 1 68120
0 1 68121
0 1 68122
0 1 68125
0 1 68126
0 1 68127
0 1 68128
0 1 68129
0 1 68130
0 1 68131
0 1 68132
0 1 68133
0 1 68136
0 1 68138
0 1 68139
0 1 68140
0 1 68141
0 1 68142
0 1 68143
0 1 68144
0 1 68148
0 1 68150
0 1 68151
0 1 68152
0 1 68158
0 1 68159
0 1 68161
0 1 68162
0 1 68163
0 1 68164
0 1 68167
0 1 68168
0 1 68170
0 1 68171
0 1 68172
0 1 68173
0 1 68174
0 1 68175
0 1 68176
0 1 68182
0 1 68184
0 1 68186
0 1 68187
0 1 68188
0 1 68189
0 1 68193
0 1 68194
0 1 68195
0 1 68196
0 1 68198
0 1 68201
0 1 68202
0 1 68203
0 1 68204
0 1 68205
0 1 68206
0 1 68207
0 1 68209
0 1 68210
0 1 68211
0 1 68214
0 1 68217
0 1 68218
0 1 68220
0 1 68221
0 1 68225
0 1 68226
0 1 68230
0 1 68231
0 1 68232
0 1 68233
0 1 68234
0 1 68235
0 1 68237
0 1 68239
0 1 68241
0 1 68242
0 1 68243
0 1 68246
0 1 68247
0 1 68248
0 1 68249
0 1 68250
0 1 68251
0 1 68252
0 1 68254
0 1 68255
0 1 68257
0 1 68258
0 1 68260
0 1 68262
0 1 68264
0 1 68266
0 1 68268
0 1 68269
0 1 68270
0 1 68273
0 1 68275
0 1 68276
0 1 68277
0 1 68278
0 1 68279
0 1 68280
0 1 68281
0 1 68282
0 1 68285
0 1 68286
0 1 68287
0 1 68288
0 1 68289
0 1 68291
0 1 68293
0 1 68296
0 1 68297
0 1 68299
0 1 68300
0 1 68301
0 1 68303
0 1 68305
0 1 68306
0 1 68311
0 1 68312
0 1 68313
0 1 68314
0 1 68315
0 1 68316
0 1 68318
0 1 68322
0 1 68324
0 1 68325
0 1 68326
0 1 68327
0 1 68329
0 1 68330
0 1 68331
0 1 68334
0 1 68336
0 1 68337
0 1 68338
0 1 68339
0 1 68340
0 1 68341
0 1 68342
0 1 68343
0 1 68344
0 1 68345
0 1 68346
0 1 68349
0 1 68353
0 1 68354
0 1 68355
0 1 68357
0 1 68361
0 1 68364
0 1 68365
0 1 68366
0 1 68369
0 1 68371
0 1 68373
0 1 68374
0 1 68376
0 1 68378
0 1 68381
0 1 68384
0 1 68386
0 1 68387
0 1 68388
0 1 68390
0 1 68392
0 1 68393
0 1 68398
0 1 68399
0 1 68400
0 1 68401
0 1 68403
0 1 68408
0 1 68409
0 1 68414
0 1 68415
0 1 68417
0 1 68418
0 1 68419
0 1 68421
0 1 68422
0 1 68423
0 1 68424
0 1 68426
0 1 68428
0 1 68429
0 1 68431
0 1 68432
0 1 68433
0 1 68434
0 1 68435
0 1 68436
0 1 68437
0 1 68439
0 1 68440
0 1 68441
0 1 68442
0 1 68444
0 1 68445
0 1 68446
0 1 68448
0 1 68449
0 1 68451
0 1 68452
0 1 68454
0 1 68455
0 1 68456
0 1 68457
0 1 68458
0 1 68459
0 1 68460
0 1 68463
0 1 68464
0 1 68465
0 1 68466
0 1 68469
0 1 68470
0 1 68471
0 1 68472
0 1 68474
0 1 68476
0 1 68477
0 1 68478
0 1 68479
0 1 68480
0 1 68481
0 1 68482
0 1 68483
0 1 68484
0 1 68487
0 1 68490
0 1 68492
0 1 68493
0 1 68494
0 1 68495
0 1 68496
0 1 68497
0 1 68500
0 1 68502
0 1 68503
0 1 68505
0 1 68506
0 1 68508
0 1 68512
0 1 68513
0 1 68516
0 1 68518
0 1 68519
0 1 68520
0 1 68521
0 1 68522
0 1 68523
0 1 68526
0 1 68527
0 1 68529
0 1 68530
0 1 68532
0 1 68533
0 1 68534
0 1 68535
0 1 68537
0 1 68542
0 1 68543
0 1 68545
0 1 68547
0 1 68548
0 1 68550
0 1 68551
0 1 68553
0 1 68554
0 1 68556
0 1 68558
0 1 68559
0 1 68560
0 1 68561
0 1 68563
0 1 68565
0 1 68567
0 1 68568
0 1 68572
0 1 68574
0 1 68575
0 1 68576
0 1 68577
0 1 68579
0 1 68584
0 1 68585
0 1 68586
0 1 68588
0 1 68589
0 1 68590
0 1 68591
0 1 68592
0 1 68593
0 1 68595
0 1 68597
0 1 68600
0 1 68601
0 1 68603
0 1 68604
0 1 68607
0 1 68608
0 1 68609
0 1 68610
0 1 68612
0 1 68613
0 1 68617
0 1 68618
0 1 68620
0 1 68621
0 1 68622
0 1 68623
0 1 68624
0 1 68625
0 1 68626
0 1 68627
0 1 68629
0 1 68630
0 1 68631
0 1 68632
0 1 68634
0 1 68635
0 1 68636
0 1 68637
0 1 68638
0 1 68641
0 1 68643
0 1 68646
0 1 68649
0 1 68651
0 1 68652
0 1 68655
0 1 68656
0 1 68663
0 1 68664
0 1 68666
0 1 68669
0 1 68671
0 1 68673
0 1 68674
0 1 68679
0 1 68681
0 1 68684
0 1 68685
0 1 68686
0 1 68687
0 1 68688
0 1 68691
0 1 68692
0 1 68696
0 1 68697
0 1 68699
0 1 68701
0 1 68702
0 1 68703
0 1 68706
0 1 68707
0 1 68708
0 1 68715
0 1 68717
0 1 68720
0 1 68726
0 1 68727
0 1 68728
0 1 68737
0 1 68738
0 1 68740
0 1 68741
0 1 68742
0 1 68743
0 1 68744
0 1 68746
0 1 68748
0 1 68750
0 1 68751
0 1 68752
0 1 68753
0 1 68754
0 1 68757
0 1 68758
0 1 68764
0 1 68765
0 1 68766
0 1 68767
0 1 68770
0 1 68771
0 1 68772
0 1 68773
0 1 68774
0 1 68776
0 1 68777
0 1 68778
0 1 68779
0 1 68780
0 1 68782
0 1 68786
0 1 68789
0 1 68790
0 1 68791
0 1 68792
0 1 68795
0 1 68797
0 1 68798
0 1 68799
0 1 68800
0 1 68801
0 1 68802
0 1 68804
0 1 68805
0 1 68806
0 1 68808
0 1 68809
0 1 68810
0 1 68812
0 1 68814
0 1 68815
0 1 68816
0 1 68817
0 1 68818
0 1 68819
0 1 68820
0 1 68821
0 1 68822
0 1 68824
0 1 68825
0 1 68829
0 1 68830
0 1 68831
0 1 68832
0 1 68834
0 1 68835
0 1 68836
0 1 68838
0 1 68839
0 1 68840
0 1 68841
0 1 68842
0 1 68843
0 1 68844
0 1 68845
0 1 68846
0 1 68848
0 1 68849
0 1 68850
0 1 68851
0 1 68854
0 1 68856
0 1 68857
0 1 68858
0 1 68862
0 1 68863
0 1 68865
0 1 68866
0 1 68867
0 1 68868
0 1 68871
0 1 68872
0 1 68873
0 1 68874
0 1 68875
0 1 68877
0 1 68878
0 1 68880
0 1 68882
0 1 68883
0 1 68886
0 1 68887
0 1 68888
0 1 68890
0 1 68892
0 1 68893
0 1 68894
0 1 68895
0 1 68899
0 1 68902
0 1 68903
0 1 68904
0 1 68905
0 1 68906
0 1 68907
0 1 68908
0 1 68909
0 1 68910
0 1 68913
0 1 68916
0 1 68917
0 1 68918
0 1 68919
0 1 68920
0 1 68922
0 1 68923
0 1 68924
0 1 68930
0 1 68933
0 1 68934
0 1 68935
0 1 68936
0 1 68937
0 1 68939
0 1 68940
0 1 68942
0 1 68943
0 1 68947
0 1 68948
0 1 68949
0 1 68950
0 1 68951
0 1 68953
0 1 68956
0 1 68957
0 1 68959
0 1 68962
0 1 68964
0 1 68965
0 1 68966
0 1 68969
0 1 68970
0 1 68972
0 1 68975
0 1 68976
0 1 68977
0 1 68978
0 1 68982
0 1 68983
0 1 68984
0 1 68985
0 1 68988
0 1 68991
0 1 68992
0 1 68993
0 1 68996
0 1 68997
0 1 68998
0 1 68999
0 1 69000
0 1 69001
0 1 69002
0 1 69003
0 1 69005
0 1 69008
0 1 69009
0 1 69010
0 1 69011
0 1 69014
0 1 69015
0 1 69016
0 1 69017
0 1 69018
0 1 69019
0 1 69020
0 1 69023
0 1 69026
0 1 69027
0 1 69028
0 1 69030
0 1 69031
0 1 69032
0 1 69033
0 1 69034
0 1 69035
0 1 69039
0 1 69042
0 1 69043
0 1 69044
0 1 69045
0 1 69046
0 1 69047
0 1 69048
0 1 69050
0 1 69051
0 1 69052
0 1 69055
0 1 69056
0 1 69059
0 1 69061
0 1 69062
0 1 69064
0 1 69067
0 1 69068
0 1 69069
0 1 69071
0 1 69072
0 1 69073
0 1 69074
0 1 69075
0 1 69076
0 1 69077
0 1 69078
0 1 69080
0 1 69081
0 1 69082
0 1 69083
0 1 69084
0 1 69085
0 1 69086
0 1 69087
0 1 69088
0 1 69089
0 1 69091
0 1 69093
0 1 69095
0 1 69098
0 1 69099
0 1 69100
0 1 69101
0 1 69102
0 1 69103
0 1 69104
0 1 69107
0 1 69109
0 1 69110
0 1 69112
0 1 69114
0 1 69116
0 1 69117
0 1 69118
0 1 69120
0 1 69124
0 1 69129
0 1 69131
0 1 69134
0 1 69135
0 1 69136
0 1 69137
0 1 69139
0 1 69140
0 1 69141
0 1 69142
0 1 69143
0 1 69144
0 1 69145
0 1 69146
0 1 69147
0 1 69148
0 1 69151
0 1 69152
0 1 69153
0 1 69154
0 1 69155
0 1 69156
0 1 69157
0 1 69160
0 1 69162
0 1 69167
0 1 69168
0 1 69169
0 1 69170
0 1 69171
0 1 69172
0 1 69173
0 1 69178
0 1 69180
0 1 69183
0 1 69184
0 1 69185
0 1 69186
0 1 69188
0 1 69189
0 1 69190
0 1 69191
0 1 69192
0 1 69196
0 1 69198
0 1 69200
0 1 69203
0 1 69204
0 1 69205
0 1 69206
0 1 69207
0 1 69209
0 1 69210
0 1 69212
0 1 69213
0 1 69214
0 1 69215
0 1 69216
0 1 69218
0 1 69219
0 1 69221
0 1 69224
0 1 69226
0 1 69228
0 1 69229
0 1 69230
0 1 69233
0 1 69235
0 1 69236
0 1 69240
0 1 69241
0 1 69243
0 1 69244
0 1 69245
0 1 69248
0 1 69250
0 1 69252
0 1 69253
0 1 69254
0 1 69255
0 1 69256
0 1 69257
0 1 69258
0 1 69259
0 1 69261
0 1 69264
0 1 69265
0 1 69270
0 1 69275
0 1 69279
0 1 69280
0 1 69282
0 1 69284
0 1 69285
0 1 69286
0 1 69288
0 1 69289
0 1 69291
0 1 69292
0 1 69296
0 1 69300
0 1 69305
0 1 69306
0 1 69309
0 1 69310
0 1 69312
0 1 69313
0 1 69314
0 1 69316
0 1 69320
0 1 69321
0 1 69322
0 1 69324
0 1 69326
0 1 69327
0 1 69328
0 1 69329
0 1 69330
0 1 69333
0 1 69334
0 1 69335
0 1 69337
0 1 69340
0 1 69341
0 1 69342
0 1 69346
0 1 69348
0 1 69349
0 1 69351
0 1 69353
0 1 69354
0 1 69357
0 1 69358
0 1 69359
0 1 69361
0 1 69362
0 1 69363
0 1 69364
0 1 69365
0 1 69366
0 1 69367
0 1 69368
0 1 69369
0 1 69371
0 1 69373
0 1 69374
0 1 69375
0 1 69377
0 1 69379
0 1 69380
0 1 69381
0 1 69383
0 1 69384
0 1 69388
0 1 69391
0 1 69392
0 1 69393
0 1 69395
0 1 69397
0 1 69398
0 1 69399
0 1 69400
0 1 69403
0 1 69404
0 1 69405
0 1 69406
0 1 69407
0 1 69408
0 1 69413
0 1 69414
0 1 69415
0 1 69416
0 1 69420
0 1 69421
0 1 69422
0 1 69423
0 1 69425
0 1 69427
0 1 69429
0 1 69431
0 1 69433
0 1 69435
0 1 69437
0 1 69438
0 1 69439
0 1 69441
0 1 69442
0 1 69445
0 1 69446
0 1 69447
0 1 69448
0 1 69450
0 1 69451
0 1 69452
0 1 69453
0 1 69454
0 1 69456
0 1 69457
0 1 69458
0 1 69459
0 1 69460
0 1 69461
0 1 69463
0 1 69467
0 1 69469
0 1 69471
0 1 69473
0 1 69474
0 1 69475
0 1 69476
0 1 69478
0 1 69480
0 1 69481
0 1 69483
0 1 69484
0 1 69485
0 1 69488
0 1 69491
0 1 69492
0 1 69494
0 1 69496
0 1 69499
0 1 69500
0 1 69502
0 1 69503
0 1 69505
0 1 69508
0 1 69509
0 1 69510
0 1 69513
0 1 69514
0 1 69518
0 1 69519
0 1 69520
0 1 69523
0 1 69524
0 1 69526
0 1 69528
0 1 69529
0 1 69530
0 1 69532
0 1 69533
0 1 69534
0 1 69536
0 1 69537
0 1 69538
0 1 69539
0 1 69541
0 1 69543
0 1 69544
0 1 69546
0 1 69548
0 1 69551
0 1 69552
0 1 69556
0 1 69558
0 1 69562
0 1 69564
0 1 69566
0 1 69567
0 1 69568
0 1 69571
0 1 69573
0 1 69574
0 1 69577
0 1 69578
0 1 69580
0 1 69584
0 1 69586
0 1 69587
0 1 69589
0 1 69592
0 1 69595
0 1 69596
0 1 69598
0 1 69599
0 1 69600
0 1 69601
0 1 69602
0 1 69606
0 1 69608
0 1 69609
0 1 69610
0 1 69616
0 1 69620
0 1 69621
0 1 69622
0 1 69623
0 1 69624
0 1 69625
0 1 69626
0 1 69627
0 1 69628
0 1 69630
0 1 69633
0 1 69637
0 1 69638
0 1 69639
0 1 69640
0 1 69642
0 1 69643
0 1 69644
0 1 69645
0 1 69649
0 1 69651
0 1 69652
0 1 69654
0 1 69656
0 1 69657
0 1 69659
0 1 69663
0 1 69665
0 1 69667
0 1 69668
0 1 69669
0 1 69670
0 1 69672
0 1 69673
0 1 69674
0 1 69675
0 1 69677
0 1 69678
0 1 69680
0 1 69682
0 1 69683
0 1 69685
0 1 69687
0 1 69688
0 1 69689
0 1 69691
0 1 69693
0 1 69694
0 1 69695
0 1 69697
0 1 69698
0 1 69700
0 1 69701
0 1 69703
0 1 69705
0 1 69707
0 1 69708
0 1 69711
0 1 69712
0 1 69713
0 1 69715
0 1 69717
0 1 69719
0 1 69720
0 1 69721
0 1 69722
0 1 69723
0 1 69724
0 1 69725
0 1 69728
0 1 69731
0 1 69735
0 1 69736
0 1 69738
0 1 69740
0 1 69742
0 1 69744
0 1 69747
0 1 69748
0 1 69749
0 1 69750
0 1 69754
0 1 69758
0 1 69759
0 1 69760
0 1 69763
0 1 69764
0 1 69765
0 1 69767
0 1 69768
0 1 69769
0 1 69770
0 1 69771
0 1 69773
0 1 69776
0 1 69778
0 1 69780
0 1 69781
0 1 69782
0 1 69784
0 1 69785
0 1 69788
0 1 69789
0 1 69791
0 1 69793
0 1 69796
0 1 69799
0 1 69801
0 1 69802
0 1 69803
0 1 69804
0 1 69807
0 1 69808
0 1 69810
0 1 69812
0 1 69814
0 1 69816
0 1 69817
0 1 69819
0 1 69821
0 1 69822
0 1 69823
0 1 69826
0 1 69827
0 1 69828
0 1 69834
0 1 69835
0 1 69836
0 1 69837
0 1 69838
0 1 69839
0 1 69840
0 1 69846
0 1 69847
0 1 69851
0 1 69852
0 1 69854
0 1 69855
0 1 69857
0 1 69858
0 1 69859
0 1 69860
0 1 69861
0 1 69862
0 1 69864
0 1 69865
0 1 69866
0 1 69867
0 1 69869
0 1 69874
0 1 69877
0 1 69879
0 1 69881
0 1 69883
0 1 69886
0 1 69887
0 1 69888
0 1 69890
0 1 69891
0 1 69892
0 1 69893
0 1 69894
0 1 69895
0 1 69896
0 1 69897
0 1 69898
0 1 69902
0 1 69903
0 1 69906
0 1 69907
0 1 69909
0 1 69910
0 1 69911
0 1 69912
0 1 69913
0 1 69914
0 1 69915
0 1 69916
0 1 69917
0 1 69918
0 1 69920
0 1 69921
0 1 69924
0 1 69926
0 1 69927
0 1 69928
0 1 69930
0 1 69931
0 1 69932
0 1 69933
0 1 69936
0 1 69937
0 1 69938
0 1 69939
0 1 69940
0 1 69941
0 1 69944
0 1 69946
0 1 69948
0 1 69950
0 1 69951
0 1 69952
0 1 69954
0 1 69955
0 1 69956
0 1 69958
0 1 69961
0 1 69963
0 1 69964
0 1 69966
0 1 69968
0 1 69969
0 1 69972
0 1 69974
0 1 69975
0 1 69977
0 1 69979
0 1 69985
0 1 69986
0 1 69987
0 1 69988
0 1 69989
0 1 69990
0 1 69992
0 1 69995
0 1 69996
0 1 69997
0 1 70000
0 1 70002
0 1 70004
0 1 70005
0 1 70007
0 1 70008
0 1 70009
0 1 70010
0 1 70011
0 1 70012
0 1 70013
0 1 70014
0 1 70015
0 1 70019
0 1 70021
0 1 70022
0 1 70023
0 1 70024
0 1 70026
0 1 70028
0 1 70029
0 1 70030
0 1 70031
0 1 70032
0 1 70036
0 1 70039
0 1 70040
0 1 70041
0 1 70044
0 1 70046
0 1 70047
0 1 70049
0 1 70051
0 1 70052
0 1 70053
0 1 70054
0 1 70057
0 1 70058
0 1 70059
0 1 70062
0 1 70063
0 1 70064
0 1 70065
0 1 70068
0 1 70071
0 1 70073
0 1 70076
0 1 70078
0 1 70079
0 1 70080
0 1 70082
0 1 70083
0 1 70084
0 1 70086
0 1 70087
0 1 70090
0 1 70092
0 1 70093
0 1 70095
0 1 70096
0 1 70098
0 1 70099
0 1 70100
0 1 70102
0 1 70104
0 1 70109
0 1 70110
0 1 70112
0 1 70114
0 1 70115
0 1 70117
0 1 70118
0 1 70122
0 1 70123
0 1 70124
0 1 70125
0 1 70126
0 1 70128
0 1 70129
0 1 70131
0 1 70132
0 1 70133
0 1 70134
0 1 70136
0 1 70138
0 1 70139
0 1 70144
0 1 70148
0 1 70150
0 1 70154
0 1 70157
0 1 70159
0 1 70160
0 1 70161
0 1 70163
0 1 70164
0 1 70166
0 1 70168
0 1 70170
0 1 70171
0 1 70172
0 1 70175
0 1 70176
0 1 70178
0 1 70179
0 1 70180
0 1 70181
0 1 70185
0 1 70186
0 1 70187
0 1 70189
0 1 70190
0 1 70193
0 1 70194
0 1 70195
0 1 70197
0 1 70199
0 1 70203
0 1 70205
0 1 70209
0 1 70211
0 1 70213
0 1 70214
0 1 70215
0 1 70216
0 1 70217
0 1 70218
0 1 70219
0 1 70221
0 1 70222
0 1 70223
0 1 70224
0 1 70226
0 1 70227
0 1 70228
0 1 70230
0 1 70231
0 1 70232
0 1 70234
0 1 70237
0 1 70238
0 1 70239
0 1 70240
0 1 70241
0 1 70242
0 1 70243
0 1 70245
0 1 70249
0 1 70252
0 1 70256
0 1 70261
0 1 70262
0 1 70263
0 1 70265
0 1 70267
0 1 70268
0 1 70269
0 1 70271
0 1 70272
0 1 70274
0 1 70275
0 1 70276
0 1 70277
0 1 70278
0 1 70279
0 1 70286
0 1 70289
0 1 70290
0 1 70291
0 1 70292
0 1 70296
0 1 70299
0 1 70301
0 1 70302
0 1 70303
0 1 70304
0 1 70305
0 1 70306
0 1 70310
0 1 70311
0 1 70312
0 1 70315
0 1 70316
0 1 70317
0 1 70318
0 1 70319
0 1 70320
0 1 70322
0 1 70324
0 1 70325
0 1 70326
0 1 70328
0 1 70330
0 1 70331
0 1 70332
0 1 70333
0 1 70334
0 1 70335
0 1 70336
0 1 70338
0 1 70341
0 1 70342
0 1 70343
0 1 70344
0 1 70345
0 1 70346
0 1 70347
0 1 70351
0 1 70352
0 1 70353
0 1 70354
0 1 70355
0 1 70356
0 1 70359
0 1 70361
0 1 70363
0 1 70366
0 1 70369
0 1 70374
0 1 70375
0 1 70377
0 1 70380
0 1 70383
0 1 70385
0 1 70388
0 1 70389
0 1 70390
0 1 70392
0 1 70393
0 1 70395
0 1 70396
0 1 70397
0 1 70398
0 1 70399
0 1 70400
0 1 70401
0 1 70402
0 1 70404
0 1 70406
0 1 70408
0 1 70411
0 1 70414
0 1 70416
0 1 70418
0 1 70419
0 1 70420
0 1 70421
0 1 70422
0 1 70423
0 1 70424
0 1 70425
0 1 70426
0 1 70427
0 1 70428
0 1 70429
0 1 70430
0 1 70431
0 1 70432
0 1 70433
0 1 70434
0 1 70436
0 1 70438
0 1 70439
0 1 70440
0 1 70441
0 1 70444
0 1 70445
0 1 70446
0 1 70448
0 1 70452
0 1 70453
0 1 70455
0 1 70458
0 1 70462
0 1 70463
0 1 70464
0 1 70467
0 1 70469
0 1 70470
0 1 70471
0 1 70472
0 1 70474
0 1 70475
0 1 70476
0 1 70477
0 1 70478
0 1 70479
0 1 70482
0 1 70485
0 1 70487
0 1 70488
0 1 70491
0 1 70493
0 1 70494
0 1 70495
0 1 70496
0 1 70498
0 1 70499
0 1 70501
0 1 70503
0 1 70508
0 1 70509
0 1 70510
0 1 70511
0 1 70512
0 1 70514
0 1 70515
0 1 70518
0 1 70519
0 1 70521
0 1 70525
0 1 70526
0 1 70528
0 1 70529
0 1 70530
0 1 70532
0 1 70534
0 1 70536
0 1 70537
0 1 70539
0 1 70541
0 1 70543
0 1 70544
0 1 70545
0 1 70546
0 1 70547
0 1 70548
0 1 70550
0 1 70551
0 1 70553
0 1 70556
0 1 70558
0 1 70561
0 1 70562
0 1 70565
0 1 70566
0 1 70567
0 1 70568
0 1 70569
0 1 70572
0 1 70573
0 1 70574
0 1 70577
0 1 70578
0 1 70579
0 1 70580
0 1 70581
0 1 70582
0 1 70583
0 1 70584
0 1 70585
0 1 70586
0 1 70589
0 1 70590
0 1 70595
0 1 70596
0 1 70597
0 1 70600
0 1 70601
0 1 70602
0 1 70603
0 1 70604
0 1 70608
0 1 70609
0 1 70611
0 1 70612
0 1 70613
0 1 70615
0 1 70616
0 1 70618
0 1 70619
0 1 70620
0 1 70621
0 1 70622
0 1 70625
0 1 70627
0 1 70629
0 1 70632
0 1 70633
0 1 70635
0 1 70637
0 1 70638
0 1 70639
0 1 70640
0 1 70641
0 1 70642
0 1 70644
0 1 70645
0 1 70646
0 1 70648
0 1 70650
0 1 70651
0 1 70652
0 1 70654
0 1 70656
0 1 70659
0 1 70660
0 1 70661
0 1 70663
0 1 70664
0 1 70665
0 1 70666
0 1 70667
0 1 70668
0 1 70671
0 1 70672
0 1 70673
0 1 70676
0 1 70677
0 1 70678
0 1 70679
0 1 70680
0 1 70681
0 1 70684
0 1 70685
0 1 70688
0 1 70690
0 1 70693
0 1 70695
0 1 70696
0 1 70697
0 1 70698
0 1 70699
0 1 70704
0 1 70706
0 1 70709
0 1 70710
0 1 70711
0 1 70713
0 1 70715
0 1 70716
0 1 70717
0 1 70718
0 1 70719
0 1 70720
0 1 70721
0 1 70724
0 1 70725
0 1 70727
0 1 70730
0 1 70732
0 1 70733
0 1 70736
0 1 70737
0 1 70740
0 1 70745
0 1 70747
0 1 70749
0 1 70750
0 1 70751
0 1 70752
0 1 70753
0 1 70755
0 1 70756
0 1 70757
0 1 70762
0 1 70763
0 1 70764
0 1 70765
0 1 70766
0 1 70767
0 1 70768
0 1 70769
0 1 70770
0 1 70772
0 1 70774
0 1 70775
0 1 70778
0 1 70779
0 1 70781
0 1 70783
0 1 70784
0 1 70785
0 1 70786
0 1 70788
0 1 70789
0 1 70790
0 1 70791
0 1 70793
0 1 70795
0 1 70796
0 1 70797
0 1 70798
0 1 70799
0 1 70800
0 1 70801
0 1 70802
0 1 70804
0 1 70808
0 1 70809
0 1 70810
0 1 70811
0 1 70812
0 1 70813
0 1 70814
0 1 70816
0 1 70819
0 1 70820
0 1 70821
0 1 70822
0 1 70823
0 1 70827
0 1 70829
0 1 70832
0 1 70834
0 1 70835
0 1 70836
0 1 70838
0 1 70839
0 1 70840
0 1 70841
0 1 70843
0 1 70846
0 1 70847
0 1 70848
0 1 70849
0 1 70850
0 1 70852
0 1 70853
0 1 70854
0 1 70855
0 1 70856
0 1 70858
0 1 70860
0 1 70861
0 1 70864
0 1 70865
0 1 70868
0 1 70871
0 1 70872
0 1 70873
0 1 70874
0 1 70876
0 1 70877
0 1 70878
0 1 70880
0 1 70883
0 1 70886
0 1 70887
0 1 70888
0 1 70889
0 1 70892
0 1 70893
0 1 70895
0 1 70896
0 1 70897
0 1 70898
0 1 70899
0 1 70901
0 1 70903
0 1 70905
0 1 70906
0 1 70907
0 1 70909
0 1 70912
0 1 70915
0 1 70916
0 1 70917
0 1 70920
0 1 70923
0 1 70924
0 1 70926
0 1 70927
0 1 70929
0 1 70930
0 1 70931
0 1 70933
0 1 70934
0 1 70936
0 1 70938
0 1 70939
0 1 70940
0 1 70941
0 1 70942
0 1 70943
0 1 70947
0 1 70951
0 1 70953
0 1 70956
0 1 70958
0 1 70960
0 1 70962
0 1 70963
0 1 70964
0 1 70965
0 1 70968
0 1 70970
0 1 70972
0 1 70973
0 1 70976
0 1 70977
0 1 70978
0 1 70981
0 1 70982
0 1 70983
0 1 70984
0 1 70986
0 1 70991
0 1 70993
0 1 70994
0 1 70995
0 1 70997
0 1 71000
0 1 71002
0 1 71003
0 1 71004
0 1 71006
0 1 71007
0 1 71010
0 1 71011
0 1 71012
0 1 71014
0 1 71015
0 1 71016
0 1 71018
0 1 71019
0 1 71021
0 1 71022
0 1 71023
0 1 71025
0 1 71026
0 1 71027
0 1 71028
0 1 71030
0 1 71032
0 1 71033
0 1 71034
0 1 71035
0 1 71037
0 1 71039
0 1 71041
0 1 71044
0 1 71045
0 1 71049
0 1 71050
0 1 71052
0 1 71053
0 1 71055
0 1 71058
0 1 71059
0 1 71061
0 1 71062
0 1 71063
0 1 71064
0 1 71065
0 1 71066
0 1 71067
0 1 71068
0 1 71072
0 1 71073
0 1 71075
0 1 71076
0 1 71077
0 1 71078
0 1 71079
0 1 71081
0 1 71083
0 1 71084
0 1 71086
0 1 71088
0 1 71092
0 1 71093
0 1 71096
0 1 71097
0 1 71098
0 1 71099
0 1 71100
0 1 71101
0 1 71102
0 1 71103
0 1 71105
0 1 71108
0 1 71110
0 1 71112
0 1 71114
0 1 71115
0 1 71117
0 1 71118
0 1 71121
0 1 71123
0 1 71124
0 1 71125
0 1 71127
0 1 71128
0 1 71130
0 1 71131
0 1 71132
0 1 71133
0 1 71134
0 1 71135
0 1 71136
0 1 71137
0 1 71138
0 1 71139
0 1 71141
0 1 71142
0 1 71143
0 1 71145
0 1 71146
0 1 71147
0 1 71148
0 1 71150
0 1 71151
0 1 71152
0 1 71153
0 1 71154
0 1 71157
0 1 71159
0 1 71162
0 1 71163
0 1 71165
0 1 71167
0 1 71170
0 1 71171
0 1 71172
0 1 71174
0 1 71177
0 1 71178
0 1 71179
0 1 71180
0 1 71185
0 1 71186
0 1 71187
0 1 71188
0 1 71190
0 1 71191
0 1 71193
0 1 71194
0 1 71195
0 1 71197
0 1 71198
0 1 71199
0 1 71200
0 1 71201
0 1 71202
0 1 71205
0 1 71211
0 1 71212
0 1 71213
0 1 71214
0 1 71215
0 1 71219
0 1 71221
0 1 71222
0 1 71225
0 1 71226
0 1 71227
0 1 71228
0 1 71229
0 1 71230
0 1 71231
0 1 71233
0 1 71236
0 1 71240
0 1 71241
0 1 71242
0 1 71243
0 1 71247
0 1 71249
0 1 71254
0 1 71257
0 1 71260
0 1 71261
0 1 71264
0 1 71265
0 1 71268
0 1 71269
0 1 71270
0 1 71271
0 1 71273
0 1 71274
0 1 71276
0 1 71277
0 1 71279
0 1 71280
0 1 71282
0 1 71283
0 1 71286
0 1 71288
0 1 71290
0 1 71292
0 1 71293
0 1 71294
0 1 71296
0 1 71297
0 1 71298
0 1 71299
0 1 71300
0 1 71301
0 1 71303
0 1 71304
0 1 71305
0 1 71307
0 1 71309
0 1 71310
0 1 71311
0 1 71312
0 1 71313
0 1 71316
0 1 71317
0 1 71320
0 1 71321
0 1 71322
0 1 71324
0 1 71328
0 1 71330
0 1 71332
0 1 71333
0 1 71334
0 1 71338
0 1 71339
0 1 71340
0 1 71344
0 1 71347
0 1 71349
0 1 71350
0 1 71351
0 1 71352
0 1 71356
0 1 71357
0 1 71358
0 1 71359
0 1 71360
0 1 71361
0 1 71363
0 1 71364
0 1 71368
0 1 71372
0 1 71373
0 1 71374
0 1 71376
0 1 71377
0 1 71380
0 1 71382
0 1 71384
0 1 71385
0 1 71386
0 1 71387
0 1 71389
0 1 71391
0 1 71393
0 1 71396
0 1 71397
0 1 71398
0 1 71400
0 1 71401
0 1 71403
0 1 71404
0 1 71406
0 1 71407
0 1 71409
0 1 71412
0 1 71413
0 1 71415
0 1 71416
0 1 71418
0 1 71419
0 1 71420
0 1 71421
0 1 71422
0 1 71423
0 1 71424
0 1 71425
0 1 71426
0 1 71427
0 1 71428
0 1 71430
0 1 71431
0 1 71432
0 1 71435
0 1 71437
0 1 71438
0 1 71439
0 1 71440
0 1 71446
0 1 71447
0 1 71449
0 1 71450
0 1 71451
0 1 71452
0 1 71453
0 1 71454
0 1 71455
0 1 71456
0 1 71457
0 1 71458
0 1 71459
0 1 71460
0 1 71463
0 1 71464
0 1 71465
0 1 71466
0 1 71467
0 1 71468
0 1 71470
0 1 71471
0 1 71472
0 1 71474
0 1 71480
0 1 71483
0 1 71485
0 1 71487
0 1 71488
0 1 71491
0 1 71493
0 1 71494
0 1 71495
0 1 71496
0 1 71498
0 1 71499
0 1 71505
0 1 71507
0 1 71508
0 1 71509
0 1 71510
0 1 71512
0 1 71514
0 1 71515
0 1 71516
0 1 71517
0 1 71521
0 1 71523
0 1 71524
0 1 71525
0 1 71526
0 1 71527
0 1 71528
0 1 71529
0 1 71531
0 1 71532
0 1 71535
0 1 71538
0 1 71539
0 1 71540
0 1 71541
0 1 71543
0 1 71547
0 1 71548
0 1 71549
0 1 71550
0 1 71551
0 1 71552
0 1 71556
0 1 71558
0 1 71560
0 1 71562
0 1 71563
0 1 71570
0 1 71571
0 1 71572
0 1 71573
0 1 71577
0 1 71578
0 1 71579
0 1 71580
0 1 71583
0 1 71584
0 1 71585
0 1 71589
0 1 71590
0 1 71592
0 1 71593
0 1 71594
0 1 71595
0 1 71596
0 1 71599
0 1 71600
0 1 71601
0 1 71603
0 1 71604
0 1 71605
0 1 71606
0 1 71610
0 1 71614
0 1 71616
0 1 71617
0 1 71619
0 1 71620
0 1 71621
0 1 71624
0 1 71625
0 1 71626
0 1 71628
0 1 71631
0 1 71633
0 1 71634
0 1 71636
0 1 71637
0 1 71638
0 1 71639
0 1 71640
0 1 71641
0 1 71643
0 1 71644
0 1 71651
0 1 71652
0 1 71653
0 1 71655
0 1 71656
0 1 71657
0 1 71658
0 1 71660
0 1 71662
0 1 71666
0 1 71667
0 1 71668
0 1 71669
0 1 71670
0 1 71671
0 1 71672
0 1 71673
0 1 71674
0 1 71676
0 1 71677
0 1 71678
0 1 71679
0 1 71680
0 1 71682
0 1 71683
0 1 71687
0 1 71688
0 1 71690
0 1 71691
0 1 71692
0 1 71695
0 1 71697
0 1 71700
0 1 71701
0 1 71702
0 1 71703
0 1 71704
0 1 71705
0 1 71708
0 1 71709
0 1 71710
0 1 71712
0 1 71713
0 1 71715
0 1 71717
0 1 71718
0 1 71719
0 1 71720
0 1 71721
0 1 71722
0 1 71723
0 1 71724
0 1 71725
0 1 71727
0 1 71728
0 1 71730
0 1 71731
0 1 71732
0 1 71733
0 1 71735
0 1 71736
0 1 71737
0 1 71738
0 1 71740
0 1 71741
0 1 71743
0 1 71744
0 1 71745
0 1 71747
0 1 71748
0 1 71751
0 1 71752
0 1 71755
0 1 71756
0 1 71757
0 1 71759
0 1 71762
0 1 71763
0 1 71764
0 1 71765
0 1 71766
0 1 71768
0 1 71769
0 1 71770
0 1 71772
0 1 71775
0 1 71777
0 1 71778
0 1 71779
0 1 71782
0 1 71783
0 1 71784
0 1 71785
0 1 71786
0 1 71789
0 1 71790
0 1 71792
0 1 71793
0 1 71794
0 1 71797
0 1 71798
0 1 71799
0 1 71800
0 1 71801
0 1 71802
0 1 71804
0 1 71807
0 1 71808
0 1 71809
0 1 71812
0 1 71813
0 1 71815
0 1 71816
0 1 71818
0 1 71819
0 1 71820
0 1 71821
0 1 71824
0 1 71825
0 1 71827
0 1 71829
0 1 71833
0 1 71834
0 1 71836
0 1 71838
0 1 71839
0 1 71840
0 1 71843
0 1 71844
0 1 71845
0 1 71846
0 1 71851
0 1 71853
0 1 71854
0 1 71856
0 1 71858
0 1 71859
0 1 71860
0 1 71865
0 1 71866
0 1 71867
0 1 71868
0 1 71870
0 1 71873
0 1 71875
0 1 71877
0 1 71878
0 1 71879
0 1 71880
0 1 71881
0 1 71882
0 1 71885
0 1 71889
0 1 71890
0 1 71891
0 1 71894
0 1 71896
0 1 71900
0 1 71901
0 1 71902
0 1 71904
0 1 71905
0 1 71906
0 1 71908
0 1 71909
0 1 71910
0 1 71911
0 1 71914
0 1 71915
0 1 71919
0 1 71922
0 1 71923
0 1 71924
0 1 71925
0 1 71926
0 1 71927
0 1 71928
0 1 71932
0 1 71933
0 1 71934
0 1 71935
0 1 71936
0 1 71937
0 1 71939
0 1 71940
0 1 71941
0 1 71944
0 1 71945
0 1 71946
0 1 71950
0 1 71951
0 1 71952
0 1 71954
0 1 71956
0 1 71957
0 1 71958
0 1 71959
0 1 71960
0 1 71961
0 1 71962
0 1 71963
0 1 71964
0 1 71967
0 1 71968
0 1 71971
0 1 71972
0 1 71973
0 1 71974
0 1 71975
0 1 71977
0 1 71979
0 1 71980
0 1 71981
0 1 71983
0 1 71984
0 1 71987
0 1 71988
0 1 71989
0 1 71990
0 1 71991
0 1 71992
0 1 71993
0 1 71994
0 1 71996
0 1 71997
0 1 71998
0 1 71999
0 1 72004
0 1 72007
0 1 72008
0 1 72009
0 1 72010
0 1 72011
0 1 72012
0 1 72014
0 1 72017
0 1 72020
0 1 72021
0 1 72022
0 1 72024
0 1 72025
0 1 72027
0 1 72030
0 1 72032
0 1 72033
0 1 72034
0 1 72035
0 1 72036
0 1 72038
0 1 72040
0 1 72041
0 1 72043
0 1 72044
0 1 72045
0 1 72046
0 1 72047
0 1 72049
0 1 72051
0 1 72056
0 1 72057
0 1 72058
0 1 72059
0 1 72060
0 1 72062
0 1 72063
0 1 72065
0 1 72066
0 1 72067
0 1 72070
0 1 72071
0 1 72072
0 1 72073
0 1 72074
0 1 72075
0 1 72078
0 1 72079
0 1 72083
0 1 72085
0 1 72086
0 1 72087
0 1 72088
0 1 72093
0 1 72094
0 1 72095
0 1 72096
0 1 72097
0 1 72099
0 1 72102
0 1 72103
0 1 72105
0 1 72106
0 1 72107
0 1 72108
0 1 72109
0 1 72110
0 1 72113
0 1 72114
0 1 72115
0 1 72116
0 1 72117
0 1 72118
0 1 72119
0 1 72120
0 1 72121
0 1 72122
0 1 72127
0 1 72128
0 1 72130
0 1 72131
0 1 72132
0 1 72133
0 1 72135
0 1 72136
0 1 72137
0 1 72141
0 1 72145
0 1 72147
0 1 72152
0 1 72154
0 1 72155
0 1 72156
0 1 72159
0 1 72160
0 1 72161
0 1 72162
0 1 72163
0 1 72164
0 1 72165
0 1 72166
0 1 72169
0 1 72172
0 1 72173
0 1 72174
0 1 72176
0 1 72177
0 1 72179
0 1 72181
0 1 72183
0 1 72185
0 1 72186
0 1 72188
0 1 72190
0 1 72192
0 1 72194
0 1 72195
0 1 72196
0 1 72199
0 1 72200
0 1 72206
0 1 72207
0 1 72208
0 1 72211
0 1 72214
0 1 72217
0 1 72219
0 1 72222
0 1 72224
0 1 72225
0 1 72227
0 1 72228
0 1 72230
0 1 72231
0 1 72233
0 1 72234
0 1 72236
0 1 72238
0 1 72239
0 1 72240
0 1 72241
0 1 72243
0 1 72244
0 1 72246
0 1 72248
0 1 72250
0 1 72251
0 1 72253
0 1 72254
0 1 72255
0 1 72256
0 1 72257
0 1 72259
0 1 72260
0 1 72262
0 1 72265
0 1 72267
0 1 72269
0 1 72270
0 1 72271
0 1 72272
0 1 72273
0 1 72274
0 1 72277
0 1 72278
0 1 72283
0 1 72285
0 1 72286
0 1 72293
0 1 72296
0 1 72298
0 1 72300
0 1 72303
0 1 72306
0 1 72307
0 1 72308
0 1 72309
0 1 72310
0 1 72311
0 1 72322
0 1 72324
0 1 72325
0 1 72327
0 1 72328
0 1 72330
0 1 72331
0 1 72332
0 1 72333
0 1 72334
0 1 72336
0 1 72337
0 1 72338
0 1 72339
0 1 72340
0 1 72346
0 1 72355
0 1 72356
0 1 72359
0 1 72360
0 1 72361
0 1 72362
0 1 72364
0 1 72365
0 1 72366
0 1 72367
0 1 72368
0 1 72369
0 1 72372
0 1 72376
0 1 72377
0 1 72378
0 1 72380
0 1 72381
0 1 72382
0 1 72383
0 1 72385
0 1 72386
0 1 72388
0 1 72389
0 1 72393
0 1 72395
0 1 72396
0 1 72399
0 1 72400
0 1 72402
0 1 72403
0 1 72405
0 1 72407
0 1 72408
0 1 72409
0 1 72411
0 1 72412
0 1 72414
0 1 72416
0 1 72417
0 1 72418
0 1 72420
0 1 72421
0 1 72423
0 1 72424
0 1 72425
0 1 72426
0 1 72429
0 1 72430
0 1 72431
0 1 72432
0 1 72433
0 1 72435
0 1 72437
0 1 72439
0 1 72441
0 1 72442
0 1 72443
0 1 72444
0 1 72445
0 1 72447
0 1 72448
0 1 72449
0 1 72450
0 1 72454
0 1 72456
0 1 72458
0 1 72459
0 1 72460
0 1 72461
0 1 72462
0 1 72463
0 1 72464
0 1 72465
0 1 72466
0 1 72468
0 1 72471
0 1 72473
0 1 72474
0 1 72476
0 1 72477
0 1 72478
0 1 72479
0 1 72480
0 1 72482
0 1 72483
0 1 72487
0 1 72488
0 1 72489
0 1 72490
0 1 72491
0 1 72492
0 1 72495
0 1 72497
0 1 72498
0 1 72499
0 1 72500
0 1 72501
0 1 72502
0 1 72505
0 1 72507
0 1 72510
0 1 72513
0 1 72515
0 1 72517
0 1 72518
0 1 72520
0 1 72521
0 1 72523
0 1 72525
0 1 72527
0 1 72529
0 1 72530
0 1 72531
0 1 72532
0 1 72533
0 1 72535
0 1 72537
0 1 72538
0 1 72539
0 1 72541
0 1 72542
0 1 72543
0 1 72544
0 1 72546
0 1 72547
0 1 72548
0 1 72556
0 1 72557
0 1 72558
0 1 72560
0 1 72562
0 1 72563
0 1 72564
0 1 72566
0 1 72568
0 1 72569
0 1 72570
0 1 72572
0 1 72574
0 1 72575
0 1 72576
0 1 72577
0 1 72580
0 1 72581
0 1 72582
0 1 72583
0 1 72587
0 1 72588
0 1 72590
0 1 72591
0 1 72592
0 1 72593
0 1 72594
0 1 72595
0 1 72596
0 1 72597
0 1 72598
0 1 72599
0 1 72600
0 1 72601
0 1 72603
0 1 72604
0 1 72605
0 1 72606
0 1 72609
0 1 72610
0 1 72612
0 1 72614
0 1 72615
0 1 72617
0 1 72619
0 1 72623
0 1 72625
0 1 72627
0 1 72631
0 1 72633
0 1 72634
0 1 72638
0 1 72640
0 1 72641
0 1 72642
0 1 72643
0 1 72646
0 1 72647
0 1 72648
0 1 72649
0 1 72650
0 1 72651
0 1 72652
0 1 72654
0 1 72655
0 1 72657
0 1 72658
0 1 72660
0 1 72663
0 1 72665
0 1 72666
0 1 72668
0 1 72672
0 1 72673
0 1 72674
0 1 72675
0 1 72676
0 1 72681
0 1 72684
0 1 72685
0 1 72686
0 1 72689
0 1 72691
0 1 72692
0 1 72694
0 1 72695
0 1 72698
0 1 72701
0 1 72702
0 1 72703
0 1 72704
0 1 72708
0 1 72709
0 1 72710
0 1 72711
0 1 72714
0 1 72716
0 1 72717
0 1 72718
0 1 72719
0 1 72720
0 1 72721
0 1 72722
0 1 72725
0 1 72726
0 1 72729
0 1 72730
0 1 72732
0 1 72733
0 1 72735
0 1 72737
0 1 72738
0 1 72742
0 1 72743
0 1 72744
0 1 72745
0 1 72746
0 1 72747
0 1 72751
0 1 72753
0 1 72754
0 1 72755
0 1 72757
0 1 72758
0 1 72759
0 1 72760
0 1 72761
0 1 72762
0 1 72763
0 1 72764
0 1 72765
0 1 72768
0 1 72772
0 1 72773
0 1 72774
0 1 72775
0 1 72777
0 1 72778
0 1 72783
0 1 72784
0 1 72787
0 1 72788
0 1 72789
0 1 72790
0 1 72792
0 1 72793
0 1 72794
0 1 72799
0 1 72800
0 1 72801
0 1 72803
0 1 72805
0 1 72806
0 1 72810
0 1 72811
0 1 72812
0 1 72814
0 1 72815
0 1 72817
0 1 72818
0 1 72819
0 1 72820
0 1 72821
0 1 72824
0 1 72827
0 1 72828
0 1 72829
0 1 72832
0 1 72833
0 1 72834
0 1 72836
0 1 72837
0 1 72848
0 1 72851
0 1 72852
0 1 72853
0 1 72854
0 1 72855
0 1 72857
0 1 72858
0 1 72859
0 1 72861
0 1 72864
0 1 72865
0 1 72867
0 1 72869
0 1 72870
0 1 72872
0 1 72876
0 1 72877
0 1 72879
0 1 72881
0 1 72882
0 1 72883
0 1 72885
0 1 72886
0 1 72888
0 1 72889
0 1 72890
0 1 72893
0 1 72894
0 1 72895
0 1 72896
0 1 72897
0 1 72898
0 1 72899
0 1 72900
0 1 72901
0 1 72902
0 1 72903
0 1 72904
0 1 72905
0 1 72907
0 1 72908
0 1 72909
0 1 72911
0 1 72912
0 1 72913
0 1 72914
0 1 72915
0 1 72916
0 1 72918
0 1 72919
0 1 72921
0 1 72930
0 1 72933
0 1 72935
0 1 72936
0 1 72941
0 1 72944
0 1 72946
0 1 72949
0 1 72950
0 1 72956
0 1 72957
0 1 72960
0 1 72962
0 1 72964
0 1 72966
0 1 72971
0 1 72973
0 1 72974
0 1 72975
0 1 72977
0 1 72980
0 1 72983
0 1 72984
0 1 72985
0 1 72986
0 1 72988
0 1 72989
0 1 72990
0 1 72992
0 1 72993
0 1 72995
0 1 72998
0 1 72999
0 1 73000
0 1 73001
0 1 73002
0 1 73003
0 1 73004
0 1 73005
0 1 73006
0 1 73007
0 1 73008
0 1 73010
0 1 73013
0 1 73015
0 1 73016
0 1 73017
0 1 73022
0 1 73024
0 1 73027
0 1 73029
0 1 73030
0 1 73034
0 1 73035
0 1 73036
0 1 73037
0 1 73039
0 1 73040
0 1 73041
0 1 73043
0 1 73044
0 1 73046
0 1 73048
0 1 73050
0 1 73051
0 1 73053
0 1 73054
0 1 73055
0 1 73056
0 1 73059
0 1 73060
0 1 73061
0 1 73062
0 1 73064
0 1 73065
0 1 73066
0 1 73068
0 1 73070
0 1 73072
0 1 73073
0 1 73074
0 1 73075
0 1 73076
0 1 73077
0 1 73078
0 1 73080
0 1 73084
0 1 73085
0 1 73086
0 1 73087
0 1 73088
0 1 73090
0 1 73094
0 1 73095
0 1 73097
0 1 73098
0 1 73101
0 1 73102
0 1 73103
0 1 73105
0 1 73106
0 1 73108
0 1 73109
0 1 73110
0 1 73111
0 1 73114
0 1 73116
0 1 73117
0 1 73122
0 1 73123
0 1 73124
0 1 73125
0 1 73127
0 1 73132
0 1 73133
0 1 73135
0 1 73136
0 1 73137
0 1 73138
0 1 73139
0 1 73140
0 1 73141
0 1 73145
0 1 73146
0 1 73147
0 1 73148
0 1 73149
0 1 73150
0 1 73152
0 1 73156
0 1 73160
0 1 73163
0 1 73165
0 1 73166
0 1 73171
0 1 73172
0 1 73173
0 1 73179
0 1 73180
0 1 73181
0 1 73182
0 1 73183
0 1 73186
0 1 73187
0 1 73188
0 1 73190
0 1 73192
0 1 73194
0 1 73195
0 1 73196
0 1 73197
0 1 73198
0 1 73200
0 1 73201
0 1 73202
0 1 73204
0 1 73206
0 1 73208
0 1 73209
0 1 73213
0 1 73215
0 1 73216
0 1 73217
0 1 73218
0 1 73219
0 1 73220
0 1 73222
0 1 73225
0 1 73226
0 1 73227
0 1 73228
0 1 73230
0 1 73231
0 1 73232
0 1 73233
0 1 73234
0 1 73238
0 1 73239
0 1 73240
0 1 73241
0 1 73245
0 1 73246
0 1 73248
0 1 73249
0 1 73250
0 1 73252
0 1 73253
0 1 73254
0 1 73255
0 1 73256
0 1 73257
0 1 73258
0 1 73259
0 1 73260
0 1 73261
0 1 73262
0 1 73263
0 1 73265
0 1 73266
0 1 73268
0 1 73270
0 1 73272
0 1 73273
0 1 73274
0 1 73275
0 1 73277
0 1 73285
0 1 73287
0 1 73288
0 1 73289
0 1 73291
0 1 73293
0 1 73295
0 1 73296
0 1 73298
0 1 73299
0 1 73300
0 1 73303
0 1 73305
0 1 73306
0 1 73307
0 1 73309
0 1 73310
0 1 73311
0 1 73312
0 1 73313
0 1 73314
0 1 73315
0 1 73316
0 1 73317
0 1 73318
0 1 73319
0 1 73320
0 1 73321
0 1 73322
0 1 73324
0 1 73326
0 1 73327
0 1 73328
0 1 73330
0 1 73332
0 1 73334
0 1 73337
0 1 73338
0 1 73339
0 1 73342
0 1 73348
0 1 73349
0 1 73350
0 1 73351
0 1 73354
0 1 73356
0 1 73358
0 1 73359
0 1 73360
0 1 73361
0 1 73362
0 1 73363
0 1 73365
0 1 73368
0 1 73369
0 1 73370
0 1 73371
0 1 73372
0 1 73373
0 1 73375
0 1 73377
0 1 73378
0 1 73379
0 1 73380
0 1 73381
0 1 73382
0 1 73383
0 1 73384
0 1 73385
0 1 73386
0 1 73388
0 1 73391
0 1 73392
0 1 73400
0 1 73402
0 1 73403
0 1 73404
0 1 73409
0 1 73410
0 1 73413
0 1 73414
0 1 73415
0 1 73417
0 1 73418
0 1 73419
0 1 73421
0 1 73423
0 1 73424
0 1 73425
0 1 73427
0 1 73428
0 1 73430
0 1 73431
0 1 73432
0 1 73434
0 1 73435
0 1 73436
0 1 73438
0 1 73440
0 1 73444
0 1 73445
0 1 73446
0 1 73447
0 1 73452
0 1 73453
0 1 73454
0 1 73455
0 1 73456
0 1 73457
0 1 73461
0 1 73462
0 1 73464
0 1 73465
0 1 73466
0 1 73467
0 1 73469
0 1 73470
0 1 73471
0 1 73473
0 1 73474
0 1 73475
0 1 73478
0 1 73481
0 1 73482
0 1 73483
0 1 73486
0 1 73487
0 1 73489
0 1 73491
0 1 73492
0 1 73493
0 1 73495
0 1 73496
0 1 73497
0 1 73498
0 1 73500
0 1 73501
0 1 73502
0 1 73504
0 1 73506
0 1 73507
0 1 73508
0 1 73509
0 1 73510
0 1 73511
0 1 73512
0 1 73513
0 1 73515
0 1 73516
0 1 73517
0 1 73518
0 1 73519
0 1 73521
0 1 73522
0 1 73524
0 1 73525
0 1 73526
0 1 73528
0 1 73534
0 1 73535
0 1 73536
0 1 73537
0 1 73538
0 1 73539
0 1 73540
0 1 73542
0 1 73543
0 1 73545
0 1 73547
0 1 73548
0 1 73549
0 1 73550
0 1 73551
0 1 73552
0 1 73554
0 1 73557
0 1 73558
0 1 73559
0 1 73563
0 1 73564
0 1 73565
0 1 73566
0 1 73568
0 1 73569
0 1 73572
0 1 73577
0 1 73578
0 1 73580
0 1 73581
0 1 73582
0 1 73583
0 1 73584
0 1 73586
0 1 73587
0 1 73589
0 1 73593
0 1 73595
0 1 73597
0 1 73601
0 1 73602
0 1 73603
0 1 73604
0 1 73607
0 1 73609
0 1 73610
0 1 73611
0 1 73614
0 1 73615
0 1 73617
0 1 73618
0 1 73619
0 1 73620
0 1 73621
0 1 73623
0 1 73625
0 1 73627
0 1 73628
0 1 73629
0 1 73630
0 1 73631
0 1 73632
0 1 73634
0 1 73635
0 1 73638
0 1 73639
0 1 73642
0 1 73643
0 1 73644
0 1 73648
0 1 73649
0 1 73653
0 1 73654
0 1 73656
0 1 73657
0 1 73658
0 1 73660
0 1 73662
0 1 73663
0 1 73664
0 1 73665
0 1 73668
0 1 73669
0 1 73670
0 1 73671
0 1 73672
0 1 73679
0 1 73680
0 1 73681
0 1 73683
0 1 73685
0 1 73687
0 1 73689
0 1 73691
0 1 73693
0 1 73694
0 1 73697
0 1 73698
0 1 73699
0 1 73700
0 1 73701
0 1 73705
0 1 73706
0 1 73707
0 1 73711
0 1 73712
0 1 73713
0 1 73714
0 1 73715
0 1 73717
0 1 73718
0 1 73719
0 1 73720
0 1 73722
0 1 73725
0 1 73726
0 1 73727
0 1 73729
0 1 73731
0 1 73732
0 1 73733
0 1 73734
0 1 73735
0 1 73736
0 1 73737
0 1 73739
0 1 73741
0 1 73742
0 1 73743
0 1 73745
0 1 73746
0 1 73747
0 1 73749
0 1 73752
0 1 73753
0 1 73754
0 1 73755
0 1 73756
0 1 73757
0 1 73758
0 1 73759
0 1 73760
0 1 73762
0 1 73763
0 1 73764
0 1 73765
0 1 73766
0 1 73767
0 1 73769
0 1 73771
0 1 73773
0 1 73774
0 1 73776
0 1 73777
0 1 73778
0 1 73780
0 1 73781
0 1 73784
0 1 73785
0 1 73789
0 1 73790
0 1 73791
0 1 73792
0 1 73795
0 1 73796
0 1 73797
0 1 73799
0 1 73802
0 1 73803
0 1 73806
0 1 73812
0 1 73813
0 1 73816
0 1 73817
0 1 73818
0 1 73819
0 1 73821
0 1 73822
0 1 73823
0 1 73825
0 1 73826
0 1 73828
0 1 73829
0 1 73831
0 1 73832
0 1 73833
0 1 73834
0 1 73835
0 1 73836
0 1 73837
0 1 73839
0 1 73843
0 1 73844
0 1 73845
0 1 73846
0 1 73847
0 1 73848
0 1 73849
0 1 73850
0 1 73851
0 1 73852
0 1 73854
0 1 73855
0 1 73856
0 1 73857
0 1 73858
0 1 73860
0 1 73861
0 1 73863
0 1 73864
0 1 73866
0 1 73868
0 1 73869
0 1 73870
0 1 73871
0 1 73872
0 1 73873
0 1 73875
0 1 73877
0 1 73880
0 1 73883
0 1 73886
0 1 73890
0 1 73891
0 1 73893
0 1 73894
0 1 73895
0 1 73898
0 1 73899
0 1 73903
0 1 73908
0 1 73910
0 1 73912
0 1 73913
0 1 73917
0 1 73919
0 1 73921
0 1 73923
0 1 73924
0 1 73925
0 1 73926
0 1 73927
0 1 73929
0 1 73930
0 1 73931
0 1 73932
0 1 73934
0 1 73935
0 1 73936
0 1 73937
0 1 73939
0 1 73940
0 1 73941
0 1 73942
0 1 73943
0 1 73944
0 1 73945
0 1 73947
0 1 73948
0 1 73950
0 1 73952
0 1 73953
0 1 73954
0 1 73955
0 1 73956
0 1 73957
0 1 73959
0 1 73960
0 1 73961
0 1 73962
0 1 73964
0 1 73965
0 1 73967
0 1 73974
0 1 73975
0 1 73976
0 1 73978
0 1 73979
0 1 73982
0 1 73983
0 1 73985
0 1 73987
0 1 73988
0 1 73990
0 1 73991
0 1 73992
0 1 73993
0 1 73994
0 1 73995
0 1 73997
0 1 73998
0 1 73999
0 1 74000
0 1 74002
0 1 74003
0 1 74004
0 1 74005
0 1 74006
0 1 74007
0 1 74009
0 1 74010
0 1 74012
0 1 74013
0 1 74014
0 1 74015
0 1 74016
0 1 74017
0 1 74018
0 1 74019
0 1 74021
0 1 74024
0 1 74025
0 1 74028
0 1 74030
0 1 74032
0 1 74033
0 1 74036
0 1 74037
0 1 74041
0 1 74042
0 1 74043
0 1 74045
0 1 74047
0 1 74048
0 1 74052
0 1 74053
0 1 74054
0 1 74055
0 1 74056
0 1 74058
0 1 74059
0 1 74061
0 1 74062
0 1 74064
0 1 74067
0 1 74068
0 1 74069
0 1 74070
0 1 74072
0 1 74077
0 1 74078
0 1 74079
0 1 74080
0 1 74081
0 1 74082
0 1 74085
0 1 74087
0 1 74088
0 1 74089
0 1 74090
0 1 74092
0 1 74094
0 1 74095
0 1 74096
0 1 74097
0 1 74098
0 1 74099
0 1 74102
0 1 74103
0 1 74105
0 1 74107
0 1 74110
0 1 74111
0 1 74113
0 1 74114
0 1 74116
0 1 74120
0 1 74124
0 1 74129
0 1 74131
0 1 74132
0 1 74135
0 1 74139
0 1 74140
0 1 74141
0 1 74142
0 1 74145
0 1 74146
0 1 74147
0 1 74149
0 1 74150
0 1 74151
0 1 74152
0 1 74153
0 1 74154
0 1 74156
0 1 74158
0 1 74159
0 1 74160
0 1 74162
0 1 74164
0 1 74165
0 1 74167
0 1 74170
0 1 74171
0 1 74174
0 1 74176
0 1 74177
0 1 74178
0 1 74179
0 1 74180
0 1 74181
0 1 74182
0 1 74185
0 1 74187
0 1 74188
0 1 74192
0 1 74197
0 1 74200
0 1 74201
0 1 74204
0 1 74206
0 1 74207
0 1 74208
0 1 74209
0 1 74211
0 1 74212
0 1 74215
0 1 74217
0 1 74218
0 1 74220
0 1 74221
0 1 74222
0 1 74224
0 1 74225
0 1 74227
0 1 74228
0 1 74230
0 1 74231
0 1 74232
0 1 74233
0 1 74234
0 1 74237
0 1 74241
0 1 74242
0 1 74243
0 1 74244
0 1 74246
0 1 74248
0 1 74250
0 1 74251
0 1 74252
0 1 74256
0 1 74258
0 1 74259
0 1 74260
0 1 74261
0 1 74263
0 1 74264
0 1 74265
0 1 74267
0 1 74270
0 1 74271
0 1 74274
0 1 74277
0 1 74278
0 1 74279
0 1 74280
0 1 74281
0 1 74282
0 1 74283
0 1 74284
0 1 74285
0 1 74286
0 1 74292
0 1 74295
0 1 74296
0 1 74300
0 1 74301
0 1 74302
0 1 74303
0 1 74305
0 1 74307
0 1 74308
0 1 74313
0 1 74314
0 1 74316
0 1 74318
0 1 74319
0 1 74320
0 1 74323
0 1 74324
0 1 74326
0 1 74334
0 1 74335
0 1 74336
0 1 74339
0 1 74341
0 1 74343
0 1 74344
0 1 74345
0 1 74346
0 1 74347
0 1 74348
0 1 74349
0 1 74352
0 1 74353
0 1 74355
0 1 74356
0 1 74358
0 1 74360
0 1 74361
0 1 74362
0 1 74364
0 1 74365
0 1 74366
0 1 74371
0 1 74373
0 1 74375
0 1 74376
0 1 74378
0 1 74380
0 1 74382
0 1 74383
0 1 74384
0 1 74385
0 1 74386
0 1 74387
0 1 74390
0 1 74391
0 1 74393
0 1 74395
0 1 74398
0 1 74399
0 1 74402
0 1 74410
0 1 74413
0 1 74414
0 1 74416
0 1 74418
0 1 74421
0 1 74422
0 1 74423
0 1 74425
0 1 74429
0 1 74430
0 1 74431
0 1 74433
0 1 74434
0 1 74435
0 1 74436
0 1 74437
0 1 74439
0 1 74442
0 1 74443
0 1 74444
0 1 74445
0 1 74447
0 1 74449
0 1 74451
0 1 74456
0 1 74457
0 1 74458
0 1 74459
0 1 74460
0 1 74461
0 1 74463
0 1 74464
0 1 74466
0 1 74468
0 1 74469
0 1 74472
0 1 74473
0 1 74474
0 1 74475
0 1 74478
0 1 74479
0 1 74482
0 1 74483
0 1 74484
0 1 74485
0 1 74487
0 1 74490
0 1 74491
0 1 74492
0 1 74493
0 1 74494
0 1 74495
0 1 74496
0 1 74497
0 1 74499
0 1 74500
0 1 74501
0 1 74502
0 1 74503
0 1 74504
0 1 74505
0 1 74507
0 1 74508
0 1 74510
0 1 74511
0 1 74512
0 1 74515
0 1 74516
0 1 74518
0 1 74519
0 1 74524
0 1 74525
0 1 74526
0 1 74527
0 1 74529
0 1 74530
0 1 74531
0 1 74539
0 1 74543
0 1 74544
0 1 74545
0 1 74547
0 1 74548
0 1 74549
0 1 74550
0 1 74551
0 1 74552
0 1 74553
0 1 74554
0 1 74555
0 1 74556
0 1 74559
0 1 74560
0 1 74563
0 1 74564
0 1 74567
0 1 74568
0 1 74570
0 1 74572
0 1 74573
0 1 74574
0 1 74575
0 1 74576
0 1 74577
0 1 74578
0 1 74580
0 1 74583
0 1 74586
0 1 74588
0 1 74590
0 1 74591
0 1 74592
0 1 74593
0 1 74594
0 1 74595
0 1 74598
0 1 74599
0 1 74600
0 1 74602
0 1 74603
0 1 74604
0 1 74607
0 1 74608
0 1 74609
0 1 74611
0 1 74613
0 1 74614
0 1 74615
0 1 74618
0 1 74619
0 1 74621
0 1 74622
0 1 74623
0 1 74624
0 1 74625
0 1 74626
0 1 74627
0 1 74628
0 1 74629
0 1 74630
0 1 74631
0 1 74632
0 1 74634
0 1 74636
0 1 74638
0 1 74639
0 1 74641
0 1 74642
0 1 74643
0 1 74644
0 1 74647
0 1 74648
0 1 74649
0 1 74650
0 1 74651
0 1 74652
0 1 74653
0 1 74654
0 1 74655
0 1 74656
0 1 74659
0 1 74660
0 1 74661
0 1 74664
0 1 74666
0 1 74667
0 1 74669
0 1 74671
0 1 74674
0 1 74675
0 1 74676
0 1 74680
0 1 74681
0 1 74684
0 1 74685
0 1 74686
0 1 74687
0 1 74688
0 1 74691
0 1 74692
0 1 74696
0 1 74700
0 1 74701
0 1 74703
0 1 74707
0 1 74708
0 1 74713
0 1 74716
0 1 74717
0 1 74718
0 1 74719
0 1 74723
0 1 74725
0 1 74728
0 1 74732
0 1 74739
0 1 74744
0 1 74747
0 1 74748
0 1 74749
0 1 74753
0 1 74754
0 1 74756
0 1 74757
0 1 74758
0 1 74759
0 1 74761
0 1 74769
0 1 74772
0 1 74773
0 1 74777
0 1 74779
0 1 74785
0 1 74787
0 1 74789
0 1 74790
0 1 74791
0 1 74796
0 1 74797
0 1 74799
0 1 74800
0 1 74801
0 1 74802
0 1 74803
0 1 74805
0 1 74806
0 1 74808
0 1 74809
0 1 74810
0 1 74811
0 1 74813
0 1 74814
0 1 74816
0 1 74819
0 1 74820
0 1 74822
0 1 74825
0 1 74826
0 1 74827
0 1 74829
0 1 74830
0 1 74831
0 1 74832
0 1 74833
0 1 74834
0 1 74836
0 1 74839
0 1 74840
0 1 74842
0 1 74844
0 1 74845
0 1 74847
0 1 74848
0 1 74849
0 1 74851
0 1 74852
0 1 74853
0 1 74854
0 1 74856
0 1 74857
0 1 74862
0 1 74863
0 1 74864
0 1 74866
0 1 74867
0 1 74868
0 1 74869
0 1 74870
0 1 74871
0 1 74876
0 1 74877
0 1 74878
0 1 74881
0 1 74882
0 1 74883
0 1 74884
0 1 74886
0 1 74887
0 1 74888
0 1 74891
0 1 74892
0 1 74893
0 1 74894
0 1 74896
0 1 74897
0 1 74900
0 1 74901
0 1 74902
0 1 74903
0 1 74904
0 1 74905
0 1 74906
0 1 74907
0 1 74908
0 1 74909
0 1 74912
0 1 74913
0 1 74914
0 1 74915
0 1 74917
0 1 74919
0 1 74921
0 1 74923
0 1 74925
0 1 74927
0 1 74928
0 1 74929
0 1 74931
0 1 74934
0 1 74936
0 1 74937
0 1 74938
0 1 74939
0 1 74940
0 1 74944
0 1 74945
0 1 74946
0 1 74947
0 1 74956
0 1 74958
0 1 74960
0 1 74961
0 1 74962
0 1 74964
0 1 74965
0 1 74966
0 1 74967
0 1 74968
0 1 74969
0 1 74971
0 1 74973
0 1 74974
0 1 74976
0 1 74977
0 1 74978
0 1 74979
0 1 74981
0 1 74982
0 1 74983
0 1 74984
0 1 74986
0 1 74988
0 1 74991
0 1 74992
0 1 74993
0 1 74994
0 1 74996
0 1 74997
0 1 74999
0 1 75002
0 1 75003
0 1 75004
0 1 75005
0 1 75007
0 1 75008
0 1 75009
0 1 75012
0 1 75014
0 1 75015
0 1 75018
0 1 75019
0 1 75020
0 1 75022
0 1 75024
0 1 75025
0 1 75026
0 1 75028
0 1 75031
0 1 75032
0 1 75034
0 1 75035
0 1 75036
0 1 75037
0 1 75038
0 1 75040
0 1 75041
0 1 75042
0 1 75044
0 1 75045
0 1 75046
0 1 75049
0 1 75050
0 1 75051
0 1 75052
0 1 75053
0 1 75057
0 1 75059
0 1 75060
0 1 75061
0 1 75062
0 1 75065
0 1 75066
0 1 75068
0 1 75069
0 1 75070
0 1 75071
0 1 75074
0 1 75076
0 1 75078
0 1 75080
0 1 75082
0 1 75083
0 1 75086
0 1 75087
0 1 75090
0 1 75091
0 1 75092
0 1 75093
0 1 75094
0 1 75095
0 1 75098
0 1 75099
0 1 75100
0 1 75101
0 1 75102
0 1 75103
0 1 75104
0 1 75107
0 1 75108
0 1 75109
0 1 75110
0 1 75111
0 1 75112
0 1 75113
0 1 75114
0 1 75115
0 1 75116
0 1 75118
0 1 75119
0 1 75121
0 1 75122
0 1 75123
0 1 75124
0 1 75126
0 1 75127
0 1 75128
0 1 75129
0 1 75130
0 1 75131
0 1 75132
0 1 75134
0 1 75135
0 1 75137
0 1 75141
0 1 75143
0 1 75144
0 1 75145
0 1 75147
0 1 75149
0 1 75151
0 1 75154
0 1 75155
0 1 75156
0 1 75160
0 1 75164
0 1 75165
0 1 75166
0 1 75168
0 1 75169
0 1 75170
0 1 75173
0 1 75174
0 1 75175
0 1 75176
0 1 75179
0 1 75180
0 1 75181
0 1 75184
0 1 75185
0 1 75187
0 1 75188
0 1 75189
0 1 75190
0 1 75191
0 1 75194
0 1 75196
0 1 75197
0 1 75198
0 1 75200
0 1 75201
0 1 75202
0 1 75204
0 1 75205
0 1 75206
0 1 75207
0 1 75208
0 1 75209
0 1 75211
0 1 75213
0 1 75217
0 1 75219
0 1 75221
0 1 75223
0 1 75224
0 1 75225
0 1 75228
0 1 75229
0 1 75232
0 1 75237
0 1 75239
0 1 75240
0 1 75241
0 1 75242
0 1 75245
0 1 75246
0 1 75247
0 1 75248
0 1 75250
0 1 75251
0 1 75253
0 1 75254
0 1 75257
0 1 75259
0 1 75260
0 1 75261
0 1 75262
0 1 75265
0 1 75269
0 1 75270
0 1 75272
0 1 75273
0 1 75274
0 1 75276
0 1 75277
0 1 75278
0 1 75279
0 1 75280
0 1 75282
0 1 75287
0 1 75293
0 1 75294
0 1 75295
0 1 75296
0 1 75297
0 1 75304
0 1 75305
0 1 75306
0 1 75309
0 1 75310
0 1 75312
0 1 75313
0 1 75314
0 1 75316
0 1 75317
0 1 75318
0 1 75320
0 1 75321
0 1 75322
0 1 75323
0 1 75324
0 1 75325
0 1 75329
0 1 75330
0 1 75331
0 1 75332
0 1 75333
0 1 75334
0 1 75335
0 1 75337
0 1 75338
0 1 75340
0 1 75341
0 1 75342
0 1 75343
0 1 75344
0 1 75345
0 1 75346
0 1 75347
0 1 75348
0 1 75351
0 1 75353
0 1 75356
0 1 75358
0 1 75359
0 1 75360
0 1 75362
0 1 75363
0 1 75365
0 1 75366
0 1 75367
0 1 75370
0 1 75371
0 1 75372
0 1 75373
0 1 75375
0 1 75376
0 1 75382
0 1 75383
0 1 75385
0 1 75387
0 1 75390
0 1 75391
0 1 75395
0 1 75396
0 1 75397
0 1 75400
0 1 75401
0 1 75403
0 1 75405
0 1 75408
0 1 75409
0 1 75410
0 1 75413
0 1 75414
0 1 75415
0 1 75416
0 1 75417
0 1 75420
0 1 75421
0 1 75424
0 1 75425
0 1 75426
0 1 75427
0 1 75430
0 1 75435
0 1 75436
0 1 75437
0 1 75442
0 1 75443
0 1 75444
0 1 75446
0 1 75450
0 1 75451
0 1 75453
0 1 75455
0 1 75457
0 1 75458
0 1 75459
0 1 75460
0 1 75464
0 1 75465
0 1 75466
0 1 75467
0 1 75468
0 1 75469
0 1 75474
0 1 75475
0 1 75476
0 1 75477
0 1 75480
0 1 75481
0 1 75483
0 1 75484
0 1 75485
0 1 75486
0 1 75488
0 1 75490
0 1 75492
0 1 75494
0 1 75495
0 1 75498
0 1 75500
0 1 75502
0 1 75504
0 1 75506
0 1 75507
0 1 75508
0 1 75509
0 1 75510
0 1 75512
0 1 75514
0 1 75515
0 1 75517
0 1 75518
0 1 75519
0 1 75520
0 1 75521
0 1 75522
0 1 75523
0 1 75524
0 1 75526
0 1 75527
0 1 75528
0 1 75529
0 1 75530
0 1 75532
0 1 75533
0 1 75534
0 1 75535
0 1 75537
0 1 75540
0 1 75542
0 1 75543
0 1 75545
0 1 75546
0 1 75548
0 1 75549
0 1 75551
0 1 75552
0 1 75553
0 1 75555
0 1 75557
0 1 75558
0 1 75559
0 1 75560
0 1 75562
0 1 75563
0 1 75564
0 1 75568
0 1 75570
0 1 75571
0 1 75572
0 1 75575
0 1 75576
0 1 75577
0 1 75578
0 1 75582
0 1 75584
0 1 75586
0 1 75587
0 1 75588
0 1 75589
0 1 75591
0 1 75593
0 1 75595
0 1 75599
0 1 75600
0 1 75604
0 1 75605
0 1 75609
0 1 75611
0 1 75612
0 1 75613
0 1 75614
0 1 75615
0 1 75616
0 1 75617
0 1 75618
0 1 75620
0 1 75622
0 1 75623
0 1 75624
0 1 75625
0 1 75626
0 1 75628
0 1 75629
0 1 75632
0 1 75633
0 1 75635
0 1 75637
0 1 75638
0 1 75640
0 1 75641
0 1 75645
0 1 75646
0 1 75647
0 1 75648
0 1 75649
0 1 75652
0 1 75653
0 1 75656
0 1 75657
0 1 75659
0 1 75660
0 1 75661
0 1 75663
0 1 75664
0 1 75668
0 1 75669
0 1 75670
0 1 75671
0 1 75673
0 1 75674
0 1 75676
0 1 75678
0 1 75679
0 1 75682
0 1 75683
0 1 75684
0 1 75685
0 1 75686
0 1 75687
0 1 75688
0 1 75689
0 1 75690
0 1 75691
0 1 75692
0 1 75693
0 1 75694
0 1 75695
0 1 75697
0 1 75699
0 1 75702
0 1 75705
0 1 75706
0 1 75707
0 1 75708
0 1 75710
0 1 75711
0 1 75713
0 1 75714
0 1 75715
0 1 75717
0 1 75718
0 1 75720
0 1 75721
0 1 75722
0 1 75723
0 1 75724
0 1 75725
0 1 75727
0 1 75729
0 1 75731
0 1 75732
0 1 75734
0 1 75735
0 1 75736
0 1 75737
0 1 75738
0 1 75740
0 1 75741
0 1 75742
0 1 75743
0 1 75744
0 1 75745
0 1 75747
0 1 75749
0 1 75750
0 1 75751
0 1 75753
0 1 75754
0 1 75756
0 1 75759
0 1 75760
0 1 75761
0 1 75762
0 1 75763
0 1 75764
0 1 75765
0 1 75766
0 1 75767
0 1 75768
0 1 75772
0 1 75774
0 1 75775
0 1 75776
0 1 75778
0 1 75780
0 1 75781
0 1 75784
0 1 75787
0 1 75789
0 1 75790
0 1 75791
0 1 75792
0 1 75793
0 1 75795
0 1 75798
0 1 75801
0 1 75802
0 1 75805
0 1 75807
0 1 75812
0 1 75813
0 1 75814
0 1 75815
0 1 75819
0 1 75822
0 1 75823
0 1 75824
0 1 75825
0 1 75826
0 1 75827
0 1 75828
0 1 75829
0 1 75831
0 1 75832
0 1 75833
0 1 75838
0 1 75839
0 1 75840
0 1 75841
0 1 75842
0 1 75843
0 1 75845
0 1 75848
0 1 75849
0 1 75850
0 1 75851
0 1 75852
0 1 75853
0 1 75857
0 1 75858
0 1 75859
0 1 75860
0 1 75862
0 1 75864
0 1 75865
0 1 75866
0 1 75867
0 1 75868
0 1 75869
0 1 75872
0 1 75874
0 1 75877
0 1 75878
0 1 75879
0 1 75880
0 1 75881
0 1 75882
0 1 75883
0 1 75886
0 1 75888
0 1 75889
0 1 75890
0 1 75892
0 1 75894
0 1 75896
0 1 75899
0 1 75900
0 1 75905
0 1 75906
0 1 75908
0 1 75909
0 1 75910
0 1 75911
0 1 75912
0 1 75913
0 1 75915
0 1 75919
0 1 75921
0 1 75922
0 1 75923
0 1 75924
0 1 75926
0 1 75928
0 1 75929
0 1 75931
0 1 75932
0 1 75934
0 1 75935
0 1 75937
0 1 75939
0 1 75940
0 1 75942
0 1 75943
0 1 75945
0 1 75946
0 1 75947
0 1 75951
0 1 75952
0 1 75953
0 1 75954
0 1 75955
0 1 75957
0 1 75958
0 1 75959
0 1 75962
0 1 75963
0 1 75964
0 1 75966
0 1 75967
0 1 75968
0 1 75969
0 1 75971
0 1 75972
0 1 75975
0 1 75976
0 1 75978
0 1 75980
0 1 75982
0 1 75983
0 1 75985
0 1 75988
0 1 75989
0 1 75992
0 1 75995
0 1 75996
0 1 75998
0 1 75999
0 1 76001
0 1 76004
0 1 76005
0 1 76007
0 1 76009
0 1 76011
0 1 76012
0 1 76017
0 1 76019
0 1 76021
0 1 76022
0 1 76024
0 1 76027
0 1 76029
0 1 76030
0 1 76031
0 1 76034
0 1 76039
0 1 76040
0 1 76041
0 1 76042
0 1 76045
0 1 76046
0 1 76049
0 1 76051
0 1 76052
0 1 76055
0 1 76058
0 1 76059
0 1 76060
0 1 76063
0 1 76064
0 1 76065
0 1 76066
0 1 76067
0 1 76072
0 1 76073
0 1 76074
0 1 76075
0 1 76077
0 1 76082
0 1 76083
0 1 76085
0 1 76088
0 1 76090
0 1 76092
0 1 76093
0 1 76095
0 1 76096
0 1 76097
0 1 76098
0 1 76099
0 1 76102
0 1 76104
0 1 76106
0 1 76107
0 1 76109
0 1 76110
0 1 76113
0 1 76114
0 1 76116
0 1 76118
0 1 76119
0 1 76120
0 1 76121
0 1 76126
0 1 76127
0 1 76128
0 1 76130
0 1 76131
0 1 76132
0 1 76134
0 1 76136
0 1 76138
0 1 76140
0 1 76143
0 1 76144
0 1 76145
0 1 76146
0 1 76147
0 1 76150
0 1 76152
0 1 76153
0 1 76157
0 1 76158
0 1 76159
0 1 76160
0 1 76161
0 1 76162
0 1 76163
0 1 76164
0 1 76165
0 1 76166
0 1 76167
0 1 76168
0 1 76169
0 1 76170
0 1 76171
0 1 76172
0 1 76173
0 1 76174
0 1 76175
0 1 76177
0 1 76178
0 1 76179
0 1 76183
0 1 76184
0 1 76186
0 1 76187
0 1 76188
0 1 76190
0 1 76192
0 1 76194
0 1 76195
0 1 76196
0 1 76197
0 1 76198
0 1 76201
0 1 76203
0 1 76204
0 1 76205
0 1 76207
0 1 76209
0 1 76210
0 1 76211
0 1 76212
0 1 76213
0 1 76215
0 1 76216
0 1 76217
0 1 76218
0 1 76219
0 1 76220
0 1 76221
0 1 76223
0 1 76224
0 1 76225
0 1 76226
0 1 76229
0 1 76232
0 1 76233
0 1 76236
0 1 76237
0 1 76238
0 1 76239
0 1 76240
0 1 76241
0 1 76243
0 1 76246
0 1 76248
0 1 76249
0 1 76251
0 1 76252
0 1 76253
0 1 76254
0 1 76255
0 1 76256
0 1 76257
0 1 76258
0 1 76259
0 1 76260
0 1 76261
0 1 76262
0 1 76263
0 1 76265
0 1 76267
0 1 76268
0 1 76270
0 1 76273
0 1 76278
0 1 76279
0 1 76280
0 1 76281
0 1 76282
0 1 76285
0 1 76286
0 1 76287
0 1 76290
0 1 76293
0 1 76296
0 1 76297
0 1 76298
0 1 76299
0 1 76300
0 1 76301
0 1 76302
0 1 76304
0 1 76306
0 1 76307
0 1 76310
0 1 76314
0 1 76315
0 1 76316
0 1 76318
0 1 76319
0 1 76320
0 1 76322
0 1 76324
0 1 76325
0 1 76326
0 1 76327
0 1 76330
0 1 76333
0 1 76334
0 1 76335
0 1 76336
0 1 76338
0 1 76341
0 1 76342
0 1 76343
0 1 76344
0 1 76346
0 1 76347
0 1 76349
0 1 76351
0 1 76352
0 1 76353
0 1 76355
0 1 76356
0 1 76357
0 1 76358
0 1 76359
0 1 76360
0 1 76363
0 1 76364
0 1 76365
0 1 76366
0 1 76369
0 1 76370
0 1 76374
0 1 76375
0 1 76376
0 1 76380
0 1 76381
0 1 76384
0 1 76387
0 1 76388
0 1 76391
0 1 76393
0 1 76394
0 1 76395
0 1 76398
0 1 76399
0 1 76401
0 1 76402
0 1 76403
0 1 76404
0 1 76405
0 1 76406
0 1 76407
0 1 76408
0 1 76409
0 1 76410
0 1 76412
0 1 76413
0 1 76414
0 1 76415
0 1 76416
0 1 76418
0 1 76420
0 1 76422
0 1 76423
0 1 76426
0 1 76428
0 1 76430
0 1 76431
0 1 76432
0 1 76436
0 1 76438
0 1 76439
0 1 76440
0 1 76441
0 1 76443
0 1 76444
0 1 76445
0 1 76446
0 1 76448
0 1 76449
0 1 76450
0 1 76451
0 1 76453
0 1 76455
0 1 76456
0 1 76457
0 1 76459
0 1 76461
0 1 76462
0 1 76463
0 1 76464
0 1 76466
0 1 76467
0 1 76468
0 1 76469
0 1 76470
0 1 76471
0 1 76472
0 1 76473
0 1 76474
0 1 76479
0 1 76480
0 1 76483
0 1 76484
0 1 76485
0 1 76486
0 1 76487
0 1 76488
0 1 76490
0 1 76492
0 1 76493
0 1 76496
0 1 76498
0 1 76500
0 1 76501
0 1 76504
0 1 76506
0 1 76508
0 1 76509
0 1 76513
0 1 76517
0 1 76518
0 1 76520
0 1 76522
0 1 76523
0 1 76524
0 1 76525
0 1 76527
0 1 76528
0 1 76530
0 1 76532
0 1 76537
0 1 76542
0 1 76544
0 1 76545
0 1 76546
0 1 76550
0 1 76552
0 1 76553
0 1 76554
0 1 76556
0 1 76558
0 1 76563
0 1 76564
0 1 76565
0 1 76566
0 1 76567
0 1 76568
0 1 76572
0 1 76573
0 1 76574
0 1 76576
0 1 76578
0 1 76579
0 1 76580
0 1 76582
0 1 76583
0 1 76584
0 1 76585
0 1 76587
0 1 76588
0 1 76591
0 1 76595
0 1 76596
0 1 76597
0 1 76599
0 1 76600
0 1 76602
0 1 76604
0 1 76606
0 1 76610
0 1 76613
0 1 76614
0 1 76616
0 1 76617
0 1 76619
0 1 76621
0 1 76622
0 1 76624
0 1 76625
0 1 76626
0 1 76627
0 1 76628
0 1 76633
0 1 76634
0 1 76635
0 1 76637
0 1 76638
0 1 76641
0 1 76642
0 1 76643
0 1 76644
0 1 76647
0 1 76648
0 1 76650
0 1 76651
0 1 76652
0 1 76653
0 1 76654
0 1 76655
0 1 76656
0 1 76660
0 1 76661
0 1 76666
0 1 76667
0 1 76668
0 1 76670
0 1 76673
0 1 76676
0 1 76679
0 1 76680
0 1 76682
0 1 76684
0 1 76685
0 1 76686
0 1 76688
0 1 76690
0 1 76691
0 1 76692
0 1 76695
0 1 76696
0 1 76697
0 1 76698
0 1 76699
0 1 76702
0 1 76703
0 1 76704
0 1 76705
0 1 76706
0 1 76707
0 1 76710
0 1 76711
0 1 76714
0 1 76715
0 1 76716
0 1 76717
0 1 76718
0 1 76720
0 1 76724
0 1 76725
0 1 76726
0 1 76727
0 1 76728
0 1 76729
0 1 76730
0 1 76731
0 1 76732
0 1 76734
0 1 76735
0 1 76737
0 1 76738
0 1 76739
0 1 76741
0 1 76743
0 1 76745
0 1 76746
0 1 76747
0 1 76748
0 1 76749
0 1 76750
0 1 76751
0 1 76752
0 1 76756
0 1 76757
0 1 76758
0 1 76759
0 1 76760
0 1 76761
0 1 76762
0 1 76763
0 1 76765
0 1 76766
0 1 76768
0 1 76769
0 1 76772
0 1 76773
0 1 76774
0 1 76775
0 1 76777
0 1 76778
0 1 76781
0 1 76782
0 1 76784
0 1 76786
0 1 76787
0 1 76788
0 1 76790
0 1 76791
0 1 76794
0 1 76796
0 1 76797
0 1 76799
0 1 76800
0 1 76802
0 1 76803
0 1 76804
0 1 76806
0 1 76807
0 1 76808
0 1 76809
0 1 76810
0 1 76811
0 1 76812
0 1 76813
0 1 76814
0 1 76815
0 1 76819
0 1 76821
0 1 76822
0 1 76823
0 1 76824
0 1 76825
0 1 76826
0 1 76827
0 1 76829
0 1 76830
0 1 76835
0 1 76837
0 1 76838
0 1 76840
0 1 76841
0 1 76842
0 1 76843
0 1 76844
0 1 76846
0 1 76847
0 1 76848
0 1 76849
0 1 76850
0 1 76852
0 1 76854
0 1 76855
0 1 76857
0 1 76859
0 1 76860
0 1 76862
0 1 76864
0 1 76866
0 1 76869
0 1 76871
0 1 76872
0 1 76874
0 1 76878
0 1 76880
0 1 76882
0 1 76883
0 1 76885
0 1 76887
0 1 76889
0 1 76890
0 1 76891
0 1 76893
0 1 76896
0 1 76897
0 1 76898
0 1 76900
0 1 76901
0 1 76903
0 1 76904
0 1 76905
0 1 76906
0 1 76907
0 1 76908
0 1 76909
0 1 76910
0 1 76911
0 1 76912
0 1 76913
0 1 76914
0 1 76915
0 1 76916
0 1 76917
0 1 76919
0 1 76920
0 1 76923
0 1 76924
0 1 76925
0 1 76926
0 1 76928
0 1 76929
0 1 76930
0 1 76931
0 1 76932
0 1 76933
0 1 76935
0 1 76937
0 1 76938
0 1 76939
0 1 76940
0 1 76941
0 1 76946
0 1 76948
0 1 76949
0 1 76955
0 1 76956
0 1 76958
0 1 76961
0 1 76962
0 1 76963
0 1 76964
0 1 76965
0 1 76966
0 1 76968
0 1 76969
0 1 76970
0 1 76971
0 1 76972
0 1 76973
0 1 76974
0 1 76977
0 1 76978
0 1 76979
0 1 76981
0 1 76982
0 1 76984
0 1 76987
0 1 76988
0 1 76989
0 1 76991
0 1 76993
0 1 76994
0 1 76996
0 1 76997
0 1 76999
0 1 77000
0 1 77001
0 1 77002
0 1 77003
0 1 77004
0 1 77005
0 1 77006
0 1 77008
0 1 77009
0 1 77010
0 1 77012
0 1 77013
0 1 77016
0 1 77018
0 1 77019
0 1 77020
0 1 77022
0 1 77026
0 1 77027
0 1 77028
0 1 77029
0 1 77030
0 1 77032
0 1 77034
0 1 77035
0 1 77036
0 1 77037
0 1 77039
0 1 77040
0 1 77043
0 1 77044
0 1 77045
0 1 77048
0 1 77049
0 1 77050
0 1 77051
0 1 77055
0 1 77056
0 1 77057
0 1 77058
0 1 77060
0 1 77061
0 1 77062
0 1 77063
0 1 77065
0 1 77066
0 1 77069
0 1 77070
0 1 77072
0 1 77074
0 1 77075
0 1 77077
0 1 77079
0 1 77081
0 1 77082
0 1 77083
0 1 77086
0 1 77087
0 1 77092
0 1 77093
0 1 77094
0 1 77096
0 1 77097
0 1 77100
0 1 77102
0 1 77104
0 1 77106
0 1 77109
0 1 77111
0 1 77116
0 1 77117
0 1 77119
0 1 77122
0 1 77125
0 1 77127
0 1 77128
0 1 77129
0 1 77132
0 1 77137
0 1 77139
0 1 77142
0 1 77143
0 1 77144
0 1 77147
0 1 77148
0 1 77149
0 1 77150
0 1 77151
0 1 77152
0 1 77153
0 1 77154
0 1 77155
0 1 77156
0 1 77157
0 1 77158
0 1 77159
0 1 77160
0 1 77162
0 1 77165
0 1 77167
0 1 77169
0 1 77171
0 1 77173
0 1 77175
0 1 77176
0 1 77179
0 1 77180
0 1 77181
0 1 77183
0 1 77185
0 1 77186
0 1 77187
0 1 77188
0 1 77190
0 1 77191
0 1 77193
0 1 77195
0 1 77199
0 1 77200
0 1 77201
0 1 77202
0 1 77204
0 1 77207
0 1 77208
0 1 77209
0 1 77210
0 1 77211
0 1 77213
0 1 77215
0 1 77217
0 1 77220
0 1 77221
0 1 77227
0 1 77228
0 1 77230
0 1 77231
0 1 77233
0 1 77234
0 1 77236
0 1 77237
0 1 77239
0 1 77240
0 1 77241
0 1 77244
0 1 77245
0 1 77246
0 1 77247
0 1 77248
0 1 77254
0 1 77255
0 1 77256
0 1 77257
0 1 77259
0 1 77260
0 1 77261
0 1 77262
0 1 77264
0 1 77265
0 1 77266
0 1 77267
0 1 77268
0 1 77269
0 1 77270
0 1 77272
0 1 77274
0 1 77275
0 1 77276
0 1 77277
0 1 77278
0 1 77281
0 1 77283
0 1 77285
0 1 77288
0 1 77289
0 1 77291
0 1 77293
0 1 77294
0 1 77295
0 1 77299
0 1 77304
0 1 77305
0 1 77306
0 1 77308
0 1 77311
0 1 77313
0 1 77316
0 1 77317
0 1 77319
0 1 77320
0 1 77322
0 1 77324
0 1 77325
0 1 77328
0 1 77330
0 1 77331
0 1 77332
0 1 77334
0 1 77337
0 1 77338
0 1 77341
0 1 77343
0 1 77344
0 1 77349
0 1 77350
0 1 77352
0 1 77355
0 1 77356
0 1 77357
0 1 77361
0 1 77362
0 1 77364
0 1 77366
0 1 77367
0 1 77369
0 1 77371
0 1 77373
0 1 77374
0 1 77375
0 1 77378
0 1 77379
0 1 77380
0 1 77384
0 1 77385
0 1 77386
0 1 77387
0 1 77388
0 1 77390
0 1 77391
0 1 77392
0 1 77395
0 1 77396
0 1 77397
0 1 77398
0 1 77400
0 1 77402
0 1 77406
0 1 77407
0 1 77408
0 1 77409
0 1 77411
0 1 77412
0 1 77413
0 1 77414
0 1 77415
0 1 77416
0 1 77417
0 1 77418
0 1 77419
0 1 77420
0 1 77423
0 1 77424
0 1 77428
0 1 77434
0 1 77435
0 1 77436
0 1 77437
0 1 77438
0 1 77440
0 1 77441
0 1 77445
0 1 77446
0 1 77448
0 1 77449
0 1 77451
0 1 77452
0 1 77453
0 1 77455
0 1 77458
0 1 77459
0 1 77460
0 1 77461
0 1 77462
0 1 77464
0 1 77466
0 1 77469
0 1 77474
0 1 77478
0 1 77480
0 1 77481
0 1 77482
0 1 77485
0 1 77487
0 1 77488
0 1 77489
0 1 77490
0 1 77491
0 1 77493
0 1 77494
0 1 77497
0 1 77498
0 1 77499
0 1 77501
0 1 77502
0 1 77503
0 1 77504
0 1 77505
0 1 77506
0 1 77507
0 1 77509
0 1 77510
0 1 77511
0 1 77516
0 1 77518
0 1 77520
0 1 77523
0 1 77524
0 1 77527
0 1 77528
0 1 77529
0 1 77530
0 1 77531
0 1 77532
0 1 77533
0 1 77534
0 1 77537
0 1 77541
0 1 77543
0 1 77544
0 1 77545
0 1 77547
0 1 77551
0 1 77552
0 1 77554
0 1 77555
0 1 77557
0 1 77559
0 1 77562
0 1 77563
0 1 77569
0 1 77571
0 1 77572
0 1 77573
0 1 77574
0 1 77576
0 1 77580
0 1 77582
0 1 77584
0 1 77588
0 1 77589
0 1 77590
0 1 77591
0 1 77592
0 1 77593
0 1 77594
0 1 77595
0 1 77596
0 1 77597
0 1 77599
0 1 77600
0 1 77602
0 1 77603
0 1 77605
0 1 77606
0 1 77607
0 1 77608
0 1 77609
0 1 77610
0 1 77612
0 1 77613
0 1 77614
0 1 77615
0 1 77616
0 1 77617
0 1 77618
0 1 77619
0 1 77620
0 1 77621
0 1 77623
0 1 77625
0 1 77626
0 1 77627
0 1 77629
0 1 77630
0 1 77631
0 1 77632
0 1 77633
0 1 77637
0 1 77638
0 1 77639
0 1 77641
0 1 77643
0 1 77645
0 1 77649
0 1 77650
0 1 77651
0 1 77652
0 1 77654
0 1 77655
0 1 77656
0 1 77657
0 1 77659
0 1 77661
0 1 77662
0 1 77664
0 1 77666
0 1 77667
0 1 77668
0 1 77670
0 1 77671
0 1 77672
0 1 77674
0 1 77675
0 1 77676
0 1 77677
0 1 77678
0 1 77679
0 1 77682
0 1 77683
0 1 77685
0 1 77686
0 1 77687
0 1 77692
0 1 77693
0 1 77695
0 1 77696
0 1 77697
0 1 77698
0 1 77699
0 1 77700
0 1 77701
0 1 77702
0 1 77703
0 1 77705
0 1 77706
0 1 77707
0 1 77709
0 1 77710
0 1 77712
0 1 77715
0 1 77717
0 1 77718
0 1 77719
0 1 77720
0 1 77725
0 1 77726
0 1 77727
0 1 77729
0 1 77733
0 1 77736
0 1 77737
0 1 77738
0 1 77739
0 1 77740
0 1 77741
0 1 77742
0 1 77744
0 1 77747
0 1 77748
0 1 77749
0 1 77752
0 1 77753
0 1 77754
0 1 77755
0 1 77756
0 1 77757
0 1 77758
0 1 77759
0 1 77760
0 1 77761
0 1 77763
0 1 77764
0 1 77766
0 1 77769
0 1 77772
0 1 77776
0 1 77779
0 1 77781
0 1 77782
0 1 77783
0 1 77784
0 1 77785
0 1 77786
0 1 77787
0 1 77790
0 1 77791
0 1 77792
0 1 77794
0 1 77797
0 1 77798
0 1 77799
0 1 77800
0 1 77801
0 1 77804
0 1 77807
0 1 77808
0 1 77809
0 1 77810
0 1 77813
0 1 77814
0 1 77815
0 1 77816
0 1 77818
0 1 77819
0 1 77822
0 1 77823
0 1 77824
0 1 77825
0 1 77826
0 1 77827
0 1 77829
0 1 77830
0 1 77831
0 1 77832
0 1 77835
0 1 77836
0 1 77838
0 1 77840
0 1 77845
0 1 77846
0 1 77848
0 1 77849
0 1 77851
0 1 77854
0 1 77855
0 1 77856
0 1 77858
0 1 77861
0 1 77862
0 1 77863
0 1 77866
0 1 77868
0 1 77869
0 1 77872
0 1 77873
0 1 77874
0 1 77876
0 1 77877
0 1 77878
0 1 77881
0 1 77882
0 1 77884
0 1 77888
0 1 77889
0 1 77890
0 1 77892
0 1 77894
0 1 77895
0 1 77896
0 1 77898
0 1 77899
0 1 77900
0 1 77901
0 1 77902
0 1 77903
0 1 77905
0 1 77907
0 1 77908
0 1 77909
0 1 77911
0 1 77912
0 1 77913
0 1 77914
0 1 77917
0 1 77920
0 1 77921
0 1 77922
0 1 77923
0 1 77925
0 1 77926
0 1 77928
0 1 77929
0 1 77932
0 1 77933
0 1 77934
0 1 77939
0 1 77941
0 1 77943
0 1 77944
0 1 77947
0 1 77948
0 1 77950
0 1 77951
0 1 77952
0 1 77953
0 1 77954
0 1 77955
0 1 77958
0 1 77960
0 1 77961
0 1 77962
0 1 77963
0 1 77964
0 1 77966
0 1 77967
0 1 77968
0 1 77969
0 1 77971
0 1 77972
0 1 77973
0 1 77976
0 1 77978
0 1 77979
0 1 77980
0 1 77981
0 1 77982
0 1 77983
0 1 77984
0 1 77985
0 1 77986
0 1 77987
0 1 77990
0 1 77991
0 1 77992
0 1 77993
0 1 77995
0 1 77999
0 1 78000
0 1 78001
0 1 78002
0 1 78004
0 1 78005
0 1 78006
0 1 78007
0 1 78008
0 1 78009
0 1 78012
0 1 78015
0 1 78016
0 1 78018
0 1 78021
0 1 78022
0 1 78023
0 1 78024
0 1 78025
0 1 78026
0 1 78027
0 1 78028
0 1 78031
0 1 78032
0 1 78038
0 1 78040
0 1 78041
0 1 78042
0 1 78043
0 1 78046
0 1 78048
0 1 78051
0 1 78052
0 1 78053
0 1 78054
0 1 78056
0 1 78057
0 1 78062
0 1 78063
0 1 78064
0 1 78068
0 1 78069
0 1 78072
0 1 78075
0 1 78076
0 1 78077
0 1 78078
0 1 78080
0 1 78081
0 1 78082
0 1 78083
0 1 78084
0 1 78086
0 1 78087
0 1 78088
0 1 78089
0 1 78091
0 1 78094
0 1 78095
0 1 78096
0 1 78097
0 1 78098
0 1 78100
0 1 78103
0 1 78104
0 1 78105
0 1 78107
0 1 78110
0 1 78111
0 1 78112
0 1 78120
0 1 78121
0 1 78122
0 1 78123
0 1 78125
0 1 78126
0 1 78127
0 1 78129
0 1 78130
0 1 78131
0 1 78133
0 1 78138
0 1 78140
0 1 78144
0 1 78146
0 1 78147
0 1 78148
0 1 78149
0 1 78151
0 1 78152
0 1 78154
0 1 78156
0 1 78157
0 1 78158
0 1 78159
0 1 78161
0 1 78162
0 1 78163
0 1 78164
0 1 78167
0 1 78169
0 1 78171
0 1 78174
0 1 78175
0 1 78176
0 1 78178
0 1 78179
0 1 78180
0 1 78181
0 1 78183
0 1 78187
0 1 78188
0 1 78191
0 1 78192
0 1 78193
0 1 78195
0 1 78196
0 1 78197
0 1 78198
0 1 78199
0 1 78200
0 1 78201
0 1 78202
0 1 78204
0 1 78205
0 1 78207
0 1 78208
0 1 78210
0 1 78211
0 1 78212
0 1 78213
0 1 78215
0 1 78216
0 1 78217
0 1 78218
0 1 78221
0 1 78222
0 1 78223
0 1 78224
0 1 78226
0 1 78227
0 1 78228
0 1 78229
0 1 78230
0 1 78232
0 1 78235
0 1 78237
0 1 78238
0 1 78239
0 1 78240
0 1 78241
0 1 78243
0 1 78245
0 1 78246
0 1 78247
0 1 78248
0 1 78250
0 1 78252
0 1 78253
0 1 78254
0 1 78255
0 1 78257
0 1 78259
0 1 78260
0 1 78261
0 1 78262
0 1 78263
0 1 78264
0 1 78265
0 1 78266
0 1 78267
0 1 78269
0 1 78271
0 1 78275
0 1 78277
0 1 78278
0 1 78279
0 1 78281
0 1 78282
0 1 78284
0 1 78285
0 1 78286
0 1 78287
0 1 78288
0 1 78289
0 1 78290
0 1 78291
0 1 78293
0 1 78294
0 1 78295
0 1 78296
0 1 78298
0 1 78300
0 1 78301
0 1 78302
0 1 78303
0 1 78305
0 1 78306
0 1 78307
0 1 78308
0 1 78316
0 1 78317
0 1 78319
0 1 78321
0 1 78324
0 1 78326
0 1 78327
0 1 78328
0 1 78329
0 1 78333
0 1 78334
0 1 78335
0 1 78336
0 1 78337
0 1 78338
0 1 78339
0 1 78340
0 1 78341
0 1 78342
0 1 78345
0 1 78346
0 1 78347
0 1 78351
0 1 78353
0 1 78354
0 1 78355
0 1 78356
0 1 78357
0 1 78358
0 1 78359
0 1 78360
0 1 78361
0 1 78363
0 1 78364
0 1 78368
0 1 78374
0 1 78376
0 1 78377
0 1 78378
0 1 78380
0 1 78381
0 1 78382
0 1 78384
0 1 78386
0 1 78387
0 1 78388
0 1 78389
0 1 78391
0 1 78392
0 1 78393
0 1 78394
0 1 78396
0 1 78397
0 1 78398
0 1 78401
0 1 78407
0 1 78408
0 1 78410
0 1 78411
0 1 78412
0 1 78413
0 1 78414
0 1 78415
0 1 78417
0 1 78421
0 1 78422
0 1 78423
0 1 78424
0 1 78425
0 1 78426
0 1 78427
0 1 78429
0 1 78430
0 1 78431
0 1 78432
0 1 78434
0 1 78436
0 1 78438
0 1 78439
0 1 78440
0 1 78441
0 1 78444
0 1 78445
0 1 78446
0 1 78447
0 1 78448
0 1 78450
0 1 78451
0 1 78452
0 1 78453
0 1 78454
0 1 78455
0 1 78456
0 1 78457
0 1 78460
0 1 78462
0 1 78463
0 1 78464
0 1 78466
0 1 78468
0 1 78470
0 1 78471
0 1 78473
0 1 78476
0 1 78480
0 1 78481
0 1 78483
0 1 78484
0 1 78487
0 1 78488
0 1 78489
0 1 78490
0 1 78491
0 1 78497
0 1 78499
0 1 78501
0 1 78503
0 1 78504
0 1 78506
0 1 78507
0 1 78508
0 1 78510
0 1 78512
0 1 78513
0 1 78514
0 1 78515
0 1 78516
0 1 78517
0 1 78518
0 1 78519
0 1 78522
0 1 78523
0 1 78524
0 1 78525
0 1 78526
0 1 78527
0 1 78528
0 1 78531
0 1 78533
0 1 78535
0 1 78536
0 1 78537
0 1 78544
0 1 78545
0 1 78546
0 1 78547
0 1 78548
0 1 78549
0 1 78552
0 1 78554
0 1 78555
0 1 78558
0 1 78562
0 1 78564
0 1 78566
0 1 78567
0 1 78568
0 1 78569
0 1 78572
0 1 78573
0 1 78574
0 1 78576
0 1 78578
0 1 78581
0 1 78583
0 1 78585
0 1 78586
0 1 78587
0 1 78589
0 1 78590
0 1 78591
0 1 78592
0 1 78596
0 1 78597
0 1 78598
0 1 78599
0 1 78600
0 1 78601
0 1 78603
0 1 78604
0 1 78605
0 1 78606
0 1 78607
0 1 78608
0 1 78611
0 1 78612
0 1 78614
0 1 78616
0 1 78618
0 1 78619
0 1 78620
0 1 78621
0 1 78622
0 1 78623
0 1 78624
0 1 78626
0 1 78627
0 1 78629
0 1 78630
0 1 78631
0 1 78632
0 1 78633
0 1 78634
0 1 78635
0 1 78636
0 1 78638
0 1 78640
0 1 78641
0 1 78642
0 1 78643
0 1 78644
0 1 78645
0 1 78647
0 1 78648
0 1 78649
0 1 78651
0 1 78653
0 1 78654
0 1 78655
0 1 78659
0 1 78660
0 1 78661
0 1 78662
0 1 78664
0 1 78665
0 1 78666
0 1 78667
0 1 78669
0 1 78671
0 1 78672
0 1 78673
0 1 78674
0 1 78676
0 1 78677
0 1 78679
0 1 78680
0 1 78682
0 1 78683
0 1 78684
0 1 78685
0 1 78686
0 1 78687
0 1 78688
0 1 78689
0 1 78690
0 1 78691
0 1 78692
0 1 78693
0 1 78697
0 1 78700
0 1 78701
0 1 78702
0 1 78706
0 1 78709
0 1 78710
0 1 78711
0 1 78712
0 1 78718
0 1 78720
0 1 78721
0 1 78722
0 1 78724
0 1 78728
0 1 78730
0 1 78731
0 1 78732
0 1 78734
0 1 78736
0 1 78737
0 1 78738
0 1 78740
0 1 78741
0 1 78742
0 1 78745
0 1 78746
0 1 78747
0 1 78749
0 1 78750
0 1 78753
0 1 78754
0 1 78755
0 1 78756
0 1 78757
0 1 78762
0 1 78763
0 1 78764
0 1 78765
0 1 78768
0 1 78769
0 1 78770
0 1 78771
0 1 78772
0 1 78773
0 1 78774
0 1 78777
0 1 78778
0 1 78781
0 1 78784
0 1 78785
0 1 78787
0 1 78788
0 1 78789
0 1 78790
0 1 78792
0 1 78794
0 1 78795
0 1 78797
0 1 78798
0 1 78799
0 1 78801
0 1 78804
0 1 78806
0 1 78808
0 1 78812
0 1 78814
0 1 78815
0 1 78818
0 1 78820
0 1 78821
0 1 78822
0 1 78823
0 1 78824
0 1 78825
0 1 78826
0 1 78827
0 1 78828
0 1 78830
0 1 78832
0 1 78833
0 1 78834
0 1 78835
0 1 78838
0 1 78839
0 1 78843
0 1 78844
0 1 78845
0 1 78847
0 1 78848
0 1 78852
0 1 78854
0 1 78855
0 1 78857
0 1 78858
0 1 78860
0 1 78861
0 1 78862
0 1 78863
0 1 78864
0 1 78865
0 1 78867
0 1 78868
0 1 78869
0 1 78870
0 1 78871
0 1 78872
0 1 78874
0 1 78875
0 1 78876
0 1 78877
0 1 78879
0 1 78882
0 1 78885
0 1 78886
0 1 78887
0 1 78891
0 1 78894
0 1 78895
0 1 78896
0 1 78898
0 1 78899
0 1 78902
0 1 78905
0 1 78906
0 1 78907
0 1 78909
0 1 78910
0 1 78914
0 1 78920
0 1 78921
0 1 78923
0 1 78924
0 1 78925
0 1 78926
0 1 78927
0 1 78928
0 1 78929
0 1 78930
0 1 78931
0 1 78932
0 1 78933
0 1 78934
0 1 78935
0 1 78936
0 1 78937
0 1 78938
0 1 78939
0 1 78941
0 1 78942
0 1 78943
0 1 78944
0 1 78946
0 1 78947
0 1 78948
0 1 78949
0 1 78952
0 1 78955
0 1 78956
0 1 78957
0 1 78959
0 1 78960
0 1 78961
0 1 78963
0 1 78964
0 1 78965
0 1 78966
0 1 78967
0 1 78971
0 1 78972
0 1 78973
0 1 78974
0 1 78975
0 1 78976
0 1 78977
0 1 78978
0 1 78979
0 1 78980
0 1 78981
0 1 78982
0 1 78984
0 1 78985
0 1 78986
0 1 78990
0 1 78991
0 1 78993
0 1 78994
0 1 78996
0 1 78997
0 1 78999
0 1 79001
0 1 79003
0 1 79005
0 1 79008
0 1 79011
0 1 79013
0 1 79014
0 1 79015
0 1 79016
0 1 79018
0 1 79019
0 1 79021
0 1 79026
0 1 79027
0 1 79028
0 1 79030
0 1 79031
0 1 79032
0 1 79033
0 1 79034
0 1 79038
0 1 79042
0 1 79045
0 1 79046
0 1 79048
0 1 79049
0 1 79050
0 1 79051
0 1 79052
0 1 79053
0 1 79055
0 1 79056
0 1 79058
0 1 79059
0 1 79061
0 1 79063
0 1 79065
0 1 79068
0 1 79070
0 1 79071
0 1 79072
0 1 79073
0 1 79074
0 1 79075
0 1 79076
0 1 79077
0 1 79078
0 1 79079
0 1 79080
0 1 79081
0 1 79082
0 1 79083
0 1 79084
0 1 79086
0 1 79090
0 1 79093
0 1 79094
0 1 79095
0 1 79096
0 1 79097
0 1 79102
0 1 79103
0 1 79105
0 1 79106
0 1 79108
0 1 79110
0 1 79112
0 1 79113
0 1 79114
0 1 79117
0 1 79118
0 1 79119
0 1 79120
0 1 79121
0 1 79123
0 1 79124
0 1 79125
0 1 79127
0 1 79128
0 1 79129
0 1 79131
0 1 79132
0 1 79133
0 1 79134
0 1 79136
0 1 79137
0 1 79138
0 1 79139
0 1 79140
0 1 79141
0 1 79142
0 1 79143
0 1 79144
0 1 79145
0 1 79146
0 1 79149
0 1 79152
0 1 79156
0 1 79159
0 1 79160
0 1 79161
0 1 79163
0 1 79164
0 1 79165
0 1 79166
0 1 79171
0 1 79173
0 1 79175
0 1 79176
0 1 79178
0 1 79179
0 1 79180
0 1 79181
0 1 79183
0 1 79184
0 1 79185
0 1 79187
0 1 79188
0 1 79189
0 1 79191
0 1 79195
0 1 79196
0 1 79197
0 1 79198
0 1 79199
0 1 79200
0 1 79202
0 1 79204
0 1 79205
0 1 79206
0 1 79207
0 1 79209
0 1 79212
0 1 79213
0 1 79214
0 1 79215
0 1 79216
0 1 79219
0 1 79220
0 1 79221
0 1 79223
0 1 79225
0 1 79228
0 1 79229
0 1 79230
0 1 79231
0 1 79232
0 1 79233
0 1 79234
0 1 79235
0 1 79237
0 1 79239
0 1 79243
0 1 79244
0 1 79245
0 1 79246
0 1 79248
0 1 79249
0 1 79251
0 1 79253
0 1 79254
0 1 79255
0 1 79257
0 1 79258
0 1 79261
0 1 79264
0 1 79265
0 1 79266
0 1 79267
0 1 79268
0 1 79269
0 1 79270
0 1 79276
0 1 79277
0 1 79287
0 1 79288
0 1 79290
0 1 79291
0 1 79293
0 1 79294
0 1 79295
0 1 79296
0 1 79297
0 1 79301
0 1 79303
0 1 79304
0 1 79305
0 1 79307
0 1 79309
0 1 79310
0 1 79311
0 1 79313
0 1 79315
0 1 79317
0 1 79319
0 1 79320
0 1 79322
0 1 79323
0 1 79326
0 1 79328
0 1 79330
0 1 79331
0 1 79332
0 1 79333
0 1 79334
0 1 79336
0 1 79337
0 1 79338
0 1 79339
0 1 79342
0 1 79344
0 1 79346
0 1 79347
0 1 79349
0 1 79350
0 1 79351
0 1 79354
0 1 79355
0 1 79357
0 1 79358
0 1 79359
0 1 79361
0 1 79363
0 1 79364
0 1 79367
0 1 79369
0 1 79370
0 1 79371
0 1 79372
0 1 79373
0 1 79379
0 1 79381
0 1 79383
0 1 79384
0 1 79385
0 1 79386
0 1 79387
0 1 79388
0 1 79391
0 1 79392
0 1 79397
0 1 79398
0 1 79399
0 1 79404
0 1 79405
0 1 79407
0 1 79408
0 1 79409
0 1 79410
0 1 79412
0 1 79413
0 1 79414
0 1 79415
0 1 79419
0 1 79420
0 1 79421
0 1 79422
0 1 79423
0 1 79425
0 1 79426
0 1 79427
0 1 79429
0 1 79431
0 1 79432
0 1 79434
0 1 79435
0 1 79436
0 1 79437
0 1 79438
0 1 79439
0 1 79442
0 1 79443
0 1 79445
0 1 79446
0 1 79447
0 1 79448
0 1 79449
0 1 79450
0 1 79453
0 1 79455
0 1 79456
0 1 79459
0 1 79460
0 1 79461
0 1 79462
0 1 79463
0 1 79464
0 1 79465
0 1 79466
0 1 79467
0 1 79468
0 1 79469
0 1 79470
0 1 79471
0 1 79472
0 1 79474
0 1 79476
0 1 79477
0 1 79478
0 1 79480
0 1 79481
0 1 79482
0 1 79483
0 1 79484
0 1 79485
0 1 79486
0 1 79487
0 1 79488
0 1 79491
0 1 79494
0 1 79495
0 1 79496
0 1 79500
0 1 79501
0 1 79503
0 1 79507
0 1 79508
0 1 79509
0 1 79510
0 1 79512
0 1 79513
0 1 79515
0 1 79516
0 1 79520
0 1 79523
0 1 79524
0 1 79525
0 1 79527
0 1 79529
0 1 79530
0 1 79531
0 1 79532
0 1 79534
0 1 79535
0 1 79537
0 1 79540
0 1 79541
0 1 79542
0 1 79543
0 1 79548
0 1 79549
0 1 79550
0 1 79551
0 1 79552
0 1 79553
0 1 79554
0 1 79559
0 1 79560
0 1 79562
0 1 79564
0 1 79565
0 1 79566
0 1 79567
0 1 79568
0 1 79570
0 1 79571
0 1 79572
0 1 79574
0 1 79578
0 1 79579
0 1 79580
0 1 79581
0 1 79582
0 1 79583
0 1 79584
0 1 79585
0 1 79586
0 1 79587
0 1 79588
0 1 79591
0 1 79594
0 1 79595
0 1 79596
0 1 79599
0 1 79600
0 1 79601
0 1 79605
0 1 79606
0 1 79607
0 1 79609
0 1 79611
0 1 79613
0 1 79614
0 1 79616
0 1 79618
0 1 79619
0 1 79624
0 1 79627
0 1 79628
0 1 79629
0 1 79632
0 1 79633
0 1 79635
0 1 79639
0 1 79640
0 1 79641
0 1 79643
0 1 79646
0 1 79647
0 1 79648
0 1 79650
0 1 79655
0 1 79656
0 1 79657
0 1 79661
0 1 79662
0 1 79665
0 1 79666
0 1 79667
0 1 79671
0 1 79674
0 1 79675
0 1 79676
0 1 79677
0 1 79678
0 1 79679
0 1 79680
0 1 79683
0 1 79685
0 1 79686
0 1 79688
0 1 79691
0 1 79694
0 1 79695
0 1 79696
0 1 79697
0 1 79698
0 1 79701
0 1 79703
0 1 79704
0 1 79710
0 1 79711
0 1 79712
0 1 79714
0 1 79717
0 1 79718
0 1 79719
0 1 79720
0 1 79722
0 1 79724
0 1 79725
0 1 79729
0 1 79731
0 1 79733
0 1 79734
0 1 79735
0 1 79736
0 1 79737
0 1 79738
0 1 79739
0 1 79740
0 1 79741
0 1 79742
0 1 79743
0 1 79744
0 1 79745
0 1 79746
0 1 79747
0 1 79748
0 1 79749
0 1 79750
0 1 79752
0 1 79753
0 1 79754
0 1 79756
0 1 79760
0 1 79761
0 1 79763
0 1 79764
0 1 79765
0 1 79766
0 1 79767
0 1 79769
0 1 79772
0 1 79774
0 1 79775
0 1 79777
0 1 79778
0 1 79779
0 1 79782
0 1 79783
0 1 79784
0 1 79786
0 1 79788
0 1 79790
0 1 79792
0 1 79794
0 1 79795
0 1 79796
0 1 79798
0 1 79799
0 1 79801
0 1 79802
0 1 79803
0 1 79804
0 1 79808
0 1 79809
0 1 79810
0 1 79814
0 1 79815
0 1 79816
0 1 79817
0 1 79818
0 1 79819
0 1 79820
0 1 79821
0 1 79822
0 1 79825
0 1 79828
0 1 79830
0 1 79831
0 1 79832
0 1 79833
0 1 79834
0 1 79836
0 1 79838
0 1 79841
0 1 79844
0 1 79845
0 1 79847
0 1 79848
0 1 79849
0 1 79850
0 1 79852
0 1 79854
0 1 79855
0 1 79856
0 1 79860
0 1 79861
0 1 79864
0 1 79866
0 1 79867
0 1 79868
0 1 79870
0 1 79871
0 1 79872
0 1 79873
0 1 79874
0 1 79876
0 1 79880
0 1 79881
0 1 79882
0 1 79884
0 1 79885
0 1 79887
0 1 79889
0 1 79890
0 1 79893
0 1 79895
0 1 79897
0 1 79899
0 1 79902
0 1 79903
0 1 79904
0 1 79907
0 1 79908
0 1 79909
0 1 79911
0 1 79912
0 1 79913
0 1 79914
0 1 79915
0 1 79916
0 1 79917
0 1 79919
0 1 79920
0 1 79921
0 1 79922
0 1 79924
0 1 79926
0 1 79930
0 1 79931
0 1 79934
0 1 79935
0 1 79940
0 1 79941
0 1 79942
0 1 79945
0 1 79948
0 1 79950
0 1 79951
0 1 79952
0 1 79953
0 1 79956
0 1 79957
0 1 79961
0 1 79962
0 1 79963
0 1 79964
0 1 79965
0 1 79967
0 1 79968
0 1 79971
0 1 79972
0 1 79973
0 1 79979
0 1 79982
0 1 79983
0 1 79984
0 1 79986
0 1 79987
0 1 79988
0 1 79989
0 1 79990
0 1 79991
0 1 79992
0 1 79995
0 1 79998
0 1 80000
0 1 80001
0 1 80003
0 1 80004
0 1 80007
0 1 80008
0 1 80009
0 1 80010
0 1 80012
0 1 80013
0 1 80014
0 1 80016
0 1 80017
0 1 80018
0 1 80020
0 1 80021
0 1 80022
0 1 80024
0 1 80025
0 1 80026
0 1 80028
0 1 80029
0 1 80031
0 1 80037
0 1 80040
0 1 80043
0 1 80045
0 1 80047
0 1 80050
0 1 80055
0 1 80057
0 1 80061
0 1 80062
0 1 80064
0 1 80065
0 1 80066
0 1 80067
0 1 80068
0 1 80070
0 1 80072
0 1 80075
0 1 80076
0 1 80077
0 1 80079
0 1 80083
0 1 80084
0 1 80085
0 1 80087
0 1 80089
0 1 80090
0 1 80091
0 1 80093
0 1 80094
0 1 80095
0 1 80096
0 1 80097
0 1 80098
0 1 80099
0 1 80100
0 1 80101
0 1 80103
0 1 80104
0 1 80105
0 1 80106
0 1 80107
0 1 80108
0 1 80109
0 1 80110
0 1 80112
0 1 80113
0 1 80117
0 1 80119
0 1 80122
0 1 80124
0 1 80128
0 1 80130
0 1 80131
0 1 80132
0 1 80133
0 1 80134
0 1 80135
0 1 80139
0 1 80140
0 1 80142
0 1 80143
0 1 80144
0 1 80146
0 1 80148
0 1 80150
0 1 80151
0 1 80154
0 1 80155
0 1 80156
0 1 80160
0 1 80161
0 1 80162
0 1 80165
0 1 80167
0 1 80168
0 1 80169
0 1 80170
0 1 80171
0 1 80173
0 1 80175
0 1 80176
0 1 80178
0 1 80179
0 1 80181
0 1 80182
0 1 80183
0 1 80184
0 1 80186
0 1 80187
0 1 80190
0 1 80191
0 1 80192
0 1 80195
0 1 80197
0 1 80198
0 1 80199
0 1 80200
0 1 80201
0 1 80203
0 1 80206
0 1 80211
0 1 80212
0 1 80215
0 1 80217
0 1 80218
0 1 80219
0 1 80220
0 1 80221
0 1 80226
0 1 80228
0 1 80234
0 1 80235
0 1 80236
0 1 80239
0 1 80240
0 1 80243
0 1 80244
0 1 80246
0 1 80247
0 1 80248
0 1 80249
0 1 80250
0 1 80251
0 1 80252
0 1 80253
0 1 80256
0 1 80257
0 1 80259
0 1 80263
0 1 80264
0 1 80265
0 1 80267
0 1 80268
0 1 80270
0 1 80272
0 1 80274
0 1 80277
0 1 80278
0 1 80279
0 1 80282
0 1 80284
0 1 80285
0 1 80287
0 1 80293
0 1 80294
0 1 80296
0 1 80297
0 1 80298
0 1 80300
0 1 80301
0 1 80302
0 1 80303
0 1 80307
0 1 80309
0 1 80314
0 1 80318
0 1 80321
0 1 80322
0 1 80325
0 1 80328
0 1 80329
0 1 80330
0 1 80331
0 1 80332
0 1 80333
0 1 80334
0 1 80335
0 1 80337
0 1 80339
0 1 80340
0 1 80341
0 1 80343
0 1 80344
0 1 80345
0 1 80347
0 1 80352
0 1 80353
0 1 80356
0 1 80357
0 1 80358
0 1 80360
0 1 80362
0 1 80364
0 1 80366
0 1 80367
0 1 80368
0 1 80371
0 1 80372
0 1 80373
0 1 80375
0 1 80378
0 1 80380
0 1 80385
0 1 80386
0 1 80388
0 1 80389
0 1 80391
0 1 80392
0 1 80397
0 1 80398
0 1 80400
0 1 80401
0 1 80403
0 1 80405
0 1 80406
0 1 80408
0 1 80410
0 1 80411
0 1 80412
0 1 80413
0 1 80414
0 1 80415
0 1 80418
0 1 80419
0 1 80420
0 1 80422
0 1 80423
0 1 80424
0 1 80425
0 1 80427
0 1 80428
0 1 80429
0 1 80430
0 1 80431
0 1 80433
0 1 80434
0 1 80435
0 1 80437
0 1 80438
0 1 80439
0 1 80440
0 1 80442
0 1 80443
0 1 80444
0 1 80445
0 1 80448
0 1 80449
0 1 80450
0 1 80453
0 1 80454
0 1 80458
0 1 80459
0 1 80460
0 1 80461
0 1 80462
0 1 80465
0 1 80466
0 1 80467
0 1 80470
0 1 80474
0 1 80476
0 1 80477
0 1 80478
0 1 80479
0 1 80480
0 1 80482
0 1 80485
0 1 80486
0 1 80487
0 1 80488
0 1 80489
0 1 80490
0 1 80492
0 1 80493
0 1 80494
0 1 80496
0 1 80499
0 1 80500
0 1 80501
0 1 80503
0 1 80504
0 1 80505
0 1 80507
0 1 80509
0 1 80510
0 1 80511
0 1 80513
0 1 80514
0 1 80517
0 1 80518
0 1 80520
0 1 80521
0 1 80523
0 1 80524
0 1 80525
0 1 80527
0 1 80530
0 1 80531
0 1 80532
0 1 80533
0 1 80535
0 1 80536
0 1 80538
0 1 80539
0 1 80540
0 1 80543
0 1 80544
0 1 80546
0 1 80547
0 1 80548
0 1 80550
0 1 80552
0 1 80553
0 1 80555
0 1 80556
0 1 80557
0 1 80558
0 1 80560
0 1 80563
0 1 80564
0 1 80566
0 1 80567
0 1 80568
0 1 80569
0 1 80572
0 1 80573
0 1 80574
0 1 80575
0 1 80577
0 1 80580
0 1 80581
0 1 80582
0 1 80583
0 1 80584
0 1 80585
0 1 80587
0 1 80588
0 1 80589
0 1 80590
0 1 80592
0 1 80593
0 1 80594
0 1 80596
0 1 80597
0 1 80599
0 1 80600
0 1 80601
0 1 80604
0 1 80605
0 1 80606
0 1 80607
0 1 80608
0 1 80609
0 1 80610
0 1 80612
0 1 80613
0 1 80615
0 1 80616
0 1 80617
0 1 80618
0 1 80619
0 1 80622
0 1 80623
0 1 80624
0 1 80625
0 1 80626
0 1 80628
0 1 80629
0 1 80630
0 1 80631
0 1 80634
0 1 80636
0 1 80639
0 1 80640
0 1 80641
0 1 80642
0 1 80643
0 1 80644
0 1 80646
0 1 80647
0 1 80649
0 1 80650
0 1 80654
0 1 80656
0 1 80658
0 1 80659
0 1 80660
0 1 80661
0 1 80668
0 1 80669
0 1 80670
0 1 80672
0 1 80674
0 1 80675
0 1 80677
0 1 80678
0 1 80679
0 1 80680
0 1 80682
0 1 80683
0 1 80684
0 1 80685
0 1 80687
0 1 80688
0 1 80690
0 1 80691
0 1 80693
0 1 80695
0 1 80698
0 1 80700
0 1 80701
0 1 80702
0 1 80703
0 1 80705
0 1 80707
0 1 80710
0 1 80711
0 1 80714
0 1 80715
0 1 80716
0 1 80718
0 1 80727
0 1 80728
0 1 80729
0 1 80732
0 1 80733
0 1 80737
0 1 80743
0 1 80745
0 1 80747
0 1 80748
0 1 80752
0 1 80753
0 1 80754
0 1 80755
0 1 80756
0 1 80757
0 1 80760
0 1 80761
0 1 80764
0 1 80766
0 1 80767
0 1 80768
0 1 80769
0 1 80770
0 1 80772
0 1 80775
0 1 80776
0 1 80778
0 1 80779
0 1 80780
0 1 80781
0 1 80784
0 1 80786
0 1 80788
0 1 80791
0 1 80793
0 1 80796
0 1 80798
0 1 80799
0 1 80800
0 1 80801
0 1 80802
0 1 80803
0 1 80804
0 1 80805
0 1 80806
0 1 80808
0 1 80809
0 1 80812
0 1 80814
0 1 80815
0 1 80816
0 1 80818
0 1 80819
0 1 80821
0 1 80824
0 1 80827
0 1 80828
0 1 80829
0 1 80830
0 1 80832
0 1 80833
0 1 80836
0 1 80837
0 1 80839
0 1 80840
0 1 80841
0 1 80842
0 1 80843
0 1 80845
0 1 80846
0 1 80847
0 1 80849
0 1 80850
0 1 80851
0 1 80852
0 1 80854
0 1 80855
0 1 80856
0 1 80857
0 1 80858
0 1 80859
0 1 80860
0 1 80861
0 1 80864
0 1 80865
0 1 80866
0 1 80868
0 1 80870
0 1 80872
0 1 80873
0 1 80876
0 1 80878
0 1 80880
0 1 80881
0 1 80883
0 1 80884
0 1 80885
0 1 80886
0 1 80887
0 1 80888
0 1 80892
0 1 80893
0 1 80894
0 1 80895
0 1 80897
0 1 80898
0 1 80902
0 1 80903
0 1 80905
0 1 80911
0 1 80912
0 1 80913
0 1 80914
0 1 80915
0 1 80917
0 1 80918
0 1 80919
0 1 80922
0 1 80924
0 1 80925
0 1 80926
0 1 80928
0 1 80929
0 1 80930
0 1 80931
0 1 80932
0 1 80936
0 1 80937
0 1 80938
0 1 80939
0 1 80940
0 1 80941
0 1 80942
0 1 80944
0 1 80946
0 1 80947
0 1 80948
0 1 80951
0 1 80954
0 1 80956
0 1 80959
0 1 80960
0 1 80962
0 1 80963
0 1 80964
0 1 80965
0 1 80966
0 1 80967
0 1 80968
0 1 80970
0 1 80971
0 1 80973
0 1 80974
0 1 80977
0 1 80981
0 1 80982
0 1 80984
0 1 80986
0 1 80987
0 1 80988
0 1 80991
0 1 80992
0 1 80993
0 1 80994
0 1 80995
0 1 80996
0 1 80997
0 1 80998
0 1 80999
0 1 81001
0 1 81002
0 1 81004
0 1 81005
0 1 81008
0 1 81014
0 1 81016
0 1 81018
0 1 81019
0 1 81020
0 1 81021
0 1 81023
0 1 81024
0 1 81027
0 1 81030
0 1 81032
0 1 81033
0 1 81034
0 1 81036
0 1 81037
0 1 81038
0 1 81041
0 1 81042
0 1 81045
0 1 81046
0 1 81047
0 1 81048
0 1 81049
0 1 81051
0 1 81052
0 1 81055
0 1 81057
0 1 81061
0 1 81063
0 1 81064
0 1 81065
0 1 81066
0 1 81067
0 1 81068
0 1 81070
0 1 81071
0 1 81072
0 1 81073
0 1 81076
0 1 81077
0 1 81078
0 1 81079
0 1 81080
0 1 81084
0 1 81087
0 1 81088
0 1 81090
0 1 81092
0 1 81094
0 1 81095
0 1 81097
0 1 81098
0 1 81099
0 1 81100
0 1 81101
0 1 81103
0 1 81104
0 1 81105
0 1 81109
0 1 81110
0 1 81112
0 1 81113
0 1 81114
0 1 81117
0 1 81120
0 1 81121
0 1 81124
0 1 81125
0 1 81126
0 1 81127
0 1 81128
0 1 81129
0 1 81130
0 1 81131
0 1 81132
0 1 81134
0 1 81137
0 1 81138
0 1 81139
0 1 81141
0 1 81146
0 1 81147
0 1 81148
0 1 81149
0 1 81152
0 1 81153
0 1 81154
0 1 81156
0 1 81157
0 1 81159
0 1 81160
0 1 81161
0 1 81162
0 1 81163
0 1 81164
0 1 81166
0 1 81167
0 1 81168
0 1 81169
0 1 81170
0 1 81172
0 1 81173
0 1 81174
0 1 81175
0 1 81176
0 1 81177
0 1 81178
0 1 81180
0 1 81181
0 1 81183
0 1 81184
0 1 81185
0 1 81186
0 1 81187
0 1 81190
0 1 81191
0 1 81195
0 1 81196
0 1 81198
0 1 81202
0 1 81206
0 1 81210
0 1 81211
0 1 81212
0 1 81214
0 1 81215
0 1 81216
0 1 81217
0 1 81218
0 1 81220
0 1 81222
0 1 81223
0 1 81224
0 1 81225
0 1 81229
0 1 81230
0 1 81231
0 1 81232
0 1 81233
0 1 81236
0 1 81237
0 1 81238
0 1 81242
0 1 81246
0 1 81247
0 1 81248
0 1 81249
0 1 81254
0 1 81256
0 1 81260
0 1 81261
0 1 81262
0 1 81263
0 1 81264
0 1 81266
0 1 81269
0 1 81270
0 1 81271
0 1 81272
0 1 81275
0 1 81278
0 1 81279
0 1 81280
0 1 81282
0 1 81284
0 1 81285
0 1 81286
0 1 81287
0 1 81290
0 1 81291
0 1 81292
0 1 81294
0 1 81298
0 1 81302
0 1 81303
0 1 81304
0 1 81305
0 1 81308
0 1 81310
0 1 81314
0 1 81316
0 1 81317
0 1 81320
0 1 81321
0 1 81323
0 1 81324
0 1 81325
0 1 81326
0 1 81327
0 1 81329
0 1 81330
0 1 81334
0 1 81336
0 1 81337
0 1 81339
0 1 81340
0 1 81341
0 1 81342
0 1 81344
0 1 81345
0 1 81348
0 1 81349
0 1 81350
0 1 81351
0 1 81353
0 1 81355
0 1 81356
0 1 81358
0 1 81359
0 1 81360
0 1 81364
0 1 81365
0 1 81367
0 1 81368
0 1 81369
0 1 81370
0 1 81371
0 1 81372
0 1 81373
0 1 81374
0 1 81375
0 1 81379
0 1 81383
0 1 81385
0 1 81387
0 1 81389
0 1 81390
0 1 81393
0 1 81396
0 1 81398
0 1 81400
0 1 81402
0 1 81404
0 1 81406
0 1 81407
0 1 81408
0 1 81409
0 1 81410
0 1 81413
0 1 81415
0 1 81416
0 1 81417
0 1 81420
0 1 81423
0 1 81424
0 1 81429
0 1 81431
0 1 81432
0 1 81433
0 1 81434
0 1 81436
0 1 81437
0 1 81438
0 1 81440
0 1 81448
0 1 81452
0 1 81453
0 1 81454
0 1 81455
0 1 81456
0 1 81459
0 1 81460
0 1 81464
0 1 81467
0 1 81469
0 1 81471
0 1 81473
0 1 81475
0 1 81476
0 1 81477
0 1 81479
0 1 81481
0 1 81482
0 1 81483
0 1 81484
0 1 81485
0 1 81488
0 1 81489
0 1 81492
0 1 81493
0 1 81494
0 1 81497
0 1 81499
0 1 81501
0 1 81503
0 1 81504
0 1 81508
0 1 81510
0 1 81511
0 1 81512
0 1 81513
0 1 81514
0 1 81516
0 1 81517
0 1 81518
0 1 81521
0 1 81522
0 1 81523
0 1 81524
0 1 81525
0 1 81526
0 1 81527
0 1 81529
0 1 81532
0 1 81533
0 1 81534
0 1 81535
0 1 81537
0 1 81538
0 1 81539
0 1 81540
0 1 81541
0 1 81542
0 1 81543
0 1 81544
0 1 81546
0 1 81547
0 1 81548
0 1 81549
0 1 81550
0 1 81553
0 1 81555
0 1 81558
0 1 81561
0 1 81562
0 1 81563
0 1 81564
0 1 81565
0 1 81567
0 1 81568
0 1 81571
0 1 81572
0 1 81573
0 1 81574
0 1 81575
0 1 81576
0 1 81577
0 1 81578
0 1 81582
0 1 81583
0 1 81584
0 1 81585
0 1 81586
0 1 81589
0 1 81590
0 1 81591
0 1 81592
0 1 81593
0 1 81598
0 1 81600
0 1 81601
0 1 81602
0 1 81603
0 1 81606
0 1 81609
0 1 81610
0 1 81611
0 1 81613
0 1 81614
0 1 81615
0 1 81616
0 1 81617
0 1 81618
0 1 81619
0 1 81620
0 1 81621
0 1 81623
0 1 81624
0 1 81625
0 1 81628
0 1 81630
0 1 81631
0 1 81632
0 1 81633
0 1 81635
0 1 81638
0 1 81639
0 1 81640
0 1 81641
0 1 81642
0 1 81644
0 1 81645
0 1 81648
0 1 81651
0 1 81655
0 1 81656
0 1 81659
0 1 81660
0 1 81661
0 1 81664
0 1 81667
0 1 81668
0 1 81669
0 1 81670
0 1 81672
0 1 81673
0 1 81675
0 1 81678
0 1 81680
0 1 81681
0 1 81682
0 1 81683
0 1 81684
0 1 81685
0 1 81686
0 1 81691
0 1 81693
0 1 81694
0 1 81695
0 1 81696
0 1 81698
0 1 81699
0 1 81701
0 1 81702
0 1 81704
0 1 81705
0 1 81706
0 1 81707
0 1 81708
0 1 81711
0 1 81713
0 1 81715
0 1 81716
0 1 81717
0 1 81720
0 1 81723
0 1 81724
0 1 81725
0 1 81729
0 1 81730
0 1 81731
0 1 81736
0 1 81739
0 1 81740
0 1 81741
0 1 81744
0 1 81745
0 1 81747
0 1 81748
0 1 81749
0 1 81751
0 1 81753
0 1 81761
0 1 81762
0 1 81765
0 1 81766
0 1 81767
0 1 81768
0 1 81770
0 1 81771
0 1 81772
0 1 81773
0 1 81774
0 1 81776
0 1 81777
0 1 81778
0 1 81779
0 1 81780
0 1 81781
0 1 81782
0 1 81783
0 1 81784
0 1 81787
0 1 81788
0 1 81789
0 1 81791
0 1 81793
0 1 81794
0 1 81795
0 1 81796
0 1 81797
0 1 81800
0 1 81801
0 1 81803
0 1 81804
0 1 81807
0 1 81809
0 1 81810
0 1 81811
0 1 81812
0 1 81813
0 1 81815
0 1 81818
0 1 81819
0 1 81820
0 1 81822
0 1 81824
0 1 81827
0 1 81828
0 1 81833
0 1 81834
0 1 81837
0 1 81839
0 1 81840
0 1 81841
0 1 81842
0 1 81845
0 1 81846
0 1 81847
0 1 81848
0 1 81850
0 1 81851
0 1 81852
0 1 81854
0 1 81855
0 1 81856
0 1 81860
0 1 81862
0 1 81863
0 1 81864
0 1 81865
0 1 81866
0 1 81869
0 1 81870
0 1 81871
0 1 81872
0 1 81873
0 1 81876
0 1 81878
0 1 81880
0 1 81881
0 1 81882
0 1 81883
0 1 81884
0 1 81886
0 1 81887
0 1 81889
0 1 81890
0 1 81891
0 1 81892
0 1 81893
0 1 81895
0 1 81896
0 1 81897
0 1 81898
0 1 81900
0 1 81901
0 1 81903
0 1 81905
0 1 81906
0 1 81908
0 1 81909
0 1 81912
0 1 81914
0 1 81915
0 1 81916
0 1 81917
0 1 81918
0 1 81919
0 1 81922
0 1 81923
0 1 81925
0 1 81928
0 1 81929
0 1 81930
0 1 81931
0 1 81932
0 1 81933
0 1 81936
0 1 81937
0 1 81938
0 1 81940
0 1 81943
0 1 81945
0 1 81946
0 1 81947
0 1 81950
0 1 81951
0 1 81955
0 1 81957
0 1 81958
0 1 81960
0 1 81961
0 1 81962
0 1 81964
0 1 81965
0 1 81967
0 1 81969
0 1 81971
0 1 81972
0 1 81974
0 1 81975
0 1 81977
0 1 81978
0 1 81980
0 1 81981
0 1 81982
0 1 81984
0 1 81985
0 1 81988
0 1 81989
0 1 81991
0 1 81993
0 1 81994
0 1 81996
0 1 81997
0 1 81999
0 1 82002
0 1 82003
0 1 82005
0 1 82006
0 1 82007
0 1 82009
0 1 82012
0 1 82018
0 1 82019
0 1 82020
0 1 82023
0 1 82024
0 1 82026
0 1 82027
0 1 82028
0 1 82029
0 1 82031
0 1 82032
0 1 82033
0 1 82035
0 1 82036
0 1 82037
0 1 82038
0 1 82039
0 1 82040
0 1 82041
0 1 82042
0 1 82044
0 1 82045
0 1 82046
0 1 82047
0 1 82049
0 1 82050
0 1 82052
0 1 82054
0 1 82055
0 1 82056
0 1 82057
0 1 82058
0 1 82062
0 1 82064
0 1 82065
0 1 82066
0 1 82068
0 1 82069
0 1 82073
0 1 82074
0 1 82076
0 1 82077
0 1 82078
0 1 82080
0 1 82083
0 1 82085
0 1 82086
0 1 82087
0 1 82095
0 1 82096
0 1 82097
0 1 82098
0 1 82100
0 1 82101
0 1 82103
0 1 82107
0 1 82108
0 1 82109
0 1 82110
0 1 82111
0 1 82112
0 1 82114
0 1 82119
0 1 82120
0 1 82121
0 1 82122
0 1 82123
0 1 82124
0 1 82125
0 1 82127
0 1 82129
0 1 82130
0 1 82131
0 1 82132
0 1 82133
0 1 82134
0 1 82135
0 1 82136
0 1 82138
0 1 82142
0 1 82143
0 1 82144
0 1 82146
0 1 82147
0 1 82149
0 1 82150
0 1 82151
0 1 82153
0 1 82154
0 1 82158
0 1 82159
0 1 82160
0 1 82161
0 1 82163
0 1 82166
0 1 82167
0 1 82169
0 1 82170
0 1 82171
0 1 82172
0 1 82173
0 1 82174
0 1 82175
0 1 82176
0 1 82178
0 1 82180
0 1 82181
0 1 82184
0 1 82185
0 1 82187
0 1 82189
0 1 82191
0 1 82192
0 1 82193
0 1 82194
0 1 82195
0 1 82198
0 1 82200
0 1 82201
0 1 82202
0 1 82204
0 1 82206
0 1 82207
0 1 82208
0 1 82209
0 1 82210
0 1 82211
0 1 82212
0 1 82215
0 1 82216
0 1 82217
0 1 82218
0 1 82219
0 1 82220
0 1 82222
0 1 82225
0 1 82226
0 1 82227
0 1 82228
0 1 82229
0 1 82230
0 1 82231
0 1 82232
0 1 82233
0 1 82235
0 1 82236
0 1 82238
0 1 82240
0 1 82241
0 1 82248
0 1 82250
0 1 82251
0 1 82252
0 1 82255
0 1 82258
0 1 82259
0 1 82260
0 1 82261
0 1 82264
0 1 82265
0 1 82266
0 1 82267
0 1 82269
0 1 82270
0 1 82271
0 1 82274
0 1 82275
0 1 82277
0 1 82278
0 1 82283
0 1 82284
0 1 82287
0 1 82290
0 1 82292
0 1 82294
0 1 82296
0 1 82299
0 1 82300
0 1 82301
0 1 82305
0 1 82306
0 1 82307
0 1 82308
0 1 82309
0 1 82310
0 1 82315
0 1 82318
0 1 82319
0 1 82321
0 1 82322
0 1 82324
0 1 82325
0 1 82326
0 1 82327
0 1 82329
0 1 82330
0 1 82332
0 1 82333
0 1 82334
0 1 82335
0 1 82336
0 1 82338
0 1 82340
0 1 82342
0 1 82345
0 1 82347
0 1 82348
0 1 82349
0 1 82350
0 1 82351
0 1 82352
0 1 82353
0 1 82354
0 1 82356
0 1 82357
0 1 82358
0 1 82359
0 1 82361
0 1 82363
0 1 82364
0 1 82365
0 1 82366
0 1 82367
0 1 82368
0 1 82369
0 1 82370
0 1 82371
0 1 82372
0 1 82373
0 1 82375
0 1 82381
0 1 82383
0 1 82384
0 1 82386
0 1 82388
0 1 82389
0 1 82390
0 1 82393
0 1 82395
0 1 82396
0 1 82400
0 1 82401
0 1 82402
0 1 82403
0 1 82404
0 1 82406
0 1 82410
0 1 82413
0 1 82414
0 1 82416
0 1 82419
0 1 82420
0 1 82421
0 1 82427
0 1 82428
0 1 82430
0 1 82431
0 1 82432
0 1 82434
0 1 82436
0 1 82438
0 1 82442
0 1 82444
0 1 82445
0 1 82451
0 1 82454
0 1 82455
0 1 82457
0 1 82458
0 1 82459
0 1 82461
0 1 82462
0 1 82465
0 1 82466
0 1 82469
0 1 82470
0 1 82471
0 1 82472
0 1 82473
0 1 82474
0 1 82476
0 1 82478
0 1 82482
0 1 82486
0 1 82487
0 1 82489
0 1 82490
0 1 82491
0 1 82494
0 1 82495
0 1 82497
0 1 82499
0 1 82504
0 1 82506
0 1 82509
0 1 82510
0 1 82511
0 1 82512
0 1 82514
0 1 82516
0 1 82517
0 1 82519
0 1 82521
0 1 82523
0 1 82528
0 1 82529
0 1 82531
0 1 82532
0 1 82535
0 1 82536
0 1 82537
0 1 82541
0 1 82548
0 1 82549
0 1 82551
0 1 82552
0 1 82554
0 1 82555
0 1 82556
0 1 82557
0 1 82558
0 1 82559
0 1 82560
0 1 82562
0 1 82563
0 1 82565
0 1 82569
0 1 82570
0 1 82571
0 1 82573
0 1 82574
0 1 82575
0 1 82576
0 1 82577
0 1 82578
0 1 82579
0 1 82580
0 1 82581
0 1 82585
0 1 82590
0 1 82591
0 1 82594
0 1 82595
0 1 82596
0 1 82598
0 1 82601
0 1 82604
0 1 82605
0 1 82606
0 1 82608
0 1 82609
0 1 82610
0 1 82613
0 1 82616
0 1 82618
0 1 82620
0 1 82622
0 1 82623
0 1 82624
0 1 82626
0 1 82630
0 1 82631
0 1 82632
0 1 82633
0 1 82634
0 1 82635
0 1 82636
0 1 82638
0 1 82639
0 1 82640
0 1 82641
0 1 82642
0 1 82643
0 1 82646
0 1 82647
0 1 82649
0 1 82650
0 1 82651
0 1 82654
0 1 82655
0 1 82657
0 1 82659
0 1 82660
0 1 82661
0 1 82663
0 1 82665
0 1 82666
0 1 82667
0 1 82670
0 1 82671
0 1 82674
0 1 82675
0 1 82680
0 1 82687
0 1 82688
0 1 82691
0 1 82692
0 1 82693
0 1 82696
0 1 82697
0 1 82699
0 1 82701
0 1 82702
0 1 82704
0 1 82706
0 1 82707
0 1 82708
0 1 82709
0 1 82712
0 1 82713
0 1 82714
0 1 82719
0 1 82721
0 1 82722
0 1 82724
0 1 82725
0 1 82726
0 1 82727
0 1 82731
0 1 82733
0 1 82737
0 1 82739
0 1 82740
0 1 82744
0 1 82745
0 1 82746
0 1 82747
0 1 82748
0 1 82750
0 1 82751
0 1 82752
0 1 82753
0 1 82754
0 1 82755
0 1 82763
0 1 82764
0 1 82765
0 1 82767
0 1 82769
0 1 82771
0 1 82772
0 1 82773
0 1 82775
0 1 82776
0 1 82779
0 1 82780
0 1 82781
0 1 82783
0 1 82784
0 1 82788
0 1 82789
0 1 82790
0 1 82792
0 1 82793
0 1 82796
0 1 82797
0 1 82798
0 1 82800
0 1 82801
0 1 82802
0 1 82803
0 1 82805
0 1 82806
0 1 82807
0 1 82808
0 1 82809
0 1 82812
0 1 82814
0 1 82815
0 1 82816
0 1 82817
0 1 82818
0 1 82819
0 1 82820
0 1 82821
0 1 82823
0 1 82824
0 1 82825
0 1 82826
0 1 82827
0 1 82828
0 1 82832
0 1 82833
0 1 82834
0 1 82835
0 1 82836
0 1 82837
0 1 82838
0 1 82839
0 1 82840
0 1 82841
0 1 82842
0 1 82843
0 1 82844
0 1 82845
0 1 82848
0 1 82849
0 1 82852
0 1 82861
0 1 82862
0 1 82863
0 1 82864
0 1 82865
0 1 82866
0 1 82867
0 1 82868
0 1 82869
0 1 82870
0 1 82871
0 1 82872
0 1 82874
0 1 82878
0 1 82879
0 1 82883
0 1 82884
0 1 82885
0 1 82886
0 1 82891
0 1 82895
0 1 82897
0 1 82900
0 1 82902
0 1 82903
0 1 82905
0 1 82907
0 1 82908
0 1 82909
0 1 82910
0 1 82911
0 1 82912
0 1 82913
0 1 82914
0 1 82917
0 1 82918
0 1 82919
0 1 82920
0 1 82921
0 1 82923
0 1 82927
0 1 82928
0 1 82931
0 1 82932
0 1 82933
0 1 82934
0 1 82936
0 1 82941
0 1 82942
0 1 82944
0 1 82948
0 1 82949
0 1 82950
0 1 82956
0 1 82958
0 1 82959
0 1 82960
0 1 82961
0 1 82962
0 1 82964
0 1 82965
0 1 82968
0 1 82970
0 1 82971
0 1 82973
0 1 82974
0 1 82975
0 1 82976
0 1 82978
0 1 82981
0 1 82985
0 1 82987
0 1 82990
0 1 82991
0 1 82993
0 1 82994
0 1 82995
0 1 82996
0 1 82997
0 1 82998
0 1 82999
0 1 83000
0 1 83001
0 1 83002
0 1 83005
0 1 83008
0 1 83009
0 1 83010
0 1 83011
0 1 83014
0 1 83018
0 1 83019
0 1 83021
0 1 83023
0 1 83028
0 1 83030
0 1 83031
0 1 83033
0 1 83035
0 1 83036
0 1 83039
0 1 83040
0 1 83041
0 1 83042
0 1 83044
0 1 83045
0 1 83046
0 1 83047
0 1 83049
0 1 83051
0 1 83052
0 1 83055
0 1 83056
0 1 83057
0 1 83061
0 1 83062
0 1 83065
0 1 83066
0 1 83067
0 1 83069
0 1 83073
0 1 83074
0 1 83077
0 1 83078
0 1 83079
0 1 83080
0 1 83081
0 1 83084
0 1 83087
0 1 83090
0 1 83091
0 1 83092
0 1 83093
0 1 83094
0 1 83096
0 1 83097
0 1 83099
0 1 83104
0 1 83105
0 1 83107
0 1 83108
0 1 83110
0 1 83111
0 1 83112
0 1 83113
0 1 83115
0 1 83116
0 1 83117
0 1 83118
0 1 83119
0 1 83121
0 1 83122
0 1 83125
0 1 83127
0 1 83129
0 1 83130
0 1 83131
0 1 83133
0 1 83134
0 1 83137
0 1 83139
0 1 83141
0 1 83142
0 1 83143
0 1 83144
0 1 83146
0 1 83150
0 1 83155
0 1 83156
0 1 83158
0 1 83159
0 1 83160
0 1 83161
0 1 83162
0 1 83163
0 1 83164
0 1 83165
0 1 83166
0 1 83168
0 1 83170
0 1 83173
0 1 83174
0 1 83177
0 1 83178
0 1 83179
0 1 83180
0 1 83182
0 1 83183
0 1 83184
0 1 83185
0 1 83188
0 1 83190
0 1 83192
0 1 83194
0 1 83195
0 1 83196
0 1 83197
0 1 83199
0 1 83201
0 1 83202
0 1 83205
0 1 83206
0 1 83207
0 1 83208
0 1 83210
0 1 83211
0 1 83212
0 1 83213
0 1 83214
0 1 83215
0 1 83216
0 1 83217
0 1 83218
0 1 83220
0 1 83221
0 1 83222
0 1 83223
0 1 83224
0 1 83225
0 1 83226
0 1 83228
0 1 83237
0 1 83238
0 1 83239
0 1 83240
0 1 83243
0 1 83244
0 1 83245
0 1 83246
0 1 83247
0 1 83249
0 1 83253
0 1 83254
0 1 83255
0 1 83256
0 1 83257
0 1 83258
0 1 83259
0 1 83260
0 1 83261
0 1 83265
0 1 83266
0 1 83267
0 1 83268
0 1 83270
0 1 83272
0 1 83273
0 1 83275
0 1 83277
0 1 83280
0 1 83281
0 1 83283
0 1 83284
0 1 83285
0 1 83286
0 1 83288
0 1 83290
0 1 83291
0 1 83293
0 1 83295
0 1 83296
0 1 83299
0 1 83301
0 1 83302
0 1 83304
0 1 83306
0 1 83307
0 1 83309
0 1 83310
0 1 83311
0 1 83314
0 1 83317
0 1 83318
0 1 83319
0 1 83320
0 1 83321
0 1 83322
0 1 83325
0 1 83327
0 1 83330
0 1 83331
0 1 83335
0 1 83337
0 1 83338
0 1 83339
0 1 83340
0 1 83341
0 1 83343
0 1 83344
0 1 83345
0 1 83347
0 1 83348
0 1 83349
0 1 83351
0 1 83352
0 1 83354
0 1 83355
0 1 83356
0 1 83357
0 1 83358
0 1 83360
0 1 83361
0 1 83363
0 1 83365
0 1 83368
0 1 83372
0 1 83373
0 1 83376
0 1 83378
0 1 83380
0 1 83381
0 1 83383
0 1 83385
0 1 83388
0 1 83389
0 1 83390
0 1 83393
0 1 83395
0 1 83396
0 1 83397
0 1 83398
0 1 83399
0 1 83404
0 1 83407
0 1 83410
0 1 83413
0 1 83416
0 1 83418
0 1 83420
0 1 83421
0 1 83422
0 1 83423
0 1 83424
0 1 83425
0 1 83427
0 1 83429
0 1 83431
0 1 83432
0 1 83434
0 1 83436
0 1 83439
0 1 83440
0 1 83441
0 1 83444
0 1 83446
0 1 83449
0 1 83452
0 1 83453
0 1 83454
0 1 83462
0 1 83464
0 1 83465
0 1 83468
0 1 83469
0 1 83470
0 1 83472
0 1 83475
0 1 83476
0 1 83477
0 1 83479
0 1 83481
0 1 83484
0 1 83486
0 1 83487
0 1 83488
0 1 83489
0 1 83490
0 1 83495
0 1 83496
0 1 83499
0 1 83500
0 1 83504
0 1 83505
0 1 83506
0 1 83510
0 1 83511
0 1 83513
0 1 83519
0 1 83520
0 1 83522
0 1 83527
0 1 83528
0 1 83529
0 1 83531
0 1 83532
0 1 83533
0 1 83535
0 1 83536
0 1 83537
0 1 83538
0 1 83540
0 1 83543
0 1 83545
0 1 83549
0 1 83550
0 1 83551
0 1 83552
0 1 83553
0 1 83557
0 1 83558
0 1 83559
0 1 83560
0 1 83561
0 1 83562
0 1 83563
0 1 83564
0 1 83566
0 1 83567
0 1 83569
0 1 83570
0 1 83571
0 1 83572
0 1 83574
0 1 83576
0 1 83577
0 1 83578
0 1 83579
0 1 83580
0 1 83582
0 1 83583
0 1 83588
0 1 83592
0 1 83594
0 1 83595
0 1 83596
0 1 83598
0 1 83599
0 1 83601
0 1 83603
0 1 83610
0 1 83611
0 1 83614
0 1 83615
0 1 83616
0 1 83617
0 1 83623
0 1 83626
0 1 83629
0 1 83630
0 1 83631
0 1 83632
0 1 83633
0 1 83634
0 1 83635
0 1 83637
0 1 83638
0 1 83640
0 1 83641
0 1 83644
0 1 83645
0 1 83647
0 1 83652
0 1 83653
0 1 83655
0 1 83656
0 1 83657
0 1 83658
0 1 83659
0 1 83660
0 1 83661
0 1 83662
0 1 83663
0 1 83664
0 1 83665
0 1 83666
0 1 83669
0 1 83671
0 1 83672
0 1 83673
0 1 83674
0 1 83675
0 1 83676
0 1 83677
0 1 83678
0 1 83680
0 1 83681
0 1 83682
0 1 83683
0 1 83686
0 1 83690
0 1 83691
0 1 83693
0 1 83695
0 1 83696
0 1 83700
0 1 83701
0 1 83702
0 1 83706
0 1 83708
0 1 83709
0 1 83711
0 1 83712
0 1 83713
0 1 83714
0 1 83715
0 1 83716
0 1 83718
0 1 83719
0 1 83723
0 1 83724
0 1 83726
0 1 83727
0 1 83731
0 1 83733
0 1 83734
0 1 83735
0 1 83736
0 1 83737
0 1 83739
0 1 83740
0 1 83741
0 1 83742
0 1 83743
0 1 83744
0 1 83746
0 1 83748
0 1 83749
0 1 83750
0 1 83752
0 1 83753
0 1 83755
0 1 83756
0 1 83757
0 1 83758
0 1 83759
0 1 83760
0 1 83761
0 1 83768
0 1 83771
0 1 83772
0 1 83773
0 1 83775
0 1 83776
0 1 83777
0 1 83778
0 1 83781
0 1 83782
0 1 83783
0 1 83784
0 1 83785
0 1 83786
0 1 83789
0 1 83791
0 1 83792
0 1 83793
0 1 83794
0 1 83795
0 1 83797
0 1 83798
0 1 83804
0 1 83805
0 1 83806
0 1 83808
0 1 83809
0 1 83813
0 1 83814
0 1 83819
0 1 83820
0 1 83827
0 1 83828
0 1 83829
0 1 83831
0 1 83833
0 1 83835
0 1 83836
0 1 83838
0 1 83839
0 1 83842
0 1 83845
0 1 83846
0 1 83847
0 1 83852
0 1 83853
0 1 83854
0 1 83856
0 1 83858
0 1 83859
0 1 83861
0 1 83862
0 1 83863
0 1 83864
0 1 83865
0 1 83868
0 1 83869
0 1 83871
0 1 83872
0 1 83874
0 1 83876
0 1 83877
0 1 83878
0 1 83886
0 1 83889
0 1 83890
0 1 83895
0 1 83896
0 1 83899
0 1 83900
0 1 83901
0 1 83902
0 1 83904
0 1 83905
0 1 83906
0 1 83908
0 1 83909
0 1 83916
0 1 83918
0 1 83920
0 1 83923
0 1 83925
0 1 83926
0 1 83928
0 1 83929
0 1 83930
0 1 83931
0 1 83932
0 1 83933
0 1 83936
0 1 83938
0 1 83940
0 1 83944
0 1 83945
0 1 83946
0 1 83947
0 1 83950
0 1 83952
0 1 83954
0 1 83959
0 1 83963
0 1 83969
0 1 83971
0 1 83973
0 1 83974
0 1 83975
0 1 83976
0 1 83981
0 1 83982
0 1 83985
0 1 83988
0 1 83989
0 1 83990
0 1 83991
0 1 83992
0 1 83993
0 1 83995
0 1 83996
0 1 83997
0 1 83998
0 1 84000
0 1 84002
0 1 84003
0 1 84004
0 1 84008
0 1 84009
0 1 84010
0 1 84012
0 1 84013
0 1 84015
0 1 84016
0 1 84020
0 1 84023
0 1 84026
0 1 84027
0 1 84028
0 1 84029
0 1 84030
0 1 84031
0 1 84032
0 1 84037
0 1 84038
0 1 84039
0 1 84040
0 1 84041
0 1 84042
0 1 84043
0 1 84045
0 1 84048
0 1 84049
0 1 84051
0 1 84052
0 1 84053
0 1 84054
0 1 84055
0 1 84056
0 1 84060
0 1 84061
0 1 84062
0 1 84064
0 1 84065
0 1 84066
0 1 84067
0 1 84074
0 1 84075
0 1 84076
0 1 84078
0 1 84079
0 1 84082
0 1 84083
0 1 84085
0 1 84086
0 1 84087
0 1 84089
0 1 84090
0 1 84091
0 1 84093
0 1 84095
0 1 84096
0 1 84098
0 1 84099
0 1 84100
0 1 84101
0 1 84103
0 1 84104
0 1 84105
0 1 84106
0 1 84107
0 1 84108
0 1 84109
0 1 84110
0 1 84113
0 1 84115
0 1 84117
0 1 84119
0 1 84120
0 1 84121
0 1 84122
0 1 84124
0 1 84125
0 1 84126
0 1 84128
0 1 84132
0 1 84133
0 1 84134
0 1 84135
0 1 84136
0 1 84137
0 1 84139
0 1 84140
0 1 84142
0 1 84143
0 1 84144
0 1 84147
0 1 84148
0 1 84150
0 1 84155
0 1 84157
0 1 84158
0 1 84159
0 1 84163
0 1 84164
0 1 84165
0 1 84168
0 1 84172
0 1 84174
0 1 84177
0 1 84180
0 1 84181
0 1 84184
0 1 84185
0 1 84186
0 1 84187
0 1 84189
0 1 84190
0 1 84192
0 1 84193
0 1 84194
0 1 84201
0 1 84203
0 1 84205
0 1 84207
0 1 84208
0 1 84209
0 1 84210
0 1 84211
0 1 84212
0 1 84214
0 1 84215
0 1 84216
0 1 84220
0 1 84225
0 1 84227
0 1 84228
0 1 84230
0 1 84232
0 1 84233
0 1 84234
0 1 84235
0 1 84237
0 1 84240
0 1 84244
0 1 84245
0 1 84248
0 1 84251
0 1 84253
0 1 84254
0 1 84255
0 1 84256
0 1 84258
0 1 84260
0 1 84262
0 1 84263
0 1 84264
0 1 84265
0 1 84266
0 1 84267
0 1 84269
0 1 84270
0 1 84273
0 1 84274
0 1 84275
0 1 84277
0 1 84278
0 1 84279
0 1 84280
0 1 84281
0 1 84282
0 1 84283
0 1 84285
0 1 84287
0 1 84288
0 1 84292
0 1 84293
0 1 84297
0 1 84300
0 1 84302
0 1 84303
0 1 84306
0 1 84307
0 1 84310
0 1 84312
0 1 84313
0 1 84315
0 1 84318
0 1 84319
0 1 84320
0 1 84322
0 1 84323
0 1 84324
0 1 84325
0 1 84328
0 1 84329
0 1 84330
0 1 84331
0 1 84332
0 1 84336
0 1 84337
0 1 84338
0 1 84340
0 1 84343
0 1 84344
0 1 84346
0 1 84347
0 1 84348
0 1 84351
0 1 84352
0 1 84353
0 1 84354
0 1 84356
0 1 84359
0 1 84362
0 1 84364
0 1 84365
0 1 84366
0 1 84368
0 1 84369
0 1 84370
0 1 84372
0 1 84374
0 1 84376
0 1 84378
0 1 84379
0 1 84380
0 1 84381
0 1 84382
0 1 84383
0 1 84385
0 1 84386
0 1 84387
0 1 84389
0 1 84391
0 1 84393
0 1 84395
0 1 84396
0 1 84397
0 1 84398
0 1 84399
0 1 84400
0 1 84401
0 1 84402
0 1 84403
0 1 84404
0 1 84406
0 1 84407
0 1 84408
0 1 84409
0 1 84411
0 1 84412
0 1 84414
0 1 84415
0 1 84416
0 1 84417
0 1 84419
0 1 84420
0 1 84421
0 1 84422
0 1 84424
0 1 84426
0 1 84428
0 1 84430
0 1 84431
0 1 84432
0 1 84433
0 1 84434
0 1 84436
0 1 84440
0 1 84443
0 1 84445
0 1 84447
0 1 84450
0 1 84452
0 1 84453
0 1 84454
0 1 84458
0 1 84459
0 1 84460
0 1 84461
0 1 84462
0 1 84463
0 1 84465
0 1 84469
0 1 84471
0 1 84476
0 1 84479
0 1 84480
0 1 84481
0 1 84483
0 1 84484
0 1 84485
0 1 84486
0 1 84487
0 1 84488
0 1 84489
0 1 84490
0 1 84491
0 1 84493
0 1 84495
0 1 84497
0 1 84499
0 1 84501
0 1 84502
0 1 84503
0 1 84504
0 1 84505
0 1 84506
0 1 84507
0 1 84508
0 1 84510
0 1 84511
0 1 84516
0 1 84518
0 1 84519
0 1 84520
0 1 84521
0 1 84525
0 1 84526
0 1 84527
0 1 84528
0 1 84529
0 1 84530
0 1 84533
0 1 84534
0 1 84537
0 1 84543
0 1 84544
0 1 84545
0 1 84547
0 1 84549
0 1 84552
0 1 84555
0 1 84556
0 1 84559
0 1 84561
0 1 84562
0 1 84564
0 1 84567
0 1 84570
0 1 84572
0 1 84573
0 1 84574
0 1 84577
0 1 84578
0 1 84581
0 1 84582
0 1 84583
0 1 84585
0 1 84586
0 1 84589
0 1 84590
0 1 84591
0 1 84592
0 1 84598
0 1 84599
0 1 84600
0 1 84601
0 1 84602
0 1 84603
0 1 84605
0 1 84608
0 1 84609
0 1 84610
0 1 84613
0 1 84614
0 1 84615
0 1 84616
0 1 84620
0 1 84621
0 1 84623
0 1 84625
0 1 84626
0 1 84627
0 1 84628
0 1 84629
0 1 84631
0 1 84632
0 1 84633
0 1 84634
0 1 84635
0 1 84636
0 1 84638
0 1 84639
0 1 84640
0 1 84641
0 1 84643
0 1 84644
0 1 84645
0 1 84647
0 1 84648
0 1 84651
0 1 84652
0 1 84654
0 1 84655
0 1 84657
0 1 84658
0 1 84659
0 1 84660
0 1 84661
0 1 84662
0 1 84664
0 1 84665
0 1 84666
0 1 84668
0 1 84670
0 1 84671
0 1 84672
0 1 84673
0 1 84676
0 1 84678
0 1 84679
0 1 84683
0 1 84684
0 1 84685
0 1 84687
0 1 84688
0 1 84690
0 1 84691
0 1 84692
0 1 84693
0 1 84694
0 1 84695
0 1 84696
0 1 84697
0 1 84699
0 1 84700
0 1 84704
0 1 84705
0 1 84707
0 1 84709
0 1 84711
0 1 84712
0 1 84714
0 1 84715
0 1 84716
0 1 84717
0 1 84718
0 1 84719
0 1 84720
0 1 84721
0 1 84722
0 1 84723
0 1 84726
0 1 84728
0 1 84729
0 1 84731
0 1 84732
0 1 84733
0 1 84736
0 1 84738
0 1 84740
0 1 84741
0 1 84744
0 1 84745
0 1 84746
0 1 84752
0 1 84753
0 1 84754
0 1 84755
0 1 84758
0 1 84759
0 1 84760
0 1 84762
0 1 84763
0 1 84764
0 1 84765
0 1 84767
0 1 84769
0 1 84771
0 1 84777
0 1 84781
0 1 84782
0 1 84784
0 1 84788
0 1 84789
0 1 84791
0 1 84792
0 1 84794
0 1 84795
0 1 84799
0 1 84801
0 1 84802
0 1 84804
0 1 84805
0 1 84808
0 1 84809
0 1 84810
0 1 84811
0 1 84812
0 1 84813
0 1 84814
0 1 84816
0 1 84817
0 1 84818
0 1 84821
0 1 84822
0 1 84823
0 1 84824
0 1 84825
0 1 84826
0 1 84827
0 1 84828
0 1 84830
0 1 84831
0 1 84832
0 1 84836
0 1 84837
0 1 84838
0 1 84839
0 1 84840
0 1 84841
0 1 84842
0 1 84843
0 1 84844
0 1 84846
0 1 84848
0 1 84853
0 1 84855
0 1 84856
0 1 84858
0 1 84859
0 1 84861
0 1 84862
0 1 84863
0 1 84864
0 1 84868
0 1 84872
0 1 84873
0 1 84876
0 1 84877
0 1 84878
0 1 84879
0 1 84881
0 1 84882
0 1 84883
0 1 84884
0 1 84885
0 1 84886
0 1 84887
0 1 84892
0 1 84893
0 1 84894
0 1 84895
0 1 84896
0 1 84897
0 1 84898
0 1 84899
0 1 84900
0 1 84901
0 1 84902
0 1 84903
0 1 84904
0 1 84905
0 1 84909
0 1 84912
0 1 84913
0 1 84915
0 1 84916
0 1 84917
0 1 84918
0 1 84919
0 1 84923
0 1 84924
0 1 84927
0 1 84928
0 1 84931
0 1 84932
0 1 84933
0 1 84934
0 1 84935
0 1 84936
0 1 84937
0 1 84939
0 1 84941
0 1 84943
0 1 84944
0 1 84945
0 1 84947
0 1 84950
0 1 84951
0 1 84953
0 1 84955
0 1 84957
0 1 84960
0 1 84961
0 1 84962
0 1 84965
0 1 84967
0 1 84968
0 1 84969
0 1 84970
0 1 84971
0 1 84972
0 1 84975
0 1 84976
0 1 84977
0 1 84978
0 1 84979
0 1 84983
0 1 84985
0 1 84987
0 1 84989
0 1 84990
0 1 84992
0 1 84996
0 1 84999
0 1 85000
0 1 85001
0 1 85002
0 1 85003
0 1 85007
0 1 85008
0 1 85009
0 1 85010
0 1 85011
0 1 85013
0 1 85014
0 1 85016
0 1 85018
0 1 85019
0 1 85021
0 1 85024
0 1 85026
0 1 85027
0 1 85028
0 1 85029
0 1 85030
0 1 85032
0 1 85034
0 1 85035
0 1 85037
0 1 85042
0 1 85046
0 1 85047
0 1 85048
0 1 85049
0 1 85051
0 1 85054
0 1 85055
0 1 85056
0 1 85058
0 1 85062
0 1 85063
0 1 85066
0 1 85069
0 1 85070
0 1 85071
0 1 85073
0 1 85074
0 1 85075
0 1 85076
0 1 85078
0 1 85079
0 1 85080
0 1 85081
0 1 85083
0 1 85085
0 1 85086
0 1 85088
0 1 85089
0 1 85090
0 1 85091
0 1 85092
0 1 85093
0 1 85094
0 1 85095
0 1 85097
0 1 85100
0 1 85101
0 1 85102
0 1 85107
0 1 85109
0 1 85110
0 1 85112
0 1 85117
0 1 85118
0 1 85121
0 1 85122
0 1 85123
0 1 85125
0 1 85126
0 1 85127
0 1 85128
0 1 85133
0 1 85134
0 1 85135
0 1 85137
0 1 85138
0 1 85140
0 1 85141
0 1 85143
0 1 85146
0 1 85150
0 1 85151
0 1 85152
0 1 85154
0 1 85162
0 1 85163
0 1 85165
0 1 85168
0 1 85170
0 1 85172
0 1 85173
0 1 85174
0 1 85175
0 1 85176
0 1 85178
0 1 85179
0 1 85180
0 1 85183
0 1 85184
0 1 85185
0 1 85188
0 1 85190
0 1 85191
0 1 85193
0 1 85194
0 1 85198
0 1 85199
0 1 85202
0 1 85204
0 1 85206
0 1 85207
0 1 85208
0 1 85209
0 1 85211
0 1 85212
0 1 85213
0 1 85214
0 1 85215
0 1 85217
0 1 85218
0 1 85219
0 1 85220
0 1 85222
0 1 85223
0 1 85225
0 1 85228
0 1 85230
0 1 85231
0 1 85235
0 1 85236
0 1 85238
0 1 85240
0 1 85241
0 1 85242
0 1 85247
0 1 85248
0 1 85249
0 1 85250
0 1 85251
0 1 85252
0 1 85254
0 1 85256
0 1 85257
0 1 85258
0 1 85260
0 1 85261
0 1 85263
0 1 85264
0 1 85265
0 1 85266
0 1 85267
0 1 85269
0 1 85272
0 1 85275
0 1 85276
0 1 85278
0 1 85279
0 1 85280
0 1 85281
0 1 85282
0 1 85284
0 1 85285
0 1 85286
0 1 85288
0 1 85289
0 1 85292
0 1 85293
0 1 85294
0 1 85295
0 1 85296
0 1 85298
0 1 85301
0 1 85302
0 1 85303
0 1 85304
0 1 85306
0 1 85310
0 1 85311
0 1 85312
0 1 85313
0 1 85314
0 1 85315
0 1 85317
0 1 85318
0 1 85319
0 1 85323
0 1 85324
0 1 85327
0 1 85328
0 1 85329
0 1 85331
0 1 85332
0 1 85334
0 1 85336
0 1 85338
0 1 85339
0 1 85340
0 1 85345
0 1 85346
0 1 85348
0 1 85349
0 1 85351
0 1 85352
0 1 85353
0 1 85354
0 1 85356
0 1 85357
0 1 85360
0 1 85362
0 1 85363
0 1 85365
0 1 85366
0 1 85367
0 1 85369
0 1 85370
0 1 85375
0 1 85376
0 1 85377
0 1 85382
0 1 85383
0 1 85384
0 1 85387
0 1 85389
0 1 85393
0 1 85394
0 1 85397
0 1 85398
0 1 85399
0 1 85400
0 1 85402
0 1 85403
0 1 85404
0 1 85405
0 1 85406
0 1 85408
0 1 85410
0 1 85413
0 1 85414
0 1 85415
0 1 85417
0 1 85421
0 1 85422
0 1 85424
0 1 85427
0 1 85428
0 1 85429
0 1 85432
0 1 85433
0 1 85434
0 1 85436
0 1 85438
0 1 85443
0 1 85446
0 1 85450
0 1 85451
0 1 85456
0 1 85457
0 1 85458
0 1 85459
0 1 85461
0 1 85462
0 1 85464
0 1 85465
0 1 85466
0 1 85467
0 1 85468
0 1 85471
0 1 85472
0 1 85475
0 1 85478
0 1 85480
0 1 85482
0 1 85484
0 1 85486
0 1 85487
0 1 85488
0 1 85490
0 1 85491
0 1 85492
0 1 85493
0 1 85494
0 1 85497
0 1 85500
0 1 85501
0 1 85502
0 1 85505
0 1 85506
0 1 85508
0 1 85510
0 1 85511
0 1 85512
0 1 85513
0 1 85516
0 1 85517
0 1 85519
0 1 85520
0 1 85521
0 1 85523
0 1 85524
0 1 85525
0 1 85526
0 1 85527
0 1 85528
0 1 85530
0 1 85538
0 1 85539
0 1 85540
0 1 85541
0 1 85542
0 1 85543
0 1 85544
0 1 85547
0 1 85549
0 1 85551
0 1 85553
0 1 85554
0 1 85556
0 1 85558
0 1 85559
0 1 85560
0 1 85561
0 1 85562
0 1 85563
0 1 85568
0 1 85570
0 1 85571
0 1 85573
0 1 85574
0 1 85575
0 1 85576
0 1 85578
0 1 85579
0 1 85580
0 1 85581
0 1 85583
0 1 85584
0 1 85585
0 1 85587
0 1 85589
0 1 85590
0 1 85591
0 1 85592
0 1 85596
0 1 85597
0 1 85598
0 1 85599
0 1 85602
0 1 85603
0 1 85605
0 1 85608
0 1 85609
0 1 85610
0 1 85611
0 1 85613
0 1 85615
0 1 85616
0 1 85617
0 1 85618
0 1 85619
0 1 85620
0 1 85621
0 1 85624
0 1 85625
0 1 85628
0 1 85630
0 1 85631
0 1 85632
0 1 85633
0 1 85634
0 1 85636
0 1 85638
0 1 85639
0 1 85640
0 1 85641
0 1 85644
0 1 85647
0 1 85648
0 1 85651
0 1 85652
0 1 85654
0 1 85656
0 1 85657
0 1 85658
0 1 85660
0 1 85661
0 1 85662
0 1 85663
0 1 85664
0 1 85665
0 1 85666
0 1 85667
0 1 85668
0 1 85669
0 1 85670
0 1 85671
0 1 85676
0 1 85677
0 1 85678
0 1 85679
0 1 85680
0 1 85681
0 1 85682
0 1 85685
0 1 85686
0 1 85687
0 1 85688
0 1 85692
0 1 85693
0 1 85694
0 1 85695
0 1 85696
0 1 85700
0 1 85704
0 1 85705
0 1 85707
0 1 85708
0 1 85709
0 1 85710
0 1 85711
0 1 85712
0 1 85719
0 1 85720
0 1 85721
0 1 85722
0 1 85727
0 1 85729
0 1 85730
0 1 85734
0 1 85736
0 1 85738
0 1 85739
0 1 85740
0 1 85741
0 1 85742
0 1 85745
0 1 85748
0 1 85749
0 1 85750
0 1 85751
0 1 85752
0 1 85754
0 1 85757
0 1 85758
0 1 85759
0 1 85760
0 1 85761
0 1 85763
0 1 85764
0 1 85766
0 1 85768
0 1 85772
0 1 85773
0 1 85775
0 1 85776
0 1 85777
0 1 85779
0 1 85780
0 1 85782
0 1 85783
0 1 85784
0 1 85785
0 1 85787
0 1 85792
0 1 85793
0 1 85794
0 1 85795
0 1 85797
0 1 85798
0 1 85799
0 1 85800
0 1 85802
0 1 85803
0 1 85804
0 1 85805
0 1 85806
0 1 85807
0 1 85809
0 1 85810
0 1 85812
0 1 85813
0 1 85817
0 1 85820
0 1 85822
0 1 85823
0 1 85824
0 1 85825
0 1 85826
0 1 85827
0 1 85828
0 1 85829
0 1 85830
0 1 85831
0 1 85833
0 1 85834
0 1 85836
0 1 85838
0 1 85840
0 1 85842
0 1 85843
0 1 85844
0 1 85849
0 1 85850
0 1 85853
0 1 85855
0 1 85856
0 1 85857
0 1 85858
0 1 85859
0 1 85861
0 1 85864
0 1 85866
0 1 85867
0 1 85869
0 1 85870
0 1 85871
0 1 85875
0 1 85876
0 1 85877
0 1 85880
0 1 85881
0 1 85883
0 1 85891
0 1 85893
0 1 85894
0 1 85897
0 1 85898
0 1 85899
0 1 85902
0 1 85904
0 1 85905
0 1 85906
0 1 85907
0 1 85908
0 1 85909
0 1 85911
0 1 85912
0 1 85913
0 1 85915
0 1 85917
0 1 85918
0 1 85920
0 1 85923
0 1 85924
0 1 85926
0 1 85928
0 1 85929
0 1 85930
0 1 85933
0 1 85934
0 1 85935
0 1 85936
0 1 85937
0 1 85942
0 1 85943
0 1 85945
0 1 85946
0 1 85950
0 1 85951
0 1 85953
0 1 85954
0 1 85955
0 1 85956
0 1 85958
0 1 85960
0 1 85961
0 1 85962
0 1 85964
0 1 85965
0 1 85966
0 1 85967
0 1 85968
0 1 85969
0 1 85972
0 1 85976
0 1 85977
0 1 85979
0 1 85980
0 1 85985
0 1 85989
0 1 85994
0 1 85997
0 1 85998
0 1 86001
0 1 86004
0 1 86006
0 1 86007
0 1 86009
0 1 86010
0 1 86014
0 1 86015
0 1 86016
0 1 86019
0 1 86020
0 1 86021
0 1 86023
0 1 86025
0 1 86026
0 1 86028
0 1 86030
0 1 86034
0 1 86037
0 1 86038
0 1 86039
0 1 86040
0 1 86041
0 1 86042
0 1 86043
0 1 86045
0 1 86046
0 1 86047
0 1 86048
0 1 86051
0 1 86053
0 1 86055
0 1 86056
0 1 86057
0 1 86059
0 1 86062
0 1 86063
0 1 86064
0 1 86066
0 1 86067
0 1 86068
0 1 86071
0 1 86072
0 1 86073
0 1 86075
0 1 86077
0 1 86079
0 1 86080
0 1 86083
0 1 86085
0 1 86086
0 1 86087
0 1 86088
0 1 86089
0 1 86090
0 1 86091
0 1 86093
0 1 86094
0 1 86096
0 1 86097
0 1 86098
0 1 86099
0 1 86101
0 1 86102
0 1 86103
0 1 86106
0 1 86110
0 1 86111
0 1 86112
0 1 86113
0 1 86114
0 1 86116
0 1 86118
0 1 86119
0 1 86120
0 1 86121
0 1 86122
0 1 86123
0 1 86124
0 1 86125
0 1 86127
0 1 86128
0 1 86129
0 1 86130
0 1 86132
0 1 86133
0 1 86134
0 1 86135
0 1 86136
0 1 86138
0 1 86139
0 1 86140
0 1 86141
0 1 86142
0 1 86143
0 1 86144
0 1 86146
0 1 86148
0 1 86150
0 1 86151
0 1 86154
0 1 86158
0 1 86159
0 1 86161
0 1 86162
0 1 86167
0 1 86169
0 1 86173
0 1 86176
0 1 86177
0 1 86178
0 1 86179
0 1 86180
0 1 86182
0 1 86183
0 1 86184
0 1 86187
0 1 86188
0 1 86189
0 1 86190
0 1 86191
0 1 86193
0 1 86194
0 1 86195
0 1 86197
0 1 86199
0 1 86201
0 1 86202
0 1 86203
0 1 86204
0 1 86205
0 1 86206
0 1 86207
0 1 86208
0 1 86209
0 1 86210
0 1 86211
0 1 86212
0 1 86213
0 1 86215
0 1 86216
0 1 86219
0 1 86222
0 1 86223
0 1 86224
0 1 86225
0 1 86229
0 1 86230
0 1 86232
0 1 86233
0 1 86234
0 1 86235
0 1 86238
0 1 86239
0 1 86240
0 1 86241
0 1 86243
0 1 86244
0 1 86245
0 1 86246
0 1 86248
0 1 86252
0 1 86253
0 1 86254
0 1 86255
0 1 86256
0 1 86258
0 1 86259
0 1 86260
0 1 86263
0 1 86264
0 1 86265
0 1 86266
0 1 86267
0 1 86269
0 1 86270
0 1 86271
0 1 86272
0 1 86274
0 1 86275
0 1 86276
0 1 86277
0 1 86279
0 1 86280
0 1 86281
0 1 86283
0 1 86284
0 1 86288
0 1 86289
0 1 86293
0 1 86295
0 1 86297
0 1 86302
0 1 86303
0 1 86304
0 1 86306
0 1 86310
0 1 86313
0 1 86316
0 1 86317
0 1 86320
0 1 86321
0 1 86322
0 1 86323
0 1 86324
0 1 86326
0 1 86327
0 1 86329
0 1 86330
0 1 86331
0 1 86332
0 1 86333
0 1 86334
0 1 86335
0 1 86336
0 1 86339
0 1 86340
0 1 86342
0 1 86343
0 1 86344
0 1 86345
0 1 86346
0 1 86347
0 1 86348
0 1 86351
0 1 86352
0 1 86353
0 1 86354
0 1 86355
0 1 86356
0 1 86359
0 1 86361
0 1 86364
0 1 86366
0 1 86367
0 1 86370
0 1 86373
0 1 86374
0 1 86375
0 1 86376
0 1 86377
0 1 86378
0 1 86379
0 1 86380
0 1 86381
0 1 86382
0 1 86383
0 1 86389
0 1 86390
0 1 86392
0 1 86393
0 1 86394
0 1 86395
0 1 86402
0 1 86403
0 1 86404
0 1 86405
0 1 86406
0 1 86408
0 1 86409
0 1 86410
0 1 86411
0 1 86412
0 1 86414
0 1 86415
0 1 86416
0 1 86418
0 1 86419
0 1 86420
0 1 86421
0 1 86422
0 1 86428
0 1 86429
0 1 86431
0 1 86432
0 1 86433
0 1 86434
0 1 86435
0 1 86437
0 1 86438
0 1 86439
0 1 86440
0 1 86442
0 1 86444
0 1 86445
0 1 86446
0 1 86447
0 1 86448
0 1 86451
0 1 86452
0 1 86454
0 1 86457
0 1 86458
0 1 86459
0 1 86461
0 1 86463
0 1 86466
0 1 86467
0 1 86468
0 1 86469
0 1 86470
0 1 86471
0 1 86472
0 1 86474
0 1 86475
0 1 86477
0 1 86478
0 1 86479
0 1 86481
0 1 86482
0 1 86483
0 1 86484
0 1 86485
0 1 86486
0 1 86487
0 1 86489
0 1 86490
0 1 86495
0 1 86498
0 1 86499
0 1 86502
0 1 86503
0 1 86505
0 1 86506
0 1 86508
0 1 86512
0 1 86513
0 1 86515
0 1 86521
0 1 86524
0 1 86525
0 1 86526
0 1 86527
0 1 86528
0 1 86529
0 1 86531
0 1 86532
0 1 86534
0 1 86535
0 1 86536
0 1 86537
0 1 86538
0 1 86540
0 1 86541
0 1 86543
0 1 86545
0 1 86546
0 1 86551
0 1 86552
0 1 86553
0 1 86554
0 1 86555
0 1 86556
0 1 86558
0 1 86560
0 1 86563
0 1 86564
0 1 86566
0 1 86569
0 1 86571
0 1 86573
0 1 86578
0 1 86579
0 1 86580
0 1 86581
0 1 86582
0 1 86585
0 1 86586
0 1 86590
0 1 86597
0 1 86598
0 1 86599
0 1 86600
0 1 86601
0 1 86602
0 1 86603
0 1 86604
0 1 86605
0 1 86609
0 1 86610
0 1 86611
0 1 86612
0 1 86613
0 1 86615
0 1 86617
0 1 86620
0 1 86622
0 1 86623
0 1 86625
0 1 86626
0 1 86628
0 1 86636
0 1 86639
0 1 86641
0 1 86642
0 1 86643
0 1 86645
0 1 86646
0 1 86648
0 1 86650
0 1 86652
0 1 86653
0 1 86654
0 1 86655
0 1 86656
0 1 86658
0 1 86659
0 1 86662
0 1 86665
0 1 86666
0 1 86667
0 1 86670
0 1 86671
0 1 86672
0 1 86673
0 1 86676
0 1 86679
0 1 86681
0 1 86683
0 1 86684
0 1 86685
0 1 86686
0 1 86687
0 1 86688
0 1 86689
0 1 86691
0 1 86692
0 1 86693
0 1 86695
0 1 86698
0 1 86700
0 1 86701
0 1 86705
0 1 86707
0 1 86709
0 1 86711
0 1 86712
0 1 86715
0 1 86721
0 1 86724
0 1 86725
0 1 86727
0 1 86728
0 1 86731
0 1 86732
0 1 86733
0 1 86737
0 1 86741
0 1 86742
0 1 86746
0 1 86748
0 1 86750
0 1 86752
0 1 86753
0 1 86754
0 1 86755
0 1 86756
0 1 86759
0 1 86762
0 1 86763
0 1 86764
0 1 86765
0 1 86772
0 1 86773
0 1 86774
0 1 86775
0 1 86778
0 1 86779
0 1 86780
0 1 86781
0 1 86783
0 1 86784
0 1 86786
0 1 86788
0 1 86789
0 1 86790
0 1 86791
0 1 86793
0 1 86794
0 1 86795
0 1 86797
0 1 86798
0 1 86799
0 1 86800
0 1 86804
0 1 86805
0 1 86806
0 1 86807
0 1 86808
0 1 86809
0 1 86810
0 1 86813
0 1 86815
0 1 86816
0 1 86818
0 1 86821
0 1 86824
0 1 86825
0 1 86826
0 1 86827
0 1 86829
0 1 86831
0 1 86834
0 1 86835
0 1 86837
0 1 86838
0 1 86839
0 1 86840
0 1 86844
0 1 86845
0 1 86846
0 1 86847
0 1 86849
0 1 86851
0 1 86853
0 1 86855
0 1 86856
0 1 86860
0 1 86861
0 1 86862
0 1 86863
0 1 86864
0 1 86865
0 1 86866
0 1 86869
0 1 86870
0 1 86871
0 1 86873
0 1 86876
0 1 86878
0 1 86879
0 1 86882
0 1 86883
0 1 86884
0 1 86885
0 1 86886
0 1 86887
0 1 86888
0 1 86889
0 1 86891
0 1 86894
0 1 86895
0 1 86896
0 1 86897
0 1 86900
0 1 86903
0 1 86904
0 1 86905
0 1 86907
0 1 86909
0 1 86911
0 1 86912
0 1 86914
0 1 86915
0 1 86921
0 1 86922
0 1 86923
0 1 86927
0 1 86928
0 1 86932
0 1 86933
0 1 86934
0 1 86935
0 1 86936
0 1 86938
0 1 86942
0 1 86943
0 1 86944
0 1 86946
0 1 86948
0 1 86951
0 1 86954
0 1 86957
0 1 86958
0 1 86959
0 1 86961
0 1 86962
0 1 86963
0 1 86964
0 1 86965
0 1 86967
0 1 86969
0 1 86972
0 1 86976
0 1 86978
0 1 86980
0 1 86982
0 1 86983
0 1 86984
0 1 86986
0 1 86987
0 1 86988
0 1 86989
0 1 86990
0 1 86992
0 1 86993
0 1 86996
0 1 86999
0 1 87002
0 1 87005
0 1 87006
0 1 87009
0 1 87010
0 1 87011
0 1 87013
0 1 87014
0 1 87015
0 1 87016
0 1 87017
0 1 87018
0 1 87020
0 1 87021
0 1 87023
0 1 87025
0 1 87026
0 1 87027
0 1 87028
0 1 87031
0 1 87034
0 1 87036
0 1 87037
0 1 87039
0 1 87045
0 1 87046
0 1 87047
0 1 87049
0 1 87050
0 1 87051
0 1 87052
0 1 87053
0 1 87054
0 1 87055
0 1 87057
0 1 87059
0 1 87060
0 1 87061
0 1 87064
0 1 87065
0 1 87068
0 1 87069
0 1 87070
0 1 87071
0 1 87074
0 1 87076
0 1 87077
0 1 87079
0 1 87082
0 1 87084
0 1 87086
0 1 87088
0 1 87089
0 1 87091
0 1 87092
0 1 87093
0 1 87094
0 1 87096
0 1 87097
0 1 87101
0 1 87103
0 1 87104
0 1 87106
0 1 87107
0 1 87110
0 1 87111
0 1 87114
0 1 87116
0 1 87120
0 1 87121
0 1 87123
0 1 87124
0 1 87127
0 1 87130
0 1 87131
0 1 87132
0 1 87133
0 1 87134
0 1 87135
0 1 87137
0 1 87139
0 1 87140
0 1 87141
0 1 87143
0 1 87144
0 1 87145
0 1 87146
0 1 87147
0 1 87149
0 1 87152
0 1 87153
0 1 87154
0 1 87155
0 1 87156
0 1 87157
0 1 87158
0 1 87159
0 1 87160
0 1 87161
0 1 87162
0 1 87164
0 1 87165
0 1 87168
0 1 87169
0 1 87170
0 1 87171
0 1 87174
0 1 87177
0 1 87178
0 1 87179
0 1 87182
0 1 87183
0 1 87186
0 1 87189
0 1 87191
0 1 87194
0 1 87195
0 1 87197
0 1 87199
0 1 87200
0 1 87201
0 1 87202
0 1 87203
0 1 87207
0 1 87209
0 1 87210
0 1 87211
0 1 87213
0 1 87215
0 1 87217
0 1 87218
0 1 87221
0 1 87223
0 1 87227
0 1 87229
0 1 87230
0 1 87232
0 1 87233
0 1 87234
0 1 87235
0 1 87236
0 1 87237
0 1 87238
0 1 87239
0 1 87240
0 1 87241
0 1 87242
0 1 87243
0 1 87244
0 1 87245
0 1 87246
0 1 87247
0 1 87249
0 1 87251
0 1 87255
0 1 87257
0 1 87259
0 1 87260
0 1 87261
0 1 87264
0 1 87265
0 1 87266
0 1 87268
0 1 87269
0 1 87270
0 1 87272
0 1 87273
0 1 87275
0 1 87276
0 1 87277
0 1 87278
0 1 87285
0 1 87286
0 1 87287
0 1 87292
0 1 87293
0 1 87296
0 1 87298
0 1 87300
0 1 87301
0 1 87302
0 1 87303
0 1 87304
0 1 87305
0 1 87306
0 1 87307
0 1 87308
0 1 87309
0 1 87310
0 1 87312
0 1 87313
0 1 87314
0 1 87315
0 1 87319
0 1 87321
0 1 87322
0 1 87323
0 1 87324
0 1 87325
0 1 87326
0 1 87327
0 1 87329
0 1 87332
0 1 87333
0 1 87335
0 1 87336
0 1 87337
0 1 87338
0 1 87339
0 1 87340
0 1 87341
0 1 87342
0 1 87346
0 1 87348
0 1 87349
0 1 87350
0 1 87351
0 1 87352
0 1 87355
0 1 87356
0 1 87361
0 1 87362
0 1 87363
0 1 87366
0 1 87368
0 1 87369
0 1 87374
0 1 87375
0 1 87376
0 1 87377
0 1 87378
0 1 87379
0 1 87382
0 1 87385
0 1 87386
0 1 87387
0 1 87388
0 1 87389
0 1 87390
0 1 87391
0 1 87392
0 1 87393
0 1 87394
0 1 87395
0 1 87396
0 1 87398
0 1 87400
0 1 87402
0 1 87403
0 1 87404
0 1 87405
0 1 87406
0 1 87407
0 1 87410
0 1 87411
0 1 87412
0 1 87413
0 1 87414
0 1 87416
0 1 87417
0 1 87418
0 1 87419
0 1 87424
0 1 87425
0 1 87428
0 1 87431
0 1 87433
0 1 87434
0 1 87435
0 1 87437
0 1 87440
0 1 87441
0 1 87443
0 1 87444
0 1 87446
0 1 87447
0 1 87449
0 1 87450
0 1 87451
0 1 87453
0 1 87456
0 1 87457
0 1 87458
0 1 87459
0 1 87460
0 1 87461
0 1 87462
0 1 87463
0 1 87464
0 1 87465
0 1 87466
0 1 87468
0 1 87470
0 1 87473
0 1 87477
0 1 87479
0 1 87480
0 1 87482
0 1 87484
0 1 87485
0 1 87489
0 1 87492
0 1 87493
0 1 87494
0 1 87497
0 1 87498
0 1 87499
0 1 87500
0 1 87506
0 1 87507
0 1 87508
0 1 87509
0 1 87510
0 1 87511
0 1 87514
0 1 87516
0 1 87518
0 1 87519
0 1 87521
0 1 87522
0 1 87523
0 1 87524
0 1 87525
0 1 87527
0 1 87528
0 1 87531
0 1 87532
0 1 87533
0 1 87535
0 1 87537
0 1 87539
0 1 87540
0 1 87542
0 1 87544
0 1 87545
0 1 87548
0 1 87551
0 1 87554
0 1 87555
0 1 87556
0 1 87558
0 1 87561
0 1 87564
0 1 87565
0 1 87566
0 1 87568
0 1 87569
0 1 87571
0 1 87573
0 1 87574
0 1 87576
0 1 87577
0 1 87579
0 1 87580
0 1 87583
0 1 87584
0 1 87585
0 1 87587
0 1 87590
0 1 87591
0 1 87593
0 1 87594
0 1 87596
0 1 87598
0 1 87599
0 1 87600
0 1 87601
0 1 87602
0 1 87603
0 1 87605
0 1 87607
0 1 87608
0 1 87609
0 1 87613
0 1 87614
0 1 87615
0 1 87619
0 1 87620
0 1 87621
0 1 87622
0 1 87624
0 1 87625
0 1 87626
0 1 87627
0 1 87629
0 1 87630
0 1 87631
0 1 87632
0 1 87634
0 1 87635
0 1 87636
0 1 87638
0 1 87639
0 1 87640
0 1 87642
0 1 87643
0 1 87644
0 1 87646
0 1 87647
0 1 87648
0 1 87651
0 1 87653
0 1 87655
0 1 87656
0 1 87660
0 1 87662
0 1 87664
0 1 87665
0 1 87667
0 1 87668
0 1 87669
0 1 87670
0 1 87671
0 1 87673
0 1 87675
0 1 87676
0 1 87678
0 1 87679
0 1 87680
0 1 87681
0 1 87682
0 1 87684
0 1 87685
0 1 87686
0 1 87687
0 1 87688
0 1 87689
0 1 87690
0 1 87692
0 1 87694
0 1 87695
0 1 87697
0 1 87698
0 1 87700
0 1 87702
0 1 87703
0 1 87705
0 1 87706
0 1 87707
0 1 87708
0 1 87709
0 1 87711
0 1 87712
0 1 87715
0 1 87716
0 1 87717
0 1 87719
0 1 87720
0 1 87721
0 1 87723
0 1 87725
0 1 87727
0 1 87730
0 1 87731
0 1 87732
0 1 87733
0 1 87734
0 1 87736
0 1 87739
0 1 87740
0 1 87742
0 1 87745
0 1 87746
0 1 87747
0 1 87748
0 1 87749
0 1 87750
0 1 87752
0 1 87755
0 1 87756
0 1 87758
0 1 87760
0 1 87761
0 1 87762
0 1 87764
0 1 87766
0 1 87770
0 1 87771
0 1 87772
0 1 87774
0 1 87776
0 1 87778
0 1 87779
0 1 87780
0 1 87781
0 1 87782
0 1 87784
0 1 87787
0 1 87788
0 1 87789
0 1 87790
0 1 87793
0 1 87795
0 1 87798
0 1 87800
0 1 87802
0 1 87803
0 1 87804
0 1 87808
0 1 87809
0 1 87810
0 1 87813
0 1 87814
0 1 87815
0 1 87816
0 1 87817
0 1 87820
0 1 87821
0 1 87822
0 1 87824
0 1 87826
0 1 87827
0 1 87829
0 1 87832
0 1 87833
0 1 87834
0 1 87835
0 1 87837
0 1 87838
0 1 87839
0 1 87841
0 1 87842
0 1 87843
0 1 87844
0 1 87845
0 1 87846
0 1 87849
0 1 87850
0 1 87851
0 1 87854
0 1 87855
0 1 87856
0 1 87859
0 1 87860
0 1 87863
0 1 87865
0 1 87867
0 1 87868
0 1 87869
0 1 87870
0 1 87871
0 1 87872
0 1 87874
0 1 87876
0 1 87878
0 1 87879
0 1 87881
0 1 87882
0 1 87884
0 1 87886
0 1 87887
0 1 87888
0 1 87889
0 1 87890
0 1 87891
0 1 87895
0 1 87896
0 1 87897
0 1 87900
0 1 87901
0 1 87902
0 1 87903
0 1 87904
0 1 87905
0 1 87906
0 1 87907
0 1 87909
0 1 87911
0 1 87912
0 1 87913
0 1 87914
0 1 87916
0 1 87918
0 1 87920
0 1 87922
0 1 87924
0 1 87926
0 1 87929
0 1 87930
0 1 87931
0 1 87932
0 1 87933
0 1 87934
0 1 87935
0 1 87936
0 1 87937
0 1 87939
0 1 87940
0 1 87941
0 1 87942
0 1 87943
0 1 87945
0 1 87946
0 1 87953
0 1 87955
0 1 87956
0 1 87958
0 1 87959
0 1 87961
0 1 87962
0 1 87964
0 1 87965
0 1 87967
0 1 87968
0 1 87971
0 1 87973
0 1 87974
0 1 87976
0 1 87977
0 1 87980
0 1 87981
0 1 87982
0 1 87984
0 1 87986
0 1 87987
0 1 87991
0 1 87993
0 1 87996
0 1 88002
0 1 88003
0 1 88004
0 1 88005
0 1 88006
0 1 88007
0 1 88008
0 1 88009
0 1 88011
0 1 88012
0 1 88013
0 1 88014
0 1 88015
0 1 88016
0 1 88017
0 1 88020
0 1 88021
0 1 88023
0 1 88024
0 1 88025
0 1 88026
0 1 88029
0 1 88031
0 1 88032
0 1 88033
0 1 88035
0 1 88036
0 1 88037
0 1 88038
0 1 88040
0 1 88042
0 1 88043
0 1 88044
0 1 88046
0 1 88049
0 1 88050
0 1 88051
0 1 88053
0 1 88054
0 1 88055
0 1 88056
0 1 88058
0 1 88059
0 1 88060
0 1 88061
0 1 88064
0 1 88065
0 1 88067
0 1 88070
0 1 88071
0 1 88072
0 1 88074
0 1 88075
0 1 88076
0 1 88077
0 1 88081
0 1 88084
0 1 88085
0 1 88086
0 1 88087
0 1 88088
0 1 88090
0 1 88091
0 1 88092
0 1 88094
0 1 88097
0 1 88101
0 1 88102
0 1 88104
0 1 88105
0 1 88109
0 1 88112
0 1 88113
0 1 88121
0 1 88123
0 1 88125
0 1 88126
0 1 88127
0 1 88129
0 1 88131
0 1 88132
0 1 88134
0 1 88135
0 1 88136
0 1 88137
0 1 88142
0 1 88143
0 1 88144
0 1 88145
0 1 88147
0 1 88148
0 1 88149
0 1 88150
0 1 88151
0 1 88155
0 1 88158
0 1 88159
0 1 88160
0 1 88161
0 1 88162
0 1 88163
0 1 88167
0 1 88168
0 1 88169
0 1 88171
0 1 88172
0 1 88173
0 1 88174
0 1 88175
0 1 88176
0 1 88177
0 1 88180
0 1 88182
0 1 88183
0 1 88185
0 1 88187
0 1 88188
0 1 88189
0 1 88192
0 1 88193
0 1 88194
0 1 88195
0 1 88196
0 1 88199
0 1 88200
0 1 88201
0 1 88205
0 1 88208
0 1 88211
0 1 88212
0 1 88213
0 1 88214
0 1 88216
0 1 88217
0 1 88221
0 1 88222
0 1 88224
0 1 88226
0 1 88227
0 1 88228
0 1 88234
0 1 88235
0 1 88236
0 1 88237
0 1 88241
0 1 88242
0 1 88244
0 1 88245
0 1 88246
0 1 88247
0 1 88249
0 1 88250
0 1 88251
0 1 88252
0 1 88256
0 1 88257
0 1 88258
0 1 88259
0 1 88260
0 1 88261
0 1 88262
0 1 88266
0 1 88267
0 1 88270
0 1 88272
0 1 88280
0 1 88282
0 1 88283
0 1 88285
0 1 88286
0 1 88287
0 1 88289
0 1 88290
0 1 88291
0 1 88292
0 1 88293
0 1 88294
0 1 88295
0 1 88296
0 1 88297
0 1 88298
0 1 88300
0 1 88305
0 1 88306
0 1 88307
0 1 88309
0 1 88310
0 1 88311
0 1 88314
0 1 88316
0 1 88322
0 1 88323
0 1 88324
0 1 88325
0 1 88327
0 1 88328
0 1 88329
0 1 88333
0 1 88336
0 1 88337
0 1 88338
0 1 88339
0 1 88340
0 1 88341
0 1 88343
0 1 88345
0 1 88351
0 1 88352
0 1 88355
0 1 88356
0 1 88357
0 1 88358
0 1 88359
0 1 88360
0 1 88361
0 1 88363
0 1 88364
0 1 88368
0 1 88370
0 1 88371
0 1 88373
0 1 88374
0 1 88376
0 1 88377
0 1 88380
0 1 88381
0 1 88382
0 1 88387
0 1 88390
0 1 88392
0 1 88393
0 1 88395
0 1 88397
0 1 88400
0 1 88401
0 1 88403
0 1 88404
0 1 88406
0 1 88407
0 1 88411
0 1 88412
0 1 88414
0 1 88416
0 1 88417
0 1 88421
0 1 88424
0 1 88425
0 1 88427
0 1 88429
0 1 88430
0 1 88431
0 1 88434
0 1 88438
0 1 88439
0 1 88441
0 1 88442
0 1 88443
0 1 88444
0 1 88445
0 1 88449
0 1 88451
0 1 88452
0 1 88453
0 1 88454
0 1 88455
0 1 88459
0 1 88460
0 1 88464
0 1 88466
0 1 88467
0 1 88470
0 1 88474
0 1 88475
0 1 88476
0 1 88479
0 1 88481
0 1 88482
0 1 88484
0 1 88486
0 1 88489
0 1 88490
0 1 88491
0 1 88493
0 1 88495
0 1 88496
0 1 88497
0 1 88499
0 1 88500
0 1 88504
0 1 88506
0 1 88507
0 1 88508
0 1 88509
0 1 88513
0 1 88515
0 1 88516
0 1 88517
0 1 88518
0 1 88520
0 1 88521
0 1 88525
0 1 88526
0 1 88528
0 1 88529
0 1 88532
0 1 88533
0 1 88534
0 1 88536
0 1 88538
0 1 88540
0 1 88543
0 1 88544
0 1 88545
0 1 88546
0 1 88548
0 1 88549
0 1 88550
0 1 88551
0 1 88552
0 1 88553
0 1 88555
0 1 88556
0 1 88559
0 1 88560
0 1 88561
0 1 88563
0 1 88564
0 1 88565
0 1 88566
0 1 88567
0 1 88568
0 1 88569
0 1 88570
0 1 88571
0 1 88573
0 1 88575
0 1 88576
0 1 88577
0 1 88578
0 1 88579
0 1 88580
0 1 88581
0 1 88582
0 1 88583
0 1 88586
0 1 88587
0 1 88588
0 1 88589
0 1 88590
0 1 88591
0 1 88595
0 1 88597
0 1 88599
0 1 88600
0 1 88601
0 1 88602
0 1 88603
0 1 88604
0 1 88605
0 1 88606
0 1 88607
0 1 88609
0 1 88610
0 1 88611
0 1 88612
0 1 88613
0 1 88618
0 1 88619
0 1 88620
0 1 88621
0 1 88622
0 1 88623
0 1 88624
0 1 88625
0 1 88626
0 1 88627
0 1 88628
0 1 88630
0 1 88631
0 1 88632
0 1 88634
0 1 88635
0 1 88637
0 1 88638
0 1 88639
0 1 88642
0 1 88644
0 1 88646
0 1 88648
0 1 88649
0 1 88651
0 1 88652
0 1 88653
0 1 88656
0 1 88657
0 1 88659
0 1 88660
0 1 88661
0 1 88663
0 1 88666
0 1 88667
0 1 88669
0 1 88670
0 1 88673
0 1 88674
0 1 88685
0 1 88686
0 1 88687
0 1 88688
0 1 88689
0 1 88690
0 1 88692
0 1 88693
0 1 88695
0 1 88698
0 1 88701
0 1 88702
0 1 88703
0 1 88704
0 1 88705
0 1 88707
0 1 88709
0 1 88711
0 1 88712
0 1 88713
0 1 88714
0 1 88715
0 1 88716
0 1 88717
0 1 88718
0 1 88721
0 1 88722
0 1 88723
0 1 88725
0 1 88728
0 1 88729
0 1 88730
0 1 88731
0 1 88733
0 1 88736
0 1 88737
0 1 88738
0 1 88739
0 1 88743
0 1 88744
0 1 88747
0 1 88749
0 1 88751
0 1 88752
0 1 88753
0 1 88754
0 1 88755
0 1 88756
0 1 88757
0 1 88758
0 1 88760
0 1 88763
0 1 88764
0 1 88768
0 1 88769
0 1 88770
0 1 88771
0 1 88772
0 1 88774
0 1 88775
0 1 88776
0 1 88777
0 1 88779
0 1 88781
0 1 88782
0 1 88783
0 1 88784
0 1 88786
0 1 88788
0 1 88791
0 1 88792
0 1 88794
0 1 88795
0 1 88796
0 1 88797
0 1 88798
0 1 88799
0 1 88800
0 1 88802
0 1 88803
0 1 88804
0 1 88806
0 1 88807
0 1 88808
0 1 88813
0 1 88814
0 1 88815
0 1 88816
0 1 88822
0 1 88823
0 1 88824
0 1 88825
0 1 88827
0 1 88829
0 1 88831
0 1 88832
0 1 88833
0 1 88834
0 1 88835
0 1 88836
0 1 88838
0 1 88841
0 1 88842
0 1 88845
0 1 88846
0 1 88847
0 1 88848
0 1 88849
0 1 88850
0 1 88851
0 1 88852
0 1 88853
0 1 88856
0 1 88857
0 1 88858
0 1 88860
0 1 88861
0 1 88862
0 1 88863
0 1 88864
0 1 88866
0 1 88868
0 1 88869
0 1 88870
0 1 88871
0 1 88872
0 1 88876
0 1 88877
0 1 88878
0 1 88879
0 1 88880
0 1 88881
0 1 88882
0 1 88885
0 1 88886
0 1 88888
0 1 88889
0 1 88891
0 1 88892
0 1 88894
0 1 88895
0 1 88896
0 1 88897
0 1 88898
0 1 88900
0 1 88901
0 1 88902
0 1 88903
0 1 88905
0 1 88906
0 1 88907
0 1 88908
0 1 88909
0 1 88913
0 1 88915
0 1 88916
0 1 88918
0 1 88919
0 1 88921
0 1 88923
0 1 88924
0 1 88925
0 1 88926
0 1 88928
0 1 88933
0 1 88936
0 1 88939
0 1 88940
0 1 88941
0 1 88942
0 1 88943
0 1 88945
0 1 88947
0 1 88950
0 1 88951
0 1 88952
0 1 88953
0 1 88955
0 1 88957
0 1 88961
0 1 88962
0 1 88963
0 1 88964
0 1 88965
0 1 88966
0 1 88967
0 1 88968
0 1 88969
0 1 88970
0 1 88971
0 1 88972
0 1 88974
0 1 88975
0 1 88976
0 1 88979
0 1 88980
0 1 88982
0 1 88983
0 1 88984
0 1 88985
0 1 88986
0 1 88987
0 1 88991
0 1 88992
0 1 88994
0 1 88997
0 1 88999
0 1 89001
0 1 89002
0 1 89003
0 1 89005
0 1 89007
0 1 89008
0 1 89009
0 1 89010
0 1 89012
0 1 89013
0 1 89014
0 1 89016
0 1 89017
0 1 89018
0 1 89019
0 1 89020
0 1 89021
0 1 89023
0 1 89026
0 1 89027
0 1 89029
0 1 89032
0 1 89033
0 1 89034
0 1 89035
0 1 89036
0 1 89037
0 1 89038
0 1 89039
0 1 89041
0 1 89042
0 1 89044
0 1 89045
0 1 89047
0 1 89048
0 1 89049
0 1 89050
0 1 89051
0 1 89052
0 1 89057
0 1 89058
0 1 89059
0 1 89060
0 1 89061
0 1 89065
0 1 89068
0 1 89069
0 1 89073
0 1 89074
0 1 89076
0 1 89077
0 1 89078
0 1 89079
0 1 89081
0 1 89082
0 1 89084
0 1 89085
0 1 89086
0 1 89087
0 1 89089
0 1 89090
0 1 89091
0 1 89093
0 1 89094
0 1 89098
0 1 89099
0 1 89100
0 1 89101
0 1 89102
0 1 89104
0 1 89105
0 1 89108
0 1 89109
0 1 89110
0 1 89111
0 1 89113
0 1 89114
0 1 89116
0 1 89118
0 1 89119
0 1 89123
0 1 89124
0 1 89125
0 1 89126
0 1 89129
0 1 89130
0 1 89131
0 1 89132
0 1 89139
0 1 89141
0 1 89143
0 1 89144
0 1 89145
0 1 89146
0 1 89148
0 1 89149
0 1 89150
0 1 89151
0 1 89153
0 1 89156
0 1 89161
0 1 89162
0 1 89163
0 1 89164
0 1 89165
0 1 89167
0 1 89169
0 1 89170
0 1 89172
0 1 89173
0 1 89175
0 1 89176
0 1 89177
0 1 89178
0 1 89179
0 1 89181
0 1 89183
0 1 89185
0 1 89186
0 1 89187
0 1 89188
0 1 89189
0 1 89192
0 1 89193
0 1 89195
0 1 89199
0 1 89200
0 1 89201
0 1 89202
0 1 89205
0 1 89206
0 1 89207
0 1 89208
0 1 89209
0 1 89212
0 1 89215
0 1 89217
0 1 89218
0 1 89219
0 1 89221
0 1 89222
0 1 89226
0 1 89227
0 1 89228
0 1 89229
0 1 89230
0 1 89231
0 1 89232
0 1 89233
0 1 89234
0 1 89235
0 1 89236
0 1 89237
0 1 89239
0 1 89240
0 1 89241
0 1 89242
0 1 89244
0 1 89246
0 1 89247
0 1 89248
0 1 89250
0 1 89251
0 1 89253
0 1 89255
0 1 89257
0 1 89259
0 1 89264
0 1 89266
0 1 89269
0 1 89272
0 1 89274
0 1 89275
0 1 89278
0 1 89280
0 1 89282
0 1 89283
0 1 89284
0 1 89285
0 1 89289
0 1 89290
0 1 89291
0 1 89294
0 1 89296
0 1 89297
0 1 89298
0 1 89299
0 1 89301
0 1 89304
0 1 89305
0 1 89306
0 1 89309
0 1 89310
0 1 89311
0 1 89312
0 1 89314
0 1 89315
0 1 89316
0 1 89317
0 1 89318
0 1 89319
0 1 89320
0 1 89321
0 1 89322
0 1 89323
0 1 89324
0 1 89326
0 1 89329
0 1 89330
0 1 89331
0 1 89333
0 1 89334
0 1 89335
0 1 89339
0 1 89340
0 1 89341
0 1 89343
0 1 89344
0 1 89346
0 1 89352
0 1 89354
0 1 89355
0 1 89357
0 1 89358
0 1 89359
0 1 89361
0 1 89363
0 1 89365
0 1 89367
0 1 89368
0 1 89370
0 1 89371
0 1 89372
0 1 89375
0 1 89376
0 1 89379
0 1 89380
0 1 89381
0 1 89382
0 1 89383
0 1 89385
0 1 89388
0 1 89391
0 1 89392
0 1 89395
0 1 89396
0 1 89398
0 1 89402
0 1 89404
0 1 89405
0 1 89408
0 1 89410
0 1 89412
0 1 89413
0 1 89414
0 1 89417
0 1 89418
0 1 89421
0 1 89422
0 1 89424
0 1 89425
0 1 89428
0 1 89429
0 1 89430
0 1 89431
0 1 89432
0 1 89434
0 1 89436
0 1 89437
0 1 89440
0 1 89441
0 1 89446
0 1 89447
0 1 89448
0 1 89450
0 1 89451
0 1 89452
0 1 89455
0 1 89456
0 1 89457
0 1 89459
0 1 89460
0 1 89461
0 1 89462
0 1 89464
0 1 89468
0 1 89470
0 1 89478
0 1 89479
0 1 89483
0 1 89484
0 1 89486
0 1 89487
0 1 89488
0 1 89491
0 1 89494
0 1 89495
0 1 89498
0 1 89499
0 1 89500
0 1 89502
0 1 89503
0 1 89506
0 1 89507
0 1 89508
0 1 89509
0 1 89510
0 1 89512
0 1 89513
0 1 89514
0 1 89515
0 1 89516
0 1 89517
0 1 89522
0 1 89525
0 1 89528
0 1 89529
0 1 89530
0 1 89533
0 1 89534
0 1 89536
0 1 89537
0 1 89538
0 1 89541
0 1 89544
0 1 89546
0 1 89548
0 1 89549
0 1 89551
0 1 89552
0 1 89554
0 1 89556
0 1 89558
0 1 89559
0 1 89562
0 1 89563
0 1 89564
0 1 89565
0 1 89566
0 1 89569
0 1 89570
0 1 89571
0 1 89572
0 1 89574
0 1 89577
0 1 89578
0 1 89582
0 1 89583
0 1 89585
0 1 89586
0 1 89588
0 1 89591
0 1 89594
0 1 89595
0 1 89598
0 1 89599
0 1 89600
0 1 89601
0 1 89602
0 1 89603
0 1 89605
0 1 89607
0 1 89608
0 1 89609
0 1 89611
0 1 89612
0 1 89613
0 1 89614
0 1 89615
0 1 89617
0 1 89618
0 1 89619
0 1 89620
0 1 89621
0 1 89622
0 1 89623
0 1 89624
0 1 89626
0 1 89628
0 1 89629
0 1 89630
0 1 89632
0 1 89633
0 1 89635
0 1 89636
0 1 89637
0 1 89638
0 1 89639
0 1 89641
0 1 89642
0 1 89643
0 1 89645
0 1 89646
0 1 89648
0 1 89649
0 1 89652
0 1 89653
0 1 89655
0 1 89656
0 1 89659
0 1 89660
0 1 89663
0 1 89666
0 1 89667
0 1 89668
0 1 89669
0 1 89672
0 1 89673
0 1 89674
0 1 89675
0 1 89676
0 1 89678
0 1 89679
0 1 89680
0 1 89681
0 1 89683
0 1 89684
0 1 89685
0 1 89688
0 1 89691
0 1 89694
0 1 89695
0 1 89696
0 1 89699
0 1 89701
0 1 89702
0 1 89703
0 1 89705
0 1 89706
0 1 89707
0 1 89709
0 1 89710
0 1 89712
0 1 89713
0 1 89714
0 1 89717
0 1 89721
0 1 89722
0 1 89723
0 1 89727
0 1 89729
0 1 89734
0 1 89740
0 1 89741
0 1 89744
0 1 89745
0 1 89746
0 1 89747
0 1 89749
0 1 89750
0 1 89753
0 1 89754
0 1 89755
0 1 89757
0 1 89759
0 1 89760
0 1 89761
0 1 89762
0 1 89764
0 1 89765
0 1 89767
0 1 89768
0 1 89769
0 1 89773
0 1 89774
0 1 89775
0 1 89776
0 1 89779
0 1 89780
0 1 89781
0 1 89783
0 1 89784
0 1 89785
0 1 89787
0 1 89788
0 1 89789
0 1 89790
0 1 89791
0 1 89794
0 1 89795
0 1 89796
0 1 89797
0 1 89800
0 1 89801
0 1 89802
0 1 89805
0 1 89806
0 1 89807
0 1 89808
0 1 89809
0 1 89810
0 1 89811
0 1 89812
0 1 89813
0 1 89816
0 1 89818
0 1 89820
0 1 89822
0 1 89824
0 1 89825
0 1 89827
0 1 89828
0 1 89829
0 1 89830
0 1 89831
0 1 89832
0 1 89833
0 1 89834
0 1 89835
0 1 89840
0 1 89841
0 1 89842
0 1 89843
0 1 89844
0 1 89846
0 1 89847
0 1 89849
0 1 89850
0 1 89851
0 1 89852
0 1 89856
0 1 89857
0 1 89858
0 1 89859
0 1 89861
0 1 89862
0 1 89863
0 1 89864
0 1 89865
0 1 89866
0 1 89867
0 1 89868
0 1 89869
0 1 89875
0 1 89876
0 1 89877
0 1 89878
0 1 89879
0 1 89885
0 1 89887
0 1 89888
0 1 89890
0 1 89891
0 1 89892
0 1 89898
0 1 89900
0 1 89902
0 1 89903
0 1 89904
0 1 89905
0 1 89906
0 1 89907
0 1 89908
0 1 89909
0 1 89912
0 1 89913
0 1 89914
0 1 89915
0 1 89917
0 1 89919
0 1 89920
0 1 89921
0 1 89922
0 1 89923
0 1 89924
0 1 89926
0 1 89928
0 1 89931
0 1 89932
0 1 89933
0 1 89934
0 1 89935
0 1 89936
0 1 89937
0 1 89944
0 1 89945
0 1 89946
0 1 89948
0 1 89950
0 1 89951
0 1 89954
0 1 89956
0 1 89957
0 1 89962
0 1 89963
0 1 89964
0 1 89966
0 1 89968
0 1 89970
0 1 89971
0 1 89972
0 1 89973
0 1 89974
0 1 89976
0 1 89977
0 1 89978
0 1 89979
0 1 89980
0 1 89981
0 1 89982
0 1 89983
0 1 89986
0 1 89989
0 1 89990
0 1 89992
0 1 89994
0 1 89995
0 1 89996
0 1 89998
0 1 89999
0 1 90000
0 1 90002
0 1 90004
0 1 90006
0 1 90007
0 1 90012
0 1 90014
0 1 90015
0 1 90017
0 1 90018
0 1 90019
0 1 90020
0 1 90024
0 1 90025
0 1 90026
0 1 90027
0 1 90028
0 1 90029
0 1 90030
0 1 90032
0 1 90034
0 1 90036
0 1 90037
0 1 90039
0 1 90040
0 1 90041
0 1 90042
0 1 90048
0 1 90050
0 1 90052
0 1 90053
0 1 90054
0 1 90055
0 1 90057
0 1 90059
0 1 90061
0 1 90062
0 1 90065
0 1 90066
0 1 90069
0 1 90072
0 1 90073
0 1 90075
0 1 90076
0 1 90078
0 1 90080
0 1 90082
0 1 90083
0 1 90084
0 1 90085
0 1 90088
0 1 90089
0 1 90090
0 1 90091
0 1 90092
0 1 90093
0 1 90095
0 1 90096
0 1 90099
0 1 90101
0 1 90104
0 1 90105
0 1 90106
0 1 90107
0 1 90108
0 1 90110
0 1 90114
0 1 90115
0 1 90117
0 1 90118
0 1 90119
0 1 90121
0 1 90123
0 1 90125
0 1 90127
0 1 90128
0 1 90129
0 1 90130
0 1 90131
0 1 90134
0 1 90137
0 1 90140
0 1 90143
0 1 90145
0 1 90146
0 1 90147
0 1 90149
0 1 90153
0 1 90154
0 1 90155
0 1 90156
0 1 90158
0 1 90161
0 1 90162
0 1 90163
0 1 90165
0 1 90167
0 1 90170
0 1 90171
0 1 90172
0 1 90173
0 1 90175
0 1 90179
0 1 90181
0 1 90182
0 1 90183
0 1 90186
0 1 90188
0 1 90189
0 1 90191
0 1 90192
0 1 90195
0 1 90196
0 1 90197
0 1 90198
0 1 90200
0 1 90201
0 1 90206
0 1 90209
0 1 90210
0 1 90212
0 1 90213
0 1 90214
0 1 90216
0 1 90219
0 1 90220
0 1 90221
0 1 90222
0 1 90224
0 1 90225
0 1 90226
0 1 90227
0 1 90230
0 1 90233
0 1 90234
0 1 90236
0 1 90237
0 1 90238
0 1 90239
0 1 90240
0 1 90241
0 1 90242
0 1 90244
0 1 90246
0 1 90249
0 1 90253
0 1 90254
0 1 90255
0 1 90256
0 1 90257
0 1 90260
0 1 90262
0 1 90264
0 1 90265
0 1 90266
0 1 90267
0 1 90268
0 1 90270
0 1 90272
0 1 90273
0 1 90274
0 1 90275
0 1 90276
0 1 90278
0 1 90279
0 1 90284
0 1 90286
0 1 90287
0 1 90289
0 1 90290
0 1 90292
0 1 90293
0 1 90294
0 1 90297
0 1 90298
0 1 90301
0 1 90302
0 1 90303
0 1 90312
0 1 90314
0 1 90317
0 1 90319
0 1 90320
0 1 90321
0 1 90323
0 1 90325
0 1 90328
0 1 90330
0 1 90331
0 1 90332
0 1 90335
0 1 90336
0 1 90338
0 1 90339
0 1 90340
0 1 90342
0 1 90343
0 1 90344
0 1 90345
0 1 90347
0 1 90349
0 1 90351
0 1 90353
0 1 90358
0 1 90359
0 1 90360
0 1 90361
0 1 90362
0 1 90366
0 1 90367
0 1 90370
0 1 90374
0 1 90375
0 1 90381
0 1 90383
0 1 90387
0 1 90388
0 1 90389
0 1 90392
0 1 90393
0 1 90395
0 1 90396
0 1 90397
0 1 90398
0 1 90401
0 1 90402
0 1 90403
0 1 90406
0 1 90408
0 1 90409
0 1 90411
0 1 90414
0 1 90416
0 1 90417
0 1 90418
0 1 90419
0 1 90421
0 1 90422
0 1 90423
0 1 90424
0 1 90426
0 1 90427
0 1 90429
0 1 90431
0 1 90433
0 1 90434
0 1 90435
0 1 90437
0 1 90439
0 1 90440
0 1 90442
0 1 90443
0 1 90445
0 1 90446
0 1 90448
0 1 90449
0 1 90451
0 1 90452
0 1 90453
0 1 90454
0 1 90455
0 1 90456
0 1 90457
0 1 90458
0 1 90459
0 1 90461
0 1 90462
0 1 90463
0 1 90466
0 1 90467
0 1 90468
0 1 90469
0 1 90470
0 1 90471
0 1 90472
0 1 90473
0 1 90475
0 1 90478
0 1 90481
0 1 90485
0 1 90486
0 1 90489
0 1 90490
0 1 90492
0 1 90495
0 1 90499
0 1 90501
0 1 90502
0 1 90504
0 1 90506
0 1 90507
0 1 90508
0 1 90510
0 1 90511
0 1 90512
0 1 90513
0 1 90514
0 1 90516
0 1 90518
0 1 90519
0 1 90520
0 1 90522
0 1 90523
0 1 90524
0 1 90525
0 1 90528
0 1 90529
0 1 90530
0 1 90532
0 1 90534
0 1 90535
0 1 90536
0 1 90540
0 1 90542
0 1 90543
0 1 90546
0 1 90547
0 1 90548
0 1 90550
0 1 90552
0 1 90553
0 1 90557
0 1 90559
0 1 90560
0 1 90561
0 1 90563
0 1 90564
0 1 90565
0 1 90566
0 1 90567
0 1 90568
0 1 90570
0 1 90571
0 1 90573
0 1 90574
0 1 90575
0 1 90582
0 1 90584
0 1 90587
0 1 90588
0 1 90589
0 1 90591
0 1 90592
0 1 90593
0 1 90594
0 1 90595
0 1 90596
0 1 90597
0 1 90598
0 1 90601
0 1 90602
0 1 90604
0 1 90605
0 1 90607
0 1 90611
0 1 90612
0 1 90614
0 1 90616
0 1 90621
0 1 90622
0 1 90624
0 1 90625
0 1 90627
0 1 90629
0 1 90630
0 1 90636
0 1 90638
0 1 90640
0 1 90641
0 1 90642
0 1 90645
0 1 90647
0 1 90648
0 1 90653
0 1 90654
0 1 90655
0 1 90658
0 1 90659
0 1 90661
0 1 90663
0 1 90665
0 1 90669
0 1 90671
0 1 90673
0 1 90677
0 1 90678
0 1 90679
0 1 90682
0 1 90683
0 1 90684
0 1 90686
0 1 90688
0 1 90691
0 1 90693
0 1 90694
0 1 90697
0 1 90698
0 1 90700
0 1 90701
0 1 90702
0 1 90704
0 1 90705
0 1 90707
0 1 90709
0 1 90710
0 1 90712
0 1 90714
0 1 90717
0 1 90720
0 1 90723
0 1 90724
0 1 90725
0 1 90726
0 1 90727
0 1 90729
0 1 90730
0 1 90731
0 1 90732
0 1 90734
0 1 90735
0 1 90736
0 1 90739
0 1 90740
0 1 90742
0 1 90743
0 1 90744
0 1 90745
0 1 90746
0 1 90748
0 1 90750
0 1 90752
0 1 90753
0 1 90754
0 1 90755
0 1 90758
0 1 90761
0 1 90762
0 1 90763
0 1 90767
0 1 90768
0 1 90769
0 1 90770
0 1 90772
0 1 90775
0 1 90776
0 1 90777
0 1 90780
0 1 90781
0 1 90782
0 1 90783
0 1 90785
0 1 90788
0 1 90789
0 1 90790
0 1 90793
0 1 90794
0 1 90796
0 1 90798
0 1 90799
0 1 90800
0 1 90801
0 1 90803
0 1 90804
0 1 90806
0 1 90808
0 1 90810
0 1 90811
0 1 90812
0 1 90815
0 1 90816
0 1 90818
0 1 90820
0 1 90821
0 1 90823
0 1 90824
0 1 90825
0 1 90826
0 1 90828
0 1 90830
0 1 90831
0 1 90833
0 1 90834
0 1 90836
0 1 90837
0 1 90839
0 1 90840
0 1 90842
0 1 90844
0 1 90845
0 1 90846
0 1 90848
0 1 90849
0 1 90850
0 1 90851
0 1 90853
0 1 90854
0 1 90856
0 1 90857
0 1 90858
0 1 90861
0 1 90863
0 1 90864
0 1 90865
0 1 90867
0 1 90868
0 1 90872
0 1 90873
0 1 90874
0 1 90875
0 1 90878
0 1 90882
0 1 90883
0 1 90884
0 1 90885
0 1 90887
0 1 90888
0 1 90890
0 1 90894
0 1 90895
0 1 90896
0 1 90897
0 1 90898
0 1 90901
0 1 90902
0 1 90904
0 1 90905
0 1 90906
0 1 90907
0 1 90908
0 1 90911
0 1 90912
0 1 90916
0 1 90917
0 1 90919
0 1 90920
0 1 90921
0 1 90923
0 1 90925
0 1 90929
0 1 90930
0 1 90931
0 1 90932
0 1 90934
0 1 90935
0 1 90936
0 1 90937
0 1 90938
0 1 90941
0 1 90943
0 1 90945
0 1 90946
0 1 90947
0 1 90948
0 1 90949
0 1 90950
0 1 90952
0 1 90953
0 1 90957
0 1 90959
0 1 90961
0 1 90962
0 1 90963
0 1 90964
0 1 90966
0 1 90967
0 1 90969
0 1 90972
0 1 90974
0 1 90976
0 1 90977
0 1 90979
0 1 90980
0 1 90981
0 1 90982
0 1 90985
0 1 90986
0 1 90988
0 1 90989
0 1 90990
0 1 90992
0 1 90993
0 1 90995
0 1 90996
0 1 90997
0 1 90998
0 1 91000
0 1 91001
0 1 91006
0 1 91007
0 1 91009
0 1 91010
0 1 91012
0 1 91013
0 1 91015
0 1 91017
0 1 91018
0 1 91021
0 1 91024
0 1 91025
0 1 91026
0 1 91027
0 1 91028
0 1 91029
0 1 91030
0 1 91032
0 1 91033
0 1 91034
0 1 91037
0 1 91039
0 1 91040
0 1 91044
0 1 91045
0 1 91046
0 1 91047
0 1 91048
0 1 91050
0 1 91053
0 1 91054
0 1 91055
0 1 91056
0 1 91058
0 1 91060
0 1 91064
0 1 91067
0 1 91068
0 1 91069
0 1 91070
0 1 91074
0 1 91077
0 1 91082
0 1 91083
0 1 91084
0 1 91085
0 1 91086
0 1 91091
0 1 91094
0 1 91096
0 1 91102
0 1 91104
0 1 91106
0 1 91107
0 1 91108
0 1 91109
0 1 91110
0 1 91112
0 1 91113
0 1 91114
0 1 91115
0 1 91119
0 1 91121
0 1 91122
0 1 91123
0 1 91124
0 1 91125
0 1 91126
0 1 91127
0 1 91128
0 1 91129
0 1 91130
0 1 91131
0 1 91132
0 1 91133
0 1 91136
0 1 91137
0 1 91141
0 1 91142
0 1 91143
0 1 91144
0 1 91145
0 1 91147
0 1 91148
0 1 91149
0 1 91150
0 1 91152
0 1 91153
0 1 91156
0 1 91157
0 1 91158
0 1 91159
0 1 91170
0 1 91175
0 1 91178
0 1 91179
0 1 91180
0 1 91181
0 1 91182
0 1 91184
0 1 91186
0 1 91188
0 1 91190
0 1 91192
0 1 91193
0 1 91195
0 1 91197
0 1 91201
0 1 91203
0 1 91205
0 1 91206
0 1 91207
0 1 91208
0 1 91209
0 1 91212
0 1 91216
0 1 91219
0 1 91220
0 1 91225
0 1 91226
0 1 91227
0 1 91228
0 1 91229
0 1 91230
0 1 91231
0 1 91235
0 1 91237
0 1 91239
0 1 91240
0 1 91241
0 1 91243
0 1 91244
0 1 91246
0 1 91247
0 1 91248
0 1 91250
0 1 91251
0 1 91253
0 1 91255
0 1 91256
0 1 91258
0 1 91259
0 1 91264
0 1 91265
0 1 91267
0 1 91268
0 1 91271
0 1 91272
0 1 91273
0 1 91276
0 1 91280
0 1 91281
0 1 91283
0 1 91285
0 1 91286
0 1 91291
0 1 91292
0 1 91293
0 1 91294
0 1 91295
0 1 91299
0 1 91300
0 1 91302
0 1 91303
0 1 91304
0 1 91305
0 1 91306
0 1 91308
0 1 91309
0 1 91311
0 1 91312
0 1 91313
0 1 91317
0 1 91318
0 1 91319
0 1 91320
0 1 91321
0 1 91322
0 1 91324
0 1 91326
0 1 91328
0 1 91329
0 1 91330
0 1 91331
0 1 91332
0 1 91335
0 1 91336
0 1 91338
0 1 91339
0 1 91341
0 1 91342
0 1 91344
0 1 91345
0 1 91347
0 1 91348
0 1 91349
0 1 91351
0 1 91352
0 1 91354
0 1 91355
0 1 91356
0 1 91357
0 1 91359
0 1 91360
0 1 91362
0 1 91366
0 1 91367
0 1 91369
0 1 91370
0 1 91371
0 1 91373
0 1 91375
0 1 91376
0 1 91377
0 1 91378
0 1 91382
0 1 91383
0 1 91385
0 1 91388
0 1 91389
0 1 91390
0 1 91391
0 1 91392
0 1 91393
0 1 91394
0 1 91395
0 1 91396
0 1 91399
0 1 91400
0 1 91401
0 1 91402
0 1 91403
0 1 91404
0 1 91405
0 1 91408
0 1 91409
0 1 91410
0 1 91412
0 1 91413
0 1 91417
0 1 91418
0 1 91419
0 1 91420
0 1 91422
0 1 91428
0 1 91429
0 1 91430
0 1 91431
0 1 91432
0 1 91434
0 1 91436
0 1 91441
0 1 91442
0 1 91445
0 1 91446
0 1 91450
0 1 91451
0 1 91452
0 1 91453
0 1 91458
0 1 91459
0 1 91460
0 1 91464
0 1 91468
0 1 91469
0 1 91471
0 1 91474
0 1 91476
0 1 91480
0 1 91483
0 1 91484
0 1 91486
0 1 91487
0 1 91489
0 1 91490
0 1 91491
0 1 91492
0 1 91493
0 1 91494
0 1 91495
0 1 91499
0 1 91500
0 1 91504
0 1 91505
0 1 91506
0 1 91508
0 1 91510
0 1 91511
0 1 91512
0 1 91514
0 1 91516
0 1 91519
0 1 91520
0 1 91521
0 1 91522
0 1 91523
0 1 91524
0 1 91527
0 1 91530
0 1 91531
0 1 91538
0 1 91539
0 1 91540
0 1 91541
0 1 91543
0 1 91546
0 1 91547
0 1 91548
0 1 91549
0 1 91552
0 1 91553
0 1 91554
0 1 91555
0 1 91559
0 1 91562
0 1 91563
0 1 91564
0 1 91566
0 1 91568
0 1 91569
0 1 91570
0 1 91571
0 1 91572
0 1 91577
0 1 91579
0 1 91581
0 1 91582
0 1 91583
0 1 91584
0 1 91585
0 1 91586
0 1 91588
0 1 91589
0 1 91590
0 1 91593
0 1 91594
0 1 91598
0 1 91601
0 1 91602
0 1 91604
0 1 91605
0 1 91608
0 1 91610
0 1 91611
0 1 91612
0 1 91613
0 1 91617
0 1 91618
0 1 91619
0 1 91620
0 1 91622
0 1 91623
0 1 91624
0 1 91625
0 1 91626
0 1 91628
0 1 91629
0 1 91631
0 1 91633
0 1 91636
0 1 91637
0 1 91638
0 1 91639
0 1 91641
0 1 91642
0 1 91646
0 1 91648
0 1 91653
0 1 91654
0 1 91655
0 1 91656
0 1 91657
0 1 91658
0 1 91659
0 1 91660
0 1 91661
0 1 91662
0 1 91663
0 1 91665
0 1 91667
0 1 91670
0 1 91672
0 1 91674
0 1 91677
0 1 91679
0 1 91680
0 1 91683
0 1 91684
0 1 91685
0 1 91687
0 1 91688
0 1 91693
0 1 91695
0 1 91696
0 1 91698
0 1 91701
0 1 91702
0 1 91703
0 1 91704
0 1 91705
0 1 91708
0 1 91709
0 1 91712
0 1 91713
0 1 91714
0 1 91715
0 1 91716
0 1 91717
0 1 91718
0 1 91720
0 1 91721
0 1 91722
0 1 91724
0 1 91725
0 1 91727
0 1 91728
0 1 91729
0 1 91730
0 1 91731
0 1 91732
0 1 91733
0 1 91734
0 1 91735
0 1 91738
0 1 91739
0 1 91740
0 1 91741
0 1 91743
0 1 91744
0 1 91746
0 1 91748
0 1 91750
0 1 91751
0 1 91752
0 1 91753
0 1 91755
0 1 91756
0 1 91758
0 1 91760
0 1 91762
0 1 91763
0 1 91764
0 1 91765
0 1 91767
0 1 91770
0 1 91772
0 1 91775
0 1 91777
0 1 91779
0 1 91781
0 1 91782
0 1 91783
0 1 91785
0 1 91787
0 1 91789
0 1 91790
0 1 91794
0 1 91798
0 1 91800
0 1 91801
0 1 91804
0 1 91806
0 1 91809
0 1 91813
0 1 91814
0 1 91815
0 1 91817
0 1 91818
0 1 91819
0 1 91823
0 1 91826
0 1 91827
0 1 91828
0 1 91829
0 1 91831
0 1 91833
0 1 91835
0 1 91837
0 1 91838
0 1 91839
0 1 91843
0 1 91844
0 1 91845
0 1 91846
0 1 91847
0 1 91848
0 1 91849
0 1 91850
0 1 91851
0 1 91852
0 1 91856
0 1 91857
0 1 91858
0 1 91860
0 1 91861
0 1 91863
0 1 91864
0 1 91867
0 1 91868
0 1 91869
0 1 91870
0 1 91871
0 1 91872
0 1 91877
0 1 91879
0 1 91880
0 1 91881
0 1 91882
0 1 91883
0 1 91884
0 1 91885
0 1 91887
0 1 91888
0 1 91890
0 1 91891
0 1 91892
0 1 91893
0 1 91894
0 1 91895
0 1 91896
0 1 91897
0 1 91898
0 1 91901
0 1 91903
0 1 91905
0 1 91906
0 1 91907
0 1 91908
0 1 91909
0 1 91911
0 1 91918
0 1 91921
0 1 91923
0 1 91927
0 1 91929
0 1 91930
0 1 91932
0 1 91935
0 1 91936
0 1 91938
0 1 91940
0 1 91941
0 1 91942
0 1 91943
0 1 91944
0 1 91945
0 1 91947
0 1 91948
0 1 91949
0 1 91951
0 1 91953
0 1 91954
0 1 91955
0 1 91958
0 1 91959
0 1 91960
0 1 91961
0 1 91963
0 1 91965
0 1 91966
0 1 91969
0 1 91971
0 1 91974
0 1 91975
0 1 91978
0 1 91979
0 1 91981
0 1 91982
0 1 91983
0 1 91984
0 1 91985
0 1 91986
0 1 91987
0 1 91989
0 1 91990
0 1 91991
0 1 91993
0 1 91994
0 1 91997
0 1 92002
0 1 92003
0 1 92005
0 1 92006
0 1 92007
0 1 92008
0 1 92009
0 1 92010
0 1 92011
0 1 92013
0 1 92015
0 1 92016
0 1 92019
0 1 92020
0 1 92023
0 1 92024
0 1 92025
0 1 92026
0 1 92029
0 1 92031
0 1 92032
0 1 92036
0 1 92037
0 1 92038
0 1 92044
0 1 92045
0 1 92046
0 1 92050
0 1 92052
0 1 92053
0 1 92054
0 1 92055
0 1 92060
0 1 92062
0 1 92063
0 1 92064
0 1 92067
0 1 92068
0 1 92070
0 1 92071
0 1 92073
0 1 92074
0 1 92075
0 1 92076
0 1 92077
0 1 92080
0 1 92081
0 1 92084
0 1 92085
0 1 92087
0 1 92088
0 1 92091
0 1 92094
0 1 92095
0 1 92097
0 1 92099
0 1 92100
0 1 92101
0 1 92102
0 1 92103
0 1 92106
0 1 92107
0 1 92111
0 1 92113
0 1 92114
0 1 92115
0 1 92116
0 1 92117
0 1 92121
0 1 92123
0 1 92124
0 1 92125
0 1 92126
0 1 92127
0 1 92128
0 1 92130
0 1 92131
0 1 92132
0 1 92133
0 1 92134
0 1 92135
0 1 92136
0 1 92138
0 1 92140
0 1 92142
0 1 92143
0 1 92145
0 1 92146
0 1 92148
0 1 92150
0 1 92151
0 1 92152
0 1 92153
0 1 92155
0 1 92156
0 1 92160
0 1 92161
0 1 92162
0 1 92163
0 1 92164
0 1 92165
0 1 92166
0 1 92169
0 1 92170
0 1 92171
0 1 92172
0 1 92175
0 1 92177
0 1 92179
0 1 92180
0 1 92181
0 1 92183
0 1 92184
0 1 92185
0 1 92186
0 1 92188
0 1 92190
0 1 92192
0 1 92195
0 1 92196
0 1 92197
0 1 92198
0 1 92200
0 1 92201
0 1 92203
0 1 92204
0 1 92205
0 1 92209
0 1 92210
0 1 92212
0 1 92213
0 1 92215
0 1 92218
0 1 92219
0 1 92220
0 1 92221
0 1 92222
0 1 92223
0 1 92226
0 1 92227
0 1 92230
0 1 92231
0 1 92233
0 1 92235
0 1 92237
0 1 92240
0 1 92242
0 1 92243
0 1 92245
0 1 92246
0 1 92247
0 1 92250
0 1 92251
0 1 92254
0 1 92256
0 1 92258
0 1 92261
0 1 92262
0 1 92264
0 1 92265
0 1 92266
0 1 92269
0 1 92270
0 1 92271
0 1 92273
0 1 92274
0 1 92275
0 1 92277
0 1 92279
0 1 92282
0 1 92283
0 1 92285
0 1 92291
0 1 92292
0 1 92293
0 1 92295
0 1 92296
0 1 92299
0 1 92300
0 1 92301
0 1 92302
0 1 92303
0 1 92307
0 1 92308
0 1 92309
0 1 92310
0 1 92311
0 1 92312
0 1 92313
0 1 92316
0 1 92317
0 1 92318
0 1 92321
0 1 92323
0 1 92325
0 1 92326
0 1 92327
0 1 92328
0 1 92330
0 1 92332
0 1 92333
0 1 92334
0 1 92335
0 1 92337
0 1 92338
0 1 92339
0 1 92340
0 1 92341
0 1 92343
0 1 92344
0 1 92345
0 1 92347
0 1 92350
0 1 92351
0 1 92353
0 1 92354
0 1 92356
0 1 92358
0 1 92360
0 1 92361
0 1 92362
0 1 92363
0 1 92365
0 1 92366
0 1 92369
0 1 92371
0 1 92372
0 1 92373
0 1 92374
0 1 92375
0 1 92377
0 1 92378
0 1 92379
0 1 92381
0 1 92382
0 1 92384
0 1 92385
0 1 92386
0 1 92390
0 1 92391
0 1 92392
0 1 92396
0 1 92397
0 1 92398
0 1 92400
0 1 92403
0 1 92404
0 1 92406
0 1 92407
0 1 92409
0 1 92410
0 1 92412
0 1 92413
0 1 92415
0 1 92417
0 1 92419
0 1 92420
0 1 92421
0 1 92422
0 1 92424
0 1 92426
0 1 92427
0 1 92428
0 1 92430
0 1 92431
0 1 92432
0 1 92433
0 1 92436
0 1 92439
0 1 92443
0 1 92446
0 1 92449
0 1 92450
0 1 92451
0 1 92452
0 1 92454
0 1 92455
0 1 92458
0 1 92459
0 1 92460
0 1 92461
0 1 92465
0 1 92468
0 1 92472
0 1 92473
0 1 92475
0 1 92476
0 1 92477
0 1 92478
0 1 92479
0 1 92480
0 1 92481
0 1 92482
0 1 92483
0 1 92488
0 1 92490
0 1 92492
0 1 92495
0 1 92497
0 1 92499
0 1 92500
0 1 92501
0 1 92503
0 1 92504
0 1 92505
0 1 92507
0 1 92509
0 1 92510
0 1 92511
0 1 92513
0 1 92516
0 1 92519
0 1 92525
0 1 92527
0 1 92528
0 1 92529
0 1 92530
0 1 92531
0 1 92532
0 1 92533
0 1 92535
0 1 92536
0 1 92537
0 1 92539
0 1 92540
0 1 92542
0 1 92544
0 1 92545
0 1 92548
0 1 92552
0 1 92555
0 1 92557
0 1 92558
0 1 92562
0 1 92565
0 1 92567
0 1 92568
0 1 92569
0 1 92571
0 1 92573
0 1 92574
0 1 92575
0 1 92580
0 1 92583
0 1 92585
0 1 92588
0 1 92589
0 1 92590
0 1 92591
0 1 92592
0 1 92594
0 1 92595
0 1 92596
0 1 92597
0 1 92599
0 1 92600
0 1 92602
0 1 92603
0 1 92604
0 1 92605
0 1 92606
0 1 92608
0 1 92611
0 1 92612
0 1 92613
0 1 92614
0 1 92615
0 1 92616
0 1 92617
0 1 92619
0 1 92620
0 1 92621
0 1 92622
0 1 92623
0 1 92625
0 1 92627
0 1 92630
0 1 92632
0 1 92633
0 1 92634
0 1 92638
0 1 92639
0 1 92640
0 1 92641
0 1 92643
0 1 92644
0 1 92645
0 1 92647
0 1 92649
0 1 92651
0 1 92653
0 1 92656
0 1 92657
0 1 92660
0 1 92661
0 1 92663
0 1 92664
0 1 92666
0 1 92667
0 1 92670
0 1 92671
0 1 92672
0 1 92674
0 1 92676
0 1 92677
0 1 92679
0 1 92682
0 1 92683
0 1 92685
0 1 92686
0 1 92688
0 1 92689
0 1 92692
0 1 92693
0 1 92694
0 1 92696
0 1 92698
0 1 92700
0 1 92701
0 1 92702
0 1 92703
0 1 92704
0 1 92707
0 1 92708
0 1 92710
0 1 92712
0 1 92714
0 1 92716
0 1 92720
0 1 92721
0 1 92724
0 1 92729
0 1 92731
0 1 92733
0 1 92735
0 1 92736
0 1 92737
0 1 92739
0 1 92742
0 1 92745
0 1 92746
0 1 92747
0 1 92748
0 1 92749
0 1 92750
0 1 92751
0 1 92753
0 1 92755
0 1 92758
0 1 92759
0 1 92760
0 1 92765
0 1 92766
0 1 92767
0 1 92768
0 1 92769
0 1 92770
0 1 92771
0 1 92772
0 1 92773
0 1 92774
0 1 92775
0 1 92780
0 1 92784
0 1 92785
0 1 92786
0 1 92787
0 1 92790
0 1 92791
0 1 92793
0 1 92794
0 1 92796
0 1 92798
0 1 92800
0 1 92801
0 1 92805
0 1 92806
0 1 92808
0 1 92810
0 1 92811
0 1 92812
0 1 92816
0 1 92818
0 1 92820
0 1 92821
0 1 92823
0 1 92824
0 1 92825
0 1 92826
0 1 92827
0 1 92828
0 1 92830
0 1 92833
0 1 92834
0 1 92836
0 1 92837
0 1 92838
0 1 92839
0 1 92842
0 1 92843
0 1 92845
0 1 92847
0 1 92849
0 1 92850
0 1 92852
0 1 92853
0 1 92854
0 1 92855
0 1 92857
0 1 92860
0 1 92861
0 1 92862
0 1 92863
0 1 92865
0 1 92868
0 1 92870
0 1 92871
0 1 92874
0 1 92875
0 1 92876
0 1 92877
0 1 92878
0 1 92879
0 1 92880
0 1 92881
0 1 92882
0 1 92883
0 1 92884
0 1 92885
0 1 92886
0 1 92891
0 1 92894
0 1 92895
0 1 92897
0 1 92898
0 1 92899
0 1 92901
0 1 92902
0 1 92904
0 1 92905
0 1 92906
0 1 92907
0 1 92908
0 1 92909
0 1 92912
0 1 92914
0 1 92915
0 1 92916
0 1 92918
0 1 92919
0 1 92920
0 1 92921
0 1 92922
0 1 92924
0 1 92925
0 1 92926
0 1 92929
0 1 92930
0 1 92932
0 1 92933
0 1 92934
0 1 92935
0 1 92936
0 1 92939
0 1 92940
0 1 92942
0 1 92943
0 1 92944
0 1 92945
0 1 92946
0 1 92949
0 1 92950
0 1 92951
0 1 92952
0 1 92954
0 1 92955
0 1 92956
0 1 92958
0 1 92959
0 1 92960
0 1 92961
0 1 92964
0 1 92965
0 1 92966
0 1 92968
0 1 92969
0 1 92972
0 1 92977
0 1 92978
0 1 92979
0 1 92982
0 1 92983
0 1 92986
0 1 92987
0 1 92989
0 1 92991
0 1 92992
0 1 92995
0 1 92998
0 1 93000
0 1 93001
0 1 93002
0 1 93003
0 1 93005
0 1 93006
0 1 93008
0 1 93010
0 1 93012
0 1 93015
0 1 93017
0 1 93018
0 1 93019
0 1 93020
0 1 93021
0 1 93022
0 1 93024
0 1 93025
0 1 93028
0 1 93030
0 1 93031
0 1 93032
0 1 93034
0 1 93042
0 1 93045
0 1 93046
0 1 93047
0 1 93048
0 1 93050
0 1 93051
0 1 93052
0 1 93054
0 1 93055
0 1 93056
0 1 93057
0 1 93058
0 1 93059
0 1 93060
0 1 93063
0 1 93064
0 1 93066
0 1 93067
0 1 93071
0 1 93072
0 1 93074
0 1 93075
0 1 93076
0 1 93078
0 1 93079
0 1 93080
0 1 93082
0 1 93083
0 1 93084
0 1 93085
0 1 93086
0 1 93087
0 1 93088
0 1 93089
0 1 93090
0 1 93091
0 1 93093
0 1 93094
0 1 93097
0 1 93098
0 1 93099
0 1 93100
0 1 93101
0 1 93102
0 1 93103
0 1 93105
0 1 93106
0 1 93108
0 1 93109
0 1 93110
0 1 93111
0 1 93112
0 1 93113
0 1 93115
0 1 93116
0 1 93118
0 1 93119
0 1 93122
0 1 93123
0 1 93126
0 1 93127
0 1 93129
0 1 93131
0 1 93132
0 1 93133
0 1 93134
0 1 93137
0 1 93139
0 1 93140
0 1 93141
0 1 93142
0 1 93143
0 1 93144
0 1 93146
0 1 93150
0 1 93151
0 1 93155
0 1 93156
0 1 93157
0 1 93158
0 1 93159
0 1 93162
0 1 93163
0 1 93164
0 1 93165
0 1 93166
0 1 93167
0 1 93168
0 1 93170
0 1 93171
0 1 93172
0 1 93174
0 1 93175
0 1 93177
0 1 93180
0 1 93181
0 1 93182
0 1 93183
0 1 93184
0 1 93185
0 1 93186
0 1 93187
0 1 93188
0 1 93191
0 1 93192
0 1 93193
0 1 93194
0 1 93195
0 1 93197
0 1 93198
0 1 93199
0 1 93200
0 1 93202
0 1 93203
0 1 93206
0 1 93208
0 1 93209
0 1 93210
0 1 93211
0 1 93212
0 1 93214
0 1 93215
0 1 93218
0 1 93219
0 1 93221
0 1 93222
0 1 93223
0 1 93226
0 1 93227
0 1 93228
0 1 93229
0 1 93230
0 1 93231
0 1 93233
0 1 93235
0 1 93238
0 1 93239
0 1 93240
0 1 93241
0 1 93243
0 1 93244
0 1 93246
0 1 93247
0 1 93248
0 1 93249
0 1 93250
0 1 93252
0 1 93253
0 1 93255
0 1 93257
0 1 93258
0 1 93260
0 1 93261
0 1 93265
0 1 93267
0 1 93269
0 1 93276
0 1 93277
0 1 93279
0 1 93280
0 1 93281
0 1 93284
0 1 93285
0 1 93286
0 1 93287
0 1 93289
0 1 93290
0 1 93292
0 1 93293
0 1 93294
0 1 93295
0 1 93299
0 1 93300
0 1 93301
0 1 93303
0 1 93305
0 1 93306
0 1 93307
0 1 93309
0 1 93310
0 1 93311
0 1 93313
0 1 93314
0 1 93315
0 1 93316
0 1 93318
0 1 93322
0 1 93323
0 1 93324
0 1 93325
0 1 93328
0 1 93329
0 1 93330
0 1 93331
0 1 93332
0 1 93333
0 1 93335
0 1 93337
0 1 93338
0 1 93339
0 1 93340
0 1 93344
0 1 93345
0 1 93346
0 1 93350
0 1 93356
0 1 93358
0 1 93363
0 1 93364
0 1 93366
0 1 93367
0 1 93368
0 1 93369
0 1 93370
0 1 93371
0 1 93373
0 1 93374
0 1 93375
0 1 93376
0 1 93377
0 1 93380
0 1 93382
0 1 93384
0 1 93385
0 1 93386
0 1 93387
0 1 93389
0 1 93390
0 1 93393
0 1 93394
0 1 93395
0 1 93396
0 1 93397
0 1 93399
0 1 93402
0 1 93404
0 1 93405
0 1 93407
0 1 93409
0 1 93410
0 1 93411
0 1 93413
0 1 93414
0 1 93415
0 1 93419
0 1 93420
0 1 93422
0 1 93426
0 1 93429
0 1 93432
0 1 93436
0 1 93437
0 1 93441
0 1 93442
0 1 93444
0 1 93445
0 1 93448
0 1 93449
0 1 93451
0 1 93452
0 1 93453
0 1 93456
0 1 93458
0 1 93460
0 1 93461
0 1 93462
0 1 93463
0 1 93465
0 1 93467
0 1 93468
0 1 93469
0 1 93472
0 1 93473
0 1 93474
0 1 93475
0 1 93478
0 1 93480
0 1 93482
0 1 93484
0 1 93485
0 1 93486
0 1 93487
0 1 93488
0 1 93489
0 1 93490
0 1 93491
0 1 93492
0 1 93493
0 1 93494
0 1 93495
0 1 93502
0 1 93503
0 1 93507
0 1 93508
0 1 93509
0 1 93510
0 1 93512
0 1 93514
0 1 93519
0 1 93522
0 1 93525
0 1 93526
0 1 93528
0 1 93530
0 1 93532
0 1 93533
0 1 93534
0 1 93536
0 1 93537
0 1 93542
0 1 93543
0 1 93545
0 1 93547
0 1 93549
0 1 93550
0 1 93551
0 1 93554
0 1 93556
0 1 93560
0 1 93563
0 1 93565
0 1 93566
0 1 93567
0 1 93569
0 1 93572
0 1 93573
0 1 93574
0 1 93576
0 1 93578
0 1 93579
0 1 93581
0 1 93583
0 1 93584
0 1 93585
0 1 93587
0 1 93593
0 1 93594
0 1 93596
0 1 93598
0 1 93599
0 1 93600
0 1 93601
0 1 93602
0 1 93604
0 1 93608
0 1 93610
0 1 93613
0 1 93614
0 1 93615
0 1 93616
0 1 93620
0 1 93621
0 1 93623
0 1 93624
0 1 93625
0 1 93627
0 1 93628
0 1 93629
0 1 93630
0 1 93631
0 1 93634
0 1 93636
0 1 93639
0 1 93640
0 1 93642
0 1 93643
0 1 93646
0 1 93647
0 1 93648
0 1 93649
0 1 93650
0 1 93651
0 1 93652
0 1 93654
0 1 93657
0 1 93659
0 1 93660
0 1 93662
0 1 93663
0 1 93665
0 1 93666
0 1 93667
0 1 93668
0 1 93669
0 1 93671
0 1 93672
0 1 93673
0 1 93674
0 1 93675
0 1 93676
0 1 93677
0 1 93680
0 1 93682
0 1 93686
0 1 93687
0 1 93688
0 1 93689
0 1 93690
0 1 93693
0 1 93694
0 1 93695
0 1 93696
0 1 93698
0 1 93699
0 1 93700
0 1 93702
0 1 93703
0 1 93704
0 1 93705
0 1 93706
0 1 93707
0 1 93709
0 1 93713
0 1 93715
0 1 93716
0 1 93717
0 1 93718
0 1 93719
0 1 93723
0 1 93726
0 1 93727
0 1 93728
0 1 93729
0 1 93730
0 1 93731
0 1 93732
0 1 93733
0 1 93734
0 1 93739
0 1 93740
0 1 93741
0 1 93742
0 1 93746
0 1 93749
0 1 93750
0 1 93755
0 1 93756
0 1 93757
0 1 93758
0 1 93759
0 1 93760
0 1 93761
0 1 93762
0 1 93764
0 1 93765
0 1 93766
0 1 93767
0 1 93768
0 1 93769
0 1 93770
0 1 93779
0 1 93780
0 1 93781
0 1 93782
0 1 93786
0 1 93787
0 1 93789
0 1 93790
0 1 93791
0 1 93792
0 1 93794
0 1 93795
0 1 93796
0 1 93799
0 1 93801
0 1 93802
0 1 93803
0 1 93804
0 1 93805
0 1 93806
0 1 93807
0 1 93808
0 1 93809
0 1 93810
0 1 93811
0 1 93813
0 1 93814
0 1 93816
0 1 93817
0 1 93818
0 1 93820
0 1 93822
0 1 93824
0 1 93825
0 1 93828
0 1 93830
0 1 93831
0 1 93832
0 1 93833
0 1 93837
0 1 93838
0 1 93841
0 1 93843
0 1 93846
0 1 93847
0 1 93848
0 1 93849
0 1 93850
0 1 93852
0 1 93853
0 1 93855
0 1 93858
0 1 93861
0 1 93862
0 1 93863
0 1 93864
0 1 93865
0 1 93866
0 1 93867
0 1 93873
0 1 93874
0 1 93875
0 1 93878
0 1 93879
0 1 93880
0 1 93883
0 1 93884
0 1 93885
0 1 93886
0 1 93888
0 1 93889
0 1 93891
0 1 93893
0 1 93894
0 1 93895
0 1 93896
0 1 93897
0 1 93898
0 1 93900
0 1 93902
0 1 93903
0 1 93905
0 1 93907
0 1 93909
0 1 93910
0 1 93911
0 1 93913
0 1 93918
0 1 93919
0 1 93921
0 1 93923
0 1 93924
0 1 93925
0 1 93926
0 1 93927
0 1 93928
0 1 93931
0 1 93934
0 1 93936
0 1 93938
0 1 93939
0 1 93942
0 1 93943
0 1 93944
0 1 93947
0 1 93949
0 1 93957
0 1 93960
0 1 93961
0 1 93962
0 1 93964
0 1 93965
0 1 93966
0 1 93967
0 1 93969
0 1 93970
0 1 93971
0 1 93972
0 1 93973
0 1 93975
0 1 93976
0 1 93977
0 1 93978
0 1 93979
0 1 93980
0 1 93981
0 1 93986
0 1 93987
0 1 93989
0 1 93991
0 1 93992
0 1 93993
0 1 93995
0 1 93996
0 1 93997
0 1 93998
0 1 93999
0 1 94001
0 1 94003
0 1 94005
0 1 94007
0 1 94008
0 1 94009
0 1 94010
0 1 94012
0 1 94014
0 1 94016
0 1 94017
0 1 94018
0 1 94019
0 1 94020
0 1 94025
0 1 94030
0 1 94031
0 1 94032
0 1 94033
0 1 94034
0 1 94038
0 1 94039
0 1 94040
0 1 94041
0 1 94042
0 1 94043
0 1 94044
0 1 94045
0 1 94046
0 1 94047
0 1 94049
0 1 94050
0 1 94051
0 1 94053
0 1 94054
0 1 94057
0 1 94059
0 1 94060
0 1 94062
0 1 94063
0 1 94065
0 1 94066
0 1 94068
0 1 94070
0 1 94072
0 1 94078
0 1 94079
0 1 94080
0 1 94082
0 1 94085
0 1 94088
0 1 94089
0 1 94092
0 1 94094
0 1 94095
0 1 94096
0 1 94097
0 1 94098
0 1 94099
0 1 94100
0 1 94101
0 1 94102
0 1 94104
0 1 94105
0 1 94107
0 1 94108
0 1 94109
0 1 94110
0 1 94111
0 1 94112
0 1 94114
0 1 94115
0 1 94116
0 1 94117
0 1 94120
0 1 94121
0 1 94122
0 1 94123
0 1 94125
0 1 94127
0 1 94130
0 1 94131
0 1 94132
0 1 94133
0 1 94134
0 1 94135
0 1 94137
0 1 94139
0 1 94140
0 1 94141
0 1 94142
0 1 94143
0 1 94144
0 1 94146
0 1 94147
0 1 94148
0 1 94149
0 1 94150
0 1 94152
0 1 94154
0 1 94155
0 1 94156
0 1 94159
0 1 94160
0 1 94161
0 1 94163
0 1 94164
0 1 94166
0 1 94167
0 1 94170
0 1 94171
0 1 94173
0 1 94174
0 1 94176
0 1 94179
0 1 94180
0 1 94182
0 1 94183
0 1 94184
0 1 94185
0 1 94186
0 1 94188
0 1 94190
0 1 94192
0 1 94193
0 1 94194
0 1 94196
0 1 94197
0 1 94198
0 1 94200
0 1 94202
0 1 94203
0 1 94205
0 1 94210
0 1 94212
0 1 94214
0 1 94217
0 1 94218
0 1 94219
0 1 94221
0 1 94222
0 1 94228
0 1 94229
0 1 94230
0 1 94231
0 1 94232
0 1 94235
0 1 94236
0 1 94238
0 1 94239
0 1 94241
0 1 94242
0 1 94245
0 1 94246
0 1 94247
0 1 94249
0 1 94250
0 1 94252
0 1 94255
0 1 94259
0 1 94260
0 1 94261
0 1 94262
0 1 94264
0 1 94265
0 1 94267
0 1 94269
0 1 94270
0 1 94271
0 1 94274
0 1 94275
0 1 94276
0 1 94277
0 1 94278
0 1 94280
0 1 94283
0 1 94284
0 1 94285
0 1 94286
0 1 94287
0 1 94288
0 1 94289
0 1 94290
0 1 94292
0 1 94293
0 1 94294
0 1 94295
0 1 94297
0 1 94299
0 1 94300
0 1 94301
0 1 94302
0 1 94303
0 1 94304
0 1 94305
0 1 94306
0 1 94309
0 1 94310
0 1 94312
0 1 94314
0 1 94315
0 1 94319
0 1 94320
0 1 94321
0 1 94322
0 1 94325
0 1 94327
0 1 94328
0 1 94329
0 1 94331
0 1 94332
0 1 94333
0 1 94334
0 1 94337
0 1 94339
0 1 94340
0 1 94341
0 1 94345
0 1 94348
0 1 94349
0 1 94350
0 1 94351
0 1 94352
0 1 94353
0 1 94356
0 1 94358
0 1 94360
0 1 94363
0 1 94365
0 1 94366
0 1 94367
0 1 94368
0 1 94369
0 1 94370
0 1 94371
0 1 94372
0 1 94375
0 1 94378
0 1 94379
0 1 94380
0 1 94381
0 1 94382
0 1 94386
0 1 94387
0 1 94391
0 1 94393
0 1 94394
0 1 94398
0 1 94401
0 1 94402
0 1 94404
0 1 94406
0 1 94410
0 1 94412
0 1 94413
0 1 94415
0 1 94416
0 1 94417
0 1 94418
0 1 94421
0 1 94422
0 1 94423
0 1 94425
0 1 94429
0 1 94432
0 1 94433
0 1 94434
0 1 94435
0 1 94436
0 1 94437
0 1 94438
0 1 94440
0 1 94443
0 1 94444
0 1 94445
0 1 94447
0 1 94449
0 1 94452
0 1 94453
0 1 94455
0 1 94457
0 1 94459
0 1 94460
0 1 94461
0 1 94462
0 1 94463
0 1 94464
0 1 94465
0 1 94468
0 1 94470
0 1 94471
0 1 94473
0 1 94475
0 1 94476
0 1 94477
0 1 94478
0 1 94479
0 1 94480
0 1 94481
0 1 94482
0 1 94483
0 1 94484
0 1 94487
0 1 94488
0 1 94489
0 1 94491
0 1 94492
0 1 94493
0 1 94497
0 1 94498
0 1 94506
0 1 94507
0 1 94508
0 1 94509
0 1 94510
0 1 94511
0 1 94514
0 1 94515
0 1 94517
0 1 94518
0 1 94520
0 1 94521
0 1 94522
0 1 94524
0 1 94526
0 1 94529
0 1 94530
0 1 94533
0 1 94534
0 1 94535
0 1 94537
0 1 94538
0 1 94541
0 1 94542
0 1 94543
0 1 94544
0 1 94545
0 1 94547
0 1 94549
0 1 94550
0 1 94551
0 1 94552
0 1 94554
0 1 94555
0 1 94556
0 1 94557
0 1 94558
0 1 94559
0 1 94561
0 1 94562
0 1 94563
0 1 94565
0 1 94566
0 1 94567
0 1 94569
0 1 94571
0 1 94572
0 1 94573
0 1 94574
0 1 94575
0 1 94576
0 1 94577
0 1 94579
0 1 94580
0 1 94581
0 1 94582
0 1 94583
0 1 94584
0 1 94585
0 1 94588
0 1 94589
0 1 94590
0 1 94592
0 1 94594
0 1 94595
0 1 94600
0 1 94601
0 1 94602
0 1 94603
0 1 94604
0 1 94605
0 1 94606
0 1 94609
0 1 94610
0 1 94611
0 1 94612
0 1 94614
0 1 94616
0 1 94618
0 1 94619
0 1 94621
0 1 94622
0 1 94623
0 1 94625
0 1 94626
0 1 94627
0 1 94631
0 1 94632
0 1 94637
0 1 94640
0 1 94641
0 1 94643
0 1 94644
0 1 94645
0 1 94646
0 1 94647
0 1 94648
0 1 94650
0 1 94651
0 1 94655
0 1 94656
0 1 94657
0 1 94659
0 1 94660
0 1 94661
0 1 94664
0 1 94665
0 1 94666
0 1 94668
0 1 94670
0 1 94671
0 1 94672
0 1 94675
0 1 94677
0 1 94678
0 1 94680
0 1 94681
0 1 94682
0 1 94683
0 1 94684
0 1 94686
0 1 94687
0 1 94688
0 1 94689
0 1 94690
0 1 94694
0 1 94697
0 1 94705
0 1 94706
0 1 94707
0 1 94708
0 1 94709
0 1 94710
0 1 94711
0 1 94713
0 1 94714
0 1 94715
0 1 94716
0 1 94718
0 1 94720
0 1 94721
0 1 94722
0 1 94723
0 1 94724
0 1 94725
0 1 94726
0 1 94727
0 1 94728
0 1 94730
0 1 94731
0 1 94732
0 1 94733
0 1 94734
0 1 94735
0 1 94736
0 1 94737
0 1 94742
0 1 94743
0 1 94744
0 1 94745
0 1 94746
0 1 94748
0 1 94749
0 1 94750
0 1 94751
0 1 94752
0 1 94755
0 1 94756
0 1 94758
0 1 94764
0 1 94767
0 1 94768
0 1 94770
0 1 94771
0 1 94777
0 1 94778
0 1 94779
0 1 94782
0 1 94783
0 1 94784
0 1 94786
0 1 94787
0 1 94792
0 1 94793
0 1 94794
0 1 94795
0 1 94798
0 1 94799
0 1 94800
0 1 94801
0 1 94802
0 1 94803
0 1 94804
0 1 94805
0 1 94806
0 1 94808
0 1 94809
0 1 94811
0 1 94812
0 1 94814
0 1 94815
0 1 94816
0 1 94818
0 1 94819
0 1 94822
0 1 94823
0 1 94824
0 1 94825
0 1 94828
0 1 94829
0 1 94832
0 1 94833
0 1 94834
0 1 94836
0 1 94837
0 1 94838
0 1 94839
0 1 94840
0 1 94841
0 1 94842
0 1 94845
0 1 94846
0 1 94847
0 1 94850
0 1 94851
0 1 94852
0 1 94853
0 1 94857
0 1 94858
0 1 94861
0 1 94862
0 1 94863
0 1 94865
0 1 94866
0 1 94867
0 1 94868
0 1 94872
0 1 94873
0 1 94874
0 1 94876
0 1 94878
0 1 94879
0 1 94881
0 1 94882
0 1 94883
0 1 94884
0 1 94888
0 1 94889
0 1 94890
0 1 94892
0 1 94894
0 1 94896
0 1 94897
0 1 94898
0 1 94899
0 1 94900
0 1 94902
0 1 94904
0 1 94906
0 1 94908
0 1 94910
0 1 94912
0 1 94914
0 1 94915
0 1 94917
0 1 94918
0 1 94919
0 1 94920
0 1 94921
0 1 94923
0 1 94924
0 1 94929
0 1 94930
0 1 94932
0 1 94933
0 1 94934
0 1 94935
0 1 94936
0 1 94939
0 1 94940
0 1 94941
0 1 94944
0 1 94946
0 1 94948
0 1 94949
0 1 94953
0 1 94954
0 1 94955
0 1 94956
0 1 94958
0 1 94959
0 1 94960
0 1 94962
0 1 94965
0 1 94966
0 1 94968
0 1 94971
0 1 94972
0 1 94973
0 1 94974
0 1 94978
0 1 94979
0 1 94980
0 1 94981
0 1 94982
0 1 94984
0 1 94986
0 1 94989
0 1 94990
0 1 94992
0 1 94993
0 1 94996
0 1 94997
0 1 94998
0 1 95002
0 1 95003
0 1 95006
0 1 95007
0 1 95008
0 1 95009
0 1 95011
0 1 95012
0 1 95015
0 1 95016
0 1 95019
0 1 95020
0 1 95021
0 1 95023
0 1 95025
0 1 95027
0 1 95028
0 1 95030
0 1 95031
0 1 95032
0 1 95033
0 1 95034
0 1 95036
0 1 95038
0 1 95039
0 1 95041
0 1 95043
0 1 95045
0 1 95046
0 1 95053
0 1 95054
0 1 95056
0 1 95057
0 1 95058
0 1 95061
0 1 95066
0 1 95067
0 1 95070
0 1 95071
0 1 95072
0 1 95074
0 1 95075
0 1 95076
0 1 95077
0 1 95078
0 1 95079
0 1 95080
0 1 95081
0 1 95082
0 1 95085
0 1 95087
0 1 95088
0 1 95089
0 1 95090
0 1 95091
0 1 95094
0 1 95095
0 1 95097
0 1 95098
0 1 95099
0 1 95100
0 1 95102
0 1 95104
0 1 95105
0 1 95106
0 1 95107
0 1 95108
0 1 95109
0 1 95110
0 1 95111
0 1 95114
0 1 95117
0 1 95118
0 1 95119
0 1 95120
0 1 95121
0 1 95122
0 1 95123
0 1 95125
0 1 95126
0 1 95127
0 1 95129
0 1 95130
0 1 95131
0 1 95133
0 1 95134
0 1 95136
0 1 95137
0 1 95141
0 1 95144
0 1 95145
0 1 95147
0 1 95148
0 1 95149
0 1 95150
0 1 95151
0 1 95152
0 1 95153
0 1 95155
0 1 95156
0 1 95157
0 1 95161
0 1 95162
0 1 95164
0 1 95165
0 1 95166
0 1 95167
0 1 95170
0 1 95172
0 1 95173
0 1 95174
0 1 95176
0 1 95178
0 1 95179
0 1 95180
0 1 95181
0 1 95183
0 1 95184
0 1 95185
0 1 95187
0 1 95188
0 1 95189
0 1 95191
0 1 95195
0 1 95196
0 1 95197
0 1 95199
0 1 95200
0 1 95204
0 1 95205
0 1 95207
0 1 95208
0 1 95209
0 1 95212
0 1 95213
0 1 95216
0 1 95218
0 1 95219
0 1 95222
0 1 95225
0 1 95226
0 1 95228
0 1 95229
0 1 95230
0 1 95232
0 1 95233
0 1 95234
0 1 95235
0 1 95236
0 1 95237
0 1 95239
0 1 95240
0 1 95242
0 1 95244
0 1 95245
0 1 95246
0 1 95247
0 1 95248
0 1 95249
0 1 95250
0 1 95251
0 1 95253
0 1 95256
0 1 95260
0 1 95262
0 1 95264
0 1 95265
0 1 95267
0 1 95268
0 1 95269
0 1 95270
0 1 95273
0 1 95274
0 1 95276
0 1 95277
0 1 95278
0 1 95282
0 1 95283
0 1 95286
0 1 95288
0 1 95289
0 1 95290
0 1 95291
0 1 95292
0 1 95293
0 1 95294
0 1 95295
0 1 95296
0 1 95298
0 1 95299
0 1 95301
0 1 95302
0 1 95303
0 1 95304
0 1 95306
0 1 95307
0 1 95308
0 1 95309
0 1 95310
0 1 95311
0 1 95312
0 1 95313
0 1 95317
0 1 95322
0 1 95324
0 1 95325
0 1 95326
0 1 95327
0 1 95328
0 1 95330
0 1 95332
0 1 95333
0 1 95335
0 1 95336
0 1 95338
0 1 95339
0 1 95340
0 1 95343
0 1 95344
0 1 95346
0 1 95348
0 1 95349
0 1 95352
0 1 95353
0 1 95355
0 1 95356
0 1 95357
0 1 95359
0 1 95361
0 1 95362
0 1 95364
0 1 95369
0 1 95370
0 1 95376
0 1 95378
0 1 95379
0 1 95382
0 1 95383
0 1 95384
0 1 95387
0 1 95388
0 1 95389
0 1 95390
0 1 95392
0 1 95393
0 1 95399
0 1 95400
0 1 95402
0 1 95403
0 1 95404
0 1 95405
0 1 95408
0 1 95409
0 1 95410
0 1 95411
0 1 95412
0 1 95415
0 1 95416
0 1 95417
0 1 95422
0 1 95429
0 1 95430
0 1 95433
0 1 95434
0 1 95436
0 1 95438
0 1 95441
0 1 95444
0 1 95445
0 1 95446
0 1 95447
0 1 95451
0 1 95452
0 1 95453
0 1 95456
0 1 95460
0 1 95462
0 1 95471
0 1 95472
0 1 95473
0 1 95474
0 1 95475
0 1 95476
0 1 95477
0 1 95480
0 1 95483
0 1 95484
0 1 95485
0 1 95487
0 1 95489
0 1 95491
0 1 95492
0 1 95495
0 1 95497
0 1 95498
0 1 95500
0 1 95501
0 1 95502
0 1 95506
0 1 95507
0 1 95509
0 1 95510
0 1 95514
0 1 95516
0 1 95517
0 1 95518
0 1 95519
0 1 95520
0 1 95521
0 1 95523
0 1 95524
0 1 95525
0 1 95527
0 1 95530
0 1 95532
0 1 95534
0 1 95535
0 1 95536
0 1 95537
0 1 95538
0 1 95539
0 1 95542
0 1 95543
0 1 95544
0 1 95545
0 1 95547
0 1 95549
0 1 95551
0 1 95554
0 1 95557
0 1 95559
0 1 95560
0 1 95562
0 1 95563
0 1 95564
0 1 95566
0 1 95568
0 1 95570
0 1 95571
0 1 95572
0 1 95574
0 1 95575
0 1 95577
0 1 95578
0 1 95581
0 1 95582
0 1 95585
0 1 95587
0 1 95588
0 1 95589
0 1 95590
0 1 95595
0 1 95596
0 1 95598
0 1 95599
0 1 95601
0 1 95603
0 1 95604
0 1 95608
0 1 95609
0 1 95611
0 1 95612
0 1 95615
0 1 95616
0 1 95617
0 1 95621
0 1 95624
0 1 95625
0 1 95626
0 1 95628
0 1 95629
0 1 95631
0 1 95633
0 1 95634
0 1 95635
0 1 95638
0 1 95639
0 1 95641
0 1 95643
0 1 95646
0 1 95647
0 1 95648
0 1 95651
0 1 95652
0 1 95653
0 1 95654
0 1 95655
0 1 95656
0 1 95657
0 1 95658
0 1 95661
0 1 95665
0 1 95666
0 1 95667
0 1 95672
0 1 95677
0 1 95678
0 1 95679
0 1 95680
0 1 95681
0 1 95684
0 1 95686
0 1 95687
0 1 95688
0 1 95690
0 1 95692
0 1 95693
0 1 95694
0 1 95695
0 1 95696
0 1 95698
0 1 95699
0 1 95700
0 1 95702
0 1 95704
0 1 95707
0 1 95708
0 1 95709
0 1 95710
0 1 95713
0 1 95717
0 1 95721
0 1 95722
0 1 95723
0 1 95726
0 1 95728
0 1 95729
0 1 95732
0 1 95734
0 1 95735
0 1 95737
0 1 95741
0 1 95742
0 1 95743
0 1 95745
0 1 95746
0 1 95748
0 1 95754
0 1 95755
0 1 95756
0 1 95757
0 1 95760
0 1 95763
0 1 95764
0 1 95765
0 1 95767
0 1 95768
0 1 95770
0 1 95771
0 1 95773
0 1 95775
0 1 95776
0 1 95777
0 1 95779
0 1 95782
0 1 95783
0 1 95784
0 1 95785
0 1 95787
0 1 95788
0 1 95789
0 1 95790
0 1 95791
0 1 95792
0 1 95793
0 1 95794
0 1 95796
0 1 95797
0 1 95798
0 1 95801
0 1 95803
0 1 95804
0 1 95807
0 1 95808
0 1 95809
0 1 95811
0 1 95813
0 1 95814
0 1 95815
0 1 95818
0 1 95821
0 1 95822
0 1 95824
0 1 95826
0 1 95831
0 1 95832
0 1 95833
0 1 95835
0 1 95839
0 1 95841
0 1 95842
0 1 95843
0 1 95844
0 1 95845
0 1 95846
0 1 95848
0 1 95851
0 1 95852
0 1 95854
0 1 95857
0 1 95858
0 1 95859
0 1 95860
0 1 95861
0 1 95862
0 1 95864
0 1 95865
0 1 95866
0 1 95867
0 1 95868
0 1 95870
0 1 95871
0 1 95872
0 1 95873
0 1 95874
0 1 95875
0 1 95876
0 1 95879
0 1 95880
0 1 95881
0 1 95882
0 1 95885
0 1 95887
0 1 95889
0 1 95890
0 1 95893
0 1 95894
0 1 95895
0 1 95896
0 1 95899
0 1 95900
0 1 95903
0 1 95909
0 1 95910
0 1 95911
0 1 95913
0 1 95914
0 1 95916
0 1 95917
0 1 95918
0 1 95920
0 1 95922
0 1 95924
0 1 95925
0 1 95927
0 1 95929
0 1 95930
0 1 95931
0 1 95932
0 1 95934
0 1 95936
0 1 95937
0 1 95938
0 1 95940
0 1 95943
0 1 95944
0 1 95946
0 1 95947
0 1 95948
0 1 95951
0 1 95952
0 1 95953
0 1 95956
0 1 95958
0 1 95960
0 1 95961
0 1 95963
0 1 95965
0 1 95966
0 1 95968
0 1 95969
0 1 95971
0 1 95972
0 1 95973
0 1 95974
0 1 95975
0 1 95977
0 1 95982
0 1 95983
0 1 95985
0 1 95987
0 1 95990
0 1 95991
0 1 95994
0 1 95995
0 1 95996
0 1 95997
0 1 95999
0 1 96000
0 1 96001
0 1 96006
0 1 96007
0 1 96008
0 1 96009
0 1 96011
0 1 96012
0 1 96015
0 1 96018
0 1 96019
0 1 96020
0 1 96022
0 1 96024
0 1 96025
0 1 96026
0 1 96029
0 1 96030
0 1 96032
0 1 96034
0 1 96035
0 1 96036
0 1 96037
0 1 96041
0 1 96043
0 1 96044
0 1 96045
0 1 96048
0 1 96051
0 1 96052
0 1 96053
0 1 96054
0 1 96056
0 1 96059
0 1 96060
0 1 96061
0 1 96062
0 1 96063
0 1 96064
0 1 96066
0 1 96067
0 1 96068
0 1 96069
0 1 96070
0 1 96071
0 1 96073
0 1 96075
0 1 96076
0 1 96077
0 1 96078
0 1 96079
0 1 96080
0 1 96081
0 1 96083
0 1 96086
0 1 96088
0 1 96089
0 1 96090
0 1 96092
0 1 96094
0 1 96096
0 1 96098
0 1 96099
0 1 96100
0 1 96101
0 1 96103
0 1 96104
0 1 96105
0 1 96107
0 1 96109
0 1 96110
0 1 96112
0 1 96113
0 1 96116
0 1 96117
0 1 96119
0 1 96120
0 1 96121
0 1 96124
0 1 96125
0 1 96128
0 1 96129
0 1 96133
0 1 96135
0 1 96136
0 1 96137
0 1 96139
0 1 96141
0 1 96145
0 1 96147
0 1 96149
0 1 96153
0 1 96154
0 1 96156
0 1 96158
0 1 96160
0 1 96165
0 1 96167
0 1 96168
0 1 96172
0 1 96173
0 1 96174
0 1 96175
0 1 96179
0 1 96180
0 1 96181
0 1 96183
0 1 96184
0 1 96186
0 1 96187
0 1 96188
0 1 96190
0 1 96191
0 1 96193
0 1 96194
0 1 96198
0 1 96201
0 1 96202
0 1 96205
0 1 96207
0 1 96208
0 1 96211
0 1 96213
0 1 96214
0 1 96215
0 1 96216
0 1 96217
0 1 96220
0 1 96225
0 1 96226
0 1 96227
0 1 96228
0 1 96230
0 1 96231
0 1 96235
0 1 96237
0 1 96238
0 1 96240
0 1 96243
0 1 96245
0 1 96248
0 1 96249
0 1 96253
0 1 96254
0 1 96255
0 1 96257
0 1 96259
0 1 96260
0 1 96261
0 1 96262
0 1 96264
0 1 96265
0 1 96268
0 1 96271
0 1 96272
0 1 96274
0 1 96276
0 1 96277
0 1 96281
0 1 96283
0 1 96284
0 1 96285
0 1 96286
0 1 96287
0 1 96288
0 1 96290
0 1 96291
0 1 96294
0 1 96297
0 1 96298
0 1 96299
0 1 96300
0 1 96307
0 1 96308
0 1 96310
0 1 96311
0 1 96312
0 1 96313
0 1 96319
0 1 96320
0 1 96325
0 1 96327
0 1 96329
0 1 96330
0 1 96331
0 1 96338
0 1 96339
0 1 96343
0 1 96344
0 1 96345
0 1 96347
0 1 96348
0 1 96349
0 1 96350
0 1 96352
0 1 96353
0 1 96354
0 1 96355
0 1 96356
0 1 96357
0 1 96358
0 1 96359
0 1 96362
0 1 96364
0 1 96365
0 1 96370
0 1 96371
0 1 96374
0 1 96375
0 1 96376
0 1 96377
0 1 96380
0 1 96381
0 1 96385
0 1 96386
0 1 96387
0 1 96388
0 1 96389
0 1 96390
0 1 96391
0 1 96393
0 1 96394
0 1 96395
0 1 96398
0 1 96399
0 1 96402
0 1 96404
0 1 96407
0 1 96408
0 1 96409
0 1 96412
0 1 96413
0 1 96415
0 1 96416
0 1 96420
0 1 96421
0 1 96423
0 1 96424
0 1 96425
0 1 96426
0 1 96427
0 1 96428
0 1 96430
0 1 96431
0 1 96432
0 1 96435
0 1 96439
0 1 96441
0 1 96442
0 1 96443
0 1 96445
0 1 96448
0 1 96451
0 1 96454
0 1 96455
0 1 96457
0 1 96459
0 1 96460
0 1 96461
0 1 96462
0 1 96463
0 1 96465
0 1 96466
0 1 96467
0 1 96470
0 1 96471
0 1 96474
0 1 96476
0 1 96477
0 1 96478
0 1 96479
0 1 96482
0 1 96483
0 1 96484
0 1 96485
0 1 96486
0 1 96488
0 1 96490
0 1 96492
0 1 96497
0 1 96498
0 1 96499
0 1 96500
0 1 96506
0 1 96508
0 1 96512
0 1 96513
0 1 96516
0 1 96517
0 1 96519
0 1 96522
0 1 96523
0 1 96525
0 1 96527
0 1 96529
0 1 96530
0 1 96534
0 1 96536
0 1 96537
0 1 96538
0 1 96539
0 1 96540
0 1 96542
0 1 96543
0 1 96544
0 1 96547
0 1 96549
0 1 96550
0 1 96551
0 1 96552
0 1 96555
0 1 96557
0 1 96559
0 1 96560
0 1 96561
0 1 96562
0 1 96563
0 1 96564
0 1 96565
0 1 96567
0 1 96569
0 1 96571
0 1 96572
0 1 96573
0 1 96575
0 1 96576
0 1 96578
0 1 96579
0 1 96580
0 1 96581
0 1 96582
0 1 96587
0 1 96588
0 1 96589
0 1 96590
0 1 96591
0 1 96592
0 1 96593
0 1 96594
0 1 96596
0 1 96597
0 1 96599
0 1 96600
0 1 96603
0 1 96605
0 1 96607
0 1 96608
0 1 96609
0 1 96610
0 1 96611
0 1 96613
0 1 96614
0 1 96617
0 1 96619
0 1 96620
0 1 96622
0 1 96623
0 1 96624
0 1 96627
0 1 96628
0 1 96629
0 1 96630
0 1 96631
0 1 96635
0 1 96639
0 1 96640
0 1 96641
0 1 96643
0 1 96645
0 1 96647
0 1 96648
0 1 96649
0 1 96650
0 1 96651
0 1 96652
0 1 96653
0 1 96655
0 1 96656
0 1 96658
0 1 96659
0 1 96660
0 1 96662
0 1 96663
0 1 96665
0 1 96666
0 1 96669
0 1 96670
0 1 96671
0 1 96672
0 1 96674
0 1 96675
0 1 96677
0 1 96678
0 1 96680
0 1 96681
0 1 96682
0 1 96683
0 1 96685
0 1 96686
0 1 96687
0 1 96691
0 1 96693
0 1 96694
0 1 96696
0 1 96697
0 1 96698
0 1 96699
0 1 96702
0 1 96704
0 1 96705
0 1 96706
0 1 96708
0 1 96709
0 1 96711
0 1 96713
0 1 96714
0 1 96717
0 1 96718
0 1 96719
0 1 96721
0 1 96722
0 1 96723
0 1 96724
0 1 96725
0 1 96726
0 1 96727
0 1 96732
0 1 96737
0 1 96738
0 1 96741
0 1 96742
0 1 96745
0 1 96746
0 1 96747
0 1 96748
0 1 96751
0 1 96754
0 1 96755
0 1 96756
0 1 96757
0 1 96760
0 1 96761
0 1 96764
0 1 96765
0 1 96766
0 1 96767
0 1 96768
0 1 96769
0 1 96770
0 1 96773
0 1 96774
0 1 96777
0 1 96781
0 1 96782
0 1 96784
0 1 96786
0 1 96789
0 1 96790
0 1 96791
0 1 96793
0 1 96794
0 1 96795
0 1 96796
0 1 96797
0 1 96798
0 1 96799
0 1 96800
0 1 96803
0 1 96804
0 1 96806
0 1 96809
0 1 96810
0 1 96814
0 1 96815
0 1 96816
0 1 96821
0 1 96823
0 1 96824
0 1 96826
0 1 96827
0 1 96829
0 1 96830
0 1 96831
0 1 96833
0 1 96834
0 1 96835
0 1 96837
0 1 96841
0 1 96842
0 1 96844
0 1 96847
0 1 96848
0 1 96851
0 1 96852
0 1 96855
0 1 96858
0 1 96863
0 1 96866
0 1 96867
0 1 96868
0 1 96871
0 1 96872
0 1 96874
0 1 96875
0 1 96879
0 1 96880
0 1 96883
0 1 96884
0 1 96885
0 1 96886
0 1 96888
0 1 96889
0 1 96891
0 1 96892
0 1 96894
0 1 96896
0 1 96898
0 1 96900
0 1 96902
0 1 96903
0 1 96908
0 1 96910
0 1 96912
0 1 96913
0 1 96917
0 1 96918
0 1 96921
0 1 96924
0 1 96926
0 1 96929
0 1 96932
0 1 96935
0 1 96938
0 1 96941
0 1 96947
0 1 96948
0 1 96951
0 1 96953
0 1 96954
0 1 96955
0 1 96956
0 1 96957
0 1 96958
0 1 96960
0 1 96961
0 1 96962
0 1 96964
0 1 96966
0 1 96967
0 1 96969
0 1 96971
0 1 96972
0 1 96973
0 1 96976
0 1 96977
0 1 96978
0 1 96979
0 1 96980
0 1 96981
0 1 96982
0 1 96984
0 1 96985
0 1 96986
0 1 96988
0 1 96989
0 1 96990
0 1 96991
0 1 96992
0 1 96993
0 1 96994
0 1 96995
0 1 96996
0 1 96998
0 1 96999
0 1 97000
0 1 97001
0 1 97002
0 1 97003
0 1 97005
0 1 97009
0 1 97011
0 1 97013
0 1 97014
0 1 97016
0 1 97018
0 1 97019
0 1 97020
0 1 97021
0 1 97023
0 1 97024
0 1 97025
0 1 97028
0 1 97030
0 1 97031
0 1 97034
0 1 97035
0 1 97036
0 1 97039
0 1 97041
0 1 97042
0 1 97043
0 1 97045
0 1 97046
0 1 97047
0 1 97048
0 1 97050
0 1 97051
0 1 97052
0 1 97053
0 1 97054
0 1 97055
0 1 97057
0 1 97058
0 1 97061
0 1 97062
0 1 97063
0 1 97065
0 1 97066
0 1 97067
0 1 97068
0 1 97069
0 1 97071
0 1 97073
0 1 97076
0 1 97077
0 1 97078
0 1 97079
0 1 97080
0 1 97081
0 1 97084
0 1 97085
0 1 97088
0 1 97090
0 1 97092
0 1 97094
0 1 97096
0 1 97098
0 1 97099
0 1 97100
0 1 97101
0 1 97102
0 1 97103
0 1 97104
0 1 97105
0 1 97106
0 1 97107
0 1 97108
0 1 97110
0 1 97111
0 1 97114
0 1 97115
0 1 97119
0 1 97120
0 1 97122
0 1 97123
0 1 97127
0 1 97128
0 1 97129
0 1 97131
0 1 97132
0 1 97137
0 1 97140
0 1 97142
0 1 97143
0 1 97144
0 1 97145
0 1 97146
0 1 97148
0 1 97149
0 1 97150
0 1 97151
0 1 97152
0 1 97154
0 1 97155
0 1 97156
0 1 97159
0 1 97160
0 1 97162
0 1 97164
0 1 97165
0 1 97168
0 1 97169
0 1 97170
0 1 97171
0 1 97172
0 1 97173
0 1 97175
0 1 97177
0 1 97179
0 1 97180
0 1 97181
0 1 97184
0 1 97186
0 1 97188
0 1 97189
0 1 97192
0 1 97193
0 1 97194
0 1 97197
0 1 97198
0 1 97200
0 1 97202
0 1 97203
0 1 97204
0 1 97205
0 1 97206
0 1 97207
0 1 97209
0 1 97211
0 1 97212
0 1 97216
0 1 97217
0 1 97218
0 1 97219
0 1 97221
0 1 97223
0 1 97224
0 1 97228
0 1 97230
0 1 97232
0 1 97233
0 1 97234
0 1 97238
0 1 97240
0 1 97241
0 1 97242
0 1 97243
0 1 97244
0 1 97245
0 1 97246
0 1 97249
0 1 97250
0 1 97251
0 1 97253
0 1 97255
0 1 97256
0 1 97257
0 1 97258
0 1 97260
0 1 97262
0 1 97264
0 1 97265
0 1 97267
0 1 97268
0 1 97270
0 1 97271
0 1 97273
0 1 97275
0 1 97276
0 1 97277
0 1 97278
0 1 97280
0 1 97281
0 1 97282
0 1 97283
0 1 97284
0 1 97285
0 1 97286
0 1 97290
0 1 97294
0 1 97295
0 1 97298
0 1 97299
0 1 97300
0 1 97301
0 1 97302
0 1 97303
0 1 97305
0 1 97307
0 1 97309
0 1 97310
0 1 97312
0 1 97313
0 1 97314
0 1 97315
0 1 97316
0 1 97317
0 1 97318
0 1 97319
0 1 97321
0 1 97322
0 1 97323
0 1 97329
0 1 97333
0 1 97336
0 1 97338
0 1 97340
0 1 97342
0 1 97343
0 1 97345
0 1 97346
0 1 97347
0 1 97354
0 1 97355
0 1 97357
0 1 97358
0 1 97359
0 1 97363
0 1 97364
0 1 97367
0 1 97369
0 1 97370
0 1 97371
0 1 97372
0 1 97373
0 1 97375
0 1 97377
0 1 97380
0 1 97381
0 1 97383
0 1 97386
0 1 97387
0 1 97388
0 1 97389
0 1 97390
0 1 97392
0 1 97394
0 1 97395
0 1 97396
0 1 97398
0 1 97401
0 1 97402
0 1 97404
0 1 97405
0 1 97407
0 1 97410
0 1 97414
0 1 97415
0 1 97416
0 1 97417
0 1 97418
0 1 97419
0 1 97421
0 1 97422
0 1 97423
0 1 97424
0 1 97425
0 1 97426
0 1 97428
0 1 97429
0 1 97431
0 1 97432
0 1 97434
0 1 97436
0 1 97438
0 1 97439
0 1 97440
0 1 97441
0 1 97442
0 1 97443
0 1 97447
0 1 97448
0 1 97449
0 1 97452
0 1 97453
0 1 97454
0 1 97455
0 1 97456
0 1 97458
0 1 97462
0 1 97465
0 1 97466
0 1 97467
0 1 97469
0 1 97471
0 1 97472
0 1 97473
0 1 97474
0 1 97476
0 1 97477
0 1 97479
0 1 97480
0 1 97481
0 1 97483
0 1 97484
0 1 97485
0 1 97486
0 1 97487
0 1 97488
0 1 97489
0 1 97490
0 1 97492
0 1 97495
0 1 97496
0 1 97499
0 1 97502
0 1 97503
0 1 97504
0 1 97507
0 1 97508
0 1 97509
0 1 97510
0 1 97511
0 1 97512
0 1 97514
0 1 97515
0 1 97516
0 1 97518
0 1 97519
0 1 97520
0 1 97521
0 1 97523
0 1 97524
0 1 97526
0 1 97529
0 1 97532
0 1 97533
0 1 97534
0 1 97535
0 1 97538
0 1 97543
0 1 97547
0 1 97548
0 1 97556
0 1 97557
0 1 97559
0 1 97560
0 1 97561
0 1 97562
0 1 97563
0 1 97565
0 1 97567
0 1 97569
0 1 97572
0 1 97573
0 1 97576
0 1 97577
0 1 97578
0 1 97579
0 1 97582
0 1 97583
0 1 97585
0 1 97587
0 1 97588
0 1 97589
0 1 97590
0 1 97591
0 1 97595
0 1 97596
0 1 97597
0 1 97598
0 1 97599
0 1 97601
0 1 97602
0 1 97603
0 1 97604
0 1 97605
0 1 97606
0 1 97607
0 1 97608
0 1 97609
0 1 97610
0 1 97611
0 1 97612
0 1 97613
0 1 97615
0 1 97617
0 1 97618
0 1 97619
0 1 97620
0 1 97621
0 1 97622
0 1 97623
0 1 97626
0 1 97628
0 1 97629
0 1 97631
0 1 97632
0 1 97634
0 1 97636
0 1 97640
0 1 97641
0 1 97643
0 1 97644
0 1 97647
0 1 97650
0 1 97652
0 1 97654
0 1 97656
0 1 97658
0 1 97661
0 1 97662
0 1 97665
0 1 97669
0 1 97670
0 1 97671
0 1 97672
0 1 97673
0 1 97674
0 1 97676
0 1 97680
0 1 97681
0 1 97682
0 1 97683
0 1 97684
0 1 97685
0 1 97689
0 1 97690
0 1 97692
0 1 97693
0 1 97694
0 1 97695
0 1 97696
0 1 97698
0 1 97699
0 1 97700
0 1 97702
0 1 97710
0 1 97711
0 1 97712
0 1 97713
0 1 97714
0 1 97715
0 1 97717
0 1 97718
0 1 97720
0 1 97721
0 1 97724
0 1 97726
0 1 97728
0 1 97729
0 1 97730
0 1 97731
0 1 97733
0 1 97735
0 1 97736
0 1 97738
0 1 97740
0 1 97741
0 1 97742
0 1 97743
0 1 97744
0 1 97745
0 1 97747
0 1 97748
0 1 97749
0 1 97750
0 1 97751
0 1 97753
0 1 97758
0 1 97760
0 1 97761
0 1 97762
0 1 97765
0 1 97766
0 1 97767
0 1 97768
0 1 97769
0 1 97771
0 1 97772
0 1 97773
0 1 97775
0 1 97776
0 1 97777
0 1 97780
0 1 97781
0 1 97782
0 1 97783
0 1 97784
0 1 97787
0 1 97789
0 1 97790
0 1 97791
0 1 97793
0 1 97794
0 1 97795
0 1 97796
0 1 97797
0 1 97798
0 1 97799
0 1 97800
0 1 97803
0 1 97804
0 1 97806
0 1 97807
0 1 97808
0 1 97810
0 1 97812
0 1 97813
0 1 97814
0 1 97815
0 1 97818
0 1 97821
0 1 97823
0 1 97825
0 1 97826
0 1 97828
0 1 97829
0 1 97836
0 1 97837
0 1 97838
0 1 97840
0 1 97841
0 1 97842
0 1 97843
0 1 97844
0 1 97845
0 1 97846
0 1 97848
0 1 97849
0 1 97852
0 1 97856
0 1 97857
0 1 97859
0 1 97861
0 1 97865
0 1 97866
0 1 97870
0 1 97873
0 1 97876
0 1 97877
0 1 97878
0 1 97879
0 1 97881
0 1 97884
0 1 97885
0 1 97888
0 1 97890
0 1 97891
0 1 97892
0 1 97894
0 1 97895
0 1 97896
0 1 97899
0 1 97902
0 1 97903
0 1 97904
0 1 97905
0 1 97906
0 1 97907
0 1 97908
0 1 97911
0 1 97912
0 1 97913
0 1 97916
0 1 97921
0 1 97922
0 1 97926
0 1 97927
0 1 97928
0 1 97929
0 1 97930
0 1 97932
0 1 97933
0 1 97934
0 1 97937
0 1 97938
0 1 97939
0 1 97944
0 1 97945
0 1 97946
0 1 97949
0 1 97950
0 1 97957
0 1 97959
0 1 97960
0 1 97961
0 1 97963
0 1 97964
0 1 97966
0 1 97967
0 1 97968
0 1 97969
0 1 97970
0 1 97971
0 1 97972
0 1 97973
0 1 97974
0 1 97978
0 1 97980
0 1 97981
0 1 97982
0 1 97983
0 1 97984
0 1 97986
0 1 97987
0 1 97990
0 1 97991
0 1 97992
0 1 97993
0 1 97997
0 1 98000
0 1 98002
0 1 98003
0 1 98004
0 1 98005
0 1 98007
0 1 98010
0 1 98011
0 1 98012
0 1 98013
0 1 98016
0 1 98017
0 1 98019
0 1 98020
0 1 98022
0 1 98023
0 1 98025
0 1 98026
0 1 98027
0 1 98028
0 1 98029
0 1 98030
0 1 98034
0 1 98040
0 1 98041
0 1 98048
0 1 98052
0 1 98053
0 1 98055
0 1 98056
0 1 98057
0 1 98058
0 1 98060
0 1 98063
0 1 98064
0 1 98065
0 1 98067
0 1 98068
0 1 98069
0 1 98070
0 1 98072
0 1 98073
0 1 98075
0 1 98076
0 1 98082
0 1 98083
0 1 98085
0 1 98086
0 1 98087
0 1 98088
0 1 98090
0 1 98092
0 1 98094
0 1 98096
0 1 98098
0 1 98099
0 1 98100
0 1 98104
0 1 98105
0 1 98109
0 1 98110
0 1 98111
0 1 98112
0 1 98116
0 1 98117
0 1 98118
0 1 98119
0 1 98120
0 1 98122
0 1 98125
0 1 98126
0 1 98129
0 1 98131
0 1 98132
0 1 98133
0 1 98136
0 1 98137
0 1 98138
0 1 98139
0 1 98140
0 1 98143
0 1 98144
0 1 98145
0 1 98146
0 1 98147
0 1 98150
0 1 98151
0 1 98152
0 1 98155
0 1 98156
0 1 98157
0 1 98158
0 1 98159
0 1 98160
0 1 98162
0 1 98163
0 1 98164
0 1 98165
0 1 98166
0 1 98168
0 1 98169
0 1 98170
0 1 98173
0 1 98175
0 1 98176
0 1 98177
0 1 98178
0 1 98179
0 1 98180
0 1 98181
0 1 98183
0 1 98184
0 1 98187
0 1 98191
0 1 98192
0 1 98196
0 1 98197
0 1 98198
0 1 98199
0 1 98200
0 1 98201
0 1 98202
0 1 98203
0 1 98206
0 1 98207
0 1 98210
0 1 98211
0 1 98212
0 1 98213
0 1 98214
0 1 98216
0 1 98219
0 1 98221
0 1 98222
0 1 98229
0 1 98230
0 1 98231
0 1 98232
0 1 98233
0 1 98235
0 1 98236
0 1 98237
0 1 98238
0 1 98239
0 1 98241
0 1 98242
0 1 98243
0 1 98244
0 1 98245
0 1 98246
0 1 98249
0 1 98250
0 1 98251
0 1 98253
0 1 98255
0 1 98256
0 1 98261
0 1 98262
0 1 98263
0 1 98265
0 1 98266
0 1 98268
0 1 98270
0 1 98273
0 1 98274
0 1 98276
0 1 98277
0 1 98278
0 1 98280
0 1 98281
0 1 98283
0 1 98284
0 1 98286
0 1 98287
0 1 98288
0 1 98290
0 1 98293
0 1 98294
0 1 98295
0 1 98296
0 1 98297
0 1 98299
0 1 98301
0 1 98302
0 1 98303
0 1 98305
0 1 98306
0 1 98308
0 1 98309
0 1 98310
0 1 98312
0 1 98313
0 1 98315
0 1 98316
0 1 98320
0 1 98321
0 1 98322
0 1 98325
0 1 98327
0 1 98328
0 1 98329
0 1 98330
0 1 98331
0 1 98332
0 1 98333
0 1 98335
0 1 98336
0 1 98337
0 1 98338
0 1 98339
0 1 98340
0 1 98341
0 1 98344
0 1 98347
0 1 98353
0 1 98354
0 1 98356
0 1 98358
0 1 98359
0 1 98360
0 1 98366
0 1 98368
0 1 98370
0 1 98372
0 1 98373
0 1 98375
0 1 98376
0 1 98378
0 1 98384
0 1 98385
0 1 98388
0 1 98390
0 1 98398
0 1 98399
0 1 98400
0 1 98402
0 1 98403
0 1 98404
0 1 98405
0 1 98406
0 1 98409
0 1 98412
0 1 98415
0 1 98416
0 1 98417
0 1 98418
0 1 98420
0 1 98421
0 1 98423
0 1 98424
0 1 98425
0 1 98426
0 1 98427
0 1 98429
0 1 98432
0 1 98433
0 1 98434
0 1 98435
0 1 98436
0 1 98437
0 1 98438
0 1 98439
0 1 98442
0 1 98443
0 1 98446
0 1 98448
0 1 98451
0 1 98452
0 1 98456
0 1 98459
0 1 98461
0 1 98462
0 1 98463
0 1 98466
0 1 98469
0 1 98473
0 1 98475
0 1 98476
0 1 98478
0 1 98479
0 1 98480
0 1 98481
0 1 98482
0 1 98484
0 1 98485
0 1 98486
0 1 98487
0 1 98488
0 1 98489
0 1 98490
0 1 98491
0 1 98493
0 1 98494
0 1 98496
0 1 98500
0 1 98501
0 1 98502
0 1 98504
0 1 98505
0 1 98506
0 1 98510
0 1 98511
0 1 98512
0 1 98514
0 1 98516
0 1 98517
0 1 98518
0 1 98520
0 1 98521
0 1 98522
0 1 98523
0 1 98525
0 1 98527
0 1 98529
0 1 98530
0 1 98531
0 1 98532
0 1 98533
0 1 98535
0 1 98536
0 1 98537
0 1 98538
0 1 98540
0 1 98541
0 1 98542
0 1 98543
0 1 98545
0 1 98546
0 1 98548
0 1 98551
0 1 98553
0 1 98555
0 1 98556
0 1 98557
0 1 98558
0 1 98559
0 1 98560
0 1 98561
0 1 98562
0 1 98564
0 1 98565
0 1 98566
0 1 98567
0 1 98568
0 1 98571
0 1 98573
0 1 98574
0 1 98576
0 1 98577
0 1 98578
0 1 98579
0 1 98580
0 1 98581
0 1 98583
0 1 98587
0 1 98589
0 1 98590
0 1 98591
0 1 98593
0 1 98594
0 1 98595
0 1 98596
0 1 98597
0 1 98599
0 1 98601
0 1 98602
0 1 98603
0 1 98606
0 1 98609
0 1 98611
0 1 98612
0 1 98613
0 1 98614
0 1 98615
0 1 98619
0 1 98620
0 1 98621
0 1 98622
0 1 98623
0 1 98624
0 1 98626
0 1 98627
0 1 98628
0 1 98630
0 1 98631
0 1 98633
0 1 98637
0 1 98638
0 1 98639
0 1 98645
0 1 98647
0 1 98650
0 1 98652
0 1 98653
0 1 98654
0 1 98657
0 1 98658
0 1 98660
0 1 98661
0 1 98662
0 1 98663
0 1 98664
0 1 98667
0 1 98668
0 1 98669
0 1 98670
0 1 98672
0 1 98675
0 1 98676
0 1 98677
0 1 98678
0 1 98680
0 1 98681
0 1 98682
0 1 98684
0 1 98686
0 1 98687
0 1 98688
0 1 98689
0 1 98690
0 1 98691
0 1 98692
0 1 98694
0 1 98696
0 1 98697
0 1 98699
0 1 98700
0 1 98701
0 1 98703
0 1 98705
0 1 98706
0 1 98708
0 1 98710
0 1 98712
0 1 98713
0 1 98714
0 1 98716
0 1 98718
0 1 98721
0 1 98722
0 1 98724
0 1 98725
0 1 98727
0 1 98729
0 1 98732
0 1 98733
0 1 98734
0 1 98735
0 1 98740
0 1 98741
0 1 98742
0 1 98743
0 1 98744
0 1 98745
0 1 98747
0 1 98751
0 1 98753
0 1 98758
0 1 98759
0 1 98764
0 1 98765
0 1 98766
0 1 98768
0 1 98770
0 1 98773
0 1 98774
0 1 98776
0 1 98777
0 1 98782
0 1 98784
0 1 98785
0 1 98786
0 1 98787
0 1 98788
0 1 98789
0 1 98790
0 1 98791
0 1 98792
0 1 98794
0 1 98797
0 1 98799
0 1 98801
0 1 98802
0 1 98803
0 1 98804
0 1 98806
0 1 98810
0 1 98812
0 1 98813
0 1 98814
0 1 98817
0 1 98821
0 1 98823
0 1 98824
0 1 98825
0 1 98826
0 1 98827
0 1 98828
0 1 98830
0 1 98831
0 1 98833
0 1 98834
0 1 98837
0 1 98839
0 1 98840
0 1 98842
0 1 98845
0 1 98846
0 1 98848
0 1 98849
0 1 98850
0 1 98853
0 1 98854
0 1 98857
0 1 98862
0 1 98863
0 1 98864
0 1 98865
0 1 98866
0 1 98867
0 1 98869
0 1 98870
0 1 98871
0 1 98873
0 1 98874
0 1 98875
0 1 98876
0 1 98878
0 1 98880
0 1 98881
0 1 98883
0 1 98885
0 1 98886
0 1 98889
0 1 98890
0 1 98891
0 1 98894
0 1 98896
0 1 98897
0 1 98898
0 1 98901
0 1 98902
0 1 98904
0 1 98905
0 1 98907
0 1 98909
0 1 98912
0 1 98913
0 1 98914
0 1 98916
0 1 98917
0 1 98918
0 1 98919
0 1 98921
0 1 98922
0 1 98923
0 1 98925
0 1 98928
0 1 98930
0 1 98932
0 1 98933
0 1 98934
0 1 98935
0 1 98936
0 1 98938
0 1 98939
0 1 98941
0 1 98942
0 1 98943
0 1 98944
0 1 98945
0 1 98947
0 1 98949
0 1 98952
0 1 98953
0 1 98955
0 1 98957
0 1 98959
0 1 98962
0 1 98963
0 1 98965
0 1 98967
0 1 98969
0 1 98971
0 1 98972
0 1 98973
0 1 98974
0 1 98978
0 1 98979
0 1 98980
0 1 98981
0 1 98985
0 1 98987
0 1 98988
0 1 98989
0 1 98990
0 1 98991
0 1 98993
0 1 98994
0 1 98995
0 1 98998
0 1 98999
0 1 99000
0 1 99001
0 1 99002
0 1 99004
0 1 99005
0 1 99006
0 1 99007
0 1 99008
0 1 99009
0 1 99013
0 1 99014
0 1 99015
0 1 99024
0 1 99025
0 1 99027
0 1 99029
0 1 99030
0 1 99032
0 1 99033
0 1 99035
0 1 99038
0 1 99039
0 1 99042
0 1 99043
0 1 99047
0 1 99048
0 1 99050
0 1 99051
0 1 99052
0 1 99053
0 1 99056
0 1 99058
0 1 99061
0 1 99062
0 1 99064
0 1 99065
0 1 99068
0 1 99069
0 1 99072
0 1 99073
0 1 99074
0 1 99076
0 1 99077
0 1 99078
0 1 99081
0 1 99082
0 1 99083
0 1 99085
0 1 99088
0 1 99089
0 1 99094
0 1 99096
0 1 99097
0 1 99098
0 1 99099
0 1 99100
0 1 99101
0 1 99104
0 1 99105
0 1 99106
0 1 99107
0 1 99108
0 1 99109
0 1 99110
0 1 99114
0 1 99115
0 1 99116
0 1 99118
0 1 99119
0 1 99120
0 1 99121
0 1 99123
0 1 99124
0 1 99125
0 1 99126
0 1 99127
0 1 99128
0 1 99129
0 1 99130
0 1 99131
0 1 99132
0 1 99133
0 1 99134
0 1 99135
0 1 99136
0 1 99138
0 1 99139
0 1 99140
0 1 99141
0 1 99142
0 1 99145
0 1 99146
0 1 99147
0 1 99148
0 1 99149
0 1 99152
0 1 99154
0 1 99155
0 1 99156
0 1 99158
0 1 99159
0 1 99160
0 1 99161
0 1 99162
0 1 99163
0 1 99167
0 1 99169
0 1 99170
0 1 99174
0 1 99175
0 1 99176
0 1 99177
0 1 99178
0 1 99179
0 1 99180
0 1 99181
0 1 99182
0 1 99185
0 1 99186
0 1 99189
0 1 99190
0 1 99191
0 1 99192
0 1 99193
0 1 99194
0 1 99195
0 1 99196
0 1 99198
0 1 99199
0 1 99203
0 1 99204
0 1 99207
0 1 99211
0 1 99214
0 1 99215
0 1 99216
0 1 99217
0 1 99220
0 1 99221
0 1 99224
0 1 99225
0 1 99227
0 1 99228
0 1 99229
0 1 99230
0 1 99232
0 1 99233
0 1 99234
0 1 99236
0 1 99237
0 1 99239
0 1 99240
0 1 99241
0 1 99242
0 1 99245
0 1 99246
0 1 99247
0 1 99248
0 1 99249
0 1 99250
0 1 99252
0 1 99253
0 1 99255
0 1 99257
0 1 99258
0 1 99260
0 1 99261
0 1 99264
0 1 99265
0 1 99266
0 1 99267
0 1 99269
0 1 99271
0 1 99273
0 1 99274
0 1 99276
0 1 99280
0 1 99281
0 1 99282
0 1 99284
0 1 99285
0 1 99286
0 1 99288
0 1 99289
0 1 99290
0 1 99292
0 1 99293
0 1 99294
0 1 99296
0 1 99297
0 1 99298
0 1 99299
0 1 99301
0 1 99303
0 1 99306
0 1 99307
0 1 99309
0 1 99312
0 1 99314
0 1 99316
0 1 99318
0 1 99320
0 1 99321
0 1 99324
0 1 99326
0 1 99328
0 1 99329
0 1 99330
0 1 99331
0 1 99332
0 1 99334
0 1 99335
0 1 99338
0 1 99340
0 1 99341
0 1 99343
0 1 99346
0 1 99348
0 1 99349
0 1 99352
0 1 99353
0 1 99355
0 1 99356
0 1 99359
0 1 99360
0 1 99362
0 1 99364
0 1 99366
0 1 99368
0 1 99369
0 1 99370
0 1 99371
0 1 99372
0 1 99373
0 1 99374
0 1 99377
0 1 99378
0 1 99380
0 1 99382
0 1 99383
0 1 99384
0 1 99385
0 1 99387
0 1 99391
0 1 99392
0 1 99397
0 1 99398
0 1 99399
0 1 99400
0 1 99401
0 1 99402
0 1 99403
0 1 99404
0 1 99405
0 1 99406
0 1 99410
0 1 99412
0 1 99415
0 1 99417
0 1 99420
0 1 99421
0 1 99422
0 1 99423
0 1 99424
0 1 99425
0 1 99426
0 1 99427
0 1 99429
0 1 99430
0 1 99433
0 1 99434
0 1 99437
0 1 99439
0 1 99440
0 1 99441
0 1 99442
0 1 99443
0 1 99446
0 1 99447
0 1 99449
0 1 99450
0 1 99453
0 1 99455
0 1 99456
0 1 99458
0 1 99459
0 1 99462
0 1 99464
0 1 99465
0 1 99467
0 1 99469
0 1 99470
0 1 99474
0 1 99475
0 1 99478
0 1 99479
0 1 99480
0 1 99482
0 1 99483
0 1 99484
0 1 99487
0 1 99488
0 1 99494
0 1 99496
0 1 99497
0 1 99498
0 1 99502
0 1 99503
0 1 99506
0 1 99507
0 1 99508
0 1 99510
0 1 99512
0 1 99514
0 1 99516
0 1 99517
0 1 99518
0 1 99519
0 1 99521
0 1 99523
0 1 99526
0 1 99528
0 1 99529
0 1 99530
0 1 99532
0 1 99533
0 1 99534
0 1 99536
0 1 99538
0 1 99539
0 1 99540
0 1 99542
0 1 99543
0 1 99544
0 1 99545
0 1 99546
0 1 99547
0 1 99548
0 1 99549
0 1 99550
0 1 99552
0 1 99553
0 1 99556
0 1 99558
0 1 99559
0 1 99561
0 1 99562
0 1 99564
0 1 99565
0 1 99567
0 1 99568
0 1 99569
0 1 99570
0 1 99571
0 1 99572
0 1 99573
0 1 99574
0 1 99575
0 1 99576
0 1 99580
0 1 99581
0 1 99582
0 1 99583
0 1 99584
0 1 99586
0 1 99589
0 1 99590
0 1 99592
0 1 99593
0 1 99596
0 1 99598
0 1 99599
0 1 99601
0 1 99603
0 1 99604
0 1 99605
0 1 99606
0 1 99607
0 1 99608
0 1 99609
0 1 99610
0 1 99611
0 1 99614
0 1 99616
0 1 99617
0 1 99621
0 1 99622
0 1 99623
0 1 99625
0 1 99628
0 1 99631
0 1 99632
0 1 99635
0 1 99640
0 1 99646
0 1 99647
0 1 99648
0 1 99649
0 1 99650
0 1 99651
0 1 99654
0 1 99655
0 1 99657
0 1 99658
0 1 99659
0 1 99660
0 1 99662
0 1 99663
0 1 99664
0 1 99665
0 1 99666
0 1 99667
0 1 99668
0 1 99672
0 1 99673
0 1 99675
0 1 99676
0 1 99677
0 1 99679
0 1 99680
0 1 99681
0 1 99685
0 1 99690
0 1 99691
0 1 99692
0 1 99693
0 1 99694
0 1 99695
0 1 99696
0 1 99702
0 1 99703
0 1 99705
0 1 99706
0 1 99711
0 1 99712
0 1 99713
0 1 99715
0 1 99720
0 1 99721
0 1 99722
0 1 99723
0 1 99724
0 1 99725
0 1 99726
0 1 99733
0 1 99737
0 1 99738
0 1 99741
0 1 99742
0 1 99743
0 1 99745
0 1 99750
0 1 99751
0 1 99752
0 1 99753
0 1 99755
0 1 99758
0 1 99759
0 1 99760
0 1 99761
0 1 99764
0 1 99765
0 1 99769
0 1 99770
0 1 99772
0 1 99776
0 1 99777
0 1 99778
0 1 99779
0 1 99781
0 1 99783
0 1 99784
0 1 99785
0 1 99787
0 1 99788
0 1 99789
0 1 99790
0 1 99791
0 1 99792
0 1 99793
0 1 99795
0 1 99796
0 1 99797
0 1 99798
0 1 99800
0 1 99801
0 1 99804
0 1 99806
0 1 99807
0 1 99808
0 1 99809
0 1 99810
0 1 99813
0 1 99814
0 1 99816
0 1 99817
0 1 99820
0 1 99821
0 1 99823
0 1 99826
0 1 99828
0 1 99829
0 1 99834
0 1 99837
0 1 99838
0 1 99841
0 1 99843
0 1 99844
0 1 99845
0 1 99846
0 1 99847
0 1 99849
0 1 99850
0 1 99852
0 1 99854
0 1 99857
0 1 99858
0 1 99861
0 1 99863
0 1 99864
0 1 99866
0 1 99868
0 1 99869
0 1 99870
0 1 99872
0 1 99873
0 1 99879
0 1 99880
0 1 99883
0 1 99884
0 1 99890
0 1 99891
0 1 99892
0 1 99893
0 1 99894
0 1 99897
0 1 99900
0 1 99901
0 1 99903
0 1 99904
0 1 99905
0 1 99906
0 1 99909
0 1 99910
0 1 99913
0 1 99915
0 1 99916
0 1 99919
0 1 99920
0 1 99921
0 1 99922
0 1 99923
0 1 99924
0 1 99925
0 1 99927
0 1 99929
0 1 99932
0 1 99933
0 1 99935
0 1 99939
0 1 99940
0 1 99941
0 1 99942
0 1 99944
0 1 99945
0 1 99947
0 1 99948
0 1 99949
0 1 99950
0 1 99951
0 1 99952
0 1 99955
0 1 99956
0 1 99958
0 1 99959
0 1 99960
0 1 99961
0 1 99963
0 1 99964
0 1 99971
0 1 99974
0 1 99975
0 1 99976
0 1 99977
0 1 99978
0 1 99979
0 1 99983
0 1 99984
0 1 99985
0 1 99986
0 1 99987
0 1 99988
0 1 99989
0 1 99991
0 1 99992
0 1 99993
0 1 99995
0 1 99997
0 1 99999
