0 1 5
0 1 8
0 1 12
0 1 16
0 1 18
0 1 23
0 1 24
0 1 25
0 1 31
0 1 36
0 1 38
0 1 47
0 1 56
0 1 70
0 1 76
0 1 80
0 1 81
0 1 86
0 1 99
0 1 103
0 1 106
0 1 109
0 1 112
0 1 113
0 1 115
0 1 116
0 1 119
0 1 120
0 1 123
0 1 124
0 1 128
0 1 130
0 1 133
0 1 138
0 1 145
0 1 153
0 1 180
0 1 187
0 1 195
0 1 200
0 1 203
0 1 207
0 1 208
0 1 219
0 1 224
0 1 229
0 1 232
0 1 239
0 1 240
0 1 242
0 1 243
0 1 245
0 1 248
0 1 252
0 1 257
0 1 259
0 1 269
0 1 271
0 1 278
0 1 279
0 1 282
0 1 288
0 1 292
0 1 294
0 1 303
0 1 307
0 1 308
0 1 311
0 1 320
0 1 324
0 1 325
0 1 337
0 1 342
0 1 343
0 1 344
0 1 354
0 1 358
0 1 367
0 1 380
0 1 385
0 1 388
0 1 392
0 1 400
0 1 428
0 1 437
0 1 442
0 1 451
0 1 452
0 1 463
0 1 464
0 1 469
0 1 470
0 1 472
0 1 474
0 1 484
0 1 487
0 1 488
0 1 495
0 1 507
0 1 513
0 1 522
0 1 523
0 1 531
0 1 533
0 1 535
0 1 537
0 1 544
0 1 552
0 1 554
0 1 555
0 1 564
0 1 570
0 1 573
0 1 575
0 1 580
0 1 587
0 1 595
0 1 598
0 1 610
0 1 614
0 1 615
0 1 616
0 1 629
0 1 633
0 1 636
0 1 640
0 1 645
0 1 647
0 1 658
0 1 660
0 1 662
0 1 667
0 1 671
0 1 674
0 1 675
0 1 679
0 1 680
0 1 682
0 1 686
0 1 689
0 1 691
0 1 694
0 1 702
0 1 703
0 1 705
0 1 721
0 1 723
0 1 727
0 1 739
0 1 742
0 1 751
0 1 755
0 1 760
0 1 766
0 1 778
0 1 788
0 1 789
0 1 792
0 1 793
0 1 804
0 1 808
0 1 810
0 1 815
0 1 818
0 1 822
0 1 825
0 1 831
0 1 851
0 1 855
0 1 858
0 1 860
0 1 862
0 1 865
0 1 870
0 1 871
0 1 875
0 1 877
0 1 881
0 1 886
0 1 887
0 1 888
0 1 894
0 1 896
0 1 902
0 1 909
0 1 912
0 1 919
0 1 920
0 1 923
0 1 926
0 1 935
0 1 937
0 1 951
0 1 959
0 1 960
0 1 961
0 1 963
0 1 975
0 1 980
0 1 982
0 1 992
0 1 993
0 1 995
0 1 999
0 1 1004
0 1 1006
0 1 1007
0 1 1015
0 1 1023
0 1 1024
0 1 1037
0 1 1040
0 1 1044
0 1 1058
0 1 1060
0 1 1064
0 1 1066
0 1 1071
0 1 1074
0 1 1076
0 1 1081
0 1 1084
0 1 1088
0 1 1093
0 1 1095
0 1 1097
0 1 1103
0 1 1111
0 1 1118
0 1 1119
0 1 1120
0 1 1121
0 1 1124
0 1 1125
0 1 1126
0 1 1129
0 1 1131
0 1 1133
0 1 1134
0 1 1135
0 1 1151
0 1 1154
0 1 1158
0 1 1159
0 1 1160
0 1 1162
0 1 1164
0 1 1169
0 1 1170
0 1 1175
0 1 1176
0 1 1184
0 1 1195
0 1 1196
0 1 1197
0 1 1199
0 1 1205
0 1 1211
0 1 1212
0 1 1213
0 1 1219
0 1 1220
0 1 1222
0 1 1228
0 1 1241
0 1 1248
0 1 1251
0 1 1256
0 1 1262
0 1 1265
0 1 1273
0 1 1277
0 1 1289
0 1 1294
0 1 1307
0 1 1313
0 1 1315
0 1 1319
0 1 1323
0 1 1327
0 1 1333
0 1 1345
0 1 1354
0 1 1359
0 1 1360
0 1 1364
0 1 1366
0 1 1381
0 1 1382
0 1 1384
0 1 1386
0 1 1390
0 1 1394
0 1 1396
0 1 1403
0 1 1405
0 1 1408
0 1 1413
0 1 1414
0 1 1440
0 1 1441
0 1 1455
0 1 1456
0 1 1460
0 1 1464
0 1 1468
0 1 1478
0 1 1479
0 1 1496
0 1 1502
0 1 1514
0 1 1517
0 1 1518
0 1 1520
0 1 1525
0 1 1528
0 1 1529
0 1 1535
0 1 1537
0 1 1549
0 1 1564
0 1 1567
0 1 1577
0 1 1581
0 1 1583
0 1 1592
0 1 1597
0 1 1600
0 1 1603
0 1 1607
0 1 1611
0 1 1616
0 1 1621
0 1 1622
0 1 1628
0 1 1635
0 1 1638
0 1 1645
0 1 1650
0 1 1654
0 1 1656
0 1 1660
0 1 1666
0 1 1668
0 1 1671
0 1 1675
0 1 1680
0 1 1684
0 1 1690
0 1 1694
0 1 1697
0 1 1710
0 1 1715
0 1 1722
0 1 1725
0 1 1727
0 1 1728
0 1 1730
0 1 1737
0 1 1740
0 1 1741
0 1 1748
0 1 1752
0 1 1753
0 1 1779
0 1 1782
0 1 1783
0 1 1784
0 1 1786
0 1 1797
0 1 1800
0 1 1803
0 1 1809
0 1 1813
0 1 1817
0 1 1831
0 1 1834
0 1 1835
0 1 1836
0 1 1839
0 1 1843
0 1 1844
0 1 1854
0 1 1858
0 1 1868
0 1 1873
0 1 1882
0 1 1885
0 1 1893
0 1 1898
0 1 1906
0 1 1907
0 1 1910
0 1 1918
0 1 1923
0 1 1930
0 1 1933
0 1 1938
0 1 1947
0 1 1952
0 1 1953
0 1 1955
0 1 1958
0 1 1961
0 1 1969
0 1 1973
0 1 1974
0 1 1979
0 1 1984
0 1 1992
0 1 1994
0 1 1995
0 1 1996
0 1 1997
0 1 1998
0 1 1999
0 1 2001
0 1 2006
0 1 2008
0 1 2013
0 1 2029
0 1 2038
0 1 2048
0 1 2050
0 1 2056
0 1 2058
0 1 2064
0 1 2072
0 1 2074
0 1 2078
0 1 2090
0 1 2092
0 1 2100
0 1 2107
0 1 2113
0 1 2114
0 1 2115
0 1 2116
0 1 2135
0 1 2139
0 1 2144
0 1 2148
0 1 2152
0 1 2153
0 1 2157
0 1 2158
0 1 2162
0 1 2172
0 1 2178
0 1 2186
0 1 2187
0 1 2188
0 1 2190
0 1 2199
0 1 2200
0 1 2210
0 1 2215
0 1 2216
0 1 2219
0 1 2226
0 1 2231
0 1 2239
0 1 2242
0 1 2243
0 1 2246
0 1 2248
0 1 2254
0 1 2259
0 1 2270
0 1 2276
0 1 2278
0 1 2279
0 1 2282
0 1 2301
0 1 2305
0 1 2308
0 1 2311
0 1 2315
0 1 2318
0 1 2326
0 1 2331
0 1 2335
0 1 2336
0 1 2342
0 1 2343
0 1 2345
0 1 2350
0 1 2363
0 1 2367
0 1 2381
0 1 2384
0 1 2387
0 1 2390
0 1 2392
0 1 2406
0 1 2408
0 1 2409
0 1 2413
0 1 2416
0 1 2419
0 1 2423
0 1 2429
0 1 2447
0 1 2452
0 1 2462
0 1 2464
0 1 2468
0 1 2469
0 1 2471
0 1 2474
0 1 2478
0 1 2482
0 1 2484
0 1 2485
0 1 2490
0 1 2494
0 1 2495
0 1 2506
0 1 2508
0 1 2510
0 1 2520
0 1 2521
0 1 2523
0 1 2525
0 1 2527
0 1 2531
0 1 2550
0 1 2551
0 1 2558
0 1 2568
0 1 2588
0 1 2589
0 1 2591
0 1 2593
0 1 2595
0 1 2596
0 1 2598
0 1 2604
0 1 2611
0 1 2616
0 1 2621
0 1 2640
0 1 2642
0 1 2647
0 1 2648
0 1 2660
0 1 2662
0 1 2667
0 1 2668
0 1 2671
0 1 2691
0 1 2712
0 1 2714
0 1 2715
0 1 2716
0 1 2742
0 1 2759
0 1 2760
0 1 2762
0 1 2766
0 1 2773
0 1 2774
0 1 2785
0 1 2799
0 1 2800
0 1 2816
0 1 2817
0 1 2822
0 1 2828
0 1 2829
0 1 2839
0 1 2841
0 1 2853
0 1 2859
0 1 2864
0 1 2872
0 1 2875
0 1 2876
0 1 2879
0 1 2883
0 1 2884
0 1 2891
0 1 2894
0 1 2908
0 1 2913
0 1 2918
0 1 2926
0 1 2931
0 1 2941
0 1 2945
0 1 2946
0 1 2948
0 1 2950
0 1 2953
0 1 2955
0 1 2967
0 1 2970
0 1 2981
0 1 2985
0 1 2988
0 1 2999
0 1 3005
0 1 3021
0 1 3024
0 1 3025
0 1 3026
0 1 3030
0 1 3034
0 1 3036
0 1 3045
0 1 3050
0 1 3059
0 1 3061
0 1 3063
0 1 3076
0 1 3083
0 1 3087
0 1 3091
0 1 3095
0 1 3109
0 1 3112
0 1 3114
0 1 3116
0 1 3123
0 1 3126
0 1 3130
0 1 3133
0 1 3143
0 1 3144
0 1 3150
0 1 3155
0 1 3156
0 1 3162
0 1 3163
0 1 3167
0 1 3168
0 1 3181
0 1 3189
0 1 3201
0 1 3204
0 1 3205
0 1 3218
0 1 3219
0 1 3225
0 1 3229
0 1 3230
0 1 3231
0 1 3233
0 1 3236
0 1 3239
0 1 3240
0 1 3255
0 1 3261
0 1 3267
0 1 3281
0 1 3286
0 1 3288
0 1 3301
0 1 3306
0 1 3311
0 1 3312
0 1 3313
0 1 3316
0 1 3321
0 1 3331
0 1 3334
0 1 3342
0 1 3345
0 1 3347
0 1 3353
0 1 3354
0 1 3357
0 1 3365
0 1 3369
0 1 3371
0 1 3372
0 1 3377
0 1 3381
0 1 3383
0 1 3386
0 1 3387
0 1 3389
0 1 3395
0 1 3397
0 1 3402
0 1 3410
0 1 3411
0 1 3413
0 1 3418
0 1 3425
0 1 3427
0 1 3432
0 1 3435
0 1 3436
0 1 3440
0 1 3441
0 1 3449
0 1 3452
0 1 3454
0 1 3459
0 1 3461
0 1 3480
0 1 3495
0 1 3497
0 1 3504
0 1 3505
0 1 3516
0 1 3517
0 1 3521
0 1 3528
0 1 3529
0 1 3539
0 1 3543
0 1 3545
0 1 3555
0 1 3556
0 1 3565
0 1 3567
0 1 3578
0 1 3587
0 1 3591
0 1 3595
0 1 3600
0 1 3607
0 1 3610
0 1 3625
0 1 3628
0 1 3631
0 1 3635
0 1 3638
0 1 3648
0 1 3655
0 1 3659
0 1 3664
0 1 3693
0 1 3696
0 1 3698
0 1 3700
0 1 3704
0 1 3708
0 1 3714
0 1 3720
0 1 3721
0 1 3723
0 1 3725
0 1 3727
0 1 3748
0 1 3750
0 1 3754
0 1 3758
0 1 3794
0 1 3804
0 1 3807
0 1 3808
0 1 3813
0 1 3818
0 1 3824
0 1 3827
0 1 3831
0 1 3834
0 1 3835
0 1 3842
0 1 3848
0 1 3859
0 1 3866
0 1 3871
0 1 3879
0 1 3882
0 1 3888
0 1 3891
0 1 3897
0 1 3899
0 1 3903
0 1 3905
0 1 3908
0 1 3920
0 1 3922
0 1 3924
0 1 3928
0 1 3929
0 1 3931
0 1 3934
0 1 3940
0 1 3942
0 1 3943
0 1 3946
0 1 3947
0 1 3950
0 1 3954
0 1 3957
0 1 3959
0 1 3966
0 1 3973
0 1 3979
0 1 3988
0 1 3999
0 1 4007
0 1 4019
0 1 4028
0 1 4032
0 1 4036
0 1 4041
0 1 4043
0 1 4045
0 1 4048
0 1 4050
0 1 4053
0 1 4060
0 1 4061
0 1 4064
0 1 4070
0 1 4071
0 1 4072
0 1 4073
0 1 4080
0 1 4083
0 1 4089
0 1 4090
0 1 4103
0 1 4106
0 1 4107
0 1 4116
0 1 4123
0 1 4129
0 1 4131
0 1 4136
0 1 4137
0 1 4138
0 1 4140
0 1 4147
0 1 4148
0 1 4150
0 1 4156
0 1 4163
0 1 4169
0 1 4171
0 1 4182
0 1 4183
0 1 4190
0 1 4191
0 1 4193
0 1 4194
0 1 4199
0 1 4213
0 1 4216
0 1 4224
0 1 4230
0 1 4233
0 1 4241
0 1 4254
0 1 4256
0 1 4257
0 1 4261
0 1 4266
0 1 4268
0 1 4270
0 1 4271
0 1 4278
0 1 4279
0 1 4286
0 1 4288
0 1 4291
0 1 4292
0 1 4294
0 1 4303
0 1 4310
0 1 4312
0 1 4315
0 1 4323
0 1 4326
0 1 4336
0 1 4337
0 1 4338
0 1 4341
0 1 4342
0 1 4356
0 1 4359
0 1 4365
0 1 4370
0 1 4372
0 1 4375
0 1 4377
0 1 4388
0 1 4389
0 1 4393
0 1 4396
0 1 4404
0 1 4430
0 1 4438
0 1 4441
0 1 4456
0 1 4462
0 1 4469
0 1 4470
0 1 4471
0 1 4476
0 1 4478
0 1 4479
0 1 4484
0 1 4487
0 1 4499
0 1 4506
0 1 4513
0 1 4520
0 1 4521
0 1 4522
0 1 4524
0 1 4538
0 1 4542
0 1 4544
0 1 4550
0 1 4552
0 1 4558
0 1 4561
0 1 4562
0 1 4576
0 1 4577
0 1 4590
0 1 4591
0 1 4593
0 1 4595
0 1 4602
0 1 4604
0 1 4611
0 1 4619
0 1 4622
0 1 4631
0 1 4636
0 1 4637
0 1 4645
0 1 4647
0 1 4648
0 1 4654
0 1 4657
0 1 4659
0 1 4662
0 1 4663
0 1 4665
0 1 4666
0 1 4671
0 1 4675
0 1 4683
0 1 4688
0 1 4693
0 1 4694
0 1 4697
0 1 4699
0 1 4708
0 1 4714
0 1 4720
0 1 4722
0 1 4743
0 1 4756
0 1 4758
0 1 4760
0 1 4762
0 1 4765
0 1 4773
0 1 4778
0 1 4779
0 1 4789
0 1 4790
0 1 4798
0 1 4810
0 1 4821
0 1 4831
0 1 4835
0 1 4837
0 1 4848
0 1 4854
0 1 4857
0 1 4860
0 1 4871
0 1 4874
0 1 4883
0 1 4885
0 1 4886
0 1 4891
0 1 4898
0 1 4918
0 1 4926
0 1 4928
0 1 4932
0 1 4941
0 1 4954
0 1 4957
0 1 4978
0 1 4982
0 1 4988
0 1 4993
0 1 5001
0 1 5017
0 1 5020
0 1 5022
0 1 5024
0 1 5036
0 1 5041
0 1 5042
0 1 5059
0 1 5066
0 1 5069
0 1 5084
0 1 5086
0 1 5088
0 1 5091
0 1 5102
0 1 5103
0 1 5104
0 1 5107
0 1 5111
0 1 5114
0 1 5116
0 1 5132
0 1 5137
0 1 5143
0 1 5147
0 1 5150
0 1 5151
0 1 5158
0 1 5161
0 1 5165
0 1 5167
0 1 5182
0 1 5184
0 1 5191
0 1 5193
0 1 5195
0 1 5202
0 1 5213
0 1 5217
0 1 5223
0 1 5225
0 1 5226
0 1 5234
0 1 5236
0 1 5244
0 1 5245
0 1 5252
0 1 5254
0 1 5259
0 1 5269
0 1 5270
0 1 5284
0 1 5296
0 1 5302
0 1 5304
0 1 5306
0 1 5311
0 1 5328
0 1 5329
0 1 5333
0 1 5335
0 1 5347
0 1 5351
0 1 5352
0 1 5353
0 1 5356
0 1 5357
0 1 5358
0 1 5359
0 1 5367
0 1 5371
0 1 5377
0 1 5378
0 1 5380
0 1 5387
0 1 5389
0 1 5391
0 1 5392
0 1 5394
0 1 5395
0 1 5402
0 1 5411
0 1 5412
0 1 5415
0 1 5423
0 1 5434
0 1 5444
0 1 5447
0 1 5458
0 1 5463
0 1 5467
0 1 5468
0 1 5476
0 1 5477
0 1 5482
0 1 5489
0 1 5493
0 1 5494
0 1 5498
0 1 5499
0 1 5507
0 1 5530
0 1 5531
0 1 5539
0 1 5549
0 1 5555
0 1 5559
0 1 5562
0 1 5571
0 1 5577
0 1 5580
0 1 5581
0 1 5591
0 1 5610
0 1 5612
0 1 5613
0 1 5617
0 1 5621
0 1 5622
0 1 5624
0 1 5626
0 1 5632
0 1 5634
0 1 5641
0 1 5643
0 1 5654
0 1 5658
0 1 5667
0 1 5669
0 1 5671
0 1 5675
0 1 5679
0 1 5691
0 1 5692
0 1 5699
0 1 5701
0 1 5712
0 1 5713
0 1 5721
0 1 5729
0 1 5733
0 1 5738
0 1 5739
0 1 5740
0 1 5741
0 1 5752
0 1 5755
0 1 5756
0 1 5760
0 1 5767
0 1 5773
0 1 5777
0 1 5780
0 1 5790
0 1 5803
0 1 5806
0 1 5807
0 1 5818
0 1 5820
0 1 5822
0 1 5834
0 1 5835
0 1 5837
0 1 5838
0 1 5843
0 1 5855
0 1 5861
0 1 5864
0 1 5868
0 1 5876
0 1 5879
0 1 5883
0 1 5884
0 1 5889
0 1 5892
0 1 5893
0 1 5897
0 1 5898
0 1 5903
0 1 5910
0 1 5911
0 1 5915
0 1 5918
0 1 5920
0 1 5922
0 1 5923
0 1 5927
0 1 5929
0 1 5932
0 1 5935
0 1 5938
0 1 5947
0 1 5951
0 1 5959
0 1 5960
0 1 5961
0 1 5982
0 1 5984
0 1 5988
0 1 5989
0 1 5999
0 1 6004
0 1 6006
0 1 6010
0 1 6017
0 1 6018
0 1 6025
0 1 6027
0 1 6032
0 1 6033
0 1 6039
0 1 6049
0 1 6063
0 1 6067
0 1 6071
0 1 6076
0 1 6083
0 1 6099
0 1 6105
0 1 6115
0 1 6117
0 1 6136
0 1 6154
0 1 6157
0 1 6163
0 1 6171
0 1 6173
0 1 6174
0 1 6189
0 1 6197
0 1 6199
0 1 6204
0 1 6208
0 1 6215
0 1 6219
0 1 6223
0 1 6224
0 1 6230
0 1 6236
0 1 6254
0 1 6255
0 1 6256
0 1 6266
0 1 6275
0 1 6287
0 1 6295
0 1 6297
0 1 6298
0 1 6316
0 1 6318
0 1 6323
0 1 6324
0 1 6333
0 1 6336
0 1 6338
0 1 6342
0 1 6345
0 1 6346
0 1 6352
0 1 6362
0 1 6364
0 1 6372
0 1 6379
0 1 6383
0 1 6385
0 1 6386
0 1 6394
0 1 6395
0 1 6399
0 1 6401
0 1 6402
0 1 6405
0 1 6409
0 1 6415
0 1 6418
0 1 6424
0 1 6426
0 1 6431
0 1 6432
0 1 6434
0 1 6435
0 1 6447
0 1 6448
0 1 6451
0 1 6453
0 1 6456
0 1 6457
0 1 6470
0 1 6471
0 1 6472
0 1 6477
0 1 6479
0 1 6483
0 1 6486
0 1 6494
0 1 6495
0 1 6506
0 1 6508
0 1 6509
0 1 6519
0 1 6521
0 1 6529
0 1 6535
0 1 6537
0 1 6538
0 1 6543
0 1 6560
0 1 6561
0 1 6565
0 1 6573
0 1 6589
0 1 6590
0 1 6606
0 1 6612
0 1 6613
0 1 6622
0 1 6636
0 1 6639
0 1 6642
0 1 6644
0 1 6649
0 1 6654
0 1 6655
0 1 6662
0 1 6667
0 1 6671
0 1 6673
0 1 6677
0 1 6680
0 1 6684
0 1 6690
0 1 6693
0 1 6696
0 1 6703
0 1 6708
0 1 6713
0 1 6720
0 1 6722
0 1 6726
0 1 6729
0 1 6735
0 1 6749
0 1 6752
0 1 6759
0 1 6761
0 1 6766
0 1 6771
0 1 6775
0 1 6776
0 1 6782
0 1 6786
0 1 6787
0 1 6795
0 1 6802
0 1 6803
0 1 6819
0 1 6823
0 1 6826
0 1 6833
0 1 6837
0 1 6841
0 1 6845
0 1 6846
0 1 6852
0 1 6853
0 1 6855
0 1 6856
0 1 6861
0 1 6866
0 1 6867
0 1 6873
0 1 6874
0 1 6879
0 1 6880
0 1 6884
0 1 6894
0 1 6906
0 1 6917
0 1 6920
0 1 6923
0 1 6926
0 1 6931
0 1 6937
0 1 6945
0 1 6946
0 1 6953
0 1 6955
0 1 6957
0 1 6961
0 1 6963
0 1 6965
0 1 6968
0 1 6970
0 1 6978
0 1 6985
0 1 6995
0 1 6999
0 1 7005
0 1 7012
0 1 7021
0 1 7031
0 1 7032
0 1 7034
0 1 7039
0 1 7040
0 1 7041
0 1 7044
0 1 7045
0 1 7060
0 1 7068
0 1 7071
0 1 7078
0 1 7084
0 1 7088
0 1 7089
0 1 7093
0 1 7108
0 1 7109
0 1 7110
0 1 7118
0 1 7119
0 1 7127
0 1 7131
0 1 7140
0 1 7143
0 1 7148
0 1 7161
0 1 7168
0 1 7172
0 1 7173
0 1 7176
0 1 7189
0 1 7192
0 1 7193
0 1 7203
0 1 7207
0 1 7208
0 1 7209
0 1 7210
0 1 7211
0 1 7212
0 1 7223
0 1 7225
0 1 7227
0 1 7229
0 1 7230
0 1 7252
0 1 7254
0 1 7263
0 1 7265
0 1 7269
0 1 7271
0 1 7273
0 1 7280
0 1 7285
0 1 7286
0 1 7289
0 1 7300
0 1 7310
0 1 7313
0 1 7320
0 1 7322
0 1 7329
0 1 7331
0 1 7335
0 1 7340
0 1 7347
0 1 7352
0 1 7358
0 1 7360
0 1 7365
0 1 7366
0 1 7367
0 1 7368
0 1 7372
0 1 7379
0 1 7380
0 1 7382
0 1 7399
0 1 7401
0 1 7402
0 1 7409
0 1 7416
0 1 7418
0 1 7420
0 1 7428
0 1 7430
0 1 7436
0 1 7441
0 1 7446
0 1 7449
0 1 7454
0 1 7457
0 1 7459
0 1 7461
0 1 7462
0 1 7464
0 1 7465
0 1 7467
0 1 7471
0 1 7472
0 1 7485
0 1 7501
0 1 7502
0 1 7505
0 1 7510
0 1 7520
0 1 7530
0 1 7532
0 1 7540
0 1 7544
0 1 7546
0 1 7560
0 1 7567
0 1 7570
0 1 7572
0 1 7582
0 1 7584
0 1 7593
0 1 7606
0 1 7608
0 1 7610
0 1 7615
0 1 7624
0 1 7627
0 1 7628
0 1 7639
0 1 7640
0 1 7651
0 1 7653
0 1 7659
0 1 7664
0 1 7670
0 1 7672
0 1 7688
0 1 7689
0 1 7691
0 1 7692
0 1 7696
0 1 7698
0 1 7702
0 1 7716
0 1 7718
0 1 7726
0 1 7733
0 1 7738
0 1 7740
0 1 7741
0 1 7745
0 1 7748
0 1 7753
0 1 7759
0 1 7760
0 1 7763
0 1 7765
0 1 7766
0 1 7768
0 1 7778
0 1 7790
0 1 7793
0 1 7795
0 1 7803
0 1 7812
0 1 7817
0 1 7823
0 1 7826
0 1 7837
0 1 7844
0 1 7848
0 1 7850
0 1 7857
0 1 7859
0 1 7875
0 1 7888
0 1 7891
0 1 7896
0 1 7900
0 1 7907
0 1 7908
0 1 7911
0 1 7922
0 1 7937
0 1 7952
0 1 7966
0 1 7968
0 1 7975
0 1 7987
0 1 7990
0 1 7993
0 1 7997
0 1 7998
0 1 8001
0 1 8006
0 1 8011
0 1 8012
0 1 8014
0 1 8015
0 1 8018
0 1 8021
0 1 8022
0 1 8029
0 1 8045
0 1 8051
0 1 8055
0 1 8058
0 1 8060
0 1 8062
0 1 8063
0 1 8067
0 1 8078
0 1 8083
0 1 8096
0 1 8100
0 1 8119
0 1 8120
0 1 8124
0 1 8126
0 1 8128
0 1 8134
0 1 8138
0 1 8142
0 1 8172
0 1 8174
0 1 8177
0 1 8185
0 1 8188
0 1 8189
0 1 8195
0 1 8199
0 1 8211
0 1 8213
0 1 8217
0 1 8219
0 1 8222
0 1 8226
0 1 8227
0 1 8229
0 1 8231
0 1 8233
0 1 8242
0 1 8249
0 1 8251
0 1 8255
0 1 8257
0 1 8262
0 1 8264
0 1 8268
0 1 8273
0 1 8296
0 1 8303
0 1 8305
0 1 8306
0 1 8310
0 1 8316
0 1 8323
0 1 8325
0 1 8332
0 1 8338
0 1 8339
0 1 8343
0 1 8345
0 1 8346
0 1 8354
0 1 8364
0 1 8365
0 1 8367
0 1 8368
0 1 8371
0 1 8373
0 1 8374
0 1 8382
0 1 8392
0 1 8394
0 1 8395
0 1 8404
0 1 8408
0 1 8409
0 1 8420
0 1 8421
0 1 8423
0 1 8424
0 1 8430
0 1 8448
0 1 8458
0 1 8476
0 1 8486
0 1 8487
0 1 8488
0 1 8494
0 1 8499
0 1 8507
0 1 8509
0 1 8510
0 1 8512
0 1 8513
0 1 8516
0 1 8519
0 1 8521
0 1 8522
0 1 8526
0 1 8527
0 1 8529
0 1 8532
0 1 8536
0 1 8538
0 1 8541
0 1 8545
0 1 8547
0 1 8549
0 1 8555
0 1 8556
0 1 8564
0 1 8570
0 1 8581
0 1 8583
0 1 8587
0 1 8591
0 1 8592
0 1 8598
0 1 8600
0 1 8608
0 1 8644
0 1 8646
0 1 8650
0 1 8654
0 1 8657
0 1 8673
0 1 8674
0 1 8679
0 1 8693
0 1 8696
0 1 8698
0 1 8699
0 1 8700
0 1 8704
0 1 8705
0 1 8716
0 1 8719
0 1 8723
0 1 8724
0 1 8730
0 1 8735
0 1 8738
0 1 8740
0 1 8754
0 1 8756
0 1 8759
0 1 8760
0 1 8763
0 1 8767
0 1 8770
0 1 8774
0 1 8780
0 1 8783
0 1 8790
0 1 8796
0 1 8809
0 1 8810
0 1 8816
0 1 8817
0 1 8824
0 1 8827
0 1 8828
0 1 8829
0 1 8830
0 1 8832
0 1 8833
0 1 8839
0 1 8840
0 1 8841
0 1 8847
0 1 8852
0 1 8854
0 1 8859
0 1 8862
0 1 8864
0 1 8865
0 1 8868
0 1 8869
0 1 8870
0 1 8874
0 1 8876
0 1 8888
0 1 8900
0 1 8903
0 1 8904
0 1 8907
0 1 8910
0 1 8911
0 1 8916
0 1 8924
0 1 8927
0 1 8929
0 1 8930
0 1 8933
0 1 8936
0 1 8940
0 1 8948
0 1 8952
0 1 8959
0 1 8966
0 1 8967
0 1 8976
0 1 8979
0 1 8980
0 1 8983
0 1 8985
0 1 8991
0 1 8993
0 1 8995
0 1 9008
0 1 9022
0 1 9029
0 1 9030
0 1 9040
0 1 9069
0 1 9072
0 1 9073
0 1 9074
0 1 9090
0 1 9095
0 1 9105
0 1 9106
0 1 9107
0 1 9108
0 1 9109
0 1 9110
0 1 9111
0 1 9117
0 1 9142
0 1 9146
0 1 9151
0 1 9157
0 1 9160
0 1 9161
0 1 9172
0 1 9177
0 1 9179
0 1 9180
0 1 9181
0 1 9185
0 1 9186
0 1 9188
0 1 9189
0 1 9190
0 1 9194
0 1 9204
0 1 9209
0 1 9222
0 1 9226
0 1 9233
0 1 9234
0 1 9239
0 1 9240
0 1 9244
0 1 9259
0 1 9262
0 1 9270
0 1 9278
0 1 9282
0 1 9285
0 1 9286
0 1 9292
0 1 9296
0 1 9299
0 1 9303
0 1 9305
0 1 9314
0 1 9315
0 1 9321
0 1 9324
0 1 9332
0 1 9343
0 1 9345
0 1 9366
0 1 9368
0 1 9374
0 1 9375
0 1 9376
0 1 9377
0 1 9379
0 1 9388
0 1 9390
0 1 9399
0 1 9401
0 1 9402
0 1 9408
0 1 9420
0 1 9422
0 1 9427
0 1 9429
0 1 9430
0 1 9434
0 1 9436
0 1 9440
0 1 9441
0 1 9444
0 1 9446
0 1 9450
0 1 9453
0 1 9455
0 1 9462
0 1 9464
0 1 9467
0 1 9471
0 1 9472
0 1 9473
0 1 9475
0 1 9487
0 1 9495
0 1 9501
0 1 9503
0 1 9507
0 1 9513
0 1 9514
0 1 9516
0 1 9523
0 1 9525
0 1 9528
0 1 9531
0 1 9537
0 1 9540
0 1 9547
0 1 9554
0 1 9559
0 1 9560
0 1 9570
0 1 9571
0 1 9574
0 1 9581
0 1 9584
0 1 9585
0 1 9589
0 1 9590
0 1 9593
0 1 9599
0 1 9602
0 1 9603
0 1 9605
0 1 9612
0 1 9615
0 1 9620
0 1 9629
0 1 9633
0 1 9636
0 1 9651
0 1 9655
0 1 9657
0 1 9658
0 1 9663
0 1 9664
0 1 9669
0 1 9673
0 1 9674
0 1 9676
0 1 9677
0 1 9683
0 1 9694
0 1 9699
0 1 9703
0 1 9709
0 1 9722
0 1 9723
0 1 9731
0 1 9738
0 1 9739
0 1 9740
0 1 9742
0 1 9749
0 1 9755
0 1 9758
0 1 9761
0 1 9766
0 1 9779
0 1 9781
0 1 9786
0 1 9788
0 1 9789
0 1 9792
0 1 9794
0 1 9796
0 1 9798
0 1 9804
0 1 9821
0 1 9825
0 1 9826
0 1 9834
0 1 9837
0 1 9846
0 1 9847
0 1 9851
0 1 9852
0 1 9854
0 1 9862
0 1 9863
0 1 9867
0 1 9868
0 1 9870
0 1 9871
0 1 9872
0 1 9877
0 1 9881
0 1 9892
0 1 9895
0 1 9906
0 1 9913
0 1 9918
0 1 9925
0 1 9928
0 1 9931
0 1 9933
0 1 9934
0 1 9938
0 1 9939
0 1 9943
0 1 9945
0 1 9948
0 1 9956
0 1 9961
0 1 9969
0 1 9974
0 1 9977
0 1 9982
0 1 9985
0 1 10002
0 1 10006
0 1 10015
0 1 10030
0 1 10032
0 1 10033
0 1 10038
0 1 10046
0 1 10061
0 1 10067
0 1 10069
0 1 10073
0 1 10077
0 1 10079
0 1 10095
0 1 10097
0 1 10114
0 1 10126
0 1 10127
0 1 10129
0 1 10144
0 1 10145
0 1 10147
0 1 10167
0 1 10171
0 1 10184
0 1 10188
0 1 10193
0 1 10194
0 1 10207
0 1 10212
0 1 10216
0 1 10218
0 1 10223
0 1 10225
0 1 10227
0 1 10232
0 1 10239
0 1 10241
0 1 10253
0 1 10256
0 1 10257
0 1 10268
0 1 10270
0 1 10286
0 1 10294
0 1 10299
0 1 10301
0 1 10302
0 1 10306
0 1 10322
0 1 10328
0 1 10331
0 1 10332
0 1 10333
0 1 10335
0 1 10336
0 1 10347
0 1 10360
0 1 10367
0 1 10373
0 1 10396
0 1 10399
0 1 10404
0 1 10408
0 1 10409
0 1 10415
0 1 10416
0 1 10417
0 1 10423
0 1 10424
0 1 10428
0 1 10442
0 1 10453
0 1 10454
0 1 10467
0 1 10476
0 1 10483
0 1 10485
0 1 10488
0 1 10491
0 1 10494
0 1 10501
0 1 10502
0 1 10507
0 1 10510
0 1 10512
0 1 10519
0 1 10528
0 1 10532
0 1 10539
0 1 10543
0 1 10547
0 1 10553
0 1 10558
0 1 10559
0 1 10561
0 1 10568
0 1 10572
0 1 10574
0 1 10576
0 1 10578
0 1 10582
0 1 10601
0 1 10602
0 1 10604
0 1 10606
0 1 10624
0 1 10625
0 1 10633
0 1 10637
0 1 10639
0 1 10640
0 1 10648
0 1 10658
0 1 10667
0 1 10671
0 1 10674
0 1 10678
0 1 10682
0 1 10687
0 1 10689
0 1 10690
0 1 10695
0 1 10701
0 1 10710
0 1 10717
0 1 10718
0 1 10719
0 1 10722
0 1 10731
0 1 10740
0 1 10758
0 1 10759
0 1 10760
0 1 10763
0 1 10769
0 1 10772
0 1 10774
0 1 10823
0 1 10837
0 1 10844
0 1 10846
0 1 10848
0 1 10858
0 1 10859
0 1 10865
0 1 10887
0 1 10889
0 1 10895
0 1 10896
0 1 10917
0 1 10920
0 1 10934
0 1 10938
0 1 10954
0 1 10957
0 1 10961
0 1 10962
0 1 10971
0 1 10976
0 1 10978
0 1 10979
0 1 10980
0 1 10982
0 1 10986
0 1 10989
0 1 10990
0 1 10995
0 1 11011
0 1 11013
0 1 11014
0 1 11015
0 1 11022
0 1 11027
0 1 11034
0 1 11052
0 1 11054
0 1 11057
0 1 11063
0 1 11066
0 1 11075
0 1 11076
0 1 11085
0 1 11087
0 1 11091
0 1 11106
0 1 11121
0 1 11123
0 1 11128
0 1 11136
0 1 11141
0 1 11144
0 1 11161
0 1 11163
0 1 11178
0 1 11181
0 1 11188
0 1 11204
0 1 11210
0 1 11215
0 1 11221
0 1 11222
0 1 11226
0 1 11230
0 1 11239
0 1 11242
0 1 11243
0 1 11244
0 1 11253
0 1 11259
0 1 11266
0 1 11268
0 1 11271
0 1 11280
0 1 11283
0 1 11291
0 1 11296
0 1 11299
0 1 11301
0 1 11304
0 1 11306
0 1 11310
0 1 11330
0 1 11335
0 1 11338
0 1 11340
0 1 11343
0 1 11346
0 1 11357
0 1 11358
0 1 11363
0 1 11366
0 1 11381
0 1 11383
0 1 11384
0 1 11390
0 1 11391
0 1 11393
0 1 11404
0 1 11408
0 1 11411
0 1 11412
0 1 11422
0 1 11424
0 1 11430
0 1 11453
0 1 11457
0 1 11468
0 1 11474
0 1 11479
0 1 11480
0 1 11482
0 1 11489
0 1 11493
0 1 11499
0 1 11506
0 1 11512
0 1 11513
0 1 11546
0 1 11548
0 1 11549
0 1 11554
0 1 11558
0 1 11559
0 1 11566
0 1 11571
0 1 11577
0 1 11582
0 1 11583
0 1 11586
0 1 11588
0 1 11594
0 1 11610
0 1 11613
0 1 11616
0 1 11621
0 1 11630
0 1 11635
0 1 11636
0 1 11639
0 1 11644
0 1 11646
0 1 11647
0 1 11650
0 1 11654
0 1 11662
0 1 11663
0 1 11675
0 1 11679
0 1 11681
0 1 11689
0 1 11691
0 1 11698
0 1 11699
0 1 11700
0 1 11701
0 1 11703
0 1 11705
0 1 11714
0 1 11719
0 1 11729
0 1 11742
0 1 11743
0 1 11750
0 1 11755
0 1 11756
0 1 11757
0 1 11762
0 1 11767
0 1 11769
0 1 11772
0 1 11776
0 1 11777
0 1 11786
0 1 11792
0 1 11796
0 1 11799
0 1 11800
0 1 11804
0 1 11805
0 1 11812
0 1 11819
0 1 11820
0 1 11830
0 1 11840
0 1 11842
0 1 11852
0 1 11858
0 1 11864
0 1 11870
0 1 11883
0 1 11889
0 1 11890
0 1 11891
0 1 11892
0 1 11896
0 1 11904
0 1 11913
0 1 11918
0 1 11919
0 1 11923
0 1 11928
0 1 11934
0 1 11938
0 1 11941
0 1 11951
0 1 11952
0 1 11953
0 1 11955
0 1 11958
0 1 11968
0 1 11974
0 1 11981
0 1 12000
0 1 12002
0 1 12009
0 1 12013
0 1 12016
0 1 12024
0 1 12026
0 1 12029
0 1 12037
0 1 12045
0 1 12049
0 1 12057
0 1 12064
0 1 12080
0 1 12081
0 1 12083
0 1 12086
0 1 12098
0 1 12099
0 1 12101
0 1 12102
0 1 12107
0 1 12110
0 1 12112
0 1 12117
0 1 12122
0 1 12127
0 1 12135
0 1 12138
0 1 12143
0 1 12149
0 1 12160
0 1 12170
0 1 12172
0 1 12183
0 1 12187
0 1 12194
0 1 12196
0 1 12203
0 1 12204
0 1 12205
0 1 12207
0 1 12208
0 1 12218
0 1 12221
0 1 12230
0 1 12231
0 1 12236
0 1 12242
0 1 12251
0 1 12252
0 1 12258
0 1 12259
0 1 12260
0 1 12276
0 1 12280
0 1 12286
0 1 12308
0 1 12310
0 1 12317
0 1 12318
0 1 12322
0 1 12323
0 1 12326
0 1 12331
0 1 12335
0 1 12337
0 1 12338
0 1 12347
0 1 12348
0 1 12363
0 1 12385
0 1 12390
0 1 12392
0 1 12398
0 1 12400
0 1 12410
0 1 12414
0 1 12421
0 1 12424
0 1 12427
0 1 12428
0 1 12441
0 1 12442
0 1 12445
0 1 12450
0 1 12455
0 1 12456
0 1 12463
0 1 12478
0 1 12481
0 1 12488
0 1 12491
0 1 12494
0 1 12499
0 1 12505
0 1 12516
0 1 12518
0 1 12526
0 1 12528
0 1 12533
0 1 12536
0 1 12542
0 1 12556
0 1 12558
0 1 12564
0 1 12567
0 1 12570
0 1 12572
0 1 12586
0 1 12589
0 1 12590
0 1 12591
0 1 12598
0 1 12612
0 1 12619
0 1 12620
0 1 12627
0 1 12628
0 1 12644
0 1 12645
0 1 12652
0 1 12661
0 1 12664
0 1 12670
0 1 12682
0 1 12693
0 1 12694
0 1 12695
0 1 12698
0 1 12700
0 1 12701
0 1 12702
0 1 12703
0 1 12709
0 1 12713
0 1 12719
0 1 12720
0 1 12726
0 1 12729
0 1 12737
0 1 12749
0 1 12750
0 1 12752
0 1 12760
0 1 12765
0 1 12767
0 1 12777
0 1 12778
0 1 12783
0 1 12784
0 1 12787
0 1 12791
0 1 12793
0 1 12799
0 1 12802
0 1 12805
0 1 12820
0 1 12823
0 1 12827
0 1 12832
0 1 12833
0 1 12835
0 1 12840
0 1 12842
0 1 12848
0 1 12852
0 1 12855
0 1 12856
0 1 12858
0 1 12865
0 1 12878
0 1 12885
0 1 12887
0 1 12888
0 1 12894
0 1 12895
0 1 12898
0 1 12906
0 1 12914
0 1 12915
0 1 12918
0 1 12923
0 1 12924
0 1 12928
0 1 12935
0 1 12939
0 1 12949
0 1 12952
0 1 12957
0 1 12964
0 1 12965
0 1 12967
0 1 12974
0 1 12979
0 1 12991
0 1 12993
0 1 12994
0 1 12998
0 1 12999
0 1 13002
0 1 13003
0 1 13005
0 1 13010
0 1 13014
0 1 13019
0 1 13029
0 1 13031
0 1 13034
0 1 13035
0 1 13036
0 1 13042
0 1 13047
0 1 13050
0 1 13058
0 1 13061
0 1 13064
0 1 13073
0 1 13076
0 1 13080
0 1 13081
0 1 13084
0 1 13088
0 1 13090
0 1 13092
0 1 13096
0 1 13099
0 1 13105
0 1 13109
0 1 13111
0 1 13126
0 1 13127
0 1 13132
0 1 13133
0 1 13138
0 1 13143
0 1 13149
0 1 13156
0 1 13170
0 1 13171
0 1 13181
0 1 13193
0 1 13195
0 1 13197
0 1 13198
0 1 13199
0 1 13204
0 1 13207
0 1 13216
0 1 13218
0 1 13228
0 1 13229
0 1 13230
0 1 13231
0 1 13249
0 1 13251
0 1 13252
0 1 13255
0 1 13258
0 1 13261
0 1 13262
0 1 13264
0 1 13271
0 1 13273
0 1 13275
0 1 13283
0 1 13285
0 1 13286
0 1 13289
0 1 13291
0 1 13294
0 1 13306
0 1 13310
0 1 13317
0 1 13318
0 1 13346
0 1 13351
0 1 13363
0 1 13368
0 1 13371
0 1 13372
0 1 13375
0 1 13376
0 1 13378
0 1 13380
0 1 13386
0 1 13390
0 1 13394
0 1 13399
0 1 13400
0 1 13401
0 1 13402
0 1 13414
0 1 13417
0 1 13420
0 1 13422
0 1 13429
0 1 13440
0 1 13445
0 1 13447
0 1 13456
0 1 13469
0 1 13470
0 1 13473
0 1 13474
0 1 13475
0 1 13484
0 1 13493
0 1 13519
0 1 13524
0 1 13529
0 1 13536
0 1 13553
0 1 13557
0 1 13559
0 1 13560
0 1 13570
0 1 13572
0 1 13591
0 1 13593
0 1 13595
0 1 13601
0 1 13611
0 1 13615
0 1 13620
0 1 13628
0 1 13630
0 1 13647
0 1 13650
0 1 13653
0 1 13654
0 1 13657
0 1 13659
0 1 13669
0 1 13673
0 1 13676
0 1 13679
0 1 13682
0 1 13689
0 1 13698
0 1 13704
0 1 13711
0 1 13712
0 1 13713
0 1 13716
0 1 13719
0 1 13739
0 1 13742
0 1 13745
0 1 13757
0 1 13762
0 1 13766
0 1 13768
0 1 13769
0 1 13771
0 1 13774
0 1 13775
0 1 13780
0 1 13787
0 1 13790
0 1 13793
0 1 13796
0 1 13800
0 1 13801
0 1 13812
0 1 13820
0 1 13829
0 1 13832
0 1 13834
0 1 13847
0 1 13850
0 1 13856
0 1 13863
0 1 13864
0 1 13865
0 1 13869
0 1 13874
0 1 13881
0 1 13885
0 1 13886
0 1 13889
0 1 13894
0 1 13899
0 1 13906
0 1 13907
0 1 13911
0 1 13913
0 1 13919
0 1 13927
0 1 13933
0 1 13947
0 1 13948
0 1 13953
0 1 13958
0 1 13970
0 1 13971
0 1 13974
0 1 13978
0 1 13984
0 1 13998
0 1 14000
0 1 14002
0 1 14007
0 1 14009
0 1 14010
0 1 14012
0 1 14013
0 1 14022
0 1 14026
0 1 14031
0 1 14032
0 1 14035
0 1 14039
0 1 14044
0 1 14045
0 1 14048
0 1 14054
0 1 14059
0 1 14066
0 1 14070
0 1 14071
0 1 14074
0 1 14076
0 1 14091
0 1 14097
0 1 14098
0 1 14099
0 1 14107
0 1 14112
0 1 14123
0 1 14124
0 1 14126
0 1 14130
0 1 14135
0 1 14137
0 1 14145
0 1 14146
0 1 14162
0 1 14164
0 1 14173
0 1 14185
0 1 14194
0 1 14195
0 1 14211
0 1 14214
0 1 14215
0 1 14226
0 1 14227
0 1 14228
0 1 14233
0 1 14236
0 1 14239
0 1 14242
0 1 14243
0 1 14253
0 1 14261
0 1 14263
0 1 14266
0 1 14280
0 1 14283
0 1 14288
0 1 14294
0 1 14295
0 1 14297
0 1 14298
0 1 14307
0 1 14308
0 1 14309
0 1 14319
0 1 14325
0 1 14327
0 1 14343
0 1 14345
0 1 14352
0 1 14354
0 1 14357
0 1 14358
0 1 14359
0 1 14360
0 1 14362
0 1 14369
0 1 14375
0 1 14376
0 1 14386
0 1 14396
0 1 14400
0 1 14408
0 1 14431
0 1 14433
0 1 14441
0 1 14445
0 1 14449
0 1 14454
0 1 14455
0 1 14467
0 1 14468
0 1 14469
0 1 14471
0 1 14474
0 1 14476
0 1 14479
0 1 14489
0 1 14491
0 1 14494
0 1 14497
0 1 14502
0 1 14504
0 1 14506
0 1 14511
0 1 14512
0 1 14513
0 1 14517
0 1 14523
0 1 14531
0 1 14532
0 1 14537
0 1 14542
0 1 14543
0 1 14544
0 1 14545
0 1 14546
0 1 14547
0 1 14548
0 1 14550
0 1 14555
0 1 14561
0 1 14563
0 1 14564
0 1 14583
0 1 14587
0 1 14597
0 1 14598
0 1 14600
0 1 14601
0 1 14604
0 1 14608
0 1 14609
0 1 14612
0 1 14615
0 1 14630
0 1 14633
0 1 14638
0 1 14643
0 1 14646
0 1 14656
0 1 14664
0 1 14669
0 1 14673
0 1 14675
0 1 14682
0 1 14687
0 1 14692
0 1 14694
0 1 14698
0 1 14700
0 1 14706
0 1 14707
0 1 14709
0 1 14710
0 1 14711
0 1 14714
0 1 14716
0 1 14717
0 1 14728
0 1 14731
0 1 14732
0 1 14743
0 1 14745
0 1 14752
0 1 14753
0 1 14755
0 1 14763
0 1 14768
0 1 14779
0 1 14791
0 1 14792
0 1 14800
0 1 14801
0 1 14805
0 1 14807
0 1 14815
0 1 14819
0 1 14824
0 1 14829
0 1 14840
0 1 14844
0 1 14848
0 1 14851
0 1 14852
0 1 14858
0 1 14860
0 1 14871
0 1 14878
0 1 14880
0 1 14881
0 1 14882
0 1 14887
0 1 14902
0 1 14909
0 1 14913
0 1 14914
0 1 14915
0 1 14919
0 1 14924
0 1 14931
0 1 14935
0 1 14939
0 1 14962
0 1 14963
0 1 14966
0 1 14971
0 1 14974
0 1 14980
0 1 14982
0 1 14985
0 1 14988
0 1 14990
0 1 14991
0 1 15002
0 1 15008
0 1 15019
0 1 15020
0 1 15023
0 1 15025
0 1 15028
0 1 15029
0 1 15032
0 1 15040
0 1 15041
0 1 15044
0 1 15051
0 1 15053
0 1 15059
0 1 15065
0 1 15066
0 1 15068
0 1 15071
0 1 15072
0 1 15077
0 1 15083
0 1 15088
0 1 15091
0 1 15093
0 1 15102
0 1 15106
0 1 15108
0 1 15109
0 1 15124
0 1 15134
0 1 15158
0 1 15159
0 1 15180
0 1 15187
0 1 15188
0 1 15189
0 1 15190
0 1 15194
0 1 15198
0 1 15199
0 1 15201
0 1 15202
0 1 15215
0 1 15219
0 1 15221
0 1 15222
0 1 15226
0 1 15227
0 1 15251
0 1 15252
0 1 15262
0 1 15267
0 1 15273
0 1 15282
0 1 15284
0 1 15285
0 1 15286
0 1 15287
0 1 15301
0 1 15304
0 1 15313
0 1 15321
0 1 15322
0 1 15326
0 1 15327
0 1 15329
0 1 15354
0 1 15362
0 1 15372
0 1 15374
0 1 15375
0 1 15387
0 1 15393
0 1 15398
0 1 15401
0 1 15408
0 1 15412
0 1 15417
0 1 15421
0 1 15422
0 1 15450
0 1 15456
0 1 15467
0 1 15470
0 1 15474
0 1 15475
0 1 15477
0 1 15489
0 1 15491
0 1 15503
0 1 15508
0 1 15519
0 1 15524
0 1 15528
0 1 15529
0 1 15535
0 1 15539
0 1 15550
0 1 15555
0 1 15563
0 1 15565
0 1 15568
0 1 15573
0 1 15576
0 1 15577
0 1 15589
0 1 15591
0 1 15596
0 1 15598
0 1 15599
0 1 15601
0 1 15603
0 1 15611
0 1 15613
0 1 15619
0 1 15621
0 1 15628
0 1 15630
0 1 15631
0 1 15633
0 1 15647
0 1 15652
0 1 15657
0 1 15660
0 1 15661
0 1 15668
0 1 15677
0 1 15678
0 1 15680
0 1 15681
0 1 15684
0 1 15691
0 1 15692
0 1 15695
0 1 15698
0 1 15703
0 1 15714
0 1 15717
0 1 15724
0 1 15732
0 1 15736
0 1 15740
0 1 15754
0 1 15770
0 1 15781
0 1 15787
0 1 15799
0 1 15801
0 1 15807
0 1 15809
0 1 15812
0 1 15814
0 1 15818
0 1 15825
0 1 15834
0 1 15840
0 1 15841
0 1 15852
0 1 15860
0 1 15863
0 1 15868
0 1 15891
0 1 15897
0 1 15906
0 1 15911
0 1 15916
0 1 15923
0 1 15931
0 1 15943
0 1 15948
0 1 15954
0 1 15961
0 1 15981
0 1 15984
0 1 15986
0 1 15987
0 1 16004
0 1 16005
0 1 16006
0 1 16020
0 1 16023
0 1 16028
0 1 16030
0 1 16031
0 1 16042
0 1 16051
0 1 16053
0 1 16055
0 1 16056
0 1 16063
0 1 16069
0 1 16072
0 1 16073
0 1 16085
0 1 16106
0 1 16114
0 1 16123
0 1 16124
0 1 16127
0 1 16129
0 1 16131
0 1 16144
0 1 16149
0 1 16154
0 1 16155
0 1 16175
0 1 16185
0 1 16191
0 1 16204
0 1 16214
0 1 16218
0 1 16222
0 1 16225
0 1 16235
0 1 16238
0 1 16239
0 1 16241
0 1 16249
0 1 16257
0 1 16258
0 1 16261
0 1 16265
0 1 16285
0 1 16292
0 1 16300
0 1 16305
0 1 16306
0 1 16307
0 1 16309
0 1 16313
0 1 16319
0 1 16325
0 1 16343
0 1 16360
0 1 16362
0 1 16365
0 1 16370
0 1 16376
0 1 16382
0 1 16389
0 1 16394
0 1 16401
0 1 16410
0 1 16411
0 1 16413
0 1 16422
0 1 16427
0 1 16429
0 1 16440
0 1 16450
0 1 16463
0 1 16465
0 1 16473
0 1 16479
0 1 16486
0 1 16494
0 1 16495
0 1 16501
0 1 16503
0 1 16508
0 1 16528
0 1 16534
0 1 16537
0 1 16546
0 1 16547
0 1 16551
0 1 16554
0 1 16555
0 1 16558
0 1 16563
0 1 16568
0 1 16575
0 1 16581
0 1 16583
0 1 16592
0 1 16593
0 1 16594
0 1 16599
0 1 16605
0 1 16612
0 1 16622
0 1 16630
0 1 16632
0 1 16634
0 1 16637
0 1 16638
0 1 16642
0 1 16648
0 1 16654
0 1 16655
0 1 16657
0 1 16658
0 1 16667
0 1 16671
0 1 16676
0 1 16681
0 1 16686
0 1 16692
0 1 16697
0 1 16722
0 1 16725
0 1 16727
0 1 16732
0 1 16733
0 1 16736
0 1 16742
0 1 16751
0 1 16764
0 1 16767
0 1 16774
0 1 16781
0 1 16782
0 1 16783
0 1 16793
0 1 16795
0 1 16799
0 1 16803
0 1 16810
0 1 16828
0 1 16829
0 1 16831
0 1 16833
0 1 16842
0 1 16859
0 1 16860
0 1 16867
0 1 16870
0 1 16871
0 1 16877
0 1 16878
0 1 16882
0 1 16889
0 1 16899
0 1 16901
0 1 16908
0 1 16911
0 1 16925
0 1 16933
0 1 16938
0 1 16943
0 1 16946
0 1 16954
0 1 16966
0 1 16967
0 1 16969
0 1 16973
0 1 16974
0 1 16980
0 1 16989
0 1 16991
0 1 16994
0 1 16995
0 1 16996
0 1 17003
0 1 17004
0 1 17017
0 1 17020
0 1 17021
0 1 17025
0 1 17038
0 1 17040
0 1 17044
0 1 17053
0 1 17054
0 1 17056
0 1 17058
0 1 17072
0 1 17074
0 1 17075
0 1 17077
0 1 17079
0 1 17086
0 1 17091
0 1 17093
0 1 17097
0 1 17113
0 1 17121
0 1 17125
0 1 17127
0 1 17128
0 1 17131
0 1 17132
0 1 17146
0 1 17155
0 1 17156
0 1 17159
0 1 17161
0 1 17164
0 1 17172
0 1 17175
0 1 17178
0 1 17202
0 1 17203
0 1 17204
0 1 17208
0 1 17215
0 1 17220
0 1 17222
0 1 17224
0 1 17230
0 1 17235
0 1 17239
0 1 17243
0 1 17249
0 1 17264
0 1 17266
0 1 17273
0 1 17277
0 1 17285
0 1 17287
0 1 17288
0 1 17289
0 1 17293
0 1 17300
0 1 17307
0 1 17311
0 1 17312
0 1 17317
0 1 17318
0 1 17321
0 1 17322
0 1 17325
0 1 17333
0 1 17338
0 1 17339
0 1 17348
0 1 17355
0 1 17360
0 1 17362
0 1 17365
0 1 17368
0 1 17369
0 1 17370
0 1 17373
0 1 17378
0 1 17381
0 1 17385
0 1 17387
0 1 17396
0 1 17397
0 1 17405
0 1 17406
0 1 17407
0 1 17408
0 1 17409
0 1 17411
0 1 17414
0 1 17415
0 1 17420
0 1 17421
0 1 17427
0 1 17441
0 1 17442
0 1 17447
0 1 17449
0 1 17460
0 1 17463
0 1 17469
0 1 17473
0 1 17475
0 1 17480
0 1 17481
0 1 17482
0 1 17486
0 1 17491
0 1 17500
0 1 17512
0 1 17513
0 1 17515
0 1 17527
0 1 17528
0 1 17529
0 1 17530
0 1 17536
0 1 17539
0 1 17543
0 1 17550
0 1 17551
0 1 17553
0 1 17563
0 1 17564
0 1 17566
0 1 17567
0 1 17568
0 1 17571
0 1 17574
0 1 17586
0 1 17587
0 1 17588
0 1 17589
0 1 17590
0 1 17592
0 1 17598
0 1 17608
0 1 17609
0 1 17615
0 1 17617
0 1 17630
0 1 17636
0 1 17644
0 1 17647
0 1 17648
0 1 17653
0 1 17663
0 1 17666
0 1 17670
0 1 17673
0 1 17674
0 1 17676
0 1 17682
0 1 17683
0 1 17691
0 1 17702
0 1 17715
0 1 17716
0 1 17723
0 1 17728
0 1 17736
0 1 17738
0 1 17744
0 1 17747
0 1 17755
0 1 17759
0 1 17769
0 1 17773
0 1 17775
0 1 17780
0 1 17783
0 1 17799
0 1 17801
0 1 17812
0 1 17823
0 1 17833
0 1 17843
0 1 17846
0 1 17847
0 1 17851
0 1 17860
0 1 17864
0 1 17865
0 1 17874
0 1 17876
0 1 17884
0 1 17886
0 1 17887
0 1 17894
0 1 17895
0 1 17903
0 1 17906
0 1 17910
0 1 17912
0 1 17917
0 1 17919
0 1 17920
0 1 17932
0 1 17934
0 1 17941
0 1 17943
0 1 17945
0 1 17951
0 1 17962
0 1 17966
0 1 17968
0 1 17972
0 1 17975
0 1 17979
0 1 17980
0 1 17982
0 1 17983
0 1 17990
0 1 17991
0 1 17997
0 1 17999
0 1 18007
0 1 18008
0 1 18015
0 1 18024
0 1 18028
0 1 18032
0 1 18033
0 1 18034
0 1 18041
0 1 18055
0 1 18063
0 1 18064
0 1 18071
0 1 18074
0 1 18076
0 1 18080
0 1 18081
0 1 18082
0 1 18094
0 1 18098
0 1 18100
0 1 18103
0 1 18104
0 1 18106
0 1 18111
0 1 18113
0 1 18119
0 1 18122
0 1 18131
0 1 18132
0 1 18145
0 1 18154
0 1 18158
0 1 18163
0 1 18173
0 1 18176
0 1 18177
0 1 18184
0 1 18185
0 1 18189
0 1 18190
0 1 18194
0 1 18200
0 1 18209
0 1 18216
0 1 18221
0 1 18226
0 1 18238
0 1 18239
0 1 18240
0 1 18259
0 1 18261
0 1 18265
0 1 18279
0 1 18290
0 1 18291
0 1 18294
0 1 18313
0 1 18314
0 1 18315
0 1 18320
0 1 18321
0 1 18326
0 1 18327
0 1 18335
0 1 18351
0 1 18354
0 1 18356
0 1 18359
0 1 18367
0 1 18370
0 1 18371
0 1 18376
0 1 18391
0 1 18397
0 1 18398
0 1 18403
0 1 18408
0 1 18411
0 1 18415
0 1 18416
0 1 18418
0 1 18427
0 1 18430
0 1 18438
0 1 18440
0 1 18448
0 1 18451
0 1 18452
0 1 18456
0 1 18458
0 1 18459
0 1 18463
0 1 18464
0 1 18471
0 1 18476
0 1 18478
0 1 18484
0 1 18497
0 1 18503
0 1 18504
0 1 18505
0 1 18515
0 1 18517
0 1 18518
0 1 18521
0 1 18536
0 1 18538
0 1 18558
0 1 18562
0 1 18573
0 1 18574
0 1 18579
0 1 18583
0 1 18618
0 1 18624
0 1 18626
0 1 18653
0 1 18656
0 1 18658
0 1 18665
0 1 18672
0 1 18679
0 1 18684
0 1 18685
0 1 18687
0 1 18689
0 1 18696
0 1 18702
0 1 18703
0 1 18704
0 1 18712
0 1 18726
0 1 18727
0 1 18728
0 1 18729
0 1 18732
0 1 18734
0 1 18740
0 1 18748
0 1 18751
0 1 18753
0 1 18757
0 1 18760
0 1 18762
0 1 18763
0 1 18764
0 1 18766
0 1 18769
0 1 18773
0 1 18794
0 1 18796
0 1 18801
0 1 18809
0 1 18811
0 1 18819
0 1 18823
0 1 18824
0 1 18840
0 1 18841
0 1 18843
0 1 18846
0 1 18848
0 1 18849
0 1 18850
0 1 18861
0 1 18867
0 1 18881
0 1 18887
0 1 18888
0 1 18902
0 1 18918
0 1 18923
0 1 18925
0 1 18931
0 1 18934
0 1 18938
0 1 18946
0 1 18952
0 1 18953
0 1 18957
0 1 18962
0 1 18973
0 1 18975
0 1 18984
0 1 18987
0 1 19012
0 1 19014
0 1 19015
0 1 19016
0 1 19017
0 1 19021
0 1 19022
0 1 19024
0 1 19033
0 1 19035
0 1 19037
0 1 19039
0 1 19040
0 1 19044
0 1 19045
0 1 19050
0 1 19056
0 1 19058
0 1 19061
0 1 19062
0 1 19068
0 1 19069
0 1 19078
0 1 19104
0 1 19114
0 1 19128
0 1 19130
0 1 19134
0 1 19135
0 1 19140
0 1 19142
0 1 19144
0 1 19153
0 1 19157
0 1 19160
0 1 19162
0 1 19163
0 1 19166
0 1 19177
0 1 19182
0 1 19183
0 1 19184
0 1 19186
0 1 19188
0 1 19195
0 1 19201
0 1 19205
0 1 19207
0 1 19208
0 1 19217
0 1 19221
0 1 19222
0 1 19226
0 1 19230
0 1 19232
0 1 19239
0 1 19245
0 1 19256
0 1 19257
0 1 19262
0 1 19273
0 1 19275
0 1 19276
0 1 19286
0 1 19288
0 1 19298
0 1 19300
0 1 19311
0 1 19312
0 1 19314
0 1 19315
0 1 19318
0 1 19323
0 1 19333
0 1 19336
0 1 19339
0 1 19342
0 1 19349
0 1 19350
0 1 19356
0 1 19361
0 1 19375
0 1 19382
0 1 19383
0 1 19391
0 1 19393
0 1 19395
0 1 19402
0 1 19406
0 1 19414
0 1 19416
0 1 19422
0 1 19435
0 1 19439
0 1 19442
0 1 19443
0 1 19451
0 1 19454
0 1 19463
0 1 19468
0 1 19470
0 1 19473
0 1 19474
0 1 19475
0 1 19488
0 1 19495
0 1 19496
0 1 19497
0 1 19504
0 1 19509
0 1 19515
0 1 19526
0 1 19530
0 1 19536
0 1 19542
0 1 19545
0 1 19547
0 1 19549
0 1 19554
0 1 19556
0 1 19557
0 1 19564
0 1 19566
0 1 19571
0 1 19572
0 1 19586
0 1 19590
0 1 19599
0 1 19600
0 1 19610
0 1 19616
0 1 19624
0 1 19628
0 1 19632
0 1 19633
0 1 19634
0 1 19638
0 1 19648
0 1 19653
0 1 19658
0 1 19662
0 1 19664
0 1 19671
0 1 19674
0 1 19675
0 1 19679
0 1 19686
0 1 19687
0 1 19700
0 1 19702
0 1 19705
0 1 19706
0 1 19709
0 1 19715
0 1 19722
0 1 19727
0 1 19730
0 1 19736
0 1 19737
0 1 19738
0 1 19742
0 1 19748
0 1 19749
0 1 19752
0 1 19756
0 1 19757
0 1 19759
0 1 19761
0 1 19762
0 1 19763
0 1 19765
0 1 19775
0 1 19780
0 1 19781
0 1 19784
0 1 19789
0 1 19792
0 1 19794
0 1 19804
0 1 19823
0 1 19824
0 1 19828
0 1 19829
0 1 19830
0 1 19832
0 1 19833
0 1 19834
0 1 19836
0 1 19838
0 1 19843
0 1 19845
0 1 19854
0 1 19855
0 1 19856
0 1 19859
0 1 19871
0 1 19873
0 1 19874
0 1 19877
0 1 19880
0 1 19894
0 1 19902
0 1 19910
0 1 19922
0 1 19931
0 1 19934
0 1 19935
0 1 19943
0 1 19946
0 1 19947
0 1 19951
0 1 19953
0 1 19954
0 1 19961
0 1 19962
0 1 19963
0 1 19979
0 1 19983
0 1 19985
0 1 19995
0 1 19997
0 1 19998
0 1 20001
0 1 20005
0 1 20006
0 1 20008
0 1 20009
0 1 20013
0 1 20017
0 1 20020
0 1 20023
0 1 20027
0 1 20034
0 1 20047
0 1 20049
0 1 20061
0 1 20071
0 1 20075
0 1 20077
0 1 20078
0 1 20080
0 1 20081
0 1 20085
0 1 20087
0 1 20094
0 1 20099
0 1 20111
0 1 20115
0 1 20121
0 1 20124
0 1 20129
0 1 20151
0 1 20153
0 1 20154
0 1 20155
0 1 20161
0 1 20162
0 1 20201
0 1 20202
0 1 20207
0 1 20208
0 1 20210
0 1 20212
0 1 20217
0 1 20220
0 1 20223
0 1 20226
0 1 20228
0 1 20229
0 1 20248
0 1 20263
0 1 20266
0 1 20269
0 1 20272
0 1 20278
0 1 20287
0 1 20291
0 1 20293
0 1 20295
0 1 20296
0 1 20323
0 1 20329
0 1 20330
0 1 20332
0 1 20335
0 1 20337
0 1 20338
0 1 20342
0 1 20350
0 1 20362
0 1 20364
0 1 20365
0 1 20377
0 1 20396
0 1 20397
0 1 20410
0 1 20431
0 1 20434
0 1 20436
0 1 20440
0 1 20442
0 1 20445
0 1 20448
0 1 20449
0 1 20451
0 1 20452
0 1 20454
0 1 20463
0 1 20465
0 1 20466
0 1 20470
0 1 20474
0 1 20476
0 1 20482
0 1 20484
0 1 20488
0 1 20490
0 1 20498
0 1 20505
0 1 20510
0 1 20512
0 1 20516
0 1 20520
0 1 20521
0 1 20523
0 1 20524
0 1 20527
0 1 20528
0 1 20538
0 1 20540
0 1 20541
0 1 20542
0 1 20546
0 1 20560
0 1 20566
0 1 20568
0 1 20570
0 1 20574
0 1 20578
0 1 20585
0 1 20586
0 1 20596
0 1 20599
0 1 20601
0 1 20608
0 1 20613
0 1 20619
0 1 20622
0 1 20624
0 1 20626
0 1 20632
0 1 20644
0 1 20645
0 1 20652
0 1 20660
0 1 20669
0 1 20671
0 1 20674
0 1 20677
0 1 20680
0 1 20685
0 1 20687
0 1 20688
0 1 20693
0 1 20694
0 1 20695
0 1 20699
0 1 20703
0 1 20708
0 1 20709
0 1 20710
0 1 20717
0 1 20726
0 1 20727
0 1 20732
0 1 20734
0 1 20739
0 1 20742
0 1 20743
0 1 20754
0 1 20760
0 1 20761
0 1 20772
0 1 20773
0 1 20777
0 1 20784
0 1 20803
0 1 20809
0 1 20811
0 1 20815
0 1 20822
0 1 20830
0 1 20831
0 1 20835
0 1 20844
0 1 20847
0 1 20853
0 1 20871
0 1 20874
0 1 20875
0 1 20877
0 1 20879
0 1 20894
0 1 20897
0 1 20899
0 1 20903
0 1 20905
0 1 20912
0 1 20914
0 1 20919
0 1 20927
0 1 20931
0 1 20937
0 1 20941
0 1 20950
0 1 20958
0 1 20962
0 1 20980
0 1 20985
0 1 20987
0 1 20990
0 1 20996
0 1 21009
0 1 21012
0 1 21016
0 1 21020
0 1 21023
0 1 21027
0 1 21035
0 1 21039
0 1 21040
0 1 21043
0 1 21044
0 1 21051
0 1 21052
0 1 21057
0 1 21060
0 1 21074
0 1 21075
0 1 21077
0 1 21078
0 1 21083
0 1 21084
0 1 21087
0 1 21088
0 1 21089
0 1 21101
0 1 21104
0 1 21108
0 1 21115
0 1 21116
0 1 21118
0 1 21123
0 1 21133
0 1 21141
0 1 21147
0 1 21167
0 1 21191
0 1 21193
0 1 21202
0 1 21203
0 1 21212
0 1 21214
0 1 21221
0 1 21222
0 1 21226
0 1 21229
0 1 21233
0 1 21239
0 1 21242
0 1 21246
0 1 21248
0 1 21249
0 1 21251
0 1 21253
0 1 21260
0 1 21266
0 1 21278
0 1 21293
0 1 21302
0 1 21316
0 1 21317
0 1 21318
0 1 21323
0 1 21326
0 1 21327
0 1 21329
0 1 21330
0 1 21331
0 1 21334
0 1 21342
0 1 21344
0 1 21347
0 1 21351
0 1 21352
0 1 21354
0 1 21356
0 1 21357
0 1 21358
0 1 21370
0 1 21377
0 1 21378
0 1 21383
0 1 21390
0 1 21397
0 1 21403
0 1 21406
0 1 21412
0 1 21416
0 1 21423
0 1 21426
0 1 21435
0 1 21440
0 1 21443
0 1 21446
0 1 21464
0 1 21470
0 1 21472
0 1 21475
0 1 21478
0 1 21485
0 1 21523
0 1 21527
0 1 21536
0 1 21537
0 1 21540
0 1 21560
0 1 21563
0 1 21566
0 1 21567
0 1 21568
0 1 21579
0 1 21581
0 1 21582
0 1 21588
0 1 21595
0 1 21602
0 1 21606
0 1 21622
0 1 21626
0 1 21633
0 1 21634
0 1 21638
0 1 21642
0 1 21643
0 1 21644
0 1 21647
0 1 21652
0 1 21656
0 1 21657
0 1 21673
0 1 21678
0 1 21681
0 1 21687
0 1 21694
0 1 21695
0 1 21696
0 1 21701
0 1 21702
0 1 21713
0 1 21726
0 1 21731
0 1 21741
0 1 21750
0 1 21764
0 1 21767
0 1 21776
0 1 21778
0 1 21781
0 1 21782
0 1 21783
0 1 21787
0 1 21792
0 1 21799
0 1 21800
0 1 21805
0 1 21816
0 1 21819
0 1 21828
0 1 21842
0 1 21856
0 1 21858
0 1 21862
0 1 21863
0 1 21868
0 1 21876
0 1 21880
0 1 21884
0 1 21892
0 1 21895
0 1 21902
0 1 21904
0 1 21909
0 1 21914
0 1 21917
0 1 21921
0 1 21925
0 1 21929
0 1 21931
0 1 21932
0 1 21937
0 1 21945
0 1 21947
0 1 21949
0 1 21953
0 1 21957
0 1 21965
0 1 21972
0 1 21977
0 1 21997
0 1 21998
0 1 22000
0 1 22011
0 1 22019
0 1 22032
0 1 22044
0 1 22052
0 1 22061
0 1 22073
0 1 22086
0 1 22090
0 1 22099
0 1 22100
0 1 22110
0 1 22115
0 1 22123
0 1 22125
0 1 22127
0 1 22130
0 1 22133
0 1 22134
0 1 22139
0 1 22146
0 1 22152
0 1 22156
0 1 22170
0 1 22172
0 1 22175
0 1 22177
0 1 22206
0 1 22210
0 1 22219
0 1 22221
0 1 22231
0 1 22237
0 1 22242
0 1 22253
0 1 22260
0 1 22282
0 1 22283
0 1 22286
0 1 22288
0 1 22295
0 1 22302
0 1 22307
0 1 22310
0 1 22312
0 1 22314
0 1 22322
0 1 22330
0 1 22331
0 1 22341
0 1 22351
0 1 22353
0 1 22359
0 1 22361
0 1 22366
0 1 22368
0 1 22371
0 1 22372
0 1 22394
0 1 22403
0 1 22406
0 1 22407
0 1 22413
0 1 22416
0 1 22419
0 1 22421
0 1 22426
0 1 22438
0 1 22444
0 1 22445
0 1 22449
0 1 22451
0 1 22463
0 1 22465
0 1 22466
0 1 22467
0 1 22476
0 1 22480
0 1 22484
0 1 22489
0 1 22493
0 1 22501
0 1 22502
0 1 22515
0 1 22518
0 1 22524
0 1 22531
0 1 22537
0 1 22544
0 1 22550
0 1 22551
0 1 22553
0 1 22555
0 1 22557
0 1 22571
0 1 22577
0 1 22582
0 1 22587
0 1 22588
0 1 22589
0 1 22590
0 1 22599
0 1 22601
0 1 22604
0 1 22610
0 1 22617
0 1 22627
0 1 22628
0 1 22634
0 1 22642
0 1 22647
0 1 22650
0 1 22651
0 1 22652
0 1 22654
0 1 22655
0 1 22658
0 1 22670
0 1 22675
0 1 22689
0 1 22706
0 1 22708
0 1 22714
0 1 22716
0 1 22719
0 1 22722
0 1 22729
0 1 22733
0 1 22734
0 1 22736
0 1 22743
0 1 22746
0 1 22748
0 1 22759
0 1 22768
0 1 22777
0 1 22781
0 1 22782
0 1 22783
0 1 22784
0 1 22796
0 1 22804
0 1 22811
0 1 22814
0 1 22816
0 1 22822
0 1 22826
0 1 22843
0 1 22844
0 1 22847
0 1 22853
0 1 22854
0 1 22856
0 1 22857
0 1 22862
0 1 22865
0 1 22870
0 1 22871
0 1 22872
0 1 22879
0 1 22882
0 1 22893
0 1 22902
0 1 22915
0 1 22936
0 1 22942
0 1 22949
0 1 22958
0 1 22961
0 1 22964
0 1 22966
0 1 22970
0 1 22981
0 1 22983
0 1 22985
0 1 22988
0 1 22989
0 1 22991
0 1 22994
0 1 22997
0 1 23000
0 1 23002
0 1 23010
0 1 23016
0 1 23018
0 1 23031
0 1 23035
0 1 23037
0 1 23046
0 1 23050
0 1 23051
0 1 23055
0 1 23056
0 1 23058
0 1 23061
0 1 23063
0 1 23064
0 1 23073
0 1 23074
0 1 23081
0 1 23089
0 1 23091
0 1 23092
0 1 23103
0 1 23104
0 1 23111
0 1 23114
0 1 23123
0 1 23125
0 1 23130
0 1 23131
0 1 23153
0 1 23155
0 1 23169
0 1 23175
0 1 23181
0 1 23185
0 1 23186
0 1 23199
0 1 23200
0 1 23215
0 1 23218
0 1 23222
0 1 23258
0 1 23260
0 1 23261
0 1 23267
0 1 23268
0 1 23270
0 1 23272
0 1 23276
0 1 23277
0 1 23280
0 1 23290
0 1 23295
0 1 23296
0 1 23299
0 1 23300
0 1 23304
0 1 23305
0 1 23309
0 1 23311
0 1 23312
0 1 23322
0 1 23330
0 1 23336
0 1 23337
0 1 23341
0 1 23345
0 1 23347
0 1 23357
0 1 23360
0 1 23367
0 1 23369
0 1 23372
0 1 23386
0 1 23395
0 1 23398
0 1 23408
0 1 23413
0 1 23427
0 1 23434
0 1 23439
0 1 23447
0 1 23448
0 1 23461
0 1 23463
0 1 23474
0 1 23487
0 1 23508
0 1 23509
0 1 23513
0 1 23515
0 1 23534
0 1 23544
0 1 23546
0 1 23549
0 1 23552
0 1 23554
0 1 23564
0 1 23566
0 1 23571
0 1 23578
0 1 23580
0 1 23603
0 1 23605
0 1 23608
0 1 23618
0 1 23629
0 1 23630
0 1 23633
0 1 23639
0 1 23642
0 1 23646
0 1 23647
0 1 23664
0 1 23666
0 1 23677
0 1 23679
0 1 23684
0 1 23689
0 1 23690
0 1 23692
0 1 23693
0 1 23697
0 1 23698
0 1 23702
0 1 23705
0 1 23721
0 1 23725
0 1 23730
0 1 23731
0 1 23732
0 1 23733
0 1 23738
0 1 23740
0 1 23749
0 1 23750
0 1 23753
0 1 23767
0 1 23772
0 1 23776
0 1 23791
0 1 23796
0 1 23803
0 1 23804
0 1 23813
0 1 23818
0 1 23820
0 1 23823
0 1 23828
0 1 23829
0 1 23834
0 1 23835
0 1 23837
0 1 23838
0 1 23840
0 1 23856
0 1 23861
0 1 23863
0 1 23871
0 1 23876
0 1 23880
0 1 23884
0 1 23896
0 1 23903
0 1 23910
0 1 23914
0 1 23917
0 1 23920
0 1 23930
0 1 23940
0 1 23945
0 1 23948
0 1 23978
0 1 23979
0 1 23981
0 1 23988
0 1 24005
0 1 24010
0 1 24018
0 1 24020
0 1 24021
0 1 24023
0 1 24025
0 1 24032
0 1 24037
0 1 24041
0 1 24045
0 1 24055
0 1 24057
0 1 24058
0 1 24080
0 1 24081
0 1 24096
0 1 24097
0 1 24105
0 1 24106
0 1 24114
0 1 24119
0 1 24120
0 1 24123
0 1 24126
0 1 24134
0 1 24135
0 1 24136
0 1 24145
0 1 24147
0 1 24148
0 1 24165
0 1 24171
0 1 24172
0 1 24175
0 1 24178
0 1 24179
0 1 24180
0 1 24193
0 1 24194
0 1 24198
0 1 24201
0 1 24205
0 1 24206
0 1 24220
0 1 24225
0 1 24227
0 1 24229
0 1 24232
0 1 24233
0 1 24234
0 1 24239
0 1 24244
0 1 24257
0 1 24260
0 1 24263
0 1 24269
0 1 24279
0 1 24281
0 1 24286
0 1 24294
0 1 24297
0 1 24310
0 1 24314
0 1 24317
0 1 24318
0 1 24319
0 1 24330
0 1 24331
0 1 24335
0 1 24342
0 1 24349
0 1 24350
0 1 24352
0 1 24355
0 1 24358
0 1 24367
0 1 24369
0 1 24374
0 1 24380
0 1 24381
0 1 24384
0 1 24390
0 1 24396
0 1 24398
0 1 24419
0 1 24421
0 1 24423
0 1 24428
0 1 24434
0 1 24438
0 1 24440
0 1 24447
0 1 24461
0 1 24473
0 1 24478
0 1 24479
0 1 24482
0 1 24491
0 1 24494
0 1 24501
0 1 24507
0 1 24508
0 1 24509
0 1 24521
0 1 24528
0 1 24535
0 1 24552
0 1 24554
0 1 24559
0 1 24569
0 1 24570
0 1 24576
0 1 24581
0 1 24589
0 1 24591
0 1 24592
0 1 24602
0 1 24605
0 1 24616
0 1 24620
0 1 24623
0 1 24625
0 1 24629
0 1 24630
0 1 24632
0 1 24642
0 1 24649
0 1 24655
0 1 24667
0 1 24673
0 1 24677
0 1 24678
0 1 24697
0 1 24700
0 1 24707
0 1 24709
0 1 24715
0 1 24720
0 1 24722
0 1 24724
0 1 24737
0 1 24741
0 1 24743
0 1 24745
0 1 24750
0 1 24756
0 1 24758
0 1 24759
0 1 24760
0 1 24764
0 1 24767
0 1 24768
0 1 24769
0 1 24778
0 1 24780
0 1 24785
0 1 24786
0 1 24790
0 1 24797
0 1 24800
0 1 24803
0 1 24808
0 1 24813
0 1 24816
0 1 24817
0 1 24822
0 1 24832
0 1 24845
0 1 24861
0 1 24863
0 1 24870
0 1 24872
0 1 24876
0 1 24878
0 1 24884
0 1 24896
0 1 24901
0 1 24919
0 1 24920
0 1 24922
0 1 24923
0 1 24930
0 1 24933
0 1 24937
0 1 24942
0 1 24946
0 1 24948
0 1 24949
0 1 24954
0 1 24955
0 1 24956
0 1 24961
0 1 24968
0 1 24980
0 1 24984
0 1 24987
0 1 24997
0 1 25004
0 1 25005
0 1 25006
0 1 25009
0 1 25022
0 1 25027
0 1 25034
0 1 25042
0 1 25043
0 1 25050
0 1 25056
0 1 25057
0 1 25059
0 1 25065
0 1 25067
0 1 25073
0 1 25081
0 1 25094
0 1 25097
0 1 25103
0 1 25106
0 1 25108
0 1 25110
0 1 25113
0 1 25121
0 1 25125
0 1 25128
0 1 25138
0 1 25140
0 1 25141
0 1 25148
0 1 25150
0 1 25161
0 1 25165
0 1 25167
0 1 25170
0 1 25174
0 1 25180
0 1 25188
0 1 25197
0 1 25199
0 1 25201
0 1 25202
0 1 25212
0 1 25225
0 1 25226
0 1 25236
0 1 25239
0 1 25240
0 1 25245
0 1 25253
0 1 25257
0 1 25263
0 1 25268
0 1 25273
0 1 25282
0 1 25290
0 1 25292
0 1 25295
0 1 25296
0 1 25304
0 1 25307
0 1 25308
0 1 25309
0 1 25312
0 1 25320
0 1 25322
0 1 25323
0 1 25331
0 1 25336
0 1 25349
0 1 25351
0 1 25352
0 1 25360
0 1 25364
0 1 25367
0 1 25369
0 1 25371
0 1 25373
0 1 25375
0 1 25386
0 1 25391
0 1 25418
0 1 25422
0 1 25423
0 1 25424
0 1 25429
0 1 25436
0 1 25443
0 1 25455
0 1 25456
0 1 25463
0 1 25469
0 1 25472
0 1 25475
0 1 25478
0 1 25481
0 1 25491
0 1 25493
0 1 25494
0 1 25495
0 1 25497
0 1 25498
0 1 25499
0 1 25500
0 1 25501
0 1 25504
0 1 25506
0 1 25516
0 1 25517
0 1 25519
0 1 25525
0 1 25527
0 1 25532
0 1 25535
0 1 25536
0 1 25542
0 1 25543
0 1 25546
0 1 25559
0 1 25562
0 1 25567
0 1 25570
0 1 25581
0 1 25582
0 1 25589
0 1 25590
0 1 25591
0 1 25597
0 1 25603
0 1 25606
0 1 25607
0 1 25609
0 1 25615
0 1 25616
0 1 25626
0 1 25627
0 1 25630
0 1 25632
0 1 25634
0 1 25652
0 1 25656
0 1 25661
0 1 25662
0 1 25665
0 1 25667
0 1 25668
0 1 25671
0 1 25676
0 1 25679
0 1 25686
0 1 25709
0 1 25716
0 1 25719
0 1 25726
0 1 25729
0 1 25731
0 1 25736
0 1 25739
0 1 25740
0 1 25748
0 1 25749
0 1 25751
0 1 25752
0 1 25753
0 1 25757
0 1 25765
0 1 25771
0 1 25773
0 1 25787
0 1 25793
0 1 25797
0 1 25805
0 1 25808
0 1 25814
0 1 25815
0 1 25819
0 1 25847
0 1 25853
0 1 25855
0 1 25863
0 1 25871
0 1 25877
0 1 25880
0 1 25883
0 1 25893
0 1 25897
0 1 25904
0 1 25909
0 1 25917
0 1 25919
0 1 25924
0 1 25941
0 1 25942
0 1 25945
0 1 25950
0 1 25960
0 1 25962
0 1 25963
0 1 25964
0 1 25968
0 1 25969
0 1 25987
0 1 25988
0 1 25992
0 1 25995
0 1 25996
0 1 26001
0 1 26006
0 1 26014
0 1 26021
0 1 26025
0 1 26028
0 1 26032
0 1 26035
0 1 26041
0 1 26042
0 1 26043
0 1 26047
0 1 26048
0 1 26072
0 1 26073
0 1 26083
0 1 26085
0 1 26087
0 1 26089
0 1 26090
0 1 26095
0 1 26096
0 1 26102
0 1 26109
0 1 26110
0 1 26113
0 1 26118
0 1 26120
0 1 26124
0 1 26125
0 1 26127
0 1 26131
0 1 26133
0 1 26147
0 1 26153
0 1 26155
0 1 26167
0 1 26171
0 1 26172
0 1 26182
0 1 26189
0 1 26192
0 1 26202
0 1 26209
0 1 26235
0 1 26248
0 1 26250
0 1 26257
0 1 26275
0 1 26278
0 1 26281
0 1 26286
0 1 26304
0 1 26306
0 1 26315
0 1 26320
0 1 26326
0 1 26329
0 1 26336
0 1 26341
0 1 26342
0 1 26351
0 1 26354
0 1 26355
0 1 26361
0 1 26363
0 1 26365
0 1 26369
0 1 26374
0 1 26376
0 1 26391
0 1 26398
0 1 26407
0 1 26408
0 1 26410
0 1 26411
0 1 26414
0 1 26418
0 1 26425
0 1 26432
0 1 26435
0 1 26436
0 1 26437
0 1 26460
0 1 26461
0 1 26469
0 1 26470
0 1 26478
0 1 26482
0 1 26499
0 1 26501
0 1 26505
0 1 26510
0 1 26513
0 1 26517
0 1 26522
0 1 26528
0 1 26529
0 1 26531
0 1 26533
0 1 26538
0 1 26551
0 1 26565
0 1 26570
0 1 26572
0 1 26575
0 1 26580
0 1 26581
0 1 26583
0 1 26587
0 1 26592
0 1 26595
0 1 26606
0 1 26615
0 1 26616
0 1 26621
0 1 26625
0 1 26627
0 1 26633
0 1 26654
0 1 26655
0 1 26657
0 1 26667
0 1 26674
0 1 26690
0 1 26697
0 1 26698
0 1 26699
0 1 26707
0 1 26714
0 1 26719
0 1 26720
0 1 26724
0 1 26735
0 1 26739
0 1 26741
0 1 26744
0 1 26746
0 1 26755
0 1 26762
0 1 26765
0 1 26766
0 1 26768
0 1 26770
0 1 26777
0 1 26778
0 1 26780
0 1 26782
0 1 26784
0 1 26793
0 1 26794
0 1 26796
0 1 26804
0 1 26810
0 1 26815
0 1 26819
0 1 26823
0 1 26824
0 1 26827
0 1 26832
0 1 26834
0 1 26835
0 1 26836
0 1 26859
0 1 26862
0 1 26871
0 1 26880
0 1 26885
0 1 26887
0 1 26904
0 1 26905
0 1 26908
0 1 26914
0 1 26923
0 1 26924
0 1 26927
0 1 26939
0 1 26944
0 1 26958
0 1 26960
0 1 26964
0 1 26978
0 1 26988
0 1 26992
0 1 27001
0 1 27003
0 1 27004
0 1 27007
0 1 27009
0 1 27010
0 1 27011
0 1 27014
0 1 27024
0 1 27028
0 1 27033
0 1 27039
0 1 27045
0 1 27046
0 1 27052
0 1 27056
0 1 27060
0 1 27061
0 1 27064
0 1 27069
0 1 27070
0 1 27071
0 1 27074
0 1 27083
0 1 27090
0 1 27091
0 1 27102
0 1 27112
0 1 27122
0 1 27125
0 1 27126
0 1 27127
0 1 27130
0 1 27131
0 1 27132
0 1 27135
0 1 27137
0 1 27141
0 1 27143
0 1 27149
0 1 27151
0 1 27153
0 1 27160
0 1 27161
0 1 27162
0 1 27171
0 1 27174
0 1 27176
0 1 27190
0 1 27193
0 1 27219
0 1 27223
0 1 27227
0 1 27228
0 1 27231
0 1 27235
0 1 27241
0 1 27242
0 1 27243
0 1 27244
0 1 27248
0 1 27253
0 1 27254
0 1 27255
0 1 27256
0 1 27269
0 1 27270
0 1 27273
0 1 27274
0 1 27278
0 1 27282
0 1 27284
0 1 27288
0 1 27289
0 1 27291
0 1 27292
0 1 27299
0 1 27313
0 1 27314
0 1 27315
0 1 27319
0 1 27321
0 1 27325
0 1 27327
0 1 27328
0 1 27329
0 1 27336
0 1 27345
0 1 27347
0 1 27356
0 1 27359
0 1 27369
0 1 27372
0 1 27375
0 1 27379
0 1 27382
0 1 27383
0 1 27385
0 1 27391
0 1 27395
0 1 27397
0 1 27400
0 1 27417
0 1 27418
0 1 27419
0 1 27421
0 1 27430
0 1 27431
0 1 27435
0 1 27436
0 1 27438
0 1 27439
0 1 27441
0 1 27450
0 1 27470
0 1 27476
0 1 27479
0 1 27480
0 1 27492
0 1 27494
0 1 27496
0 1 27501
0 1 27502
0 1 27504
0 1 27508
0 1 27515
0 1 27517
0 1 27521
0 1 27522
0 1 27534
0 1 27552
0 1 27558
0 1 27561
0 1 27562
0 1 27564
0 1 27566
0 1 27568
0 1 27576
0 1 27592
0 1 27611
0 1 27614
0 1 27619
0 1 27620
0 1 27623
0 1 27625
0 1 27628
0 1 27641
0 1 27645
0 1 27658
0 1 27661
0 1 27662
0 1 27678
0 1 27681
0 1 27683
0 1 27685
0 1 27691
0 1 27698
0 1 27700
0 1 27703
0 1 27722
0 1 27730
0 1 27732
0 1 27737
0 1 27744
0 1 27746
0 1 27749
0 1 27750
0 1 27761
0 1 27762
0 1 27767
0 1 27768
0 1 27779
0 1 27781
0 1 27789
0 1 27794
0 1 27799
0 1 27803
0 1 27807
0 1 27811
0 1 27815
0 1 27821
0 1 27828
0 1 27829
0 1 27835
0 1 27836
0 1 27843
0 1 27844
0 1 27852
0 1 27856
0 1 27866
0 1 27867
0 1 27872
0 1 27876
0 1 27888
0 1 27889
0 1 27890
0 1 27893
0 1 27902
0 1 27906
0 1 27910
0 1 27918
0 1 27919
0 1 27929
0 1 27940
0 1 27941
0 1 27951
0 1 27952
0 1 27955
0 1 27965
0 1 27972
0 1 27973
0 1 27981
0 1 27992
0 1 28001
0 1 28006
0 1 28013
0 1 28022
0 1 28026
0 1 28037
0 1 28038
0 1 28041
0 1 28052
0 1 28056
0 1 28062
0 1 28067
0 1 28068
0 1 28073
0 1 28077
0 1 28079
0 1 28081
0 1 28082
0 1 28087
0 1 28091
0 1 28100
0 1 28101
0 1 28112
0 1 28116
0 1 28117
0 1 28118
0 1 28124
0 1 28125
0 1 28128
0 1 28130
0 1 28133
0 1 28140
0 1 28149
0 1 28150
0 1 28152
0 1 28158
0 1 28159
0 1 28164
0 1 28167
0 1 28171
0 1 28172
0 1 28173
0 1 28175
0 1 28180
0 1 28181
0 1 28182
0 1 28185
0 1 28189
0 1 28191
0 1 28196
0 1 28197
0 1 28202
0 1 28211
0 1 28215
0 1 28218
0 1 28220
0 1 28229
0 1 28246
0 1 28247
0 1 28249
0 1 28253
0 1 28255
0 1 28263
0 1 28266
0 1 28267
0 1 28278
0 1 28279
0 1 28286
0 1 28287
0 1 28296
0 1 28302
0 1 28306
0 1 28320
0 1 28322
0 1 28329
0 1 28331
0 1 28333
0 1 28334
0 1 28338
0 1 28340
0 1 28341
0 1 28355
0 1 28358
0 1 28361
0 1 28363
0 1 28367
0 1 28368
0 1 28375
0 1 28383
0 1 28385
0 1 28395
0 1 28401
0 1 28405
0 1 28408
0 1 28412
0 1 28414
0 1 28423
0 1 28425
0 1 28427
0 1 28429
0 1 28435
0 1 28437
0 1 28447
0 1 28449
0 1 28456
0 1 28457
0 1 28458
0 1 28460
0 1 28468
0 1 28478
0 1 28483
0 1 28488
0 1 28492
0 1 28495
0 1 28496
0 1 28498
0 1 28510
0 1 28515
0 1 28520
0 1 28532
0 1 28535
0 1 28537
0 1 28539
0 1 28541
0 1 28542
0 1 28547
0 1 28551
0 1 28555
0 1 28557
0 1 28566
0 1 28570
0 1 28571
0 1 28577
0 1 28589
0 1 28590
0 1 28594
0 1 28604
0 1 28609
0 1 28629
0 1 28633
0 1 28648
0 1 28653
0 1 28659
0 1 28663
0 1 28665
0 1 28667
0 1 28668
0 1 28672
0 1 28680
0 1 28681
0 1 28684
0 1 28685
0 1 28687
0 1 28708
0 1 28713
0 1 28717
0 1 28722
0 1 28724
0 1 28726
0 1 28727
0 1 28728
0 1 28731
0 1 28734
0 1 28736
0 1 28738
0 1 28745
0 1 28753
0 1 28754
0 1 28758
0 1 28760
0 1 28764
0 1 28773
0 1 28779
0 1 28784
0 1 28785
0 1 28788
0 1 28792
0 1 28797
0 1 28804
0 1 28809
0 1 28811
0 1 28826
0 1 28832
0 1 28835
0 1 28848
0 1 28850
0 1 28853
0 1 28859
0 1 28863
0 1 28865
0 1 28868
0 1 28869
0 1 28876
0 1 28880
0 1 28887
0 1 28891
0 1 28897
0 1 28906
0 1 28914
0 1 28923
0 1 28926
0 1 28929
0 1 28934
0 1 28937
0 1 28945
0 1 28948
0 1 28950
0 1 28951
0 1 28952
0 1 28956
0 1 28958
0 1 28968
0 1 28971
0 1 28975
0 1 28976
0 1 28978
0 1 28981
0 1 28986
0 1 28988
0 1 28989
0 1 28993
0 1 29004
0 1 29011
0 1 29020
0 1 29026
0 1 29041
0 1 29052
0 1 29053
0 1 29058
0 1 29065
0 1 29068
0 1 29071
0 1 29072
0 1 29074
0 1 29076
0 1 29083
0 1 29086
0 1 29087
0 1 29110
0 1 29117
0 1 29118
0 1 29126
0 1 29136
0 1 29148
0 1 29149
0 1 29152
0 1 29162
0 1 29178
0 1 29182
0 1 29184
0 1 29186
0 1 29188
0 1 29196
0 1 29203
0 1 29204
0 1 29223
0 1 29234
0 1 29236
0 1 29242
0 1 29246
0 1 29247
0 1 29251
0 1 29266
0 1 29271
0 1 29274
0 1 29276
0 1 29278
0 1 29280
0 1 29281
0 1 29282
0 1 29286
0 1 29291
0 1 29296
0 1 29299
0 1 29307
0 1 29310
0 1 29313
0 1 29326
0 1 29329
0 1 29333
0 1 29339
0 1 29342
0 1 29343
0 1 29375
0 1 29381
0 1 29383
0 1 29389
0 1 29390
0 1 29418
0 1 29423
0 1 29427
0 1 29429
0 1 29430
0 1 29436
0 1 29446
0 1 29448
0 1 29450
0 1 29455
0 1 29461
0 1 29464
0 1 29469
0 1 29472
0 1 29482
0 1 29484
0 1 29505
0 1 29509
0 1 29510
0 1 29512
0 1 29525
0 1 29528
0 1 29529
0 1 29532
0 1 29533
0 1 29534
0 1 29538
0 1 29541
0 1 29558
0 1 29564
0 1 29566
0 1 29574
0 1 29580
0 1 29583
0 1 29588
0 1 29593
0 1 29602
0 1 29611
0 1 29612
0 1 29629
0 1 29631
0 1 29633
0 1 29634
0 1 29638
0 1 29640
0 1 29642
0 1 29644
0 1 29648
0 1 29654
0 1 29655
0 1 29659
0 1 29677
0 1 29679
0 1 29686
0 1 29692
0 1 29696
0 1 29697
0 1 29713
0 1 29714
0 1 29717
0 1 29722
0 1 29724
0 1 29730
0 1 29738
0 1 29743
0 1 29744
0 1 29746
0 1 29747
0 1 29748
0 1 29751
0 1 29763
0 1 29765
0 1 29766
0 1 29781
0 1 29784
0 1 29785
0 1 29787
0 1 29788
0 1 29789
0 1 29790
0 1 29791
0 1 29800
0 1 29812
0 1 29818
0 1 29823
0 1 29831
0 1 29835
0 1 29839
0 1 29840
0 1 29842
0 1 29852
0 1 29856
0 1 29859
0 1 29864
0 1 29870
0 1 29873
0 1 29884
0 1 29886
0 1 29897
0 1 29904
0 1 29909
0 1 29910
0 1 29911
0 1 29924
0 1 29929
0 1 29933
0 1 29939
0 1 29946
0 1 29948
0 1 29959
0 1 29961
0 1 29962
0 1 29965
0 1 29966
0 1 29974
0 1 29976
0 1 29979
0 1 29982
0 1 29986
0 1 29992
0 1 29994
0 1 29998
0 1 29999
0 1 30011
0 1 30013
0 1 30015
0 1 30020
0 1 30022
0 1 30024
0 1 30028
0 1 30029
0 1 30031
0 1 30034
0 1 30041
0 1 30042
0 1 30044
0 1 30048
0 1 30054
0 1 30059
0 1 30071
0 1 30072
0 1 30079
0 1 30083
0 1 30085
0 1 30089
0 1 30092
0 1 30093
0 1 30094
0 1 30113
0 1 30120
0 1 30128
0 1 30138
0 1 30140
0 1 30144
0 1 30145
0 1 30148
0 1 30150
0 1 30160
0 1 30165
0 1 30167
0 1 30169
0 1 30178
0 1 30183
0 1 30189
0 1 30198
0 1 30199
0 1 30202
0 1 30209
0 1 30230
0 1 30240
0 1 30244
0 1 30247
0 1 30250
0 1 30254
0 1 30256
0 1 30263
0 1 30273
0 1 30275
0 1 30280
0 1 30284
0 1 30295
0 1 30300
0 1 30303
0 1 30309
0 1 30313
0 1 30316
0 1 30327
0 1 30330
0 1 30333
0 1 30340
0 1 30351
0 1 30359
0 1 30368
0 1 30377
0 1 30382
0 1 30385
0 1 30386
0 1 30396
0 1 30399
0 1 30405
0 1 30412
0 1 30433
0 1 30442
0 1 30450
0 1 30452
0 1 30456
0 1 30461
0 1 30470
0 1 30471
0 1 30478
0 1 30479
0 1 30484
0 1 30494
0 1 30497
0 1 30499
0 1 30501
0 1 30502
0 1 30503
0 1 30504
0 1 30507
0 1 30511
0 1 30512
0 1 30515
0 1 30521
0 1 30525
0 1 30526
0 1 30530
0 1 30532
0 1 30540
0 1 30541
0 1 30546
0 1 30556
0 1 30562
0 1 30571
0 1 30575
0 1 30580
0 1 30582
0 1 30583
0 1 30586
0 1 30588
0 1 30590
0 1 30593
0 1 30612
0 1 30624
0 1 30625
0 1 30629
0 1 30633
0 1 30637
0 1 30639
0 1 30640
0 1 30641
0 1 30652
0 1 30654
0 1 30667
0 1 30670
0 1 30674
0 1 30679
0 1 30680
0 1 30683
0 1 30687
0 1 30692
0 1 30695
0 1 30697
0 1 30702
0 1 30708
0 1 30717
0 1 30720
0 1 30748
0 1 30749
0 1 30755
0 1 30757
0 1 30760
0 1 30761
0 1 30768
0 1 30773
0 1 30777
0 1 30784
0 1 30789
0 1 30794
0 1 30797
0 1 30806
0 1 30808
0 1 30809
0 1 30817
0 1 30819
0 1 30821
0 1 30822
0 1 30824
0 1 30831
0 1 30840
0 1 30841
0 1 30848
0 1 30854
0 1 30861
0 1 30864
0 1 30870
0 1 30890
0 1 30900
0 1 30901
0 1 30909
0 1 30914
0 1 30921
0 1 30923
0 1 30931
0 1 30935
0 1 30937
0 1 30950
0 1 30952
0 1 30957
0 1 30958
0 1 30964
0 1 30971
0 1 30974
0 1 30982
0 1 30997
0 1 30998
0 1 31008
0 1 31022
0 1 31024
0 1 31031
0 1 31033
0 1 31036
0 1 31046
0 1 31047
0 1 31050
0 1 31051
0 1 31052
0 1 31058
0 1 31069
0 1 31074
0 1 31078
0 1 31087
0 1 31089
0 1 31090
0 1 31093
0 1 31094
0 1 31102
0 1 31105
0 1 31130
0 1 31139
0 1 31141
0 1 31144
0 1 31152
0 1 31154
0 1 31161
0 1 31165
0 1 31180
0 1 31183
0 1 31192
0 1 31198
0 1 31201
0 1 31202
0 1 31209
0 1 31211
0 1 31218
0 1 31220
0 1 31224
0 1 31232
0 1 31238
0 1 31243
0 1 31246
0 1 31264
0 1 31267
0 1 31274
0 1 31277
0 1 31281
0 1 31284
0 1 31285
0 1 31289
0 1 31295
0 1 31299
0 1 31303
0 1 31306
0 1 31309
0 1 31315
0 1 31316
0 1 31317
0 1 31337
0 1 31341
0 1 31345
0 1 31353
0 1 31355
0 1 31365
0 1 31366
0 1 31367
0 1 31369
0 1 31371
0 1 31380
0 1 31392
0 1 31401
0 1 31408
0 1 31420
0 1 31421
0 1 31426
0 1 31429
0 1 31443
0 1 31446
0 1 31459
0 1 31464
0 1 31465
0 1 31468
0 1 31472
0 1 31478
0 1 31481
0 1 31485
0 1 31487
0 1 31488
0 1 31489
0 1 31490
0 1 31499
0 1 31513
0 1 31516
0 1 31522
0 1 31528
0 1 31534
0 1 31535
0 1 31547
0 1 31552
0 1 31558
0 1 31562
0 1 31577
0 1 31579
0 1 31584
0 1 31590
0 1 31594
0 1 31600
0 1 31602
0 1 31607
0 1 31608
0 1 31610
0 1 31612
0 1 31618
0 1 31629
0 1 31630
0 1 31634
0 1 31639
0 1 31644
0 1 31645
0 1 31648
0 1 31655
0 1 31658
0 1 31662
0 1 31668
0 1 31678
0 1 31686
0 1 31689
0 1 31696
0 1 31719
0 1 31721
0 1 31727
0 1 31731
0 1 31736
0 1 31745
0 1 31769
0 1 31772
0 1 31784
0 1 31788
0 1 31795
0 1 31812
0 1 31824
0 1 31834
0 1 31838
0 1 31847
0 1 31852
0 1 31860
0 1 31863
0 1 31864
0 1 31866
0 1 31867
0 1 31874
0 1 31877
0 1 31880
0 1 31884
0 1 31886
0 1 31890
0 1 31891
0 1 31893
0 1 31899
0 1 31901
0 1 31910
0 1 31914
0 1 31915
0 1 31917
0 1 31922
0 1 31923
0 1 31937
0 1 31955
0 1 31957
0 1 31959
0 1 31960
0 1 31962
0 1 31966
0 1 31967
0 1 31970
0 1 31974
0 1 31982
0 1 31997
0 1 32001
0 1 32003
0 1 32008
0 1 32010
0 1 32014
0 1 32016
0 1 32017
0 1 32019
0 1 32023
0 1 32028
0 1 32042
0 1 32044
0 1 32049
0 1 32051
0 1 32053
0 1 32055
0 1 32059
0 1 32060
0 1 32062
0 1 32064
0 1 32065
0 1 32069
0 1 32076
0 1 32079
0 1 32085
0 1 32086
0 1 32092
0 1 32093
0 1 32104
0 1 32107
0 1 32109
0 1 32116
0 1 32118
0 1 32121
0 1 32123
0 1 32143
0 1 32144
0 1 32153
0 1 32160
0 1 32162
0 1 32163
0 1 32164
0 1 32166
0 1 32168
0 1 32179
0 1 32181
0 1 32184
0 1 32194
0 1 32195
0 1 32196
0 1 32198
0 1 32200
0 1 32201
0 1 32210
0 1 32226
0 1 32233
0 1 32241
0 1 32242
0 1 32246
0 1 32249
0 1 32253
0 1 32265
0 1 32270
0 1 32273
0 1 32290
0 1 32294
0 1 32297
0 1 32302
0 1 32303
0 1 32307
0 1 32330
0 1 32332
0 1 32339
0 1 32345
0 1 32357
0 1 32361
0 1 32363
0 1 32366
0 1 32373
0 1 32376
0 1 32380
0 1 32385
0 1 32386
0 1 32391
0 1 32392
0 1 32393
0 1 32397
0 1 32409
0 1 32410
0 1 32419
0 1 32420
0 1 32422
0 1 32424
0 1 32432
0 1 32442
0 1 32448
0 1 32458
0 1 32462
0 1 32469
0 1 32472
0 1 32474
0 1 32479
0 1 32480
0 1 32493
0 1 32499
0 1 32528
0 1 32535
0 1 32538
0 1 32540
0 1 32543
0 1 32548
0 1 32549
0 1 32552
0 1 32556
0 1 32558
0 1 32561
0 1 32570
0 1 32574
0 1 32587
0 1 32591
0 1 32600
0 1 32604
0 1 32607
0 1 32608
0 1 32613
0 1 32619
0 1 32620
0 1 32621
0 1 32622
0 1 32623
0 1 32629
0 1 32636
0 1 32637
0 1 32645
0 1 32656
0 1 32664
0 1 32665
0 1 32668
0 1 32672
0 1 32673
0 1 32681
0 1 32683
0 1 32685
0 1 32688
0 1 32697
0 1 32698
0 1 32701
0 1 32703
0 1 32704
0 1 32710
0 1 32711
0 1 32718
0 1 32723
0 1 32728
0 1 32730
0 1 32748
0 1 32752
0 1 32762
0 1 32788
0 1 32789
0 1 32791
0 1 32810
0 1 32814
0 1 32821
0 1 32825
0 1 32826
0 1 32833
0 1 32836
0 1 32841
0 1 32847
0 1 32849
0 1 32853
0 1 32856
0 1 32858
0 1 32859
0 1 32865
0 1 32869
0 1 32884
0 1 32892
0 1 32895
0 1 32903
0 1 32910
0 1 32919
0 1 32925
0 1 32926
0 1 32930
0 1 32934
0 1 32935
0 1 32938
0 1 32945
0 1 32950
0 1 32953
0 1 32962
0 1 32967
0 1 32974
0 1 32982
0 1 32988
0 1 32989
0 1 32994
0 1 32997
0 1 33001
0 1 33018
0 1 33019
0 1 33023
0 1 33033
0 1 33037
0 1 33043
0 1 33048
0 1 33049
0 1 33060
0 1 33064
0 1 33068
0 1 33072
0 1 33073
0 1 33074
0 1 33078
0 1 33080
0 1 33084
0 1 33092
0 1 33093
0 1 33095
0 1 33104
0 1 33105
0 1 33106
0 1 33122
0 1 33132
0 1 33134
0 1 33137
0 1 33141
0 1 33144
0 1 33146
0 1 33147
0 1 33148
0 1 33156
0 1 33165
0 1 33173
0 1 33176
0 1 33178
0 1 33179
0 1 33185
0 1 33195
0 1 33197
0 1 33198
0 1 33200
0 1 33201
0 1 33205
0 1 33208
0 1 33214
0 1 33221
0 1 33226
0 1 33235
0 1 33237
0 1 33241
0 1 33243
0 1 33257
0 1 33261
0 1 33266
0 1 33269
0 1 33278
0 1 33281
0 1 33290
0 1 33305
0 1 33306
0 1 33317
0 1 33337
0 1 33341
0 1 33342
0 1 33345
0 1 33348
0 1 33349
0 1 33350
0 1 33353
0 1 33358
0 1 33359
0 1 33363
0 1 33374
0 1 33392
0 1 33396
0 1 33397
0 1 33399
0 1 33401
0 1 33402
0 1 33406
0 1 33411
0 1 33427
0 1 33430
0 1 33432
0 1 33444
0 1 33445
0 1 33450
0 1 33454
0 1 33458
0 1 33462
0 1 33464
0 1 33465
0 1 33467
0 1 33472
0 1 33477
0 1 33484
0 1 33489
0 1 33494
0 1 33496
0 1 33497
0 1 33502
0 1 33509
0 1 33515
0 1 33518
0 1 33538
0 1 33541
0 1 33544
0 1 33546
0 1 33551
0 1 33555
0 1 33560
0 1 33563
0 1 33567
0 1 33574
0 1 33576
0 1 33584
0 1 33597
0 1 33601
0 1 33604
0 1 33607
0 1 33613
0 1 33625
0 1 33630
0 1 33633
0 1 33637
0 1 33645
0 1 33650
0 1 33663
0 1 33664
0 1 33667
0 1 33673
0 1 33678
0 1 33684
0 1 33689
0 1 33691
0 1 33698
0 1 33699
0 1 33704
0 1 33721
0 1 33729
0 1 33730
0 1 33741
0 1 33745
0 1 33747
0 1 33756
0 1 33759
0 1 33767
0 1 33773
0 1 33775
0 1 33776
0 1 33786
0 1 33789
0 1 33798
0 1 33801
0 1 33807
0 1 33809
0 1 33811
0 1 33833
0 1 33834
0 1 33839
0 1 33847
0 1 33848
0 1 33849
0 1 33852
0 1 33854
0 1 33868
0 1 33876
0 1 33893
0 1 33894
0 1 33907
0 1 33910
0 1 33917
0 1 33926
0 1 33935
0 1 33947
0 1 33952
0 1 33955
0 1 33958
0 1 33961
0 1 33965
0 1 33969
0 1 33972
0 1 33975
0 1 33979
0 1 33980
0 1 33992
0 1 34003
0 1 34012
0 1 34024
0 1 34030
0 1 34042
0 1 34044
0 1 34046
0 1 34047
0 1 34048
0 1 34049
0 1 34052
0 1 34059
0 1 34061
0 1 34064
0 1 34065
0 1 34066
0 1 34067
0 1 34073
0 1 34084
0 1 34089
0 1 34092
0 1 34093
0 1 34102
0 1 34104
0 1 34109
0 1 34112
0 1 34124
0 1 34127
0 1 34131
0 1 34148
0 1 34153
0 1 34156
0 1 34158
0 1 34161
0 1 34164
0 1 34180
0 1 34185
0 1 34190
0 1 34192
0 1 34195
0 1 34216
0 1 34223
0 1 34237
0 1 34248
0 1 34252
0 1 34264
0 1 34265
0 1 34272
0 1 34274
0 1 34276
0 1 34277
0 1 34278
0 1 34280
0 1 34285
0 1 34287
0 1 34292
0 1 34299
0 1 34303
0 1 34304
0 1 34305
0 1 34308
0 1 34314
0 1 34317
0 1 34322
0 1 34330
0 1 34333
0 1 34338
0 1 34339
0 1 34343
0 1 34344
0 1 34348
0 1 34350
0 1 34355
0 1 34362
0 1 34368
0 1 34373
0 1 34374
0 1 34382
0 1 34401
0 1 34406
0 1 34408
0 1 34409
0 1 34411
0 1 34417
0 1 34422
0 1 34425
0 1 34436
0 1 34451
0 1 34461
0 1 34463
0 1 34468
0 1 34470
0 1 34471
0 1 34482
0 1 34488
0 1 34489
0 1 34490
0 1 34491
0 1 34499
0 1 34511
0 1 34522
0 1 34524
0 1 34526
0 1 34531
0 1 34533
0 1 34544
0 1 34548
0 1 34552
0 1 34553
0 1 34561
0 1 34566
0 1 34570
0 1 34575
0 1 34591
0 1 34596
0 1 34599
0 1 34601
0 1 34602
0 1 34614
0 1 34617
0 1 34619
0 1 34623
0 1 34624
0 1 34625
0 1 34631
0 1 34638
0 1 34639
0 1 34643
0 1 34644
0 1 34649
0 1 34664
0 1 34666
0 1 34673
0 1 34677
0 1 34678
0 1 34690
0 1 34701
0 1 34702
0 1 34704
0 1 34708
0 1 34709
0 1 34711
0 1 34717
0 1 34718
0 1 34725
0 1 34758
0 1 34759
0 1 34761
0 1 34768
0 1 34772
0 1 34773
0 1 34780
0 1 34785
0 1 34786
0 1 34787
0 1 34789
0 1 34800
0 1 34801
0 1 34812
0 1 34813
0 1 34816
0 1 34820
0 1 34821
0 1 34822
0 1 34825
0 1 34827
0 1 34836
0 1 34840
0 1 34843
0 1 34847
0 1 34850
0 1 34852
0 1 34862
0 1 34864
0 1 34870
0 1 34880
0 1 34882
0 1 34884
0 1 34890
0 1 34896
0 1 34897
0 1 34901
0 1 34911
0 1 34913
0 1 34915
0 1 34916
0 1 34917
0 1 34918
0 1 34922
0 1 34926
0 1 34928
0 1 34929
0 1 34932
0 1 34935
0 1 34938
0 1 34952
0 1 34962
0 1 34966
0 1 34972
0 1 34975
0 1 34978
0 1 34984
0 1 35003
0 1 35010
0 1 35011
0 1 35012
0 1 35026
0 1 35027
0 1 35031
0 1 35033
0 1 35046
0 1 35057
0 1 35060
0 1 35062
0 1 35064
0 1 35066
0 1 35072
0 1 35073
0 1 35086
0 1 35093
0 1 35096
0 1 35097
0 1 35099
0 1 35114
0 1 35121
0 1 35131
0 1 35143
0 1 35144
0 1 35145
0 1 35158
0 1 35164
0 1 35168
0 1 35174
0 1 35175
0 1 35181
0 1 35197
0 1 35198
0 1 35199
0 1 35204
0 1 35206
0 1 35218
0 1 35223
0 1 35226
0 1 35239
0 1 35240
0 1 35244
0 1 35253
0 1 35259
0 1 35261
0 1 35267
0 1 35277
0 1 35283
0 1 35288
0 1 35293
0 1 35295
0 1 35298
0 1 35302
0 1 35304
0 1 35305
0 1 35312
0 1 35315
0 1 35332
0 1 35334
0 1 35335
0 1 35336
0 1 35340
0 1 35343
0 1 35356
0 1 35358
0 1 35360
0 1 35380
0 1 35385
0 1 35400
0 1 35404
0 1 35406
0 1 35414
0 1 35416
0 1 35421
0 1 35428
0 1 35436
0 1 35438
0 1 35440
0 1 35446
0 1 35449
0 1 35455
0 1 35457
0 1 35471
0 1 35472
0 1 35473
0 1 35476
0 1 35477
0 1 35480
0 1 35482
0 1 35486
0 1 35488
0 1 35496
0 1 35498
0 1 35500
0 1 35503
0 1 35506
0 1 35510
0 1 35516
0 1 35522
0 1 35527
0 1 35534
0 1 35535
0 1 35536
0 1 35538
0 1 35546
0 1 35553
0 1 35562
0 1 35563
0 1 35565
0 1 35567
0 1 35572
0 1 35582
0 1 35584
0 1 35585
0 1 35594
0 1 35603
0 1 35607
0 1 35623
0 1 35627
0 1 35632
0 1 35636
0 1 35639
0 1 35640
0 1 35642
0 1 35649
0 1 35655
0 1 35667
0 1 35675
0 1 35679
0 1 35681
0 1 35687
0 1 35689
0 1 35693
0 1 35702
0 1 35721
0 1 35723
0 1 35737
0 1 35740
0 1 35743
0 1 35745
0 1 35747
0 1 35751
0 1 35752
0 1 35754
0 1 35756
0 1 35759
0 1 35765
0 1 35766
0 1 35772
0 1 35782
0 1 35783
0 1 35796
0 1 35800
0 1 35803
0 1 35805
0 1 35809
0 1 35823
0 1 35835
0 1 35836
0 1 35839
0 1 35852
0 1 35858
0 1 35866
0 1 35868
0 1 35881
0 1 35889
0 1 35897
0 1 35899
0 1 35911
0 1 35913
0 1 35925
0 1 35930
0 1 35934
0 1 35945
0 1 35948
0 1 35961
0 1 35962
0 1 35964
0 1 35965
0 1 35967
0 1 35971
0 1 35973
0 1 35974
0 1 35978
0 1 35980
0 1 35993
0 1 35994
0 1 35996
0 1 35997
0 1 36002
0 1 36008
0 1 36022
0 1 36030
0 1 36032
0 1 36034
0 1 36046
0 1 36047
0 1 36055
0 1 36067
0 1 36068
0 1 36073
0 1 36079
0 1 36086
0 1 36087
0 1 36095
0 1 36106
0 1 36107
0 1 36113
0 1 36119
0 1 36121
0 1 36124
0 1 36128
0 1 36129
0 1 36131
0 1 36137
0 1 36138
0 1 36141
0 1 36143
0 1 36145
0 1 36146
0 1 36147
0 1 36148
0 1 36150
0 1 36154
0 1 36157
0 1 36159
0 1 36160
0 1 36163
0 1 36168
0 1 36169
0 1 36173
0 1 36181
0 1 36183
0 1 36190
0 1 36195
0 1 36203
0 1 36222
0 1 36225
0 1 36229
0 1 36230
0 1 36231
0 1 36232
0 1 36233
0 1 36238
0 1 36239
0 1 36252
0 1 36261
0 1 36267
0 1 36269
0 1 36272
0 1 36285
0 1 36286
0 1 36287
0 1 36296
0 1 36299
0 1 36303
0 1 36304
0 1 36308
0 1 36315
0 1 36316
0 1 36318
0 1 36329
0 1 36332
0 1 36344
0 1 36349
0 1 36353
0 1 36360
0 1 36364
0 1 36366
0 1 36368
0 1 36375
0 1 36376
0 1 36377
0 1 36379
0 1 36384
0 1 36392
0 1 36397
0 1 36404
0 1 36409
0 1 36412
0 1 36415
0 1 36416
0 1 36420
0 1 36427
0 1 36428
0 1 36429
0 1 36430
0 1 36431
0 1 36436
0 1 36439
0 1 36440
0 1 36441
0 1 36443
0 1 36445
0 1 36449
0 1 36450
0 1 36453
0 1 36456
0 1 36464
0 1 36470
0 1 36476
0 1 36478
0 1 36481
0 1 36495
0 1 36496
0 1 36505
0 1 36512
0 1 36515
0 1 36518
0 1 36522
0 1 36523
0 1 36524
0 1 36525
0 1 36536
0 1 36537
0 1 36540
0 1 36544
0 1 36550
0 1 36554
0 1 36560
0 1 36561
0 1 36575
0 1 36576
0 1 36581
0 1 36596
0 1 36602
0 1 36608
0 1 36609
0 1 36611
0 1 36617
0 1 36623
0 1 36627
0 1 36630
0 1 36635
0 1 36639
0 1 36640
0 1 36643
0 1 36647
0 1 36651
0 1 36655
0 1 36669
0 1 36679
0 1 36684
0 1 36685
0 1 36689
0 1 36690
0 1 36700
0 1 36702
0 1 36709
0 1 36710
0 1 36712
0 1 36717
0 1 36718
0 1 36720
0 1 36722
0 1 36724
0 1 36729
0 1 36731
0 1 36738
0 1 36743
0 1 36751
0 1 36754
0 1 36757
0 1 36758
0 1 36760
0 1 36765
0 1 36774
0 1 36775
0 1 36776
0 1 36782
0 1 36796
0 1 36802
0 1 36813
0 1 36814
0 1 36830
0 1 36831
0 1 36838
0 1 36843
0 1 36844
0 1 36846
0 1 36860
0 1 36863
0 1 36870
0 1 36871
0 1 36880
0 1 36882
0 1 36884
0 1 36891
0 1 36904
0 1 36906
0 1 36907
0 1 36909
0 1 36910
0 1 36911
0 1 36912
0 1 36918
0 1 36926
0 1 36930
0 1 36931
0 1 36936
0 1 36941
0 1 36944
0 1 36948
0 1 36952
0 1 36958
0 1 36962
0 1 36963
0 1 36972
0 1 36979
0 1 36984
0 1 36991
0 1 36995
0 1 37005
0 1 37012
0 1 37013
0 1 37015
0 1 37019
0 1 37021
0 1 37028
0 1 37056
0 1 37062
0 1 37067
0 1 37074
0 1 37098
0 1 37104
0 1 37113
0 1 37115
0 1 37116
0 1 37118
0 1 37129
0 1 37135
0 1 37146
0 1 37163
0 1 37171
0 1 37173
0 1 37176
0 1 37182
0 1 37187
0 1 37189
0 1 37190
0 1 37193
0 1 37198
0 1 37199
0 1 37202
0 1 37209
0 1 37212
0 1 37218
0 1 37232
0 1 37234
0 1 37246
0 1 37248
0 1 37256
0 1 37258
0 1 37266
0 1 37268
0 1 37274
0 1 37279
0 1 37301
0 1 37318
0 1 37320
0 1 37321
0 1 37322
0 1 37323
0 1 37329
0 1 37330
0 1 37336
0 1 37337
0 1 37347
0 1 37349
0 1 37355
0 1 37356
0 1 37360
0 1 37363
0 1 37370
0 1 37373
0 1 37379
0 1 37384
0 1 37387
0 1 37388
0 1 37389
0 1 37392
0 1 37409
0 1 37412
0 1 37414
0 1 37419
0 1 37427
0 1 37433
0 1 37434
0 1 37443
0 1 37447
0 1 37450
0 1 37460
0 1 37464
0 1 37468
0 1 37470
0 1 37472
0 1 37478
0 1 37482
0 1 37485
0 1 37489
0 1 37502
0 1 37504
0 1 37507
0 1 37514
0 1 37525
0 1 37529
0 1 37530
0 1 37531
0 1 37534
0 1 37539
0 1 37549
0 1 37550
0 1 37562
0 1 37569
0 1 37573
0 1 37577
0 1 37578
0 1 37579
0 1 37585
0 1 37586
0 1 37588
0 1 37591
0 1 37593
0 1 37595
0 1 37596
0 1 37599
0 1 37611
0 1 37612
0 1 37614
0 1 37625
0 1 37629
0 1 37632
0 1 37634
0 1 37639
0 1 37642
0 1 37643
0 1 37646
0 1 37654
0 1 37659
0 1 37666
0 1 37671
0 1 37677
0 1 37684
0 1 37686
0 1 37702
0 1 37707
0 1 37711
0 1 37726
0 1 37727
0 1 37729
0 1 37736
0 1 37741
0 1 37742
0 1 37746
0 1 37747
0 1 37751
0 1 37754
0 1 37760
0 1 37765
0 1 37768
0 1 37783
0 1 37789
0 1 37791
0 1 37793
0 1 37810
0 1 37821
0 1 37826
0 1 37828
0 1 37830
0 1 37832
0 1 37835
0 1 37840
0 1 37848
0 1 37852
0 1 37860
0 1 37867
0 1 37869
0 1 37872
0 1 37876
0 1 37878
0 1 37880
0 1 37883
0 1 37885
0 1 37903
0 1 37904
0 1 37905
0 1 37908
0 1 37916
0 1 37918
0 1 37924
0 1 37927
0 1 37931
0 1 37935
0 1 37936
0 1 37940
0 1 37941
0 1 37943
0 1 37945
0 1 37947
0 1 37950
0 1 37957
0 1 37962
0 1 37963
0 1 37965
0 1 37976
0 1 37977
0 1 37980
0 1 37981
0 1 37985
0 1 37988
0 1 37989
0 1 37990
0 1 37992
0 1 38004
0 1 38014
0 1 38017
0 1 38018
0 1 38022
0 1 38023
0 1 38026
0 1 38028
0 1 38035
0 1 38050
0 1 38055
0 1 38056
0 1 38062
0 1 38063
0 1 38066
0 1 38067
0 1 38071
0 1 38072
0 1 38078
0 1 38081
0 1 38083
0 1 38084
0 1 38090
0 1 38093
0 1 38100
0 1 38102
0 1 38125
0 1 38128
0 1 38137
0 1 38144
0 1 38162
0 1 38176
0 1 38185
0 1 38188
0 1 38194
0 1 38203
0 1 38208
0 1 38217
0 1 38218
0 1 38226
0 1 38235
0 1 38238
0 1 38246
0 1 38251
0 1 38252
0 1 38275
0 1 38282
0 1 38306
0 1 38309
0 1 38311
0 1 38316
0 1 38317
0 1 38318
0 1 38320
0 1 38323
0 1 38344
0 1 38351
0 1 38360
0 1 38362
0 1 38370
0 1 38374
0 1 38376
0 1 38382
0 1 38386
0 1 38394
0 1 38405
0 1 38407
0 1 38415
0 1 38416
0 1 38422
0 1 38425
0 1 38427
0 1 38432
0 1 38433
0 1 38443
0 1 38444
0 1 38453
0 1 38466
0 1 38470
0 1 38473
0 1 38481
0 1 38486
0 1 38487
0 1 38490
0 1 38492
0 1 38493
0 1 38496
0 1 38497
0 1 38506
0 1 38509
0 1 38511
0 1 38518
0 1 38527
0 1 38528
0 1 38534
0 1 38536
0 1 38561
0 1 38564
0 1 38571
0 1 38573
0 1 38579
0 1 38582
0 1 38590
0 1 38612
0 1 38616
0 1 38618
0 1 38619
0 1 38621
0 1 38622
0 1 38623
0 1 38625
0 1 38631
0 1 38646
0 1 38652
0 1 38657
0 1 38659
0 1 38662
0 1 38667
0 1 38668
0 1 38669
0 1 38670
0 1 38675
0 1 38678
0 1 38680
0 1 38685
0 1 38695
0 1 38697
0 1 38699
0 1 38703
0 1 38705
0 1 38709
0 1 38722
0 1 38728
0 1 38733
0 1 38750
0 1 38752
0 1 38756
0 1 38763
0 1 38768
0 1 38777
0 1 38786
0 1 38787
0 1 38797
0 1 38802
0 1 38809
0 1 38814
0 1 38820
0 1 38822
0 1 38830
0 1 38832
0 1 38836
0 1 38839
0 1 38842
0 1 38843
0 1 38851
0 1 38856
0 1 38858
0 1 38861
0 1 38864
0 1 38872
0 1 38875
0 1 38878
0 1 38894
0 1 38899
0 1 38901
0 1 38904
0 1 38914
0 1 38916
0 1 38924
0 1 38931
0 1 38932
0 1 38936
0 1 38937
0 1 38942
0 1 38947
0 1 38961
0 1 38964
0 1 38972
0 1 38981
0 1 38996
0 1 38998
0 1 39000
0 1 39001
0 1 39007
0 1 39012
0 1 39013
0 1 39017
0 1 39019
0 1 39021
0 1 39027
0 1 39028
0 1 39029
0 1 39036
0 1 39038
0 1 39040
0 1 39042
0 1 39046
0 1 39054
0 1 39056
0 1 39058
0 1 39062
0 1 39069
0 1 39077
0 1 39085
0 1 39087
0 1 39090
0 1 39095
0 1 39099
0 1 39103
0 1 39106
0 1 39111
0 1 39115
0 1 39118
0 1 39121
0 1 39122
0 1 39125
0 1 39126
0 1 39127
0 1 39130
0 1 39134
0 1 39143
0 1 39146
0 1 39154
0 1 39156
0 1 39157
0 1 39164
0 1 39174
0 1 39176
0 1 39181
0 1 39186
0 1 39190
0 1 39193
0 1 39201
0 1 39206
0 1 39210
0 1 39217
0 1 39230
0 1 39236
0 1 39249
0 1 39254
0 1 39255
0 1 39260
0 1 39261
0 1 39267
0 1 39291
0 1 39293
0 1 39294
0 1 39305
0 1 39309
0 1 39315
0 1 39319
0 1 39321
0 1 39322
0 1 39325
0 1 39329
0 1 39331
0 1 39337
0 1 39345
0 1 39347
0 1 39351
0 1 39353
0 1 39357
0 1 39363
0 1 39370
0 1 39374
0 1 39376
0 1 39381
0 1 39387
0 1 39388
0 1 39394
0 1 39400
0 1 39408
0 1 39417
0 1 39419
0 1 39426
0 1 39434
0 1 39442
0 1 39453
0 1 39454
0 1 39455
0 1 39456
0 1 39466
0 1 39477
0 1 39478
0 1 39485
0 1 39488
0 1 39490
0 1 39491
0 1 39492
0 1 39495
0 1 39501
0 1 39502
0 1 39505
0 1 39507
0 1 39508
0 1 39509
0 1 39512
0 1 39514
0 1 39516
0 1 39517
0 1 39521
0 1 39522
0 1 39528
0 1 39540
0 1 39551
0 1 39552
0 1 39556
0 1 39565
0 1 39569
0 1 39586
0 1 39589
0 1 39590
0 1 39593
0 1 39596
0 1 39597
0 1 39599
0 1 39609
0 1 39612
0 1 39613
0 1 39615
0 1 39617
0 1 39621
0 1 39625
0 1 39628
0 1 39633
0 1 39641
0 1 39646
0 1 39649
0 1 39650
0 1 39654
0 1 39655
0 1 39656
0 1 39662
0 1 39663
0 1 39669
0 1 39675
0 1 39682
0 1 39687
0 1 39701
0 1 39703
0 1 39704
0 1 39705
0 1 39716
0 1 39718
0 1 39724
0 1 39728
0 1 39733
0 1 39739
0 1 39746
0 1 39769
0 1 39773
0 1 39774
0 1 39775
0 1 39780
0 1 39791
0 1 39793
0 1 39796
0 1 39798
0 1 39800
0 1 39809
0 1 39821
0 1 39822
0 1 39824
0 1 39829
0 1 39847
0 1 39859
0 1 39863
0 1 39867
0 1 39870
0 1 39876
0 1 39882
0 1 39895
0 1 39896
0 1 39899
0 1 39902
0 1 39904
0 1 39907
0 1 39909
0 1 39922
0 1 39924
0 1 39932
0 1 39945
0 1 39946
0 1 39948
0 1 39968
0 1 39969
0 1 39970
0 1 39973
0 1 39976
0 1 39978
0 1 39981
0 1 39982
0 1 39989
0 1 39995
0 1 39998
0 1 40001
0 1 40002
0 1 40004
0 1 40005
0 1 40007
0 1 40008
0 1 40009
0 1 40010
0 1 40011
0 1 40014
0 1 40031
0 1 40039
0 1 40046
0 1 40047
0 1 40049
0 1 40050
0 1 40059
0 1 40065
0 1 40079
0 1 40082
0 1 40100
0 1 40108
0 1 40116
0 1 40117
0 1 40126
0 1 40128
0 1 40129
0 1 40134
0 1 40146
0 1 40150
0 1 40153
0 1 40156
0 1 40159
0 1 40165
0 1 40177
0 1 40181
0 1 40188
0 1 40189
0 1 40202
0 1 40203
0 1 40206
0 1 40211
0 1 40221
0 1 40222
0 1 40231
0 1 40232
0 1 40234
0 1 40240
0 1 40242
0 1 40248
0 1 40256
0 1 40266
0 1 40270
0 1 40271
0 1 40281
0 1 40286
0 1 40287
0 1 40290
0 1 40296
0 1 40302
0 1 40303
0 1 40304
0 1 40305
0 1 40309
0 1 40312
0 1 40314
0 1 40331
0 1 40338
0 1 40347
0 1 40359
0 1 40365
0 1 40373
0 1 40378
0 1 40381
0 1 40383
0 1 40385
0 1 40387
0 1 40390
0 1 40393
0 1 40405
0 1 40416
0 1 40420
0 1 40425
0 1 40434
0 1 40435
0 1 40437
0 1 40439
0 1 40442
0 1 40454
0 1 40455
0 1 40456
0 1 40458
0 1 40463
0 1 40468
0 1 40471
0 1 40479
0 1 40486
0 1 40488
0 1 40494
0 1 40497
0 1 40510
0 1 40512
0 1 40524
0 1 40525
0 1 40531
0 1 40542
0 1 40543
0 1 40549
0 1 40550
0 1 40553
0 1 40558
0 1 40562
0 1 40563
0 1 40564
0 1 40565
0 1 40568
0 1 40569
0 1 40573
0 1 40574
0 1 40575
0 1 40581
0 1 40582
0 1 40584
0 1 40585
0 1 40586
0 1 40594
0 1 40596
0 1 40597
0 1 40601
0 1 40608
0 1 40613
0 1 40615
0 1 40618
0 1 40621
0 1 40623
0 1 40625
0 1 40628
0 1 40633
0 1 40642
0 1 40647
0 1 40651
0 1 40657
0 1 40659
0 1 40664
0 1 40667
0 1 40675
0 1 40680
0 1 40681
0 1 40692
0 1 40693
0 1 40700
0 1 40706
0 1 40708
0 1 40732
0 1 40736
0 1 40756
0 1 40777
0 1 40787
0 1 40788
0 1 40789
0 1 40796
0 1 40797
0 1 40805
0 1 40815
0 1 40817
0 1 40821
0 1 40829
0 1 40836
0 1 40838
0 1 40844
0 1 40845
0 1 40846
0 1 40856
0 1 40861
0 1 40863
0 1 40864
0 1 40871
0 1 40875
0 1 40883
0 1 40888
0 1 40890
0 1 40891
0 1 40894
0 1 40912
0 1 40914
0 1 40920
0 1 40923
0 1 40928
0 1 40932
0 1 40936
0 1 40946
0 1 40948
0 1 40958
0 1 40963
0 1 40965
0 1 40968
0 1 40972
0 1 40977
0 1 40978
0 1 40980
0 1 40983
0 1 40985
0 1 40988
0 1 40989
0 1 40994
0 1 40999
0 1 41000
0 1 41003
0 1 41005
0 1 41006
0 1 41008
0 1 41011
0 1 41013
0 1 41015
0 1 41022
0 1 41024
0 1 41025
0 1 41037
0 1 41046
0 1 41047
0 1 41053
0 1 41054
0 1 41056
0 1 41060
0 1 41061
0 1 41063
0 1 41067
0 1 41075
0 1 41078
0 1 41083
0 1 41088
0 1 41099
0 1 41105
0 1 41107
0 1 41112
0 1 41113
0 1 41115
0 1 41118
0 1 41120
0 1 41123
0 1 41130
0 1 41139
0 1 41145
0 1 41146
0 1 41148
0 1 41158
0 1 41160
0 1 41163
0 1 41167
0 1 41170
0 1 41175
0 1 41184
0 1 41186
0 1 41187
0 1 41202
0 1 41208
0 1 41209
0 1 41210
0 1 41211
0 1 41212
0 1 41213
0 1 41217
0 1 41223
0 1 41231
0 1 41239
0 1 41240
0 1 41243
0 1 41246
0 1 41252
0 1 41254
0 1 41255
0 1 41256
0 1 41258
0 1 41262
0 1 41266
0 1 41271
0 1 41273
0 1 41280
0 1 41281
0 1 41285
0 1 41287
0 1 41292
0 1 41296
0 1 41309
0 1 41310
0 1 41334
0 1 41336
0 1 41349
0 1 41354
0 1 41367
0 1 41368
0 1 41372
0 1 41375
0 1 41381
0 1 41382
0 1 41383
0 1 41386
0 1 41387
0 1 41395
0 1 41400
0 1 41401
0 1 41404
0 1 41414
0 1 41440
0 1 41442
0 1 41444
0 1 41448
0 1 41453
0 1 41460
0 1 41468
0 1 41469
0 1 41475
0 1 41476
0 1 41479
0 1 41482
0 1 41485
0 1 41488
0 1 41492
0 1 41496
0 1 41502
0 1 41506
0 1 41511
0 1 41518
0 1 41522
0 1 41523
0 1 41532
0 1 41533
0 1 41535
0 1 41547
0 1 41550
0 1 41555
0 1 41560
0 1 41567
0 1 41568
0 1 41576
0 1 41588
0 1 41592
0 1 41597
0 1 41605
0 1 41612
0 1 41618
0 1 41620
0 1 41622
0 1 41623
0 1 41630
0 1 41634
0 1 41640
0 1 41660
0 1 41666
0 1 41670
0 1 41671
0 1 41675
0 1 41680
0 1 41683
0 1 41692
0 1 41707
0 1 41712
0 1 41722
0 1 41723
0 1 41727
0 1 41731
0 1 41732
0 1 41735
0 1 41737
0 1 41740
0 1 41743
0 1 41747
0 1 41749
0 1 41750
0 1 41768
0 1 41769
0 1 41792
0 1 41796
0 1 41798
0 1 41810
0 1 41813
0 1 41815
0 1 41818
0 1 41821
0 1 41824
0 1 41830
0 1 41833
0 1 41840
0 1 41851
0 1 41858
0 1 41862
0 1 41864
0 1 41869
0 1 41873
0 1 41877
0 1 41881
0 1 41886
0 1 41894
0 1 41895
0 1 41902
0 1 41904
0 1 41908
0 1 41910
0 1 41912
0 1 41922
0 1 41925
0 1 41930
0 1 41948
0 1 41950
0 1 41951
0 1 41952
0 1 41957
0 1 41965
0 1 41971
0 1 41979
0 1 41983
0 1 41984
0 1 41988
0 1 41992
0 1 41999
0 1 42001
0 1 42011
0 1 42012
0 1 42018
0 1 42021
0 1 42025
0 1 42027
0 1 42034
0 1 42037
0 1 42038
0 1 42039
0 1 42058
0 1 42059
0 1 42064
0 1 42069
0 1 42082
0 1 42092
0 1 42099
0 1 42115
0 1 42130
0 1 42131
0 1 42132
0 1 42145
0 1 42146
0 1 42149
0 1 42150
0 1 42151
0 1 42156
0 1 42167
0 1 42168
0 1 42171
0 1 42175
0 1 42180
0 1 42182
0 1 42185
0 1 42187
0 1 42189
0 1 42209
0 1 42211
0 1 42214
0 1 42218
0 1 42234
0 1 42240
0 1 42248
0 1 42250
0 1 42254
0 1 42255
0 1 42262
0 1 42273
0 1 42275
0 1 42277
0 1 42278
0 1 42283
0 1 42285
0 1 42286
0 1 42303
0 1 42309
0 1 42318
0 1 42321
0 1 42333
0 1 42340
0 1 42344
0 1 42345
0 1 42346
0 1 42353
0 1 42372
0 1 42379
0 1 42387
0 1 42388
0 1 42393
0 1 42404
0 1 42415
0 1 42438
0 1 42439
0 1 42452
0 1 42454
0 1 42464
0 1 42474
0 1 42484
0 1 42485
0 1 42489
0 1 42496
0 1 42497
0 1 42499
0 1 42503
0 1 42511
0 1 42512
0 1 42518
0 1 42536
0 1 42541
0 1 42542
0 1 42543
0 1 42544
0 1 42548
0 1 42550
0 1 42551
0 1 42561
0 1 42565
0 1 42566
0 1 42572
0 1 42578
0 1 42580
0 1 42589
0 1 42590
0 1 42591
0 1 42597
0 1 42602
0 1 42617
0 1 42620
0 1 42623
0 1 42629
0 1 42634
0 1 42635
0 1 42639
0 1 42642
0 1 42644
0 1 42647
0 1 42653
0 1 42659
0 1 42661
0 1 42666
0 1 42668
0 1 42672
0 1 42675
0 1 42683
0 1 42684
0 1 42687
0 1 42694
0 1 42704
0 1 42705
0 1 42708
0 1 42714
0 1 42715
0 1 42722
0 1 42723
0 1 42731
0 1 42736
0 1 42749
0 1 42750
0 1 42760
0 1 42763
0 1 42767
0 1 42770
0 1 42772
0 1 42774
0 1 42775
0 1 42781
0 1 42786
0 1 42789
0 1 42796
0 1 42802
0 1 42811
0 1 42817
0 1 42830
0 1 42831
0 1 42839
0 1 42844
0 1 42847
0 1 42856
0 1 42864
0 1 42866
0 1 42876
0 1 42881
0 1 42883
0 1 42895
0 1 42896
0 1 42897
0 1 42900
0 1 42901
0 1 42904
0 1 42905
0 1 42908
0 1 42912
0 1 42932
0 1 42933
0 1 42934
0 1 42938
0 1 42946
0 1 42952
0 1 42956
0 1 42961
0 1 42966
0 1 42972
0 1 42975
0 1 42982
0 1 42988
0 1 42995
0 1 42997
0 1 42998
0 1 43001
0 1 43002
0 1 43003
0 1 43008
0 1 43010
0 1 43012
0 1 43014
0 1 43016
0 1 43017
0 1 43019
0 1 43021
0 1 43028
0 1 43030
0 1 43034
0 1 43045
0 1 43048
0 1 43060
0 1 43068
0 1 43069
0 1 43073
0 1 43078
0 1 43082
0 1 43093
0 1 43098
0 1 43100
0 1 43104
0 1 43107
0 1 43111
0 1 43115
0 1 43118
0 1 43124
0 1 43127
0 1 43136
0 1 43138
0 1 43148
0 1 43149
0 1 43151
0 1 43166
0 1 43170
0 1 43176
0 1 43183
0 1 43185
0 1 43194
0 1 43197
0 1 43200
0 1 43203
0 1 43213
0 1 43223
0 1 43224
0 1 43232
0 1 43233
0 1 43236
0 1 43245
0 1 43247
0 1 43250
0 1 43258
0 1 43263
0 1 43266
0 1 43268
0 1 43272
0 1 43277
0 1 43278
0 1 43281
0 1 43284
0 1 43289
0 1 43302
0 1 43304
0 1 43306
0 1 43310
0 1 43318
0 1 43320
0 1 43333
0 1 43335
0 1 43343
0 1 43345
0 1 43351
0 1 43353
0 1 43362
0 1 43363
0 1 43364
0 1 43365
0 1 43366
0 1 43370
0 1 43371
0 1 43372
0 1 43375
0 1 43376
0 1 43385
0 1 43392
0 1 43402
0 1 43403
0 1 43405
0 1 43408
0 1 43416
0 1 43422
0 1 43423
0 1 43424
0 1 43427
0 1 43428
0 1 43447
0 1 43449
0 1 43451
0 1 43456
0 1 43458
0 1 43462
0 1 43463
0 1 43468
0 1 43470
0 1 43473
0 1 43474
0 1 43477
0 1 43480
0 1 43489
0 1 43491
0 1 43492
0 1 43500
0 1 43501
0 1 43509
0 1 43510
0 1 43512
0 1 43519
0 1 43525
0 1 43526
0 1 43535
0 1 43537
0 1 43548
0 1 43550
0 1 43555
0 1 43562
0 1 43567
0 1 43570
0 1 43571
0 1 43572
0 1 43588
0 1 43589
0 1 43595
0 1 43598
0 1 43606
0 1 43609
0 1 43615
0 1 43617
0 1 43623
0 1 43624
0 1 43638
0 1 43639
0 1 43641
0 1 43644
0 1 43646
0 1 43649
0 1 43657
0 1 43660
0 1 43661
0 1 43662
0 1 43663
0 1 43665
0 1 43678
0 1 43681
0 1 43684
0 1 43685
0 1 43686
0 1 43692
0 1 43698
0 1 43708
0 1 43718
0 1 43722
0 1 43728
0 1 43730
0 1 43732
0 1 43741
0 1 43742
0 1 43749
0 1 43750
0 1 43751
0 1 43757
0 1 43760
0 1 43762
0 1 43772
0 1 43773
0 1 43780
0 1 43783
0 1 43789
0 1 43790
0 1 43791
0 1 43802
0 1 43805
0 1 43808
0 1 43810
0 1 43813
0 1 43823
0 1 43824
0 1 43829
0 1 43830
0 1 43832
0 1 43833
0 1 43836
0 1 43838
0 1 43844
0 1 43848
0 1 43858
0 1 43859
0 1 43869
0 1 43870
0 1 43873
0 1 43876
0 1 43877
0 1 43887
0 1 43888
0 1 43907
0 1 43917
0 1 43921
0 1 43923
0 1 43924
0 1 43928
0 1 43937
0 1 43944
0 1 43947
0 1 43952
0 1 43958
0 1 43968
0 1 43972
0 1 43976
0 1 43984
0 1 43986
0 1 43995
0 1 43997
0 1 44005
0 1 44006
0 1 44008
0 1 44014
0 1 44027
0 1 44037
0 1 44038
0 1 44039
0 1 44042
0 1 44046
0 1 44050
0 1 44054
0 1 44057
0 1 44060
0 1 44062
0 1 44068
0 1 44069
0 1 44076
0 1 44077
0 1 44098
0 1 44099
0 1 44101
0 1 44105
0 1 44114
0 1 44116
0 1 44122
0 1 44124
0 1 44127
0 1 44132
0 1 44134
0 1 44138
0 1 44147
0 1 44153
0 1 44155
0 1 44168
0 1 44170
0 1 44178
0 1 44180
0 1 44185
0 1 44188
0 1 44201
0 1 44206
0 1 44210
0 1 44211
0 1 44222
0 1 44225
0 1 44227
0 1 44228
0 1 44229
0 1 44240
0 1 44249
0 1 44258
0 1 44260
0 1 44263
0 1 44268
0 1 44272
0 1 44274
0 1 44275
0 1 44277
0 1 44280
0 1 44284
0 1 44285
0 1 44287
0 1 44293
0 1 44303
0 1 44305
0 1 44309
0 1 44312
0 1 44315
0 1 44320
0 1 44326
0 1 44329
0 1 44332
0 1 44338
0 1 44339
0 1 44345
0 1 44348
0 1 44349
0 1 44351
0 1 44358
0 1 44360
0 1 44362
0 1 44366
0 1 44368
0 1 44379
0 1 44383
0 1 44384
0 1 44413
0 1 44414
0 1 44416
0 1 44417
0 1 44418
0 1 44419
0 1 44420
0 1 44424
0 1 44430
0 1 44432
0 1 44438
0 1 44439
0 1 44440
0 1 44441
0 1 44443
0 1 44445
0 1 44449
0 1 44450
0 1 44460
0 1 44463
0 1 44464
0 1 44466
0 1 44470
0 1 44471
0 1 44472
0 1 44474
0 1 44480
0 1 44483
0 1 44487
0 1 44492
0 1 44493
0 1 44497
0 1 44500
0 1 44501
0 1 44503
0 1 44506
0 1 44509
0 1 44520
0 1 44521
0 1 44526
0 1 44548
0 1 44552
0 1 44563
0 1 44564
0 1 44569
0 1 44570
0 1 44575
0 1 44578
0 1 44584
0 1 44593
0 1 44597
0 1 44604
0 1 44605
0 1 44606
0 1 44616
0 1 44620
0 1 44623
0 1 44644
0 1 44645
0 1 44652
0 1 44655
0 1 44656
0 1 44664
0 1 44666
0 1 44677
0 1 44678
0 1 44696
0 1 44701
0 1 44703
0 1 44707
0 1 44710
0 1 44711
0 1 44713
0 1 44717
0 1 44722
0 1 44728
0 1 44729
0 1 44740
0 1 44741
0 1 44743
0 1 44745
0 1 44755
0 1 44759
0 1 44760
0 1 44762
0 1 44763
0 1 44765
0 1 44766
0 1 44770
0 1 44781
0 1 44786
0 1 44790
0 1 44796
0 1 44799
0 1 44805
0 1 44810
0 1 44814
0 1 44816
0 1 44819
0 1 44822
0 1 44831
0 1 44833
0 1 44838
0 1 44841
0 1 44844
0 1 44845
0 1 44846
0 1 44852
0 1 44857
0 1 44858
0 1 44859
0 1 44867
0 1 44868
0 1 44877
0 1 44883
0 1 44886
0 1 44887
0 1 44888
0 1 44889
0 1 44890
0 1 44896
0 1 44897
0 1 44901
0 1 44903
0 1 44909
0 1 44914
0 1 44916
0 1 44919
0 1 44920
0 1 44921
0 1 44922
0 1 44941
0 1 44956
0 1 44963
0 1 44966
0 1 44971
0 1 44977
0 1 44978
0 1 44982
0 1 44994
0 1 44998
0 1 45008
0 1 45015
0 1 45035
0 1 45048
0 1 45052
0 1 45057
0 1 45061
0 1 45062
0 1 45064
0 1 45066
0 1 45067
0 1 45068
0 1 45073
0 1 45078
0 1 45079
0 1 45084
0 1 45086
0 1 45092
0 1 45093
0 1 45101
0 1 45106
0 1 45111
0 1 45116
0 1 45117
0 1 45131
0 1 45134
0 1 45137
0 1 45146
0 1 45147
0 1 45149
0 1 45150
0 1 45153
0 1 45157
0 1 45158
0 1 45161
0 1 45169
0 1 45186
0 1 45188
0 1 45194
0 1 45198
0 1 45205
0 1 45206
0 1 45212
0 1 45213
0 1 45217
0 1 45219
0 1 45222
0 1 45224
0 1 45226
0 1 45229
0 1 45234
0 1 45235
0 1 45237
0 1 45243
0 1 45250
0 1 45255
0 1 45256
0 1 45262
0 1 45263
0 1 45272
0 1 45287
0 1 45290
0 1 45296
0 1 45301
0 1 45302
0 1 45303
0 1 45305
0 1 45306
0 1 45327
0 1 45330
0 1 45335
0 1 45347
0 1 45358
0 1 45368
0 1 45376
0 1 45384
0 1 45385
0 1 45391
0 1 45399
0 1 45401
0 1 45403
0 1 45405
0 1 45406
0 1 45407
0 1 45410
0 1 45441
0 1 45442
0 1 45444
0 1 45445
0 1 45455
0 1 45458
0 1 45459
0 1 45461
0 1 45475
0 1 45476
0 1 45477
0 1 45478
0 1 45488
0 1 45491
0 1 45494
0 1 45495
0 1 45500
0 1 45501
0 1 45507
0 1 45510
0 1 45527
0 1 45529
0 1 45530
0 1 45540
0 1 45546
0 1 45547
0 1 45548
0 1 45551
0 1 45555
0 1 45562
0 1 45566
0 1 45567
0 1 45568
0 1 45573
0 1 45580
0 1 45584
0 1 45590
0 1 45595
0 1 45608
0 1 45611
0 1 45615
0 1 45619
0 1 45623
0 1 45626
0 1 45631
0 1 45638
0 1 45645
0 1 45655
0 1 45658
0 1 45660
0 1 45662
0 1 45672
0 1 45674
0 1 45685
0 1 45691
0 1 45692
0 1 45693
0 1 45700
0 1 45706
0 1 45707
0 1 45708
0 1 45711
0 1 45713
0 1 45721
0 1 45722
0 1 45724
0 1 45739
0 1 45741
0 1 45751
0 1 45752
0 1 45761
0 1 45766
0 1 45778
0 1 45782
0 1 45784
0 1 45785
0 1 45787
0 1 45791
0 1 45793
0 1 45797
0 1 45800
0 1 45812
0 1 45813
0 1 45814
0 1 45815
0 1 45816
0 1 45817
0 1 45820
0 1 45822
0 1 45826
0 1 45827
0 1 45833
0 1 45834
0 1 45838
0 1 45840
0 1 45841
0 1 45848
0 1 45854
0 1 45861
0 1 45866
0 1 45870
0 1 45872
0 1 45882
0 1 45885
0 1 45886
0 1 45900
0 1 45911
0 1 45918
0 1 45926
0 1 45929
0 1 45936
0 1 45939
0 1 45944
0 1 45946
0 1 45949
0 1 45953
0 1 45955
0 1 45959
0 1 45962
0 1 45968
0 1 45973
0 1 45989
0 1 45997
0 1 46007
0 1 46009
0 1 46019
0 1 46020
0 1 46022
0 1 46025
0 1 46034
0 1 46035
0 1 46045
0 1 46049
0 1 46050
0 1 46061
0 1 46064
0 1 46065
0 1 46066
0 1 46068
0 1 46074
0 1 46079
0 1 46083
0 1 46100
0 1 46102
0 1 46111
0 1 46113
0 1 46117
0 1 46119
0 1 46120
0 1 46121
0 1 46128
0 1 46129
0 1 46134
0 1 46137
0 1 46138
0 1 46142
0 1 46143
0 1 46150
0 1 46161
0 1 46165
0 1 46166
0 1 46167
0 1 46169
0 1 46177
0 1 46195
0 1 46202
0 1 46207
0 1 46214
0 1 46217
0 1 46225
0 1 46228
0 1 46229
0 1 46240
0 1 46243
0 1 46244
0 1 46245
0 1 46247
0 1 46250
0 1 46258
0 1 46266
0 1 46267
0 1 46274
0 1 46275
0 1 46277
0 1 46280
0 1 46289
0 1 46290
0 1 46294
0 1 46317
0 1 46323
0 1 46328
0 1 46331
0 1 46335
0 1 46337
0 1 46338
0 1 46345
0 1 46347
0 1 46351
0 1 46361
0 1 46365
0 1 46369
0 1 46371
0 1 46381
0 1 46384
0 1 46385
0 1 46388
0 1 46391
0 1 46393
0 1 46395
0 1 46396
0 1 46399
0 1 46404
0 1 46425
0 1 46432
0 1 46437
0 1 46442
0 1 46445
0 1 46446
0 1 46451
0 1 46477
0 1 46482
0 1 46488
0 1 46498
0 1 46504
0 1 46532
0 1 46542
0 1 46543
0 1 46546
0 1 46548
0 1 46555
0 1 46571
0 1 46572
0 1 46573
0 1 46580
0 1 46592
0 1 46593
0 1 46595
0 1 46596
0 1 46597
0 1 46602
0 1 46607
0 1 46608
0 1 46615
0 1 46644
0 1 46649
0 1 46658
0 1 46659
0 1 46663
0 1 46670
0 1 46674
0 1 46678
0 1 46686
0 1 46687
0 1 46693
0 1 46696
0 1 46697
0 1 46698
0 1 46703
0 1 46704
0 1 46718
0 1 46719
0 1 46748
0 1 46751
0 1 46761
0 1 46767
0 1 46770
0 1 46773
0 1 46776
0 1 46789
0 1 46802
0 1 46803
0 1 46804
0 1 46830
0 1 46832
0 1 46833
0 1 46837
0 1 46846
0 1 46855
0 1 46856
0 1 46858
0 1 46865
0 1 46868
0 1 46869
0 1 46883
0 1 46892
0 1 46898
0 1 46908
0 1 46915
0 1 46917
0 1 46918
0 1 46926
0 1 46927
0 1 46932
0 1 46955
0 1 46956
0 1 46957
0 1 46958
0 1 46962
0 1 46964
0 1 46965
0 1 46970
0 1 46973
0 1 46977
0 1 46979
0 1 46984
0 1 46992
0 1 46996
0 1 47003
0 1 47009
0 1 47011
0 1 47012
0 1 47020
0 1 47025
0 1 47029
0 1 47031
0 1 47034
0 1 47049
0 1 47050
0 1 47057
0 1 47062
0 1 47064
0 1 47070
0 1 47090
0 1 47098
0 1 47099
0 1 47100
0 1 47101
0 1 47113
0 1 47116
0 1 47122
0 1 47123
0 1 47130
0 1 47132
0 1 47136
0 1 47144
0 1 47147
0 1 47159
0 1 47167
0 1 47170
0 1 47182
0 1 47183
0 1 47187
0 1 47202
0 1 47210
0 1 47212
0 1 47223
0 1 47225
0 1 47235
0 1 47240
0 1 47250
0 1 47274
0 1 47277
0 1 47280
0 1 47284
0 1 47286
0 1 47287
0 1 47292
0 1 47293
0 1 47296
0 1 47299
0 1 47300
0 1 47302
0 1 47307
0 1 47310
0 1 47321
0 1 47330
0 1 47334
0 1 47338
0 1 47342
0 1 47343
0 1 47344
0 1 47352
0 1 47359
0 1 47360
0 1 47363
0 1 47364
0 1 47368
0 1 47371
0 1 47381
0 1 47386
0 1 47387
0 1 47388
0 1 47390
0 1 47397
0 1 47399
0 1 47401
0 1 47406
0 1 47408
0 1 47413
0 1 47422
0 1 47426
0 1 47427
0 1 47437
0 1 47440
0 1 47448
0 1 47453
0 1 47456
0 1 47459
0 1 47460
0 1 47461
0 1 47466
0 1 47471
0 1 47473
0 1 47474
0 1 47475
0 1 47476
0 1 47480
0 1 47481
0 1 47486
0 1 47487
0 1 47490
0 1 47491
0 1 47507
0 1 47508
0 1 47510
0 1 47511
0 1 47519
0 1 47521
0 1 47522
0 1 47526
0 1 47534
0 1 47538
0 1 47541
0 1 47546
0 1 47547
0 1 47549
0 1 47551
0 1 47557
0 1 47559
0 1 47564
0 1 47566
0 1 47567
0 1 47570
0 1 47571
0 1 47583
0 1 47585
0 1 47586
0 1 47587
0 1 47588
0 1 47601
0 1 47607
0 1 47608
0 1 47610
0 1 47618
0 1 47621
0 1 47632
0 1 47634
0 1 47637
0 1 47638
0 1 47641
0 1 47644
0 1 47648
0 1 47658
0 1 47663
0 1 47664
0 1 47671
0 1 47674
0 1 47681
0 1 47691
0 1 47695
0 1 47699
0 1 47701
0 1 47712
0 1 47716
0 1 47723
0 1 47730
0 1 47743
0 1 47747
0 1 47748
0 1 47757
0 1 47759
0 1 47761
0 1 47763
0 1 47766
0 1 47774
0 1 47775
0 1 47779
0 1 47796
0 1 47798
0 1 47808
0 1 47818
0 1 47819
0 1 47821
0 1 47826
0 1 47831
0 1 47834
0 1 47835
0 1 47836
0 1 47840
0 1 47841
0 1 47844
0 1 47846
0 1 47848
0 1 47849
0 1 47851
0 1 47852
0 1 47853
0 1 47874
0 1 47879
0 1 47880
0 1 47883
0 1 47888
0 1 47898
0 1 47900
0 1 47906
0 1 47913
0 1 47916
0 1 47921
0 1 47934
0 1 47939
0 1 47941
0 1 47951
0 1 47957
0 1 47972
0 1 47974
0 1 47975
0 1 47977
0 1 47978
0 1 47979
0 1 47980
0 1 47986
0 1 47987
0 1 47988
0 1 47991
0 1 47993
0 1 47994
0 1 48005
0 1 48009
0 1 48012
0 1 48028
0 1 48034
0 1 48036
0 1 48042
0 1 48043
0 1 48045
0 1 48056
0 1 48061
0 1 48062
0 1 48063
0 1 48064
0 1 48075
0 1 48077
0 1 48082
0 1 48089
0 1 48090
0 1 48098
0 1 48102
0 1 48103
0 1 48106
0 1 48115
0 1 48117
0 1 48120
0 1 48128
0 1 48133
0 1 48139
0 1 48146
0 1 48149
0 1 48150
0 1 48151
0 1 48155
0 1 48158
0 1 48160
0 1 48166
0 1 48169
0 1 48181
0 1 48186
0 1 48192
0 1 48196
0 1 48204
0 1 48214
0 1 48220
0 1 48234
0 1 48240
0 1 48248
0 1 48260
0 1 48261
0 1 48266
0 1 48276
0 1 48280
0 1 48293
0 1 48294
0 1 48296
0 1 48297
0 1 48298
0 1 48305
0 1 48307
0 1 48313
0 1 48316
0 1 48320
0 1 48323
0 1 48330
0 1 48333
0 1 48337
0 1 48339
0 1 48340
0 1 48345
0 1 48346
0 1 48349
0 1 48351
0 1 48355
0 1 48358
0 1 48366
0 1 48371
0 1 48378
0 1 48381
0 1 48412
0 1 48416
0 1 48418
0 1 48424
0 1 48435
0 1 48447
0 1 48452
0 1 48455
0 1 48460
0 1 48461
0 1 48462
0 1 48471
0 1 48478
0 1 48481
0 1 48489
0 1 48490
0 1 48493
0 1 48497
0 1 48504
0 1 48515
0 1 48517
0 1 48525
0 1 48529
0 1 48531
0 1 48534
0 1 48539
0 1 48549
0 1 48550
0 1 48561
0 1 48566
0 1 48568
0 1 48570
0 1 48573
0 1 48579
0 1 48584
0 1 48588
0 1 48591
0 1 48602
0 1 48604
0 1 48605
0 1 48609
0 1 48618
0 1 48620
0 1 48627
0 1 48631
0 1 48636
0 1 48638
0 1 48642
0 1 48650
0 1 48651
0 1 48655
0 1 48668
0 1 48670
0 1 48672
0 1 48676
0 1 48677
0 1 48681
0 1 48685
0 1 48688
0 1 48708
0 1 48720
0 1 48727
0 1 48728
0 1 48732
0 1 48735
0 1 48748
0 1 48749
0 1 48756
0 1 48759
0 1 48765
0 1 48766
0 1 48772
0 1 48781
0 1 48791
0 1 48809
0 1 48812
0 1 48813
0 1 48814
0 1 48822
0 1 48831
0 1 48832
0 1 48838
0 1 48839
0 1 48840
0 1 48843
0 1 48855
0 1 48863
0 1 48872
0 1 48882
0 1 48884
0 1 48887
0 1 48901
0 1 48913
0 1 48924
0 1 48930
0 1 48933
0 1 48934
0 1 48939
0 1 48949
0 1 48951
0 1 48952
0 1 48955
0 1 48958
0 1 48960
0 1 48964
0 1 48969
0 1 48978
0 1 48994
0 1 48997
0 1 48998
0 1 49000
0 1 49002
0 1 49006
0 1 49012
0 1 49014
0 1 49017
0 1 49036
0 1 49042
0 1 49045
0 1 49052
0 1 49054
0 1 49057
0 1 49060
0 1 49065
0 1 49066
0 1 49068
0 1 49076
0 1 49080
0 1 49088
0 1 49092
0 1 49095
0 1 49098
0 1 49100
0 1 49101
0 1 49112
0 1 49124
0 1 49125
0 1 49127
0 1 49135
0 1 49141
0 1 49151
0 1 49155
0 1 49157
0 1 49159
0 1 49166
0 1 49167
0 1 49171
0 1 49172
0 1 49175
0 1 49176
0 1 49179
0 1 49184
0 1 49186
0 1 49189
0 1 49190
0 1 49193
0 1 49217
0 1 49218
0 1 49222
0 1 49225
0 1 49232
0 1 49235
0 1 49237
0 1 49240
0 1 49244
0 1 49246
0 1 49247
0 1 49249
0 1 49261
0 1 49265
0 1 49272
0 1 49273
0 1 49280
0 1 49282
0 1 49291
0 1 49293
0 1 49310
0 1 49324
0 1 49334
0 1 49339
0 1 49348
0 1 49356
0 1 49357
0 1 49358
0 1 49360
0 1 49362
0 1 49363
0 1 49364
0 1 49372
0 1 49373
0 1 49382
0 1 49384
0 1 49385
0 1 49389
0 1 49400
0 1 49401
0 1 49406
0 1 49422
0 1 49423
0 1 49424
0 1 49426
0 1 49431
0 1 49436
0 1 49445
0 1 49456
0 1 49471
0 1 49473
0 1 49477
0 1 49480
0 1 49487
0 1 49491
0 1 49498
0 1 49502
0 1 49516
0 1 49525
0 1 49528
0 1 49529
0 1 49533
0 1 49542
0 1 49547
0 1 49550
0 1 49563
0 1 49564
0 1 49567
0 1 49571
0 1 49575
0 1 49582
0 1 49586
0 1 49591
0 1 49593
0 1 49602
0 1 49607
0 1 49614
0 1 49616
0 1 49625
0 1 49630
0 1 49640
0 1 49641
0 1 49655
0 1 49658
0 1 49661
0 1 49663
0 1 49664
0 1 49668
0 1 49669
0 1 49671
0 1 49672
0 1 49677
0 1 49691
0 1 49701
0 1 49705
0 1 49724
0 1 49733
0 1 49734
0 1 49736
0 1 49741
0 1 49754
0 1 49757
0 1 49763
0 1 49768
0 1 49777
0 1 49790
0 1 49799
0 1 49803
0 1 49809
0 1 49816
0 1 49823
0 1 49824
0 1 49827
0 1 49829
0 1 49832
0 1 49834
0 1 49837
0 1 49839
0 1 49840
0 1 49842
0 1 49843
0 1 49849
0 1 49855
0 1 49863
0 1 49868
0 1 49869
0 1 49873
0 1 49889
0 1 49896
0 1 49901
0 1 49903
0 1 49909
0 1 49910
0 1 49912
0 1 49913
0 1 49914
0 1 49916
0 1 49919
0 1 49928
0 1 49932
0 1 49936
0 1 49937
0 1 49943
0 1 49944
0 1 49953
0 1 49956
0 1 49957
0 1 49958
0 1 49966
0 1 49967
0 1 49968
0 1 49969
0 1 49971
0 1 49973
0 1 49980
0 1 49982
0 1 49991
0 1 49996
0 1 49998
0 1 50001
0 1 50026
0 1 50034
0 1 50043
0 1 50047
0 1 50058
0 1 50061
0 1 50068
0 1 50070
0 1 50079
0 1 50096
0 1 50102
0 1 50104
0 1 50112
0 1 50118
0 1 50119
0 1 50141
0 1 50142
0 1 50145
0 1 50150
0 1 50156
0 1 50159
0 1 50161
0 1 50169
0 1 50170
0 1 50174
0 1 50175
0 1 50178
0 1 50183
0 1 50184
0 1 50189
0 1 50199
0 1 50203
0 1 50213
0 1 50221
0 1 50239
0 1 50245
0 1 50246
0 1 50248
0 1 50249
0 1 50252
0 1 50253
0 1 50256
0 1 50260
0 1 50263
0 1 50272
0 1 50276
0 1 50282
0 1 50283
0 1 50291
0 1 50299
0 1 50302
0 1 50313
0 1 50314
0 1 50316
0 1 50325
0 1 50328
0 1 50332
0 1 50335
0 1 50342
0 1 50347
0 1 50354
0 1 50358
0 1 50368
0 1 50369
0 1 50375
0 1 50380
0 1 50383
0 1 50385
0 1 50387
0 1 50388
0 1 50399
0 1 50401
0 1 50422
0 1 50441
0 1 50451
0 1 50452
0 1 50458
0 1 50461
0 1 50467
0 1 50469
0 1 50472
0 1 50481
0 1 50483
0 1 50484
0 1 50485
0 1 50492
0 1 50497
0 1 50505
0 1 50507
0 1 50510
0 1 50511
0 1 50519
0 1 50520
0 1 50525
0 1 50527
0 1 50535
0 1 50544
0 1 50549
0 1 50550
0 1 50561
0 1 50571
0 1 50573
0 1 50577
0 1 50581
0 1 50591
0 1 50598
0 1 50603
0 1 50606
0 1 50607
0 1 50615
0 1 50618
0 1 50621
0 1 50624
0 1 50625
0 1 50628
0 1 50632
0 1 50644
0 1 50649
0 1 50654
0 1 50655
0 1 50660
0 1 50664
0 1 50665
0 1 50680
0 1 50688
0 1 50690
0 1 50695
0 1 50697
0 1 50703
0 1 50707
0 1 50713
0 1 50714
0 1 50716
0 1 50718
0 1 50720
0 1 50723
0 1 50730
0 1 50731
0 1 50736
0 1 50742
0 1 50747
0 1 50755
0 1 50762
0 1 50768
0 1 50769
0 1 50775
0 1 50783
0 1 50794
0 1 50795
0 1 50797
0 1 50800
0 1 50804
0 1 50805
0 1 50812
0 1 50813
0 1 50814
0 1 50845
0 1 50846
0 1 50847
0 1 50848
0 1 50850
0 1 50853
0 1 50855
0 1 50856
0 1 50860
0 1 50868
0 1 50871
0 1 50875
0 1 50884
0 1 50889
0 1 50890
0 1 50896
0 1 50902
0 1 50911
0 1 50918
0 1 50921
0 1 50924
0 1 50927
0 1 50929
0 1 50940
0 1 50943
0 1 50944
0 1 50951
0 1 50955
0 1 50962
0 1 50971
0 1 50977
0 1 50979
0 1 50980
0 1 50999
0 1 51001
0 1 51019
0 1 51025
0 1 51026
0 1 51027
0 1 51029
0 1 51037
0 1 51039
0 1 51042
0 1 51052
0 1 51056
0 1 51065
0 1 51068
0 1 51074
0 1 51079
0 1 51080
0 1 51082
0 1 51085
0 1 51092
0 1 51093
0 1 51097
0 1 51104
0 1 51109
0 1 51112
0 1 51123
0 1 51130
0 1 51137
0 1 51145
0 1 51148
0 1 51153
0 1 51160
0 1 51162
0 1 51168
0 1 51171
0 1 51177
0 1 51184
0 1 51186
0 1 51194
0 1 51195
0 1 51196
0 1 51222
0 1 51230
0 1 51233
0 1 51237
0 1 51239
0 1 51244
0 1 51245
0 1 51247
0 1 51248
0 1 51250
0 1 51256
0 1 51259
0 1 51276
0 1 51278
0 1 51282
0 1 51293
0 1 51296
0 1 51298
0 1 51315
0 1 51318
0 1 51324
0 1 51325
0 1 51334
0 1 51337
0 1 51344
0 1 51351
0 1 51353
0 1 51358
0 1 51359
0 1 51372
0 1 51373
0 1 51378
0 1 51380
0 1 51397
0 1 51400
0 1 51403
0 1 51415
0 1 51420
0 1 51421
0 1 51436
0 1 51437
0 1 51444
0 1 51447
0 1 51453
0 1 51457
0 1 51460
0 1 51462
0 1 51468
0 1 51474
0 1 51486
0 1 51496
0 1 51500
0 1 51504
0 1 51507
0 1 51509
0 1 51512
0 1 51514
0 1 51520
0 1 51522
0 1 51527
0 1 51535
0 1 51540
0 1 51543
0 1 51545
0 1 51546
0 1 51547
0 1 51553
0 1 51555
0 1 51556
0 1 51563
0 1 51566
0 1 51582
0 1 51583
0 1 51585
0 1 51590
0 1 51594
0 1 51609
0 1 51616
0 1 51618
0 1 51620
0 1 51626
0 1 51634
0 1 51645
0 1 51649
0 1 51651
0 1 51654
0 1 51663
0 1 51671
0 1 51673
0 1 51677
0 1 51686
0 1 51688
0 1 51693
0 1 51708
0 1 51713
0 1 51716
0 1 51725
0 1 51731
0 1 51735
0 1 51740
0 1 51745
0 1 51746
0 1 51750
0 1 51758
0 1 51760
0 1 51761
0 1 51763
0 1 51764
0 1 51765
0 1 51768
0 1 51769
0 1 51771
0 1 51773
0 1 51779
0 1 51797
0 1 51799
0 1 51813
0 1 51818
0 1 51819
0 1 51822
0 1 51833
0 1 51836
0 1 51837
0 1 51840
0 1 51847
0 1 51852
0 1 51855
0 1 51858
0 1 51860
0 1 51862
0 1 51870
0 1 51876
0 1 51878
0 1 51882
0 1 51883
0 1 51886
0 1 51915
0 1 51921
0 1 51928
0 1 51932
0 1 51936
0 1 51941
0 1 51947
0 1 51957
0 1 51962
0 1 51969
0 1 51977
0 1 51984
0 1 51990
0 1 51994
0 1 51995
0 1 52000
0 1 52006
0 1 52007
0 1 52011
0 1 52019
0 1 52022
0 1 52023
0 1 52029
0 1 52032
0 1 52034
0 1 52035
0 1 52036
0 1 52040
0 1 52044
0 1 52045
0 1 52047
0 1 52053
0 1 52054
0 1 52057
0 1 52063
0 1 52066
0 1 52071
0 1 52075
0 1 52076
0 1 52080
0 1 52085
0 1 52093
0 1 52096
0 1 52100
0 1 52107
0 1 52108
0 1 52114
0 1 52118
0 1 52120
0 1 52123
0 1 52131
0 1 52134
0 1 52144
0 1 52146
0 1 52154
0 1 52157
0 1 52173
0 1 52174
0 1 52175
0 1 52178
0 1 52184
0 1 52198
0 1 52201
0 1 52204
0 1 52208
0 1 52209
0 1 52218
0 1 52227
0 1 52230
0 1 52231
0 1 52232
0 1 52233
0 1 52235
0 1 52246
0 1 52258
0 1 52260
0 1 52270
0 1 52271
0 1 52275
0 1 52284
0 1 52296
0 1 52297
0 1 52299
0 1 52306
0 1 52311
0 1 52318
0 1 52326
0 1 52341
0 1 52343
0 1 52349
0 1 52357
0 1 52359
0 1 52361
0 1 52368
0 1 52371
0 1 52376
0 1 52380
0 1 52381
0 1 52382
0 1 52387
0 1 52389
0 1 52398
0 1 52409
0 1 52422
0 1 52427
0 1 52429
0 1 52430
0 1 52431
0 1 52432
0 1 52433
0 1 52443
0 1 52444
0 1 52458
0 1 52459
0 1 52462
0 1 52464
0 1 52465
0 1 52478
0 1 52481
0 1 52483
0 1 52484
0 1 52492
0 1 52499
0 1 52508
0 1 52511
0 1 52512
0 1 52523
0 1 52531
0 1 52543
0 1 52551
0 1 52562
0 1 52563
0 1 52566
0 1 52571
0 1 52574
0 1 52583
0 1 52584
0 1 52587
0 1 52596
0 1 52599
0 1 52602
0 1 52617
0 1 52627
0 1 52632
0 1 52635
0 1 52636
0 1 52639
0 1 52644
0 1 52645
0 1 52650
0 1 52652
0 1 52653
0 1 52658
0 1 52676
0 1 52678
0 1 52679
0 1 52680
0 1 52688
0 1 52695
0 1 52696
0 1 52698
0 1 52701
0 1 52708
0 1 52716
0 1 52719
0 1 52724
0 1 52727
0 1 52735
0 1 52738
0 1 52739
0 1 52742
0 1 52748
0 1 52749
0 1 52752
0 1 52755
0 1 52760
0 1 52762
0 1 52763
0 1 52769
0 1 52773
0 1 52793
0 1 52800
0 1 52802
0 1 52804
0 1 52805
0 1 52807
0 1 52818
0 1 52825
0 1 52829
0 1 52831
0 1 52832
0 1 52839
0 1 52843
0 1 52858
0 1 52865
0 1 52866
0 1 52867
0 1 52868
0 1 52870
0 1 52877
0 1 52879
0 1 52884
0 1 52885
0 1 52886
0 1 52891
0 1 52894
0 1 52902
0 1 52913
0 1 52921
0 1 52926
0 1 52929
0 1 52930
0 1 52932
0 1 52942
0 1 52946
0 1 52960
0 1 52961
0 1 52963
0 1 52973
0 1 52979
0 1 52989
0 1 53008
0 1 53010
0 1 53013
0 1 53022
0 1 53032
0 1 53033
0 1 53038
0 1 53043
0 1 53049
0 1 53050
0 1 53052
0 1 53059
0 1 53063
0 1 53065
0 1 53072
0 1 53084
0 1 53086
0 1 53089
0 1 53102
0 1 53115
0 1 53116
0 1 53117
0 1 53119
0 1 53125
0 1 53128
0 1 53130
0 1 53133
0 1 53136
0 1 53137
0 1 53142
0 1 53143
0 1 53144
0 1 53148
0 1 53153
0 1 53159
0 1 53161
0 1 53165
0 1 53166
0 1 53171
0 1 53172
0 1 53176
0 1 53181
0 1 53186
0 1 53197
0 1 53199
0 1 53203
0 1 53206
0 1 53213
0 1 53214
0 1 53215
0 1 53217
0 1 53223
0 1 53224
0 1 53225
0 1 53233
0 1 53245
0 1 53249
0 1 53251
0 1 53252
0 1 53257
0 1 53259
0 1 53262
0 1 53269
0 1 53271
0 1 53284
0 1 53289
0 1 53308
0 1 53316
0 1 53320
0 1 53322
0 1 53326
0 1 53330
0 1 53331
0 1 53336
0 1 53338
0 1 53348
0 1 53350
0 1 53354
0 1 53355
0 1 53360
0 1 53362
0 1 53364
0 1 53365
0 1 53370
0 1 53375
0 1 53377
0 1 53381
0 1 53382
0 1 53395
0 1 53398
0 1 53409
0 1 53418
0 1 53420
0 1 53425
0 1 53430
0 1 53440
0 1 53448
0 1 53450
0 1 53453
0 1 53454
0 1 53455
0 1 53462
0 1 53465
0 1 53466
0 1 53468
0 1 53474
0 1 53482
0 1 53488
0 1 53491
0 1 53504
0 1 53516
0 1 53524
0 1 53527
0 1 53533
0 1 53534
0 1 53537
0 1 53538
0 1 53553
0 1 53568
0 1 53569
0 1 53570
0 1 53571
0 1 53572
0 1 53573
0 1 53574
0 1 53576
0 1 53581
0 1 53582
0 1 53585
0 1 53587
0 1 53590
0 1 53591
0 1 53597
0 1 53610
0 1 53611
0 1 53612
0 1 53615
0 1 53617
0 1 53625
0 1 53628
0 1 53635
0 1 53637
0 1 53639
0 1 53644
0 1 53653
0 1 53657
0 1 53658
0 1 53670
0 1 53673
0 1 53675
0 1 53678
0 1 53688
0 1 53692
0 1 53701
0 1 53728
0 1 53732
0 1 53739
0 1 53741
0 1 53742
0 1 53755
0 1 53764
0 1 53767
0 1 53769
0 1 53779
0 1 53780
0 1 53789
0 1 53791
0 1 53798
0 1 53799
0 1 53806
0 1 53807
0 1 53812
0 1 53815
0 1 53823
0 1 53824
0 1 53828
0 1 53832
0 1 53839
0 1 53843
0 1 53846
0 1 53848
0 1 53849
0 1 53850
0 1 53851
0 1 53854
0 1 53855
0 1 53866
0 1 53873
0 1 53880
0 1 53882
0 1 53886
0 1 53891
0 1 53894
0 1 53895
0 1 53906
0 1 53911
0 1 53914
0 1 53921
0 1 53925
0 1 53929
0 1 53937
0 1 53946
0 1 53947
0 1 53960
0 1 53963
0 1 53965
0 1 53967
0 1 53968
0 1 53975
0 1 53985
0 1 53987
0 1 53991
0 1 53994
0 1 53995
0 1 54013
0 1 54015
0 1 54021
0 1 54027
0 1 54028
0 1 54029
0 1 54031
0 1 54035
0 1 54043
0 1 54052
0 1 54060
0 1 54065
0 1 54071
0 1 54072
0 1 54078
0 1 54081
0 1 54085
0 1 54090
0 1 54097
0 1 54107
0 1 54109
0 1 54118
0 1 54122
0 1 54125
0 1 54137
0 1 54151
0 1 54155
0 1 54169
0 1 54172
0 1 54176
0 1 54177
0 1 54185
0 1 54188
0 1 54190
0 1 54199
0 1 54202
0 1 54205
0 1 54213
0 1 54214
0 1 54220
0 1 54226
0 1 54229
0 1 54232
0 1 54233
0 1 54236
0 1 54247
0 1 54250
0 1 54253
0 1 54258
0 1 54261
0 1 54269
0 1 54281
0 1 54295
0 1 54296
0 1 54300
0 1 54320
0 1 54327
0 1 54333
0 1 54336
0 1 54343
0 1 54344
0 1 54345
0 1 54346
0 1 54348
0 1 54352
0 1 54354
0 1 54362
0 1 54366
0 1 54376
0 1 54378
0 1 54384
0 1 54385
0 1 54391
0 1 54401
0 1 54412
0 1 54419
0 1 54423
0 1 54424
0 1 54434
0 1 54457
0 1 54461
0 1 54466
0 1 54473
0 1 54477
0 1 54478
0 1 54479
0 1 54480
0 1 54482
0 1 54486
0 1 54489
0 1 54490
0 1 54491
0 1 54492
0 1 54504
0 1 54506
0 1 54518
0 1 54522
0 1 54523
0 1 54532
0 1 54536
0 1 54538
0 1 54544
0 1 54546
0 1 54551
0 1 54553
0 1 54556
0 1 54557
0 1 54561
0 1 54565
0 1 54575
0 1 54589
0 1 54593
0 1 54595
0 1 54616
0 1 54617
0 1 54618
0 1 54619
0 1 54621
0 1 54633
0 1 54634
0 1 54635
0 1 54640
0 1 54641
0 1 54645
0 1 54647
0 1 54648
0 1 54656
0 1 54670
0 1 54672
0 1 54678
0 1 54681
0 1 54691
0 1 54700
0 1 54706
0 1 54708
0 1 54710
0 1 54718
0 1 54723
0 1 54728
0 1 54730
0 1 54735
0 1 54736
0 1 54740
0 1 54750
0 1 54757
0 1 54758
0 1 54759
0 1 54770
0 1 54775
0 1 54777
0 1 54779
0 1 54781
0 1 54785
0 1 54787
0 1 54795
0 1 54804
0 1 54813
0 1 54821
0 1 54839
0 1 54841
0 1 54846
0 1 54854
0 1 54855
0 1 54862
0 1 54874
0 1 54877
0 1 54883
0 1 54893
0 1 54896
0 1 54898
0 1 54901
0 1 54907
0 1 54919
0 1 54920
0 1 54922
0 1 54923
0 1 54936
0 1 54937
0 1 54946
0 1 54949
0 1 54952
0 1 54953
0 1 54957
0 1 54960
0 1 54969
0 1 54971
0 1 54977
0 1 54980
0 1 54983
0 1 54984
0 1 54996
0 1 55001
0 1 55003
0 1 55007
0 1 55011
0 1 55012
0 1 55022
0 1 55023
0 1 55024
0 1 55025
0 1 55026
0 1 55029
0 1 55041
0 1 55050
0 1 55052
0 1 55053
0 1 55065
0 1 55069
0 1 55070
0 1 55075
0 1 55077
0 1 55079
0 1 55083
0 1 55087
0 1 55090
0 1 55095
0 1 55098
0 1 55100
0 1 55101
0 1 55103
0 1 55106
0 1 55110
0 1 55115
0 1 55120
0 1 55122
0 1 55128
0 1 55130
0 1 55132
0 1 55136
0 1 55140
0 1 55141
0 1 55145
0 1 55151
0 1 55160
0 1 55164
0 1 55179
0 1 55199
0 1 55200
0 1 55202
0 1 55218
0 1 55227
0 1 55229
0 1 55233
0 1 55234
0 1 55240
0 1 55246
0 1 55252
0 1 55266
0 1 55274
0 1 55279
0 1 55280
0 1 55290
0 1 55293
0 1 55303
0 1 55308
0 1 55313
0 1 55315
0 1 55327
0 1 55328
0 1 55334
0 1 55338
0 1 55339
0 1 55341
0 1 55348
0 1 55353
0 1 55355
0 1 55356
0 1 55360
0 1 55362
0 1 55363
0 1 55365
0 1 55366
0 1 55367
0 1 55369
0 1 55373
0 1 55374
0 1 55380
0 1 55382
0 1 55384
0 1 55396
0 1 55401
0 1 55403
0 1 55406
0 1 55407
0 1 55408
0 1 55417
0 1 55418
0 1 55421
0 1 55422
0 1 55428
0 1 55432
0 1 55438
0 1 55446
0 1 55448
0 1 55449
0 1 55456
0 1 55460
0 1 55461
0 1 55464
0 1 55468
0 1 55478
0 1 55480
0 1 55496
0 1 55498
0 1 55500
0 1 55507
0 1 55508
0 1 55512
0 1 55514
0 1 55529
0 1 55531
0 1 55545
0 1 55549
0 1 55551
0 1 55558
0 1 55569
0 1 55570
0 1 55572
0 1 55579
0 1 55581
0 1 55584
0 1 55587
0 1 55590
0 1 55596
0 1 55602
0 1 55610
0 1 55616
0 1 55617
0 1 55619
0 1 55620
0 1 55623
0 1 55627
0 1 55637
0 1 55639
0 1 55640
0 1 55647
0 1 55658
0 1 55665
0 1 55668
0 1 55669
0 1 55673
0 1 55674
0 1 55685
0 1 55687
0 1 55694
0 1 55696
0 1 55705
0 1 55711
0 1 55713
0 1 55728
0 1 55736
0 1 55739
0 1 55742
0 1 55743
0 1 55745
0 1 55752
0 1 55772
0 1 55774
0 1 55775
0 1 55778
0 1 55787
0 1 55790
0 1 55804
0 1 55818
0 1 55838
0 1 55843
0 1 55845
0 1 55854
0 1 55862
0 1 55866
0 1 55868
0 1 55871
0 1 55875
0 1 55883
0 1 55892
0 1 55901
0 1 55903
0 1 55904
0 1 55909
0 1 55910
0 1 55915
0 1 55916
0 1 55917
0 1 55922
0 1 55933
0 1 55934
0 1 55935
0 1 55936
0 1 55944
0 1 55954
0 1 55957
0 1 55962
0 1 55974
0 1 55977
0 1 55978
0 1 55984
0 1 55986
0 1 55987
0 1 55996
0 1 55999
0 1 56001
0 1 56009
0 1 56013
0 1 56014
0 1 56024
0 1 56035
0 1 56043
0 1 56046
0 1 56064
0 1 56065
0 1 56069
0 1 56071
0 1 56073
0 1 56074
0 1 56076
0 1 56078
0 1 56080
0 1 56084
0 1 56085
0 1 56093
0 1 56095
0 1 56098
0 1 56099
0 1 56100
0 1 56101
0 1 56104
0 1 56111
0 1 56120
0 1 56122
0 1 56124
0 1 56135
0 1 56140
0 1 56144
0 1 56148
0 1 56151
0 1 56152
0 1 56154
0 1 56156
0 1 56161
0 1 56165
0 1 56170
0 1 56173
0 1 56175
0 1 56177
0 1 56179
0 1 56180
0 1 56181
0 1 56183
0 1 56186
0 1 56190
0 1 56191
0 1 56198
0 1 56205
0 1 56206
0 1 56207
0 1 56218
0 1 56225
0 1 56228
0 1 56232
0 1 56234
0 1 56235
0 1 56242
0 1 56246
0 1 56248
0 1 56253
0 1 56258
0 1 56260
0 1 56262
0 1 56271
0 1 56276
0 1 56282
0 1 56284
0 1 56286
0 1 56290
0 1 56291
0 1 56296
0 1 56312
0 1 56314
0 1 56315
0 1 56319
0 1 56324
0 1 56327
0 1 56333
0 1 56342
0 1 56343
0 1 56347
0 1 56353
0 1 56354
0 1 56355
0 1 56360
0 1 56363
0 1 56364
0 1 56369
0 1 56370
0 1 56371
0 1 56380
0 1 56381
0 1 56384
0 1 56385
0 1 56389
0 1 56397
0 1 56400
0 1 56402
0 1 56403
0 1 56410
0 1 56415
0 1 56423
0 1 56436
0 1 56437
0 1 56444
0 1 56445
0 1 56449
0 1 56457
0 1 56467
0 1 56471
0 1 56475
0 1 56480
0 1 56482
0 1 56493
0 1 56495
0 1 56496
0 1 56497
0 1 56508
0 1 56509
0 1 56516
0 1 56517
0 1 56531
0 1 56543
0 1 56548
0 1 56551
0 1 56553
0 1 56565
0 1 56571
0 1 56576
0 1 56579
0 1 56587
0 1 56588
0 1 56589
0 1 56591
0 1 56600
0 1 56603
0 1 56609
0 1 56613
0 1 56623
0 1 56641
0 1 56642
0 1 56643
0 1 56645
0 1 56646
0 1 56647
0 1 56655
0 1 56664
0 1 56673
0 1 56677
0 1 56679
0 1 56684
0 1 56686
0 1 56691
0 1 56697
0 1 56702
0 1 56706
0 1 56709
0 1 56717
0 1 56718
0 1 56721
0 1 56734
0 1 56738
0 1 56739
0 1 56749
0 1 56753
0 1 56760
0 1 56763
0 1 56769
0 1 56772
0 1 56776
0 1 56781
0 1 56784
0 1 56796
0 1 56802
0 1 56808
0 1 56810
0 1 56811
0 1 56818
0 1 56819
0 1 56829
0 1 56833
0 1 56840
0 1 56847
0 1 56857
0 1 56858
0 1 56859
0 1 56861
0 1 56868
0 1 56869
0 1 56871
0 1 56876
0 1 56885
0 1 56889
0 1 56895
0 1 56906
0 1 56913
0 1 56914
0 1 56916
0 1 56918
0 1 56941
0 1 56945
0 1 56949
0 1 56953
0 1 56955
0 1 56957
0 1 56967
0 1 56970
0 1 56975
0 1 56983
0 1 56987
0 1 56994
0 1 57000
0 1 57012
0 1 57013
0 1 57014
0 1 57017
0 1 57029
0 1 57040
0 1 57042
0 1 57045
0 1 57052
0 1 57065
0 1 57068
0 1 57073
0 1 57081
0 1 57085
0 1 57098
0 1 57099
0 1 57100
0 1 57101
0 1 57103
0 1 57104
0 1 57106
0 1 57114
0 1 57119
0 1 57120
0 1 57121
0 1 57134
0 1 57135
0 1 57137
0 1 57141
0 1 57145
0 1 57152
0 1 57153
0 1 57154
0 1 57155
0 1 57157
0 1 57158
0 1 57159
0 1 57165
0 1 57168
0 1 57176
0 1 57177
0 1 57179
0 1 57180
0 1 57188
0 1 57193
0 1 57198
0 1 57199
0 1 57209
0 1 57214
0 1 57219
0 1 57221
0 1 57237
0 1 57240
0 1 57244
0 1 57249
0 1 57254
0 1 57257
0 1 57259
0 1 57263
0 1 57280
0 1 57286
0 1 57288
0 1 57291
0 1 57292
0 1 57294
0 1 57295
0 1 57303
0 1 57313
0 1 57317
0 1 57324
0 1 57332
0 1 57342
0 1 57349
0 1 57353
0 1 57354
0 1 57360
0 1 57362
0 1 57363
0 1 57368
0 1 57370
0 1 57377
0 1 57384
0 1 57386
0 1 57390
0 1 57395
0 1 57396
0 1 57403
0 1 57404
0 1 57407
0 1 57411
0 1 57412
0 1 57424
0 1 57436
0 1 57443
0 1 57459
0 1 57461
0 1 57469
0 1 57476
0 1 57479
0 1 57481
0 1 57490
0 1 57491
0 1 57493
0 1 57503
0 1 57520
0 1 57523
0 1 57528
0 1 57530
0 1 57535
0 1 57536
0 1 57538
0 1 57551
0 1 57554
0 1 57555
0 1 57556
0 1 57559
0 1 57560
0 1 57567
0 1 57571
0 1 57573
0 1 57579
0 1 57598
0 1 57601
0 1 57603
0 1 57605
0 1 57606
0 1 57609
0 1 57611
0 1 57616
0 1 57620
0 1 57635
0 1 57640
0 1 57645
0 1 57646
0 1 57648
0 1 57651
0 1 57652
0 1 57654
0 1 57655
0 1 57657
0 1 57659
0 1 57664
0 1 57671
0 1 57679
0 1 57681
0 1 57694
0 1 57700
0 1 57713
0 1 57716
0 1 57717
0 1 57720
0 1 57731
0 1 57733
0 1 57736
0 1 57737
0 1 57740
0 1 57743
0 1 57747
0 1 57760
0 1 57769
0 1 57771
0 1 57790
0 1 57791
0 1 57793
0 1 57803
0 1 57806
0 1 57812
0 1 57817
0 1 57818
0 1 57825
0 1 57829
0 1 57841
0 1 57857
0 1 57858
0 1 57867
0 1 57869
0 1 57878
0 1 57881
0 1 57883
0 1 57895
0 1 57907
0 1 57918
0 1 57923
0 1 57929
0 1 57934
0 1 57935
0 1 57937
0 1 57942
0 1 57943
0 1 57949
0 1 57950
0 1 57951
0 1 57956
0 1 57960
0 1 57964
0 1 57965
0 1 57967
0 1 57968
0 1 57974
0 1 57976
0 1 57983
0 1 57989
0 1 58001
0 1 58003
0 1 58014
0 1 58017
0 1 58018
0 1 58047
0 1 58051
0 1 58053
0 1 58059
0 1 58075
0 1 58084
0 1 58086
0 1 58087
0 1 58090
0 1 58100
0 1 58101
0 1 58102
0 1 58105
0 1 58110
0 1 58111
0 1 58112
0 1 58125
0 1 58127
0 1 58134
0 1 58137
0 1 58138
0 1 58140
0 1 58147
0 1 58152
0 1 58160
0 1 58161
0 1 58163
0 1 58164
0 1 58168
0 1 58174
0 1 58175
0 1 58189
0 1 58190
0 1 58203
0 1 58204
0 1 58208
0 1 58220
0 1 58221
0 1 58227
0 1 58228
0 1 58230
0 1 58231
0 1 58232
0 1 58241
0 1 58244
0 1 58252
0 1 58259
0 1 58262
0 1 58266
0 1 58268
0 1 58276
0 1 58282
0 1 58290
0 1 58296
0 1 58301
0 1 58311
0 1 58315
0 1 58321
0 1 58325
0 1 58332
0 1 58334
0 1 58337
0 1 58350
0 1 58352
0 1 58358
0 1 58366
0 1 58371
0 1 58372
0 1 58377
0 1 58386
0 1 58413
0 1 58415
0 1 58429
0 1 58431
0 1 58439
0 1 58452
0 1 58454
0 1 58464
0 1 58466
0 1 58467
0 1 58468
0 1 58470
0 1 58476
0 1 58477
0 1 58485
0 1 58486
0 1 58489
0 1 58516
0 1 58519
0 1 58520
0 1 58525
0 1 58526
0 1 58528
0 1 58530
0 1 58535
0 1 58536
0 1 58538
0 1 58544
0 1 58547
0 1 58555
0 1 58557
0 1 58563
0 1 58574
0 1 58587
0 1 58589
0 1 58597
0 1 58598
0 1 58601
0 1 58618
0 1 58637
0 1 58638
0 1 58644
0 1 58646
0 1 58647
0 1 58650
0 1 58652
0 1 58665
0 1 58672
0 1 58678
0 1 58685
0 1 58690
0 1 58692
0 1 58701
0 1 58703
0 1 58726
0 1 58727
0 1 58733
0 1 58735
0 1 58741
0 1 58748
0 1 58754
0 1 58771
0 1 58773
0 1 58777
0 1 58781
0 1 58789
0 1 58792
0 1 58797
0 1 58802
0 1 58803
0 1 58813
0 1 58816
0 1 58820
0 1 58822
0 1 58824
0 1 58827
0 1 58828
0 1 58832
0 1 58835
0 1 58839
0 1 58844
0 1 58845
0 1 58847
0 1 58855
0 1 58856
0 1 58866
0 1 58867
0 1 58872
0 1 58879
0 1 58882
0 1 58884
0 1 58885
0 1 58889
0 1 58890
0 1 58904
0 1 58913
0 1 58915
0 1 58920
0 1 58932
0 1 58948
0 1 58950
0 1 58953
0 1 58959
0 1 58960
0 1 58964
0 1 58970
0 1 58974
0 1 58975
0 1 58979
0 1 58982
0 1 58983
0 1 58987
0 1 58991
0 1 58997
0 1 59002
0 1 59021
0 1 59022
0 1 59028
0 1 59034
0 1 59036
0 1 59040
0 1 59051
0 1 59055
0 1 59059
0 1 59066
0 1 59067
0 1 59072
0 1 59083
0 1 59089
0 1 59095
0 1 59112
0 1 59113
0 1 59115
0 1 59118
0 1 59120
0 1 59146
0 1 59155
0 1 59159
0 1 59163
0 1 59164
0 1 59174
0 1 59175
0 1 59183
0 1 59184
0 1 59192
0 1 59193
0 1 59197
0 1 59198
0 1 59200
0 1 59201
0 1 59216
0 1 59219
0 1 59221
0 1 59224
0 1 59225
0 1 59239
0 1 59241
0 1 59242
0 1 59243
0 1 59244
0 1 59249
0 1 59252
0 1 59258
0 1 59262
0 1 59268
0 1 59270
0 1 59277
0 1 59281
0 1 59282
0 1 59291
0 1 59292
0 1 59293
0 1 59311
0 1 59314
0 1 59317
0 1 59319
0 1 59339
0 1 59344
0 1 59354
0 1 59356
0 1 59366
0 1 59370
0 1 59372
0 1 59380
0 1 59387
0 1 59389
0 1 59396
0 1 59398
0 1 59404
0 1 59407
0 1 59409
0 1 59412
0 1 59421
0 1 59422
0 1 59434
0 1 59441
0 1 59442
0 1 59444
0 1 59446
0 1 59450
0 1 59461
0 1 59462
0 1 59471
0 1 59475
0 1 59476
0 1 59496
0 1 59498
0 1 59506
0 1 59511
0 1 59514
0 1 59519
0 1 59522
0 1 59528
0 1 59535
0 1 59537
0 1 59538
0 1 59541
0 1 59551
0 1 59553
0 1 59558
0 1 59561
0 1 59562
0 1 59563
0 1 59567
0 1 59568
0 1 59570
0 1 59580
0 1 59582
0 1 59593
0 1 59594
0 1 59596
0 1 59603
0 1 59604
0 1 59609
0 1 59613
0 1 59620
0 1 59622
0 1 59626
0 1 59627
0 1 59635
0 1 59658
0 1 59660
0 1 59663
0 1 59670
0 1 59686
0 1 59690
0 1 59694
0 1 59695
0 1 59698
0 1 59703
0 1 59706
0 1 59713
0 1 59717
0 1 59724
0 1 59729
0 1 59730
0 1 59734
0 1 59735
0 1 59736
0 1 59742
0 1 59745
0 1 59746
0 1 59754
0 1 59766
0 1 59772
0 1 59778
0 1 59787
0 1 59788
0 1 59794
0 1 59797
0 1 59802
0 1 59804
0 1 59806
0 1 59807
0 1 59809
0 1 59823
0 1 59826
0 1 59827
0 1 59831
0 1 59842
0 1 59848
0 1 59859
0 1 59860
0 1 59866
0 1 59871
0 1 59876
0 1 59882
0 1 59917
0 1 59918
0 1 59922
0 1 59931
0 1 59932
0 1 59939
0 1 59944
0 1 59947
0 1 59950
0 1 59953
0 1 59956
0 1 59958
0 1 59970
0 1 59972
0 1 59989
0 1 59992
0 1 59995
0 1 59996
0 1 59997
0 1 60005
0 1 60011
0 1 60013
0 1 60019
0 1 60024
0 1 60025
0 1 60031
0 1 60034
0 1 60045
0 1 60052
0 1 60061
0 1 60064
0 1 60065
0 1 60075
0 1 60077
0 1 60090
0 1 60093
0 1 60096
0 1 60115
0 1 60128
0 1 60129
0 1 60137
0 1 60144
0 1 60146
0 1 60152
0 1 60153
0 1 60156
0 1 60157
0 1 60171
0 1 60177
0 1 60178
0 1 60179
0 1 60180
0 1 60204
0 1 60205
0 1 60207
0 1 60208
0 1 60215
0 1 60232
0 1 60235
0 1 60236
0 1 60237
0 1 60238
0 1 60249
0 1 60253
0 1 60265
0 1 60267
0 1 60272
0 1 60279
0 1 60281
0 1 60283
0 1 60288
0 1 60290
0 1 60308
0 1 60311
0 1 60312
0 1 60313
0 1 60319
0 1 60323
0 1 60325
0 1 60330
0 1 60334
0 1 60341
0 1 60344
0 1 60349
0 1 60353
0 1 60357
0 1 60358
0 1 60359
0 1 60360
0 1 60367
0 1 60368
0 1 60369
0 1 60376
0 1 60377
0 1 60382
0 1 60390
0 1 60393
0 1 60394
0 1 60396
0 1 60411
0 1 60417
0 1 60419
0 1 60424
0 1 60425
0 1 60428
0 1 60434
0 1 60443
0 1 60445
0 1 60448
0 1 60449
0 1 60454
0 1 60461
0 1 60472
0 1 60475
0 1 60485
0 1 60495
0 1 60496
0 1 60500
0 1 60502
0 1 60503
0 1 60511
0 1 60519
0 1 60529
0 1 60534
0 1 60537
0 1 60563
0 1 60566
0 1 60571
0 1 60579
0 1 60580
0 1 60583
0 1 60585
0 1 60590
0 1 60605
0 1 60611
0 1 60625
0 1 60626
0 1 60635
0 1 60647
0 1 60655
0 1 60657
0 1 60658
0 1 60664
0 1 60670
0 1 60674
0 1 60677
0 1 60684
0 1 60685
0 1 60692
0 1 60697
0 1 60704
0 1 60706
0 1 60715
0 1 60718
0 1 60724
0 1 60726
0 1 60727
0 1 60731
0 1 60732
0 1 60734
0 1 60737
0 1 60743
0 1 60764
0 1 60769
0 1 60772
0 1 60782
0 1 60790
0 1 60794
0 1 60801
0 1 60804
0 1 60805
0 1 60808
0 1 60816
0 1 60817
0 1 60822
0 1 60829
0 1 60838
0 1 60839
0 1 60841
0 1 60845
0 1 60851
0 1 60855
0 1 60856
0 1 60858
0 1 60861
0 1 60866
0 1 60871
0 1 60877
0 1 60878
0 1 60879
0 1 60883
0 1 60888
0 1 60896
0 1 60899
0 1 60901
0 1 60921
0 1 60922
0 1 60924
0 1 60931
0 1 60932
0 1 60934
0 1 60935
0 1 60940
0 1 60942
0 1 60949
0 1 60954
0 1 60957
0 1 60961
0 1 60966
0 1 60967
0 1 60979
0 1 60982
0 1 60991
0 1 60992
0 1 60995
0 1 61004
0 1 61014
0 1 61018
0 1 61029
0 1 61032
0 1 61037
0 1 61047
0 1 61053
0 1 61057
0 1 61061
0 1 61063
0 1 61068
0 1 61071
0 1 61075
0 1 61091
0 1 61093
0 1 61094
0 1 61102
0 1 61105
0 1 61114
0 1 61115
0 1 61116
0 1 61117
0 1 61120
0 1 61122
0 1 61123
0 1 61133
0 1 61134
0 1 61137
0 1 61143
0 1 61145
0 1 61146
0 1 61151
0 1 61155
0 1 61161
0 1 61165
0 1 61185
0 1 61188
0 1 61192
0 1 61200
0 1 61203
0 1 61206
0 1 61216
0 1 61224
0 1 61228
0 1 61230
0 1 61232
0 1 61235
0 1 61236
0 1 61242
0 1 61250
0 1 61255
0 1 61260
0 1 61261
0 1 61274
0 1 61281
0 1 61289
0 1 61295
0 1 61296
0 1 61302
0 1 61310
0 1 61313
0 1 61314
0 1 61323
0 1 61324
0 1 61325
0 1 61326
0 1 61329
0 1 61341
0 1 61353
0 1 61356
0 1 61361
0 1 61363
0 1 61377
0 1 61378
0 1 61380
0 1 61381
0 1 61388
0 1 61390
0 1 61392
0 1 61396
0 1 61397
0 1 61419
0 1 61432
0 1 61436
0 1 61438
0 1 61441
0 1 61447
0 1 61450
0 1 61456
0 1 61459
0 1 61467
0 1 61492
0 1 61497
0 1 61498
0 1 61501
0 1 61504
0 1 61506
0 1 61507
0 1 61509
0 1 61512
0 1 61519
0 1 61528
0 1 61535
0 1 61541
0 1 61546
0 1 61547
0 1 61550
0 1 61554
0 1 61555
0 1 61557
0 1 61562
0 1 61573
0 1 61579
0 1 61580
0 1 61581
0 1 61582
0 1 61584
0 1 61598
0 1 61601
0 1 61605
0 1 61607
0 1 61608
0 1 61610
0 1 61615
0 1 61619
0 1 61623
0 1 61626
0 1 61629
0 1 61630
0 1 61634
0 1 61645
0 1 61648
0 1 61652
0 1 61655
0 1 61658
0 1 61661
0 1 61668
0 1 61675
0 1 61677
0 1 61678
0 1 61680
0 1 61696
0 1 61697
0 1 61708
0 1 61715
0 1 61730
0 1 61731
0 1 61732
0 1 61740
0 1 61749
0 1 61751
0 1 61754
0 1 61758
0 1 61761
0 1 61763
0 1 61764
0 1 61768
0 1 61774
0 1 61778
0 1 61782
0 1 61796
0 1 61803
0 1 61805
0 1 61806
0 1 61811
0 1 61813
0 1 61822
0 1 61838
0 1 61854
0 1 61857
0 1 61866
0 1 61875
0 1 61879
0 1 61884
0 1 61889
0 1 61890
0 1 61892
0 1 61902
0 1 61920
0 1 61922
0 1 61924
0 1 61934
0 1 61939
0 1 61942
0 1 61949
0 1 61950
0 1 61952
0 1 61956
0 1 61960
0 1 61965
0 1 61967
0 1 61971
0 1 61977
0 1 61980
0 1 61989
0 1 61994
0 1 61996
0 1 62003
0 1 62010
0 1 62012
0 1 62017
0 1 62023
0 1 62026
0 1 62029
0 1 62035
0 1 62038
0 1 62057
0 1 62065
0 1 62066
0 1 62069
0 1 62081
0 1 62083
0 1 62084
0 1 62088
0 1 62090
0 1 62091
0 1 62092
0 1 62102
0 1 62104
0 1 62106
0 1 62109
0 1 62111
0 1 62129
0 1 62130
0 1 62140
0 1 62142
0 1 62143
0 1 62149
0 1 62152
0 1 62156
0 1 62161
0 1 62163
0 1 62172
0 1 62176
0 1 62180
0 1 62182
0 1 62187
0 1 62188
0 1 62190
0 1 62194
0 1 62197
0 1 62199
0 1 62200
0 1 62203
0 1 62204
0 1 62206
0 1 62208
0 1 62209
0 1 62213
0 1 62214
0 1 62225
0 1 62228
0 1 62239
0 1 62246
0 1 62248
0 1 62250
0 1 62259
0 1 62269
0 1 62277
0 1 62279
0 1 62285
0 1 62288
0 1 62293
0 1 62294
0 1 62302
0 1 62309
0 1 62310
0 1 62312
0 1 62318
0 1 62319
0 1 62326
0 1 62330
0 1 62336
0 1 62339
0 1 62345
0 1 62349
0 1 62358
0 1 62364
0 1 62368
0 1 62379
0 1 62383
0 1 62384
0 1 62392
0 1 62395
0 1 62398
0 1 62399
0 1 62403
0 1 62404
0 1 62406
0 1 62413
0 1 62415
0 1 62416
0 1 62419
0 1 62420
0 1 62421
0 1 62425
0 1 62433
0 1 62434
0 1 62439
0 1 62440
0 1 62451
0 1 62468
0 1 62469
0 1 62489
0 1 62493
0 1 62494
0 1 62496
0 1 62497
0 1 62501
0 1 62504
0 1 62512
0 1 62513
0 1 62514
0 1 62519
0 1 62524
0 1 62533
0 1 62538
0 1 62540
0 1 62543
0 1 62551
0 1 62555
0 1 62560
0 1 62568
0 1 62571
0 1 62583
0 1 62593
0 1 62594
0 1 62599
0 1 62602
0 1 62607
0 1 62609
0 1 62610
0 1 62614
0 1 62618
0 1 62619
0 1 62620
0 1 62624
0 1 62627
0 1 62636
0 1 62638
0 1 62648
0 1 62656
0 1 62660
0 1 62664
0 1 62668
0 1 62684
0 1 62691
0 1 62695
0 1 62696
0 1 62703
0 1 62715
0 1 62717
0 1 62722
0 1 62739
0 1 62745
0 1 62746
0 1 62757
0 1 62758
0 1 62767
0 1 62781
0 1 62785
0 1 62788
0 1 62792
0 1 62794
0 1 62801
0 1 62802
0 1 62803
0 1 62820
0 1 62822
0 1 62825
0 1 62826
0 1 62832
0 1 62836
0 1 62845
0 1 62850
0 1 62857
0 1 62863
0 1 62872
0 1 62873
0 1 62876
0 1 62882
0 1 62884
0 1 62887
0 1 62889
0 1 62892
0 1 62894
0 1 62899
0 1 62900
0 1 62904
0 1 62913
0 1 62919
0 1 62920
0 1 62921
0 1 62931
0 1 62937
0 1 62941
0 1 62943
0 1 62956
0 1 62958
0 1 62961
0 1 62963
0 1 62966
0 1 62967
0 1 62971
0 1 62973
0 1 62975
0 1 62980
0 1 62984
0 1 62986
0 1 62995
0 1 63012
0 1 63013
0 1 63017
0 1 63018
0 1 63019
0 1 63021
0 1 63027
0 1 63044
0 1 63049
0 1 63051
0 1 63053
0 1 63068
0 1 63074
0 1 63085
0 1 63087
0 1 63090
0 1 63095
0 1 63099
0 1 63103
0 1 63113
0 1 63117
0 1 63118
0 1 63122
0 1 63126
0 1 63128
0 1 63141
0 1 63150
0 1 63153
0 1 63154
0 1 63163
0 1 63170
0 1 63174
0 1 63175
0 1 63181
0 1 63187
0 1 63194
0 1 63197
0 1 63200
0 1 63202
0 1 63207
0 1 63210
0 1 63214
0 1 63226
0 1 63229
0 1 63235
0 1 63239
0 1 63249
0 1 63250
0 1 63251
0 1 63257
0 1 63262
0 1 63263
0 1 63269
0 1 63273
0 1 63274
0 1 63294
0 1 63300
0 1 63302
0 1 63305
0 1 63310
0 1 63316
0 1 63319
0 1 63320
0 1 63323
0 1 63324
0 1 63335
0 1 63344
0 1 63345
0 1 63348
0 1 63349
0 1 63357
0 1 63358
0 1 63360
0 1 63365
0 1 63366
0 1 63367
0 1 63368
0 1 63371
0 1 63391
0 1 63394
0 1 63404
0 1 63405
0 1 63407
0 1 63408
0 1 63418
0 1 63429
0 1 63432
0 1 63436
0 1 63443
0 1 63445
0 1 63448
0 1 63457
0 1 63458
0 1 63459
0 1 63460
0 1 63466
0 1 63469
0 1 63471
0 1 63478
0 1 63479
0 1 63480
0 1 63486
0 1 63488
0 1 63490
0 1 63497
0 1 63500
0 1 63502
0 1 63507
0 1 63510
0 1 63512
0 1 63514
0 1 63522
0 1 63523
0 1 63529
0 1 63535
0 1 63541
0 1 63545
0 1 63549
0 1 63558
0 1 63568
0 1 63572
0 1 63574
0 1 63582
0 1 63585
0 1 63587
0 1 63593
0 1 63595
0 1 63596
0 1 63599
0 1 63600
0 1 63601
0 1 63605
0 1 63622
0 1 63626
0 1 63631
0 1 63640
0 1 63641
0 1 63642
0 1 63644
0 1 63645
0 1 63646
0 1 63653
0 1 63658
0 1 63660
0 1 63663
0 1 63667
0 1 63681
0 1 63699
0 1 63703
0 1 63706
0 1 63714
0 1 63716
0 1 63718
0 1 63724
0 1 63727
0 1 63735
0 1 63740
0 1 63743
0 1 63744
0 1 63748
0 1 63758
0 1 63767
0 1 63772
0 1 63784
0 1 63788
0 1 63802
0 1 63808
0 1 63809
0 1 63810
0 1 63812
0 1 63813
0 1 63822
0 1 63823
0 1 63825
0 1 63829
0 1 63833
0 1 63839
0 1 63849
0 1 63851
0 1 63854
0 1 63862
0 1 63864
0 1 63867
0 1 63871
0 1 63873
0 1 63874
0 1 63881
0 1 63885
0 1 63888
0 1 63896
0 1 63898
0 1 63899
0 1 63902
0 1 63906
0 1 63916
0 1 63918
0 1 63926
0 1 63927
0 1 63932
0 1 63933
0 1 63936
0 1 63937
0 1 63946
0 1 63949
0 1 63954
0 1 63958
0 1 63962
0 1 63963
0 1 63966
0 1 63977
0 1 63978
0 1 63983
0 1 63993
0 1 63995
0 1 64002
0 1 64003
0 1 64006
0 1 64007
0 1 64014
0 1 64018
0 1 64022
0 1 64028
0 1 64032
0 1 64035
0 1 64037
0 1 64038
0 1 64039
0 1 64044
0 1 64045
0 1 64052
0 1 64064
0 1 64070
0 1 64071
0 1 64073
0 1 64075
0 1 64082
0 1 64084
0 1 64091
0 1 64098
0 1 64099
0 1 64100
0 1 64103
0 1 64105
0 1 64110
0 1 64116
0 1 64130
0 1 64136
0 1 64137
0 1 64146
0 1 64150
0 1 64152
0 1 64158
0 1 64165
0 1 64170
0 1 64173
0 1 64177
0 1 64178
0 1 64182
0 1 64186
0 1 64190
0 1 64191
0 1 64192
0 1 64198
0 1 64199
0 1 64203
0 1 64217
0 1 64218
0 1 64220
0 1 64227
0 1 64231
0 1 64240
0 1 64245
0 1 64248
0 1 64249
0 1 64257
0 1 64269
0 1 64275
0 1 64281
0 1 64285
0 1 64291
0 1 64292
0 1 64294
0 1 64300
0 1 64307
0 1 64312
0 1 64317
0 1 64318
0 1 64322
0 1 64338
0 1 64342
0 1 64343
0 1 64345
0 1 64346
0 1 64352
0 1 64354
0 1 64358
0 1 64364
0 1 64367
0 1 64368
0 1 64376
0 1 64378
0 1 64381
0 1 64383
0 1 64387
0 1 64409
0 1 64415
0 1 64419
0 1 64420
0 1 64424
0 1 64429
0 1 64432
0 1 64434
0 1 64437
0 1 64439
0 1 64441
0 1 64449
0 1 64463
0 1 64466
0 1 64470
0 1 64476
0 1 64477
0 1 64478
0 1 64481
0 1 64482
0 1 64485
0 1 64487
0 1 64490
0 1 64500
0 1 64502
0 1 64506
0 1 64507
0 1 64512
0 1 64519
0 1 64521
0 1 64525
0 1 64526
0 1 64544
0 1 64546
0 1 64561
0 1 64563
0 1 64565
0 1 64568
0 1 64573
0 1 64574
0 1 64575
0 1 64576
0 1 64577
0 1 64579
0 1 64580
0 1 64587
0 1 64588
0 1 64604
0 1 64615
0 1 64625
0 1 64628
0 1 64632
0 1 64650
0 1 64652
0 1 64662
0 1 64664
0 1 64667
0 1 64674
0 1 64679
0 1 64682
0 1 64715
0 1 64725
0 1 64739
0 1 64741
0 1 64742
0 1 64744
0 1 64748
0 1 64752
0 1 64753
0 1 64759
0 1 64760
0 1 64764
0 1 64768
0 1 64775
0 1 64780
0 1 64782
0 1 64789
0 1 64791
0 1 64801
0 1 64814
0 1 64818
0 1 64829
0 1 64836
0 1 64844
0 1 64854
0 1 64855
0 1 64857
0 1 64861
0 1 64864
0 1 64868
0 1 64894
0 1 64897
0 1 64905
0 1 64914
0 1 64920
0 1 64930
0 1 64933
0 1 64934
0 1 64935
0 1 64942
0 1 64950
0 1 64953
0 1 64958
0 1 64978
0 1 64980
0 1 64985
0 1 64990
0 1 64991
0 1 64994
0 1 64995
0 1 65003
0 1 65006
0 1 65009
0 1 65010
0 1 65011
0 1 65019
0 1 65023
0 1 65030
0 1 65037
0 1 65048
0 1 65055
0 1 65058
0 1 65063
0 1 65065
0 1 65070
0 1 65077
0 1 65081
0 1 65088
0 1 65094
0 1 65106
0 1 65124
0 1 65125
0 1 65136
0 1 65140
0 1 65143
0 1 65157
0 1 65164
0 1 65179
0 1 65189
0 1 65191
0 1 65192
0 1 65197
0 1 65201
0 1 65209
0 1 65219
0 1 65221
0 1 65223
0 1 65232
0 1 65242
0 1 65245
0 1 65250
0 1 65264
0 1 65278
0 1 65281
0 1 65284
0 1 65286
0 1 65302
0 1 65318
0 1 65325
0 1 65330
0 1 65341
0 1 65343
0 1 65346
0 1 65349
0 1 65355
0 1 65360
0 1 65362
0 1 65368
0 1 65374
0 1 65377
0 1 65379
0 1 65387
0 1 65393
0 1 65399
0 1 65401
0 1 65405
0 1 65411
0 1 65413
0 1 65414
0 1 65418
0 1 65420
0 1 65430
0 1 65432
0 1 65435
0 1 65441
0 1 65445
0 1 65449
0 1 65452
0 1 65453
0 1 65456
0 1 65458
0 1 65465
0 1 65475
0 1 65483
0 1 65490
0 1 65496
0 1 65499
0 1 65512
0 1 65519
0 1 65538
0 1 65553
0 1 65564
0 1 65566
0 1 65568
0 1 65574
0 1 65578
0 1 65584
0 1 65587
0 1 65595
0 1 65599
0 1 65602
0 1 65607
0 1 65613
0 1 65619
0 1 65623
0 1 65627
0 1 65633
0 1 65641
0 1 65642
0 1 65647
0 1 65648
0 1 65649
0 1 65653
0 1 65654
0 1 65657
0 1 65666
0 1 65667
0 1 65689
0 1 65692
0 1 65705
0 1 65706
0 1 65707
0 1 65713
0 1 65715
0 1 65716
0 1 65720
0 1 65723
0 1 65727
0 1 65737
0 1 65738
0 1 65739
0 1 65740
0 1 65741
0 1 65748
0 1 65756
0 1 65757
0 1 65758
0 1 65770
0 1 65771
0 1 65781
0 1 65786
0 1 65804
0 1 65811
0 1 65815
0 1 65817
0 1 65819
0 1 65820
0 1 65822
0 1 65824
0 1 65826
0 1 65831
0 1 65832
0 1 65833
0 1 65845
0 1 65850
0 1 65855
0 1 65856
0 1 65858
0 1 65861
0 1 65875
0 1 65877
0 1 65883
0 1 65884
0 1 65888
0 1 65894
0 1 65895
0 1 65901
0 1 65902
0 1 65903
0 1 65920
0 1 65924
0 1 65927
0 1 65950
0 1 65952
0 1 65962
0 1 65966
0 1 65968
0 1 65974
0 1 65981
0 1 65983
0 1 65994
0 1 65995
0 1 65998
0 1 66000
0 1 66013
0 1 66014
0 1 66016
0 1 66025
0 1 66032
0 1 66038
0 1 66044
0 1 66046
0 1 66049
0 1 66053
0 1 66063
0 1 66064
0 1 66073
0 1 66077
0 1 66079
0 1 66081
0 1 66082
0 1 66083
0 1 66084
0 1 66085
0 1 66088
0 1 66089
0 1 66091
0 1 66098
0 1 66103
0 1 66111
0 1 66115
0 1 66119
0 1 66128
0 1 66138
0 1 66139
0 1 66154
0 1 66155
0 1 66157
0 1 66171
0 1 66172
0 1 66175
0 1 66177
0 1 66178
0 1 66181
0 1 66188
0 1 66189
0 1 66190
0 1 66192
0 1 66203
0 1 66205
0 1 66207
0 1 66218
0 1 66226
0 1 66232
0 1 66233
0 1 66235
0 1 66239
0 1 66247
0 1 66250
0 1 66256
0 1 66257
0 1 66260
0 1 66271
0 1 66272
0 1 66274
0 1 66285
0 1 66291
0 1 66297
0 1 66298
0 1 66326
0 1 66330
0 1 66333
0 1 66336
0 1 66346
0 1 66350
0 1 66351
0 1 66361
0 1 66378
0 1 66380
0 1 66384
0 1 66385
0 1 66389
0 1 66390
0 1 66392
0 1 66398
0 1 66400
0 1 66401
0 1 66406
0 1 66408
0 1 66409
0 1 66417
0 1 66421
0 1 66422
0 1 66432
0 1 66435
0 1 66441
0 1 66444
0 1 66450
0 1 66457
0 1 66467
0 1 66469
0 1 66477
0 1 66484
0 1 66485
0 1 66490
0 1 66494
0 1 66495
0 1 66497
0 1 66502
0 1 66512
0 1 66515
0 1 66516
0 1 66521
0 1 66526
0 1 66529
0 1 66531
0 1 66535
0 1 66536
0 1 66538
0 1 66542
0 1 66554
0 1 66555
0 1 66556
0 1 66567
0 1 66568
0 1 66569
0 1 66570
0 1 66573
0 1 66579
0 1 66580
0 1 66587
0 1 66591
0 1 66592
0 1 66601
0 1 66610
0 1 66612
0 1 66613
0 1 66614
0 1 66618
0 1 66625
0 1 66629
0 1 66632
0 1 66636
0 1 66641
0 1 66643
0 1 66647
0 1 66650
0 1 66658
0 1 66660
0 1 66664
0 1 66667
0 1 66669
0 1 66672
0 1 66679
0 1 66680
0 1 66690
0 1 66693
0 1 66703
0 1 66706
0 1 66707
0 1 66709
0 1 66714
0 1 66717
0 1 66720
0 1 66722
0 1 66725
0 1 66731
0 1 66734
0 1 66738
0 1 66741
0 1 66745
0 1 66749
0 1 66755
0 1 66758
0 1 66771
0 1 66772
0 1 66775
0 1 66776
0 1 66781
0 1 66782
0 1 66784
0 1 66791
0 1 66792
0 1 66793
0 1 66799
0 1 66811
0 1 66812
0 1 66815
0 1 66820
0 1 66824
0 1 66825
0 1 66831
0 1 66832
0 1 66834
0 1 66865
0 1 66867
0 1 66876
0 1 66880
0 1 66889
0 1 66892
0 1 66899
0 1 66901
0 1 66903
0 1 66904
0 1 66908
0 1 66913
0 1 66914
0 1 66915
0 1 66919
0 1 66938
0 1 66941
0 1 66942
0 1 66944
0 1 66956
0 1 66962
0 1 66966
0 1 66970
0 1 66972
0 1 66975
0 1 66990
0 1 67009
0 1 67025
0 1 67028
0 1 67041
0 1 67043
0 1 67047
0 1 67054
0 1 67057
0 1 67060
0 1 67061
0 1 67063
0 1 67077
0 1 67082
0 1 67085
0 1 67089
0 1 67093
0 1 67094
0 1 67097
0 1 67111
0 1 67112
0 1 67114
0 1 67119
0 1 67120
0 1 67126
0 1 67127
0 1 67128
0 1 67132
0 1 67139
0 1 67141
0 1 67146
0 1 67147
0 1 67150
0 1 67152
0 1 67153
0 1 67154
0 1 67161
0 1 67169
0 1 67171
0 1 67174
0 1 67175
0 1 67180
0 1 67184
0 1 67188
0 1 67191
0 1 67196
0 1 67203
0 1 67207
0 1 67211
0 1 67214
0 1 67219
0 1 67220
0 1 67224
0 1 67233
0 1 67241
0 1 67243
0 1 67250
0 1 67251
0 1 67253
0 1 67261
0 1 67267
0 1 67269
0 1 67271
0 1 67275
0 1 67277
0 1 67282
0 1 67290
0 1 67296
0 1 67314
0 1 67325
0 1 67329
0 1 67336
0 1 67339
0 1 67343
0 1 67357
0 1 67359
0 1 67361
0 1 67371
0 1 67374
0 1 67378
0 1 67379
0 1 67381
0 1 67387
0 1 67393
0 1 67398
0 1 67406
0 1 67410
0 1 67411
0 1 67413
0 1 67415
0 1 67417
0 1 67427
0 1 67429
0 1 67431
0 1 67438
0 1 67439
0 1 67440
0 1 67441
0 1 67442
0 1 67451
0 1 67454
0 1 67459
0 1 67466
0 1 67467
0 1 67478
0 1 67480
0 1 67482
0 1 67483
0 1 67489
0 1 67492
0 1 67510
0 1 67511
0 1 67519
0 1 67531
0 1 67539
0 1 67540
0 1 67541
0 1 67542
0 1 67545
0 1 67546
0 1 67550
0 1 67551
0 1 67553
0 1 67554
0 1 67560
0 1 67561
0 1 67562
0 1 67574
0 1 67581
0 1 67593
0 1 67594
0 1 67597
0 1 67602
0 1 67608
0 1 67614
0 1 67615
0 1 67617
0 1 67620
0 1 67623
0 1 67631
0 1 67634
0 1 67638
0 1 67639
0 1 67649
0 1 67660
0 1 67665
0 1 67666
0 1 67679
0 1 67682
0 1 67688
0 1 67689
0 1 67691
0 1 67699
0 1 67702
0 1 67705
0 1 67707
0 1 67717
0 1 67719
0 1 67728
0 1 67729
0 1 67734
0 1 67735
0 1 67736
0 1 67742
0 1 67744
0 1 67747
0 1 67749
0 1 67774
0 1 67788
0 1 67794
0 1 67796
0 1 67803
0 1 67808
0 1 67815
0 1 67816
0 1 67817
0 1 67822
0 1 67829
0 1 67834
0 1 67836
0 1 67839
0 1 67842
0 1 67852
0 1 67856
0 1 67872
0 1 67874
0 1 67878
0 1 67888
0 1 67890
0 1 67892
0 1 67897
0 1 67898
0 1 67901
0 1 67902
0 1 67908
0 1 67912
0 1 67917
0 1 67921
0 1 67922
0 1 67936
0 1 67941
0 1 67948
0 1 67955
0 1 67957
0 1 67960
0 1 67964
0 1 67969
0 1 67974
0 1 67975
0 1 67977
0 1 67981
0 1 67989
0 1 67992
0 1 67996
0 1 67998
0 1 68001
0 1 68009
0 1 68013
0 1 68017
0 1 68020
0 1 68027
0 1 68028
0 1 68033
0 1 68045
0 1 68048
0 1 68049
0 1 68050
0 1 68055
0 1 68062
0 1 68068
0 1 68071
0 1 68090
0 1 68093
0 1 68100
0 1 68103
0 1 68110
0 1 68112
0 1 68119
0 1 68127
0 1 68128
0 1 68132
0 1 68143
0 1 68150
0 1 68153
0 1 68154
0 1 68155
0 1 68157
0 1 68161
0 1 68167
0 1 68181
0 1 68189
0 1 68193
0 1 68194
0 1 68212
0 1 68214
0 1 68219
0 1 68225
0 1 68228
0 1 68234
0 1 68236
0 1 68239
0 1 68248
0 1 68251
0 1 68253
0 1 68254
0 1 68255
0 1 68259
0 1 68260
0 1 68267
0 1 68268
0 1 68272
0 1 68279
0 1 68281
0 1 68285
0 1 68289
0 1 68307
0 1 68320
0 1 68322
0 1 68323
0 1 68333
0 1 68335
0 1 68339
0 1 68345
0 1 68349
0 1 68356
0 1 68365
0 1 68371
0 1 68378
0 1 68379
0 1 68383
0 1 68390
0 1 68393
0 1 68406
0 1 68423
0 1 68424
0 1 68425
0 1 68429
0 1 68433
0 1 68437
0 1 68440
0 1 68443
0 1 68448
0 1 68450
0 1 68460
0 1 68472
0 1 68479
0 1 68483
0 1 68490
0 1 68496
0 1 68509
0 1 68510
0 1 68514
0 1 68521
0 1 68525
0 1 68527
0 1 68536
0 1 68539
0 1 68541
0 1 68544
0 1 68559
0 1 68568
0 1 68574
0 1 68584
0 1 68585
0 1 68588
0 1 68591
0 1 68592
0 1 68594
0 1 68596
0 1 68605
0 1 68607
0 1 68613
0 1 68646
0 1 68650
0 1 68654
0 1 68655
0 1 68661
0 1 68675
0 1 68685
0 1 68686
0 1 68688
0 1 68689
0 1 68691
0 1 68694
0 1 68697
0 1 68705
0 1 68709
0 1 68710
0 1 68712
0 1 68713
0 1 68722
0 1 68724
0 1 68726
0 1 68728
0 1 68729
0 1 68732
0 1 68735
0 1 68749
0 1 68753
0 1 68767
0 1 68770
0 1 68771
0 1 68773
0 1 68783
0 1 68790
0 1 68791
0 1 68801
0 1 68802
0 1 68804
0 1 68807
0 1 68812
0 1 68814
0 1 68822
0 1 68825
0 1 68831
0 1 68842
0 1 68850
0 1 68854
0 1 68855
0 1 68857
0 1 68858
0 1 68872
0 1 68875
0 1 68876
0 1 68891
0 1 68898
0 1 68903
0 1 68904
0 1 68906
0 1 68909
0 1 68915
0 1 68916
0 1 68918
0 1 68921
0 1 68923
0 1 68941
0 1 68943
0 1 68945
0 1 68956
0 1 68957
0 1 68978
0 1 68980
0 1 68987
0 1 68991
0 1 69004
0 1 69008
0 1 69014
0 1 69018
0 1 69019
0 1 69022
0 1 69023
0 1 69035
0 1 69036
0 1 69049
0 1 69051
0 1 69052
0 1 69053
0 1 69073
0 1 69075
0 1 69082
0 1 69085
0 1 69086
0 1 69091
0 1 69098
0 1 69101
0 1 69123
0 1 69124
0 1 69127
0 1 69139
0 1 69140
0 1 69147
0 1 69149
0 1 69151
0 1 69154
0 1 69158
0 1 69159
0 1 69182
0 1 69197
0 1 69215
0 1 69234
0 1 69239
0 1 69240
0 1 69251
0 1 69254
0 1 69255
0 1 69263
0 1 69268
0 1 69270
0 1 69272
0 1 69276
0 1 69281
0 1 69284
0 1 69290
0 1 69296
0 1 69307
0 1 69311
0 1 69314
0 1 69316
0 1 69320
0 1 69321
0 1 69327
0 1 69329
0 1 69330
0 1 69333
0 1 69337
0 1 69338
0 1 69347
0 1 69349
0 1 69351
0 1 69366
0 1 69382
0 1 69383
0 1 69389
0 1 69394
0 1 69399
0 1 69400
0 1 69401
0 1 69403
0 1 69405
0 1 69409
0 1 69414
0 1 69419
0 1 69422
0 1 69442
0 1 69459
0 1 69479
0 1 69483
0 1 69494
0 1 69499
0 1 69509
0 1 69516
0 1 69521
0 1 69523
0 1 69524
0 1 69530
0 1 69533
0 1 69541
0 1 69543
0 1 69548
0 1 69550
0 1 69551
0 1 69556
0 1 69559
0 1 69566
0 1 69568
0 1 69569
0 1 69573
0 1 69575
0 1 69582
0 1 69590
0 1 69593
0 1 69604
0 1 69605
0 1 69608
0 1 69610
0 1 69613
0 1 69616
0 1 69618
0 1 69623
0 1 69624
0 1 69626
0 1 69636
0 1 69651
0 1 69654
0 1 69665
0 1 69666
0 1 69669
0 1 69674
0 1 69680
0 1 69681
0 1 69685
0 1 69721
0 1 69726
0 1 69745
0 1 69746
0 1 69761
0 1 69783
0 1 69784
0 1 69795
0 1 69796
0 1 69799
0 1 69800
0 1 69806
0 1 69807
0 1 69813
0 1 69817
0 1 69818
0 1 69828
0 1 69834
0 1 69845
0 1 69847
0 1 69849
0 1 69851
0 1 69862
0 1 69871
0 1 69872
0 1 69876
0 1 69894
0 1 69895
0 1 69896
0 1 69899
0 1 69904
0 1 69906
0 1 69910
0 1 69913
0 1 69918
0 1 69921
0 1 69933
0 1 69937
0 1 69938
0 1 69941
0 1 69942
0 1 69943
0 1 69944
0 1 69960
0 1 69962
0 1 69969
0 1 69970
0 1 69972
0 1 69978
0 1 69984
0 1 69985
0 1 69988
0 1 69993
0 1 70001
0 1 70003
0 1 70008
0 1 70016
0 1 70019
0 1 70028
0 1 70033
0 1 70036
0 1 70041
0 1 70046
0 1 70052
0 1 70054
0 1 70059
0 1 70064
0 1 70069
0 1 70070
0 1 70078
0 1 70113
0 1 70116
0 1 70121
0 1 70134
0 1 70140
0 1 70141
0 1 70142
0 1 70145
0 1 70150
0 1 70155
0 1 70158
0 1 70160
0 1 70161
0 1 70164
0 1 70167
0 1 70171
0 1 70174
0 1 70181
0 1 70184
0 1 70187
0 1 70202
0 1 70203
0 1 70210
0 1 70212
0 1 70221
0 1 70223
0 1 70224
0 1 70229
0 1 70241
0 1 70245
0 1 70246
0 1 70248
0 1 70256
0 1 70257
0 1 70273
0 1 70275
0 1 70287
0 1 70288
0 1 70290
0 1 70295
0 1 70300
0 1 70301
0 1 70315
0 1 70319
0 1 70321
0 1 70335
0 1 70336
0 1 70343
0 1 70357
0 1 70360
0 1 70362
0 1 70368
0 1 70371
0 1 70380
0 1 70385
0 1 70387
0 1 70394
0 1 70397
0 1 70424
0 1 70431
0 1 70438
0 1 70450
0 1 70460
0 1 70463
0 1 70473
0 1 70476
0 1 70479
0 1 70488
0 1 70490
0 1 70497
0 1 70499
0 1 70500
0 1 70503
0 1 70509
0 1 70516
0 1 70523
0 1 70524
0 1 70532
0 1 70543
0 1 70550
0 1 70563
0 1 70564
0 1 70571
0 1 70572
0 1 70580
0 1 70583
0 1 70585
0 1 70587
0 1 70588
0 1 70589
0 1 70596
0 1 70601
0 1 70605
0 1 70609
0 1 70610
0 1 70612
0 1 70616
0 1 70620
0 1 70625
0 1 70629
0 1 70633
0 1 70634
0 1 70637
0 1 70641
0 1 70646
0 1 70651
0 1 70656
0 1 70664
0 1 70665
0 1 70671
0 1 70672
0 1 70678
0 1 70680
0 1 70686
0 1 70690
0 1 70700
0 1 70709
0 1 70713
0 1 70717
0 1 70725
0 1 70732
0 1 70743
0 1 70746
0 1 70748
0 1 70751
0 1 70755
0 1 70758
0 1 70767
0 1 70772
0 1 70775
0 1 70781
0 1 70784
0 1 70791
0 1 70792
0 1 70810
0 1 70819
0 1 70821
0 1 70829
0 1 70843
0 1 70844
0 1 70851
0 1 70861
0 1 70872
0 1 70875
0 1 70878
0 1 70885
0 1 70888
0 1 70891
0 1 70894
0 1 70909
0 1 70910
0 1 70913
0 1 70914
0 1 70916
0 1 70928
0 1 70930
0 1 70932
0 1 70934
0 1 70937
0 1 70938
0 1 70941
0 1 70948
0 1 70950
0 1 70953
0 1 70955
0 1 70960
0 1 70969
0 1 70972
0 1 70979
0 1 70981
0 1 70985
0 1 70987
0 1 70991
0 1 70992
0 1 70997
0 1 71002
0 1 71013
0 1 71024
0 1 71025
0 1 71030
0 1 71039
0 1 71045
0 1 71060
0 1 71061
0 1 71069
0 1 71082
0 1 71084
0 1 71100
0 1 71112
0 1 71117
0 1 71125
0 1 71130
0 1 71134
0 1 71138
0 1 71151
0 1 71154
0 1 71160
0 1 71162
0 1 71166
0 1 71177
0 1 71180
0 1 71183
0 1 71188
0 1 71192
0 1 71196
0 1 71200
0 1 71205
0 1 71209
0 1 71211
0 1 71215
0 1 71217
0 1 71223
0 1 71224
0 1 71226
0 1 71228
0 1 71230
0 1 71232
0 1 71236
0 1 71238
0 1 71239
0 1 71244
0 1 71247
0 1 71250
0 1 71264
0 1 71268
0 1 71272
0 1 71275
0 1 71276
0 1 71277
0 1 71281
0 1 71283
0 1 71286
0 1 71294
0 1 71307
0 1 71308
0 1 71310
0 1 71314
0 1 71315
0 1 71317
0 1 71318
0 1 71328
0 1 71334
0 1 71337
0 1 71338
0 1 71345
0 1 71352
0 1 71355
0 1 71356
0 1 71358
0 1 71365
0 1 71366
0 1 71372
0 1 71376
0 1 71381
0 1 71388
0 1 71391
0 1 71393
0 1 71395
0 1 71399
0 1 71406
0 1 71408
0 1 71411
0 1 71420
0 1 71423
0 1 71424
0 1 71438
0 1 71446
0 1 71449
0 1 71453
0 1 71463
0 1 71467
0 1 71477
0 1 71480
0 1 71483
0 1 71497
0 1 71501
0 1 71503
0 1 71509
0 1 71510
0 1 71512
0 1 71518
0 1 71519
0 1 71521
0 1 71525
0 1 71534
0 1 71538
0 1 71543
0 1 71544
0 1 71546
0 1 71547
0 1 71549
0 1 71550
0 1 71557
0 1 71561
0 1 71563
0 1 71566
0 1 71567
0 1 71569
0 1 71571
0 1 71582
0 1 71585
0 1 71588
0 1 71596
0 1 71604
0 1 71611
0 1 71612
0 1 71620
0 1 71622
0 1 71626
0 1 71628
0 1 71631
0 1 71637
0 1 71645
0 1 71650
0 1 71655
0 1 71658
0 1 71662
0 1 71665
0 1 71671
0 1 71680
0 1 71681
0 1 71687
0 1 71696
0 1 71702
0 1 71703
0 1 71709
0 1 71715
0 1 71719
0 1 71734
0 1 71740
0 1 71744
0 1 71750
0 1 71767
0 1 71768
0 1 71778
0 1 71783
0 1 71788
0 1 71790
0 1 71791
0 1 71794
0 1 71796
0 1 71797
0 1 71805
0 1 71810
0 1 71812
0 1 71815
0 1 71822
0 1 71828
0 1 71836
0 1 71840
0 1 71849
0 1 71853
0 1 71855
0 1 71866
0 1 71867
0 1 71872
0 1 71874
0 1 71906
0 1 71916
0 1 71921
0 1 71925
0 1 71928
0 1 71939
0 1 71944
0 1 71947
0 1 71948
0 1 71949
0 1 71951
0 1 71958
0 1 71962
0 1 71965
0 1 71973
0 1 71982
0 1 71989
0 1 71993
0 1 71994
0 1 71995
0 1 71998
0 1 72000
0 1 72001
0 1 72003
0 1 72016
0 1 72017
0 1 72020
0 1 72036
0 1 72046
0 1 72048
0 1 72059
0 1 72069
0 1 72070
0 1 72083
0 1 72096
0 1 72099
0 1 72100
0 1 72101
0 1 72105
0 1 72109
0 1 72112
0 1 72117
0 1 72122
0 1 72131
0 1 72135
0 1 72142
0 1 72145
0 1 72156
0 1 72159
0 1 72160
0 1 72163
0 1 72165
0 1 72171
0 1 72177
0 1 72178
0 1 72184
0 1 72188
0 1 72200
0 1 72204
0 1 72219
0 1 72230
0 1 72235
0 1 72246
0 1 72249
0 1 72253
0 1 72256
0 1 72263
0 1 72264
0 1 72268
0 1 72270
0 1 72275
0 1 72285
0 1 72287
0 1 72291
0 1 72295
0 1 72303
0 1 72304
0 1 72305
0 1 72306
0 1 72308
0 1 72318
0 1 72319
0 1 72324
0 1 72327
0 1 72334
0 1 72338
0 1 72340
0 1 72341
0 1 72344
0 1 72347
0 1 72348
0 1 72355
0 1 72363
0 1 72364
0 1 72365
0 1 72373
0 1 72378
0 1 72382
0 1 72385
0 1 72387
0 1 72405
0 1 72406
0 1 72410
0 1 72416
0 1 72419
0 1 72431
0 1 72434
0 1 72435
0 1 72448
0 1 72461
0 1 72465
0 1 72473
0 1 72475
0 1 72479
0 1 72483
0 1 72497
0 1 72501
0 1 72503
0 1 72518
0 1 72524
0 1 72537
0 1 72538
0 1 72550
0 1 72556
0 1 72558
0 1 72559
0 1 72563
0 1 72568
0 1 72573
0 1 72579
0 1 72584
0 1 72587
0 1 72594
0 1 72603
0 1 72616
0 1 72618
0 1 72627
0 1 72643
0 1 72647
0 1 72659
0 1 72674
0 1 72676
0 1 72681
0 1 72682
0 1 72686
0 1 72687
0 1 72695
0 1 72702
0 1 72712
0 1 72713
0 1 72716
0 1 72720
0 1 72722
0 1 72727
0 1 72737
0 1 72743
0 1 72744
0 1 72754
0 1 72757
0 1 72760
0 1 72763
0 1 72767
0 1 72770
0 1 72771
0 1 72777
0 1 72780
0 1 72785
0 1 72786
0 1 72787
0 1 72792
0 1 72799
0 1 72805
0 1 72809
0 1 72810
0 1 72819
0 1 72821
0 1 72822
0 1 72832
0 1 72833
0 1 72837
0 1 72838
0 1 72840
0 1 72843
0 1 72850
0 1 72872
0 1 72873
0 1 72874
0 1 72880
0 1 72886
0 1 72891
0 1 72900
0 1 72905
0 1 72911
0 1 72912
0 1 72918
0 1 72923
0 1 72926
0 1 72932
0 1 72935
0 1 72938
0 1 72951
0 1 72952
0 1 72960
0 1 72961
0 1 72962
0 1 72964
0 1 72978
0 1 72979
0 1 72984
0 1 72985
0 1 72988
0 1 73009
0 1 73012
0 1 73015
0 1 73016
0 1 73018
0 1 73021
0 1 73028
0 1 73031
0 1 73038
0 1 73041
0 1 73042
0 1 73053
0 1 73062
0 1 73063
0 1 73066
0 1 73078
0 1 73080
0 1 73084
0 1 73086
0 1 73089
0 1 73091
0 1 73096
0 1 73109
0 1 73115
0 1 73117
0 1 73120
0 1 73121
0 1 73122
0 1 73128
0 1 73131
0 1 73138
0 1 73139
0 1 73143
0 1 73150
0 1 73154
0 1 73156
0 1 73158
0 1 73165
0 1 73170
0 1 73176
0 1 73178
0 1 73181
0 1 73185
0 1 73186
0 1 73203
0 1 73204
0 1 73208
0 1 73210
0 1 73212
0 1 73213
0 1 73218
0 1 73225
0 1 73233
0 1 73242
0 1 73244
0 1 73247
0 1 73264
0 1 73272
0 1 73283
0 1 73284
0 1 73289
0 1 73312
0 1 73314
0 1 73315
0 1 73318
0 1 73319
0 1 73339
0 1 73343
0 1 73345
0 1 73352
0 1 73367
0 1 73368
0 1 73369
0 1 73370
0 1 73377
0 1 73387
0 1 73392
0 1 73397
0 1 73404
0 1 73407
0 1 73408
0 1 73412
0 1 73414
0 1 73415
0 1 73416
0 1 73418
0 1 73420
0 1 73425
0 1 73434
0 1 73461
0 1 73464
0 1 73467
0 1 73476
0 1 73483
0 1 73485
0 1 73494
0 1 73501
0 1 73507
0 1 73513
0 1 73515
0 1 73516
0 1 73522
0 1 73527
0 1 73530
0 1 73532
0 1 73535
0 1 73537
0 1 73541
0 1 73551
0 1 73552
0 1 73559
0 1 73563
0 1 73564
0 1 73573
0 1 73577
0 1 73582
0 1 73583
0 1 73584
0 1 73587
0 1 73590
0 1 73592
0 1 73600
0 1 73605
0 1 73622
0 1 73627
0 1 73632
0 1 73633
0 1 73635
0 1 73638
0 1 73641
0 1 73647
0 1 73670
0 1 73671
0 1 73673
0 1 73677
0 1 73685
0 1 73693
0 1 73694
0 1 73711
0 1 73714
0 1 73723
0 1 73725
0 1 73726
0 1 73730
0 1 73734
0 1 73742
0 1 73744
0 1 73748
0 1 73753
0 1 73766
0 1 73806
0 1 73807
0 1 73819
0 1 73824
0 1 73840
0 1 73841
0 1 73844
0 1 73848
0 1 73851
0 1 73852
0 1 73865
0 1 73867
0 1 73873
0 1 73875
0 1 73880
0 1 73891
0 1 73895
0 1 73905
0 1 73914
0 1 73920
0 1 73923
0 1 73924
0 1 73931
0 1 73941
0 1 73954
0 1 73967
0 1 73971
0 1 73972
0 1 73973
0 1 73975
0 1 73977
0 1 73978
0 1 73984
0 1 73986
0 1 73993
0 1 74009
0 1 74026
0 1 74028
0 1 74039
0 1 74044
0 1 74047
0 1 74048
0 1 74049
0 1 74057
0 1 74074
0 1 74076
0 1 74078
0 1 74080
0 1 74081
0 1 74085
0 1 74088
0 1 74093
0 1 74101
0 1 74102
0 1 74111
0 1 74121
0 1 74123
0 1 74124
0 1 74130
0 1 74135
0 1 74138
0 1 74140
0 1 74142
0 1 74144
0 1 74145
0 1 74153
0 1 74159
0 1 74160
0 1 74172
0 1 74179
0 1 74183
0 1 74194
0 1 74195
0 1 74197
0 1 74202
0 1 74204
0 1 74206
0 1 74207
0 1 74216
0 1 74220
0 1 74222
0 1 74227
0 1 74232
0 1 74238
0 1 74240
0 1 74241
0 1 74242
0 1 74250
0 1 74253
0 1 74256
0 1 74258
0 1 74263
0 1 74273
0 1 74284
0 1 74289
0 1 74292
0 1 74306
0 1 74309
0 1 74324
0 1 74326
0 1 74333
0 1 74335
0 1 74341
0 1 74351
0 1 74354
0 1 74355
0 1 74358
0 1 74361
0 1 74364
0 1 74371
0 1 74372
0 1 74373
0 1 74378
0 1 74385
0 1 74388
0 1 74393
0 1 74394
0 1 74396
0 1 74398
0 1 74402
0 1 74414
0 1 74419
0 1 74438
0 1 74440
0 1 74451
0 1 74457
0 1 74461
0 1 74463
0 1 74467
0 1 74468
0 1 74482
0 1 74486
0 1 74490
0 1 74496
0 1 74498
0 1 74509
0 1 74511
0 1 74531
0 1 74537
0 1 74544
0 1 74546
0 1 74555
0 1 74562
0 1 74563
0 1 74571
0 1 74575
0 1 74580
0 1 74584
0 1 74586
0 1 74588
0 1 74590
0 1 74591
0 1 74592
0 1 74595
0 1 74603
0 1 74604
0 1 74610
0 1 74618
0 1 74621
0 1 74622
0 1 74628
0 1 74630
0 1 74636
0 1 74637
0 1 74639
0 1 74655
0 1 74657
0 1 74658
0 1 74666
0 1 74667
0 1 74676
0 1 74677
0 1 74678
0 1 74685
0 1 74697
0 1 74698
0 1 74701
0 1 74702
0 1 74704
0 1 74708
0 1 74710
0 1 74711
0 1 74713
0 1 74718
0 1 74719
0 1 74720
0 1 74726
0 1 74727
0 1 74732
0 1 74743
0 1 74748
0 1 74749
0 1 74761
0 1 74766
0 1 74775
0 1 74785
0 1 74790
0 1 74791
0 1 74795
0 1 74813
0 1 74817
0 1 74834
0 1 74835
0 1 74839
0 1 74848
0 1 74849
0 1 74851
0 1 74852
0 1 74855
0 1 74856
0 1 74857
0 1 74863
0 1 74867
0 1 74869
0 1 74870
0 1 74871
0 1 74876
0 1 74883
0 1 74888
0 1 74896
0 1 74902
0 1 74906
0 1 74908
0 1 74930
0 1 74931
0 1 74938
0 1 74939
0 1 74948
0 1 74950
0 1 74953
0 1 74956
0 1 74958
0 1 74961
0 1 74962
0 1 74968
0 1 74979
0 1 74980
0 1 74985
0 1 74989
0 1 74993
0 1 74994
0 1 74997
0 1 75002
0 1 75005
0 1 75023
0 1 75025
0 1 75027
0 1 75029
0 1 75030
0 1 75033
0 1 75036
0 1 75037
0 1 75038
0 1 75043
0 1 75064
0 1 75065
0 1 75066
0 1 75070
0 1 75074
0 1 75081
0 1 75090
0 1 75094
0 1 75118
0 1 75119
0 1 75121
0 1 75126
0 1 75131
0 1 75133
0 1 75137
0 1 75141
0 1 75145
0 1 75146
0 1 75149
0 1 75151
0 1 75155
0 1 75167
0 1 75173
0 1 75181
0 1 75187
0 1 75190
0 1 75194
0 1 75197
0 1 75203
0 1 75204
0 1 75207
0 1 75210
0 1 75211
0 1 75216
0 1 75221
0 1 75223
0 1 75225
0 1 75226
0 1 75228
0 1 75230
0 1 75233
0 1 75235
0 1 75237
0 1 75254
0 1 75255
0 1 75258
0 1 75261
0 1 75274
0 1 75279
0 1 75281
0 1 75291
0 1 75293
0 1 75307
0 1 75314
0 1 75319
0 1 75321
0 1 75327
0 1 75332
0 1 75337
0 1 75339
0 1 75341
0 1 75347
0 1 75353
0 1 75358
0 1 75360
0 1 75364
0 1 75365
0 1 75367
0 1 75369
0 1 75383
0 1 75392
0 1 75394
0 1 75404
0 1 75413
0 1 75419
0 1 75420
0 1 75425
0 1 75430
0 1 75431
0 1 75432
0 1 75434
0 1 75436
0 1 75442
0 1 75444
0 1 75453
0 1 75454
0 1 75463
0 1 75467
0 1 75469
0 1 75480
0 1 75491
0 1 75502
0 1 75513
0 1 75519
0 1 75520
0 1 75524
0 1 75527
0 1 75528
0 1 75530
0 1 75535
0 1 75538
0 1 75547
0 1 75548
0 1 75554
0 1 75558
0 1 75560
0 1 75562
0 1 75567
0 1 75571
0 1 75575
0 1 75578
0 1 75583
0 1 75590
0 1 75595
0 1 75600
0 1 75606
0 1 75608
0 1 75610
0 1 75612
0 1 75617
0 1 75622
0 1 75628
0 1 75629
0 1 75632
0 1 75639
0 1 75649
0 1 75664
0 1 75665
0 1 75674
0 1 75683
0 1 75693
0 1 75697
0 1 75705
0 1 75706
0 1 75709
0 1 75725
0 1 75730
0 1 75734
0 1 75740
0 1 75742
0 1 75748
0 1 75756
0 1 75759
0 1 75761
0 1 75762
0 1 75763
0 1 75780
0 1 75789
0 1 75798
0 1 75805
0 1 75807
0 1 75808
0 1 75819
0 1 75821
0 1 75831
0 1 75843
0 1 75844
0 1 75847
0 1 75867
0 1 75869
0 1 75872
0 1 75881
0 1 75883
0 1 75884
0 1 75885
0 1 75894
0 1 75898
0 1 75900
0 1 75901
0 1 75903
0 1 75911
0 1 75922
0 1 75940
0 1 75965
0 1 75970
0 1 75989
0 1 75993
0 1 75995
0 1 75998
0 1 76005
0 1 76006
0 1 76014
0 1 76044
0 1 76045
0 1 76047
0 1 76049
0 1 76050
0 1 76063
0 1 76069
0 1 76070
0 1 76080
0 1 76084
0 1 76086
0 1 76113
0 1 76125
0 1 76131
0 1 76135
0 1 76138
0 1 76139
0 1 76140
0 1 76147
0 1 76148
0 1 76153
0 1 76157
0 1 76158
0 1 76159
0 1 76161
0 1 76162
0 1 76165
0 1 76179
0 1 76189
0 1 76190
0 1 76192
0 1 76200
0 1 76201
0 1 76211
0 1 76224
0 1 76225
0 1 76227
0 1 76229
0 1 76234
0 1 76237
0 1 76240
0 1 76246
0 1 76248
0 1 76249
0 1 76257
0 1 76258
0 1 76266
0 1 76269
0 1 76273
0 1 76277
0 1 76283
0 1 76287
0 1 76294
0 1 76301
0 1 76303
0 1 76307
0 1 76310
0 1 76311
0 1 76319
0 1 76326
0 1 76329
0 1 76333
0 1 76347
0 1 76349
0 1 76350
0 1 76351
0 1 76353
0 1 76355
0 1 76358
0 1 76361
0 1 76400
0 1 76401
0 1 76404
0 1 76415
0 1 76428
0 1 76436
0 1 76439
0 1 76440
0 1 76456
0 1 76464
0 1 76470
0 1 76471
0 1 76478
0 1 76481
0 1 76487
0 1 76490
0 1 76494
0 1 76495
0 1 76499
0 1 76505
0 1 76508
0 1 76509
0 1 76511
0 1 76519
0 1 76524
0 1 76533
0 1 76542
0 1 76546
0 1 76549
0 1 76553
0 1 76554
0 1 76567
0 1 76569
0 1 76570
0 1 76573
0 1 76574
0 1 76575
0 1 76580
0 1 76582
0 1 76595
0 1 76599
0 1 76600
0 1 76602
0 1 76605
0 1 76609
0 1 76610
0 1 76613
0 1 76622
0 1 76623
0 1 76626
0 1 76628
0 1 76629
0 1 76631
0 1 76640
0 1 76643
0 1 76644
0 1 76645
0 1 76651
0 1 76652
0 1 76657
0 1 76659
0 1 76665
0 1 76666
0 1 76670
0 1 76677
0 1 76679
0 1 76681
0 1 76685
0 1 76687
0 1 76689
0 1 76697
0 1 76702
0 1 76706
0 1 76710
0 1 76711
0 1 76712
0 1 76718
0 1 76726
0 1 76729
0 1 76730
0 1 76737
0 1 76739
0 1 76741
0 1 76742
0 1 76747
0 1 76748
0 1 76750
0 1 76753
0 1 76757
0 1 76758
0 1 76759
0 1 76760
0 1 76762
0 1 76763
0 1 76770
0 1 76780
0 1 76783
0 1 76786
0 1 76788
0 1 76789
0 1 76792
0 1 76793
0 1 76795
0 1 76796
0 1 76799
0 1 76800
0 1 76803
0 1 76807
0 1 76810
0 1 76813
0 1 76818
0 1 76820
0 1 76821
0 1 76828
0 1 76830
0 1 76841
0 1 76842
0 1 76843
0 1 76845
0 1 76848
0 1 76853
0 1 76862
0 1 76867
0 1 76868
0 1 76870
0 1 76873
0 1 76874
0 1 76878
0 1 76884
0 1 76898
0 1 76902
0 1 76906
0 1 76911
0 1 76918
0 1 76924
0 1 76936
0 1 76939
0 1 76944
0 1 76945
0 1 76951
0 1 76953
0 1 76954
0 1 76964
0 1 76970
0 1 76971
0 1 76973
0 1 76977
0 1 76981
0 1 76994
0 1 76997
0 1 77004
0 1 77006
0 1 77008
0 1 77018
0 1 77024
0 1 77028
0 1 77035
0 1 77049
0 1 77050
0 1 77052
0 1 77058
0 1 77060
0 1 77062
0 1 77063
0 1 77068
0 1 77075
0 1 77079
0 1 77084
0 1 77089
0 1 77094
0 1 77110
0 1 77111
0 1 77113
0 1 77116
0 1 77117
0 1 77120
0 1 77122
0 1 77126
0 1 77131
0 1 77139
0 1 77151
0 1 77153
0 1 77156
0 1 77159
0 1 77160
0 1 77166
0 1 77167
0 1 77171
0 1 77187
0 1 77191
0 1 77193
0 1 77195
0 1 77196
0 1 77212
0 1 77226
0 1 77235
0 1 77241
0 1 77245
0 1 77259
0 1 77261
0 1 77262
0 1 77263
0 1 77265
0 1 77267
0 1 77269
0 1 77270
0 1 77272
0 1 77273
0 1 77275
0 1 77277
0 1 77281
0 1 77282
0 1 77288
0 1 77291
0 1 77294
0 1 77299
0 1 77301
0 1 77305
0 1 77306
0 1 77308
0 1 77314
0 1 77317
0 1 77324
0 1 77328
0 1 77330
0 1 77333
0 1 77348
0 1 77355
0 1 77366
0 1 77368
0 1 77382
0 1 77396
0 1 77405
0 1 77406
0 1 77410
0 1 77411
0 1 77412
0 1 77413
0 1 77414
0 1 77416
0 1 77422
0 1 77424
0 1 77425
0 1 77429
0 1 77454
0 1 77461
0 1 77470
0 1 77482
0 1 77489
0 1 77499
0 1 77501
0 1 77505
0 1 77506
0 1 77510
0 1 77515
0 1 77517
0 1 77521
0 1 77524
0 1 77525
0 1 77536
0 1 77546
0 1 77559
0 1 77560
0 1 77566
0 1 77571
0 1 77575
0 1 77587
0 1 77590
0 1 77596
0 1 77605
0 1 77608
0 1 77609
0 1 77618
0 1 77623
0 1 77635
0 1 77642
0 1 77648
0 1 77654
0 1 77658
0 1 77663
0 1 77666
0 1 77667
0 1 77668
0 1 77669
0 1 77686
0 1 77691
0 1 77703
0 1 77705
0 1 77707
0 1 77711
0 1 77713
0 1 77717
0 1 77728
0 1 77730
0 1 77735
0 1 77739
0 1 77761
0 1 77770
0 1 77781
0 1 77786
0 1 77790
0 1 77792
0 1 77796
0 1 77800
0 1 77804
0 1 77805
0 1 77816
0 1 77821
0 1 77822
0 1 77829
0 1 77832
0 1 77836
0 1 77837
0 1 77840
0 1 77853
0 1 77866
0 1 77868
0 1 77881
0 1 77882
0 1 77890
0 1 77898
0 1 77900
0 1 77902
0 1 77907
0 1 77912
0 1 77920
0 1 77941
0 1 77945
0 1 77946
0 1 77951
0 1 77967
0 1 77969
0 1 77979
0 1 77986
0 1 77989
0 1 77992
0 1 77993
0 1 77995
0 1 78005
0 1 78011
0 1 78016
0 1 78019
0 1 78020
0 1 78021
0 1 78027
0 1 78034
0 1 78043
0 1 78044
0 1 78052
0 1 78056
0 1 78070
0 1 78073
0 1 78074
0 1 78077
0 1 78083
0 1 78093
0 1 78100
0 1 78106
0 1 78125
0 1 78128
0 1 78131
0 1 78135
0 1 78139
0 1 78143
0 1 78151
0 1 78155
0 1 78169
0 1 78173
0 1 78178
0 1 78206
0 1 78207
0 1 78215
0 1 78221
0 1 78223
0 1 78227
0 1 78231
0 1 78232
0 1 78240
0 1 78243
0 1 78246
0 1 78254
0 1 78259
0 1 78261
0 1 78264
0 1 78271
0 1 78276
0 1 78277
0 1 78279
0 1 78291
0 1 78301
0 1 78309
0 1 78314
0 1 78320
0 1 78326
0 1 78337
0 1 78340
0 1 78349
0 1 78354
0 1 78361
0 1 78367
0 1 78379
0 1 78381
0 1 78382
0 1 78383
0 1 78384
0 1 78391
0 1 78393
0 1 78397
0 1 78405
0 1 78407
0 1 78411
0 1 78416
0 1 78417
0 1 78418
0 1 78439
0 1 78450
0 1 78454
0 1 78461
0 1 78474
0 1 78476
0 1 78486
0 1 78488
0 1 78489
0 1 78491
0 1 78495
0 1 78499
0 1 78501
0 1 78506
0 1 78524
0 1 78527
0 1 78528
0 1 78529
0 1 78534
0 1 78545
0 1 78546
0 1 78547
0 1 78555
0 1 78558
0 1 78562
0 1 78563
0 1 78566
0 1 78567
0 1 78568
0 1 78569
0 1 78573
0 1 78577
0 1 78579
0 1 78580
0 1 78581
0 1 78591
0 1 78598
0 1 78599
0 1 78603
0 1 78604
0 1 78609
0 1 78610
0 1 78615
0 1 78616
0 1 78623
0 1 78624
0 1 78627
0 1 78632
0 1 78633
0 1 78644
0 1 78647
0 1 78654
0 1 78656
0 1 78659
0 1 78665
0 1 78668
0 1 78670
0 1 78671
0 1 78674
0 1 78681
0 1 78690
0 1 78695
0 1 78698
0 1 78709
0 1 78710
0 1 78711
0 1 78719
0 1 78720
0 1 78721
0 1 78723
0 1 78724
0 1 78729
0 1 78737
0 1 78738
0 1 78740
0 1 78746
0 1 78751
0 1 78756
0 1 78758
0 1 78760
0 1 78765
0 1 78779
0 1 78784
0 1 78790
0 1 78800
0 1 78801
0 1 78805
0 1 78819
0 1 78831
0 1 78834
0 1 78836
0 1 78837
0 1 78839
0 1 78840
0 1 78841
0 1 78842
0 1 78844
0 1 78847
0 1 78851
0 1 78855
0 1 78856
0 1 78858
0 1 78863
0 1 78880
0 1 78883
0 1 78889
0 1 78890
0 1 78892
0 1 78894
0 1 78907
0 1 78912
0 1 78916
0 1 78917
0 1 78920
0 1 78922
0 1 78924
0 1 78928
0 1 78934
0 1 78942
0 1 78944
0 1 78950
0 1 78951
0 1 78952
0 1 78962
0 1 78967
0 1 78968
0 1 78974
0 1 78983
0 1 78989
0 1 78994
0 1 79004
0 1 79008
0 1 79009
0 1 79013
0 1 79014
0 1 79017
0 1 79018
0 1 79023
0 1 79024
0 1 79032
0 1 79034
0 1 79040
0 1 79041
0 1 79044
0 1 79048
0 1 79049
0 1 79052
0 1 79054
0 1 79061
0 1 79065
0 1 79075
0 1 79080
0 1 79094
0 1 79095
0 1 79101
0 1 79106
0 1 79118
0 1 79119
0 1 79123
0 1 79124
0 1 79126
0 1 79131
0 1 79135
0 1 79137
0 1 79139
0 1 79141
0 1 79145
0 1 79146
0 1 79147
0 1 79150
0 1 79167
0 1 79174
0 1 79184
0 1 79186
0 1 79192
0 1 79193
0 1 79204
0 1 79220
0 1 79221
0 1 79232
0 1 79244
0 1 79247
0 1 79249
0 1 79250
0 1 79257
0 1 79261
0 1 79269
0 1 79270
0 1 79272
0 1 79276
0 1 79285
0 1 79286
0 1 79309
0 1 79311
0 1 79318
0 1 79329
0 1 79334
0 1 79335
0 1 79346
0 1 79350
0 1 79351
0 1 79360
0 1 79361
0 1 79362
0 1 79366
0 1 79377
0 1 79383
0 1 79384
0 1 79388
0 1 79389
0 1 79397
0 1 79399
0 1 79402
0 1 79405
0 1 79423
0 1 79425
0 1 79439
0 1 79446
0 1 79452
0 1 79457
0 1 79461
0 1 79466
0 1 79471
0 1 79473
0 1 79477
0 1 79479
0 1 79486
0 1 79491
0 1 79496
0 1 79501
0 1 79505
0 1 79509
0 1 79510
0 1 79515
0 1 79518
0 1 79528
0 1 79536
0 1 79547
0 1 79561
0 1 79569
0 1 79577
0 1 79583
0 1 79587
0 1 79594
0 1 79596
0 1 79598
0 1 79599
0 1 79604
0 1 79611
0 1 79623
0 1 79628
0 1 79633
0 1 79634
0 1 79635
0 1 79641
0 1 79644
0 1 79648
0 1 79650
0 1 79651
0 1 79662
0 1 79676
0 1 79691
0 1 79693
0 1 79709
0 1 79712
0 1 79717
0 1 79735
0 1 79742
0 1 79744
0 1 79746
0 1 79748
0 1 79756
0 1 79757
0 1 79758
0 1 79772
0 1 79775
0 1 79777
0 1 79780
0 1 79782
0 1 79788
0 1 79791
0 1 79803
0 1 79808
0 1 79810
0 1 79826
0 1 79828
0 1 79831
0 1 79838
0 1 79847
0 1 79855
0 1 79856
0 1 79866
0 1 79867
0 1 79868
0 1 79871
0 1 79873
0 1 79880
0 1 79893
0 1 79901
0 1 79903
0 1 79911
0 1 79916
0 1 79923
0 1 79925
0 1 79931
0 1 79937
0 1 79949
0 1 79953
0 1 79957
0 1 79975
0 1 79977
0 1 79981
0 1 79983
0 1 79987
0 1 79991
0 1 79992
0 1 79999
0 1 80008
0 1 80013
0 1 80017
0 1 80036
0 1 80042
0 1 80044
0 1 80053
0 1 80056
0 1 80057
0 1 80064
0 1 80067
0 1 80071
0 1 80076
0 1 80089
0 1 80097
0 1 80099
0 1 80102
0 1 80110
0 1 80113
0 1 80119
0 1 80126
0 1 80131
0 1 80134
0 1 80138
0 1 80146
0 1 80158
0 1 80159
0 1 80164
0 1 80172
0 1 80174
0 1 80175
0 1 80176
0 1 80185
0 1 80187
0 1 80192
0 1 80196
0 1 80205
0 1 80215
0 1 80219
0 1 80222
0 1 80225
0 1 80231
0 1 80234
0 1 80237
0 1 80248
0 1 80253
0 1 80254
0 1 80256
0 1 80269
0 1 80278
0 1 80279
0 1 80281
0 1 80284
0 1 80287
0 1 80290
0 1 80293
0 1 80300
0 1 80307
0 1 80323
0 1 80330
0 1 80333
0 1 80336
0 1 80338
0 1 80345
0 1 80351
0 1 80352
0 1 80354
0 1 80363
0 1 80365
0 1 80367
0 1 80374
0 1 80384
0 1 80386
0 1 80388
0 1 80391
0 1 80395
0 1 80399
0 1 80403
0 1 80407
0 1 80413
0 1 80415
0 1 80417
0 1 80418
0 1 80420
0 1 80422
0 1 80429
0 1 80435
0 1 80445
0 1 80457
0 1 80471
0 1 80474
0 1 80477
0 1 80481
0 1 80487
0 1 80489
0 1 80494
0 1 80495
0 1 80498
0 1 80503
0 1 80504
0 1 80508
0 1 80511
0 1 80518
0 1 80521
0 1 80523
0 1 80524
0 1 80526
0 1 80528
0 1 80531
0 1 80535
0 1 80539
0 1 80543
0 1 80546
0 1 80549
0 1 80550
0 1 80576
0 1 80584
0 1 80585
0 1 80589
0 1 80592
0 1 80600
0 1 80606
0 1 80607
0 1 80608
0 1 80611
0 1 80615
0 1 80624
0 1 80626
0 1 80631
0 1 80633
0 1 80646
0 1 80663
0 1 80683
0 1 80685
0 1 80686
0 1 80691
0 1 80706
0 1 80707
0 1 80714
0 1 80715
0 1 80724
0 1 80731
0 1 80738
0 1 80740
0 1 80746
0 1 80747
0 1 80754
0 1 80768
0 1 80769
0 1 80771
0 1 80772
0 1 80787
0 1 80789
0 1 80804
0 1 80809
0 1 80828
0 1 80834
0 1 80837
0 1 80838
0 1 80840
0 1 80851
0 1 80856
0 1 80858
0 1 80864
0 1 80868
0 1 80872
0 1 80873
0 1 80878
0 1 80879
0 1 80880
0 1 80890
0 1 80891
0 1 80894
0 1 80895
0 1 80904
0 1 80908
0 1 80911
0 1 80912
0 1 80913
0 1 80917
0 1 80920
0 1 80934
0 1 80944
0 1 80947
0 1 80953
0 1 80960
0 1 80961
0 1 80962
0 1 80969
0 1 80978
0 1 80981
0 1 80988
0 1 80994
0 1 81003
0 1 81005
0 1 81011
0 1 81012
0 1 81015
0 1 81019
0 1 81024
0 1 81026
0 1 81032
0 1 81035
0 1 81037
0 1 81038
0 1 81046
0 1 81051
0 1 81052
0 1 81063
0 1 81064
0 1 81069
0 1 81075
0 1 81083
0 1 81085
0 1 81097
0 1 81098
0 1 81107
0 1 81109
0 1 81116
0 1 81129
0 1 81137
0 1 81139
0 1 81142
0 1 81143
0 1 81148
0 1 81152
0 1 81154
0 1 81157
0 1 81159
0 1 81163
0 1 81170
0 1 81173
0 1 81182
0 1 81183
0 1 81184
0 1 81185
0 1 81188
0 1 81190
0 1 81194
0 1 81198
0 1 81205
0 1 81206
0 1 81207
0 1 81208
0 1 81212
0 1 81213
0 1 81220
0 1 81221
0 1 81225
0 1 81227
0 1 81239
0 1 81242
0 1 81247
0 1 81251
0 1 81254
0 1 81258
0 1 81262
0 1 81266
0 1 81276
0 1 81279
0 1 81282
0 1 81291
0 1 81292
0 1 81294
0 1 81320
0 1 81322
0 1 81326
0 1 81327
0 1 81331
0 1 81337
0 1 81344
0 1 81360
0 1 81372
0 1 81373
0 1 81377
0 1 81381
0 1 81390
0 1 81397
0 1 81402
0 1 81406
0 1 81407
0 1 81415
0 1 81425
0 1 81427
0 1 81434
0 1 81435
0 1 81441
0 1 81447
0 1 81457
0 1 81462
0 1 81466
0 1 81470
0 1 81473
0 1 81477
0 1 81484
0 1 81489
0 1 81495
0 1 81496
0 1 81504
0 1 81508
0 1 81509
0 1 81520
0 1 81526
0 1 81527
0 1 81539
0 1 81546
0 1 81550
0 1 81558
0 1 81565
0 1 81568
0 1 81569
0 1 81576
0 1 81583
0 1 81588
0 1 81589
0 1 81594
0 1 81596
0 1 81615
0 1 81620
0 1 81623
0 1 81630
0 1 81634
0 1 81639
0 1 81640
0 1 81647
0 1 81648
0 1 81649
0 1 81650
0 1 81652
0 1 81660
0 1 81662
0 1 81670
0 1 81672
0 1 81676
0 1 81678
0 1 81683
0 1 81688
0 1 81701
0 1 81707
0 1 81708
0 1 81709
0 1 81710
0 1 81714
0 1 81733
0 1 81734
0 1 81737
0 1 81742
0 1 81755
0 1 81756
0 1 81757
0 1 81758
0 1 81772
0 1 81775
0 1 81779
0 1 81786
0 1 81792
0 1 81794
0 1 81798
0 1 81803
0 1 81818
0 1 81819
0 1 81825
0 1 81831
0 1 81836
0 1 81844
0 1 81846
0 1 81849
0 1 81850
0 1 81855
0 1 81860
0 1 81862
0 1 81872
0 1 81883
0 1 81892
0 1 81897
0 1 81898
0 1 81899
0 1 81901
0 1 81910
0 1 81911
0 1 81917
0 1 81921
0 1 81926
0 1 81929
0 1 81941
0 1 81954
0 1 81967
0 1 81969
0 1 81971
0 1 81976
0 1 81977
0 1 81984
0 1 81994
0 1 81996
0 1 82001
0 1 82011
0 1 82016
0 1 82019
0 1 82044
0 1 82045
0 1 82047
0 1 82061
0 1 82066
0 1 82067
0 1 82068
0 1 82070
0 1 82072
0 1 82082
0 1 82083
0 1 82084
0 1 82087
0 1 82106
0 1 82113
0 1 82124
0 1 82147
0 1 82148
0 1 82150
0 1 82161
0 1 82163
0 1 82168
0 1 82169
0 1 82170
0 1 82173
0 1 82174
0 1 82181
0 1 82182
0 1 82195
0 1 82202
0 1 82203
0 1 82208
0 1 82222
0 1 82225
0 1 82234
0 1 82236
0 1 82250
0 1 82261
0 1 82266
0 1 82273
0 1 82283
0 1 82293
0 1 82297
0 1 82310
0 1 82327
0 1 82330
0 1 82331
0 1 82333
0 1 82337
0 1 82340
0 1 82346
0 1 82350
0 1 82362
0 1 82365
0 1 82373
0 1 82375
0 1 82377
0 1 82378
0 1 82382
0 1 82396
0 1 82397
0 1 82398
0 1 82402
0 1 82405
0 1 82407
0 1 82409
0 1 82413
0 1 82415
0 1 82422
0 1 82427
0 1 82430
0 1 82435
0 1 82451
0 1 82454
0 1 82458
0 1 82459
0 1 82466
0 1 82467
0 1 82471
0 1 82472
0 1 82474
0 1 82475
0 1 82480
0 1 82484
0 1 82490
0 1 82495
0 1 82500
0 1 82503
0 1 82505
0 1 82508
0 1 82513
0 1 82519
0 1 82521
0 1 82525
0 1 82529
0 1 82542
0 1 82548
0 1 82549
0 1 82552
0 1 82553
0 1 82554
0 1 82556
0 1 82574
0 1 82576
0 1 82577
0 1 82578
0 1 82582
0 1 82587
0 1 82595
0 1 82597
0 1 82608
0 1 82621
0 1 82631
0 1 82638
0 1 82639
0 1 82641
0 1 82643
0 1 82653
0 1 82666
0 1 82670
0 1 82683
0 1 82687
0 1 82688
0 1 82691
0 1 82698
0 1 82707
0 1 82713
0 1 82715
0 1 82721
0 1 82722
0 1 82726
0 1 82740
0 1 82744
0 1 82759
0 1 82764
0 1 82773
0 1 82775
0 1 82777
0 1 82784
0 1 82788
0 1 82794
0 1 82803
0 1 82804
0 1 82807
0 1 82810
0 1 82814
0 1 82816
0 1 82817
0 1 82821
0 1 82826
0 1 82828
0 1 82843
0 1 82845
0 1 82857
0 1 82862
0 1 82864
0 1 82883
0 1 82891
0 1 82894
0 1 82899
0 1 82910
0 1 82921
0 1 82922
0 1 82928
0 1 82931
0 1 82937
0 1 82951
0 1 82953
0 1 82954
0 1 82955
0 1 82957
0 1 82973
0 1 82975
0 1 82976
0 1 82977
0 1 82981
0 1 82982
0 1 82984
0 1 82990
0 1 82997
0 1 83001
0 1 83009
0 1 83010
0 1 83018
0 1 83024
0 1 83028
0 1 83031
0 1 83053
0 1 83061
0 1 83063
0 1 83067
0 1 83082
0 1 83115
0 1 83116
0 1 83117
0 1 83118
0 1 83124
0 1 83127
0 1 83131
0 1 83132
0 1 83144
0 1 83145
0 1 83154
0 1 83160
0 1 83161
0 1 83164
0 1 83165
0 1 83168
0 1 83175
0 1 83178
0 1 83179
0 1 83182
0 1 83184
0 1 83186
0 1 83187
0 1 83188
0 1 83189
0 1 83194
0 1 83201
0 1 83202
0 1 83204
0 1 83217
0 1 83222
0 1 83226
0 1 83227
0 1 83230
0 1 83231
0 1 83233
0 1 83242
0 1 83249
0 1 83251
0 1 83267
0 1 83277
0 1 83279
0 1 83294
0 1 83298
0 1 83300
0 1 83308
0 1 83309
0 1 83312
0 1 83323
0 1 83337
0 1 83340
0 1 83341
0 1 83345
0 1 83350
0 1 83353
0 1 83354
0 1 83355
0 1 83365
0 1 83370
0 1 83386
0 1 83393
0 1 83397
0 1 83398
0 1 83403
0 1 83409
0 1 83431
0 1 83438
0 1 83441
0 1 83442
0 1 83449
0 1 83456
0 1 83457
0 1 83463
0 1 83475
0 1 83476
0 1 83486
0 1 83493
0 1 83495
0 1 83499
0 1 83501
0 1 83503
0 1 83505
0 1 83509
0 1 83512
0 1 83515
0 1 83522
0 1 83524
0 1 83526
0 1 83531
0 1 83534
0 1 83537
0 1 83538
0 1 83541
0 1 83542
0 1 83545
0 1 83550
0 1 83560
0 1 83562
0 1 83563
0 1 83566
0 1 83573
0 1 83574
0 1 83575
0 1 83577
0 1 83578
0 1 83582
0 1 83584
0 1 83586
0 1 83590
0 1 83591
0 1 83595
0 1 83598
0 1 83603
0 1 83608
0 1 83610
0 1 83615
0 1 83620
0 1 83626
0 1 83627
0 1 83631
0 1 83637
0 1 83642
0 1 83643
0 1 83644
0 1 83648
0 1 83649
0 1 83654
0 1 83661
0 1 83672
0 1 83681
0 1 83682
0 1 83685
0 1 83702
0 1 83703
0 1 83705
0 1 83711
0 1 83723
0 1 83724
0 1 83727
0 1 83729
0 1 83736
0 1 83743
0 1 83744
0 1 83750
0 1 83753
0 1 83758
0 1 83759
0 1 83768
0 1 83772
0 1 83773
0 1 83786
0 1 83796
0 1 83803
0 1 83806
0 1 83811
0 1 83813
0 1 83817
0 1 83830
0 1 83836
0 1 83840
0 1 83846
0 1 83853
0 1 83854
0 1 83857
0 1 83864
0 1 83869
0 1 83875
0 1 83895
0 1 83899
0 1 83910
0 1 83913
0 1 83916
0 1 83917
0 1 83921
0 1 83922
0 1 83923
0 1 83926
0 1 83936
0 1 83939
0 1 83940
0 1 83941
0 1 83947
0 1 83948
0 1 83952
0 1 83956
0 1 83958
0 1 83967
0 1 83974
0 1 83976
0 1 83978
0 1 83979
0 1 83990
0 1 83991
0 1 83992
0 1 83995
0 1 84010
0 1 84015
0 1 84017
0 1 84038
0 1 84044
0 1 84047
0 1 84050
0 1 84053
0 1 84055
0 1 84058
0 1 84072
0 1 84075
0 1 84084
0 1 84088
0 1 84093
0 1 84102
0 1 84108
0 1 84109
0 1 84111
0 1 84112
0 1 84115
0 1 84118
0 1 84119
0 1 84122
0 1 84128
0 1 84139
0 1 84147
0 1 84151
0 1 84152
0 1 84156
0 1 84161
0 1 84164
0 1 84167
0 1 84172
0 1 84177
0 1 84179
0 1 84189
0 1 84201
0 1 84205
0 1 84210
0 1 84211
0 1 84227
0 1 84234
0 1 84236
0 1 84238
0 1 84251
0 1 84255
0 1 84261
0 1 84265
0 1 84275
0 1 84277
0 1 84278
0 1 84279
0 1 84290
0 1 84292
0 1 84293
0 1 84294
0 1 84298
0 1 84301
0 1 84302
0 1 84303
0 1 84306
0 1 84310
0 1 84320
0 1 84323
0 1 84324
0 1 84328
0 1 84331
0 1 84332
0 1 84339
0 1 84340
0 1 84342
0 1 84345
0 1 84346
0 1 84352
0 1 84359
0 1 84361
0 1 84363
0 1 84370
0 1 84371
0 1 84373
0 1 84383
0 1 84408
0 1 84426
0 1 84430
0 1 84433
0 1 84436
0 1 84440
0 1 84441
0 1 84444
0 1 84449
0 1 84452
0 1 84454
0 1 84461
0 1 84465
0 1 84474
0 1 84480
0 1 84483
0 1 84490
0 1 84500
0 1 84512
0 1 84513
0 1 84514
0 1 84515
0 1 84527
0 1 84532
0 1 84534
0 1 84537
0 1 84543
0 1 84548
0 1 84549
0 1 84554
0 1 84564
0 1 84565
0 1 84568
0 1 84571
0 1 84580
0 1 84582
0 1 84583
0 1 84591
0 1 84596
0 1 84612
0 1 84613
0 1 84617
0 1 84619
0 1 84626
0 1 84633
0 1 84635
0 1 84640
0 1 84645
0 1 84647
0 1 84649
0 1 84651
0 1 84663
0 1 84675
0 1 84687
0 1 84699
0 1 84708
0 1 84709
0 1 84721
0 1 84722
0 1 84727
0 1 84730
0 1 84735
0 1 84739
0 1 84741
0 1 84743
0 1 84747
0 1 84764
0 1 84767
0 1 84770
0 1 84772
0 1 84775
0 1 84778
0 1 84787
0 1 84788
0 1 84806
0 1 84807
0 1 84809
0 1 84816
0 1 84819
0 1 84822
0 1 84824
0 1 84827
0 1 84833
0 1 84838
0 1 84851
0 1 84856
0 1 84861
0 1 84863
0 1 84867
0 1 84874
0 1 84880
0 1 84883
0 1 84890
0 1 84891
0 1 84907
0 1 84916
0 1 84925
0 1 84926
0 1 84931
0 1 84936
0 1 84941
0 1 84947
0 1 84960
0 1 84963
0 1 84970
0 1 84973
0 1 84977
0 1 84982
0 1 85003
0 1 85008
0 1 85009
0 1 85013
0 1 85017
0 1 85018
0 1 85028
0 1 85031
0 1 85033
0 1 85042
0 1 85047
0 1 85048
0 1 85054
0 1 85055
0 1 85057
0 1 85066
0 1 85071
0 1 85077
0 1 85081
0 1 85084
0 1 85092
0 1 85096
0 1 85125
0 1 85126
0 1 85127
0 1 85129
0 1 85131
0 1 85133
0 1 85134
0 1 85142
0 1 85143
0 1 85151
0 1 85156
0 1 85161
0 1 85168
0 1 85175
0 1 85176
0 1 85178
0 1 85179
0 1 85180
0 1 85190
0 1 85195
0 1 85198
0 1 85200
0 1 85203
0 1 85216
0 1 85219
0 1 85224
0 1 85235
0 1 85237
0 1 85239
0 1 85240
0 1 85249
0 1 85255
0 1 85258
0 1 85259
0 1 85262
0 1 85266
0 1 85267
0 1 85273
0 1 85274
0 1 85275
0 1 85278
0 1 85280
0 1 85281
0 1 85285
0 1 85293
0 1 85302
0 1 85314
0 1 85317
0 1 85318
0 1 85320
0 1 85326
0 1 85330
0 1 85340
0 1 85342
0 1 85344
0 1 85349
0 1 85352
0 1 85353
0 1 85361
0 1 85363
0 1 85365
0 1 85368
0 1 85371
0 1 85377
0 1 85381
0 1 85382
0 1 85388
0 1 85392
0 1 85404
0 1 85406
0 1 85408
0 1 85413
0 1 85414
0 1 85416
0 1 85426
0 1 85434
0 1 85440
0 1 85442
0 1 85448
0 1 85453
0 1 85457
0 1 85477
0 1 85483
0 1 85492
0 1 85494
0 1 85497
0 1 85499
0 1 85502
0 1 85503
0 1 85504
0 1 85505
0 1 85509
0 1 85510
0 1 85512
0 1 85518
0 1 85527
0 1 85534
0 1 85542
0 1 85550
0 1 85551
0 1 85552
0 1 85554
0 1 85560
0 1 85561
0 1 85569
0 1 85574
0 1 85579
0 1 85591
0 1 85593
0 1 85597
0 1 85599
0 1 85600
0 1 85604
0 1 85610
0 1 85613
0 1 85615
0 1 85616
0 1 85617
0 1 85620
0 1 85630
0 1 85632
0 1 85638
0 1 85646
0 1 85651
0 1 85676
0 1 85677
0 1 85679
0 1 85682
0 1 85683
0 1 85691
0 1 85698
0 1 85716
0 1 85718
0 1 85722
0 1 85726
0 1 85731
0 1 85741
0 1 85743
0 1 85758
0 1 85769
0 1 85777
0 1 85782
0 1 85784
0 1 85791
0 1 85792
0 1 85793
0 1 85801
0 1 85802
0 1 85809
0 1 85810
0 1 85813
0 1 85816
0 1 85823
0 1 85824
0 1 85826
0 1 85827
0 1 85837
0 1 85843
0 1 85845
0 1 85858
0 1 85864
0 1 85875
0 1 85881
0 1 85882
0 1 85883
0 1 85884
0 1 85887
0 1 85892
0 1 85895
0 1 85905
0 1 85923
0 1 85930
0 1 85939
0 1 85954
0 1 85964
0 1 85966
0 1 85967
0 1 85970
0 1 85977
0 1 85984
0 1 85985
0 1 85989
0 1 85994
0 1 86000
0 1 86002
0 1 86003
0 1 86011
0 1 86015
0 1 86020
0 1 86025
0 1 86030
0 1 86034
0 1 86041
0 1 86042
0 1 86044
0 1 86046
0 1 86050
0 1 86059
0 1 86067
0 1 86072
0 1 86077
0 1 86081
0 1 86093
0 1 86097
0 1 86102
0 1 86107
0 1 86110
0 1 86111
0 1 86112
0 1 86117
0 1 86124
0 1 86125
0 1 86134
0 1 86135
0 1 86150
0 1 86152
0 1 86153
0 1 86154
0 1 86155
0 1 86156
0 1 86161
0 1 86169
0 1 86170
0 1 86171
0 1 86173
0 1 86177
0 1 86179
0 1 86182
0 1 86187
0 1 86198
0 1 86214
0 1 86221
0 1 86228
0 1 86233
0 1 86234
0 1 86245
0 1 86251
0 1 86253
0 1 86259
0 1 86266
0 1 86272
0 1 86278
0 1 86289
0 1 86298
0 1 86299
0 1 86300
0 1 86306
0 1 86346
0 1 86348
0 1 86365
0 1 86373
0 1 86376
0 1 86377
0 1 86381
0 1 86387
0 1 86400
0 1 86402
0 1 86405
0 1 86407
0 1 86416
0 1 86422
0 1 86423
0 1 86424
0 1 86464
0 1 86470
0 1 86472
0 1 86476
0 1 86486
0 1 86488
0 1 86490
0 1 86496
0 1 86506
0 1 86521
0 1 86528
0 1 86541
0 1 86543
0 1 86548
0 1 86551
0 1 86556
0 1 86560
0 1 86563
0 1 86564
0 1 86565
0 1 86575
0 1 86576
0 1 86580
0 1 86582
0 1 86585
0 1 86590
0 1 86594
0 1 86603
0 1 86604
0 1 86607
0 1 86616
0 1 86618
0 1 86635
0 1 86648
0 1 86652
0 1 86653
0 1 86655
0 1 86667
0 1 86671
0 1 86677
0 1 86681
0 1 86686
0 1 86689
0 1 86692
0 1 86695
0 1 86701
0 1 86703
0 1 86709
0 1 86716
0 1 86727
0 1 86735
0 1 86737
0 1 86740
0 1 86743
0 1 86762
0 1 86767
0 1 86768
0 1 86771
0 1 86779
0 1 86785
0 1 86797
0 1 86798
0 1 86801
0 1 86809
0 1 86829
0 1 86834
0 1 86838
0 1 86839
0 1 86840
0 1 86843
0 1 86847
0 1 86850
0 1 86856
0 1 86860
0 1 86861
0 1 86864
0 1 86869
0 1 86874
0 1 86875
0 1 86888
0 1 86894
0 1 86898
0 1 86914
0 1 86938
0 1 86954
0 1 86957
0 1 86958
0 1 86960
0 1 86966
0 1 86969
0 1 86981
0 1 86982
0 1 86994
0 1 86995
0 1 87003
0 1 87020
0 1 87024
0 1 87025
0 1 87033
0 1 87036
0 1 87044
0 1 87045
0 1 87046
0 1 87051
0 1 87062
0 1 87068
0 1 87072
0 1 87073
0 1 87081
0 1 87082
0 1 87087
0 1 87092
0 1 87100
0 1 87110
0 1 87111
0 1 87124
0 1 87129
0 1 87136
0 1 87140
0 1 87141
0 1 87143
0 1 87155
0 1 87162
0 1 87164
0 1 87169
0 1 87170
0 1 87175
0 1 87177
0 1 87182
0 1 87186
0 1 87193
0 1 87195
0 1 87206
0 1 87211
0 1 87213
0 1 87218
0 1 87222
0 1 87229
0 1 87230
0 1 87242
0 1 87246
0 1 87250
0 1 87271
0 1 87274
0 1 87275
0 1 87289
0 1 87291
0 1 87294
0 1 87296
0 1 87297
0 1 87315
0 1 87320
0 1 87323
0 1 87326
0 1 87333
0 1 87338
0 1 87345
0 1 87347
0 1 87351
0 1 87366
0 1 87377
0 1 87390
0 1 87393
0 1 87397
0 1 87414
0 1 87415
0 1 87417
0 1 87431
0 1 87433
0 1 87435
0 1 87436
0 1 87443
0 1 87445
0 1 87456
0 1 87457
0 1 87462
0 1 87463
0 1 87464
0 1 87475
0 1 87487
0 1 87489
0 1 87491
0 1 87494
0 1 87495
0 1 87496
0 1 87503
0 1 87508
0 1 87512
0 1 87515
0 1 87524
0 1 87525
0 1 87527
0 1 87532
0 1 87533
0 1 87551
0 1 87552
0 1 87553
0 1 87558
0 1 87559
0 1 87561
0 1 87564
0 1 87576
0 1 87577
0 1 87581
0 1 87586
0 1 87592
0 1 87593
0 1 87598
0 1 87607
0 1 87608
0 1 87612
0 1 87617
0 1 87622
0 1 87623
0 1 87632
0 1 87637
0 1 87641
0 1 87651
0 1 87655
0 1 87657
0 1 87660
0 1 87667
0 1 87673
0 1 87674
0 1 87679
0 1 87691
0 1 87693
0 1 87703
0 1 87709
0 1 87713
0 1 87735
0 1 87750
0 1 87752
0 1 87761
0 1 87764
0 1 87772
0 1 87776
0 1 87788
0 1 87794
0 1 87798
0 1 87804
0 1 87809
0 1 87817
0 1 87819
0 1 87822
0 1 87824
0 1 87829
0 1 87832
0 1 87835
0 1 87837
0 1 87847
0 1 87848
0 1 87863
0 1 87864
0 1 87883
0 1 87891
0 1 87898
0 1 87902
0 1 87932
0 1 87934
0 1 87937
0 1 87940
0 1 87952
0 1 87955
0 1 87956
0 1 87963
0 1 87966
0 1 87967
0 1 87976
0 1 87978
0 1 87983
0 1 87985
0 1 87993
0 1 88001
0 1 88003
0 1 88007
0 1 88014
0 1 88020
0 1 88027
0 1 88029
0 1 88046
0 1 88063
0 1 88064
0 1 88071
0 1 88073
0 1 88075
0 1 88077
0 1 88081
0 1 88086
0 1 88093
0 1 88102
0 1 88104
0 1 88105
0 1 88108
0 1 88121
0 1 88147
0 1 88177
0 1 88181
0 1 88187
0 1 88189
0 1 88191
0 1 88194
0 1 88197
0 1 88216
0 1 88227
0 1 88235
0 1 88240
0 1 88241
0 1 88244
0 1 88245
0 1 88252
0 1 88265
0 1 88266
0 1 88283
0 1 88284
0 1 88301
0 1 88306
0 1 88311
0 1 88319
0 1 88321
0 1 88328
0 1 88329
0 1 88337
0 1 88347
0 1 88349
0 1 88366
0 1 88367
0 1 88369
0 1 88388
0 1 88397
0 1 88401
0 1 88407
0 1 88408
0 1 88409
0 1 88410
0 1 88411
0 1 88413
0 1 88418
0 1 88421
0 1 88423
0 1 88426
0 1 88427
0 1 88429
0 1 88443
0 1 88445
0 1 88453
0 1 88457
0 1 88459
0 1 88467
0 1 88470
0 1 88475
0 1 88477
0 1 88479
0 1 88487
0 1 88493
0 1 88495
0 1 88496
0 1 88499
0 1 88501
0 1 88511
0 1 88513
0 1 88515
0 1 88518
0 1 88519
0 1 88526
0 1 88527
0 1 88531
0 1 88535
0 1 88539
0 1 88549
0 1 88554
0 1 88558
0 1 88559
0 1 88573
0 1 88577
0 1 88587
0 1 88591
0 1 88592
0 1 88596
0 1 88598
0 1 88601
0 1 88605
0 1 88611
0 1 88614
0 1 88619
0 1 88621
0 1 88627
0 1 88641
0 1 88648
0 1 88652
0 1 88653
0 1 88665
0 1 88671
0 1 88673
0 1 88676
0 1 88680
0 1 88687
0 1 88689
0 1 88690
0 1 88692
0 1 88697
0 1 88702
0 1 88705
0 1 88714
0 1 88723
0 1 88726
0 1 88736
0 1 88745
0 1 88746
0 1 88752
0 1 88758
0 1 88759
0 1 88767
0 1 88769
0 1 88778
0 1 88789
0 1 88792
0 1 88798
0 1 88806
0 1 88811
0 1 88812
0 1 88815
0 1 88828
0 1 88834
0 1 88836
0 1 88841
0 1 88843
0 1 88849
0 1 88856
0 1 88862
0 1 88866
0 1 88867
0 1 88877
0 1 88882
0 1 88886
0 1 88889
0 1 88893
0 1 88905
0 1 88909
0 1 88912
0 1 88923
0 1 88925
0 1 88928
0 1 88931
0 1 88936
0 1 88938
0 1 88949
0 1 88958
0 1 88959
0 1 88961
0 1 88962
0 1 88968
0 1 88969
0 1 88972
0 1 88977
0 1 88979
0 1 88981
0 1 88984
0 1 88985
0 1 88987
0 1 88995
0 1 88996
0 1 89002
0 1 89003
0 1 89005
0 1 89012
0 1 89014
0 1 89021
0 1 89023
0 1 89025
0 1 89028
0 1 89030
0 1 89062
0 1 89072
0 1 89079
0 1 89081
0 1 89096
0 1 89097
0 1 89102
0 1 89105
0 1 89111
0 1 89114
0 1 89115
0 1 89128
0 1 89140
0 1 89147
0 1 89151
0 1 89161
0 1 89165
0 1 89182
0 1 89188
0 1 89192
0 1 89193
0 1 89195
0 1 89198
0 1 89200
0 1 89201
0 1 89203
0 1 89209
0 1 89210
0 1 89223
0 1 89226
0 1 89238
0 1 89239
0 1 89253
0 1 89254
0 1 89255
0 1 89256
0 1 89262
0 1 89272
0 1 89283
0 1 89287
0 1 89291
0 1 89292
0 1 89294
0 1 89296
0 1 89304
0 1 89310
0 1 89313
0 1 89315
0 1 89319
0 1 89329
0 1 89330
0 1 89331
0 1 89340
0 1 89347
0 1 89348
0 1 89365
0 1 89374
0 1 89394
0 1 89395
0 1 89404
0 1 89416
0 1 89417
0 1 89418
0 1 89420
0 1 89421
0 1 89428
0 1 89441
0 1 89443
0 1 89454
0 1 89455
0 1 89456
0 1 89458
0 1 89477
0 1 89482
0 1 89489
0 1 89494
0 1 89496
0 1 89500
0 1 89510
0 1 89511
0 1 89513
0 1 89516
0 1 89517
0 1 89518
0 1 89526
0 1 89530
0 1 89531
0 1 89532
0 1 89535
0 1 89536
0 1 89537
0 1 89541
0 1 89543
0 1 89545
0 1 89546
0 1 89556
0 1 89560
0 1 89573
0 1 89576
0 1 89579
0 1 89582
0 1 89588
0 1 89593
0 1 89597
0 1 89599
0 1 89603
0 1 89608
0 1 89612
0 1 89615
0 1 89622
0 1 89639
0 1 89644
0 1 89647
0 1 89654
0 1 89668
0 1 89672
0 1 89673
0 1 89678
0 1 89685
0 1 89691
0 1 89692
0 1 89695
0 1 89710
0 1 89716
0 1 89718
0 1 89727
0 1 89728
0 1 89730
0 1 89741
0 1 89745
0 1 89746
0 1 89747
0 1 89748
0 1 89750
0 1 89755
0 1 89757
0 1 89761
0 1 89775
0 1 89776
0 1 89778
0 1 89783
0 1 89790
0 1 89791
0 1 89794
0 1 89801
0 1 89806
0 1 89807
0 1 89815
0 1 89823
0 1 89828
0 1 89845
0 1 89847
0 1 89849
0 1 89852
0 1 89857
0 1 89858
0 1 89863
0 1 89865
0 1 89866
0 1 89868
0 1 89873
0 1 89874
0 1 89877
0 1 89879
0 1 89881
0 1 89886
0 1 89887
0 1 89894
0 1 89904
0 1 89905
0 1 89908
0 1 89915
0 1 89921
0 1 89923
0 1 89924
0 1 89931
0 1 89932
0 1 89934
0 1 89936
0 1 89937
0 1 89940
0 1 89941
0 1 89942
0 1 89945
0 1 89958
0 1 89967
0 1 89972
0 1 89973
0 1 89989
0 1 89997
0 1 89999
0 1 90000
0 1 90004
0 1 90008
0 1 90009
0 1 90012
0 1 90014
0 1 90022
0 1 90029
0 1 90031
0 1 90038
0 1 90045
0 1 90056
0 1 90058
0 1 90070
0 1 90074
0 1 90079
0 1 90080
0 1 90082
0 1 90088
0 1 90089
0 1 90096
0 1 90102
0 1 90109
0 1 90113
0 1 90116
0 1 90137
0 1 90149
0 1 90151
0 1 90152
0 1 90154
0 1 90160
0 1 90171
0 1 90172
0 1 90183
0 1 90187
0 1 90190
0 1 90210
0 1 90216
0 1 90220
0 1 90224
0 1 90234
0 1 90235
0 1 90241
0 1 90243
0 1 90248
0 1 90249
0 1 90257
0 1 90260
0 1 90265
0 1 90267
0 1 90270
0 1 90271
0 1 90273
0 1 90274
0 1 90276
0 1 90279
0 1 90282
0 1 90283
0 1 90292
0 1 90297
0 1 90306
0 1 90307
0 1 90309
0 1 90310
0 1 90311
0 1 90316
0 1 90317
0 1 90318
0 1 90321
0 1 90323
0 1 90331
0 1 90332
0 1 90337
0 1 90349
0 1 90350
0 1 90352
0 1 90353
0 1 90360
0 1 90361
0 1 90362
0 1 90368
0 1 90369
0 1 90371
0 1 90372
0 1 90376
0 1 90381
0 1 90384
0 1 90385
0 1 90394
0 1 90401
0 1 90403
0 1 90404
0 1 90405
0 1 90411
0 1 90427
0 1 90433
0 1 90443
0 1 90446
0 1 90451
0 1 90454
0 1 90461
0 1 90464
0 1 90467
0 1 90472
0 1 90486
0 1 90499
0 1 90506
0 1 90509
0 1 90512
0 1 90524
0 1 90529
0 1 90542
0 1 90548
0 1 90549
0 1 90550
0 1 90551
0 1 90553
0 1 90558
0 1 90572
0 1 90585
0 1 90594
0 1 90599
0 1 90605
0 1 90606
0 1 90611
0 1 90613
0 1 90614
0 1 90619
0 1 90625
0 1 90627
0 1 90631
0 1 90636
0 1 90637
0 1 90640
0 1 90646
0 1 90651
0 1 90652
0 1 90656
0 1 90659
0 1 90661
0 1 90667
0 1 90672
0 1 90673
0 1 90679
0 1 90681
0 1 90689
0 1 90695
0 1 90696
0 1 90705
0 1 90713
0 1 90714
0 1 90715
0 1 90717
0 1 90727
0 1 90729
0 1 90735
0 1 90740
0 1 90741
0 1 90744
0 1 90745
0 1 90761
0 1 90764
0 1 90770
0 1 90778
0 1 90785
0 1 90788
0 1 90797
0 1 90798
0 1 90801
0 1 90818
0 1 90825
0 1 90830
0 1 90863
0 1 90868
0 1 90869
0 1 90879
0 1 90888
0 1 90889
0 1 90890
0 1 90904
0 1 90905
0 1 90907
0 1 90911
0 1 90915
0 1 90927
0 1 90941
0 1 90942
0 1 90948
0 1 90973
0 1 90974
0 1 90979
0 1 90980
0 1 90985
0 1 90991
0 1 90993
0 1 91002
0 1 91004
0 1 91009
0 1 91012
0 1 91022
0 1 91024
0 1 91032
0 1 91051
0 1 91052
0 1 91062
0 1 91064
0 1 91066
0 1 91085
0 1 91092
0 1 91095
0 1 91097
0 1 91100
0 1 91104
0 1 91108
0 1 91118
0 1 91121
0 1 91122
0 1 91125
0 1 91129
0 1 91138
0 1 91142
0 1 91146
0 1 91148
0 1 91154
0 1 91159
0 1 91160
0 1 91161
0 1 91162
0 1 91163
0 1 91169
0 1 91175
0 1 91178
0 1 91180
0 1 91182
0 1 91183
0 1 91190
0 1 91191
0 1 91201
0 1 91202
0 1 91219
0 1 91227
0 1 91229
0 1 91231
0 1 91233
0 1 91239
0 1 91241
0 1 91242
0 1 91246
0 1 91251
0 1 91255
0 1 91273
0 1 91274
0 1 91275
0 1 91281
0 1 91287
0 1 91297
0 1 91298
0 1 91307
0 1 91318
0 1 91320
0 1 91325
0 1 91337
0 1 91342
0 1 91343
0 1 91353
0 1 91354
0 1 91357
0 1 91359
0 1 91362
0 1 91363
0 1 91364
0 1 91365
0 1 91381
0 1 91382
0 1 91395
0 1 91396
0 1 91406
0 1 91429
0 1 91430
0 1 91436
0 1 91441
0 1 91443
0 1 91447
0 1 91451
0 1 91456
0 1 91464
0 1 91468
0 1 91475
0 1 91480
0 1 91482
0 1 91483
0 1 91484
0 1 91494
0 1 91497
0 1 91502
0 1 91503
0 1 91507
0 1 91508
0 1 91518
0 1 91520
0 1 91521
0 1 91522
0 1 91525
0 1 91529
0 1 91538
0 1 91542
0 1 91546
0 1 91548
0 1 91556
0 1 91560
0 1 91566
0 1 91567
0 1 91575
0 1 91578
0 1 91594
0 1 91597
0 1 91604
0 1 91617
0 1 91619
0 1 91626
0 1 91639
0 1 91640
0 1 91648
0 1 91649
0 1 91656
0 1 91661
0 1 91662
0 1 91663
0 1 91664
0 1 91668
0 1 91670
0 1 91673
0 1 91676
0 1 91686
0 1 91689
0 1 91690
0 1 91692
0 1 91693
0 1 91698
0 1 91715
0 1 91742
0 1 91753
0 1 91755
0 1 91757
0 1 91761
0 1 91764
0 1 91791
0 1 91801
0 1 91807
0 1 91817
0 1 91818
0 1 91819
0 1 91822
0 1 91830
0 1 91833
0 1 91835
0 1 91841
0 1 91848
0 1 91853
0 1 91854
0 1 91855
0 1 91863
0 1 91864
0 1 91866
0 1 91882
0 1 91892
0 1 91895
0 1 91906
0 1 91915
0 1 91928
0 1 91944
0 1 91953
0 1 91961
0 1 91963
0 1 91973
0 1 91975
0 1 91983
0 1 91988
0 1 91993
0 1 91999
0 1 92007
0 1 92013
0 1 92020
0 1 92023
0 1 92029
0 1 92032
0 1 92038
0 1 92041
0 1 92048
0 1 92049
0 1 92051
0 1 92056
0 1 92061
0 1 92063
0 1 92072
0 1 92083
0 1 92084
0 1 92100
0 1 92109
0 1 92113
0 1 92125
0 1 92155
0 1 92157
0 1 92171
0 1 92173
0 1 92175
0 1 92177
0 1 92184
0 1 92188
0 1 92197
0 1 92203
0 1 92204
0 1 92207
0 1 92212
0 1 92213
0 1 92217
0 1 92223
0 1 92224
0 1 92227
0 1 92230
0 1 92232
0 1 92235
0 1 92237
0 1 92240
0 1 92243
0 1 92246
0 1 92250
0 1 92258
0 1 92266
0 1 92273
0 1 92274
0 1 92279
0 1 92283
0 1 92294
0 1 92295
0 1 92299
0 1 92310
0 1 92321
0 1 92326
0 1 92330
0 1 92333
0 1 92335
0 1 92336
0 1 92339
0 1 92343
0 1 92357
0 1 92371
0 1 92376
0 1 92383
0 1 92387
0 1 92388
0 1 92389
0 1 92391
0 1 92395
0 1 92407
0 1 92412
0 1 92414
0 1 92416
0 1 92417
0 1 92424
0 1 92437
0 1 92438
0 1 92440
0 1 92472
0 1 92477
0 1 92481
0 1 92492
0 1 92506
0 1 92510
0 1 92512
0 1 92513
0 1 92519
0 1 92526
0 1 92530
0 1 92536
0 1 92538
0 1 92541
0 1 92544
0 1 92545
0 1 92548
0 1 92550
0 1 92551
0 1 92554
0 1 92563
0 1 92564
0 1 92567
0 1 92568
0 1 92586
0 1 92587
0 1 92588
0 1 92591
0 1 92595
0 1 92597
0 1 92609
0 1 92614
0 1 92630
0 1 92637
0 1 92645
0 1 92654
0 1 92655
0 1 92656
0 1 92657
0 1 92661
0 1 92663
0 1 92675
0 1 92677
0 1 92699
0 1 92704
0 1 92727
0 1 92733
0 1 92738
0 1 92745
0 1 92746
0 1 92751
0 1 92752
0 1 92766
0 1 92777
0 1 92788
0 1 92792
0 1 92795
0 1 92796
0 1 92803
0 1 92810
0 1 92811
0 1 92812
0 1 92814
0 1 92817
0 1 92818
0 1 92819
0 1 92821
0 1 92824
0 1 92833
0 1 92834
0 1 92836
0 1 92839
0 1 92846
0 1 92852
0 1 92858
0 1 92862
0 1 92863
0 1 92864
0 1 92866
0 1 92871
0 1 92873
0 1 92874
0 1 92875
0 1 92881
0 1 92882
0 1 92886
0 1 92887
0 1 92894
0 1 92900
0 1 92902
0 1 92908
0 1 92921
0 1 92922
0 1 92929
0 1 92934
0 1 92935
0 1 92941
0 1 92943
0 1 92947
0 1 92948
0 1 92951
0 1 92956
0 1 92965
0 1 92978
0 1 92987
0 1 92988
0 1 92990
0 1 92997
0 1 93000
0 1 93007
0 1 93014
0 1 93017
0 1 93018
0 1 93020
0 1 93024
0 1 93028
0 1 93029
0 1 93039
0 1 93044
0 1 93045
0 1 93046
0 1 93049
0 1 93051
0 1 93057
0 1 93060
0 1 93065
0 1 93066
0 1 93071
0 1 93074
0 1 93086
0 1 93090
0 1 93097
0 1 93099
0 1 93109
0 1 93111
0 1 93116
0 1 93121
0 1 93123
0 1 93137
0 1 93142
0 1 93144
0 1 93148
0 1 93150
0 1 93151
0 1 93153
0 1 93156
0 1 93162
0 1 93174
0 1 93182
0 1 93185
0 1 93186
0 1 93188
0 1 93197
0 1 93198
0 1 93199
0 1 93200
0 1 93209
0 1 93228
0 1 93246
0 1 93249
0 1 93256
0 1 93262
0 1 93266
0 1 93268
0 1 93272
0 1 93275
0 1 93284
0 1 93288
0 1 93293
0 1 93297
0 1 93299
0 1 93305
0 1 93306
0 1 93309
0 1 93314
0 1 93316
0 1 93321
0 1 93323
0 1 93329
0 1 93338
0 1 93346
0 1 93357
0 1 93362
0 1 93366
0 1 93367
0 1 93372
0 1 93386
0 1 93387
0 1 93391
0 1 93395
0 1 93409
0 1 93413
0 1 93422
0 1 93431
0 1 93437
0 1 93456
0 1 93463
0 1 93467
0 1 93468
0 1 93475
0 1 93484
0 1 93485
0 1 93489
0 1 93490
0 1 93493
0 1 93496
0 1 93501
0 1 93505
0 1 93507
0 1 93516
0 1 93526
0 1 93528
0 1 93539
0 1 93541
0 1 93544
0 1 93556
0 1 93565
0 1 93568
0 1 93578
0 1 93582
0 1 93585
0 1 93589
0 1 93592
0 1 93595
0 1 93599
0 1 93605
0 1 93618
0 1 93621
0 1 93630
0 1 93631
0 1 93633
0 1 93637
0 1 93638
0 1 93659
0 1 93662
0 1 93663
0 1 93664
0 1 93666
0 1 93677
0 1 93678
0 1 93686
0 1 93687
0 1 93690
0 1 93692
0 1 93694
0 1 93696
0 1 93708
0 1 93711
0 1 93715
0 1 93718
0 1 93723
0 1 93754
0 1 93755
0 1 93767
0 1 93771
0 1 93778
0 1 93781
0 1 93783
0 1 93795
0 1 93799
0 1 93801
0 1 93810
0 1 93815
0 1 93818
0 1 93819
0 1 93820
0 1 93822
0 1 93831
0 1 93832
0 1 93846
0 1 93852
0 1 93863
0 1 93872
0 1 93873
0 1 93878
0 1 93879
0 1 93883
0 1 93894
0 1 93905
0 1 93908
0 1 93909
0 1 93911
0 1 93912
0 1 93916
0 1 93918
0 1 93929
0 1 93931
0 1 93939
0 1 93941
0 1 93951
0 1 93957
0 1 93963
0 1 93980
0 1 93989
0 1 93990
0 1 94001
0 1 94002
0 1 94009
0 1 94011
0 1 94017
0 1 94039
0 1 94040
0 1 94041
0 1 94043
0 1 94044
0 1 94052
0 1 94056
0 1 94078
0 1 94082
0 1 94092
0 1 94093
0 1 94096
0 1 94110
0 1 94111
0 1 94113
0 1 94118
0 1 94123
0 1 94129
0 1 94130
0 1 94135
0 1 94139
0 1 94141
0 1 94144
0 1 94165
0 1 94169
0 1 94174
0 1 94183
0 1 94189
0 1 94192
0 1 94199
0 1 94203
0 1 94213
0 1 94218
0 1 94219
0 1 94224
0 1 94230
0 1 94231
0 1 94232
0 1 94233
0 1 94235
0 1 94236
0 1 94239
0 1 94243
0 1 94255
0 1 94263
0 1 94266
0 1 94272
0 1 94275
0 1 94276
0 1 94281
0 1 94282
0 1 94299
0 1 94303
0 1 94309
0 1 94310
0 1 94313
0 1 94314
0 1 94321
0 1 94326
0 1 94332
0 1 94339
0 1 94340
0 1 94344
0 1 94352
0 1 94364
0 1 94365
0 1 94369
0 1 94377
0 1 94380
0 1 94381
0 1 94382
0 1 94385
0 1 94388
0 1 94395
0 1 94398
0 1 94399
0 1 94400
0 1 94401
0 1 94411
0 1 94414
0 1 94429
0 1 94433
0 1 94438
0 1 94445
0 1 94452
0 1 94461
0 1 94462
0 1 94465
0 1 94468
0 1 94484
0 1 94488
0 1 94496
0 1 94499
0 1 94507
0 1 94524
0 1 94526
0 1 94531
0 1 94538
0 1 94541
0 1 94543
0 1 94546
0 1 94547
0 1 94550
0 1 94551
0 1 94552
0 1 94563
0 1 94564
0 1 94565
0 1 94571
0 1 94573
0 1 94577
0 1 94586
0 1 94587
0 1 94592
0 1 94594
0 1 94614
0 1 94619
0 1 94622
0 1 94626
0 1 94628
0 1 94634
0 1 94636
0 1 94638
0 1 94643
0 1 94644
0 1 94645
0 1 94647
0 1 94651
0 1 94652
0 1 94655
0 1 94658
0 1 94667
0 1 94674
0 1 94676
0 1 94681
0 1 94685
0 1 94691
0 1 94692
0 1 94694
0 1 94698
0 1 94700
0 1 94708
0 1 94716
0 1 94721
0 1 94722
0 1 94729
0 1 94735
0 1 94737
0 1 94738
0 1 94741
0 1 94751
0 1 94759
0 1 94760
0 1 94765
0 1 94775
0 1 94778
0 1 94788
0 1 94800
0 1 94801
0 1 94807
0 1 94812
0 1 94818
0 1 94823
0 1 94831
0 1 94832
0 1 94833
0 1 94835
0 1 94836
0 1 94846
0 1 94848
0 1 94852
0 1 94868
0 1 94870
0 1 94871
0 1 94874
0 1 94883
0 1 94884
0 1 94893
0 1 94899
0 1 94901
0 1 94903
0 1 94906
0 1 94908
0 1 94925
0 1 94927
0 1 94934
0 1 94935
0 1 94939
0 1 94942
0 1 94944
0 1 94964
0 1 94970
0 1 94973
0 1 94976
0 1 94986
0 1 94987
0 1 94990
0 1 94998
0 1 95001
0 1 95009
0 1 95017
0 1 95034
0 1 95039
0 1 95040
0 1 95044
0 1 95049
0 1 95050
0 1 95059
0 1 95066
0 1 95068
0 1 95071
0 1 95074
0 1 95078
0 1 95079
0 1 95080
0 1 95084
0 1 95088
0 1 95093
0 1 95098
0 1 95100
0 1 95104
0 1 95105
0 1 95107
0 1 95109
0 1 95113
0 1 95119
0 1 95123
0 1 95129
0 1 95134
0 1 95136
0 1 95138
0 1 95148
0 1 95152
0 1 95153
0 1 95168
0 1 95174
0 1 95178
0 1 95182
0 1 95183
0 1 95184
0 1 95189
0 1 95190
0 1 95196
0 1 95202
0 1 95211
0 1 95212
0 1 95215
0 1 95217
0 1 95219
0 1 95226
0 1 95236
0 1 95249
0 1 95256
0 1 95258
0 1 95260
0 1 95264
0 1 95277
0 1 95279
0 1 95282
0 1 95284
0 1 95289
0 1 95292
0 1 95296
0 1 95300
0 1 95301
0 1 95305
0 1 95319
0 1 95327
0 1 95329
0 1 95333
0 1 95334
0 1 95335
0 1 95337
0 1 95340
0 1 95343
0 1 95353
0 1 95360
0 1 95361
0 1 95362
0 1 95389
0 1 95394
0 1 95400
0 1 95403
0 1 95406
0 1 95408
0 1 95414
0 1 95416
0 1 95433
0 1 95434
0 1 95439
0 1 95442
0 1 95452
0 1 95453
0 1 95468
0 1 95474
0 1 95478
0 1 95480
0 1 95483
0 1 95492
0 1 95497
0 1 95515
0 1 95516
0 1 95521
0 1 95525
0 1 95526
0 1 95527
0 1 95534
0 1 95535
0 1 95538
0 1 95539
0 1 95541
0 1 95544
0 1 95546
0 1 95552
0 1 95556
0 1 95561
0 1 95564
0 1 95565
0 1 95579
0 1 95584
0 1 95596
0 1 95604
0 1 95610
0 1 95612
0 1 95617
0 1 95627
0 1 95634
0 1 95645
0 1 95647
0 1 95656
0 1 95669
0 1 95670
0 1 95679
0 1 95680
0 1 95685
0 1 95686
0 1 95687
0 1 95694
0 1 95697
0 1 95719
0 1 95721
0 1 95723
0 1 95724
0 1 95733
0 1 95747
0 1 95749
0 1 95751
0 1 95762
0 1 95763
0 1 95765
0 1 95768
0 1 95782
0 1 95785
0 1 95799
0 1 95803
0 1 95813
0 1 95815
0 1 95821
0 1 95830
0 1 95835
0 1 95836
0 1 95851
0 1 95858
0 1 95859
0 1 95863
0 1 95865
0 1 95867
0 1 95869
0 1 95870
0 1 95871
0 1 95879
0 1 95880
0 1 95885
0 1 95892
0 1 95898
0 1 95901
0 1 95904
0 1 95905
0 1 95911
0 1 95919
0 1 95923
0 1 95924
0 1 95929
0 1 95938
0 1 95940
0 1 95942
0 1 95944
0 1 95948
0 1 95949
0 1 95954
0 1 95963
0 1 95965
0 1 95967
0 1 95970
0 1 95972
0 1 95975
0 1 95978
0 1 95989
0 1 95993
0 1 96003
0 1 96026
0 1 96030
0 1 96039
0 1 96053
0 1 96059
0 1 96061
0 1 96062
0 1 96065
0 1 96068
0 1 96074
0 1 96080
0 1 96091
0 1 96095
0 1 96097
0 1 96101
0 1 96113
0 1 96120
0 1 96122
0 1 96123
0 1 96130
0 1 96134
0 1 96138
0 1 96139
0 1 96142
0 1 96150
0 1 96152
0 1 96154
0 1 96161
0 1 96162
0 1 96168
0 1 96175
0 1 96180
0 1 96203
0 1 96205
0 1 96207
0 1 96209
0 1 96215
0 1 96222
0 1 96224
0 1 96225
0 1 96228
0 1 96231
0 1 96232
0 1 96234
0 1 96240
0 1 96241
0 1 96243
0 1 96247
0 1 96254
0 1 96256
0 1 96257
0 1 96264
0 1 96266
0 1 96270
0 1 96277
0 1 96280
0 1 96286
0 1 96290
0 1 96291
0 1 96300
0 1 96303
0 1 96308
0 1 96317
0 1 96318
0 1 96335
0 1 96344
0 1 96346
0 1 96358
0 1 96362
0 1 96364
0 1 96371
0 1 96376
0 1 96384
0 1 96390
0 1 96393
0 1 96395
0 1 96398
0 1 96430
0 1 96437
0 1 96448
0 1 96449
0 1 96454
0 1 96456
0 1 96457
0 1 96458
0 1 96464
0 1 96465
0 1 96475
0 1 96477
0 1 96483
0 1 96485
0 1 96489
0 1 96491
0 1 96493
0 1 96504
0 1 96505
0 1 96514
0 1 96519
0 1 96526
0 1 96529
0 1 96536
0 1 96561
0 1 96562
0 1 96563
0 1 96565
0 1 96576
0 1 96579
0 1 96580
0 1 96581
0 1 96587
0 1 96590
0 1 96593
0 1 96594
0 1 96595
0 1 96597
0 1 96600
0 1 96607
0 1 96608
0 1 96622
0 1 96625
0 1 96636
0 1 96642
0 1 96644
0 1 96646
0 1 96647
0 1 96648
0 1 96649
0 1 96650
0 1 96660
0 1 96661
0 1 96668
0 1 96671
0 1 96674
0 1 96675
0 1 96679
0 1 96680
0 1 96686
0 1 96697
0 1 96706
0 1 96715
0 1 96716
0 1 96717
0 1 96721
0 1 96722
0 1 96724
0 1 96725
0 1 96732
0 1 96745
0 1 96750
0 1 96754
0 1 96756
0 1 96761
0 1 96765
0 1 96767
0 1 96771
0 1 96777
0 1 96782
0 1 96784
0 1 96785
0 1 96786
0 1 96790
0 1 96794
0 1 96795
0 1 96796
0 1 96805
0 1 96807
0 1 96811
0 1 96818
0 1 96819
0 1 96823
0 1 96838
0 1 96840
0 1 96849
0 1 96855
0 1 96858
0 1 96861
0 1 96862
0 1 96866
0 1 96876
0 1 96879
0 1 96882
0 1 96888
0 1 96891
0 1 96898
0 1 96906
0 1 96912
0 1 96921
0 1 96923
0 1 96930
0 1 96935
0 1 96938
0 1 96943
0 1 96944
0 1 96948
0 1 96950
0 1 96956
0 1 96960
0 1 96964
0 1 96971
0 1 96973
0 1 96974
0 1 96975
0 1 96979
0 1 96980
0 1 96981
0 1 96982
0 1 96983
0 1 96988
0 1 96992
0 1 96995
0 1 96997
0 1 97000
0 1 97004
0 1 97009
0 1 97018
0 1 97019
0 1 97026
0 1 97027
0 1 97029
0 1 97036
0 1 97037
0 1 97038
0 1 97039
0 1 97040
0 1 97049
0 1 97050
0 1 97051
0 1 97052
0 1 97058
0 1 97068
0 1 97075
0 1 97077
0 1 97087
0 1 97089
0 1 97091
0 1 97093
0 1 97101
0 1 97103
0 1 97111
0 1 97112
0 1 97113
0 1 97121
0 1 97122
0 1 97125
0 1 97130
0 1 97133
0 1 97139
0 1 97144
0 1 97146
0 1 97149
0 1 97150
0 1 97151
0 1 97158
0 1 97164
0 1 97165
0 1 97169
0 1 97170
0 1 97180
0 1 97181
0 1 97193
0 1 97200
0 1 97201
0 1 97211
0 1 97222
0 1 97231
0 1 97238
0 1 97243
0 1 97253
0 1 97256
0 1 97257
0 1 97260
0 1 97266
0 1 97269
0 1 97270
0 1 97271
0 1 97283
0 1 97305
0 1 97309
0 1 97310
0 1 97316
0 1 97329
0 1 97330
0 1 97336
0 1 97337
0 1 97341
0 1 97352
0 1 97353
0 1 97366
0 1 97374
0 1 97377
0 1 97380
0 1 97384
0 1 97385
0 1 97388
0 1 97399
0 1 97413
0 1 97425
0 1 97429
0 1 97436
0 1 97437
0 1 97444
0 1 97450
0 1 97453
0 1 97479
0 1 97482
0 1 97490
0 1 97497
0 1 97502
0 1 97514
0 1 97523
0 1 97525
0 1 97538
0 1 97549
0 1 97555
0 1 97557
0 1 97560
0 1 97563
0 1 97575
0 1 97576
0 1 97579
0 1 97580
0 1 97581
0 1 97583
0 1 97586
0 1 97613
0 1 97616
0 1 97618
0 1 97620
0 1 97624
0 1 97627
0 1 97629
0 1 97630
0 1 97631
0 1 97634
0 1 97635
0 1 97644
0 1 97651
0 1 97656
0 1 97659
0 1 97660
0 1 97666
0 1 97667
0 1 97678
0 1 97680
0 1 97682
0 1 97686
0 1 97687
0 1 97690
0 1 97714
0 1 97717
0 1 97719
0 1 97724
0 1 97726
0 1 97732
0 1 97733
0 1 97744
0 1 97776
0 1 97782
0 1 97788
0 1 97789
0 1 97794
0 1 97796
0 1 97799
0 1 97806
0 1 97818
0 1 97822
0 1 97824
0 1 97835
0 1 97836
0 1 97837
0 1 97841
0 1 97843
0 1 97849
0 1 97857
0 1 97859
0 1 97861
0 1 97869
0 1 97874
0 1 97879
0 1 97880
0 1 97883
0 1 97884
0 1 97889
0 1 97890
0 1 97891
0 1 97893
0 1 97900
0 1 97902
0 1 97922
0 1 97924
0 1 97935
0 1 97940
0 1 97944
0 1 97952
0 1 97955
0 1 97956
0 1 97957
0 1 97959
0 1 97961
0 1 97964
0 1 97971
0 1 97977
0 1 97979
0 1 97987
0 1 97990
0 1 98001
0 1 98016
0 1 98024
0 1 98030
0 1 98049
0 1 98058
0 1 98061
0 1 98062
0 1 98068
0 1 98077
0 1 98080
0 1 98091
0 1 98095
0 1 98100
0 1 98106
0 1 98107
0 1 98110
0 1 98111
0 1 98119
0 1 98120
0 1 98121
0 1 98127
0 1 98131
0 1 98132
0 1 98134
0 1 98138
0 1 98150
0 1 98158
0 1 98161
0 1 98170
0 1 98175
0 1 98176
0 1 98184
0 1 98186
0 1 98195
0 1 98200
0 1 98201
0 1 98202
0 1 98209
0 1 98219
0 1 98238
0 1 98247
0 1 98269
0 1 98283
0 1 98286
0 1 98293
0 1 98294
0 1 98295
0 1 98302
0 1 98309
0 1 98314
0 1 98315
0 1 98316
0 1 98321
0 1 98322
0 1 98325
0 1 98326
0 1 98337
0 1 98355
0 1 98356
0 1 98363
0 1 98364
0 1 98373
0 1 98379
0 1 98390
0 1 98394
0 1 98395
0 1 98403
0 1 98409
0 1 98412
0 1 98425
0 1 98428
0 1 98430
0 1 98435
0 1 98446
0 1 98447
0 1 98450
0 1 98451
0 1 98452
0 1 98454
0 1 98460
0 1 98461
0 1 98466
0 1 98474
0 1 98475
0 1 98478
0 1 98493
0 1 98496
0 1 98503
0 1 98505
0 1 98506
0 1 98509
0 1 98512
0 1 98513
0 1 98525
0 1 98530
0 1 98531
0 1 98537
0 1 98539
0 1 98549
0 1 98551
0 1 98553
0 1 98560
0 1 98563
0 1 98566
0 1 98569
0 1 98571
0 1 98580
0 1 98583
0 1 98587
0 1 98590
0 1 98593
0 1 98595
0 1 98599
0 1 98600
0 1 98601
0 1 98606
0 1 98608
0 1 98618
0 1 98620
0 1 98633
0 1 98634
0 1 98636
0 1 98638
0 1 98642
0 1 98647
0 1 98652
0 1 98653
0 1 98664
0 1 98674
0 1 98675
0 1 98676
0 1 98679
0 1 98680
0 1 98681
0 1 98683
0 1 98687
0 1 98701
0 1 98702
0 1 98705
0 1 98707
0 1 98709
0 1 98724
0 1 98727
0 1 98731
0 1 98735
0 1 98742
0 1 98743
0 1 98748
0 1 98751
0 1 98753
0 1 98754
0 1 98764
0 1 98767
0 1 98771
0 1 98780
0 1 98794
0 1 98795
0 1 98798
0 1 98806
0 1 98811
0 1 98820
0 1 98821
0 1 98832
0 1 98833
0 1 98835
0 1 98836
0 1 98841
0 1 98853
0 1 98854
0 1 98858
0 1 98859
0 1 98868
0 1 98870
0 1 98871
0 1 98877
0 1 98895
0 1 98904
0 1 98911
0 1 98913
0 1 98934
0 1 98936
0 1 98941
0 1 98944
0 1 98949
0 1 98955
0 1 98956
0 1 98957
0 1 98965
0 1 98974
0 1 98976
0 1 98977
0 1 98978
0 1 98979
0 1 98981
0 1 98983
0 1 98989
0 1 98991
0 1 98993
0 1 99003
0 1 99014
0 1 99015
0 1 99030
0 1 99034
0 1 99041
0 1 99047
0 1 99054
0 1 99068
0 1 99082
0 1 99084
0 1 99092
0 1 99093
0 1 99095
0 1 99099
0 1 99101
0 1 99103
0 1 99107
0 1 99110
0 1 99120
0 1 99130
0 1 99131
0 1 99138
0 1 99139
0 1 99146
0 1 99147
0 1 99152
0 1 99156
0 1 99161
0 1 99164
0 1 99168
0 1 99169
0 1 99175
0 1 99179
0 1 99191
0 1 99198
0 1 99220
0 1 99221
0 1 99224
0 1 99231
0 1 99234
0 1 99235
0 1 99236
0 1 99255
0 1 99256
0 1 99258
0 1 99262
0 1 99266
0 1 99268
0 1 99271
0 1 99272
0 1 99277
0 1 99282
0 1 99289
0 1 99290
0 1 99297
0 1 99323
0 1 99325
0 1 99326
0 1 99330
0 1 99332
0 1 99337
0 1 99341
0 1 99359
0 1 99360
0 1 99363
0 1 99365
0 1 99368
0 1 99374
0 1 99383
0 1 99386
0 1 99387
0 1 99392
0 1 99396
0 1 99398
0 1 99407
0 1 99415
0 1 99417
0 1 99420
0 1 99424
0 1 99427
0 1 99430
0 1 99431
0 1 99433
0 1 99434
0 1 99442
0 1 99447
0 1 99456
0 1 99466
0 1 99469
0 1 99470
0 1 99478
0 1 99485
0 1 99487
0 1 99490
0 1 99495
0 1 99502
0 1 99515
0 1 99527
0 1 99531
0 1 99532
0 1 99533
0 1 99536
0 1 99538
0 1 99552
0 1 99556
0 1 99557
0 1 99558
0 1 99561
0 1 99562
0 1 99583
0 1 99586
0 1 99603
0 1 99614
0 1 99627
0 1 99636
0 1 99649
0 1 99652
0 1 99658
0 1 99662
0 1 99668
0 1 99673
0 1 99687
0 1 99689
0 1 99701
0 1 99710
0 1 99713
0 1 99715
0 1 99717
0 1 99718
0 1 99719
0 1 99720
0 1 99733
0 1 99734
0 1 99745
0 1 99764
0 1 99785
0 1 99800
0 1 99801
0 1 99820
0 1 99821
0 1 99827
0 1 99830
0 1 99835
0 1 99843
0 1 99853
0 1 99855
0 1 99858
0 1 99862
0 1 99863
0 1 99872
0 1 99875
0 1 99891
0 1 99893
0 1 99897
0 1 99906
0 1 99920
0 1 99932
0 1 99935
0 1 99936
0 1 99943
0 1 99956
0 1 99959
0 1 99965
0 1 99966
0 1 99968
0 1 99982
0 1 99983
0 1 99985
0 1 99986
0 1 99993
