0 1 0
0 1 2
0 1 3
0 1 4
0 1 8
0 1 10
0 1 11
0 1 12
0 1 15
0 1 18
0 1 22
0 1 25
0 1 27
0 1 29
0 1 30
0 1 31
0 1 34
0 1 35
0 1 37
0 1 39
0 1 40
0 1 41
0 1 42
0 1 44
0 1 45
0 1 47
0 1 48
0 1 51
0 1 52
0 1 53
0 1 55
0 1 56
0 1 57
0 1 59
0 1 67
0 1 68
0 1 71
0 1 74
0 1 75
0 1 76
0 1 77
0 1 78
0 1 80
0 1 82
0 1 85
0 1 87
0 1 88
0 1 90
0 1 92
0 1 95
0 1 98
0 1 105
0 1 106
0 1 107
0 1 113
0 1 114
0 1 115
0 1 121
0 1 124
0 1 127
0 1 128
0 1 129
0 1 130
0 1 134
0 1 135
0 1 138
0 1 139
0 1 140
0 1 141
0 1 142
0 1 143
0 1 144
0 1 146
0 1 147
0 1 151
0 1 152
0 1 157
0 1 160
0 1 164
0 1 165
0 1 166
0 1 170
0 1 173
0 1 174
0 1 179
0 1 180
0 1 184
0 1 185
0 1 186
0 1 188
0 1 190
0 1 191
0 1 198
0 1 199
0 1 200
0 1 204
0 1 206
0 1 208
0 1 209
0 1 211
0 1 212
0 1 214
0 1 215
0 1 218
0 1 219
0 1 220
0 1 226
0 1 228
0 1 230
0 1 231
0 1 234
0 1 235
0 1 236
0 1 239
0 1 240
0 1 243
0 1 245
0 1 252
0 1 256
0 1 258
0 1 260
0 1 261
0 1 262
0 1 263
0 1 267
0 1 269
0 1 270
0 1 272
0 1 273
0 1 276
0 1 279
0 1 280
0 1 281
0 1 282
0 1 284
0 1 285
0 1 286
0 1 289
0 1 290
0 1 294
0 1 296
0 1 297
0 1 301
0 1 303
0 1 304
0 1 305
0 1 306
0 1 308
0 1 309
0 1 310
0 1 312
0 1 316
0 1 318
0 1 319
0 1 322
0 1 323
0 1 325
0 1 327
0 1 331
0 1 335
0 1 337
0 1 339
0 1 341
0 1 344
0 1 350
0 1 351
0 1 352
0 1 353
0 1 358
0 1 362
0 1 363
0 1 364
0 1 366
0 1 367
0 1 368
0 1 370
0 1 371
0 1 372
0 1 374
0 1 375
0 1 378
0 1 380
0 1 382
0 1 383
0 1 386
0 1 387
0 1 391
0 1 395
0 1 396
0 1 398
0 1 399
0 1 401
0 1 404
0 1 406
0 1 407
0 1 408
0 1 409
0 1 412
0 1 414
0 1 415
0 1 418
0 1 423
0 1 424
0 1 426
0 1 427
0 1 428
0 1 431
0 1 433
0 1 434
0 1 436
0 1 444
0 1 447
0 1 449
0 1 450
0 1 451
0 1 452
0 1 458
0 1 459
0 1 460
0 1 461
0 1 462
0 1 465
0 1 468
0 1 469
0 1 471
0 1 472
0 1 473
0 1 474
0 1 479
0 1 481
0 1 482
0 1 483
0 1 484
0 1 485
0 1 487
0 1 488
0 1 490
0 1 492
0 1 495
0 1 500
0 1 501
0 1 503
0 1 505
0 1 506
0 1 507
0 1 508
0 1 510
0 1 511
0 1 513
0 1 515
0 1 516
0 1 517
0 1 519
0 1 523
0 1 526
0 1 528
0 1 530
0 1 531
0 1 532
0 1 533
0 1 541
0 1 542
0 1 544
0 1 546
0 1 547
0 1 549
0 1 551
0 1 552
0 1 553
0 1 556
0 1 562
0 1 564
0 1 565
0 1 566
0 1 568
0 1 569
0 1 571
0 1 572
0 1 573
0 1 575
0 1 578
0 1 580
0 1 585
0 1 586
0 1 587
0 1 592
0 1 593
0 1 594
0 1 595
0 1 596
0 1 597
0 1 599
0 1 600
0 1 601
0 1 603
0 1 607
0 1 609
0 1 613
0 1 615
0 1 619
0 1 620
0 1 623
0 1 626
0 1 628
0 1 629
0 1 630
0 1 633
0 1 634
0 1 636
0 1 637
0 1 638
0 1 639
0 1 640
0 1 643
0 1 645
0 1 647
0 1 649
0 1 651
0 1 652
0 1 653
0 1 655
0 1 657
0 1 658
0 1 660
0 1 661
0 1 665
0 1 666
0 1 667
0 1 668
0 1 670
0 1 671
0 1 672
0 1 677
0 1 679
0 1 680
0 1 681
0 1 683
0 1 684
0 1 686
0 1 688
0 1 689
0 1 691
0 1 695
0 1 696
0 1 698
0 1 701
0 1 702
0 1 703
0 1 708
0 1 710
0 1 711
0 1 716
0 1 718
0 1 720
0 1 721
0 1 722
0 1 724
0 1 725
0 1 726
0 1 727
0 1 733
0 1 734
0 1 735
0 1 737
0 1 739
0 1 740
0 1 741
0 1 742
0 1 745
0 1 747
0 1 749
0 1 750
0 1 752
0 1 760
0 1 763
0 1 764
0 1 766
0 1 767
0 1 769
0 1 772
0 1 773
0 1 775
0 1 781
0 1 784
0 1 786
0 1 789
0 1 791
0 1 794
0 1 796
0 1 797
0 1 798
0 1 799
0 1 803
0 1 805
0 1 806
0 1 807
0 1 808
0 1 810
0 1 811
0 1 812
0 1 813
0 1 815
0 1 816
0 1 818
0 1 819
0 1 827
0 1 828
0 1 830
0 1 831
0 1 832
0 1 835
0 1 836
0 1 839
0 1 841
0 1 842
0 1 843
0 1 844
0 1 845
0 1 846
0 1 847
0 1 848
0 1 850
0 1 851
0 1 854
0 1 855
0 1 856
0 1 858
0 1 863
0 1 864
0 1 865
0 1 866
0 1 868
0 1 869
0 1 870
0 1 872
0 1 873
0 1 875
0 1 876
0 1 877
0 1 879
0 1 881
0 1 883
0 1 884
0 1 885
0 1 886
0 1 889
0 1 891
0 1 896
0 1 897
0 1 900
0 1 904
0 1 907
0 1 908
0 1 909
0 1 916
0 1 917
0 1 918
0 1 919
0 1 920
0 1 923
0 1 924
0 1 928
0 1 929
0 1 934
0 1 938
0 1 940
0 1 941
0 1 942
0 1 944
0 1 945
0 1 948
0 1 951
0 1 954
0 1 955
0 1 960
0 1 961
0 1 964
0 1 966
0 1 967
0 1 972
0 1 974
0 1 975
0 1 978
0 1 979
0 1 982
0 1 987
0 1 988
0 1 990
0 1 993
0 1 994
0 1 996
0 1 1001
0 1 1003
0 1 1004
0 1 1006
0 1 1007
0 1 1008
0 1 1011
0 1 1016
0 1 1019
0 1 1020
0 1 1021
0 1 1022
0 1 1023
0 1 1024
0 1 1025
0 1 1027
0 1 1028
0 1 1038
0 1 1040
0 1 1041
0 1 1042
0 1 1043
0 1 1044
0 1 1045
0 1 1047
0 1 1048
0 1 1053
0 1 1054
0 1 1058
0 1 1059
0 1 1060
0 1 1062
0 1 1063
0 1 1066
0 1 1069
0 1 1070
0 1 1071
0 1 1076
0 1 1078
0 1 1079
0 1 1080
0 1 1081
0 1 1084
0 1 1086
0 1 1088
0 1 1090
0 1 1095
0 1 1096
0 1 1102
0 1 1103
0 1 1105
0 1 1108
0 1 1109
0 1 1112
0 1 1114
0 1 1115
0 1 1117
0 1 1120
0 1 1123
0 1 1124
0 1 1125
0 1 1126
0 1 1129
0 1 1130
0 1 1132
0 1 1133
0 1 1134
0 1 1135
0 1 1139
0 1 1140
0 1 1143
0 1 1145
0 1 1147
0 1 1150
0 1 1151
0 1 1152
0 1 1153
0 1 1156
0 1 1161
0 1 1163
0 1 1171
0 1 1172
0 1 1173
0 1 1176
0 1 1177
0 1 1178
0 1 1180
0 1 1182
0 1 1183
0 1 1184
0 1 1185
0 1 1187
0 1 1189
0 1 1190
0 1 1191
0 1 1192
0 1 1194
0 1 1195
0 1 1197
0 1 1199
0 1 1200
0 1 1201
0 1 1202
0 1 1208
0 1 1209
0 1 1213
0 1 1216
0 1 1219
0 1 1220
0 1 1221
0 1 1226
0 1 1229
0 1 1231
0 1 1232
0 1 1233
0 1 1236
0 1 1240
0 1 1241
0 1 1247
0 1 1248
0 1 1249
0 1 1250
0 1 1253
0 1 1254
0 1 1256
0 1 1258
0 1 1260
0 1 1262
0 1 1263
0 1 1264
0 1 1266
0 1 1269
0 1 1272
0 1 1274
0 1 1275
0 1 1276
0 1 1277
0 1 1278
0 1 1280
0 1 1286
0 1 1296
0 1 1297
0 1 1298
0 1 1300
0 1 1301
0 1 1304
0 1 1306
0 1 1307
0 1 1309
0 1 1314
0 1 1317
0 1 1319
0 1 1322
0 1 1325
0 1 1328
0 1 1329
0 1 1332
0 1 1334
0 1 1340
0 1 1348
0 1 1349
0 1 1350
0 1 1354
0 1 1355
0 1 1359
0 1 1361
0 1 1362
0 1 1366
0 1 1368
0 1 1369
0 1 1372
0 1 1374
0 1 1375
0 1 1376
0 1 1378
0 1 1387
0 1 1389
0 1 1390
0 1 1392
0 1 1393
0 1 1394
0 1 1398
0 1 1399
0 1 1401
0 1 1404
0 1 1405
0 1 1408
0 1 1410
0 1 1411
0 1 1412
0 1 1417
0 1 1418
0 1 1420
0 1 1421
0 1 1425
0 1 1426
0 1 1430
0 1 1434
0 1 1435
0 1 1437
0 1 1438
0 1 1441
0 1 1445
0 1 1450
0 1 1453
0 1 1458
0 1 1459
0 1 1460
0 1 1463
0 1 1464
0 1 1465
0 1 1467
0 1 1468
0 1 1469
0 1 1470
0 1 1471
0 1 1472
0 1 1474
0 1 1478
0 1 1479
0 1 1480
0 1 1482
0 1 1483
0 1 1484
0 1 1485
0 1 1486
0 1 1487
0 1 1488
0 1 1490
0 1 1491
0 1 1494
0 1 1497
0 1 1499
0 1 1500
0 1 1502
0 1 1507
0 1 1508
0 1 1509
0 1 1510
0 1 1511
0 1 1514
0 1 1517
0 1 1519
0 1 1525
0 1 1526
0 1 1527
0 1 1528
0 1 1529
0 1 1531
0 1 1534
0 1 1535
0 1 1538
0 1 1540
0 1 1541
0 1 1546
0 1 1549
0 1 1550
0 1 1551
0 1 1552
0 1 1553
0 1 1554
0 1 1556
0 1 1557
0 1 1558
0 1 1559
0 1 1562
0 1 1564
0 1 1567
0 1 1569
0 1 1570
0 1 1571
0 1 1572
0 1 1573
0 1 1575
0 1 1577
0 1 1582
0 1 1585
0 1 1586
0 1 1587
0 1 1590
0 1 1592
0 1 1593
0 1 1598
0 1 1599
0 1 1600
0 1 1601
0 1 1602
0 1 1604
0 1 1609
0 1 1615
0 1 1617
0 1 1620
0 1 1621
0 1 1624
0 1 1626
0 1 1627
0 1 1628
0 1 1629
0 1 1630
0 1 1633
0 1 1634
0 1 1635
0 1 1637
0 1 1639
0 1 1642
0 1 1645
0 1 1647
0 1 1648
0 1 1649
0 1 1650
0 1 1653
0 1 1656
0 1 1657
0 1 1659
0 1 1660
0 1 1662
0 1 1663
0 1 1669
0 1 1671
0 1 1673
0 1 1675
0 1 1677
0 1 1678
0 1 1681
0 1 1682
0 1 1683
0 1 1684
0 1 1686
0 1 1690
0 1 1692
0 1 1693
0 1 1695
0 1 1697
0 1 1699
0 1 1702
0 1 1703
0 1 1704
0 1 1705
0 1 1708
0 1 1709
0 1 1710
0 1 1711
0 1 1714
0 1 1715
0 1 1716
0 1 1718
0 1 1719
0 1 1722
0 1 1723
0 1 1725
0 1 1728
0 1 1730
0 1 1733
0 1 1734
0 1 1736
0 1 1737
0 1 1740
0 1 1741
0 1 1742
0 1 1743
0 1 1744
0 1 1748
0 1 1752
0 1 1753
0 1 1754
0 1 1755
0 1 1759
0 1 1761
0 1 1764
0 1 1766
0 1 1767
0 1 1768
0 1 1769
0 1 1771
0 1 1773
0 1 1775
0 1 1778
0 1 1779
0 1 1781
0 1 1784
0 1 1785
0 1 1787
0 1 1788
0 1 1789
0 1 1790
0 1 1795
0 1 1798
0 1 1800
0 1 1801
0 1 1803
0 1 1804
0 1 1806
0 1 1807
0 1 1808
0 1 1809
0 1 1813
0 1 1814
0 1 1816
0 1 1820
0 1 1822
0 1 1823
0 1 1826
0 1 1827
0 1 1828
0 1 1830
0 1 1831
0 1 1835
0 1 1836
0 1 1838
0 1 1839
0 1 1841
0 1 1844
0 1 1846
0 1 1848
0 1 1850
0 1 1851
0 1 1852
0 1 1853
0 1 1854
0 1 1862
0 1 1863
0 1 1864
0 1 1865
0 1 1866
0 1 1867
0 1 1869
0 1 1870
0 1 1876
0 1 1877
0 1 1879
0 1 1880
0 1 1882
0 1 1885
0 1 1886
0 1 1889
0 1 1890
0 1 1893
0 1 1894
0 1 1895
0 1 1896
0 1 1899
0 1 1903
0 1 1904
0 1 1905
0 1 1906
0 1 1908
0 1 1909
0 1 1913
0 1 1914
0 1 1917
0 1 1919
0 1 1921
0 1 1923
0 1 1924
0 1 1925
0 1 1926
0 1 1927
0 1 1928
0 1 1929
0 1 1930
0 1 1931
0 1 1933
0 1 1934
0 1 1937
0 1 1938
0 1 1939
0 1 1942
0 1 1943
0 1 1949
0 1 1954
0 1 1956
0 1 1958
0 1 1965
0 1 1967
0 1 1968
0 1 1969
0 1 1970
0 1 1971
0 1 1974
0 1 1975
0 1 1977
0 1 1982
0 1 1983
0 1 1984
0 1 1988
0 1 1989
0 1 1992
0 1 1993
0 1 1995
0 1 1996
0 1 1998
0 1 1999
0 1 2001
0 1 2002
0 1 2004
0 1 2005
0 1 2006
0 1 2007
0 1 2008
0 1 2010
0 1 2011
0 1 2013
0 1 2014
0 1 2015
0 1 2016
0 1 2017
0 1 2022
0 1 2023
0 1 2026
0 1 2027
0 1 2029
0 1 2031
0 1 2035
0 1 2038
0 1 2039
0 1 2043
0 1 2044
0 1 2046
0 1 2049
0 1 2051
0 1 2053
0 1 2054
0 1 2056
0 1 2057
0 1 2059
0 1 2060
0 1 2061
0 1 2064
0 1 2067
0 1 2068
0 1 2070
0 1 2071
0 1 2073
0 1 2076
0 1 2080
0 1 2083
0 1 2085
0 1 2086
0 1 2087
0 1 2088
0 1 2089
0 1 2091
0 1 2093
0 1 2094
0 1 2095
0 1 2097
0 1 2098
0 1 2100
0 1 2101
0 1 2102
0 1 2103
0 1 2105
0 1 2108
0 1 2110
0 1 2111
0 1 2112
0 1 2114
0 1 2115
0 1 2116
0 1 2118
0 1 2121
0 1 2122
0 1 2124
0 1 2128
0 1 2133
0 1 2134
0 1 2136
0 1 2144
0 1 2145
0 1 2147
0 1 2149
0 1 2151
0 1 2154
0 1 2157
0 1 2159
0 1 2161
0 1 2164
0 1 2165
0 1 2166
0 1 2168
0 1 2173
0 1 2175
0 1 2176
0 1 2177
0 1 2179
0 1 2180
0 1 2181
0 1 2182
0 1 2184
0 1 2186
0 1 2187
0 1 2189
0 1 2192
0 1 2194
0 1 2195
0 1 2196
0 1 2198
0 1 2199
0 1 2200
0 1 2205
0 1 2206
0 1 2207
0 1 2208
0 1 2209
0 1 2212
0 1 2213
0 1 2214
0 1 2217
0 1 2219
0 1 2220
0 1 2222
0 1 2223
0 1 2224
0 1 2229
0 1 2230
0 1 2232
0 1 2234
0 1 2235
0 1 2237
0 1 2244
0 1 2245
0 1 2247
0 1 2249
0 1 2252
0 1 2254
0 1 2255
0 1 2256
0 1 2257
0 1 2258
0 1 2260
0 1 2264
0 1 2265
0 1 2266
0 1 2270
0 1 2271
0 1 2272
0 1 2277
0 1 2278
0 1 2279
0 1 2280
0 1 2281
0 1 2282
0 1 2283
0 1 2284
0 1 2287
0 1 2289
0 1 2290
0 1 2292
0 1 2293
0 1 2295
0 1 2296
0 1 2297
0 1 2300
0 1 2303
0 1 2307
0 1 2309
0 1 2312
0 1 2315
0 1 2316
0 1 2321
0 1 2322
0 1 2323
0 1 2326
0 1 2327
0 1 2329
0 1 2331
0 1 2332
0 1 2333
0 1 2334
0 1 2335
0 1 2336
0 1 2337
0 1 2340
0 1 2345
0 1 2347
0 1 2350
0 1 2351
0 1 2352
0 1 2355
0 1 2356
0 1 2358
0 1 2361
0 1 2362
0 1 2363
0 1 2364
0 1 2366
0 1 2368
0 1 2371
0 1 2372
0 1 2376
0 1 2378
0 1 2379
0 1 2382
0 1 2383
0 1 2385
0 1 2386
0 1 2388
0 1 2389
0 1 2390
0 1 2394
0 1 2395
0 1 2396
0 1 2398
0 1 2399
0 1 2400
0 1 2401
0 1 2402
0 1 2405
0 1 2408
0 1 2411
0 1 2413
0 1 2414
0 1 2418
0 1 2420
0 1 2421
0 1 2424
0 1 2425
0 1 2426
0 1 2428
0 1 2430
0 1 2433
0 1 2434
0 1 2435
0 1 2436
0 1 2437
0 1 2439
0 1 2444
0 1 2445
0 1 2446
0 1 2448
0 1 2449
0 1 2450
0 1 2451
0 1 2452
0 1 2453
0 1 2462
0 1 2464
0 1 2467
0 1 2468
0 1 2469
0 1 2470
0 1 2471
0 1 2480
0 1 2481
0 1 2482
0 1 2483
0 1 2485
0 1 2486
0 1 2487
0 1 2488
0 1 2489
0 1 2492
0 1 2495
0 1 2498
0 1 2500
0 1 2501
0 1 2502
0 1 2505
0 1 2506
0 1 2508
0 1 2509
0 1 2510
0 1 2511
0 1 2512
0 1 2513
0 1 2516
0 1 2520
0 1 2521
0 1 2522
0 1 2523
0 1 2524
0 1 2525
0 1 2529
0 1 2530
0 1 2531
0 1 2533
0 1 2535
0 1 2539
0 1 2542
0 1 2543
0 1 2544
0 1 2546
0 1 2549
0 1 2551
0 1 2552
0 1 2555
0 1 2556
0 1 2558
0 1 2560
0 1 2562
0 1 2564
0 1 2568
0 1 2569
0 1 2570
0 1 2571
0 1 2576
0 1 2577
0 1 2580
0 1 2588
0 1 2592
0 1 2594
0 1 2597
0 1 2600
0 1 2602
0 1 2603
0 1 2604
0 1 2608
0 1 2609
0 1 2611
0 1 2612
0 1 2616
0 1 2619
0 1 2622
0 1 2624
0 1 2625
0 1 2627
0 1 2628
0 1 2629
0 1 2630
0 1 2633
0 1 2634
0 1 2635
0 1 2636
0 1 2638
0 1 2640
0 1 2643
0 1 2644
0 1 2645
0 1 2647
0 1 2652
0 1 2653
0 1 2654
0 1 2655
0 1 2656
0 1 2657
0 1 2659
0 1 2661
0 1 2662
0 1 2664
0 1 2665
0 1 2671
0 1 2672
0 1 2676
0 1 2677
0 1 2678
0 1 2679
0 1 2681
0 1 2682
0 1 2683
0 1 2686
0 1 2687
0 1 2688
0 1 2689
0 1 2690
0 1 2692
0 1 2693
0 1 2698
0 1 2701
0 1 2702
0 1 2704
0 1 2708
0 1 2709
0 1 2712
0 1 2716
0 1 2718
0 1 2719
0 1 2723
0 1 2725
0 1 2726
0 1 2727
0 1 2728
0 1 2729
0 1 2730
0 1 2733
0 1 2734
0 1 2736
0 1 2737
0 1 2741
0 1 2742
0 1 2743
0 1 2745
0 1 2749
0 1 2751
0 1 2752
0 1 2753
0 1 2754
0 1 2755
0 1 2757
0 1 2758
0 1 2760
0 1 2761
0 1 2762
0 1 2763
0 1 2764
0 1 2765
0 1 2766
0 1 2767
0 1 2768
0 1 2769
0 1 2771
0 1 2777
0 1 2779
0 1 2780
0 1 2782
0 1 2783
0 1 2784
0 1 2787
0 1 2792
0 1 2794
0 1 2797
0 1 2798
0 1 2802
0 1 2803
0 1 2805
0 1 2811
0 1 2813
0 1 2816
0 1 2819
0 1 2821
0 1 2822
0 1 2823
0 1 2824
0 1 2826
0 1 2831
0 1 2832
0 1 2833
0 1 2834
0 1 2836
0 1 2839
0 1 2840
0 1 2843
0 1 2846
0 1 2847
0 1 2848
0 1 2850
0 1 2851
0 1 2853
0 1 2854
0 1 2859
0 1 2862
0 1 2864
0 1 2865
0 1 2869
0 1 2870
0 1 2871
0 1 2873
0 1 2880
0 1 2881
0 1 2882
0 1 2883
0 1 2886
0 1 2887
0 1 2888
0 1 2889
0 1 2890
0 1 2891
0 1 2894
0 1 2895
0 1 2896
0 1 2901
0 1 2905
0 1 2906
0 1 2908
0 1 2911
0 1 2915
0 1 2916
0 1 2926
0 1 2927
0 1 2930
0 1 2931
0 1 2937
0 1 2938
0 1 2941
0 1 2942
0 1 2943
0 1 2944
0 1 2948
0 1 2950
0 1 2952
0 1 2953
0 1 2954
0 1 2955
0 1 2956
0 1 2962
0 1 2963
0 1 2966
0 1 2968
0 1 2969
0 1 2971
0 1 2975
0 1 2979
0 1 2982
0 1 2983
0 1 2984
0 1 2985
0 1 2988
0 1 2990
0 1 2991
0 1 2994
0 1 3001
0 1 3005
0 1 3006
0 1 3007
0 1 3008
0 1 3010
0 1 3015
0 1 3017
0 1 3020
0 1 3023
0 1 3024
0 1 3025
0 1 3026
0 1 3027
0 1 3028
0 1 3030
0 1 3031
0 1 3033
0 1 3034
0 1 3036
0 1 3041
0 1 3042
0 1 3043
0 1 3053
0 1 3056
0 1 3058
0 1 3059
0 1 3061
0 1 3063
0 1 3065
0 1 3066
0 1 3071
0 1 3073
0 1 3076
0 1 3077
0 1 3078
0 1 3081
0 1 3084
0 1 3086
0 1 3088
0 1 3091
0 1 3093
0 1 3096
0 1 3097
0 1 3100
0 1 3104
0 1 3106
0 1 3108
0 1 3109
0 1 3110
0 1 3112
0 1 3114
0 1 3116
0 1 3118
0 1 3119
0 1 3122
0 1 3123
0 1 3125
0 1 3126
0 1 3128
0 1 3130
0 1 3131
0 1 3136
0 1 3137
0 1 3138
0 1 3139
0 1 3144
0 1 3145
0 1 3146
0 1 3147
0 1 3148
0 1 3150
0 1 3151
0 1 3152
0 1 3157
0 1 3158
0 1 3161
0 1 3162
0 1 3165
0 1 3168
0 1 3172
0 1 3175
0 1 3176
0 1 3177
0 1 3178
0 1 3181
0 1 3183
0 1 3187
0 1 3188
0 1 3189
0 1 3194
0 1 3195
0 1 3196
0 1 3197
0 1 3201
0 1 3202
0 1 3203
0 1 3207
0 1 3208
0 1 3209
0 1 3210
0 1 3212
0 1 3213
0 1 3215
0 1 3216
0 1 3220
0 1 3222
0 1 3223
0 1 3224
0 1 3225
0 1 3227
0 1 3228
0 1 3231
0 1 3233
0 1 3234
0 1 3235
0 1 3236
0 1 3240
0 1 3242
0 1 3248
0 1 3252
0 1 3254
0 1 3256
0 1 3257
0 1 3258
0 1 3261
0 1 3262
0 1 3263
0 1 3265
0 1 3266
0 1 3268
0 1 3270
0 1 3271
0 1 3273
0 1 3275
0 1 3277
0 1 3278
0 1 3279
0 1 3281
0 1 3283
0 1 3285
0 1 3288
0 1 3290
0 1 3298
0 1 3299
0 1 3306
0 1 3307
0 1 3309
0 1 3313
0 1 3314
0 1 3315
0 1 3318
0 1 3319
0 1 3321
0 1 3322
0 1 3323
0 1 3325
0 1 3327
0 1 3328
0 1 3330
0 1 3331
0 1 3333
0 1 3334
0 1 3335
0 1 3336
0 1 3337
0 1 3338
0 1 3339
0 1 3341
0 1 3342
0 1 3343
0 1 3344
0 1 3346
0 1 3350
0 1 3351
0 1 3352
0 1 3353
0 1 3354
0 1 3355
0 1 3356
0 1 3357
0 1 3358
0 1 3365
0 1 3366
0 1 3367
0 1 3368
0 1 3372
0 1 3373
0 1 3374
0 1 3376
0 1 3377
0 1 3378
0 1 3379
0 1 3386
0 1 3389
0 1 3390
0 1 3391
0 1 3394
0 1 3396
0 1 3399
0 1 3400
0 1 3401
0 1 3402
0 1 3403
0 1 3404
0 1 3406
0 1 3407
0 1 3408
0 1 3409
0 1 3412
0 1 3414
0 1 3416
0 1 3417
0 1 3418
0 1 3419
0 1 3421
0 1 3422
0 1 3424
0 1 3425
0 1 3427
0 1 3430
0 1 3431
0 1 3433
0 1 3435
0 1 3436
0 1 3438
0 1 3439
0 1 3440
0 1 3441
0 1 3443
0 1 3445
0 1 3446
0 1 3447
0 1 3451
0 1 3454
0 1 3455
0 1 3456
0 1 3457
0 1 3459
0 1 3466
0 1 3467
0 1 3471
0 1 3472
0 1 3476
0 1 3480
0 1 3482
0 1 3483
0 1 3484
0 1 3485
0 1 3486
0 1 3487
0 1 3488
0 1 3490
0 1 3494
0 1 3497
0 1 3498
0 1 3501
0 1 3502
0 1 3504
0 1 3506
0 1 3507
0 1 3508
0 1 3509
0 1 3514
0 1 3515
0 1 3519
0 1 3526
0 1 3529
0 1 3536
0 1 3538
0 1 3544
0 1 3546
0 1 3547
0 1 3548
0 1 3554
0 1 3556
0 1 3559
0 1 3560
0 1 3561
0 1 3565
0 1 3566
0 1 3567
0 1 3579
0 1 3580
0 1 3585
0 1 3587
0 1 3590
0 1 3594
0 1 3595
0 1 3598
0 1 3599
0 1 3601
0 1 3603
0 1 3604
0 1 3606
0 1 3609
0 1 3610
0 1 3613
0 1 3620
0 1 3623
0 1 3624
0 1 3632
0 1 3633
0 1 3634
0 1 3636
0 1 3639
0 1 3641
0 1 3643
0 1 3644
0 1 3648
0 1 3651
0 1 3652
0 1 3653
0 1 3656
0 1 3657
0 1 3660
0 1 3661
0 1 3662
0 1 3663
0 1 3666
0 1 3667
0 1 3668
0 1 3670
0 1 3673
0 1 3676
0 1 3677
0 1 3679
0 1 3683
0 1 3686
0 1 3687
0 1 3688
0 1 3690
0 1 3693
0 1 3694
0 1 3695
0 1 3696
0 1 3698
0 1 3700
0 1 3701
0 1 3702
0 1 3704
0 1 3708
0 1 3709
0 1 3711
0 1 3712
0 1 3715
0 1 3717
0 1 3718
0 1 3723
0 1 3724
0 1 3726
0 1 3730
0 1 3734
0 1 3735
0 1 3736
0 1 3739
0 1 3742
0 1 3743
0 1 3744
0 1 3745
0 1 3746
0 1 3747
0 1 3748
0 1 3755
0 1 3757
0 1 3758
0 1 3761
0 1 3762
0 1 3763
0 1 3764
0 1 3767
0 1 3768
0 1 3770
0 1 3772
0 1 3773
0 1 3776
0 1 3777
0 1 3779
0 1 3780
0 1 3785
0 1 3788
0 1 3791
0 1 3792
0 1 3793
0 1 3795
0 1 3796
0 1 3797
0 1 3798
0 1 3799
0 1 3800
0 1 3801
0 1 3803
0 1 3805
0 1 3806
0 1 3811
0 1 3814
0 1 3818
0 1 3820
0 1 3823
0 1 3825
0 1 3827
0 1 3828
0 1 3829
0 1 3830
0 1 3832
0 1 3835
0 1 3841
0 1 3844
0 1 3846
0 1 3849
0 1 3850
0 1 3852
0 1 3855
0 1 3856
0 1 3857
0 1 3861
0 1 3862
0 1 3863
0 1 3864
0 1 3866
0 1 3868
0 1 3869
0 1 3871
0 1 3872
0 1 3873
0 1 3875
0 1 3877
0 1 3878
0 1 3879
0 1 3880
0 1 3881
0 1 3882
0 1 3883
0 1 3884
0 1 3885
0 1 3887
0 1 3888
0 1 3889
0 1 3890
0 1 3891
0 1 3892
0 1 3893
0 1 3895
0 1 3896
0 1 3898
0 1 3900
0 1 3901
0 1 3903
0 1 3905
0 1 3907
0 1 3911
0 1 3914
0 1 3917
0 1 3919
0 1 3920
0 1 3924
0 1 3925
0 1 3926
0 1 3927
0 1 3928
0 1 3933
0 1 3937
0 1 3938
0 1 3939
0 1 3942
0 1 3943
0 1 3944
0 1 3946
0 1 3949
0 1 3950
0 1 3951
0 1 3952
0 1 3955
0 1 3956
0 1 3957
0 1 3958
0 1 3959
0 1 3960
0 1 3962
0 1 3963
0 1 3968
0 1 3970
0 1 3974
0 1 3975
0 1 3976
0 1 3977
0 1 3978
0 1 3979
0 1 3981
0 1 3985
0 1 3986
0 1 3987
0 1 3991
0 1 3993
0 1 3994
0 1 3996
0 1 3998
0 1 3999
0 1 4003
0 1 4007
0 1 4013
0 1 4014
0 1 4015
0 1 4016
0 1 4020
0 1 4021
0 1 4023
0 1 4025
0 1 4028
0 1 4030
0 1 4033
0 1 4036
0 1 4038
0 1 4041
0 1 4045
0 1 4046
0 1 4047
0 1 4048
0 1 4049
0 1 4051
0 1 4052
0 1 4055
0 1 4056
0 1 4058
0 1 4059
0 1 4061
0 1 4063
0 1 4065
0 1 4068
0 1 4073
0 1 4076
0 1 4078
0 1 4079
0 1 4080
0 1 4081
0 1 4088
0 1 4090
0 1 4093
0 1 4094
0 1 4095
0 1 4096
0 1 4099
0 1 4100
0 1 4104
0 1 4105
0 1 4106
0 1 4108
0 1 4110
0 1 4111
0 1 4114
0 1 4115
0 1 4116
0 1 4121
0 1 4123
0 1 4125
0 1 4128
0 1 4129
0 1 4133
0 1 4134
0 1 4135
0 1 4136
0 1 4137
0 1 4138
0 1 4139
0 1 4141
0 1 4143
0 1 4144
0 1 4145
0 1 4156
0 1 4157
0 1 4162
0 1 4163
0 1 4166
0 1 4168
0 1 4169
0 1 4170
0 1 4171
0 1 4173
0 1 4174
0 1 4176
0 1 4178
0 1 4179
0 1 4183
0 1 4186
0 1 4191
0 1 4192
0 1 4195
0 1 4199
0 1 4200
0 1 4203
0 1 4204
0 1 4209
0 1 4211
0 1 4215
0 1 4216
0 1 4219
0 1 4220
0 1 4222
0 1 4223
0 1 4225
0 1 4226
0 1 4227
0 1 4228
0 1 4230
0 1 4232
0 1 4233
0 1 4234
0 1 4235
0 1 4237
0 1 4239
0 1 4245
0 1 4251
0 1 4252
0 1 4253
0 1 4254
0 1 4255
0 1 4259
0 1 4262
0 1 4263
0 1 4265
0 1 4268
0 1 4269
0 1 4270
0 1 4271
0 1 4281
0 1 4282
0 1 4283
0 1 4284
0 1 4287
0 1 4288
0 1 4289
0 1 4291
0 1 4292
0 1 4294
0 1 4295
0 1 4296
0 1 4301
0 1 4304
0 1 4305
0 1 4309
0 1 4311
0 1 4312
0 1 4313
0 1 4314
0 1 4316
0 1 4317
0 1 4318
0 1 4321
0 1 4323
0 1 4324
0 1 4325
0 1 4327
0 1 4329
0 1 4331
0 1 4332
0 1 4335
0 1 4336
0 1 4340
0 1 4342
0 1 4343
0 1 4344
0 1 4348
0 1 4350
0 1 4351
0 1 4353
0 1 4355
0 1 4356
0 1 4357
0 1 4361
0 1 4363
0 1 4364
0 1 4365
0 1 4366
0 1 4367
0 1 4368
0 1 4370
0 1 4374
0 1 4375
0 1 4376
0 1 4378
0 1 4380
0 1 4381
0 1 4382
0 1 4383
0 1 4384
0 1 4386
0 1 4388
0 1 4389
0 1 4391
0 1 4393
0 1 4395
0 1 4396
0 1 4398
0 1 4402
0 1 4403
0 1 4404
0 1 4405
0 1 4407
0 1 4412
0 1 4413
0 1 4417
0 1 4419
0 1 4421
0 1 4424
0 1 4425
0 1 4426
0 1 4427
0 1 4432
0 1 4433
0 1 4436
0 1 4438
0 1 4445
0 1 4448
0 1 4449
0 1 4454
0 1 4456
0 1 4457
0 1 4458
0 1 4459
0 1 4461
0 1 4462
0 1 4464
0 1 4465
0 1 4467
0 1 4468
0 1 4469
0 1 4470
0 1 4479
0 1 4483
0 1 4484
0 1 4486
0 1 4487
0 1 4491
0 1 4492
0 1 4496
0 1 4497
0 1 4498
0 1 4499
0 1 4500
0 1 4502
0 1 4505
0 1 4507
0 1 4508
0 1 4509
0 1 4510
0 1 4511
0 1 4512
0 1 4515
0 1 4521
0 1 4523
0 1 4524
0 1 4526
0 1 4527
0 1 4530
0 1 4531
0 1 4532
0 1 4533
0 1 4534
0 1 4538
0 1 4541
0 1 4542
0 1 4548
0 1 4549
0 1 4550
0 1 4552
0 1 4554
0 1 4555
0 1 4557
0 1 4558
0 1 4563
0 1 4564
0 1 4567
0 1 4568
0 1 4571
0 1 4572
0 1 4573
0 1 4577
0 1 4580
0 1 4583
0 1 4584
0 1 4585
0 1 4588
0 1 4591
0 1 4592
0 1 4595
0 1 4599
0 1 4602
0 1 4605
0 1 4607
0 1 4614
0 1 4615
0 1 4616
0 1 4617
0 1 4619
0 1 4621
0 1 4626
0 1 4627
0 1 4628
0 1 4629
0 1 4631
0 1 4635
0 1 4636
0 1 4638
0 1 4639
0 1 4644
0 1 4648
0 1 4649
0 1 4651
0 1 4656
0 1 4659
0 1 4663
0 1 4664
0 1 4665
0 1 4666
0 1 4668
0 1 4672
0 1 4679
0 1 4682
0 1 4685
0 1 4686
0 1 4687
0 1 4689
0 1 4690
0 1 4693
0 1 4695
0 1 4696
0 1 4698
0 1 4699
0 1 4700
0 1 4701
0 1 4703
0 1 4704
0 1 4706
0 1 4707
0 1 4708
0 1 4709
0 1 4710
0 1 4711
0 1 4712
0 1 4714
0 1 4715
0 1 4717
0 1 4718
0 1 4719
0 1 4720
0 1 4722
0 1 4723
0 1 4724
0 1 4725
0 1 4727
0 1 4729
0 1 4732
0 1 4734
0 1 4735
0 1 4736
0 1 4739
0 1 4746
0 1 4748
0 1 4749
0 1 4750
0 1 4751
0 1 4752
0 1 4753
0 1 4754
0 1 4755
0 1 4756
0 1 4759
0 1 4764
0 1 4765
0 1 4769
0 1 4775
0 1 4777
0 1 4779
0 1 4780
0 1 4784
0 1 4785
0 1 4789
0 1 4790
0 1 4791
0 1 4794
0 1 4795
0 1 4796
0 1 4797
0 1 4798
0 1 4800
0 1 4801
0 1 4803
0 1 4805
0 1 4806
0 1 4811
0 1 4813
0 1 4816
0 1 4817
0 1 4819
0 1 4820
0 1 4821
0 1 4822
0 1 4823
0 1 4827
0 1 4829
0 1 4830
0 1 4831
0 1 4833
0 1 4834
0 1 4837
0 1 4838
0 1 4840
0 1 4841
0 1 4842
0 1 4846
0 1 4849
0 1 4850
0 1 4854
0 1 4855
0 1 4857
0 1 4858
0 1 4860
0 1 4861
0 1 4862
0 1 4865
0 1 4866
0 1 4868
0 1 4869
0 1 4870
0 1 4871
0 1 4874
0 1 4875
0 1 4876
0 1 4877
0 1 4880
0 1 4882
0 1 4883
0 1 4884
0 1 4885
0 1 4886
0 1 4889
0 1 4890
0 1 4897
0 1 4898
0 1 4901
0 1 4902
0 1 4903
0 1 4904
0 1 4905
0 1 4906
0 1 4908
0 1 4909
0 1 4910
0 1 4911
0 1 4913
0 1 4914
0 1 4915
0 1 4917
0 1 4919
0 1 4921
0 1 4923
0 1 4927
0 1 4928
0 1 4930
0 1 4931
0 1 4932
0 1 4934
0 1 4938
0 1 4940
0 1 4941
0 1 4942
0 1 4943
0 1 4947
0 1 4948
0 1 4950
0 1 4951
0 1 4956
0 1 4960
0 1 4961
0 1 4962
0 1 4963
0 1 4964
0 1 4965
0 1 4971
0 1 4973
0 1 4975
0 1 4979
0 1 4980
0 1 4982
0 1 4984
0 1 4986
0 1 4988
0 1 4989
0 1 4990
0 1 4991
0 1 4992
0 1 4997
0 1 4998
0 1 5005
0 1 5007
0 1 5010
0 1 5011
0 1 5013
0 1 5014
0 1 5017
0 1 5019
0 1 5020
0 1 5024
0 1 5025
0 1 5026
0 1 5028
0 1 5031
0 1 5032
0 1 5033
0 1 5034
0 1 5035
0 1 5040
0 1 5041
0 1 5042
0 1 5044
0 1 5045
0 1 5046
0 1 5049
0 1 5051
0 1 5052
0 1 5053
0 1 5055
0 1 5056
0 1 5057
0 1 5058
0 1 5059
0 1 5060
0 1 5061
0 1 5063
0 1 5065
0 1 5066
0 1 5067
0 1 5070
0 1 5075
0 1 5076
0 1 5077
0 1 5078
0 1 5082
0 1 5084
0 1 5085
0 1 5086
0 1 5089
0 1 5090
0 1 5094
0 1 5095
0 1 5099
0 1 5107
0 1 5108
0 1 5110
0 1 5111
0 1 5112
0 1 5114
0 1 5115
0 1 5117
0 1 5118
0 1 5121
0 1 5123
0 1 5124
0 1 5125
0 1 5128
0 1 5129
0 1 5131
0 1 5132
0 1 5138
0 1 5146
0 1 5147
0 1 5148
0 1 5149
0 1 5151
0 1 5153
0 1 5157
0 1 5158
0 1 5159
0 1 5160
0 1 5163
0 1 5166
0 1 5167
0 1 5168
0 1 5169
0 1 5171
0 1 5172
0 1 5173
0 1 5174
0 1 5175
0 1 5177
0 1 5180
0 1 5181
0 1 5183
0 1 5185
0 1 5186
0 1 5192
0 1 5194
0 1 5196
0 1 5197
0 1 5198
0 1 5204
0 1 5205
0 1 5207
0 1 5209
0 1 5211
0 1 5212
0 1 5213
0 1 5215
0 1 5216
0 1 5217
0 1 5220
0 1 5221
0 1 5223
0 1 5224
0 1 5225
0 1 5226
0 1 5228
0 1 5230
0 1 5231
0 1 5233
0 1 5234
0 1 5236
0 1 5237
0 1 5239
0 1 5240
0 1 5242
0 1 5243
0 1 5247
0 1 5250
0 1 5251
0 1 5253
0 1 5254
0 1 5259
0 1 5261
0 1 5265
0 1 5267
0 1 5275
0 1 5276
0 1 5279
0 1 5280
0 1 5284
0 1 5287
0 1 5291
0 1 5297
0 1 5300
0 1 5302
0 1 5303
0 1 5306
0 1 5312
0 1 5315
0 1 5322
0 1 5324
0 1 5328
0 1 5330
0 1 5331
0 1 5333
0 1 5334
0 1 5335
0 1 5336
0 1 5339
0 1 5341
0 1 5343
0 1 5344
0 1 5346
0 1 5347
0 1 5349
0 1 5350
0 1 5353
0 1 5355
0 1 5356
0 1 5357
0 1 5358
0 1 5361
0 1 5363
0 1 5365
0 1 5368
0 1 5369
0 1 5376
0 1 5378
0 1 5379
0 1 5380
0 1 5384
0 1 5385
0 1 5390
0 1 5392
0 1 5393
0 1 5394
0 1 5396
0 1 5400
0 1 5402
0 1 5407
0 1 5408
0 1 5409
0 1 5410
0 1 5411
0 1 5412
0 1 5413
0 1 5414
0 1 5415
0 1 5418
0 1 5422
0 1 5424
0 1 5425
0 1 5426
0 1 5428
0 1 5430
0 1 5433
0 1 5435
0 1 5436
0 1 5437
0 1 5438
0 1 5439
0 1 5440
0 1 5441
0 1 5444
0 1 5445
0 1 5447
0 1 5450
0 1 5451
0 1 5453
0 1 5455
0 1 5457
0 1 5458
0 1 5463
0 1 5464
0 1 5467
0 1 5468
0 1 5470
0 1 5472
0 1 5473
0 1 5476
0 1 5477
0 1 5479
0 1 5480
0 1 5481
0 1 5482
0 1 5483
0 1 5485
0 1 5488
0 1 5489
0 1 5490
0 1 5497
0 1 5498
0 1 5501
0 1 5502
0 1 5503
0 1 5504
0 1 5506
0 1 5508
0 1 5509
0 1 5510
0 1 5512
0 1 5515
0 1 5517
0 1 5518
0 1 5519
0 1 5521
0 1 5523
0 1 5524
0 1 5528
0 1 5529
0 1 5530
0 1 5531
0 1 5533
0 1 5534
0 1 5535
0 1 5541
0 1 5543
0 1 5546
0 1 5549
0 1 5554
0 1 5556
0 1 5557
0 1 5559
0 1 5560
0 1 5561
0 1 5562
0 1 5563
0 1 5564
0 1 5565
0 1 5567
0 1 5568
0 1 5569
0 1 5573
0 1 5574
0 1 5582
0 1 5584
0 1 5588
0 1 5589
0 1 5591
0 1 5592
0 1 5593
0 1 5596
0 1 5598
0 1 5599
0 1 5601
0 1 5602
0 1 5604
0 1 5606
0 1 5608
0 1 5609
0 1 5611
0 1 5612
0 1 5614
0 1 5615
0 1 5617
0 1 5623
0 1 5625
0 1 5627
0 1 5629
0 1 5630
0 1 5634
0 1 5636
0 1 5638
0 1 5643
0 1 5646
0 1 5647
0 1 5651
0 1 5652
0 1 5654
0 1 5656
0 1 5657
0 1 5661
0 1 5663
0 1 5668
0 1 5670
0 1 5672
0 1 5674
0 1 5679
0 1 5680
0 1 5683
0 1 5685
0 1 5686
0 1 5687
0 1 5688
0 1 5690
0 1 5692
0 1 5694
0 1 5695
0 1 5696
0 1 5699
0 1 5702
0 1 5703
0 1 5704
0 1 5707
0 1 5708
0 1 5709
0 1 5710
0 1 5711
0 1 5712
0 1 5713
0 1 5714
0 1 5715
0 1 5716
0 1 5718
0 1 5719
0 1 5722
0 1 5723
0 1 5725
0 1 5727
0 1 5728
0 1 5730
0 1 5732
0 1 5734
0 1 5736
0 1 5737
0 1 5739
0 1 5742
0 1 5743
0 1 5744
0 1 5748
0 1 5749
0 1 5750
0 1 5753
0 1 5754
0 1 5756
0 1 5757
0 1 5761
0 1 5764
0 1 5767
0 1 5772
0 1 5773
0 1 5775
0 1 5776
0 1 5777
0 1 5778
0 1 5779
0 1 5786
0 1 5787
0 1 5788
0 1 5790
0 1 5792
0 1 5794
0 1 5797
0 1 5798
0 1 5803
0 1 5804
0 1 5806
0 1 5809
0 1 5810
0 1 5812
0 1 5813
0 1 5815
0 1 5817
0 1 5819
0 1 5820
0 1 5821
0 1 5825
0 1 5827
0 1 5828
0 1 5829
0 1 5831
0 1 5832
0 1 5833
0 1 5834
0 1 5836
0 1 5837
0 1 5839
0 1 5841
0 1 5843
0 1 5845
0 1 5846
0 1 5847
0 1 5849
0 1 5850
0 1 5852
0 1 5859
0 1 5861
0 1 5865
0 1 5866
0 1 5869
0 1 5872
0 1 5873
0 1 5874
0 1 5878
0 1 5879
0 1 5880
0 1 5888
0 1 5889
0 1 5891
0 1 5893
0 1 5894
0 1 5895
0 1 5897
0 1 5898
0 1 5902
0 1 5906
0 1 5907
0 1 5913
0 1 5914
0 1 5916
0 1 5919
0 1 5921
0 1 5923
0 1 5924
0 1 5926
0 1 5927
0 1 5930
0 1 5932
0 1 5936
0 1 5937
0 1 5938
0 1 5939
0 1 5941
0 1 5946
0 1 5947
0 1 5954
0 1 5955
0 1 5956
0 1 5958
0 1 5959
0 1 5960
0 1 5962
0 1 5964
0 1 5966
0 1 5967
0 1 5969
0 1 5971
0 1 5977
0 1 5978
0 1 5979
0 1 5980
0 1 5984
0 1 5985
0 1 5986
0 1 5987
0 1 5988
0 1 5993
0 1 5994
0 1 5995
0 1 5996
0 1 5999
0 1 6000
0 1 6001
0 1 6002
0 1 6004
0 1 6005
0 1 6009
0 1 6011
0 1 6012
0 1 6014
0 1 6019
0 1 6020
0 1 6026
0 1 6030
0 1 6032
0 1 6034
0 1 6038
0 1 6039
0 1 6040
0 1 6041
0 1 6043
0 1 6046
0 1 6049
0 1 6053
0 1 6057
0 1 6058
0 1 6060
0 1 6062
0 1 6064
0 1 6065
0 1 6066
0 1 6067
0 1 6070
0 1 6071
0 1 6075
0 1 6076
0 1 6077
0 1 6082
0 1 6083
0 1 6084
0 1 6087
0 1 6088
0 1 6089
0 1 6090
0 1 6091
0 1 6095
0 1 6096
0 1 6097
0 1 6098
0 1 6100
0 1 6103
0 1 6106
0 1 6107
0 1 6108
0 1 6110
0 1 6111
0 1 6112
0 1 6114
0 1 6115
0 1 6116
0 1 6118
0 1 6119
0 1 6120
0 1 6123
0 1 6127
0 1 6128
0 1 6130
0 1 6131
0 1 6132
0 1 6133
0 1 6135
0 1 6140
0 1 6142
0 1 6144
0 1 6147
0 1 6149
0 1 6150
0 1 6152
0 1 6153
0 1 6155
0 1 6156
0 1 6159
0 1 6160
0 1 6163
0 1 6164
0 1 6165
0 1 6168
0 1 6169
0 1 6173
0 1 6174
0 1 6175
0 1 6176
0 1 6179
0 1 6181
0 1 6184
0 1 6187
0 1 6189
0 1 6191
0 1 6192
0 1 6197
0 1 6200
0 1 6201
0 1 6202
0 1 6203
0 1 6205
0 1 6206
0 1 6207
0 1 6209
0 1 6211
0 1 6213
0 1 6215
0 1 6223
0 1 6224
0 1 6225
0 1 6227
0 1 6228
0 1 6229
0 1 6230
0 1 6234
0 1 6236
0 1 6238
0 1 6239
0 1 6241
0 1 6245
0 1 6246
0 1 6248
0 1 6250
0 1 6252
0 1 6253
0 1 6255
0 1 6257
0 1 6258
0 1 6259
0 1 6261
0 1 6263
0 1 6267
0 1 6268
0 1 6271
0 1 6272
0 1 6274
0 1 6275
0 1 6277
0 1 6280
0 1 6282
0 1 6283
0 1 6285
0 1 6286
0 1 6290
0 1 6291
0 1 6293
0 1 6294
0 1 6296
0 1 6299
0 1 6300
0 1 6303
0 1 6305
0 1 6308
0 1 6310
0 1 6311
0 1 6312
0 1 6316
0 1 6318
0 1 6319
0 1 6320
0 1 6322
0 1 6324
0 1 6325
0 1 6328
0 1 6331
0 1 6332
0 1 6334
0 1 6336
0 1 6338
0 1 6340
0 1 6341
0 1 6342
0 1 6343
0 1 6345
0 1 6346
0 1 6347
0 1 6350
0 1 6351
0 1 6354
0 1 6355
0 1 6356
0 1 6357
0 1 6358
0 1 6361
0 1 6363
0 1 6365
0 1 6366
0 1 6373
0 1 6374
0 1 6376
0 1 6378
0 1 6380
0 1 6387
0 1 6391
0 1 6392
0 1 6394
0 1 6395
0 1 6398
0 1 6399
0 1 6401
0 1 6402
0 1 6404
0 1 6405
0 1 6406
0 1 6407
0 1 6408
0 1 6411
0 1 6412
0 1 6415
0 1 6416
0 1 6417
0 1 6418
0 1 6425
0 1 6426
0 1 6428
0 1 6432
0 1 6433
0 1 6434
0 1 6435
0 1 6437
0 1 6441
0 1 6444
0 1 6446
0 1 6447
0 1 6449
0 1 6455
0 1 6456
0 1 6457
0 1 6459
0 1 6460
0 1 6461
0 1 6462
0 1 6464
0 1 6466
0 1 6470
0 1 6475
0 1 6479
0 1 6480
0 1 6483
0 1 6484
0 1 6485
0 1 6487
0 1 6491
0 1 6493
0 1 6495
0 1 6497
0 1 6498
0 1 6499
0 1 6500
0 1 6501
0 1 6505
0 1 6506
0 1 6512
0 1 6513
0 1 6515
0 1 6519
0 1 6522
0 1 6523
0 1 6525
0 1 6526
0 1 6529
0 1 6531
0 1 6536
0 1 6537
0 1 6538
0 1 6539
0 1 6540
0 1 6541
0 1 6543
0 1 6544
0 1 6545
0 1 6548
0 1 6551
0 1 6552
0 1 6556
0 1 6557
0 1 6559
0 1 6565
0 1 6572
0 1 6574
0 1 6576
0 1 6581
0 1 6582
0 1 6584
0 1 6585
0 1 6587
0 1 6588
0 1 6589
0 1 6590
0 1 6593
0 1 6594
0 1 6596
0 1 6597
0 1 6598
0 1 6601
0 1 6602
0 1 6603
0 1 6607
0 1 6609
0 1 6614
0 1 6615
0 1 6616
0 1 6617
0 1 6620
0 1 6621
0 1 6622
0 1 6625
0 1 6627
0 1 6628
0 1 6629
0 1 6630
0 1 6631
0 1 6633
0 1 6634
0 1 6635
0 1 6636
0 1 6637
0 1 6641
0 1 6642
0 1 6643
0 1 6644
0 1 6646
0 1 6648
0 1 6649
0 1 6652
0 1 6654
0 1 6657
0 1 6660
0 1 6661
0 1 6662
0 1 6667
0 1 6670
0 1 6672
0 1 6673
0 1 6677
0 1 6678
0 1 6679
0 1 6681
0 1 6682
0 1 6683
0 1 6684
0 1 6686
0 1 6688
0 1 6690
0 1 6691
0 1 6692
0 1 6693
0 1 6696
0 1 6706
0 1 6707
0 1 6709
0 1 6712
0 1 6715
0 1 6718
0 1 6720
0 1 6721
0 1 6722
0 1 6725
0 1 6727
0 1 6729
0 1 6733
0 1 6735
0 1 6739
0 1 6741
0 1 6742
0 1 6744
0 1 6746
0 1 6747
0 1 6750
0 1 6753
0 1 6755
0 1 6756
0 1 6757
0 1 6758
0 1 6761
0 1 6762
0 1 6763
0 1 6764
0 1 6765
0 1 6769
0 1 6770
0 1 6777
0 1 6778
0 1 6779
0 1 6780
0 1 6782
0 1 6785
0 1 6790
0 1 6791
0 1 6794
0 1 6795
0 1 6805
0 1 6806
0 1 6807
0 1 6808
0 1 6816
0 1 6817
0 1 6818
0 1 6820
0 1 6821
0 1 6822
0 1 6823
0 1 6824
0 1 6825
0 1 6826
0 1 6827
0 1 6831
0 1 6832
0 1 6834
0 1 6835
0 1 6837
0 1 6838
0 1 6841
0 1 6842
0 1 6843
0 1 6846
0 1 6848
0 1 6850
0 1 6851
0 1 6852
0 1 6853
0 1 6855
0 1 6857
0 1 6859
0 1 6862
0 1 6863
0 1 6864
0 1 6868
0 1 6869
0 1 6870
0 1 6871
0 1 6872
0 1 6873
0 1 6874
0 1 6876
0 1 6877
0 1 6881
0 1 6883
0 1 6886
0 1 6887
0 1 6888
0 1 6889
0 1 6891
0 1 6892
0 1 6894
0 1 6899
0 1 6902
0 1 6903
0 1 6904
0 1 6905
0 1 6906
0 1 6907
0 1 6908
0 1 6909
0 1 6911
0 1 6912
0 1 6915
0 1 6918
0 1 6921
0 1 6922
0 1 6923
0 1 6924
0 1 6925
0 1 6928
0 1 6929
0 1 6933
0 1 6934
0 1 6935
0 1 6937
0 1 6940
0 1 6941
0 1 6944
0 1 6945
0 1 6950
0 1 6951
0 1 6952
0 1 6953
0 1 6954
0 1 6956
0 1 6960
0 1 6964
0 1 6970
0 1 6972
0 1 6973
0 1 6974
0 1 6975
0 1 6976
0 1 6983
0 1 6986
0 1 6987
0 1 6990
0 1 6995
0 1 6997
0 1 7002
0 1 7005
0 1 7006
0 1 7007
0 1 7008
0 1 7009
0 1 7016
0 1 7017
0 1 7022
0 1 7026
0 1 7028
0 1 7029
0 1 7030
0 1 7031
0 1 7032
0 1 7036
0 1 7038
0 1 7041
0 1 7042
0 1 7043
0 1 7044
0 1 7045
0 1 7048
0 1 7051
0 1 7054
0 1 7055
0 1 7056
0 1 7059
0 1 7060
0 1 7062
0 1 7064
0 1 7068
0 1 7070
0 1 7072
0 1 7073
0 1 7076
0 1 7077
0 1 7078
0 1 7080
0 1 7081
0 1 7082
0 1 7083
0 1 7090
0 1 7091
0 1 7092
0 1 7094
0 1 7096
0 1 7098
0 1 7099
0 1 7100
0 1 7102
0 1 7103
0 1 7105
0 1 7106
0 1 7107
0 1 7108
0 1 7109
0 1 7112
0 1 7114
0 1 7115
0 1 7117
0 1 7118
0 1 7119
0 1 7120
0 1 7121
0 1 7123
0 1 7127
0 1 7129
0 1 7131
0 1 7132
0 1 7134
0 1 7136
0 1 7139
0 1 7140
0 1 7141
0 1 7144
0 1 7145
0 1 7146
0 1 7147
0 1 7150
0 1 7151
0 1 7152
0 1 7156
0 1 7158
0 1 7161
0 1 7164
0 1 7167
0 1 7170
0 1 7171
0 1 7172
0 1 7175
0 1 7176
0 1 7181
0 1 7182
0 1 7187
0 1 7188
0 1 7189
0 1 7190
0 1 7191
0 1 7192
0 1 7193
0 1 7195
0 1 7196
0 1 7197
0 1 7198
0 1 7200
0 1 7201
0 1 7202
0 1 7204
0 1 7205
0 1 7209
0 1 7210
0 1 7211
0 1 7212
0 1 7213
0 1 7214
0 1 7216
0 1 7217
0 1 7222
0 1 7224
0 1 7226
0 1 7227
0 1 7231
0 1 7232
0 1 7234
0 1 7236
0 1 7239
0 1 7240
0 1 7243
0 1 7247
0 1 7252
0 1 7253
0 1 7254
0 1 7255
0 1 7256
0 1 7263
0 1 7264
0 1 7265
0 1 7268
0 1 7270
0 1 7271
0 1 7273
0 1 7274
0 1 7276
0 1 7277
0 1 7278
0 1 7279
0 1 7283
0 1 7284
0 1 7285
0 1 7286
0 1 7288
0 1 7290
0 1 7292
0 1 7296
0 1 7297
0 1 7304
0 1 7306
0 1 7307
0 1 7308
0 1 7311
0 1 7312
0 1 7314
0 1 7316
0 1 7317
0 1 7320
0 1 7321
0 1 7322
0 1 7324
0 1 7326
0 1 7328
0 1 7329
0 1 7330
0 1 7333
0 1 7335
0 1 7336
0 1 7338
0 1 7339
0 1 7345
0 1 7346
0 1 7347
0 1 7348
0 1 7349
0 1 7350
0 1 7356
0 1 7357
0 1 7359
0 1 7361
0 1 7362
0 1 7365
0 1 7366
0 1 7369
0 1 7370
0 1 7372
0 1 7374
0 1 7377
0 1 7379
0 1 7380
0 1 7381
0 1 7382
0 1 7383
0 1 7386
0 1 7387
0 1 7388
0 1 7392
0 1 7393
0 1 7395
0 1 7396
0 1 7398
0 1 7399
0 1 7400
0 1 7401
0 1 7403
0 1 7405
0 1 7406
0 1 7408
0 1 7409
0 1 7411
0 1 7412
0 1 7413
0 1 7414
0 1 7415
0 1 7419
0 1 7422
0 1 7423
0 1 7424
0 1 7426
0 1 7429
0 1 7430
0 1 7431
0 1 7434
0 1 7436
0 1 7437
0 1 7444
0 1 7445
0 1 7446
0 1 7447
0 1 7448
0 1 7449
0 1 7450
0 1 7451
0 1 7452
0 1 7454
0 1 7460
0 1 7462
0 1 7465
0 1 7474
0 1 7476
0 1 7477
0 1 7481
0 1 7483
0 1 7485
0 1 7486
0 1 7487
0 1 7488
0 1 7489
0 1 7491
0 1 7492
0 1 7493
0 1 7495
0 1 7496
0 1 7497
0 1 7498
0 1 7503
0 1 7505
0 1 7506
0 1 7507
0 1 7510
0 1 7511
0 1 7512
0 1 7515
0 1 7516
0 1 7518
0 1 7520
0 1 7524
0 1 7525
0 1 7530
0 1 7531
0 1 7537
0 1 7539
0 1 7540
0 1 7541
0 1 7542
0 1 7543
0 1 7544
0 1 7546
0 1 7547
0 1 7549
0 1 7553
0 1 7560
0 1 7562
0 1 7564
0 1 7565
0 1 7567
0 1 7569
0 1 7570
0 1 7572
0 1 7573
0 1 7574
0 1 7575
0 1 7576
0 1 7578
0 1 7580
0 1 7583
0 1 7584
0 1 7586
0 1 7587
0 1 7588
0 1 7590
0 1 7591
0 1 7597
0 1 7602
0 1 7604
0 1 7606
0 1 7607
0 1 7609
0 1 7610
0 1 7615
0 1 7616
0 1 7617
0 1 7618
0 1 7620
0 1 7622
0 1 7623
0 1 7625
0 1 7626
0 1 7627
0 1 7628
0 1 7629
0 1 7631
0 1 7633
0 1 7634
0 1 7635
0 1 7636
0 1 7637
0 1 7639
0 1 7640
0 1 7641
0 1 7646
0 1 7648
0 1 7649
0 1 7650
0 1 7654
0 1 7655
0 1 7657
0 1 7658
0 1 7660
0 1 7661
0 1 7662
0 1 7663
0 1 7664
0 1 7668
0 1 7669
0 1 7670
0 1 7671
0 1 7672
0 1 7673
0 1 7674
0 1 7678
0 1 7680
0 1 7683
0 1 7684
0 1 7689
0 1 7690
0 1 7691
0 1 7692
0 1 7693
0 1 7694
0 1 7695
0 1 7696
0 1 7697
0 1 7699
0 1 7701
0 1 7703
0 1 7704
0 1 7705
0 1 7706
0 1 7710
0 1 7715
0 1 7718
0 1 7722
0 1 7724
0 1 7725
0 1 7727
0 1 7731
0 1 7733
0 1 7734
0 1 7735
0 1 7736
0 1 7737
0 1 7742
0 1 7743
0 1 7745
0 1 7746
0 1 7747
0 1 7749
0 1 7751
0 1 7752
0 1 7753
0 1 7755
0 1 7760
0 1 7762
0 1 7763
0 1 7766
0 1 7768
0 1 7772
0 1 7775
0 1 7776
0 1 7777
0 1 7778
0 1 7779
0 1 7780
0 1 7781
0 1 7786
0 1 7787
0 1 7788
0 1 7789
0 1 7790
0 1 7795
0 1 7796
0 1 7797
0 1 7799
0 1 7800
0 1 7801
0 1 7803
0 1 7804
0 1 7805
0 1 7807
0 1 7808
0 1 7809
0 1 7810
0 1 7811
0 1 7817
0 1 7818
0 1 7820
0 1 7822
0 1 7823
0 1 7824
0 1 7827
0 1 7828
0 1 7829
0 1 7832
0 1 7833
0 1 7837
0 1 7838
0 1 7839
0 1 7841
0 1 7846
0 1 7847
0 1 7848
0 1 7851
0 1 7852
0 1 7854
0 1 7856
0 1 7859
0 1 7860
0 1 7861
0 1 7863
0 1 7866
0 1 7867
0 1 7868
0 1 7869
0 1 7871
0 1 7876
0 1 7877
0 1 7878
0 1 7879
0 1 7880
0 1 7881
0 1 7884
0 1 7885
0 1 7886
0 1 7887
0 1 7888
0 1 7891
0 1 7892
0 1 7893
0 1 7894
0 1 7895
0 1 7896
0 1 7897
0 1 7902
0 1 7903
0 1 7905
0 1 7906
0 1 7907
0 1 7911
0 1 7912
0 1 7913
0 1 7915
0 1 7917
0 1 7918
0 1 7919
0 1 7922
0 1 7923
0 1 7926
0 1 7927
0 1 7928
0 1 7930
0 1 7931
0 1 7932
0 1 7933
0 1 7935
0 1 7938
0 1 7939
0 1 7940
0 1 7941
0 1 7944
0 1 7946
0 1 7947
0 1 7949
0 1 7952
0 1 7953
0 1 7954
0 1 7955
0 1 7956
0 1 7957
0 1 7958
0 1 7962
0 1 7965
0 1 7970
0 1 7971
0 1 7972
0 1 7973
0 1 7974
0 1 7976
0 1 7977
0 1 7978
0 1 7979
0 1 7980
0 1 7982
0 1 7985
0 1 7991
0 1 7992
0 1 7993
0 1 7994
0 1 7998
0 1 7999
0 1 8000
0 1 8002
0 1 8003
0 1 8005
0 1 8006
0 1 8007
0 1 8008
0 1 8010
0 1 8012
0 1 8016
0 1 8017
0 1 8024
0 1 8026
0 1 8027
0 1 8028
0 1 8029
0 1 8031
0 1 8032
0 1 8034
0 1 8038
0 1 8041
0 1 8045
0 1 8046
0 1 8050
0 1 8051
0 1 8053
0 1 8057
0 1 8062
0 1 8064
0 1 8068
0 1 8071
0 1 8075
0 1 8077
0 1 8081
0 1 8085
0 1 8086
0 1 8088
0 1 8092
0 1 8094
0 1 8095
0 1 8097
0 1 8101
0 1 8104
0 1 8105
0 1 8106
0 1 8107
0 1 8109
0 1 8110
0 1 8112
0 1 8113
0 1 8118
0 1 8119
0 1 8124
0 1 8127
0 1 8129
0 1 8137
0 1 8141
0 1 8143
0 1 8144
0 1 8146
0 1 8147
0 1 8149
0 1 8151
0 1 8153
0 1 8154
0 1 8156
0 1 8157
0 1 8158
0 1 8159
0 1 8160
0 1 8161
0 1 8162
0 1 8163
0 1 8164
0 1 8165
0 1 8166
0 1 8169
0 1 8172
0 1 8173
0 1 8175
0 1 8180
0 1 8183
0 1 8184
0 1 8185
0 1 8189
0 1 8191
0 1 8192
0 1 8193
0 1 8196
0 1 8198
0 1 8199
0 1 8200
0 1 8201
0 1 8204
0 1 8209
0 1 8211
0 1 8212
0 1 8213
0 1 8214
0 1 8222
0 1 8226
0 1 8227
0 1 8229
0 1 8232
0 1 8234
0 1 8239
0 1 8240
0 1 8243
0 1 8246
0 1 8250
0 1 8251
0 1 8252
0 1 8254
0 1 8256
0 1 8258
0 1 8263
0 1 8266
0 1 8268
0 1 8270
0 1 8271
0 1 8272
0 1 8273
0 1 8274
0 1 8276
0 1 8277
0 1 8278
0 1 8279
0 1 8280
0 1 8281
0 1 8282
0 1 8283
0 1 8285
0 1 8290
0 1 8291
0 1 8292
0 1 8294
0 1 8296
0 1 8299
0 1 8300
0 1 8301
0 1 8303
0 1 8305
0 1 8307
0 1 8313
0 1 8316
0 1 8318
0 1 8320
0 1 8321
0 1 8322
0 1 8325
0 1 8328
0 1 8329
0 1 8331
0 1 8333
0 1 8335
0 1 8338
0 1 8348
0 1 8352
0 1 8355
0 1 8356
0 1 8357
0 1 8361
0 1 8368
0 1 8370
0 1 8378
0 1 8379
0 1 8383
0 1 8387
0 1 8388
0 1 8389
0 1 8390
0 1 8393
0 1 8395
0 1 8396
0 1 8400
0 1 8402
0 1 8406
0 1 8408
0 1 8409
0 1 8411
0 1 8414
0 1 8415
0 1 8420
0 1 8422
0 1 8424
0 1 8425
0 1 8426
0 1 8427
0 1 8428
0 1 8431
0 1 8433
0 1 8434
0 1 8438
0 1 8440
0 1 8441
0 1 8442
0 1 8444
0 1 8446
0 1 8447
0 1 8449
0 1 8451
0 1 8454
0 1 8455
0 1 8456
0 1 8459
0 1 8461
0 1 8462
0 1 8465
0 1 8466
0 1 8467
0 1 8469
0 1 8470
0 1 8473
0 1 8476
0 1 8479
0 1 8481
0 1 8484
0 1 8485
0 1 8486
0 1 8488
0 1 8491
0 1 8492
0 1 8493
0 1 8494
0 1 8496
0 1 8497
0 1 8498
0 1 8500
0 1 8502
0 1 8503
0 1 8504
0 1 8507
0 1 8508
0 1 8509
0 1 8511
0 1 8513
0 1 8515
0 1 8520
0 1 8521
0 1 8522
0 1 8523
0 1 8524
0 1 8525
0 1 8526
0 1 8527
0 1 8529
0 1 8531
0 1 8532
0 1 8535
0 1 8537
0 1 8539
0 1 8540
0 1 8541
0 1 8542
0 1 8543
0 1 8546
0 1 8548
0 1 8550
0 1 8553
0 1 8556
0 1 8560
0 1 8561
0 1 8562
0 1 8564
0 1 8566
0 1 8568
0 1 8570
0 1 8572
0 1 8573
0 1 8575
0 1 8576
0 1 8577
0 1 8578
0 1 8580
0 1 8581
0 1 8583
0 1 8584
0 1 8585
0 1 8586
0 1 8588
0 1 8589
0 1 8590
0 1 8592
0 1 8593
0 1 8594
0 1 8596
0 1 8597
0 1 8598
0 1 8600
0 1 8602
0 1 8605
0 1 8607
0 1 8609
0 1 8610
0 1 8613
0 1 8615
0 1 8617
0 1 8625
0 1 8627
0 1 8629
0 1 8632
0 1 8633
0 1 8637
0 1 8638
0 1 8642
0 1 8643
0 1 8644
0 1 8645
0 1 8647
0 1 8648
0 1 8649
0 1 8652
0 1 8657
0 1 8658
0 1 8659
0 1 8664
0 1 8665
0 1 8666
0 1 8667
0 1 8669
0 1 8670
0 1 8671
0 1 8674
0 1 8677
0 1 8678
0 1 8679
0 1 8683
0 1 8684
0 1 8686
0 1 8687
0 1 8688
0 1 8689
0 1 8690
0 1 8691
0 1 8693
0 1 8694
0 1 8695
0 1 8698
0 1 8700
0 1 8705
0 1 8707
0 1 8708
0 1 8709
0 1 8711
0 1 8714
0 1 8715
0 1 8716
0 1 8717
0 1 8719
0 1 8720
0 1 8722
0 1 8723
0 1 8725
0 1 8726
0 1 8727
0 1 8728
0 1 8732
0 1 8733
0 1 8735
0 1 8736
0 1 8737
0 1 8739
0 1 8742
0 1 8743
0 1 8748
0 1 8749
0 1 8753
0 1 8755
0 1 8756
0 1 8757
0 1 8759
0 1 8763
0 1 8765
0 1 8767
0 1 8768
0 1 8769
0 1 8770
0 1 8771
0 1 8781
0 1 8782
0 1 8785
0 1 8786
0 1 8789
0 1 8790
0 1 8792
0 1 8794
0 1 8795
0 1 8798
0 1 8800
0 1 8801
0 1 8802
0 1 8804
0 1 8805
0 1 8806
0 1 8809
0 1 8810
0 1 8817
0 1 8818
0 1 8820
0 1 8822
0 1 8823
0 1 8825
0 1 8826
0 1 8827
0 1 8828
0 1 8829
0 1 8831
0 1 8836
0 1 8841
0 1 8845
0 1 8847
0 1 8850
0 1 8851
0 1 8854
0 1 8857
0 1 8860
0 1 8861
0 1 8863
0 1 8865
0 1 8867
0 1 8869
0 1 8870
0 1 8872
0 1 8873
0 1 8874
0 1 8876
0 1 8877
0 1 8880
0 1 8885
0 1 8886
0 1 8887
0 1 8890
0 1 8892
0 1 8895
0 1 8899
0 1 8901
0 1 8902
0 1 8904
0 1 8907
0 1 8908
0 1 8911
0 1 8912
0 1 8913
0 1 8914
0 1 8916
0 1 8918
0 1 8924
0 1 8927
0 1 8929
0 1 8930
0 1 8931
0 1 8933
0 1 8934
0 1 8937
0 1 8940
0 1 8941
0 1 8942
0 1 8943
0 1 8946
0 1 8947
0 1 8948
0 1 8949
0 1 8950
0 1 8954
0 1 8957
0 1 8960
0 1 8961
0 1 8963
0 1 8964
0 1 8965
0 1 8967
0 1 8969
0 1 8971
0 1 8978
0 1 8988
0 1 8989
0 1 8991
0 1 8992
0 1 8995
0 1 8997
0 1 8998
0 1 9001
0 1 9002
0 1 9005
0 1 9006
0 1 9008
0 1 9011
0 1 9013
0 1 9016
0 1 9018
0 1 9019
0 1 9024
0 1 9025
0 1 9026
0 1 9029
0 1 9030
0 1 9031
0 1 9033
0 1 9034
0 1 9037
0 1 9039
0 1 9040
0 1 9041
0 1 9042
0 1 9044
0 1 9045
0 1 9047
0 1 9048
0 1 9049
0 1 9053
0 1 9056
0 1 9057
0 1 9060
0 1 9064
0 1 9066
0 1 9067
0 1 9069
0 1 9070
0 1 9071
0 1 9073
0 1 9074
0 1 9075
0 1 9078
0 1 9079
0 1 9083
0 1 9084
0 1 9086
0 1 9087
0 1 9089
0 1 9090
0 1 9091
0 1 9094
0 1 9095
0 1 9096
0 1 9097
0 1 9099
0 1 9102
0 1 9105
0 1 9108
0 1 9109
0 1 9113
0 1 9115
0 1 9116
0 1 9118
0 1 9122
0 1 9130
0 1 9132
0 1 9133
0 1 9134
0 1 9135
0 1 9136
0 1 9137
0 1 9140
0 1 9142
0 1 9143
0 1 9144
0 1 9146
0 1 9147
0 1 9148
0 1 9151
0 1 9152
0 1 9156
0 1 9158
0 1 9159
0 1 9160
0 1 9162
0 1 9163
0 1 9165
0 1 9166
0 1 9168
0 1 9169
0 1 9170
0 1 9171
0 1 9174
0 1 9176
0 1 9177
0 1 9178
0 1 9180
0 1 9181
0 1 9182
0 1 9188
0 1 9189
0 1 9191
0 1 9192
0 1 9194
0 1 9197
0 1 9198
0 1 9199
0 1 9200
0 1 9201
0 1 9202
0 1 9205
0 1 9208
0 1 9210
0 1 9212
0 1 9215
0 1 9218
0 1 9224
0 1 9229
0 1 9231
0 1 9232
0 1 9233
0 1 9235
0 1 9237
0 1 9238
0 1 9239
0 1 9241
0 1 9243
0 1 9245
0 1 9246
0 1 9247
0 1 9248
0 1 9250
0 1 9253
0 1 9255
0 1 9256
0 1 9257
0 1 9259
0 1 9262
0 1 9265
0 1 9266
0 1 9267
0 1 9268
0 1 9269
0 1 9272
0 1 9273
0 1 9274
0 1 9275
0 1 9279
0 1 9280
0 1 9283
0 1 9285
0 1 9289
0 1 9292
0 1 9293
0 1 9296
0 1 9298
0 1 9299
0 1 9300
0 1 9302
0 1 9304
0 1 9305
0 1 9306
0 1 9307
0 1 9308
0 1 9312
0 1 9313
0 1 9314
0 1 9315
0 1 9317
0 1 9318
0 1 9319
0 1 9320
0 1 9322
0 1 9323
0 1 9324
0 1 9326
0 1 9328
0 1 9329
0 1 9330
0 1 9332
0 1 9336
0 1 9342
0 1 9343
0 1 9346
0 1 9347
0 1 9348
0 1 9349
0 1 9350
0 1 9351
0 1 9354
0 1 9359
0 1 9360
0 1 9361
0 1 9362
0 1 9363
0 1 9369
0 1 9371
0 1 9375
0 1 9378
0 1 9381
0 1 9382
0 1 9384
0 1 9385
0 1 9386
0 1 9388
0 1 9392
0 1 9393
0 1 9395
0 1 9396
0 1 9399
0 1 9403
0 1 9404
0 1 9406
0 1 9407
0 1 9411
0 1 9412
0 1 9415
0 1 9416
0 1 9419
0 1 9420
0 1 9422
0 1 9423
0 1 9425
0 1 9426
0 1 9427
0 1 9430
0 1 9431
0 1 9437
0 1 9438
0 1 9443
0 1 9445
0 1 9446
0 1 9447
0 1 9451
0 1 9453
0 1 9454
0 1 9455
0 1 9457
0 1 9459
0 1 9460
0 1 9461
0 1 9462
0 1 9463
0 1 9466
0 1 9467
0 1 9468
0 1 9469
0 1 9470
0 1 9471
0 1 9472
0 1 9473
0 1 9474
0 1 9477
0 1 9479
0 1 9480
0 1 9482
0 1 9484
0 1 9487
0 1 9489
0 1 9490
0 1 9491
0 1 9493
0 1 9495
0 1 9496
0 1 9498
0 1 9499
0 1 9500
0 1 9501
0 1 9504
0 1 9505
0 1 9506
0 1 9508
0 1 9512
0 1 9513
0 1 9515
0 1 9519
0 1 9522
0 1 9523
0 1 9525
0 1 9526
0 1 9530
0 1 9533
0 1 9535
0 1 9538
0 1 9539
0 1 9545
0 1 9547
0 1 9553
0 1 9556
0 1 9557
0 1 9561
0 1 9564
0 1 9566
0 1 9567
0 1 9569
0 1 9575
0 1 9577
0 1 9580
0 1 9581
0 1 9584
0 1 9585
0 1 9588
0 1 9592
0 1 9594
0 1 9595
0 1 9596
0 1 9597
0 1 9598
0 1 9599
0 1 9601
0 1 9602
0 1 9603
0 1 9604
0 1 9607
0 1 9609
0 1 9610
0 1 9613
0 1 9614
0 1 9617
0 1 9619
0 1 9623
0 1 9628
0 1 9630
0 1 9631
0 1 9632
0 1 9634
0 1 9635
0 1 9636
0 1 9637
0 1 9638
0 1 9642
0 1 9644
0 1 9645
0 1 9647
0 1 9648
0 1 9651
0 1 9652
0 1 9654
0 1 9656
0 1 9657
0 1 9658
0 1 9659
0 1 9660
0 1 9663
0 1 9665
0 1 9666
0 1 9667
0 1 9668
0 1 9669
0 1 9673
0 1 9674
0 1 9677
0 1 9682
0 1 9683
0 1 9685
0 1 9689
0 1 9691
0 1 9693
0 1 9695
0 1 9702
0 1 9703
0 1 9704
0 1 9706
0 1 9709
0 1 9712
0 1 9713
0 1 9717
0 1 9719
0 1 9720
0 1 9721
0 1 9724
0 1 9725
0 1 9726
0 1 9731
0 1 9733
0 1 9735
0 1 9736
0 1 9737
0 1 9738
0 1 9741
0 1 9743
0 1 9744
0 1 9745
0 1 9746
0 1 9747
0 1 9748
0 1 9749
0 1 9750
0 1 9751
0 1 9753
0 1 9754
0 1 9755
0 1 9756
0 1 9757
0 1 9758
0 1 9761
0 1 9762
0 1 9764
0 1 9765
0 1 9766
0 1 9767
0 1 9769
0 1 9770
0 1 9771
0 1 9776
0 1 9777
0 1 9783
0 1 9784
0 1 9785
0 1 9786
0 1 9788
0 1 9789
0 1 9790
0 1 9791
0 1 9793
0 1 9796
0 1 9799
0 1 9803
0 1 9804
0 1 9807
0 1 9808
0 1 9809
0 1 9811
0 1 9812
0 1 9814
0 1 9815
0 1 9820
0 1 9821
0 1 9823
0 1 9829
0 1 9830
0 1 9831
0 1 9833
0 1 9835
0 1 9836
0 1 9837
0 1 9838
0 1 9842
0 1 9843
0 1 9844
0 1 9846
0 1 9848
0 1 9849
0 1 9850
0 1 9853
0 1 9854
0 1 9855
0 1 9856
0 1 9857
0 1 9861
0 1 9862
0 1 9863
0 1 9864
0 1 9865
0 1 9867
0 1 9869
0 1 9874
0 1 9875
0 1 9878
0 1 9879
0 1 9880
0 1 9882
0 1 9883
0 1 9884
0 1 9885
0 1 9886
0 1 9887
0 1 9892
0 1 9893
0 1 9894
0 1 9900
0 1 9903
0 1 9904
0 1 9905
0 1 9906
0 1 9907
0 1 9908
0 1 9909
0 1 9915
0 1 9916
0 1 9918
0 1 9919
0 1 9921
0 1 9922
0 1 9924
0 1 9925
0 1 9926
0 1 9927
0 1 9928
0 1 9929
0 1 9930
0 1 9931
0 1 9932
0 1 9937
0 1 9939
0 1 9941
0 1 9942
0 1 9945
0 1 9948
0 1 9949
0 1 9950
0 1 9955
0 1 9957
0 1 9958
0 1 9961
0 1 9962
0 1 9963
0 1 9965
0 1 9968
0 1 9971
0 1 9974
0 1 9976
0 1 9977
0 1 9980
0 1 9981
0 1 9983
0 1 9986
0 1 9987
0 1 9988
0 1 9990
0 1 9992
0 1 9993
0 1 9995
0 1 9997
0 1 9998
0 1 9999
0 1 10001
0 1 10005
0 1 10006
0 1 10009
0 1 10011
0 1 10012
0 1 10016
0 1 10017
0 1 10018
0 1 10021
0 1 10022
0 1 10023
0 1 10024
0 1 10025
0 1 10026
0 1 10030
0 1 10031
0 1 10033
0 1 10035
0 1 10036
0 1 10038
0 1 10039
0 1 10040
0 1 10042
0 1 10043
0 1 10045
0 1 10053
0 1 10058
0 1 10061
0 1 10064
0 1 10067
0 1 10069
0 1 10072
0 1 10074
0 1 10076
0 1 10077
0 1 10079
0 1 10082
0 1 10083
0 1 10084
0 1 10088
0 1 10091
0 1 10092
0 1 10093
0 1 10096
0 1 10099
0 1 10100
0 1 10102
0 1 10103
0 1 10107
0 1 10108
0 1 10109
0 1 10112
0 1 10114
0 1 10117
0 1 10119
0 1 10120
0 1 10121
0 1 10125
0 1 10126
0 1 10127
0 1 10131
0 1 10134
0 1 10135
0 1 10136
0 1 10137
0 1 10142
0 1 10143
0 1 10146
0 1 10148
0 1 10149
0 1 10152
0 1 10156
0 1 10160
0 1 10164
0 1 10165
0 1 10167
0 1 10169
0 1 10171
0 1 10172
0 1 10177
0 1 10179
0 1 10180
0 1 10181
0 1 10182
0 1 10184
0 1 10185
0 1 10187
0 1 10190
0 1 10193
0 1 10195
0 1 10198
0 1 10202
0 1 10205
0 1 10206
0 1 10208
0 1 10210
0 1 10211
0 1 10215
0 1 10218
0 1 10220
0 1 10221
0 1 10222
0 1 10224
0 1 10225
0 1 10228
0 1 10230
0 1 10231
0 1 10236
0 1 10240
0 1 10241
0 1 10242
0 1 10243
0 1 10244
0 1 10247
0 1 10255
0 1 10258
0 1 10259
0 1 10260
0 1 10262
0 1 10263
0 1 10264
0 1 10265
0 1 10266
0 1 10267
0 1 10268
0 1 10269
0 1 10270
0 1 10271
0 1 10272
0 1 10274
0 1 10275
0 1 10276
0 1 10280
0 1 10282
0 1 10283
0 1 10286
0 1 10288
0 1 10289
0 1 10290
0 1 10291
0 1 10292
0 1 10293
0 1 10294
0 1 10295
0 1 10296
0 1 10297
0 1 10299
0 1 10300
0 1 10302
0 1 10306
0 1 10307
0 1 10310
0 1 10312
0 1 10313
0 1 10317
0 1 10322
0 1 10330
0 1 10335
0 1 10338
0 1 10339
0 1 10340
0 1 10342
0 1 10348
0 1 10349
0 1 10351
0 1 10353
0 1 10354
0 1 10355
0 1 10357
0 1 10360
0 1 10361
0 1 10362
0 1 10365
0 1 10368
0 1 10372
0 1 10374
0 1 10375
0 1 10376
0 1 10377
0 1 10381
0 1 10383
0 1 10386
0 1 10387
0 1 10388
0 1 10392
0 1 10393
0 1 10400
0 1 10402
0 1 10403
0 1 10404
0 1 10405
0 1 10408
0 1 10409
0 1 10414
0 1 10416
0 1 10417
0 1 10419
0 1 10423
0 1 10425
0 1 10426
0 1 10428
0 1 10429
0 1 10430
0 1 10431
0 1 10432
0 1 10435
0 1 10440
0 1 10441
0 1 10442
0 1 10444
0 1 10445
0 1 10448
0 1 10449
0 1 10454
0 1 10456
0 1 10460
0 1 10462
0 1 10463
0 1 10464
0 1 10465
0 1 10467
0 1 10469
0 1 10470
0 1 10472
0 1 10474
0 1 10475
0 1 10476
0 1 10477
0 1 10478
0 1 10480
0 1 10486
0 1 10487
0 1 10489
0 1 10490
0 1 10494
0 1 10496
0 1 10497
0 1 10498
0 1 10499
0 1 10500
0 1 10501
0 1 10502
0 1 10505
0 1 10507
0 1 10509
0 1 10512
0 1 10515
0 1 10516
0 1 10518
0 1 10521
0 1 10524
0 1 10525
0 1 10526
0 1 10527
0 1 10529
0 1 10532
0 1 10533
0 1 10534
0 1 10539
0 1 10540
0 1 10541
0 1 10546
0 1 10547
0 1 10550
0 1 10551
0 1 10555
0 1 10557
0 1 10560
0 1 10572
0 1 10573
0 1 10574
0 1 10576
0 1 10577
0 1 10583
0 1 10584
0 1 10585
0 1 10586
0 1 10591
0 1 10593
0 1 10595
0 1 10596
0 1 10597
0 1 10598
0 1 10599
0 1 10600
0 1 10602
0 1 10605
0 1 10606
0 1 10608
0 1 10609
0 1 10610
0 1 10612
0 1 10615
0 1 10617
0 1 10618
0 1 10619
0 1 10621
0 1 10622
0 1 10626
0 1 10628
0 1 10629
0 1 10630
0 1 10633
0 1 10634
0 1 10635
0 1 10640
0 1 10643
0 1 10645
0 1 10647
0 1 10648
0 1 10650
0 1 10652
0 1 10656
0 1 10657
0 1 10669
0 1 10671
0 1 10672
0 1 10674
0 1 10675
0 1 10677
0 1 10678
0 1 10679
0 1 10680
0 1 10681
0 1 10682
0 1 10683
0 1 10686
0 1 10687
0 1 10693
0 1 10694
0 1 10695
0 1 10696
0 1 10698
0 1 10702
0 1 10704
0 1 10705
0 1 10706
0 1 10707
0 1 10708
0 1 10709
0 1 10710
0 1 10712
0 1 10715
0 1 10718
0 1 10722
0 1 10723
0 1 10724
0 1 10725
0 1 10726
0 1 10727
0 1 10728
0 1 10729
0 1 10730
0 1 10735
0 1 10736
0 1 10739
0 1 10741
0 1 10744
0 1 10745
0 1 10749
0 1 10752
0 1 10753
0 1 10755
0 1 10756
0 1 10759
0 1 10760
0 1 10761
0 1 10764
0 1 10765
0 1 10766
0 1 10767
0 1 10771
0 1 10772
0 1 10775
0 1 10776
0 1 10778
0 1 10780
0 1 10781
0 1 10782
0 1 10784
0 1 10785
0 1 10786
0 1 10789
0 1 10792
0 1 10794
0 1 10795
0 1 10798
0 1 10799
0 1 10803
0 1 10805
0 1 10810
0 1 10812
0 1 10813
0 1 10814
0 1 10815
0 1 10817
0 1 10820
0 1 10822
0 1 10823
0 1 10824
0 1 10827
0 1 10829
0 1 10831
0 1 10832
0 1 10835
0 1 10836
0 1 10837
0 1 10838
0 1 10839
0 1 10841
0 1 10842
0 1 10844
0 1 10845
0 1 10848
0 1 10849
0 1 10850
0 1 10852
0 1 10853
0 1 10854
0 1 10855
0 1 10857
0 1 10858
0 1 10862
0 1 10863
0 1 10867
0 1 10870
0 1 10871
0 1 10872
0 1 10873
0 1 10876
0 1 10879
0 1 10880
0 1 10881
0 1 10883
0 1 10891
0 1 10892
0 1 10894
0 1 10901
0 1 10904
0 1 10908
0 1 10913
0 1 10915
0 1 10919
0 1 10921
0 1 10922
0 1 10926
0 1 10928
0 1 10929
0 1 10930
0 1 10931
0 1 10932
0 1 10935
0 1 10936
0 1 10937
0 1 10940
0 1 10941
0 1 10942
0 1 10943
0 1 10945
0 1 10948
0 1 10952
0 1 10953
0 1 10954
0 1 10955
0 1 10957
0 1 10960
0 1 10963
0 1 10967
0 1 10968
0 1 10970
0 1 10971
0 1 10972
0 1 10976
0 1 10978
0 1 10979
0 1 10980
0 1 10981
0 1 10985
0 1 10986
0 1 10987
0 1 10988
0 1 10989
0 1 10992
0 1 10995
0 1 10997
0 1 10999
0 1 11000
0 1 11004
0 1 11005
0 1 11008
0 1 11011
0 1 11012
0 1 11014
0 1 11016
0 1 11018
0 1 11019
0 1 11020
0 1 11023
0 1 11025
0 1 11026
0 1 11029
0 1 11031
0 1 11032
0 1 11034
0 1 11036
0 1 11037
0 1 11038
0 1 11040
0 1 11041
0 1 11044
0 1 11046
0 1 11047
0 1 11049
0 1 11050
0 1 11053
0 1 11055
0 1 11058
0 1 11059
0 1 11060
0 1 11061
0 1 11063
0 1 11064
0 1 11069
0 1 11075
0 1 11076
0 1 11084
0 1 11087
0 1 11090
0 1 11093
0 1 11094
0 1 11095
0 1 11096
0 1 11099
0 1 11101
0 1 11104
0 1 11106
0 1 11109
0 1 11110
0 1 11111
0 1 11112
0 1 11116
0 1 11119
0 1 11122
0 1 11123
0 1 11126
0 1 11127
0 1 11128
0 1 11129
0 1 11130
0 1 11134
0 1 11135
0 1 11136
0 1 11137
0 1 11140
0 1 11144
0 1 11146
0 1 11147
0 1 11148
0 1 11149
0 1 11151
0 1 11157
0 1 11158
0 1 11160
0 1 11161
0 1 11162
0 1 11165
0 1 11166
0 1 11167
0 1 11171
0 1 11173
0 1 11175
0 1 11176
0 1 11179
0 1 11182
0 1 11185
0 1 11187
0 1 11188
0 1 11189
0 1 11191
0 1 11193
0 1 11197
0 1 11200
0 1 11201
0 1 11203
0 1 11206
0 1 11207
0 1 11213
0 1 11218
0 1 11223
0 1 11226
0 1 11227
0 1 11233
0 1 11234
0 1 11237
0 1 11238
0 1 11239
0 1 11240
0 1 11242
0 1 11246
0 1 11248
0 1 11250
0 1 11251
0 1 11252
0 1 11253
0 1 11255
0 1 11256
0 1 11257
0 1 11262
0 1 11265
0 1 11266
0 1 11268
0 1 11269
0 1 11270
0 1 11271
0 1 11273
0 1 11274
0 1 11275
0 1 11277
0 1 11279
0 1 11280
0 1 11282
0 1 11283
0 1 11284
0 1 11286
0 1 11287
0 1 11288
0 1 11291
0 1 11296
0 1 11297
0 1 11300
0 1 11301
0 1 11302
0 1 11308
0 1 11310
0 1 11311
0 1 11314
0 1 11319
0 1 11322
0 1 11323
0 1 11325
0 1 11327
0 1 11328
0 1 11329
0 1 11333
0 1 11334
0 1 11337
0 1 11342
0 1 11344
0 1 11345
0 1 11348
0 1 11349
0 1 11350
0 1 11351
0 1 11352
0 1 11353
0 1 11361
0 1 11363
0 1 11366
0 1 11367
0 1 11368
0 1 11371
0 1 11373
0 1 11375
0 1 11376
0 1 11377
0 1 11379
0 1 11382
0 1 11383
0 1 11384
0 1 11385
0 1 11386
0 1 11387
0 1 11388
0 1 11389
0 1 11391
0 1 11394
0 1 11397
0 1 11398
0 1 11399
0 1 11400
0 1 11401
0 1 11402
0 1 11403
0 1 11404
0 1 11407
0 1 11408
0 1 11409
0 1 11411
0 1 11412
0 1 11414
0 1 11415
0 1 11416
0 1 11418
0 1 11420
0 1 11421
0 1 11422
0 1 11426
0 1 11427
0 1 11428
0 1 11429
0 1 11431
0 1 11433
0 1 11434
0 1 11437
0 1 11438
0 1 11441
0 1 11444
0 1 11446
0 1 11447
0 1 11448
0 1 11452
0 1 11454
0 1 11456
0 1 11460
0 1 11461
0 1 11462
0 1 11464
0 1 11469
0 1 11472
0 1 11473
0 1 11474
0 1 11475
0 1 11477
0 1 11480
0 1 11483
0 1 11486
0 1 11487
0 1 11490
0 1 11493
0 1 11494
0 1 11495
0 1 11502
0 1 11504
0 1 11507
0 1 11515
0 1 11522
0 1 11523
0 1 11524
0 1 11525
0 1 11531
0 1 11533
0 1 11535
0 1 11536
0 1 11537
0 1 11538
0 1 11539
0 1 11542
0 1 11547
0 1 11548
0 1 11551
0 1 11553
0 1 11554
0 1 11556
0 1 11557
0 1 11559
0 1 11560
0 1 11562
0 1 11567
0 1 11569
0 1 11571
0 1 11572
0 1 11575
0 1 11576
0 1 11577
0 1 11579
0 1 11581
0 1 11582
0 1 11592
0 1 11593
0 1 11595
0 1 11596
0 1 11597
0 1 11598
0 1 11601
0 1 11602
0 1 11605
0 1 11607
0 1 11610
0 1 11612
0 1 11614
0 1 11615
0 1 11616
0 1 11617
0 1 11618
0 1 11620
0 1 11621
0 1 11622
0 1 11623
0 1 11634
0 1 11635
0 1 11636
0 1 11641
0 1 11642
0 1 11644
0 1 11649
0 1 11650
0 1 11652
0 1 11654
0 1 11655
0 1 11659
0 1 11660
0 1 11664
0 1 11670
0 1 11671
0 1 11673
0 1 11676
0 1 11678
0 1 11680
0 1 11681
0 1 11682
0 1 11683
0 1 11684
0 1 11690
0 1 11691
0 1 11692
0 1 11694
0 1 11704
0 1 11705
0 1 11706
0 1 11709
0 1 11710
0 1 11713
0 1 11715
0 1 11716
0 1 11721
0 1 11724
0 1 11727
0 1 11728
0 1 11734
0 1 11735
0 1 11736
0 1 11738
0 1 11739
0 1 11740
0 1 11741
0 1 11743
0 1 11745
0 1 11748
0 1 11753
0 1 11761
0 1 11763
0 1 11767
0 1 11769
0 1 11773
0 1 11779
0 1 11780
0 1 11781
0 1 11782
0 1 11783
0 1 11784
0 1 11787
0 1 11792
0 1 11793
0 1 11800
0 1 11801
0 1 11804
0 1 11806
0 1 11807
0 1 11809
0 1 11811
0 1 11812
0 1 11815
0 1 11816
0 1 11817
0 1 11821
0 1 11822
0 1 11824
0 1 11825
0 1 11827
0 1 11830
0 1 11833
0 1 11834
0 1 11836
0 1 11837
0 1 11839
0 1 11841
0 1 11843
0 1 11844
0 1 11847
0 1 11848
0 1 11850
0 1 11851
0 1 11857
0 1 11859
0 1 11862
0 1 11865
0 1 11866
0 1 11869
0 1 11871
0 1 11873
0 1 11874
0 1 11875
0 1 11877
0 1 11879
0 1 11880
0 1 11884
0 1 11886
0 1 11887
0 1 11889
0 1 11890
0 1 11891
0 1 11894
0 1 11899
0 1 11902
0 1 11905
0 1 11906
0 1 11907
0 1 11909
0 1 11912
0 1 11917
0 1 11918
0 1 11919
0 1 11924
0 1 11927
0 1 11928
0 1 11929
0 1 11931
0 1 11933
0 1 11934
0 1 11937
0 1 11940
0 1 11942
0 1 11945
0 1 11946
0 1 11947
0 1 11948
0 1 11950
0 1 11951
0 1 11953
0 1 11954
0 1 11955
0 1 11956
0 1 11957
0 1 11962
0 1 11963
0 1 11968
0 1 11970
0 1 11971
0 1 11974
0 1 11975
0 1 11976
0 1 11977
0 1 11978
0 1 11979
0 1 11982
0 1 11984
0 1 11985
0 1 11987
0 1 11993
0 1 11994
0 1 11995
0 1 11999
0 1 12000
0 1 12004
0 1 12005
0 1 12006
0 1 12009
0 1 12013
0 1 12014
0 1 12016
0 1 12017
0 1 12018
0 1 12019
0 1 12020
0 1 12023
0 1 12024
0 1 12031
0 1 12032
0 1 12033
0 1 12034
0 1 12035
0 1 12038
0 1 12040
0 1 12041
0 1 12043
0 1 12044
0 1 12045
0 1 12048
0 1 12055
0 1 12059
0 1 12062
0 1 12067
0 1 12068
0 1 12070
0 1 12071
0 1 12072
0 1 12073
0 1 12074
0 1 12075
0 1 12076
0 1 12078
0 1 12080
0 1 12081
0 1 12083
0 1 12085
0 1 12087
0 1 12091
0 1 12097
0 1 12099
0 1 12102
0 1 12109
0 1 12110
0 1 12116
0 1 12119
0 1 12123
0 1 12125
0 1 12126
0 1 12127
0 1 12128
0 1 12130
0 1 12133
0 1 12135
0 1 12138
0 1 12140
0 1 12142
0 1 12143
0 1 12145
0 1 12147
0 1 12150
0 1 12152
0 1 12154
0 1 12155
0 1 12158
0 1 12159
0 1 12161
0 1 12163
0 1 12168
0 1 12170
0 1 12175
0 1 12176
0 1 12177
0 1 12178
0 1 12182
0 1 12183
0 1 12184
0 1 12187
0 1 12190
0 1 12194
0 1 12198
0 1 12199
0 1 12200
0 1 12202
0 1 12204
0 1 12205
0 1 12212
0 1 12213
0 1 12214
0 1 12215
0 1 12219
0 1 12220
0 1 12223
0 1 12224
0 1 12226
0 1 12227
0 1 12235
0 1 12237
0 1 12239
0 1 12243
0 1 12244
0 1 12246
0 1 12247
0 1 12250
0 1 12251
0 1 12252
0 1 12253
0 1 12254
0 1 12256
0 1 12258
0 1 12259
0 1 12260
0 1 12261
0 1 12262
0 1 12264
0 1 12267
0 1 12268
0 1 12269
0 1 12274
0 1 12275
0 1 12277
0 1 12280
0 1 12281
0 1 12282
0 1 12284
0 1 12285
0 1 12286
0 1 12287
0 1 12298
0 1 12299
0 1 12302
0 1 12303
0 1 12306
0 1 12309
0 1 12311
0 1 12312
0 1 12313
0 1 12316
0 1 12317
0 1 12319
0 1 12321
0 1 12323
0 1 12324
0 1 12326
0 1 12328
0 1 12329
0 1 12334
0 1 12335
0 1 12341
0 1 12342
0 1 12343
0 1 12344
0 1 12347
0 1 12348
0 1 12349
0 1 12350
0 1 12351
0 1 12354
0 1 12355
0 1 12356
0 1 12357
0 1 12359
0 1 12360
0 1 12361
0 1 12363
0 1 12365
0 1 12368
0 1 12370
0 1 12371
0 1 12372
0 1 12375
0 1 12378
0 1 12379
0 1 12380
0 1 12389
0 1 12392
0 1 12393
0 1 12394
0 1 12395
0 1 12396
0 1 12400
0 1 12404
0 1 12406
0 1 12408
0 1 12412
0 1 12414
0 1 12415
0 1 12417
0 1 12418
0 1 12419
0 1 12421
0 1 12423
0 1 12428
0 1 12430
0 1 12431
0 1 12434
0 1 12438
0 1 12440
0 1 12443
0 1 12445
0 1 12453
0 1 12454
0 1 12455
0 1 12457
0 1 12458
0 1 12459
0 1 12460
0 1 12461
0 1 12463
0 1 12467
0 1 12468
0 1 12474
0 1 12476
0 1 12477
0 1 12479
0 1 12482
0 1 12483
0 1 12486
0 1 12488
0 1 12489
0 1 12490
0 1 12491
0 1 12493
0 1 12494
0 1 12497
0 1 12502
0 1 12503
0 1 12505
0 1 12510
0 1 12511
0 1 12516
0 1 12517
0 1 12518
0 1 12519
0 1 12520
0 1 12522
0 1 12524
0 1 12527
0 1 12528
0 1 12531
0 1 12532
0 1 12534
0 1 12536
0 1 12542
0 1 12544
0 1 12545
0 1 12551
0 1 12552
0 1 12555
0 1 12558
0 1 12559
0 1 12560
0 1 12561
0 1 12567
0 1 12568
0 1 12573
0 1 12577
0 1 12579
0 1 12580
0 1 12581
0 1 12583
0 1 12584
0 1 12585
0 1 12586
0 1 12587
0 1 12589
0 1 12592
0 1 12593
0 1 12594
0 1 12595
0 1 12597
0 1 12600
0 1 12601
0 1 12602
0 1 12604
0 1 12605
0 1 12610
0 1 12611
0 1 12612
0 1 12614
0 1 12620
0 1 12621
0 1 12622
0 1 12625
0 1 12627
0 1 12628
0 1 12629
0 1 12631
0 1 12632
0 1 12634
0 1 12635
0 1 12637
0 1 12645
0 1 12646
0 1 12647
0 1 12648
0 1 12650
0 1 12651
0 1 12653
0 1 12655
0 1 12657
0 1 12660
0 1 12663
0 1 12665
0 1 12667
0 1 12669
0 1 12670
0 1 12671
0 1 12673
0 1 12674
0 1 12675
0 1 12679
0 1 12680
0 1 12683
0 1 12686
0 1 12687
0 1 12688
0 1 12691
0 1 12692
0 1 12693
0 1 12695
0 1 12697
0 1 12701
0 1 12709
0 1 12711
0 1 12712
0 1 12713
0 1 12715
0 1 12717
0 1 12718
0 1 12719
0 1 12720
0 1 12721
0 1 12722
0 1 12725
0 1 12727
0 1 12729
0 1 12730
0 1 12731
0 1 12732
0 1 12733
0 1 12734
0 1 12737
0 1 12741
0 1 12742
0 1 12743
0 1 12745
0 1 12752
0 1 12756
0 1 12757
0 1 12761
0 1 12764
0 1 12766
0 1 12767
0 1 12768
0 1 12771
0 1 12774
0 1 12775
0 1 12778
0 1 12781
0 1 12782
0 1 12786
0 1 12788
0 1 12789
0 1 12792
0 1 12794
0 1 12795
0 1 12798
0 1 12803
0 1 12806
0 1 12807
0 1 12808
0 1 12813
0 1 12814
0 1 12816
0 1 12824
0 1 12827
0 1 12828
0 1 12829
0 1 12830
0 1 12831
0 1 12832
0 1 12835
0 1 12836
0 1 12837
0 1 12839
0 1 12840
0 1 12841
0 1 12844
0 1 12845
0 1 12851
0 1 12856
0 1 12857
0 1 12858
0 1 12861
0 1 12862
0 1 12872
0 1 12873
0 1 12874
0 1 12877
0 1 12879
0 1 12880
0 1 12881
0 1 12882
0 1 12883
0 1 12890
0 1 12891
0 1 12892
0 1 12893
0 1 12896
0 1 12898
0 1 12899
0 1 12901
0 1 12908
0 1 12909
0 1 12914
0 1 12918
0 1 12921
0 1 12923
0 1 12924
0 1 12927
0 1 12929
0 1 12931
0 1 12933
0 1 12937
0 1 12940
0 1 12943
0 1 12946
0 1 12950
0 1 12953
0 1 12954
0 1 12957
0 1 12958
0 1 12960
0 1 12961
0 1 12967
0 1 12968
0 1 12969
0 1 12970
0 1 12973
0 1 12974
0 1 12979
0 1 12982
0 1 12983
0 1 12987
0 1 12988
0 1 12989
0 1 12991
0 1 12994
0 1 12995
0 1 12999
0 1 13003
0 1 13007
0 1 13008
0 1 13010
0 1 13011
0 1 13012
0 1 13013
0 1 13018
0 1 13023
0 1 13026
0 1 13027
0 1 13032
0 1 13033
0 1 13034
0 1 13038
0 1 13040
0 1 13043
0 1 13045
0 1 13047
0 1 13048
0 1 13051
0 1 13053
0 1 13056
0 1 13057
0 1 13059
0 1 13061
0 1 13062
0 1 13065
0 1 13068
0 1 13070
0 1 13072
0 1 13074
0 1 13075
0 1 13078
0 1 13083
0 1 13084
0 1 13085
0 1 13090
0 1 13093
0 1 13095
0 1 13099
0 1 13100
0 1 13101
0 1 13105
0 1 13106
0 1 13107
0 1 13108
0 1 13116
0 1 13117
0 1 13120
0 1 13121
0 1 13123
0 1 13124
0 1 13128
0 1 13129
0 1 13131
0 1 13138
0 1 13142
0 1 13144
0 1 13148
0 1 13149
0 1 13150
0 1 13151
0 1 13154
0 1 13158
0 1 13160
0 1 13162
0 1 13163
0 1 13165
0 1 13168
0 1 13169
0 1 13173
0 1 13177
0 1 13178
0 1 13181
0 1 13182
0 1 13184
0 1 13185
0 1 13187
0 1 13188
0 1 13190
0 1 13191
0 1 13192
0 1 13193
0 1 13194
0 1 13195
0 1 13196
0 1 13197
0 1 13200
0 1 13201
0 1 13205
0 1 13208
0 1 13211
0 1 13212
0 1 13213
0 1 13214
0 1 13215
0 1 13222
0 1 13224
0 1 13225
0 1 13228
0 1 13229
0 1 13230
0 1 13233
0 1 13234
0 1 13235
0 1 13236
0 1 13237
0 1 13241
0 1 13242
0 1 13243
0 1 13247
0 1 13249
0 1 13250
0 1 13251
0 1 13254
0 1 13257
0 1 13263
0 1 13264
0 1 13265
0 1 13266
0 1 13268
0 1 13269
0 1 13272
0 1 13276
0 1 13279
0 1 13280
0 1 13281
0 1 13282
0 1 13283
0 1 13285
0 1 13289
0 1 13291
0 1 13292
0 1 13295
0 1 13296
0 1 13301
0 1 13303
0 1 13304
0 1 13307
0 1 13308
0 1 13309
0 1 13311
0 1 13312
0 1 13313
0 1 13316
0 1 13317
0 1 13318
0 1 13319
0 1 13320
0 1 13323
0 1 13328
0 1 13330
0 1 13332
0 1 13334
0 1 13336
0 1 13337
0 1 13339
0 1 13340
0 1 13341
0 1 13344
0 1 13345
0 1 13346
0 1 13347
0 1 13349
0 1 13350
0 1 13351
0 1 13355
0 1 13356
0 1 13357
0 1 13358
0 1 13360
0 1 13361
0 1 13365
0 1 13366
0 1 13367
0 1 13368
0 1 13371
0 1 13375
0 1 13376
0 1 13377
0 1 13378
0 1 13380
0 1 13381
0 1 13382
0 1 13383
0 1 13386
0 1 13388
0 1 13389
0 1 13393
0 1 13394
0 1 13395
0 1 13396
0 1 13400
0 1 13403
0 1 13408
0 1 13410
0 1 13411
0 1 13412
0 1 13413
0 1 13414
0 1 13423
0 1 13424
0 1 13426
0 1 13431
0 1 13432
0 1 13436
0 1 13437
0 1 13439
0 1 13441
0 1 13443
0 1 13444
0 1 13445
0 1 13446
0 1 13447
0 1 13450
0 1 13453
0 1 13454
0 1 13456
0 1 13461
0 1 13463
0 1 13464
0 1 13467
0 1 13468
0 1 13471
0 1 13472
0 1 13473
0 1 13474
0 1 13475
0 1 13476
0 1 13477
0 1 13479
0 1 13480
0 1 13482
0 1 13483
0 1 13484
0 1 13488
0 1 13492
0 1 13495
0 1 13499
0 1 13500
0 1 13504
0 1 13507
0 1 13509
0 1 13510
0 1 13515
0 1 13518
0 1 13519
0 1 13524
0 1 13529
0 1 13530
0 1 13531
0 1 13532
0 1 13533
0 1 13534
0 1 13536
0 1 13540
0 1 13541
0 1 13545
0 1 13546
0 1 13547
0 1 13548
0 1 13549
0 1 13551
0 1 13552
0 1 13553
0 1 13555
0 1 13559
0 1 13560
0 1 13561
0 1 13563
0 1 13565
0 1 13567
0 1 13568
0 1 13569
0 1 13571
0 1 13572
0 1 13573
0 1 13574
0 1 13576
0 1 13579
0 1 13581
0 1 13586
0 1 13588
0 1 13589
0 1 13590
0 1 13591
0 1 13592
0 1 13594
0 1 13595
0 1 13600
0 1 13601
0 1 13602
0 1 13604
0 1 13605
0 1 13606
0 1 13607
0 1 13610
0 1 13611
0 1 13614
0 1 13616
0 1 13618
0 1 13621
0 1 13626
0 1 13629
0 1 13630
0 1 13632
0 1 13636
0 1 13637
0 1 13638
0 1 13639
0 1 13640
0 1 13644
0 1 13645
0 1 13646
0 1 13647
0 1 13650
0 1 13651
0 1 13653
0 1 13655
0 1 13656
0 1 13657
0 1 13658
0 1 13660
0 1 13661
0 1 13662
0 1 13664
0 1 13670
0 1 13671
0 1 13672
0 1 13673
0 1 13674
0 1 13679
0 1 13682
0 1 13684
0 1 13685
0 1 13688
0 1 13689
0 1 13692
0 1 13693
0 1 13695
0 1 13697
0 1 13700
0 1 13702
0 1 13703
0 1 13704
0 1 13708
0 1 13711
0 1 13714
0 1 13715
0 1 13716
0 1 13717
0 1 13719
0 1 13721
0 1 13722
0 1 13727
0 1 13731
0 1 13732
0 1 13734
0 1 13740
0 1 13742
0 1 13745
0 1 13746
0 1 13751
0 1 13753
0 1 13754
0 1 13759
0 1 13763
0 1 13764
0 1 13767
0 1 13768
0 1 13769
0 1 13771
0 1 13772
0 1 13773
0 1 13774
0 1 13780
0 1 13782
0 1 13784
0 1 13785
0 1 13786
0 1 13789
0 1 13790
0 1 13791
0 1 13796
0 1 13798
0 1 13800
0 1 13806
0 1 13807
0 1 13809
0 1 13810
0 1 13811
0 1 13812
0 1 13813
0 1 13814
0 1 13817
0 1 13818
0 1 13821
0 1 13822
0 1 13823
0 1 13825
0 1 13826
0 1 13827
0 1 13829
0 1 13831
0 1 13832
0 1 13834
0 1 13836
0 1 13838
0 1 13841
0 1 13842
0 1 13843
0 1 13844
0 1 13848
0 1 13850
0 1 13856
0 1 13861
0 1 13862
0 1 13865
0 1 13866
0 1 13867
0 1 13869
0 1 13870
0 1 13871
0 1 13872
0 1 13874
0 1 13875
0 1 13876
0 1 13882
0 1 13883
0 1 13884
0 1 13885
0 1 13886
0 1 13887
0 1 13888
0 1 13890
0 1 13892
0 1 13894
0 1 13897
0 1 13900
0 1 13901
0 1 13902
0 1 13904
0 1 13906
0 1 13911
0 1 13912
0 1 13913
0 1 13914
0 1 13916
0 1 13921
0 1 13923
0 1 13925
0 1 13927
0 1 13931
0 1 13935
0 1 13936
0 1 13937
0 1 13940
0 1 13941
0 1 13945
0 1 13949
0 1 13951
0 1 13955
0 1 13957
0 1 13958
0 1 13959
0 1 13961
0 1 13962
0 1 13964
0 1 13969
0 1 13970
0 1 13971
0 1 13972
0 1 13976
0 1 13977
0 1 13978
0 1 13979
0 1 13981
0 1 13985
0 1 13987
0 1 13990
0 1 13991
0 1 13992
0 1 13994
0 1 13996
0 1 13998
0 1 14000
0 1 14003
0 1 14006
0 1 14007
0 1 14008
0 1 14010
0 1 14013
0 1 14016
0 1 14019
0 1 14020
0 1 14021
0 1 14022
0 1 14024
0 1 14027
0 1 14029
0 1 14031
0 1 14034
0 1 14037
0 1 14038
0 1 14042
0 1 14043
0 1 14045
0 1 14049
0 1 14058
0 1 14059
0 1 14061
0 1 14064
0 1 14066
0 1 14067
0 1 14069
0 1 14071
0 1 14072
0 1 14073
0 1 14076
0 1 14077
0 1 14079
0 1 14080
0 1 14081
0 1 14084
0 1 14086
0 1 14087
0 1 14088
0 1 14089
0 1 14090
0 1 14092
0 1 14093
0 1 14096
0 1 14098
0 1 14100
0 1 14102
0 1 14103
0 1 14106
0 1 14107
0 1 14110
0 1 14111
0 1 14114
0 1 14115
0 1 14117
0 1 14118
0 1 14123
0 1 14128
0 1 14129
0 1 14132
0 1 14133
0 1 14134
0 1 14137
0 1 14141
0 1 14148
0 1 14150
0 1 14151
0 1 14152
0 1 14154
0 1 14155
0 1 14156
0 1 14158
0 1 14161
0 1 14170
0 1 14171
0 1 14172
0 1 14174
0 1 14175
0 1 14176
0 1 14177
0 1 14180
0 1 14181
0 1 14182
0 1 14184
0 1 14187
0 1 14193
0 1 14198
0 1 14199
0 1 14200
0 1 14201
0 1 14202
0 1 14205
0 1 14206
0 1 14207
0 1 14216
0 1 14217
0 1 14218
0 1 14219
0 1 14221
0 1 14222
0 1 14223
0 1 14226
0 1 14227
0 1 14231
0 1 14232
0 1 14234
0 1 14237
0 1 14241
0 1 14242
0 1 14243
0 1 14245
0 1 14246
0 1 14247
0 1 14248
0 1 14249
0 1 14251
0 1 14253
0 1 14255
0 1 14256
0 1 14257
0 1 14259
0 1 14260
0 1 14261
0 1 14262
0 1 14264
0 1 14267
0 1 14268
0 1 14272
0 1 14273
0 1 14278
0 1 14279
0 1 14280
0 1 14282
0 1 14284
0 1 14293
0 1 14294
0 1 14295
0 1 14297
0 1 14298
0 1 14299
0 1 14300
0 1 14302
0 1 14304
0 1 14307
0 1 14308
0 1 14309
0 1 14312
0 1 14319
0 1 14320
0 1 14321
0 1 14322
0 1 14323
0 1 14325
0 1 14326
0 1 14327
0 1 14329
0 1 14333
0 1 14335
0 1 14336
0 1 14337
0 1 14338
0 1 14342
0 1 14343
0 1 14345
0 1 14346
0 1 14348
0 1 14349
0 1 14352
0 1 14357
0 1 14358
0 1 14359
0 1 14360
0 1 14361
0 1 14363
0 1 14364
0 1 14365
0 1 14367
0 1 14368
0 1 14371
0 1 14372
0 1 14374
0 1 14375
0 1 14376
0 1 14378
0 1 14379
0 1 14380
0 1 14381
0 1 14384
0 1 14385
0 1 14387
0 1 14388
0 1 14389
0 1 14391
0 1 14394
0 1 14395
0 1 14400
0 1 14402
0 1 14404
0 1 14406
0 1 14408
0 1 14411
0 1 14413
0 1 14415
0 1 14416
0 1 14419
0 1 14420
0 1 14421
0 1 14422
0 1 14423
0 1 14424
0 1 14425
0 1 14427
0 1 14429
0 1 14430
0 1 14432
0 1 14433
0 1 14434
0 1 14436
0 1 14437
0 1 14442
0 1 14443
0 1 14444
0 1 14445
0 1 14446
0 1 14447
0 1 14448
0 1 14449
0 1 14450
0 1 14453
0 1 14457
0 1 14459
0 1 14463
0 1 14465
0 1 14469
0 1 14471
0 1 14472
0 1 14475
0 1 14476
0 1 14479
0 1 14482
0 1 14485
0 1 14486
0 1 14487
0 1 14489
0 1 14494
0 1 14495
0 1 14496
0 1 14497
0 1 14498
0 1 14499
0 1 14501
0 1 14502
0 1 14506
0 1 14508
0 1 14510
0 1 14511
0 1 14512
0 1 14514
0 1 14515
0 1 14516
0 1 14518
0 1 14519
0 1 14522
0 1 14523
0 1 14528
0 1 14531
0 1 14532
0 1 14533
0 1 14535
0 1 14538
0 1 14539
0 1 14540
0 1 14541
0 1 14545
0 1 14546
0 1 14549
0 1 14551
0 1 14552
0 1 14553
0 1 14555
0 1 14561
0 1 14563
0 1 14565
0 1 14566
0 1 14569
0 1 14571
0 1 14573
0 1 14576
0 1 14577
0 1 14581
0 1 14584
0 1 14586
0 1 14587
0 1 14590
0 1 14592
0 1 14594
0 1 14595
0 1 14596
0 1 14597
0 1 14599
0 1 14601
0 1 14602
0 1 14603
0 1 14605
0 1 14607
0 1 14617
0 1 14618
0 1 14620
0 1 14621
0 1 14624
0 1 14628
0 1 14630
0 1 14632
0 1 14633
0 1 14635
0 1 14638
0 1 14640
0 1 14641
0 1 14644
0 1 14645
0 1 14646
0 1 14647
0 1 14648
0 1 14651
0 1 14652
0 1 14655
0 1 14657
0 1 14658
0 1 14662
0 1 14666
0 1 14667
0 1 14673
0 1 14675
0 1 14677
0 1 14684
0 1 14686
0 1 14687
0 1 14688
0 1 14689
0 1 14690
0 1 14692
0 1 14693
0 1 14694
0 1 14695
0 1 14700
0 1 14704
0 1 14709
0 1 14712
0 1 14714
0 1 14715
0 1 14719
0 1 14721
0 1 14722
0 1 14726
0 1 14728
0 1 14731
0 1 14732
0 1 14734
0 1 14736
0 1 14738
0 1 14741
0 1 14743
0 1 14746
0 1 14749
0 1 14750
0 1 14752
0 1 14753
0 1 14754
0 1 14755
0 1 14756
0 1 14757
0 1 14758
0 1 14759
0 1 14760
0 1 14761
0 1 14764
0 1 14765
0 1 14767
0 1 14768
0 1 14770
0 1 14771
0 1 14772
0 1 14774
0 1 14779
0 1 14782
0 1 14784
0 1 14793
0 1 14796
0 1 14798
0 1 14800
0 1 14803
0 1 14804
0 1 14805
0 1 14806
0 1 14807
0 1 14808
0 1 14810
0 1 14811
0 1 14812
0 1 14813
0 1 14814
0 1 14815
0 1 14816
0 1 14817
0 1 14818
0 1 14823
0 1 14826
0 1 14828
0 1 14830
0 1 14831
0 1 14832
0 1 14834
0 1 14835
0 1 14837
0 1 14839
0 1 14847
0 1 14848
0 1 14850
0 1 14851
0 1 14852
0 1 14854
0 1 14855
0 1 14858
0 1 14863
0 1 14864
0 1 14866
0 1 14867
0 1 14868
0 1 14870
0 1 14871
0 1 14877
0 1 14880
0 1 14883
0 1 14885
0 1 14886
0 1 14887
0 1 14889
0 1 14890
0 1 14891
0 1 14893
0 1 14895
0 1 14896
0 1 14899
0 1 14901
0 1 14902
0 1 14903
0 1 14905
0 1 14906
0 1 14916
0 1 14918
0 1 14923
0 1 14924
0 1 14925
0 1 14926
0 1 14927
0 1 14928
0 1 14935
0 1 14938
0 1 14939
0 1 14940
0 1 14941
0 1 14942
0 1 14944
0 1 14946
0 1 14949
0 1 14952
0 1 14953
0 1 14954
0 1 14955
0 1 14956
0 1 14957
0 1 14958
0 1 14961
0 1 14964
0 1 14965
0 1 14966
0 1 14973
0 1 14974
0 1 14975
0 1 14977
0 1 14978
0 1 14979
0 1 14981
0 1 14982
0 1 14985
0 1 14989
0 1 14990
0 1 14991
0 1 14993
0 1 14994
0 1 14997
0 1 14999
0 1 15001
0 1 15002
0 1 15004
0 1 15007
0 1 15010
0 1 15012
0 1 15015
0 1 15016
0 1 15018
0 1 15019
0 1 15020
0 1 15021
0 1 15025
0 1 15026
0 1 15028
0 1 15029
0 1 15030
0 1 15035
0 1 15036
0 1 15041
0 1 15042
0 1 15044
0 1 15048
0 1 15049
0 1 15051
0 1 15052
0 1 15054
0 1 15055
0 1 15057
0 1 15058
0 1 15060
0 1 15062
0 1 15065
0 1 15066
0 1 15068
0 1 15069
0 1 15070
0 1 15071
0 1 15072
0 1 15074
0 1 15076
0 1 15077
0 1 15080
0 1 15081
0 1 15083
0 1 15084
0 1 15087
0 1 15089
0 1 15090
0 1 15091
0 1 15092
0 1 15093
0 1 15095
0 1 15096
0 1 15098
0 1 15099
0 1 15100
0 1 15102
0 1 15103
0 1 15107
0 1 15111
0 1 15112
0 1 15113
0 1 15115
0 1 15117
0 1 15119
0 1 15120
0 1 15126
0 1 15127
0 1 15128
0 1 15129
0 1 15132
0 1 15134
0 1 15135
0 1 15137
0 1 15139
0 1 15141
0 1 15142
0 1 15145
0 1 15149
0 1 15151
0 1 15155
0 1 15156
0 1 15157
0 1 15159
0 1 15162
0 1 15164
0 1 15166
0 1 15172
0 1 15173
0 1 15175
0 1 15178
0 1 15179
0 1 15180
0 1 15182
0 1 15183
0 1 15184
0 1 15190
0 1 15191
0 1 15199
0 1 15200
0 1 15201
0 1 15202
0 1 15203
0 1 15204
0 1 15205
0 1 15207
0 1 15210
0 1 15212
0 1 15214
0 1 15216
0 1 15217
0 1 15220
0 1 15221
0 1 15222
0 1 15224
0 1 15230
0 1 15233
0 1 15234
0 1 15235
0 1 15237
0 1 15240
0 1 15250
0 1 15251
0 1 15254
0 1 15255
0 1 15257
0 1 15258
0 1 15259
0 1 15260
0 1 15262
0 1 15263
0 1 15264
0 1 15266
0 1 15269
0 1 15271
0 1 15272
0 1 15275
0 1 15277
0 1 15279
0 1 15280
0 1 15281
0 1 15283
0 1 15285
0 1 15288
0 1 15289
0 1 15290
0 1 15301
0 1 15302
0 1 15303
0 1 15306
0 1 15308
0 1 15309
0 1 15312
0 1 15313
0 1 15314
0 1 15316
0 1 15321
0 1 15324
0 1 15325
0 1 15327
0 1 15328
0 1 15329
0 1 15330
0 1 15331
0 1 15338
0 1 15341
0 1 15342
0 1 15347
0 1 15348
0 1 15349
0 1 15354
0 1 15355
0 1 15356
0 1 15357
0 1 15358
0 1 15359
0 1 15360
0 1 15362
0 1 15363
0 1 15364
0 1 15365
0 1 15367
0 1 15368
0 1 15373
0 1 15374
0 1 15376
0 1 15377
0 1 15380
0 1 15383
0 1 15384
0 1 15385
0 1 15391
0 1 15394
0 1 15395
0 1 15396
0 1 15401
0 1 15403
0 1 15404
0 1 15405
0 1 15409
0 1 15410
0 1 15411
0 1 15412
0 1 15413
0 1 15416
0 1 15418
0 1 15419
0 1 15420
0 1 15422
0 1 15424
0 1 15426
0 1 15436
0 1 15437
0 1 15439
0 1 15440
0 1 15441
0 1 15443
0 1 15445
0 1 15447
0 1 15450
0 1 15451
0 1 15452
0 1 15453
0 1 15454
0 1 15459
0 1 15461
0 1 15462
0 1 15463
0 1 15465
0 1 15467
0 1 15469
0 1 15470
0 1 15472
0 1 15473
0 1 15476
0 1 15478
0 1 15480
0 1 15481
0 1 15482
0 1 15484
0 1 15486
0 1 15487
0 1 15490
0 1 15494
0 1 15495
0 1 15496
0 1 15498
0 1 15499
0 1 15502
0 1 15507
0 1 15509
0 1 15510
0 1 15511
0 1 15512
0 1 15514
0 1 15516
0 1 15521
0 1 15522
0 1 15523
0 1 15524
0 1 15525
0 1 15529
0 1 15530
0 1 15533
0 1 15535
0 1 15536
0 1 15538
0 1 15539
0 1 15540
0 1 15543
0 1 15544
0 1 15545
0 1 15546
0 1 15547
0 1 15548
0 1 15549
0 1 15551
0 1 15552
0 1 15554
0 1 15555
0 1 15557
0 1 15560
0 1 15564
0 1 15566
0 1 15567
0 1 15574
0 1 15578
0 1 15579
0 1 15580
0 1 15582
0 1 15583
0 1 15585
0 1 15586
0 1 15588
0 1 15592
0 1 15595
0 1 15596
0 1 15599
0 1 15600
0 1 15602
0 1 15604
0 1 15607
0 1 15610
0 1 15612
0 1 15614
0 1 15616
0 1 15617
0 1 15618
0 1 15619
0 1 15620
0 1 15621
0 1 15622
0 1 15624
0 1 15625
0 1 15629
0 1 15630
0 1 15631
0 1 15634
0 1 15637
0 1 15638
0 1 15639
0 1 15641
0 1 15642
0 1 15644
0 1 15645
0 1 15648
0 1 15650
0 1 15651
0 1 15652
0 1 15655
0 1 15656
0 1 15657
0 1 15658
0 1 15660
0 1 15661
0 1 15662
0 1 15665
0 1 15669
0 1 15671
0 1 15674
0 1 15676
0 1 15677
0 1 15681
0 1 15687
0 1 15690
0 1 15692
0 1 15695
0 1 15697
0 1 15698
0 1 15699
0 1 15702
0 1 15703
0 1 15704
0 1 15705
0 1 15707
0 1 15709
0 1 15711
0 1 15713
0 1 15714
0 1 15718
0 1 15720
0 1 15723
0 1 15726
0 1 15727
0 1 15728
0 1 15729
0 1 15733
0 1 15734
0 1 15735
0 1 15739
0 1 15740
0 1 15742
0 1 15744
0 1 15745
0 1 15747
0 1 15749
0 1 15752
0 1 15755
0 1 15757
0 1 15761
0 1 15762
0 1 15764
0 1 15767
0 1 15769
0 1 15770
0 1 15771
0 1 15773
0 1 15775
0 1 15777
0 1 15782
0 1 15783
0 1 15784
0 1 15786
0 1 15787
0 1 15789
0 1 15790
0 1 15792
0 1 15793
0 1 15794
0 1 15798
0 1 15800
0 1 15801
0 1 15803
0 1 15805
0 1 15807
0 1 15813
0 1 15814
0 1 15815
0 1 15817
0 1 15824
0 1 15826
0 1 15827
0 1 15828
0 1 15835
0 1 15836
0 1 15838
0 1 15840
0 1 15844
0 1 15845
0 1 15848
0 1 15849
0 1 15850
0 1 15852
0 1 15853
0 1 15854
0 1 15857
0 1 15862
0 1 15863
0 1 15866
0 1 15867
0 1 15868
0 1 15871
0 1 15873
0 1 15876
0 1 15880
0 1 15882
0 1 15884
0 1 15887
0 1 15889
0 1 15890
0 1 15892
0 1 15895
0 1 15896
0 1 15898
0 1 15901
0 1 15909
0 1 15913
0 1 15914
0 1 15916
0 1 15917
0 1 15920
0 1 15926
0 1 15927
0 1 15929
0 1 15930
0 1 15931
0 1 15932
0 1 15933
0 1 15934
0 1 15936
0 1 15937
0 1 15939
0 1 15942
0 1 15943
0 1 15945
0 1 15947
0 1 15948
0 1 15949
0 1 15952
0 1 15953
0 1 15954
0 1 15956
0 1 15958
0 1 15959
0 1 15961
0 1 15963
0 1 15967
0 1 15969
0 1 15974
0 1 15975
0 1 15977
0 1 15978
0 1 15980
0 1 15981
0 1 15986
0 1 15990
0 1 15991
0 1 15992
0 1 15994
0 1 15995
0 1 15996
0 1 15997
0 1 15998
0 1 15999
0 1 16000
0 1 16002
0 1 16005
0 1 16006
0 1 16007
0 1 16011
0 1 16013
0 1 16015
0 1 16017
0 1 16018
0 1 16019
0 1 16020
0 1 16022
0 1 16023
0 1 16028
0 1 16030
0 1 16032
0 1 16034
0 1 16038
0 1 16039
0 1 16041
0 1 16044
0 1 16045
0 1 16046
0 1 16047
0 1 16049
0 1 16050
0 1 16057
0 1 16058
0 1 16060
0 1 16061
0 1 16065
0 1 16067
0 1 16071
0 1 16074
0 1 16080
0 1 16082
0 1 16084
0 1 16085
0 1 16089
0 1 16095
0 1 16097
0 1 16099
0 1 16100
0 1 16102
0 1 16104
0 1 16105
0 1 16107
0 1 16108
0 1 16109
0 1 16111
0 1 16112
0 1 16115
0 1 16116
0 1 16118
0 1 16119
0 1 16121
0 1 16122
0 1 16123
0 1 16125
0 1 16127
0 1 16130
0 1 16131
0 1 16132
0 1 16133
0 1 16135
0 1 16136
0 1 16138
0 1 16141
0 1 16145
0 1 16149
0 1 16151
0 1 16153
0 1 16154
0 1 16155
0 1 16156
0 1 16157
0 1 16158
0 1 16160
0 1 16161
0 1 16162
0 1 16163
0 1 16164
0 1 16167
0 1 16169
0 1 16174
0 1 16175
0 1 16181
0 1 16184
0 1 16185
0 1 16186
0 1 16187
0 1 16189
0 1 16190
0 1 16196
0 1 16197
0 1 16198
0 1 16199
0 1 16201
0 1 16203
0 1 16204
0 1 16205
0 1 16207
0 1 16208
0 1 16211
0 1 16213
0 1 16217
0 1 16218
0 1 16219
0 1 16220
0 1 16221
0 1 16222
0 1 16224
0 1 16226
0 1 16227
0 1 16229
0 1 16230
0 1 16231
0 1 16232
0 1 16235
0 1 16239
0 1 16240
0 1 16241
0 1 16242
0 1 16243
0 1 16249
0 1 16252
0 1 16255
0 1 16256
0 1 16257
0 1 16259
0 1 16260
0 1 16261
0 1 16263
0 1 16264
0 1 16269
0 1 16270
0 1 16271
0 1 16280
0 1 16281
0 1 16282
0 1 16285
0 1 16289
0 1 16291
0 1 16293
0 1 16295
0 1 16300
0 1 16302
0 1 16305
0 1 16306
0 1 16307
0 1 16312
0 1 16314
0 1 16315
0 1 16318
0 1 16319
0 1 16321
0 1 16324
0 1 16326
0 1 16327
0 1 16330
0 1 16334
0 1 16342
0 1 16343
0 1 16348
0 1 16349
0 1 16353
0 1 16355
0 1 16360
0 1 16362
0 1 16363
0 1 16365
0 1 16368
0 1 16375
0 1 16376
0 1 16377
0 1 16378
0 1 16379
0 1 16380
0 1 16382
0 1 16384
0 1 16385
0 1 16386
0 1 16387
0 1 16389
0 1 16390
0 1 16392
0 1 16393
0 1 16394
0 1 16397
0 1 16399
0 1 16401
0 1 16403
0 1 16404
0 1 16405
0 1 16406
0 1 16407
0 1 16409
0 1 16417
0 1 16419
0 1 16421
0 1 16422
0 1 16423
0 1 16426
0 1 16432
0 1 16434
0 1 16435
0 1 16437
0 1 16439
0 1 16440
0 1 16443
0 1 16445
0 1 16448
0 1 16449
0 1 16457
0 1 16458
0 1 16460
0 1 16461
0 1 16462
0 1 16467
0 1 16469
0 1 16470
0 1 16473
0 1 16474
0 1 16477
0 1 16478
0 1 16479
0 1 16480
0 1 16482
0 1 16483
0 1 16484
0 1 16485
0 1 16487
0 1 16488
0 1 16491
0 1 16494
0 1 16495
0 1 16496
0 1 16497
0 1 16501
0 1 16503
0 1 16504
0 1 16507
0 1 16509
0 1 16512
0 1 16514
0 1 16515
0 1 16516
0 1 16518
0 1 16522
0 1 16525
0 1 16527
0 1 16528
0 1 16530
0 1 16532
0 1 16533
0 1 16535
0 1 16538
0 1 16539
0 1 16547
0 1 16548
0 1 16549
0 1 16550
0 1 16553
0 1 16554
0 1 16555
0 1 16557
0 1 16563
0 1 16568
0 1 16569
0 1 16570
0 1 16571
0 1 16572
0 1 16575
0 1 16579
0 1 16580
0 1 16581
0 1 16584
0 1 16585
0 1 16589
0 1 16590
0 1 16592
0 1 16593
0 1 16594
0 1 16595
0 1 16596
0 1 16598
0 1 16599
0 1 16603
0 1 16604
0 1 16606
0 1 16607
0 1 16608
0 1 16610
0 1 16611
0 1 16613
0 1 16614
0 1 16615
0 1 16616
0 1 16619
0 1 16621
0 1 16624
0 1 16625
0 1 16627
0 1 16628
0 1 16636
0 1 16638
0 1 16639
0 1 16642
0 1 16643
0 1 16644
0 1 16645
0 1 16646
0 1 16647
0 1 16649
0 1 16654
0 1 16662
0 1 16663
0 1 16665
0 1 16666
0 1 16667
0 1 16670
0 1 16671
0 1 16678
0 1 16680
0 1 16682
0 1 16683
0 1 16684
0 1 16685
0 1 16686
0 1 16687
0 1 16688
0 1 16689
0 1 16693
0 1 16694
0 1 16695
0 1 16697
0 1 16698
0 1 16707
0 1 16708
0 1 16709
0 1 16710
0 1 16714
0 1 16715
0 1 16718
0 1 16719
0 1 16720
0 1 16721
0 1 16722
0 1 16724
0 1 16725
0 1 16733
0 1 16737
0 1 16741
0 1 16744
0 1 16745
0 1 16746
0 1 16747
0 1 16752
0 1 16754
0 1 16755
0 1 16757
0 1 16760
0 1 16761
0 1 16762
0 1 16763
0 1 16765
0 1 16767
0 1 16768
0 1 16769
0 1 16770
0 1 16775
0 1 16777
0 1 16784
0 1 16787
0 1 16788
0 1 16789
0 1 16791
0 1 16793
0 1 16794
0 1 16795
0 1 16797
0 1 16798
0 1 16806
0 1 16808
0 1 16812
0 1 16813
0 1 16814
0 1 16816
0 1 16819
0 1 16820
0 1 16821
0 1 16823
0 1 16824
0 1 16825
0 1 16827
0 1 16828
0 1 16830
0 1 16832
0 1 16834
0 1 16835
0 1 16836
0 1 16839
0 1 16840
0 1 16841
0 1 16842
0 1 16844
0 1 16846
0 1 16848
0 1 16849
0 1 16853
0 1 16854
0 1 16856
0 1 16859
0 1 16860
0 1 16861
0 1 16864
0 1 16865
0 1 16866
0 1 16868
0 1 16870
0 1 16875
0 1 16878
0 1 16879
0 1 16880
0 1 16881
0 1 16883
0 1 16885
0 1 16891
0 1 16894
0 1 16895
0 1 16898
0 1 16899
0 1 16901
0 1 16903
0 1 16906
0 1 16907
0 1 16910
0 1 16911
0 1 16912
0 1 16913
0 1 16915
0 1 16916
0 1 16917
0 1 16918
0 1 16919
0 1 16920
0 1 16921
0 1 16922
0 1 16923
0 1 16924
0 1 16925
0 1 16927
0 1 16928
0 1 16930
0 1 16931
0 1 16932
0 1 16933
0 1 16936
0 1 16937
0 1 16938
0 1 16939
0 1 16942
0 1 16943
0 1 16947
0 1 16948
0 1 16949
0 1 16950
0 1 16952
0 1 16954
0 1 16956
0 1 16958
0 1 16959
0 1 16960
0 1 16963
0 1 16964
0 1 16965
0 1 16967
0 1 16969
0 1 16971
0 1 16973
0 1 16974
0 1 16976
0 1 16978
0 1 16979
0 1 16980
0 1 16984
0 1 16985
0 1 16986
0 1 16987
0 1 16988
0 1 16990
0 1 16991
0 1 16995
0 1 16999
0 1 17001
0 1 17004
0 1 17008
0 1 17010
0 1 17016
0 1 17018
0 1 17019
0 1 17021
0 1 17023
0 1 17024
0 1 17025
0 1 17028
0 1 17029
0 1 17030
0 1 17031
0 1 17034
0 1 17035
0 1 17036
0 1 17037
0 1 17038
0 1 17042
0 1 17047
0 1 17052
0 1 17053
0 1 17055
0 1 17057
0 1 17058
0 1 17059
0 1 17062
0 1 17063
0 1 17064
0 1 17065
0 1 17066
0 1 17068
0 1 17069
0 1 17070
0 1 17073
0 1 17074
0 1 17075
0 1 17076
0 1 17077
0 1 17079
0 1 17082
0 1 17084
0 1 17085
0 1 17086
0 1 17087
0 1 17090
0 1 17092
0 1 17093
0 1 17094
0 1 17097
0 1 17099
0 1 17100
0 1 17101
0 1 17102
0 1 17103
0 1 17105
0 1 17106
0 1 17108
0 1 17110
0 1 17112
0 1 17114
0 1 17115
0 1 17117
0 1 17118
0 1 17119
0 1 17121
0 1 17123
0 1 17125
0 1 17127
0 1 17128
0 1 17130
0 1 17132
0 1 17133
0 1 17134
0 1 17136
0 1 17138
0 1 17139
0 1 17140
0 1 17141
0 1 17144
0 1 17146
0 1 17147
0 1 17148
0 1 17150
0 1 17155
0 1 17156
0 1 17158
0 1 17166
0 1 17167
0 1 17168
0 1 17170
0 1 17171
0 1 17172
0 1 17173
0 1 17174
0 1 17175
0 1 17176
0 1 17177
0 1 17181
0 1 17182
0 1 17184
0 1 17186
0 1 17187
0 1 17192
0 1 17193
0 1 17194
0 1 17195
0 1 17196
0 1 17199
0 1 17201
0 1 17204
0 1 17209
0 1 17215
0 1 17217
0 1 17218
0 1 17220
0 1 17221
0 1 17225
0 1 17226
0 1 17228
0 1 17230
0 1 17231
0 1 17232
0 1 17239
0 1 17240
0 1 17241
0 1 17247
0 1 17248
0 1 17250
0 1 17253
0 1 17255
0 1 17258
0 1 17260
0 1 17261
0 1 17264
0 1 17266
0 1 17269
0 1 17270
0 1 17272
0 1 17273
0 1 17274
0 1 17275
0 1 17277
0 1 17280
0 1 17281
0 1 17282
0 1 17283
0 1 17284
0 1 17285
0 1 17287
0 1 17288
0 1 17289
0 1 17291
0 1 17294
0 1 17297
0 1 17300
0 1 17301
0 1 17305
0 1 17306
0 1 17307
0 1 17313
0 1 17314
0 1 17315
0 1 17320
0 1 17322
0 1 17324
0 1 17325
0 1 17328
0 1 17329
0 1 17330
0 1 17332
0 1 17334
0 1 17336
0 1 17337
0 1 17338
0 1 17339
0 1 17340
0 1 17341
0 1 17342
0 1 17344
0 1 17345
0 1 17346
0 1 17347
0 1 17348
0 1 17350
0 1 17352
0 1 17354
0 1 17359
0 1 17362
0 1 17364
0 1 17366
0 1 17369
0 1 17370
0 1 17374
0 1 17379
0 1 17381
0 1 17384
0 1 17385
0 1 17391
0 1 17393
0 1 17396
0 1 17397
0 1 17400
0 1 17401
0 1 17402
0 1 17405
0 1 17410
0 1 17411
0 1 17412
0 1 17413
0 1 17414
0 1 17419
0 1 17420
0 1 17422
0 1 17423
0 1 17425
0 1 17431
0 1 17433
0 1 17434
0 1 17436
0 1 17439
0 1 17440
0 1 17441
0 1 17442
0 1 17447
0 1 17452
0 1 17453
0 1 17454
0 1 17455
0 1 17457
0 1 17458
0 1 17459
0 1 17461
0 1 17462
0 1 17467
0 1 17468
0 1 17469
0 1 17470
0 1 17475
0 1 17476
0 1 17477
0 1 17479
0 1 17480
0 1 17483
0 1 17485
0 1 17489
0 1 17493
0 1 17496
0 1 17497
0 1 17503
0 1 17505
0 1 17511
0 1 17514
0 1 17516
0 1 17517
0 1 17518
0 1 17520
0 1 17525
0 1 17527
0 1 17529
0 1 17535
0 1 17539
0 1 17540
0 1 17542
0 1 17544
0 1 17545
0 1 17548
0 1 17549
0 1 17550
0 1 17552
0 1 17555
0 1 17558
0 1 17560
0 1 17561
0 1 17562
0 1 17563
0 1 17565
0 1 17567
0 1 17571
0 1 17572
0 1 17575
0 1 17576
0 1 17579
0 1 17581
0 1 17582
0 1 17583
0 1 17586
0 1 17587
0 1 17588
0 1 17591
0 1 17595
0 1 17596
0 1 17597
0 1 17599
0 1 17602
0 1 17604
0 1 17605
0 1 17607
0 1 17610
0 1 17612
0 1 17613
0 1 17614
0 1 17615
0 1 17616
0 1 17617
0 1 17621
0 1 17626
0 1 17628
0 1 17629
0 1 17630
0 1 17631
0 1 17633
0 1 17635
0 1 17636
0 1 17637
0 1 17639
0 1 17641
0 1 17642
0 1 17645
0 1 17647
0 1 17648
0 1 17649
0 1 17650
0 1 17651
0 1 17652
0 1 17653
0 1 17656
0 1 17657
0 1 17659
0 1 17660
0 1 17662
0 1 17666
0 1 17667
0 1 17674
0 1 17676
0 1 17678
0 1 17679
0 1 17682
0 1 17686
0 1 17687
0 1 17688
0 1 17693
0 1 17696
0 1 17699
0 1 17700
0 1 17701
0 1 17703
0 1 17707
0 1 17708
0 1 17709
0 1 17710
0 1 17711
0 1 17712
0 1 17714
0 1 17715
0 1 17718
0 1 17724
0 1 17725
0 1 17733
0 1 17736
0 1 17737
0 1 17738
0 1 17739
0 1 17741
0 1 17742
0 1 17745
0 1 17746
0 1 17750
0 1 17752
0 1 17753
0 1 17755
0 1 17758
0 1 17759
0 1 17762
0 1 17767
0 1 17771
0 1 17772
0 1 17773
0 1 17775
0 1 17776
0 1 17778
0 1 17780
0 1 17781
0 1 17783
0 1 17787
0 1 17790
0 1 17791
0 1 17792
0 1 17793
0 1 17794
0 1 17799
0 1 17800
0 1 17801
0 1 17803
0 1 17804
0 1 17808
0 1 17809
0 1 17811
0 1 17812
0 1 17813
0 1 17814
0 1 17817
0 1 17819
0 1 17822
0 1 17823
0 1 17824
0 1 17825
0 1 17826
0 1 17827
0 1 17829
0 1 17831
0 1 17832
0 1 17834
0 1 17835
0 1 17837
0 1 17838
0 1 17840
0 1 17841
0 1 17842
0 1 17843
0 1 17844
0 1 17847
0 1 17848
0 1 17852
0 1 17853
0 1 17854
0 1 17856
0 1 17857
0 1 17858
0 1 17862
0 1 17867
0 1 17870
0 1 17873
0 1 17874
0 1 17875
0 1 17876
0 1 17877
0 1 17879
0 1 17880
0 1 17881
0 1 17882
0 1 17883
0 1 17884
0 1 17888
0 1 17890
0 1 17891
0 1 17892
0 1 17893
0 1 17895
0 1 17898
0 1 17902
0 1 17904
0 1 17905
0 1 17907
0 1 17908
0 1 17912
0 1 17914
0 1 17916
0 1 17917
0 1 17920
0 1 17922
0 1 17929
0 1 17931
0 1 17936
0 1 17938
0 1 17940
0 1 17942
0 1 17943
0 1 17950
0 1 17951
0 1 17952
0 1 17953
0 1 17954
0 1 17956
0 1 17960
0 1 17963
0 1 17964
0 1 17965
0 1 17967
0 1 17969
0 1 17971
0 1 17972
0 1 17974
0 1 17979
0 1 17980
0 1 17981
0 1 17982
0 1 17984
0 1 17986
0 1 17987
0 1 17988
0 1 17995
0 1 17996
0 1 17997
0 1 17998
0 1 18002
0 1 18010
0 1 18013
0 1 18015
0 1 18016
0 1 18020
0 1 18027
0 1 18029
0 1 18032
0 1 18034
0 1 18037
0 1 18041
0 1 18045
0 1 18046
0 1 18047
0 1 18048
0 1 18050
0 1 18051
0 1 18054
0 1 18055
0 1 18057
0 1 18058
0 1 18059
0 1 18061
0 1 18063
0 1 18065
0 1 18066
0 1 18067
0 1 18068
0 1 18069
0 1 18071
0 1 18072
0 1 18073
0 1 18074
0 1 18075
0 1 18077
0 1 18078
0 1 18082
0 1 18085
0 1 18086
0 1 18087
0 1 18088
0 1 18092
0 1 18095
0 1 18097
0 1 18102
0 1 18103
0 1 18104
0 1 18109
0 1 18112
0 1 18113
0 1 18114
0 1 18115
0 1 18116
0 1 18120
0 1 18121
0 1 18124
0 1 18129
0 1 18137
0 1 18138
0 1 18139
0 1 18142
0 1 18144
0 1 18147
0 1 18148
0 1 18151
0 1 18152
0 1 18154
0 1 18155
0 1 18156
0 1 18157
0 1 18159
0 1 18163
0 1 18165
0 1 18169
0 1 18173
0 1 18174
0 1 18179
0 1 18180
0 1 18181
0 1 18188
0 1 18191
0 1 18192
0 1 18196
0 1 18197
0 1 18199
0 1 18201
0 1 18204
0 1 18206
0 1 18207
0 1 18211
0 1 18214
0 1 18215
0 1 18218
0 1 18222
0 1 18223
0 1 18225
0 1 18228
0 1 18230
0 1 18231
0 1 18233
0 1 18234
0 1 18236
0 1 18237
0 1 18244
0 1 18245
0 1 18246
0 1 18248
0 1 18250
0 1 18251
0 1 18252
0 1 18253
0 1 18256
0 1 18257
0 1 18258
0 1 18259
0 1 18263
0 1 18266
0 1 18268
0 1 18270
0 1 18271
0 1 18274
0 1 18275
0 1 18276
0 1 18278
0 1 18279
0 1 18281
0 1 18282
0 1 18284
0 1 18288
0 1 18290
0 1 18293
0 1 18294
0 1 18295
0 1 18298
0 1 18300
0 1 18301
0 1 18304
0 1 18307
0 1 18309
0 1 18310
0 1 18312
0 1 18315
0 1 18316
0 1 18317
0 1 18320
0 1 18321
0 1 18323
0 1 18326
0 1 18328
0 1 18329
0 1 18330
0 1 18334
0 1 18336
0 1 18340
0 1 18341
0 1 18342
0 1 18343
0 1 18344
0 1 18347
0 1 18348
0 1 18350
0 1 18352
0 1 18355
0 1 18357
0 1 18358
0 1 18359
0 1 18361
0 1 18363
0 1 18366
0 1 18370
0 1 18371
0 1 18372
0 1 18373
0 1 18375
0 1 18377
0 1 18379
0 1 18381
0 1 18382
0 1 18386
0 1 18387
0 1 18389
0 1 18390
0 1 18393
0 1 18394
0 1 18395
0 1 18396
0 1 18397
0 1 18398
0 1 18399
0 1 18401
0 1 18403
0 1 18404
0 1 18405
0 1 18407
0 1 18408
0 1 18409
0 1 18410
0 1 18412
0 1 18414
0 1 18415
0 1 18421
0 1 18423
0 1 18426
0 1 18430
0 1 18431
0 1 18434
0 1 18437
0 1 18438
0 1 18440
0 1 18441
0 1 18442
0 1 18446
0 1 18448
0 1 18449
0 1 18450
0 1 18452
0 1 18453
0 1 18454
0 1 18456
0 1 18457
0 1 18458
0 1 18459
0 1 18460
0 1 18461
0 1 18463
0 1 18464
0 1 18466
0 1 18467
0 1 18470
0 1 18472
0 1 18473
0 1 18474
0 1 18478
0 1 18482
0 1 18483
0 1 18484
0 1 18485
0 1 18486
0 1 18487
0 1 18488
0 1 18493
0 1 18495
0 1 18496
0 1 18497
0 1 18499
0 1 18501
0 1 18503
0 1 18505
0 1 18506
0 1 18507
0 1 18509
0 1 18510
0 1 18511
0 1 18512
0 1 18514
0 1 18515
0 1 18519
0 1 18521
0 1 18523
0 1 18524
0 1 18525
0 1 18526
0 1 18527
0 1 18529
0 1 18534
0 1 18535
0 1 18539
0 1 18540
0 1 18542
0 1 18543
0 1 18546
0 1 18547
0 1 18548
0 1 18549
0 1 18551
0 1 18552
0 1 18554
0 1 18556
0 1 18559
0 1 18562
0 1 18564
0 1 18565
0 1 18574
0 1 18579
0 1 18585
0 1 18588
0 1 18590
0 1 18592
0 1 18595
0 1 18596
0 1 18597
0 1 18602
0 1 18603
0 1 18605
0 1 18607
0 1 18609
0 1 18610
0 1 18615
0 1 18616
0 1 18617
0 1 18620
0 1 18621
0 1 18624
0 1 18625
0 1 18627
0 1 18628
0 1 18629
0 1 18630
0 1 18631
0 1 18632
0 1 18634
0 1 18635
0 1 18637
0 1 18638
0 1 18639
0 1 18641
0 1 18643
0 1 18644
0 1 18645
0 1 18647
0 1 18651
0 1 18652
0 1 18655
0 1 18656
0 1 18659
0 1 18660
0 1 18661
0 1 18663
0 1 18664
0 1 18665
0 1 18666
0 1 18671
0 1 18672
0 1 18674
0 1 18677
0 1 18678
0 1 18680
0 1 18682
0 1 18683
0 1 18687
0 1 18688
0 1 18690
0 1 18691
0 1 18693
0 1 18694
0 1 18696
0 1 18697
0 1 18699
0 1 18702
0 1 18705
0 1 18706
0 1 18707
0 1 18709
0 1 18713
0 1 18715
0 1 18716
0 1 18717
0 1 18719
0 1 18721
0 1 18722
0 1 18724
0 1 18725
0 1 18727
0 1 18729
0 1 18730
0 1 18733
0 1 18734
0 1 18735
0 1 18736
0 1 18737
0 1 18738
0 1 18740
0 1 18742
0 1 18747
0 1 18749
0 1 18750
0 1 18752
0 1 18753
0 1 18754
0 1 18756
0 1 18757
0 1 18759
0 1 18764
0 1 18765
0 1 18770
0 1 18773
0 1 18774
0 1 18777
0 1 18778
0 1 18780
0 1 18782
0 1 18783
0 1 18784
0 1 18787
0 1 18791
0 1 18794
0 1 18795
0 1 18799
0 1 18801
0 1 18802
0 1 18805
0 1 18806
0 1 18807
0 1 18808
0 1 18811
0 1 18815
0 1 18818
0 1 18819
0 1 18820
0 1 18821
0 1 18825
0 1 18826
0 1 18827
0 1 18830
0 1 18831
0 1 18832
0 1 18833
0 1 18836
0 1 18838
0 1 18840
0 1 18841
0 1 18843
0 1 18846
0 1 18847
0 1 18848
0 1 18850
0 1 18851
0 1 18855
0 1 18857
0 1 18861
0 1 18863
0 1 18865
0 1 18866
0 1 18867
0 1 18870
0 1 18873
0 1 18874
0 1 18875
0 1 18879
0 1 18881
0 1 18882
0 1 18883
0 1 18885
0 1 18889
0 1 18890
0 1 18892
0 1 18893
0 1 18896
0 1 18897
0 1 18898
0 1 18899
0 1 18901
0 1 18903
0 1 18904
0 1 18905
0 1 18906
0 1 18907
0 1 18909
0 1 18915
0 1 18916
0 1 18918
0 1 18919
0 1 18923
0 1 18926
0 1 18928
0 1 18929
0 1 18931
0 1 18932
0 1 18933
0 1 18934
0 1 18935
0 1 18937
0 1 18938
0 1 18940
0 1 18941
0 1 18942
0 1 18943
0 1 18944
0 1 18946
0 1 18948
0 1 18949
0 1 18952
0 1 18954
0 1 18955
0 1 18957
0 1 18958
0 1 18961
0 1 18963
0 1 18965
0 1 18968
0 1 18971
0 1 18977
0 1 18978
0 1 18980
0 1 18981
0 1 18984
0 1 18985
0 1 18987
0 1 18989
0 1 18990
0 1 18993
0 1 18997
0 1 18998
0 1 18999
0 1 19002
0 1 19005
0 1 19007
0 1 19008
0 1 19011
0 1 19013
0 1 19016
0 1 19024
0 1 19026
0 1 19027
0 1 19029
0 1 19030
0 1 19032
0 1 19033
0 1 19034
0 1 19036
0 1 19037
0 1 19038
0 1 19041
0 1 19045
0 1 19046
0 1 19047
0 1 19049
0 1 19052
0 1 19053
0 1 19057
0 1 19058
0 1 19059
0 1 19061
0 1 19062
0 1 19063
0 1 19064
0 1 19065
0 1 19066
0 1 19067
0 1 19068
0 1 19074
0 1 19076
0 1 19077
0 1 19081
0 1 19084
0 1 19088
0 1 19089
0 1 19091
0 1 19092
0 1 19093
0 1 19094
0 1 19097
0 1 19099
0 1 19100
0 1 19101
0 1 19102
0 1 19103
0 1 19104
0 1 19105
0 1 19107
0 1 19108
0 1 19115
0 1 19116
0 1 19118
0 1 19119
0 1 19120
0 1 19123
0 1 19124
0 1 19125
0 1 19126
0 1 19128
0 1 19129
0 1 19130
0 1 19131
0 1 19132
0 1 19133
0 1 19134
0 1 19136
0 1 19137
0 1 19138
0 1 19139
0 1 19140
0 1 19143
0 1 19147
0 1 19148
0 1 19149
0 1 19150
0 1 19158
0 1 19159
0 1 19163
0 1 19164
0 1 19165
0 1 19166
0 1 19168
0 1 19170
0 1 19172
0 1 19174
0 1 19176
0 1 19178
0 1 19179
0 1 19181
0 1 19184
0 1 19185
0 1 19187
0 1 19189
0 1 19190
0 1 19191
0 1 19193
0 1 19197
0 1 19198
0 1 19201
0 1 19203
0 1 19204
0 1 19205
0 1 19210
0 1 19211
0 1 19213
0 1 19214
0 1 19216
0 1 19218
0 1 19224
0 1 19225
0 1 19226
0 1 19231
0 1 19234
0 1 19241
0 1 19243
0 1 19244
0 1 19245
0 1 19247
0 1 19250
0 1 19251
0 1 19253
0 1 19254
0 1 19255
0 1 19256
0 1 19261
0 1 19262
0 1 19267
0 1 19269
0 1 19270
0 1 19273
0 1 19274
0 1 19279
0 1 19280
0 1 19282
0 1 19283
0 1 19284
0 1 19285
0 1 19286
0 1 19291
0 1 19292
0 1 19293
0 1 19294
0 1 19295
0 1 19296
0 1 19297
0 1 19298
0 1 19301
0 1 19302
0 1 19305
0 1 19308
0 1 19309
0 1 19311
0 1 19312
0 1 19314
0 1 19315
0 1 19316
0 1 19317
0 1 19319
0 1 19320
0 1 19324
0 1 19325
0 1 19326
0 1 19333
0 1 19334
0 1 19338
0 1 19341
0 1 19343
0 1 19347
0 1 19348
0 1 19350
0 1 19352
0 1 19354
0 1 19355
0 1 19357
0 1 19358
0 1 19360
0 1 19361
0 1 19363
0 1 19364
0 1 19366
0 1 19371
0 1 19372
0 1 19374
0 1 19378
0 1 19380
0 1 19383
0 1 19385
0 1 19387
0 1 19388
0 1 19391
0 1 19399
0 1 19403
0 1 19404
0 1 19405
0 1 19407
0 1 19408
0 1 19411
0 1 19413
0 1 19416
0 1 19417
0 1 19419
0 1 19421
0 1 19422
0 1 19423
0 1 19424
0 1 19426
0 1 19427
0 1 19428
0 1 19432
0 1 19434
0 1 19435
0 1 19436
0 1 19437
0 1 19439
0 1 19441
0 1 19442
0 1 19443
0 1 19444
0 1 19446
0 1 19449
0 1 19454
0 1 19455
0 1 19457
0 1 19459
0 1 19460
0 1 19464
0 1 19465
0 1 19466
0 1 19468
0 1 19470
0 1 19471
0 1 19472
0 1 19474
0 1 19475
0 1 19478
0 1 19479
0 1 19480
0 1 19481
0 1 19482
0 1 19484
0 1 19485
0 1 19487
0 1 19488
0 1 19489
0 1 19491
0 1 19492
0 1 19494
0 1 19495
0 1 19497
0 1 19500
0 1 19503
0 1 19507
0 1 19508
0 1 19510
0 1 19511
0 1 19512
0 1 19515
0 1 19516
0 1 19517
0 1 19519
0 1 19520
0 1 19522
0 1 19524
0 1 19525
0 1 19527
0 1 19528
0 1 19531
0 1 19532
0 1 19537
0 1 19540
0 1 19543
0 1 19544
0 1 19546
0 1 19548
0 1 19552
0 1 19554
0 1 19557
0 1 19558
0 1 19560
0 1 19562
0 1 19563
0 1 19566
0 1 19567
0 1 19570
0 1 19576
0 1 19577
0 1 19579
0 1 19583
0 1 19586
0 1 19587
0 1 19589
0 1 19590
0 1 19592
0 1 19594
0 1 19595
0 1 19597
0 1 19598
0 1 19601
0 1 19604
0 1 19605
0 1 19609
0 1 19610
0 1 19612
0 1 19613
0 1 19615
0 1 19616
0 1 19617
0 1 19618
0 1 19621
0 1 19622
0 1 19625
0 1 19628
0 1 19631
0 1 19632
0 1 19633
0 1 19635
0 1 19640
0 1 19641
0 1 19644
0 1 19645
0 1 19647
0 1 19648
0 1 19650
0 1 19653
0 1 19654
0 1 19655
0 1 19656
0 1 19657
0 1 19658
0 1 19659
0 1 19662
0 1 19663
0 1 19666
0 1 19669
0 1 19673
0 1 19676
0 1 19679
0 1 19681
0 1 19683
0 1 19686
0 1 19688
0 1 19689
0 1 19692
0 1 19695
0 1 19696
0 1 19697
0 1 19700
0 1 19701
0 1 19702
0 1 19705
0 1 19708
0 1 19710
0 1 19712
0 1 19713
0 1 19714
0 1 19715
0 1 19716
0 1 19717
0 1 19720
0 1 19723
0 1 19725
0 1 19726
0 1 19728
0 1 19729
0 1 19731
0 1 19735
0 1 19736
0 1 19739
0 1 19741
0 1 19743
0 1 19745
0 1 19747
0 1 19749
0 1 19750
0 1 19752
0 1 19756
0 1 19758
0 1 19761
0 1 19762
0 1 19763
0 1 19764
0 1 19765
0 1 19766
0 1 19769
0 1 19770
0 1 19774
0 1 19777
0 1 19778
0 1 19779
0 1 19780
0 1 19781
0 1 19782
0 1 19784
0 1 19787
0 1 19789
0 1 19791
0 1 19794
0 1 19796
0 1 19797
0 1 19799
0 1 19801
0 1 19802
0 1 19803
0 1 19805
0 1 19806
0 1 19809
0 1 19813
0 1 19815
0 1 19816
0 1 19819
0 1 19820
0 1 19821
0 1 19822
0 1 19824
0 1 19825
0 1 19829
0 1 19830
0 1 19831
0 1 19833
0 1 19836
0 1 19838
0 1 19839
0 1 19840
0 1 19841
0 1 19844
0 1 19845
0 1 19846
0 1 19848
0 1 19849
0 1 19852
0 1 19855
0 1 19858
0 1 19859
0 1 19867
0 1 19868
0 1 19869
0 1 19870
0 1 19871
0 1 19873
0 1 19874
0 1 19875
0 1 19877
0 1 19878
0 1 19880
0 1 19881
0 1 19882
0 1 19883
0 1 19885
0 1 19886
0 1 19889
0 1 19890
0 1 19892
0 1 19894
0 1 19895
0 1 19898
0 1 19899
0 1 19902
0 1 19903
0 1 19904
0 1 19905
0 1 19908
0 1 19911
0 1 19914
0 1 19915
0 1 19916
0 1 19920
0 1 19921
0 1 19922
0 1 19925
0 1 19928
0 1 19929
0 1 19930
0 1 19934
0 1 19936
0 1 19937
0 1 19939
0 1 19940
0 1 19943
0 1 19945
0 1 19947
0 1 19949
0 1 19950
0 1 19953
0 1 19956
0 1 19960
0 1 19963
0 1 19965
0 1 19967
0 1 19969
0 1 19970
0 1 19972
0 1 19974
0 1 19975
0 1 19977
0 1 19980
0 1 19982
0 1 19984
0 1 19989
0 1 19992
0 1 19994
0 1 19995
0 1 19996
0 1 19998
0 1 19999
0 1 20004
0 1 20006
0 1 20009
0 1 20010
0 1 20013
0 1 20014
0 1 20017
0 1 20019
0 1 20020
0 1 20024
0 1 20025
0 1 20026
0 1 20029
0 1 20031
0 1 20034
0 1 20036
0 1 20038
0 1 20039
0 1 20041
0 1 20042
0 1 20044
0 1 20049
0 1 20051
0 1 20052
0 1 20056
0 1 20057
0 1 20058
0 1 20060
0 1 20062
0 1 20063
0 1 20069
0 1 20070
0 1 20071
0 1 20072
0 1 20074
0 1 20076
0 1 20077
0 1 20080
0 1 20081
0 1 20083
0 1 20085
0 1 20086
0 1 20090
0 1 20092
0 1 20093
0 1 20094
0 1 20095
0 1 20096
0 1 20099
0 1 20100
0 1 20103
0 1 20106
0 1 20107
0 1 20108
0 1 20111
0 1 20112
0 1 20114
0 1 20115
0 1 20116
0 1 20117
0 1 20118
0 1 20120
0 1 20121
0 1 20126
0 1 20127
0 1 20129
0 1 20130
0 1 20137
0 1 20138
0 1 20139
0 1 20141
0 1 20143
0 1 20145
0 1 20146
0 1 20148
0 1 20149
0 1 20150
0 1 20151
0 1 20152
0 1 20153
0 1 20155
0 1 20156
0 1 20157
0 1 20158
0 1 20159
0 1 20160
0 1 20162
0 1 20163
0 1 20164
0 1 20165
0 1 20166
0 1 20168
0 1 20170
0 1 20172
0 1 20173
0 1 20174
0 1 20175
0 1 20176
0 1 20177
0 1 20178
0 1 20179
0 1 20181
0 1 20182
0 1 20184
0 1 20185
0 1 20187
0 1 20188
0 1 20191
0 1 20194
0 1 20196
0 1 20200
0 1 20203
0 1 20204
0 1 20206
0 1 20209
0 1 20210
0 1 20213
0 1 20214
0 1 20216
0 1 20218
0 1 20220
0 1 20222
0 1 20225
0 1 20226
0 1 20228
0 1 20229
0 1 20231
0 1 20233
0 1 20234
0 1 20235
0 1 20237
0 1 20241
0 1 20242
0 1 20243
0 1 20247
0 1 20248
0 1 20249
0 1 20250
0 1 20252
0 1 20253
0 1 20255
0 1 20257
0 1 20264
0 1 20265
0 1 20267
0 1 20269
0 1 20272
0 1 20273
0 1 20275
0 1 20276
0 1 20278
0 1 20279
0 1 20282
0 1 20287
0 1 20288
0 1 20289
0 1 20290
0 1 20295
0 1 20296
0 1 20297
0 1 20299
0 1 20303
0 1 20304
0 1 20308
0 1 20309
0 1 20312
0 1 20313
0 1 20316
0 1 20317
0 1 20319
0 1 20321
0 1 20325
0 1 20326
0 1 20327
0 1 20329
0 1 20330
0 1 20336
0 1 20337
0 1 20338
0 1 20339
0 1 20340
0 1 20342
0 1 20344
0 1 20345
0 1 20346
0 1 20350
0 1 20351
0 1 20352
0 1 20354
0 1 20356
0 1 20362
0 1 20368
0 1 20371
0 1 20373
0 1 20375
0 1 20376
0 1 20387
0 1 20388
0 1 20389
0 1 20392
0 1 20393
0 1 20394
0 1 20395
0 1 20396
0 1 20399
0 1 20400
0 1 20401
0 1 20403
0 1 20406
0 1 20409
0 1 20412
0 1 20413
0 1 20414
0 1 20416
0 1 20417
0 1 20418
0 1 20420
0 1 20421
0 1 20422
0 1 20423
0 1 20425
0 1 20426
0 1 20427
0 1 20431
0 1 20433
0 1 20435
0 1 20436
0 1 20437
0 1 20443
0 1 20444
0 1 20446
0 1 20447
0 1 20449
0 1 20452
0 1 20453
0 1 20454
0 1 20462
0 1 20463
0 1 20467
0 1 20468
0 1 20470
0 1 20471
0 1 20472
0 1 20474
0 1 20475
0 1 20477
0 1 20478
0 1 20480
0 1 20481
0 1 20482
0 1 20484
0 1 20486
0 1 20487
0 1 20490
0 1 20492
0 1 20493
0 1 20496
0 1 20497
0 1 20500
0 1 20503
0 1 20504
0 1 20505
0 1 20507
0 1 20508
0 1 20511
0 1 20512
0 1 20515
0 1 20516
0 1 20518
0 1 20519
0 1 20520
0 1 20521
0 1 20522
0 1 20523
0 1 20524
0 1 20527
0 1 20528
0 1 20531
0 1 20535
0 1 20537
0 1 20538
0 1 20539
0 1 20542
0 1 20544
0 1 20545
0 1 20546
0 1 20547
0 1 20548
0 1 20549
0 1 20551
0 1 20552
0 1 20553
0 1 20557
0 1 20567
0 1 20568
0 1 20569
0 1 20570
0 1 20571
0 1 20572
0 1 20574
0 1 20581
0 1 20587
0 1 20590
0 1 20591
0 1 20593
0 1 20594
0 1 20595
0 1 20596
0 1 20600
0 1 20602
0 1 20604
0 1 20605
0 1 20608
0 1 20614
0 1 20619
0 1 20621
0 1 20622
0 1 20623
0 1 20624
0 1 20626
0 1 20627
0 1 20628
0 1 20635
0 1 20637
0 1 20639
0 1 20641
0 1 20642
0 1 20643
0 1 20644
0 1 20645
0 1 20647
0 1 20648
0 1 20653
0 1 20656
0 1 20659
0 1 20661
0 1 20664
0 1 20666
0 1 20667
0 1 20668
0 1 20672
0 1 20673
0 1 20675
0 1 20678
0 1 20680
0 1 20682
0 1 20685
0 1 20686
0 1 20687
0 1 20688
0 1 20689
0 1 20690
0 1 20691
0 1 20692
0 1 20693
0 1 20694
0 1 20696
0 1 20697
0 1 20701
0 1 20702
0 1 20703
0 1 20706
0 1 20708
0 1 20709
0 1 20710
0 1 20714
0 1 20715
0 1 20716
0 1 20719
0 1 20720
0 1 20721
0 1 20722
0 1 20723
0 1 20725
0 1 20726
0 1 20729
0 1 20732
0 1 20734
0 1 20735
0 1 20736
0 1 20737
0 1 20738
0 1 20739
0 1 20745
0 1 20746
0 1 20747
0 1 20748
0 1 20751
0 1 20758
0 1 20760
0 1 20763
0 1 20764
0 1 20765
0 1 20766
0 1 20768
0 1 20771
0 1 20775
0 1 20776
0 1 20777
0 1 20778
0 1 20781
0 1 20783
0 1 20784
0 1 20786
0 1 20789
0 1 20792
0 1 20794
0 1 20796
0 1 20799
0 1 20800
0 1 20805
0 1 20807
0 1 20808
0 1 20810
0 1 20813
0 1 20814
0 1 20815
0 1 20819
0 1 20821
0 1 20823
0 1 20824
0 1 20825
0 1 20827
0 1 20828
0 1 20829
0 1 20830
0 1 20832
0 1 20834
0 1 20835
0 1 20836
0 1 20840
0 1 20841
0 1 20843
0 1 20845
0 1 20848
0 1 20850
0 1 20853
0 1 20858
0 1 20861
0 1 20868
0 1 20869
0 1 20870
0 1 20872
0 1 20873
0 1 20874
0 1 20876
0 1 20877
0 1 20878
0 1 20879
0 1 20881
0 1 20882
0 1 20884
0 1 20886
0 1 20887
0 1 20890
0 1 20896
0 1 20900
0 1 20901
0 1 20904
0 1 20905
0 1 20907
0 1 20909
0 1 20910
0 1 20911
0 1 20912
0 1 20913
0 1 20914
0 1 20915
0 1 20916
0 1 20917
0 1 20919
0 1 20921
0 1 20922
0 1 20927
0 1 20928
0 1 20930
0 1 20931
0 1 20932
0 1 20933
0 1 20935
0 1 20936
0 1 20940
0 1 20942
0 1 20943
0 1 20944
0 1 20948
0 1 20949
0 1 20951
0 1 20952
0 1 20953
0 1 20955
0 1 20956
0 1 20959
0 1 20963
0 1 20965
0 1 20969
0 1 20970
0 1 20971
0 1 20973
0 1 20974
0 1 20975
0 1 20978
0 1 20980
0 1 20981
0 1 20982
0 1 20985
0 1 20987
0 1 20988
0 1 20989
0 1 20990
0 1 20993
0 1 20995
0 1 20999
0 1 21000
0 1 21001
0 1 21003
0 1 21004
0 1 21005
0 1 21009
0 1 21016
0 1 21018
0 1 21022
0 1 21023
0 1 21026
0 1 21028
0 1 21030
0 1 21032
0 1 21033
0 1 21037
0 1 21039
0 1 21041
0 1 21043
0 1 21044
0 1 21045
0 1 21046
0 1 21048
0 1 21049
0 1 21051
0 1 21054
0 1 21055
0 1 21057
0 1 21058
0 1 21059
0 1 21061
0 1 21064
0 1 21065
0 1 21066
0 1 21068
0 1 21072
0 1 21075
0 1 21079
0 1 21080
0 1 21082
0 1 21085
0 1 21086
0 1 21087
0 1 21088
0 1 21089
0 1 21090
0 1 21092
0 1 21094
0 1 21095
0 1 21097
0 1 21098
0 1 21100
0 1 21102
0 1 21104
0 1 21105
0 1 21111
0 1 21112
0 1 21116
0 1 21120
0 1 21121
0 1 21124
0 1 21126
0 1 21130
0 1 21132
0 1 21133
0 1 21134
0 1 21135
0 1 21136
0 1 21139
0 1 21141
0 1 21142
0 1 21143
0 1 21145
0 1 21146
0 1 21148
0 1 21150
0 1 21151
0 1 21154
0 1 21156
0 1 21157
0 1 21158
0 1 21160
0 1 21162
0 1 21164
0 1 21165
0 1 21167
0 1 21168
0 1 21169
0 1 21172
0 1 21174
0 1 21178
0 1 21180
0 1 21182
0 1 21185
0 1 21193
0 1 21194
0 1 21195
0 1 21197
0 1 21198
0 1 21200
0 1 21201
0 1 21203
0 1 21204
0 1 21211
0 1 21212
0 1 21214
0 1 21215
0 1 21216
0 1 21217
0 1 21218
0 1 21222
0 1 21223
0 1 21225
0 1 21227
0 1 21231
0 1 21232
0 1 21235
0 1 21238
0 1 21241
0 1 21243
0 1 21246
0 1 21248
0 1 21252
0 1 21253
0 1 21254
0 1 21255
0 1 21259
0 1 21260
0 1 21265
0 1 21268
0 1 21273
0 1 21275
0 1 21277
0 1 21278
0 1 21279
0 1 21281
0 1 21282
0 1 21288
0 1 21290
0 1 21292
0 1 21295
0 1 21296
0 1 21297
0 1 21298
0 1 21299
0 1 21300
0 1 21301
0 1 21303
0 1 21305
0 1 21306
0 1 21307
0 1 21308
0 1 21309
0 1 21310
0 1 21311
0 1 21312
0 1 21314
0 1 21319
0 1 21322
0 1 21328
0 1 21330
0 1 21333
0 1 21338
0 1 21339
0 1 21341
0 1 21344
0 1 21345
0 1 21346
0 1 21348
0 1 21349
0 1 21351
0 1 21354
0 1 21355
0 1 21356
0 1 21360
0 1 21361
0 1 21364
0 1 21366
0 1 21367
0 1 21373
0 1 21377
0 1 21378
0 1 21379
0 1 21380
0 1 21381
0 1 21383
0 1 21384
0 1 21386
0 1 21387
0 1 21391
0 1 21392
0 1 21393
0 1 21394
0 1 21395
0 1 21396
0 1 21403
0 1 21405
0 1 21406
0 1 21407
0 1 21411
0 1 21412
0 1 21414
0 1 21417
0 1 21419
0 1 21420
0 1 21423
0 1 21425
0 1 21426
0 1 21431
0 1 21435
0 1 21438
0 1 21440
0 1 21442
0 1 21443
0 1 21445
0 1 21447
0 1 21450
0 1 21452
0 1 21455
0 1 21458
0 1 21460
0 1 21463
0 1 21470
0 1 21471
0 1 21472
0 1 21473
0 1 21475
0 1 21477
0 1 21480
0 1 21481
0 1 21486
0 1 21487
0 1 21488
0 1 21490
0 1 21493
0 1 21494
0 1 21502
0 1 21507
0 1 21508
0 1 21509
0 1 21511
0 1 21513
0 1 21514
0 1 21519
0 1 21524
0 1 21528
0 1 21529
0 1 21530
0 1 21531
0 1 21532
0 1 21535
0 1 21536
0 1 21537
0 1 21540
0 1 21541
0 1 21545
0 1 21546
0 1 21547
0 1 21548
0 1 21549
0 1 21551
0 1 21557
0 1 21560
0 1 21561
0 1 21563
0 1 21565
0 1 21567
0 1 21570
0 1 21572
0 1 21576
0 1 21578
0 1 21580
0 1 21581
0 1 21582
0 1 21583
0 1 21584
0 1 21586
0 1 21587
0 1 21589
0 1 21590
0 1 21591
0 1 21593
0 1 21595
0 1 21596
0 1 21597
0 1 21598
0 1 21600
0 1 21601
0 1 21602
0 1 21606
0 1 21607
0 1 21608
0 1 21609
0 1 21611
0 1 21613
0 1 21614
0 1 21617
0 1 21620
0 1 21623
0 1 21624
0 1 21625
0 1 21626
0 1 21627
0 1 21631
0 1 21632
0 1 21635
0 1 21636
0 1 21637
0 1 21639
0 1 21640
0 1 21642
0 1 21643
0 1 21644
0 1 21647
0 1 21648
0 1 21649
0 1 21650
0 1 21656
0 1 21658
0 1 21659
0 1 21663
0 1 21665
0 1 21668
0 1 21670
0 1 21672
0 1 21674
0 1 21676
0 1 21677
0 1 21681
0 1 21682
0 1 21684
0 1 21686
0 1 21688
0 1 21692
0 1 21696
0 1 21697
0 1 21699
0 1 21702
0 1 21705
0 1 21707
0 1 21709
0 1 21710
0 1 21711
0 1 21712
0 1 21713
0 1 21714
0 1 21715
0 1 21716
0 1 21718
0 1 21721
0 1 21722
0 1 21730
0 1 21733
0 1 21735
0 1 21736
0 1 21737
0 1 21738
0 1 21741
0 1 21742
0 1 21744
0 1 21745
0 1 21747
0 1 21749
0 1 21750
0 1 21752
0 1 21755
0 1 21756
0 1 21758
0 1 21759
0 1 21762
0 1 21764
0 1 21768
0 1 21770
0 1 21771
0 1 21772
0 1 21773
0 1 21777
0 1 21779
0 1 21781
0 1 21783
0 1 21784
0 1 21785
0 1 21786
0 1 21788
0 1 21790
0 1 21791
0 1 21794
0 1 21795
0 1 21797
0 1 21801
0 1 21802
0 1 21804
0 1 21808
0 1 21810
0 1 21811
0 1 21813
0 1 21815
0 1 21817
0 1 21818
0 1 21819
0 1 21821
0 1 21824
0 1 21826
0 1 21827
0 1 21828
0 1 21829
0 1 21832
0 1 21834
0 1 21835
0 1 21837
0 1 21840
0 1 21841
0 1 21844
0 1 21845
0 1 21846
0 1 21847
0 1 21848
0 1 21850
0 1 21851
0 1 21852
0 1 21853
0 1 21854
0 1 21855
0 1 21859
0 1 21861
0 1 21862
0 1 21864
0 1 21865
0 1 21869
0 1 21872
0 1 21874
0 1 21876
0 1 21878
0 1 21880
0 1 21881
0 1 21883
0 1 21884
0 1 21888
0 1 21889
0 1 21892
0 1 21895
0 1 21897
0 1 21899
0 1 21900
0 1 21903
0 1 21904
0 1 21905
0 1 21911
0 1 21912
0 1 21914
0 1 21915
0 1 21917
0 1 21919
0 1 21920
0 1 21922
0 1 21923
0 1 21924
0 1 21926
0 1 21928
0 1 21930
0 1 21931
0 1 21932
0 1 21933
0 1 21936
0 1 21938
0 1 21939
0 1 21942
0 1 21943
0 1 21944
0 1 21950
0 1 21951
0 1 21956
0 1 21957
0 1 21958
0 1 21959
0 1 21960
0 1 21962
0 1 21963
0 1 21964
0 1 21966
0 1 21968
0 1 21970
0 1 21971
0 1 21974
0 1 21979
0 1 21984
0 1 21985
0 1 21989
0 1 21991
0 1 21992
0 1 21994
0 1 21995
0 1 21996
0 1 21997
0 1 22000
0 1 22002
0 1 22009
0 1 22010
0 1 22012
0 1 22013
0 1 22020
0 1 22022
0 1 22023
0 1 22025
0 1 22027
0 1 22029
0 1 22031
0 1 22032
0 1 22036
0 1 22037
0 1 22038
0 1 22039
0 1 22041
0 1 22043
0 1 22044
0 1 22049
0 1 22050
0 1 22051
0 1 22052
0 1 22054
0 1 22055
0 1 22056
0 1 22059
0 1 22060
0 1 22061
0 1 22063
0 1 22066
0 1 22067
0 1 22069
0 1 22072
0 1 22074
0 1 22075
0 1 22077
0 1 22078
0 1 22079
0 1 22085
0 1 22086
0 1 22088
0 1 22089
0 1 22090
0 1 22091
0 1 22092
0 1 22094
0 1 22096
0 1 22098
0 1 22100
0 1 22102
0 1 22103
0 1 22104
0 1 22106
0 1 22114
0 1 22117
0 1 22120
0 1 22121
0 1 22122
0 1 22125
0 1 22127
0 1 22131
0 1 22135
0 1 22138
0 1 22140
0 1 22142
0 1 22145
0 1 22147
0 1 22150
0 1 22152
0 1 22156
0 1 22157
0 1 22164
0 1 22165
0 1 22166
0 1 22167
0 1 22171
0 1 22172
0 1 22173
0 1 22175
0 1 22177
0 1 22178
0 1 22179
0 1 22180
0 1 22181
0 1 22182
0 1 22183
0 1 22186
0 1 22189
0 1 22192
0 1 22193
0 1 22195
0 1 22196
0 1 22197
0 1 22201
0 1 22204
0 1 22205
0 1 22207
0 1 22210
0 1 22211
0 1 22217
0 1 22220
0 1 22222
0 1 22223
0 1 22224
0 1 22225
0 1 22228
0 1 22229
0 1 22230
0 1 22231
0 1 22232
0 1 22233
0 1 22235
0 1 22237
0 1 22239
0 1 22240
0 1 22242
0 1 22244
0 1 22245
0 1 22248
0 1 22250
0 1 22251
0 1 22252
0 1 22253
0 1 22254
0 1 22255
0 1 22257
0 1 22258
0 1 22264
0 1 22265
0 1 22267
0 1 22268
0 1 22272
0 1 22274
0 1 22276
0 1 22278
0 1 22284
0 1 22292
0 1 22294
0 1 22295
0 1 22297
0 1 22299
0 1 22300
0 1 22303
0 1 22307
0 1 22308
0 1 22310
0 1 22311
0 1 22314
0 1 22319
0 1 22321
0 1 22322
0 1 22323
0 1 22324
0 1 22325
0 1 22329
0 1 22331
0 1 22333
0 1 22336
0 1 22341
0 1 22343
0 1 22347
0 1 22348
0 1 22349
0 1 22352
0 1 22354
0 1 22356
0 1 22362
0 1 22364
0 1 22369
0 1 22372
0 1 22374
0 1 22375
0 1 22376
0 1 22377
0 1 22378
0 1 22384
0 1 22390
0 1 22391
0 1 22392
0 1 22393
0 1 22395
0 1 22397
0 1 22399
0 1 22400
0 1 22401
0 1 22404
0 1 22405
0 1 22410
0 1 22411
0 1 22412
0 1 22413
0 1 22416
0 1 22418
0 1 22421
0 1 22422
0 1 22423
0 1 22426
0 1 22429
0 1 22431
0 1 22432
0 1 22433
0 1 22434
0 1 22441
0 1 22443
0 1 22444
0 1 22445
0 1 22451
0 1 22454
0 1 22455
0 1 22456
0 1 22459
0 1 22461
0 1 22463
0 1 22466
0 1 22467
0 1 22469
0 1 22470
0 1 22472
0 1 22475
0 1 22476
0 1 22479
0 1 22481
0 1 22483
0 1 22484
0 1 22485
0 1 22486
0 1 22487
0 1 22488
0 1 22489
0 1 22491
0 1 22493
0 1 22494
0 1 22496
0 1 22498
0 1 22499
0 1 22501
0 1 22502
0 1 22504
0 1 22509
0 1 22510
0 1 22511
0 1 22512
0 1 22514
0 1 22515
0 1 22517
0 1 22519
0 1 22525
0 1 22529
0 1 22531
0 1 22534
0 1 22535
0 1 22538
0 1 22540
0 1 22543
0 1 22545
0 1 22546
0 1 22547
0 1 22549
0 1 22550
0 1 22552
0 1 22553
0 1 22554
0 1 22557
0 1 22558
0 1 22559
0 1 22560
0 1 22562
0 1 22565
0 1 22566
0 1 22567
0 1 22568
0 1 22574
0 1 22579
0 1 22581
0 1 22582
0 1 22583
0 1 22585
0 1 22586
0 1 22587
0 1 22588
0 1 22590
0 1 22595
0 1 22597
0 1 22600
0 1 22604
0 1 22605
0 1 22606
0 1 22607
0 1 22609
0 1 22610
0 1 22611
0 1 22612
0 1 22614
0 1 22615
0 1 22617
0 1 22618
0 1 22620
0 1 22621
0 1 22624
0 1 22626
0 1 22630
0 1 22631
0 1 22633
0 1 22634
0 1 22636
0 1 22637
0 1 22640
0 1 22641
0 1 22642
0 1 22644
0 1 22646
0 1 22648
0 1 22651
0 1 22652
0 1 22653
0 1 22654
0 1 22655
0 1 22657
0 1 22658
0 1 22662
0 1 22664
0 1 22668
0 1 22670
0 1 22671
0 1 22674
0 1 22677
0 1 22682
0 1 22688
0 1 22689
0 1 22690
0 1 22691
0 1 22694
0 1 22696
0 1 22697
0 1 22701
0 1 22706
0 1 22708
0 1 22711
0 1 22712
0 1 22714
0 1 22715
0 1 22717
0 1 22718
0 1 22719
0 1 22720
0 1 22721
0 1 22723
0 1 22724
0 1 22725
0 1 22726
0 1 22727
0 1 22730
0 1 22737
0 1 22738
0 1 22739
0 1 22740
0 1 22744
0 1 22746
0 1 22753
0 1 22754
0 1 22755
0 1 22756
0 1 22757
0 1 22758
0 1 22759
0 1 22760
0 1 22761
0 1 22762
0 1 22765
0 1 22770
0 1 22771
0 1 22774
0 1 22775
0 1 22776
0 1 22779
0 1 22780
0 1 22782
0 1 22783
0 1 22785
0 1 22786
0 1 22788
0 1 22792
0 1 22798
0 1 22800
0 1 22801
0 1 22804
0 1 22805
0 1 22806
0 1 22810
0 1 22814
0 1 22816
0 1 22817
0 1 22820
0 1 22822
0 1 22823
0 1 22824
0 1 22825
0 1 22826
0 1 22828
0 1 22831
0 1 22832
0 1 22833
0 1 22834
0 1 22835
0 1 22836
0 1 22837
0 1 22838
0 1 22839
0 1 22841
0 1 22842
0 1 22849
0 1 22850
0 1 22851
0 1 22853
0 1 22855
0 1 22856
0 1 22857
0 1 22858
0 1 22859
0 1 22860
0 1 22862
0 1 22864
0 1 22867
0 1 22868
0 1 22869
0 1 22873
0 1 22875
0 1 22877
0 1 22878
0 1 22880
0 1 22885
0 1 22886
0 1 22889
0 1 22891
0 1 22892
0 1 22894
0 1 22898
0 1 22899
0 1 22901
0 1 22903
0 1 22904
0 1 22907
0 1 22908
0 1 22909
0 1 22910
0 1 22911
0 1 22915
0 1 22916
0 1 22917
0 1 22920
0 1 22924
0 1 22926
0 1 22929
0 1 22931
0 1 22933
0 1 22935
0 1 22938
0 1 22939
0 1 22940
0 1 22942
0 1 22943
0 1 22945
0 1 22947
0 1 22948
0 1 22951
0 1 22952
0 1 22954
0 1 22955
0 1 22958
0 1 22960
0 1 22961
0 1 22962
0 1 22966
0 1 22968
0 1 22969
0 1 22970
0 1 22974
0 1 22975
0 1 22976
0 1 22978
0 1 22982
0 1 22983
0 1 22986
0 1 22988
0 1 22993
0 1 22995
0 1 23002
0 1 23004
0 1 23005
0 1 23011
0 1 23014
0 1 23015
0 1 23016
0 1 23017
0 1 23018
0 1 23019
0 1 23020
0 1 23021
0 1 23023
0 1 23025
0 1 23026
0 1 23027
0 1 23028
0 1 23029
0 1 23032
0 1 23034
0 1 23035
0 1 23038
0 1 23040
0 1 23041
0 1 23042
0 1 23044
0 1 23045
0 1 23046
0 1 23049
0 1 23053
0 1 23054
0 1 23057
0 1 23059
0 1 23061
0 1 23062
0 1 23063
0 1 23064
0 1 23065
0 1 23066
0 1 23070
0 1 23071
0 1 23073
0 1 23075
0 1 23076
0 1 23077
0 1 23078
0 1 23085
0 1 23087
0 1 23088
0 1 23089
0 1 23091
0 1 23092
0 1 23095
0 1 23098
0 1 23099
0 1 23100
0 1 23102
0 1 23106
0 1 23107
0 1 23109
0 1 23111
0 1 23112
0 1 23113
0 1 23115
0 1 23117
0 1 23118
0 1 23119
0 1 23120
0 1 23121
0 1 23122
0 1 23124
0 1 23128
0 1 23129
0 1 23133
0 1 23136
0 1 23137
0 1 23138
0 1 23139
0 1 23141
0 1 23143
0 1 23147
0 1 23149
0 1 23150
0 1 23152
0 1 23154
0 1 23158
0 1 23161
0 1 23162
0 1 23166
0 1 23167
0 1 23168
0 1 23170
0 1 23171
0 1 23172
0 1 23173
0 1 23174
0 1 23176
0 1 23177
0 1 23180
0 1 23181
0 1 23183
0 1 23185
0 1 23186
0 1 23187
0 1 23188
0 1 23190
0 1 23197
0 1 23198
0 1 23202
0 1 23203
0 1 23205
0 1 23206
0 1 23207
0 1 23214
0 1 23215
0 1 23216
0 1 23218
0 1 23219
0 1 23223
0 1 23224
0 1 23225
0 1 23229
0 1 23230
0 1 23232
0 1 23233
0 1 23234
0 1 23238
0 1 23239
0 1 23240
0 1 23241
0 1 23242
0 1 23246
0 1 23248
0 1 23251
0 1 23252
0 1 23253
0 1 23255
0 1 23258
0 1 23259
0 1 23262
0 1 23263
0 1 23265
0 1 23266
0 1 23267
0 1 23268
0 1 23269
0 1 23270
0 1 23271
0 1 23274
0 1 23277
0 1 23278
0 1 23280
0 1 23283
0 1 23287
0 1 23291
0 1 23293
0 1 23294
0 1 23295
0 1 23297
0 1 23298
0 1 23301
0 1 23306
0 1 23312
0 1 23313
0 1 23314
0 1 23315
0 1 23316
0 1 23317
0 1 23320
0 1 23322
0 1 23323
0 1 23324
0 1 23325
0 1 23328
0 1 23331
0 1 23332
0 1 23336
0 1 23341
0 1 23342
0 1 23345
0 1 23347
0 1 23349
0 1 23351
0 1 23352
0 1 23359
0 1 23360
0 1 23362
0 1 23363
0 1 23365
0 1 23368
0 1 23371
0 1 23375
0 1 23376
0 1 23380
0 1 23382
0 1 23384
0 1 23386
0 1 23387
0 1 23388
0 1 23395
0 1 23396
0 1 23400
0 1 23402
0 1 23404
0 1 23406
0 1 23408
0 1 23410
0 1 23411
0 1 23413
0 1 23416
0 1 23417
0 1 23420
0 1 23422
0 1 23424
0 1 23427
0 1 23428
0 1 23429
0 1 23433
0 1 23435
0 1 23437
0 1 23438
0 1 23439
0 1 23440
0 1 23441
0 1 23442
0 1 23443
0 1 23449
0 1 23451
0 1 23453
0 1 23454
0 1 23455
0 1 23459
0 1 23462
0 1 23465
0 1 23466
0 1 23467
0 1 23468
0 1 23471
0 1 23472
0 1 23473
0 1 23474
0 1 23475
0 1 23478
0 1 23479
0 1 23480
0 1 23481
0 1 23482
0 1 23484
0 1 23488
0 1 23494
0 1 23495
0 1 23497
0 1 23498
0 1 23501
0 1 23506
0 1 23507
0 1 23508
0 1 23509
0 1 23510
0 1 23513
0 1 23515
0 1 23517
0 1 23520
0 1 23521
0 1 23524
0 1 23525
0 1 23526
0 1 23527
0 1 23528
0 1 23532
0 1 23535
0 1 23536
0 1 23537
0 1 23539
0 1 23540
0 1 23541
0 1 23547
0 1 23548
0 1 23550
0 1 23555
0 1 23558
0 1 23562
0 1 23564
0 1 23565
0 1 23568
0 1 23569
0 1 23570
0 1 23571
0 1 23572
0 1 23575
0 1 23578
0 1 23580
0 1 23581
0 1 23584
0 1 23587
0 1 23588
0 1 23589
0 1 23591
0 1 23592
0 1 23593
0 1 23594
0 1 23595
0 1 23596
0 1 23597
0 1 23598
0 1 23599
0 1 23600
0 1 23601
0 1 23602
0 1 23604
0 1 23605
0 1 23612
0 1 23614
0 1 23617
0 1 23619
0 1 23620
0 1 23629
0 1 23630
0 1 23632
0 1 23636
0 1 23638
0 1 23641
0 1 23643
0 1 23644
0 1 23647
0 1 23652
0 1 23657
0 1 23658
0 1 23660
0 1 23661
0 1 23662
0 1 23663
0 1 23664
0 1 23666
0 1 23671
0 1 23672
0 1 23673
0 1 23674
0 1 23678
0 1 23679
0 1 23682
0 1 23683
0 1 23684
0 1 23691
0 1 23695
0 1 23698
0 1 23699
0 1 23702
0 1 23703
0 1 23704
0 1 23705
0 1 23709
0 1 23712
0 1 23714
0 1 23718
0 1 23719
0 1 23720
0 1 23723
0 1 23724
0 1 23725
0 1 23726
0 1 23728
0 1 23730
0 1 23731
0 1 23732
0 1 23733
0 1 23734
0 1 23735
0 1 23736
0 1 23738
0 1 23741
0 1 23745
0 1 23746
0 1 23750
0 1 23752
0 1 23754
0 1 23757
0 1 23758
0 1 23759
0 1 23760
0 1 23762
0 1 23764
0 1 23766
0 1 23767
0 1 23770
0 1 23773
0 1 23775
0 1 23777
0 1 23779
0 1 23782
0 1 23783
0 1 23785
0 1 23786
0 1 23789
0 1 23795
0 1 23800
0 1 23801
0 1 23802
0 1 23807
0 1 23808
0 1 23810
0 1 23811
0 1 23815
0 1 23816
0 1 23817
0 1 23818
0 1 23819
0 1 23820
0 1 23823
0 1 23825
0 1 23826
0 1 23829
0 1 23834
0 1 23836
0 1 23837
0 1 23839
0 1 23841
0 1 23842
0 1 23843
0 1 23845
0 1 23846
0 1 23848
0 1 23850
0 1 23851
0 1 23853
0 1 23854
0 1 23858
0 1 23859
0 1 23860
0 1 23863
0 1 23864
0 1 23865
0 1 23866
0 1 23869
0 1 23870
0 1 23871
0 1 23872
0 1 23873
0 1 23875
0 1 23877
0 1 23883
0 1 23884
0 1 23885
0 1 23886
0 1 23889
0 1 23890
0 1 23892
0 1 23894
0 1 23895
0 1 23896
0 1 23898
0 1 23899
0 1 23901
0 1 23902
0 1 23903
0 1 23905
0 1 23906
0 1 23907
0 1 23909
0 1 23910
0 1 23914
0 1 23916
0 1 23917
0 1 23918
0 1 23922
0 1 23929
0 1 23930
0 1 23935
0 1 23936
0 1 23938
0 1 23940
0 1 23942
0 1 23944
0 1 23945
0 1 23946
0 1 23950
0 1 23951
0 1 23952
0 1 23955
0 1 23956
0 1 23960
0 1 23962
0 1 23963
0 1 23964
0 1 23966
0 1 23969
0 1 23970
0 1 23971
0 1 23972
0 1 23973
0 1 23974
0 1 23978
0 1 23981
0 1 23982
0 1 23984
0 1 23987
0 1 23988
0 1 23990
0 1 23993
0 1 23997
0 1 23998
0 1 23999
0 1 24001
0 1 24004
0 1 24008
0 1 24010
0 1 24011
0 1 24012
0 1 24014
0 1 24017
0 1 24018
0 1 24020
0 1 24023
0 1 24024
0 1 24025
0 1 24026
0 1 24028
0 1 24030
0 1 24031
0 1 24032
0 1 24036
0 1 24037
0 1 24038
0 1 24040
0 1 24043
0 1 24046
0 1 24049
0 1 24051
0 1 24053
0 1 24054
0 1 24055
0 1 24056
0 1 24057
0 1 24059
0 1 24061
0 1 24063
0 1 24066
0 1 24069
0 1 24071
0 1 24072
0 1 24073
0 1 24077
0 1 24081
0 1 24082
0 1 24083
0 1 24084
0 1 24085
0 1 24086
0 1 24089
0 1 24090
0 1 24092
0 1 24094
0 1 24097
0 1 24098
0 1 24100
0 1 24101
0 1 24103
0 1 24108
0 1 24109
0 1 24111
0 1 24112
0 1 24113
0 1 24114
0 1 24115
0 1 24117
0 1 24119
0 1 24120
0 1 24123
0 1 24125
0 1 24126
0 1 24128
0 1 24129
0 1 24130
0 1 24137
0 1 24138
0 1 24139
0 1 24141
0 1 24142
0 1 24143
0 1 24144
0 1 24145
0 1 24146
0 1 24147
0 1 24149
0 1 24150
0 1 24151
0 1 24153
0 1 24154
0 1 24160
0 1 24162
0 1 24163
0 1 24164
0 1 24165
0 1 24166
0 1 24167
0 1 24168
0 1 24170
0 1 24172
0 1 24175
0 1 24178
0 1 24179
0 1 24180
0 1 24182
0 1 24183
0 1 24184
0 1 24186
0 1 24187
0 1 24191
0 1 24192
0 1 24193
0 1 24200
0 1 24202
0 1 24204
0 1 24205
0 1 24207
0 1 24208
0 1 24209
0 1 24212
0 1 24213
0 1 24214
0 1 24216
0 1 24217
0 1 24222
0 1 24223
0 1 24224
0 1 24227
0 1 24228
0 1 24229
0 1 24231
0 1 24232
0 1 24237
0 1 24238
0 1 24242
0 1 24243
0 1 24245
0 1 24249
0 1 24250
0 1 24253
0 1 24254
0 1 24256
0 1 24258
0 1 24260
0 1 24261
0 1 24263
0 1 24265
0 1 24266
0 1 24269
0 1 24271
0 1 24272
0 1 24273
0 1 24275
0 1 24278
0 1 24279
0 1 24280
0 1 24281
0 1 24283
0 1 24286
0 1 24288
0 1 24290
0 1 24291
0 1 24293
0 1 24294
0 1 24295
0 1 24296
0 1 24298
0 1 24301
0 1 24302
0 1 24305
0 1 24306
0 1 24307
0 1 24308
0 1 24309
0 1 24310
0 1 24317
0 1 24319
0 1 24322
0 1 24324
0 1 24328
0 1 24330
0 1 24331
0 1 24332
0 1 24335
0 1 24336
0 1 24338
0 1 24342
0 1 24343
0 1 24345
0 1 24346
0 1 24347
0 1 24349
0 1 24351
0 1 24352
0 1 24359
0 1 24362
0 1 24365
0 1 24368
0 1 24373
0 1 24374
0 1 24375
0 1 24377
0 1 24381
0 1 24382
0 1 24383
0 1 24385
0 1 24388
0 1 24391
0 1 24392
0 1 24393
0 1 24395
0 1 24399
0 1 24401
0 1 24403
0 1 24406
0 1 24407
0 1 24417
0 1 24422
0 1 24423
0 1 24425
0 1 24429
0 1 24433
0 1 24434
0 1 24435
0 1 24436
0 1 24437
0 1 24438
0 1 24440
0 1 24444
0 1 24446
0 1 24447
0 1 24449
0 1 24450
0 1 24452
0 1 24453
0 1 24456
0 1 24457
0 1 24459
0 1 24464
0 1 24465
0 1 24466
0 1 24467
0 1 24468
0 1 24471
0 1 24473
0 1 24474
0 1 24475
0 1 24476
0 1 24477
0 1 24478
0 1 24480
0 1 24481
0 1 24482
0 1 24484
0 1 24485
0 1 24487
0 1 24488
0 1 24492
0 1 24493
0 1 24495
0 1 24499
0 1 24502
0 1 24506
0 1 24507
0 1 24508
0 1 24510
0 1 24515
0 1 24516
0 1 24521
0 1 24523
0 1 24530
0 1 24531
0 1 24533
0 1 24535
0 1 24536
0 1 24538
0 1 24540
0 1 24543
0 1 24546
0 1 24548
0 1 24551
0 1 24552
0 1 24553
0 1 24554
0 1 24556
0 1 24557
0 1 24562
0 1 24565
0 1 24570
0 1 24575
0 1 24580
0 1 24582
0 1 24583
0 1 24587
0 1 24588
0 1 24589
0 1 24592
0 1 24594
0 1 24595
0 1 24596
0 1 24598
0 1 24599
0 1 24600
0 1 24601
0 1 24602
0 1 24603
0 1 24608
0 1 24609
0 1 24616
0 1 24621
0 1 24622
0 1 24624
0 1 24627
0 1 24628
0 1 24630
0 1 24631
0 1 24634
0 1 24637
0 1 24638
0 1 24639
0 1 24640
0 1 24643
0 1 24645
0 1 24646
0 1 24647
0 1 24650
0 1 24651
0 1 24652
0 1 24653
0 1 24654
0 1 24658
0 1 24665
0 1 24667
0 1 24668
0 1 24669
0 1 24673
0 1 24674
0 1 24675
0 1 24677
0 1 24678
0 1 24679
0 1 24681
0 1 24682
0 1 24683
0 1 24685
0 1 24687
0 1 24690
0 1 24695
0 1 24696
0 1 24697
0 1 24698
0 1 24699
0 1 24700
0 1 24702
0 1 24703
0 1 24707
0 1 24710
0 1 24711
0 1 24712
0 1 24713
0 1 24714
0 1 24715
0 1 24716
0 1 24717
0 1 24719
0 1 24720
0 1 24721
0 1 24722
0 1 24723
0 1 24725
0 1 24727
0 1 24729
0 1 24735
0 1 24736
0 1 24738
0 1 24740
0 1 24741
0 1 24742
0 1 24743
0 1 24744
0 1 24748
0 1 24749
0 1 24751
0 1 24752
0 1 24753
0 1 24756
0 1 24757
0 1 24759
0 1 24762
0 1 24763
0 1 24765
0 1 24766
0 1 24769
0 1 24771
0 1 24773
0 1 24774
0 1 24776
0 1 24778
0 1 24780
0 1 24781
0 1 24783
0 1 24785
0 1 24787
0 1 24788
0 1 24789
0 1 24790
0 1 24792
0 1 24793
0 1 24797
0 1 24798
0 1 24800
0 1 24802
0 1 24804
0 1 24806
0 1 24807
0 1 24809
0 1 24812
0 1 24813
0 1 24815
0 1 24818
0 1 24821
0 1 24822
0 1 24825
0 1 24827
0 1 24830
0 1 24831
0 1 24832
0 1 24833
0 1 24836
0 1 24837
0 1 24839
0 1 24840
0 1 24841
0 1 24842
0 1 24844
0 1 24846
0 1 24849
0 1 24850
0 1 24851
0 1 24854
0 1 24856
0 1 24857
0 1 24858
0 1 24859
0 1 24861
0 1 24864
0 1 24865
0 1 24866
0 1 24868
0 1 24869
0 1 24871
0 1 24873
0 1 24874
0 1 24877
0 1 24878
0 1 24879
0 1 24881
0 1 24886
0 1 24887
0 1 24888
0 1 24892
0 1 24893
0 1 24894
0 1 24896
0 1 24899
0 1 24900
0 1 24903
0 1 24905
0 1 24906
0 1 24907
0 1 24908
0 1 24909
0 1 24910
0 1 24911
0 1 24914
0 1 24915
0 1 24918
0 1 24919
0 1 24920
0 1 24927
0 1 24928
0 1 24930
0 1 24933
0 1 24934
0 1 24935
0 1 24939
0 1 24941
0 1 24942
0 1 24945
0 1 24947
0 1 24949
0 1 24951
0 1 24952
0 1 24953
0 1 24954
0 1 24955
0 1 24958
0 1 24960
0 1 24966
0 1 24968
0 1 24969
0 1 24973
0 1 24976
0 1 24977
0 1 24978
0 1 24980
0 1 24981
0 1 24982
0 1 24986
0 1 24990
0 1 24991
0 1 24994
0 1 24995
0 1 24996
0 1 24998
0 1 25000
0 1 25001
0 1 25005
0 1 25006
0 1 25007
0 1 25008
0 1 25013
0 1 25014
0 1 25016
0 1 25018
0 1 25019
0 1 25021
0 1 25022
0 1 25023
0 1 25024
0 1 25027
0 1 25031
0 1 25033
0 1 25034
0 1 25035
0 1 25036
0 1 25037
0 1 25041
0 1 25042
0 1 25044
0 1 25045
0 1 25048
0 1 25049
0 1 25051
0 1 25052
0 1 25053
0 1 25056
0 1 25060
0 1 25063
0 1 25065
0 1 25067
0 1 25070
0 1 25073
0 1 25077
0 1 25078
0 1 25080
0 1 25081
0 1 25082
0 1 25084
0 1 25085
0 1 25089
0 1 25094
0 1 25095
0 1 25096
0 1 25099
0 1 25100
0 1 25101
0 1 25102
0 1 25103
0 1 25104
0 1 25105
0 1 25108
0 1 25114
0 1 25115
0 1 25116
0 1 25117
0 1 25118
0 1 25119
0 1 25121
0 1 25123
0 1 25124
0 1 25126
0 1 25129
0 1 25133
0 1 25135
0 1 25137
0 1 25138
0 1 25139
0 1 25140
0 1 25143
0 1 25144
0 1 25145
0 1 25146
0 1 25147
0 1 25150
0 1 25157
0 1 25158
0 1 25159
0 1 25160
0 1 25162
0 1 25163
0 1 25166
0 1 25167
0 1 25168
0 1 25169
0 1 25172
0 1 25175
0 1 25178
0 1 25179
0 1 25180
0 1 25182
0 1 25183
0 1 25185
0 1 25187
0 1 25193
0 1 25194
0 1 25196
0 1 25197
0 1 25199
0 1 25203
0 1 25204
0 1 25207
0 1 25208
0 1 25209
0 1 25211
0 1 25212
0 1 25213
0 1 25216
0 1 25218
0 1 25221
0 1 25222
0 1 25223
0 1 25224
0 1 25226
0 1 25228
0 1 25230
0 1 25231
0 1 25233
0 1 25234
0 1 25235
0 1 25236
0 1 25238
0 1 25239
0 1 25242
0 1 25244
0 1 25246
0 1 25254
0 1 25256
0 1 25258
0 1 25259
0 1 25260
0 1 25264
0 1 25269
0 1 25271
0 1 25272
0 1 25274
0 1 25275
0 1 25276
0 1 25278
0 1 25279
0 1 25280
0 1 25283
0 1 25284
0 1 25285
0 1 25288
0 1 25289
0 1 25290
0 1 25292
0 1 25295
0 1 25298
0 1 25300
0 1 25301
0 1 25302
0 1 25303
0 1 25305
0 1 25306
0 1 25307
0 1 25308
0 1 25311
0 1 25312
0 1 25314
0 1 25315
0 1 25317
0 1 25318
0 1 25319
0 1 25321
0 1 25322
0 1 25327
0 1 25328
0 1 25332
0 1 25335
0 1 25336
0 1 25338
0 1 25340
0 1 25341
0 1 25345
0 1 25347
0 1 25348
0 1 25350
0 1 25351
0 1 25355
0 1 25363
0 1 25368
0 1 25372
0 1 25374
0 1 25376
0 1 25377
0 1 25378
0 1 25379
0 1 25383
0 1 25384
0 1 25385
0 1 25386
0 1 25388
0 1 25391
0 1 25392
0 1 25393
0 1 25394
0 1 25395
0 1 25399
0 1 25400
0 1 25401
0 1 25402
0 1 25403
0 1 25405
0 1 25406
0 1 25407
0 1 25408
0 1 25409
0 1 25410
0 1 25411
0 1 25412
0 1 25417
0 1 25418
0 1 25420
0 1 25421
0 1 25423
0 1 25427
0 1 25429
0 1 25433
0 1 25436
0 1 25442
0 1 25443
0 1 25447
0 1 25449
0 1 25452
0 1 25459
0 1 25460
0 1 25461
0 1 25462
0 1 25464
0 1 25467
0 1 25469
0 1 25470
0 1 25471
0 1 25475
0 1 25476
0 1 25478
0 1 25479
0 1 25482
0 1 25487
0 1 25490
0 1 25491
0 1 25493
0 1 25494
0 1 25496
0 1 25498
0 1 25499
0 1 25501
0 1 25505
0 1 25510
0 1 25513
0 1 25514
0 1 25515
0 1 25517
0 1 25518
0 1 25520
0 1 25523
0 1 25524
0 1 25525
0 1 25526
0 1 25530
0 1 25533
0 1 25534
0 1 25535
0 1 25536
0 1 25537
0 1 25540
0 1 25544
0 1 25546
0 1 25551
0 1 25554
0 1 25555
0 1 25562
0 1 25564
0 1 25567
0 1 25573
0 1 25575
0 1 25576
0 1 25578
0 1 25579
0 1 25580
0 1 25581
0 1 25582
0 1 25588
0 1 25589
0 1 25591
0 1 25595
0 1 25600
0 1 25602
0 1 25605
0 1 25610
0 1 25613
0 1 25614
0 1 25615
0 1 25617
0 1 25619
0 1 25620
0 1 25622
0 1 25624
0 1 25626
0 1 25627
0 1 25630
0 1 25631
0 1 25632
0 1 25634
0 1 25636
0 1 25638
0 1 25640
0 1 25645
0 1 25646
0 1 25649
0 1 25650
0 1 25654
0 1 25656
0 1 25657
0 1 25658
0 1 25660
0 1 25662
0 1 25663
0 1 25666
0 1 25668
0 1 25671
0 1 25672
0 1 25673
0 1 25676
0 1 25677
0 1 25678
0 1 25679
0 1 25680
0 1 25681
0 1 25682
0 1 25683
0 1 25684
0 1 25687
0 1 25688
0 1 25690
0 1 25691
0 1 25692
0 1 25697
0 1 25700
0 1 25701
0 1 25703
0 1 25704
0 1 25708
0 1 25711
0 1 25712
0 1 25718
0 1 25719
0 1 25723
0 1 25724
0 1 25726
0 1 25736
0 1 25737
0 1 25738
0 1 25741
0 1 25746
0 1 25748
0 1 25749
0 1 25753
0 1 25756
0 1 25757
0 1 25758
0 1 25762
0 1 25763
0 1 25764
0 1 25766
0 1 25767
0 1 25771
0 1 25773
0 1 25774
0 1 25775
0 1 25777
0 1 25778
0 1 25779
0 1 25782
0 1 25784
0 1 25787
0 1 25791
0 1 25792
0 1 25802
0 1 25803
0 1 25806
0 1 25807
0 1 25809
0 1 25812
0 1 25816
0 1 25819
0 1 25824
0 1 25825
0 1 25826
0 1 25827
0 1 25828
0 1 25829
0 1 25832
0 1 25833
0 1 25835
0 1 25836
0 1 25839
0 1 25841
0 1 25846
0 1 25847
0 1 25848
0 1 25850
0 1 25853
0 1 25855
0 1 25856
0 1 25858
0 1 25862
0 1 25863
0 1 25865
0 1 25867
0 1 25868
0 1 25870
0 1 25879
0 1 25880
0 1 25883
0 1 25887
0 1 25893
0 1 25895
0 1 25900
0 1 25901
0 1 25902
0 1 25903
0 1 25904
0 1 25905
0 1 25906
0 1 25911
0 1 25912
0 1 25913
0 1 25914
0 1 25915
0 1 25916
0 1 25917
0 1 25919
0 1 25924
0 1 25926
0 1 25928
0 1 25930
0 1 25931
0 1 25933
0 1 25934
0 1 25936
0 1 25938
0 1 25939
0 1 25941
0 1 25942
0 1 25943
0 1 25944
0 1 25945
0 1 25946
0 1 25949
0 1 25951
0 1 25954
0 1 25956
0 1 25957
0 1 25962
0 1 25964
0 1 25965
0 1 25967
0 1 25973
0 1 25974
0 1 25975
0 1 25976
0 1 25977
0 1 25979
0 1 25980
0 1 25981
0 1 25982
0 1 25983
0 1 25984
0 1 25986
0 1 25992
0 1 25993
0 1 25999
0 1 26001
0 1 26004
0 1 26005
0 1 26007
0 1 26008
0 1 26011
0 1 26012
0 1 26013
0 1 26014
0 1 26015
0 1 26018
0 1 26021
0 1 26022
0 1 26023
0 1 26025
0 1 26026
0 1 26029
0 1 26032
0 1 26033
0 1 26035
0 1 26039
0 1 26040
0 1 26042
0 1 26043
0 1 26044
0 1 26046
0 1 26051
0 1 26052
0 1 26053
0 1 26056
0 1 26057
0 1 26058
0 1 26061
0 1 26065
0 1 26068
0 1 26072
0 1 26073
0 1 26074
0 1 26077
0 1 26078
0 1 26079
0 1 26080
0 1 26083
0 1 26084
0 1 26085
0 1 26086
0 1 26088
0 1 26089
0 1 26090
0 1 26093
0 1 26096
0 1 26097
0 1 26100
0 1 26102
0 1 26105
0 1 26106
0 1 26107
0 1 26108
0 1 26109
0 1 26112
0 1 26113
0 1 26115
0 1 26116
0 1 26119
0 1 26120
0 1 26122
0 1 26126
0 1 26127
0 1 26128
0 1 26129
0 1 26131
0 1 26134
0 1 26135
0 1 26137
0 1 26139
0 1 26140
0 1 26142
0 1 26143
0 1 26145
0 1 26147
0 1 26151
0 1 26153
0 1 26154
0 1 26156
0 1 26157
0 1 26159
0 1 26160
0 1 26163
0 1 26165
0 1 26167
0 1 26170
0 1 26171
0 1 26174
0 1 26178
0 1 26181
0 1 26183
0 1 26184
0 1 26186
0 1 26187
0 1 26188
0 1 26189
0 1 26190
0 1 26192
0 1 26195
0 1 26196
0 1 26199
0 1 26201
0 1 26202
0 1 26203
0 1 26205
0 1 26207
0 1 26208
0 1 26209
0 1 26213
0 1 26215
0 1 26216
0 1 26218
0 1 26223
0 1 26224
0 1 26225
0 1 26227
0 1 26228
0 1 26229
0 1 26230
0 1 26231
0 1 26232
0 1 26235
0 1 26236
0 1 26238
0 1 26239
0 1 26241
0 1 26246
0 1 26249
0 1 26250
0 1 26252
0 1 26253
0 1 26255
0 1 26256
0 1 26258
0 1 26259
0 1 26262
0 1 26264
0 1 26266
0 1 26268
0 1 26269
0 1 26272
0 1 26275
0 1 26276
0 1 26278
0 1 26279
0 1 26280
0 1 26283
0 1 26287
0 1 26290
0 1 26291
0 1 26293
0 1 26295
0 1 26296
0 1 26297
0 1 26298
0 1 26302
0 1 26303
0 1 26304
0 1 26305
0 1 26306
0 1 26308
0 1 26310
0 1 26311
0 1 26312
0 1 26313
0 1 26314
0 1 26315
0 1 26318
0 1 26322
0 1 26323
0 1 26328
0 1 26331
0 1 26332
0 1 26333
0 1 26336
0 1 26341
0 1 26342
0 1 26343
0 1 26345
0 1 26348
0 1 26350
0 1 26352
0 1 26354
0 1 26355
0 1 26356
0 1 26357
0 1 26358
0 1 26359
0 1 26360
0 1 26361
0 1 26364
0 1 26366
0 1 26367
0 1 26368
0 1 26370
0 1 26373
0 1 26374
0 1 26375
0 1 26376
0 1 26381
0 1 26386
0 1 26387
0 1 26388
0 1 26391
0 1 26392
0 1 26394
0 1 26399
0 1 26400
0 1 26402
0 1 26403
0 1 26404
0 1 26406
0 1 26409
0 1 26410
0 1 26414
0 1 26416
0 1 26417
0 1 26418
0 1 26420
0 1 26421
0 1 26422
0 1 26423
0 1 26424
0 1 26427
0 1 26428
0 1 26429
0 1 26430
0 1 26434
0 1 26435
0 1 26438
0 1 26439
0 1 26443
0 1 26444
0 1 26445
0 1 26447
0 1 26448
0 1 26449
0 1 26452
0 1 26458
0 1 26459
0 1 26461
0 1 26462
0 1 26465
0 1 26469
0 1 26473
0 1 26475
0 1 26480
0 1 26481
0 1 26482
0 1 26485
0 1 26488
0 1 26489
0 1 26491
0 1 26496
0 1 26501
0 1 26503
0 1 26506
0 1 26507
0 1 26509
0 1 26510
0 1 26511
0 1 26512
0 1 26514
0 1 26515
0 1 26517
0 1 26518
0 1 26521
0 1 26522
0 1 26524
0 1 26526
0 1 26527
0 1 26528
0 1 26529
0 1 26530
0 1 26531
0 1 26533
0 1 26536
0 1 26537
0 1 26540
0 1 26541
0 1 26543
0 1 26544
0 1 26547
0 1 26549
0 1 26550
0 1 26552
0 1 26553
0 1 26556
0 1 26557
0 1 26559
0 1 26562
0 1 26566
0 1 26567
0 1 26568
0 1 26579
0 1 26580
0 1 26582
0 1 26594
0 1 26596
0 1 26599
0 1 26600
0 1 26601
0 1 26602
0 1 26603
0 1 26605
0 1 26607
0 1 26608
0 1 26609
0 1 26614
0 1 26618
0 1 26619
0 1 26620
0 1 26622
0 1 26623
0 1 26624
0 1 26625
0 1 26631
0 1 26632
0 1 26634
0 1 26635
0 1 26636
0 1 26637
0 1 26639
0 1 26640
0 1 26642
0 1 26646
0 1 26647
0 1 26648
0 1 26652
0 1 26653
0 1 26654
0 1 26655
0 1 26663
0 1 26664
0 1 26668
0 1 26670
0 1 26671
0 1 26672
0 1 26673
0 1 26674
0 1 26677
0 1 26678
0 1 26679
0 1 26681
0 1 26683
0 1 26684
0 1 26686
0 1 26687
0 1 26689
0 1 26692
0 1 26693
0 1 26695
0 1 26696
0 1 26697
0 1 26699
0 1 26700
0 1 26707
0 1 26710
0 1 26716
0 1 26717
0 1 26718
0 1 26719
0 1 26720
0 1 26722
0 1 26727
0 1 26728
0 1 26729
0 1 26730
0 1 26731
0 1 26732
0 1 26734
0 1 26735
0 1 26736
0 1 26739
0 1 26740
0 1 26741
0 1 26746
0 1 26747
0 1 26749
0 1 26750
0 1 26751
0 1 26753
0 1 26754
0 1 26756
0 1 26757
0 1 26758
0 1 26760
0 1 26768
0 1 26771
0 1 26772
0 1 26773
0 1 26774
0 1 26776
0 1 26777
0 1 26783
0 1 26784
0 1 26787
0 1 26789
0 1 26794
0 1 26795
0 1 26797
0 1 26798
0 1 26799
0 1 26800
0 1 26802
0 1 26803
0 1 26804
0 1 26810
0 1 26814
0 1 26815
0 1 26817
0 1 26823
0 1 26825
0 1 26826
0 1 26827
0 1 26828
0 1 26833
0 1 26835
0 1 26836
0 1 26841
0 1 26848
0 1 26855
0 1 26856
0 1 26857
0 1 26858
0 1 26859
0 1 26860
0 1 26862
0 1 26863
0 1 26864
0 1 26866
0 1 26867
0 1 26870
0 1 26872
0 1 26873
0 1 26875
0 1 26878
0 1 26879
0 1 26881
0 1 26882
0 1 26883
0 1 26885
0 1 26886
0 1 26887
0 1 26888
0 1 26889
0 1 26890
0 1 26893
0 1 26895
0 1 26897
0 1 26899
0 1 26907
0 1 26910
0 1 26912
0 1 26914
0 1 26919
0 1 26920
0 1 26923
0 1 26924
0 1 26925
0 1 26928
0 1 26937
0 1 26938
0 1 26939
0 1 26941
0 1 26945
0 1 26946
0 1 26947
0 1 26949
0 1 26950
0 1 26952
0 1 26953
0 1 26955
0 1 26958
0 1 26959
0 1 26960
0 1 26963
0 1 26971
0 1 26973
0 1 26974
0 1 26975
0 1 26978
0 1 26980
0 1 26982
0 1 26984
0 1 26985
0 1 26986
0 1 26989
0 1 26990
0 1 26993
0 1 26994
0 1 26996
0 1 26998
0 1 26999
0 1 27003
0 1 27005
0 1 27006
0 1 27008
0 1 27011
0 1 27013
0 1 27015
0 1 27016
0 1 27019
0 1 27020
0 1 27021
0 1 27022
0 1 27029
0 1 27030
0 1 27031
0 1 27032
0 1 27033
0 1 27034
0 1 27035
0 1 27043
0 1 27046
0 1 27048
0 1 27050
0 1 27052
0 1 27053
0 1 27059
0 1 27060
0 1 27061
0 1 27065
0 1 27068
0 1 27069
0 1 27071
0 1 27075
0 1 27076
0 1 27077
0 1 27082
0 1 27083
0 1 27086
0 1 27089
0 1 27090
0 1 27091
0 1 27093
0 1 27094
0 1 27096
0 1 27099
0 1 27100
0 1 27110
0 1 27111
0 1 27113
0 1 27118
0 1 27119
0 1 27123
0 1 27124
0 1 27125
0 1 27129
0 1 27130
0 1 27131
0 1 27132
0 1 27133
0 1 27134
0 1 27135
0 1 27136
0 1 27137
0 1 27138
0 1 27140
0 1 27143
0 1 27144
0 1 27145
0 1 27146
0 1 27147
0 1 27149
0 1 27153
0 1 27157
0 1 27160
0 1 27162
0 1 27164
0 1 27168
0 1 27173
0 1 27174
0 1 27177
0 1 27178
0 1 27179
0 1 27180
0 1 27182
0 1 27184
0 1 27185
0 1 27187
0 1 27189
0 1 27190
0 1 27191
0 1 27192
0 1 27194
0 1 27195
0 1 27198
0 1 27200
0 1 27201
0 1 27202
0 1 27203
0 1 27204
0 1 27205
0 1 27215
0 1 27218
0 1 27219
0 1 27221
0 1 27222
0 1 27224
0 1 27226
0 1 27227
0 1 27228
0 1 27229
0 1 27230
0 1 27234
0 1 27235
0 1 27237
0 1 27238
0 1 27239
0 1 27241
0 1 27242
0 1 27245
0 1 27246
0 1 27248
0 1 27249
0 1 27251
0 1 27253
0 1 27254
0 1 27255
0 1 27256
0 1 27260
0 1 27261
0 1 27266
0 1 27267
0 1 27270
0 1 27271
0 1 27273
0 1 27275
0 1 27276
0 1 27277
0 1 27278
0 1 27281
0 1 27286
0 1 27288
0 1 27291
0 1 27292
0 1 27296
0 1 27297
0 1 27298
0 1 27300
0 1 27302
0 1 27303
0 1 27304
0 1 27307
0 1 27312
0 1 27313
0 1 27316
0 1 27317
0 1 27319
0 1 27320
0 1 27327
0 1 27328
0 1 27329
0 1 27330
0 1 27332
0 1 27334
0 1 27337
0 1 27338
0 1 27341
0 1 27342
0 1 27345
0 1 27346
0 1 27348
0 1 27353
0 1 27354
0 1 27355
0 1 27356
0 1 27358
0 1 27364
0 1 27365
0 1 27367
0 1 27370
0 1 27371
0 1 27373
0 1 27375
0 1 27376
0 1 27377
0 1 27379
0 1 27383
0 1 27385
0 1 27388
0 1 27389
0 1 27390
0 1 27391
0 1 27392
0 1 27394
0 1 27395
0 1 27399
0 1 27400
0 1 27403
0 1 27415
0 1 27416
0 1 27418
0 1 27420
0 1 27422
0 1 27424
0 1 27425
0 1 27426
0 1 27428
0 1 27429
0 1 27431
0 1 27432
0 1 27433
0 1 27436
0 1 27439
0 1 27440
0 1 27441
0 1 27443
0 1 27444
0 1 27449
0 1 27450
0 1 27451
0 1 27453
0 1 27454
0 1 27459
0 1 27460
0 1 27461
0 1 27462
0 1 27467
0 1 27468
0 1 27470
0 1 27471
0 1 27472
0 1 27475
0 1 27476
0 1 27482
0 1 27483
0 1 27484
0 1 27486
0 1 27488
0 1 27490
0 1 27491
0 1 27492
0 1 27493
0 1 27494
0 1 27495
0 1 27496
0 1 27498
0 1 27499
0 1 27502
0 1 27504
0 1 27506
0 1 27510
0 1 27511
0 1 27516
0 1 27519
0 1 27526
0 1 27531
0 1 27534
0 1 27536
0 1 27538
0 1 27539
0 1 27540
0 1 27541
0 1 27542
0 1 27543
0 1 27544
0 1 27548
0 1 27550
0 1 27552
0 1 27553
0 1 27554
0 1 27557
0 1 27558
0 1 27559
0 1 27560
0 1 27561
0 1 27566
0 1 27567
0 1 27568
0 1 27569
0 1 27570
0 1 27571
0 1 27573
0 1 27574
0 1 27575
0 1 27576
0 1 27577
0 1 27579
0 1 27583
0 1 27587
0 1 27589
0 1 27591
0 1 27592
0 1 27593
0 1 27595
0 1 27598
0 1 27599
0 1 27601
0 1 27604
0 1 27605
0 1 27606
0 1 27608
0 1 27612
0 1 27614
0 1 27615
0 1 27617
0 1 27620
0 1 27621
0 1 27624
0 1 27625
0 1 27626
0 1 27627
0 1 27637
0 1 27641
0 1 27643
0 1 27648
0 1 27649
0 1 27650
0 1 27654
0 1 27656
0 1 27659
0 1 27661
0 1 27662
0 1 27665
0 1 27667
0 1 27671
0 1 27681
0 1 27683
0 1 27685
0 1 27688
0 1 27689
0 1 27690
0 1 27691
0 1 27692
0 1 27693
0 1 27695
0 1 27697
0 1 27699
0 1 27701
0 1 27702
0 1 27703
0 1 27706
0 1 27708
0 1 27712
0 1 27715
0 1 27716
0 1 27722
0 1 27723
0 1 27725
0 1 27728
0 1 27729
0 1 27730
0 1 27736
0 1 27737
0 1 27739
0 1 27740
0 1 27741
0 1 27744
0 1 27747
0 1 27748
0 1 27750
0 1 27752
0 1 27757
0 1 27758
0 1 27760
0 1 27763
0 1 27767
0 1 27768
0 1 27771
0 1 27772
0 1 27773
0 1 27774
0 1 27775
0 1 27776
0 1 27777
0 1 27778
0 1 27781
0 1 27782
0 1 27783
0 1 27788
0 1 27795
0 1 27797
0 1 27798
0 1 27800
0 1 27804
0 1 27805
0 1 27806
0 1 27808
0 1 27809
0 1 27810
0 1 27812
0 1 27813
0 1 27818
0 1 27820
0 1 27822
0 1 27825
0 1 27826
0 1 27828
0 1 27830
0 1 27832
0 1 27833
0 1 27836
0 1 27837
0 1 27840
0 1 27844
0 1 27846
0 1 27848
0 1 27850
0 1 27854
0 1 27857
0 1 27860
0 1 27863
0 1 27864
0 1 27866
0 1 27867
0 1 27868
0 1 27870
0 1 27871
0 1 27872
0 1 27874
0 1 27875
0 1 27876
0 1 27877
0 1 27880
0 1 27881
0 1 27882
0 1 27886
0 1 27888
0 1 27889
0 1 27890
0 1 27891
0 1 27894
0 1 27900
0 1 27901
0 1 27902
0 1 27905
0 1 27906
0 1 27913
0 1 27919
0 1 27922
0 1 27923
0 1 27925
0 1 27926
0 1 27927
0 1 27928
0 1 27932
0 1 27933
0 1 27934
0 1 27938
0 1 27940
0 1 27942
0 1 27953
0 1 27955
0 1 27958
0 1 27960
0 1 27962
0 1 27965
0 1 27967
0 1 27969
0 1 27971
0 1 27973
0 1 27974
0 1 27977
0 1 27978
0 1 27979
0 1 27981
0 1 27983
0 1 27986
0 1 27988
0 1 27990
0 1 27992
0 1 27996
0 1 28003
0 1 28004
0 1 28005
0 1 28006
0 1 28007
0 1 28010
0 1 28012
0 1 28014
0 1 28018
0 1 28020
0 1 28022
0 1 28023
0 1 28024
0 1 28026
0 1 28027
0 1 28028
0 1 28029
0 1 28030
0 1 28031
0 1 28032
0 1 28037
0 1 28038
0 1 28039
0 1 28041
0 1 28044
0 1 28046
0 1 28047
0 1 28048
0 1 28050
0 1 28053
0 1 28054
0 1 28055
0 1 28058
0 1 28061
0 1 28062
0 1 28064
0 1 28066
0 1 28067
0 1 28068
0 1 28071
0 1 28072
0 1 28078
0 1 28079
0 1 28080
0 1 28082
0 1 28083
0 1 28084
0 1 28085
0 1 28091
0 1 28093
0 1 28094
0 1 28099
0 1 28105
0 1 28107
0 1 28109
0 1 28110
0 1 28112
0 1 28114
0 1 28115
0 1 28117
0 1 28120
0 1 28121
0 1 28123
0 1 28124
0 1 28126
0 1 28127
0 1 28130
0 1 28131
0 1 28132
0 1 28133
0 1 28134
0 1 28136
0 1 28137
0 1 28140
0 1 28141
0 1 28142
0 1 28146
0 1 28147
0 1 28150
0 1 28151
0 1 28152
0 1 28153
0 1 28155
0 1 28156
0 1 28157
0 1 28160
0 1 28161
0 1 28165
0 1 28166
0 1 28167
0 1 28169
0 1 28172
0 1 28180
0 1 28181
0 1 28184
0 1 28187
0 1 28188
0 1 28189
0 1 28193
0 1 28194
0 1 28195
0 1 28196
0 1 28197
0 1 28200
0 1 28202
0 1 28204
0 1 28205
0 1 28206
0 1 28208
0 1 28209
0 1 28211
0 1 28214
0 1 28216
0 1 28217
0 1 28219
0 1 28220
0 1 28222
0 1 28223
0 1 28225
0 1 28226
0 1 28227
0 1 28228
0 1 28230
0 1 28231
0 1 28232
0 1 28234
0 1 28235
0 1 28238
0 1 28239
0 1 28240
0 1 28242
0 1 28244
0 1 28246
0 1 28248
0 1 28250
0 1 28251
0 1 28252
0 1 28253
0 1 28254
0 1 28255
0 1 28259
0 1 28265
0 1 28266
0 1 28267
0 1 28268
0 1 28269
0 1 28270
0 1 28271
0 1 28272
0 1 28273
0 1 28276
0 1 28278
0 1 28281
0 1 28282
0 1 28285
0 1 28286
0 1 28288
0 1 28291
0 1 28295
0 1 28296
0 1 28298
0 1 28300
0 1 28301
0 1 28305
0 1 28307
0 1 28308
0 1 28309
0 1 28310
0 1 28313
0 1 28314
0 1 28315
0 1 28320
0 1 28323
0 1 28326
0 1 28327
0 1 28328
0 1 28329
0 1 28331
0 1 28332
0 1 28334
0 1 28335
0 1 28336
0 1 28338
0 1 28339
0 1 28343
0 1 28344
0 1 28346
0 1 28348
0 1 28349
0 1 28353
0 1 28354
0 1 28355
0 1 28356
0 1 28358
0 1 28360
0 1 28361
0 1 28362
0 1 28363
0 1 28368
0 1 28369
0 1 28374
0 1 28377
0 1 28382
0 1 28383
0 1 28384
0 1 28385
0 1 28386
0 1 28387
0 1 28388
0 1 28389
0 1 28391
0 1 28393
0 1 28394
0 1 28398
0 1 28399
0 1 28402
0 1 28405
0 1 28407
0 1 28408
0 1 28409
0 1 28410
0 1 28413
0 1 28415
0 1 28416
0 1 28417
0 1 28418
0 1 28420
0 1 28424
0 1 28426
0 1 28430
0 1 28431
0 1 28432
0 1 28433
0 1 28434
0 1 28436
0 1 28437
0 1 28438
0 1 28440
0 1 28441
0 1 28443
0 1 28444
0 1 28445
0 1 28447
0 1 28448
0 1 28450
0 1 28452
0 1 28454
0 1 28455
0 1 28456
0 1 28460
0 1 28463
0 1 28464
0 1 28465
0 1 28466
0 1 28467
0 1 28469
0 1 28475
0 1 28476
0 1 28477
0 1 28478
0 1 28479
0 1 28480
0 1 28481
0 1 28483
0 1 28485
0 1 28487
0 1 28488
0 1 28489
0 1 28490
0 1 28494
0 1 28496
0 1 28497
0 1 28498
0 1 28499
0 1 28502
0 1 28503
0 1 28507
0 1 28511
0 1 28512
0 1 28516
0 1 28518
0 1 28520
0 1 28521
0 1 28528
0 1 28530
0 1 28531
0 1 28532
0 1 28533
0 1 28534
0 1 28536
0 1 28537
0 1 28538
0 1 28540
0 1 28543
0 1 28544
0 1 28546
0 1 28556
0 1 28561
0 1 28562
0 1 28566
0 1 28567
0 1 28568
0 1 28570
0 1 28573
0 1 28574
0 1 28579
0 1 28586
0 1 28587
0 1 28588
0 1 28589
0 1 28591
0 1 28592
0 1 28595
0 1 28597
0 1 28598
0 1 28599
0 1 28604
0 1 28606
0 1 28607
0 1 28608
0 1 28609
0 1 28610
0 1 28611
0 1 28614
0 1 28615
0 1 28622
0 1 28623
0 1 28624
0 1 28626
0 1 28628
0 1 28629
0 1 28630
0 1 28631
0 1 28636
0 1 28638
0 1 28639
0 1 28642
0 1 28643
0 1 28644
0 1 28645
0 1 28646
0 1 28647
0 1 28648
0 1 28651
0 1 28664
0 1 28668
0 1 28669
0 1 28672
0 1 28675
0 1 28676
0 1 28677
0 1 28678
0 1 28679
0 1 28681
0 1 28682
0 1 28686
0 1 28687
0 1 28689
0 1 28691
0 1 28693
0 1 28695
0 1 28696
0 1 28698
0 1 28702
0 1 28703
0 1 28704
0 1 28705
0 1 28706
0 1 28712
0 1 28714
0 1 28715
0 1 28718
0 1 28720
0 1 28721
0 1 28722
0 1 28724
0 1 28725
0 1 28727
0 1 28729
0 1 28731
0 1 28737
0 1 28745
0 1 28749
0 1 28750
0 1 28754
0 1 28757
0 1 28759
0 1 28760
0 1 28762
0 1 28763
0 1 28765
0 1 28766
0 1 28767
0 1 28772
0 1 28773
0 1 28776
0 1 28778
0 1 28779
0 1 28781
0 1 28783
0 1 28785
0 1 28786
0 1 28790
0 1 28791
0 1 28792
0 1 28796
0 1 28798
0 1 28800
0 1 28803
0 1 28806
0 1 28807
0 1 28809
0 1 28810
0 1 28811
0 1 28813
0 1 28814
0 1 28816
0 1 28818
0 1 28819
0 1 28820
0 1 28822
0 1 28823
0 1 28824
0 1 28826
0 1 28828
0 1 28831
0 1 28833
0 1 28834
0 1 28839
0 1 28840
0 1 28842
0 1 28843
0 1 28845
0 1 28847
0 1 28849
0 1 28850
0 1 28851
0 1 28852
0 1 28853
0 1 28854
0 1 28855
0 1 28858
0 1 28859
0 1 28862
0 1 28863
0 1 28864
0 1 28874
0 1 28875
0 1 28876
0 1 28879
0 1 28880
0 1 28883
0 1 28885
0 1 28888
0 1 28890
0 1 28891
0 1 28892
0 1 28893
0 1 28894
0 1 28895
0 1 28896
0 1 28898
0 1 28899
0 1 28901
0 1 28904
0 1 28905
0 1 28906
0 1 28908
0 1 28910
0 1 28911
0 1 28912
0 1 28913
0 1 28915
0 1 28916
0 1 28917
0 1 28918
0 1 28919
0 1 28920
0 1 28923
0 1 28926
0 1 28927
0 1 28930
0 1 28934
0 1 28935
0 1 28936
0 1 28940
0 1 28942
0 1 28947
0 1 28949
0 1 28953
0 1 28954
0 1 28955
0 1 28957
0 1 28961
0 1 28962
0 1 28965
0 1 28967
0 1 28968
0 1 28970
0 1 28971
0 1 28972
0 1 28973
0 1 28974
0 1 28976
0 1 28977
0 1 28978
0 1 28982
0 1 28983
0 1 28985
0 1 28988
0 1 28990
0 1 28991
0 1 28992
0 1 28993
0 1 28994
0 1 28995
0 1 28996
0 1 28998
0 1 29004
0 1 29007
0 1 29011
0 1 29013
0 1 29014
0 1 29015
0 1 29016
0 1 29017
0 1 29021
0 1 29022
0 1 29024
0 1 29026
0 1 29027
0 1 29028
0 1 29030
0 1 29032
0 1 29033
0 1 29034
0 1 29037
0 1 29041
0 1 29042
0 1 29043
0 1 29044
0 1 29045
0 1 29047
0 1 29048
0 1 29049
0 1 29051
0 1 29052
0 1 29054
0 1 29070
0 1 29073
0 1 29075
0 1 29078
0 1 29080
0 1 29082
0 1 29083
0 1 29087
0 1 29089
0 1 29091
0 1 29092
0 1 29095
0 1 29096
0 1 29098
0 1 29099
0 1 29100
0 1 29101
0 1 29103
0 1 29104
0 1 29105
0 1 29107
0 1 29109
0 1 29110
0 1 29113
0 1 29114
0 1 29117
0 1 29127
0 1 29128
0 1 29129
0 1 29131
0 1 29137
0 1 29138
0 1 29143
0 1 29147
0 1 29154
0 1 29156
0 1 29158
0 1 29160
0 1 29161
0 1 29162
0 1 29163
0 1 29164
0 1 29166
0 1 29169
0 1 29170
0 1 29172
0 1 29174
0 1 29175
0 1 29176
0 1 29181
0 1 29182
0 1 29184
0 1 29186
0 1 29187
0 1 29190
0 1 29191
0 1 29192
0 1 29194
0 1 29195
0 1 29198
0 1 29201
0 1 29202
0 1 29204
0 1 29206
0 1 29211
0 1 29212
0 1 29219
0 1 29220
0 1 29221
0 1 29223
0 1 29224
0 1 29225
0 1 29227
0 1 29230
0 1 29233
0 1 29235
0 1 29237
0 1 29239
0 1 29240
0 1 29242
0 1 29243
0 1 29244
0 1 29246
0 1 29248
0 1 29250
0 1 29252
0 1 29254
0 1 29256
0 1 29257
0 1 29258
0 1 29260
0 1 29261
0 1 29266
0 1 29271
0 1 29272
0 1 29274
0 1 29277
0 1 29278
0 1 29282
0 1 29286
0 1 29290
0 1 29293
0 1 29296
0 1 29297
0 1 29298
0 1 29300
0 1 29302
0 1 29313
0 1 29315
0 1 29319
0 1 29320
0 1 29321
0 1 29322
0 1 29325
0 1 29326
0 1 29329
0 1 29332
0 1 29333
0 1 29337
0 1 29338
0 1 29340
0 1 29341
0 1 29342
0 1 29343
0 1 29344
0 1 29348
0 1 29350
0 1 29354
0 1 29357
0 1 29358
0 1 29359
0 1 29360
0 1 29364
0 1 29365
0 1 29366
0 1 29368
0 1 29369
0 1 29371
0 1 29372
0 1 29375
0 1 29377
0 1 29384
0 1 29385
0 1 29388
0 1 29391
0 1 29392
0 1 29394
0 1 29395
0 1 29398
0 1 29399
0 1 29400
0 1 29405
0 1 29406
0 1 29407
0 1 29408
0 1 29411
0 1 29417
0 1 29421
0 1 29422
0 1 29423
0 1 29430
0 1 29433
0 1 29435
0 1 29436
0 1 29437
0 1 29439
0 1 29443
0 1 29444
0 1 29446
0 1 29447
0 1 29448
0 1 29449
0 1 29450
0 1 29452
0 1 29454
0 1 29456
0 1 29458
0 1 29459
0 1 29460
0 1 29461
0 1 29462
0 1 29463
0 1 29464
0 1 29465
0 1 29467
0 1 29469
0 1 29471
0 1 29473
0 1 29475
0 1 29477
0 1 29478
0 1 29479
0 1 29480
0 1 29482
0 1 29483
0 1 29484
0 1 29485
0 1 29486
0 1 29488
0 1 29489
0 1 29490
0 1 29492
0 1 29493
0 1 29494
0 1 29496
0 1 29497
0 1 29502
0 1 29503
0 1 29504
0 1 29508
0 1 29509
0 1 29510
0 1 29511
0 1 29512
0 1 29513
0 1 29516
0 1 29522
0 1 29526
0 1 29527
0 1 29528
0 1 29530
0 1 29532
0 1 29533
0 1 29534
0 1 29537
0 1 29538
0 1 29541
0 1 29542
0 1 29545
0 1 29546
0 1 29547
0 1 29548
0 1 29550
0 1 29551
0 1 29552
0 1 29557
0 1 29558
0 1 29562
0 1 29563
0 1 29564
0 1 29565
0 1 29566
0 1 29568
0 1 29569
0 1 29571
0 1 29572
0 1 29573
0 1 29574
0 1 29575
0 1 29577
0 1 29579
0 1 29580
0 1 29582
0 1 29583
0 1 29584
0 1 29593
0 1 29595
0 1 29600
0 1 29601
0 1 29603
0 1 29604
0 1 29607
0 1 29609
0 1 29611
0 1 29615
0 1 29616
0 1 29619
0 1 29620
0 1 29623
0 1 29625
0 1 29627
0 1 29630
0 1 29631
0 1 29637
0 1 29638
0 1 29640
0 1 29643
0 1 29644
0 1 29646
0 1 29647
0 1 29649
0 1 29650
0 1 29652
0 1 29653
0 1 29654
0 1 29656
0 1 29657
0 1 29658
0 1 29659
0 1 29660
0 1 29664
0 1 29666
0 1 29667
0 1 29669
0 1 29672
0 1 29673
0 1 29677
0 1 29678
0 1 29679
0 1 29681
0 1 29684
0 1 29685
0 1 29688
0 1 29690
0 1 29693
0 1 29695
0 1 29696
0 1 29697
0 1 29700
0 1 29701
0 1 29704
0 1 29706
0 1 29707
0 1 29708
0 1 29709
0 1 29713
0 1 29714
0 1 29717
0 1 29719
0 1 29720
0 1 29721
0 1 29732
0 1 29733
0 1 29734
0 1 29735
0 1 29736
0 1 29737
0 1 29740
0 1 29742
0 1 29743
0 1 29744
0 1 29745
0 1 29746
0 1 29748
0 1 29749
0 1 29750
0 1 29751
0 1 29754
0 1 29756
0 1 29758
0 1 29759
0 1 29760
0 1 29762
0 1 29765
0 1 29766
0 1 29767
0 1 29771
0 1 29772
0 1 29775
0 1 29777
0 1 29780
0 1 29782
0 1 29784
0 1 29785
0 1 29788
0 1 29789
0 1 29790
0 1 29791
0 1 29792
0 1 29797
0 1 29798
0 1 29801
0 1 29803
0 1 29804
0 1 29806
0 1 29810
0 1 29815
0 1 29816
0 1 29818
0 1 29819
0 1 29823
0 1 29826
0 1 29827
0 1 29828
0 1 29829
0 1 29836
0 1 29837
0 1 29838
0 1 29839
0 1 29840
0 1 29842
0 1 29843
0 1 29845
0 1 29846
0 1 29848
0 1 29849
0 1 29852
0 1 29853
0 1 29854
0 1 29855
0 1 29856
0 1 29861
0 1 29862
0 1 29864
0 1 29865
0 1 29866
0 1 29868
0 1 29870
0 1 29871
0 1 29873
0 1 29877
0 1 29878
0 1 29879
0 1 29880
0 1 29881
0 1 29882
0 1 29884
0 1 29886
0 1 29888
0 1 29891
0 1 29894
0 1 29896
0 1 29898
0 1 29899
0 1 29903
0 1 29904
0 1 29905
0 1 29908
0 1 29912
0 1 29916
0 1 29923
0 1 29925
0 1 29930
0 1 29931
0 1 29934
0 1 29938
0 1 29940
0 1 29941
0 1 29942
0 1 29946
0 1 29948
0 1 29950
0 1 29951
0 1 29952
0 1 29955
0 1 29957
0 1 29958
0 1 29959
0 1 29960
0 1 29961
0 1 29963
0 1 29965
0 1 29969
0 1 29970
0 1 29971
0 1 29972
0 1 29973
0 1 29975
0 1 29980
0 1 29982
0 1 29983
0 1 29984
0 1 29986
0 1 29988
0 1 29993
0 1 29994
0 1 29998
0 1 29999
0 1 30002
0 1 30005
0 1 30006
0 1 30008
0 1 30010
0 1 30011
0 1 30012
0 1 30013
0 1 30016
0 1 30026
0 1 30027
0 1 30032
0 1 30035
0 1 30037
0 1 30038
0 1 30040
0 1 30041
0 1 30042
0 1 30044
0 1 30047
0 1 30049
0 1 30051
0 1 30053
0 1 30055
0 1 30057
0 1 30060
0 1 30062
0 1 30066
0 1 30067
0 1 30069
0 1 30070
0 1 30072
0 1 30073
0 1 30077
0 1 30080
0 1 30082
0 1 30083
0 1 30084
0 1 30086
0 1 30087
0 1 30088
0 1 30089
0 1 30090
0 1 30091
0 1 30093
0 1 30094
0 1 30096
0 1 30101
0 1 30102
0 1 30107
0 1 30109
0 1 30114
0 1 30115
0 1 30117
0 1 30118
0 1 30120
0 1 30121
0 1 30124
0 1 30125
0 1 30127
0 1 30129
0 1 30130
0 1 30131
0 1 30132
0 1 30134
0 1 30135
0 1 30136
0 1 30137
0 1 30138
0 1 30140
0 1 30142
0 1 30143
0 1 30144
0 1 30145
0 1 30146
0 1 30147
0 1 30151
0 1 30152
0 1 30155
0 1 30157
0 1 30159
0 1 30163
0 1 30171
0 1 30172
0 1 30174
0 1 30175
0 1 30180
0 1 30183
0 1 30184
0 1 30186
0 1 30188
0 1 30189
0 1 30196
0 1 30197
0 1 30198
0 1 30200
0 1 30201
0 1 30203
0 1 30205
0 1 30206
0 1 30207
0 1 30208
0 1 30210
0 1 30211
0 1 30212
0 1 30213
0 1 30216
0 1 30218
0 1 30220
0 1 30222
0 1 30229
0 1 30230
0 1 30234
0 1 30237
0 1 30239
0 1 30240
0 1 30241
0 1 30243
0 1 30245
0 1 30246
0 1 30247
0 1 30250
0 1 30254
0 1 30256
0 1 30257
0 1 30260
0 1 30261
0 1 30262
0 1 30263
0 1 30267
0 1 30268
0 1 30272
0 1 30274
0 1 30275
0 1 30276
0 1 30277
0 1 30278
0 1 30279
0 1 30281
0 1 30282
0 1 30284
0 1 30285
0 1 30287
0 1 30290
0 1 30292
0 1 30294
0 1 30297
0 1 30298
0 1 30301
0 1 30302
0 1 30304
0 1 30305
0 1 30308
0 1 30309
0 1 30310
0 1 30312
0 1 30313
0 1 30314
0 1 30315
0 1 30318
0 1 30319
0 1 30321
0 1 30322
0 1 30325
0 1 30326
0 1 30328
0 1 30329
0 1 30330
0 1 30331
0 1 30333
0 1 30335
0 1 30338
0 1 30339
0 1 30340
0 1 30341
0 1 30342
0 1 30344
0 1 30345
0 1 30346
0 1 30348
0 1 30349
0 1 30350
0 1 30352
0 1 30354
0 1 30355
0 1 30356
0 1 30357
0 1 30358
0 1 30360
0 1 30363
0 1 30364
0 1 30365
0 1 30367
0 1 30369
0 1 30370
0 1 30371
0 1 30374
0 1 30375
0 1 30377
0 1 30378
0 1 30379
0 1 30380
0 1 30381
0 1 30382
0 1 30386
0 1 30387
0 1 30389
0 1 30390
0 1 30391
0 1 30392
0 1 30393
0 1 30395
0 1 30396
0 1 30397
0 1 30398
0 1 30399
0 1 30401
0 1 30403
0 1 30405
0 1 30406
0 1 30407
0 1 30412
0 1 30419
0 1 30420
0 1 30421
0 1 30427
0 1 30429
0 1 30430
0 1 30433
0 1 30434
0 1 30435
0 1 30438
0 1 30439
0 1 30440
0 1 30441
0 1 30449
0 1 30452
0 1 30454
0 1 30455
0 1 30456
0 1 30459
0 1 30461
0 1 30462
0 1 30468
0 1 30469
0 1 30471
0 1 30472
0 1 30473
0 1 30474
0 1 30475
0 1 30476
0 1 30479
0 1 30480
0 1 30481
0 1 30482
0 1 30483
0 1 30484
0 1 30485
0 1 30489
0 1 30491
0 1 30497
0 1 30498
0 1 30501
0 1 30502
0 1 30503
0 1 30505
0 1 30507
0 1 30510
0 1 30512
0 1 30513
0 1 30514
0 1 30516
0 1 30517
0 1 30520
0 1 30521
0 1 30522
0 1 30523
0 1 30524
0 1 30525
0 1 30527
0 1 30528
0 1 30531
0 1 30532
0 1 30534
0 1 30535
0 1 30538
0 1 30542
0 1 30549
0 1 30550
0 1 30553
0 1 30555
0 1 30556
0 1 30557
0 1 30558
0 1 30561
0 1 30562
0 1 30563
0 1 30564
0 1 30565
0 1 30566
0 1 30567
0 1 30568
0 1 30571
0 1 30573
0 1 30575
0 1 30577
0 1 30579
0 1 30580
0 1 30583
0 1 30586
0 1 30589
0 1 30590
0 1 30597
0 1 30598
0 1 30599
0 1 30601
0 1 30603
0 1 30607
0 1 30613
0 1 30614
0 1 30615
0 1 30616
0 1 30619
0 1 30621
0 1 30625
0 1 30626
0 1 30628
0 1 30633
0 1 30635
0 1 30637
0 1 30638
0 1 30640
0 1 30643
0 1 30646
0 1 30647
0 1 30652
0 1 30653
0 1 30654
0 1 30655
0 1 30656
0 1 30657
0 1 30661
0 1 30664
0 1 30666
0 1 30667
0 1 30669
0 1 30671
0 1 30672
0 1 30673
0 1 30676
0 1 30679
0 1 30681
0 1 30685
0 1 30687
0 1 30688
0 1 30689
0 1 30691
0 1 30692
0 1 30696
0 1 30698
0 1 30703
0 1 30710
0 1 30711
0 1 30712
0 1 30713
0 1 30714
0 1 30715
0 1 30716
0 1 30717
0 1 30718
0 1 30719
0 1 30723
0 1 30725
0 1 30726
0 1 30727
0 1 30728
0 1 30729
0 1 30730
0 1 30731
0 1 30732
0 1 30734
0 1 30735
0 1 30737
0 1 30738
0 1 30740
0 1 30743
0 1 30744
0 1 30746
0 1 30748
0 1 30750
0 1 30751
0 1 30752
0 1 30754
0 1 30755
0 1 30756
0 1 30757
0 1 30758
0 1 30760
0 1 30761
0 1 30763
0 1 30764
0 1 30767
0 1 30768
0 1 30770
0 1 30771
0 1 30773
0 1 30780
0 1 30786
0 1 30792
0 1 30793
0 1 30799
0 1 30800
0 1 30801
0 1 30802
0 1 30803
0 1 30806
0 1 30808
0 1 30809
0 1 30810
0 1 30811
0 1 30813
0 1 30814
0 1 30815
0 1 30818
0 1 30820
0 1 30821
0 1 30824
0 1 30826
0 1 30827
0 1 30828
0 1 30831
0 1 30832
0 1 30833
0 1 30836
0 1 30840
0 1 30842
0 1 30846
0 1 30848
0 1 30851
0 1 30852
0 1 30854
0 1 30859
0 1 30860
0 1 30869
0 1 30872
0 1 30873
0 1 30874
0 1 30875
0 1 30877
0 1 30879
0 1 30883
0 1 30885
0 1 30887
0 1 30888
0 1 30889
0 1 30890
0 1 30892
0 1 30895
0 1 30896
0 1 30897
0 1 30899
0 1 30900
0 1 30901
0 1 30903
0 1 30904
0 1 30906
0 1 30907
0 1 30911
0 1 30913
0 1 30916
0 1 30917
0 1 30918
0 1 30919
0 1 30921
0 1 30924
0 1 30925
0 1 30926
0 1 30929
0 1 30932
0 1 30935
0 1 30936
0 1 30939
0 1 30940
0 1 30942
0 1 30943
0 1 30944
0 1 30945
0 1 30946
0 1 30948
0 1 30949
0 1 30951
0 1 30955
0 1 30956
0 1 30958
0 1 30960
0 1 30961
0 1 30964
0 1 30965
0 1 30966
0 1 30967
0 1 30969
0 1 30971
0 1 30973
0 1 30977
0 1 30978
0 1 30979
0 1 30980
0 1 30981
0 1 30983
0 1 30988
0 1 30989
0 1 30991
0 1 30992
0 1 30994
0 1 30995
0 1 30996
0 1 30997
0 1 31001
0 1 31004
0 1 31005
0 1 31007
0 1 31008
0 1 31009
0 1 31010
0 1 31011
0 1 31012
0 1 31013
0 1 31014
0 1 31016
0 1 31017
0 1 31018
0 1 31020
0 1 31022
0 1 31023
0 1 31026
0 1 31027
0 1 31028
0 1 31029
0 1 31031
0 1 31032
0 1 31035
0 1 31038
0 1 31041
0 1 31042
0 1 31043
0 1 31045
0 1 31046
0 1 31049
0 1 31051
0 1 31055
0 1 31058
0 1 31060
0 1 31061
0 1 31063
0 1 31066
0 1 31067
0 1 31068
0 1 31069
0 1 31070
0 1 31072
0 1 31073
0 1 31074
0 1 31075
0 1 31076
0 1 31077
0 1 31078
0 1 31079
0 1 31081
0 1 31082
0 1 31083
0 1 31086
0 1 31087
0 1 31092
0 1 31096
0 1 31099
0 1 31100
0 1 31101
0 1 31107
0 1 31109
0 1 31111
0 1 31115
0 1 31116
0 1 31117
0 1 31118
0 1 31125
0 1 31127
0 1 31129
0 1 31130
0 1 31136
0 1 31137
0 1 31139
0 1 31142
0 1 31144
0 1 31148
0 1 31150
0 1 31152
0 1 31154
0 1 31155
0 1 31156
0 1 31157
0 1 31158
0 1 31161
0 1 31164
0 1 31168
0 1 31169
0 1 31171
0 1 31172
0 1 31174
0 1 31175
0 1 31176
0 1 31177
0 1 31178
0 1 31180
0 1 31186
0 1 31190
0 1 31191
0 1 31194
0 1 31196
0 1 31198
0 1 31201
0 1 31205
0 1 31206
0 1 31209
0 1 31211
0 1 31212
0 1 31214
0 1 31215
0 1 31217
0 1 31218
0 1 31220
0 1 31221
0 1 31223
0 1 31229
0 1 31231
0 1 31233
0 1 31234
0 1 31235
0 1 31236
0 1 31238
0 1 31241
0 1 31244
0 1 31246
0 1 31248
0 1 31256
0 1 31259
0 1 31260
0 1 31261
0 1 31268
0 1 31272
0 1 31274
0 1 31276
0 1 31277
0 1 31280
0 1 31283
0 1 31284
0 1 31286
0 1 31287
0 1 31288
0 1 31289
0 1 31290
0 1 31291
0 1 31292
0 1 31294
0 1 31295
0 1 31296
0 1 31298
0 1 31300
0 1 31303
0 1 31306
0 1 31310
0 1 31312
0 1 31315
0 1 31316
0 1 31317
0 1 31321
0 1 31323
0 1 31324
0 1 31326
0 1 31327
0 1 31334
0 1 31337
0 1 31338
0 1 31340
0 1 31343
0 1 31345
0 1 31346
0 1 31347
0 1 31348
0 1 31349
0 1 31351
0 1 31354
0 1 31359
0 1 31362
0 1 31364
0 1 31366
0 1 31368
0 1 31369
0 1 31372
0 1 31373
0 1 31376
0 1 31378
0 1 31379
0 1 31382
0 1 31385
0 1 31388
0 1 31390
0 1 31393
0 1 31396
0 1 31397
0 1 31398
0 1 31399
0 1 31400
0 1 31401
0 1 31403
0 1 31404
0 1 31408
0 1 31409
0 1 31410
0 1 31411
0 1 31412
0 1 31413
0 1 31415
0 1 31419
0 1 31422
0 1 31423
0 1 31424
0 1 31426
0 1 31431
0 1 31433
0 1 31435
0 1 31437
0 1 31438
0 1 31439
0 1 31441
0 1 31443
0 1 31444
0 1 31446
0 1 31448
0 1 31450
0 1 31451
0 1 31452
0 1 31454
0 1 31455
0 1 31458
0 1 31462
0 1 31463
0 1 31465
0 1 31466
0 1 31471
0 1 31476
0 1 31477
0 1 31478
0 1 31479
0 1 31480
0 1 31481
0 1 31482
0 1 31483
0 1 31484
0 1 31487
0 1 31492
0 1 31496
0 1 31497
0 1 31498
0 1 31499
0 1 31501
0 1 31503
0 1 31507
0 1 31511
0 1 31514
0 1 31517
0 1 31520
0 1 31521
0 1 31522
0 1 31523
0 1 31525
0 1 31526
0 1 31527
0 1 31529
0 1 31530
0 1 31531
0 1 31532
0 1 31533
0 1 31534
0 1 31535
0 1 31537
0 1 31538
0 1 31541
0 1 31545
0 1 31547
0 1 31549
0 1 31550
0 1 31553
0 1 31555
0 1 31557
0 1 31558
0 1 31559
0 1 31560
0 1 31564
0 1 31565
0 1 31566
0 1 31567
0 1 31568
0 1 31569
0 1 31571
0 1 31572
0 1 31574
0 1 31575
0 1 31577
0 1 31578
0 1 31580
0 1 31581
0 1 31582
0 1 31586
0 1 31588
0 1 31590
0 1 31594
0 1 31595
0 1 31596
0 1 31597
0 1 31598
0 1 31600
0 1 31601
0 1 31602
0 1 31603
0 1 31604
0 1 31605
0 1 31606
0 1 31608
0 1 31609
0 1 31610
0 1 31611
0 1 31615
0 1 31617
0 1 31621
0 1 31622
0 1 31623
0 1 31625
0 1 31633
0 1 31636
0 1 31640
0 1 31642
0 1 31644
0 1 31645
0 1 31647
0 1 31648
0 1 31650
0 1 31651
0 1 31652
0 1 31656
0 1 31659
0 1 31660
0 1 31661
0 1 31662
0 1 31667
0 1 31669
0 1 31670
0 1 31671
0 1 31674
0 1 31677
0 1 31678
0 1 31679
0 1 31682
0 1 31683
0 1 31686
0 1 31687
0 1 31688
0 1 31689
0 1 31690
0 1 31691
0 1 31695
0 1 31697
0 1 31700
0 1 31706
0 1 31708
0 1 31709
0 1 31711
0 1 31713
0 1 31718
0 1 31720
0 1 31721
0 1 31722
0 1 31723
0 1 31724
0 1 31725
0 1 31727
0 1 31729
0 1 31730
0 1 31731
0 1 31732
0 1 31735
0 1 31736
0 1 31737
0 1 31740
0 1 31741
0 1 31742
0 1 31743
0 1 31745
0 1 31746
0 1 31749
0 1 31755
0 1 31756
0 1 31758
0 1 31761
0 1 31767
0 1 31768
0 1 31769
0 1 31771
0 1 31772
0 1 31773
0 1 31774
0 1 31778
0 1 31779
0 1 31780
0 1 31781
0 1 31782
0 1 31783
0 1 31793
0 1 31794
0 1 31795
0 1 31796
0 1 31800
0 1 31802
0 1 31803
0 1 31807
0 1 31808
0 1 31811
0 1 31812
0 1 31813
0 1 31816
0 1 31818
0 1 31819
0 1 31822
0 1 31824
0 1 31825
0 1 31829
0 1 31831
0 1 31833
0 1 31834
0 1 31839
0 1 31840
0 1 31841
0 1 31842
0 1 31844
0 1 31845
0 1 31847
0 1 31848
0 1 31850
0 1 31851
0 1 31852
0 1 31853
0 1 31854
0 1 31855
0 1 31856
0 1 31859
0 1 31860
0 1 31861
0 1 31865
0 1 31866
0 1 31870
0 1 31873
0 1 31878
0 1 31881
0 1 31882
0 1 31883
0 1 31884
0 1 31889
0 1 31890
0 1 31891
0 1 31892
0 1 31894
0 1 31896
0 1 31898
0 1 31899
0 1 31902
0 1 31903
0 1 31904
0 1 31905
0 1 31906
0 1 31907
0 1 31909
0 1 31910
0 1 31917
0 1 31919
0 1 31921
0 1 31924
0 1 31925
0 1 31928
0 1 31930
0 1 31931
0 1 31934
0 1 31935
0 1 31936
0 1 31937
0 1 31938
0 1 31939
0 1 31941
0 1 31942
0 1 31943
0 1 31944
0 1 31945
0 1 31946
0 1 31947
0 1 31948
0 1 31949
0 1 31951
0 1 31953
0 1 31954
0 1 31957
0 1 31958
0 1 31959
0 1 31963
0 1 31973
0 1 31976
0 1 31978
0 1 31980
0 1 31981
0 1 31986
0 1 31991
0 1 31993
0 1 31997
0 1 32000
0 1 32002
0 1 32003
0 1 32004
0 1 32005
0 1 32006
0 1 32007
0 1 32011
0 1 32015
0 1 32017
0 1 32022
0 1 32025
0 1 32026
0 1 32027
0 1 32030
0 1 32032
0 1 32033
0 1 32035
0 1 32036
0 1 32038
0 1 32039
0 1 32040
0 1 32042
0 1 32044
0 1 32045
0 1 32046
0 1 32048
0 1 32049
0 1 32050
0 1 32052
0 1 32054
0 1 32055
0 1 32057
0 1 32062
0 1 32063
0 1 32064
0 1 32065
0 1 32068
0 1 32070
0 1 32071
0 1 32072
0 1 32073
0 1 32077
0 1 32078
0 1 32080
0 1 32081
0 1 32083
0 1 32084
0 1 32085
0 1 32088
0 1 32089
0 1 32092
0 1 32096
0 1 32097
0 1 32102
0 1 32103
0 1 32104
0 1 32105
0 1 32106
0 1 32112
0 1 32113
0 1 32117
0 1 32118
0 1 32120
0 1 32121
0 1 32122
0 1 32123
0 1 32126
0 1 32129
0 1 32131
0 1 32132
0 1 32134
0 1 32135
0 1 32136
0 1 32137
0 1 32141
0 1 32142
0 1 32143
0 1 32146
0 1 32149
0 1 32151
0 1 32153
0 1 32157
0 1 32161
0 1 32163
0 1 32164
0 1 32166
0 1 32168
0 1 32171
0 1 32174
0 1 32177
0 1 32178
0 1 32183
0 1 32185
0 1 32186
0 1 32187
0 1 32189
0 1 32190
0 1 32191
0 1 32194
0 1 32195
0 1 32197
0 1 32199
0 1 32203
0 1 32204
0 1 32205
0 1 32207
0 1 32209
0 1 32210
0 1 32211
0 1 32212
0 1 32213
0 1 32214
0 1 32215
0 1 32217
0 1 32221
0 1 32224
0 1 32225
0 1 32228
0 1 32229
0 1 32233
0 1 32235
0 1 32238
0 1 32240
0 1 32243
0 1 32244
0 1 32248
0 1 32249
0 1 32252
0 1 32253
0 1 32255
0 1 32262
0 1 32263
0 1 32264
0 1 32269
0 1 32271
0 1 32273
0 1 32275
0 1 32279
0 1 32280
0 1 32282
0 1 32283
0 1 32284
0 1 32285
0 1 32286
0 1 32287
0 1 32289
0 1 32291
0 1 32294
0 1 32295
0 1 32296
0 1 32297
0 1 32298
0 1 32299
0 1 32300
0 1 32305
0 1 32307
0 1 32308
0 1 32309
0 1 32310
0 1 32313
0 1 32314
0 1 32316
0 1 32317
0 1 32318
0 1 32320
0 1 32322
0 1 32324
0 1 32326
0 1 32330
0 1 32332
0 1 32333
0 1 32334
0 1 32335
0 1 32336
0 1 32338
0 1 32339
0 1 32340
0 1 32345
0 1 32346
0 1 32347
0 1 32348
0 1 32349
0 1 32352
0 1 32355
0 1 32356
0 1 32359
0 1 32360
0 1 32363
0 1 32365
0 1 32367
0 1 32368
0 1 32370
0 1 32371
0 1 32372
0 1 32373
0 1 32375
0 1 32376
0 1 32377
0 1 32380
0 1 32381
0 1 32383
0 1 32384
0 1 32385
0 1 32386
0 1 32390
0 1 32394
0 1 32396
0 1 32398
0 1 32399
0 1 32401
0 1 32405
0 1 32408
0 1 32412
0 1 32413
0 1 32414
0 1 32415
0 1 32419
0 1 32420
0 1 32421
0 1 32422
0 1 32423
0 1 32425
0 1 32427
0 1 32428
0 1 32433
0 1 32437
0 1 32439
0 1 32440
0 1 32449
0 1 32451
0 1 32452
0 1 32453
0 1 32454
0 1 32455
0 1 32456
0 1 32458
0 1 32459
0 1 32461
0 1 32463
0 1 32465
0 1 32466
0 1 32470
0 1 32471
0 1 32472
0 1 32473
0 1 32477
0 1 32478
0 1 32480
0 1 32481
0 1 32482
0 1 32483
0 1 32485
0 1 32486
0 1 32489
0 1 32490
0 1 32491
0 1 32492
0 1 32493
0 1 32497
0 1 32498
0 1 32499
0 1 32500
0 1 32505
0 1 32506
0 1 32508
0 1 32509
0 1 32510
0 1 32518
0 1 32519
0 1 32521
0 1 32522
0 1 32523
0 1 32524
0 1 32525
0 1 32526
0 1 32529
0 1 32530
0 1 32531
0 1 32532
0 1 32534
0 1 32538
0 1 32540
0 1 32541
0 1 32542
0 1 32544
0 1 32550
0 1 32552
0 1 32553
0 1 32554
0 1 32555
0 1 32558
0 1 32560
0 1 32561
0 1 32562
0 1 32566
0 1 32570
0 1 32580
0 1 32582
0 1 32588
0 1 32589
0 1 32590
0 1 32591
0 1 32592
0 1 32598
0 1 32599
0 1 32601
0 1 32605
0 1 32607
0 1 32609
0 1 32610
0 1 32617
0 1 32618
0 1 32620
0 1 32623
0 1 32625
0 1 32627
0 1 32630
0 1 32631
0 1 32633
0 1 32634
0 1 32635
0 1 32636
0 1 32638
0 1 32644
0 1 32646
0 1 32647
0 1 32649
0 1 32651
0 1 32653
0 1 32656
0 1 32658
0 1 32659
0 1 32660
0 1 32663
0 1 32668
0 1 32669
0 1 32670
0 1 32673
0 1 32675
0 1 32676
0 1 32678
0 1 32687
0 1 32688
0 1 32689
0 1 32692
0 1 32693
0 1 32698
0 1 32700
0 1 32702
0 1 32703
0 1 32704
0 1 32705
0 1 32710
0 1 32712
0 1 32713
0 1 32715
0 1 32717
0 1 32720
0 1 32723
0 1 32724
0 1 32729
0 1 32730
0 1 32732
0 1 32733
0 1 32734
0 1 32739
0 1 32740
0 1 32746
0 1 32749
0 1 32750
0 1 32752
0 1 32754
0 1 32755
0 1 32756
0 1 32759
0 1 32763
0 1 32764
0 1 32765
0 1 32766
0 1 32768
0 1 32770
0 1 32771
0 1 32772
0 1 32775
0 1 32776
0 1 32777
0 1 32778
0 1 32779
0 1 32781
0 1 32782
0 1 32783
0 1 32784
0 1 32785
0 1 32786
0 1 32788
0 1 32789
0 1 32793
0 1 32794
0 1 32795
0 1 32796
0 1 32797
0 1 32798
0 1 32802
0 1 32804
0 1 32807
0 1 32808
0 1 32809
0 1 32810
0 1 32815
0 1 32817
0 1 32819
0 1 32820
0 1 32821
0 1 32822
0 1 32823
0 1 32824
0 1 32825
0 1 32826
0 1 32827
0 1 32828
0 1 32833
0 1 32834
0 1 32835
0 1 32836
0 1 32838
0 1 32839
0 1 32842
0 1 32844
0 1 32850
0 1 32851
0 1 32854
0 1 32857
0 1 32858
0 1 32860
0 1 32862
0 1 32865
0 1 32866
0 1 32867
0 1 32868
0 1 32870
0 1 32873
0 1 32874
0 1 32877
0 1 32879
0 1 32880
0 1 32881
0 1 32882
0 1 32883
0 1 32884
0 1 32890
0 1 32891
0 1 32896
0 1 32897
0 1 32898
0 1 32900
0 1 32902
0 1 32907
0 1 32908
0 1 32909
0 1 32911
0 1 32913
0 1 32915
0 1 32918
0 1 32919
0 1 32921
0 1 32923
0 1 32926
0 1 32927
0 1 32929
0 1 32930
0 1 32932
0 1 32933
0 1 32934
0 1 32937
0 1 32938
0 1 32940
0 1 32941
0 1 32944
0 1 32945
0 1 32947
0 1 32948
0 1 32950
0 1 32951
0 1 32954
0 1 32955
0 1 32956
0 1 32958
0 1 32959
0 1 32962
0 1 32964
0 1 32965
0 1 32968
0 1 32970
0 1 32971
0 1 32973
0 1 32974
0 1 32978
0 1 32980
0 1 32981
0 1 32983
0 1 32986
0 1 32987
0 1 32990
0 1 32993
0 1 32994
0 1 32997
0 1 33002
0 1 33003
0 1 33004
0 1 33007
0 1 33011
0 1 33013
0 1 33015
0 1 33017
0 1 33019
0 1 33020
0 1 33022
0 1 33024
0 1 33027
0 1 33030
0 1 33033
0 1 33035
0 1 33038
0 1 33039
0 1 33040
0 1 33043
0 1 33045
0 1 33046
0 1 33047
0 1 33048
0 1 33049
0 1 33051
0 1 33053
0 1 33054
0 1 33055
0 1 33059
0 1 33060
0 1 33061
0 1 33063
0 1 33064
0 1 33065
0 1 33068
0 1 33070
0 1 33075
0 1 33079
0 1 33082
0 1 33084
0 1 33086
0 1 33087
0 1 33093
0 1 33094
0 1 33095
0 1 33096
0 1 33097
0 1 33098
0 1 33100
0 1 33101
0 1 33104
0 1 33105
0 1 33106
0 1 33107
0 1 33108
0 1 33111
0 1 33112
0 1 33113
0 1 33114
0 1 33116
0 1 33117
0 1 33120
0 1 33121
0 1 33122
0 1 33128
0 1 33130
0 1 33133
0 1 33135
0 1 33137
0 1 33139
0 1 33140
0 1 33148
0 1 33149
0 1 33151
0 1 33152
0 1 33154
0 1 33156
0 1 33158
0 1 33159
0 1 33160
0 1 33161
0 1 33163
0 1 33165
0 1 33167
0 1 33168
0 1 33169
0 1 33170
0 1 33172
0 1 33179
0 1 33182
0 1 33183
0 1 33184
0 1 33185
0 1 33188
0 1 33190
0 1 33193
0 1 33194
0 1 33195
0 1 33196
0 1 33199
0 1 33201
0 1 33206
0 1 33210
0 1 33211
0 1 33213
0 1 33215
0 1 33219
0 1 33221
0 1 33222
0 1 33223
0 1 33225
0 1 33227
0 1 33230
0 1 33231
0 1 33232
0 1 33234
0 1 33235
0 1 33237
0 1 33240
0 1 33243
0 1 33248
0 1 33249
0 1 33253
0 1 33256
0 1 33257
0 1 33259
0 1 33261
0 1 33262
0 1 33263
0 1 33264
0 1 33265
0 1 33266
0 1 33269
0 1 33270
0 1 33273
0 1 33274
0 1 33277
0 1 33279
0 1 33280
0 1 33281
0 1 33283
0 1 33285
0 1 33286
0 1 33289
0 1 33295
0 1 33299
0 1 33300
0 1 33301
0 1 33303
0 1 33306
0 1 33307
0 1 33308
0 1 33312
0 1 33316
0 1 33317
0 1 33319
0 1 33320
0 1 33323
0 1 33325
0 1 33326
0 1 33327
0 1 33328
0 1 33329
0 1 33330
0 1 33331
0 1 33333
0 1 33336
0 1 33337
0 1 33338
0 1 33339
0 1 33340
0 1 33343
0 1 33345
0 1 33346
0 1 33351
0 1 33352
0 1 33353
0 1 33354
0 1 33355
0 1 33356
0 1 33357
0 1 33358
0 1 33360
0 1 33363
0 1 33365
0 1 33366
0 1 33367
0 1 33369
0 1 33370
0 1 33371
0 1 33375
0 1 33378
0 1 33380
0 1 33383
0 1 33388
0 1 33389
0 1 33392
0 1 33394
0 1 33396
0 1 33397
0 1 33398
0 1 33399
0 1 33402
0 1 33407
0 1 33409
0 1 33411
0 1 33414
0 1 33419
0 1 33420
0 1 33421
0 1 33422
0 1 33423
0 1 33424
0 1 33428
0 1 33429
0 1 33431
0 1 33434
0 1 33436
0 1 33437
0 1 33438
0 1 33441
0 1 33444
0 1 33445
0 1 33446
0 1 33447
0 1 33448
0 1 33450
0 1 33453
0 1 33454
0 1 33458
0 1 33459
0 1 33461
0 1 33463
0 1 33464
0 1 33465
0 1 33466
0 1 33467
0 1 33470
0 1 33473
0 1 33475
0 1 33476
0 1 33478
0 1 33481
0 1 33483
0 1 33487
0 1 33488
0 1 33494
0 1 33497
0 1 33499
0 1 33500
0 1 33501
0 1 33503
0 1 33505
0 1 33506
0 1 33507
0 1 33508
0 1 33509
0 1 33514
0 1 33516
0 1 33517
0 1 33518
0 1 33523
0 1 33526
0 1 33530
0 1 33531
0 1 33533
0 1 33536
0 1 33538
0 1 33541
0 1 33542
0 1 33543
0 1 33545
0 1 33546
0 1 33549
0 1 33551
0 1 33552
0 1 33553
0 1 33554
0 1 33558
0 1 33560
0 1 33564
0 1 33565
0 1 33567
0 1 33568
0 1 33570
0 1 33571
0 1 33572
0 1 33573
0 1 33574
0 1 33576
0 1 33577
0 1 33581
0 1 33584
0 1 33585
0 1 33586
0 1 33587
0 1 33588
0 1 33590
0 1 33592
0 1 33597
0 1 33598
0 1 33600
0 1 33603
0 1 33604
0 1 33605
0 1 33606
0 1 33607
0 1 33608
0 1 33609
0 1 33611
0 1 33613
0 1 33614
0 1 33615
0 1 33617
0 1 33618
0 1 33619
0 1 33622
0 1 33626
0 1 33627
0 1 33628
0 1 33629
0 1 33630
0 1 33631
0 1 33635
0 1 33636
0 1 33637
0 1 33639
0 1 33643
0 1 33645
0 1 33646
0 1 33648
0 1 33649
0 1 33650
0 1 33654
0 1 33655
0 1 33656
0 1 33657
0 1 33660
0 1 33662
0 1 33664
0 1 33665
0 1 33670
0 1 33672
0 1 33673
0 1 33676
0 1 33677
0 1 33678
0 1 33679
0 1 33680
0 1 33681
0 1 33682
0 1 33684
0 1 33685
0 1 33686
0 1 33687
0 1 33688
0 1 33690
0 1 33692
0 1 33694
0 1 33695
0 1 33697
0 1 33698
0 1 33699
0 1 33700
0 1 33702
0 1 33706
0 1 33712
0 1 33714
0 1 33716
0 1 33718
0 1 33719
0 1 33722
0 1 33723
0 1 33727
0 1 33728
0 1 33729
0 1 33730
0 1 33731
0 1 33732
0 1 33733
0 1 33734
0 1 33737
0 1 33740
0 1 33741
0 1 33742
0 1 33746
0 1 33747
0 1 33749
0 1 33750
0 1 33751
0 1 33752
0 1 33754
0 1 33755
0 1 33760
0 1 33763
0 1 33768
0 1 33769
0 1 33770
0 1 33772
0 1 33773
0 1 33774
0 1 33779
0 1 33781
0 1 33782
0 1 33783
0 1 33785
0 1 33786
0 1 33788
0 1 33791
0 1 33793
0 1 33795
0 1 33797
0 1 33798
0 1 33799
0 1 33801
0 1 33802
0 1 33804
0 1 33805
0 1 33809
0 1 33811
0 1 33813
0 1 33814
0 1 33815
0 1 33817
0 1 33818
0 1 33821
0 1 33824
0 1 33829
0 1 33830
0 1 33831
0 1 33833
0 1 33835
0 1 33836
0 1 33841
0 1 33843
0 1 33846
0 1 33847
0 1 33852
0 1 33854
0 1 33858
0 1 33860
0 1 33861
0 1 33862
0 1 33865
0 1 33866
0 1 33870
0 1 33871
0 1 33872
0 1 33874
0 1 33875
0 1 33876
0 1 33877
0 1 33878
0 1 33879
0 1 33883
0 1 33884
0 1 33887
0 1 33889
0 1 33894
0 1 33896
0 1 33898
0 1 33899
0 1 33900
0 1 33901
0 1 33909
0 1 33910
0 1 33912
0 1 33913
0 1 33915
0 1 33917
0 1 33921
0 1 33923
0 1 33925
0 1 33927
0 1 33929
0 1 33931
0 1 33933
0 1 33938
0 1 33939
0 1 33940
0 1 33942
0 1 33943
0 1 33946
0 1 33947
0 1 33948
0 1 33950
0 1 33952
0 1 33954
0 1 33955
0 1 33958
0 1 33959
0 1 33962
0 1 33965
0 1 33966
0 1 33967
0 1 33968
0 1 33969
0 1 33970
0 1 33971
0 1 33972
0 1 33974
0 1 33975
0 1 33976
0 1 33978
0 1 33982
0 1 33984
0 1 33986
0 1 33987
0 1 33989
0 1 33991
0 1 34001
0 1 34002
0 1 34003
0 1 34004
0 1 34005
0 1 34006
0 1 34007
0 1 34010
0 1 34011
0 1 34013
0 1 34015
0 1 34016
0 1 34017
0 1 34018
0 1 34020
0 1 34021
0 1 34022
0 1 34024
0 1 34026
0 1 34027
0 1 34033
0 1 34034
0 1 34038
0 1 34040
0 1 34041
0 1 34045
0 1 34051
0 1 34052
0 1 34058
0 1 34062
0 1 34063
0 1 34066
0 1 34067
0 1 34069
0 1 34071
0 1 34072
0 1 34078
0 1 34081
0 1 34083
0 1 34085
0 1 34086
0 1 34087
0 1 34088
0 1 34090
0 1 34092
0 1 34093
0 1 34099
0 1 34101
0 1 34109
0 1 34110
0 1 34113
0 1 34114
0 1 34115
0 1 34116
0 1 34121
0 1 34124
0 1 34125
0 1 34127
0 1 34128
0 1 34129
0 1 34133
0 1 34134
0 1 34139
0 1 34141
0 1 34142
0 1 34143
0 1 34144
0 1 34146
0 1 34148
0 1 34150
0 1 34151
0 1 34154
0 1 34157
0 1 34161
0 1 34162
0 1 34169
0 1 34171
0 1 34172
0 1 34174
0 1 34175
0 1 34176
0 1 34179
0 1 34183
0 1 34185
0 1 34186
0 1 34188
0 1 34192
0 1 34196
0 1 34199
0 1 34202
0 1 34205
0 1 34206
0 1 34208
0 1 34211
0 1 34215
0 1 34220
0 1 34223
0 1 34225
0 1 34227
0 1 34228
0 1 34232
0 1 34233
0 1 34234
0 1 34238
0 1 34239
0 1 34240
0 1 34241
0 1 34247
0 1 34248
0 1 34249
0 1 34250
0 1 34251
0 1 34252
0 1 34254
0 1 34255
0 1 34256
0 1 34261
0 1 34265
0 1 34268
0 1 34271
0 1 34272
0 1 34276
0 1 34279
0 1 34283
0 1 34284
0 1 34286
0 1 34287
0 1 34288
0 1 34290
0 1 34291
0 1 34292
0 1 34295
0 1 34299
0 1 34302
0 1 34303
0 1 34305
0 1 34308
0 1 34310
0 1 34314
0 1 34316
0 1 34317
0 1 34318
0 1 34320
0 1 34321
0 1 34323
0 1 34324
0 1 34325
0 1 34327
0 1 34328
0 1 34330
0 1 34333
0 1 34334
0 1 34335
0 1 34336
0 1 34337
0 1 34338
0 1 34344
0 1 34345
0 1 34346
0 1 34347
0 1 34348
0 1 34349
0 1 34350
0 1 34352
0 1 34354
0 1 34360
0 1 34361
0 1 34363
0 1 34364
0 1 34365
0 1 34366
0 1 34367
0 1 34369
0 1 34370
0 1 34372
0 1 34374
0 1 34375
0 1 34376
0 1 34378
0 1 34379
0 1 34380
0 1 34381
0 1 34385
0 1 34387
0 1 34388
0 1 34390
0 1 34392
0 1 34393
0 1 34399
0 1 34400
0 1 34402
0 1 34406
0 1 34408
0 1 34409
0 1 34412
0 1 34414
0 1 34415
0 1 34416
0 1 34425
0 1 34426
0 1 34432
0 1 34433
0 1 34435
0 1 34437
0 1 34438
0 1 34439
0 1 34440
0 1 34442
0 1 34443
0 1 34445
0 1 34448
0 1 34450
0 1 34451
0 1 34452
0 1 34453
0 1 34454
0 1 34455
0 1 34456
0 1 34457
0 1 34460
0 1 34462
0 1 34466
0 1 34468
0 1 34470
0 1 34471
0 1 34475
0 1 34477
0 1 34478
0 1 34479
0 1 34480
0 1 34481
0 1 34482
0 1 34483
0 1 34485
0 1 34487
0 1 34492
0 1 34493
0 1 34495
0 1 34497
0 1 34498
0 1 34503
0 1 34504
0 1 34507
0 1 34509
0 1 34510
0 1 34511
0 1 34515
0 1 34517
0 1 34518
0 1 34521
0 1 34522
0 1 34524
0 1 34525
0 1 34527
0 1 34528
0 1 34530
0 1 34531
0 1 34532
0 1 34534
0 1 34535
0 1 34536
0 1 34540
0 1 34542
0 1 34543
0 1 34545
0 1 34546
0 1 34549
0 1 34551
0 1 34556
0 1 34557
0 1 34559
0 1 34561
0 1 34563
0 1 34564
0 1 34569
0 1 34570
0 1 34572
0 1 34573
0 1 34574
0 1 34575
0 1 34578
0 1 34579
0 1 34580
0 1 34585
0 1 34586
0 1 34588
0 1 34591
0 1 34592
0 1 34597
0 1 34601
0 1 34603
0 1 34604
0 1 34606
0 1 34609
0 1 34610
0 1 34612
0 1 34614
0 1 34616
0 1 34617
0 1 34619
0 1 34622
0 1 34624
0 1 34625
0 1 34626
0 1 34627
0 1 34628
0 1 34629
0 1 34632
0 1 34633
0 1 34634
0 1 34637
0 1 34641
0 1 34643
0 1 34649
0 1 34650
0 1 34651
0 1 34654
0 1 34656
0 1 34657
0 1 34660
0 1 34662
0 1 34664
0 1 34669
0 1 34671
0 1 34672
0 1 34673
0 1 34674
0 1 34679
0 1 34680
0 1 34681
0 1 34683
0 1 34684
0 1 34687
0 1 34688
0 1 34689
0 1 34690
0 1 34691
0 1 34692
0 1 34693
0 1 34696
0 1 34697
0 1 34698
0 1 34699
0 1 34701
0 1 34703
0 1 34704
0 1 34706
0 1 34707
0 1 34709
0 1 34710
0 1 34718
0 1 34721
0 1 34727
0 1 34730
0 1 34731
0 1 34734
0 1 34739
0 1 34744
0 1 34745
0 1 34746
0 1 34749
0 1 34750
0 1 34752
0 1 34753
0 1 34754
0 1 34755
0 1 34763
0 1 34768
0 1 34771
0 1 34772
0 1 34773
0 1 34775
0 1 34782
0 1 34784
0 1 34785
0 1 34790
0 1 34794
0 1 34796
0 1 34798
0 1 34801
0 1 34803
0 1 34805
0 1 34808
0 1 34809
0 1 34811
0 1 34812
0 1 34813
0 1 34814
0 1 34815
0 1 34816
0 1 34817
0 1 34820
0 1 34821
0 1 34824
0 1 34831
0 1 34835
0 1 34836
0 1 34837
0 1 34840
0 1 34842
0 1 34843
0 1 34848
0 1 34849
0 1 34851
0 1 34853
0 1 34855
0 1 34859
0 1 34860
0 1 34861
0 1 34863
0 1 34864
0 1 34872
0 1 34875
0 1 34878
0 1 34879
0 1 34885
0 1 34886
0 1 34887
0 1 34888
0 1 34889
0 1 34890
0 1 34891
0 1 34892
0 1 34893
0 1 34896
0 1 34897
0 1 34899
0 1 34900
0 1 34901
0 1 34905
0 1 34907
0 1 34908
0 1 34909
0 1 34910
0 1 34913
0 1 34915
0 1 34918
0 1 34920
0 1 34923
0 1 34925
0 1 34926
0 1 34927
0 1 34928
0 1 34930
0 1 34931
0 1 34932
0 1 34933
0 1 34935
0 1 34937
0 1 34938
0 1 34939
0 1 34941
0 1 34942
0 1 34943
0 1 34947
0 1 34950
0 1 34952
0 1 34953
0 1 34960
0 1 34963
0 1 34964
0 1 34970
0 1 34971
0 1 34972
0 1 34975
0 1 34977
0 1 34978
0 1 34979
0 1 34980
0 1 34981
0 1 34982
0 1 34984
0 1 34985
0 1 34986
0 1 34987
0 1 34994
0 1 34995
0 1 35003
0 1 35005
0 1 35008
0 1 35009
0 1 35010
0 1 35011
0 1 35013
0 1 35016
0 1 35019
0 1 35021
0 1 35023
0 1 35024
0 1 35025
0 1 35026
0 1 35028
0 1 35030
0 1 35031
0 1 35036
0 1 35037
0 1 35039
0 1 35044
0 1 35045
0 1 35047
0 1 35048
0 1 35049
0 1 35050
0 1 35055
0 1 35057
0 1 35060
0 1 35061
0 1 35064
0 1 35066
0 1 35067
0 1 35068
0 1 35070
0 1 35072
0 1 35074
0 1 35076
0 1 35082
0 1 35083
0 1 35086
0 1 35089
0 1 35090
0 1 35091
0 1 35092
0 1 35094
0 1 35095
0 1 35098
0 1 35099
0 1 35100
0 1 35103
0 1 35104
0 1 35105
0 1 35113
0 1 35114
0 1 35115
0 1 35117
0 1 35118
0 1 35119
0 1 35122
0 1 35123
0 1 35126
0 1 35128
0 1 35129
0 1 35130
0 1 35131
0 1 35134
0 1 35135
0 1 35137
0 1 35139
0 1 35140
0 1 35141
0 1 35144
0 1 35148
0 1 35152
0 1 35153
0 1 35155
0 1 35157
0 1 35158
0 1 35159
0 1 35160
0 1 35162
0 1 35163
0 1 35165
0 1 35166
0 1 35167
0 1 35168
0 1 35169
0 1 35171
0 1 35172
0 1 35176
0 1 35177
0 1 35179
0 1 35180
0 1 35182
0 1 35183
0 1 35186
0 1 35193
0 1 35195
0 1 35197
0 1 35198
0 1 35201
0 1 35208
0 1 35209
0 1 35210
0 1 35211
0 1 35213
0 1 35214
0 1 35219
0 1 35221
0 1 35223
0 1 35224
0 1 35226
0 1 35231
0 1 35232
0 1 35233
0 1 35234
0 1 35238
0 1 35239
0 1 35241
0 1 35243
0 1 35244
0 1 35245
0 1 35248
0 1 35249
0 1 35250
0 1 35251
0 1 35252
0 1 35253
0 1 35255
0 1 35260
0 1 35261
0 1 35262
0 1 35267
0 1 35270
0 1 35272
0 1 35276
0 1 35277
0 1 35278
0 1 35280
0 1 35281
0 1 35282
0 1 35284
0 1 35286
0 1 35289
0 1 35290
0 1 35293
0 1 35295
0 1 35297
0 1 35298
0 1 35299
0 1 35302
0 1 35307
0 1 35312
0 1 35313
0 1 35315
0 1 35318
0 1 35324
0 1 35325
0 1 35327
0 1 35329
0 1 35332
0 1 35333
0 1 35334
0 1 35335
0 1 35336
0 1 35338
0 1 35339
0 1 35340
0 1 35341
0 1 35343
0 1 35344
0 1 35346
0 1 35347
0 1 35349
0 1 35350
0 1 35352
0 1 35353
0 1 35357
0 1 35359
0 1 35362
0 1 35363
0 1 35365
0 1 35366
0 1 35367
0 1 35368
0 1 35370
0 1 35371
0 1 35373
0 1 35376
0 1 35377
0 1 35378
0 1 35380
0 1 35381
0 1 35382
0 1 35383
0 1 35384
0 1 35386
0 1 35387
0 1 35388
0 1 35389
0 1 35390
0 1 35392
0 1 35394
0 1 35396
0 1 35398
0 1 35400
0 1 35401
0 1 35402
0 1 35403
0 1 35406
0 1 35407
0 1 35408
0 1 35410
0 1 35412
0 1 35413
0 1 35414
0 1 35415
0 1 35417
0 1 35420
0 1 35421
0 1 35422
0 1 35425
0 1 35427
0 1 35428
0 1 35430
0 1 35432
0 1 35433
0 1 35435
0 1 35436
0 1 35440
0 1 35441
0 1 35445
0 1 35448
0 1 35449
0 1 35451
0 1 35452
0 1 35453
0 1 35454
0 1 35455
0 1 35456
0 1 35458
0 1 35460
0 1 35462
0 1 35465
0 1 35467
0 1 35469
0 1 35473
0 1 35474
0 1 35475
0 1 35477
0 1 35483
0 1 35484
0 1 35485
0 1 35487
0 1 35489
0 1 35491
0 1 35492
0 1 35494
0 1 35495
0 1 35496
0 1 35497
0 1 35498
0 1 35501
0 1 35502
0 1 35506
0 1 35508
0 1 35509
0 1 35512
0 1 35513
0 1 35515
0 1 35517
0 1 35518
0 1 35521
0 1 35522
0 1 35523
0 1 35524
0 1 35525
0 1 35527
0 1 35529
0 1 35531
0 1 35534
0 1 35535
0 1 35536
0 1 35537
0 1 35539
0 1 35542
0 1 35543
0 1 35544
0 1 35545
0 1 35546
0 1 35549
0 1 35550
0 1 35551
0 1 35554
0 1 35555
0 1 35557
0 1 35558
0 1 35563
0 1 35566
0 1 35567
0 1 35573
0 1 35574
0 1 35579
0 1 35581
0 1 35584
0 1 35585
0 1 35586
0 1 35587
0 1 35588
0 1 35589
0 1 35590
0 1 35591
0 1 35592
0 1 35594
0 1 35596
0 1 35597
0 1 35598
0 1 35600
0 1 35603
0 1 35604
0 1 35605
0 1 35608
0 1 35610
0 1 35611
0 1 35613
0 1 35615
0 1 35616
0 1 35619
0 1 35621
0 1 35624
0 1 35629
0 1 35633
0 1 35637
0 1 35639
0 1 35641
0 1 35645
0 1 35647
0 1 35653
0 1 35659
0 1 35660
0 1 35661
0 1 35665
0 1 35668
0 1 35670
0 1 35672
0 1 35673
0 1 35679
0 1 35680
0 1 35681
0 1 35684
0 1 35685
0 1 35689
0 1 35691
0 1 35696
0 1 35698
0 1 35700
0 1 35702
0 1 35704
0 1 35705
0 1 35708
0 1 35709
0 1 35710
0 1 35714
0 1 35717
0 1 35718
0 1 35721
0 1 35722
0 1 35725
0 1 35726
0 1 35727
0 1 35731
0 1 35732
0 1 35734
0 1 35735
0 1 35736
0 1 35737
0 1 35738
0 1 35741
0 1 35750
0 1 35751
0 1 35753
0 1 35754
0 1 35755
0 1 35758
0 1 35759
0 1 35760
0 1 35761
0 1 35762
0 1 35764
0 1 35765
0 1 35766
0 1 35775
0 1 35778
0 1 35781
0 1 35783
0 1 35785
0 1 35788
0 1 35791
0 1 35792
0 1 35794
0 1 35795
0 1 35796
0 1 35797
0 1 35799
0 1 35800
0 1 35801
0 1 35805
0 1 35807
0 1 35810
0 1 35811
0 1 35812
0 1 35813
0 1 35814
0 1 35815
0 1 35816
0 1 35819
0 1 35822
0 1 35824
0 1 35826
0 1 35827
0 1 35828
0 1 35830
0 1 35831
0 1 35832
0 1 35833
0 1 35837
0 1 35840
0 1 35845
0 1 35847
0 1 35851
0 1 35852
0 1 35854
0 1 35857
0 1 35858
0 1 35859
0 1 35860
0 1 35861
0 1 35866
0 1 35869
0 1 35873
0 1 35876
0 1 35880
0 1 35881
0 1 35882
0 1 35883
0 1 35885
0 1 35887
0 1 35888
0 1 35889
0 1 35890
0 1 35892
0 1 35894
0 1 35898
0 1 35899
0 1 35901
0 1 35903
0 1 35904
0 1 35906
0 1 35908
0 1 35910
0 1 35911
0 1 35912
0 1 35914
0 1 35916
0 1 35917
0 1 35920
0 1 35921
0 1 35922
0 1 35925
0 1 35926
0 1 35931
0 1 35933
0 1 35934
0 1 35935
0 1 35936
0 1 35938
0 1 35939
0 1 35940
0 1 35944
0 1 35949
0 1 35950
0 1 35954
0 1 35955
0 1 35957
0 1 35958
0 1 35959
0 1 35963
0 1 35964
0 1 35965
0 1 35966
0 1 35967
0 1 35970
0 1 35974
0 1 35980
0 1 35981
0 1 35982
0 1 35991
0 1 35993
0 1 35995
0 1 35998
0 1 36000
0 1 36001
0 1 36002
0 1 36004
0 1 36008
0 1 36009
0 1 36013
0 1 36016
0 1 36017
0 1 36019
0 1 36021
0 1 36023
0 1 36024
0 1 36026
0 1 36027
0 1 36029
0 1 36030
0 1 36031
0 1 36034
0 1 36036
0 1 36040
0 1 36041
0 1 36042
0 1 36043
0 1 36044
0 1 36046
0 1 36047
0 1 36048
0 1 36050
0 1 36052
0 1 36058
0 1 36061
0 1 36062
0 1 36063
0 1 36064
0 1 36067
0 1 36070
0 1 36072
0 1 36073
0 1 36077
0 1 36078
0 1 36079
0 1 36080
0 1 36081
0 1 36086
0 1 36087
0 1 36088
0 1 36092
0 1 36093
0 1 36098
0 1 36099
0 1 36102
0 1 36103
0 1 36104
0 1 36107
0 1 36109
0 1 36112
0 1 36113
0 1 36114
0 1 36116
0 1 36117
0 1 36122
0 1 36125
0 1 36128
0 1 36130
0 1 36131
0 1 36132
0 1 36134
0 1 36135
0 1 36137
0 1 36139
0 1 36140
0 1 36141
0 1 36144
0 1 36147
0 1 36148
0 1 36150
0 1 36156
0 1 36157
0 1 36163
0 1 36166
0 1 36168
0 1 36171
0 1 36173
0 1 36176
0 1 36178
0 1 36179
0 1 36180
0 1 36182
0 1 36184
0 1 36185
0 1 36186
0 1 36188
0 1 36189
0 1 36190
0 1 36197
0 1 36198
0 1 36201
0 1 36206
0 1 36207
0 1 36211
0 1 36212
0 1 36216
0 1 36218
0 1 36219
0 1 36223
0 1 36225
0 1 36228
0 1 36231
0 1 36233
0 1 36234
0 1 36235
0 1 36238
0 1 36242
0 1 36243
0 1 36244
0 1 36245
0 1 36246
0 1 36247
0 1 36248
0 1 36250
0 1 36251
0 1 36252
0 1 36253
0 1 36254
0 1 36255
0 1 36256
0 1 36257
0 1 36258
0 1 36259
0 1 36261
0 1 36263
0 1 36266
0 1 36267
0 1 36269
0 1 36270
0 1 36273
0 1 36274
0 1 36276
0 1 36277
0 1 36279
0 1 36282
0 1 36285
0 1 36286
0 1 36288
0 1 36294
0 1 36296
0 1 36299
0 1 36301
0 1 36302
0 1 36303
0 1 36304
0 1 36306
0 1 36307
0 1 36308
0 1 36309
0 1 36312
0 1 36313
0 1 36314
0 1 36315
0 1 36319
0 1 36323
0 1 36328
0 1 36329
0 1 36333
0 1 36335
0 1 36336
0 1 36338
0 1 36341
0 1 36343
0 1 36344
0 1 36349
0 1 36350
0 1 36351
0 1 36352
0 1 36354
0 1 36357
0 1 36362
0 1 36363
0 1 36364
0 1 36365
0 1 36366
0 1 36367
0 1 36368
0 1 36370
0 1 36371
0 1 36372
0 1 36374
0 1 36376
0 1 36377
0 1 36379
0 1 36380
0 1 36381
0 1 36383
0 1 36384
0 1 36385
0 1 36386
0 1 36387
0 1 36389
0 1 36390
0 1 36393
0 1 36394
0 1 36396
0 1 36397
0 1 36398
0 1 36400
0 1 36401
0 1 36402
0 1 36403
0 1 36404
0 1 36405
0 1 36406
0 1 36407
0 1 36410
0 1 36414
0 1 36417
0 1 36418
0 1 36420
0 1 36421
0 1 36422
0 1 36423
0 1 36424
0 1 36425
0 1 36427
0 1 36428
0 1 36429
0 1 36430
0 1 36435
0 1 36438
0 1 36439
0 1 36440
0 1 36441
0 1 36444
0 1 36445
0 1 36448
0 1 36449
0 1 36453
0 1 36457
0 1 36458
0 1 36460
0 1 36463
0 1 36467
0 1 36468
0 1 36471
0 1 36472
0 1 36473
0 1 36474
0 1 36476
0 1 36477
0 1 36478
0 1 36480
0 1 36482
0 1 36484
0 1 36486
0 1 36487
0 1 36488
0 1 36490
0 1 36494
0 1 36495
0 1 36499
0 1 36500
0 1 36502
0 1 36503
0 1 36504
0 1 36505
0 1 36506
0 1 36508
0 1 36509
0 1 36510
0 1 36511
0 1 36512
0 1 36514
0 1 36521
0 1 36524
0 1 36525
0 1 36526
0 1 36527
0 1 36528
0 1 36532
0 1 36533
0 1 36538
0 1 36540
0 1 36541
0 1 36542
0 1 36544
0 1 36545
0 1 36547
0 1 36551
0 1 36552
0 1 36553
0 1 36554
0 1 36555
0 1 36556
0 1 36558
0 1 36559
0 1 36567
0 1 36568
0 1 36569
0 1 36571
0 1 36574
0 1 36575
0 1 36576
0 1 36577
0 1 36579
0 1 36580
0 1 36583
0 1 36585
0 1 36587
0 1 36588
0 1 36590
0 1 36591
0 1 36596
0 1 36598
0 1 36602
0 1 36603
0 1 36607
0 1 36611
0 1 36612
0 1 36613
0 1 36616
0 1 36619
0 1 36620
0 1 36625
0 1 36627
0 1 36628
0 1 36629
0 1 36630
0 1 36634
0 1 36636
0 1 36639
0 1 36641
0 1 36644
0 1 36650
0 1 36651
0 1 36654
0 1 36657
0 1 36662
0 1 36663
0 1 36664
0 1 36668
0 1 36669
0 1 36672
0 1 36676
0 1 36677
0 1 36680
0 1 36681
0 1 36682
0 1 36683
0 1 36684
0 1 36685
0 1 36686
0 1 36691
0 1 36693
0 1 36700
0 1 36701
0 1 36702
0 1 36703
0 1 36705
0 1 36710
0 1 36712
0 1 36714
0 1 36715
0 1 36717
0 1 36719
0 1 36720
0 1 36721
0 1 36722
0 1 36723
0 1 36724
0 1 36726
0 1 36727
0 1 36731
0 1 36733
0 1 36734
0 1 36738
0 1 36739
0 1 36740
0 1 36743
0 1 36744
0 1 36746
0 1 36748
0 1 36750
0 1 36751
0 1 36754
0 1 36755
0 1 36756
0 1 36757
0 1 36758
0 1 36760
0 1 36762
0 1 36764
0 1 36766
0 1 36767
0 1 36770
0 1 36773
0 1 36774
0 1 36776
0 1 36777
0 1 36779
0 1 36781
0 1 36782
0 1 36783
0 1 36786
0 1 36787
0 1 36789
0 1 36793
0 1 36796
0 1 36797
0 1 36798
0 1 36801
0 1 36807
0 1 36809
0 1 36815
0 1 36817
0 1 36818
0 1 36820
0 1 36821
0 1 36822
0 1 36823
0 1 36824
0 1 36826
0 1 36827
0 1 36829
0 1 36831
0 1 36835
0 1 36836
0 1 36837
0 1 36838
0 1 36839
0 1 36842
0 1 36844
0 1 36846
0 1 36849
0 1 36851
0 1 36852
0 1 36857
0 1 36861
0 1 36871
0 1 36877
0 1 36879
0 1 36881
0 1 36884
0 1 36885
0 1 36886
0 1 36887
0 1 36888
0 1 36891
0 1 36899
0 1 36900
0 1 36906
0 1 36907
0 1 36908
0 1 36912
0 1 36913
0 1 36914
0 1 36916
0 1 36917
0 1 36920
0 1 36922
0 1 36923
0 1 36924
0 1 36925
0 1 36926
0 1 36929
0 1 36930
0 1 36931
0 1 36934
0 1 36935
0 1 36937
0 1 36938
0 1 36940
0 1 36941
0 1 36945
0 1 36947
0 1 36949
0 1 36950
0 1 36952
0 1 36953
0 1 36954
0 1 36956
0 1 36958
0 1 36961
0 1 36964
0 1 36966
0 1 36968
0 1 36969
0 1 36970
0 1 36971
0 1 36973
0 1 36974
0 1 36975
0 1 36976
0 1 36978
0 1 36979
0 1 36982
0 1 36983
0 1 36984
0 1 36988
0 1 36989
0 1 36990
0 1 36992
0 1 36993
0 1 36994
0 1 36995
0 1 36997
0 1 36998
0 1 37003
0 1 37004
0 1 37005
0 1 37009
0 1 37010
0 1 37011
0 1 37014
0 1 37015
0 1 37016
0 1 37018
0 1 37019
0 1 37020
0 1 37023
0 1 37024
0 1 37029
0 1 37030
0 1 37032
0 1 37033
0 1 37034
0 1 37035
0 1 37038
0 1 37041
0 1 37043
0 1 37044
0 1 37047
0 1 37049
0 1 37050
0 1 37052
0 1 37055
0 1 37060
0 1 37064
0 1 37066
0 1 37069
0 1 37070
0 1 37072
0 1 37076
0 1 37078
0 1 37079
0 1 37081
0 1 37082
0 1 37085
0 1 37086
0 1 37089
0 1 37098
0 1 37100
0 1 37103
0 1 37106
0 1 37107
0 1 37108
0 1 37109
0 1 37110
0 1 37113
0 1 37115
0 1 37116
0 1 37119
0 1 37121
0 1 37123
0 1 37124
0 1 37126
0 1 37128
0 1 37129
0 1 37130
0 1 37133
0 1 37136
0 1 37137
0 1 37141
0 1 37142
0 1 37144
0 1 37145
0 1 37150
0 1 37151
0 1 37152
0 1 37153
0 1 37155
0 1 37156
0 1 37158
0 1 37161
0 1 37162
0 1 37164
0 1 37166
0 1 37167
0 1 37168
0 1 37169
0 1 37173
0 1 37175
0 1 37176
0 1 37181
0 1 37183
0 1 37186
0 1 37187
0 1 37188
0 1 37191
0 1 37192
0 1 37193
0 1 37194
0 1 37196
0 1 37199
0 1 37200
0 1 37204
0 1 37208
0 1 37209
0 1 37211
0 1 37212
0 1 37213
0 1 37215
0 1 37216
0 1 37217
0 1 37219
0 1 37220
0 1 37221
0 1 37223
0 1 37225
0 1 37232
0 1 37234
0 1 37235
0 1 37238
0 1 37240
0 1 37241
0 1 37242
0 1 37243
0 1 37244
0 1 37246
0 1 37247
0 1 37248
0 1 37251
0 1 37252
0 1 37254
0 1 37257
0 1 37260
0 1 37262
0 1 37264
0 1 37265
0 1 37266
0 1 37268
0 1 37269
0 1 37272
0 1 37273
0 1 37274
0 1 37278
0 1 37282
0 1 37283
0 1 37284
0 1 37285
0 1 37286
0 1 37287
0 1 37288
0 1 37289
0 1 37290
0 1 37292
0 1 37296
0 1 37297
0 1 37298
0 1 37299
0 1 37300
0 1 37301
0 1 37303
0 1 37304
0 1 37305
0 1 37306
0 1 37307
0 1 37308
0 1 37315
0 1 37317
0 1 37319
0 1 37320
0 1 37321
0 1 37325
0 1 37328
0 1 37331
0 1 37333
0 1 37334
0 1 37335
0 1 37337
0 1 37338
0 1 37345
0 1 37347
0 1 37348
0 1 37352
0 1 37353
0 1 37359
0 1 37361
0 1 37363
0 1 37364
0 1 37367
0 1 37369
0 1 37371
0 1 37372
0 1 37373
0 1 37374
0 1 37376
0 1 37379
0 1 37380
0 1 37385
0 1 37388
0 1 37391
0 1 37397
0 1 37399
0 1 37402
0 1 37403
0 1 37404
0 1 37408
0 1 37411
0 1 37414
0 1 37415
0 1 37416
0 1 37420
0 1 37421
0 1 37422
0 1 37423
0 1 37427
0 1 37428
0 1 37430
0 1 37431
0 1 37435
0 1 37436
0 1 37441
0 1 37445
0 1 37446
0 1 37447
0 1 37449
0 1 37450
0 1 37454
0 1 37455
0 1 37456
0 1 37457
0 1 37458
0 1 37459
0 1 37465
0 1 37467
0 1 37469
0 1 37470
0 1 37471
0 1 37473
0 1 37474
0 1 37475
0 1 37476
0 1 37477
0 1 37478
0 1 37481
0 1 37482
0 1 37486
0 1 37487
0 1 37488
0 1 37494
0 1 37496
0 1 37497
0 1 37498
0 1 37499
0 1 37501
0 1 37502
0 1 37506
0 1 37508
0 1 37511
0 1 37512
0 1 37514
0 1 37516
0 1 37517
0 1 37518
0 1 37521
0 1 37522
0 1 37525
0 1 37528
0 1 37529
0 1 37533
0 1 37535
0 1 37536
0 1 37537
0 1 37539
0 1 37540
0 1 37541
0 1 37544
0 1 37545
0 1 37546
0 1 37547
0 1 37549
0 1 37552
0 1 37554
0 1 37558
0 1 37560
0 1 37567
0 1 37568
0 1 37572
0 1 37573
0 1 37574
0 1 37575
0 1 37577
0 1 37578
0 1 37579
0 1 37589
0 1 37590
0 1 37593
0 1 37595
0 1 37596
0 1 37597
0 1 37598
0 1 37599
0 1 37611
0 1 37612
0 1 37613
0 1 37614
0 1 37616
0 1 37619
0 1 37625
0 1 37626
0 1 37628
0 1 37630
0 1 37631
0 1 37633
0 1 37634
0 1 37635
0 1 37636
0 1 37638
0 1 37639
0 1 37640
0 1 37642
0 1 37643
0 1 37649
0 1 37651
0 1 37653
0 1 37654
0 1 37655
0 1 37656
0 1 37657
0 1 37659
0 1 37661
0 1 37662
0 1 37663
0 1 37664
0 1 37665
0 1 37666
0 1 37670
0 1 37671
0 1 37674
0 1 37675
0 1 37676
0 1 37677
0 1 37681
0 1 37682
0 1 37683
0 1 37687
0 1 37689
0 1 37692
0 1 37694
0 1 37695
0 1 37697
0 1 37701
0 1 37703
0 1 37704
0 1 37707
0 1 37708
0 1 37710
0 1 37711
0 1 37713
0 1 37715
0 1 37716
0 1 37717
0 1 37718
0 1 37722
0 1 37726
0 1 37728
0 1 37731
0 1 37732
0 1 37733
0 1 37736
0 1 37737
0 1 37738
0 1 37739
0 1 37741
0 1 37747
0 1 37748
0 1 37750
0 1 37752
0 1 37753
0 1 37754
0 1 37756
0 1 37757
0 1 37758
0 1 37761
0 1 37768
0 1 37769
0 1 37770
0 1 37773
0 1 37774
0 1 37775
0 1 37776
0 1 37777
0 1 37778
0 1 37780
0 1 37785
0 1 37789
0 1 37794
0 1 37795
0 1 37796
0 1 37797
0 1 37798
0 1 37801
0 1 37803
0 1 37806
0 1 37807
0 1 37808
0 1 37813
0 1 37815
0 1 37816
0 1 37821
0 1 37822
0 1 37824
0 1 37825
0 1 37826
0 1 37827
0 1 37830
0 1 37831
0 1 37832
0 1 37836
0 1 37837
0 1 37838
0 1 37842
0 1 37844
0 1 37846
0 1 37847
0 1 37853
0 1 37855
0 1 37856
0 1 37858
0 1 37859
0 1 37860
0 1 37861
0 1 37864
0 1 37865
0 1 37867
0 1 37872
0 1 37873
0 1 37884
0 1 37885
0 1 37888
0 1 37890
0 1 37891
0 1 37894
0 1 37895
0 1 37897
0 1 37898
0 1 37899
0 1 37903
0 1 37904
0 1 37910
0 1 37911
0 1 37913
0 1 37914
0 1 37915
0 1 37918
0 1 37920
0 1 37921
0 1 37922
0 1 37923
0 1 37924
0 1 37926
0 1 37928
0 1 37929
0 1 37933
0 1 37934
0 1 37936
0 1 37938
0 1 37939
0 1 37940
0 1 37943
0 1 37944
0 1 37945
0 1 37948
0 1 37950
0 1 37953
0 1 37955
0 1 37956
0 1 37957
0 1 37958
0 1 37959
0 1 37960
0 1 37962
0 1 37963
0 1 37964
0 1 37967
0 1 37968
0 1 37974
0 1 37976
0 1 37978
0 1 37980
0 1 37981
0 1 37982
0 1 37984
0 1 37986
0 1 37988
0 1 37989
0 1 37990
0 1 37991
0 1 37992
0 1 37993
0 1 37994
0 1 37996
0 1 37997
0 1 37998
0 1 38002
0 1 38006
0 1 38009
0 1 38011
0 1 38014
0 1 38017
0 1 38018
0 1 38019
0 1 38021
0 1 38024
0 1 38028
0 1 38029
0 1 38032
0 1 38034
0 1 38035
0 1 38037
0 1 38038
0 1 38039
0 1 38040
0 1 38041
0 1 38042
0 1 38043
0 1 38045
0 1 38050
0 1 38052
0 1 38054
0 1 38055
0 1 38056
0 1 38057
0 1 38059
0 1 38060
0 1 38061
0 1 38064
0 1 38066
0 1 38068
0 1 38074
0 1 38077
0 1 38078
0 1 38079
0 1 38080
0 1 38082
0 1 38083
0 1 38086
0 1 38094
0 1 38096
0 1 38097
0 1 38100
0 1 38101
0 1 38104
0 1 38105
0 1 38106
0 1 38107
0 1 38110
0 1 38111
0 1 38112
0 1 38113
0 1 38117
0 1 38118
0 1 38120
0 1 38121
0 1 38123
0 1 38127
0 1 38128
0 1 38129
0 1 38130
0 1 38133
0 1 38134
0 1 38136
0 1 38137
0 1 38139
0 1 38143
0 1 38144
0 1 38145
0 1 38146
0 1 38147
0 1 38151
0 1 38153
0 1 38154
0 1 38156
0 1 38158
0 1 38160
0 1 38162
0 1 38164
0 1 38165
0 1 38167
0 1 38168
0 1 38171
0 1 38172
0 1 38173
0 1 38174
0 1 38180
0 1 38183
0 1 38185
0 1 38187
0 1 38188
0 1 38189
0 1 38190
0 1 38192
0 1 38193
0 1 38195
0 1 38199
0 1 38201
0 1 38205
0 1 38206
0 1 38207
0 1 38209
0 1 38210
0 1 38211
0 1 38212
0 1 38213
0 1 38216
0 1 38217
0 1 38222
0 1 38223
0 1 38226
0 1 38228
0 1 38230
0 1 38231
0 1 38233
0 1 38235
0 1 38236
0 1 38242
0 1 38245
0 1 38246
0 1 38247
0 1 38248
0 1 38250
0 1 38251
0 1 38257
0 1 38258
0 1 38259
0 1 38265
0 1 38267
0 1 38272
0 1 38273
0 1 38274
0 1 38278
0 1 38279
0 1 38282
0 1 38283
0 1 38284
0 1 38285
0 1 38288
0 1 38289
0 1 38293
0 1 38298
0 1 38299
0 1 38300
0 1 38302
0 1 38303
0 1 38305
0 1 38308
0 1 38311
0 1 38312
0 1 38315
0 1 38316
0 1 38317
0 1 38319
0 1 38322
0 1 38324
0 1 38325
0 1 38326
0 1 38328
0 1 38329
0 1 38330
0 1 38331
0 1 38335
0 1 38337
0 1 38338
0 1 38339
0 1 38340
0 1 38342
0 1 38343
0 1 38344
0 1 38345
0 1 38346
0 1 38348
0 1 38349
0 1 38353
0 1 38354
0 1 38355
0 1 38357
0 1 38363
0 1 38364
0 1 38365
0 1 38367
0 1 38370
0 1 38372
0 1 38374
0 1 38375
0 1 38378
0 1 38383
0 1 38389
0 1 38390
0 1 38392
0 1 38393
0 1 38397
0 1 38399
0 1 38400
0 1 38404
0 1 38405
0 1 38406
0 1 38407
0 1 38408
0 1 38409
0 1 38413
0 1 38416
0 1 38417
0 1 38421
0 1 38422
0 1 38423
0 1 38425
0 1 38427
0 1 38428
0 1 38429
0 1 38432
0 1 38434
0 1 38436
0 1 38438
0 1 38439
0 1 38440
0 1 38444
0 1 38445
0 1 38446
0 1 38447
0 1 38453
0 1 38454
0 1 38455
0 1 38457
0 1 38459
0 1 38461
0 1 38462
0 1 38463
0 1 38467
0 1 38468
0 1 38469
0 1 38470
0 1 38472
0 1 38473
0 1 38474
0 1 38476
0 1 38478
0 1 38480
0 1 38482
0 1 38484
0 1 38485
0 1 38486
0 1 38488
0 1 38490
0 1 38492
0 1 38494
0 1 38495
0 1 38496
0 1 38497
0 1 38500
0 1 38502
0 1 38503
0 1 38505
0 1 38507
0 1 38508
0 1 38512
0 1 38513
0 1 38514
0 1 38515
0 1 38516
0 1 38521
0 1 38522
0 1 38523
0 1 38524
0 1 38525
0 1 38528
0 1 38529
0 1 38530
0 1 38532
0 1 38533
0 1 38535
0 1 38536
0 1 38537
0 1 38539
0 1 38540
0 1 38544
0 1 38546
0 1 38548
0 1 38553
0 1 38560
0 1 38566
0 1 38567
0 1 38568
0 1 38570
0 1 38574
0 1 38576
0 1 38577
0 1 38578
0 1 38580
0 1 38581
0 1 38585
0 1 38586
0 1 38587
0 1 38588
0 1 38590
0 1 38593
0 1 38594
0 1 38596
0 1 38597
0 1 38603
0 1 38604
0 1 38605
0 1 38607
0 1 38608
0 1 38609
0 1 38611
0 1 38613
0 1 38614
0 1 38619
0 1 38620
0 1 38632
0 1 38637
0 1 38638
0 1 38642
0 1 38644
0 1 38647
0 1 38649
0 1 38650
0 1 38651
0 1 38652
0 1 38654
0 1 38657
0 1 38658
0 1 38663
0 1 38667
0 1 38670
0 1 38671
0 1 38673
0 1 38674
0 1 38677
0 1 38682
0 1 38685
0 1 38686
0 1 38693
0 1 38694
0 1 38695
0 1 38696
0 1 38697
0 1 38698
0 1 38699
0 1 38700
0 1 38705
0 1 38706
0 1 38708
0 1 38710
0 1 38711
0 1 38712
0 1 38713
0 1 38714
0 1 38716
0 1 38717
0 1 38718
0 1 38720
0 1 38723
0 1 38725
0 1 38726
0 1 38728
0 1 38730
0 1 38731
0 1 38732
0 1 38739
0 1 38740
0 1 38741
0 1 38742
0 1 38743
0 1 38744
0 1 38745
0 1 38746
0 1 38748
0 1 38749
0 1 38752
0 1 38754
0 1 38755
0 1 38756
0 1 38758
0 1 38759
0 1 38760
0 1 38762
0 1 38763
0 1 38766
0 1 38767
0 1 38768
0 1 38769
0 1 38770
0 1 38771
0 1 38773
0 1 38775
0 1 38776
0 1 38777
0 1 38778
0 1 38781
0 1 38782
0 1 38783
0 1 38785
0 1 38786
0 1 38791
0 1 38797
0 1 38798
0 1 38799
0 1 38800
0 1 38802
0 1 38803
0 1 38805
0 1 38807
0 1 38810
0 1 38813
0 1 38816
0 1 38819
0 1 38820
0 1 38821
0 1 38822
0 1 38823
0 1 38826
0 1 38827
0 1 38829
0 1 38830
0 1 38831
0 1 38832
0 1 38834
0 1 38835
0 1 38836
0 1 38837
0 1 38840
0 1 38841
0 1 38844
0 1 38847
0 1 38850
0 1 38852
0 1 38853
0 1 38854
0 1 38856
0 1 38857
0 1 38858
0 1 38860
0 1 38863
0 1 38864
0 1 38866
0 1 38869
0 1 38871
0 1 38873
0 1 38874
0 1 38876
0 1 38880
0 1 38881
0 1 38883
0 1 38884
0 1 38885
0 1 38887
0 1 38889
0 1 38890
0 1 38891
0 1 38893
0 1 38894
0 1 38895
0 1 38898
0 1 38902
0 1 38904
0 1 38905
0 1 38906
0 1 38909
0 1 38910
0 1 38911
0 1 38914
0 1 38915
0 1 38917
0 1 38918
0 1 38921
0 1 38922
0 1 38923
0 1 38927
0 1 38928
0 1 38929
0 1 38931
0 1 38932
0 1 38934
0 1 38935
0 1 38937
0 1 38938
0 1 38942
0 1 38944
0 1 38945
0 1 38946
0 1 38950
0 1 38951
0 1 38952
0 1 38953
0 1 38955
0 1 38957
0 1 38961
0 1 38962
0 1 38964
0 1 38968
0 1 38969
0 1 38971
0 1 38973
0 1 38974
0 1 38975
0 1 38980
0 1 38981
0 1 38984
0 1 38985
0 1 38988
0 1 38990
0 1 38992
0 1 38993
0 1 38994
0 1 38995
0 1 39000
0 1 39003
0 1 39004
0 1 39005
0 1 39008
0 1 39010
0 1 39011
0 1 39012
0 1 39013
0 1 39015
0 1 39017
0 1 39018
0 1 39020
0 1 39021
0 1 39025
0 1 39026
0 1 39031
0 1 39035
0 1 39048
0 1 39052
0 1 39053
0 1 39054
0 1 39059
0 1 39061
0 1 39062
0 1 39065
0 1 39066
0 1 39067
0 1 39068
0 1 39070
0 1 39073
0 1 39074
0 1 39076
0 1 39078
0 1 39079
0 1 39080
0 1 39081
0 1 39083
0 1 39087
0 1 39089
0 1 39093
0 1 39094
0 1 39096
0 1 39097
0 1 39101
0 1 39102
0 1 39103
0 1 39105
0 1 39107
0 1 39108
0 1 39113
0 1 39115
0 1 39117
0 1 39118
0 1 39119
0 1 39120
0 1 39121
0 1 39123
0 1 39125
0 1 39127
0 1 39128
0 1 39129
0 1 39130
0 1 39132
0 1 39137
0 1 39138
0 1 39140
0 1 39141
0 1 39145
0 1 39148
0 1 39149
0 1 39151
0 1 39156
0 1 39161
0 1 39164
0 1 39165
0 1 39166
0 1 39167
0 1 39169
0 1 39171
0 1 39176
0 1 39178
0 1 39179
0 1 39180
0 1 39181
0 1 39184
0 1 39189
0 1 39190
0 1 39193
0 1 39194
0 1 39205
0 1 39208
0 1 39209
0 1 39210
0 1 39211
0 1 39218
0 1 39219
0 1 39220
0 1 39222
0 1 39226
0 1 39227
0 1 39228
0 1 39231
0 1 39232
0 1 39233
0 1 39234
0 1 39235
0 1 39238
0 1 39239
0 1 39240
0 1 39242
0 1 39247
0 1 39249
0 1 39250
0 1 39252
0 1 39253
0 1 39255
0 1 39258
0 1 39260
0 1 39262
0 1 39263
0 1 39265
0 1 39272
0 1 39273
0 1 39275
0 1 39278
0 1 39280
0 1 39282
0 1 39283
0 1 39285
0 1 39286
0 1 39287
0 1 39290
0 1 39291
0 1 39293
0 1 39297
0 1 39301
0 1 39302
0 1 39303
0 1 39304
0 1 39305
0 1 39306
0 1 39307
0 1 39309
0 1 39310
0 1 39317
0 1 39322
0 1 39323
0 1 39325
0 1 39326
0 1 39329
0 1 39330
0 1 39331
0 1 39332
0 1 39333
0 1 39339
0 1 39340
0 1 39342
0 1 39345
0 1 39346
0 1 39347
0 1 39350
0 1 39356
0 1 39358
0 1 39359
0 1 39361
0 1 39366
0 1 39367
0 1 39372
0 1 39377
0 1 39382
0 1 39383
0 1 39384
0 1 39389
0 1 39390
0 1 39391
0 1 39392
0 1 39393
0 1 39394
0 1 39395
0 1 39397
0 1 39399
0 1 39400
0 1 39402
0 1 39403
0 1 39416
0 1 39418
0 1 39422
0 1 39423
0 1 39427
0 1 39432
0 1 39437
0 1 39438
0 1 39441
0 1 39443
0 1 39444
0 1 39445
0 1 39447
0 1 39449
0 1 39450
0 1 39454
0 1 39456
0 1 39461
0 1 39462
0 1 39464
0 1 39467
0 1 39473
0 1 39474
0 1 39477
0 1 39485
0 1 39487
0 1 39489
0 1 39493
0 1 39498
0 1 39500
0 1 39502
0 1 39503
0 1 39505
0 1 39506
0 1 39508
0 1 39512
0 1 39513
0 1 39516
0 1 39517
0 1 39518
0 1 39520
0 1 39525
0 1 39526
0 1 39529
0 1 39533
0 1 39534
0 1 39538
0 1 39539
0 1 39540
0 1 39541
0 1 39544
0 1 39548
0 1 39549
0 1 39550
0 1 39553
0 1 39555
0 1 39556
0 1 39560
0 1 39563
0 1 39564
0 1 39565
0 1 39566
0 1 39567
0 1 39568
0 1 39569
0 1 39570
0 1 39577
0 1 39580
0 1 39582
0 1 39584
0 1 39585
0 1 39588
0 1 39591
0 1 39593
0 1 39595
0 1 39596
0 1 39598
0 1 39602
0 1 39605
0 1 39607
0 1 39609
0 1 39611
0 1 39616
0 1 39618
0 1 39620
0 1 39623
0 1 39624
0 1 39625
0 1 39627
0 1 39628
0 1 39630
0 1 39632
0 1 39634
0 1 39637
0 1 39638
0 1 39639
0 1 39642
0 1 39643
0 1 39644
0 1 39646
0 1 39648
0 1 39651
0 1 39652
0 1 39653
0 1 39654
0 1 39657
0 1 39658
0 1 39664
0 1 39665
0 1 39670
0 1 39672
0 1 39673
0 1 39675
0 1 39679
0 1 39682
0 1 39687
0 1 39691
0 1 39693
0 1 39698
0 1 39703
0 1 39704
0 1 39711
0 1 39712
0 1 39713
0 1 39715
0 1 39716
0 1 39717
0 1 39718
0 1 39725
0 1 39729
0 1 39730
0 1 39733
0 1 39734
0 1 39738
0 1 39740
0 1 39742
0 1 39746
0 1 39747
0 1 39748
0 1 39749
0 1 39753
0 1 39755
0 1 39757
0 1 39758
0 1 39760
0 1 39761
0 1 39763
0 1 39765
0 1 39766
0 1 39768
0 1 39769
0 1 39770
0 1 39774
0 1 39775
0 1 39776
0 1 39777
0 1 39780
0 1 39781
0 1 39782
0 1 39783
0 1 39784
0 1 39785
0 1 39791
0 1 39793
0 1 39794
0 1 39796
0 1 39800
0 1 39801
0 1 39802
0 1 39806
0 1 39807
0 1 39808
0 1 39811
0 1 39814
0 1 39815
0 1 39816
0 1 39817
0 1 39819
0 1 39820
0 1 39822
0 1 39823
0 1 39824
0 1 39826
0 1 39827
0 1 39834
0 1 39839
0 1 39842
0 1 39843
0 1 39844
0 1 39845
0 1 39846
0 1 39848
0 1 39851
0 1 39852
0 1 39854
0 1 39855
0 1 39857
0 1 39860
0 1 39861
0 1 39862
0 1 39866
0 1 39867
0 1 39870
0 1 39877
0 1 39881
0 1 39882
0 1 39889
0 1 39890
0 1 39897
0 1 39901
0 1 39904
0 1 39905
0 1 39906
0 1 39907
0 1 39908
0 1 39909
0 1 39910
0 1 39912
0 1 39914
0 1 39915
0 1 39916
0 1 39918
0 1 39919
0 1 39921
0 1 39922
0 1 39923
0 1 39924
0 1 39926
0 1 39927
0 1 39929
0 1 39930
0 1 39932
0 1 39933
0 1 39935
0 1 39937
0 1 39938
0 1 39941
0 1 39942
0 1 39945
0 1 39946
0 1 39949
0 1 39950
0 1 39951
0 1 39953
0 1 39954
0 1 39957
0 1 39963
0 1 39965
0 1 39966
0 1 39967
0 1 39970
0 1 39971
0 1 39974
0 1 39975
0 1 39976
0 1 39978
0 1 39979
0 1 39980
0 1 39981
0 1 39983
0 1 39986
0 1 39988
0 1 39989
0 1 39990
0 1 39991
0 1 39992
0 1 39994
0 1 39995
0 1 39999
0 1 40001
0 1 40004
0 1 40007
0 1 40008
0 1 40009
0 1 40010
0 1 40012
0 1 40014
0 1 40015
0 1 40016
0 1 40017
0 1 40019
0 1 40020
0 1 40021
0 1 40023
0 1 40024
0 1 40025
0 1 40026
0 1 40028
0 1 40029
0 1 40030
0 1 40033
0 1 40034
0 1 40037
0 1 40042
0 1 40043
0 1 40046
0 1 40048
0 1 40052
0 1 40053
0 1 40057
0 1 40058
0 1 40059
0 1 40061
0 1 40062
0 1 40063
0 1 40067
0 1 40069
0 1 40070
0 1 40071
0 1 40072
0 1 40073
0 1 40075
0 1 40076
0 1 40077
0 1 40079
0 1 40083
0 1 40086
0 1 40087
0 1 40089
0 1 40091
0 1 40092
0 1 40095
0 1 40096
0 1 40097
0 1 40098
0 1 40100
0 1 40101
0 1 40104
0 1 40106
0 1 40107
0 1 40110
0 1 40111
0 1 40114
0 1 40115
0 1 40116
0 1 40117
0 1 40119
0 1 40121
0 1 40122
0 1 40124
0 1 40132
0 1 40134
0 1 40135
0 1 40137
0 1 40140
0 1 40144
0 1 40147
0 1 40148
0 1 40153
0 1 40154
0 1 40155
0 1 40157
0 1 40159
0 1 40160
0 1 40162
0 1 40165
0 1 40166
0 1 40171
0 1 40173
0 1 40175
0 1 40179
0 1 40180
0 1 40181
0 1 40182
0 1 40183
0 1 40184
0 1 40185
0 1 40187
0 1 40191
0 1 40192
0 1 40196
0 1 40198
0 1 40199
0 1 40202
0 1 40209
0 1 40210
0 1 40211
0 1 40214
0 1 40215
0 1 40216
0 1 40218
0 1 40225
0 1 40226
0 1 40227
0 1 40229
0 1 40231
0 1 40232
0 1 40235
0 1 40236
0 1 40238
0 1 40241
0 1 40242
0 1 40244
0 1 40245
0 1 40247
0 1 40248
0 1 40249
0 1 40250
0 1 40251
0 1 40252
0 1 40256
0 1 40258
0 1 40259
0 1 40260
0 1 40263
0 1 40265
0 1 40266
0 1 40272
0 1 40274
0 1 40278
0 1 40280
0 1 40283
0 1 40285
0 1 40286
0 1 40289
0 1 40291
0 1 40295
0 1 40296
0 1 40298
0 1 40301
0 1 40302
0 1 40303
0 1 40304
0 1 40308
0 1 40310
0 1 40313
0 1 40314
0 1 40315
0 1 40316
0 1 40317
0 1 40319
0 1 40320
0 1 40323
0 1 40324
0 1 40325
0 1 40326
0 1 40327
0 1 40328
0 1 40329
0 1 40334
0 1 40338
0 1 40340
0 1 40341
0 1 40345
0 1 40348
0 1 40349
0 1 40350
0 1 40351
0 1 40353
0 1 40354
0 1 40357
0 1 40360
0 1 40363
0 1 40364
0 1 40367
0 1 40371
0 1 40372
0 1 40373
0 1 40374
0 1 40380
0 1 40381
0 1 40382
0 1 40383
0 1 40384
0 1 40385
0 1 40388
0 1 40390
0 1 40392
0 1 40393
0 1 40394
0 1 40395
0 1 40396
0 1 40397
0 1 40398
0 1 40405
0 1 40406
0 1 40407
0 1 40409
0 1 40414
0 1 40415
0 1 40416
0 1 40417
0 1 40418
0 1 40420
0 1 40421
0 1 40422
0 1 40423
0 1 40424
0 1 40427
0 1 40428
0 1 40430
0 1 40431
0 1 40433
0 1 40434
0 1 40435
0 1 40439
0 1 40443
0 1 40445
0 1 40446
0 1 40447
0 1 40451
0 1 40454
0 1 40456
0 1 40459
0 1 40460
0 1 40462
0 1 40465
0 1 40467
0 1 40468
0 1 40469
0 1 40470
0 1 40471
0 1 40472
0 1 40475
0 1 40477
0 1 40478
0 1 40484
0 1 40485
0 1 40489
0 1 40490
0 1 40491
0 1 40494
0 1 40495
0 1 40497
0 1 40498
0 1 40501
0 1 40502
0 1 40503
0 1 40504
0 1 40505
0 1 40506
0 1 40507
0 1 40509
0 1 40511
0 1 40514
0 1 40517
0 1 40518
0 1 40521
0 1 40522
0 1 40531
0 1 40532
0 1 40536
0 1 40539
0 1 40547
0 1 40553
0 1 40555
0 1 40558
0 1 40560
0 1 40562
0 1 40563
0 1 40569
0 1 40571
0 1 40573
0 1 40574
0 1 40576
0 1 40580
0 1 40582
0 1 40583
0 1 40584
0 1 40585
0 1 40587
0 1 40592
0 1 40595
0 1 40600
0 1 40602
0 1 40608
0 1 40610
0 1 40613
0 1 40614
0 1 40617
0 1 40618
0 1 40619
0 1 40622
0 1 40624
0 1 40627
0 1 40629
0 1 40630
0 1 40634
0 1 40635
0 1 40639
0 1 40640
0 1 40642
0 1 40647
0 1 40648
0 1 40650
0 1 40652
0 1 40654
0 1 40658
0 1 40661
0 1 40663
0 1 40664
0 1 40666
0 1 40667
0 1 40668
0 1 40669
0 1 40670
0 1 40672
0 1 40674
0 1 40677
0 1 40679
0 1 40681
0 1 40688
0 1 40693
0 1 40694
0 1 40696
0 1 40698
0 1 40699
0 1 40701
0 1 40702
0 1 40706
0 1 40707
0 1 40709
0 1 40714
0 1 40716
0 1 40717
0 1 40719
0 1 40721
0 1 40724
0 1 40730
0 1 40733
0 1 40734
0 1 40736
0 1 40737
0 1 40738
0 1 40739
0 1 40741
0 1 40744
0 1 40746
0 1 40747
0 1 40748
0 1 40749
0 1 40750
0 1 40752
0 1 40753
0 1 40755
0 1 40758
0 1 40760
0 1 40762
0 1 40763
0 1 40768
0 1 40769
0 1 40770
0 1 40772
0 1 40773
0 1 40776
0 1 40783
0 1 40784
0 1 40787
0 1 40788
0 1 40790
0 1 40791
0 1 40798
0 1 40801
0 1 40802
0 1 40803
0 1 40805
0 1 40806
0 1 40808
0 1 40811
0 1 40813
0 1 40815
0 1 40817
0 1 40819
0 1 40820
0 1 40821
0 1 40822
0 1 40825
0 1 40826
0 1 40827
0 1 40828
0 1 40829
0 1 40833
0 1 40837
0 1 40841
0 1 40846
0 1 40848
0 1 40849
0 1 40853
0 1 40854
0 1 40855
0 1 40859
0 1 40860
0 1 40861
0 1 40862
0 1 40864
0 1 40869
0 1 40870
0 1 40871
0 1 40873
0 1 40874
0 1 40876
0 1 40880
0 1 40882
0 1 40883
0 1 40885
0 1 40889
0 1 40891
0 1 40892
0 1 40894
0 1 40897
0 1 40900
0 1 40901
0 1 40903
0 1 40907
0 1 40908
0 1 40911
0 1 40912
0 1 40917
0 1 40918
0 1 40919
0 1 40921
0 1 40922
0 1 40923
0 1 40924
0 1 40926
0 1 40927
0 1 40928
0 1 40931
0 1 40932
0 1 40936
0 1 40939
0 1 40941
0 1 40942
0 1 40944
0 1 40945
0 1 40947
0 1 40948
0 1 40949
0 1 40950
0 1 40952
0 1 40953
0 1 40954
0 1 40956
0 1 40958
0 1 40959
0 1 40961
0 1 40963
0 1 40966
0 1 40967
0 1 40969
0 1 40970
0 1 40971
0 1 40972
0 1 40973
0 1 40974
0 1 40976
0 1 40977
0 1 40979
0 1 40980
0 1 40981
0 1 40982
0 1 40986
0 1 40988
0 1 40990
0 1 40992
0 1 40993
0 1 40994
0 1 40997
0 1 40999
0 1 41003
0 1 41004
0 1 41005
0 1 41007
0 1 41008
0 1 41012
0 1 41015
0 1 41016
0 1 41017
0 1 41019
0 1 41020
0 1 41022
0 1 41023
0 1 41026
0 1 41027
0 1 41028
0 1 41029
0 1 41030
0 1 41031
0 1 41032
0 1 41033
0 1 41035
0 1 41037
0 1 41038
0 1 41039
0 1 41040
0 1 41041
0 1 41050
0 1 41053
0 1 41055
0 1 41058
0 1 41059
0 1 41060
0 1 41063
0 1 41069
0 1 41071
0 1 41072
0 1 41073
0 1 41075
0 1 41077
0 1 41078
0 1 41082
0 1 41083
0 1 41088
0 1 41090
0 1 41096
0 1 41098
0 1 41099
0 1 41100
0 1 41102
0 1 41105
0 1 41106
0 1 41107
0 1 41108
0 1 41110
0 1 41114
0 1 41115
0 1 41116
0 1 41118
0 1 41122
0 1 41123
0 1 41124
0 1 41127
0 1 41129
0 1 41131
0 1 41132
0 1 41133
0 1 41136
0 1 41137
0 1 41140
0 1 41142
0 1 41143
0 1 41144
0 1 41149
0 1 41152
0 1 41158
0 1 41162
0 1 41164
0 1 41165
0 1 41166
0 1 41167
0 1 41169
0 1 41170
0 1 41174
0 1 41175
0 1 41176
0 1 41178
0 1 41179
0 1 41183
0 1 41184
0 1 41185
0 1 41187
0 1 41188
0 1 41190
0 1 41191
0 1 41192
0 1 41193
0 1 41194
0 1 41195
0 1 41196
0 1 41201
0 1 41202
0 1 41204
0 1 41205
0 1 41206
0 1 41208
0 1 41209
0 1 41212
0 1 41215
0 1 41216
0 1 41217
0 1 41219
0 1 41221
0 1 41227
0 1 41230
0 1 41232
0 1 41234
0 1 41235
0 1 41239
0 1 41240
0 1 41241
0 1 41242
0 1 41243
0 1 41244
0 1 41247
0 1 41249
0 1 41251
0 1 41252
0 1 41253
0 1 41254
0 1 41255
0 1 41256
0 1 41258
0 1 41262
0 1 41263
0 1 41264
0 1 41266
0 1 41267
0 1 41268
0 1 41269
0 1 41271
0 1 41273
0 1 41274
0 1 41275
0 1 41276
0 1 41278
0 1 41280
0 1 41281
0 1 41283
0 1 41284
0 1 41290
0 1 41293
0 1 41295
0 1 41296
0 1 41297
0 1 41299
0 1 41300
0 1 41303
0 1 41304
0 1 41305
0 1 41307
0 1 41310
0 1 41313
0 1 41317
0 1 41318
0 1 41320
0 1 41322
0 1 41323
0 1 41325
0 1 41329
0 1 41330
0 1 41331
0 1 41332
0 1 41333
0 1 41335
0 1 41336
0 1 41337
0 1 41338
0 1 41340
0 1 41342
0 1 41347
0 1 41349
0 1 41350
0 1 41351
0 1 41352
0 1 41355
0 1 41358
0 1 41362
0 1 41363
0 1 41364
0 1 41365
0 1 41370
0 1 41373
0 1 41374
0 1 41376
0 1 41378
0 1 41379
0 1 41384
0 1 41386
0 1 41389
0 1 41393
0 1 41397
0 1 41398
0 1 41400
0 1 41402
0 1 41403
0 1 41409
0 1 41413
0 1 41415
0 1 41418
0 1 41421
0 1 41424
0 1 41426
0 1 41427
0 1 41428
0 1 41429
0 1 41432
0 1 41433
0 1 41439
0 1 41440
0 1 41441
0 1 41442
0 1 41445
0 1 41447
0 1 41448
0 1 41450
0 1 41452
0 1 41454
0 1 41455
0 1 41456
0 1 41458
0 1 41462
0 1 41463
0 1 41464
0 1 41470
0 1 41473
0 1 41477
0 1 41479
0 1 41481
0 1 41482
0 1 41483
0 1 41484
0 1 41487
0 1 41488
0 1 41491
0 1 41492
0 1 41493
0 1 41495
0 1 41498
0 1 41500
0 1 41501
0 1 41503
0 1 41504
0 1 41506
0 1 41507
0 1 41508
0 1 41510
0 1 41512
0 1 41514
0 1 41515
0 1 41521
0 1 41524
0 1 41526
0 1 41527
0 1 41530
0 1 41531
0 1 41533
0 1 41534
0 1 41536
0 1 41539
0 1 41542
0 1 41545
0 1 41546
0 1 41548
0 1 41550
0 1 41551
0 1 41552
0 1 41554
0 1 41555
0 1 41556
0 1 41557
0 1 41559
0 1 41563
0 1 41565
0 1 41566
0 1 41568
0 1 41572
0 1 41574
0 1 41575
0 1 41576
0 1 41577
0 1 41579
0 1 41581
0 1 41583
0 1 41586
0 1 41588
0 1 41589
0 1 41590
0 1 41592
0 1 41593
0 1 41595
0 1 41596
0 1 41599
0 1 41601
0 1 41602
0 1 41603
0 1 41604
0 1 41606
0 1 41608
0 1 41609
0 1 41611
0 1 41612
0 1 41613
0 1 41618
0 1 41620
0 1 41621
0 1 41623
0 1 41624
0 1 41625
0 1 41626
0 1 41627
0 1 41631
0 1 41633
0 1 41635
0 1 41636
0 1 41637
0 1 41639
0 1 41640
0 1 41641
0 1 41643
0 1 41647
0 1 41648
0 1 41650
0 1 41651
0 1 41652
0 1 41653
0 1 41659
0 1 41665
0 1 41674
0 1 41676
0 1 41677
0 1 41678
0 1 41683
0 1 41684
0 1 41687
0 1 41693
0 1 41696
0 1 41697
0 1 41699
0 1 41700
0 1 41701
0 1 41703
0 1 41704
0 1 41705
0 1 41706
0 1 41707
0 1 41708
0 1 41709
0 1 41711
0 1 41712
0 1 41713
0 1 41716
0 1 41718
0 1 41722
0 1 41724
0 1 41725
0 1 41726
0 1 41727
0 1 41729
0 1 41735
0 1 41738
0 1 41739
0 1 41741
0 1 41742
0 1 41746
0 1 41748
0 1 41749
0 1 41750
0 1 41751
0 1 41753
0 1 41754
0 1 41758
0 1 41760
0 1 41767
0 1 41768
0 1 41769
0 1 41772
0 1 41774
0 1 41777
0 1 41778
0 1 41779
0 1 41780
0 1 41781
0 1 41784
0 1 41789
0 1 41791
0 1 41792
0 1 41794
0 1 41795
0 1 41796
0 1 41798
0 1 41799
0 1 41801
0 1 41803
0 1 41809
0 1 41813
0 1 41814
0 1 41817
0 1 41818
0 1 41823
0 1 41824
0 1 41825
0 1 41826
0 1 41829
0 1 41833
0 1 41836
0 1 41837
0 1 41839
0 1 41841
0 1 41845
0 1 41847
0 1 41848
0 1 41850
0 1 41851
0 1 41855
0 1 41857
0 1 41859
0 1 41861
0 1 41863
0 1 41866
0 1 41872
0 1 41874
0 1 41875
0 1 41876
0 1 41877
0 1 41878
0 1 41879
0 1 41882
0 1 41883
0 1 41887
0 1 41890
0 1 41891
0 1 41893
0 1 41894
0 1 41895
0 1 41896
0 1 41900
0 1 41901
0 1 41903
0 1 41904
0 1 41906
0 1 41907
0 1 41910
0 1 41913
0 1 41915
0 1 41916
0 1 41918
0 1 41919
0 1 41920
0 1 41921
0 1 41922
0 1 41925
0 1 41927
0 1 41930
0 1 41932
0 1 41935
0 1 41937
0 1 41938
0 1 41941
0 1 41942
0 1 41943
0 1 41944
0 1 41946
0 1 41947
0 1 41948
0 1 41952
0 1 41954
0 1 41955
0 1 41957
0 1 41960
0 1 41962
0 1 41963
0 1 41964
0 1 41965
0 1 41966
0 1 41969
0 1 41971
0 1 41973
0 1 41974
0 1 41975
0 1 41976
0 1 41978
0 1 41980
0 1 41981
0 1 41982
0 1 41983
0 1 41985
0 1 41986
0 1 41987
0 1 41988
0 1 41989
0 1 41992
0 1 41997
0 1 42003
0 1 42006
0 1 42007
0 1 42008
0 1 42010
0 1 42012
0 1 42013
0 1 42014
0 1 42019
0 1 42023
0 1 42025
0 1 42030
0 1 42032
0 1 42034
0 1 42035
0 1 42036
0 1 42038
0 1 42039
0 1 42040
0 1 42041
0 1 42042
0 1 42043
0 1 42044
0 1 42045
0 1 42051
0 1 42053
0 1 42055
0 1 42056
0 1 42058
0 1 42061
0 1 42063
0 1 42064
0 1 42066
0 1 42067
0 1 42069
0 1 42078
0 1 42080
0 1 42084
0 1 42086
0 1 42088
0 1 42092
0 1 42094
0 1 42095
0 1 42096
0 1 42097
0 1 42098
0 1 42099
0 1 42101
0 1 42102
0 1 42104
0 1 42105
0 1 42107
0 1 42108
0 1 42111
0 1 42113
0 1 42114
0 1 42117
0 1 42119
0 1 42121
0 1 42126
0 1 42134
0 1 42137
0 1 42138
0 1 42145
0 1 42146
0 1 42147
0 1 42148
0 1 42150
0 1 42151
0 1 42152
0 1 42153
0 1 42154
0 1 42156
0 1 42161
0 1 42162
0 1 42163
0 1 42164
0 1 42165
0 1 42166
0 1 42167
0 1 42168
0 1 42169
0 1 42171
0 1 42172
0 1 42175
0 1 42178
0 1 42179
0 1 42180
0 1 42183
0 1 42187
0 1 42188
0 1 42191
0 1 42192
0 1 42195
0 1 42196
0 1 42199
0 1 42202
0 1 42207
0 1 42208
0 1 42209
0 1 42211
0 1 42212
0 1 42213
0 1 42214
0 1 42218
0 1 42220
0 1 42222
0 1 42223
0 1 42225
0 1 42227
0 1 42228
0 1 42229
0 1 42230
0 1 42231
0 1 42232
0 1 42235
0 1 42236
0 1 42237
0 1 42239
0 1 42241
0 1 42243
0 1 42244
0 1 42247
0 1 42250
0 1 42251
0 1 42253
0 1 42254
0 1 42256
0 1 42257
0 1 42258
0 1 42260
0 1 42262
0 1 42263
0 1 42264
0 1 42266
0 1 42267
0 1 42268
0 1 42270
0 1 42274
0 1 42275
0 1 42276
0 1 42279
0 1 42282
0 1 42286
0 1 42287
0 1 42289
0 1 42291
0 1 42292
0 1 42294
0 1 42297
0 1 42301
0 1 42303
0 1 42304
0 1 42305
0 1 42308
0 1 42310
0 1 42311
0 1 42313
0 1 42314
0 1 42315
0 1 42320
0 1 42322
0 1 42324
0 1 42327
0 1 42328
0 1 42329
0 1 42334
0 1 42335
0 1 42336
0 1 42339
0 1 42340
0 1 42341
0 1 42342
0 1 42344
0 1 42346
0 1 42351
0 1 42352
0 1 42353
0 1 42358
0 1 42359
0 1 42360
0 1 42363
0 1 42365
0 1 42366
0 1 42372
0 1 42374
0 1 42375
0 1 42378
0 1 42379
0 1 42380
0 1 42383
0 1 42384
0 1 42387
0 1 42388
0 1 42391
0 1 42392
0 1 42393
0 1 42394
0 1 42396
0 1 42399
0 1 42403
0 1 42406
0 1 42408
0 1 42409
0 1 42411
0 1 42416
0 1 42417
0 1 42418
0 1 42419
0 1 42423
0 1 42424
0 1 42425
0 1 42426
0 1 42428
0 1 42430
0 1 42431
0 1 42432
0 1 42434
0 1 42435
0 1 42439
0 1 42440
0 1 42442
0 1 42444
0 1 42445
0 1 42446
0 1 42447
0 1 42449
0 1 42450
0 1 42451
0 1 42452
0 1 42456
0 1 42458
0 1 42460
0 1 42462
0 1 42463
0 1 42466
0 1 42468
0 1 42470
0 1 42473
0 1 42474
0 1 42475
0 1 42476
0 1 42477
0 1 42479
0 1 42483
0 1 42485
0 1 42486
0 1 42487
0 1 42488
0 1 42489
0 1 42491
0 1 42492
0 1 42493
0 1 42494
0 1 42495
0 1 42499
0 1 42502
0 1 42504
0 1 42506
0 1 42508
0 1 42518
0 1 42520
0 1 42522
0 1 42523
0 1 42524
0 1 42526
0 1 42528
0 1 42529
0 1 42533
0 1 42536
0 1 42540
0 1 42542
0 1 42543
0 1 42547
0 1 42550
0 1 42552
0 1 42553
0 1 42554
0 1 42555
0 1 42557
0 1 42558
0 1 42563
0 1 42565
0 1 42567
0 1 42568
0 1 42569
0 1 42573
0 1 42574
0 1 42575
0 1 42576
0 1 42579
0 1 42580
0 1 42581
0 1 42582
0 1 42583
0 1 42587
0 1 42590
0 1 42592
0 1 42593
0 1 42594
0 1 42598
0 1 42602
0 1 42605
0 1 42608
0 1 42614
0 1 42618
0 1 42619
0 1 42624
0 1 42626
0 1 42627
0 1 42629
0 1 42633
0 1 42634
0 1 42635
0 1 42636
0 1 42641
0 1 42643
0 1 42646
0 1 42649
0 1 42650
0 1 42652
0 1 42657
0 1 42658
0 1 42661
0 1 42662
0 1 42663
0 1 42665
0 1 42666
0 1 42667
0 1 42670
0 1 42671
0 1 42672
0 1 42674
0 1 42677
0 1 42682
0 1 42683
0 1 42684
0 1 42685
0 1 42687
0 1 42691
0 1 42694
0 1 42695
0 1 42698
0 1 42700
0 1 42701
0 1 42703
0 1 42706
0 1 42707
0 1 42708
0 1 42709
0 1 42710
0 1 42712
0 1 42713
0 1 42714
0 1 42719
0 1 42720
0 1 42721
0 1 42723
0 1 42724
0 1 42727
0 1 42731
0 1 42733
0 1 42734
0 1 42735
0 1 42737
0 1 42738
0 1 42742
0 1 42743
0 1 42744
0 1 42745
0 1 42748
0 1 42750
0 1 42751
0 1 42753
0 1 42755
0 1 42757
0 1 42758
0 1 42759
0 1 42762
0 1 42770
0 1 42772
0 1 42773
0 1 42777
0 1 42778
0 1 42779
0 1 42780
0 1 42781
0 1 42783
0 1 42785
0 1 42787
0 1 42790
0 1 42791
0 1 42795
0 1 42796
0 1 42798
0 1 42800
0 1 42803
0 1 42804
0 1 42805
0 1 42808
0 1 42811
0 1 42812
0 1 42813
0 1 42816
0 1 42820
0 1 42822
0 1 42826
0 1 42828
0 1 42831
0 1 42836
0 1 42840
0 1 42842
0 1 42843
0 1 42844
0 1 42845
0 1 42847
0 1 42848
0 1 42849
0 1 42851
0 1 42852
0 1 42853
0 1 42857
0 1 42858
0 1 42859
0 1 42860
0 1 42861
0 1 42863
0 1 42864
0 1 42865
0 1 42866
0 1 42867
0 1 42869
0 1 42870
0 1 42871
0 1 42874
0 1 42875
0 1 42878
0 1 42879
0 1 42880
0 1 42881
0 1 42882
0 1 42883
0 1 42885
0 1 42888
0 1 42892
0 1 42893
0 1 42895
0 1 42896
0 1 42900
0 1 42906
0 1 42910
0 1 42911
0 1 42913
0 1 42914
0 1 42918
0 1 42920
0 1 42921
0 1 42924
0 1 42925
0 1 42926
0 1 42928
0 1 42930
0 1 42931
0 1 42932
0 1 42936
0 1 42938
0 1 42940
0 1 42941
0 1 42943
0 1 42944
0 1 42945
0 1 42946
0 1 42947
0 1 42950
0 1 42952
0 1 42956
0 1 42958
0 1 42960
0 1 42962
0 1 42967
0 1 42970
0 1 42973
0 1 42977
0 1 42978
0 1 42979
0 1 42980
0 1 42982
0 1 42983
0 1 42984
0 1 42985
0 1 42987
0 1 42988
0 1 42990
0 1 42991
0 1 42992
0 1 42994
0 1 42995
0 1 42996
0 1 42997
0 1 42999
0 1 43003
0 1 43004
0 1 43005
0 1 43006
0 1 43007
0 1 43008
0 1 43010
0 1 43011
0 1 43013
0 1 43015
0 1 43019
0 1 43022
0 1 43026
0 1 43027
0 1 43029
0 1 43031
0 1 43034
0 1 43037
0 1 43042
0 1 43044
0 1 43045
0 1 43047
0 1 43049
0 1 43051
0 1 43053
0 1 43054
0 1 43055
0 1 43060
0 1 43066
0 1 43067
0 1 43068
0 1 43069
0 1 43070
0 1 43072
0 1 43073
0 1 43074
0 1 43076
0 1 43077
0 1 43080
0 1 43081
0 1 43082
0 1 43083
0 1 43086
0 1 43087
0 1 43091
0 1 43093
0 1 43096
0 1 43097
0 1 43098
0 1 43099
0 1 43101
0 1 43106
0 1 43110
0 1 43112
0 1 43114
0 1 43115
0 1 43118
0 1 43120
0 1 43121
0 1 43123
0 1 43126
0 1 43130
0 1 43131
0 1 43133
0 1 43134
0 1 43135
0 1 43136
0 1 43138
0 1 43139
0 1 43140
0 1 43143
0 1 43145
0 1 43147
0 1 43148
0 1 43149
0 1 43151
0 1 43153
0 1 43155
0 1 43156
0 1 43160
0 1 43162
0 1 43165
0 1 43167
0 1 43168
0 1 43169
0 1 43170
0 1 43171
0 1 43172
0 1 43173
0 1 43175
0 1 43176
0 1 43177
0 1 43178
0 1 43182
0 1 43183
0 1 43184
0 1 43186
0 1 43188
0 1 43189
0 1 43190
0 1 43191
0 1 43192
0 1 43197
0 1 43198
0 1 43199
0 1 43201
0 1 43205
0 1 43207
0 1 43209
0 1 43211
0 1 43212
0 1 43218
0 1 43220
0 1 43221
0 1 43223
0 1 43224
0 1 43226
0 1 43227
0 1 43228
0 1 43230
0 1 43234
0 1 43239
0 1 43240
0 1 43241
0 1 43244
0 1 43245
0 1 43246
0 1 43249
0 1 43250
0 1 43251
0 1 43252
0 1 43254
0 1 43258
0 1 43259
0 1 43264
0 1 43265
0 1 43266
0 1 43267
0 1 43268
0 1 43271
0 1 43272
0 1 43274
0 1 43275
0 1 43276
0 1 43277
0 1 43279
0 1 43280
0 1 43283
0 1 43287
0 1 43289
0 1 43292
0 1 43293
0 1 43297
0 1 43298
0 1 43300
0 1 43302
0 1 43303
0 1 43305
0 1 43306
0 1 43307
0 1 43308
0 1 43309
0 1 43310
0 1 43312
0 1 43315
0 1 43318
0 1 43324
0 1 43329
0 1 43331
0 1 43332
0 1 43337
0 1 43338
0 1 43340
0 1 43347
0 1 43348
0 1 43350
0 1 43351
0 1 43354
0 1 43355
0 1 43358
0 1 43359
0 1 43360
0 1 43362
0 1 43366
0 1 43370
0 1 43374
0 1 43375
0 1 43376
0 1 43377
0 1 43380
0 1 43381
0 1 43382
0 1 43384
0 1 43385
0 1 43386
0 1 43390
0 1 43391
0 1 43393
0 1 43394
0 1 43395
0 1 43397
0 1 43400
0 1 43401
0 1 43402
0 1 43407
0 1 43408
0 1 43409
0 1 43410
0 1 43412
0 1 43413
0 1 43415
0 1 43421
0 1 43422
0 1 43425
0 1 43426
0 1 43427
0 1 43428
0 1 43429
0 1 43430
0 1 43431
0 1 43432
0 1 43433
0 1 43435
0 1 43437
0 1 43439
0 1 43440
0 1 43443
0 1 43444
0 1 43445
0 1 43447
0 1 43451
0 1 43453
0 1 43454
0 1 43457
0 1 43458
0 1 43459
0 1 43461
0 1 43464
0 1 43467
0 1 43471
0 1 43472
0 1 43480
0 1 43482
0 1 43487
0 1 43489
0 1 43490
0 1 43491
0 1 43492
0 1 43494
0 1 43498
0 1 43500
0 1 43501
0 1 43502
0 1 43503
0 1 43504
0 1 43505
0 1 43507
0 1 43510
0 1 43511
0 1 43514
0 1 43518
0 1 43519
0 1 43524
0 1 43525
0 1 43527
0 1 43528
0 1 43530
0 1 43531
0 1 43532
0 1 43533
0 1 43535
0 1 43538
0 1 43540
0 1 43541
0 1 43542
0 1 43543
0 1 43545
0 1 43546
0 1 43549
0 1 43550
0 1 43551
0 1 43552
0 1 43553
0 1 43554
0 1 43555
0 1 43556
0 1 43557
0 1 43560
0 1 43561
0 1 43562
0 1 43564
0 1 43567
0 1 43568
0 1 43570
0 1 43571
0 1 43572
0 1 43573
0 1 43574
0 1 43576
0 1 43577
0 1 43581
0 1 43582
0 1 43583
0 1 43584
0 1 43585
0 1 43590
0 1 43592
0 1 43593
0 1 43597
0 1 43605
0 1 43610
0 1 43611
0 1 43612
0 1 43614
0 1 43616
0 1 43620
0 1 43621
0 1 43624
0 1 43627
0 1 43629
0 1 43630
0 1 43632
0 1 43634
0 1 43635
0 1 43636
0 1 43637
0 1 43641
0 1 43643
0 1 43649
0 1 43650
0 1 43651
0 1 43652
0 1 43654
0 1 43656
0 1 43659
0 1 43661
0 1 43663
0 1 43666
0 1 43668
0 1 43669
0 1 43670
0 1 43673
0 1 43674
0 1 43676
0 1 43677
0 1 43680
0 1 43682
0 1 43683
0 1 43684
0 1 43685
0 1 43686
0 1 43689
0 1 43695
0 1 43696
0 1 43699
0 1 43705
0 1 43707
0 1 43708
0 1 43709
0 1 43710
0 1 43711
0 1 43712
0 1 43713
0 1 43714
0 1 43716
0 1 43717
0 1 43725
0 1 43726
0 1 43727
0 1 43729
0 1 43732
0 1 43733
0 1 43737
0 1 43738
0 1 43742
0 1 43743
0 1 43746
0 1 43751
0 1 43752
0 1 43755
0 1 43756
0 1 43758
0 1 43760
0 1 43762
0 1 43766
0 1 43769
0 1 43770
0 1 43772
0 1 43773
0 1 43774
0 1 43775
0 1 43777
0 1 43780
0 1 43785
0 1 43786
0 1 43787
0 1 43789
0 1 43790
0 1 43791
0 1 43794
0 1 43799
0 1 43800
0 1 43801
0 1 43802
0 1 43803
0 1 43807
0 1 43809
0 1 43811
0 1 43815
0 1 43816
0 1 43819
0 1 43824
0 1 43825
0 1 43827
0 1 43828
0 1 43829
0 1 43830
0 1 43831
0 1 43842
0 1 43843
0 1 43845
0 1 43847
0 1 43848
0 1 43849
0 1 43850
0 1 43852
0 1 43853
0 1 43855
0 1 43860
0 1 43861
0 1 43863
0 1 43865
0 1 43866
0 1 43870
0 1 43871
0 1 43872
0 1 43873
0 1 43874
0 1 43877
0 1 43886
0 1 43887
0 1 43889
0 1 43891
0 1 43896
0 1 43899
0 1 43902
0 1 43903
0 1 43910
0 1 43911
0 1 43914
0 1 43915
0 1 43917
0 1 43918
0 1 43919
0 1 43920
0 1 43921
0 1 43926
0 1 43928
0 1 43929
0 1 43933
0 1 43934
0 1 43935
0 1 43937
0 1 43939
0 1 43940
0 1 43941
0 1 43943
0 1 43946
0 1 43948
0 1 43954
0 1 43955
0 1 43957
0 1 43959
0 1 43960
0 1 43961
0 1 43962
0 1 43963
0 1 43969
0 1 43972
0 1 43973
0 1 43974
0 1 43976
0 1 43979
0 1 43981
0 1 43982
0 1 43983
0 1 43984
0 1 43985
0 1 43990
0 1 43991
0 1 43993
0 1 43994
0 1 43997
0 1 44012
0 1 44013
0 1 44015
0 1 44019
0 1 44020
0 1 44022
0 1 44023
0 1 44027
0 1 44028
0 1 44029
0 1 44031
0 1 44033
0 1 44034
0 1 44035
0 1 44036
0 1 44037
0 1 44040
0 1 44042
0 1 44043
0 1 44044
0 1 44046
0 1 44047
0 1 44048
0 1 44049
0 1 44050
0 1 44054
0 1 44056
0 1 44058
0 1 44061
0 1 44062
0 1 44063
0 1 44065
0 1 44067
0 1 44071
0 1 44072
0 1 44076
0 1 44078
0 1 44079
0 1 44083
0 1 44086
0 1 44092
0 1 44093
0 1 44095
0 1 44097
0 1 44100
0 1 44101
0 1 44102
0 1 44103
0 1 44106
0 1 44107
0 1 44109
0 1 44110
0 1 44111
0 1 44113
0 1 44114
0 1 44116
0 1 44118
0 1 44122
0 1 44123
0 1 44124
0 1 44125
0 1 44127
0 1 44129
0 1 44131
0 1 44134
0 1 44135
0 1 44139
0 1 44140
0 1 44141
0 1 44143
0 1 44144
0 1 44148
0 1 44149
0 1 44150
0 1 44151
0 1 44154
0 1 44155
0 1 44156
0 1 44159
0 1 44163
0 1 44165
0 1 44168
0 1 44169
0 1 44171
0 1 44173
0 1 44175
0 1 44176
0 1 44177
0 1 44178
0 1 44181
0 1 44182
0 1 44183
0 1 44184
0 1 44185
0 1 44186
0 1 44188
0 1 44192
0 1 44193
0 1 44196
0 1 44199
0 1 44201
0 1 44202
0 1 44203
0 1 44204
0 1 44205
0 1 44206
0 1 44207
0 1 44208
0 1 44210
0 1 44211
0 1 44213
0 1 44214
0 1 44215
0 1 44219
0 1 44221
0 1 44223
0 1 44224
0 1 44231
0 1 44239
0 1 44240
0 1 44241
0 1 44245
0 1 44246
0 1 44251
0 1 44252
0 1 44253
0 1 44254
0 1 44257
0 1 44258
0 1 44261
0 1 44263
0 1 44265
0 1 44269
0 1 44270
0 1 44271
0 1 44272
0 1 44273
0 1 44274
0 1 44275
0 1 44276
0 1 44282
0 1 44283
0 1 44285
0 1 44286
0 1 44289
0 1 44290
0 1 44293
0 1 44297
0 1 44298
0 1 44299
0 1 44302
0 1 44305
0 1 44309
0 1 44310
0 1 44312
0 1 44320
0 1 44323
0 1 44325
0 1 44328
0 1 44329
0 1 44332
0 1 44333
0 1 44334
0 1 44335
0 1 44337
0 1 44338
0 1 44339
0 1 44340
0 1 44342
0 1 44343
0 1 44344
0 1 44346
0 1 44349
0 1 44351
0 1 44352
0 1 44356
0 1 44357
0 1 44360
0 1 44361
0 1 44364
0 1 44365
0 1 44366
0 1 44367
0 1 44368
0 1 44370
0 1 44371
0 1 44373
0 1 44375
0 1 44377
0 1 44380
0 1 44381
0 1 44386
0 1 44389
0 1 44394
0 1 44395
0 1 44398
0 1 44399
0 1 44400
0 1 44402
0 1 44403
0 1 44406
0 1 44407
0 1 44408
0 1 44410
0 1 44414
0 1 44415
0 1 44417
0 1 44418
0 1 44420
0 1 44421
0 1 44422
0 1 44423
0 1 44425
0 1 44426
0 1 44428
0 1 44431
0 1 44432
0 1 44433
0 1 44434
0 1 44437
0 1 44438
0 1 44439
0 1 44440
0 1 44441
0 1 44443
0 1 44444
0 1 44446
0 1 44447
0 1 44450
0 1 44451
0 1 44452
0 1 44455
0 1 44457
0 1 44458
0 1 44462
0 1 44463
0 1 44465
0 1 44468
0 1 44470
0 1 44471
0 1 44472
0 1 44473
0 1 44474
0 1 44476
0 1 44479
0 1 44484
0 1 44487
0 1 44488
0 1 44489
0 1 44490
0 1 44492
0 1 44495
0 1 44498
0 1 44499
0 1 44502
0 1 44503
0 1 44504
0 1 44505
0 1 44512
0 1 44516
0 1 44520
0 1 44521
0 1 44522
0 1 44526
0 1 44527
0 1 44528
0 1 44530
0 1 44531
0 1 44532
0 1 44534
0 1 44536
0 1 44538
0 1 44540
0 1 44545
0 1 44546
0 1 44547
0 1 44548
0 1 44549
0 1 44550
0 1 44551
0 1 44552
0 1 44553
0 1 44555
0 1 44560
0 1 44561
0 1 44564
0 1 44565
0 1 44566
0 1 44572
0 1 44575
0 1 44577
0 1 44578
0 1 44579
0 1 44580
0 1 44583
0 1 44585
0 1 44586
0 1 44589
0 1 44591
0 1 44592
0 1 44593
0 1 44596
0 1 44597
0 1 44599
0 1 44600
0 1 44601
0 1 44602
0 1 44603
0 1 44608
0 1 44610
0 1 44611
0 1 44613
0 1 44614
0 1 44615
0 1 44617
0 1 44618
0 1 44620
0 1 44621
0 1 44622
0 1 44623
0 1 44626
0 1 44627
0 1 44629
0 1 44630
0 1 44635
0 1 44638
0 1 44639
0 1 44640
0 1 44643
0 1 44647
0 1 44648
0 1 44650
0 1 44651
0 1 44657
0 1 44659
0 1 44663
0 1 44666
0 1 44668
0 1 44670
0 1 44671
0 1 44673
0 1 44676
0 1 44677
0 1 44678
0 1 44679
0 1 44680
0 1 44681
0 1 44683
0 1 44685
0 1 44686
0 1 44687
0 1 44688
0 1 44689
0 1 44690
0 1 44693
0 1 44694
0 1 44699
0 1 44701
0 1 44702
0 1 44704
0 1 44707
0 1 44708
0 1 44711
0 1 44712
0 1 44713
0 1 44714
0 1 44715
0 1 44719
0 1 44720
0 1 44721
0 1 44722
0 1 44723
0 1 44724
0 1 44725
0 1 44726
0 1 44728
0 1 44729
0 1 44730
0 1 44731
0 1 44733
0 1 44734
0 1 44737
0 1 44738
0 1 44741
0 1 44742
0 1 44743
0 1 44744
0 1 44745
0 1 44746
0 1 44748
0 1 44749
0 1 44750
0 1 44751
0 1 44752
0 1 44753
0 1 44754
0 1 44755
0 1 44756
0 1 44757
0 1 44758
0 1 44759
0 1 44763
0 1 44764
0 1 44765
0 1 44766
0 1 44768
0 1 44770
0 1 44774
0 1 44776
0 1 44777
0 1 44778
0 1 44780
0 1 44781
0 1 44782
0 1 44784
0 1 44785
0 1 44786
0 1 44787
0 1 44788
0 1 44790
0 1 44791
0 1 44793
0 1 44795
0 1 44800
0 1 44801
0 1 44805
0 1 44807
0 1 44808
0 1 44810
0 1 44811
0 1 44812
0 1 44813
0 1 44816
0 1 44818
0 1 44820
0 1 44821
0 1 44822
0 1 44824
0 1 44825
0 1 44826
0 1 44827
0 1 44828
0 1 44829
0 1 44830
0 1 44832
0 1 44836
0 1 44837
0 1 44841
0 1 44843
0 1 44844
0 1 44845
0 1 44848
0 1 44851
0 1 44852
0 1 44856
0 1 44857
0 1 44858
0 1 44859
0 1 44860
0 1 44861
0 1 44862
0 1 44863
0 1 44864
0 1 44866
0 1 44868
0 1 44869
0 1 44871
0 1 44872
0 1 44874
0 1 44877
0 1 44879
0 1 44882
0 1 44883
0 1 44884
0 1 44885
0 1 44887
0 1 44893
0 1 44894
0 1 44896
0 1 44897
0 1 44899
0 1 44903
0 1 44904
0 1 44907
0 1 44909
0 1 44911
0 1 44913
0 1 44915
0 1 44917
0 1 44918
0 1 44921
0 1 44923
0 1 44924
0 1 44925
0 1 44926
0 1 44927
0 1 44928
0 1 44929
0 1 44931
0 1 44932
0 1 44933
0 1 44934
0 1 44935
0 1 44937
0 1 44941
0 1 44944
0 1 44945
0 1 44946
0 1 44948
0 1 44950
0 1 44951
0 1 44954
0 1 44958
0 1 44961
0 1 44962
0 1 44963
0 1 44964
0 1 44965
0 1 44966
0 1 44967
0 1 44970
0 1 44975
0 1 44976
0 1 44979
0 1 44982
0 1 44984
0 1 44986
0 1 44987
0 1 44990
0 1 44992
0 1 44995
0 1 44996
0 1 44997
0 1 45001
0 1 45004
0 1 45007
0 1 45010
0 1 45012
0 1 45016
0 1 45018
0 1 45019
0 1 45021
0 1 45022
0 1 45024
0 1 45025
0 1 45026
0 1 45029
0 1 45032
0 1 45033
0 1 45034
0 1 45035
0 1 45036
0 1 45037
0 1 45040
0 1 45041
0 1 45043
0 1 45047
0 1 45048
0 1 45049
0 1 45051
0 1 45052
0 1 45053
0 1 45055
0 1 45058
0 1 45062
0 1 45063
0 1 45066
0 1 45067
0 1 45068
0 1 45069
0 1 45070
0 1 45071
0 1 45074
0 1 45075
0 1 45078
0 1 45079
0 1 45081
0 1 45085
0 1 45088
0 1 45090
0 1 45093
0 1 45099
0 1 45103
0 1 45105
0 1 45106
0 1 45107
0 1 45108
0 1 45110
0 1 45114
0 1 45116
0 1 45117
0 1 45119
0 1 45120
0 1 45121
0 1 45122
0 1 45125
0 1 45126
0 1 45127
0 1 45131
0 1 45132
0 1 45135
0 1 45136
0 1 45137
0 1 45140
0 1 45142
0 1 45145
0 1 45148
0 1 45149
0 1 45150
0 1 45151
0 1 45154
0 1 45157
0 1 45158
0 1 45160
0 1 45161
0 1 45162
0 1 45163
0 1 45165
0 1 45166
0 1 45168
0 1 45170
0 1 45171
0 1 45173
0 1 45175
0 1 45176
0 1 45177
0 1 45180
0 1 45183
0 1 45184
0 1 45187
0 1 45190
0 1 45191
0 1 45192
0 1 45193
0 1 45194
0 1 45195
0 1 45198
0 1 45199
0 1 45200
0 1 45201
0 1 45202
0 1 45203
0 1 45205
0 1 45206
0 1 45208
0 1 45209
0 1 45210
0 1 45212
0 1 45214
0 1 45215
0 1 45219
0 1 45221
0 1 45222
0 1 45223
0 1 45225
0 1 45228
0 1 45230
0 1 45232
0 1 45233
0 1 45234
0 1 45235
0 1 45237
0 1 45238
0 1 45239
0 1 45243
0 1 45244
0 1 45245
0 1 45246
0 1 45248
0 1 45249
0 1 45252
0 1 45253
0 1 45256
0 1 45258
0 1 45259
0 1 45261
0 1 45262
0 1 45263
0 1 45265
0 1 45266
0 1 45269
0 1 45270
0 1 45271
0 1 45273
0 1 45275
0 1 45277
0 1 45279
0 1 45280
0 1 45282
0 1 45283
0 1 45285
0 1 45288
0 1 45289
0 1 45290
0 1 45296
0 1 45298
0 1 45299
0 1 45300
0 1 45301
0 1 45303
0 1 45304
0 1 45306
0 1 45309
0 1 45311
0 1 45312
0 1 45316
0 1 45319
0 1 45324
0 1 45328
0 1 45329
0 1 45330
0 1 45333
0 1 45336
0 1 45338
0 1 45340
0 1 45341
0 1 45345
0 1 45346
0 1 45348
0 1 45350
0 1 45354
0 1 45357
0 1 45358
0 1 45359
0 1 45362
0 1 45364
0 1 45365
0 1 45366
0 1 45367
0 1 45368
0 1 45369
0 1 45371
0 1 45372
0 1 45373
0 1 45375
0 1 45378
0 1 45380
0 1 45382
0 1 45386
0 1 45387
0 1 45391
0 1 45393
0 1 45394
0 1 45396
0 1 45397
0 1 45399
0 1 45400
0 1 45403
0 1 45404
0 1 45405
0 1 45412
0 1 45413
0 1 45414
0 1 45418
0 1 45420
0 1 45422
0 1 45423
0 1 45429
0 1 45430
0 1 45431
0 1 45432
0 1 45433
0 1 45436
0 1 45440
0 1 45444
0 1 45449
0 1 45452
0 1 45453
0 1 45454
0 1 45458
0 1 45459
0 1 45460
0 1 45461
0 1 45463
0 1 45464
0 1 45465
0 1 45468
0 1 45472
0 1 45477
0 1 45478
0 1 45479
0 1 45480
0 1 45481
0 1 45482
0 1 45492
0 1 45494
0 1 45495
0 1 45496
0 1 45498
0 1 45502
0 1 45503
0 1 45505
0 1 45508
0 1 45509
0 1 45510
0 1 45511
0 1 45512
0 1 45514
0 1 45515
0 1 45517
0 1 45519
0 1 45520
0 1 45521
0 1 45522
0 1 45523
0 1 45526
0 1 45528
0 1 45531
0 1 45533
0 1 45535
0 1 45540
0 1 45544
0 1 45545
0 1 45547
0 1 45549
0 1 45553
0 1 45554
0 1 45558
0 1 45560
0 1 45563
0 1 45565
0 1 45572
0 1 45573
0 1 45577
0 1 45578
0 1 45583
0 1 45586
0 1 45587
0 1 45588
0 1 45589
0 1 45590
0 1 45593
0 1 45595
0 1 45596
0 1 45597
0 1 45598
0 1 45599
0 1 45602
0 1 45605
0 1 45607
0 1 45608
0 1 45609
0 1 45610
0 1 45612
0 1 45615
0 1 45616
0 1 45618
0 1 45619
0 1 45621
0 1 45623
0 1 45624
0 1 45625
0 1 45627
0 1 45629
0 1 45632
0 1 45635
0 1 45636
0 1 45637
0 1 45638
0 1 45641
0 1 45643
0 1 45645
0 1 45648
0 1 45649
0 1 45650
0 1 45651
0 1 45653
0 1 45656
0 1 45657
0 1 45658
0 1 45659
0 1 45660
0 1 45662
0 1 45663
0 1 45665
0 1 45667
0 1 45668
0 1 45669
0 1 45672
0 1 45673
0 1 45674
0 1 45676
0 1 45677
0 1 45679
0 1 45681
0 1 45682
0 1 45685
0 1 45687
0 1 45691
0 1 45692
0 1 45694
0 1 45696
0 1 45698
0 1 45700
0 1 45703
0 1 45704
0 1 45705
0 1 45706
0 1 45707
0 1 45710
0 1 45716
0 1 45717
0 1 45718
0 1 45719
0 1 45724
0 1 45725
0 1 45728
0 1 45730
0 1 45732
0 1 45733
0 1 45734
0 1 45735
0 1 45736
0 1 45738
0 1 45740
0 1 45743
0 1 45745
0 1 45747
0 1 45750
0 1 45752
0 1 45756
0 1 45758
0 1 45761
0 1 45763
0 1 45764
0 1 45771
0 1 45775
0 1 45776
0 1 45779
0 1 45780
0 1 45783
0 1 45784
0 1 45792
0 1 45793
0 1 45794
0 1 45797
0 1 45799
0 1 45800
0 1 45806
0 1 45807
0 1 45808
0 1 45809
0 1 45813
0 1 45814
0 1 45815
0 1 45816
0 1 45817
0 1 45818
0 1 45821
0 1 45824
0 1 45826
0 1 45827
0 1 45828
0 1 45829
0 1 45831
0 1 45832
0 1 45833
0 1 45834
0 1 45836
0 1 45838
0 1 45840
0 1 45844
0 1 45845
0 1 45846
0 1 45850
0 1 45851
0 1 45853
0 1 45856
0 1 45857
0 1 45858
0 1 45860
0 1 45862
0 1 45864
0 1 45867
0 1 45868
0 1 45870
0 1 45872
0 1 45874
0 1 45878
0 1 45879
0 1 45881
0 1 45883
0 1 45884
0 1 45888
0 1 45890
0 1 45891
0 1 45892
0 1 45898
0 1 45899
0 1 45900
0 1 45902
0 1 45905
0 1 45907
0 1 45912
0 1 45914
0 1 45917
0 1 45918
0 1 45920
0 1 45922
0 1 45924
0 1 45927
0 1 45928
0 1 45929
0 1 45930
0 1 45932
0 1 45934
0 1 45935
0 1 45936
0 1 45938
0 1 45941
0 1 45942
0 1 45945
0 1 45949
0 1 45951
0 1 45954
0 1 45955
0 1 45956
0 1 45957
0 1 45958
0 1 45959
0 1 45960
0 1 45961
0 1 45962
0 1 45965
0 1 45966
0 1 45968
0 1 45969
0 1 45973
0 1 45975
0 1 45976
0 1 45977
0 1 45978
0 1 45981
0 1 45983
0 1 45984
0 1 45986
0 1 45987
0 1 45990
0 1 45991
0 1 45992
0 1 45993
0 1 45994
0 1 45998
0 1 46000
0 1 46003
0 1 46007
0 1 46008
0 1 46009
0 1 46010
0 1 46013
0 1 46015
0 1 46016
0 1 46021
0 1 46023
0 1 46024
0 1 46026
0 1 46027
0 1 46028
0 1 46031
0 1 46032
0 1 46034
0 1 46038
0 1 46039
0 1 46040
0 1 46041
0 1 46043
0 1 46044
0 1 46050
0 1 46052
0 1 46055
0 1 46058
0 1 46059
0 1 46062
0 1 46063
0 1 46064
0 1 46067
0 1 46068
0 1 46069
0 1 46070
0 1 46071
0 1 46072
0 1 46073
0 1 46074
0 1 46075
0 1 46076
0 1 46078
0 1 46081
0 1 46082
0 1 46083
0 1 46084
0 1 46086
0 1 46089
0 1 46090
0 1 46092
0 1 46093
0 1 46097
0 1 46099
0 1 46100
0 1 46106
0 1 46107
0 1 46108
0 1 46110
0 1 46112
0 1 46113
0 1 46114
0 1 46115
0 1 46116
0 1 46117
0 1 46119
0 1 46121
0 1 46129
0 1 46130
0 1 46134
0 1 46136
0 1 46137
0 1 46138
0 1 46140
0 1 46141
0 1 46142
0 1 46144
0 1 46146
0 1 46149
0 1 46156
0 1 46160
0 1 46163
0 1 46165
0 1 46167
0 1 46170
0 1 46171
0 1 46172
0 1 46174
0 1 46179
0 1 46181
0 1 46182
0 1 46184
0 1 46189
0 1 46194
0 1 46198
0 1 46201
0 1 46202
0 1 46203
0 1 46204
0 1 46206
0 1 46209
0 1 46211
0 1 46213
0 1 46218
0 1 46222
0 1 46223
0 1 46225
0 1 46227
0 1 46228
0 1 46231
0 1 46232
0 1 46233
0 1 46234
0 1 46236
0 1 46237
0 1 46238
0 1 46239
0 1 46242
0 1 46247
0 1 46248
0 1 46249
0 1 46250
0 1 46254
0 1 46255
0 1 46257
0 1 46258
0 1 46261
0 1 46262
0 1 46270
0 1 46271
0 1 46272
0 1 46273
0 1 46278
0 1 46279
0 1 46283
0 1 46285
0 1 46290
0 1 46291
0 1 46292
0 1 46295
0 1 46299
0 1 46300
0 1 46303
0 1 46306
0 1 46308
0 1 46310
0 1 46311
0 1 46312
0 1 46313
0 1 46316
0 1 46317
0 1 46319
0 1 46321
0 1 46323
0 1 46325
0 1 46326
0 1 46328
0 1 46331
0 1 46332
0 1 46341
0 1 46346
0 1 46347
0 1 46348
0 1 46349
0 1 46353
0 1 46355
0 1 46358
0 1 46359
0 1 46361
0 1 46366
0 1 46367
0 1 46368
0 1 46369
0 1 46371
0 1 46374
0 1 46375
0 1 46377
0 1 46381
0 1 46382
0 1 46383
0 1 46388
0 1 46389
0 1 46392
0 1 46393
0 1 46397
0 1 46398
0 1 46399
0 1 46400
0 1 46402
0 1 46405
0 1 46407
0 1 46409
0 1 46410
0 1 46412
0 1 46415
0 1 46417
0 1 46419
0 1 46420
0 1 46421
0 1 46422
0 1 46423
0 1 46424
0 1 46425
0 1 46429
0 1 46430
0 1 46434
0 1 46437
0 1 46438
0 1 46439
0 1 46440
0 1 46441
0 1 46444
0 1 46448
0 1 46454
0 1 46456
0 1 46462
0 1 46463
0 1 46464
0 1 46465
0 1 46466
0 1 46468
0 1 46471
0 1 46474
0 1 46476
0 1 46477
0 1 46478
0 1 46479
0 1 46481
0 1 46483
0 1 46484
0 1 46487
0 1 46488
0 1 46489
0 1 46492
0 1 46494
0 1 46497
0 1 46498
0 1 46501
0 1 46502
0 1 46505
0 1 46508
0 1 46509
0 1 46512
0 1 46516
0 1 46519
0 1 46520
0 1 46521
0 1 46523
0 1 46524
0 1 46526
0 1 46530
0 1 46532
0 1 46533
0 1 46534
0 1 46536
0 1 46537
0 1 46539
0 1 46542
0 1 46545
0 1 46547
0 1 46549
0 1 46550
0 1 46555
0 1 46558
0 1 46559
0 1 46561
0 1 46562
0 1 46563
0 1 46565
0 1 46568
0 1 46569
0 1 46570
0 1 46571
0 1 46573
0 1 46576
0 1 46577
0 1 46580
0 1 46582
0 1 46588
0 1 46589
0 1 46591
0 1 46593
0 1 46598
0 1 46599
0 1 46600
0 1 46601
0 1 46603
0 1 46606
0 1 46608
0 1 46609
0 1 46610
0 1 46611
0 1 46613
0 1 46619
0 1 46621
0 1 46622
0 1 46623
0 1 46624
0 1 46626
0 1 46629
0 1 46630
0 1 46631
0 1 46634
0 1 46637
0 1 46638
0 1 46640
0 1 46643
0 1 46644
0 1 46645
0 1 46646
0 1 46647
0 1 46649
0 1 46654
0 1 46657
0 1 46658
0 1 46664
0 1 46667
0 1 46671
0 1 46673
0 1 46675
0 1 46677
0 1 46678
0 1 46679
0 1 46680
0 1 46685
0 1 46686
0 1 46687
0 1 46690
0 1 46691
0 1 46692
0 1 46693
0 1 46696
0 1 46698
0 1 46700
0 1 46701
0 1 46704
0 1 46705
0 1 46706
0 1 46707
0 1 46712
0 1 46713
0 1 46717
0 1 46718
0 1 46719
0 1 46721
0 1 46723
0 1 46726
0 1 46727
0 1 46728
0 1 46730
0 1 46731
0 1 46732
0 1 46738
0 1 46741
0 1 46743
0 1 46744
0 1 46747
0 1 46748
0 1 46751
0 1 46752
0 1 46754
0 1 46757
0 1 46759
0 1 46761
0 1 46767
0 1 46768
0 1 46769
0 1 46771
0 1 46772
0 1 46774
0 1 46776
0 1 46777
0 1 46779
0 1 46783
0 1 46785
0 1 46787
0 1 46788
0 1 46791
0 1 46792
0 1 46793
0 1 46794
0 1 46795
0 1 46796
0 1 46801
0 1 46802
0 1 46803
0 1 46805
0 1 46807
0 1 46808
0 1 46817
0 1 46818
0 1 46819
0 1 46823
0 1 46824
0 1 46825
0 1 46826
0 1 46830
0 1 46834
0 1 46835
0 1 46837
0 1 46839
0 1 46843
0 1 46849
0 1 46850
0 1 46852
0 1 46853
0 1 46854
0 1 46856
0 1 46859
0 1 46862
0 1 46863
0 1 46864
0 1 46866
0 1 46873
0 1 46874
0 1 46879
0 1 46880
0 1 46882
0 1 46884
0 1 46886
0 1 46889
0 1 46891
0 1 46893
0 1 46894
0 1 46907
0 1 46908
0 1 46909
0 1 46911
0 1 46912
0 1 46914
0 1 46915
0 1 46916
0 1 46920
0 1 46922
0 1 46923
0 1 46925
0 1 46926
0 1 46928
0 1 46932
0 1 46933
0 1 46934
0 1 46937
0 1 46941
0 1 46942
0 1 46944
0 1 46946
0 1 46954
0 1 46955
0 1 46956
0 1 46957
0 1 46958
0 1 46959
0 1 46960
0 1 46961
0 1 46962
0 1 46964
0 1 46965
0 1 46966
0 1 46967
0 1 46970
0 1 46971
0 1 46973
0 1 46975
0 1 46976
0 1 46982
0 1 46988
0 1 46989
0 1 46993
0 1 46994
0 1 46995
0 1 46997
0 1 46999
0 1 47001
0 1 47004
0 1 47010
0 1 47011
0 1 47014
0 1 47015
0 1 47016
0 1 47017
0 1 47019
0 1 47021
0 1 47023
0 1 47024
0 1 47025
0 1 47028
0 1 47029
0 1 47031
0 1 47032
0 1 47034
0 1 47038
0 1 47041
0 1 47042
0 1 47043
0 1 47046
0 1 47047
0 1 47048
0 1 47050
0 1 47051
0 1 47053
0 1 47055
0 1 47056
0 1 47057
0 1 47059
0 1 47061
0 1 47062
0 1 47069
0 1 47070
0 1 47071
0 1 47072
0 1 47073
0 1 47074
0 1 47075
0 1 47077
0 1 47081
0 1 47082
0 1 47083
0 1 47084
0 1 47085
0 1 47087
0 1 47089
0 1 47090
0 1 47092
0 1 47094
0 1 47095
0 1 47096
0 1 47099
0 1 47106
0 1 47107
0 1 47112
0 1 47113
0 1 47114
0 1 47115
0 1 47116
0 1 47117
0 1 47118
0 1 47122
0 1 47123
0 1 47124
0 1 47128
0 1 47129
0 1 47130
0 1 47131
0 1 47132
0 1 47134
0 1 47136
0 1 47138
0 1 47139
0 1 47144
0 1 47145
0 1 47147
0 1 47149
0 1 47150
0 1 47153
0 1 47164
0 1 47165
0 1 47168
0 1 47169
0 1 47170
0 1 47171
0 1 47172
0 1 47177
0 1 47178
0 1 47179
0 1 47190
0 1 47193
0 1 47194
0 1 47195
0 1 47196
0 1 47198
0 1 47199
0 1 47200
0 1 47201
0 1 47203
0 1 47206
0 1 47207
0 1 47208
0 1 47212
0 1 47213
0 1 47214
0 1 47218
0 1 47219
0 1 47221
0 1 47224
0 1 47225
0 1 47226
0 1 47227
0 1 47228
0 1 47229
0 1 47232
0 1 47236
0 1 47238
0 1 47240
0 1 47243
0 1 47244
0 1 47248
0 1 47249
0 1 47250
0 1 47252
0 1 47254
0 1 47256
0 1 47257
0 1 47258
0 1 47259
0 1 47260
0 1 47261
0 1 47263
0 1 47264
0 1 47265
0 1 47266
0 1 47268
0 1 47270
0 1 47272
0 1 47273
0 1 47277
0 1 47280
0 1 47281
0 1 47282
0 1 47284
0 1 47288
0 1 47291
0 1 47292
0 1 47295
0 1 47296
0 1 47299
0 1 47307
0 1 47309
0 1 47310
0 1 47312
0 1 47314
0 1 47315
0 1 47316
0 1 47317
0 1 47319
0 1 47320
0 1 47322
0 1 47323
0 1 47325
0 1 47326
0 1 47329
0 1 47331
0 1 47332
0 1 47336
0 1 47338
0 1 47340
0 1 47343
0 1 47344
0 1 47345
0 1 47347
0 1 47350
0 1 47354
0 1 47355
0 1 47357
0 1 47359
0 1 47360
0 1 47362
0 1 47363
0 1 47364
0 1 47366
0 1 47367
0 1 47368
0 1 47370
0 1 47371
0 1 47372
0 1 47376
0 1 47379
0 1 47380
0 1 47381
0 1 47384
0 1 47387
0 1 47389
0 1 47390
0 1 47392
0 1 47393
0 1 47394
0 1 47395
0 1 47396
0 1 47398
0 1 47399
0 1 47402
0 1 47403
0 1 47405
0 1 47409
0 1 47410
0 1 47411
0 1 47413
0 1 47414
0 1 47415
0 1 47418
0 1 47419
0 1 47423
0 1 47426
0 1 47427
0 1 47430
0 1 47431
0 1 47433
0 1 47436
0 1 47437
0 1 47438
0 1 47445
0 1 47446
0 1 47447
0 1 47449
0 1 47450
0 1 47451
0 1 47457
0 1 47460
0 1 47464
0 1 47473
0 1 47474
0 1 47477
0 1 47478
0 1 47479
0 1 47482
0 1 47483
0 1 47484
0 1 47486
0 1 47488
0 1 47491
0 1 47492
0 1 47495
0 1 47496
0 1 47503
0 1 47504
0 1 47507
0 1 47510
0 1 47512
0 1 47513
0 1 47518
0 1 47519
0 1 47521
0 1 47523
0 1 47524
0 1 47525
0 1 47526
0 1 47527
0 1 47529
0 1 47530
0 1 47532
0 1 47533
0 1 47535
0 1 47537
0 1 47538
0 1 47539
0 1 47543
0 1 47547
0 1 47550
0 1 47551
0 1 47552
0 1 47556
0 1 47557
0 1 47558
0 1 47559
0 1 47560
0 1 47561
0 1 47568
0 1 47570
0 1 47571
0 1 47573
0 1 47574
0 1 47575
0 1 47578
0 1 47579
0 1 47581
0 1 47582
0 1 47583
0 1 47588
0 1 47589
0 1 47590
0 1 47591
0 1 47592
0 1 47594
0 1 47596
0 1 47599
0 1 47600
0 1 47601
0 1 47603
0 1 47604
0 1 47607
0 1 47610
0 1 47611
0 1 47612
0 1 47613
0 1 47614
0 1 47615
0 1 47618
0 1 47620
0 1 47621
0 1 47623
0 1 47630
0 1 47631
0 1 47640
0 1 47643
0 1 47644
0 1 47645
0 1 47648
0 1 47652
0 1 47655
0 1 47659
0 1 47661
0 1 47664
0 1 47665
0 1 47666
0 1 47667
0 1 47668
0 1 47672
0 1 47674
0 1 47678
0 1 47679
0 1 47680
0 1 47681
0 1 47682
0 1 47683
0 1 47684
0 1 47686
0 1 47687
0 1 47689
0 1 47690
0 1 47692
0 1 47694
0 1 47695
0 1 47696
0 1 47701
0 1 47702
0 1 47704
0 1 47708
0 1 47709
0 1 47710
0 1 47711
0 1 47712
0 1 47714
0 1 47717
0 1 47719
0 1 47720
0 1 47722
0 1 47723
0 1 47725
0 1 47727
0 1 47728
0 1 47729
0 1 47730
0 1 47731
0 1 47734
0 1 47735
0 1 47736
0 1 47737
0 1 47739
0 1 47741
0 1 47742
0 1 47744
0 1 47746
0 1 47748
0 1 47750
0 1 47751
0 1 47756
0 1 47758
0 1 47760
0 1 47762
0 1 47764
0 1 47765
0 1 47767
0 1 47768
0 1 47770
0 1 47771
0 1 47772
0 1 47773
0 1 47776
0 1 47777
0 1 47782
0 1 47783
0 1 47784
0 1 47786
0 1 47787
0 1 47788
0 1 47789
0 1 47790
0 1 47792
0 1 47793
0 1 47794
0 1 47797
0 1 47799
0 1 47800
0 1 47804
0 1 47807
0 1 47811
0 1 47812
0 1 47814
0 1 47818
0 1 47821
0 1 47824
0 1 47825
0 1 47826
0 1 47827
0 1 47830
0 1 47832
0 1 47834
0 1 47835
0 1 47837
0 1 47840
0 1 47841
0 1 47843
0 1 47845
0 1 47847
0 1 47848
0 1 47851
0 1 47853
0 1 47855
0 1 47858
0 1 47859
0 1 47861
0 1 47863
0 1 47864
0 1 47867
0 1 47876
0 1 47877
0 1 47879
0 1 47880
0 1 47882
0 1 47883
0 1 47884
0 1 47886
0 1 47887
0 1 47888
0 1 47891
0 1 47892
0 1 47893
0 1 47895
0 1 47899
0 1 47901
0 1 47902
0 1 47903
0 1 47908
0 1 47910
0 1 47912
0 1 47914
0 1 47917
0 1 47918
0 1 47927
0 1 47928
0 1 47930
0 1 47932
0 1 47934
0 1 47935
0 1 47938
0 1 47939
0 1 47940
0 1 47943
0 1 47945
0 1 47946
0 1 47947
0 1 47950
0 1 47955
0 1 47956
0 1 47958
0 1 47960
0 1 47965
0 1 47967
0 1 47968
0 1 47969
0 1 47970
0 1 47971
0 1 47972
0 1 47973
0 1 47975
0 1 47976
0 1 47977
0 1 47981
0 1 47982
0 1 47986
0 1 47987
0 1 47988
0 1 47992
0 1 47993
0 1 47994
0 1 47995
0 1 47996
0 1 47997
0 1 47999
0 1 48000
0 1 48001
0 1 48004
0 1 48007
0 1 48008
0 1 48009
0 1 48010
0 1 48012
0 1 48013
0 1 48015
0 1 48017
0 1 48019
0 1 48021
0 1 48023
0 1 48024
0 1 48025
0 1 48028
0 1 48029
0 1 48030
0 1 48032
0 1 48033
0 1 48034
0 1 48035
0 1 48036
0 1 48037
0 1 48038
0 1 48040
0 1 48041
0 1 48042
0 1 48043
0 1 48046
0 1 48048
0 1 48050
0 1 48052
0 1 48056
0 1 48060
0 1 48062
0 1 48063
0 1 48065
0 1 48066
0 1 48068
0 1 48069
0 1 48072
0 1 48075
0 1 48076
0 1 48080
0 1 48081
0 1 48086
0 1 48090
0 1 48091
0 1 48092
0 1 48098
0 1 48099
0 1 48102
0 1 48103
0 1 48104
0 1 48107
0 1 48108
0 1 48112
0 1 48114
0 1 48116
0 1 48118
0 1 48119
0 1 48120
0 1 48121
0 1 48122
0 1 48129
0 1 48130
0 1 48134
0 1 48136
0 1 48137
0 1 48142
0 1 48143
0 1 48149
0 1 48152
0 1 48156
0 1 48158
0 1 48159
0 1 48162
0 1 48164
0 1 48165
0 1 48169
0 1 48170
0 1 48172
0 1 48173
0 1 48174
0 1 48176
0 1 48183
0 1 48185
0 1 48189
0 1 48191
0 1 48193
0 1 48194
0 1 48197
0 1 48202
0 1 48204
0 1 48205
0 1 48210
0 1 48211
0 1 48212
0 1 48215
0 1 48220
0 1 48223
0 1 48224
0 1 48226
0 1 48227
0 1 48232
0 1 48234
0 1 48235
0 1 48236
0 1 48238
0 1 48239
0 1 48241
0 1 48242
0 1 48243
0 1 48250
0 1 48253
0 1 48254
0 1 48255
0 1 48256
0 1 48257
0 1 48258
0 1 48264
0 1 48265
0 1 48266
0 1 48267
0 1 48269
0 1 48270
0 1 48271
0 1 48272
0 1 48273
0 1 48274
0 1 48275
0 1 48276
0 1 48277
0 1 48279
0 1 48280
0 1 48281
0 1 48282
0 1 48284
0 1 48285
0 1 48286
0 1 48287
0 1 48289
0 1 48290
0 1 48292
0 1 48293
0 1 48294
0 1 48303
0 1 48307
0 1 48308
0 1 48310
0 1 48311
0 1 48313
0 1 48314
0 1 48315
0 1 48316
0 1 48317
0 1 48320
0 1 48322
0 1 48323
0 1 48324
0 1 48325
0 1 48326
0 1 48327
0 1 48332
0 1 48335
0 1 48339
0 1 48340
0 1 48341
0 1 48342
0 1 48343
0 1 48350
0 1 48351
0 1 48352
0 1 48353
0 1 48356
0 1 48360
0 1 48362
0 1 48364
0 1 48365
0 1 48367
0 1 48368
0 1 48370
0 1 48371
0 1 48372
0 1 48373
0 1 48377
0 1 48380
0 1 48382
0 1 48385
0 1 48387
0 1 48388
0 1 48389
0 1 48390
0 1 48393
0 1 48396
0 1 48398
0 1 48399
0 1 48405
0 1 48407
0 1 48411
0 1 48412
0 1 48413
0 1 48415
0 1 48416
0 1 48417
0 1 48420
0 1 48421
0 1 48423
0 1 48424
0 1 48427
0 1 48428
0 1 48429
0 1 48431
0 1 48432
0 1 48433
0 1 48435
0 1 48437
0 1 48438
0 1 48440
0 1 48443
0 1 48445
0 1 48447
0 1 48454
0 1 48458
0 1 48462
0 1 48463
0 1 48466
0 1 48468
0 1 48469
0 1 48472
0 1 48473
0 1 48477
0 1 48478
0 1 48479
0 1 48480
0 1 48481
0 1 48483
0 1 48486
0 1 48487
0 1 48491
0 1 48492
0 1 48493
0 1 48494
0 1 48497
0 1 48500
0 1 48503
0 1 48504
0 1 48505
0 1 48506
0 1 48507
0 1 48508
0 1 48509
0 1 48511
0 1 48512
0 1 48516
0 1 48517
0 1 48520
0 1 48521
0 1 48523
0 1 48525
0 1 48529
0 1 48532
0 1 48533
0 1 48535
0 1 48536
0 1 48537
0 1 48539
0 1 48540
0 1 48542
0 1 48543
0 1 48545
0 1 48546
0 1 48547
0 1 48548
0 1 48549
0 1 48553
0 1 48555
0 1 48556
0 1 48559
0 1 48560
0 1 48561
0 1 48562
0 1 48563
0 1 48564
0 1 48565
0 1 48566
0 1 48567
0 1 48568
0 1 48569
0 1 48570
0 1 48572
0 1 48574
0 1 48575
0 1 48578
0 1 48581
0 1 48582
0 1 48583
0 1 48584
0 1 48585
0 1 48588
0 1 48589
0 1 48591
0 1 48593
0 1 48594
0 1 48595
0 1 48596
0 1 48598
0 1 48601
0 1 48603
0 1 48605
0 1 48606
0 1 48609
0 1 48612
0 1 48613
0 1 48615
0 1 48616
0 1 48617
0 1 48619
0 1 48621
0 1 48622
0 1 48623
0 1 48624
0 1 48625
0 1 48627
0 1 48628
0 1 48629
0 1 48631
0 1 48635
0 1 48637
0 1 48642
0 1 48647
0 1 48648
0 1 48649
0 1 48650
0 1 48651
0 1 48653
0 1 48654
0 1 48657
0 1 48658
0 1 48662
0 1 48664
0 1 48667
0 1 48668
0 1 48669
0 1 48670
0 1 48671
0 1 48672
0 1 48676
0 1 48677
0 1 48679
0 1 48680
0 1 48682
0 1 48683
0 1 48684
0 1 48687
0 1 48688
0 1 48690
0 1 48691
0 1 48698
0 1 48699
0 1 48700
0 1 48702
0 1 48704
0 1 48705
0 1 48706
0 1 48707
0 1 48708
0 1 48712
0 1 48713
0 1 48717
0 1 48718
0 1 48719
0 1 48720
0 1 48722
0 1 48725
0 1 48726
0 1 48729
0 1 48730
0 1 48731
0 1 48734
0 1 48735
0 1 48736
0 1 48738
0 1 48743
0 1 48744
0 1 48745
0 1 48746
0 1 48750
0 1 48752
0 1 48757
0 1 48758
0 1 48760
0 1 48762
0 1 48768
0 1 48771
0 1 48772
0 1 48773
0 1 48778
0 1 48779
0 1 48782
0 1 48783
0 1 48784
0 1 48787
0 1 48792
0 1 48797
0 1 48798
0 1 48799
0 1 48800
0 1 48801
0 1 48805
0 1 48807
0 1 48810
0 1 48811
0 1 48812
0 1 48814
0 1 48815
0 1 48816
0 1 48817
0 1 48818
0 1 48819
0 1 48821
0 1 48824
0 1 48827
0 1 48828
0 1 48829
0 1 48830
0 1 48831
0 1 48832
0 1 48834
0 1 48835
0 1 48836
0 1 48837
0 1 48838
0 1 48839
0 1 48841
0 1 48844
0 1 48847
0 1 48849
0 1 48850
0 1 48853
0 1 48854
0 1 48856
0 1 48857
0 1 48860
0 1 48861
0 1 48862
0 1 48863
0 1 48864
0 1 48866
0 1 48868
0 1 48869
0 1 48871
0 1 48873
0 1 48874
0 1 48876
0 1 48881
0 1 48884
0 1 48887
0 1 48888
0 1 48889
0 1 48893
0 1 48894
0 1 48895
0 1 48899
0 1 48900
0 1 48901
0 1 48902
0 1 48904
0 1 48906
0 1 48907
0 1 48909
0 1 48910
0 1 48915
0 1 48917
0 1 48919
0 1 48921
0 1 48922
0 1 48924
0 1 48925
0 1 48926
0 1 48927
0 1 48931
0 1 48933
0 1 48934
0 1 48940
0 1 48943
0 1 48947
0 1 48948
0 1 48949
0 1 48951
0 1 48953
0 1 48956
0 1 48957
0 1 48959
0 1 48967
0 1 48972
0 1 48974
0 1 48978
0 1 48979
0 1 48983
0 1 48984
0 1 48985
0 1 48986
0 1 48988
0 1 48989
0 1 48993
0 1 48996
0 1 48997
0 1 48998
0 1 48999
0 1 49001
0 1 49005
0 1 49008
0 1 49009
0 1 49010
0 1 49011
0 1 49013
0 1 49014
0 1 49016
0 1 49017
0 1 49018
0 1 49019
0 1 49023
0 1 49024
0 1 49025
0 1 49027
0 1 49028
0 1 49030
0 1 49031
0 1 49034
0 1 49037
0 1 49038
0 1 49039
0 1 49041
0 1 49043
0 1 49044
0 1 49045
0 1 49046
0 1 49047
0 1 49049
0 1 49050
0 1 49053
0 1 49054
0 1 49056
0 1 49057
0 1 49061
0 1 49062
0 1 49067
0 1 49071
0 1 49072
0 1 49075
0 1 49077
0 1 49078
0 1 49079
0 1 49083
0 1 49084
0 1 49088
0 1 49089
0 1 49091
0 1 49092
0 1 49095
0 1 49097
0 1 49098
0 1 49099
0 1 49102
0 1 49105
0 1 49107
0 1 49109
0 1 49110
0 1 49111
0 1 49112
0 1 49113
0 1 49115
0 1 49116
0 1 49117
0 1 49119
0 1 49121
0 1 49122
0 1 49124
0 1 49128
0 1 49129
0 1 49130
0 1 49131
0 1 49132
0 1 49133
0 1 49134
0 1 49136
0 1 49139
0 1 49141
0 1 49143
0 1 49144
0 1 49145
0 1 49148
0 1 49149
0 1 49150
0 1 49153
0 1 49154
0 1 49157
0 1 49158
0 1 49159
0 1 49161
0 1 49162
0 1 49164
0 1 49172
0 1 49175
0 1 49176
0 1 49178
0 1 49181
0 1 49182
0 1 49183
0 1 49184
0 1 49186
0 1 49187
0 1 49188
0 1 49189
0 1 49191
0 1 49193
0 1 49194
0 1 49196
0 1 49197
0 1 49198
0 1 49202
0 1 49203
0 1 49208
0 1 49209
0 1 49213
0 1 49216
0 1 49222
0 1 49223
0 1 49224
0 1 49227
0 1 49229
0 1 49230
0 1 49231
0 1 49236
0 1 49237
0 1 49239
0 1 49240
0 1 49241
0 1 49242
0 1 49244
0 1 49245
0 1 49246
0 1 49247
0 1 49248
0 1 49250
0 1 49252
0 1 49253
0 1 49260
0 1 49261
0 1 49264
0 1 49266
0 1 49267
0 1 49268
0 1 49269
0 1 49271
0 1 49275
0 1 49276
0 1 49279
0 1 49282
0 1 49284
0 1 49287
0 1 49288
0 1 49289
0 1 49290
0 1 49296
0 1 49297
0 1 49298
0 1 49300
0 1 49301
0 1 49302
0 1 49304
0 1 49305
0 1 49309
0 1 49311
0 1 49315
0 1 49316
0 1 49318
0 1 49320
0 1 49321
0 1 49322
0 1 49323
0 1 49325
0 1 49327
0 1 49328
0 1 49331
0 1 49333
0 1 49334
0 1 49335
0 1 49336
0 1 49340
0 1 49342
0 1 49343
0 1 49345
0 1 49346
0 1 49347
0 1 49348
0 1 49351
0 1 49354
0 1 49357
0 1 49358
0 1 49361
0 1 49362
0 1 49363
0 1 49365
0 1 49369
0 1 49370
0 1 49372
0 1 49373
0 1 49375
0 1 49378
0 1 49383
0 1 49384
0 1 49391
0 1 49394
0 1 49395
0 1 49396
0 1 49398
0 1 49401
0 1 49402
0 1 49404
0 1 49406
0 1 49411
0 1 49413
0 1 49414
0 1 49416
0 1 49419
0 1 49422
0 1 49424
0 1 49425
0 1 49426
0 1 49428
0 1 49430
0 1 49432
0 1 49434
0 1 49441
0 1 49442
0 1 49447
0 1 49449
0 1 49450
0 1 49451
0 1 49453
0 1 49457
0 1 49458
0 1 49459
0 1 49460
0 1 49464
0 1 49466
0 1 49467
0 1 49468
0 1 49469
0 1 49471
0 1 49472
0 1 49473
0 1 49474
0 1 49478
0 1 49479
0 1 49480
0 1 49483
0 1 49485
0 1 49486
0 1 49490
0 1 49494
0 1 49495
0 1 49496
0 1 49501
0 1 49502
0 1 49503
0 1 49504
0 1 49506
0 1 49507
0 1 49508
0 1 49509
0 1 49512
0 1 49515
0 1 49517
0 1 49519
0 1 49521
0 1 49522
0 1 49524
0 1 49525
0 1 49527
0 1 49528
0 1 49529
0 1 49531
0 1 49533
0 1 49534
0 1 49535
0 1 49539
0 1 49540
0 1 49544
0 1 49545
0 1 49547
0 1 49549
0 1 49552
0 1 49553
0 1 49556
0 1 49558
0 1 49559
0 1 49562
0 1 49563
0 1 49564
0 1 49570
0 1 49574
0 1 49580
0 1 49586
0 1 49588
0 1 49589
0 1 49592
0 1 49594
0 1 49597
0 1 49598
0 1 49600
0 1 49601
0 1 49604
0 1 49605
0 1 49607
0 1 49609
0 1 49610
0 1 49613
0 1 49615
0 1 49616
0 1 49617
0 1 49623
0 1 49625
0 1 49633
0 1 49634
0 1 49635
0 1 49637
0 1 49639
0 1 49640
0 1 49641
0 1 49643
0 1 49645
0 1 49648
0 1 49649
0 1 49650
0 1 49653
0 1 49654
0 1 49656
0 1 49659
0 1 49661
0 1 49662
0 1 49665
0 1 49669
0 1 49670
0 1 49676
0 1 49680
0 1 49685
0 1 49687
0 1 49689
0 1 49690
0 1 49691
0 1 49693
0 1 49694
0 1 49695
0 1 49696
0 1 49701
0 1 49703
0 1 49705
0 1 49707
0 1 49710
0 1 49712
0 1 49713
0 1 49715
0 1 49717
0 1 49721
0 1 49723
0 1 49729
0 1 49733
0 1 49736
0 1 49738
0 1 49739
0 1 49740
0 1 49742
0 1 49744
0 1 49748
0 1 49751
0 1 49752
0 1 49755
0 1 49758
0 1 49759
0 1 49760
0 1 49762
0 1 49764
0 1 49766
0 1 49769
0 1 49770
0 1 49771
0 1 49773
0 1 49775
0 1 49776
0 1 49778
0 1 49783
0 1 49784
0 1 49786
0 1 49787
0 1 49788
0 1 49789
0 1 49790
0 1 49795
0 1 49796
0 1 49797
0 1 49798
0 1 49799
0 1 49800
0 1 49806
0 1 49808
0 1 49809
0 1 49811
0 1 49815
0 1 49816
0 1 49818
0 1 49819
0 1 49820
0 1 49824
0 1 49825
0 1 49826
0 1 49827
0 1 49829
0 1 49830
0 1 49831
0 1 49832
0 1 49834
0 1 49835
0 1 49839
0 1 49842
0 1 49843
0 1 49846
0 1 49848
0 1 49850
0 1 49853
0 1 49854
0 1 49857
0 1 49859
0 1 49864
0 1 49867
0 1 49868
0 1 49869
0 1 49872
0 1 49875
0 1 49879
0 1 49880
0 1 49882
0 1 49884
0 1 49885
0 1 49886
0 1 49889
0 1 49890
0 1 49891
0 1 49893
0 1 49894
0 1 49898
0 1 49900
0 1 49903
0 1 49904
0 1 49907
0 1 49908
0 1 49914
0 1 49915
0 1 49916
0 1 49918
0 1 49920
0 1 49925
0 1 49929
0 1 49934
0 1 49935
0 1 49936
0 1 49937
0 1 49938
0 1 49939
0 1 49940
0 1 49942
0 1 49943
0 1 49944
0 1 49946
0 1 49949
0 1 49950
0 1 49951
0 1 49957
0 1 49959
0 1 49963
0 1 49964
0 1 49966
0 1 49968
0 1 49969
0 1 49970
0 1 49971
0 1 49974
0 1 49976
0 1 49977
0 1 49978
0 1 49979
0 1 49980
0 1 49981
0 1 49984
0 1 49986
0 1 49987
0 1 49988
0 1 49990
0 1 49992
0 1 49994
0 1 49999
0 1 50000
0 1 50002
0 1 50003
0 1 50005
0 1 50007
0 1 50008
0 1 50009
0 1 50011
0 1 50012
0 1 50015
0 1 50016
0 1 50018
0 1 50019
0 1 50021
0 1 50022
0 1 50024
0 1 50026
0 1 50028
0 1 50029
0 1 50030
0 1 50031
0 1 50032
0 1 50035
0 1 50036
0 1 50037
0 1 50039
0 1 50045
0 1 50047
0 1 50050
0 1 50052
0 1 50053
0 1 50057
0 1 50060
0 1 50061
0 1 50064
0 1 50065
0 1 50070
0 1 50072
0 1 50073
0 1 50075
0 1 50078
0 1 50079
0 1 50080
0 1 50081
0 1 50083
0 1 50085
0 1 50086
0 1 50087
0 1 50088
0 1 50089
0 1 50090
0 1 50091
0 1 50092
0 1 50094
0 1 50098
0 1 50100
0 1 50101
0 1 50102
0 1 50106
0 1 50107
0 1 50108
0 1 50110
0 1 50113
0 1 50114
0 1 50115
0 1 50120
0 1 50121
0 1 50123
0 1 50125
0 1 50126
0 1 50127
0 1 50130
0 1 50131
0 1 50134
0 1 50138
0 1 50144
0 1 50147
0 1 50148
0 1 50151
0 1 50152
0 1 50153
0 1 50155
0 1 50156
0 1 50159
0 1 50161
0 1 50162
0 1 50164
0 1 50165
0 1 50166
0 1 50168
0 1 50175
0 1 50176
0 1 50178
0 1 50179
0 1 50180
0 1 50189
0 1 50190
0 1 50193
0 1 50197
0 1 50198
0 1 50199
0 1 50201
0 1 50202
0 1 50203
0 1 50204
0 1 50214
0 1 50215
0 1 50216
0 1 50217
0 1 50218
0 1 50220
0 1 50225
0 1 50231
0 1 50233
0 1 50234
0 1 50235
0 1 50236
0 1 50237
0 1 50238
0 1 50241
0 1 50242
0 1 50244
0 1 50245
0 1 50249
0 1 50252
0 1 50253
0 1 50255
0 1 50256
0 1 50257
0 1 50258
0 1 50260
0 1 50261
0 1 50265
0 1 50267
0 1 50271
0 1 50272
0 1 50274
0 1 50275
0 1 50277
0 1 50278
0 1 50279
0 1 50280
0 1 50281
0 1 50282
0 1 50285
0 1 50286
0 1 50287
0 1 50288
0 1 50289
0 1 50290
0 1 50291
0 1 50292
0 1 50294
0 1 50295
0 1 50297
0 1 50308
0 1 50309
0 1 50310
0 1 50312
0 1 50313
0 1 50318
0 1 50319
0 1 50320
0 1 50323
0 1 50324
0 1 50325
0 1 50328
0 1 50329
0 1 50330
0 1 50331
0 1 50332
0 1 50334
0 1 50335
0 1 50337
0 1 50340
0 1 50342
0 1 50343
0 1 50345
0 1 50346
0 1 50347
0 1 50348
0 1 50350
0 1 50351
0 1 50352
0 1 50353
0 1 50354
0 1 50355
0 1 50357
0 1 50358
0 1 50361
0 1 50364
0 1 50365
0 1 50366
0 1 50368
0 1 50369
0 1 50371
0 1 50372
0 1 50374
0 1 50375
0 1 50376
0 1 50378
0 1 50379
0 1 50380
0 1 50383
0 1 50385
0 1 50386
0 1 50388
0 1 50389
0 1 50391
0 1 50393
0 1 50394
0 1 50395
0 1 50396
0 1 50398
0 1 50402
0 1 50406
0 1 50410
0 1 50411
0 1 50412
0 1 50415
0 1 50416
0 1 50418
0 1 50424
0 1 50425
0 1 50426
0 1 50427
0 1 50429
0 1 50437
0 1 50440
0 1 50441
0 1 50442
0 1 50443
0 1 50446
0 1 50447
0 1 50448
0 1 50453
0 1 50455
0 1 50456
0 1 50457
0 1 50462
0 1 50464
0 1 50465
0 1 50466
0 1 50467
0 1 50468
0 1 50471
0 1 50473
0 1 50474
0 1 50475
0 1 50476
0 1 50477
0 1 50480
0 1 50482
0 1 50484
0 1 50485
0 1 50488
0 1 50489
0 1 50490
0 1 50493
0 1 50498
0 1 50501
0 1 50503
0 1 50504
0 1 50505
0 1 50506
0 1 50507
0 1 50510
0 1 50512
0 1 50515
0 1 50516
0 1 50517
0 1 50519
0 1 50522
0 1 50529
0 1 50534
0 1 50538
0 1 50540
0 1 50542
0 1 50544
0 1 50546
0 1 50548
0 1 50549
0 1 50552
0 1 50553
0 1 50555
0 1 50557
0 1 50558
0 1 50559
0 1 50560
0 1 50562
0 1 50566
0 1 50569
0 1 50573
0 1 50575
0 1 50577
0 1 50580
0 1 50582
0 1 50583
0 1 50585
0 1 50588
0 1 50589
0 1 50592
0 1 50593
0 1 50594
0 1 50595
0 1 50597
0 1 50600
0 1 50601
0 1 50605
0 1 50606
0 1 50607
0 1 50608
0 1 50609
0 1 50612
0 1 50614
0 1 50617
0 1 50618
0 1 50621
0 1 50623
0 1 50624
0 1 50626
0 1 50630
0 1 50632
0 1 50637
0 1 50642
0 1 50644
0 1 50645
0 1 50648
0 1 50652
0 1 50654
0 1 50656
0 1 50657
0 1 50658
0 1 50660
0 1 50661
0 1 50662
0 1 50665
0 1 50666
0 1 50667
0 1 50671
0 1 50672
0 1 50673
0 1 50676
0 1 50677
0 1 50678
0 1 50680
0 1 50681
0 1 50682
0 1 50683
0 1 50686
0 1 50691
0 1 50693
0 1 50697
0 1 50698
0 1 50700
0 1 50702
0 1 50703
0 1 50705
0 1 50706
0 1 50708
0 1 50709
0 1 50710
0 1 50712
0 1 50714
0 1 50721
0 1 50725
0 1 50729
0 1 50733
0 1 50734
0 1 50735
0 1 50736
0 1 50737
0 1 50738
0 1 50741
0 1 50743
0 1 50745
0 1 50746
0 1 50754
0 1 50756
0 1 50758
0 1 50762
0 1 50766
0 1 50767
0 1 50770
0 1 50772
0 1 50774
0 1 50775
0 1 50776
0 1 50777
0 1 50778
0 1 50779
0 1 50780
0 1 50781
0 1 50784
0 1 50785
0 1 50786
0 1 50787
0 1 50789
0 1 50790
0 1 50792
0 1 50793
0 1 50797
0 1 50800
0 1 50801
0 1 50803
0 1 50804
0 1 50809
0 1 50810
0 1 50813
0 1 50815
0 1 50818
0 1 50819
0 1 50820
0 1 50821
0 1 50822
0 1 50823
0 1 50824
0 1 50825
0 1 50826
0 1 50827
0 1 50830
0 1 50831
0 1 50832
0 1 50834
0 1 50835
0 1 50840
0 1 50841
0 1 50842
0 1 50844
0 1 50847
0 1 50850
0 1 50852
0 1 50853
0 1 50855
0 1 50856
0 1 50859
0 1 50861
0 1 50862
0 1 50864
0 1 50866
0 1 50868
0 1 50869
0 1 50870
0 1 50871
0 1 50872
0 1 50873
0 1 50874
0 1 50876
0 1 50877
0 1 50879
0 1 50880
0 1 50882
0 1 50883
0 1 50886
0 1 50892
0 1 50896
0 1 50897
0 1 50899
0 1 50900
0 1 50901
0 1 50902
0 1 50904
0 1 50907
0 1 50908
0 1 50910
0 1 50912
0 1 50914
0 1 50920
0 1 50923
0 1 50927
0 1 50929
0 1 50930
0 1 50933
0 1 50934
0 1 50936
0 1 50938
0 1 50939
0 1 50940
0 1 50943
0 1 50944
0 1 50948
0 1 50950
0 1 50952
0 1 50955
0 1 50956
0 1 50957
0 1 50962
0 1 50963
0 1 50964
0 1 50965
0 1 50967
0 1 50969
0 1 50970
0 1 50972
0 1 50973
0 1 50975
0 1 50977
0 1 50978
0 1 50979
0 1 50981
0 1 50982
0 1 50983
0 1 50992
0 1 50995
0 1 50998
0 1 51000
0 1 51003
0 1 51005
0 1 51006
0 1 51008
0 1 51010
0 1 51012
0 1 51014
0 1 51016
0 1 51018
0 1 51019
0 1 51024
0 1 51029
0 1 51030
0 1 51031
0 1 51032
0 1 51033
0 1 51037
0 1 51039
0 1 51040
0 1 51044
0 1 51046
0 1 51047
0 1 51048
0 1 51049
0 1 51051
0 1 51053
0 1 51059
0 1 51060
0 1 51065
0 1 51066
0 1 51067
0 1 51068
0 1 51069
0 1 51072
0 1 51073
0 1 51074
0 1 51078
0 1 51079
0 1 51082
0 1 51086
0 1 51087
0 1 51088
0 1 51091
0 1 51094
0 1 51096
0 1 51097
0 1 51099
0 1 51100
0 1 51101
0 1 51103
0 1 51105
0 1 51110
0 1 51111
0 1 51112
0 1 51113
0 1 51114
0 1 51118
0 1 51119
0 1 51121
0 1 51124
0 1 51125
0 1 51126
0 1 51131
0 1 51132
0 1 51133
0 1 51134
0 1 51136
0 1 51138
0 1 51141
0 1 51144
0 1 51146
0 1 51147
0 1 51148
0 1 51149
0 1 51151
0 1 51153
0 1 51154
0 1 51155
0 1 51159
0 1 51161
0 1 51162
0 1 51166
0 1 51167
0 1 51168
0 1 51177
0 1 51178
0 1 51179
0 1 51180
0 1 51183
0 1 51186
0 1 51187
0 1 51189
0 1 51190
0 1 51193
0 1 51195
0 1 51200
0 1 51201
0 1 51202
0 1 51203
0 1 51205
0 1 51206
0 1 51207
0 1 51211
0 1 51215
0 1 51216
0 1 51217
0 1 51218
0 1 51220
0 1 51223
0 1 51224
0 1 51225
0 1 51226
0 1 51227
0 1 51228
0 1 51229
0 1 51230
0 1 51234
0 1 51236
0 1 51239
0 1 51240
0 1 51241
0 1 51243
0 1 51244
0 1 51246
0 1 51247
0 1 51249
0 1 51250
0 1 51251
0 1 51253
0 1 51255
0 1 51258
0 1 51259
0 1 51260
0 1 51262
0 1 51264
0 1 51265
0 1 51266
0 1 51267
0 1 51269
0 1 51273
0 1 51274
0 1 51275
0 1 51276
0 1 51279
0 1 51280
0 1 51281
0 1 51283
0 1 51288
0 1 51293
0 1 51296
0 1 51298
0 1 51300
0 1 51301
0 1 51304
0 1 51305
0 1 51307
0 1 51311
0 1 51314
0 1 51317
0 1 51318
0 1 51319
0 1 51320
0 1 51322
0 1 51324
0 1 51325
0 1 51326
0 1 51327
0 1 51331
0 1 51332
0 1 51333
0 1 51334
0 1 51335
0 1 51340
0 1 51341
0 1 51342
0 1 51344
0 1 51347
0 1 51350
0 1 51351
0 1 51352
0 1 51353
0 1 51354
0 1 51355
0 1 51357
0 1 51358
0 1 51360
0 1 51361
0 1 51364
0 1 51365
0 1 51367
0 1 51368
0 1 51372
0 1 51373
0 1 51374
0 1 51375
0 1 51376
0 1 51378
0 1 51379
0 1 51380
0 1 51383
0 1 51384
0 1 51385
0 1 51389
0 1 51391
0 1 51392
0 1 51393
0 1 51398
0 1 51400
0 1 51401
0 1 51403
0 1 51409
0 1 51410
0 1 51413
0 1 51415
0 1 51417
0 1 51419
0 1 51422
0 1 51424
0 1 51425
0 1 51428
0 1 51429
0 1 51430
0 1 51431
0 1 51434
0 1 51435
0 1 51436
0 1 51437
0 1 51438
0 1 51439
0 1 51444
0 1 51445
0 1 51447
0 1 51448
0 1 51450
0 1 51453
0 1 51454
0 1 51455
0 1 51458
0 1 51460
0 1 51462
0 1 51464
0 1 51466
0 1 51469
0 1 51470
0 1 51471
0 1 51472
0 1 51474
0 1 51476
0 1 51477
0 1 51478
0 1 51480
0 1 51482
0 1 51487
0 1 51489
0 1 51490
0 1 51491
0 1 51494
0 1 51495
0 1 51496
0 1 51500
0 1 51502
0 1 51508
0 1 51509
0 1 51510
0 1 51511
0 1 51514
0 1 51516
0 1 51517
0 1 51518
0 1 51520
0 1 51521
0 1 51523
0 1 51524
0 1 51525
0 1 51527
0 1 51528
0 1 51532
0 1 51535
0 1 51536
0 1 51537
0 1 51538
0 1 51541
0 1 51545
0 1 51546
0 1 51548
0 1 51550
0 1 51551
0 1 51555
0 1 51559
0 1 51560
0 1 51561
0 1 51563
0 1 51565
0 1 51566
0 1 51567
0 1 51569
0 1 51570
0 1 51572
0 1 51573
0 1 51574
0 1 51576
0 1 51578
0 1 51579
0 1 51582
0 1 51583
0 1 51584
0 1 51585
0 1 51587
0 1 51589
0 1 51591
0 1 51593
0 1 51595
0 1 51597
0 1 51598
0 1 51602
0 1 51604
0 1 51607
0 1 51609
0 1 51613
0 1 51615
0 1 51617
0 1 51622
0 1 51623
0 1 51625
0 1 51626
0 1 51627
0 1 51628
0 1 51629
0 1 51630
0 1 51632
0 1 51635
0 1 51637
0 1 51638
0 1 51639
0 1 51640
0 1 51644
0 1 51645
0 1 51650
0 1 51651
0 1 51654
0 1 51656
0 1 51659
0 1 51660
0 1 51661
0 1 51662
0 1 51663
0 1 51664
0 1 51665
0 1 51666
0 1 51668
0 1 51669
0 1 51670
0 1 51674
0 1 51675
0 1 51677
0 1 51678
0 1 51680
0 1 51681
0 1 51682
0 1 51684
0 1 51685
0 1 51687
0 1 51688
0 1 51690
0 1 51691
0 1 51692
0 1 51694
0 1 51695
0 1 51697
0 1 51701
0 1 51702
0 1 51704
0 1 51706
0 1 51707
0 1 51708
0 1 51713
0 1 51721
0 1 51723
0 1 51728
0 1 51731
0 1 51733
0 1 51735
0 1 51738
0 1 51739
0 1 51740
0 1 51743
0 1 51749
0 1 51750
0 1 51752
0 1 51753
0 1 51754
0 1 51755
0 1 51756
0 1 51763
0 1 51765
0 1 51766
0 1 51768
0 1 51769
0 1 51770
0 1 51771
0 1 51778
0 1 51779
0 1 51780
0 1 51781
0 1 51783
0 1 51784
0 1 51786
0 1 51787
0 1 51790
0 1 51792
0 1 51793
0 1 51795
0 1 51796
0 1 51799
0 1 51800
0 1 51801
0 1 51802
0 1 51803
0 1 51806
0 1 51807
0 1 51809
0 1 51811
0 1 51812
0 1 51817
0 1 51818
0 1 51819
0 1 51820
0 1 51823
0 1 51825
0 1 51830
0 1 51832
0 1 51835
0 1 51837
0 1 51841
0 1 51842
0 1 51846
0 1 51849
0 1 51851
0 1 51852
0 1 51853
0 1 51855
0 1 51856
0 1 51857
0 1 51858
0 1 51859
0 1 51860
0 1 51861
0 1 51865
0 1 51866
0 1 51869
0 1 51877
0 1 51878
0 1 51884
0 1 51885
0 1 51887
0 1 51888
0 1 51889
0 1 51891
0 1 51893
0 1 51897
0 1 51898
0 1 51900
0 1 51901
0 1 51905
0 1 51906
0 1 51907
0 1 51909
0 1 51912
0 1 51913
0 1 51918
0 1 51920
0 1 51921
0 1 51925
0 1 51926
0 1 51927
0 1 51929
0 1 51931
0 1 51932
0 1 51934
0 1 51937
0 1 51938
0 1 51942
0 1 51943
0 1 51945
0 1 51947
0 1 51948
0 1 51949
0 1 51950
0 1 51951
0 1 51953
0 1 51954
0 1 51955
0 1 51959
0 1 51963
0 1 51964
0 1 51965
0 1 51966
0 1 51967
0 1 51968
0 1 51969
0 1 51970
0 1 51971
0 1 51973
0 1 51974
0 1 51976
0 1 51978
0 1 51981
0 1 51982
0 1 51983
0 1 51985
0 1 51987
0 1 51988
0 1 51989
0 1 51990
0 1 51991
0 1 51993
0 1 51996
0 1 52002
0 1 52003
0 1 52004
0 1 52007
0 1 52011
0 1 52012
0 1 52013
0 1 52014
0 1 52019
0 1 52020
0 1 52022
0 1 52023
0 1 52025
0 1 52026
0 1 52027
0 1 52028
0 1 52029
0 1 52030
0 1 52031
0 1 52032
0 1 52033
0 1 52037
0 1 52038
0 1 52040
0 1 52042
0 1 52046
0 1 52047
0 1 52049
0 1 52050
0 1 52052
0 1 52055
0 1 52057
0 1 52062
0 1 52064
0 1 52065
0 1 52066
0 1 52067
0 1 52069
0 1 52070
0 1 52071
0 1 52072
0 1 52074
0 1 52076
0 1 52077
0 1 52079
0 1 52080
0 1 52081
0 1 52087
0 1 52089
0 1 52090
0 1 52091
0 1 52094
0 1 52097
0 1 52099
0 1 52100
0 1 52101
0 1 52102
0 1 52104
0 1 52106
0 1 52112
0 1 52113
0 1 52114
0 1 52116
0 1 52117
0 1 52118
0 1 52119
0 1 52120
0 1 52124
0 1 52125
0 1 52126
0 1 52127
0 1 52131
0 1 52133
0 1 52134
0 1 52136
0 1 52137
0 1 52144
0 1 52146
0 1 52148
0 1 52151
0 1 52152
0 1 52157
0 1 52158
0 1 52159
0 1 52162
0 1 52163
0 1 52164
0 1 52165
0 1 52166
0 1 52167
0 1 52169
0 1 52171
0 1 52176
0 1 52180
0 1 52181
0 1 52185
0 1 52186
0 1 52191
0 1 52194
0 1 52196
0 1 52197
0 1 52198
0 1 52201
0 1 52202
0 1 52203
0 1 52204
0 1 52211
0 1 52212
0 1 52213
0 1 52214
0 1 52216
0 1 52217
0 1 52220
0 1 52221
0 1 52222
0 1 52223
0 1 52225
0 1 52227
0 1 52229
0 1 52230
0 1 52233
0 1 52234
0 1 52238
0 1 52239
0 1 52241
0 1 52244
0 1 52247
0 1 52248
0 1 52249
0 1 52251
0 1 52253
0 1 52255
0 1 52257
0 1 52258
0 1 52259
0 1 52261
0 1 52265
0 1 52266
0 1 52267
0 1 52269
0 1 52273
0 1 52275
0 1 52276
0 1 52280
0 1 52281
0 1 52282
0 1 52283
0 1 52284
0 1 52285
0 1 52286
0 1 52287
0 1 52292
0 1 52295
0 1 52298
0 1 52299
0 1 52300
0 1 52301
0 1 52303
0 1 52304
0 1 52307
0 1 52309
0 1 52310
0 1 52311
0 1 52314
0 1 52316
0 1 52318
0 1 52319
0 1 52324
0 1 52325
0 1 52326
0 1 52328
0 1 52329
0 1 52333
0 1 52338
0 1 52340
0 1 52343
0 1 52345
0 1 52346
0 1 52347
0 1 52348
0 1 52350
0 1 52351
0 1 52354
0 1 52360
0 1 52364
0 1 52367
0 1 52369
0 1 52373
0 1 52375
0 1 52376
0 1 52377
0 1 52378
0 1 52381
0 1 52382
0 1 52383
0 1 52386
0 1 52387
0 1 52392
0 1 52397
0 1 52398
0 1 52401
0 1 52405
0 1 52406
0 1 52407
0 1 52408
0 1 52409
0 1 52411
0 1 52413
0 1 52415
0 1 52417
0 1 52419
0 1 52420
0 1 52422
0 1 52426
0 1 52427
0 1 52428
0 1 52431
0 1 52432
0 1 52433
0 1 52434
0 1 52437
0 1 52438
0 1 52440
0 1 52441
0 1 52446
0 1 52447
0 1 52450
0 1 52451
0 1 52453
0 1 52456
0 1 52461
0 1 52462
0 1 52463
0 1 52464
0 1 52465
0 1 52467
0 1 52468
0 1 52469
0 1 52470
0 1 52474
0 1 52481
0 1 52484
0 1 52485
0 1 52487
0 1 52489
0 1 52491
0 1 52493
0 1 52494
0 1 52497
0 1 52498
0 1 52499
0 1 52500
0 1 52501
0 1 52503
0 1 52505
0 1 52507
0 1 52512
0 1 52514
0 1 52515
0 1 52519
0 1 52521
0 1 52524
0 1 52527
0 1 52535
0 1 52537
0 1 52538
0 1 52540
0 1 52541
0 1 52543
0 1 52545
0 1 52546
0 1 52547
0 1 52548
0 1 52550
0 1 52555
0 1 52558
0 1 52560
0 1 52561
0 1 52562
0 1 52563
0 1 52564
0 1 52565
0 1 52566
0 1 52567
0 1 52569
0 1 52570
0 1 52571
0 1 52573
0 1 52574
0 1 52575
0 1 52578
0 1 52580
0 1 52583
0 1 52585
0 1 52591
0 1 52593
0 1 52595
0 1 52599
0 1 52602
0 1 52604
0 1 52605
0 1 52610
0 1 52612
0 1 52614
0 1 52615
0 1 52616
0 1 52617
0 1 52618
0 1 52623
0 1 52624
0 1 52626
0 1 52627
0 1 52631
0 1 52632
0 1 52634
0 1 52636
0 1 52637
0 1 52638
0 1 52641
0 1 52643
0 1 52645
0 1 52648
0 1 52649
0 1 52651
0 1 52653
0 1 52658
0 1 52659
0 1 52660
0 1 52661
0 1 52662
0 1 52663
0 1 52665
0 1 52669
0 1 52670
0 1 52671
0 1 52675
0 1 52676
0 1 52677
0 1 52679
0 1 52683
0 1 52684
0 1 52686
0 1 52687
0 1 52692
0 1 52694
0 1 52695
0 1 52697
0 1 52699
0 1 52703
0 1 52704
0 1 52707
0 1 52708
0 1 52709
0 1 52712
0 1 52713
0 1 52714
0 1 52718
0 1 52719
0 1 52720
0 1 52723
0 1 52726
0 1 52728
0 1 52729
0 1 52732
0 1 52733
0 1 52734
0 1 52735
0 1 52736
0 1 52739
0 1 52741
0 1 52743
0 1 52745
0 1 52747
0 1 52749
0 1 52750
0 1 52752
0 1 52755
0 1 52756
0 1 52759
0 1 52760
0 1 52764
0 1 52768
0 1 52769
0 1 52772
0 1 52773
0 1 52774
0 1 52777
0 1 52779
0 1 52780
0 1 52781
0 1 52782
0 1 52783
0 1 52784
0 1 52785
0 1 52786
0 1 52787
0 1 52788
0 1 52792
0 1 52793
0 1 52795
0 1 52796
0 1 52797
0 1 52798
0 1 52800
0 1 52802
0 1 52803
0 1 52804
0 1 52805
0 1 52810
0 1 52812
0 1 52813
0 1 52816
0 1 52817
0 1 52818
0 1 52819
0 1 52820
0 1 52823
0 1 52825
0 1 52826
0 1 52828
0 1 52829
0 1 52837
0 1 52838
0 1 52839
0 1 52840
0 1 52841
0 1 52843
0 1 52845
0 1 52846
0 1 52847
0 1 52848
0 1 52849
0 1 52850
0 1 52851
0 1 52852
0 1 52856
0 1 52857
0 1 52858
0 1 52863
0 1 52866
0 1 52867
0 1 52871
0 1 52872
0 1 52873
0 1 52875
0 1 52877
0 1 52878
0 1 52879
0 1 52882
0 1 52884
0 1 52887
0 1 52891
0 1 52895
0 1 52897
0 1 52902
0 1 52905
0 1 52906
0 1 52907
0 1 52910
0 1 52914
0 1 52915
0 1 52916
0 1 52919
0 1 52920
0 1 52921
0 1 52922
0 1 52925
0 1 52926
0 1 52927
0 1 52929
0 1 52930
0 1 52931
0 1 52934
0 1 52937
0 1 52939
0 1 52942
0 1 52943
0 1 52945
0 1 52946
0 1 52948
0 1 52952
0 1 52955
0 1 52957
0 1 52958
0 1 52959
0 1 52961
0 1 52965
0 1 52967
0 1 52969
0 1 52974
0 1 52975
0 1 52976
0 1 52978
0 1 52979
0 1 52982
0 1 52985
0 1 52986
0 1 52988
0 1 52989
0 1 52991
0 1 52992
0 1 52993
0 1 52994
0 1 52998
0 1 52999
0 1 53000
0 1 53003
0 1 53005
0 1 53007
0 1 53009
0 1 53013
0 1 53014
0 1 53015
0 1 53017
0 1 53020
0 1 53021
0 1 53025
0 1 53029
0 1 53033
0 1 53034
0 1 53036
0 1 53037
0 1 53038
0 1 53039
0 1 53046
0 1 53047
0 1 53049
0 1 53050
0 1 53051
0 1 53053
0 1 53057
0 1 53058
0 1 53063
0 1 53066
0 1 53067
0 1 53068
0 1 53070
0 1 53071
0 1 53072
0 1 53076
0 1 53080
0 1 53083
0 1 53084
0 1 53085
0 1 53086
0 1 53087
0 1 53089
0 1 53090
0 1 53094
0 1 53096
0 1 53097
0 1 53099
0 1 53100
0 1 53101
0 1 53106
0 1 53107
0 1 53109
0 1 53110
0 1 53111
0 1 53112
0 1 53113
0 1 53114
0 1 53116
0 1 53117
0 1 53118
0 1 53120
0 1 53121
0 1 53123
0 1 53125
0 1 53131
0 1 53133
0 1 53136
0 1 53137
0 1 53139
0 1 53142
0 1 53143
0 1 53148
0 1 53149
0 1 53152
0 1 53154
0 1 53155
0 1 53159
0 1 53162
0 1 53165
0 1 53169
0 1 53170
0 1 53171
0 1 53173
0 1 53176
0 1 53179
0 1 53182
0 1 53187
0 1 53189
0 1 53192
0 1 53193
0 1 53194
0 1 53195
0 1 53196
0 1 53198
0 1 53201
0 1 53202
0 1 53204
0 1 53205
0 1 53207
0 1 53208
0 1 53209
0 1 53212
0 1 53215
0 1 53216
0 1 53217
0 1 53218
0 1 53219
0 1 53222
0 1 53223
0 1 53224
0 1 53225
0 1 53226
0 1 53230
0 1 53233
0 1 53234
0 1 53235
0 1 53236
0 1 53239
0 1 53240
0 1 53241
0 1 53242
0 1 53243
0 1 53244
0 1 53245
0 1 53247
0 1 53248
0 1 53250
0 1 53254
0 1 53257
0 1 53260
0 1 53262
0 1 53266
0 1 53268
0 1 53269
0 1 53271
0 1 53276
0 1 53277
0 1 53281
0 1 53282
0 1 53283
0 1 53284
0 1 53288
0 1 53289
0 1 53292
0 1 53296
0 1 53298
0 1 53303
0 1 53304
0 1 53307
0 1 53308
0 1 53309
0 1 53310
0 1 53314
0 1 53315
0 1 53317
0 1 53318
0 1 53319
0 1 53320
0 1 53321
0 1 53322
0 1 53323
0 1 53325
0 1 53326
0 1 53327
0 1 53328
0 1 53329
0 1 53334
0 1 53338
0 1 53342
0 1 53344
0 1 53345
0 1 53346
0 1 53347
0 1 53349
0 1 53350
0 1 53356
0 1 53357
0 1 53360
0 1 53361
0 1 53362
0 1 53367
0 1 53368
0 1 53370
0 1 53377
0 1 53378
0 1 53379
0 1 53382
0 1 53383
0 1 53384
0 1 53387
0 1 53388
0 1 53390
0 1 53391
0 1 53400
0 1 53403
0 1 53404
0 1 53406
0 1 53408
0 1 53409
0 1 53410
0 1 53411
0 1 53415
0 1 53416
0 1 53418
0 1 53420
0 1 53421
0 1 53422
0 1 53426
0 1 53427
0 1 53429
0 1 53430
0 1 53431
0 1 53432
0 1 53433
0 1 53434
0 1 53436
0 1 53437
0 1 53438
0 1 53439
0 1 53440
0 1 53442
0 1 53444
0 1 53445
0 1 53446
0 1 53447
0 1 53450
0 1 53455
0 1 53457
0 1 53460
0 1 53461
0 1 53463
0 1 53467
0 1 53468
0 1 53471
0 1 53472
0 1 53474
0 1 53475
0 1 53480
0 1 53481
0 1 53486
0 1 53487
0 1 53489
0 1 53490
0 1 53492
0 1 53496
0 1 53497
0 1 53500
0 1 53501
0 1 53503
0 1 53504
0 1 53505
0 1 53506
0 1 53507
0 1 53508
0 1 53509
0 1 53513
0 1 53514
0 1 53515
0 1 53516
0 1 53517
0 1 53518
0 1 53521
0 1 53523
0 1 53524
0 1 53525
0 1 53529
0 1 53530
0 1 53534
0 1 53535
0 1 53536
0 1 53537
0 1 53539
0 1 53540
0 1 53541
0 1 53542
0 1 53543
0 1 53544
0 1 53546
0 1 53547
0 1 53550
0 1 53553
0 1 53558
0 1 53559
0 1 53560
0 1 53561
0 1 53564
0 1 53566
0 1 53568
0 1 53571
0 1 53572
0 1 53575
0 1 53577
0 1 53580
0 1 53581
0 1 53585
0 1 53586
0 1 53589
0 1 53590
0 1 53591
0 1 53592
0 1 53594
0 1 53595
0 1 53597
0 1 53599
0 1 53600
0 1 53602
0 1 53604
0 1 53606
0 1 53609
0 1 53611
0 1 53612
0 1 53615
0 1 53618
0 1 53619
0 1 53620
0 1 53624
0 1 53625
0 1 53627
0 1 53628
0 1 53630
0 1 53634
0 1 53635
0 1 53641
0 1 53643
0 1 53644
0 1 53647
0 1 53648
0 1 53650
0 1 53653
0 1 53654
0 1 53656
0 1 53659
0 1 53660
0 1 53661
0 1 53662
0 1 53667
0 1 53668
0 1 53670
0 1 53671
0 1 53674
0 1 53675
0 1 53677
0 1 53678
0 1 53679
0 1 53680
0 1 53684
0 1 53685
0 1 53688
0 1 53689
0 1 53690
0 1 53691
0 1 53692
0 1 53694
0 1 53695
0 1 53697
0 1 53698
0 1 53700
0 1 53702
0 1 53704
0 1 53705
0 1 53706
0 1 53708
0 1 53709
0 1 53712
0 1 53715
0 1 53716
0 1 53718
0 1 53719
0 1 53720
0 1 53722
0 1 53725
0 1 53726
0 1 53727
0 1 53731
0 1 53733
0 1 53734
0 1 53735
0 1 53736
0 1 53739
0 1 53740
0 1 53744
0 1 53746
0 1 53750
0 1 53752
0 1 53753
0 1 53754
0 1 53756
0 1 53762
0 1 53764
0 1 53765
0 1 53766
0 1 53767
0 1 53768
0 1 53769
0 1 53771
0 1 53773
0 1 53776
0 1 53779
0 1 53781
0 1 53782
0 1 53783
0 1 53785
0 1 53786
0 1 53787
0 1 53791
0 1 53793
0 1 53794
0 1 53795
0 1 53796
0 1 53798
0 1 53800
0 1 53803
0 1 53804
0 1 53807
0 1 53810
0 1 53811
0 1 53812
0 1 53813
0 1 53814
0 1 53815
0 1 53818
0 1 53819
0 1 53820
0 1 53821
0 1 53822
0 1 53823
0 1 53825
0 1 53826
0 1 53827
0 1 53828
0 1 53830
0 1 53831
0 1 53832
0 1 53833
0 1 53843
0 1 53844
0 1 53845
0 1 53848
0 1 53852
0 1 53855
0 1 53856
0 1 53857
0 1 53858
0 1 53861
0 1 53864
0 1 53865
0 1 53868
0 1 53870
0 1 53872
0 1 53876
0 1 53878
0 1 53881
0 1 53885
0 1 53892
0 1 53893
0 1 53895
0 1 53898
0 1 53900
0 1 53903
0 1 53904
0 1 53910
0 1 53912
0 1 53918
0 1 53919
0 1 53920
0 1 53922
0 1 53925
0 1 53926
0 1 53927
0 1 53929
0 1 53930
0 1 53932
0 1 53934
0 1 53935
0 1 53940
0 1 53941
0 1 53942
0 1 53945
0 1 53951
0 1 53952
0 1 53954
0 1 53955
0 1 53957
0 1 53961
0 1 53962
0 1 53963
0 1 53964
0 1 53966
0 1 53968
0 1 53971
0 1 53972
0 1 53975
0 1 53978
0 1 53979
0 1 53984
0 1 53986
0 1 53987
0 1 53988
0 1 53990
0 1 53991
0 1 53993
0 1 53994
0 1 53995
0 1 53999
0 1 54002
0 1 54003
0 1 54009
0 1 54010
0 1 54011
0 1 54014
0 1 54018
0 1 54024
0 1 54027
0 1 54028
0 1 54029
0 1 54031
0 1 54032
0 1 54033
0 1 54035
0 1 54037
0 1 54040
0 1 54041
0 1 54042
0 1 54047
0 1 54050
0 1 54052
0 1 54053
0 1 54058
0 1 54062
0 1 54066
0 1 54070
0 1 54075
0 1 54076
0 1 54077
0 1 54078
0 1 54080
0 1 54083
0 1 54084
0 1 54085
0 1 54086
0 1 54090
0 1 54091
0 1 54092
0 1 54094
0 1 54096
0 1 54097
0 1 54098
0 1 54099
0 1 54103
0 1 54104
0 1 54105
0 1 54109
0 1 54110
0 1 54111
0 1 54114
0 1 54115
0 1 54117
0 1 54119
0 1 54121
0 1 54123
0 1 54127
0 1 54132
0 1 54133
0 1 54135
0 1 54136
0 1 54137
0 1 54138
0 1 54142
0 1 54143
0 1 54145
0 1 54150
0 1 54152
0 1 54156
0 1 54157
0 1 54158
0 1 54160
0 1 54162
0 1 54163
0 1 54165
0 1 54166
0 1 54169
0 1 54173
0 1 54175
0 1 54176
0 1 54178
0 1 54181
0 1 54184
0 1 54185
0 1 54186
0 1 54187
0 1 54188
0 1 54189
0 1 54191
0 1 54192
0 1 54194
0 1 54196
0 1 54197
0 1 54198
0 1 54202
0 1 54203
0 1 54205
0 1 54206
0 1 54211
0 1 54212
0 1 54213
0 1 54214
0 1 54219
0 1 54220
0 1 54222
0 1 54223
0 1 54224
0 1 54227
0 1 54228
0 1 54230
0 1 54235
0 1 54240
0 1 54243
0 1 54244
0 1 54246
0 1 54249
0 1 54250
0 1 54251
0 1 54255
0 1 54257
0 1 54258
0 1 54261
0 1 54263
0 1 54264
0 1 54265
0 1 54269
0 1 54270
0 1 54272
0 1 54273
0 1 54277
0 1 54278
0 1 54280
0 1 54283
0 1 54284
0 1 54285
0 1 54287
0 1 54291
0 1 54292
0 1 54293
0 1 54295
0 1 54297
0 1 54298
0 1 54300
0 1 54301
0 1 54302
0 1 54307
0 1 54308
0 1 54309
0 1 54310
0 1 54312
0 1 54314
0 1 54315
0 1 54316
0 1 54317
0 1 54318
0 1 54319
0 1 54320
0 1 54325
0 1 54326
0 1 54327
0 1 54328
0 1 54329
0 1 54330
0 1 54332
0 1 54336
0 1 54337
0 1 54338
0 1 54341
0 1 54342
0 1 54344
0 1 54345
0 1 54347
0 1 54348
0 1 54349
0 1 54350
0 1 54351
0 1 54352
0 1 54353
0 1 54356
0 1 54359
0 1 54361
0 1 54364
0 1 54365
0 1 54366
0 1 54367
0 1 54368
0 1 54369
0 1 54371
0 1 54372
0 1 54374
0 1 54375
0 1 54376
0 1 54378
0 1 54379
0 1 54380
0 1 54381
0 1 54382
0 1 54383
0 1 54385
0 1 54387
0 1 54390
0 1 54392
0 1 54395
0 1 54396
0 1 54397
0 1 54398
0 1 54399
0 1 54401
0 1 54402
0 1 54405
0 1 54407
0 1 54408
0 1 54409
0 1 54411
0 1 54412
0 1 54414
0 1 54417
0 1 54421
0 1 54425
0 1 54427
0 1 54429
0 1 54430
0 1 54431
0 1 54433
0 1 54436
0 1 54438
0 1 54442
0 1 54443
0 1 54444
0 1 54445
0 1 54446
0 1 54447
0 1 54450
0 1 54452
0 1 54453
0 1 54454
0 1 54455
0 1 54456
0 1 54457
0 1 54458
0 1 54461
0 1 54462
0 1 54469
0 1 54472
0 1 54473
0 1 54474
0 1 54476
0 1 54477
0 1 54478
0 1 54480
0 1 54482
0 1 54484
0 1 54485
0 1 54486
0 1 54487
0 1 54489
0 1 54490
0 1 54493
0 1 54495
0 1 54498
0 1 54500
0 1 54502
0 1 54505
0 1 54506
0 1 54511
0 1 54512
0 1 54513
0 1 54514
0 1 54515
0 1 54517
0 1 54518
0 1 54520
0 1 54521
0 1 54525
0 1 54527
0 1 54529
0 1 54531
0 1 54532
0 1 54533
0 1 54537
0 1 54538
0 1 54539
0 1 54540
0 1 54542
0 1 54543
0 1 54544
0 1 54545
0 1 54546
0 1 54549
0 1 54550
0 1 54552
0 1 54553
0 1 54554
0 1 54555
0 1 54557
0 1 54559
0 1 54562
0 1 54566
0 1 54568
0 1 54570
0 1 54571
0 1 54574
0 1 54576
0 1 54577
0 1 54579
0 1 54582
0 1 54583
0 1 54586
0 1 54588
0 1 54594
0 1 54595
0 1 54596
0 1 54598
0 1 54599
0 1 54600
0 1 54605
0 1 54610
0 1 54611
0 1 54612
0 1 54613
0 1 54616
0 1 54617
0 1 54620
0 1 54621
0 1 54622
0 1 54623
0 1 54630
0 1 54632
0 1 54633
0 1 54634
0 1 54635
0 1 54636
0 1 54637
0 1 54639
0 1 54640
0 1 54649
0 1 54650
0 1 54651
0 1 54652
0 1 54653
0 1 54655
0 1 54656
0 1 54657
0 1 54660
0 1 54661
0 1 54662
0 1 54663
0 1 54665
0 1 54667
0 1 54668
0 1 54670
0 1 54671
0 1 54672
0 1 54673
0 1 54674
0 1 54675
0 1 54677
0 1 54682
0 1 54683
0 1 54684
0 1 54686
0 1 54687
0 1 54689
0 1 54691
0 1 54692
0 1 54693
0 1 54695
0 1 54697
0 1 54699
0 1 54702
0 1 54706
0 1 54707
0 1 54710
0 1 54712
0 1 54714
0 1 54716
0 1 54721
0 1 54722
0 1 54723
0 1 54724
0 1 54725
0 1 54726
0 1 54727
0 1 54728
0 1 54730
0 1 54731
0 1 54738
0 1 54739
0 1 54742
0 1 54743
0 1 54744
0 1 54754
0 1 54757
0 1 54760
0 1 54762
0 1 54763
0 1 54764
0 1 54766
0 1 54771
0 1 54776
0 1 54777
0 1 54778
0 1 54785
0 1 54787
0 1 54788
0 1 54790
0 1 54791
0 1 54792
0 1 54793
0 1 54795
0 1 54796
0 1 54797
0 1 54798
0 1 54800
0 1 54803
0 1 54804
0 1 54807
0 1 54808
0 1 54810
0 1 54811
0 1 54813
0 1 54814
0 1 54817
0 1 54819
0 1 54820
0 1 54822
0 1 54825
0 1 54826
0 1 54827
0 1 54828
0 1 54829
0 1 54830
0 1 54833
0 1 54835
0 1 54836
0 1 54838
0 1 54839
0 1 54843
0 1 54845
0 1 54849
0 1 54850
0 1 54853
0 1 54854
0 1 54855
0 1 54856
0 1 54858
0 1 54859
0 1 54860
0 1 54861
0 1 54863
0 1 54864
0 1 54866
0 1 54867
0 1 54868
0 1 54869
0 1 54871
0 1 54872
0 1 54874
0 1 54877
0 1 54879
0 1 54881
0 1 54882
0 1 54884
0 1 54885
0 1 54888
0 1 54891
0 1 54893
0 1 54894
0 1 54895
0 1 54897
0 1 54898
0 1 54900
0 1 54901
0 1 54904
0 1 54905
0 1 54907
0 1 54908
0 1 54910
0 1 54912
0 1 54913
0 1 54914
0 1 54919
0 1 54921
0 1 54922
0 1 54928
0 1 54932
0 1 54933
0 1 54934
0 1 54937
0 1 54938
0 1 54941
0 1 54942
0 1 54946
0 1 54947
0 1 54950
0 1 54951
0 1 54952
0 1 54957
0 1 54958
0 1 54959
0 1 54960
0 1 54961
0 1 54963
0 1 54964
0 1 54967
0 1 54972
0 1 54973
0 1 54975
0 1 54976
0 1 54983
0 1 54984
0 1 54991
0 1 54993
0 1 54994
0 1 54995
0 1 54997
0 1 55001
0 1 55003
0 1 55006
0 1 55008
0 1 55012
0 1 55013
0 1 55014
0 1 55015
0 1 55018
0 1 55019
0 1 55020
0 1 55021
0 1 55023
0 1 55024
0 1 55025
0 1 55027
0 1 55028
0 1 55031
0 1 55034
0 1 55035
0 1 55042
0 1 55045
0 1 55047
0 1 55052
0 1 55053
0 1 55054
0 1 55055
0 1 55058
0 1 55061
0 1 55062
0 1 55063
0 1 55068
0 1 55069
0 1 55072
0 1 55075
0 1 55078
0 1 55080
0 1 55082
0 1 55085
0 1 55087
0 1 55088
0 1 55090
0 1 55092
0 1 55094
0 1 55096
0 1 55097
0 1 55098
0 1 55099
0 1 55103
0 1 55106
0 1 55107
0 1 55108
0 1 55109
0 1 55111
0 1 55114
0 1 55115
0 1 55117
0 1 55118
0 1 55119
0 1 55120
0 1 55121
0 1 55122
0 1 55123
0 1 55124
0 1 55129
0 1 55131
0 1 55133
0 1 55136
0 1 55137
0 1 55145
0 1 55148
0 1 55151
0 1 55152
0 1 55153
0 1 55154
0 1 55157
0 1 55158
0 1 55160
0 1 55161
0 1 55163
0 1 55169
0 1 55173
0 1 55174
0 1 55175
0 1 55177
0 1 55181
0 1 55182
0 1 55183
0 1 55185
0 1 55189
0 1 55190
0 1 55192
0 1 55196
0 1 55201
0 1 55203
0 1 55205
0 1 55207
0 1 55209
0 1 55211
0 1 55212
0 1 55215
0 1 55217
0 1 55220
0 1 55223
0 1 55225
0 1 55226
0 1 55227
0 1 55228
0 1 55229
0 1 55233
0 1 55234
0 1 55235
0 1 55237
0 1 55238
0 1 55239
0 1 55241
0 1 55242
0 1 55243
0 1 55244
0 1 55246
0 1 55247
0 1 55248
0 1 55249
0 1 55252
0 1 55253
0 1 55255
0 1 55257
0 1 55258
0 1 55259
0 1 55260
0 1 55263
0 1 55264
0 1 55266
0 1 55267
0 1 55270
0 1 55271
0 1 55272
0 1 55274
0 1 55276
0 1 55277
0 1 55278
0 1 55280
0 1 55284
0 1 55288
0 1 55290
0 1 55291
0 1 55292
0 1 55293
0 1 55294
0 1 55296
0 1 55297
0 1 55298
0 1 55299
0 1 55301
0 1 55303
0 1 55304
0 1 55306
0 1 55307
0 1 55311
0 1 55313
0 1 55314
0 1 55316
0 1 55317
0 1 55318
0 1 55319
0 1 55320
0 1 55321
0 1 55322
0 1 55323
0 1 55324
0 1 55326
0 1 55330
0 1 55332
0 1 55333
0 1 55335
0 1 55336
0 1 55337
0 1 55341
0 1 55342
0 1 55344
0 1 55346
0 1 55348
0 1 55349
0 1 55350
0 1 55353
0 1 55354
0 1 55356
0 1 55357
0 1 55358
0 1 55360
0 1 55361
0 1 55363
0 1 55364
0 1 55365
0 1 55366
0 1 55367
0 1 55368
0 1 55369
0 1 55372
0 1 55375
0 1 55378
0 1 55379
0 1 55380
0 1 55381
0 1 55382
0 1 55383
0 1 55384
0 1 55385
0 1 55387
0 1 55389
0 1 55392
0 1 55394
0 1 55395
0 1 55398
0 1 55399
0 1 55400
0 1 55401
0 1 55404
0 1 55407
0 1 55410
0 1 55412
0 1 55413
0 1 55417
0 1 55418
0 1 55419
0 1 55421
0 1 55422
0 1 55424
0 1 55425
0 1 55426
0 1 55427
0 1 55428
0 1 55429
0 1 55431
0 1 55432
0 1 55433
0 1 55434
0 1 55437
0 1 55438
0 1 55440
0 1 55444
0 1 55445
0 1 55447
0 1 55448
0 1 55449
0 1 55451
0 1 55454
0 1 55455
0 1 55456
0 1 55458
0 1 55459
0 1 55463
0 1 55464
0 1 55465
0 1 55467
0 1 55471
0 1 55473
0 1 55476
0 1 55478
0 1 55485
0 1 55487
0 1 55489
0 1 55496
0 1 55498
0 1 55500
0 1 55503
0 1 55510
0 1 55512
0 1 55513
0 1 55514
0 1 55515
0 1 55517
0 1 55520
0 1 55521
0 1 55525
0 1 55526
0 1 55527
0 1 55529
0 1 55531
0 1 55532
0 1 55533
0 1 55537
0 1 55540
0 1 55542
0 1 55545
0 1 55546
0 1 55548
0 1 55549
0 1 55551
0 1 55552
0 1 55553
0 1 55554
0 1 55555
0 1 55560
0 1 55563
0 1 55565
0 1 55566
0 1 55571
0 1 55573
0 1 55575
0 1 55576
0 1 55578
0 1 55581
0 1 55582
0 1 55585
0 1 55587
0 1 55588
0 1 55589
0 1 55590
0 1 55593
0 1 55594
0 1 55597
0 1 55601
0 1 55602
0 1 55603
0 1 55604
0 1 55605
0 1 55606
0 1 55608
0 1 55609
0 1 55611
0 1 55612
0 1 55613
0 1 55616
0 1 55619
0 1 55628
0 1 55629
0 1 55631
0 1 55632
0 1 55638
0 1 55642
0 1 55643
0 1 55644
0 1 55646
0 1 55647
0 1 55648
0 1 55650
0 1 55652
0 1 55653
0 1 55654
0 1 55657
0 1 55660
0 1 55663
0 1 55665
0 1 55667
0 1 55672
0 1 55675
0 1 55676
0 1 55678
0 1 55679
0 1 55680
0 1 55681
0 1 55683
0 1 55684
0 1 55685
0 1 55687
0 1 55688
0 1 55691
0 1 55694
0 1 55695
0 1 55700
0 1 55701
0 1 55702
0 1 55703
0 1 55704
0 1 55707
0 1 55713
0 1 55714
0 1 55715
0 1 55717
0 1 55721
0 1 55723
0 1 55724
0 1 55725
0 1 55726
0 1 55731
0 1 55734
0 1 55735
0 1 55739
0 1 55742
0 1 55744
0 1 55747
0 1 55748
0 1 55749
0 1 55750
0 1 55752
0 1 55753
0 1 55754
0 1 55755
0 1 55756
0 1 55757
0 1 55758
0 1 55759
0 1 55760
0 1 55762
0 1 55764
0 1 55766
0 1 55767
0 1 55768
0 1 55769
0 1 55771
0 1 55775
0 1 55777
0 1 55779
0 1 55780
0 1 55786
0 1 55787
0 1 55788
0 1 55791
0 1 55792
0 1 55794
0 1 55795
0 1 55796
0 1 55799
0 1 55801
0 1 55804
0 1 55805
0 1 55810
0 1 55812
0 1 55816
0 1 55818
0 1 55819
0 1 55820
0 1 55821
0 1 55822
0 1 55824
0 1 55826
0 1 55827
0 1 55829
0 1 55832
0 1 55833
0 1 55834
0 1 55837
0 1 55839
0 1 55843
0 1 55845
0 1 55847
0 1 55852
0 1 55855
0 1 55857
0 1 55858
0 1 55861
0 1 55862
0 1 55863
0 1 55864
0 1 55865
0 1 55868
0 1 55870
0 1 55871
0 1 55872
0 1 55876
0 1 55877
0 1 55879
0 1 55881
0 1 55883
0 1 55888
0 1 55889
0 1 55890
0 1 55892
0 1 55895
0 1 55899
0 1 55900
0 1 55901
0 1 55902
0 1 55903
0 1 55904
0 1 55906
0 1 55907
0 1 55908
0 1 55909
0 1 55911
0 1 55913
0 1 55914
0 1 55915
0 1 55921
0 1 55922
0 1 55925
0 1 55927
0 1 55928
0 1 55930
0 1 55936
0 1 55939
0 1 55941
0 1 55946
0 1 55949
0 1 55951
0 1 55953
0 1 55954
0 1 55955
0 1 55959
0 1 55960
0 1 55964
0 1 55965
0 1 55966
0 1 55967
0 1 55970
0 1 55971
0 1 55972
0 1 55973
0 1 55974
0 1 55975
0 1 55977
0 1 55979
0 1 55980
0 1 55981
0 1 55984
0 1 55986
0 1 55987
0 1 55988
0 1 55992
0 1 55994
0 1 55995
0 1 55996
0 1 55997
0 1 56000
0 1 56001
0 1 56002
0 1 56003
0 1 56004
0 1 56005
0 1 56010
0 1 56011
0 1 56012
0 1 56013
0 1 56014
0 1 56016
0 1 56017
0 1 56018
0 1 56020
0 1 56023
0 1 56024
0 1 56025
0 1 56027
0 1 56028
0 1 56031
0 1 56034
0 1 56036
0 1 56039
0 1 56040
0 1 56041
0 1 56042
0 1 56045
0 1 56046
0 1 56049
0 1 56050
0 1 56055
0 1 56057
0 1 56058
0 1 56059
0 1 56060
0 1 56065
0 1 56066
0 1 56067
0 1 56071
0 1 56073
0 1 56074
0 1 56075
0 1 56079
0 1 56080
0 1 56082
0 1 56085
0 1 56088
0 1 56091
0 1 56092
0 1 56094
0 1 56095
0 1 56096
0 1 56097
0 1 56098
0 1 56099
0 1 56100
0 1 56101
0 1 56103
0 1 56105
0 1 56107
0 1 56108
0 1 56110
0 1 56115
0 1 56116
0 1 56117
0 1 56119
0 1 56121
0 1 56123
0 1 56125
0 1 56126
0 1 56128
0 1 56130
0 1 56131
0 1 56133
0 1 56137
0 1 56138
0 1 56139
0 1 56141
0 1 56143
0 1 56144
0 1 56146
0 1 56147
0 1 56149
0 1 56153
0 1 56154
0 1 56155
0 1 56156
0 1 56158
0 1 56160
0 1 56161
0 1 56166
0 1 56175
0 1 56178
0 1 56180
0 1 56182
0 1 56187
0 1 56188
0 1 56189
0 1 56191
0 1 56194
0 1 56196
0 1 56200
0 1 56201
0 1 56203
0 1 56204
0 1 56206
0 1 56207
0 1 56210
0 1 56212
0 1 56219
0 1 56220
0 1 56221
0 1 56225
0 1 56232
0 1 56233
0 1 56234
0 1 56236
0 1 56239
0 1 56240
0 1 56242
0 1 56243
0 1 56251
0 1 56256
0 1 56259
0 1 56260
0 1 56261
0 1 56262
0 1 56263
0 1 56264
0 1 56266
0 1 56268
0 1 56270
0 1 56272
0 1 56273
0 1 56274
0 1 56275
0 1 56276
0 1 56279
0 1 56280
0 1 56285
0 1 56286
0 1 56288
0 1 56290
0 1 56291
0 1 56293
0 1 56294
0 1 56295
0 1 56297
0 1 56299
0 1 56300
0 1 56301
0 1 56309
0 1 56311
0 1 56312
0 1 56313
0 1 56315
0 1 56318
0 1 56319
0 1 56320
0 1 56323
0 1 56324
0 1 56325
0 1 56326
0 1 56327
0 1 56330
0 1 56332
0 1 56334
0 1 56336
0 1 56339
0 1 56343
0 1 56345
0 1 56347
0 1 56349
0 1 56350
0 1 56356
0 1 56357
0 1 56359
0 1 56361
0 1 56362
0 1 56364
0 1 56365
0 1 56367
0 1 56368
0 1 56370
0 1 56372
0 1 56373
0 1 56377
0 1 56378
0 1 56379
0 1 56381
0 1 56384
0 1 56385
0 1 56386
0 1 56387
0 1 56388
0 1 56390
0 1 56391
0 1 56392
0 1 56393
0 1 56396
0 1 56397
0 1 56398
0 1 56399
0 1 56401
0 1 56402
0 1 56405
0 1 56408
0 1 56411
0 1 56412
0 1 56413
0 1 56419
0 1 56421
0 1 56422
0 1 56426
0 1 56427
0 1 56428
0 1 56430
0 1 56433
0 1 56434
0 1 56435
0 1 56436
0 1 56437
0 1 56438
0 1 56440
0 1 56443
0 1 56446
0 1 56448
0 1 56449
0 1 56452
0 1 56453
0 1 56455
0 1 56456
0 1 56462
0 1 56463
0 1 56464
0 1 56465
0 1 56466
0 1 56468
0 1 56469
0 1 56470
0 1 56471
0 1 56473
0 1 56474
0 1 56475
0 1 56477
0 1 56479
0 1 56482
0 1 56483
0 1 56488
0 1 56489
0 1 56490
0 1 56491
0 1 56498
0 1 56500
0 1 56501
0 1 56502
0 1 56504
0 1 56507
0 1 56508
0 1 56511
0 1 56512
0 1 56513
0 1 56514
0 1 56515
0 1 56516
0 1 56517
0 1 56518
0 1 56519
0 1 56520
0 1 56521
0 1 56523
0 1 56524
0 1 56528
0 1 56529
0 1 56530
0 1 56532
0 1 56533
0 1 56534
0 1 56538
0 1 56539
0 1 56541
0 1 56542
0 1 56543
0 1 56545
0 1 56549
0 1 56554
0 1 56555
0 1 56556
0 1 56558
0 1 56561
0 1 56562
0 1 56564
0 1 56566
0 1 56567
0 1 56568
0 1 56574
0 1 56576
0 1 56577
0 1 56578
0 1 56580
0 1 56581
0 1 56583
0 1 56585
0 1 56587
0 1 56589
0 1 56590
0 1 56593
0 1 56594
0 1 56595
0 1 56596
0 1 56598
0 1 56599
0 1 56601
0 1 56602
0 1 56611
0 1 56612
0 1 56613
0 1 56614
0 1 56617
0 1 56627
0 1 56631
0 1 56633
0 1 56634
0 1 56636
0 1 56637
0 1 56639
0 1 56643
0 1 56650
0 1 56655
0 1 56656
0 1 56658
0 1 56659
0 1 56660
0 1 56661
0 1 56662
0 1 56665
0 1 56666
0 1 56667
0 1 56669
0 1 56671
0 1 56673
0 1 56675
0 1 56676
0 1 56678
0 1 56679
0 1 56684
0 1 56687
0 1 56688
0 1 56689
0 1 56690
0 1 56692
0 1 56695
0 1 56700
0 1 56701
0 1 56703
0 1 56704
0 1 56708
0 1 56709
0 1 56710
0 1 56711
0 1 56713
0 1 56715
0 1 56718
0 1 56723
0 1 56724
0 1 56725
0 1 56729
0 1 56731
0 1 56736
0 1 56737
0 1 56739
0 1 56742
0 1 56743
0 1 56744
0 1 56746
0 1 56747
0 1 56748
0 1 56750
0 1 56751
0 1 56753
0 1 56756
0 1 56757
0 1 56758
0 1 56761
0 1 56766
0 1 56768
0 1 56770
0 1 56771
0 1 56773
0 1 56774
0 1 56778
0 1 56779
0 1 56783
0 1 56787
0 1 56788
0 1 56791
0 1 56795
0 1 56796
0 1 56800
0 1 56802
0 1 56806
0 1 56808
0 1 56809
0 1 56810
0 1 56811
0 1 56812
0 1 56813
0 1 56815
0 1 56818
0 1 56819
0 1 56823
0 1 56826
0 1 56827
0 1 56828
0 1 56829
0 1 56830
0 1 56832
0 1 56833
0 1 56834
0 1 56837
0 1 56838
0 1 56839
0 1 56845
0 1 56846
0 1 56848
0 1 56850
0 1 56851
0 1 56854
0 1 56856
0 1 56857
0 1 56859
0 1 56861
0 1 56863
0 1 56868
0 1 56869
0 1 56874
0 1 56875
0 1 56876
0 1 56879
0 1 56880
0 1 56882
0 1 56885
0 1 56887
0 1 56888
0 1 56889
0 1 56890
0 1 56895
0 1 56897
0 1 56898
0 1 56899
0 1 56901
0 1 56902
0 1 56904
0 1 56907
0 1 56910
0 1 56912
0 1 56913
0 1 56915
0 1 56917
0 1 56922
0 1 56924
0 1 56925
0 1 56928
0 1 56929
0 1 56930
0 1 56932
0 1 56933
0 1 56935
0 1 56936
0 1 56937
0 1 56939
0 1 56941
0 1 56944
0 1 56945
0 1 56947
0 1 56948
0 1 56950
0 1 56952
0 1 56953
0 1 56955
0 1 56960
0 1 56962
0 1 56964
0 1 56967
0 1 56968
0 1 56970
0 1 56973
0 1 56978
0 1 56980
0 1 56981
0 1 56982
0 1 56983
0 1 56984
0 1 56985
0 1 56991
0 1 56995
0 1 56996
0 1 56998
0 1 57000
0 1 57001
0 1 57002
0 1 57003
0 1 57005
0 1 57007
0 1 57008
0 1 57010
0 1 57011
0 1 57013
0 1 57014
0 1 57015
0 1 57017
0 1 57022
0 1 57028
0 1 57030
0 1 57031
0 1 57033
0 1 57034
0 1 57035
0 1 57038
0 1 57040
0 1 57042
0 1 57046
0 1 57048
0 1 57049
0 1 57053
0 1 57054
0 1 57055
0 1 57059
0 1 57062
0 1 57064
0 1 57065
0 1 57066
0 1 57068
0 1 57069
0 1 57071
0 1 57073
0 1 57074
0 1 57076
0 1 57080
0 1 57082
0 1 57083
0 1 57084
0 1 57085
0 1 57086
0 1 57087
0 1 57088
0 1 57090
0 1 57092
0 1 57095
0 1 57096
0 1 57098
0 1 57103
0 1 57108
0 1 57110
0 1 57111
0 1 57112
0 1 57113
0 1 57114
0 1 57117
0 1 57126
0 1 57129
0 1 57132
0 1 57134
0 1 57135
0 1 57140
0 1 57141
0 1 57143
0 1 57144
0 1 57146
0 1 57147
0 1 57150
0 1 57151
0 1 57152
0 1 57153
0 1 57157
0 1 57158
0 1 57159
0 1 57163
0 1 57164
0 1 57168
0 1 57169
0 1 57170
0 1 57172
0 1 57174
0 1 57175
0 1 57178
0 1 57179
0 1 57181
0 1 57182
0 1 57184
0 1 57186
0 1 57189
0 1 57191
0 1 57192
0 1 57193
0 1 57196
0 1 57201
0 1 57202
0 1 57203
0 1 57204
0 1 57205
0 1 57207
0 1 57209
0 1 57210
0 1 57211
0 1 57213
0 1 57217
0 1 57218
0 1 57219
0 1 57222
0 1 57224
0 1 57225
0 1 57226
0 1 57227
0 1 57228
0 1 57238
0 1 57239
0 1 57241
0 1 57242
0 1 57246
0 1 57248
0 1 57251
0 1 57252
0 1 57255
0 1 57256
0 1 57257
0 1 57258
0 1 57259
0 1 57261
0 1 57263
0 1 57264
0 1 57265
0 1 57267
0 1 57268
0 1 57269
0 1 57270
0 1 57271
0 1 57274
0 1 57278
0 1 57280
0 1 57281
0 1 57282
0 1 57285
0 1 57286
0 1 57289
0 1 57291
0 1 57292
0 1 57293
0 1 57296
0 1 57297
0 1 57299
0 1 57302
0 1 57303
0 1 57304
0 1 57305
0 1 57306
0 1 57310
0 1 57311
0 1 57318
0 1 57319
0 1 57321
0 1 57322
0 1 57323
0 1 57331
0 1 57333
0 1 57335
0 1 57336
0 1 57337
0 1 57338
0 1 57339
0 1 57340
0 1 57347
0 1 57349
0 1 57356
0 1 57357
0 1 57358
0 1 57359
0 1 57360
0 1 57361
0 1 57363
0 1 57364
0 1 57365
0 1 57367
0 1 57368
0 1 57370
0 1 57371
0 1 57372
0 1 57374
0 1 57376
0 1 57377
0 1 57378
0 1 57379
0 1 57381
0 1 57382
0 1 57383
0 1 57385
0 1 57387
0 1 57388
0 1 57389
0 1 57393
0 1 57394
0 1 57396
0 1 57401
0 1 57405
0 1 57407
0 1 57408
0 1 57409
0 1 57415
0 1 57416
0 1 57417
0 1 57421
0 1 57423
0 1 57424
0 1 57425
0 1 57427
0 1 57432
0 1 57435
0 1 57436
0 1 57438
0 1 57440
0 1 57442
0 1 57443
0 1 57444
0 1 57446
0 1 57448
0 1 57453
0 1 57455
0 1 57461
0 1 57464
0 1 57465
0 1 57466
0 1 57467
0 1 57468
0 1 57469
0 1 57470
0 1 57472
0 1 57473
0 1 57475
0 1 57476
0 1 57478
0 1 57480
0 1 57481
0 1 57482
0 1 57488
0 1 57489
0 1 57490
0 1 57491
0 1 57492
0 1 57495
0 1 57497
0 1 57498
0 1 57499
0 1 57500
0 1 57503
0 1 57505
0 1 57507
0 1 57510
0 1 57512
0 1 57513
0 1 57518
0 1 57519
0 1 57520
0 1 57521
0 1 57522
0 1 57528
0 1 57530
0 1 57532
0 1 57534
0 1 57538
0 1 57541
0 1 57543
0 1 57544
0 1 57548
0 1 57549
0 1 57554
0 1 57555
0 1 57558
0 1 57559
0 1 57560
0 1 57561
0 1 57563
0 1 57565
0 1 57567
0 1 57568
0 1 57570
0 1 57571
0 1 57579
0 1 57582
0 1 57583
0 1 57587
0 1 57588
0 1 57590
0 1 57593
0 1 57594
0 1 57596
0 1 57597
0 1 57598
0 1 57602
0 1 57606
0 1 57607
0 1 57610
0 1 57611
0 1 57612
0 1 57615
0 1 57617
0 1 57621
0 1 57622
0 1 57623
0 1 57626
0 1 57628
0 1 57635
0 1 57637
0 1 57641
0 1 57642
0 1 57643
0 1 57644
0 1 57645
0 1 57647
0 1 57649
0 1 57652
0 1 57653
0 1 57654
0 1 57655
0 1 57656
0 1 57660
0 1 57661
0 1 57670
0 1 57676
0 1 57680
0 1 57682
0 1 57683
0 1 57684
0 1 57685
0 1 57688
0 1 57689
0 1 57690
0 1 57693
0 1 57696
0 1 57697
0 1 57698
0 1 57699
0 1 57703
0 1 57704
0 1 57705
0 1 57706
0 1 57708
0 1 57712
0 1 57714
0 1 57715
0 1 57716
0 1 57721
0 1 57724
0 1 57727
0 1 57728
0 1 57734
0 1 57736
0 1 57737
0 1 57741
0 1 57746
0 1 57748
0 1 57750
0 1 57752
0 1 57753
0 1 57754
0 1 57755
0 1 57756
0 1 57761
0 1 57764
0 1 57765
0 1 57766
0 1 57767
0 1 57770
0 1 57771
0 1 57772
0 1 57773
0 1 57779
0 1 57782
0 1 57786
0 1 57787
0 1 57791
0 1 57795
0 1 57797
0 1 57800
0 1 57802
0 1 57805
0 1 57806
0 1 57807
0 1 57810
0 1 57811
0 1 57812
0 1 57814
0 1 57816
0 1 57819
0 1 57820
0 1 57821
0 1 57829
0 1 57832
0 1 57833
0 1 57834
0 1 57836
0 1 57837
0 1 57838
0 1 57840
0 1 57841
0 1 57848
0 1 57852
0 1 57856
0 1 57858
0 1 57859
0 1 57860
0 1 57862
0 1 57863
0 1 57869
0 1 57870
0 1 57876
0 1 57879
0 1 57880
0 1 57881
0 1 57882
0 1 57889
0 1 57890
0 1 57891
0 1 57892
0 1 57893
0 1 57894
0 1 57895
0 1 57897
0 1 57898
0 1 57900
0 1 57902
0 1 57903
0 1 57904
0 1 57905
0 1 57907
0 1 57908
0 1 57912
0 1 57916
0 1 57918
0 1 57924
0 1 57926
0 1 57927
0 1 57928
0 1 57929
0 1 57930
0 1 57931
0 1 57932
0 1 57934
0 1 57935
0 1 57937
0 1 57938
0 1 57940
0 1 57941
0 1 57943
0 1 57947
0 1 57950
0 1 57952
0 1 57957
0 1 57960
0 1 57961
0 1 57962
0 1 57965
0 1 57968
0 1 57971
0 1 57977
0 1 57980
0 1 57983
0 1 57984
0 1 57985
0 1 57986
0 1 57988
0 1 57990
0 1 57991
0 1 57995
0 1 57996
0 1 57997
0 1 57998
0 1 58001
0 1 58002
0 1 58006
0 1 58008
0 1 58009
0 1 58010
0 1 58013
0 1 58014
0 1 58015
0 1 58018
0 1 58019
0 1 58023
0 1 58024
0 1 58026
0 1 58027
0 1 58029
0 1 58031
0 1 58033
0 1 58034
0 1 58038
0 1 58044
0 1 58045
0 1 58046
0 1 58047
0 1 58050
0 1 58052
0 1 58053
0 1 58054
0 1 58055
0 1 58058
0 1 58059
0 1 58060
0 1 58061
0 1 58062
0 1 58070
0 1 58071
0 1 58074
0 1 58075
0 1 58076
0 1 58077
0 1 58078
0 1 58083
0 1 58086
0 1 58088
0 1 58089
0 1 58091
0 1 58092
0 1 58093
0 1 58094
0 1 58097
0 1 58102
0 1 58105
0 1 58106
0 1 58108
0 1 58109
0 1 58110
0 1 58114
0 1 58120
0 1 58121
0 1 58123
0 1 58124
0 1 58125
0 1 58126
0 1 58127
0 1 58128
0 1 58129
0 1 58131
0 1 58134
0 1 58135
0 1 58137
0 1 58139
0 1 58140
0 1 58141
0 1 58143
0 1 58145
0 1 58147
0 1 58155
0 1 58157
0 1 58158
0 1 58159
0 1 58160
0 1 58163
0 1 58165
0 1 58166
0 1 58167
0 1 58168
0 1 58169
0 1 58170
0 1 58171
0 1 58172
0 1 58176
0 1 58180
0 1 58181
0 1 58183
0 1 58184
0 1 58190
0 1 58191
0 1 58192
0 1 58193
0 1 58194
0 1 58195
0 1 58199
0 1 58202
0 1 58207
0 1 58209
0 1 58210
0 1 58213
0 1 58216
0 1 58217
0 1 58220
0 1 58227
0 1 58228
0 1 58229
0 1 58234
0 1 58236
0 1 58238
0 1 58239
0 1 58243
0 1 58244
0 1 58249
0 1 58251
0 1 58252
0 1 58253
0 1 58254
0 1 58255
0 1 58257
0 1 58261
0 1 58264
0 1 58265
0 1 58270
0 1 58271
0 1 58273
0 1 58275
0 1 58276
0 1 58277
0 1 58278
0 1 58282
0 1 58283
0 1 58285
0 1 58287
0 1 58290
0 1 58291
0 1 58293
0 1 58298
0 1 58299
0 1 58301
0 1 58302
0 1 58303
0 1 58304
0 1 58305
0 1 58307
0 1 58310
0 1 58311
0 1 58313
0 1 58318
0 1 58323
0 1 58324
0 1 58326
0 1 58327
0 1 58329
0 1 58331
0 1 58334
0 1 58335
0 1 58338
0 1 58344
0 1 58346
0 1 58348
0 1 58349
0 1 58350
0 1 58351
0 1 58352
0 1 58353
0 1 58356
0 1 58357
0 1 58359
0 1 58361
0 1 58363
0 1 58367
0 1 58368
0 1 58371
0 1 58372
0 1 58373
0 1 58376
0 1 58377
0 1 58378
0 1 58379
0 1 58380
0 1 58384
0 1 58386
0 1 58387
0 1 58388
0 1 58389
0 1 58391
0 1 58394
0 1 58395
0 1 58397
0 1 58398
0 1 58399
0 1 58403
0 1 58404
0 1 58406
0 1 58407
0 1 58409
0 1 58410
0 1 58412
0 1 58413
0 1 58415
0 1 58416
0 1 58417
0 1 58420
0 1 58423
0 1 58424
0 1 58425
0 1 58428
0 1 58433
0 1 58436
0 1 58437
0 1 58441
0 1 58443
0 1 58447
0 1 58452
0 1 58455
0 1 58456
0 1 58458
0 1 58459
0 1 58460
0 1 58464
0 1 58467
0 1 58468
0 1 58469
0 1 58470
0 1 58471
0 1 58473
0 1 58474
0 1 58478
0 1 58479
0 1 58480
0 1 58483
0 1 58485
0 1 58486
0 1 58488
0 1 58489
0 1 58491
0 1 58492
0 1 58494
0 1 58495
0 1 58496
0 1 58498
0 1 58499
0 1 58500
0 1 58505
0 1 58508
0 1 58509
0 1 58510
0 1 58514
0 1 58516
0 1 58517
0 1 58518
0 1 58519
0 1 58521
0 1 58522
0 1 58526
0 1 58528
0 1 58529
0 1 58532
0 1 58534
0 1 58536
0 1 58537
0 1 58539
0 1 58541
0 1 58542
0 1 58544
0 1 58545
0 1 58546
0 1 58547
0 1 58549
0 1 58550
0 1 58551
0 1 58552
0 1 58553
0 1 58554
0 1 58555
0 1 58558
0 1 58560
0 1 58561
0 1 58562
0 1 58563
0 1 58564
0 1 58566
0 1 58568
0 1 58570
0 1 58571
0 1 58574
0 1 58575
0 1 58576
0 1 58580
0 1 58582
0 1 58584
0 1 58586
0 1 58587
0 1 58588
0 1 58589
0 1 58590
0 1 58591
0 1 58593
0 1 58594
0 1 58597
0 1 58598
0 1 58600
0 1 58604
0 1 58606
0 1 58608
0 1 58609
0 1 58610
0 1 58611
0 1 58612
0 1 58613
0 1 58614
0 1 58615
0 1 58616
0 1 58618
0 1 58620
0 1 58623
0 1 58624
0 1 58625
0 1 58626
0 1 58627
0 1 58628
0 1 58629
0 1 58630
0 1 58631
0 1 58636
0 1 58638
0 1 58641
0 1 58646
0 1 58647
0 1 58648
0 1 58651
0 1 58654
0 1 58656
0 1 58658
0 1 58661
0 1 58663
0 1 58664
0 1 58666
0 1 58667
0 1 58670
0 1 58673
0 1 58675
0 1 58676
0 1 58677
0 1 58679
0 1 58680
0 1 58681
0 1 58682
0 1 58683
0 1 58684
0 1 58687
0 1 58690
0 1 58691
0 1 58694
0 1 58695
0 1 58696
0 1 58698
0 1 58700
0 1 58701
0 1 58702
0 1 58706
0 1 58711
0 1 58714
0 1 58716
0 1 58718
0 1 58719
0 1 58723
0 1 58724
0 1 58725
0 1 58727
0 1 58728
0 1 58731
0 1 58735
0 1 58736
0 1 58738
0 1 58739
0 1 58745
0 1 58747
0 1 58748
0 1 58749
0 1 58751
0 1 58752
0 1 58754
0 1 58756
0 1 58758
0 1 58764
0 1 58765
0 1 58766
0 1 58767
0 1 58768
0 1 58775
0 1 58777
0 1 58778
0 1 58779
0 1 58781
0 1 58782
0 1 58783
0 1 58784
0 1 58788
0 1 58789
0 1 58792
0 1 58798
0 1 58800
0 1 58802
0 1 58804
0 1 58806
0 1 58808
0 1 58809
0 1 58810
0 1 58811
0 1 58814
0 1 58815
0 1 58818
0 1 58819
0 1 58820
0 1 58821
0 1 58825
0 1 58828
0 1 58832
0 1 58838
0 1 58841
0 1 58843
0 1 58844
0 1 58846
0 1 58851
0 1 58852
0 1 58853
0 1 58856
0 1 58859
0 1 58860
0 1 58861
0 1 58862
0 1 58863
0 1 58864
0 1 58867
0 1 58868
0 1 58873
0 1 58874
0 1 58878
0 1 58879
0 1 58883
0 1 58886
0 1 58887
0 1 58888
0 1 58890
0 1 58892
0 1 58894
0 1 58895
0 1 58897
0 1 58900
0 1 58901
0 1 58908
0 1 58909
0 1 58910
0 1 58915
0 1 58918
0 1 58920
0 1 58924
0 1 58929
0 1 58931
0 1 58932
0 1 58934
0 1 58935
0 1 58938
0 1 58939
0 1 58940
0 1 58941
0 1 58942
0 1 58945
0 1 58948
0 1 58950
0 1 58953
0 1 58955
0 1 58959
0 1 58960
0 1 58963
0 1 58964
0 1 58968
0 1 58969
0 1 58971
0 1 58972
0 1 58975
0 1 58976
0 1 58977
0 1 58978
0 1 58983
0 1 58985
0 1 58987
0 1 58988
0 1 58992
0 1 58993
0 1 58995
0 1 58996
0 1 59000
0 1 59001
0 1 59006
0 1 59008
0 1 59009
0 1 59010
0 1 59012
0 1 59013
0 1 59015
0 1 59016
0 1 59017
0 1 59019
0 1 59020
0 1 59021
0 1 59026
0 1 59027
0 1 59028
0 1 59029
0 1 59032
0 1 59034
0 1 59035
0 1 59038
0 1 59040
0 1 59045
0 1 59046
0 1 59047
0 1 59050
0 1 59051
0 1 59052
0 1 59054
0 1 59055
0 1 59058
0 1 59059
0 1 59060
0 1 59063
0 1 59066
0 1 59067
0 1 59068
0 1 59070
0 1 59072
0 1 59074
0 1 59076
0 1 59077
0 1 59080
0 1 59081
0 1 59083
0 1 59084
0 1 59086
0 1 59090
0 1 59097
0 1 59098
0 1 59099
0 1 59100
0 1 59101
0 1 59103
0 1 59107
0 1 59112
0 1 59114
0 1 59115
0 1 59116
0 1 59117
0 1 59119
0 1 59121
0 1 59122
0 1 59123
0 1 59126
0 1 59127
0 1 59128
0 1 59129
0 1 59131
0 1 59133
0 1 59135
0 1 59136
0 1 59138
0 1 59139
0 1 59140
0 1 59142
0 1 59145
0 1 59147
0 1 59148
0 1 59151
0 1 59157
0 1 59160
0 1 59162
0 1 59164
0 1 59165
0 1 59166
0 1 59169
0 1 59170
0 1 59171
0 1 59172
0 1 59175
0 1 59176
0 1 59180
0 1 59181
0 1 59182
0 1 59184
0 1 59185
0 1 59186
0 1 59187
0 1 59190
0 1 59194
0 1 59198
0 1 59200
0 1 59202
0 1 59204
0 1 59210
0 1 59211
0 1 59213
0 1 59214
0 1 59217
0 1 59218
0 1 59220
0 1 59224
0 1 59225
0 1 59226
0 1 59232
0 1 59233
0 1 59235
0 1 59237
0 1 59240
0 1 59243
0 1 59244
0 1 59248
0 1 59250
0 1 59253
0 1 59256
0 1 59258
0 1 59259
0 1 59260
0 1 59261
0 1 59262
0 1 59264
0 1 59266
0 1 59267
0 1 59269
0 1 59270
0 1 59272
0 1 59273
0 1 59275
0 1 59277
0 1 59278
0 1 59279
0 1 59281
0 1 59282
0 1 59286
0 1 59288
0 1 59290
0 1 59291
0 1 59293
0 1 59294
0 1 59295
0 1 59297
0 1 59299
0 1 59301
0 1 59303
0 1 59310
0 1 59311
0 1 59314
0 1 59315
0 1 59316
0 1 59318
0 1 59320
0 1 59321
0 1 59322
0 1 59323
0 1 59324
0 1 59326
0 1 59330
0 1 59332
0 1 59339
0 1 59344
0 1 59346
0 1 59347
0 1 59349
0 1 59351
0 1 59352
0 1 59358
0 1 59359
0 1 59366
0 1 59367
0 1 59368
0 1 59370
0 1 59373
0 1 59375
0 1 59377
0 1 59380
0 1 59382
0 1 59384
0 1 59392
0 1 59393
0 1 59394
0 1 59399
0 1 59400
0 1 59401
0 1 59403
0 1 59404
0 1 59406
0 1 59407
0 1 59408
0 1 59414
0 1 59417
0 1 59419
0 1 59420
0 1 59423
0 1 59424
0 1 59428
0 1 59430
0 1 59431
0 1 59432
0 1 59433
0 1 59435
0 1 59438
0 1 59440
0 1 59442
0 1 59443
0 1 59446
0 1 59447
0 1 59449
0 1 59450
0 1 59451
0 1 59454
0 1 59456
0 1 59458
0 1 59460
0 1 59461
0 1 59463
0 1 59464
0 1 59465
0 1 59468
0 1 59469
0 1 59471
0 1 59475
0 1 59478
0 1 59479
0 1 59482
0 1 59490
0 1 59491
0 1 59492
0 1 59493
0 1 59497
0 1 59498
0 1 59499
0 1 59500
0 1 59501
0 1 59504
0 1 59507
0 1 59508
0 1 59509
0 1 59514
0 1 59515
0 1 59516
0 1 59518
0 1 59519
0 1 59523
0 1 59524
0 1 59525
0 1 59527
0 1 59528
0 1 59531
0 1 59533
0 1 59534
0 1 59535
0 1 59537
0 1 59539
0 1 59540
0 1 59541
0 1 59543
0 1 59544
0 1 59547
0 1 59551
0 1 59552
0 1 59553
0 1 59554
0 1 59555
0 1 59556
0 1 59557
0 1 59559
0 1 59564
0 1 59567
0 1 59568
0 1 59569
0 1 59576
0 1 59577
0 1 59578
0 1 59579
0 1 59581
0 1 59582
0 1 59584
0 1 59585
0 1 59586
0 1 59587
0 1 59588
0 1 59589
0 1 59590
0 1 59591
0 1 59594
0 1 59595
0 1 59599
0 1 59603
0 1 59605
0 1 59611
0 1 59612
0 1 59615
0 1 59616
0 1 59617
0 1 59619
0 1 59620
0 1 59621
0 1 59623
0 1 59624
0 1 59625
0 1 59626
0 1 59627
0 1 59632
0 1 59634
0 1 59636
0 1 59639
0 1 59640
0 1 59641
0 1 59645
0 1 59646
0 1 59647
0 1 59653
0 1 59654
0 1 59655
0 1 59656
0 1 59660
0 1 59661
0 1 59666
0 1 59669
0 1 59671
0 1 59672
0 1 59673
0 1 59674
0 1 59675
0 1 59676
0 1 59677
0 1 59679
0 1 59680
0 1 59682
0 1 59687
0 1 59688
0 1 59691
0 1 59692
0 1 59693
0 1 59697
0 1 59703
0 1 59707
0 1 59710
0 1 59711
0 1 59713
0 1 59714
0 1 59716
0 1 59717
0 1 59719
0 1 59720
0 1 59722
0 1 59725
0 1 59726
0 1 59729
0 1 59730
0 1 59733
0 1 59735
0 1 59736
0 1 59738
0 1 59741
0 1 59744
0 1 59749
0 1 59751
0 1 59752
0 1 59753
0 1 59758
0 1 59760
0 1 59762
0 1 59763
0 1 59764
0 1 59766
0 1 59768
0 1 59769
0 1 59770
0 1 59771
0 1 59772
0 1 59773
0 1 59774
0 1 59775
0 1 59777
0 1 59778
0 1 59779
0 1 59780
0 1 59781
0 1 59783
0 1 59786
0 1 59790
0 1 59793
0 1 59795
0 1 59796
0 1 59798
0 1 59799
0 1 59804
0 1 59805
0 1 59807
0 1 59808
0 1 59809
0 1 59811
0 1 59812
0 1 59815
0 1 59819
0 1 59821
0 1 59822
0 1 59824
0 1 59825
0 1 59826
0 1 59827
0 1 59833
0 1 59835
0 1 59836
0 1 59840
0 1 59842
0 1 59844
0 1 59845
0 1 59847
0 1 59849
0 1 59851
0 1 59852
0 1 59854
0 1 59855
0 1 59858
0 1 59859
0 1 59860
0 1 59861
0 1 59866
0 1 59867
0 1 59869
0 1 59872
0 1 59876
0 1 59880
0 1 59881
0 1 59882
0 1 59883
0 1 59884
0 1 59885
0 1 59886
0 1 59893
0 1 59894
0 1 59895
0 1 59898
0 1 59899
0 1 59900
0 1 59903
0 1 59906
0 1 59908
0 1 59909
0 1 59911
0 1 59912
0 1 59913
0 1 59914
0 1 59915
0 1 59916
0 1 59917
0 1 59918
0 1 59920
0 1 59921
0 1 59922
0 1 59925
0 1 59930
0 1 59934
0 1 59935
0 1 59936
0 1 59937
0 1 59939
0 1 59943
0 1 59944
0 1 59945
0 1 59946
0 1 59947
0 1 59949
0 1 59950
0 1 59951
0 1 59953
0 1 59954
0 1 59956
0 1 59957
0 1 59958
0 1 59959
0 1 59962
0 1 59965
0 1 59969
0 1 59975
0 1 59976
0 1 59980
0 1 59986
0 1 59989
0 1 59990
0 1 59991
0 1 59992
0 1 59993
0 1 59997
0 1 59999
0 1 60001
0 1 60002
0 1 60006
0 1 60007
0 1 60012
0 1 60013
0 1 60014
0 1 60015
0 1 60016
0 1 60017
0 1 60019
0 1 60021
0 1 60023
0 1 60025
0 1 60028
0 1 60029
0 1 60031
0 1 60037
0 1 60039
0 1 60040
0 1 60041
0 1 60043
0 1 60044
0 1 60047
0 1 60049
0 1 60052
0 1 60055
0 1 60059
0 1 60063
0 1 60065
0 1 60066
0 1 60069
0 1 60071
0 1 60072
0 1 60073
0 1 60074
0 1 60076
0 1 60078
0 1 60079
0 1 60081
0 1 60082
0 1 60083
0 1 60084
0 1 60085
0 1 60086
0 1 60089
0 1 60090
0 1 60092
0 1 60094
0 1 60096
0 1 60097
0 1 60098
0 1 60099
0 1 60100
0 1 60101
0 1 60104
0 1 60105
0 1 60106
0 1 60107
0 1 60108
0 1 60109
0 1 60110
0 1 60112
0 1 60114
0 1 60116
0 1 60117
0 1 60118
0 1 60120
0 1 60122
0 1 60128
0 1 60129
0 1 60131
0 1 60138
0 1 60139
0 1 60140
0 1 60146
0 1 60147
0 1 60148
0 1 60152
0 1 60155
0 1 60157
0 1 60159
0 1 60162
0 1 60163
0 1 60165
0 1 60166
0 1 60170
0 1 60171
0 1 60172
0 1 60173
0 1 60176
0 1 60182
0 1 60183
0 1 60184
0 1 60185
0 1 60186
0 1 60187
0 1 60189
0 1 60191
0 1 60194
0 1 60197
0 1 60198
0 1 60202
0 1 60205
0 1 60206
0 1 60208
0 1 60215
0 1 60216
0 1 60221
0 1 60226
0 1 60228
0 1 60233
0 1 60234
0 1 60235
0 1 60236
0 1 60238
0 1 60239
0 1 60242
0 1 60243
0 1 60244
0 1 60245
0 1 60249
0 1 60250
0 1 60251
0 1 60254
0 1 60255
0 1 60260
0 1 60263
0 1 60265
0 1 60266
0 1 60267
0 1 60268
0 1 60272
0 1 60274
0 1 60275
0 1 60278
0 1 60279
0 1 60280
0 1 60283
0 1 60285
0 1 60287
0 1 60288
0 1 60291
0 1 60292
0 1 60294
0 1 60296
0 1 60297
0 1 60299
0 1 60300
0 1 60304
0 1 60305
0 1 60308
0 1 60309
0 1 60311
0 1 60312
0 1 60314
0 1 60317
0 1 60318
0 1 60320
0 1 60321
0 1 60322
0 1 60323
0 1 60329
0 1 60334
0 1 60335
0 1 60338
0 1 60339
0 1 60340
0 1 60341
0 1 60342
0 1 60343
0 1 60348
0 1 60350
0 1 60351
0 1 60353
0 1 60356
0 1 60359
0 1 60364
0 1 60369
0 1 60370
0 1 60373
0 1 60374
0 1 60375
0 1 60376
0 1 60377
0 1 60379
0 1 60380
0 1 60382
0 1 60383
0 1 60390
0 1 60394
0 1 60401
0 1 60402
0 1 60404
0 1 60405
0 1 60406
0 1 60407
0 1 60408
0 1 60409
0 1 60411
0 1 60413
0 1 60414
0 1 60415
0 1 60416
0 1 60420
0 1 60421
0 1 60422
0 1 60424
0 1 60427
0 1 60428
0 1 60430
0 1 60431
0 1 60433
0 1 60440
0 1 60442
0 1 60444
0 1 60446
0 1 60447
0 1 60450
0 1 60452
0 1 60455
0 1 60456
0 1 60459
0 1 60460
0 1 60461
0 1 60464
0 1 60468
0 1 60470
0 1 60471
0 1 60472
0 1 60477
0 1 60479
0 1 60482
0 1 60486
0 1 60488
0 1 60490
0 1 60493
0 1 60502
0 1 60503
0 1 60504
0 1 60505
0 1 60506
0 1 60508
0 1 60510
0 1 60511
0 1 60513
0 1 60515
0 1 60523
0 1 60524
0 1 60525
0 1 60527
0 1 60532
0 1 60535
0 1 60536
0 1 60539
0 1 60543
0 1 60544
0 1 60547
0 1 60549
0 1 60551
0 1 60554
0 1 60557
0 1 60563
0 1 60564
0 1 60566
0 1 60567
0 1 60568
0 1 60573
0 1 60575
0 1 60576
0 1 60577
0 1 60579
0 1 60580
0 1 60581
0 1 60585
0 1 60586
0 1 60587
0 1 60589
0 1 60594
0 1 60602
0 1 60606
0 1 60607
0 1 60608
0 1 60610
0 1 60614
0 1 60616
0 1 60617
0 1 60620
0 1 60621
0 1 60623
0 1 60624
0 1 60628
0 1 60629
0 1 60632
0 1 60634
0 1 60638
0 1 60643
0 1 60644
0 1 60646
0 1 60649
0 1 60653
0 1 60654
0 1 60656
0 1 60661
0 1 60662
0 1 60663
0 1 60664
0 1 60665
0 1 60667
0 1 60671
0 1 60680
0 1 60681
0 1 60682
0 1 60683
0 1 60686
0 1 60688
0 1 60690
0 1 60692
0 1 60693
0 1 60694
0 1 60696
0 1 60697
0 1 60701
0 1 60703
0 1 60704
0 1 60705
0 1 60711
0 1 60712
0 1 60715
0 1 60716
0 1 60718
0 1 60719
0 1 60720
0 1 60721
0 1 60727
0 1 60729
0 1 60731
0 1 60734
0 1 60735
0 1 60736
0 1 60740
0 1 60747
0 1 60749
0 1 60751
0 1 60753
0 1 60755
0 1 60756
0 1 60757
0 1 60758
0 1 60759
0 1 60761
0 1 60762
0 1 60765
0 1 60770
0 1 60771
0 1 60781
0 1 60782
0 1 60783
0 1 60785
0 1 60788
0 1 60790
0 1 60792
0 1 60793
0 1 60795
0 1 60796
0 1 60797
0 1 60799
0 1 60800
0 1 60806
0 1 60807
0 1 60808
0 1 60809
0 1 60810
0 1 60813
0 1 60815
0 1 60816
0 1 60818
0 1 60820
0 1 60821
0 1 60824
0 1 60827
0 1 60828
0 1 60830
0 1 60832
0 1 60833
0 1 60835
0 1 60836
0 1 60838
0 1 60842
0 1 60844
0 1 60846
0 1 60849
0 1 60853
0 1 60854
0 1 60857
0 1 60859
0 1 60860
0 1 60861
0 1 60863
0 1 60865
0 1 60868
0 1 60871
0 1 60872
0 1 60873
0 1 60875
0 1 60885
0 1 60886
0 1 60887
0 1 60888
0 1 60890
0 1 60894
0 1 60897
0 1 60898
0 1 60901
0 1 60902
0 1 60904
0 1 60906
0 1 60909
0 1 60910
0 1 60912
0 1 60913
0 1 60917
0 1 60918
0 1 60919
0 1 60921
0 1 60922
0 1 60923
0 1 60924
0 1 60927
0 1 60930
0 1 60931
0 1 60932
0 1 60934
0 1 60935
0 1 60937
0 1 60939
0 1 60945
0 1 60952
0 1 60953
0 1 60954
0 1 60957
0 1 60960
0 1 60961
0 1 60964
0 1 60969
0 1 60972
0 1 60973
0 1 60975
0 1 60976
0 1 60979
0 1 60982
0 1 60984
0 1 60985
0 1 60988
0 1 60991
0 1 60992
0 1 60994
0 1 60995
0 1 60996
0 1 60997
0 1 60999
0 1 61000
0 1 61002
0 1 61006
0 1 61008
0 1 61010
0 1 61012
0 1 61014
0 1 61015
0 1 61016
0 1 61018
0 1 61019
0 1 61020
0 1 61024
0 1 61025
0 1 61026
0 1 61029
0 1 61030
0 1 61032
0 1 61033
0 1 61035
0 1 61036
0 1 61039
0 1 61042
0 1 61045
0 1 61051
0 1 61054
0 1 61058
0 1 61059
0 1 61061
0 1 61063
0 1 61064
0 1 61065
0 1 61067
0 1 61069
0 1 61071
0 1 61072
0 1 61073
0 1 61076
0 1 61078
0 1 61082
0 1 61084
0 1 61085
0 1 61087
0 1 61090
0 1 61091
0 1 61094
0 1 61095
0 1 61099
0 1 61100
0 1 61102
0 1 61105
0 1 61108
0 1 61110
0 1 61111
0 1 61115
0 1 61120
0 1 61122
0 1 61123
0 1 61126
0 1 61129
0 1 61131
0 1 61132
0 1 61133
0 1 61134
0 1 61137
0 1 61138
0 1 61140
0 1 61143
0 1 61144
0 1 61146
0 1 61149
0 1 61150
0 1 61154
0 1 61158
0 1 61160
0 1 61164
0 1 61165
0 1 61167
0 1 61168
0 1 61171
0 1 61174
0 1 61175
0 1 61178
0 1 61179
0 1 61180
0 1 61181
0 1 61188
0 1 61189
0 1 61193
0 1 61194
0 1 61200
0 1 61201
0 1 61203
0 1 61204
0 1 61206
0 1 61210
0 1 61212
0 1 61213
0 1 61214
0 1 61216
0 1 61219
0 1 61220
0 1 61222
0 1 61224
0 1 61230
0 1 61232
0 1 61233
0 1 61234
0 1 61235
0 1 61236
0 1 61237
0 1 61238
0 1 61239
0 1 61241
0 1 61242
0 1 61243
0 1 61246
0 1 61247
0 1 61250
0 1 61251
0 1 61252
0 1 61255
0 1 61257
0 1 61258
0 1 61261
0 1 61264
0 1 61265
0 1 61266
0 1 61267
0 1 61269
0 1 61272
0 1 61273
0 1 61274
0 1 61275
0 1 61276
0 1 61282
0 1 61283
0 1 61284
0 1 61291
0 1 61292
0 1 61293
0 1 61294
0 1 61298
0 1 61299
0 1 61300
0 1 61303
0 1 61304
0 1 61306
0 1 61311
0 1 61312
0 1 61313
0 1 61315
0 1 61316
0 1 61317
0 1 61319
0 1 61322
0 1 61325
0 1 61328
0 1 61329
0 1 61332
0 1 61334
0 1 61337
0 1 61340
0 1 61347
0 1 61349
0 1 61350
0 1 61353
0 1 61354
0 1 61356
0 1 61359
0 1 61360
0 1 61361
0 1 61362
0 1 61363
0 1 61365
0 1 61367
0 1 61370
0 1 61377
0 1 61378
0 1 61379
0 1 61386
0 1 61387
0 1 61388
0 1 61390
0 1 61391
0 1 61392
0 1 61395
0 1 61396
0 1 61399
0 1 61400
0 1 61402
0 1 61405
0 1 61407
0 1 61410
0 1 61412
0 1 61415
0 1 61417
0 1 61418
0 1 61419
0 1 61420
0 1 61424
0 1 61432
0 1 61437
0 1 61438
0 1 61439
0 1 61441
0 1 61442
0 1 61445
0 1 61446
0 1 61447
0 1 61449
0 1 61450
0 1 61452
0 1 61453
0 1 61457
0 1 61460
0 1 61463
0 1 61464
0 1 61466
0 1 61470
0 1 61473
0 1 61474
0 1 61476
0 1 61477
0 1 61478
0 1 61479
0 1 61480
0 1 61481
0 1 61485
0 1 61492
0 1 61495
0 1 61497
0 1 61501
0 1 61503
0 1 61506
0 1 61510
0 1 61511
0 1 61512
0 1 61514
0 1 61515
0 1 61526
0 1 61527
0 1 61528
0 1 61529
0 1 61531
0 1 61536
0 1 61538
0 1 61540
0 1 61541
0 1 61543
0 1 61545
0 1 61548
0 1 61549
0 1 61550
0 1 61551
0 1 61552
0 1 61553
0 1 61557
0 1 61558
0 1 61560
0 1 61563
0 1 61565
0 1 61566
0 1 61567
0 1 61571
0 1 61574
0 1 61575
0 1 61576
0 1 61577
0 1 61578
0 1 61579
0 1 61581
0 1 61583
0 1 61587
0 1 61596
0 1 61597
0 1 61600
0 1 61601
0 1 61602
0 1 61603
0 1 61604
0 1 61607
0 1 61609
0 1 61610
0 1 61611
0 1 61612
0 1 61614
0 1 61615
0 1 61617
0 1 61619
0 1 61620
0 1 61622
0 1 61623
0 1 61624
0 1 61625
0 1 61628
0 1 61629
0 1 61630
0 1 61637
0 1 61639
0 1 61644
0 1 61645
0 1 61647
0 1 61648
0 1 61652
0 1 61653
0 1 61656
0 1 61657
0 1 61658
0 1 61660
0 1 61664
0 1 61666
0 1 61669
0 1 61671
0 1 61673
0 1 61674
0 1 61675
0 1 61683
0 1 61684
0 1 61691
0 1 61692
0 1 61696
0 1 61698
0 1 61700
0 1 61701
0 1 61702
0 1 61703
0 1 61704
0 1 61705
0 1 61706
0 1 61707
0 1 61709
0 1 61710
0 1 61711
0 1 61713
0 1 61714
0 1 61715
0 1 61718
0 1 61723
0 1 61725
0 1 61726
0 1 61728
0 1 61729
0 1 61730
0 1 61731
0 1 61733
0 1 61734
0 1 61738
0 1 61740
0 1 61743
0 1 61744
0 1 61747
0 1 61748
0 1 61750
0 1 61751
0 1 61753
0 1 61755
0 1 61758
0 1 61759
0 1 61760
0 1 61761
0 1 61764
0 1 61767
0 1 61768
0 1 61770
0 1 61775
0 1 61776
0 1 61777
0 1 61779
0 1 61780
0 1 61781
0 1 61782
0 1 61786
0 1 61790
0 1 61793
0 1 61794
0 1 61795
0 1 61797
0 1 61798
0 1 61799
0 1 61800
0 1 61801
0 1 61802
0 1 61803
0 1 61804
0 1 61805
0 1 61807
0 1 61808
0 1 61809
0 1 61811
0 1 61812
0 1 61815
0 1 61817
0 1 61818
0 1 61819
0 1 61821
0 1 61822
0 1 61827
0 1 61828
0 1 61830
0 1 61832
0 1 61835
0 1 61838
0 1 61840
0 1 61847
0 1 61848
0 1 61851
0 1 61852
0 1 61853
0 1 61854
0 1 61856
0 1 61857
0 1 61859
0 1 61861
0 1 61862
0 1 61863
0 1 61864
0 1 61866
0 1 61867
0 1 61870
0 1 61872
0 1 61875
0 1 61878
0 1 61879
0 1 61880
0 1 61881
0 1 61883
0 1 61897
0 1 61898
0 1 61900
0 1 61902
0 1 61903
0 1 61905
0 1 61906
0 1 61908
0 1 61910
0 1 61913
0 1 61917
0 1 61918
0 1 61919
0 1 61923
0 1 61924
0 1 61926
0 1 61927
0 1 61929
0 1 61931
0 1 61932
0 1 61934
0 1 61937
0 1 61939
0 1 61944
0 1 61945
0 1 61948
0 1 61951
0 1 61952
0 1 61953
0 1 61954
0 1 61955
0 1 61957
0 1 61958
0 1 61959
0 1 61971
0 1 61972
0 1 61978
0 1 61980
0 1 61981
0 1 61984
0 1 61987
0 1 61988
0 1 61991
0 1 61992
0 1 61993
0 1 61995
0 1 61996
0 1 61997
0 1 61998
0 1 61999
0 1 62000
0 1 62004
0 1 62008
0 1 62012
0 1 62013
0 1 62017
0 1 62018
0 1 62021
0 1 62024
0 1 62026
0 1 62028
0 1 62029
0 1 62031
0 1 62033
0 1 62035
0 1 62037
0 1 62038
0 1 62040
0 1 62041
0 1 62042
0 1 62044
0 1 62047
0 1 62048
0 1 62050
0 1 62052
0 1 62053
0 1 62054
0 1 62057
0 1 62059
0 1 62065
0 1 62066
0 1 62071
0 1 62072
0 1 62074
0 1 62075
0 1 62080
0 1 62081
0 1 62083
0 1 62085
0 1 62086
0 1 62089
0 1 62090
0 1 62092
0 1 62093
0 1 62096
0 1 62097
0 1 62102
0 1 62105
0 1 62107
0 1 62109
0 1 62110
0 1 62115
0 1 62116
0 1 62117
0 1 62118
0 1 62119
0 1 62120
0 1 62123
0 1 62125
0 1 62128
0 1 62130
0 1 62132
0 1 62133
0 1 62134
0 1 62137
0 1 62140
0 1 62141
0 1 62144
0 1 62148
0 1 62149
0 1 62152
0 1 62153
0 1 62154
0 1 62156
0 1 62157
0 1 62158
0 1 62159
0 1 62160
0 1 62161
0 1 62162
0 1 62163
0 1 62164
0 1 62165
0 1 62170
0 1 62175
0 1 62177
0 1 62181
0 1 62182
0 1 62183
0 1 62184
0 1 62185
0 1 62186
0 1 62188
0 1 62191
0 1 62192
0 1 62193
0 1 62194
0 1 62195
0 1 62196
0 1 62198
0 1 62200
0 1 62201
0 1 62203
0 1 62205
0 1 62209
0 1 62211
0 1 62216
0 1 62218
0 1 62219
0 1 62221
0 1 62224
0 1 62225
0 1 62228
0 1 62229
0 1 62232
0 1 62233
0 1 62236
0 1 62238
0 1 62240
0 1 62243
0 1 62246
0 1 62248
0 1 62249
0 1 62250
0 1 62252
0 1 62255
0 1 62259
0 1 62264
0 1 62265
0 1 62269
0 1 62270
0 1 62271
0 1 62272
0 1 62275
0 1 62277
0 1 62278
0 1 62281
0 1 62282
0 1 62284
0 1 62286
0 1 62288
0 1 62289
0 1 62299
0 1 62300
0 1 62301
0 1 62303
0 1 62305
0 1 62306
0 1 62309
0 1 62312
0 1 62313
0 1 62318
0 1 62319
0 1 62320
0 1 62321
0 1 62323
0 1 62325
0 1 62326
0 1 62328
0 1 62329
0 1 62333
0 1 62335
0 1 62336
0 1 62339
0 1 62340
0 1 62341
0 1 62342
0 1 62343
0 1 62346
0 1 62347
0 1 62348
0 1 62350
0 1 62351
0 1 62352
0 1 62357
0 1 62358
0 1 62361
0 1 62364
0 1 62365
0 1 62366
0 1 62368
0 1 62369
0 1 62371
0 1 62376
0 1 62377
0 1 62378
0 1 62379
0 1 62383
0 1 62385
0 1 62389
0 1 62393
0 1 62399
0 1 62400
0 1 62403
0 1 62405
0 1 62407
0 1 62408
0 1 62409
0 1 62412
0 1 62413
0 1 62416
0 1 62417
0 1 62423
0 1 62425
0 1 62426
0 1 62427
0 1 62429
0 1 62430
0 1 62431
0 1 62435
0 1 62437
0 1 62438
0 1 62443
0 1 62446
0 1 62447
0 1 62448
0 1 62449
0 1 62450
0 1 62451
0 1 62453
0 1 62455
0 1 62457
0 1 62459
0 1 62460
0 1 62461
0 1 62462
0 1 62465
0 1 62466
0 1 62467
0 1 62469
0 1 62470
0 1 62471
0 1 62478
0 1 62479
0 1 62483
0 1 62485
0 1 62488
0 1 62492
0 1 62493
0 1 62496
0 1 62497
0 1 62499
0 1 62501
0 1 62502
0 1 62507
0 1 62509
0 1 62513
0 1 62516
0 1 62517
0 1 62522
0 1 62526
0 1 62530
0 1 62531
0 1 62534
0 1 62536
0 1 62537
0 1 62539
0 1 62542
0 1 62543
0 1 62549
0 1 62552
0 1 62553
0 1 62554
0 1 62555
0 1 62556
0 1 62557
0 1 62558
0 1 62560
0 1 62561
0 1 62563
0 1 62564
0 1 62565
0 1 62566
0 1 62567
0 1 62568
0 1 62569
0 1 62570
0 1 62572
0 1 62573
0 1 62574
0 1 62575
0 1 62576
0 1 62577
0 1 62578
0 1 62579
0 1 62580
0 1 62583
0 1 62584
0 1 62585
0 1 62588
0 1 62589
0 1 62594
0 1 62595
0 1 62599
0 1 62603
0 1 62606
0 1 62608
0 1 62612
0 1 62618
0 1 62622
0 1 62624
0 1 62626
0 1 62627
0 1 62630
0 1 62632
0 1 62634
0 1 62639
0 1 62640
0 1 62641
0 1 62644
0 1 62645
0 1 62647
0 1 62648
0 1 62649
0 1 62650
0 1 62651
0 1 62653
0 1 62656
0 1 62658
0 1 62659
0 1 62660
0 1 62661
0 1 62662
0 1 62663
0 1 62664
0 1 62666
0 1 62670
0 1 62671
0 1 62675
0 1 62676
0 1 62677
0 1 62679
0 1 62681
0 1 62682
0 1 62683
0 1 62685
0 1 62686
0 1 62693
0 1 62695
0 1 62696
0 1 62697
0 1 62698
0 1 62699
0 1 62706
0 1 62707
0 1 62708
0 1 62709
0 1 62710
0 1 62713
0 1 62714
0 1 62715
0 1 62717
0 1 62719
0 1 62721
0 1 62722
0 1 62723
0 1 62724
0 1 62729
0 1 62731
0 1 62732
0 1 62734
0 1 62735
0 1 62736
0 1 62738
0 1 62739
0 1 62740
0 1 62741
0 1 62742
0 1 62743
0 1 62745
0 1 62746
0 1 62748
0 1 62749
0 1 62752
0 1 62753
0 1 62755
0 1 62760
0 1 62761
0 1 62762
0 1 62764
0 1 62765
0 1 62768
0 1 62769
0 1 62770
0 1 62772
0 1 62774
0 1 62775
0 1 62778
0 1 62780
0 1 62782
0 1 62783
0 1 62784
0 1 62789
0 1 62793
0 1 62794
0 1 62799
0 1 62804
0 1 62805
0 1 62806
0 1 62807
0 1 62809
0 1 62814
0 1 62815
0 1 62819
0 1 62820
0 1 62822
0 1 62825
0 1 62830
0 1 62831
0 1 62832
0 1 62833
0 1 62835
0 1 62837
0 1 62838
0 1 62839
0 1 62847
0 1 62848
0 1 62849
0 1 62851
0 1 62853
0 1 62854
0 1 62858
0 1 62859
0 1 62860
0 1 62861
0 1 62862
0 1 62865
0 1 62866
0 1 62868
0 1 62870
0 1 62873
0 1 62877
0 1 62880
0 1 62881
0 1 62883
0 1 62889
0 1 62891
0 1 62893
0 1 62895
0 1 62897
0 1 62898
0 1 62899
0 1 62900
0 1 62904
0 1 62907
0 1 62908
0 1 62909
0 1 62910
0 1 62911
0 1 62913
0 1 62915
0 1 62916
0 1 62917
0 1 62920
0 1 62922
0 1 62923
0 1 62924
0 1 62925
0 1 62927
0 1 62928
0 1 62929
0 1 62932
0 1 62933
0 1 62937
0 1 62940
0 1 62941
0 1 62944
0 1 62951
0 1 62952
0 1 62954
0 1 62957
0 1 62959
0 1 62960
0 1 62963
0 1 62965
0 1 62967
0 1 62968
0 1 62969
0 1 62971
0 1 62972
0 1 62973
0 1 62974
0 1 62975
0 1 62976
0 1 62977
0 1 62980
0 1 62984
0 1 62990
0 1 62994
0 1 62995
0 1 62996
0 1 63001
0 1 63002
0 1 63003
0 1 63004
0 1 63005
0 1 63006
0 1 63007
0 1 63009
0 1 63010
0 1 63012
0 1 63014
0 1 63015
0 1 63016
0 1 63018
0 1 63019
0 1 63021
0 1 63023
0 1 63025
0 1 63026
0 1 63028
0 1 63029
0 1 63030
0 1 63031
0 1 63032
0 1 63034
0 1 63036
0 1 63038
0 1 63039
0 1 63040
0 1 63041
0 1 63043
0 1 63044
0 1 63045
0 1 63050
0 1 63055
0 1 63056
0 1 63060
0 1 63062
0 1 63065
0 1 63066
0 1 63067
0 1 63068
0 1 63071
0 1 63072
0 1 63073
0 1 63075
0 1 63077
0 1 63080
0 1 63081
0 1 63083
0 1 63085
0 1 63086
0 1 63091
0 1 63096
0 1 63101
0 1 63102
0 1 63103
0 1 63106
0 1 63108
0 1 63109
0 1 63114
0 1 63115
0 1 63116
0 1 63120
0 1 63125
0 1 63126
0 1 63127
0 1 63130
0 1 63132
0 1 63135
0 1 63142
0 1 63143
0 1 63144
0 1 63147
0 1 63148
0 1 63150
0 1 63152
0 1 63153
0 1 63154
0 1 63156
0 1 63159
0 1 63160
0 1 63162
0 1 63163
0 1 63167
0 1 63171
0 1 63174
0 1 63175
0 1 63179
0 1 63180
0 1 63181
0 1 63182
0 1 63186
0 1 63187
0 1 63190
0 1 63191
0 1 63197
0 1 63199
0 1 63200
0 1 63202
0 1 63204
0 1 63205
0 1 63207
0 1 63211
0 1 63213
0 1 63216
0 1 63225
0 1 63227
0 1 63230
0 1 63231
0 1 63233
0 1 63234
0 1 63235
0 1 63237
0 1 63238
0 1 63242
0 1 63248
0 1 63251
0 1 63252
0 1 63253
0 1 63254
0 1 63256
0 1 63257
0 1 63259
0 1 63260
0 1 63261
0 1 63264
0 1 63265
0 1 63266
0 1 63268
0 1 63275
0 1 63276
0 1 63277
0 1 63278
0 1 63279
0 1 63280
0 1 63282
0 1 63285
0 1 63286
0 1 63292
0 1 63294
0 1 63302
0 1 63303
0 1 63307
0 1 63309
0 1 63311
0 1 63312
0 1 63314
0 1 63315
0 1 63316
0 1 63318
0 1 63323
0 1 63325
0 1 63330
0 1 63331
0 1 63333
0 1 63342
0 1 63345
0 1 63346
0 1 63350
0 1 63352
0 1 63355
0 1 63356
0 1 63357
0 1 63359
0 1 63360
0 1 63362
0 1 63363
0 1 63364
0 1 63368
0 1 63369
0 1 63370
0 1 63371
0 1 63372
0 1 63373
0 1 63374
0 1 63375
0 1 63376
0 1 63378
0 1 63379
0 1 63382
0 1 63383
0 1 63384
0 1 63385
0 1 63386
0 1 63387
0 1 63389
0 1 63391
0 1 63392
0 1 63395
0 1 63396
0 1 63398
0 1 63400
0 1 63401
0 1 63405
0 1 63406
0 1 63409
0 1 63410
0 1 63419
0 1 63420
0 1 63421
0 1 63422
0 1 63425
0 1 63427
0 1 63428
0 1 63430
0 1 63434
0 1 63436
0 1 63438
0 1 63441
0 1 63442
0 1 63443
0 1 63445
0 1 63447
0 1 63451
0 1 63456
0 1 63457
0 1 63460
0 1 63461
0 1 63462
0 1 63463
0 1 63465
0 1 63468
0 1 63469
0 1 63472
0 1 63475
0 1 63476
0 1 63477
0 1 63478
0 1 63479
0 1 63480
0 1 63482
0 1 63484
0 1 63485
0 1 63486
0 1 63487
0 1 63490
0 1 63491
0 1 63496
0 1 63497
0 1 63501
0 1 63504
0 1 63506
0 1 63508
0 1 63509
0 1 63513
0 1 63516
0 1 63520
0 1 63521
0 1 63523
0 1 63524
0 1 63526
0 1 63529
0 1 63532
0 1 63534
0 1 63535
0 1 63539
0 1 63541
0 1 63542
0 1 63543
0 1 63545
0 1 63546
0 1 63547
0 1 63550
0 1 63553
0 1 63554
0 1 63555
0 1 63558
0 1 63560
0 1 63561
0 1 63563
0 1 63564
0 1 63566
0 1 63567
0 1 63568
0 1 63569
0 1 63570
0 1 63571
0 1 63572
0 1 63581
0 1 63585
0 1 63587
0 1 63588
0 1 63589
0 1 63590
0 1 63592
0 1 63594
0 1 63595
0 1 63596
0 1 63597
0 1 63599
0 1 63602
0 1 63603
0 1 63604
0 1 63607
0 1 63609
0 1 63614
0 1 63617
0 1 63624
0 1 63630
0 1 63631
0 1 63633
0 1 63634
0 1 63637
0 1 63638
0 1 63641
0 1 63642
0 1 63643
0 1 63647
0 1 63649
0 1 63653
0 1 63656
0 1 63660
0 1 63666
0 1 63668
0 1 63669
0 1 63672
0 1 63678
0 1 63679
0 1 63681
0 1 63682
0 1 63686
0 1 63687
0 1 63688
0 1 63690
0 1 63692
0 1 63695
0 1 63697
0 1 63699
0 1 63709
0 1 63712
0 1 63714
0 1 63716
0 1 63717
0 1 63718
0 1 63720
0 1 63722
0 1 63724
0 1 63727
0 1 63728
0 1 63731
0 1 63732
0 1 63733
0 1 63734
0 1 63740
0 1 63741
0 1 63742
0 1 63744
0 1 63745
0 1 63750
0 1 63752
0 1 63753
0 1 63754
0 1 63756
0 1 63757
0 1 63759
0 1 63762
0 1 63763
0 1 63764
0 1 63765
0 1 63766
0 1 63767
0 1 63772
0 1 63773
0 1 63774
0 1 63775
0 1 63779
0 1 63791
0 1 63792
0 1 63794
0 1 63796
0 1 63798
0 1 63803
0 1 63810
0 1 63811
0 1 63812
0 1 63814
0 1 63816
0 1 63818
0 1 63819
0 1 63822
0 1 63823
0 1 63825
0 1 63828
0 1 63829
0 1 63831
0 1 63834
0 1 63835
0 1 63838
0 1 63842
0 1 63843
0 1 63845
0 1 63846
0 1 63847
0 1 63857
0 1 63858
0 1 63860
0 1 63864
0 1 63865
0 1 63866
0 1 63868
0 1 63869
0 1 63870
0 1 63871
0 1 63874
0 1 63875
0 1 63876
0 1 63877
0 1 63880
0 1 63882
0 1 63885
0 1 63886
0 1 63887
0 1 63888
0 1 63889
0 1 63892
0 1 63893
0 1 63894
0 1 63895
0 1 63897
0 1 63902
0 1 63906
0 1 63909
0 1 63911
0 1 63912
0 1 63913
0 1 63918
0 1 63919
0 1 63922
0 1 63923
0 1 63925
0 1 63927
0 1 63928
0 1 63930
0 1 63936
0 1 63938
0 1 63940
0 1 63943
0 1 63944
0 1 63945
0 1 63948
0 1 63950
0 1 63951
0 1 63953
0 1 63954
0 1 63955
0 1 63959
0 1 63960
0 1 63962
0 1 63963
0 1 63964
0 1 63966
0 1 63972
0 1 63976
0 1 63977
0 1 63978
0 1 63981
0 1 63984
0 1 63988
0 1 63990
0 1 63997
0 1 63999
0 1 64000
0 1 64001
0 1 64004
0 1 64005
0 1 64006
0 1 64007
0 1 64008
0 1 64011
0 1 64013
0 1 64015
0 1 64016
0 1 64018
0 1 64019
0 1 64020
0 1 64021
0 1 64023
0 1 64024
0 1 64026
0 1 64028
0 1 64029
0 1 64030
0 1 64033
0 1 64037
0 1 64038
0 1 64039
0 1 64041
0 1 64042
0 1 64043
0 1 64044
0 1 64047
0 1 64048
0 1 64051
0 1 64052
0 1 64055
0 1 64056
0 1 64058
0 1 64060
0 1 64062
0 1 64065
0 1 64067
0 1 64068
0 1 64073
0 1 64074
0 1 64075
0 1 64078
0 1 64083
0 1 64084
0 1 64086
0 1 64089
0 1 64090
0 1 64092
0 1 64094
0 1 64095
0 1 64096
0 1 64097
0 1 64099
0 1 64101
0 1 64102
0 1 64103
0 1 64108
0 1 64109
0 1 64110
0 1 64111
0 1 64112
0 1 64115
0 1 64119
0 1 64125
0 1 64127
0 1 64128
0 1 64129
0 1 64131
0 1 64134
0 1 64136
0 1 64138
0 1 64140
0 1 64143
0 1 64145
0 1 64149
0 1 64150
0 1 64151
0 1 64153
0 1 64155
0 1 64161
0 1 64166
0 1 64167
0 1 64169
0 1 64170
0 1 64171
0 1 64174
0 1 64175
0 1 64176
0 1 64177
0 1 64178
0 1 64179
0 1 64180
0 1 64182
0 1 64184
0 1 64185
0 1 64186
0 1 64187
0 1 64191
0 1 64195
0 1 64197
0 1 64199
0 1 64200
0 1 64205
0 1 64206
0 1 64208
0 1 64212
0 1 64214
0 1 64215
0 1 64220
0 1 64222
0 1 64226
0 1 64230
0 1 64231
0 1 64232
0 1 64234
0 1 64237
0 1 64238
0 1 64239
0 1 64241
0 1 64245
0 1 64248
0 1 64250
0 1 64251
0 1 64252
0 1 64255
0 1 64256
0 1 64258
0 1 64260
0 1 64261
0 1 64263
0 1 64264
0 1 64267
0 1 64269
0 1 64271
0 1 64273
0 1 64274
0 1 64277
0 1 64279
0 1 64280
0 1 64288
0 1 64289
0 1 64290
0 1 64291
0 1 64292
0 1 64293
0 1 64299
0 1 64300
0 1 64301
0 1 64302
0 1 64304
0 1 64308
0 1 64310
0 1 64311
0 1 64312
0 1 64316
0 1 64317
0 1 64318
0 1 64325
0 1 64328
0 1 64329
0 1 64331
0 1 64333
0 1 64340
0 1 64341
0 1 64342
0 1 64343
0 1 64344
0 1 64345
0 1 64348
0 1 64349
0 1 64351
0 1 64352
0 1 64354
0 1 64358
0 1 64359
0 1 64360
0 1 64363
0 1 64364
0 1 64366
0 1 64368
0 1 64369
0 1 64371
0 1 64372
0 1 64374
0 1 64375
0 1 64376
0 1 64377
0 1 64378
0 1 64380
0 1 64381
0 1 64383
0 1 64384
0 1 64390
0 1 64391
0 1 64394
0 1 64395
0 1 64396
0 1 64400
0 1 64401
0 1 64403
0 1 64404
0 1 64405
0 1 64407
0 1 64409
0 1 64412
0 1 64415
0 1 64423
0 1 64425
0 1 64427
0 1 64428
0 1 64429
0 1 64430
0 1 64433
0 1 64435
0 1 64436
0 1 64437
0 1 64440
0 1 64441
0 1 64442
0 1 64443
0 1 64445
0 1 64446
0 1 64447
0 1 64448
0 1 64450
0 1 64457
0 1 64459
0 1 64461
0 1 64462
0 1 64464
0 1 64465
0 1 64468
0 1 64470
0 1 64473
0 1 64475
0 1 64476
0 1 64483
0 1 64484
0 1 64485
0 1 64486
0 1 64487
0 1 64488
0 1 64489
0 1 64491
0 1 64492
0 1 64493
0 1 64494
0 1 64495
0 1 64496
0 1 64500
0 1 64501
0 1 64502
0 1 64504
0 1 64506
0 1 64507
0 1 64508
0 1 64509
0 1 64510
0 1 64513
0 1 64518
0 1 64519
0 1 64520
0 1 64522
0 1 64524
0 1 64525
0 1 64527
0 1 64528
0 1 64529
0 1 64530
0 1 64532
0 1 64537
0 1 64540
0 1 64542
0 1 64544
0 1 64546
0 1 64549
0 1 64550
0 1 64551
0 1 64552
0 1 64557
0 1 64561
0 1 64563
0 1 64564
0 1 64566
0 1 64567
0 1 64568
0 1 64569
0 1 64570
0 1 64572
0 1 64574
0 1 64576
0 1 64577
0 1 64580
0 1 64589
0 1 64591
0 1 64592
0 1 64594
0 1 64596
0 1 64597
0 1 64598
0 1 64603
0 1 64604
0 1 64605
0 1 64609
0 1 64610
0 1 64611
0 1 64615
0 1 64618
0 1 64620
0 1 64621
0 1 64622
0 1 64623
0 1 64625
0 1 64627
0 1 64629
0 1 64630
0 1 64631
0 1 64637
0 1 64638
0 1 64640
0 1 64642
0 1 64644
0 1 64648
0 1 64651
0 1 64653
0 1 64657
0 1 64658
0 1 64661
0 1 64663
0 1 64665
0 1 64668
0 1 64670
0 1 64671
0 1 64673
0 1 64674
0 1 64675
0 1 64678
0 1 64681
0 1 64682
0 1 64683
0 1 64687
0 1 64689
0 1 64690
0 1 64694
0 1 64695
0 1 64696
0 1 64697
0 1 64699
0 1 64702
0 1 64706
0 1 64708
0 1 64714
0 1 64715
0 1 64716
0 1 64718
0 1 64720
0 1 64724
0 1 64728
0 1 64729
0 1 64730
0 1 64731
0 1 64734
0 1 64735
0 1 64736
0 1 64737
0 1 64738
0 1 64740
0 1 64741
0 1 64742
0 1 64748
0 1 64751
0 1 64753
0 1 64754
0 1 64755
0 1 64758
0 1 64759
0 1 64761
0 1 64765
0 1 64766
0 1 64767
0 1 64768
0 1 64769
0 1 64774
0 1 64775
0 1 64777
0 1 64779
0 1 64782
0 1 64783
0 1 64785
0 1 64786
0 1 64789
0 1 64792
0 1 64793
0 1 64794
0 1 64802
0 1 64804
0 1 64806
0 1 64807
0 1 64810
0 1 64811
0 1 64812
0 1 64814
0 1 64816
0 1 64817
0 1 64819
0 1 64822
0 1 64823
0 1 64824
0 1 64825
0 1 64826
0 1 64827
0 1 64829
0 1 64831
0 1 64834
0 1 64836
0 1 64838
0 1 64842
0 1 64844
0 1 64845
0 1 64846
0 1 64847
0 1 64848
0 1 64849
0 1 64850
0 1 64851
0 1 64852
0 1 64854
0 1 64855
0 1 64858
0 1 64859
0 1 64863
0 1 64864
0 1 64867
0 1 64868
0 1 64872
0 1 64873
0 1 64874
0 1 64877
0 1 64879
0 1 64885
0 1 64886
0 1 64887
0 1 64888
0 1 64895
0 1 64902
0 1 64903
0 1 64905
0 1 64906
0 1 64907
0 1 64909
0 1 64911
0 1 64912
0 1 64913
0 1 64914
0 1 64915
0 1 64917
0 1 64918
0 1 64919
0 1 64921
0 1 64927
0 1 64929
0 1 64931
0 1 64932
0 1 64933
0 1 64937
0 1 64938
0 1 64939
0 1 64942
0 1 64947
0 1 64952
0 1 64956
0 1 64957
0 1 64958
0 1 64961
0 1 64962
0 1 64963
0 1 64964
0 1 64966
0 1 64969
0 1 64970
0 1 64973
0 1 64975
0 1 64981
0 1 64983
0 1 64984
0 1 64987
0 1 64990
0 1 64991
0 1 64992
0 1 64993
0 1 64995
0 1 64996
0 1 64998
0 1 64999
0 1 65001
0 1 65004
0 1 65005
0 1 65006
0 1 65007
0 1 65009
0 1 65010
0 1 65011
0 1 65015
0 1 65017
0 1 65021
0 1 65022
0 1 65023
0 1 65025
0 1 65026
0 1 65028
0 1 65029
0 1 65030
0 1 65031
0 1 65032
0 1 65040
0 1 65042
0 1 65043
0 1 65044
0 1 65046
0 1 65047
0 1 65049
0 1 65053
0 1 65054
0 1 65055
0 1 65057
0 1 65060
0 1 65061
0 1 65064
0 1 65066
0 1 65068
0 1 65069
0 1 65070
0 1 65071
0 1 65072
0 1 65073
0 1 65074
0 1 65075
0 1 65078
0 1 65079
0 1 65082
0 1 65083
0 1 65085
0 1 65087
0 1 65088
0 1 65089
0 1 65090
0 1 65091
0 1 65093
0 1 65095
0 1 65098
0 1 65099
0 1 65100
0 1 65104
0 1 65107
0 1 65109
0 1 65111
0 1 65113
0 1 65115
0 1 65116
0 1 65119
0 1 65120
0 1 65122
0 1 65123
0 1 65125
0 1 65126
0 1 65129
0 1 65131
0 1 65132
0 1 65133
0 1 65138
0 1 65140
0 1 65141
0 1 65142
0 1 65145
0 1 65147
0 1 65149
0 1 65152
0 1 65153
0 1 65162
0 1 65166
0 1 65167
0 1 65168
0 1 65170
0 1 65171
0 1 65173
0 1 65175
0 1 65180
0 1 65182
0 1 65183
0 1 65184
0 1 65185
0 1 65188
0 1 65190
0 1 65191
0 1 65193
0 1 65194
0 1 65196
0 1 65197
0 1 65198
0 1 65200
0 1 65201
0 1 65202
0 1 65204
0 1 65205
0 1 65207
0 1 65209
0 1 65210
0 1 65212
0 1 65213
0 1 65214
0 1 65215
0 1 65218
0 1 65224
0 1 65225
0 1 65227
0 1 65230
0 1 65233
0 1 65235
0 1 65238
0 1 65241
0 1 65244
0 1 65246
0 1 65247
0 1 65249
0 1 65250
0 1 65252
0 1 65257
0 1 65258
0 1 65259
0 1 65262
0 1 65265
0 1 65266
0 1 65267
0 1 65268
0 1 65269
0 1 65271
0 1 65273
0 1 65274
0 1 65275
0 1 65276
0 1 65277
0 1 65278
0 1 65281
0 1 65282
0 1 65284
0 1 65287
0 1 65289
0 1 65293
0 1 65295
0 1 65296
0 1 65298
0 1 65299
0 1 65302
0 1 65303
0 1 65304
0 1 65306
0 1 65307
0 1 65308
0 1 65313
0 1 65314
0 1 65315
0 1 65316
0 1 65319
0 1 65321
0 1 65322
0 1 65323
0 1 65325
0 1 65326
0 1 65328
0 1 65331
0 1 65332
0 1 65334
0 1 65338
0 1 65341
0 1 65342
0 1 65348
0 1 65349
0 1 65352
0 1 65353
0 1 65354
0 1 65357
0 1 65358
0 1 65360
0 1 65365
0 1 65371
0 1 65372
0 1 65374
0 1 65376
0 1 65384
0 1 65386
0 1 65388
0 1 65390
0 1 65392
0 1 65393
0 1 65395
0 1 65397
0 1 65402
0 1 65403
0 1 65404
0 1 65407
0 1 65408
0 1 65409
0 1 65411
0 1 65413
0 1 65415
0 1 65417
0 1 65418
0 1 65424
0 1 65425
0 1 65426
0 1 65433
0 1 65436
0 1 65440
0 1 65446
0 1 65448
0 1 65450
0 1 65451
0 1 65452
0 1 65453
0 1 65454
0 1 65455
0 1 65456
0 1 65458
0 1 65459
0 1 65460
0 1 65461
0 1 65462
0 1 65465
0 1 65468
0 1 65469
0 1 65470
0 1 65472
0 1 65473
0 1 65476
0 1 65480
0 1 65481
0 1 65482
0 1 65483
0 1 65485
0 1 65486
0 1 65487
0 1 65488
0 1 65490
0 1 65491
0 1 65492
0 1 65493
0 1 65494
0 1 65495
0 1 65496
0 1 65499
0 1 65501
0 1 65504
0 1 65505
0 1 65507
0 1 65509
0 1 65510
0 1 65512
0 1 65513
0 1 65514
0 1 65517
0 1 65518
0 1 65519
0 1 65520
0 1 65521
0 1 65523
0 1 65526
0 1 65530
0 1 65535
0 1 65536
0 1 65537
0 1 65538
0 1 65540
0 1 65541
0 1 65542
0 1 65543
0 1 65544
0 1 65545
0 1 65547
0 1 65548
0 1 65549
0 1 65550
0 1 65551
0 1 65552
0 1 65553
0 1 65554
0 1 65556
0 1 65558
0 1 65559
0 1 65562
0 1 65563
0 1 65564
0 1 65566
0 1 65567
0 1 65570
0 1 65574
0 1 65577
0 1 65578
0 1 65579
0 1 65582
0 1 65583
0 1 65585
0 1 65586
0 1 65589
0 1 65590
0 1 65592
0 1 65595
0 1 65596
0 1 65599
0 1 65600
0 1 65601
0 1 65602
0 1 65607
0 1 65609
0 1 65611
0 1 65617
0 1 65618
0 1 65620
0 1 65621
0 1 65622
0 1 65623
0 1 65624
0 1 65628
0 1 65630
0 1 65633
0 1 65635
0 1 65636
0 1 65638
0 1 65639
0 1 65640
0 1 65641
0 1 65642
0 1 65644
0 1 65645
0 1 65649
0 1 65650
0 1 65651
0 1 65655
0 1 65656
0 1 65657
0 1 65658
0 1 65659
0 1 65664
0 1 65667
0 1 65671
0 1 65674
0 1 65675
0 1 65676
0 1 65677
0 1 65679
0 1 65681
0 1 65683
0 1 65687
0 1 65693
0 1 65695
0 1 65696
0 1 65698
0 1 65699
0 1 65703
0 1 65704
0 1 65705
0 1 65706
0 1 65707
0 1 65710
0 1 65714
0 1 65716
0 1 65718
0 1 65721
0 1 65726
0 1 65728
0 1 65729
0 1 65730
0 1 65731
0 1 65732
0 1 65733
0 1 65736
0 1 65740
0 1 65741
0 1 65743
0 1 65744
0 1 65746
0 1 65748
0 1 65750
0 1 65751
0 1 65753
0 1 65756
0 1 65757
0 1 65764
0 1 65765
0 1 65767
0 1 65768
0 1 65769
0 1 65770
0 1 65771
0 1 65774
0 1 65776
0 1 65777
0 1 65778
0 1 65779
0 1 65781
0 1 65784
0 1 65787
0 1 65788
0 1 65789
0 1 65790
0 1 65791
0 1 65793
0 1 65795
0 1 65799
0 1 65800
0 1 65802
0 1 65803
0 1 65808
0 1 65809
0 1 65811
0 1 65812
0 1 65813
0 1 65814
0 1 65818
0 1 65819
0 1 65821
0 1 65822
0 1 65823
0 1 65825
0 1 65827
0 1 65828
0 1 65829
0 1 65830
0 1 65831
0 1 65837
0 1 65838
0 1 65839
0 1 65840
0 1 65842
0 1 65846
0 1 65847
0 1 65849
0 1 65851
0 1 65854
0 1 65855
0 1 65856
0 1 65859
0 1 65862
0 1 65865
0 1 65867
0 1 65870
0 1 65871
0 1 65880
0 1 65881
0 1 65884
0 1 65885
0 1 65887
0 1 65888
0 1 65891
0 1 65893
0 1 65896
0 1 65897
0 1 65899
0 1 65906
0 1 65909
0 1 65911
0 1 65915
0 1 65918
0 1 65923
0 1 65927
0 1 65933
0 1 65939
0 1 65941
0 1 65947
0 1 65948
0 1 65951
0 1 65957
0 1 65959
0 1 65960
0 1 65962
0 1 65965
0 1 65966
0 1 65968
0 1 65974
0 1 65980
0 1 65982
0 1 65983
0 1 65986
0 1 65987
0 1 65988
0 1 65990
0 1 65991
0 1 65993
0 1 65994
0 1 65995
0 1 65999
0 1 66006
0 1 66007
0 1 66008
0 1 66009
0 1 66010
0 1 66012
0 1 66013
0 1 66015
0 1 66020
0 1 66021
0 1 66024
0 1 66028
0 1 66030
0 1 66031
0 1 66032
0 1 66034
0 1 66035
0 1 66039
0 1 66046
0 1 66049
0 1 66050
0 1 66052
0 1 66053
0 1 66054
0 1 66055
0 1 66057
0 1 66059
0 1 66060
0 1 66062
0 1 66063
0 1 66069
0 1 66071
0 1 66073
0 1 66074
0 1 66075
0 1 66079
0 1 66080
0 1 66084
0 1 66088
0 1 66089
0 1 66090
0 1 66091
0 1 66093
0 1 66099
0 1 66100
0 1 66102
0 1 66103
0 1 66105
0 1 66109
0 1 66110
0 1 66111
0 1 66112
0 1 66113
0 1 66115
0 1 66116
0 1 66117
0 1 66120
0 1 66121
0 1 66124
0 1 66126
0 1 66127
0 1 66130
0 1 66132
0 1 66133
0 1 66135
0 1 66136
0 1 66139
0 1 66140
0 1 66141
0 1 66142
0 1 66144
0 1 66146
0 1 66147
0 1 66148
0 1 66150
0 1 66155
0 1 66159
0 1 66163
0 1 66169
0 1 66172
0 1 66179
0 1 66183
0 1 66184
0 1 66185
0 1 66186
0 1 66188
0 1 66189
0 1 66192
0 1 66195
0 1 66196
0 1 66197
0 1 66202
0 1 66203
0 1 66204
0 1 66206
0 1 66207
0 1 66208
0 1 66209
0 1 66210
0 1 66213
0 1 66215
0 1 66217
0 1 66218
0 1 66219
0 1 66220
0 1 66223
0 1 66224
0 1 66226
0 1 66227
0 1 66228
0 1 66230
0 1 66231
0 1 66232
0 1 66234
0 1 66235
0 1 66237
0 1 66238
0 1 66239
0 1 66241
0 1 66242
0 1 66243
0 1 66244
0 1 66246
0 1 66249
0 1 66250
0 1 66253
0 1 66256
0 1 66258
0 1 66260
0 1 66261
0 1 66263
0 1 66264
0 1 66265
0 1 66266
0 1 66267
0 1 66268
0 1 66269
0 1 66272
0 1 66273
0 1 66275
0 1 66277
0 1 66278
0 1 66283
0 1 66284
0 1 66285
0 1 66286
0 1 66288
0 1 66289
0 1 66292
0 1 66293
0 1 66296
0 1 66297
0 1 66298
0 1 66303
0 1 66305
0 1 66307
0 1 66310
0 1 66311
0 1 66317
0 1 66318
0 1 66319
0 1 66322
0 1 66323
0 1 66324
0 1 66325
0 1 66327
0 1 66328
0 1 66329
0 1 66331
0 1 66334
0 1 66335
0 1 66339
0 1 66343
0 1 66345
0 1 66346
0 1 66347
0 1 66348
0 1 66349
0 1 66352
0 1 66355
0 1 66356
0 1 66357
0 1 66358
0 1 66359
0 1 66360
0 1 66363
0 1 66364
0 1 66369
0 1 66370
0 1 66372
0 1 66373
0 1 66374
0 1 66376
0 1 66377
0 1 66380
0 1 66383
0 1 66384
0 1 66387
0 1 66388
0 1 66389
0 1 66391
0 1 66393
0 1 66396
0 1 66398
0 1 66399
0 1 66400
0 1 66401
0 1 66402
0 1 66403
0 1 66406
0 1 66409
0 1 66411
0 1 66413
0 1 66415
0 1 66417
0 1 66419
0 1 66420
0 1 66421
0 1 66422
0 1 66425
0 1 66426
0 1 66427
0 1 66429
0 1 66432
0 1 66433
0 1 66435
0 1 66439
0 1 66440
0 1 66441
0 1 66444
0 1 66445
0 1 66446
0 1 66448
0 1 66455
0 1 66459
0 1 66462
0 1 66465
0 1 66466
0 1 66467
0 1 66469
0 1 66470
0 1 66472
0 1 66474
0 1 66475
0 1 66476
0 1 66477
0 1 66481
0 1 66482
0 1 66484
0 1 66485
0 1 66487
0 1 66489
0 1 66490
0 1 66491
0 1 66492
0 1 66495
0 1 66497
0 1 66498
0 1 66499
0 1 66502
0 1 66504
0 1 66505
0 1 66508
0 1 66509
0 1 66512
0 1 66514
0 1 66522
0 1 66523
0 1 66525
0 1 66526
0 1 66527
0 1 66530
0 1 66532
0 1 66533
0 1 66536
0 1 66537
0 1 66538
0 1 66539
0 1 66541
0 1 66542
0 1 66543
0 1 66544
0 1 66545
0 1 66546
0 1 66547
0 1 66548
0 1 66549
0 1 66550
0 1 66553
0 1 66554
0 1 66557
0 1 66563
0 1 66564
0 1 66565
0 1 66566
0 1 66569
0 1 66571
0 1 66573
0 1 66574
0 1 66575
0 1 66578
0 1 66579
0 1 66580
0 1 66584
0 1 66587
0 1 66589
0 1 66590
0 1 66592
0 1 66593
0 1 66594
0 1 66596
0 1 66601
0 1 66604
0 1 66614
0 1 66615
0 1 66616
0 1 66619
0 1 66622
0 1 66624
0 1 66629
0 1 66631
0 1 66632
0 1 66633
0 1 66634
0 1 66635
0 1 66636
0 1 66641
0 1 66642
0 1 66643
0 1 66644
0 1 66645
0 1 66646
0 1 66647
0 1 66648
0 1 66649
0 1 66650
0 1 66655
0 1 66658
0 1 66660
0 1 66661
0 1 66662
0 1 66663
0 1 66664
0 1 66666
0 1 66667
0 1 66668
0 1 66674
0 1 66678
0 1 66681
0 1 66682
0 1 66683
0 1 66690
0 1 66696
0 1 66700
0 1 66702
0 1 66704
0 1 66705
0 1 66708
0 1 66710
0 1 66712
0 1 66716
0 1 66719
0 1 66721
0 1 66722
0 1 66724
0 1 66726
0 1 66727
0 1 66734
0 1 66735
0 1 66737
0 1 66739
0 1 66741
0 1 66742
0 1 66743
0 1 66746
0 1 66747
0 1 66748
0 1 66749
0 1 66752
0 1 66755
0 1 66756
0 1 66757
0 1 66758
0 1 66759
0 1 66761
0 1 66762
0 1 66763
0 1 66764
0 1 66766
0 1 66767
0 1 66768
0 1 66769
0 1 66770
0 1 66771
0 1 66772
0 1 66774
0 1 66775
0 1 66776
0 1 66777
0 1 66781
0 1 66785
0 1 66787
0 1 66790
0 1 66793
0 1 66794
0 1 66795
0 1 66796
0 1 66804
0 1 66805
0 1 66806
0 1 66808
0 1 66809
0 1 66810
0 1 66811
0 1 66812
0 1 66816
0 1 66818
0 1 66819
0 1 66821
0 1 66822
0 1 66823
0 1 66827
0 1 66828
0 1 66829
0 1 66830
0 1 66833
0 1 66835
0 1 66837
0 1 66838
0 1 66839
0 1 66843
0 1 66844
0 1 66845
0 1 66846
0 1 66852
0 1 66853
0 1 66854
0 1 66855
0 1 66858
0 1 66860
0 1 66868
0 1 66869
0 1 66871
0 1 66872
0 1 66873
0 1 66874
0 1 66875
0 1 66877
0 1 66878
0 1 66879
0 1 66883
0 1 66885
0 1 66886
0 1 66887
0 1 66889
0 1 66890
0 1 66891
0 1 66896
0 1 66898
0 1 66901
0 1 66902
0 1 66903
0 1 66904
0 1 66905
0 1 66907
0 1 66908
0 1 66909
0 1 66912
0 1 66913
0 1 66917
0 1 66918
0 1 66920
0 1 66921
0 1 66922
0 1 66923
0 1 66924
0 1 66926
0 1 66929
0 1 66930
0 1 66937
0 1 66938
0 1 66941
0 1 66942
0 1 66944
0 1 66945
0 1 66948
0 1 66949
0 1 66951
0 1 66953
0 1 66954
0 1 66956
0 1 66958
0 1 66959
0 1 66966
0 1 66967
0 1 66970
0 1 66973
0 1 66974
0 1 66976
0 1 66980
0 1 66981
0 1 66982
0 1 66984
0 1 66987
0 1 66988
0 1 66990
0 1 66993
0 1 66998
0 1 67000
0 1 67003
0 1 67004
0 1 67006
0 1 67009
0 1 67012
0 1 67017
0 1 67019
0 1 67020
0 1 67022
0 1 67023
0 1 67026
0 1 67027
0 1 67030
0 1 67035
0 1 67036
0 1 67037
0 1 67038
0 1 67040
0 1 67042
0 1 67043
0 1 67048
0 1 67050
0 1 67051
0 1 67052
0 1 67055
0 1 67057
0 1 67059
0 1 67060
0 1 67062
0 1 67064
0 1 67065
0 1 67068
0 1 67070
0 1 67071
0 1 67073
0 1 67075
0 1 67076
0 1 67077
0 1 67078
0 1 67079
0 1 67081
0 1 67083
0 1 67084
0 1 67085
0 1 67087
0 1 67088
0 1 67089
0 1 67091
0 1 67093
0 1 67095
0 1 67097
0 1 67098
0 1 67099
0 1 67100
0 1 67101
0 1 67107
0 1 67110
0 1 67111
0 1 67113
0 1 67114
0 1 67118
0 1 67120
0 1 67121
0 1 67124
0 1 67125
0 1 67126
0 1 67127
0 1 67128
0 1 67129
0 1 67134
0 1 67135
0 1 67136
0 1 67137
0 1 67138
0 1 67140
0 1 67141
0 1 67143
0 1 67145
0 1 67146
0 1 67148
0 1 67149
0 1 67151
0 1 67153
0 1 67156
0 1 67157
0 1 67158
0 1 67160
0 1 67163
0 1 67166
0 1 67169
0 1 67170
0 1 67172
0 1 67173
0 1 67174
0 1 67175
0 1 67179
0 1 67181
0 1 67182
0 1 67183
0 1 67184
0 1 67190
0 1 67193
0 1 67195
0 1 67196
0 1 67198
0 1 67200
0 1 67201
0 1 67206
0 1 67208
0 1 67209
0 1 67210
0 1 67214
0 1 67216
0 1 67217
0 1 67221
0 1 67227
0 1 67229
0 1 67232
0 1 67235
0 1 67236
0 1 67237
0 1 67240
0 1 67243
0 1 67245
0 1 67247
0 1 67249
0 1 67250
0 1 67251
0 1 67252
0 1 67253
0 1 67254
0 1 67256
0 1 67257
0 1 67258
0 1 67259
0 1 67260
0 1 67262
0 1 67263
0 1 67268
0 1 67270
0 1 67271
0 1 67274
0 1 67276
0 1 67277
0 1 67279
0 1 67280
0 1 67282
0 1 67283
0 1 67286
0 1 67287
0 1 67289
0 1 67290
0 1 67291
0 1 67293
0 1 67294
0 1 67301
0 1 67303
0 1 67304
0 1 67305
0 1 67306
0 1 67308
0 1 67314
0 1 67315
0 1 67317
0 1 67318
0 1 67319
0 1 67320
0 1 67323
0 1 67324
0 1 67325
0 1 67326
0 1 67327
0 1 67332
0 1 67333
0 1 67335
0 1 67336
0 1 67337
0 1 67339
0 1 67341
0 1 67343
0 1 67350
0 1 67351
0 1 67352
0 1 67355
0 1 67358
0 1 67360
0 1 67361
0 1 67363
0 1 67364
0 1 67365
0 1 67367
0 1 67369
0 1 67370
0 1 67371
0 1 67375
0 1 67377
0 1 67378
0 1 67381
0 1 67382
0 1 67383
0 1 67384
0 1 67385
0 1 67388
0 1 67390
0 1 67391
0 1 67394
0 1 67396
0 1 67398
0 1 67399
0 1 67402
0 1 67407
0 1 67408
0 1 67409
0 1 67411
0 1 67412
0 1 67413
0 1 67415
0 1 67416
0 1 67417
0 1 67418
0 1 67419
0 1 67421
0 1 67422
0 1 67424
0 1 67425
0 1 67426
0 1 67427
0 1 67428
0 1 67429
0 1 67432
0 1 67433
0 1 67434
0 1 67435
0 1 67438
0 1 67443
0 1 67446
0 1 67447
0 1 67450
0 1 67451
0 1 67454
0 1 67456
0 1 67457
0 1 67459
0 1 67460
0 1 67464
0 1 67466
0 1 67467
0 1 67468
0 1 67470
0 1 67477
0 1 67480
0 1 67484
0 1 67485
0 1 67486
0 1 67487
0 1 67488
0 1 67489
0 1 67490
0 1 67492
0 1 67494
0 1 67495
0 1 67497
0 1 67498
0 1 67499
0 1 67501
0 1 67502
0 1 67503
0 1 67505
0 1 67507
0 1 67508
0 1 67509
0 1 67512
0 1 67513
0 1 67515
0 1 67516
0 1 67518
0 1 67519
0 1 67520
0 1 67522
0 1 67524
0 1 67528
0 1 67529
0 1 67530
0 1 67532
0 1 67534
0 1 67535
0 1 67536
0 1 67538
0 1 67539
0 1 67540
0 1 67544
0 1 67545
0 1 67549
0 1 67550
0 1 67551
0 1 67553
0 1 67556
0 1 67557
0 1 67558
0 1 67559
0 1 67560
0 1 67563
0 1 67565
0 1 67566
0 1 67568
0 1 67572
0 1 67573
0 1 67575
0 1 67577
0 1 67578
0 1 67579
0 1 67580
0 1 67582
0 1 67583
0 1 67587
0 1 67588
0 1 67592
0 1 67594
0 1 67602
0 1 67604
0 1 67605
0 1 67609
0 1 67610
0 1 67611
0 1 67612
0 1 67613
0 1 67614
0 1 67616
0 1 67617
0 1 67618
0 1 67619
0 1 67623
0 1 67624
0 1 67627
0 1 67630
0 1 67631
0 1 67633
0 1 67635
0 1 67636
0 1 67638
0 1 67639
0 1 67641
0 1 67643
0 1 67645
0 1 67648
0 1 67651
0 1 67653
0 1 67654
0 1 67655
0 1 67659
0 1 67660
0 1 67661
0 1 67662
0 1 67663
0 1 67664
0 1 67666
0 1 67667
0 1 67668
0 1 67669
0 1 67670
0 1 67672
0 1 67673
0 1 67674
0 1 67678
0 1 67679
0 1 67680
0 1 67681
0 1 67685
0 1 67687
0 1 67689
0 1 67691
0 1 67696
0 1 67697
0 1 67698
0 1 67699
0 1 67700
0 1 67702
0 1 67705
0 1 67707
0 1 67708
0 1 67709
0 1 67710
0 1 67713
0 1 67714
0 1 67716
0 1 67717
0 1 67721
0 1 67724
0 1 67725
0 1 67726
0 1 67728
0 1 67734
0 1 67738
0 1 67741
0 1 67743
0 1 67747
0 1 67748
0 1 67750
0 1 67751
0 1 67756
0 1 67760
0 1 67761
0 1 67762
0 1 67763
0 1 67766
0 1 67768
0 1 67769
0 1 67770
0 1 67771
0 1 67774
0 1 67776
0 1 67777
0 1 67779
0 1 67780
0 1 67785
0 1 67789
0 1 67790
0 1 67791
0 1 67794
0 1 67796
0 1 67799
0 1 67803
0 1 67804
0 1 67811
0 1 67815
0 1 67817
0 1 67820
0 1 67822
0 1 67823
0 1 67827
0 1 67829
0 1 67831
0 1 67832
0 1 67833
0 1 67836
0 1 67842
0 1 67844
0 1 67845
0 1 67847
0 1 67848
0 1 67849
0 1 67850
0 1 67851
0 1 67853
0 1 67854
0 1 67855
0 1 67856
0 1 67861
0 1 67863
0 1 67864
0 1 67866
0 1 67869
0 1 67871
0 1 67872
0 1 67876
0 1 67877
0 1 67878
0 1 67879
0 1 67884
0 1 67886
0 1 67887
0 1 67889
0 1 67891
0 1 67893
0 1 67894
0 1 67895
0 1 67896
0 1 67897
0 1 67898
0 1 67899
0 1 67900
0 1 67904
0 1 67906
0 1 67907
0 1 67908
0 1 67909
0 1 67911
0 1 67913
0 1 67914
0 1 67915
0 1 67917
0 1 67918
0 1 67920
0 1 67922
0 1 67923
0 1 67924
0 1 67926
0 1 67927
0 1 67928
0 1 67929
0 1 67930
0 1 67931
0 1 67932
0 1 67933
0 1 67934
0 1 67935
0 1 67943
0 1 67945
0 1 67946
0 1 67947
0 1 67951
0 1 67954
0 1 67955
0 1 67956
0 1 67959
0 1 67960
0 1 67961
0 1 67962
0 1 67964
0 1 67965
0 1 67966
0 1 67967
0 1 67969
0 1 67973
0 1 67977
0 1 67978
0 1 67980
0 1 67982
0 1 67983
0 1 67984
0 1 67987
0 1 67988
0 1 67989
0 1 67990
0 1 67991
0 1 67998
0 1 68001
0 1 68002
0 1 68007
0 1 68008
0 1 68012
0 1 68013
0 1 68014
0 1 68015
0 1 68018
0 1 68020
0 1 68021
0 1 68022
0 1 68023
0 1 68024
0 1 68025
0 1 68027
0 1 68028
0 1 68029
0 1 68030
0 1 68033
0 1 68036
0 1 68037
0 1 68039
0 1 68040
0 1 68041
0 1 68043
0 1 68045
0 1 68049
0 1 68050
0 1 68051
0 1 68054
0 1 68055
0 1 68056
0 1 68057
0 1 68058
0 1 68065
0 1 68069
0 1 68070
0 1 68071
0 1 68075
0 1 68077
0 1 68078
0 1 68084
0 1 68089
0 1 68094
0 1 68095
0 1 68096
0 1 68099
0 1 68102
0 1 68104
0 1 68105
0 1 68107
0 1 68108
0 1 68109
0 1 68113
0 1 68114
0 1 68115
0 1 68117
0 1 68118
0 1 68119
0 1 68121
0 1 68122
0 1 68124
0 1 68126
0 1 68128
0 1 68130
0 1 68131
0 1 68134
0 1 68135
0 1 68136
0 1 68137
0 1 68138
0 1 68139
0 1 68140
0 1 68141
0 1 68143
0 1 68147
0 1 68149
0 1 68150
0 1 68151
0 1 68153
0 1 68154
0 1 68155
0 1 68157
0 1 68161
0 1 68162
0 1 68165
0 1 68166
0 1 68167
0 1 68168
0 1 68170
0 1 68172
0 1 68173
0 1 68180
0 1 68181
0 1 68182
0 1 68183
0 1 68185
0 1 68186
0 1 68187
0 1 68189
0 1 68191
0 1 68192
0 1 68193
0 1 68195
0 1 68199
0 1 68200
0 1 68202
0 1 68203
0 1 68204
0 1 68207
0 1 68208
0 1 68210
0 1 68211
0 1 68213
0 1 68215
0 1 68216
0 1 68218
0 1 68220
0 1 68221
0 1 68222
0 1 68223
0 1 68225
0 1 68228
0 1 68230
0 1 68233
0 1 68235
0 1 68237
0 1 68239
0 1 68243
0 1 68247
0 1 68250
0 1 68252
0 1 68254
0 1 68255
0 1 68258
0 1 68259
0 1 68261
0 1 68266
0 1 68267
0 1 68268
0 1 68269
0 1 68271
0 1 68273
0 1 68274
0 1 68275
0 1 68277
0 1 68282
0 1 68283
0 1 68284
0 1 68285
0 1 68287
0 1 68288
0 1 68290
0 1 68291
0 1 68293
0 1 68294
0 1 68297
0 1 68298
0 1 68302
0 1 68304
0 1 68305
0 1 68306
0 1 68307
0 1 68308
0 1 68309
0 1 68310
0 1 68312
0 1 68313
0 1 68314
0 1 68318
0 1 68319
0 1 68320
0 1 68324
0 1 68326
0 1 68328
0 1 68330
0 1 68331
0 1 68334
0 1 68338
0 1 68340
0 1 68342
0 1 68343
0 1 68346
0 1 68347
0 1 68351
0 1 68352
0 1 68354
0 1 68355
0 1 68358
0 1 68359
0 1 68360
0 1 68366
0 1 68367
0 1 68370
0 1 68371
0 1 68374
0 1 68377
0 1 68381
0 1 68382
0 1 68385
0 1 68388
0 1 68394
0 1 68395
0 1 68396
0 1 68399
0 1 68400
0 1 68403
0 1 68404
0 1 68405
0 1 68407
0 1 68409
0 1 68410
0 1 68412
0 1 68413
0 1 68414
0 1 68416
0 1 68417
0 1 68418
0 1 68420
0 1 68421
0 1 68422
0 1 68424
0 1 68427
0 1 68428
0 1 68429
0 1 68430
0 1 68433
0 1 68434
0 1 68435
0 1 68436
0 1 68439
0 1 68445
0 1 68446
0 1 68447
0 1 68449
0 1 68451
0 1 68455
0 1 68458
0 1 68459
0 1 68460
0 1 68463
0 1 68465
0 1 68468
0 1 68469
0 1 68470
0 1 68471
0 1 68472
0 1 68475
0 1 68476
0 1 68480
0 1 68482
0 1 68485
0 1 68488
0 1 68490
0 1 68492
0 1 68493
0 1 68494
0 1 68496
0 1 68499
0 1 68500
0 1 68501
0 1 68503
0 1 68505
0 1 68507
0 1 68509
0 1 68511
0 1 68513
0 1 68514
0 1 68516
0 1 68517
0 1 68518
0 1 68520
0 1 68521
0 1 68524
0 1 68528
0 1 68533
0 1 68534
0 1 68535
0 1 68537
0 1 68540
0 1 68541
0 1 68542
0 1 68543
0 1 68546
0 1 68547
0 1 68551
0 1 68552
0 1 68554
0 1 68555
0 1 68557
0 1 68558
0 1 68560
0 1 68562
0 1 68563
0 1 68566
0 1 68567
0 1 68570
0 1 68572
0 1 68574
0 1 68577
0 1 68578
0 1 68581
0 1 68583
0 1 68584
0 1 68585
0 1 68587
0 1 68588
0 1 68589
0 1 68591
0 1 68592
0 1 68594
0 1 68596
0 1 68597
0 1 68600
0 1 68601
0 1 68607
0 1 68611
0 1 68615
0 1 68616
0 1 68617
0 1 68619
0 1 68620
0 1 68622
0 1 68624
0 1 68627
0 1 68628
0 1 68629
0 1 68632
0 1 68633
0 1 68634
0 1 68639
0 1 68642
0 1 68643
0 1 68644
0 1 68646
0 1 68648
0 1 68649
0 1 68650
0 1 68653
0 1 68656
0 1 68657
0 1 68661
0 1 68662
0 1 68663
0 1 68665
0 1 68666
0 1 68668
0 1 68670
0 1 68671
0 1 68675
0 1 68678
0 1 68680
0 1 68681
0 1 68682
0 1 68685
0 1 68686
0 1 68688
0 1 68691
0 1 68692
0 1 68694
0 1 68695
0 1 68697
0 1 68698
0 1 68700
0 1 68701
0 1 68706
0 1 68710
0 1 68713
0 1 68714
0 1 68715
0 1 68716
0 1 68717
0 1 68719
0 1 68721
0 1 68723
0 1 68725
0 1 68726
0 1 68728
0 1 68729
0 1 68730
0 1 68732
0 1 68734
0 1 68736
0 1 68737
0 1 68738
0 1 68739
0 1 68746
0 1 68747
0 1 68749
0 1 68750
0 1 68751
0 1 68752
0 1 68755
0 1 68756
0 1 68757
0 1 68758
0 1 68759
0 1 68760
0 1 68761
0 1 68763
0 1 68767
0 1 68769
0 1 68770
0 1 68771
0 1 68773
0 1 68777
0 1 68780
0 1 68781
0 1 68782
0 1 68785
0 1 68787
0 1 68788
0 1 68789
0 1 68791
0 1 68801
0 1 68802
0 1 68807
0 1 68809
0 1 68810
0 1 68811
0 1 68812
0 1 68813
0 1 68814
0 1 68815
0 1 68816
0 1 68818
0 1 68820
0 1 68821
0 1 68824
0 1 68825
0 1 68830
0 1 68831
0 1 68832
0 1 68834
0 1 68838
0 1 68843
0 1 68847
0 1 68849
0 1 68850
0 1 68852
0 1 68854
0 1 68855
0 1 68859
0 1 68860
0 1 68864
0 1 68865
0 1 68867
0 1 68868
0 1 68871
0 1 68872
0 1 68873
0 1 68875
0 1 68876
0 1 68880
0 1 68882
0 1 68883
0 1 68886
0 1 68888
0 1 68890
0 1 68891
0 1 68892
0 1 68894
0 1 68896
0 1 68897
0 1 68898
0 1 68902
0 1 68905
0 1 68906
0 1 68909
0 1 68910
0 1 68913
0 1 68915
0 1 68917
0 1 68919
0 1 68920
0 1 68921
0 1 68922
0 1 68924
0 1 68926
0 1 68927
0 1 68930
0 1 68931
0 1 68932
0 1 68937
0 1 68938
0 1 68939
0 1 68940
0 1 68941
0 1 68942
0 1 68944
0 1 68947
0 1 68948
0 1 68949
0 1 68952
0 1 68957
0 1 68958
0 1 68960
0 1 68961
0 1 68962
0 1 68963
0 1 68966
0 1 68967
0 1 68968
0 1 68969
0 1 68970
0 1 68971
0 1 68973
0 1 68974
0 1 68976
0 1 68977
0 1 68979
0 1 68980
0 1 68981
0 1 68983
0 1 68984
0 1 68986
0 1 68987
0 1 68988
0 1 68991
0 1 68993
0 1 68994
0 1 68998
0 1 68999
0 1 69000
0 1 69001
0 1 69002
0 1 69004
0 1 69005
0 1 69007
0 1 69011
0 1 69015
0 1 69017
0 1 69021
0 1 69023
0 1 69027
0 1 69029
0 1 69030
0 1 69031
0 1 69032
0 1 69034
0 1 69035
0 1 69038
0 1 69042
0 1 69043
0 1 69045
0 1 69049
0 1 69052
0 1 69056
0 1 69058
0 1 69060
0 1 69063
0 1 69065
0 1 69066
0 1 69067
0 1 69072
0 1 69077
0 1 69078
0 1 69079
0 1 69080
0 1 69081
0 1 69083
0 1 69084
0 1 69087
0 1 69088
0 1 69089
0 1 69092
0 1 69093
0 1 69096
0 1 69097
0 1 69098
0 1 69099
0 1 69100
0 1 69101
0 1 69102
0 1 69103
0 1 69105
0 1 69106
0 1 69107
0 1 69109
0 1 69111
0 1 69115
0 1 69116
0 1 69117
0 1 69120
0 1 69123
0 1 69127
0 1 69128
0 1 69129
0 1 69130
0 1 69131
0 1 69133
0 1 69139
0 1 69141
0 1 69142
0 1 69144
0 1 69148
0 1 69152
0 1 69153
0 1 69154
0 1 69155
0 1 69157
0 1 69158
0 1 69159
0 1 69161
0 1 69164
0 1 69170
0 1 69174
0 1 69175
0 1 69176
0 1 69177
0 1 69182
0 1 69186
0 1 69188
0 1 69192
0 1 69197
0 1 69199
0 1 69202
0 1 69206
0 1 69207
0 1 69208
0 1 69209
0 1 69210
0 1 69211
0 1 69212
0 1 69214
0 1 69218
0 1 69219
0 1 69222
0 1 69226
0 1 69228
0 1 69229
0 1 69230
0 1 69232
0 1 69235
0 1 69241
0 1 69242
0 1 69243
0 1 69252
0 1 69253
0 1 69254
0 1 69257
0 1 69259
0 1 69260
0 1 69262
0 1 69263
0 1 69264
0 1 69266
0 1 69268
0 1 69269
0 1 69272
0 1 69279
0 1 69282
0 1 69288
0 1 69289
0 1 69292
0 1 69293
0 1 69294
0 1 69295
0 1 69297
0 1 69298
0 1 69300
0 1 69301
0 1 69304
0 1 69305
0 1 69306
0 1 69307
0 1 69308
0 1 69309
0 1 69310
0 1 69311
0 1 69312
0 1 69315
0 1 69316
0 1 69319
0 1 69320
0 1 69324
0 1 69327
0 1 69329
0 1 69330
0 1 69331
0 1 69333
0 1 69337
0 1 69344
0 1 69345
0 1 69346
0 1 69347
0 1 69350
0 1 69351
0 1 69352
0 1 69357
0 1 69358
0 1 69360
0 1 69361
0 1 69362
0 1 69364
0 1 69366
0 1 69368
0 1 69369
0 1 69370
0 1 69374
0 1 69375
0 1 69376
0 1 69381
0 1 69384
0 1 69385
0 1 69386
0 1 69389
0 1 69391
0 1 69394
0 1 69395
0 1 69396
0 1 69398
0 1 69399
0 1 69400
0 1 69401
0 1 69403
0 1 69409
0 1 69412
0 1 69413
0 1 69417
0 1 69418
0 1 69429
0 1 69431
0 1 69432
0 1 69434
0 1 69436
0 1 69437
0 1 69438
0 1 69439
0 1 69441
0 1 69443
0 1 69444
0 1 69452
0 1 69453
0 1 69457
0 1 69462
0 1 69463
0 1 69465
0 1 69467
0 1 69468
0 1 69469
0 1 69471
0 1 69473
0 1 69474
0 1 69480
0 1 69483
0 1 69487
0 1 69492
0 1 69493
0 1 69494
0 1 69497
0 1 69498
0 1 69499
0 1 69500
0 1 69501
0 1 69503
0 1 69506
0 1 69508
0 1 69509
0 1 69511
0 1 69512
0 1 69513
0 1 69516
0 1 69517
0 1 69518
0 1 69519
0 1 69522
0 1 69527
0 1 69531
0 1 69532
0 1 69533
0 1 69535
0 1 69536
0 1 69538
0 1 69540
0 1 69542
0 1 69546
0 1 69547
0 1 69548
0 1 69551
0 1 69556
0 1 69558
0 1 69559
0 1 69561
0 1 69562
0 1 69565
0 1 69566
0 1 69567
0 1 69568
0 1 69569
0 1 69570
0 1 69573
0 1 69574
0 1 69576
0 1 69579
0 1 69580
0 1 69582
0 1 69585
0 1 69587
0 1 69590
0 1 69591
0 1 69593
0 1 69594
0 1 69603
0 1 69607
0 1 69608
0 1 69609
0 1 69610
0 1 69612
0 1 69615
0 1 69616
0 1 69619
0 1 69620
0 1 69622
0 1 69627
0 1 69629
0 1 69631
0 1 69633
0 1 69637
0 1 69639
0 1 69643
0 1 69644
0 1 69645
0 1 69651
0 1 69652
0 1 69653
0 1 69655
0 1 69656
0 1 69658
0 1 69659
0 1 69660
0 1 69662
0 1 69665
0 1 69666
0 1 69668
0 1 69670
0 1 69672
0 1 69673
0 1 69674
0 1 69676
0 1 69677
0 1 69680
0 1 69682
0 1 69683
0 1 69685
0 1 69686
0 1 69689
0 1 69690
0 1 69691
0 1 69692
0 1 69694
0 1 69697
0 1 69698
0 1 69701
0 1 69702
0 1 69703
0 1 69704
0 1 69705
0 1 69712
0 1 69715
0 1 69716
0 1 69717
0 1 69719
0 1 69721
0 1 69722
0 1 69725
0 1 69727
0 1 69731
0 1 69732
0 1 69733
0 1 69734
0 1 69735
0 1 69737
0 1 69738
0 1 69740
0 1 69743
0 1 69744
0 1 69745
0 1 69746
0 1 69749
0 1 69750
0 1 69751
0 1 69752
0 1 69756
0 1 69758
0 1 69759
0 1 69761
0 1 69763
0 1 69765
0 1 69766
0 1 69769
0 1 69773
0 1 69774
0 1 69775
0 1 69776
0 1 69777
0 1 69782
0 1 69783
0 1 69784
0 1 69785
0 1 69788
0 1 69789
0 1 69791
0 1 69792
0 1 69796
0 1 69800
0 1 69801
0 1 69802
0 1 69804
0 1 69806
0 1 69809
0 1 69811
0 1 69812
0 1 69813
0 1 69815
0 1 69818
0 1 69821
0 1 69822
0 1 69823
0 1 69824
0 1 69825
0 1 69827
0 1 69828
0 1 69832
0 1 69833
0 1 69835
0 1 69836
0 1 69838
0 1 69839
0 1 69843
0 1 69844
0 1 69847
0 1 69848
0 1 69852
0 1 69854
0 1 69856
0 1 69858
0 1 69859
0 1 69860
0 1 69862
0 1 69864
0 1 69867
0 1 69869
0 1 69870
0 1 69871
0 1 69873
0 1 69874
0 1 69875
0 1 69876
0 1 69878
0 1 69880
0 1 69882
0 1 69883
0 1 69886
0 1 69893
0 1 69895
0 1 69896
0 1 69901
0 1 69902
0 1 69908
0 1 69910
0 1 69914
0 1 69916
0 1 69918
0 1 69920
0 1 69921
0 1 69923
0 1 69924
0 1 69927
0 1 69928
0 1 69932
0 1 69933
0 1 69935
0 1 69938
0 1 69942
0 1 69945
0 1 69946
0 1 69949
0 1 69951
0 1 69955
0 1 69956
0 1 69958
0 1 69960
0 1 69963
0 1 69965
0 1 69967
0 1 69968
0 1 69970
0 1 69972
0 1 69973
0 1 69974
0 1 69976
0 1 69977
0 1 69978
0 1 69980
0 1 69981
0 1 69982
0 1 69983
0 1 69988
0 1 69989
0 1 69990
0 1 69992
0 1 69993
0 1 69994
0 1 69996
0 1 69997
0 1 69998
0 1 69999
0 1 70000
0 1 70001
0 1 70002
0 1 70005
0 1 70006
0 1 70008
0 1 70011
0 1 70012
0 1 70015
0 1 70017
0 1 70021
0 1 70022
0 1 70023
0 1 70024
0 1 70025
0 1 70033
0 1 70035
0 1 70038
0 1 70039
0 1 70040
0 1 70044
0 1 70045
0 1 70046
0 1 70047
0 1 70050
0 1 70055
0 1 70057
0 1 70058
0 1 70060
0 1 70061
0 1 70063
0 1 70064
0 1 70066
0 1 70073
0 1 70074
0 1 70076
0 1 70077
0 1 70081
0 1 70082
0 1 70083
0 1 70091
0 1 70093
0 1 70094
0 1 70096
0 1 70100
0 1 70101
0 1 70102
0 1 70106
0 1 70107
0 1 70109
0 1 70110
0 1 70111
0 1 70112
0 1 70113
0 1 70114
0 1 70116
0 1 70117
0 1 70118
0 1 70122
0 1 70125
0 1 70129
0 1 70131
0 1 70134
0 1 70136
0 1 70138
0 1 70140
0 1 70142
0 1 70145
0 1 70149
0 1 70153
0 1 70155
0 1 70156
0 1 70157
0 1 70160
0 1 70161
0 1 70162
0 1 70163
0 1 70165
0 1 70167
0 1 70169
0 1 70173
0 1 70174
0 1 70175
0 1 70176
0 1 70178
0 1 70179
0 1 70180
0 1 70181
0 1 70183
0 1 70184
0 1 70185
0 1 70187
0 1 70188
0 1 70192
0 1 70195
0 1 70196
0 1 70199
0 1 70200
0 1 70202
0 1 70204
0 1 70206
0 1 70207
0 1 70209
0 1 70211
0 1 70212
0 1 70213
0 1 70214
0 1 70216
0 1 70220
0 1 70221
0 1 70222
0 1 70223
0 1 70225
0 1 70226
0 1 70229
0 1 70230
0 1 70233
0 1 70235
0 1 70236
0 1 70237
0 1 70238
0 1 70240
0 1 70241
0 1 70244
0 1 70246
0 1 70247
0 1 70250
0 1 70253
0 1 70258
0 1 70260
0 1 70262
0 1 70268
0 1 70269
0 1 70273
0 1 70275
0 1 70276
0 1 70277
0 1 70278
0 1 70279
0 1 70280
0 1 70281
0 1 70282
0 1 70284
0 1 70285
0 1 70286
0 1 70287
0 1 70288
0 1 70293
0 1 70295
0 1 70296
0 1 70298
0 1 70300
0 1 70302
0 1 70305
0 1 70307
0 1 70309
0 1 70310
0 1 70312
0 1 70313
0 1 70314
0 1 70316
0 1 70317
0 1 70318
0 1 70319
0 1 70325
0 1 70328
0 1 70332
0 1 70333
0 1 70337
0 1 70341
0 1 70342
0 1 70343
0 1 70345
0 1 70346
0 1 70348
0 1 70349
0 1 70351
0 1 70352
0 1 70355
0 1 70359
0 1 70360
0 1 70362
0 1 70364
0 1 70365
0 1 70366
0 1 70367
0 1 70368
0 1 70369
0 1 70370
0 1 70371
0 1 70373
0 1 70375
0 1 70376
0 1 70377
0 1 70378
0 1 70379
0 1 70381
0 1 70388
0 1 70389
0 1 70392
0 1 70395
0 1 70396
0 1 70397
0 1 70399
0 1 70400
0 1 70401
0 1 70403
0 1 70404
0 1 70405
0 1 70406
0 1 70409
0 1 70410
0 1 70411
0 1 70413
0 1 70414
0 1 70415
0 1 70416
0 1 70418
0 1 70420
0 1 70422
0 1 70425
0 1 70428
0 1 70431
0 1 70434
0 1 70435
0 1 70439
0 1 70441
0 1 70445
0 1 70446
0 1 70447
0 1 70450
0 1 70453
0 1 70454
0 1 70455
0 1 70456
0 1 70458
0 1 70460
0 1 70461
0 1 70464
0 1 70467
0 1 70469
0 1 70472
0 1 70473
0 1 70475
0 1 70477
0 1 70478
0 1 70484
0 1 70485
0 1 70486
0 1 70488
0 1 70495
0 1 70499
0 1 70501
0 1 70502
0 1 70503
0 1 70504
0 1 70506
0 1 70510
0 1 70511
0 1 70512
0 1 70514
0 1 70515
0 1 70516
0 1 70517
0 1 70519
0 1 70520
0 1 70521
0 1 70523
0 1 70525
0 1 70527
0 1 70528
0 1 70529
0 1 70531
0 1 70533
0 1 70534
0 1 70535
0 1 70536
0 1 70539
0 1 70540
0 1 70541
0 1 70543
0 1 70544
0 1 70545
0 1 70547
0 1 70549
0 1 70551
0 1 70555
0 1 70557
0 1 70558
0 1 70564
0 1 70568
0 1 70570
0 1 70571
0 1 70572
0 1 70574
0 1 70581
0 1 70582
0 1 70586
0 1 70587
0 1 70588
0 1 70590
0 1 70594
0 1 70595
0 1 70597
0 1 70599
0 1 70600
0 1 70601
0 1 70602
0 1 70604
0 1 70605
0 1 70606
0 1 70609
0 1 70610
0 1 70611
0 1 70613
0 1 70614
0 1 70617
0 1 70618
0 1 70620
0 1 70622
0 1 70624
0 1 70625
0 1 70628
0 1 70629
0 1 70635
0 1 70636
0 1 70638
0 1 70640
0 1 70647
0 1 70648
0 1 70649
0 1 70650
0 1 70654
0 1 70655
0 1 70658
0 1 70659
0 1 70660
0 1 70662
0 1 70667
0 1 70672
0 1 70673
0 1 70675
0 1 70676
0 1 70677
0 1 70678
0 1 70679
0 1 70680
0 1 70683
0 1 70684
0 1 70691
0 1 70693
0 1 70694
0 1 70695
0 1 70696
0 1 70697
0 1 70699
0 1 70703
0 1 70705
0 1 70706
0 1 70707
0 1 70709
0 1 70711
0 1 70713
0 1 70717
0 1 70721
0 1 70723
0 1 70726
0 1 70727
0 1 70729
0 1 70731
0 1 70734
0 1 70735
0 1 70736
0 1 70742
0 1 70744
0 1 70747
0 1 70748
0 1 70750
0 1 70751
0 1 70755
0 1 70757
0 1 70760
0 1 70762
0 1 70764
0 1 70766
0 1 70767
0 1 70769
0 1 70770
0 1 70771
0 1 70773
0 1 70774
0 1 70775
0 1 70776
0 1 70779
0 1 70780
0 1 70785
0 1 70786
0 1 70788
0 1 70792
0 1 70794
0 1 70796
0 1 70797
0 1 70798
0 1 70801
0 1 70802
0 1 70806
0 1 70812
0 1 70815
0 1 70817
0 1 70820
0 1 70822
0 1 70823
0 1 70825
0 1 70826
0 1 70828
0 1 70829
0 1 70830
0 1 70831
0 1 70832
0 1 70836
0 1 70837
0 1 70838
0 1 70840
0 1 70842
0 1 70844
0 1 70845
0 1 70846
0 1 70848
0 1 70849
0 1 70850
0 1 70854
0 1 70857
0 1 70859
0 1 70860
0 1 70862
0 1 70864
0 1 70865
0 1 70873
0 1 70875
0 1 70876
0 1 70877
0 1 70878
0 1 70882
0 1 70883
0 1 70886
0 1 70887
0 1 70888
0 1 70891
0 1 70893
0 1 70896
0 1 70901
0 1 70903
0 1 70906
0 1 70907
0 1 70913
0 1 70914
0 1 70915
0 1 70916
0 1 70917
0 1 70919
0 1 70920
0 1 70921
0 1 70926
0 1 70931
0 1 70934
0 1 70935
0 1 70936
0 1 70941
0 1 70942
0 1 70943
0 1 70945
0 1 70946
0 1 70948
0 1 70950
0 1 70953
0 1 70955
0 1 70957
0 1 70959
0 1 70960
0 1 70962
0 1 70963
0 1 70966
0 1 70968
0 1 70970
0 1 70971
0 1 70974
0 1 70975
0 1 70976
0 1 70981
0 1 70983
0 1 70984
0 1 70989
0 1 70991
0 1 70992
0 1 70994
0 1 70995
0 1 71002
0 1 71005
0 1 71006
0 1 71007
0 1 71008
0 1 71009
0 1 71010
0 1 71011
0 1 71012
0 1 71013
0 1 71015
0 1 71018
0 1 71019
0 1 71021
0 1 71024
0 1 71026
0 1 71030
0 1 71033
0 1 71035
0 1 71037
0 1 71038
0 1 71042
0 1 71043
0 1 71044
0 1 71045
0 1 71047
0 1 71048
0 1 71049
0 1 71051
0 1 71054
0 1 71055
0 1 71058
0 1 71059
0 1 71061
0 1 71062
0 1 71065
0 1 71066
0 1 71068
0 1 71069
0 1 71071
0 1 71073
0 1 71074
0 1 71076
0 1 71078
0 1 71079
0 1 71080
0 1 71083
0 1 71085
0 1 71086
0 1 71088
0 1 71090
0 1 71091
0 1 71092
0 1 71099
0 1 71100
0 1 71103
0 1 71105
0 1 71107
0 1 71111
0 1 71112
0 1 71114
0 1 71116
0 1 71118
0 1 71122
0 1 71123
0 1 71126
0 1 71129
0 1 71130
0 1 71131
0 1 71132
0 1 71133
0 1 71136
0 1 71141
0 1 71142
0 1 71145
0 1 71147
0 1 71148
0 1 71149
0 1 71150
0 1 71151
0 1 71152
0 1 71155
0 1 71157
0 1 71159
0 1 71160
0 1 71161
0 1 71163
0 1 71167
0 1 71168
0 1 71172
0 1 71175
0 1 71177
0 1 71179
0 1 71184
0 1 71185
0 1 71186
0 1 71187
0 1 71188
0 1 71189
0 1 71190
0 1 71192
0 1 71194
0 1 71195
0 1 71196
0 1 71197
0 1 71198
0 1 71202
0 1 71205
0 1 71206
0 1 71208
0 1 71210
0 1 71212
0 1 71217
0 1 71219
0 1 71220
0 1 71222
0 1 71223
0 1 71227
0 1 71231
0 1 71232
0 1 71235
0 1 71240
0 1 71241
0 1 71246
0 1 71248
0 1 71249
0 1 71250
0 1 71252
0 1 71253
0 1 71254
0 1 71255
0 1 71256
0 1 71260
0 1 71261
0 1 71263
0 1 71265
0 1 71266
0 1 71267
0 1 71273
0 1 71275
0 1 71276
0 1 71277
0 1 71279
0 1 71280
0 1 71281
0 1 71283
0 1 71286
0 1 71288
0 1 71289
0 1 71290
0 1 71291
0 1 71292
0 1 71293
0 1 71295
0 1 71296
0 1 71299
0 1 71301
0 1 71303
0 1 71305
0 1 71307
0 1 71308
0 1 71309
0 1 71311
0 1 71314
0 1 71316
0 1 71319
0 1 71320
0 1 71322
0 1 71323
0 1 71324
0 1 71325
0 1 71328
0 1 71331
0 1 71334
0 1 71335
0 1 71337
0 1 71338
0 1 71339
0 1 71341
0 1 71343
0 1 71344
0 1 71345
0 1 71347
0 1 71348
0 1 71351
0 1 71353
0 1 71354
0 1 71355
0 1 71356
0 1 71358
0 1 71359
0 1 71362
0 1 71366
0 1 71368
0 1 71372
0 1 71373
0 1 71375
0 1 71376
0 1 71377
0 1 71378
0 1 71384
0 1 71385
0 1 71388
0 1 71390
0 1 71391
0 1 71397
0 1 71400
0 1 71401
0 1 71403
0 1 71410
0 1 71413
0 1 71414
0 1 71415
0 1 71416
0 1 71420
0 1 71421
0 1 71423
0 1 71425
0 1 71427
0 1 71428
0 1 71431
0 1 71433
0 1 71434
0 1 71436
0 1 71439
0 1 71442
0 1 71443
0 1 71445
0 1 71447
0 1 71448
0 1 71454
0 1 71455
0 1 71458
0 1 71462
0 1 71467
0 1 71468
0 1 71470
0 1 71472
0 1 71474
0 1 71475
0 1 71476
0 1 71478
0 1 71480
0 1 71481
0 1 71482
0 1 71483
0 1 71486
0 1 71490
0 1 71491
0 1 71493
0 1 71496
0 1 71497
0 1 71500
0 1 71502
0 1 71505
0 1 71506
0 1 71509
0 1 71510
0 1 71511
0 1 71513
0 1 71514
0 1 71515
0 1 71516
0 1 71521
0 1 71523
0 1 71524
0 1 71525
0 1 71529
0 1 71530
0 1 71531
0 1 71534
0 1 71535
0 1 71537
0 1 71538
0 1 71541
0 1 71545
0 1 71549
0 1 71551
0 1 71558
0 1 71561
0 1 71568
0 1 71569
0 1 71570
0 1 71572
0 1 71573
0 1 71576
0 1 71578
0 1 71585
0 1 71586
0 1 71591
0 1 71592
0 1 71593
0 1 71595
0 1 71596
0 1 71600
0 1 71601
0 1 71602
0 1 71603
0 1 71604
0 1 71605
0 1 71611
0 1 71612
0 1 71615
0 1 71616
0 1 71617
0 1 71618
0 1 71619
0 1 71621
0 1 71627
0 1 71629
0 1 71630
0 1 71632
0 1 71635
0 1 71637
0 1 71640
0 1 71641
0 1 71645
0 1 71646
0 1 71647
0 1 71648
0 1 71649
0 1 71650
0 1 71651
0 1 71657
0 1 71658
0 1 71660
0 1 71661
0 1 71663
0 1 71666
0 1 71670
0 1 71674
0 1 71675
0 1 71676
0 1 71677
0 1 71678
0 1 71679
0 1 71680
0 1 71682
0 1 71684
0 1 71686
0 1 71690
0 1 71691
0 1 71692
0 1 71694
0 1 71696
0 1 71697
0 1 71702
0 1 71704
0 1 71706
0 1 71708
0 1 71709
0 1 71714
0 1 71715
0 1 71718
0 1 71720
0 1 71721
0 1 71722
0 1 71723
0 1 71724
0 1 71725
0 1 71727
0 1 71728
0 1 71729
0 1 71730
0 1 71731
0 1 71734
0 1 71735
0 1 71736
0 1 71739
0 1 71740
0 1 71741
0 1 71744
0 1 71747
0 1 71749
0 1 71750
0 1 71753
0 1 71754
0 1 71755
0 1 71756
0 1 71759
0 1 71760
0 1 71764
0 1 71765
0 1 71766
0 1 71768
0 1 71770
0 1 71776
0 1 71777
0 1 71780
0 1 71781
0 1 71782
0 1 71788
0 1 71792
0 1 71794
0 1 71796
0 1 71797
0 1 71798
0 1 71799
0 1 71800
0 1 71802
0 1 71803
0 1 71804
0 1 71809
0 1 71814
0 1 71816
0 1 71817
0 1 71819
0 1 71824
0 1 71825
0 1 71826
0 1 71827
0 1 71829
0 1 71832
0 1 71835
0 1 71840
0 1 71842
0 1 71846
0 1 71848
0 1 71850
0 1 71852
0 1 71855
0 1 71856
0 1 71858
0 1 71860
0 1 71861
0 1 71862
0 1 71864
0 1 71868
0 1 71872
0 1 71873
0 1 71877
0 1 71879
0 1 71880
0 1 71881
0 1 71882
0 1 71887
0 1 71889
0 1 71892
0 1 71894
0 1 71895
0 1 71898
0 1 71899
0 1 71901
0 1 71904
0 1 71905
0 1 71910
0 1 71911
0 1 71913
0 1 71914
0 1 71915
0 1 71917
0 1 71918
0 1 71919
0 1 71920
0 1 71921
0 1 71923
0 1 71930
0 1 71931
0 1 71933
0 1 71934
0 1 71935
0 1 71937
0 1 71939
0 1 71941
0 1 71942
0 1 71943
0 1 71947
0 1 71948
0 1 71950
0 1 71951
0 1 71952
0 1 71954
0 1 71959
0 1 71960
0 1 71961
0 1 71964
0 1 71966
0 1 71969
0 1 71973
0 1 71974
0 1 71975
0 1 71976
0 1 71979
0 1 71981
0 1 71986
0 1 71987
0 1 71988
0 1 71991
0 1 71994
0 1 71997
0 1 71999
0 1 72000
0 1 72001
0 1 72002
0 1 72003
0 1 72004
0 1 72005
0 1 72006
0 1 72007
0 1 72008
0 1 72009
0 1 72010
0 1 72016
0 1 72019
0 1 72022
0 1 72024
0 1 72025
0 1 72027
0 1 72028
0 1 72029
0 1 72030
0 1 72031
0 1 72032
0 1 72033
0 1 72036
0 1 72040
0 1 72042
0 1 72043
0 1 72047
0 1 72051
0 1 72052
0 1 72054
0 1 72055
0 1 72056
0 1 72061
0 1 72062
0 1 72069
0 1 72071
0 1 72072
0 1 72075
0 1 72077
0 1 72078
0 1 72082
0 1 72085
0 1 72087
0 1 72088
0 1 72095
0 1 72096
0 1 72097
0 1 72098
0 1 72100
0 1 72101
0 1 72107
0 1 72111
0 1 72115
0 1 72117
0 1 72120
0 1 72121
0 1 72123
0 1 72126
0 1 72128
0 1 72131
0 1 72132
0 1 72133
0 1 72134
0 1 72137
0 1 72141
0 1 72142
0 1 72145
0 1 72146
0 1 72148
0 1 72149
0 1 72150
0 1 72152
0 1 72153
0 1 72155
0 1 72156
0 1 72157
0 1 72158
0 1 72159
0 1 72160
0 1 72162
0 1 72163
0 1 72165
0 1 72166
0 1 72167
0 1 72168
0 1 72172
0 1 72176
0 1 72178
0 1 72179
0 1 72182
0 1 72183
0 1 72186
0 1 72187
0 1 72188
0 1 72189
0 1 72190
0 1 72191
0 1 72192
0 1 72197
0 1 72200
0 1 72201
0 1 72203
0 1 72204
0 1 72206
0 1 72207
0 1 72212
0 1 72213
0 1 72216
0 1 72217
0 1 72219
0 1 72220
0 1 72221
0 1 72227
0 1 72228
0 1 72231
0 1 72232
0 1 72233
0 1 72235
0 1 72236
0 1 72237
0 1 72238
0 1 72240
0 1 72241
0 1 72242
0 1 72246
0 1 72248
0 1 72249
0 1 72250
0 1 72251
0 1 72252
0 1 72254
0 1 72258
0 1 72259
0 1 72264
0 1 72268
0 1 72270
0 1 72272
0 1 72274
0 1 72275
0 1 72277
0 1 72278
0 1 72279
0 1 72280
0 1 72281
0 1 72282
0 1 72285
0 1 72286
0 1 72288
0 1 72289
0 1 72291
0 1 72293
0 1 72294
0 1 72296
0 1 72297
0 1 72298
0 1 72299
0 1 72303
0 1 72304
0 1 72305
0 1 72306
0 1 72307
0 1 72309
0 1 72310
0 1 72313
0 1 72320
0 1 72321
0 1 72323
0 1 72326
0 1 72328
0 1 72329
0 1 72331
0 1 72333
0 1 72336
0 1 72339
0 1 72341
0 1 72343
0 1 72345
0 1 72347
0 1 72349
0 1 72353
0 1 72354
0 1 72355
0 1 72356
0 1 72357
0 1 72358
0 1 72359
0 1 72360
0 1 72365
0 1 72367
0 1 72368
0 1 72369
0 1 72371
0 1 72373
0 1 72375
0 1 72376
0 1 72379
0 1 72387
0 1 72389
0 1 72391
0 1 72394
0 1 72396
0 1 72398
0 1 72399
0 1 72400
0 1 72401
0 1 72402
0 1 72407
0 1 72410
0 1 72411
0 1 72412
0 1 72413
0 1 72414
0 1 72416
0 1 72417
0 1 72418
0 1 72419
0 1 72422
0 1 72423
0 1 72424
0 1 72427
0 1 72428
0 1 72430
0 1 72431
0 1 72433
0 1 72434
0 1 72435
0 1 72436
0 1 72438
0 1 72442
0 1 72444
0 1 72447
0 1 72449
0 1 72450
0 1 72452
0 1 72453
0 1 72454
0 1 72455
0 1 72456
0 1 72458
0 1 72459
0 1 72461
0 1 72463
0 1 72466
0 1 72467
0 1 72469
0 1 72471
0 1 72472
0 1 72474
0 1 72475
0 1 72477
0 1 72478
0 1 72479
0 1 72481
0 1 72482
0 1 72483
0 1 72484
0 1 72486
0 1 72487
0 1 72489
0 1 72491
0 1 72492
0 1 72493
0 1 72494
0 1 72497
0 1 72500
0 1 72502
0 1 72506
0 1 72508
0 1 72511
0 1 72512
0 1 72513
0 1 72514
0 1 72517
0 1 72518
0 1 72520
0 1 72523
0 1 72524
0 1 72525
0 1 72526
0 1 72529
0 1 72531
0 1 72533
0 1 72534
0 1 72536
0 1 72537
0 1 72538
0 1 72542
0 1 72544
0 1 72547
0 1 72554
0 1 72557
0 1 72559
0 1 72561
0 1 72562
0 1 72563
0 1 72566
0 1 72568
0 1 72569
0 1 72570
0 1 72571
0 1 72572
0 1 72573
0 1 72575
0 1 72576
0 1 72578
0 1 72580
0 1 72581
0 1 72582
0 1 72583
0 1 72584
0 1 72587
0 1 72589
0 1 72591
0 1 72594
0 1 72595
0 1 72596
0 1 72598
0 1 72599
0 1 72600
0 1 72601
0 1 72603
0 1 72605
0 1 72606
0 1 72607
0 1 72608
0 1 72609
0 1 72610
0 1 72611
0 1 72612
0 1 72613
0 1 72615
0 1 72618
0 1 72620
0 1 72621
0 1 72623
0 1 72624
0 1 72625
0 1 72626
0 1 72627
0 1 72628
0 1 72629
0 1 72630
0 1 72631
0 1 72636
0 1 72640
0 1 72641
0 1 72643
0 1 72644
0 1 72645
0 1 72647
0 1 72649
0 1 72650
0 1 72651
0 1 72653
0 1 72654
0 1 72655
0 1 72657
0 1 72658
0 1 72659
0 1 72661
0 1 72664
0 1 72665
0 1 72669
0 1 72673
0 1 72674
0 1 72676
0 1 72679
0 1 72681
0 1 72683
0 1 72684
0 1 72685
0 1 72688
0 1 72690
0 1 72692
0 1 72693
0 1 72694
0 1 72697
0 1 72698
0 1 72700
0 1 72703
0 1 72711
0 1 72712
0 1 72713
0 1 72714
0 1 72716
0 1 72717
0 1 72718
0 1 72719
0 1 72722
0 1 72724
0 1 72725
0 1 72733
0 1 72736
0 1 72737
0 1 72738
0 1 72739
0 1 72740
0 1 72742
0 1 72744
0 1 72745
0 1 72749
0 1 72750
0 1 72751
0 1 72752
0 1 72753
0 1 72754
0 1 72755
0 1 72756
0 1 72757
0 1 72759
0 1 72763
0 1 72764
0 1 72765
0 1 72769
0 1 72771
0 1 72772
0 1 72775
0 1 72779
0 1 72782
0 1 72785
0 1 72786
0 1 72794
0 1 72795
0 1 72796
0 1 72797
0 1 72798
0 1 72799
0 1 72800
0 1 72802
0 1 72804
0 1 72806
0 1 72808
0 1 72812
0 1 72813
0 1 72814
0 1 72815
0 1 72818
0 1 72820
0 1 72821
0 1 72822
0 1 72826
0 1 72827
0 1 72828
0 1 72829
0 1 72830
0 1 72831
0 1 72832
0 1 72834
0 1 72836
0 1 72839
0 1 72840
0 1 72845
0 1 72847
0 1 72848
0 1 72849
0 1 72856
0 1 72858
0 1 72862
0 1 72863
0 1 72864
0 1 72865
0 1 72868
0 1 72869
0 1 72870
0 1 72871
0 1 72872
0 1 72873
0 1 72879
0 1 72880
0 1 72881
0 1 72886
0 1 72887
0 1 72889
0 1 72890
0 1 72892
0 1 72894
0 1 72896
0 1 72897
0 1 72898
0 1 72899
0 1 72902
0 1 72903
0 1 72910
0 1 72913
0 1 72914
0 1 72918
0 1 72919
0 1 72920
0 1 72922
0 1 72923
0 1 72926
0 1 72927
0 1 72928
0 1 72929
0 1 72930
0 1 72932
0 1 72934
0 1 72936
0 1 72937
0 1 72939
0 1 72940
0 1 72942
0 1 72943
0 1 72945
0 1 72946
0 1 72947
0 1 72949
0 1 72950
0 1 72952
0 1 72955
0 1 72956
0 1 72958
0 1 72960
0 1 72961
0 1 72965
0 1 72969
0 1 72971
0 1 72973
0 1 72981
0 1 72983
0 1 72987
0 1 72988
0 1 72989
0 1 72994
0 1 72997
0 1 73001
0 1 73006
0 1 73007
0 1 73009
0 1 73011
0 1 73013
0 1 73014
0 1 73017
0 1 73018
0 1 73020
0 1 73021
0 1 73023
0 1 73024
0 1 73028
0 1 73031
0 1 73033
0 1 73034
0 1 73036
0 1 73038
0 1 73040
0 1 73042
0 1 73043
0 1 73044
0 1 73045
0 1 73048
0 1 73049
0 1 73050
0 1 73054
0 1 73055
0 1 73056
0 1 73057
0 1 73058
0 1 73059
0 1 73060
0 1 73064
0 1 73066
0 1 73067
0 1 73068
0 1 73081
0 1 73083
0 1 73087
0 1 73088
0 1 73094
0 1 73097
0 1 73098
0 1 73099
0 1 73103
0 1 73105
0 1 73108
0 1 73109
0 1 73110
0 1 73112
0 1 73113
0 1 73114
0 1 73116
0 1 73124
0 1 73125
0 1 73127
0 1 73128
0 1 73131
0 1 73133
0 1 73137
0 1 73139
0 1 73141
0 1 73145
0 1 73147
0 1 73150
0 1 73151
0 1 73153
0 1 73155
0 1 73156
0 1 73160
0 1 73162
0 1 73164
0 1 73165
0 1 73166
0 1 73174
0 1 73176
0 1 73177
0 1 73186
0 1 73187
0 1 73189
0 1 73191
0 1 73192
0 1 73193
0 1 73194
0 1 73195
0 1 73198
0 1 73199
0 1 73200
0 1 73201
0 1 73203
0 1 73206
0 1 73207
0 1 73208
0 1 73213
0 1 73214
0 1 73217
0 1 73218
0 1 73219
0 1 73221
0 1 73222
0 1 73223
0 1 73225
0 1 73226
0 1 73227
0 1 73231
0 1 73234
0 1 73235
0 1 73239
0 1 73240
0 1 73242
0 1 73243
0 1 73244
0 1 73245
0 1 73248
0 1 73249
0 1 73252
0 1 73253
0 1 73258
0 1 73261
0 1 73262
0 1 73263
0 1 73265
0 1 73268
0 1 73269
0 1 73270
0 1 73272
0 1 73274
0 1 73276
0 1 73277
0 1 73282
0 1 73283
0 1 73285
0 1 73288
0 1 73289
0 1 73290
0 1 73291
0 1 73293
0 1 73295
0 1 73296
0 1 73298
0 1 73300
0 1 73310
0 1 73312
0 1 73313
0 1 73314
0 1 73319
0 1 73320
0 1 73321
0 1 73322
0 1 73323
0 1 73324
0 1 73325
0 1 73327
0 1 73328
0 1 73331
0 1 73332
0 1 73335
0 1 73336
0 1 73337
0 1 73338
0 1 73342
0 1 73344
0 1 73345
0 1 73351
0 1 73357
0 1 73358
0 1 73360
0 1 73362
0 1 73363
0 1 73364
0 1 73367
0 1 73368
0 1 73370
0 1 73371
0 1 73374
0 1 73375
0 1 73379
0 1 73380
0 1 73384
0 1 73387
0 1 73388
0 1 73389
0 1 73390
0 1 73392
0 1 73396
0 1 73398
0 1 73400
0 1 73401
0 1 73403
0 1 73405
0 1 73409
0 1 73410
0 1 73412
0 1 73413
0 1 73415
0 1 73416
0 1 73417
0 1 73418
0 1 73420
0 1 73421
0 1 73423
0 1 73426
0 1 73427
0 1 73430
0 1 73431
0 1 73432
0 1 73433
0 1 73434
0 1 73438
0 1 73441
0 1 73442
0 1 73443
0 1 73444
0 1 73447
0 1 73448
0 1 73449
0 1 73452
0 1 73453
0 1 73454
0 1 73456
0 1 73458
0 1 73460
0 1 73461
0 1 73464
0 1 73465
0 1 73466
0 1 73468
0 1 73470
0 1 73472
0 1 73475
0 1 73478
0 1 73483
0 1 73488
0 1 73489
0 1 73491
0 1 73496
0 1 73497
0 1 73501
0 1 73503
0 1 73505
0 1 73507
0 1 73510
0 1 73512
0 1 73514
0 1 73515
0 1 73516
0 1 73517
0 1 73518
0 1 73519
0 1 73522
0 1 73526
0 1 73528
0 1 73529
0 1 73532
0 1 73536
0 1 73539
0 1 73541
0 1 73542
0 1 73543
0 1 73546
0 1 73547
0 1 73548
0 1 73549
0 1 73551
0 1 73552
0 1 73556
0 1 73557
0 1 73558
0 1 73561
0 1 73563
0 1 73565
0 1 73567
0 1 73570
0 1 73571
0 1 73572
0 1 73573
0 1 73574
0 1 73575
0 1 73576
0 1 73578
0 1 73580
0 1 73581
0 1 73586
0 1 73590
0 1 73593
0 1 73594
0 1 73597
0 1 73600
0 1 73603
0 1 73607
0 1 73608
0 1 73609
0 1 73610
0 1 73611
0 1 73612
0 1 73613
0 1 73614
0 1 73615
0 1 73616
0 1 73617
0 1 73620
0 1 73622
0 1 73624
0 1 73625
0 1 73627
0 1 73629
0 1 73630
0 1 73631
0 1 73636
0 1 73639
0 1 73641
0 1 73643
0 1 73644
0 1 73646
0 1 73647
0 1 73649
0 1 73650
0 1 73652
0 1 73653
0 1 73654
0 1 73658
0 1 73661
0 1 73664
0 1 73665
0 1 73667
0 1 73668
0 1 73670
0 1 73676
0 1 73677
0 1 73679
0 1 73680
0 1 73684
0 1 73687
0 1 73689
0 1 73693
0 1 73696
0 1 73697
0 1 73698
0 1 73699
0 1 73701
0 1 73706
0 1 73709
0 1 73710
0 1 73714
0 1 73716
0 1 73718
0 1 73719
0 1 73720
0 1 73721
0 1 73725
0 1 73726
0 1 73727
0 1 73728
0 1 73729
0 1 73730
0 1 73732
0 1 73733
0 1 73734
0 1 73735
0 1 73736
0 1 73739
0 1 73740
0 1 73742
0 1 73743
0 1 73744
0 1 73745
0 1 73746
0 1 73750
0 1 73752
0 1 73753
0 1 73754
0 1 73756
0 1 73763
0 1 73768
0 1 73770
0 1 73771
0 1 73772
0 1 73773
0 1 73774
0 1 73775
0 1 73777
0 1 73778
0 1 73779
0 1 73782
0 1 73787
0 1 73789
0 1 73790
0 1 73791
0 1 73793
0 1 73794
0 1 73795
0 1 73796
0 1 73808
0 1 73809
0 1 73812
0 1 73813
0 1 73815
0 1 73817
0 1 73818
0 1 73820
0 1 73821
0 1 73824
0 1 73825
0 1 73827
0 1 73830
0 1 73831
0 1 73832
0 1 73833
0 1 73835
0 1 73838
0 1 73844
0 1 73846
0 1 73848
0 1 73851
0 1 73852
0 1 73853
0 1 73854
0 1 73857
0 1 73861
0 1 73862
0 1 73865
0 1 73867
0 1 73870
0 1 73871
0 1 73872
0 1 73875
0 1 73878
0 1 73879
0 1 73882
0 1 73883
0 1 73884
0 1 73888
0 1 73889
0 1 73890
0 1 73891
0 1 73895
0 1 73896
0 1 73900
0 1 73905
0 1 73907
0 1 73909
0 1 73910
0 1 73911
0 1 73918
0 1 73919
0 1 73920
0 1 73923
0 1 73924
0 1 73926
0 1 73931
0 1 73934
0 1 73936
0 1 73937
0 1 73940
0 1 73941
0 1 73943
0 1 73951
0 1 73953
0 1 73958
0 1 73960
0 1 73962
0 1 73964
0 1 73967
0 1 73969
0 1 73971
0 1 73972
0 1 73973
0 1 73975
0 1 73980
0 1 73982
0 1 73983
0 1 73984
0 1 73986
0 1 73987
0 1 73988
0 1 73989
0 1 73990
0 1 73991
0 1 73992
0 1 73993
0 1 73994
0 1 73997
0 1 73998
0 1 73999
0 1 74002
0 1 74003
0 1 74004
0 1 74005
0 1 74006
0 1 74015
0 1 74016
0 1 74020
0 1 74021
0 1 74022
0 1 74024
0 1 74025
0 1 74026
0 1 74027
0 1 74029
0 1 74033
0 1 74034
0 1 74035
0 1 74038
0 1 74040
0 1 74044
0 1 74045
0 1 74046
0 1 74047
0 1 74048
0 1 74049
0 1 74050
0 1 74053
0 1 74057
0 1 74058
0 1 74061
0 1 74062
0 1 74063
0 1 74065
0 1 74067
0 1 74069
0 1 74072
0 1 74073
0 1 74075
0 1 74076
0 1 74078
0 1 74082
0 1 74085
0 1 74086
0 1 74088
0 1 74091
0 1 74092
0 1 74096
0 1 74097
0 1 74098
0 1 74100
0 1 74105
0 1 74107
0 1 74111
0 1 74113
0 1 74114
0 1 74116
0 1 74119
0 1 74121
0 1 74124
0 1 74125
0 1 74126
0 1 74127
0 1 74129
0 1 74130
0 1 74131
0 1 74132
0 1 74133
0 1 74135
0 1 74136
0 1 74139
0 1 74141
0 1 74143
0 1 74145
0 1 74146
0 1 74151
0 1 74153
0 1 74155
0 1 74162
0 1 74163
0 1 74177
0 1 74178
0 1 74182
0 1 74183
0 1 74185
0 1 74187
0 1 74188
0 1 74189
0 1 74190
0 1 74195
0 1 74200
0 1 74201
0 1 74203
0 1 74205
0 1 74207
0 1 74208
0 1 74209
0 1 74211
0 1 74212
0 1 74213
0 1 74214
0 1 74216
0 1 74217
0 1 74220
0 1 74223
0 1 74224
0 1 74225
0 1 74227
0 1 74233
0 1 74235
0 1 74239
0 1 74246
0 1 74247
0 1 74249
0 1 74250
0 1 74251
0 1 74254
0 1 74255
0 1 74257
0 1 74258
0 1 74260
0 1 74262
0 1 74266
0 1 74267
0 1 74272
0 1 74273
0 1 74274
0 1 74277
0 1 74278
0 1 74279
0 1 74282
0 1 74283
0 1 74284
0 1 74285
0 1 74286
0 1 74287
0 1 74293
0 1 74294
0 1 74296
0 1 74297
0 1 74298
0 1 74299
0 1 74300
0 1 74303
0 1 74307
0 1 74308
0 1 74309
0 1 74310
0 1 74312
0 1 74313
0 1 74316
0 1 74317
0 1 74323
0 1 74324
0 1 74328
0 1 74332
0 1 74333
0 1 74338
0 1 74340
0 1 74342
0 1 74343
0 1 74345
0 1 74349
0 1 74352
0 1 74354
0 1 74355
0 1 74360
0 1 74363
0 1 74364
0 1 74366
0 1 74368
0 1 74369
0 1 74370
0 1 74371
0 1 74372
0 1 74374
0 1 74376
0 1 74377
0 1 74378
0 1 74382
0 1 74385
0 1 74387
0 1 74388
0 1 74391
0 1 74392
0 1 74394
0 1 74396
0 1 74397
0 1 74399
0 1 74404
0 1 74406
0 1 74408
0 1 74409
0 1 74410
0 1 74412
0 1 74414
0 1 74416
0 1 74422
0 1 74423
0 1 74424
0 1 74428
0 1 74429
0 1 74430
0 1 74434
0 1 74435
0 1 74436
0 1 74437
0 1 74438
0 1 74440
0 1 74441
0 1 74442
0 1 74444
0 1 74446
0 1 74447
0 1 74449
0 1 74451
0 1 74452
0 1 74456
0 1 74457
0 1 74461
0 1 74462
0 1 74463
0 1 74474
0 1 74475
0 1 74476
0 1 74479
0 1 74481
0 1 74485
0 1 74486
0 1 74489
0 1 74492
0 1 74493
0 1 74494
0 1 74496
0 1 74497
0 1 74498
0 1 74499
0 1 74500
0 1 74501
0 1 74506
0 1 74509
0 1 74513
0 1 74514
0 1 74516
0 1 74518
0 1 74519
0 1 74520
0 1 74521
0 1 74525
0 1 74526
0 1 74527
0 1 74529
0 1 74530
0 1 74531
0 1 74532
0 1 74533
0 1 74536
0 1 74538
0 1 74539
0 1 74540
0 1 74541
0 1 74542
0 1 74543
0 1 74544
0 1 74545
0 1 74546
0 1 74550
0 1 74551
0 1 74554
0 1 74556
0 1 74557
0 1 74559
0 1 74561
0 1 74562
0 1 74565
0 1 74568
0 1 74569
0 1 74571
0 1 74572
0 1 74578
0 1 74579
0 1 74580
0 1 74583
0 1 74584
0 1 74588
0 1 74589
0 1 74590
0 1 74595
0 1 74596
0 1 74597
0 1 74598
0 1 74600
0 1 74602
0 1 74603
0 1 74605
0 1 74607
0 1 74608
0 1 74609
0 1 74610
0 1 74611
0 1 74612
0 1 74617
0 1 74620
0 1 74621
0 1 74622
0 1 74624
0 1 74625
0 1 74626
0 1 74627
0 1 74628
0 1 74629
0 1 74630
0 1 74631
0 1 74632
0 1 74633
0 1 74636
0 1 74640
0 1 74641
0 1 74642
0 1 74643
0 1 74648
0 1 74649
0 1 74651
0 1 74652
0 1 74654
0 1 74655
0 1 74658
0 1 74660
0 1 74661
0 1 74663
0 1 74664
0 1 74665
0 1 74666
0 1 74668
0 1 74669
0 1 74672
0 1 74673
0 1 74675
0 1 74676
0 1 74677
0 1 74678
0 1 74683
0 1 74684
0 1 74685
0 1 74686
0 1 74688
0 1 74692
0 1 74699
0 1 74700
0 1 74705
0 1 74707
0 1 74708
0 1 74709
0 1 74710
0 1 74711
0 1 74713
0 1 74715
0 1 74716
0 1 74719
0 1 74720
0 1 74721
0 1 74722
0 1 74723
0 1 74724
0 1 74725
0 1 74726
0 1 74727
0 1 74732
0 1 74736
0 1 74737
0 1 74738
0 1 74739
0 1 74742
0 1 74744
0 1 74745
0 1 74748
0 1 74750
0 1 74754
0 1 74755
0 1 74757
0 1 74759
0 1 74760
0 1 74761
0 1 74766
0 1 74767
0 1 74768
0 1 74770
0 1 74772
0 1 74774
0 1 74775
0 1 74777
0 1 74779
0 1 74781
0 1 74784
0 1 74785
0 1 74789
0 1 74792
0 1 74793
0 1 74796
0 1 74800
0 1 74806
0 1 74807
0 1 74808
0 1 74809
0 1 74811
0 1 74812
0 1 74813
0 1 74814
0 1 74815
0 1 74816
0 1 74819
0 1 74820
0 1 74822
0 1 74824
0 1 74826
0 1 74832
0 1 74833
0 1 74834
0 1 74840
0 1 74844
0 1 74845
0 1 74846
0 1 74847
0 1 74849
0 1 74851
0 1 74852
0 1 74854
0 1 74858
0 1 74860
0 1 74862
0 1 74863
0 1 74866
0 1 74869
0 1 74870
0 1 74873
0 1 74875
0 1 74878
0 1 74879
0 1 74883
0 1 74884
0 1 74885
0 1 74887
0 1 74896
0 1 74897
0 1 74899
0 1 74902
0 1 74904
0 1 74905
0 1 74906
0 1 74908
0 1 74914
0 1 74915
0 1 74917
0 1 74919
0 1 74920
0 1 74921
0 1 74922
0 1 74923
0 1 74927
0 1 74928
0 1 74929
0 1 74930
0 1 74934
0 1 74936
0 1 74937
0 1 74938
0 1 74942
0 1 74944
0 1 74945
0 1 74946
0 1 74947
0 1 74949
0 1 74953
0 1 74956
0 1 74957
0 1 74959
0 1 74961
0 1 74963
0 1 74965
0 1 74966
0 1 74968
0 1 74969
0 1 74970
0 1 74971
0 1 74973
0 1 74976
0 1 74977
0 1 74978
0 1 74979
0 1 74981
0 1 74983
0 1 74987
0 1 74988
0 1 74989
0 1 74991
0 1 74995
0 1 74997
0 1 75001
0 1 75004
0 1 75005
0 1 75007
0 1 75009
0 1 75011
0 1 75012
0 1 75013
0 1 75019
0 1 75020
0 1 75022
0 1 75025
0 1 75030
0 1 75031
0 1 75032
0 1 75034
0 1 75036
0 1 75037
0 1 75038
0 1 75039
0 1 75044
0 1 75045
0 1 75051
0 1 75054
0 1 75055
0 1 75060
0 1 75065
0 1 75067
0 1 75068
0 1 75072
0 1 75073
0 1 75074
0 1 75076
0 1 75082
0 1 75083
0 1 75084
0 1 75090
0 1 75091
0 1 75094
0 1 75096
0 1 75098
0 1 75099
0 1 75100
0 1 75101
0 1 75111
0 1 75114
0 1 75116
0 1 75117
0 1 75121
0 1 75122
0 1 75124
0 1 75125
0 1 75127
0 1 75129
0 1 75130
0 1 75131
0 1 75132
0 1 75133
0 1 75134
0 1 75136
0 1 75140
0 1 75143
0 1 75146
0 1 75147
0 1 75148
0 1 75151
0 1 75153
0 1 75154
0 1 75155
0 1 75156
0 1 75157
0 1 75159
0 1 75160
0 1 75162
0 1 75163
0 1 75164
0 1 75166
0 1 75169
0 1 75170
0 1 75171
0 1 75173
0 1 75174
0 1 75176
0 1 75177
0 1 75179
0 1 75180
0 1 75182
0 1 75185
0 1 75187
0 1 75189
0 1 75191
0 1 75192
0 1 75193
0 1 75195
0 1 75196
0 1 75197
0 1 75199
0 1 75200
0 1 75201
0 1 75202
0 1 75206
0 1 75207
0 1 75210
0 1 75214
0 1 75215
0 1 75217
0 1 75218
0 1 75221
0 1 75222
0 1 75223
0 1 75224
0 1 75225
0 1 75226
0 1 75229
0 1 75234
0 1 75237
0 1 75238
0 1 75239
0 1 75240
0 1 75241
0 1 75244
0 1 75245
0 1 75246
0 1 75249
0 1 75251
0 1 75258
0 1 75263
0 1 75267
0 1 75270
0 1 75271
0 1 75272
0 1 75273
0 1 75275
0 1 75278
0 1 75279
0 1 75280
0 1 75281
0 1 75283
0 1 75284
0 1 75285
0 1 75286
0 1 75288
0 1 75289
0 1 75292
0 1 75294
0 1 75296
0 1 75300
0 1 75302
0 1 75306
0 1 75307
0 1 75308
0 1 75309
0 1 75312
0 1 75313
0 1 75314
0 1 75315
0 1 75316
0 1 75317
0 1 75319
0 1 75320
0 1 75324
0 1 75328
0 1 75329
0 1 75332
0 1 75333
0 1 75335
0 1 75336
0 1 75339
0 1 75341
0 1 75346
0 1 75347
0 1 75351
0 1 75353
0 1 75357
0 1 75358
0 1 75362
0 1 75363
0 1 75364
0 1 75365
0 1 75366
0 1 75370
0 1 75371
0 1 75374
0 1 75375
0 1 75377
0 1 75378
0 1 75381
0 1 75382
0 1 75383
0 1 75384
0 1 75385
0 1 75387
0 1 75392
0 1 75396
0 1 75399
0 1 75403
0 1 75404
0 1 75408
0 1 75409
0 1 75410
0 1 75411
0 1 75414
0 1 75420
0 1 75421
0 1 75422
0 1 75426
0 1 75429
0 1 75430
0 1 75439
0 1 75441
0 1 75442
0 1 75444
0 1 75445
0 1 75446
0 1 75447
0 1 75453
0 1 75455
0 1 75457
0 1 75459
0 1 75464
0 1 75468
0 1 75473
0 1 75475
0 1 75477
0 1 75478
0 1 75480
0 1 75482
0 1 75485
0 1 75488
0 1 75489
0 1 75492
0 1 75493
0 1 75495
0 1 75498
0 1 75501
0 1 75502
0 1 75503
0 1 75505
0 1 75506
0 1 75507
0 1 75511
0 1 75513
0 1 75514
0 1 75517
0 1 75519
0 1 75521
0 1 75524
0 1 75525
0 1 75526
0 1 75528
0 1 75529
0 1 75532
0 1 75533
0 1 75534
0 1 75538
0 1 75539
0 1 75542
0 1 75543
0 1 75544
0 1 75548
0 1 75549
0 1 75553
0 1 75556
0 1 75558
0 1 75559
0 1 75560
0 1 75564
0 1 75565
0 1 75566
0 1 75567
0 1 75569
0 1 75571
0 1 75573
0 1 75576
0 1 75580
0 1 75582
0 1 75583
0 1 75589
0 1 75590
0 1 75591
0 1 75592
0 1 75593
0 1 75596
0 1 75598
0 1 75600
0 1 75602
0 1 75604
0 1 75605
0 1 75606
0 1 75607
0 1 75612
0 1 75613
0 1 75614
0 1 75615
0 1 75616
0 1 75619
0 1 75621
0 1 75622
0 1 75624
0 1 75625
0 1 75626
0 1 75629
0 1 75631
0 1 75632
0 1 75633
0 1 75638
0 1 75640
0 1 75642
0 1 75644
0 1 75645
0 1 75647
0 1 75653
0 1 75654
0 1 75657
0 1 75658
0 1 75659
0 1 75660
0 1 75666
0 1 75669
0 1 75670
0 1 75671
0 1 75672
0 1 75673
0 1 75674
0 1 75675
0 1 75676
0 1 75681
0 1 75683
0 1 75684
0 1 75685
0 1 75686
0 1 75687
0 1 75688
0 1 75689
0 1 75695
0 1 75700
0 1 75701
0 1 75702
0 1 75703
0 1 75706
0 1 75707
0 1 75708
0 1 75709
0 1 75713
0 1 75717
0 1 75719
0 1 75721
0 1 75722
0 1 75723
0 1 75725
0 1 75726
0 1 75727
0 1 75733
0 1 75734
0 1 75735
0 1 75736
0 1 75737
0 1 75738
0 1 75739
0 1 75744
0 1 75745
0 1 75746
0 1 75750
0 1 75751
0 1 75756
0 1 75758
0 1 75761
0 1 75762
0 1 75764
0 1 75765
0 1 75772
0 1 75773
0 1 75774
0 1 75776
0 1 75778
0 1 75779
0 1 75780
0 1 75783
0 1 75788
0 1 75789
0 1 75791
0 1 75792
0 1 75796
0 1 75799
0 1 75800
0 1 75801
0 1 75805
0 1 75807
0 1 75808
0 1 75809
0 1 75815
0 1 75816
0 1 75817
0 1 75820
0 1 75822
0 1 75823
0 1 75824
0 1 75825
0 1 75828
0 1 75830
0 1 75832
0 1 75833
0 1 75835
0 1 75838
0 1 75839
0 1 75840
0 1 75842
0 1 75844
0 1 75845
0 1 75846
0 1 75848
0 1 75849
0 1 75850
0 1 75851
0 1 75853
0 1 75854
0 1 75857
0 1 75858
0 1 75859
0 1 75860
0 1 75861
0 1 75862
0 1 75863
0 1 75864
0 1 75865
0 1 75867
0 1 75868
0 1 75871
0 1 75872
0 1 75873
0 1 75878
0 1 75879
0 1 75881
0 1 75882
0 1 75883
0 1 75884
0 1 75885
0 1 75888
0 1 75889
0 1 75891
0 1 75892
0 1 75894
0 1 75895
0 1 75897
0 1 75900
0 1 75902
0 1 75904
0 1 75908
0 1 75909
0 1 75911
0 1 75912
0 1 75913
0 1 75914
0 1 75915
0 1 75918
0 1 75919
0 1 75920
0 1 75921
0 1 75924
0 1 75925
0 1 75927
0 1 75928
0 1 75929
0 1 75932
0 1 75935
0 1 75937
0 1 75939
0 1 75942
0 1 75943
0 1 75944
0 1 75945
0 1 75950
0 1 75952
0 1 75955
0 1 75959
0 1 75960
0 1 75963
0 1 75964
0 1 75968
0 1 75975
0 1 75979
0 1 75981
0 1 75982
0 1 75985
0 1 75988
0 1 75989
0 1 75991
0 1 75992
0 1 75995
0 1 75998
0 1 76001
0 1 76002
0 1 76004
0 1 76007
0 1 76009
0 1 76010
0 1 76013
0 1 76014
0 1 76015
0 1 76016
0 1 76018
0 1 76020
0 1 76021
0 1 76024
0 1 76025
0 1 76026
0 1 76027
0 1 76029
0 1 76030
0 1 76031
0 1 76032
0 1 76033
0 1 76034
0 1 76035
0 1 76036
0 1 76038
0 1 76039
0 1 76041
0 1 76044
0 1 76048
0 1 76049
0 1 76050
0 1 76052
0 1 76053
0 1 76055
0 1 76056
0 1 76061
0 1 76062
0 1 76063
0 1 76065
0 1 76068
0 1 76069
0 1 76074
0 1 76075
0 1 76076
0 1 76077
0 1 76078
0 1 76085
0 1 76086
0 1 76087
0 1 76088
0 1 76089
0 1 76091
0 1 76094
0 1 76096
0 1 76097
0 1 76098
0 1 76100
0 1 76101
0 1 76103
0 1 76105
0 1 76106
0 1 76107
0 1 76118
0 1 76119
0 1 76120
0 1 76121
0 1 76122
0 1 76124
0 1 76127
0 1 76128
0 1 76130
0 1 76131
0 1 76133
0 1 76134
0 1 76135
0 1 76137
0 1 76144
0 1 76145
0 1 76147
0 1 76149
0 1 76150
0 1 76153
0 1 76155
0 1 76158
0 1 76159
0 1 76160
0 1 76161
0 1 76162
0 1 76164
0 1 76167
0 1 76168
0 1 76170
0 1 76171
0 1 76173
0 1 76175
0 1 76178
0 1 76179
0 1 76181
0 1 76182
0 1 76183
0 1 76184
0 1 76187
0 1 76188
0 1 76189
0 1 76192
0 1 76195
0 1 76200
0 1 76201
0 1 76205
0 1 76207
0 1 76208
0 1 76209
0 1 76212
0 1 76213
0 1 76214
0 1 76215
0 1 76216
0 1 76220
0 1 76222
0 1 76223
0 1 76225
0 1 76227
0 1 76228
0 1 76230
0 1 76232
0 1 76233
0 1 76235
0 1 76237
0 1 76242
0 1 76243
0 1 76244
0 1 76245
0 1 76246
0 1 76247
0 1 76250
0 1 76252
0 1 76254
0 1 76255
0 1 76256
0 1 76258
0 1 76259
0 1 76261
0 1 76263
0 1 76264
0 1 76267
0 1 76268
0 1 76269
0 1 76270
0 1 76274
0 1 76277
0 1 76279
0 1 76280
0 1 76282
0 1 76283
0 1 76285
0 1 76286
0 1 76290
0 1 76291
0 1 76292
0 1 76293
0 1 76294
0 1 76295
0 1 76297
0 1 76299
0 1 76300
0 1 76304
0 1 76306
0 1 76310
0 1 76311
0 1 76312
0 1 76313
0 1 76315
0 1 76318
0 1 76321
0 1 76322
0 1 76323
0 1 76324
0 1 76325
0 1 76327
0 1 76328
0 1 76329
0 1 76330
0 1 76332
0 1 76334
0 1 76335
0 1 76337
0 1 76339
0 1 76341
0 1 76346
0 1 76347
0 1 76348
0 1 76349
0 1 76350
0 1 76351
0 1 76353
0 1 76356
0 1 76357
0 1 76360
0 1 76363
0 1 76364
0 1 76368
0 1 76369
0 1 76371
0 1 76372
0 1 76373
0 1 76375
0 1 76381
0 1 76382
0 1 76383
0 1 76384
0 1 76385
0 1 76387
0 1 76388
0 1 76389
0 1 76392
0 1 76393
0 1 76395
0 1 76396
0 1 76398
0 1 76400
0 1 76405
0 1 76407
0 1 76411
0 1 76412
0 1 76413
0 1 76414
0 1 76415
0 1 76416
0 1 76418
0 1 76423
0 1 76426
0 1 76428
0 1 76429
0 1 76431
0 1 76432
0 1 76435
0 1 76436
0 1 76437
0 1 76440
0 1 76442
0 1 76444
0 1 76445
0 1 76446
0 1 76447
0 1 76448
0 1 76449
0 1 76450
0 1 76451
0 1 76452
0 1 76454
0 1 76455
0 1 76457
0 1 76458
0 1 76459
0 1 76460
0 1 76461
0 1 76462
0 1 76463
0 1 76464
0 1 76467
0 1 76468
0 1 76469
0 1 76471
0 1 76472
0 1 76479
0 1 76480
0 1 76481
0 1 76482
0 1 76483
0 1 76485
0 1 76486
0 1 76487
0 1 76488
0 1 76491
0 1 76492
0 1 76494
0 1 76496
0 1 76498
0 1 76499
0 1 76500
0 1 76501
0 1 76502
0 1 76506
0 1 76509
0 1 76510
0 1 76511
0 1 76512
0 1 76513
0 1 76518
0 1 76520
0 1 76523
0 1 76527
0 1 76529
0 1 76533
0 1 76535
0 1 76536
0 1 76538
0 1 76539
0 1 76540
0 1 76541
0 1 76542
0 1 76544
0 1 76545
0 1 76551
0 1 76552
0 1 76553
0 1 76555
0 1 76556
0 1 76557
0 1 76558
0 1 76560
0 1 76561
0 1 76562
0 1 76563
0 1 76566
0 1 76572
0 1 76573
0 1 76574
0 1 76575
0 1 76577
0 1 76579
0 1 76580
0 1 76581
0 1 76582
0 1 76586
0 1 76589
0 1 76590
0 1 76591
0 1 76595
0 1 76596
0 1 76597
0 1 76598
0 1 76599
0 1 76606
0 1 76607
0 1 76608
0 1 76609
0 1 76610
0 1 76612
0 1 76613
0 1 76615
0 1 76618
0 1 76619
0 1 76620
0 1 76621
0 1 76622
0 1 76625
0 1 76626
0 1 76627
0 1 76628
0 1 76630
0 1 76631
0 1 76632
0 1 76634
0 1 76635
0 1 76637
0 1 76640
0 1 76642
0 1 76643
0 1 76646
0 1 76647
0 1 76650
0 1 76651
0 1 76654
0 1 76656
0 1 76657
0 1 76658
0 1 76659
0 1 76661
0 1 76662
0 1 76665
0 1 76666
0 1 76667
0 1 76668
0 1 76671
0 1 76672
0 1 76675
0 1 76676
0 1 76677
0 1 76678
0 1 76680
0 1 76682
0 1 76683
0 1 76689
0 1 76690
0 1 76694
0 1 76695
0 1 76698
0 1 76699
0 1 76700
0 1 76703
0 1 76704
0 1 76707
0 1 76708
0 1 76711
0 1 76712
0 1 76713
0 1 76714
0 1 76717
0 1 76718
0 1 76722
0 1 76723
0 1 76724
0 1 76725
0 1 76726
0 1 76727
0 1 76728
0 1 76731
0 1 76732
0 1 76734
0 1 76737
0 1 76739
0 1 76742
0 1 76744
0 1 76745
0 1 76748
0 1 76751
0 1 76755
0 1 76756
0 1 76757
0 1 76759
0 1 76760
0 1 76762
0 1 76763
0 1 76764
0 1 76765
0 1 76769
0 1 76770
0 1 76772
0 1 76773
0 1 76775
0 1 76778
0 1 76782
0 1 76783
0 1 76784
0 1 76786
0 1 76788
0 1 76789
0 1 76790
0 1 76791
0 1 76795
0 1 76797
0 1 76798
0 1 76801
0 1 76802
0 1 76804
0 1 76805
0 1 76808
0 1 76809
0 1 76816
0 1 76817
0 1 76818
0 1 76819
0 1 76824
0 1 76827
0 1 76830
0 1 76831
0 1 76832
0 1 76833
0 1 76834
0 1 76835
0 1 76841
0 1 76843
0 1 76845
0 1 76846
0 1 76848
0 1 76849
0 1 76851
0 1 76852
0 1 76853
0 1 76854
0 1 76855
0 1 76856
0 1 76857
0 1 76860
0 1 76861
0 1 76863
0 1 76870
0 1 76871
0 1 76872
0 1 76873
0 1 76874
0 1 76875
0 1 76878
0 1 76883
0 1 76884
0 1 76890
0 1 76891
0 1 76893
0 1 76894
0 1 76895
0 1 76896
0 1 76899
0 1 76901
0 1 76902
0 1 76903
0 1 76906
0 1 76912
0 1 76913
0 1 76920
0 1 76928
0 1 76930
0 1 76931
0 1 76932
0 1 76934
0 1 76936
0 1 76937
0 1 76939
0 1 76941
0 1 76944
0 1 76945
0 1 76948
0 1 76950
0 1 76952
0 1 76954
0 1 76956
0 1 76957
0 1 76959
0 1 76963
0 1 76964
0 1 76965
0 1 76967
0 1 76968
0 1 76973
0 1 76975
0 1 76976
0 1 76977
0 1 76979
0 1 76981
0 1 76988
0 1 76992
0 1 76993
0 1 76995
0 1 76997
0 1 76999
0 1 77000
0 1 77005
0 1 77006
0 1 77008
0 1 77009
0 1 77010
0 1 77012
0 1 77014
0 1 77016
0 1 77019
0 1 77021
0 1 77022
0 1 77023
0 1 77025
0 1 77026
0 1 77029
0 1 77033
0 1 77035
0 1 77039
0 1 77040
0 1 77041
0 1 77042
0 1 77043
0 1 77045
0 1 77046
0 1 77047
0 1 77051
0 1 77052
0 1 77053
0 1 77054
0 1 77056
0 1 77057
0 1 77062
0 1 77064
0 1 77069
0 1 77073
0 1 77075
0 1 77077
0 1 77078
0 1 77083
0 1 77084
0 1 77085
0 1 77086
0 1 77087
0 1 77088
0 1 77090
0 1 77091
0 1 77093
0 1 77097
0 1 77098
0 1 77099
0 1 77101
0 1 77105
0 1 77108
0 1 77110
0 1 77112
0 1 77116
0 1 77120
0 1 77121
0 1 77125
0 1 77127
0 1 77128
0 1 77129
0 1 77130
0 1 77131
0 1 77132
0 1 77134
0 1 77135
0 1 77137
0 1 77138
0 1 77139
0 1 77140
0 1 77143
0 1 77147
0 1 77151
0 1 77152
0 1 77154
0 1 77157
0 1 77158
0 1 77163
0 1 77164
0 1 77166
0 1 77167
0 1 77168
0 1 77170
0 1 77171
0 1 77172
0 1 77174
0 1 77177
0 1 77178
0 1 77180
0 1 77181
0 1 77182
0 1 77184
0 1 77185
0 1 77186
0 1 77187
0 1 77188
0 1 77190
0 1 77191
0 1 77192
0 1 77195
0 1 77197
0 1 77199
0 1 77200
0 1 77202
0 1 77203
0 1 77204
0 1 77205
0 1 77207
0 1 77210
0 1 77213
0 1 77214
0 1 77215
0 1 77222
0 1 77223
0 1 77224
0 1 77225
0 1 77226
0 1 77228
0 1 77229
0 1 77230
0 1 77231
0 1 77232
0 1 77235
0 1 77238
0 1 77239
0 1 77243
0 1 77246
0 1 77247
0 1 77251
0 1 77252
0 1 77253
0 1 77255
0 1 77256
0 1 77257
0 1 77258
0 1 77259
0 1 77263
0 1 77264
0 1 77266
0 1 77267
0 1 77268
0 1 77273
0 1 77274
0 1 77277
0 1 77281
0 1 77284
0 1 77285
0 1 77289
0 1 77290
0 1 77291
0 1 77293
0 1 77297
0 1 77303
0 1 77307
0 1 77308
0 1 77315
0 1 77316
0 1 77317
0 1 77318
0 1 77324
0 1 77325
0 1 77326
0 1 77327
0 1 77328
0 1 77330
0 1 77336
0 1 77340
0 1 77345
0 1 77346
0 1 77349
0 1 77352
0 1 77354
0 1 77355
0 1 77359
0 1 77360
0 1 77361
0 1 77363
0 1 77366
0 1 77368
0 1 77369
0 1 77372
0 1 77373
0 1 77375
0 1 77376
0 1 77383
0 1 77385
0 1 77387
0 1 77389
0 1 77390
0 1 77392
0 1 77394
0 1 77397
0 1 77398
0 1 77399
0 1 77405
0 1 77408
0 1 77409
0 1 77415
0 1 77417
0 1 77419
0 1 77422
0 1 77423
0 1 77425
0 1 77427
0 1 77428
0 1 77431
0 1 77435
0 1 77440
0 1 77441
0 1 77443
0 1 77444
0 1 77447
0 1 77451
0 1 77452
0 1 77453
0 1 77455
0 1 77456
0 1 77459
0 1 77460
0 1 77463
0 1 77465
0 1 77466
0 1 77467
0 1 77468
0 1 77469
0 1 77471
0 1 77472
0 1 77473
0 1 77475
0 1 77476
0 1 77477
0 1 77482
0 1 77484
0 1 77486
0 1 77487
0 1 77491
0 1 77492
0 1 77493
0 1 77497
0 1 77499
0 1 77500
0 1 77501
0 1 77506
0 1 77508
0 1 77510
0 1 77516
0 1 77519
0 1 77521
0 1 77522
0 1 77523
0 1 77526
0 1 77527
0 1 77528
0 1 77532
0 1 77533
0 1 77535
0 1 77538
0 1 77539
0 1 77540
0 1 77541
0 1 77542
0 1 77543
0 1 77548
0 1 77550
0 1 77551
0 1 77553
0 1 77556
0 1 77557
0 1 77559
0 1 77563
0 1 77567
0 1 77571
0 1 77572
0 1 77573
0 1 77575
0 1 77578
0 1 77581
0 1 77583
0 1 77586
0 1 77587
0 1 77588
0 1 77593
0 1 77599
0 1 77600
0 1 77602
0 1 77606
0 1 77609
0 1 77612
0 1 77613
0 1 77614
0 1 77616
0 1 77622
0 1 77623
0 1 77624
0 1 77625
0 1 77627
0 1 77630
0 1 77631
0 1 77636
0 1 77642
0 1 77644
0 1 77645
0 1 77646
0 1 77647
0 1 77648
0 1 77649
0 1 77651
0 1 77653
0 1 77654
0 1 77655
0 1 77656
0 1 77657
0 1 77658
0 1 77662
0 1 77664
0 1 77666
0 1 77667
0 1 77668
0 1 77670
0 1 77672
0 1 77674
0 1 77675
0 1 77677
0 1 77678
0 1 77680
0 1 77683
0 1 77685
0 1 77687
0 1 77689
0 1 77691
0 1 77693
0 1 77694
0 1 77696
0 1 77697
0 1 77699
0 1 77702
0 1 77706
0 1 77708
0 1 77709
0 1 77710
0 1 77711
0 1 77713
0 1 77716
0 1 77717
0 1 77718
0 1 77722
0 1 77727
0 1 77728
0 1 77730
0 1 77731
0 1 77736
0 1 77737
0 1 77740
0 1 77741
0 1 77746
0 1 77747
0 1 77748
0 1 77756
0 1 77759
0 1 77761
0 1 77762
0 1 77764
0 1 77768
0 1 77769
0 1 77770
0 1 77771
0 1 77772
0 1 77776
0 1 77778
0 1 77779
0 1 77780
0 1 77781
0 1 77784
0 1 77785
0 1 77788
0 1 77789
0 1 77792
0 1 77793
0 1 77798
0 1 77799
0 1 77800
0 1 77801
0 1 77803
0 1 77804
0 1 77806
0 1 77807
0 1 77808
0 1 77813
0 1 77815
0 1 77816
0 1 77817
0 1 77818
0 1 77819
0 1 77821
0 1 77824
0 1 77827
0 1 77828
0 1 77829
0 1 77830
0 1 77831
0 1 77832
0 1 77835
0 1 77837
0 1 77838
0 1 77840
0 1 77844
0 1 77845
0 1 77847
0 1 77850
0 1 77856
0 1 77860
0 1 77861
0 1 77863
0 1 77865
0 1 77867
0 1 77872
0 1 77879
0 1 77880
0 1 77884
0 1 77885
0 1 77886
0 1 77888
0 1 77889
0 1 77890
0 1 77892
0 1 77893
0 1 77896
0 1 77897
0 1 77901
0 1 77904
0 1 77905
0 1 77909
0 1 77910
0 1 77911
0 1 77912
0 1 77914
0 1 77915
0 1 77917
0 1 77921
0 1 77922
0 1 77926
0 1 77927
0 1 77932
0 1 77937
0 1 77939
0 1 77940
0 1 77942
0 1 77945
0 1 77948
0 1 77954
0 1 77955
0 1 77957
0 1 77960
0 1 77962
0 1 77963
0 1 77964
0 1 77966
0 1 77968
0 1 77971
0 1 77973
0 1 77974
0 1 77975
0 1 77980
0 1 77982
0 1 77984
0 1 77985
0 1 77987
0 1 77990
0 1 77991
0 1 77992
0 1 77993
0 1 77994
0 1 78000
0 1 78002
0 1 78004
0 1 78005
0 1 78007
0 1 78008
0 1 78012
0 1 78016
0 1 78018
0 1 78020
0 1 78021
0 1 78023
0 1 78024
0 1 78025
0 1 78027
0 1 78029
0 1 78030
0 1 78031
0 1 78034
0 1 78036
0 1 78039
0 1 78040
0 1 78042
0 1 78043
0 1 78045
0 1 78046
0 1 78048
0 1 78049
0 1 78050
0 1 78051
0 1 78055
0 1 78056
0 1 78058
0 1 78060
0 1 78064
0 1 78066
0 1 78067
0 1 78068
0 1 78074
0 1 78075
0 1 78077
0 1 78078
0 1 78079
0 1 78082
0 1 78083
0 1 78084
0 1 78085
0 1 78087
0 1 78088
0 1 78091
0 1 78095
0 1 78096
0 1 78098
0 1 78100
0 1 78102
0 1 78103
0 1 78104
0 1 78106
0 1 78109
0 1 78112
0 1 78120
0 1 78121
0 1 78122
0 1 78125
0 1 78128
0 1 78132
0 1 78134
0 1 78135
0 1 78141
0 1 78142
0 1 78146
0 1 78147
0 1 78151
0 1 78153
0 1 78155
0 1 78158
0 1 78160
0 1 78161
0 1 78163
0 1 78165
0 1 78168
0 1 78173
0 1 78175
0 1 78177
0 1 78180
0 1 78182
0 1 78183
0 1 78191
0 1 78192
0 1 78195
0 1 78196
0 1 78197
0 1 78198
0 1 78199
0 1 78200
0 1 78201
0 1 78204
0 1 78207
0 1 78210
0 1 78213
0 1 78215
0 1 78216
0 1 78217
0 1 78219
0 1 78220
0 1 78221
0 1 78222
0 1 78228
0 1 78229
0 1 78231
0 1 78232
0 1 78233
0 1 78235
0 1 78238
0 1 78239
0 1 78241
0 1 78242
0 1 78243
0 1 78246
0 1 78247
0 1 78248
0 1 78249
0 1 78251
0 1 78253
0 1 78255
0 1 78257
0 1 78260
0 1 78262
0 1 78263
0 1 78264
0 1 78265
0 1 78268
0 1 78269
0 1 78270
0 1 78272
0 1 78273
0 1 78274
0 1 78275
0 1 78277
0 1 78278
0 1 78281
0 1 78284
0 1 78285
0 1 78287
0 1 78291
0 1 78296
0 1 78297
0 1 78299
0 1 78301
0 1 78303
0 1 78304
0 1 78307
0 1 78308
0 1 78313
0 1 78315
0 1 78316
0 1 78322
0 1 78324
0 1 78325
0 1 78328
0 1 78333
0 1 78338
0 1 78339
0 1 78341
0 1 78342
0 1 78343
0 1 78345
0 1 78347
0 1 78348
0 1 78349
0 1 78350
0 1 78351
0 1 78354
0 1 78356
0 1 78359
0 1 78360
0 1 78366
0 1 78367
0 1 78368
0 1 78370
0 1 78371
0 1 78374
0 1 78382
0 1 78383
0 1 78384
0 1 78389
0 1 78393
0 1 78394
0 1 78395
0 1 78397
0 1 78398
0 1 78402
0 1 78403
0 1 78404
0 1 78406
0 1 78407
0 1 78408
0 1 78409
0 1 78410
0 1 78411
0 1 78412
0 1 78415
0 1 78417
0 1 78418
0 1 78420
0 1 78421
0 1 78428
0 1 78429
0 1 78430
0 1 78431
0 1 78433
0 1 78434
0 1 78437
0 1 78444
0 1 78446
0 1 78447
0 1 78448
0 1 78453
0 1 78456
0 1 78457
0 1 78458
0 1 78461
0 1 78462
0 1 78463
0 1 78464
0 1 78465
0 1 78466
0 1 78467
0 1 78472
0 1 78473
0 1 78474
0 1 78475
0 1 78476
0 1 78477
0 1 78478
0 1 78480
0 1 78481
0 1 78482
0 1 78484
0 1 78485
0 1 78486
0 1 78487
0 1 78493
0 1 78498
0 1 78499
0 1 78500
0 1 78501
0 1 78503
0 1 78504
0 1 78505
0 1 78507
0 1 78510
0 1 78511
0 1 78514
0 1 78515
0 1 78516
0 1 78518
0 1 78519
0 1 78520
0 1 78521
0 1 78525
0 1 78529
0 1 78530
0 1 78532
0 1 78535
0 1 78537
0 1 78538
0 1 78540
0 1 78541
0 1 78542
0 1 78543
0 1 78544
0 1 78545
0 1 78546
0 1 78548
0 1 78550
0 1 78554
0 1 78555
0 1 78556
0 1 78559
0 1 78560
0 1 78562
0 1 78564
0 1 78570
0 1 78575
0 1 78578
0 1 78579
0 1 78581
0 1 78583
0 1 78584
0 1 78585
0 1 78586
0 1 78589
0 1 78590
0 1 78591
0 1 78592
0 1 78595
0 1 78597
0 1 78598
0 1 78601
0 1 78604
0 1 78605
0 1 78608
0 1 78609
0 1 78612
0 1 78623
0 1 78626
0 1 78627
0 1 78628
0 1 78629
0 1 78630
0 1 78631
0 1 78632
0 1 78633
0 1 78639
0 1 78641
0 1 78642
0 1 78643
0 1 78644
0 1 78646
0 1 78649
0 1 78651
0 1 78652
0 1 78654
0 1 78659
0 1 78660
0 1 78662
0 1 78664
0 1 78665
0 1 78668
0 1 78669
0 1 78670
0 1 78672
0 1 78674
0 1 78675
0 1 78676
0 1 78677
0 1 78678
0 1 78679
0 1 78681
0 1 78686
0 1 78688
0 1 78689
0 1 78691
0 1 78692
0 1 78699
0 1 78700
0 1 78702
0 1 78703
0 1 78705
0 1 78708
0 1 78709
0 1 78712
0 1 78713
0 1 78714
0 1 78715
0 1 78718
0 1 78719
0 1 78722
0 1 78723
0 1 78724
0 1 78729
0 1 78730
0 1 78732
0 1 78734
0 1 78735
0 1 78736
0 1 78738
0 1 78739
0 1 78740
0 1 78746
0 1 78748
0 1 78749
0 1 78756
0 1 78758
0 1 78759
0 1 78760
0 1 78766
0 1 78769
0 1 78770
0 1 78771
0 1 78773
0 1 78776
0 1 78779
0 1 78781
0 1 78782
0 1 78783
0 1 78787
0 1 78789
0 1 78792
0 1 78793
0 1 78794
0 1 78797
0 1 78799
0 1 78803
0 1 78805
0 1 78809
0 1 78811
0 1 78816
0 1 78817
0 1 78818
0 1 78820
0 1 78822
0 1 78825
0 1 78827
0 1 78828
0 1 78829
0 1 78831
0 1 78834
0 1 78835
0 1 78836
0 1 78837
0 1 78838
0 1 78839
0 1 78840
0 1 78841
0 1 78844
0 1 78850
0 1 78851
0 1 78852
0 1 78860
0 1 78861
0 1 78863
0 1 78866
0 1 78867
0 1 78868
0 1 78869
0 1 78870
0 1 78872
0 1 78873
0 1 78879
0 1 78885
0 1 78887
0 1 78897
0 1 78898
0 1 78904
0 1 78905
0 1 78906
0 1 78907
0 1 78909
0 1 78913
0 1 78914
0 1 78915
0 1 78916
0 1 78919
0 1 78921
0 1 78922
0 1 78923
0 1 78925
0 1 78927
0 1 78928
0 1 78929
0 1 78934
0 1 78935
0 1 78936
0 1 78937
0 1 78938
0 1 78943
0 1 78944
0 1 78946
0 1 78947
0 1 78949
0 1 78951
0 1 78952
0 1 78953
0 1 78955
0 1 78956
0 1 78957
0 1 78958
0 1 78960
0 1 78961
0 1 78963
0 1 78967
0 1 78968
0 1 78970
0 1 78971
0 1 78973
0 1 78976
0 1 78978
0 1 78980
0 1 78984
0 1 78986
0 1 78987
0 1 78988
0 1 78992
0 1 78994
0 1 78995
0 1 78996
0 1 78997
0 1 79000
0 1 79001
0 1 79002
0 1 79003
0 1 79005
0 1 79008
0 1 79009
0 1 79012
0 1 79015
0 1 79016
0 1 79018
0 1 79019
0 1 79021
0 1 79022
0 1 79023
0 1 79024
0 1 79025
0 1 79026
0 1 79027
0 1 79028
0 1 79029
0 1 79031
0 1 79032
0 1 79034
0 1 79035
0 1 79037
0 1 79038
0 1 79041
0 1 79044
0 1 79046
0 1 79051
0 1 79053
0 1 79055
0 1 79058
0 1 79059
0 1 79061
0 1 79062
0 1 79065
0 1 79066
0 1 79070
0 1 79072
0 1 79074
0 1 79076
0 1 79077
0 1 79078
0 1 79080
0 1 79081
0 1 79084
0 1 79085
0 1 79088
0 1 79089
0 1 79090
0 1 79093
0 1 79109
0 1 79110
0 1 79111
0 1 79112
0 1 79117
0 1 79118
0 1 79119
0 1 79120
0 1 79123
0 1 79124
0 1 79125
0 1 79126
0 1 79132
0 1 79133
0 1 79134
0 1 79135
0 1 79136
0 1 79137
0 1 79138
0 1 79142
0 1 79144
0 1 79145
0 1 79148
0 1 79149
0 1 79151
0 1 79153
0 1 79155
0 1 79157
0 1 79162
0 1 79164
0 1 79165
0 1 79166
0 1 79167
0 1 79168
0 1 79170
0 1 79174
0 1 79176
0 1 79179
0 1 79180
0 1 79185
0 1 79186
0 1 79189
0 1 79192
0 1 79194
0 1 79196
0 1 79197
0 1 79198
0 1 79202
0 1 79205
0 1 79207
0 1 79208
0 1 79209
0 1 79210
0 1 79214
0 1 79216
0 1 79217
0 1 79218
0 1 79224
0 1 79228
0 1 79229
0 1 79230
0 1 79231
0 1 79233
0 1 79234
0 1 79235
0 1 79236
0 1 79239
0 1 79241
0 1 79243
0 1 79244
0 1 79247
0 1 79248
0 1 79250
0 1 79251
0 1 79253
0 1 79254
0 1 79257
0 1 79258
0 1 79259
0 1 79263
0 1 79264
0 1 79265
0 1 79267
0 1 79268
0 1 79269
0 1 79272
0 1 79273
0 1 79274
0 1 79275
0 1 79277
0 1 79278
0 1 79280
0 1 79281
0 1 79282
0 1 79284
0 1 79286
0 1 79287
0 1 79290
0 1 79297
0 1 79299
0 1 79305
0 1 79309
0 1 79310
0 1 79315
0 1 79317
0 1 79321
0 1 79322
0 1 79324
0 1 79325
0 1 79326
0 1 79327
0 1 79330
0 1 79331
0 1 79333
0 1 79334
0 1 79335
0 1 79336
0 1 79337
0 1 79339
0 1 79341
0 1 79342
0 1 79345
0 1 79347
0 1 79348
0 1 79349
0 1 79351
0 1 79352
0 1 79354
0 1 79359
0 1 79360
0 1 79366
0 1 79367
0 1 79372
0 1 79373
0 1 79375
0 1 79377
0 1 79378
0 1 79380
0 1 79387
0 1 79388
0 1 79389
0 1 79390
0 1 79391
0 1 79394
0 1 79396
0 1 79397
0 1 79398
0 1 79400
0 1 79403
0 1 79406
0 1 79407
0 1 79409
0 1 79411
0 1 79414
0 1 79419
0 1 79421
0 1 79422
0 1 79424
0 1 79426
0 1 79428
0 1 79431
0 1 79432
0 1 79433
0 1 79434
0 1 79435
0 1 79436
0 1 79438
0 1 79445
0 1 79447
0 1 79449
0 1 79450
0 1 79451
0 1 79452
0 1 79455
0 1 79458
0 1 79460
0 1 79463
0 1 79467
0 1 79468
0 1 79472
0 1 79474
0 1 79475
0 1 79476
0 1 79478
0 1 79480
0 1 79482
0 1 79483
0 1 79486
0 1 79487
0 1 79491
0 1 79492
0 1 79495
0 1 79498
0 1 79499
0 1 79501
0 1 79503
0 1 79504
0 1 79505
0 1 79506
0 1 79507
0 1 79509
0 1 79510
0 1 79511
0 1 79512
0 1 79514
0 1 79516
0 1 79519
0 1 79521
0 1 79522
0 1 79525
0 1 79527
0 1 79528
0 1 79530
0 1 79531
0 1 79532
0 1 79536
0 1 79537
0 1 79538
0 1 79539
0 1 79540
0 1 79543
0 1 79546
0 1 79548
0 1 79551
0 1 79553
0 1 79554
0 1 79558
0 1 79560
0 1 79563
0 1 79566
0 1 79567
0 1 79572
0 1 79573
0 1 79576
0 1 79579
0 1 79580
0 1 79582
0 1 79586
0 1 79587
0 1 79590
0 1 79596
0 1 79598
0 1 79599
0 1 79600
0 1 79601
0 1 79602
0 1 79604
0 1 79605
0 1 79606
0 1 79610
0 1 79611
0 1 79612
0 1 79614
0 1 79615
0 1 79616
0 1 79619
0 1 79620
0 1 79622
0 1 79627
0 1 79629
0 1 79632
0 1 79635
0 1 79636
0 1 79637
0 1 79642
0 1 79643
0 1 79645
0 1 79646
0 1 79647
0 1 79648
0 1 79650
0 1 79651
0 1 79652
0 1 79656
0 1 79658
0 1 79659
0 1 79660
0 1 79661
0 1 79663
0 1 79665
0 1 79667
0 1 79669
0 1 79674
0 1 79675
0 1 79676
0 1 79677
0 1 79678
0 1 79681
0 1 79683
0 1 79684
0 1 79687
0 1 79689
0 1 79692
0 1 79693
0 1 79694
0 1 79700
0 1 79701
0 1 79703
0 1 79705
0 1 79707
0 1 79710
0 1 79711
0 1 79714
0 1 79716
0 1 79718
0 1 79719
0 1 79724
0 1 79726
0 1 79727
0 1 79728
0 1 79730
0 1 79731
0 1 79732
0 1 79733
0 1 79734
0 1 79736
0 1 79737
0 1 79741
0 1 79743
0 1 79745
0 1 79747
0 1 79748
0 1 79749
0 1 79750
0 1 79751
0 1 79753
0 1 79754
0 1 79755
0 1 79756
0 1 79763
0 1 79765
0 1 79766
0 1 79768
0 1 79769
0 1 79771
0 1 79773
0 1 79775
0 1 79776
0 1 79777
0 1 79778
0 1 79779
0 1 79780
0 1 79781
0 1 79782
0 1 79783
0 1 79786
0 1 79788
0 1 79789
0 1 79790
0 1 79793
0 1 79794
0 1 79797
0 1 79798
0 1 79802
0 1 79803
0 1 79804
0 1 79806
0 1 79807
0 1 79810
0 1 79811
0 1 79814
0 1 79816
0 1 79817
0 1 79818
0 1 79820
0 1 79824
0 1 79827
0 1 79829
0 1 79832
0 1 79833
0 1 79834
0 1 79835
0 1 79836
0 1 79840
0 1 79843
0 1 79845
0 1 79846
0 1 79847
0 1 79849
0 1 79850
0 1 79851
0 1 79852
0 1 79853
0 1 79854
0 1 79855
0 1 79860
0 1 79867
0 1 79868
0 1 79871
0 1 79876
0 1 79878
0 1 79879
0 1 79882
0 1 79884
0 1 79888
0 1 79889
0 1 79890
0 1 79891
0 1 79892
0 1 79893
0 1 79894
0 1 79895
0 1 79896
0 1 79897
0 1 79898
0 1 79899
0 1 79900
0 1 79904
0 1 79908
0 1 79909
0 1 79911
0 1 79912
0 1 79914
0 1 79915
0 1 79919
0 1 79920
0 1 79923
0 1 79927
0 1 79928
0 1 79929
0 1 79932
0 1 79934
0 1 79936
0 1 79938
0 1 79940
0 1 79941
0 1 79942
0 1 79943
0 1 79944
0 1 79947
0 1 79949
0 1 79951
0 1 79953
0 1 79954
0 1 79955
0 1 79959
0 1 79963
0 1 79965
0 1 79966
0 1 79968
0 1 79975
0 1 79976
0 1 79977
0 1 79980
0 1 79983
0 1 79986
0 1 79987
0 1 79991
0 1 79992
0 1 79994
0 1 79995
0 1 79997
0 1 79998
0 1 79999
0 1 80000
0 1 80001
0 1 80003
0 1 80004
0 1 80005
0 1 80008
0 1 80009
0 1 80011
0 1 80012
0 1 80013
0 1 80017
0 1 80018
0 1 80021
0 1 80022
0 1 80023
0 1 80027
0 1 80028
0 1 80030
0 1 80031
0 1 80034
0 1 80038
0 1 80040
0 1 80041
0 1 80042
0 1 80044
0 1 80045
0 1 80047
0 1 80049
0 1 80050
0 1 80051
0 1 80054
0 1 80055
0 1 80056
0 1 80058
0 1 80060
0 1 80061
0 1 80064
0 1 80065
0 1 80070
0 1 80074
0 1 80075
0 1 80076
0 1 80078
0 1 80079
0 1 80080
0 1 80081
0 1 80082
0 1 80083
0 1 80084
0 1 80090
0 1 80091
0 1 80092
0 1 80093
0 1 80095
0 1 80096
0 1 80097
0 1 80099
0 1 80102
0 1 80103
0 1 80105
0 1 80107
0 1 80112
0 1 80114
0 1 80116
0 1 80118
0 1 80119
0 1 80123
0 1 80125
0 1 80126
0 1 80131
0 1 80132
0 1 80134
0 1 80136
0 1 80138
0 1 80141
0 1 80142
0 1 80143
0 1 80144
0 1 80145
0 1 80146
0 1 80147
0 1 80148
0 1 80151
0 1 80152
0 1 80155
0 1 80157
0 1 80162
0 1 80164
0 1 80165
0 1 80167
0 1 80169
0 1 80170
0 1 80171
0 1 80174
0 1 80175
0 1 80178
0 1 80180
0 1 80181
0 1 80183
0 1 80184
0 1 80185
0 1 80187
0 1 80188
0 1 80189
0 1 80190
0 1 80191
0 1 80192
0 1 80194
0 1 80195
0 1 80197
0 1 80198
0 1 80200
0 1 80208
0 1 80211
0 1 80213
0 1 80214
0 1 80215
0 1 80216
0 1 80218
0 1 80219
0 1 80220
0 1 80221
0 1 80224
0 1 80226
0 1 80234
0 1 80235
0 1 80238
0 1 80239
0 1 80241
0 1 80242
0 1 80243
0 1 80244
0 1 80246
0 1 80248
0 1 80249
0 1 80251
0 1 80254
0 1 80255
0 1 80257
0 1 80259
0 1 80260
0 1 80261
0 1 80263
0 1 80266
0 1 80267
0 1 80269
0 1 80272
0 1 80275
0 1 80282
0 1 80284
0 1 80285
0 1 80287
0 1 80288
0 1 80289
0 1 80291
0 1 80293
0 1 80295
0 1 80297
0 1 80299
0 1 80300
0 1 80301
0 1 80303
0 1 80306
0 1 80307
0 1 80309
0 1 80311
0 1 80313
0 1 80315
0 1 80317
0 1 80321
0 1 80323
0 1 80324
0 1 80329
0 1 80330
0 1 80332
0 1 80335
0 1 80337
0 1 80339
0 1 80340
0 1 80341
0 1 80342
0 1 80347
0 1 80349
0 1 80353
0 1 80354
0 1 80359
0 1 80360
0 1 80361
0 1 80363
0 1 80364
0 1 80365
0 1 80366
0 1 80369
0 1 80371
0 1 80385
0 1 80386
0 1 80389
0 1 80394
0 1 80395
0 1 80399
0 1 80400
0 1 80401
0 1 80402
0 1 80405
0 1 80406
0 1 80407
0 1 80410
0 1 80411
0 1 80412
0 1 80415
0 1 80416
0 1 80421
0 1 80422
0 1 80423
0 1 80429
0 1 80430
0 1 80431
0 1 80432
0 1 80433
0 1 80437
0 1 80439
0 1 80444
0 1 80447
0 1 80449
0 1 80453
0 1 80457
0 1 80458
0 1 80459
0 1 80462
0 1 80463
0 1 80466
0 1 80467
0 1 80470
0 1 80472
0 1 80485
0 1 80486
0 1 80487
0 1 80488
0 1 80490
0 1 80491
0 1 80493
0 1 80495
0 1 80496
0 1 80498
0 1 80501
0 1 80502
0 1 80504
0 1 80506
0 1 80507
0 1 80508
0 1 80510
0 1 80512
0 1 80515
0 1 80516
0 1 80520
0 1 80524
0 1 80527
0 1 80532
0 1 80533
0 1 80535
0 1 80536
0 1 80539
0 1 80540
0 1 80543
0 1 80544
0 1 80545
0 1 80546
0 1 80552
0 1 80557
0 1 80558
0 1 80559
0 1 80561
0 1 80563
0 1 80564
0 1 80566
0 1 80567
0 1 80571
0 1 80572
0 1 80576
0 1 80577
0 1 80578
0 1 80579
0 1 80580
0 1 80582
0 1 80583
0 1 80584
0 1 80585
0 1 80588
0 1 80592
0 1 80595
0 1 80597
0 1 80600
0 1 80601
0 1 80602
0 1 80603
0 1 80605
0 1 80608
0 1 80609
0 1 80610
0 1 80611
0 1 80612
0 1 80615
0 1 80623
0 1 80624
0 1 80625
0 1 80626
0 1 80627
0 1 80628
0 1 80630
0 1 80631
0 1 80632
0 1 80637
0 1 80640
0 1 80642
0 1 80643
0 1 80645
0 1 80647
0 1 80649
0 1 80650
0 1 80651
0 1 80652
0 1 80654
0 1 80655
0 1 80657
0 1 80658
0 1 80659
0 1 80662
0 1 80664
0 1 80665
0 1 80666
0 1 80667
0 1 80668
0 1 80672
0 1 80673
0 1 80674
0 1 80676
0 1 80679
0 1 80682
0 1 80684
0 1 80685
0 1 80686
0 1 80687
0 1 80688
0 1 80692
0 1 80694
0 1 80695
0 1 80701
0 1 80702
0 1 80704
0 1 80708
0 1 80709
0 1 80710
0 1 80711
0 1 80712
0 1 80714
0 1 80717
0 1 80718
0 1 80720
0 1 80722
0 1 80725
0 1 80728
0 1 80731
0 1 80732
0 1 80733
0 1 80735
0 1 80736
0 1 80737
0 1 80739
0 1 80741
0 1 80745
0 1 80746
0 1 80747
0 1 80749
0 1 80753
0 1 80755
0 1 80759
0 1 80760
0 1 80761
0 1 80762
0 1 80764
0 1 80765
0 1 80766
0 1 80768
0 1 80769
0 1 80770
0 1 80771
0 1 80776
0 1 80777
0 1 80779
0 1 80780
0 1 80781
0 1 80782
0 1 80783
0 1 80784
0 1 80787
0 1 80788
0 1 80789
0 1 80791
0 1 80795
0 1 80798
0 1 80802
0 1 80803
0 1 80809
0 1 80811
0 1 80813
0 1 80816
0 1 80817
0 1 80818
0 1 80819
0 1 80820
0 1 80821
0 1 80822
0 1 80825
0 1 80827
0 1 80829
0 1 80834
0 1 80835
0 1 80836
0 1 80838
0 1 80839
0 1 80843
0 1 80845
0 1 80848
0 1 80849
0 1 80851
0 1 80852
0 1 80853
0 1 80854
0 1 80858
0 1 80859
0 1 80865
0 1 80867
0 1 80868
0 1 80869
0 1 80870
0 1 80871
0 1 80872
0 1 80873
0 1 80881
0 1 80886
0 1 80888
0 1 80889
0 1 80893
0 1 80896
0 1 80897
0 1 80898
0 1 80899
0 1 80901
0 1 80902
0 1 80903
0 1 80910
0 1 80911
0 1 80912
0 1 80915
0 1 80916
0 1 80917
0 1 80918
0 1 80919
0 1 80920
0 1 80922
0 1 80923
0 1 80925
0 1 80927
0 1 80928
0 1 80931
0 1 80932
0 1 80936
0 1 80938
0 1 80939
0 1 80940
0 1 80944
0 1 80945
0 1 80948
0 1 80952
0 1 80955
0 1 80956
0 1 80957
0 1 80958
0 1 80959
0 1 80961
0 1 80962
0 1 80963
0 1 80964
0 1 80965
0 1 80968
0 1 80970
0 1 80971
0 1 80972
0 1 80973
0 1 80974
0 1 80979
0 1 80981
0 1 80982
0 1 80984
0 1 80985
0 1 80988
0 1 80990
0 1 80992
0 1 80993
0 1 80995
0 1 80996
0 1 80997
0 1 80998
0 1 81000
0 1 81002
0 1 81003
0 1 81004
0 1 81008
0 1 81009
0 1 81010
0 1 81011
0 1 81014
0 1 81018
0 1 81020
0 1 81022
0 1 81024
0 1 81025
0 1 81029
0 1 81032
0 1 81034
0 1 81037
0 1 81039
0 1 81040
0 1 81041
0 1 81043
0 1 81045
0 1 81046
0 1 81053
0 1 81054
0 1 81055
0 1 81056
0 1 81057
0 1 81060
0 1 81061
0 1 81063
0 1 81066
0 1 81069
0 1 81070
0 1 81072
0 1 81075
0 1 81078
0 1 81079
0 1 81081
0 1 81083
0 1 81085
0 1 81086
0 1 81088
0 1 81096
0 1 81099
0 1 81100
0 1 81101
0 1 81102
0 1 81104
0 1 81108
0 1 81109
0 1 81111
0 1 81112
0 1 81114
0 1 81120
0 1 81121
0 1 81122
0 1 81123
0 1 81129
0 1 81135
0 1 81136
0 1 81139
0 1 81140
0 1 81141
0 1 81142
0 1 81143
0 1 81145
0 1 81147
0 1 81150
0 1 81153
0 1 81156
0 1 81158
0 1 81159
0 1 81161
0 1 81162
0 1 81164
0 1 81165
0 1 81168
0 1 81177
0 1 81178
0 1 81179
0 1 81187
0 1 81188
0 1 81190
0 1 81195
0 1 81196
0 1 81197
0 1 81200
0 1 81201
0 1 81202
0 1 81204
0 1 81205
0 1 81207
0 1 81208
0 1 81210
0 1 81212
0 1 81215
0 1 81218
0 1 81219
0 1 81220
0 1 81221
0 1 81224
0 1 81226
0 1 81229
0 1 81231
0 1 81232
0 1 81234
0 1 81236
0 1 81237
0 1 81240
0 1 81241
0 1 81242
0 1 81243
0 1 81244
0 1 81247
0 1 81250
0 1 81252
0 1 81255
0 1 81257
0 1 81261
0 1 81263
0 1 81265
0 1 81266
0 1 81267
0 1 81269
0 1 81270
0 1 81271
0 1 81273
0 1 81274
0 1 81275
0 1 81277
0 1 81279
0 1 81280
0 1 81282
0 1 81285
0 1 81289
0 1 81293
0 1 81294
0 1 81295
0 1 81296
0 1 81300
0 1 81303
0 1 81305
0 1 81307
0 1 81309
0 1 81311
0 1 81312
0 1 81313
0 1 81314
0 1 81316
0 1 81317
0 1 81318
0 1 81319
0 1 81321
0 1 81322
0 1 81324
0 1 81326
0 1 81330
0 1 81331
0 1 81332
0 1 81333
0 1 81334
0 1 81335
0 1 81336
0 1 81339
0 1 81340
0 1 81345
0 1 81347
0 1 81348
0 1 81349
0 1 81351
0 1 81355
0 1 81356
0 1 81358
0 1 81360
0 1 81361
0 1 81363
0 1 81364
0 1 81365
0 1 81366
0 1 81369
0 1 81370
0 1 81374
0 1 81375
0 1 81377
0 1 81379
0 1 81380
0 1 81383
0 1 81386
0 1 81390
0 1 81391
0 1 81392
0 1 81394
0 1 81396
0 1 81397
0 1 81399
0 1 81402
0 1 81407
0 1 81408
0 1 81409
0 1 81412
0 1 81415
0 1 81416
0 1 81417
0 1 81420
0 1 81421
0 1 81422
0 1 81424
0 1 81426
0 1 81427
0 1 81428
0 1 81429
0 1 81430
0 1 81431
0 1 81437
0 1 81440
0 1 81441
0 1 81444
0 1 81447
0 1 81448
0 1 81450
0 1 81451
0 1 81453
0 1 81456
0 1 81457
0 1 81458
0 1 81462
0 1 81463
0 1 81464
0 1 81465
0 1 81467
0 1 81468
0 1 81471
0 1 81472
0 1 81477
0 1 81478
0 1 81479
0 1 81481
0 1 81482
0 1 81483
0 1 81487
0 1 81489
0 1 81490
0 1 81494
0 1 81498
0 1 81499
0 1 81500
0 1 81505
0 1 81507
0 1 81509
0 1 81512
0 1 81513
0 1 81514
0 1 81517
0 1 81520
0 1 81525
0 1 81528
0 1 81529
0 1 81530
0 1 81531
0 1 81534
0 1 81536
0 1 81539
0 1 81541
0 1 81552
0 1 81553
0 1 81554
0 1 81555
0 1 81557
0 1 81559
0 1 81561
0 1 81562
0 1 81569
0 1 81571
0 1 81573
0 1 81576
0 1 81580
0 1 81584
0 1 81585
0 1 81589
0 1 81592
0 1 81595
0 1 81597
0 1 81598
0 1 81600
0 1 81601
0 1 81602
0 1 81603
0 1 81607
0 1 81612
0 1 81614
0 1 81615
0 1 81619
0 1 81620
0 1 81622
0 1 81624
0 1 81626
0 1 81627
0 1 81628
0 1 81629
0 1 81633
0 1 81635
0 1 81636
0 1 81637
0 1 81640
0 1 81641
0 1 81643
0 1 81645
0 1 81646
0 1 81647
0 1 81649
0 1 81651
0 1 81653
0 1 81654
0 1 81657
0 1 81662
0 1 81664
0 1 81666
0 1 81670
0 1 81672
0 1 81673
0 1 81674
0 1 81675
0 1 81676
0 1 81677
0 1 81680
0 1 81682
0 1 81685
0 1 81688
0 1 81690
0 1 81691
0 1 81694
0 1 81697
0 1 81698
0 1 81699
0 1 81700
0 1 81702
0 1 81703
0 1 81705
0 1 81706
0 1 81707
0 1 81708
0 1 81709
0 1 81711
0 1 81715
0 1 81717
0 1 81721
0 1 81722
0 1 81725
0 1 81726
0 1 81727
0 1 81728
0 1 81730
0 1 81732
0 1 81733
0 1 81734
0 1 81737
0 1 81740
0 1 81746
0 1 81748
0 1 81749
0 1 81757
0 1 81758
0 1 81759
0 1 81761
0 1 81762
0 1 81764
0 1 81766
0 1 81767
0 1 81773
0 1 81775
0 1 81782
0 1 81783
0 1 81784
0 1 81785
0 1 81787
0 1 81789
0 1 81791
0 1 81792
0 1 81793
0 1 81795
0 1 81798
0 1 81799
0 1 81800
0 1 81803
0 1 81806
0 1 81808
0 1 81809
0 1 81811
0 1 81813
0 1 81821
0 1 81823
0 1 81826
0 1 81827
0 1 81829
0 1 81832
0 1 81833
0 1 81834
0 1 81836
0 1 81837
0 1 81839
0 1 81844
0 1 81845
0 1 81848
0 1 81849
0 1 81852
0 1 81853
0 1 81857
0 1 81858
0 1 81859
0 1 81860
0 1 81861
0 1 81862
0 1 81866
0 1 81867
0 1 81869
0 1 81871
0 1 81872
0 1 81876
0 1 81877
0 1 81878
0 1 81879
0 1 81882
0 1 81885
0 1 81886
0 1 81887
0 1 81888
0 1 81889
0 1 81891
0 1 81892
0 1 81893
0 1 81898
0 1 81899
0 1 81902
0 1 81910
0 1 81914
0 1 81915
0 1 81916
0 1 81918
0 1 81919
0 1 81921
0 1 81925
0 1 81926
0 1 81927
0 1 81928
0 1 81931
0 1 81933
0 1 81934
0 1 81935
0 1 81936
0 1 81943
0 1 81945
0 1 81946
0 1 81947
0 1 81949
0 1 81952
0 1 81955
0 1 81958
0 1 81959
0 1 81961
0 1 81962
0 1 81965
0 1 81966
0 1 81967
0 1 81969
0 1 81972
0 1 81975
0 1 81977
0 1 81978
0 1 81979
0 1 81980
0 1 81982
0 1 81983
0 1 81984
0 1 81985
0 1 81986
0 1 81990
0 1 81991
0 1 81993
0 1 81996
0 1 81998
0 1 81999
0 1 82001
0 1 82003
0 1 82005
0 1 82006
0 1 82008
0 1 82009
0 1 82013
0 1 82014
0 1 82016
0 1 82019
0 1 82021
0 1 82022
0 1 82024
0 1 82025
0 1 82026
0 1 82031
0 1 82032
0 1 82034
0 1 82035
0 1 82037
0 1 82039
0 1 82040
0 1 82041
0 1 82043
0 1 82047
0 1 82048
0 1 82050
0 1 82054
0 1 82055
0 1 82057
0 1 82058
0 1 82061
0 1 82070
0 1 82071
0 1 82073
0 1 82074
0 1 82076
0 1 82077
0 1 82078
0 1 82082
0 1 82086
0 1 82088
0 1 82090
0 1 82091
0 1 82096
0 1 82102
0 1 82103
0 1 82104
0 1 82106
0 1 82108
0 1 82109
0 1 82112
0 1 82113
0 1 82115
0 1 82116
0 1 82117
0 1 82118
0 1 82122
0 1 82123
0 1 82124
0 1 82126
0 1 82127
0 1 82128
0 1 82133
0 1 82134
0 1 82135
0 1 82136
0 1 82137
0 1 82139
0 1 82141
0 1 82143
0 1 82144
0 1 82145
0 1 82146
0 1 82147
0 1 82148
0 1 82150
0 1 82152
0 1 82153
0 1 82154
0 1 82156
0 1 82158
0 1 82159
0 1 82160
0 1 82161
0 1 82163
0 1 82167
0 1 82168
0 1 82171
0 1 82173
0 1 82174
0 1 82175
0 1 82177
0 1 82178
0 1 82182
0 1 82185
0 1 82186
0 1 82188
0 1 82190
0 1 82191
0 1 82192
0 1 82193
0 1 82196
0 1 82200
0 1 82201
0 1 82202
0 1 82203
0 1 82204
0 1 82206
0 1 82208
0 1 82210
0 1 82212
0 1 82214
0 1 82215
0 1 82216
0 1 82217
0 1 82225
0 1 82227
0 1 82228
0 1 82229
0 1 82230
0 1 82231
0 1 82232
0 1 82235
0 1 82236
0 1 82237
0 1 82238
0 1 82239
0 1 82242
0 1 82244
0 1 82245
0 1 82246
0 1 82247
0 1 82248
0 1 82249
0 1 82251
0 1 82252
0 1 82253
0 1 82256
0 1 82257
0 1 82258
0 1 82261
0 1 82262
0 1 82263
0 1 82264
0 1 82265
0 1 82266
0 1 82267
0 1 82269
0 1 82270
0 1 82271
0 1 82274
0 1 82275
0 1 82276
0 1 82279
0 1 82281
0 1 82282
0 1 82283
0 1 82284
0 1 82285
0 1 82287
0 1 82288
0 1 82290
0 1 82293
0 1 82295
0 1 82298
0 1 82299
0 1 82300
0 1 82303
0 1 82305
0 1 82308
0 1 82309
0 1 82310
0 1 82311
0 1 82312
0 1 82313
0 1 82314
0 1 82315
0 1 82318
0 1 82319
0 1 82322
0 1 82323
0 1 82324
0 1 82325
0 1 82326
0 1 82330
0 1 82332
0 1 82335
0 1 82340
0 1 82342
0 1 82343
0 1 82346
0 1 82347
0 1 82349
0 1 82351
0 1 82352
0 1 82354
0 1 82355
0 1 82357
0 1 82360
0 1 82361
0 1 82362
0 1 82365
0 1 82366
0 1 82367
0 1 82368
0 1 82371
0 1 82372
0 1 82373
0 1 82374
0 1 82375
0 1 82378
0 1 82382
0 1 82383
0 1 82386
0 1 82387
0 1 82389
0 1 82391
0 1 82393
0 1 82394
0 1 82396
0 1 82397
0 1 82398
0 1 82399
0 1 82401
0 1 82403
0 1 82404
0 1 82407
0 1 82408
0 1 82413
0 1 82414
0 1 82418
0 1 82420
0 1 82421
0 1 82422
0 1 82424
0 1 82425
0 1 82426
0 1 82429
0 1 82430
0 1 82433
0 1 82435
0 1 82436
0 1 82437
0 1 82438
0 1 82439
0 1 82448
0 1 82450
0 1 82452
0 1 82453
0 1 82454
0 1 82455
0 1 82458
0 1 82462
0 1 82465
0 1 82467
0 1 82468
0 1 82470
0 1 82471
0 1 82472
0 1 82473
0 1 82474
0 1 82476
0 1 82478
0 1 82481
0 1 82484
0 1 82486
0 1 82492
0 1 82495
0 1 82503
0 1 82504
0 1 82514
0 1 82515
0 1 82516
0 1 82517
0 1 82521
0 1 82526
0 1 82532
0 1 82533
0 1 82534
0 1 82536
0 1 82537
0 1 82538
0 1 82541
0 1 82547
0 1 82548
0 1 82549
0 1 82552
0 1 82558
0 1 82559
0 1 82561
0 1 82562
0 1 82566
0 1 82569
0 1 82570
0 1 82571
0 1 82574
0 1 82576
0 1 82577
0 1 82580
0 1 82583
0 1 82585
0 1 82588
0 1 82589
0 1 82590
0 1 82591
0 1 82595
0 1 82596
0 1 82599
0 1 82600
0 1 82603
0 1 82604
0 1 82609
0 1 82610
0 1 82611
0 1 82612
0 1 82615
0 1 82617
0 1 82622
0 1 82625
0 1 82629
0 1 82631
0 1 82632
0 1 82634
0 1 82635
0 1 82636
0 1 82637
0 1 82641
0 1 82642
0 1 82645
0 1 82646
0 1 82647
0 1 82648
0 1 82649
0 1 82653
0 1 82654
0 1 82655
0 1 82658
0 1 82659
0 1 82662
0 1 82663
0 1 82664
0 1 82665
0 1 82666
0 1 82670
0 1 82672
0 1 82674
0 1 82675
0 1 82676
0 1 82677
0 1 82678
0 1 82683
0 1 82685
0 1 82686
0 1 82688
0 1 82689
0 1 82692
0 1 82693
0 1 82695
0 1 82696
0 1 82697
0 1 82698
0 1 82699
0 1 82700
0 1 82702
0 1 82703
0 1 82705
0 1 82706
0 1 82707
0 1 82708
0 1 82710
0 1 82711
0 1 82712
0 1 82714
0 1 82715
0 1 82717
0 1 82719
0 1 82720
0 1 82722
0 1 82724
0 1 82726
0 1 82727
0 1 82729
0 1 82731
0 1 82732
0 1 82736
0 1 82737
0 1 82738
0 1 82739
0 1 82741
0 1 82745
0 1 82746
0 1 82748
0 1 82749
0 1 82751
0 1 82753
0 1 82754
0 1 82756
0 1 82757
0 1 82758
0 1 82760
0 1 82761
0 1 82762
0 1 82765
0 1 82770
0 1 82772
0 1 82774
0 1 82776
0 1 82777
0 1 82779
0 1 82785
0 1 82786
0 1 82787
0 1 82788
0 1 82792
0 1 82794
0 1 82797
0 1 82803
0 1 82805
0 1 82808
0 1 82811
0 1 82812
0 1 82813
0 1 82815
0 1 82817
0 1 82820
0 1 82823
0 1 82825
0 1 82827
0 1 82829
0 1 82830
0 1 82832
0 1 82833
0 1 82834
0 1 82835
0 1 82838
0 1 82840
0 1 82842
0 1 82843
0 1 82844
0 1 82846
0 1 82847
0 1 82849
0 1 82854
0 1 82855
0 1 82856
0 1 82857
0 1 82858
0 1 82860
0 1 82862
0 1 82863
0 1 82866
0 1 82869
0 1 82870
0 1 82871
0 1 82873
0 1 82876
0 1 82878
0 1 82879
0 1 82881
0 1 82883
0 1 82884
0 1 82885
0 1 82887
0 1 82889
0 1 82896
0 1 82897
0 1 82899
0 1 82900
0 1 82902
0 1 82903
0 1 82904
0 1 82905
0 1 82908
0 1 82909
0 1 82910
0 1 82912
0 1 82914
0 1 82915
0 1 82917
0 1 82921
0 1 82923
0 1 82927
0 1 82928
0 1 82929
0 1 82931
0 1 82934
0 1 82937
0 1 82938
0 1 82942
0 1 82943
0 1 82945
0 1 82946
0 1 82949
0 1 82955
0 1 82956
0 1 82958
0 1 82962
0 1 82963
0 1 82965
0 1 82966
0 1 82967
0 1 82969
0 1 82973
0 1 82976
0 1 82977
0 1 82978
0 1 82979
0 1 82980
0 1 82983
0 1 82985
0 1 82990
0 1 82992
0 1 82993
0 1 82994
0 1 82997
0 1 83000
0 1 83001
0 1 83002
0 1 83006
0 1 83007
0 1 83008
0 1 83012
0 1 83014
0 1 83015
0 1 83016
0 1 83019
0 1 83020
0 1 83021
0 1 83023
0 1 83026
0 1 83028
0 1 83031
0 1 83034
0 1 83035
0 1 83036
0 1 83038
0 1 83041
0 1 83042
0 1 83044
0 1 83045
0 1 83047
0 1 83049
0 1 83051
0 1 83052
0 1 83053
0 1 83054
0 1 83059
0 1 83061
0 1 83062
0 1 83064
0 1 83065
0 1 83067
0 1 83068
0 1 83071
0 1 83072
0 1 83074
0 1 83075
0 1 83078
0 1 83082
0 1 83085
0 1 83087
0 1 83088
0 1 83089
0 1 83090
0 1 83092
0 1 83093
0 1 83095
0 1 83096
0 1 83097
0 1 83098
0 1 83099
0 1 83102
0 1 83103
0 1 83105
0 1 83107
0 1 83108
0 1 83110
0 1 83111
0 1 83114
0 1 83116
0 1 83117
0 1 83119
0 1 83120
0 1 83122
0 1 83127
0 1 83129
0 1 83130
0 1 83132
0 1 83134
0 1 83135
0 1 83136
0 1 83138
0 1 83141
0 1 83143
0 1 83145
0 1 83148
0 1 83152
0 1 83153
0 1 83155
0 1 83160
0 1 83161
0 1 83164
0 1 83168
0 1 83169
0 1 83173
0 1 83174
0 1 83175
0 1 83178
0 1 83180
0 1 83182
0 1 83183
0 1 83192
0 1 83196
0 1 83198
0 1 83199
0 1 83204
0 1 83205
0 1 83208
0 1 83209
0 1 83210
0 1 83211
0 1 83212
0 1 83213
0 1 83214
0 1 83215
0 1 83216
0 1 83217
0 1 83219
0 1 83220
0 1 83226
0 1 83228
0 1 83230
0 1 83231
0 1 83232
0 1 83233
0 1 83235
0 1 83241
0 1 83244
0 1 83245
0 1 83251
0 1 83252
0 1 83255
0 1 83258
0 1 83259
0 1 83261
0 1 83262
0 1 83264
0 1 83266
0 1 83267
0 1 83273
0 1 83274
0 1 83276
0 1 83278
0 1 83279
0 1 83280
0 1 83283
0 1 83284
0 1 83288
0 1 83289
0 1 83290
0 1 83291
0 1 83293
0 1 83295
0 1 83301
0 1 83302
0 1 83303
0 1 83304
0 1 83307
0 1 83311
0 1 83312
0 1 83314
0 1 83316
0 1 83318
0 1 83323
0 1 83324
0 1 83325
0 1 83327
0 1 83330
0 1 83331
0 1 83332
0 1 83335
0 1 83337
0 1 83338
0 1 83339
0 1 83341
0 1 83342
0 1 83343
0 1 83345
0 1 83346
0 1 83347
0 1 83350
0 1 83352
0 1 83354
0 1 83355
0 1 83357
0 1 83359
0 1 83362
0 1 83363
0 1 83366
0 1 83367
0 1 83369
0 1 83371
0 1 83372
0 1 83375
0 1 83380
0 1 83381
0 1 83382
0 1 83383
0 1 83384
0 1 83385
0 1 83386
0 1 83387
0 1 83390
0 1 83391
0 1 83392
0 1 83393
0 1 83394
0 1 83396
0 1 83398
0 1 83402
0 1 83404
0 1 83406
0 1 83408
0 1 83410
0 1 83411
0 1 83412
0 1 83414
0 1 83415
0 1 83419
0 1 83421
0 1 83425
0 1 83426
0 1 83430
0 1 83431
0 1 83433
0 1 83434
0 1 83436
0 1 83439
0 1 83441
0 1 83443
0 1 83444
0 1 83448
0 1 83450
0 1 83451
0 1 83452
0 1 83458
0 1 83463
0 1 83465
0 1 83466
0 1 83469
0 1 83471
0 1 83475
0 1 83477
0 1 83478
0 1 83480
0 1 83481
0 1 83483
0 1 83485
0 1 83486
0 1 83490
0 1 83495
0 1 83496
0 1 83497
0 1 83500
0 1 83504
0 1 83505
0 1 83508
0 1 83511
0 1 83512
0 1 83516
0 1 83521
0 1 83522
0 1 83527
0 1 83529
0 1 83530
0 1 83531
0 1 83532
0 1 83533
0 1 83534
0 1 83535
0 1 83537
0 1 83540
0 1 83541
0 1 83542
0 1 83547
0 1 83548
0 1 83549
0 1 83550
0 1 83553
0 1 83555
0 1 83558
0 1 83560
0 1 83561
0 1 83564
0 1 83565
0 1 83566
0 1 83573
0 1 83575
0 1 83576
0 1 83578
0 1 83580
0 1 83581
0 1 83584
0 1 83585
0 1 83586
0 1 83588
0 1 83591
0 1 83592
0 1 83596
0 1 83597
0 1 83603
0 1 83605
0 1 83606
0 1 83607
0 1 83608
0 1 83609
0 1 83610
0 1 83612
0 1 83614
0 1 83615
0 1 83616
0 1 83619
0 1 83621
0 1 83622
0 1 83623
0 1 83624
0 1 83629
0 1 83632
0 1 83633
0 1 83634
0 1 83636
0 1 83637
0 1 83639
0 1 83641
0 1 83644
0 1 83646
0 1 83648
0 1 83656
0 1 83657
0 1 83658
0 1 83665
0 1 83667
0 1 83668
0 1 83669
0 1 83670
0 1 83671
0 1 83676
0 1 83678
0 1 83679
0 1 83681
0 1 83682
0 1 83683
0 1 83684
0 1 83687
0 1 83691
0 1 83693
0 1 83697
0 1 83699
0 1 83700
0 1 83701
0 1 83702
0 1 83705
0 1 83712
0 1 83713
0 1 83717
0 1 83718
0 1 83719
0 1 83725
0 1 83727
0 1 83728
0 1 83730
0 1 83733
0 1 83735
0 1 83736
0 1 83739
0 1 83740
0 1 83741
0 1 83742
0 1 83744
0 1 83746
0 1 83747
0 1 83748
0 1 83750
0 1 83751
0 1 83753
0 1 83754
0 1 83756
0 1 83758
0 1 83760
0 1 83762
0 1 83763
0 1 83764
0 1 83767
0 1 83769
0 1 83771
0 1 83772
0 1 83773
0 1 83775
0 1 83776
0 1 83778
0 1 83782
0 1 83783
0 1 83785
0 1 83790
0 1 83793
0 1 83795
0 1 83798
0 1 83799
0 1 83800
0 1 83806
0 1 83807
0 1 83808
0 1 83809
0 1 83812
0 1 83813
0 1 83814
0 1 83816
0 1 83817
0 1 83818
0 1 83820
0 1 83823
0 1 83824
0 1 83826
0 1 83830
0 1 83839
0 1 83840
0 1 83842
0 1 83843
0 1 83845
0 1 83846
0 1 83848
0 1 83849
0 1 83851
0 1 83852
0 1 83854
0 1 83858
0 1 83863
0 1 83864
0 1 83865
0 1 83866
0 1 83868
0 1 83869
0 1 83870
0 1 83871
0 1 83872
0 1 83873
0 1 83874
0 1 83880
0 1 83881
0 1 83882
0 1 83884
0 1 83885
0 1 83886
0 1 83888
0 1 83889
0 1 83891
0 1 83893
0 1 83896
0 1 83898
0 1 83900
0 1 83901
0 1 83902
0 1 83903
0 1 83904
0 1 83906
0 1 83907
0 1 83909
0 1 83911
0 1 83912
0 1 83914
0 1 83915
0 1 83918
0 1 83919
0 1 83921
0 1 83922
0 1 83924
0 1 83925
0 1 83926
0 1 83927
0 1 83930
0 1 83931
0 1 83932
0 1 83933
0 1 83937
0 1 83939
0 1 83942
0 1 83944
0 1 83948
0 1 83953
0 1 83955
0 1 83957
0 1 83961
0 1 83964
0 1 83967
0 1 83969
0 1 83972
0 1 83975
0 1 83976
0 1 83978
0 1 83979
0 1 83980
0 1 83981
0 1 83985
0 1 83988
0 1 83990
0 1 83992
0 1 83993
0 1 83995
0 1 83996
0 1 83997
0 1 84000
0 1 84003
0 1 84004
0 1 84006
0 1 84007
0 1 84008
0 1 84012
0 1 84017
0 1 84020
0 1 84022
0 1 84023
0 1 84025
0 1 84026
0 1 84027
0 1 84033
0 1 84034
0 1 84035
0 1 84038
0 1 84039
0 1 84042
0 1 84043
0 1 84044
0 1 84045
0 1 84046
0 1 84047
0 1 84048
0 1 84051
0 1 84052
0 1 84053
0 1 84058
0 1 84059
0 1 84061
0 1 84062
0 1 84063
0 1 84064
0 1 84068
0 1 84070
0 1 84074
0 1 84075
0 1 84078
0 1 84079
0 1 84080
0 1 84083
0 1 84086
0 1 84087
0 1 84088
0 1 84089
0 1 84090
0 1 84091
0 1 84093
0 1 84094
0 1 84095
0 1 84097
0 1 84098
0 1 84099
0 1 84100
0 1 84101
0 1 84104
0 1 84110
0 1 84112
0 1 84113
0 1 84114
0 1 84115
0 1 84117
0 1 84119
0 1 84120
0 1 84121
0 1 84122
0 1 84124
0 1 84126
0 1 84127
0 1 84128
0 1 84130
0 1 84138
0 1 84140
0 1 84141
0 1 84143
0 1 84144
0 1 84145
0 1 84147
0 1 84150
0 1 84151
0 1 84154
0 1 84159
0 1 84161
0 1 84162
0 1 84163
0 1 84164
0 1 84169
0 1 84170
0 1 84171
0 1 84173
0 1 84176
0 1 84178
0 1 84180
0 1 84181
0 1 84182
0 1 84183
0 1 84185
0 1 84187
0 1 84188
0 1 84191
0 1 84193
0 1 84195
0 1 84196
0 1 84198
0 1 84200
0 1 84201
0 1 84204
0 1 84205
0 1 84206
0 1 84208
0 1 84212
0 1 84214
0 1 84215
0 1 84217
0 1 84218
0 1 84220
0 1 84221
0 1 84224
0 1 84225
0 1 84226
0 1 84227
0 1 84231
0 1 84232
0 1 84233
0 1 84234
0 1 84236
0 1 84239
0 1 84242
0 1 84243
0 1 84245
0 1 84246
0 1 84248
0 1 84249
0 1 84250
0 1 84254
0 1 84256
0 1 84261
0 1 84262
0 1 84263
0 1 84264
0 1 84265
0 1 84266
0 1 84267
0 1 84268
0 1 84270
0 1 84271
0 1 84275
0 1 84276
0 1 84277
0 1 84280
0 1 84286
0 1 84287
0 1 84288
0 1 84289
0 1 84291
0 1 84293
0 1 84294
0 1 84295
0 1 84297
0 1 84300
0 1 84303
0 1 84307
0 1 84311
0 1 84313
0 1 84314
0 1 84317
0 1 84318
0 1 84319
0 1 84320
0 1 84323
0 1 84327
0 1 84328
0 1 84330
0 1 84332
0 1 84333
0 1 84334
0 1 84335
0 1 84342
0 1 84343
0 1 84345
0 1 84349
0 1 84351
0 1 84352
0 1 84353
0 1 84356
0 1 84358
0 1 84360
0 1 84361
0 1 84363
0 1 84365
0 1 84366
0 1 84367
0 1 84370
0 1 84371
0 1 84372
0 1 84375
0 1 84376
0 1 84379
0 1 84380
0 1 84381
0 1 84383
0 1 84396
0 1 84402
0 1 84406
0 1 84408
0 1 84409
0 1 84410
0 1 84413
0 1 84415
0 1 84417
0 1 84418
0 1 84420
0 1 84421
0 1 84422
0 1 84423
0 1 84425
0 1 84430
0 1 84431
0 1 84432
0 1 84436
0 1 84438
0 1 84440
0 1 84441
0 1 84444
0 1 84445
0 1 84446
0 1 84447
0 1 84448
0 1 84450
0 1 84451
0 1 84453
0 1 84454
0 1 84458
0 1 84459
0 1 84460
0 1 84464
0 1 84465
0 1 84466
0 1 84467
0 1 84468
0 1 84469
0 1 84471
0 1 84473
0 1 84475
0 1 84476
0 1 84478
0 1 84480
0 1 84481
0 1 84482
0 1 84483
0 1 84485
0 1 84486
0 1 84487
0 1 84491
0 1 84492
0 1 84493
0 1 84495
0 1 84498
0 1 84499
0 1 84501
0 1 84502
0 1 84504
0 1 84512
0 1 84514
0 1 84515
0 1 84517
0 1 84521
0 1 84523
0 1 84524
0 1 84526
0 1 84528
0 1 84529
0 1 84530
0 1 84531
0 1 84532
0 1 84533
0 1 84536
0 1 84537
0 1 84538
0 1 84539
0 1 84540
0 1 84544
0 1 84545
0 1 84551
0 1 84552
0 1 84553
0 1 84555
0 1 84557
0 1 84560
0 1 84561
0 1 84563
0 1 84565
0 1 84567
0 1 84570
0 1 84571
0 1 84576
0 1 84577
0 1 84578
0 1 84579
0 1 84581
0 1 84585
0 1 84587
0 1 84588
0 1 84590
0 1 84592
0 1 84595
0 1 84596
0 1 84600
0 1 84602
0 1 84603
0 1 84606
0 1 84607
0 1 84612
0 1 84614
0 1 84615
0 1 84616
0 1 84618
0 1 84619
0 1 84621
0 1 84622
0 1 84623
0 1 84625
0 1 84631
0 1 84633
0 1 84634
0 1 84635
0 1 84639
0 1 84643
0 1 84644
0 1 84645
0 1 84647
0 1 84648
0 1 84649
0 1 84650
0 1 84652
0 1 84654
0 1 84657
0 1 84659
0 1 84663
0 1 84667
0 1 84669
0 1 84674
0 1 84675
0 1 84676
0 1 84678
0 1 84679
0 1 84680
0 1 84682
0 1 84684
0 1 84685
0 1 84686
0 1 84687
0 1 84699
0 1 84702
0 1 84703
0 1 84704
0 1 84706
0 1 84707
0 1 84708
0 1 84711
0 1 84712
0 1 84714
0 1 84716
0 1 84720
0 1 84721
0 1 84722
0 1 84723
0 1 84724
0 1 84726
0 1 84727
0 1 84728
0 1 84729
0 1 84730
0 1 84732
0 1 84733
0 1 84735
0 1 84738
0 1 84741
0 1 84742
0 1 84746
0 1 84747
0 1 84748
0 1 84749
0 1 84750
0 1 84754
0 1 84757
0 1 84760
0 1 84761
0 1 84762
0 1 84763
0 1 84767
0 1 84779
0 1 84781
0 1 84785
0 1 84786
0 1 84787
0 1 84789
0 1 84791
0 1 84792
0 1 84793
0 1 84794
0 1 84797
0 1 84800
0 1 84803
0 1 84804
0 1 84806
0 1 84809
0 1 84810
0 1 84812
0 1 84813
0 1 84814
0 1 84818
0 1 84819
0 1 84820
0 1 84821
0 1 84822
0 1 84824
0 1 84825
0 1 84828
0 1 84830
0 1 84832
0 1 84833
0 1 84834
0 1 84835
0 1 84836
0 1 84837
0 1 84838
0 1 84841
0 1 84843
0 1 84845
0 1 84848
0 1 84850
0 1 84852
0 1 84856
0 1 84858
0 1 84859
0 1 84860
0 1 84861
0 1 84863
0 1 84864
0 1 84865
0 1 84866
0 1 84868
0 1 84870
0 1 84872
0 1 84873
0 1 84875
0 1 84878
0 1 84882
0 1 84883
0 1 84884
0 1 84885
0 1 84887
0 1 84888
0 1 84890
0 1 84892
0 1 84894
0 1 84896
0 1 84898
0 1 84899
0 1 84900
0 1 84902
0 1 84904
0 1 84905
0 1 84906
0 1 84911
0 1 84915
0 1 84916
0 1 84919
0 1 84921
0 1 84924
0 1 84925
0 1 84926
0 1 84927
0 1 84929
0 1 84930
0 1 84934
0 1 84935
0 1 84936
0 1 84937
0 1 84939
0 1 84942
0 1 84944
0 1 84947
0 1 84948
0 1 84950
0 1 84951
0 1 84954
0 1 84955
0 1 84956
0 1 84957
0 1 84960
0 1 84964
0 1 84965
0 1 84969
0 1 84970
0 1 84971
0 1 84973
0 1 84974
0 1 84980
0 1 84983
0 1 84984
0 1 84985
0 1 84986
0 1 84989
0 1 84992
0 1 84994
0 1 84996
0 1 84997
0 1 85002
0 1 85003
0 1 85004
0 1 85006
0 1 85011
0 1 85014
0 1 85016
0 1 85017
0 1 85019
0 1 85020
0 1 85023
0 1 85024
0 1 85025
0 1 85027
0 1 85028
0 1 85032
0 1 85033
0 1 85037
0 1 85042
0 1 85043
0 1 85044
0 1 85045
0 1 85046
0 1 85047
0 1 85048
0 1 85049
0 1 85051
0 1 85052
0 1 85053
0 1 85054
0 1 85055
0 1 85056
0 1 85057
0 1 85060
0 1 85063
0 1 85065
0 1 85068
0 1 85069
0 1 85071
0 1 85073
0 1 85074
0 1 85081
0 1 85083
0 1 85085
0 1 85087
0 1 85088
0 1 85090
0 1 85095
0 1 85097
0 1 85098
0 1 85099
0 1 85100
0 1 85101
0 1 85105
0 1 85106
0 1 85107
0 1 85108
0 1 85109
0 1 85115
0 1 85117
0 1 85119
0 1 85125
0 1 85130
0 1 85131
0 1 85132
0 1 85133
0 1 85135
0 1 85137
0 1 85140
0 1 85143
0 1 85144
0 1 85149
0 1 85150
0 1 85151
0 1 85152
0 1 85153
0 1 85157
0 1 85158
0 1 85159
0 1 85160
0 1 85161
0 1 85164
0 1 85165
0 1 85166
0 1 85167
0 1 85169
0 1 85170
0 1 85171
0 1 85172
0 1 85175
0 1 85178
0 1 85179
0 1 85184
0 1 85185
0 1 85187
0 1 85188
0 1 85194
0 1 85195
0 1 85197
0 1 85198
0 1 85199
0 1 85200
0 1 85202
0 1 85203
0 1 85204
0 1 85205
0 1 85206
0 1 85207
0 1 85210
0 1 85214
0 1 85215
0 1 85216
0 1 85218
0 1 85222
0 1 85226
0 1 85228
0 1 85229
0 1 85231
0 1 85235
0 1 85240
0 1 85241
0 1 85246
0 1 85247
0 1 85248
0 1 85249
0 1 85252
0 1 85256
0 1 85257
0 1 85258
0 1 85259
0 1 85261
0 1 85262
0 1 85263
0 1 85267
0 1 85268
0 1 85269
0 1 85270
0 1 85271
0 1 85273
0 1 85274
0 1 85275
0 1 85276
0 1 85277
0 1 85278
0 1 85279
0 1 85280
0 1 85282
0 1 85287
0 1 85289
0 1 85290
0 1 85292
0 1 85294
0 1 85297
0 1 85300
0 1 85301
0 1 85303
0 1 85305
0 1 85308
0 1 85309
0 1 85312
0 1 85313
0 1 85314
0 1 85315
0 1 85317
0 1 85321
0 1 85322
0 1 85323
0 1 85325
0 1 85326
0 1 85327
0 1 85328
0 1 85330
0 1 85331
0 1 85334
0 1 85339
0 1 85341
0 1 85344
0 1 85345
0 1 85346
0 1 85349
0 1 85351
0 1 85353
0 1 85355
0 1 85356
0 1 85357
0 1 85358
0 1 85360
0 1 85361
0 1 85362
0 1 85365
0 1 85366
0 1 85369
0 1 85370
0 1 85371
0 1 85372
0 1 85373
0 1 85374
0 1 85375
0 1 85376
0 1 85378
0 1 85382
0 1 85384
0 1 85385
0 1 85391
0 1 85392
0 1 85399
0 1 85400
0 1 85401
0 1 85406
0 1 85410
0 1 85411
0 1 85413
0 1 85416
0 1 85418
0 1 85420
0 1 85421
0 1 85422
0 1 85426
0 1 85428
0 1 85429
0 1 85435
0 1 85438
0 1 85439
0 1 85440
0 1 85443
0 1 85444
0 1 85445
0 1 85450
0 1 85451
0 1 85454
0 1 85456
0 1 85457
0 1 85461
0 1 85463
0 1 85464
0 1 85465
0 1 85466
0 1 85467
0 1 85469
0 1 85470
0 1 85471
0 1 85474
0 1 85475
0 1 85478
0 1 85480
0 1 85481
0 1 85483
0 1 85486
0 1 85487
0 1 85491
0 1 85492
0 1 85493
0 1 85494
0 1 85500
0 1 85501
0 1 85503
0 1 85505
0 1 85507
0 1 85508
0 1 85510
0 1 85512
0 1 85513
0 1 85516
0 1 85518
0 1 85519
0 1 85522
0 1 85524
0 1 85525
0 1 85526
0 1 85529
0 1 85533
0 1 85535
0 1 85538
0 1 85540
0 1 85541
0 1 85542
0 1 85543
0 1 85544
0 1 85545
0 1 85546
0 1 85547
0 1 85553
0 1 85557
0 1 85559
0 1 85560
0 1 85561
0 1 85562
0 1 85568
0 1 85569
0 1 85574
0 1 85578
0 1 85580
0 1 85581
0 1 85582
0 1 85583
0 1 85584
0 1 85585
0 1 85586
0 1 85587
0 1 85590
0 1 85593
0 1 85594
0 1 85595
0 1 85596
0 1 85598
0 1 85602
0 1 85603
0 1 85604
0 1 85606
0 1 85609
0 1 85610
0 1 85613
0 1 85614
0 1 85616
0 1 85617
0 1 85619
0 1 85622
0 1 85623
0 1 85625
0 1 85626
0 1 85630
0 1 85632
0 1 85634
0 1 85635
0 1 85636
0 1 85637
0 1 85639
0 1 85641
0 1 85642
0 1 85647
0 1 85650
0 1 85651
0 1 85652
0 1 85653
0 1 85655
0 1 85657
0 1 85658
0 1 85660
0 1 85662
0 1 85664
0 1 85666
0 1 85667
0 1 85668
0 1 85672
0 1 85673
0 1 85674
0 1 85675
0 1 85676
0 1 85677
0 1 85679
0 1 85680
0 1 85683
0 1 85684
0 1 85687
0 1 85690
0 1 85691
0 1 85692
0 1 85694
0 1 85696
0 1 85699
0 1 85700
0 1 85701
0 1 85702
0 1 85703
0 1 85706
0 1 85708
0 1 85709
0 1 85710
0 1 85712
0 1 85713
0 1 85714
0 1 85715
0 1 85719
0 1 85724
0 1 85725
0 1 85730
0 1 85731
0 1 85736
0 1 85740
0 1 85741
0 1 85742
0 1 85746
0 1 85747
0 1 85749
0 1 85751
0 1 85752
0 1 85758
0 1 85759
0 1 85760
0 1 85761
0 1 85762
0 1 85764
0 1 85765
0 1 85767
0 1 85768
0 1 85773
0 1 85774
0 1 85777
0 1 85778
0 1 85783
0 1 85784
0 1 85785
0 1 85786
0 1 85787
0 1 85788
0 1 85789
0 1 85790
0 1 85792
0 1 85793
0 1 85795
0 1 85800
0 1 85802
0 1 85803
0 1 85806
0 1 85807
0 1 85808
0 1 85811
0 1 85817
0 1 85818
0 1 85819
0 1 85820
0 1 85821
0 1 85822
0 1 85824
0 1 85826
0 1 85827
0 1 85829
0 1 85830
0 1 85832
0 1 85833
0 1 85835
0 1 85836
0 1 85842
0 1 85843
0 1 85844
0 1 85847
0 1 85848
0 1 85850
0 1 85851
0 1 85852
0 1 85860
0 1 85861
0 1 85862
0 1 85863
0 1 85864
0 1 85865
0 1 85867
0 1 85868
0 1 85871
0 1 85872
0 1 85873
0 1 85874
0 1 85878
0 1 85879
0 1 85880
0 1 85881
0 1 85882
0 1 85885
0 1 85886
0 1 85887
0 1 85888
0 1 85889
0 1 85893
0 1 85896
0 1 85897
0 1 85900
0 1 85901
0 1 85904
0 1 85906
0 1 85909
0 1 85911
0 1 85915
0 1 85917
0 1 85918
0 1 85919
0 1 85920
0 1 85922
0 1 85927
0 1 85931
0 1 85932
0 1 85933
0 1 85934
0 1 85941
0 1 85942
0 1 85945
0 1 85946
0 1 85947
0 1 85950
0 1 85953
0 1 85957
0 1 85958
0 1 85963
0 1 85964
0 1 85965
0 1 85968
0 1 85969
0 1 85972
0 1 85975
0 1 85977
0 1 85981
0 1 85982
0 1 85983
0 1 85984
0 1 85986
0 1 85987
0 1 85990
0 1 85991
0 1 85994
0 1 85996
0 1 85998
0 1 85999
0 1 86000
0 1 86002
0 1 86007
0 1 86008
0 1 86014
0 1 86016
0 1 86017
0 1 86018
0 1 86024
0 1 86027
0 1 86030
0 1 86031
0 1 86034
0 1 86036
0 1 86037
0 1 86039
0 1 86042
0 1 86043
0 1 86044
0 1 86046
0 1 86047
0 1 86049
0 1 86050
0 1 86052
0 1 86055
0 1 86058
0 1 86065
0 1 86066
0 1 86067
0 1 86068
0 1 86070
0 1 86072
0 1 86073
0 1 86075
0 1 86082
0 1 86083
0 1 86084
0 1 86086
0 1 86087
0 1 86090
0 1 86091
0 1 86092
0 1 86093
0 1 86094
0 1 86095
0 1 86096
0 1 86097
0 1 86098
0 1 86099
0 1 86101
0 1 86102
0 1 86103
0 1 86104
0 1 86105
0 1 86109
0 1 86111
0 1 86112
0 1 86114
0 1 86115
0 1 86117
0 1 86118
0 1 86120
0 1 86121
0 1 86126
0 1 86128
0 1 86129
0 1 86130
0 1 86135
0 1 86140
0 1 86141
0 1 86142
0 1 86143
0 1 86145
0 1 86146
0 1 86148
0 1 86149
0 1 86151
0 1 86153
0 1 86155
0 1 86157
0 1 86158
0 1 86159
0 1 86160
0 1 86161
0 1 86163
0 1 86168
0 1 86172
0 1 86173
0 1 86176
0 1 86177
0 1 86180
0 1 86181
0 1 86182
0 1 86183
0 1 86185
0 1 86186
0 1 86189
0 1 86190
0 1 86191
0 1 86192
0 1 86194
0 1 86200
0 1 86201
0 1 86202
0 1 86204
0 1 86207
0 1 86208
0 1 86212
0 1 86213
0 1 86214
0 1 86215
0 1 86216
0 1 86218
0 1 86219
0 1 86220
0 1 86224
0 1 86227
0 1 86230
0 1 86231
0 1 86233
0 1 86235
0 1 86236
0 1 86237
0 1 86239
0 1 86240
0 1 86242
0 1 86243
0 1 86244
0 1 86245
0 1 86246
0 1 86248
0 1 86249
0 1 86254
0 1 86255
0 1 86256
0 1 86257
0 1 86258
0 1 86259
0 1 86260
0 1 86261
0 1 86264
0 1 86265
0 1 86266
0 1 86267
0 1 86268
0 1 86269
0 1 86271
0 1 86273
0 1 86274
0 1 86277
0 1 86278
0 1 86280
0 1 86281
0 1 86282
0 1 86283
0 1 86284
0 1 86286
0 1 86289
0 1 86292
0 1 86297
0 1 86298
0 1 86302
0 1 86305
0 1 86307
0 1 86308
0 1 86311
0 1 86312
0 1 86316
0 1 86317
0 1 86318
0 1 86320
0 1 86321
0 1 86322
0 1 86323
0 1 86328
0 1 86329
0 1 86331
0 1 86332
0 1 86333
0 1 86336
0 1 86341
0 1 86343
0 1 86345
0 1 86346
0 1 86348
0 1 86351
0 1 86352
0 1 86356
0 1 86358
0 1 86362
0 1 86363
0 1 86364
0 1 86366
0 1 86367
0 1 86368
0 1 86370
0 1 86371
0 1 86372
0 1 86373
0 1 86376
0 1 86377
0 1 86379
0 1 86381
0 1 86382
0 1 86383
0 1 86384
0 1 86390
0 1 86393
0 1 86394
0 1 86395
0 1 86398
0 1 86399
0 1 86406
0 1 86407
0 1 86408
0 1 86410
0 1 86411
0 1 86412
0 1 86413
0 1 86415
0 1 86417
0 1 86420
0 1 86421
0 1 86422
0 1 86427
0 1 86431
0 1 86434
0 1 86440
0 1 86441
0 1 86443
0 1 86447
0 1 86448
0 1 86449
0 1 86450
0 1 86455
0 1 86459
0 1 86460
0 1 86462
0 1 86463
0 1 86466
0 1 86470
0 1 86471
0 1 86473
0 1 86477
0 1 86478
0 1 86480
0 1 86484
0 1 86487
0 1 86491
0 1 86493
0 1 86496
0 1 86497
0 1 86498
0 1 86500
0 1 86501
0 1 86503
0 1 86504
0 1 86508
0 1 86510
0 1 86512
0 1 86513
0 1 86514
0 1 86516
0 1 86517
0 1 86518
0 1 86522
0 1 86523
0 1 86524
0 1 86531
0 1 86532
0 1 86533
0 1 86534
0 1 86535
0 1 86536
0 1 86537
0 1 86539
0 1 86541
0 1 86544
0 1 86545
0 1 86552
0 1 86553
0 1 86554
0 1 86555
0 1 86557
0 1 86560
0 1 86562
0 1 86563
0 1 86570
0 1 86572
0 1 86573
0 1 86576
0 1 86579
0 1 86582
0 1 86584
0 1 86585
0 1 86586
0 1 86587
0 1 86588
0 1 86589
0 1 86591
0 1 86592
0 1 86597
0 1 86600
0 1 86601
0 1 86604
0 1 86605
0 1 86606
0 1 86607
0 1 86608
0 1 86609
0 1 86612
0 1 86613
0 1 86616
0 1 86619
0 1 86620
0 1 86621
0 1 86622
0 1 86624
0 1 86627
0 1 86628
0 1 86630
0 1 86631
0 1 86632
0 1 86635
0 1 86636
0 1 86637
0 1 86638
0 1 86640
0 1 86641
0 1 86645
0 1 86648
0 1 86651
0 1 86653
0 1 86655
0 1 86656
0 1 86657
0 1 86659
0 1 86661
0 1 86662
0 1 86664
0 1 86666
0 1 86668
0 1 86669
0 1 86672
0 1 86674
0 1 86679
0 1 86680
0 1 86681
0 1 86682
0 1 86683
0 1 86684
0 1 86687
0 1 86693
0 1 86695
0 1 86700
0 1 86701
0 1 86702
0 1 86707
0 1 86709
0 1 86710
0 1 86711
0 1 86714
0 1 86718
0 1 86725
0 1 86726
0 1 86728
0 1 86729
0 1 86730
0 1 86732
0 1 86736
0 1 86737
0 1 86740
0 1 86741
0 1 86742
0 1 86743
0 1 86744
0 1 86745
0 1 86746
0 1 86747
0 1 86748
0 1 86749
0 1 86753
0 1 86757
0 1 86758
0 1 86759
0 1 86762
0 1 86768
0 1 86769
0 1 86770
0 1 86771
0 1 86772
0 1 86774
0 1 86775
0 1 86778
0 1 86779
0 1 86780
0 1 86787
0 1 86789
0 1 86790
0 1 86792
0 1 86793
0 1 86794
0 1 86797
0 1 86798
0 1 86800
0 1 86804
0 1 86806
0 1 86807
0 1 86810
0 1 86811
0 1 86813
0 1 86817
0 1 86818
0 1 86820
0 1 86822
0 1 86825
0 1 86828
0 1 86829
0 1 86830
0 1 86831
0 1 86832
0 1 86837
0 1 86838
0 1 86840
0 1 86841
0 1 86846
0 1 86847
0 1 86848
0 1 86850
0 1 86852
0 1 86856
0 1 86858
0 1 86859
0 1 86860
0 1 86862
0 1 86864
0 1 86866
0 1 86867
0 1 86868
0 1 86870
0 1 86873
0 1 86877
0 1 86881
0 1 86891
0 1 86892
0 1 86897
0 1 86900
0 1 86902
0 1 86903
0 1 86904
0 1 86905
0 1 86908
0 1 86909
0 1 86911
0 1 86912
0 1 86916
0 1 86919
0 1 86920
0 1 86922
0 1 86923
0 1 86924
0 1 86926
0 1 86928
0 1 86929
0 1 86930
0 1 86932
0 1 86934
0 1 86935
0 1 86936
0 1 86938
0 1 86939
0 1 86941
0 1 86943
0 1 86947
0 1 86948
0 1 86949
0 1 86951
0 1 86952
0 1 86957
0 1 86965
0 1 86967
0 1 86969
0 1 86970
0 1 86971
0 1 86972
0 1 86977
0 1 86978
0 1 86981
0 1 86983
0 1 86985
0 1 86986
0 1 86987
0 1 86988
0 1 86989
0 1 86993
0 1 86995
0 1 86998
0 1 86999
0 1 87000
0 1 87003
0 1 87006
0 1 87007
0 1 87009
0 1 87011
0 1 87014
0 1 87017
0 1 87019
0 1 87022
0 1 87028
0 1 87031
0 1 87035
0 1 87037
0 1 87039
0 1 87043
0 1 87048
0 1 87050
0 1 87052
0 1 87055
0 1 87056
0 1 87057
0 1 87059
0 1 87061
0 1 87063
0 1 87065
0 1 87066
0 1 87068
0 1 87069
0 1 87076
0 1 87078
0 1 87080
0 1 87081
0 1 87084
0 1 87085
0 1 87086
0 1 87087
0 1 87088
0 1 87089
0 1 87090
0 1 87091
0 1 87092
0 1 87093
0 1 87095
0 1 87098
0 1 87099
0 1 87100
0 1 87106
0 1 87109
0 1 87112
0 1 87114
0 1 87115
0 1 87116
0 1 87119
0 1 87120
0 1 87121
0 1 87125
0 1 87127
0 1 87131
0 1 87132
0 1 87133
0 1 87134
0 1 87135
0 1 87136
0 1 87137
0 1 87139
0 1 87141
0 1 87143
0 1 87146
0 1 87147
0 1 87149
0 1 87150
0 1 87151
0 1 87153
0 1 87154
0 1 87156
0 1 87158
0 1 87160
0 1 87162
0 1 87163
0 1 87166
0 1 87167
0 1 87168
0 1 87170
0 1 87175
0 1 87177
0 1 87180
0 1 87182
0 1 87188
0 1 87192
0 1 87193
0 1 87194
0 1 87195
0 1 87196
0 1 87198
0 1 87199
0 1 87200
0 1 87205
0 1 87207
0 1 87208
0 1 87209
0 1 87210
0 1 87211
0 1 87216
0 1 87217
0 1 87220
0 1 87222
0 1 87224
0 1 87226
0 1 87229
0 1 87232
0 1 87233
0 1 87235
0 1 87236
0 1 87237
0 1 87239
0 1 87243
0 1 87246
0 1 87250
0 1 87251
0 1 87257
0 1 87258
0 1 87259
0 1 87260
0 1 87263
0 1 87264
0 1 87265
0 1 87270
0 1 87271
0 1 87272
0 1 87276
0 1 87279
0 1 87285
0 1 87286
0 1 87287
0 1 87289
0 1 87290
0 1 87291
0 1 87292
0 1 87299
0 1 87301
0 1 87302
0 1 87303
0 1 87307
0 1 87309
0 1 87310
0 1 87312
0 1 87314
0 1 87315
0 1 87317
0 1 87321
0 1 87322
0 1 87323
0 1 87325
0 1 87328
0 1 87330
0 1 87331
0 1 87332
0 1 87333
0 1 87334
0 1 87336
0 1 87339
0 1 87342
0 1 87343
0 1 87345
0 1 87346
0 1 87348
0 1 87349
0 1 87352
0 1 87353
0 1 87354
0 1 87358
0 1 87359
0 1 87360
0 1 87362
0 1 87363
0 1 87364
0 1 87366
0 1 87369
0 1 87371
0 1 87373
0 1 87380
0 1 87381
0 1 87384
0 1 87385
0 1 87388
0 1 87389
0 1 87391
0 1 87392
0 1 87393
0 1 87394
0 1 87395
0 1 87396
0 1 87398
0 1 87401
0 1 87404
0 1 87405
0 1 87408
0 1 87409
0 1 87410
0 1 87411
0 1 87412
0 1 87414
0 1 87416
0 1 87417
0 1 87418
0 1 87419
0 1 87420
0 1 87421
0 1 87423
0 1 87426
0 1 87427
0 1 87431
0 1 87434
0 1 87444
0 1 87445
0 1 87446
0 1 87449
0 1 87451
0 1 87452
0 1 87454
0 1 87455
0 1 87456
0 1 87458
0 1 87459
0 1 87464
0 1 87465
0 1 87468
0 1 87469
0 1 87470
0 1 87471
0 1 87473
0 1 87474
0 1 87475
0 1 87476
0 1 87477
0 1 87479
0 1 87486
0 1 87488
0 1 87489
0 1 87491
0 1 87492
0 1 87494
0 1 87499
0 1 87500
0 1 87503
0 1 87504
0 1 87505
0 1 87506
0 1 87507
0 1 87510
0 1 87511
0 1 87512
0 1 87513
0 1 87514
0 1 87517
0 1 87518
0 1 87519
0 1 87525
0 1 87526
0 1 87528
0 1 87529
0 1 87530
0 1 87534
0 1 87535
0 1 87536
0 1 87537
0 1 87538
0 1 87540
0 1 87541
0 1 87544
0 1 87546
0 1 87549
0 1 87551
0 1 87552
0 1 87557
0 1 87558
0 1 87559
0 1 87566
0 1 87567
0 1 87568
0 1 87575
0 1 87576
0 1 87577
0 1 87581
0 1 87582
0 1 87583
0 1 87584
0 1 87589
0 1 87590
0 1 87592
0 1 87596
0 1 87597
0 1 87602
0 1 87603
0 1 87605
0 1 87606
0 1 87607
0 1 87610
0 1 87611
0 1 87615
0 1 87617
0 1 87618
0 1 87627
0 1 87629
0 1 87630
0 1 87635
0 1 87639
0 1 87640
0 1 87642
0 1 87646
0 1 87651
0 1 87652
0 1 87656
0 1 87661
0 1 87662
0 1 87663
0 1 87665
0 1 87666
0 1 87668
0 1 87669
0 1 87675
0 1 87676
0 1 87678
0 1 87685
0 1 87686
0 1 87689
0 1 87690
0 1 87691
0 1 87695
0 1 87696
0 1 87697
0 1 87698
0 1 87701
0 1 87703
0 1 87706
0 1 87707
0 1 87708
0 1 87709
0 1 87711
0 1 87712
0 1 87715
0 1 87717
0 1 87719
0 1 87720
0 1 87721
0 1 87722
0 1 87723
0 1 87724
0 1 87727
0 1 87728
0 1 87731
0 1 87735
0 1 87736
0 1 87740
0 1 87741
0 1 87742
0 1 87744
0 1 87746
0 1 87750
0 1 87752
0 1 87753
0 1 87754
0 1 87755
0 1 87756
0 1 87757
0 1 87763
0 1 87764
0 1 87769
0 1 87770
0 1 87772
0 1 87773
0 1 87775
0 1 87776
0 1 87777
0 1 87778
0 1 87780
0 1 87781
0 1 87782
0 1 87784
0 1 87785
0 1 87786
0 1 87788
0 1 87790
0 1 87792
0 1 87793
0 1 87796
0 1 87797
0 1 87798
0 1 87801
0 1 87807
0 1 87809
0 1 87810
0 1 87811
0 1 87816
0 1 87819
0 1 87821
0 1 87824
0 1 87825
0 1 87826
0 1 87827
0 1 87831
0 1 87833
0 1 87834
0 1 87838
0 1 87842
0 1 87845
0 1 87847
0 1 87850
0 1 87854
0 1 87856
0 1 87863
0 1 87865
0 1 87867
0 1 87869
0 1 87872
0 1 87874
0 1 87876
0 1 87879
0 1 87880
0 1 87882
0 1 87883
0 1 87885
0 1 87888
0 1 87891
0 1 87894
0 1 87897
0 1 87898
0 1 87899
0 1 87902
0 1 87903
0 1 87904
0 1 87905
0 1 87906
0 1 87907
0 1 87908
0 1 87910
0 1 87911
0 1 87912
0 1 87913
0 1 87914
0 1 87915
0 1 87916
0 1 87918
0 1 87920
0 1 87921
0 1 87924
0 1 87925
0 1 87928
0 1 87929
0 1 87932
0 1 87935
0 1 87936
0 1 87937
0 1 87938
0 1 87940
0 1 87941
0 1 87943
0 1 87944
0 1 87945
0 1 87948
0 1 87949
0 1 87951
0 1 87952
0 1 87956
0 1 87957
0 1 87959
0 1 87960
0 1 87961
0 1 87962
0 1 87968
0 1 87969
0 1 87970
0 1 87972
0 1 87974
0 1 87976
0 1 87978
0 1 87983
0 1 87984
0 1 87987
0 1 87988
0 1 87990
0 1 87992
0 1 87994
0 1 87996
0 1 87997
0 1 87999
0 1 88001
0 1 88002
0 1 88003
0 1 88006
0 1 88010
0 1 88011
0 1 88013
0 1 88016
0 1 88017
0 1 88018
0 1 88020
0 1 88021
0 1 88022
0 1 88023
0 1 88025
0 1 88028
0 1 88030
0 1 88032
0 1 88033
0 1 88034
0 1 88035
0 1 88036
0 1 88037
0 1 88039
0 1 88040
0 1 88047
0 1 88048
0 1 88051
0 1 88054
0 1 88055
0 1 88056
0 1 88057
0 1 88058
0 1 88059
0 1 88061
0 1 88065
0 1 88067
0 1 88069
0 1 88071
0 1 88075
0 1 88076
0 1 88078
0 1 88080
0 1 88083
0 1 88085
0 1 88088
0 1 88090
0 1 88091
0 1 88093
0 1 88095
0 1 88096
0 1 88099
0 1 88100
0 1 88102
0 1 88103
0 1 88105
0 1 88109
0 1 88110
0 1 88111
0 1 88113
0 1 88114
0 1 88115
0 1 88116
0 1 88118
0 1 88119
0 1 88122
0 1 88124
0 1 88126
0 1 88128
0 1 88132
0 1 88136
0 1 88138
0 1 88141
0 1 88142
0 1 88145
0 1 88146
0 1 88147
0 1 88148
0 1 88152
0 1 88154
0 1 88155
0 1 88157
0 1 88159
0 1 88160
0 1 88161
0 1 88163
0 1 88165
0 1 88166
0 1 88167
0 1 88168
0 1 88170
0 1 88171
0 1 88172
0 1 88173
0 1 88176
0 1 88180
0 1 88182
0 1 88183
0 1 88184
0 1 88186
0 1 88188
0 1 88189
0 1 88190
0 1 88192
0 1 88193
0 1 88195
0 1 88196
0 1 88197
0 1 88200
0 1 88201
0 1 88203
0 1 88204
0 1 88208
0 1 88211
0 1 88213
0 1 88214
0 1 88217
0 1 88218
0 1 88221
0 1 88222
0 1 88225
0 1 88226
0 1 88228
0 1 88229
0 1 88231
0 1 88233
0 1 88235
0 1 88236
0 1 88241
0 1 88242
0 1 88244
0 1 88245
0 1 88246
0 1 88247
0 1 88248
0 1 88250
0 1 88254
0 1 88260
0 1 88262
0 1 88263
0 1 88267
0 1 88268
0 1 88271
0 1 88278
0 1 88279
0 1 88280
0 1 88281
0 1 88283
0 1 88284
0 1 88285
0 1 88287
0 1 88288
0 1 88289
0 1 88290
0 1 88291
0 1 88293
0 1 88296
0 1 88300
0 1 88305
0 1 88306
0 1 88308
0 1 88312
0 1 88313
0 1 88314
0 1 88315
0 1 88323
0 1 88324
0 1 88327
0 1 88328
0 1 88332
0 1 88333
0 1 88334
0 1 88335
0 1 88336
0 1 88339
0 1 88340
0 1 88341
0 1 88342
0 1 88343
0 1 88346
0 1 88347
0 1 88349
0 1 88350
0 1 88351
0 1 88353
0 1 88358
0 1 88361
0 1 88363
0 1 88365
0 1 88369
0 1 88373
0 1 88374
0 1 88377
0 1 88380
0 1 88381
0 1 88385
0 1 88386
0 1 88390
0 1 88391
0 1 88392
0 1 88394
0 1 88395
0 1 88396
0 1 88397
0 1 88398
0 1 88401
0 1 88402
0 1 88407
0 1 88409
0 1 88410
0 1 88411
0 1 88413
0 1 88414
0 1 88415
0 1 88419
0 1 88420
0 1 88421
0 1 88423
0 1 88427
0 1 88430
0 1 88432
0 1 88433
0 1 88436
0 1 88439
0 1 88440
0 1 88444
0 1 88446
0 1 88447
0 1 88449
0 1 88451
0 1 88454
0 1 88455
0 1 88457
0 1 88459
0 1 88460
0 1 88461
0 1 88462
0 1 88463
0 1 88464
0 1 88466
0 1 88467
0 1 88468
0 1 88470
0 1 88472
0 1 88474
0 1 88475
0 1 88481
0 1 88482
0 1 88484
0 1 88487
0 1 88488
0 1 88489
0 1 88490
0 1 88494
0 1 88495
0 1 88496
0 1 88497
0 1 88499
0 1 88501
0 1 88502
0 1 88503
0 1 88504
0 1 88513
0 1 88516
0 1 88518
0 1 88523
0 1 88525
0 1 88528
0 1 88531
0 1 88533
0 1 88535
0 1 88539
0 1 88541
0 1 88543
0 1 88548
0 1 88549
0 1 88551
0 1 88555
0 1 88556
0 1 88557
0 1 88558
0 1 88559
0 1 88560
0 1 88561
0 1 88563
0 1 88567
0 1 88571
0 1 88572
0 1 88573
0 1 88574
0 1 88575
0 1 88578
0 1 88579
0 1 88580
0 1 88581
0 1 88582
0 1 88583
0 1 88585
0 1 88587
0 1 88596
0 1 88597
0 1 88598
0 1 88599
0 1 88600
0 1 88601
0 1 88602
0 1 88603
0 1 88604
0 1 88605
0 1 88607
0 1 88611
0 1 88612
0 1 88614
0 1 88616
0 1 88618
0 1 88622
0 1 88624
0 1 88625
0 1 88627
0 1 88634
0 1 88636
0 1 88638
0 1 88639
0 1 88642
0 1 88643
0 1 88645
0 1 88646
0 1 88648
0 1 88652
0 1 88653
0 1 88655
0 1 88656
0 1 88657
0 1 88659
0 1 88660
0 1 88661
0 1 88662
0 1 88665
0 1 88668
0 1 88671
0 1 88675
0 1 88678
0 1 88679
0 1 88680
0 1 88681
0 1 88682
0 1 88684
0 1 88686
0 1 88687
0 1 88692
0 1 88694
0 1 88697
0 1 88704
0 1 88705
0 1 88706
0 1 88711
0 1 88713
0 1 88715
0 1 88716
0 1 88717
0 1 88719
0 1 88720
0 1 88721
0 1 88722
0 1 88723
0 1 88726
0 1 88727
0 1 88728
0 1 88729
0 1 88730
0 1 88732
0 1 88734
0 1 88735
0 1 88736
0 1 88739
0 1 88741
0 1 88745
0 1 88750
0 1 88752
0 1 88754
0 1 88755
0 1 88757
0 1 88759
0 1 88760
0 1 88761
0 1 88764
0 1 88766
0 1 88767
0 1 88769
0 1 88771
0 1 88773
0 1 88774
0 1 88775
0 1 88776
0 1 88778
0 1 88779
0 1 88784
0 1 88786
0 1 88788
0 1 88789
0 1 88790
0 1 88791
0 1 88792
0 1 88796
0 1 88799
0 1 88801
0 1 88802
0 1 88804
0 1 88805
0 1 88806
0 1 88807
0 1 88808
0 1 88809
0 1 88811
0 1 88812
0 1 88813
0 1 88814
0 1 88817
0 1 88818
0 1 88819
0 1 88820
0 1 88822
0 1 88823
0 1 88824
0 1 88827
0 1 88828
0 1 88830
0 1 88834
0 1 88838
0 1 88840
0 1 88843
0 1 88845
0 1 88847
0 1 88848
0 1 88849
0 1 88851
0 1 88852
0 1 88853
0 1 88854
0 1 88855
0 1 88858
0 1 88859
0 1 88860
0 1 88863
0 1 88869
0 1 88871
0 1 88873
0 1 88875
0 1 88878
0 1 88881
0 1 88884
0 1 88886
0 1 88887
0 1 88888
0 1 88890
0 1 88891
0 1 88893
0 1 88894
0 1 88895
0 1 88898
0 1 88899
0 1 88900
0 1 88902
0 1 88905
0 1 88908
0 1 88909
0 1 88911
0 1 88912
0 1 88917
0 1 88919
0 1 88922
0 1 88923
0 1 88924
0 1 88931
0 1 88932
0 1 88934
0 1 88935
0 1 88938
0 1 88939
0 1 88941
0 1 88943
0 1 88944
0 1 88949
0 1 88950
0 1 88955
0 1 88956
0 1 88958
0 1 88962
0 1 88963
0 1 88968
0 1 88970
0 1 88971
0 1 88973
0 1 88974
0 1 88975
0 1 88979
0 1 88981
0 1 88982
0 1 88984
0 1 88987
0 1 88988
0 1 88989
0 1 88991
0 1 88992
0 1 88993
0 1 88994
0 1 88996
0 1 88999
0 1 89000
0 1 89004
0 1 89007
0 1 89011
0 1 89012
0 1 89014
0 1 89015
0 1 89016
0 1 89017
0 1 89023
0 1 89024
0 1 89026
0 1 89027
0 1 89029
0 1 89030
0 1 89031
0 1 89033
0 1 89036
0 1 89039
0 1 89044
0 1 89045
0 1 89047
0 1 89051
0 1 89052
0 1 89055
0 1 89056
0 1 89057
0 1 89058
0 1 89059
0 1 89061
0 1 89062
0 1 89063
0 1 89064
0 1 89067
0 1 89071
0 1 89072
0 1 89073
0 1 89075
0 1 89076
0 1 89077
0 1 89081
0 1 89082
0 1 89083
0 1 89086
0 1 89091
0 1 89092
0 1 89095
0 1 89096
0 1 89098
0 1 89100
0 1 89101
0 1 89106
0 1 89109
0 1 89110
0 1 89112
0 1 89119
0 1 89120
0 1 89123
0 1 89124
0 1 89126
0 1 89127
0 1 89128
0 1 89129
0 1 89130
0 1 89133
0 1 89134
0 1 89135
0 1 89138
0 1 89139
0 1 89143
0 1 89146
0 1 89149
0 1 89152
0 1 89153
0 1 89155
0 1 89159
0 1 89166
0 1 89167
0 1 89169
0 1 89174
0 1 89179
0 1 89180
0 1 89183
0 1 89184
0 1 89185
0 1 89186
0 1 89187
0 1 89194
0 1 89196
0 1 89202
0 1 89204
0 1 89205
0 1 89209
0 1 89211
0 1 89213
0 1 89215
0 1 89216
0 1 89217
0 1 89220
0 1 89221
0 1 89222
0 1 89230
0 1 89233
0 1 89235
0 1 89238
0 1 89239
0 1 89242
0 1 89243
0 1 89247
0 1 89248
0 1 89251
0 1 89252
0 1 89254
0 1 89255
0 1 89259
0 1 89260
0 1 89261
0 1 89263
0 1 89265
0 1 89267
0 1 89268
0 1 89272
0 1 89273
0 1 89278
0 1 89280
0 1 89283
0 1 89285
0 1 89286
0 1 89287
0 1 89290
0 1 89291
0 1 89293
0 1 89294
0 1 89295
0 1 89296
0 1 89297
0 1 89299
0 1 89300
0 1 89301
0 1 89303
0 1 89304
0 1 89305
0 1 89306
0 1 89308
0 1 89312
0 1 89313
0 1 89315
0 1 89316
0 1 89317
0 1 89318
0 1 89319
0 1 89320
0 1 89321
0 1 89323
0 1 89324
0 1 89325
0 1 89328
0 1 89329
0 1 89330
0 1 89331
0 1 89334
0 1 89341
0 1 89342
0 1 89343
0 1 89344
0 1 89347
0 1 89348
0 1 89354
0 1 89355
0 1 89356
0 1 89358
0 1 89360
0 1 89361
0 1 89365
0 1 89366
0 1 89372
0 1 89373
0 1 89375
0 1 89376
0 1 89378
0 1 89379
0 1 89381
0 1 89383
0 1 89385
0 1 89387
0 1 89389
0 1 89392
0 1 89393
0 1 89394
0 1 89396
0 1 89398
0 1 89405
0 1 89407
0 1 89408
0 1 89410
0 1 89413
0 1 89414
0 1 89415
0 1 89416
0 1 89419
0 1 89420
0 1 89421
0 1 89422
0 1 89424
0 1 89426
0 1 89427
0 1 89428
0 1 89429
0 1 89430
0 1 89431
0 1 89432
0 1 89436
0 1 89437
0 1 89438
0 1 89439
0 1 89443
0 1 89444
0 1 89445
0 1 89449
0 1 89451
0 1 89452
0 1 89455
0 1 89456
0 1 89457
0 1 89458
0 1 89459
0 1 89460
0 1 89464
0 1 89466
0 1 89469
0 1 89470
0 1 89475
0 1 89485
0 1 89486
0 1 89487
0 1 89488
0 1 89489
0 1 89492
0 1 89493
0 1 89494
0 1 89496
0 1 89501
0 1 89502
0 1 89504
0 1 89505
0 1 89506
0 1 89507
0 1 89508
0 1 89512
0 1 89514
0 1 89516
0 1 89517
0 1 89522
0 1 89523
0 1 89526
0 1 89527
0 1 89528
0 1 89529
0 1 89533
0 1 89536
0 1 89540
0 1 89541
0 1 89544
0 1 89545
0 1 89548
0 1 89551
0 1 89552
0 1 89553
0 1 89558
0 1 89559
0 1 89560
0 1 89562
0 1 89566
0 1 89569
0 1 89571
0 1 89572
0 1 89573
0 1 89575
0 1 89578
0 1 89579
0 1 89581
0 1 89582
0 1 89583
0 1 89585
0 1 89589
0 1 89590
0 1 89591
0 1 89595
0 1 89599
0 1 89603
0 1 89605
0 1 89608
0 1 89609
0 1 89610
0 1 89613
0 1 89614
0 1 89617
0 1 89618
0 1 89619
0 1 89621
0 1 89622
0 1 89623
0 1 89624
0 1 89626
0 1 89627
0 1 89628
0 1 89631
0 1 89633
0 1 89634
0 1 89636
0 1 89638
0 1 89639
0 1 89640
0 1 89642
0 1 89643
0 1 89646
0 1 89648
0 1 89650
0 1 89651
0 1 89652
0 1 89655
0 1 89656
0 1 89658
0 1 89659
0 1 89663
0 1 89667
0 1 89669
0 1 89670
0 1 89672
0 1 89673
0 1 89674
0 1 89676
0 1 89678
0 1 89681
0 1 89684
0 1 89688
0 1 89690
0 1 89691
0 1 89694
0 1 89698
0 1 89699
0 1 89700
0 1 89701
0 1 89702
0 1 89704
0 1 89706
0 1 89708
0 1 89710
0 1 89714
0 1 89719
0 1 89720
0 1 89722
0 1 89723
0 1 89726
0 1 89727
0 1 89729
0 1 89739
0 1 89742
0 1 89743
0 1 89744
0 1 89747
0 1 89750
0 1 89753
0 1 89754
0 1 89757
0 1 89758
0 1 89759
0 1 89761
0 1 89765
0 1 89767
0 1 89768
0 1 89770
0 1 89773
0 1 89775
0 1 89776
0 1 89780
0 1 89781
0 1 89782
0 1 89785
0 1 89786
0 1 89787
0 1 89792
0 1 89793
0 1 89794
0 1 89797
0 1 89798
0 1 89800
0 1 89803
0 1 89812
0 1 89813
0 1 89816
0 1 89817
0 1 89818
0 1 89819
0 1 89820
0 1 89826
0 1 89828
0 1 89831
0 1 89835
0 1 89846
0 1 89847
0 1 89848
0 1 89852
0 1 89853
0 1 89854
0 1 89856
0 1 89865
0 1 89866
0 1 89871
0 1 89872
0 1 89874
0 1 89875
0 1 89879
0 1 89881
0 1 89882
0 1 89885
0 1 89886
0 1 89888
0 1 89889
0 1 89893
0 1 89896
0 1 89900
0 1 89904
0 1 89905
0 1 89906
0 1 89907
0 1 89908
0 1 89909
0 1 89910
0 1 89912
0 1 89915
0 1 89919
0 1 89922
0 1 89924
0 1 89925
0 1 89927
0 1 89928
0 1 89929
0 1 89930
0 1 89932
0 1 89934
0 1 89935
0 1 89937
0 1 89940
0 1 89942
0 1 89944
0 1 89945
0 1 89947
0 1 89948
0 1 89949
0 1 89950
0 1 89951
0 1 89957
0 1 89958
0 1 89959
0 1 89961
0 1 89962
0 1 89966
0 1 89967
0 1 89971
0 1 89973
0 1 89975
0 1 89976
0 1 89977
0 1 89978
0 1 89980
0 1 89983
0 1 89984
0 1 89986
0 1 89987
0 1 89991
0 1 89992
0 1 89994
0 1 89998
0 1 89999
0 1 90000
0 1 90003
0 1 90004
0 1 90006
0 1 90007
0 1 90011
0 1 90013
0 1 90014
0 1 90017
0 1 90020
0 1 90021
0 1 90027
0 1 90029
0 1 90030
0 1 90031
0 1 90033
0 1 90035
0 1 90040
0 1 90041
0 1 90042
0 1 90043
0 1 90044
0 1 90045
0 1 90046
0 1 90047
0 1 90048
0 1 90049
0 1 90053
0 1 90054
0 1 90056
0 1 90057
0 1 90059
0 1 90060
0 1 90063
0 1 90064
0 1 90067
0 1 90068
0 1 90069
0 1 90071
0 1 90072
0 1 90074
0 1 90080
0 1 90083
0 1 90085
0 1 90086
0 1 90089
0 1 90094
0 1 90095
0 1 90098
0 1 90102
0 1 90104
0 1 90105
0 1 90106
0 1 90107
0 1 90108
0 1 90109
0 1 90112
0 1 90115
0 1 90117
0 1 90121
0 1 90122
0 1 90129
0 1 90131
0 1 90132
0 1 90133
0 1 90137
0 1 90139
0 1 90144
0 1 90146
0 1 90147
0 1 90148
0 1 90149
0 1 90150
0 1 90152
0 1 90153
0 1 90154
0 1 90155
0 1 90156
0 1 90160
0 1 90161
0 1 90166
0 1 90168
0 1 90170
0 1 90171
0 1 90175
0 1 90180
0 1 90184
0 1 90186
0 1 90187
0 1 90188
0 1 90190
0 1 90191
0 1 90194
0 1 90198
0 1 90199
0 1 90200
0 1 90202
0 1 90204
0 1 90207
0 1 90210
0 1 90211
0 1 90213
0 1 90214
0 1 90215
0 1 90217
0 1 90218
0 1 90219
0 1 90220
0 1 90223
0 1 90224
0 1 90233
0 1 90234
0 1 90235
0 1 90237
0 1 90239
0 1 90243
0 1 90244
0 1 90251
0 1 90252
0 1 90260
0 1 90263
0 1 90265
0 1 90266
0 1 90267
0 1 90268
0 1 90269
0 1 90276
0 1 90277
0 1 90278
0 1 90279
0 1 90280
0 1 90281
0 1 90283
0 1 90285
0 1 90286
0 1 90287
0 1 90288
0 1 90293
0 1 90296
0 1 90304
0 1 90306
0 1 90308
0 1 90309
0 1 90310
0 1 90313
0 1 90315
0 1 90316
0 1 90317
0 1 90320
0 1 90321
0 1 90322
0 1 90323
0 1 90324
0 1 90325
0 1 90326
0 1 90327
0 1 90328
0 1 90330
0 1 90332
0 1 90333
0 1 90334
0 1 90335
0 1 90336
0 1 90339
0 1 90342
0 1 90344
0 1 90352
0 1 90354
0 1 90356
0 1 90357
0 1 90358
0 1 90359
0 1 90363
0 1 90369
0 1 90372
0 1 90373
0 1 90376
0 1 90377
0 1 90379
0 1 90381
0 1 90384
0 1 90386
0 1 90390
0 1 90392
0 1 90394
0 1 90395
0 1 90398
0 1 90399
0 1 90402
0 1 90403
0 1 90405
0 1 90406
0 1 90408
0 1 90413
0 1 90414
0 1 90418
0 1 90420
0 1 90421
0 1 90422
0 1 90424
0 1 90426
0 1 90427
0 1 90429
0 1 90430
0 1 90431
0 1 90432
0 1 90434
0 1 90436
0 1 90437
0 1 90439
0 1 90440
0 1 90441
0 1 90443
0 1 90444
0 1 90445
0 1 90447
0 1 90448
0 1 90449
0 1 90455
0 1 90457
0 1 90460
0 1 90461
0 1 90466
0 1 90470
0 1 90471
0 1 90473
0 1 90474
0 1 90475
0 1 90476
0 1 90478
0 1 90479
0 1 90480
0 1 90483
0 1 90485
0 1 90486
0 1 90487
0 1 90489
0 1 90495
0 1 90496
0 1 90498
0 1 90499
0 1 90501
0 1 90505
0 1 90506
0 1 90510
0 1 90512
0 1 90513
0 1 90514
0 1 90516
0 1 90517
0 1 90518
0 1 90519
0 1 90520
0 1 90521
0 1 90522
0 1 90524
0 1 90525
0 1 90529
0 1 90531
0 1 90534
0 1 90536
0 1 90537
0 1 90540
0 1 90542
0 1 90543
0 1 90544
0 1 90546
0 1 90547
0 1 90548
0 1 90550
0 1 90552
0 1 90554
0 1 90561
0 1 90562
0 1 90563
0 1 90566
0 1 90568
0 1 90571
0 1 90573
0 1 90574
0 1 90576
0 1 90577
0 1 90580
0 1 90581
0 1 90582
0 1 90584
0 1 90588
0 1 90590
0 1 90591
0 1 90592
0 1 90593
0 1 90594
0 1 90596
0 1 90598
0 1 90601
0 1 90602
0 1 90604
0 1 90606
0 1 90609
0 1 90611
0 1 90612
0 1 90613
0 1 90615
0 1 90616
0 1 90617
0 1 90618
0 1 90619
0 1 90620
0 1 90622
0 1 90623
0 1 90624
0 1 90628
0 1 90629
0 1 90632
0 1 90635
0 1 90641
0 1 90644
0 1 90645
0 1 90646
0 1 90648
0 1 90649
0 1 90650
0 1 90651
0 1 90654
0 1 90657
0 1 90659
0 1 90660
0 1 90661
0 1 90664
0 1 90665
0 1 90669
0 1 90670
0 1 90674
0 1 90676
0 1 90677
0 1 90680
0 1 90681
0 1 90682
0 1 90683
0 1 90684
0 1 90692
0 1 90696
0 1 90698
0 1 90700
0 1 90701
0 1 90702
0 1 90703
0 1 90708
0 1 90709
0 1 90711
0 1 90712
0 1 90713
0 1 90718
0 1 90719
0 1 90721
0 1 90722
0 1 90724
0 1 90725
0 1 90726
0 1 90727
0 1 90728
0 1 90729
0 1 90733
0 1 90734
0 1 90735
0 1 90737
0 1 90738
0 1 90739
0 1 90740
0 1 90741
0 1 90744
0 1 90746
0 1 90748
0 1 90749
0 1 90750
0 1 90751
0 1 90753
0 1 90755
0 1 90756
0 1 90757
0 1 90760
0 1 90762
0 1 90763
0 1 90764
0 1 90765
0 1 90766
0 1 90767
0 1 90770
0 1 90772
0 1 90775
0 1 90776
0 1 90777
0 1 90780
0 1 90781
0 1 90783
0 1 90785
0 1 90786
0 1 90787
0 1 90788
0 1 90790
0 1 90794
0 1 90795
0 1 90799
0 1 90802
0 1 90804
0 1 90809
0 1 90812
0 1 90815
0 1 90818
0 1 90823
0 1 90824
0 1 90828
0 1 90829
0 1 90830
0 1 90831
0 1 90832
0 1 90833
0 1 90835
0 1 90836
0 1 90837
0 1 90839
0 1 90840
0 1 90842
0 1 90843
0 1 90845
0 1 90847
0 1 90849
0 1 90850
0 1 90851
0 1 90854
0 1 90855
0 1 90856
0 1 90860
0 1 90865
0 1 90867
0 1 90868
0 1 90870
0 1 90874
0 1 90877
0 1 90878
0 1 90879
0 1 90883
0 1 90888
0 1 90891
0 1 90892
0 1 90897
0 1 90899
0 1 90900
0 1 90902
0 1 90913
0 1 90916
0 1 90920
0 1 90924
0 1 90925
0 1 90927
0 1 90929
0 1 90933
0 1 90934
0 1 90936
0 1 90937
0 1 90938
0 1 90941
0 1 90948
0 1 90955
0 1 90956
0 1 90960
0 1 90961
0 1 90962
0 1 90963
0 1 90966
0 1 90967
0 1 90969
0 1 90970
0 1 90971
0 1 90974
0 1 90975
0 1 90977
0 1 90978
0 1 90979
0 1 90982
0 1 90987
0 1 90988
0 1 90990
0 1 90992
0 1 90994
0 1 90997
0 1 91001
0 1 91002
0 1 91004
0 1 91005
0 1 91006
0 1 91010
0 1 91013
0 1 91015
0 1 91017
0 1 91023
0 1 91024
0 1 91029
0 1 91030
0 1 91031
0 1 91032
0 1 91033
0 1 91034
0 1 91035
0 1 91037
0 1 91038
0 1 91039
0 1 91040
0 1 91041
0 1 91042
0 1 91043
0 1 91044
0 1 91045
0 1 91049
0 1 91050
0 1 91053
0 1 91055
0 1 91058
0 1 91063
0 1 91064
0 1 91066
0 1 91077
0 1 91078
0 1 91080
0 1 91082
0 1 91084
0 1 91086
0 1 91088
0 1 91089
0 1 91090
0 1 91096
0 1 91097
0 1 91098
0 1 91099
0 1 91101
0 1 91103
0 1 91104
0 1 91107
0 1 91108
0 1 91109
0 1 91110
0 1 91111
0 1 91116
0 1 91120
0 1 91123
0 1 91124
0 1 91125
0 1 91126
0 1 91127
0 1 91129
0 1 91130
0 1 91133
0 1 91135
0 1 91136
0 1 91140
0 1 91143
0 1 91144
0 1 91145
0 1 91146
0 1 91150
0 1 91151
0 1 91153
0 1 91156
0 1 91157
0 1 91158
0 1 91159
0 1 91169
0 1 91171
0 1 91172
0 1 91176
0 1 91178
0 1 91179
0 1 91180
0 1 91182
0 1 91184
0 1 91186
0 1 91188
0 1 91189
0 1 91195
0 1 91196
0 1 91198
0 1 91199
0 1 91202
0 1 91203
0 1 91206
0 1 91207
0 1 91209
0 1 91211
0 1 91212
0 1 91214
0 1 91216
0 1 91218
0 1 91219
0 1 91220
0 1 91222
0 1 91223
0 1 91225
0 1 91227
0 1 91228
0 1 91230
0 1 91231
0 1 91232
0 1 91236
0 1 91237
0 1 91238
0 1 91242
0 1 91243
0 1 91245
0 1 91247
0 1 91251
0 1 91252
0 1 91255
0 1 91258
0 1 91259
0 1 91260
0 1 91263
0 1 91264
0 1 91265
0 1 91269
0 1 91273
0 1 91274
0 1 91275
0 1 91277
0 1 91280
0 1 91281
0 1 91282
0 1 91284
0 1 91285
0 1 91286
0 1 91289
0 1 91290
0 1 91294
0 1 91295
0 1 91296
0 1 91297
0 1 91298
0 1 91299
0 1 91301
0 1 91303
0 1 91304
0 1 91307
0 1 91308
0 1 91309
0 1 91311
0 1 91315
0 1 91316
0 1 91319
0 1 91320
0 1 91322
0 1 91323
0 1 91330
0 1 91331
0 1 91332
0 1 91336
0 1 91339
0 1 91341
0 1 91343
0 1 91348
0 1 91351
0 1 91352
0 1 91354
0 1 91355
0 1 91356
0 1 91357
0 1 91358
0 1 91359
0 1 91361
0 1 91362
0 1 91363
0 1 91364
0 1 91366
0 1 91370
0 1 91371
0 1 91372
0 1 91375
0 1 91378
0 1 91383
0 1 91384
0 1 91386
0 1 91387
0 1 91388
0 1 91389
0 1 91392
0 1 91393
0 1 91395
0 1 91396
0 1 91397
0 1 91398
0 1 91400
0 1 91404
0 1 91406
0 1 91409
0 1 91410
0 1 91413
0 1 91415
0 1 91420
0 1 91421
0 1 91422
0 1 91423
0 1 91424
0 1 91425
0 1 91426
0 1 91427
0 1 91429
0 1 91431
0 1 91432
0 1 91437
0 1 91438
0 1 91440
0 1 91442
0 1 91448
0 1 91450
0 1 91452
0 1 91454
0 1 91456
0 1 91459
0 1 91460
0 1 91464
0 1 91469
0 1 91470
0 1 91474
0 1 91475
0 1 91477
0 1 91480
0 1 91481
0 1 91482
0 1 91484
0 1 91485
0 1 91486
0 1 91488
0 1 91489
0 1 91490
0 1 91491
0 1 91492
0 1 91493
0 1 91495
0 1 91496
0 1 91497
0 1 91498
0 1 91501
0 1 91504
0 1 91505
0 1 91506
0 1 91510
0 1 91511
0 1 91512
0 1 91513
0 1 91515
0 1 91518
0 1 91519
0 1 91523
0 1 91524
0 1 91525
0 1 91530
0 1 91534
0 1 91536
0 1 91538
0 1 91539
0 1 91540
0 1 91541
0 1 91542
0 1 91544
0 1 91545
0 1 91547
0 1 91548
0 1 91549
0 1 91551
0 1 91552
0 1 91555
0 1 91556
0 1 91557
0 1 91558
0 1 91564
0 1 91566
0 1 91567
0 1 91568
0 1 91574
0 1 91577
0 1 91578
0 1 91580
0 1 91582
0 1 91583
0 1 91584
0 1 91586
0 1 91589
0 1 91595
0 1 91599
0 1 91601
0 1 91602
0 1 91603
0 1 91604
0 1 91605
0 1 91606
0 1 91608
0 1 91609
0 1 91613
0 1 91617
0 1 91619
0 1 91620
0 1 91621
0 1 91625
0 1 91627
0 1 91630
0 1 91631
0 1 91632
0 1 91633
0 1 91638
0 1 91639
0 1 91641
0 1 91645
0 1 91646
0 1 91648
0 1 91649
0 1 91652
0 1 91653
0 1 91654
0 1 91656
0 1 91657
0 1 91658
0 1 91659
0 1 91660
0 1 91661
0 1 91662
0 1 91667
0 1 91668
0 1 91670
0 1 91672
0 1 91677
0 1 91678
0 1 91680
0 1 91683
0 1 91686
0 1 91688
0 1 91694
0 1 91696
0 1 91698
0 1 91700
0 1 91701
0 1 91702
0 1 91703
0 1 91706
0 1 91708
0 1 91711
0 1 91712
0 1 91713
0 1 91714
0 1 91719
0 1 91720
0 1 91722
0 1 91726
0 1 91727
0 1 91729
0 1 91730
0 1 91731
0 1 91733
0 1 91734
0 1 91736
0 1 91738
0 1 91739
0 1 91740
0 1 91741
0 1 91746
0 1 91748
0 1 91749
0 1 91750
0 1 91751
0 1 91753
0 1 91754
0 1 91755
0 1 91756
0 1 91757
0 1 91759
0 1 91760
0 1 91762
0 1 91763
0 1 91764
0 1 91765
0 1 91771
0 1 91772
0 1 91773
0 1 91774
0 1 91778
0 1 91780
0 1 91784
0 1 91785
0 1 91786
0 1 91788
0 1 91790
0 1 91792
0 1 91793
0 1 91794
0 1 91797
0 1 91798
0 1 91800
0 1 91801
0 1 91805
0 1 91806
0 1 91807
0 1 91814
0 1 91817
0 1 91818
0 1 91819
0 1 91820
0 1 91822
0 1 91825
0 1 91826
0 1 91827
0 1 91828
0 1 91830
0 1 91832
0 1 91836
0 1 91837
0 1 91838
0 1 91839
0 1 91840
0 1 91841
0 1 91843
0 1 91845
0 1 91846
0 1 91847
0 1 91848
0 1 91849
0 1 91851
0 1 91852
0 1 91853
0 1 91854
0 1 91856
0 1 91860
0 1 91862
0 1 91863
0 1 91864
0 1 91867
0 1 91871
0 1 91877
0 1 91878
0 1 91881
0 1 91882
0 1 91883
0 1 91884
0 1 91885
0 1 91889
0 1 91892
0 1 91893
0 1 91894
0 1 91895
0 1 91896
0 1 91897
0 1 91899
0 1 91901
0 1 91907
0 1 91910
0 1 91911
0 1 91912
0 1 91913
0 1 91914
0 1 91915
0 1 91917
0 1 91919
0 1 91921
0 1 91922
0 1 91924
0 1 91925
0 1 91927
0 1 91930
0 1 91933
0 1 91934
0 1 91936
0 1 91937
0 1 91938
0 1 91939
0 1 91945
0 1 91946
0 1 91947
0 1 91948
0 1 91952
0 1 91953
0 1 91955
0 1 91957
0 1 91958
0 1 91959
0 1 91960
0 1 91961
0 1 91962
0 1 91963
0 1 91965
0 1 91968
0 1 91969
0 1 91970
0 1 91972
0 1 91974
0 1 91976
0 1 91977
0 1 91978
0 1 91982
0 1 91984
0 1 91987
0 1 91988
0 1 91989
0 1 91990
0 1 91994
0 1 91996
0 1 91998
0 1 92000
0 1 92002
0 1 92004
0 1 92005
0 1 92007
0 1 92008
0 1 92009
0 1 92012
0 1 92014
0 1 92015
0 1 92020
0 1 92022
0 1 92023
0 1 92026
0 1 92027
0 1 92028
0 1 92031
0 1 92033
0 1 92036
0 1 92040
0 1 92044
0 1 92046
0 1 92051
0 1 92052
0 1 92053
0 1 92055
0 1 92056
0 1 92057
0 1 92058
0 1 92059
0 1 92062
0 1 92063
0 1 92065
0 1 92068
0 1 92069
0 1 92072
0 1 92073
0 1 92076
0 1 92080
0 1 92081
0 1 92082
0 1 92083
0 1 92084
0 1 92085
0 1 92086
0 1 92089
0 1 92093
0 1 92095
0 1 92096
0 1 92098
0 1 92099
0 1 92100
0 1 92101
0 1 92102
0 1 92103
0 1 92104
0 1 92105
0 1 92106
0 1 92109
0 1 92110
0 1 92111
0 1 92113
0 1 92114
0 1 92115
0 1 92116
0 1 92117
0 1 92118
0 1 92120
0 1 92125
0 1 92126
0 1 92128
0 1 92129
0 1 92130
0 1 92131
0 1 92132
0 1 92133
0 1 92136
0 1 92138
0 1 92139
0 1 92141
0 1 92143
0 1 92146
0 1 92148
0 1 92149
0 1 92150
0 1 92152
0 1 92153
0 1 92154
0 1 92155
0 1 92158
0 1 92160
0 1 92161
0 1 92162
0 1 92164
0 1 92165
0 1 92167
0 1 92168
0 1 92170
0 1 92171
0 1 92175
0 1 92177
0 1 92178
0 1 92179
0 1 92181
0 1 92182
0 1 92185
0 1 92186
0 1 92188
0 1 92191
0 1 92198
0 1 92200
0 1 92201
0 1 92203
0 1 92206
0 1 92207
0 1 92210
0 1 92211
0 1 92212
0 1 92214
0 1 92215
0 1 92216
0 1 92218
0 1 92219
0 1 92221
0 1 92222
0 1 92225
0 1 92228
0 1 92229
0 1 92231
0 1 92232
0 1 92234
0 1 92235
0 1 92236
0 1 92238
0 1 92240
0 1 92241
0 1 92246
0 1 92247
0 1 92250
0 1 92252
0 1 92254
0 1 92255
0 1 92257
0 1 92260
0 1 92261
0 1 92263
0 1 92264
0 1 92265
0 1 92266
0 1 92268
0 1 92270
0 1 92271
0 1 92272
0 1 92274
0 1 92275
0 1 92277
0 1 92278
0 1 92280
0 1 92281
0 1 92283
0 1 92288
0 1 92294
0 1 92296
0 1 92299
0 1 92301
0 1 92302
0 1 92303
0 1 92305
0 1 92306
0 1 92307
0 1 92308
0 1 92315
0 1 92316
0 1 92319
0 1 92320
0 1 92326
0 1 92333
0 1 92334
0 1 92335
0 1 92338
0 1 92339
0 1 92341
0 1 92343
0 1 92345
0 1 92346
0 1 92347
0 1 92349
0 1 92350
0 1 92351
0 1 92352
0 1 92357
0 1 92358
0 1 92359
0 1 92360
0 1 92362
0 1 92363
0 1 92365
0 1 92366
0 1 92368
0 1 92369
0 1 92370
0 1 92372
0 1 92373
0 1 92376
0 1 92378
0 1 92379
0 1 92380
0 1 92381
0 1 92382
0 1 92386
0 1 92388
0 1 92389
0 1 92391
0 1 92393
0 1 92394
0 1 92395
0 1 92396
0 1 92397
0 1 92398
0 1 92402
0 1 92405
0 1 92408
0 1 92410
0 1 92412
0 1 92415
0 1 92416
0 1 92417
0 1 92420
0 1 92421
0 1 92422
0 1 92423
0 1 92424
0 1 92426
0 1 92428
0 1 92431
0 1 92432
0 1 92433
0 1 92434
0 1 92437
0 1 92439
0 1 92442
0 1 92444
0 1 92448
0 1 92449
0 1 92450
0 1 92451
0 1 92453
0 1 92456
0 1 92457
0 1 92458
0 1 92464
0 1 92465
0 1 92467
0 1 92468
0 1 92472
0 1 92474
0 1 92477
0 1 92479
0 1 92480
0 1 92481
0 1 92482
0 1 92483
0 1 92484
0 1 92485
0 1 92486
0 1 92487
0 1 92488
0 1 92489
0 1 92490
0 1 92491
0 1 92493
0 1 92494
0 1 92495
0 1 92496
0 1 92498
0 1 92500
0 1 92502
0 1 92504
0 1 92505
0 1 92507
0 1 92509
0 1 92510
0 1 92511
0 1 92513
0 1 92514
0 1 92515
0 1 92516
0 1 92521
0 1 92522
0 1 92523
0 1 92525
0 1 92528
0 1 92529
0 1 92531
0 1 92532
0 1 92533
0 1 92534
0 1 92536
0 1 92538
0 1 92539
0 1 92540
0 1 92541
0 1 92542
0 1 92543
0 1 92548
0 1 92553
0 1 92554
0 1 92555
0 1 92556
0 1 92557
0 1 92558
0 1 92565
0 1 92566
0 1 92567
0 1 92570
0 1 92571
0 1 92572
0 1 92574
0 1 92577
0 1 92578
0 1 92580
0 1 92581
0 1 92584
0 1 92588
0 1 92589
0 1 92593
0 1 92596
0 1 92597
0 1 92599
0 1 92601
0 1 92603
0 1 92604
0 1 92605
0 1 92608
0 1 92609
0 1 92612
0 1 92615
0 1 92617
0 1 92618
0 1 92620
0 1 92621
0 1 92622
0 1 92623
0 1 92630
0 1 92631
0 1 92633
0 1 92638
0 1 92642
0 1 92644
0 1 92645
0 1 92646
0 1 92648
0 1 92649
0 1 92650
0 1 92653
0 1 92654
0 1 92657
0 1 92658
0 1 92659
0 1 92662
0 1 92666
0 1 92667
0 1 92668
0 1 92672
0 1 92673
0 1 92674
0 1 92675
0 1 92677
0 1 92679
0 1 92680
0 1 92682
0 1 92683
0 1 92684
0 1 92685
0 1 92689
0 1 92692
0 1 92695
0 1 92699
0 1 92700
0 1 92701
0 1 92702
0 1 92703
0 1 92706
0 1 92709
0 1 92711
0 1 92714
0 1 92715
0 1 92718
0 1 92719
0 1 92720
0 1 92721
0 1 92722
0 1 92726
0 1 92727
0 1 92728
0 1 92731
0 1 92736
0 1 92737
0 1 92739
0 1 92740
0 1 92741
0 1 92743
0 1 92745
0 1 92746
0 1 92754
0 1 92758
0 1 92760
0 1 92762
0 1 92764
0 1 92766
0 1 92769
0 1 92770
0 1 92775
0 1 92779
0 1 92780
0 1 92784
0 1 92785
0 1 92786
0 1 92788
0 1 92789
0 1 92790
0 1 92792
0 1 92796
0 1 92799
0 1 92802
0 1 92803
0 1 92804
0 1 92805
0 1 92809
0 1 92810
0 1 92812
0 1 92814
0 1 92815
0 1 92817
0 1 92820
0 1 92822
0 1 92823
0 1 92824
0 1 92828
0 1 92834
0 1 92835
0 1 92837
0 1 92838
0 1 92839
0 1 92841
0 1 92844
0 1 92846
0 1 92848
0 1 92849
0 1 92851
0 1 92854
0 1 92855
0 1 92859
0 1 92860
0 1 92861
0 1 92862
0 1 92863
0 1 92864
0 1 92868
0 1 92870
0 1 92871
0 1 92872
0 1 92876
0 1 92883
0 1 92885
0 1 92887
0 1 92889
0 1 92890
0 1 92891
0 1 92903
0 1 92905
0 1 92907
0 1 92908
0 1 92909
0 1 92912
0 1 92913
0 1 92914
0 1 92915
0 1 92916
0 1 92917
0 1 92921
0 1 92922
0 1 92923
0 1 92925
0 1 92926
0 1 92927
0 1 92928
0 1 92929
0 1 92930
0 1 92936
0 1 92941
0 1 92944
0 1 92946
0 1 92947
0 1 92950
0 1 92951
0 1 92952
0 1 92956
0 1 92957
0 1 92960
0 1 92963
0 1 92964
0 1 92966
0 1 92969
0 1 92971
0 1 92972
0 1 92974
0 1 92976
0 1 92979
0 1 92981
0 1 92982
0 1 92986
0 1 92990
0 1 92996
0 1 92998
0 1 93001
0 1 93003
0 1 93007
0 1 93008
0 1 93009
0 1 93012
0 1 93015
0 1 93016
0 1 93017
0 1 93019
0 1 93021
0 1 93022
0 1 93023
0 1 93026
0 1 93028
0 1 93029
0 1 93030
0 1 93033
0 1 93034
0 1 93035
0 1 93036
0 1 93037
0 1 93039
0 1 93041
0 1 93042
0 1 93045
0 1 93047
0 1 93049
0 1 93050
0 1 93054
0 1 93058
0 1 93059
0 1 93060
0 1 93061
0 1 93063
0 1 93067
0 1 93068
0 1 93069
0 1 93072
0 1 93074
0 1 93075
0 1 93076
0 1 93077
0 1 93078
0 1 93080
0 1 93081
0 1 93083
0 1 93084
0 1 93088
0 1 93089
0 1 93091
0 1 93094
0 1 93096
0 1 93098
0 1 93104
0 1 93106
0 1 93109
0 1 93112
0 1 93115
0 1 93116
0 1 93118
0 1 93123
0 1 93130
0 1 93133
0 1 93134
0 1 93135
0 1 93136
0 1 93137
0 1 93138
0 1 93139
0 1 93140
0 1 93142
0 1 93143
0 1 93147
0 1 93148
0 1 93149
0 1 93152
0 1 93154
0 1 93161
0 1 93163
0 1 93166
0 1 93168
0 1 93173
0 1 93179
0 1 93186
0 1 93187
0 1 93193
0 1 93196
0 1 93198
0 1 93199
0 1 93200
0 1 93201
0 1 93202
0 1 93205
0 1 93206
0 1 93210
0 1 93211
0 1 93212
0 1 93213
0 1 93217
0 1 93218
0 1 93220
0 1 93222
0 1 93224
0 1 93228
0 1 93230
0 1 93231
0 1 93233
0 1 93234
0 1 93235
0 1 93241
0 1 93242
0 1 93245
0 1 93246
0 1 93250
0 1 93252
0 1 93253
0 1 93254
0 1 93256
0 1 93257
0 1 93259
0 1 93260
0 1 93263
0 1 93264
0 1 93266
0 1 93268
0 1 93270
0 1 93271
0 1 93274
0 1 93276
0 1 93277
0 1 93281
0 1 93282
0 1 93283
0 1 93291
0 1 93292
0 1 93293
0 1 93296
0 1 93297
0 1 93299
0 1 93300
0 1 93302
0 1 93307
0 1 93309
0 1 93312
0 1 93313
0 1 93315
0 1 93319
0 1 93320
0 1 93322
0 1 93324
0 1 93329
0 1 93331
0 1 93336
0 1 93337
0 1 93338
0 1 93340
0 1 93342
0 1 93343
0 1 93344
0 1 93345
0 1 93346
0 1 93348
0 1 93355
0 1 93356
0 1 93357
0 1 93359
0 1 93360
0 1 93362
0 1 93363
0 1 93364
0 1 93368
0 1 93369
0 1 93370
0 1 93371
0 1 93372
0 1 93373
0 1 93376
0 1 93377
0 1 93380
0 1 93383
0 1 93385
0 1 93392
0 1 93399
0 1 93400
0 1 93407
0 1 93408
0 1 93413
0 1 93415
0 1 93416
0 1 93417
0 1 93420
0 1 93422
0 1 93424
0 1 93427
0 1 93430
0 1 93431
0 1 93432
0 1 93433
0 1 93434
0 1 93436
0 1 93440
0 1 93442
0 1 93443
0 1 93444
0 1 93445
0 1 93446
0 1 93448
0 1 93452
0 1 93453
0 1 93454
0 1 93457
0 1 93458
0 1 93459
0 1 93467
0 1 93472
0 1 93474
0 1 93476
0 1 93479
0 1 93480
0 1 93481
0 1 93482
0 1 93485
0 1 93486
0 1 93487
0 1 93489
0 1 93491
0 1 93493
0 1 93494
0 1 93495
0 1 93496
0 1 93497
0 1 93498
0 1 93499
0 1 93500
0 1 93501
0 1 93502
0 1 93504
0 1 93505
0 1 93507
0 1 93508
0 1 93509
0 1 93513
0 1 93517
0 1 93523
0 1 93525
0 1 93526
0 1 93529
0 1 93530
0 1 93531
0 1 93536
0 1 93537
0 1 93540
0 1 93543
0 1 93544
0 1 93547
0 1 93549
0 1 93551
0 1 93552
0 1 93553
0 1 93554
0 1 93555
0 1 93556
0 1 93559
0 1 93560
0 1 93561
0 1 93567
0 1 93568
0 1 93569
0 1 93576
0 1 93577
0 1 93580
0 1 93581
0 1 93582
0 1 93583
0 1 93584
0 1 93586
0 1 93587
0 1 93588
0 1 93594
0 1 93599
0 1 93600
0 1 93603
0 1 93604
0 1 93605
0 1 93606
0 1 93608
0 1 93609
0 1 93615
0 1 93617
0 1 93620
0 1 93624
0 1 93625
0 1 93627
0 1 93628
0 1 93631
0 1 93633
0 1 93635
0 1 93637
0 1 93638
0 1 93641
0 1 93645
0 1 93646
0 1 93647
0 1 93648
0 1 93649
0 1 93651
0 1 93652
0 1 93654
0 1 93655
0 1 93658
0 1 93662
0 1 93664
0 1 93667
0 1 93668
0 1 93671
0 1 93672
0 1 93674
0 1 93676
0 1 93678
0 1 93680
0 1 93681
0 1 93685
0 1 93688
0 1 93689
0 1 93691
0 1 93692
0 1 93693
0 1 93694
0 1 93695
0 1 93696
0 1 93697
0 1 93699
0 1 93700
0 1 93705
0 1 93709
0 1 93711
0 1 93712
0 1 93713
0 1 93714
0 1 93715
0 1 93716
0 1 93718
0 1 93721
0 1 93723
0 1 93724
0 1 93726
0 1 93732
0 1 93739
0 1 93740
0 1 93742
0 1 93744
0 1 93745
0 1 93748
0 1 93749
0 1 93751
0 1 93752
0 1 93756
0 1 93758
0 1 93762
0 1 93763
0 1 93769
0 1 93772
0 1 93773
0 1 93775
0 1 93777
0 1 93781
0 1 93789
0 1 93791
0 1 93792
0 1 93795
0 1 93796
0 1 93797
0 1 93801
0 1 93806
0 1 93809
0 1 93811
0 1 93812
0 1 93814
0 1 93815
0 1 93820
0 1 93821
0 1 93822
0 1 93825
0 1 93826
0 1 93829
0 1 93830
0 1 93832
0 1 93834
0 1 93835
0 1 93837
0 1 93839
0 1 93840
0 1 93841
0 1 93849
0 1 93851
0 1 93852
0 1 93853
0 1 93856
0 1 93857
0 1 93858
0 1 93859
0 1 93861
0 1 93862
0 1 93864
0 1 93867
0 1 93868
0 1 93869
0 1 93873
0 1 93874
0 1 93875
0 1 93877
0 1 93879
0 1 93881
0 1 93883
0 1 93884
0 1 93885
0 1 93886
0 1 93887
0 1 93889
0 1 93890
0 1 93893
0 1 93896
0 1 93898
0 1 93899
0 1 93900
0 1 93901
0 1 93902
0 1 93903
0 1 93904
0 1 93905
0 1 93907
0 1 93908
0 1 93909
0 1 93910
0 1 93911
0 1 93912
0 1 93913
0 1 93914
0 1 93918
0 1 93919
0 1 93920
0 1 93921
0 1 93924
0 1 93929
0 1 93931
0 1 93933
0 1 93935
0 1 93936
0 1 93937
0 1 93942
0 1 93943
0 1 93944
0 1 93947
0 1 93948
0 1 93949
0 1 93950
0 1 93951
0 1 93953
0 1 93954
0 1 93956
0 1 93957
0 1 93961
0 1 93962
0 1 93963
0 1 93964
0 1 93966
0 1 93971
0 1 93972
0 1 93975
0 1 93976
0 1 93978
0 1 93981
0 1 93984
0 1 93987
0 1 93988
0 1 93989
0 1 93990
0 1 93992
0 1 93993
0 1 93994
0 1 93996
0 1 94000
0 1 94003
0 1 94005
0 1 94008
0 1 94011
0 1 94012
0 1 94014
0 1 94015
0 1 94017
0 1 94018
0 1 94020
0 1 94024
0 1 94027
0 1 94028
0 1 94029
0 1 94031
0 1 94034
0 1 94036
0 1 94039
0 1 94041
0 1 94042
0 1 94043
0 1 94044
0 1 94045
0 1 94046
0 1 94047
0 1 94048
0 1 94052
0 1 94054
0 1 94057
0 1 94058
0 1 94060
0 1 94061
0 1 94062
0 1 94063
0 1 94066
0 1 94067
0 1 94068
0 1 94069
0 1 94070
0 1 94071
0 1 94072
0 1 94075
0 1 94076
0 1 94078
0 1 94079
0 1 94080
0 1 94082
0 1 94084
0 1 94085
0 1 94091
0 1 94092
0 1 94093
0 1 94095
0 1 94097
0 1 94102
0 1 94105
0 1 94106
0 1 94109
0 1 94110
0 1 94111
0 1 94116
0 1 94119
0 1 94122
0 1 94126
0 1 94127
0 1 94128
0 1 94129
0 1 94131
0 1 94135
0 1 94137
0 1 94139
0 1 94142
0 1 94143
0 1 94144
0 1 94146
0 1 94147
0 1 94150
0 1 94152
0 1 94162
0 1 94163
0 1 94164
0 1 94165
0 1 94166
0 1 94167
0 1 94168
0 1 94170
0 1 94171
0 1 94172
0 1 94173
0 1 94174
0 1 94176
0 1 94179
0 1 94180
0 1 94181
0 1 94184
0 1 94188
0 1 94189
0 1 94190
0 1 94192
0 1 94194
0 1 94195
0 1 94197
0 1 94198
0 1 94200
0 1 94201
0 1 94207
0 1 94208
0 1 94210
0 1 94212
0 1 94214
0 1 94215
0 1 94220
0 1 94221
0 1 94223
0 1 94225
0 1 94226
0 1 94227
0 1 94228
0 1 94230
0 1 94231
0 1 94232
0 1 94235
0 1 94236
0 1 94240
0 1 94245
0 1 94248
0 1 94249
0 1 94254
0 1 94255
0 1 94256
0 1 94257
0 1 94258
0 1 94261
0 1 94262
0 1 94265
0 1 94266
0 1 94269
0 1 94270
0 1 94272
0 1 94274
0 1 94277
0 1 94279
0 1 94281
0 1 94282
0 1 94287
0 1 94288
0 1 94289
0 1 94293
0 1 94294
0 1 94295
0 1 94298
0 1 94299
0 1 94300
0 1 94301
0 1 94303
0 1 94306
0 1 94307
0 1 94308
0 1 94310
0 1 94315
0 1 94318
0 1 94319
0 1 94320
0 1 94322
0 1 94324
0 1 94325
0 1 94327
0 1 94328
0 1 94329
0 1 94332
0 1 94333
0 1 94334
0 1 94335
0 1 94336
0 1 94337
0 1 94338
0 1 94339
0 1 94343
0 1 94345
0 1 94347
0 1 94348
0 1 94349
0 1 94350
0 1 94352
0 1 94354
0 1 94355
0 1 94358
0 1 94360
0 1 94361
0 1 94362
0 1 94364
0 1 94365
0 1 94366
0 1 94368
0 1 94370
0 1 94376
0 1 94378
0 1 94379
0 1 94381
0 1 94383
0 1 94384
0 1 94386
0 1 94387
0 1 94391
0 1 94393
0 1 94394
0 1 94396
0 1 94397
0 1 94399
0 1 94403
0 1 94404
0 1 94406
0 1 94407
0 1 94408
0 1 94409
0 1 94410
0 1 94413
0 1 94417
0 1 94420
0 1 94422
0 1 94428
0 1 94429
0 1 94431
0 1 94433
0 1 94435
0 1 94436
0 1 94437
0 1 94438
0 1 94439
0 1 94440
0 1 94445
0 1 94446
0 1 94448
0 1 94451
0 1 94452
0 1 94458
0 1 94460
0 1 94462
0 1 94463
0 1 94464
0 1 94466
0 1 94468
0 1 94472
0 1 94474
0 1 94475
0 1 94476
0 1 94478
0 1 94480
0 1 94482
0 1 94484
0 1 94485
0 1 94486
0 1 94487
0 1 94488
0 1 94489
0 1 94492
0 1 94493
0 1 94494
0 1 94497
0 1 94498
0 1 94501
0 1 94502
0 1 94505
0 1 94509
0 1 94511
0 1 94512
0 1 94513
0 1 94514
0 1 94516
0 1 94517
0 1 94518
0 1 94520
0 1 94521
0 1 94522
0 1 94523
0 1 94525
0 1 94529
0 1 94531
0 1 94532
0 1 94534
0 1 94535
0 1 94537
0 1 94540
0 1 94545
0 1 94546
0 1 94547
0 1 94548
0 1 94549
0 1 94550
0 1 94551
0 1 94552
0 1 94554
0 1 94557
0 1 94564
0 1 94565
0 1 94566
0 1 94567
0 1 94568
0 1 94569
0 1 94570
0 1 94571
0 1 94572
0 1 94574
0 1 94577
0 1 94580
0 1 94581
0 1 94584
0 1 94585
0 1 94589
0 1 94591
0 1 94593
0 1 94598
0 1 94602
0 1 94603
0 1 94606
0 1 94610
0 1 94612
0 1 94613
0 1 94615
0 1 94616
0 1 94617
0 1 94620
0 1 94621
0 1 94623
0 1 94624
0 1 94628
0 1 94635
0 1 94640
0 1 94643
0 1 94645
0 1 94646
0 1 94648
0 1 94652
0 1 94654
0 1 94658
0 1 94659
0 1 94660
0 1 94663
0 1 94665
0 1 94666
0 1 94668
0 1 94670
0 1 94675
0 1 94678
0 1 94679
0 1 94680
0 1 94682
0 1 94683
0 1 94684
0 1 94685
0 1 94688
0 1 94689
0 1 94694
0 1 94695
0 1 94699
0 1 94702
0 1 94703
0 1 94706
0 1 94707
0 1 94710
0 1 94711
0 1 94713
0 1 94714
0 1 94715
0 1 94717
0 1 94718
0 1 94722
0 1 94723
0 1 94724
0 1 94726
0 1 94732
0 1 94741
0 1 94744
0 1 94747
0 1 94748
0 1 94749
0 1 94750
0 1 94751
0 1 94752
0 1 94754
0 1 94755
0 1 94756
0 1 94760
0 1 94761
0 1 94763
0 1 94765
0 1 94769
0 1 94771
0 1 94776
0 1 94777
0 1 94778
0 1 94779
0 1 94782
0 1 94785
0 1 94789
0 1 94790
0 1 94791
0 1 94793
0 1 94794
0 1 94795
0 1 94798
0 1 94800
0 1 94801
0 1 94803
0 1 94804
0 1 94806
0 1 94810
0 1 94812
0 1 94814
0 1 94816
0 1 94817
0 1 94819
0 1 94821
0 1 94822
0 1 94823
0 1 94824
0 1 94825
0 1 94828
0 1 94829
0 1 94831
0 1 94832
0 1 94833
0 1 94834
0 1 94840
0 1 94841
0 1 94842
0 1 94844
0 1 94847
0 1 94848
0 1 94849
0 1 94852
0 1 94853
0 1 94854
0 1 94856
0 1 94857
0 1 94858
0 1 94860
0 1 94864
0 1 94865
0 1 94866
0 1 94870
0 1 94872
0 1 94873
0 1 94875
0 1 94876
0 1 94877
0 1 94880
0 1 94881
0 1 94882
0 1 94883
0 1 94893
0 1 94894
0 1 94895
0 1 94898
0 1 94900
0 1 94901
0 1 94903
0 1 94905
0 1 94906
0 1 94907
0 1 94909
0 1 94910
0 1 94912
0 1 94915
0 1 94916
0 1 94917
0 1 94918
0 1 94919
0 1 94920
0 1 94921
0 1 94925
0 1 94928
0 1 94929
0 1 94930
0 1 94931
0 1 94935
0 1 94936
0 1 94938
0 1 94939
0 1 94940
0 1 94942
0 1 94946
0 1 94949
0 1 94950
0 1 94951
0 1 94953
0 1 94954
0 1 94955
0 1 94956
0 1 94957
0 1 94960
0 1 94961
0 1 94962
0 1 94966
0 1 94968
0 1 94970
0 1 94971
0 1 94973
0 1 94976
0 1 94977
0 1 94978
0 1 94979
0 1 94984
0 1 94985
0 1 94986
0 1 94990
0 1 94992
0 1 94994
0 1 94995
0 1 94998
0 1 95000
0 1 95002
0 1 95003
0 1 95006
0 1 95007
0 1 95008
0 1 95009
0 1 95011
0 1 95013
0 1 95015
0 1 95017
0 1 95018
0 1 95020
0 1 95022
0 1 95023
0 1 95031
0 1 95032
0 1 95037
0 1 95038
0 1 95040
0 1 95041
0 1 95043
0 1 95045
0 1 95046
0 1 95048
0 1 95049
0 1 95051
0 1 95053
0 1 95054
0 1 95055
0 1 95056
0 1 95059
0 1 95067
0 1 95069
0 1 95071
0 1 95074
0 1 95078
0 1 95079
0 1 95080
0 1 95083
0 1 95085
0 1 95087
0 1 95088
0 1 95089
0 1 95090
0 1 95091
0 1 95092
0 1 95095
0 1 95100
0 1 95101
0 1 95102
0 1 95104
0 1 95105
0 1 95106
0 1 95108
0 1 95110
0 1 95111
0 1 95114
0 1 95116
0 1 95120
0 1 95121
0 1 95124
0 1 95125
0 1 95126
0 1 95127
0 1 95129
0 1 95130
0 1 95131
0 1 95133
0 1 95135
0 1 95138
0 1 95141
0 1 95142
0 1 95143
0 1 95144
0 1 95145
0 1 95146
0 1 95148
0 1 95149
0 1 95150
0 1 95152
0 1 95154
0 1 95156
0 1 95157
0 1 95158
0 1 95159
0 1 95160
0 1 95162
0 1 95164
0 1 95165
0 1 95170
0 1 95171
0 1 95173
0 1 95174
0 1 95176
0 1 95178
0 1 95180
0 1 95182
0 1 95184
0 1 95186
0 1 95187
0 1 95189
0 1 95190
0 1 95191
0 1 95195
0 1 95196
0 1 95197
0 1 95198
0 1 95201
0 1 95203
0 1 95206
0 1 95208
0 1 95210
0 1 95211
0 1 95214
0 1 95215
0 1 95216
0 1 95218
0 1 95219
0 1 95221
0 1 95222
0 1 95223
0 1 95225
0 1 95226
0 1 95227
0 1 95229
0 1 95231
0 1 95232
0 1 95235
0 1 95236
0 1 95239
0 1 95242
0 1 95243
0 1 95244
0 1 95245
0 1 95247
0 1 95249
0 1 95250
0 1 95252
0 1 95255
0 1 95256
0 1 95257
0 1 95258
0 1 95260
0 1 95261
0 1 95263
0 1 95265
0 1 95267
0 1 95270
0 1 95275
0 1 95277
0 1 95278
0 1 95279
0 1 95281
0 1 95283
0 1 95285
0 1 95286
0 1 95287
0 1 95289
0 1 95290
0 1 95291
0 1 95292
0 1 95294
0 1 95296
0 1 95297
0 1 95298
0 1 95299
0 1 95301
0 1 95302
0 1 95303
0 1 95305
0 1 95307
0 1 95308
0 1 95310
0 1 95313
0 1 95315
0 1 95316
0 1 95319
0 1 95321
0 1 95322
0 1 95324
0 1 95328
0 1 95330
0 1 95331
0 1 95334
0 1 95337
0 1 95339
0 1 95340
0 1 95341
0 1 95342
0 1 95343
0 1 95345
0 1 95347
0 1 95348
0 1 95349
0 1 95350
0 1 95352
0 1 95353
0 1 95355
0 1 95357
0 1 95360
0 1 95363
0 1 95366
0 1 95367
0 1 95368
0 1 95369
0 1 95370
0 1 95372
0 1 95373
0 1 95374
0 1 95375
0 1 95376
0 1 95377
0 1 95381
0 1 95382
0 1 95383
0 1 95391
0 1 95392
0 1 95395
0 1 95399
0 1 95401
0 1 95402
0 1 95404
0 1 95405
0 1 95406
0 1 95407
0 1 95408
0 1 95409
0 1 95410
0 1 95411
0 1 95413
0 1 95414
0 1 95415
0 1 95416
0 1 95417
0 1 95420
0 1 95421
0 1 95422
0 1 95423
0 1 95424
0 1 95425
0 1 95427
0 1 95429
0 1 95430
0 1 95431
0 1 95434
0 1 95435
0 1 95436
0 1 95437
0 1 95438
0 1 95439
0 1 95442
0 1 95445
0 1 95449
0 1 95450
0 1 95451
0 1 95452
0 1 95456
0 1 95459
0 1 95461
0 1 95464
0 1 95467
0 1 95468
0 1 95469
0 1 95470
0 1 95474
0 1 95479
0 1 95480
0 1 95481
0 1 95482
0 1 95484
0 1 95485
0 1 95488
0 1 95491
0 1 95492
0 1 95493
0 1 95494
0 1 95495
0 1 95497
0 1 95499
0 1 95500
0 1 95501
0 1 95502
0 1 95505
0 1 95506
0 1 95509
0 1 95510
0 1 95513
0 1 95515
0 1 95516
0 1 95517
0 1 95518
0 1 95523
0 1 95527
0 1 95534
0 1 95535
0 1 95536
0 1 95537
0 1 95539
0 1 95540
0 1 95541
0 1 95543
0 1 95544
0 1 95545
0 1 95549
0 1 95550
0 1 95552
0 1 95553
0 1 95554
0 1 95556
0 1 95557
0 1 95559
0 1 95560
0 1 95561
0 1 95562
0 1 95563
0 1 95566
0 1 95568
0 1 95570
0 1 95574
0 1 95575
0 1 95577
0 1 95580
0 1 95581
0 1 95585
0 1 95586
0 1 95587
0 1 95588
0 1 95589
0 1 95592
0 1 95593
0 1 95594
0 1 95595
0 1 95598
0 1 95603
0 1 95604
0 1 95606
0 1 95607
0 1 95611
0 1 95614
0 1 95616
0 1 95622
0 1 95623
0 1 95625
0 1 95626
0 1 95629
0 1 95630
0 1 95631
0 1 95633
0 1 95638
0 1 95639
0 1 95640
0 1 95643
0 1 95647
0 1 95648
0 1 95650
0 1 95652
0 1 95654
0 1 95658
0 1 95659
0 1 95660
0 1 95667
0 1 95670
0 1 95673
0 1 95675
0 1 95676
0 1 95678
0 1 95679
0 1 95681
0 1 95683
0 1 95685
0 1 95686
0 1 95688
0 1 95694
0 1 95695
0 1 95697
0 1 95701
0 1 95702
0 1 95704
0 1 95705
0 1 95710
0 1 95711
0 1 95712
0 1 95713
0 1 95714
0 1 95715
0 1 95718
0 1 95719
0 1 95720
0 1 95721
0 1 95722
0 1 95723
0 1 95724
0 1 95726
0 1 95728
0 1 95730
0 1 95731
0 1 95734
0 1 95735
0 1 95736
0 1 95737
0 1 95740
0 1 95742
0 1 95746
0 1 95747
0 1 95748
0 1 95750
0 1 95751
0 1 95754
0 1 95755
0 1 95757
0 1 95759
0 1 95760
0 1 95762
0 1 95763
0 1 95766
0 1 95768
0 1 95770
0 1 95771
0 1 95773
0 1 95774
0 1 95777
0 1 95778
0 1 95779
0 1 95781
0 1 95782
0 1 95783
0 1 95784
0 1 95785
0 1 95789
0 1 95792
0 1 95793
0 1 95794
0 1 95795
0 1 95797
0 1 95798
0 1 95800
0 1 95801
0 1 95803
0 1 95805
0 1 95806
0 1 95807
0 1 95809
0 1 95810
0 1 95813
0 1 95814
0 1 95815
0 1 95817
0 1 95818
0 1 95821
0 1 95822
0 1 95824
0 1 95825
0 1 95826
0 1 95827
0 1 95828
0 1 95834
0 1 95838
0 1 95840
0 1 95842
0 1 95843
0 1 95845
0 1 95848
0 1 95850
0 1 95851
0 1 95855
0 1 95856
0 1 95861
0 1 95863
0 1 95864
0 1 95867
0 1 95868
0 1 95870
0 1 95872
0 1 95873
0 1 95874
0 1 95877
0 1 95880
0 1 95881
0 1 95883
0 1 95887
0 1 95890
0 1 95891
0 1 95893
0 1 95894
0 1 95895
0 1 95896
0 1 95900
0 1 95901
0 1 95902
0 1 95903
0 1 95907
0 1 95912
0 1 95913
0 1 95915
0 1 95916
0 1 95917
0 1 95921
0 1 95922
0 1 95923
0 1 95926
0 1 95927
0 1 95928
0 1 95929
0 1 95930
0 1 95931
0 1 95933
0 1 95934
0 1 95935
0 1 95936
0 1 95937
0 1 95938
0 1 95939
0 1 95940
0 1 95944
0 1 95945
0 1 95947
0 1 95951
0 1 95952
0 1 95956
0 1 95957
0 1 95958
0 1 95969
0 1 95971
0 1 95973
0 1 95974
0 1 95975
0 1 95976
0 1 95977
0 1 95979
0 1 95980
0 1 95981
0 1 95983
0 1 95986
0 1 95990
0 1 95993
0 1 95995
0 1 95996
0 1 96002
0 1 96003
0 1 96005
0 1 96006
0 1 96008
0 1 96009
0 1 96010
0 1 96011
0 1 96012
0 1 96014
0 1 96015
0 1 96017
0 1 96018
0 1 96020
0 1 96022
0 1 96024
0 1 96025
0 1 96028
0 1 96032
0 1 96033
0 1 96034
0 1 96037
0 1 96038
0 1 96041
0 1 96043
0 1 96044
0 1 96046
0 1 96047
0 1 96048
0 1 96050
0 1 96051
0 1 96052
0 1 96053
0 1 96055
0 1 96062
0 1 96064
0 1 96065
0 1 96066
0 1 96067
0 1 96069
0 1 96072
0 1 96073
0 1 96074
0 1 96077
0 1 96078
0 1 96082
0 1 96084
0 1 96087
0 1 96088
0 1 96089
0 1 96091
0 1 96093
0 1 96094
0 1 96097
0 1 96099
0 1 96101
0 1 96102
0 1 96107
0 1 96110
0 1 96111
0 1 96113
0 1 96120
0 1 96122
0 1 96123
0 1 96124
0 1 96125
0 1 96126
0 1 96132
0 1 96133
0 1 96134
0 1 96135
0 1 96141
0 1 96142
0 1 96144
0 1 96145
0 1 96146
0 1 96147
0 1 96148
0 1 96153
0 1 96155
0 1 96156
0 1 96157
0 1 96158
0 1 96160
0 1 96165
0 1 96170
0 1 96172
0 1 96173
0 1 96176
0 1 96177
0 1 96178
0 1 96179
0 1 96181
0 1 96182
0 1 96183
0 1 96186
0 1 96187
0 1 96188
0 1 96190
0 1 96193
0 1 96194
0 1 96196
0 1 96197
0 1 96198
0 1 96202
0 1 96203
0 1 96206
0 1 96208
0 1 96212
0 1 96215
0 1 96216
0 1 96219
0 1 96221
0 1 96225
0 1 96226
0 1 96228
0 1 96230
0 1 96231
0 1 96233
0 1 96236
0 1 96240
0 1 96242
0 1 96243
0 1 96246
0 1 96247
0 1 96248
0 1 96253
0 1 96254
0 1 96256
0 1 96257
0 1 96258
0 1 96263
0 1 96265
0 1 96268
0 1 96270
0 1 96272
0 1 96273
0 1 96274
0 1 96275
0 1 96276
0 1 96277
0 1 96278
0 1 96281
0 1 96286
0 1 96287
0 1 96288
0 1 96289
0 1 96293
0 1 96294
0 1 96296
0 1 96297
0 1 96298
0 1 96299
0 1 96302
0 1 96303
0 1 96305
0 1 96308
0 1 96311
0 1 96312
0 1 96314
0 1 96316
0 1 96318
0 1 96319
0 1 96320
0 1 96324
0 1 96331
0 1 96332
0 1 96334
0 1 96340
0 1 96343
0 1 96345
0 1 96352
0 1 96354
0 1 96355
0 1 96356
0 1 96357
0 1 96358
0 1 96359
0 1 96362
0 1 96363
0 1 96366
0 1 96367
0 1 96371
0 1 96372
0 1 96374
0 1 96376
0 1 96377
0 1 96378
0 1 96379
0 1 96381
0 1 96382
0 1 96383
0 1 96384
0 1 96385
0 1 96388
0 1 96395
0 1 96396
0 1 96397
0 1 96402
0 1 96407
0 1 96408
0 1 96412
0 1 96414
0 1 96415
0 1 96416
0 1 96417
0 1 96418
0 1 96419
0 1 96420
0 1 96421
0 1 96422
0 1 96423
0 1 96425
0 1 96426
0 1 96428
0 1 96429
0 1 96431
0 1 96433
0 1 96437
0 1 96438
0 1 96444
0 1 96445
0 1 96446
0 1 96447
0 1 96448
0 1 96449
0 1 96450
0 1 96451
0 1 96452
0 1 96453
0 1 96454
0 1 96457
0 1 96458
0 1 96459
0 1 96461
0 1 96462
0 1 96463
0 1 96464
0 1 96468
0 1 96469
0 1 96470
0 1 96471
0 1 96472
0 1 96478
0 1 96479
0 1 96480
0 1 96481
0 1 96482
0 1 96483
0 1 96484
0 1 96487
0 1 96488
0 1 96490
0 1 96491
0 1 96492
0 1 96493
0 1 96494
0 1 96495
0 1 96497
0 1 96498
0 1 96500
0 1 96503
0 1 96505
0 1 96506
0 1 96508
0 1 96511
0 1 96512
0 1 96515
0 1 96516
0 1 96519
0 1 96521
0 1 96523
0 1 96524
0 1 96529
0 1 96530
0 1 96531
0 1 96532
0 1 96536
0 1 96537
0 1 96538
0 1 96540
0 1 96544
0 1 96547
0 1 96549
0 1 96550
0 1 96552
0 1 96556
0 1 96557
0 1 96558
0 1 96560
0 1 96561
0 1 96562
0 1 96563
0 1 96564
0 1 96565
0 1 96566
0 1 96568
0 1 96571
0 1 96574
0 1 96575
0 1 96579
0 1 96580
0 1 96582
0 1 96585
0 1 96586
0 1 96587
0 1 96588
0 1 96590
0 1 96591
0 1 96593
0 1 96599
0 1 96600
0 1 96601
0 1 96603
0 1 96604
0 1 96607
0 1 96608
0 1 96609
0 1 96610
0 1 96614
0 1 96617
0 1 96619
0 1 96620
0 1 96621
0 1 96622
0 1 96624
0 1 96626
0 1 96628
0 1 96629
0 1 96630
0 1 96634
0 1 96636
0 1 96641
0 1 96642
0 1 96643
0 1 96645
0 1 96647
0 1 96648
0 1 96649
0 1 96653
0 1 96657
0 1 96662
0 1 96667
0 1 96670
0 1 96673
0 1 96674
0 1 96675
0 1 96676
0 1 96678
0 1 96679
0 1 96680
0 1 96682
0 1 96683
0 1 96684
0 1 96687
0 1 96691
0 1 96693
0 1 96698
0 1 96700
0 1 96701
0 1 96702
0 1 96704
0 1 96705
0 1 96707
0 1 96711
0 1 96712
0 1 96713
0 1 96716
0 1 96717
0 1 96718
0 1 96721
0 1 96722
0 1 96724
0 1 96730
0 1 96732
0 1 96733
0 1 96735
0 1 96738
0 1 96741
0 1 96743
0 1 96747
0 1 96750
0 1 96751
0 1 96753
0 1 96754
0 1 96756
0 1 96759
0 1 96760
0 1 96761
0 1 96771
0 1 96773
0 1 96774
0 1 96776
0 1 96777
0 1 96778
0 1 96779
0 1 96781
0 1 96783
0 1 96786
0 1 96787
0 1 96788
0 1 96789
0 1 96790
0 1 96791
0 1 96793
0 1 96795
0 1 96797
0 1 96800
0 1 96802
0 1 96804
0 1 96806
0 1 96807
0 1 96808
0 1 96809
0 1 96810
0 1 96813
0 1 96814
0 1 96816
0 1 96817
0 1 96820
0 1 96825
0 1 96829
0 1 96831
0 1 96834
0 1 96836
0 1 96837
0 1 96838
0 1 96839
0 1 96841
0 1 96842
0 1 96843
0 1 96844
0 1 96846
0 1 96849
0 1 96852
0 1 96853
0 1 96854
0 1 96855
0 1 96856
0 1 96858
0 1 96861
0 1 96862
0 1 96863
0 1 96864
0 1 96865
0 1 96866
0 1 96867
0 1 96869
0 1 96870
0 1 96875
0 1 96876
0 1 96878
0 1 96880
0 1 96881
0 1 96882
0 1 96883
0 1 96884
0 1 96891
0 1 96894
0 1 96895
0 1 96896
0 1 96897
0 1 96898
0 1 96899
0 1 96901
0 1 96902
0 1 96903
0 1 96906
0 1 96910
0 1 96911
0 1 96912
0 1 96913
0 1 96914
0 1 96915
0 1 96917
0 1 96924
0 1 96926
0 1 96927
0 1 96929
0 1 96930
0 1 96931
0 1 96937
0 1 96940
0 1 96941
0 1 96944
0 1 96945
0 1 96946
0 1 96951
0 1 96953
0 1 96955
0 1 96958
0 1 96960
0 1 96961
0 1 96962
0 1 96964
0 1 96965
0 1 96967
0 1 96968
0 1 96970
0 1 96972
0 1 96973
0 1 96976
0 1 96980
0 1 96981
0 1 96984
0 1 96986
0 1 96988
0 1 96990
0 1 96995
0 1 96999
0 1 97001
0 1 97005
0 1 97006
0 1 97010
0 1 97011
0 1 97017
0 1 97019
0 1 97022
0 1 97023
0 1 97024
0 1 97025
0 1 97026
0 1 97030
0 1 97031
0 1 97033
0 1 97034
0 1 97037
0 1 97043
0 1 97044
0 1 97045
0 1 97049
0 1 97052
0 1 97053
0 1 97054
0 1 97055
0 1 97058
0 1 97059
0 1 97062
0 1 97063
0 1 97064
0 1 97067
0 1 97070
0 1 97072
0 1 97075
0 1 97076
0 1 97077
0 1 97078
0 1 97081
0 1 97089
0 1 97091
0 1 97092
0 1 97097
0 1 97098
0 1 97099
0 1 97101
0 1 97102
0 1 97106
0 1 97107
0 1 97108
0 1 97109
0 1 97110
0 1 97111
0 1 97114
0 1 97115
0 1 97117
0 1 97120
0 1 97121
0 1 97122
0 1 97124
0 1 97129
0 1 97132
0 1 97136
0 1 97139
0 1 97141
0 1 97144
0 1 97145
0 1 97146
0 1 97147
0 1 97148
0 1 97150
0 1 97151
0 1 97152
0 1 97153
0 1 97155
0 1 97158
0 1 97162
0 1 97163
0 1 97167
0 1 97168
0 1 97170
0 1 97171
0 1 97172
0 1 97176
0 1 97177
0 1 97180
0 1 97181
0 1 97182
0 1 97186
0 1 97187
0 1 97188
0 1 97190
0 1 97192
0 1 97195
0 1 97197
0 1 97199
0 1 97203
0 1 97204
0 1 97206
0 1 97207
0 1 97208
0 1 97209
0 1 97210
0 1 97213
0 1 97216
0 1 97219
0 1 97221
0 1 97224
0 1 97225
0 1 97226
0 1 97227
0 1 97228
0 1 97230
0 1 97231
0 1 97232
0 1 97233
0 1 97235
0 1 97236
0 1 97240
0 1 97241
0 1 97244
0 1 97245
0 1 97247
0 1 97248
0 1 97249
0 1 97250
0 1 97253
0 1 97254
0 1 97258
0 1 97261
0 1 97262
0 1 97264
0 1 97268
0 1 97269
0 1 97270
0 1 97271
0 1 97272
0 1 97273
0 1 97274
0 1 97275
0 1 97277
0 1 97279
0 1 97280
0 1 97281
0 1 97282
0 1 97284
0 1 97289
0 1 97290
0 1 97292
0 1 97293
0 1 97296
0 1 97299
0 1 97300
0 1 97304
0 1 97305
0 1 97306
0 1 97309
0 1 97310
0 1 97312
0 1 97317
0 1 97320
0 1 97321
0 1 97322
0 1 97323
0 1 97325
0 1 97326
0 1 97328
0 1 97332
0 1 97334
0 1 97335
0 1 97336
0 1 97337
0 1 97339
0 1 97340
0 1 97342
0 1 97343
0 1 97345
0 1 97348
0 1 97351
0 1 97352
0 1 97354
0 1 97355
0 1 97357
0 1 97359
0 1 97362
0 1 97364
0 1 97365
0 1 97366
0 1 97367
0 1 97368
0 1 97370
0 1 97371
0 1 97372
0 1 97376
0 1 97382
0 1 97385
0 1 97387
0 1 97388
0 1 97396
0 1 97397
0 1 97398
0 1 97400
0 1 97402
0 1 97403
0 1 97404
0 1 97408
0 1 97412
0 1 97413
0 1 97415
0 1 97417
0 1 97420
0 1 97422
0 1 97423
0 1 97426
0 1 97427
0 1 97428
0 1 97432
0 1 97437
0 1 97438
0 1 97441
0 1 97442
0 1 97443
0 1 97444
0 1 97447
0 1 97448
0 1 97449
0 1 97454
0 1 97459
0 1 97460
0 1 97462
0 1 97464
0 1 97467
0 1 97468
0 1 97472
0 1 97475
0 1 97476
0 1 97481
0 1 97483
0 1 97484
0 1 97486
0 1 97489
0 1 97491
0 1 97492
0 1 97493
0 1 97494
0 1 97495
0 1 97500
0 1 97501
0 1 97502
0 1 97503
0 1 97506
0 1 97507
0 1 97508
0 1 97509
0 1 97510
0 1 97511
0 1 97513
0 1 97517
0 1 97518
0 1 97522
0 1 97523
0 1 97527
0 1 97528
0 1 97529
0 1 97531
0 1 97532
0 1 97533
0 1 97534
0 1 97539
0 1 97544
0 1 97545
0 1 97548
0 1 97549
0 1 97552
0 1 97553
0 1 97554
0 1 97555
0 1 97557
0 1 97558
0 1 97560
0 1 97564
0 1 97565
0 1 97567
0 1 97568
0 1 97569
0 1 97572
0 1 97573
0 1 97574
0 1 97576
0 1 97577
0 1 97582
0 1 97583
0 1 97585
0 1 97586
0 1 97588
0 1 97590
0 1 97592
0 1 97594
0 1 97597
0 1 97598
0 1 97603
0 1 97607
0 1 97608
0 1 97609
0 1 97613
0 1 97614
0 1 97617
0 1 97620
0 1 97622
0 1 97623
0 1 97624
0 1 97626
0 1 97629
0 1 97633
0 1 97635
0 1 97637
0 1 97638
0 1 97639
0 1 97640
0 1 97642
0 1 97643
0 1 97645
0 1 97646
0 1 97647
0 1 97649
0 1 97651
0 1 97652
0 1 97653
0 1 97655
0 1 97657
0 1 97658
0 1 97660
0 1 97661
0 1 97662
0 1 97663
0 1 97667
0 1 97670
0 1 97671
0 1 97676
0 1 97678
0 1 97679
0 1 97681
0 1 97683
0 1 97685
0 1 97687
0 1 97688
0 1 97689
0 1 97690
0 1 97697
0 1 97700
0 1 97702
0 1 97703
0 1 97708
0 1 97711
0 1 97715
0 1 97716
0 1 97718
0 1 97720
0 1 97721
0 1 97722
0 1 97723
0 1 97726
0 1 97727
0 1 97729
0 1 97731
0 1 97732
0 1 97733
0 1 97734
0 1 97735
0 1 97737
0 1 97741
0 1 97743
0 1 97744
0 1 97747
0 1 97752
0 1 97754
0 1 97757
0 1 97758
0 1 97759
0 1 97760
0 1 97762
0 1 97763
0 1 97765
0 1 97773
0 1 97774
0 1 97776
0 1 97777
0 1 97778
0 1 97781
0 1 97782
0 1 97784
0 1 97789
0 1 97793
0 1 97794
0 1 97798
0 1 97801
0 1 97804
0 1 97806
0 1 97807
0 1 97808
0 1 97810
0 1 97813
0 1 97814
0 1 97816
0 1 97817
0 1 97818
0 1 97820
0 1 97823
0 1 97824
0 1 97828
0 1 97830
0 1 97831
0 1 97832
0 1 97835
0 1 97836
0 1 97837
0 1 97839
0 1 97840
0 1 97841
0 1 97847
0 1 97848
0 1 97851
0 1 97852
0 1 97853
0 1 97854
0 1 97855
0 1 97857
0 1 97860
0 1 97862
0 1 97864
0 1 97865
0 1 97868
0 1 97870
0 1 97872
0 1 97873
0 1 97874
0 1 97877
0 1 97879
0 1 97880
0 1 97883
0 1 97884
0 1 97887
0 1 97888
0 1 97890
0 1 97891
0 1 97892
0 1 97894
0 1 97895
0 1 97896
0 1 97897
0 1 97898
0 1 97899
0 1 97900
0 1 97901
0 1 97903
0 1 97904
0 1 97905
0 1 97907
0 1 97916
0 1 97918
0 1 97919
0 1 97920
0 1 97921
0 1 97922
0 1 97925
0 1 97926
0 1 97927
0 1 97928
0 1 97930
0 1 97932
0 1 97934
0 1 97935
0 1 97936
0 1 97938
0 1 97939
0 1 97946
0 1 97949
0 1 97950
0 1 97954
0 1 97959
0 1 97960
0 1 97966
0 1 97967
0 1 97968
0 1 97971
0 1 97972
0 1 97975
0 1 97977
0 1 97982
0 1 97983
0 1 97984
0 1 97986
0 1 97988
0 1 97989
0 1 97990
0 1 97992
0 1 97993
0 1 97995
0 1 97996
0 1 97997
0 1 97998
0 1 97999
0 1 98000
0 1 98001
0 1 98005
0 1 98006
0 1 98007
0 1 98008
0 1 98010
0 1 98026
0 1 98027
0 1 98028
0 1 98031
0 1 98032
0 1 98033
0 1 98034
0 1 98035
0 1 98038
0 1 98040
0 1 98041
0 1 98043
0 1 98044
0 1 98045
0 1 98046
0 1 98047
0 1 98048
0 1 98050
0 1 98051
0 1 98054
0 1 98056
0 1 98058
0 1 98059
0 1 98066
0 1 98067
0 1 98069
0 1 98072
0 1 98073
0 1 98075
0 1 98076
0 1 98078
0 1 98079
0 1 98080
0 1 98083
0 1 98085
0 1 98087
0 1 98091
0 1 98092
0 1 98094
0 1 98097
0 1 98098
0 1 98099
0 1 98106
0 1 98108
0 1 98109
0 1 98112
0 1 98113
0 1 98114
0 1 98115
0 1 98116
0 1 98118
0 1 98123
0 1 98126
0 1 98128
0 1 98129
0 1 98131
0 1 98132
0 1 98135
0 1 98138
0 1 98139
0 1 98141
0 1 98147
0 1 98150
0 1 98151
0 1 98152
0 1 98162
0 1 98163
0 1 98164
0 1 98165
0 1 98169
0 1 98170
0 1 98174
0 1 98175
0 1 98176
0 1 98177
0 1 98178
0 1 98179
0 1 98181
0 1 98183
0 1 98184
0 1 98185
0 1 98186
0 1 98187
0 1 98188
0 1 98189
0 1 98191
0 1 98200
0 1 98202
0 1 98204
0 1 98208
0 1 98209
0 1 98211
0 1 98212
0 1 98213
0 1 98214
0 1 98217
0 1 98219
0 1 98220
0 1 98223
0 1 98224
0 1 98228
0 1 98230
0 1 98236
0 1 98237
0 1 98238
0 1 98239
0 1 98242
0 1 98243
0 1 98246
0 1 98247
0 1 98248
0 1 98249
0 1 98254
0 1 98255
0 1 98256
0 1 98258
0 1 98261
0 1 98262
0 1 98265
0 1 98266
0 1 98268
0 1 98269
0 1 98270
0 1 98271
0 1 98273
0 1 98275
0 1 98276
0 1 98278
0 1 98280
0 1 98283
0 1 98285
0 1 98290
0 1 98293
0 1 98295
0 1 98296
0 1 98299
0 1 98300
0 1 98301
0 1 98302
0 1 98304
0 1 98305
0 1 98306
0 1 98308
0 1 98310
0 1 98311
0 1 98312
0 1 98315
0 1 98316
0 1 98317
0 1 98319
0 1 98320
0 1 98321
0 1 98322
0 1 98323
0 1 98328
0 1 98329
0 1 98331
0 1 98333
0 1 98336
0 1 98340
0 1 98341
0 1 98343
0 1 98344
0 1 98345
0 1 98348
0 1 98349
0 1 98350
0 1 98355
0 1 98358
0 1 98360
0 1 98365
0 1 98366
0 1 98367
0 1 98370
0 1 98373
0 1 98374
0 1 98375
0 1 98376
0 1 98377
0 1 98380
0 1 98381
0 1 98382
0 1 98384
0 1 98385
0 1 98388
0 1 98390
0 1 98391
0 1 98392
0 1 98393
0 1 98398
0 1 98399
0 1 98402
0 1 98404
0 1 98407
0 1 98409
0 1 98411
0 1 98412
0 1 98414
0 1 98415
0 1 98417
0 1 98418
0 1 98419
0 1 98422
0 1 98423
0 1 98424
0 1 98425
0 1 98426
0 1 98427
0 1 98429
0 1 98430
0 1 98431
0 1 98432
0 1 98438
0 1 98441
0 1 98444
0 1 98446
0 1 98448
0 1 98451
0 1 98453
0 1 98454
0 1 98455
0 1 98456
0 1 98459
0 1 98460
0 1 98461
0 1 98465
0 1 98466
0 1 98474
0 1 98479
0 1 98480
0 1 98481
0 1 98482
0 1 98484
0 1 98485
0 1 98486
0 1 98487
0 1 98488
0 1 98489
0 1 98490
0 1 98494
0 1 98496
0 1 98497
0 1 98498
0 1 98499
0 1 98501
0 1 98503
0 1 98504
0 1 98506
0 1 98509
0 1 98511
0 1 98512
0 1 98513
0 1 98515
0 1 98516
0 1 98518
0 1 98519
0 1 98520
0 1 98522
0 1 98524
0 1 98525
0 1 98526
0 1 98527
0 1 98529
0 1 98532
0 1 98534
0 1 98538
0 1 98540
0 1 98544
0 1 98545
0 1 98551
0 1 98555
0 1 98556
0 1 98557
0 1 98560
0 1 98561
0 1 98563
0 1 98564
0 1 98565
0 1 98566
0 1 98568
0 1 98571
0 1 98573
0 1 98575
0 1 98576
0 1 98577
0 1 98578
0 1 98580
0 1 98581
0 1 98583
0 1 98592
0 1 98594
0 1 98595
0 1 98599
0 1 98600
0 1 98603
0 1 98604
0 1 98605
0 1 98608
0 1 98610
0 1 98611
0 1 98614
0 1 98617
0 1 98618
0 1 98619
0 1 98620
0 1 98624
0 1 98625
0 1 98626
0 1 98627
0 1 98628
0 1 98629
0 1 98633
0 1 98637
0 1 98638
0 1 98639
0 1 98641
0 1 98646
0 1 98649
0 1 98650
0 1 98651
0 1 98654
0 1 98655
0 1 98657
0 1 98658
0 1 98660
0 1 98662
0 1 98669
0 1 98670
0 1 98671
0 1 98673
0 1 98677
0 1 98680
0 1 98682
0 1 98687
0 1 98688
0 1 98690
0 1 98698
0 1 98699
0 1 98700
0 1 98701
0 1 98703
0 1 98704
0 1 98705
0 1 98706
0 1 98711
0 1 98714
0 1 98716
0 1 98719
0 1 98720
0 1 98721
0 1 98723
0 1 98724
0 1 98725
0 1 98726
0 1 98727
0 1 98728
0 1 98729
0 1 98731
0 1 98732
0 1 98734
0 1 98735
0 1 98736
0 1 98737
0 1 98738
0 1 98739
0 1 98740
0 1 98742
0 1 98747
0 1 98750
0 1 98751
0 1 98759
0 1 98760
0 1 98764
0 1 98768
0 1 98777
0 1 98780
0 1 98784
0 1 98785
0 1 98787
0 1 98788
0 1 98790
0 1 98791
0 1 98792
0 1 98797
0 1 98799
0 1 98801
0 1 98802
0 1 98803
0 1 98804
0 1 98805
0 1 98806
0 1 98808
0 1 98810
0 1 98813
0 1 98817
0 1 98822
0 1 98827
0 1 98830
0 1 98832
0 1 98833
0 1 98834
0 1 98837
0 1 98838
0 1 98839
0 1 98841
0 1 98842
0 1 98843
0 1 98844
0 1 98845
0 1 98846
0 1 98849
0 1 98851
0 1 98853
0 1 98855
0 1 98856
0 1 98858
0 1 98859
0 1 98860
0 1 98861
0 1 98862
0 1 98863
0 1 98865
0 1 98867
0 1 98869
0 1 98870
0 1 98872
0 1 98873
0 1 98875
0 1 98877
0 1 98880
0 1 98881
0 1 98882
0 1 98885
0 1 98888
0 1 98889
0 1 98890
0 1 98891
0 1 98894
0 1 98895
0 1 98897
0 1 98898
0 1 98902
0 1 98903
0 1 98905
0 1 98906
0 1 98907
0 1 98908
0 1 98911
0 1 98912
0 1 98913
0 1 98914
0 1 98917
0 1 98918
0 1 98919
0 1 98922
0 1 98923
0 1 98925
0 1 98927
0 1 98928
0 1 98929
0 1 98932
0 1 98935
0 1 98937
0 1 98938
0 1 98940
0 1 98941
0 1 98943
0 1 98945
0 1 98946
0 1 98948
0 1 98950
0 1 98951
0 1 98953
0 1 98954
0 1 98955
0 1 98957
0 1 98962
0 1 98963
0 1 98964
0 1 98965
0 1 98967
0 1 98969
0 1 98970
0 1 98971
0 1 98973
0 1 98974
0 1 98977
0 1 98979
0 1 98980
0 1 98981
0 1 98982
0 1 98984
0 1 98985
0 1 98988
0 1 98989
0 1 98991
0 1 98993
0 1 98994
0 1 98995
0 1 98996
0 1 98997
0 1 98998
0 1 98999
0 1 99000
0 1 99001
0 1 99002
0 1 99006
0 1 99013
0 1 99014
0 1 99015
0 1 99019
0 1 99020
0 1 99021
0 1 99023
0 1 99024
0 1 99027
0 1 99028
0 1 99032
0 1 99033
0 1 99034
0 1 99035
0 1 99036
0 1 99037
0 1 99038
0 1 99044
0 1 99047
0 1 99048
0 1 99049
0 1 99051
0 1 99052
0 1 99053
0 1 99054
0 1 99055
0 1 99057
0 1 99058
0 1 99059
0 1 99061
0 1 99066
0 1 99069
0 1 99071
0 1 99072
0 1 99076
0 1 99077
0 1 99078
0 1 99079
0 1 99080
0 1 99081
0 1 99082
0 1 99084
0 1 99092
0 1 99093
0 1 99095
0 1 99096
0 1 99099
0 1 99101
0 1 99105
0 1 99106
0 1 99110
0 1 99113
0 1 99114
0 1 99115
0 1 99119
0 1 99127
0 1 99130
0 1 99131
0 1 99134
0 1 99135
0 1 99137
0 1 99139
0 1 99141
0 1 99142
0 1 99143
0 1 99144
0 1 99152
0 1 99155
0 1 99157
0 1 99158
0 1 99160
0 1 99164
0 1 99165
0 1 99178
0 1 99179
0 1 99180
0 1 99181
0 1 99183
0 1 99184
0 1 99185
0 1 99187
0 1 99188
0 1 99189
0 1 99191
0 1 99194
0 1 99195
0 1 99196
0 1 99197
0 1 99198
0 1 99203
0 1 99206
0 1 99207
0 1 99209
0 1 99212
0 1 99214
0 1 99221
0 1 99222
0 1 99223
0 1 99229
0 1 99232
0 1 99233
0 1 99235
0 1 99236
0 1 99237
0 1 99239
0 1 99240
0 1 99241
0 1 99242
0 1 99245
0 1 99249
0 1 99252
0 1 99253
0 1 99256
0 1 99257
0 1 99258
0 1 99264
0 1 99265
0 1 99266
0 1 99267
0 1 99268
0 1 99269
0 1 99272
0 1 99277
0 1 99278
0 1 99280
0 1 99281
0 1 99282
0 1 99285
0 1 99287
0 1 99290
0 1 99291
0 1 99295
0 1 99296
0 1 99299
0 1 99301
0 1 99303
0 1 99305
0 1 99306
0 1 99308
0 1 99315
0 1 99318
0 1 99319
0 1 99320
0 1 99322
0 1 99324
0 1 99329
0 1 99331
0 1 99333
0 1 99335
0 1 99336
0 1 99337
0 1 99339
0 1 99344
0 1 99345
0 1 99346
0 1 99347
0 1 99351
0 1 99353
0 1 99354
0 1 99358
0 1 99359
0 1 99363
0 1 99365
0 1 99366
0 1 99367
0 1 99369
0 1 99372
0 1 99373
0 1 99374
0 1 99376
0 1 99377
0 1 99378
0 1 99379
0 1 99383
0 1 99385
0 1 99387
0 1 99388
0 1 99391
0 1 99392
0 1 99393
0 1 99395
0 1 99396
0 1 99401
0 1 99402
0 1 99404
0 1 99405
0 1 99406
0 1 99408
0 1 99409
0 1 99414
0 1 99417
0 1 99418
0 1 99419
0 1 99420
0 1 99421
0 1 99422
0 1 99424
0 1 99425
0 1 99427
0 1 99428
0 1 99429
0 1 99430
0 1 99432
0 1 99435
0 1 99438
0 1 99440
0 1 99441
0 1 99442
0 1 99444
0 1 99447
0 1 99449
0 1 99451
0 1 99452
0 1 99454
0 1 99455
0 1 99456
0 1 99458
0 1 99459
0 1 99463
0 1 99465
0 1 99467
0 1 99468
0 1 99470
0 1 99471
0 1 99473
0 1 99474
0 1 99475
0 1 99477
0 1 99478
0 1 99483
0 1 99485
0 1 99489
0 1 99490
0 1 99491
0 1 99492
0 1 99493
0 1 99494
0 1 99495
0 1 99496
0 1 99499
0 1 99501
0 1 99502
0 1 99505
0 1 99507
0 1 99508
0 1 99509
0 1 99510
0 1 99513
0 1 99517
0 1 99519
0 1 99520
0 1 99522
0 1 99525
0 1 99530
0 1 99531
0 1 99532
0 1 99533
0 1 99534
0 1 99536
0 1 99538
0 1 99539
0 1 99543
0 1 99544
0 1 99547
0 1 99548
0 1 99550
0 1 99554
0 1 99555
0 1 99556
0 1 99559
0 1 99562
0 1 99564
0 1 99566
0 1 99567
0 1 99568
0 1 99569
0 1 99570
0 1 99571
0 1 99575
0 1 99577
0 1 99578
0 1 99579
0 1 99582
0 1 99584
0 1 99588
0 1 99589
0 1 99590
0 1 99591
0 1 99593
0 1 99594
0 1 99598
0 1 99599
0 1 99601
0 1 99602
0 1 99607
0 1 99609
0 1 99612
0 1 99614
0 1 99618
0 1 99620
0 1 99623
0 1 99625
0 1 99628
0 1 99632
0 1 99634
0 1 99635
0 1 99643
0 1 99644
0 1 99645
0 1 99650
0 1 99653
0 1 99654
0 1 99657
0 1 99659
0 1 99660
0 1 99661
0 1 99663
0 1 99665
0 1 99667
0 1 99670
0 1 99674
0 1 99675
0 1 99676
0 1 99679
0 1 99680
0 1 99681
0 1 99683
0 1 99684
0 1 99687
0 1 99688
0 1 99691
0 1 99693
0 1 99695
0 1 99696
0 1 99697
0 1 99700
0 1 99703
0 1 99704
0 1 99706
0 1 99709
0 1 99710
0 1 99713
0 1 99718
0 1 99722
0 1 99724
0 1 99725
0 1 99728
0 1 99729
0 1 99731
0 1 99735
0 1 99736
0 1 99737
0 1 99738
0 1 99741
0 1 99742
0 1 99749
0 1 99754
0 1 99756
0 1 99757
0 1 99759
0 1 99761
0 1 99763
0 1 99764
0 1 99766
0 1 99768
0 1 99769
0 1 99770
0 1 99771
0 1 99774
0 1 99775
0 1 99776
0 1 99779
0 1 99780
0 1 99782
0 1 99783
0 1 99786
0 1 99788
0 1 99789
0 1 99790
0 1 99792
0 1 99794
0 1 99795
0 1 99797
0 1 99798
0 1 99800
0 1 99801
0 1 99803
0 1 99805
0 1 99809
0 1 99812
0 1 99813
0 1 99814
0 1 99815
0 1 99816
0 1 99819
0 1 99821
0 1 99822
0 1 99823
0 1 99832
0 1 99836
0 1 99837
0 1 99838
0 1 99846
0 1 99847
0 1 99850
0 1 99852
0 1 99857
0 1 99860
0 1 99861
0 1 99862
0 1 99863
0 1 99865
0 1 99866
0 1 99869
0 1 99870
0 1 99872
0 1 99873
0 1 99874
0 1 99875
0 1 99878
0 1 99879
0 1 99881
0 1 99883
0 1 99884
0 1 99885
0 1 99886
0 1 99887
0 1 99889
0 1 99892
0 1 99897
0 1 99898
0 1 99901
0 1 99903
0 1 99906
0 1 99912
0 1 99913
0 1 99914
0 1 99915
0 1 99921
0 1 99922
0 1 99924
0 1 99925
0 1 99930
0 1 99933
0 1 99934
0 1 99941
0 1 99943
0 1 99944
0 1 99946
0 1 99952
0 1 99955
0 1 99956
0 1 99957
0 1 99958
0 1 99959
0 1 99960
0 1 99966
0 1 99967
0 1 99968
0 1 99969
0 1 99971
0 1 99973
0 1 99974
0 1 99975
0 1 99983
0 1 99984
0 1 99985
0 1 99986
0 1 99989
0 1 99990
0 1 99993
0 1 99995
0 1 99996
0 1 99997
0 1 99998
