0 1 1
0 1 5
0 1 7
0 1 8
0 1 10
0 1 12
0 1 14
0 1 16
0 1 17
0 1 18
0 1 19
0 1 20
0 1 22
0 1 23
0 1 27
0 1 28
0 1 29
0 1 30
0 1 32
0 1 33
0 1 36
0 1 38
0 1 39
0 1 40
0 1 44
0 1 45
0 1 46
0 1 47
0 1 51
0 1 52
0 1 53
0 1 54
0 1 56
0 1 62
0 1 66
0 1 67
0 1 70
0 1 71
0 1 72
0 1 74
0 1 76
0 1 78
0 1 80
0 1 84
0 1 85
0 1 86
0 1 91
0 1 92
0 1 93
0 1 95
0 1 101
0 1 102
0 1 103
0 1 106
0 1 111
0 1 113
0 1 114
0 1 117
0 1 118
0 1 124
0 1 126
0 1 129
0 1 131
0 1 133
0 1 134
0 1 136
0 1 137
0 1 139
0 1 140
0 1 141
0 1 143
0 1 153
0 1 154
0 1 157
0 1 163
0 1 165
0 1 170
0 1 174
0 1 176
0 1 181
0 1 182
0 1 187
0 1 189
0 1 190
0 1 192
0 1 195
0 1 198
0 1 205
0 1 206
0 1 210
0 1 211
0 1 218
0 1 220
0 1 223
0 1 224
0 1 231
0 1 233
0 1 236
0 1 240
0 1 245
0 1 248
0 1 252
0 1 256
0 1 259
0 1 261
0 1 262
0 1 263
0 1 266
0 1 267
0 1 268
0 1 269
0 1 271
0 1 272
0 1 278
0 1 279
0 1 280
0 1 282
0 1 286
0 1 287
0 1 293
0 1 303
0 1 311
0 1 313
0 1 316
0 1 317
0 1 318
0 1 320
0 1 324
0 1 328
0 1 332
0 1 333
0 1 337
0 1 339
0 1 347
0 1 354
0 1 358
0 1 367
0 1 371
0 1 372
0 1 374
0 1 375
0 1 378
0 1 380
0 1 386
0 1 388
0 1 389
0 1 396
0 1 398
0 1 400
0 1 401
0 1 403
0 1 407
0 1 409
0 1 410
0 1 412
0 1 413
0 1 419
0 1 422
0 1 425
0 1 430
0 1 431
0 1 435
0 1 437
0 1 440
0 1 441
0 1 442
0 1 444
0 1 449
0 1 450
0 1 453
0 1 455
0 1 456
0 1 457
0 1 461
0 1 463
0 1 464
0 1 467
0 1 468
0 1 470
0 1 473
0 1 476
0 1 480
0 1 481
0 1 486
0 1 487
0 1 492
0 1 497
0 1 498
0 1 500
0 1 501
0 1 503
0 1 504
0 1 506
0 1 510
0 1 511
0 1 512
0 1 513
0 1 517
0 1 518
0 1 520
0 1 524
0 1 525
0 1 526
0 1 529
0 1 530
0 1 531
0 1 532
0 1 538
0 1 539
0 1 541
0 1 542
0 1 548
0 1 551
0 1 555
0 1 557
0 1 559
0 1 565
0 1 566
0 1 567
0 1 569
0 1 572
0 1 577
0 1 578
0 1 580
0 1 581
0 1 584
0 1 586
0 1 590
0 1 593
0 1 597
0 1 598
0 1 600
0 1 601
0 1 603
0 1 607
0 1 608
0 1 610
0 1 612
0 1 620
0 1 624
0 1 627
0 1 629
0 1 632
0 1 634
0 1 635
0 1 637
0 1 642
0 1 644
0 1 645
0 1 646
0 1 650
0 1 653
0 1 654
0 1 655
0 1 656
0 1 657
0 1 658
0 1 659
0 1 661
0 1 662
0 1 664
0 1 666
0 1 667
0 1 668
0 1 676
0 1 677
0 1 678
0 1 679
0 1 682
0 1 684
0 1 691
0 1 693
0 1 696
0 1 699
0 1 700
0 1 703
0 1 711
0 1 712
0 1 715
0 1 717
0 1 719
0 1 720
0 1 721
0 1 723
0 1 724
0 1 725
0 1 727
0 1 738
0 1 744
0 1 745
0 1 753
0 1 755
0 1 757
0 1 758
0 1 760
0 1 761
0 1 763
0 1 765
0 1 766
0 1 770
0 1 775
0 1 777
0 1 779
0 1 780
0 1 781
0 1 782
0 1 784
0 1 785
0 1 787
0 1 790
0 1 794
0 1 795
0 1 796
0 1 799
0 1 802
0 1 808
0 1 810
0 1 811
0 1 814
0 1 816
0 1 817
0 1 820
0 1 822
0 1 826
0 1 831
0 1 832
0 1 833
0 1 836
0 1 839
0 1 843
0 1 844
0 1 846
0 1 848
0 1 849
0 1 852
0 1 853
0 1 856
0 1 859
0 1 860
0 1 861
0 1 863
0 1 864
0 1 867
0 1 868
0 1 869
0 1 870
0 1 871
0 1 872
0 1 875
0 1 877
0 1 882
0 1 883
0 1 885
0 1 887
0 1 888
0 1 889
0 1 890
0 1 891
0 1 894
0 1 895
0 1 897
0 1 898
0 1 899
0 1 901
0 1 902
0 1 908
0 1 911
0 1 912
0 1 916
0 1 919
0 1 920
0 1 925
0 1 930
0 1 931
0 1 932
0 1 933
0 1 938
0 1 939
0 1 940
0 1 941
0 1 942
0 1 943
0 1 950
0 1 952
0 1 954
0 1 956
0 1 962
0 1 965
0 1 969
0 1 970
0 1 971
0 1 972
0 1 974
0 1 975
0 1 978
0 1 980
0 1 982
0 1 986
0 1 989
0 1 990
0 1 992
0 1 994
0 1 998
0 1 1000
0 1 1001
0 1 1003
0 1 1007
0 1 1009
0 1 1012
0 1 1014
0 1 1016
0 1 1018
0 1 1019
0 1 1021
0 1 1022
0 1 1028
0 1 1033
0 1 1034
0 1 1035
0 1 1036
0 1 1037
0 1 1040
0 1 1047
0 1 1048
0 1 1053
0 1 1055
0 1 1058
0 1 1062
0 1 1065
0 1 1066
0 1 1067
0 1 1074
0 1 1077
0 1 1079
0 1 1080
0 1 1085
0 1 1086
0 1 1087
0 1 1092
0 1 1094
0 1 1095
0 1 1096
0 1 1099
0 1 1101
0 1 1105
0 1 1109
0 1 1110
0 1 1112
0 1 1116
0 1 1119
0 1 1121
0 1 1122
0 1 1124
0 1 1126
0 1 1130
0 1 1133
0 1 1138
0 1 1139
0 1 1145
0 1 1149
0 1 1154
0 1 1156
0 1 1157
0 1 1161
0 1 1162
0 1 1169
0 1 1171
0 1 1175
0 1 1176
0 1 1183
0 1 1187
0 1 1188
0 1 1191
0 1 1192
0 1 1194
0 1 1198
0 1 1201
0 1 1203
0 1 1206
0 1 1211
0 1 1214
0 1 1217
0 1 1221
0 1 1222
0 1 1225
0 1 1226
0 1 1228
0 1 1229
0 1 1230
0 1 1232
0 1 1233
0 1 1236
0 1 1237
0 1 1239
0 1 1240
0 1 1242
0 1 1243
0 1 1250
0 1 1251
0 1 1252
0 1 1256
0 1 1258
0 1 1260
0 1 1263
0 1 1265
0 1 1268
0 1 1272
0 1 1274
0 1 1275
0 1 1278
0 1 1279
0 1 1280
0 1 1282
0 1 1288
0 1 1290
0 1 1294
0 1 1295
0 1 1297
0 1 1299
0 1 1300
0 1 1303
0 1 1306
0 1 1307
0 1 1308
0 1 1309
0 1 1310
0 1 1312
0 1 1316
0 1 1317
0 1 1325
0 1 1329
0 1 1330
0 1 1333
0 1 1335
0 1 1336
0 1 1337
0 1 1340
0 1 1341
0 1 1342
0 1 1350
0 1 1355
0 1 1357
0 1 1360
0 1 1361
0 1 1363
0 1 1370
0 1 1371
0 1 1375
0 1 1376
0 1 1382
0 1 1384
0 1 1385
0 1 1388
0 1 1389
0 1 1390
0 1 1393
0 1 1394
0 1 1395
0 1 1397
0 1 1400
0 1 1403
0 1 1412
0 1 1417
0 1 1418
0 1 1423
0 1 1424
0 1 1425
0 1 1426
0 1 1432
0 1 1433
0 1 1434
0 1 1435
0 1 1437
0 1 1439
0 1 1440
0 1 1441
0 1 1445
0 1 1446
0 1 1447
0 1 1448
0 1 1449
0 1 1450
0 1 1453
0 1 1454
0 1 1456
0 1 1458
0 1 1461
0 1 1463
0 1 1468
0 1 1470
0 1 1472
0 1 1474
0 1 1475
0 1 1479
0 1 1480
0 1 1481
0 1 1483
0 1 1485
0 1 1486
0 1 1487
0 1 1491
0 1 1492
0 1 1493
0 1 1502
0 1 1503
0 1 1504
0 1 1505
0 1 1507
0 1 1511
0 1 1512
0 1 1518
0 1 1519
0 1 1522
0 1 1523
0 1 1525
0 1 1530
0 1 1533
0 1 1535
0 1 1542
0 1 1543
0 1 1547
0 1 1548
0 1 1549
0 1 1552
0 1 1554
0 1 1559
0 1 1565
0 1 1570
0 1 1572
0 1 1573
0 1 1581
0 1 1583
0 1 1584
0 1 1585
0 1 1586
0 1 1588
0 1 1593
0 1 1594
0 1 1595
0 1 1601
0 1 1603
0 1 1605
0 1 1607
0 1 1608
0 1 1609
0 1 1615
0 1 1618
0 1 1619
0 1 1620
0 1 1621
0 1 1623
0 1 1624
0 1 1626
0 1 1634
0 1 1635
0 1 1637
0 1 1639
0 1 1641
0 1 1643
0 1 1644
0 1 1653
0 1 1654
0 1 1655
0 1 1657
0 1 1659
0 1 1660
0 1 1663
0 1 1665
0 1 1666
0 1 1668
0 1 1671
0 1 1672
0 1 1673
0 1 1675
0 1 1676
0 1 1677
0 1 1679
0 1 1681
0 1 1686
0 1 1687
0 1 1693
0 1 1695
0 1 1696
0 1 1697
0 1 1698
0 1 1699
0 1 1701
0 1 1702
0 1 1704
0 1 1710
0 1 1711
0 1 1712
0 1 1719
0 1 1720
0 1 1723
0 1 1724
0 1 1727
0 1 1730
0 1 1731
0 1 1733
0 1 1736
0 1 1737
0 1 1739
0 1 1741
0 1 1744
0 1 1746
0 1 1748
0 1 1751
0 1 1755
0 1 1758
0 1 1760
0 1 1765
0 1 1767
0 1 1768
0 1 1770
0 1 1771
0 1 1773
0 1 1774
0 1 1775
0 1 1778
0 1 1779
0 1 1781
0 1 1782
0 1 1783
0 1 1785
0 1 1786
0 1 1788
0 1 1789
0 1 1791
0 1 1794
0 1 1796
0 1 1799
0 1 1806
0 1 1810
0 1 1811
0 1 1812
0 1 1820
0 1 1821
0 1 1825
0 1 1829
0 1 1833
0 1 1836
0 1 1837
0 1 1838
0 1 1842
0 1 1843
0 1 1846
0 1 1847
0 1 1854
0 1 1858
0 1 1860
0 1 1870
0 1 1871
0 1 1872
0 1 1875
0 1 1879
0 1 1880
0 1 1883
0 1 1884
0 1 1887
0 1 1892
0 1 1897
0 1 1898
0 1 1901
0 1 1903
0 1 1904
0 1 1908
0 1 1910
0 1 1911
0 1 1912
0 1 1913
0 1 1915
0 1 1923
0 1 1927
0 1 1931
0 1 1932
0 1 1933
0 1 1940
0 1 1941
0 1 1943
0 1 1947
0 1 1951
0 1 1953
0 1 1956
0 1 1957
0 1 1959
0 1 1962
0 1 1963
0 1 1964
0 1 1965
0 1 1970
0 1 1973
0 1 1974
0 1 1977
0 1 1978
0 1 1981
0 1 1983
0 1 1986
0 1 2005
0 1 2009
0 1 2014
0 1 2022
0 1 2023
0 1 2024
0 1 2025
0 1 2027
0 1 2028
0 1 2029
0 1 2032
0 1 2034
0 1 2039
0 1 2040
0 1 2042
0 1 2043
0 1 2044
0 1 2045
0 1 2049
0 1 2050
0 1 2053
0 1 2054
0 1 2058
0 1 2060
0 1 2061
0 1 2063
0 1 2066
0 1 2067
0 1 2071
0 1 2074
0 1 2078
0 1 2079
0 1 2083
0 1 2084
0 1 2085
0 1 2089
0 1 2090
0 1 2091
0 1 2092
0 1 2097
0 1 2099
0 1 2103
0 1 2105
0 1 2107
0 1 2110
0 1 2111
0 1 2116
0 1 2118
0 1 2124
0 1 2126
0 1 2127
0 1 2131
0 1 2132
0 1 2133
0 1 2136
0 1 2139
0 1 2145
0 1 2148
0 1 2154
0 1 2158
0 1 2165
0 1 2166
0 1 2167
0 1 2169
0 1 2170
0 1 2171
0 1 2173
0 1 2174
0 1 2178
0 1 2179
0 1 2180
0 1 2181
0 1 2182
0 1 2184
0 1 2185
0 1 2186
0 1 2187
0 1 2188
0 1 2189
0 1 2192
0 1 2195
0 1 2199
0 1 2200
0 1 2203
0 1 2208
0 1 2209
0 1 2213
0 1 2214
0 1 2219
0 1 2222
0 1 2226
0 1 2227
0 1 2229
0 1 2230
0 1 2231
0 1 2233
0 1 2234
0 1 2236
0 1 2237
0 1 2239
0 1 2243
0 1 2244
0 1 2254
0 1 2256
0 1 2258
0 1 2261
0 1 2263
0 1 2267
0 1 2269
0 1 2273
0 1 2274
0 1 2275
0 1 2284
0 1 2285
0 1 2287
0 1 2289
0 1 2290
0 1 2291
0 1 2292
0 1 2295
0 1 2298
0 1 2300
0 1 2302
0 1 2306
0 1 2308
0 1 2309
0 1 2324
0 1 2325
0 1 2326
0 1 2334
0 1 2336
0 1 2338
0 1 2342
0 1 2344
0 1 2345
0 1 2346
0 1 2347
0 1 2348
0 1 2355
0 1 2357
0 1 2358
0 1 2359
0 1 2360
0 1 2364
0 1 2365
0 1 2369
0 1 2374
0 1 2376
0 1 2378
0 1 2379
0 1 2381
0 1 2384
0 1 2385
0 1 2386
0 1 2388
0 1 2389
0 1 2391
0 1 2392
0 1 2395
0 1 2399
0 1 2400
0 1 2401
0 1 2405
0 1 2409
0 1 2411
0 1 2412
0 1 2413
0 1 2415
0 1 2420
0 1 2422
0 1 2423
0 1 2430
0 1 2431
0 1 2435
0 1 2436
0 1 2437
0 1 2438
0 1 2441
0 1 2443
0 1 2445
0 1 2450
0 1 2453
0 1 2454
0 1 2455
0 1 2459
0 1 2465
0 1 2467
0 1 2469
0 1 2470
0 1 2472
0 1 2473
0 1 2476
0 1 2477
0 1 2478
0 1 2479
0 1 2480
0 1 2482
0 1 2484
0 1 2496
0 1 2498
0 1 2501
0 1 2508
0 1 2509
0 1 2511
0 1 2512
0 1 2517
0 1 2520
0 1 2523
0 1 2526
0 1 2527
0 1 2536
0 1 2537
0 1 2538
0 1 2539
0 1 2540
0 1 2541
0 1 2548
0 1 2552
0 1 2554
0 1 2565
0 1 2566
0 1 2568
0 1 2569
0 1 2570
0 1 2571
0 1 2577
0 1 2578
0 1 2579
0 1 2582
0 1 2583
0 1 2587
0 1 2597
0 1 2600
0 1 2601
0 1 2608
0 1 2609
0 1 2615
0 1 2616
0 1 2618
0 1 2619
0 1 2622
0 1 2626
0 1 2629
0 1 2630
0 1 2634
0 1 2642
0 1 2643
0 1 2646
0 1 2657
0 1 2658
0 1 2659
0 1 2662
0 1 2666
0 1 2667
0 1 2668
0 1 2670
0 1 2674
0 1 2678
0 1 2679
0 1 2687
0 1 2688
0 1 2690
0 1 2692
0 1 2695
0 1 2698
0 1 2704
0 1 2706
0 1 2708
0 1 2709
0 1 2710
0 1 2714
0 1 2715
0 1 2717
0 1 2718
0 1 2722
0 1 2723
0 1 2729
0 1 2732
0 1 2734
0 1 2737
0 1 2738
0 1 2739
0 1 2740
0 1 2743
0 1 2753
0 1 2754
0 1 2755
0 1 2756
0 1 2757
0 1 2760
0 1 2764
0 1 2765
0 1 2768
0 1 2769
0 1 2772
0 1 2777
0 1 2783
0 1 2787
0 1 2791
0 1 2792
0 1 2794
0 1 2796
0 1 2797
0 1 2800
0 1 2803
0 1 2805
0 1 2806
0 1 2814
0 1 2819
0 1 2820
0 1 2822
0 1 2823
0 1 2824
0 1 2825
0 1 2826
0 1 2828
0 1 2829
0 1 2831
0 1 2834
0 1 2835
0 1 2836
0 1 2837
0 1 2847
0 1 2855
0 1 2856
0 1 2860
0 1 2864
0 1 2865
0 1 2867
0 1 2869
0 1 2871
0 1 2877
0 1 2879
0 1 2881
0 1 2884
0 1 2889
0 1 2893
0 1 2894
0 1 2898
0 1 2904
0 1 2907
0 1 2909
0 1 2912
0 1 2914
0 1 2916
0 1 2917
0 1 2918
0 1 2919
0 1 2924
0 1 2925
0 1 2926
0 1 2928
0 1 2929
0 1 2933
0 1 2934
0 1 2935
0 1 2939
0 1 2940
0 1 2941
0 1 2942
0 1 2943
0 1 2949
0 1 2952
0 1 2953
0 1 2956
0 1 2957
0 1 2958
0 1 2959
0 1 2963
0 1 2968
0 1 2973
0 1 2977
0 1 2978
0 1 2981
0 1 2982
0 1 2990
0 1 2991
0 1 2993
0 1 2995
0 1 2997
0 1 2998
0 1 2999
0 1 3003
0 1 3008
0 1 3009
0 1 3010
0 1 3011
0 1 3012
0 1 3013
0 1 3014
0 1 3016
0 1 3017
0 1 3019
0 1 3020
0 1 3021
0 1 3033
0 1 3034
0 1 3035
0 1 3038
0 1 3039
0 1 3045
0 1 3046
0 1 3047
0 1 3049
0 1 3050
0 1 3051
0 1 3054
0 1 3059
0 1 3062
0 1 3063
0 1 3065
0 1 3068
0 1 3070
0 1 3073
0 1 3078
0 1 3079
0 1 3083
0 1 3087
0 1 3089
0 1 3093
0 1 3101
0 1 3106
0 1 3112
0 1 3113
0 1 3115
0 1 3118
0 1 3121
0 1 3126
0 1 3128
0 1 3134
0 1 3136
0 1 3137
0 1 3138
0 1 3139
0 1 3143
0 1 3148
0 1 3150
0 1 3153
0 1 3158
0 1 3159
0 1 3160
0 1 3163
0 1 3164
0 1 3168
0 1 3171
0 1 3173
0 1 3178
0 1 3180
0 1 3181
0 1 3182
0 1 3183
0 1 3184
0 1 3194
0 1 3196
0 1 3197
0 1 3198
0 1 3200
0 1 3201
0 1 3202
0 1 3203
0 1 3204
0 1 3205
0 1 3206
0 1 3209
0 1 3210
0 1 3212
0 1 3213
0 1 3215
0 1 3220
0 1 3223
0 1 3225
0 1 3226
0 1 3227
0 1 3229
0 1 3230
0 1 3234
0 1 3236
0 1 3241
0 1 3242
0 1 3243
0 1 3244
0 1 3247
0 1 3248
0 1 3250
0 1 3254
0 1 3255
0 1 3257
0 1 3258
0 1 3259
0 1 3260
0 1 3261
0 1 3262
0 1 3266
0 1 3267
0 1 3269
0 1 3276
0 1 3288
0 1 3290
0 1 3291
0 1 3293
0 1 3294
0 1 3297
0 1 3300
0 1 3304
0 1 3307
0 1 3311
0 1 3315
0 1 3317
0 1 3319
0 1 3320
0 1 3321
0 1 3324
0 1 3328
0 1 3332
0 1 3337
0 1 3338
0 1 3344
0 1 3348
0 1 3349
0 1 3354
0 1 3355
0 1 3357
0 1 3359
0 1 3360
0 1 3363
0 1 3364
0 1 3367
0 1 3368
0 1 3369
0 1 3370
0 1 3372
0 1 3377
0 1 3385
0 1 3387
0 1 3389
0 1 3391
0 1 3392
0 1 3393
0 1 3394
0 1 3395
0 1 3398
0 1 3405
0 1 3406
0 1 3410
0 1 3412
0 1 3415
0 1 3418
0 1 3421
0 1 3423
0 1 3424
0 1 3430
0 1 3434
0 1 3443
0 1 3444
0 1 3445
0 1 3451
0 1 3455
0 1 3462
0 1 3464
0 1 3465
0 1 3467
0 1 3469
0 1 3471
0 1 3472
0 1 3474
0 1 3476
0 1 3480
0 1 3481
0 1 3488
0 1 3489
0 1 3493
0 1 3496
0 1 3499
0 1 3502
0 1 3505
0 1 3507
0 1 3509
0 1 3510
0 1 3513
0 1 3514
0 1 3516
0 1 3517
0 1 3518
0 1 3519
0 1 3523
0 1 3525
0 1 3527
0 1 3528
0 1 3529
0 1 3533
0 1 3534
0 1 3536
0 1 3539
0 1 3540
0 1 3541
0 1 3544
0 1 3548
0 1 3549
0 1 3551
0 1 3552
0 1 3554
0 1 3556
0 1 3557
0 1 3561
0 1 3564
0 1 3567
0 1 3570
0 1 3573
0 1 3574
0 1 3577
0 1 3583
0 1 3585
0 1 3589
0 1 3593
0 1 3597
0 1 3602
0 1 3603
0 1 3607
0 1 3610
0 1 3612
0 1 3614
0 1 3624
0 1 3626
0 1 3627
0 1 3636
0 1 3639
0 1 3644
0 1 3649
0 1 3651
0 1 3652
0 1 3653
0 1 3654
0 1 3656
0 1 3657
0 1 3660
0 1 3662
0 1 3664
0 1 3667
0 1 3672
0 1 3676
0 1 3677
0 1 3678
0 1 3679
0 1 3680
0 1 3691
0 1 3694
0 1 3695
0 1 3699
0 1 3701
0 1 3703
0 1 3706
0 1 3707
0 1 3712
0 1 3717
0 1 3729
0 1 3730
0 1 3731
0 1 3735
0 1 3737
0 1 3740
0 1 3745
0 1 3746
0 1 3747
0 1 3749
0 1 3750
0 1 3752
0 1 3753
0 1 3757
0 1 3759
0 1 3763
0 1 3765
0 1 3771
0 1 3772
0 1 3777
0 1 3779
0 1 3782
0 1 3790
0 1 3791
0 1 3795
0 1 3797
0 1 3799
0 1 3803
0 1 3805
0 1 3806
0 1 3809
0 1 3812
0 1 3814
0 1 3816
0 1 3820
0 1 3821
0 1 3825
0 1 3828
0 1 3829
0 1 3831
0 1 3832
0 1 3833
0 1 3835
0 1 3837
0 1 3845
0 1 3849
0 1 3850
0 1 3854
0 1 3856
0 1 3859
0 1 3860
0 1 3863
0 1 3867
0 1 3868
0 1 3873
0 1 3877
0 1 3883
0 1 3884
0 1 3887
0 1 3894
0 1 3895
0 1 3898
0 1 3899
0 1 3901
0 1 3904
0 1 3905
0 1 3907
0 1 3908
0 1 3909
0 1 3911
0 1 3918
0 1 3921
0 1 3922
0 1 3924
0 1 3928
0 1 3929
0 1 3930
0 1 3935
0 1 3936
0 1 3937
0 1 3941
0 1 3944
0 1 3946
0 1 3948
0 1 3950
0 1 3951
0 1 3952
0 1 3954
0 1 3955
0 1 3956
0 1 3960
0 1 3961
0 1 3966
0 1 3970
0 1 3975
0 1 3976
0 1 3978
0 1 3979
0 1 3980
0 1 3981
0 1 3982
0 1 3984
0 1 3987
0 1 3990
0 1 3992
0 1 3993
0 1 3998
0 1 3999
0 1 4001
0 1 4002
0 1 4004
0 1 4005
0 1 4006
0 1 4007
0 1 4012
0 1 4014
0 1 4015
0 1 4017
0 1 4018
0 1 4026
0 1 4029
0 1 4032
0 1 4034
0 1 4038
0 1 4039
0 1 4042
0 1 4044
0 1 4045
0 1 4047
0 1 4050
0 1 4056
0 1 4057
0 1 4059
0 1 4061
0 1 4064
0 1 4066
0 1 4067
0 1 4070
0 1 4076
0 1 4077
0 1 4078
0 1 4079
0 1 4080
0 1 4081
0 1 4084
0 1 4087
0 1 4089
0 1 4091
0 1 4094
0 1 4101
0 1 4107
0 1 4110
0 1 4111
0 1 4112
0 1 4113
0 1 4114
0 1 4116
0 1 4117
0 1 4118
0 1 4122
0 1 4127
0 1 4133
0 1 4134
0 1 4136
0 1 4139
0 1 4143
0 1 4146
0 1 4148
0 1 4150
0 1 4152
0 1 4156
0 1 4157
0 1 4159
0 1 4160
0 1 4163
0 1 4164
0 1 4167
0 1 4169
0 1 4172
0 1 4173
0 1 4174
0 1 4175
0 1 4177
0 1 4179
0 1 4181
0 1 4186
0 1 4187
0 1 4188
0 1 4189
0 1 4191
0 1 4197
0 1 4200
0 1 4201
0 1 4204
0 1 4206
0 1 4207
0 1 4209
0 1 4212
0 1 4213
0 1 4214
0 1 4215
0 1 4218
0 1 4222
0 1 4223
0 1 4229
0 1 4231
0 1 4235
0 1 4236
0 1 4237
0 1 4238
0 1 4242
0 1 4244
0 1 4245
0 1 4247
0 1 4248
0 1 4249
0 1 4252
0 1 4253
0 1 4256
0 1 4260
0 1 4263
0 1 4264
0 1 4265
0 1 4271
0 1 4272
0 1 4275
0 1 4276
0 1 4278
0 1 4280
0 1 4282
0 1 4284
0 1 4285
0 1 4286
0 1 4287
0 1 4288
0 1 4289
0 1 4292
0 1 4299
0 1 4301
0 1 4302
0 1 4303
0 1 4306
0 1 4307
0 1 4316
0 1 4323
0 1 4328
0 1 4330
0 1 4331
0 1 4332
0 1 4334
0 1 4335
0 1 4337
0 1 4339
0 1 4341
0 1 4344
0 1 4346
0 1 4347
0 1 4348
0 1 4349
0 1 4351
0 1 4352
0 1 4355
0 1 4356
0 1 4362
0 1 4363
0 1 4369
0 1 4371
0 1 4374
0 1 4379
0 1 4385
0 1 4386
0 1 4387
0 1 4390
0 1 4391
0 1 4392
0 1 4393
0 1 4395
0 1 4396
0 1 4400
0 1 4405
0 1 4407
0 1 4413
0 1 4415
0 1 4416
0 1 4417
0 1 4420
0 1 4422
0 1 4423
0 1 4426
0 1 4427
0 1 4437
0 1 4442
0 1 4443
0 1 4447
0 1 4448
0 1 4455
0 1 4457
0 1 4458
0 1 4460
0 1 4463
0 1 4464
0 1 4466
0 1 4467
0 1 4468
0 1 4469
0 1 4471
0 1 4472
0 1 4474
0 1 4475
0 1 4476
0 1 4478
0 1 4479
0 1 4481
0 1 4483
0 1 4486
0 1 4489
0 1 4494
0 1 4495
0 1 4499
0 1 4501
0 1 4505
0 1 4507
0 1 4508
0 1 4511
0 1 4514
0 1 4519
0 1 4521
0 1 4522
0 1 4523
0 1 4524
0 1 4531
0 1 4532
0 1 4533
0 1 4534
0 1 4537
0 1 4543
0 1 4544
0 1 4546
0 1 4549
0 1 4551
0 1 4552
0 1 4553
0 1 4554
0 1 4555
0 1 4556
0 1 4559
0 1 4562
0 1 4563
0 1 4567
0 1 4570
0 1 4577
0 1 4579
0 1 4585
0 1 4586
0 1 4592
0 1 4594
0 1 4599
0 1 4602
0 1 4605
0 1 4606
0 1 4609
0 1 4613
0 1 4615
0 1 4616
0 1 4619
0 1 4620
0 1 4621
0 1 4622
0 1 4625
0 1 4626
0 1 4627
0 1 4629
0 1 4630
0 1 4631
0 1 4632
0 1 4633
0 1 4635
0 1 4636
0 1 4638
0 1 4639
0 1 4645
0 1 4647
0 1 4650
0 1 4654
0 1 4659
0 1 4662
0 1 4664
0 1 4665
0 1 4666
0 1 4667
0 1 4668
0 1 4671
0 1 4673
0 1 4676
0 1 4677
0 1 4678
0 1 4679
0 1 4682
0 1 4684
0 1 4687
0 1 4690
0 1 4691
0 1 4692
0 1 4693
0 1 4696
0 1 4697
0 1 4698
0 1 4700
0 1 4702
0 1 4703
0 1 4705
0 1 4706
0 1 4710
0 1 4715
0 1 4716
0 1 4717
0 1 4718
0 1 4724
0 1 4725
0 1 4726
0 1 4730
0 1 4731
0 1 4734
0 1 4736
0 1 4739
0 1 4740
0 1 4741
0 1 4748
0 1 4750
0 1 4752
0 1 4761
0 1 4765
0 1 4766
0 1 4768
0 1 4770
0 1 4773
0 1 4776
0 1 4778
0 1 4779
0 1 4781
0 1 4782
0 1 4784
0 1 4786
0 1 4787
0 1 4794
0 1 4795
0 1 4798
0 1 4809
0 1 4811
0 1 4814
0 1 4815
0 1 4816
0 1 4817
0 1 4818
0 1 4821
0 1 4824
0 1 4826
0 1 4829
0 1 4833
0 1 4838
0 1 4840
0 1 4842
0 1 4848
0 1 4849
0 1 4852
0 1 4853
0 1 4855
0 1 4859
0 1 4861
0 1 4862
0 1 4865
0 1 4866
0 1 4869
0 1 4871
0 1 4873
0 1 4874
0 1 4876
0 1 4880
0 1 4881
0 1 4883
0 1 4884
0 1 4885
0 1 4894
0 1 4895
0 1 4896
0 1 4897
0 1 4898
0 1 4902
0 1 4906
0 1 4910
0 1 4912
0 1 4913
0 1 4915
0 1 4917
0 1 4918
0 1 4922
0 1 4926
0 1 4929
0 1 4931
0 1 4932
0 1 4936
0 1 4937
0 1 4940
0 1 4941
0 1 4942
0 1 4943
0 1 4946
0 1 4949
0 1 4951
0 1 4955
0 1 4959
0 1 4961
0 1 4962
0 1 4963
0 1 4964
0 1 4967
0 1 4971
0 1 4973
0 1 4978
0 1 4979
0 1 4981
0 1 4982
0 1 4984
0 1 4987
0 1 4989
0 1 4990
0 1 4991
0 1 4994
0 1 4996
0 1 5001
0 1 5004
0 1 5005
0 1 5007
0 1 5011
0 1 5012
0 1 5017
0 1 5018
0 1 5021
0 1 5024
0 1 5025
0 1 5029
0 1 5032
0 1 5037
0 1 5038
0 1 5039
0 1 5040
0 1 5041
0 1 5045
0 1 5047
0 1 5048
0 1 5051
0 1 5052
0 1 5055
0 1 5057
0 1 5059
0 1 5060
0 1 5061
0 1 5062
0 1 5065
0 1 5068
0 1 5070
0 1 5073
0 1 5074
0 1 5075
0 1 5081
0 1 5086
0 1 5092
0 1 5094
0 1 5095
0 1 5096
0 1 5104
0 1 5105
0 1 5106
0 1 5107
0 1 5109
0 1 5111
0 1 5120
0 1 5121
0 1 5125
0 1 5126
0 1 5127
0 1 5132
0 1 5134
0 1 5135
0 1 5143
0 1 5144
0 1 5148
0 1 5150
0 1 5151
0 1 5152
0 1 5154
0 1 5156
0 1 5161
0 1 5164
0 1 5165
0 1 5167
0 1 5168
0 1 5175
0 1 5176
0 1 5178
0 1 5183
0 1 5187
0 1 5189
0 1 5190
0 1 5191
0 1 5193
0 1 5194
0 1 5195
0 1 5198
0 1 5199
0 1 5200
0 1 5201
0 1 5204
0 1 5205
0 1 5213
0 1 5215
0 1 5217
0 1 5218
0 1 5220
0 1 5221
0 1 5224
0 1 5225
0 1 5226
0 1 5230
0 1 5232
0 1 5235
0 1 5238
0 1 5239
0 1 5242
0 1 5243
0 1 5245
0 1 5246
0 1 5247
0 1 5248
0 1 5252
0 1 5253
0 1 5255
0 1 5256
0 1 5257
0 1 5258
0 1 5261
0 1 5262
0 1 5268
0 1 5271
0 1 5275
0 1 5276
0 1 5278
0 1 5280
0 1 5282
0 1 5284
0 1 5287
0 1 5289
0 1 5290
0 1 5291
0 1 5295
0 1 5296
0 1 5298
0 1 5299
0 1 5305
0 1 5307
0 1 5309
0 1 5310
0 1 5311
0 1 5317
0 1 5318
0 1 5319
0 1 5320
0 1 5322
0 1 5323
0 1 5328
0 1 5330
0 1 5331
0 1 5339
0 1 5341
0 1 5343
0 1 5344
0 1 5347
0 1 5349
0 1 5350
0 1 5352
0 1 5357
0 1 5360
0 1 5362
0 1 5363
0 1 5366
0 1 5369
0 1 5377
0 1 5380
0 1 5383
0 1 5385
0 1 5386
0 1 5387
0 1 5390
0 1 5393
0 1 5396
0 1 5402
0 1 5405
0 1 5406
0 1 5407
0 1 5410
0 1 5411
0 1 5413
0 1 5414
0 1 5415
0 1 5416
0 1 5417
0 1 5420
0 1 5423
0 1 5426
0 1 5427
0 1 5428
0 1 5429
0 1 5430
0 1 5435
0 1 5437
0 1 5438
0 1 5440
0 1 5446
0 1 5449
0 1 5451
0 1 5454
0 1 5455
0 1 5456
0 1 5459
0 1 5461
0 1 5462
0 1 5467
0 1 5472
0 1 5474
0 1 5478
0 1 5480
0 1 5481
0 1 5487
0 1 5490
0 1 5491
0 1 5493
0 1 5494
0 1 5496
0 1 5498
0 1 5500
0 1 5502
0 1 5507
0 1 5510
0 1 5513
0 1 5514
0 1 5515
0 1 5521
0 1 5523
0 1 5526
0 1 5529
0 1 5530
0 1 5532
0 1 5536
0 1 5537
0 1 5538
0 1 5540
0 1 5543
0 1 5547
0 1 5548
0 1 5550
0 1 5552
0 1 5555
0 1 5557
0 1 5559
0 1 5560
0 1 5561
0 1 5567
0 1 5570
0 1 5571
0 1 5574
0 1 5576
0 1 5578
0 1 5579
0 1 5581
0 1 5582
0 1 5583
0 1 5589
0 1 5590
0 1 5594
0 1 5596
0 1 5597
0 1 5598
0 1 5599
0 1 5602
0 1 5603
0 1 5604
0 1 5612
0 1 5613
0 1 5614
0 1 5615
0 1 5617
0 1 5618
0 1 5623
0 1 5624
0 1 5625
0 1 5628
0 1 5629
0 1 5630
0 1 5631
0 1 5632
0 1 5633
0 1 5639
0 1 5641
0 1 5642
0 1 5644
0 1 5652
0 1 5654
0 1 5656
0 1 5659
0 1 5664
0 1 5671
0 1 5672
0 1 5673
0 1 5675
0 1 5680
0 1 5681
0 1 5682
0 1 5683
0 1 5686
0 1 5687
0 1 5688
0 1 5690
0 1 5696
0 1 5698
0 1 5699
0 1 5700
0 1 5701
0 1 5702
0 1 5705
0 1 5706
0 1 5711
0 1 5712
0 1 5714
0 1 5715
0 1 5716
0 1 5718
0 1 5725
0 1 5727
0 1 5730
0 1 5738
0 1 5740
0 1 5741
0 1 5743
0 1 5746
0 1 5747
0 1 5749
0 1 5751
0 1 5752
0 1 5754
0 1 5756
0 1 5759
0 1 5762
0 1 5763
0 1 5764
0 1 5767
0 1 5768
0 1 5769
0 1 5770
0 1 5776
0 1 5777
0 1 5781
0 1 5785
0 1 5786
0 1 5788
0 1 5794
0 1 5799
0 1 5802
0 1 5803
0 1 5805
0 1 5806
0 1 5809
0 1 5810
0 1 5813
0 1 5815
0 1 5819
0 1 5820
0 1 5823
0 1 5825
0 1 5826
0 1 5832
0 1 5833
0 1 5836
0 1 5837
0 1 5840
0 1 5842
0 1 5843
0 1 5845
0 1 5846
0 1 5847
0 1 5850
0 1 5853
0 1 5856
0 1 5858
0 1 5859
0 1 5860
0 1 5861
0 1 5862
0 1 5863
0 1 5865
0 1 5870
0 1 5873
0 1 5874
0 1 5875
0 1 5882
0 1 5883
0 1 5884
0 1 5891
0 1 5892
0 1 5894
0 1 5895
0 1 5903
0 1 5905
0 1 5910
0 1 5912
0 1 5916
0 1 5929
0 1 5931
0 1 5935
0 1 5936
0 1 5938
0 1 5944
0 1 5945
0 1 5951
0 1 5954
0 1 5956
0 1 5960
0 1 5961
0 1 5966
0 1 5967
0 1 5969
0 1 5970
0 1 5971
0 1 5974
0 1 5976
0 1 5977
0 1 5979
0 1 5988
0 1 5994
0 1 5996
0 1 6000
0 1 6002
0 1 6005
0 1 6006
0 1 6008
0 1 6009
0 1 6013
0 1 6014
0 1 6019
0 1 6020
0 1 6021
0 1 6023
0 1 6025
0 1 6029
0 1 6031
0 1 6033
0 1 6034
0 1 6037
0 1 6040
0 1 6041
0 1 6044
0 1 6045
0 1 6046
0 1 6047
0 1 6048
0 1 6049
0 1 6051
0 1 6052
0 1 6055
0 1 6057
0 1 6059
0 1 6062
0 1 6064
0 1 6065
0 1 6072
0 1 6073
0 1 6076
0 1 6080
0 1 6085
0 1 6086
0 1 6088
0 1 6091
0 1 6100
0 1 6101
0 1 6102
0 1 6105
0 1 6106
0 1 6108
0 1 6109
0 1 6113
0 1 6115
0 1 6116
0 1 6118
0 1 6119
0 1 6120
0 1 6121
0 1 6122
0 1 6123
0 1 6125
0 1 6129
0 1 6130
0 1 6133
0 1 6137
0 1 6142
0 1 6143
0 1 6144
0 1 6146
0 1 6148
0 1 6149
0 1 6150
0 1 6152
0 1 6155
0 1 6156
0 1 6158
0 1 6159
0 1 6162
0 1 6165
0 1 6166
0 1 6168
0 1 6170
0 1 6172
0 1 6173
0 1 6174
0 1 6177
0 1 6183
0 1 6184
0 1 6185
0 1 6187
0 1 6189
0 1 6190
0 1 6193
0 1 6194
0 1 6195
0 1 6198
0 1 6200
0 1 6207
0 1 6208
0 1 6210
0 1 6211
0 1 6212
0 1 6213
0 1 6219
0 1 6225
0 1 6231
0 1 6232
0 1 6234
0 1 6236
0 1 6238
0 1 6242
0 1 6243
0 1 6244
0 1 6249
0 1 6250
0 1 6251
0 1 6253
0 1 6255
0 1 6256
0 1 6257
0 1 6258
0 1 6259
0 1 6260
0 1 6264
0 1 6266
0 1 6268
0 1 6271
0 1 6272
0 1 6279
0 1 6280
0 1 6282
0 1 6284
0 1 6288
0 1 6289
0 1 6291
0 1 6294
0 1 6296
0 1 6299
0 1 6300
0 1 6303
0 1 6306
0 1 6307
0 1 6308
0 1 6312
0 1 6314
0 1 6318
0 1 6327
0 1 6334
0 1 6336
0 1 6340
0 1 6343
0 1 6344
0 1 6346
0 1 6348
0 1 6349
0 1 6350
0 1 6352
0 1 6354
0 1 6359
0 1 6361
0 1 6365
0 1 6367
0 1 6370
0 1 6372
0 1 6374
0 1 6375
0 1 6376
0 1 6386
0 1 6387
0 1 6388
0 1 6389
0 1 6390
0 1 6391
0 1 6392
0 1 6393
0 1 6395
0 1 6398
0 1 6402
0 1 6406
0 1 6411
0 1 6413
0 1 6414
0 1 6415
0 1 6416
0 1 6417
0 1 6418
0 1 6419
0 1 6420
0 1 6421
0 1 6426
0 1 6428
0 1 6430
0 1 6431
0 1 6433
0 1 6435
0 1 6436
0 1 6439
0 1 6443
0 1 6446
0 1 6447
0 1 6448
0 1 6450
0 1 6451
0 1 6454
0 1 6459
0 1 6465
0 1 6470
0 1 6474
0 1 6475
0 1 6478
0 1 6479
0 1 6481
0 1 6489
0 1 6491
0 1 6492
0 1 6494
0 1 6495
0 1 6497
0 1 6499
0 1 6503
0 1 6505
0 1 6506
0 1 6507
0 1 6511
0 1 6512
0 1 6514
0 1 6515
0 1 6516
0 1 6517
0 1 6518
0 1 6520
0 1 6521
0 1 6525
0 1 6530
0 1 6537
0 1 6538
0 1 6539
0 1 6540
0 1 6542
0 1 6544
0 1 6546
0 1 6553
0 1 6555
0 1 6557
0 1 6558
0 1 6560
0 1 6562
0 1 6565
0 1 6566
0 1 6568
0 1 6569
0 1 6572
0 1 6580
0 1 6581
0 1 6583
0 1 6584
0 1 6587
0 1 6589
0 1 6590
0 1 6591
0 1 6592
0 1 6597
0 1 6599
0 1 6600
0 1 6602
0 1 6604
0 1 6605
0 1 6610
0 1 6611
0 1 6616
0 1 6617
0 1 6618
0 1 6620
0 1 6621
0 1 6624
0 1 6625
0 1 6627
0 1 6633
0 1 6635
0 1 6636
0 1 6643
0 1 6644
0 1 6653
0 1 6655
0 1 6657
0 1 6658
0 1 6661
0 1 6665
0 1 6667
0 1 6668
0 1 6671
0 1 6676
0 1 6677
0 1 6679
0 1 6680
0 1 6682
0 1 6689
0 1 6692
0 1 6693
0 1 6694
0 1 6695
0 1 6698
0 1 6699
0 1 6700
0 1 6703
0 1 6705
0 1 6708
0 1 6709
0 1 6710
0 1 6711
0 1 6713
0 1 6716
0 1 6722
0 1 6729
0 1 6731
0 1 6733
0 1 6734
0 1 6736
0 1 6737
0 1 6741
0 1 6742
0 1 6746
0 1 6747
0 1 6749
0 1 6754
0 1 6756
0 1 6757
0 1 6764
0 1 6765
0 1 6766
0 1 6767
0 1 6773
0 1 6774
0 1 6776
0 1 6777
0 1 6778
0 1 6779
0 1 6780
0 1 6781
0 1 6783
0 1 6784
0 1 6785
0 1 6786
0 1 6787
0 1 6788
0 1 6789
0 1 6790
0 1 6791
0 1 6792
0 1 6796
0 1 6800
0 1 6801
0 1 6803
0 1 6804
0 1 6807
0 1 6810
0 1 6812
0 1 6816
0 1 6817
0 1 6818
0 1 6819
0 1 6820
0 1 6823
0 1 6824
0 1 6826
0 1 6827
0 1 6828
0 1 6829
0 1 6830
0 1 6840
0 1 6841
0 1 6847
0 1 6848
0 1 6850
0 1 6852
0 1 6853
0 1 6855
0 1 6857
0 1 6858
0 1 6862
0 1 6864
0 1 6869
0 1 6870
0 1 6873
0 1 6875
0 1 6876
0 1 6885
0 1 6887
0 1 6888
0 1 6889
0 1 6890
0 1 6891
0 1 6894
0 1 6895
0 1 6905
0 1 6907
0 1 6908
0 1 6911
0 1 6912
0 1 6914
0 1 6918
0 1 6919
0 1 6920
0 1 6924
0 1 6925
0 1 6928
0 1 6931
0 1 6932
0 1 6937
0 1 6942
0 1 6943
0 1 6944
0 1 6947
0 1 6948
0 1 6950
0 1 6952
0 1 6953
0 1 6956
0 1 6957
0 1 6959
0 1 6960
0 1 6963
0 1 6970
0 1 6971
0 1 6974
0 1 6976
0 1 6977
0 1 6980
0 1 6984
0 1 6986
0 1 6987
0 1 6988
0 1 6990
0 1 6991
0 1 6993
0 1 6997
0 1 7005
0 1 7006
0 1 7009
0 1 7010
0 1 7017
0 1 7019
0 1 7021
0 1 7022
0 1 7023
0 1 7024
0 1 7025
0 1 7026
0 1 7027
0 1 7029
0 1 7030
0 1 7031
0 1 7034
0 1 7040
0 1 7042
0 1 7043
0 1 7045
0 1 7050
0 1 7052
0 1 7054
0 1 7055
0 1 7057
0 1 7058
0 1 7059
0 1 7060
0 1 7062
0 1 7066
0 1 7069
0 1 7070
0 1 7071
0 1 7073
0 1 7075
0 1 7077
0 1 7079
0 1 7083
0 1 7085
0 1 7087
0 1 7090
0 1 7091
0 1 7092
0 1 7093
0 1 7095
0 1 7098
0 1 7101
0 1 7102
0 1 7103
0 1 7105
0 1 7107
0 1 7109
0 1 7117
0 1 7123
0 1 7125
0 1 7128
0 1 7130
0 1 7132
0 1 7134
0 1 7135
0 1 7138
0 1 7139
0 1 7143
0 1 7147
0 1 7152
0 1 7153
0 1 7154
0 1 7155
0 1 7156
0 1 7157
0 1 7158
0 1 7159
0 1 7164
0 1 7166
0 1 7167
0 1 7169
0 1 7170
0 1 7171
0 1 7172
0 1 7179
0 1 7181
0 1 7182
0 1 7185
0 1 7189
0 1 7192
0 1 7199
0 1 7203
0 1 7204
0 1 7207
0 1 7209
0 1 7211
0 1 7213
0 1 7217
0 1 7221
0 1 7223
0 1 7224
0 1 7227
0 1 7228
0 1 7230
0 1 7232
0 1 7236
0 1 7238
0 1 7239
0 1 7240
0 1 7242
0 1 7243
0 1 7244
0 1 7245
0 1 7246
0 1 7248
0 1 7250
0 1 7253
0 1 7254
0 1 7256
0 1 7257
0 1 7258
0 1 7259
0 1 7260
0 1 7262
0 1 7263
0 1 7264
0 1 7265
0 1 7266
0 1 7270
0 1 7271
0 1 7272
0 1 7273
0 1 7274
0 1 7275
0 1 7277
0 1 7278
0 1 7279
0 1 7280
0 1 7283
0 1 7284
0 1 7285
0 1 7287
0 1 7288
0 1 7291
0 1 7292
0 1 7297
0 1 7304
0 1 7308
0 1 7309
0 1 7311
0 1 7319
0 1 7325
0 1 7333
0 1 7336
0 1 7338
0 1 7339
0 1 7342
0 1 7346
0 1 7349
0 1 7357
0 1 7359
0 1 7360
0 1 7362
0 1 7364
0 1 7365
0 1 7368
0 1 7369
0 1 7370
0 1 7371
0 1 7375
0 1 7376
0 1 7382
0 1 7384
0 1 7385
0 1 7389
0 1 7390
0 1 7392
0 1 7393
0 1 7396
0 1 7397
0 1 7398
0 1 7400
0 1 7401
0 1 7403
0 1 7405
0 1 7406
0 1 7412
0 1 7413
0 1 7417
0 1 7418
0 1 7419
0 1 7422
0 1 7423
0 1 7428
0 1 7430
0 1 7431
0 1 7432
0 1 7433
0 1 7434
0 1 7436
0 1 7447
0 1 7448
0 1 7449
0 1 7450
0 1 7451
0 1 7453
0 1 7454
0 1 7455
0 1 7457
0 1 7459
0 1 7460
0 1 7462
0 1 7470
0 1 7472
0 1 7474
0 1 7478
0 1 7480
0 1 7482
0 1 7483
0 1 7484
0 1 7485
0 1 7486
0 1 7487
0 1 7488
0 1 7489
0 1 7490
0 1 7491
0 1 7493
0 1 7494
0 1 7495
0 1 7496
0 1 7499
0 1 7501
0 1 7502
0 1 7509
0 1 7510
0 1 7514
0 1 7515
0 1 7518
0 1 7519
0 1 7525
0 1 7526
0 1 7527
0 1 7534
0 1 7535
0 1 7542
0 1 7544
0 1 7548
0 1 7551
0 1 7552
0 1 7553
0 1 7554
0 1 7555
0 1 7557
0 1 7562
0 1 7563
0 1 7565
0 1 7566
0 1 7571
0 1 7572
0 1 7574
0 1 7575
0 1 7576
0 1 7577
0 1 7585
0 1 7588
0 1 7590
0 1 7594
0 1 7595
0 1 7596
0 1 7599
0 1 7605
0 1 7606
0 1 7608
0 1 7610
0 1 7615
0 1 7618
0 1 7619
0 1 7622
0 1 7623
0 1 7624
0 1 7625
0 1 7626
0 1 7627
0 1 7628
0 1 7637
0 1 7638
0 1 7639
0 1 7640
0 1 7642
0 1 7643
0 1 7645
0 1 7649
0 1 7650
0 1 7655
0 1 7656
0 1 7660
0 1 7664
0 1 7666
0 1 7667
0 1 7670
0 1 7675
0 1 7678
0 1 7688
0 1 7689
0 1 7690
0 1 7691
0 1 7694
0 1 7698
0 1 7699
0 1 7700
0 1 7703
0 1 7710
0 1 7712
0 1 7714
0 1 7717
0 1 7718
0 1 7719
0 1 7722
0 1 7723
0 1 7725
0 1 7728
0 1 7734
0 1 7738
0 1 7741
0 1 7743
0 1 7747
0 1 7748
0 1 7749
0 1 7754
0 1 7759
0 1 7760
0 1 7761
0 1 7763
0 1 7765
0 1 7766
0 1 7767
0 1 7768
0 1 7774
0 1 7780
0 1 7781
0 1 7787
0 1 7788
0 1 7789
0 1 7790
0 1 7791
0 1 7792
0 1 7795
0 1 7797
0 1 7798
0 1 7799
0 1 7802
0 1 7803
0 1 7804
0 1 7805
0 1 7806
0 1 7807
0 1 7808
0 1 7811
0 1 7812
0 1 7815
0 1 7817
0 1 7818
0 1 7820
0 1 7824
0 1 7825
0 1 7830
0 1 7834
0 1 7836
0 1 7841
0 1 7844
0 1 7846
0 1 7848
0 1 7849
0 1 7852
0 1 7854
0 1 7855
0 1 7857
0 1 7860
0 1 7864
0 1 7865
0 1 7866
0 1 7877
0 1 7878
0 1 7884
0 1 7885
0 1 7889
0 1 7893
0 1 7894
0 1 7895
0 1 7899
0 1 7900
0 1 7903
0 1 7904
0 1 7905
0 1 7908
0 1 7910
0 1 7911
0 1 7914
0 1 7922
0 1 7927
0 1 7928
0 1 7932
0 1 7933
0 1 7938
0 1 7941
0 1 7942
0 1 7943
0 1 7945
0 1 7950
0 1 7952
0 1 7953
0 1 7957
0 1 7961
0 1 7963
0 1 7966
0 1 7967
0 1 7968
0 1 7973
0 1 7975
0 1 7978
0 1 7983
0 1 7988
0 1 7990
0 1 7994
0 1 7995
0 1 7996
0 1 7999
0 1 8000
0 1 8005
0 1 8010
0 1 8016
0 1 8018
0 1 8021
0 1 8027
0 1 8028
0 1 8029
0 1 8030
0 1 8033
0 1 8036
0 1 8037
0 1 8040
0 1 8041
0 1 8046
0 1 8047
0 1 8048
0 1 8049
0 1 8050
0 1 8052
0 1 8055
0 1 8061
0 1 8063
0 1 8065
0 1 8066
0 1 8067
0 1 8069
0 1 8072
0 1 8075
0 1 8076
0 1 8077
0 1 8080
0 1 8082
0 1 8089
0 1 8090
0 1 8091
0 1 8094
0 1 8095
0 1 8100
0 1 8101
0 1 8103
0 1 8105
0 1 8109
0 1 8110
0 1 8111
0 1 8115
0 1 8118
0 1 8122
0 1 8124
0 1 8125
0 1 8126
0 1 8127
0 1 8129
0 1 8130
0 1 8132
0 1 8138
0 1 8145
0 1 8146
0 1 8150
0 1 8152
0 1 8153
0 1 8156
0 1 8157
0 1 8161
0 1 8162
0 1 8163
0 1 8164
0 1 8166
0 1 8169
0 1 8171
0 1 8173
0 1 8178
0 1 8180
0 1 8182
0 1 8183
0 1 8187
0 1 8188
0 1 8189
0 1 8190
0 1 8193
0 1 8194
0 1 8195
0 1 8196
0 1 8199
0 1 8202
0 1 8203
0 1 8206
0 1 8212
0 1 8213
0 1 8214
0 1 8217
0 1 8220
0 1 8226
0 1 8229
0 1 8230
0 1 8232
0 1 8235
0 1 8237
0 1 8240
0 1 8249
0 1 8254
0 1 8256
0 1 8257
0 1 8258
0 1 8265
0 1 8266
0 1 8267
0 1 8271
0 1 8274
0 1 8276
0 1 8277
0 1 8281
0 1 8283
0 1 8284
0 1 8287
0 1 8290
0 1 8291
0 1 8295
0 1 8299
0 1 8301
0 1 8302
0 1 8303
0 1 8304
0 1 8307
0 1 8310
0 1 8311
0 1 8314
0 1 8315
0 1 8316
0 1 8317
0 1 8318
0 1 8321
0 1 8323
0 1 8328
0 1 8329
0 1 8331
0 1 8333
0 1 8335
0 1 8340
0 1 8341
0 1 8354
0 1 8355
0 1 8358
0 1 8362
0 1 8365
0 1 8370
0 1 8373
0 1 8377
0 1 8378
0 1 8381
0 1 8383
0 1 8391
0 1 8392
0 1 8396
0 1 8397
0 1 8398
0 1 8399
0 1 8403
0 1 8405
0 1 8408
0 1 8409
0 1 8415
0 1 8418
0 1 8426
0 1 8429
0 1 8430
0 1 8432
0 1 8433
0 1 8443
0 1 8444
0 1 8445
0 1 8448
0 1 8449
0 1 8450
0 1 8451
0 1 8452
0 1 8453
0 1 8464
0 1 8466
0 1 8470
0 1 8472
0 1 8479
0 1 8480
0 1 8482
0 1 8483
0 1 8486
0 1 8490
0 1 8494
0 1 8495
0 1 8496
0 1 8498
0 1 8500
0 1 8501
0 1 8502
0 1 8505
0 1 8506
0 1 8507
0 1 8513
0 1 8515
0 1 8518
0 1 8521
0 1 8522
0 1 8523
0 1 8529
0 1 8530
0 1 8531
0 1 8538
0 1 8539
0 1 8543
0 1 8547
0 1 8549
0 1 8553
0 1 8555
0 1 8558
0 1 8562
0 1 8565
0 1 8569
0 1 8572
0 1 8574
0 1 8576
0 1 8579
0 1 8581
0 1 8586
0 1 8587
0 1 8597
0 1 8598
0 1 8600
0 1 8606
0 1 8608
0 1 8609
0 1 8616
0 1 8619
0 1 8620
0 1 8621
0 1 8625
0 1 8626
0 1 8629
0 1 8631
0 1 8632
0 1 8633
0 1 8634
0 1 8637
0 1 8639
0 1 8640
0 1 8641
0 1 8642
0 1 8644
0 1 8647
0 1 8658
0 1 8659
0 1 8662
0 1 8667
0 1 8670
0 1 8673
0 1 8674
0 1 8675
0 1 8679
0 1 8681
0 1 8683
0 1 8685
0 1 8686
0 1 8689
0 1 8691
0 1 8692
0 1 8695
0 1 8697
0 1 8698
0 1 8700
0 1 8702
0 1 8703
0 1 8704
0 1 8710
0 1 8712
0 1 8718
0 1 8719
0 1 8721
0 1 8723
0 1 8726
0 1 8728
0 1 8729
0 1 8730
0 1 8733
0 1 8735
0 1 8736
0 1 8741
0 1 8743
0 1 8746
0 1 8749
0 1 8750
0 1 8756
0 1 8757
0 1 8758
0 1 8761
0 1 8766
0 1 8769
0 1 8770
0 1 8776
0 1 8778
0 1 8781
0 1 8782
0 1 8785
0 1 8787
0 1 8788
0 1 8790
0 1 8792
0 1 8794
0 1 8796
0 1 8797
0 1 8798
0 1 8800
0 1 8801
0 1 8802
0 1 8804
0 1 8811
0 1 8812
0 1 8813
0 1 8814
0 1 8816
0 1 8826
0 1 8827
0 1 8829
0 1 8832
0 1 8837
0 1 8841
0 1 8847
0 1 8850
0 1 8856
0 1 8858
0 1 8859
0 1 8860
0 1 8863
0 1 8865
0 1 8868
0 1 8872
0 1 8874
0 1 8875
0 1 8876
0 1 8881
0 1 8885
0 1 8887
0 1 8889
0 1 8891
0 1 8892
0 1 8893
0 1 8894
0 1 8895
0 1 8902
0 1 8904
0 1 8905
0 1 8906
0 1 8909
0 1 8910
0 1 8915
0 1 8918
0 1 8919
0 1 8920
0 1 8921
0 1 8922
0 1 8923
0 1 8931
0 1 8932
0 1 8936
0 1 8937
0 1 8939
0 1 8944
0 1 8945
0 1 8947
0 1 8956
0 1 8958
0 1 8964
0 1 8966
0 1 8968
0 1 8969
0 1 8970
0 1 8972
0 1 8973
0 1 8974
0 1 8975
0 1 8979
0 1 8981
0 1 8985
0 1 8992
0 1 8996
0 1 8999
0 1 9000
0 1 9001
0 1 9002
0 1 9004
0 1 9008
0 1 9012
0 1 9013
0 1 9015
0 1 9016
0 1 9017
0 1 9020
0 1 9021
0 1 9025
0 1 9026
0 1 9027
0 1 9029
0 1 9032
0 1 9034
0 1 9038
0 1 9040
0 1 9041
0 1 9042
0 1 9044
0 1 9045
0 1 9046
0 1 9048
0 1 9053
0 1 9060
0 1 9061
0 1 9062
0 1 9066
0 1 9067
0 1 9068
0 1 9074
0 1 9082
0 1 9083
0 1 9085
0 1 9088
0 1 9090
0 1 9093
0 1 9105
0 1 9110
0 1 9111
0 1 9112
0 1 9113
0 1 9116
0 1 9118
0 1 9119
0 1 9120
0 1 9121
0 1 9122
0 1 9127
0 1 9128
0 1 9129
0 1 9131
0 1 9134
0 1 9136
0 1 9138
0 1 9143
0 1 9144
0 1 9146
0 1 9147
0 1 9154
0 1 9155
0 1 9156
0 1 9158
0 1 9161
0 1 9165
0 1 9173
0 1 9174
0 1 9175
0 1 9176
0 1 9178
0 1 9179
0 1 9180
0 1 9183
0 1 9184
0 1 9186
0 1 9187
0 1 9188
0 1 9189
0 1 9191
0 1 9192
0 1 9194
0 1 9195
0 1 9198
0 1 9199
0 1 9202
0 1 9207
0 1 9208
0 1 9210
0 1 9211
0 1 9214
0 1 9216
0 1 9219
0 1 9220
0 1 9225
0 1 9226
0 1 9227
0 1 9228
0 1 9230
0 1 9232
0 1 9234
0 1 9236
0 1 9237
0 1 9239
0 1 9242
0 1 9248
0 1 9253
0 1 9260
0 1 9261
0 1 9264
0 1 9268
0 1 9271
0 1 9273
0 1 9278
0 1 9280
0 1 9281
0 1 9283
0 1 9284
0 1 9285
0 1 9286
0 1 9289
0 1 9290
0 1 9291
0 1 9294
0 1 9296
0 1 9300
0 1 9302
0 1 9304
0 1 9305
0 1 9308
0 1 9311
0 1 9316
0 1 9319
0 1 9320
0 1 9321
0 1 9322
0 1 9325
0 1 9326
0 1 9331
0 1 9332
0 1 9333
0 1 9338
0 1 9339
0 1 9340
0 1 9341
0 1 9342
0 1 9345
0 1 9347
0 1 9351
0 1 9352
0 1 9356
0 1 9360
0 1 9364
0 1 9370
0 1 9372
0 1 9374
0 1 9379
0 1 9380
0 1 9383
0 1 9384
0 1 9389
0 1 9390
0 1 9392
0 1 9394
0 1 9395
0 1 9400
0 1 9401
0 1 9402
0 1 9403
0 1 9404
0 1 9409
0 1 9411
0 1 9412
0 1 9413
0 1 9416
0 1 9417
0 1 9419
0 1 9420
0 1 9424
0 1 9425
0 1 9430
0 1 9431
0 1 9432
0 1 9433
0 1 9435
0 1 9438
0 1 9443
0 1 9444
0 1 9447
0 1 9448
0 1 9454
0 1 9455
0 1 9458
0 1 9459
0 1 9462
0 1 9466
0 1 9468
0 1 9476
0 1 9482
0 1 9490
0 1 9493
0 1 9495
0 1 9496
0 1 9502
0 1 9504
0 1 9505
0 1 9512
0 1 9514
0 1 9517
0 1 9521
0 1 9523
0 1 9524
0 1 9525
0 1 9528
0 1 9533
0 1 9534
0 1 9536
0 1 9537
0 1 9540
0 1 9541
0 1 9543
0 1 9546
0 1 9548
0 1 9549
0 1 9550
0 1 9552
0 1 9554
0 1 9555
0 1 9557
0 1 9560
0 1 9561
0 1 9563
0 1 9564
0 1 9568
0 1 9570
0 1 9572
0 1 9573
0 1 9575
0 1 9576
0 1 9577
0 1 9582
0 1 9583
0 1 9589
0 1 9591
0 1 9594
0 1 9595
0 1 9598
0 1 9599
0 1 9604
0 1 9606
0 1 9607
0 1 9610
0 1 9611
0 1 9618
0 1 9619
0 1 9621
0 1 9622
0 1 9623
0 1 9624
0 1 9627
0 1 9628
0 1 9629
0 1 9630
0 1 9632
0 1 9633
0 1 9634
0 1 9635
0 1 9637
0 1 9638
0 1 9639
0 1 9641
0 1 9642
0 1 9646
0 1 9649
0 1 9652
0 1 9653
0 1 9656
0 1 9658
0 1 9663
0 1 9669
0 1 9670
0 1 9671
0 1 9673
0 1 9675
0 1 9676
0 1 9678
0 1 9683
0 1 9684
0 1 9685
0 1 9687
0 1 9690
0 1 9692
0 1 9694
0 1 9702
0 1 9704
0 1 9705
0 1 9710
0 1 9712
0 1 9714
0 1 9717
0 1 9720
0 1 9721
0 1 9722
0 1 9723
0 1 9725
0 1 9728
0 1 9731
0 1 9735
0 1 9736
0 1 9741
0 1 9749
0 1 9752
0 1 9753
0 1 9757
0 1 9759
0 1 9760
0 1 9761
0 1 9762
0 1 9765
0 1 9768
0 1 9770
0 1 9771
0 1 9781
0 1 9782
0 1 9783
0 1 9784
0 1 9786
0 1 9789
0 1 9791
0 1 9794
0 1 9798
0 1 9801
0 1 9802
0 1 9803
0 1 9807
0 1 9810
0 1 9814
0 1 9817
0 1 9820
0 1 9824
0 1 9827
0 1 9829
0 1 9833
0 1 9834
0 1 9839
0 1 9841
0 1 9843
0 1 9847
0 1 9848
0 1 9849
0 1 9853
0 1 9854
0 1 9855
0 1 9861
0 1 9867
0 1 9870
0 1 9871
0 1 9872
0 1 9874
0 1 9875
0 1 9879
0 1 9880
0 1 9883
0 1 9884
0 1 9887
0 1 9890
0 1 9893
0 1 9898
0 1 9903
0 1 9905
0 1 9908
0 1 9910
0 1 9912
0 1 9913
0 1 9914
0 1 9918
0 1 9920
0 1 9922
0 1 9925
0 1 9928
0 1 9930
0 1 9936
0 1 9938
0 1 9941
0 1 9942
0 1 9945
0 1 9955
0 1 9957
0 1 9960
0 1 9962
0 1 9963
0 1 9964
0 1 9966
0 1 9968
0 1 9976
0 1 9977
0 1 9980
0 1 9981
0 1 9984
0 1 9985
0 1 9987
0 1 9991
0 1 9994
0 1 9995
0 1 9996
0 1 10002
0 1 10005
0 1 10007
0 1 10008
0 1 10011
0 1 10013
0 1 10014
0 1 10015
0 1 10024
0 1 10027
0 1 10028
0 1 10029
0 1 10030
0 1 10031
0 1 10034
0 1 10035
0 1 10036
0 1 10040
0 1 10043
0 1 10044
0 1 10049
0 1 10050
0 1 10051
0 1 10057
0 1 10059
0 1 10063
0 1 10068
0 1 10069
0 1 10073
0 1 10074
0 1 10081
0 1 10082
0 1 10083
0 1 10085
0 1 10087
0 1 10091
0 1 10094
0 1 10100
0 1 10101
0 1 10104
0 1 10105
0 1 10106
0 1 10108
0 1 10109
0 1 10110
0 1 10112
0 1 10116
0 1 10118
0 1 10122
0 1 10124
0 1 10130
0 1 10132
0 1 10135
0 1 10141
0 1 10142
0 1 10148
0 1 10149
0 1 10152
0 1 10156
0 1 10158
0 1 10159
0 1 10161
0 1 10166
0 1 10167
0 1 10168
0 1 10172
0 1 10173
0 1 10179
0 1 10181
0 1 10182
0 1 10183
0 1 10184
0 1 10187
0 1 10188
0 1 10189
0 1 10194
0 1 10198
0 1 10206
0 1 10207
0 1 10211
0 1 10215
0 1 10218
0 1 10220
0 1 10221
0 1 10222
0 1 10224
0 1 10226
0 1 10227
0 1 10228
0 1 10229
0 1 10235
0 1 10237
0 1 10238
0 1 10239
0 1 10240
0 1 10241
0 1 10249
0 1 10255
0 1 10257
0 1 10260
0 1 10262
0 1 10264
0 1 10265
0 1 10266
0 1 10268
0 1 10271
0 1 10272
0 1 10273
0 1 10277
0 1 10279
0 1 10280
0 1 10283
0 1 10284
0 1 10286
0 1 10288
0 1 10290
0 1 10292
0 1 10295
0 1 10296
0 1 10297
0 1 10298
0 1 10299
0 1 10301
0 1 10305
0 1 10306
0 1 10309
0 1 10314
0 1 10317
0 1 10323
0 1 10327
0 1 10328
0 1 10330
0 1 10331
0 1 10332
0 1 10333
0 1 10334
0 1 10335
0 1 10336
0 1 10343
0 1 10345
0 1 10347
0 1 10348
0 1 10354
0 1 10356
0 1 10363
0 1 10365
0 1 10366
0 1 10371
0 1 10373
0 1 10375
0 1 10376
0 1 10383
0 1 10385
0 1 10390
0 1 10392
0 1 10395
0 1 10400
0 1 10402
0 1 10404
0 1 10406
0 1 10409
0 1 10412
0 1 10413
0 1 10414
0 1 10415
0 1 10416
0 1 10418
0 1 10424
0 1 10426
0 1 10429
0 1 10431
0 1 10434
0 1 10441
0 1 10444
0 1 10446
0 1 10448
0 1 10452
0 1 10453
0 1 10456
0 1 10457
0 1 10460
0 1 10462
0 1 10464
0 1 10468
0 1 10470
0 1 10471
0 1 10473
0 1 10476
0 1 10481
0 1 10484
0 1 10485
0 1 10486
0 1 10487
0 1 10492
0 1 10493
0 1 10496
0 1 10502
0 1 10508
0 1 10510
0 1 10511
0 1 10513
0 1 10520
0 1 10521
0 1 10522
0 1 10523
0 1 10524
0 1 10526
0 1 10527
0 1 10528
0 1 10529
0 1 10530
0 1 10536
0 1 10537
0 1 10538
0 1 10539
0 1 10541
0 1 10543
0 1 10548
0 1 10551
0 1 10557
0 1 10559
0 1 10560
0 1 10563
0 1 10566
0 1 10567
0 1 10570
0 1 10571
0 1 10572
0 1 10573
0 1 10576
0 1 10580
0 1 10583
0 1 10586
0 1 10587
0 1 10589
0 1 10591
0 1 10592
0 1 10595
0 1 10596
0 1 10597
0 1 10598
0 1 10599
0 1 10600
0 1 10602
0 1 10605
0 1 10606
0 1 10607
0 1 10608
0 1 10610
0 1 10611
0 1 10614
0 1 10615
0 1 10621
0 1 10629
0 1 10630
0 1 10633
0 1 10634
0 1 10635
0 1 10636
0 1 10638
0 1 10639
0 1 10642
0 1 10644
0 1 10650
0 1 10652
0 1 10654
0 1 10657
0 1 10658
0 1 10662
0 1 10664
0 1 10666
0 1 10667
0 1 10670
0 1 10671
0 1 10678
0 1 10680
0 1 10681
0 1 10683
0 1 10687
0 1 10689
0 1 10691
0 1 10692
0 1 10693
0 1 10694
0 1 10695
0 1 10711
0 1 10715
0 1 10719
0 1 10720
0 1 10721
0 1 10722
0 1 10724
0 1 10735
0 1 10737
0 1 10738
0 1 10739
0 1 10741
0 1 10742
0 1 10743
0 1 10744
0 1 10750
0 1 10758
0 1 10759
0 1 10761
0 1 10763
0 1 10765
0 1 10767
0 1 10768
0 1 10769
0 1 10772
0 1 10774
0 1 10777
0 1 10780
0 1 10781
0 1 10785
0 1 10788
0 1 10789
0 1 10793
0 1 10794
0 1 10795
0 1 10798
0 1 10799
0 1 10805
0 1 10806
0 1 10807
0 1 10808
0 1 10809
0 1 10811
0 1 10813
0 1 10814
0 1 10819
0 1 10822
0 1 10825
0 1 10827
0 1 10829
0 1 10832
0 1 10833
0 1 10837
0 1 10838
0 1 10839
0 1 10840
0 1 10844
0 1 10845
0 1 10846
0 1 10851
0 1 10856
0 1 10861
0 1 10863
0 1 10865
0 1 10867
0 1 10870
0 1 10871
0 1 10874
0 1 10875
0 1 10878
0 1 10880
0 1 10881
0 1 10882
0 1 10883
0 1 10892
0 1 10894
0 1 10899
0 1 10901
0 1 10902
0 1 10905
0 1 10910
0 1 10913
0 1 10918
0 1 10919
0 1 10921
0 1 10923
0 1 10924
0 1 10926
0 1 10927
0 1 10928
0 1 10930
0 1 10931
0 1 10933
0 1 10934
0 1 10938
0 1 10939
0 1 10940
0 1 10941
0 1 10947
0 1 10950
0 1 10951
0 1 10953
0 1 10958
0 1 10960
0 1 10969
0 1 10971
0 1 10973
0 1 10975
0 1 10977
0 1 10980
0 1 10981
0 1 10983
0 1 10991
0 1 10993
0 1 10997
0 1 10998
0 1 11003
0 1 11004
0 1 11007
0 1 11009
0 1 11010
0 1 11012
0 1 11014
0 1 11015
0 1 11017
0 1 11022
0 1 11023
0 1 11024
0 1 11025
0 1 11026
0 1 11027
0 1 11028
0 1 11031
0 1 11035
0 1 11037
0 1 11038
0 1 11040
0 1 11046
0 1 11050
0 1 11052
0 1 11057
0 1 11058
0 1 11060
0 1 11063
0 1 11068
0 1 11072
0 1 11073
0 1 11078
0 1 11079
0 1 11082
0 1 11085
0 1 11088
0 1 11089
0 1 11091
0 1 11092
0 1 11095
0 1 11096
0 1 11097
0 1 11099
0 1 11101
0 1 11106
0 1 11107
0 1 11109
0 1 11110
0 1 11112
0 1 11113
0 1 11116
0 1 11118
0 1 11120
0 1 11122
0 1 11124
0 1 11125
0 1 11127
0 1 11131
0 1 11132
0 1 11133
0 1 11138
0 1 11139
0 1 11141
0 1 11142
0 1 11143
0 1 11144
0 1 11145
0 1 11148
0 1 11149
0 1 11150
0 1 11153
0 1 11154
0 1 11155
0 1 11156
0 1 11159
0 1 11161
0 1 11162
0 1 11163
0 1 11166
0 1 11167
0 1 11168
0 1 11172
0 1 11174
0 1 11175
0 1 11176
0 1 11181
0 1 11182
0 1 11186
0 1 11190
0 1 11192
0 1 11194
0 1 11198
0 1 11199
0 1 11201
0 1 11205
0 1 11206
0 1 11210
0 1 11211
0 1 11217
0 1 11218
0 1 11221
0 1 11224
0 1 11227
0 1 11229
0 1 11230
0 1 11231
0 1 11233
0 1 11234
0 1 11240
0 1 11244
0 1 11250
0 1 11254
0 1 11256
0 1 11259
0 1 11262
0 1 11264
0 1 11265
0 1 11268
0 1 11270
0 1 11271
0 1 11274
0 1 11275
0 1 11276
0 1 11281
0 1 11283
0 1 11289
0 1 11291
0 1 11293
0 1 11294
0 1 11297
0 1 11303
0 1 11306
0 1 11311
0 1 11312
0 1 11313
0 1 11314
0 1 11316
0 1 11319
0 1 11326
0 1 11331
0 1 11333
0 1 11335
0 1 11339
0 1 11341
0 1 11344
0 1 11347
0 1 11348
0 1 11349
0 1 11350
0 1 11353
0 1 11355
0 1 11359
0 1 11360
0 1 11362
0 1 11363
0 1 11364
0 1 11366
0 1 11368
0 1 11374
0 1 11376
0 1 11377
0 1 11378
0 1 11379
0 1 11384
0 1 11385
0 1 11387
0 1 11390
0 1 11391
0 1 11392
0 1 11396
0 1 11401
0 1 11404
0 1 11406
0 1 11408
0 1 11409
0 1 11411
0 1 11412
0 1 11413
0 1 11414
0 1 11415
0 1 11416
0 1 11419
0 1 11424
0 1 11425
0 1 11426
0 1 11427
0 1 11430
0 1 11433
0 1 11434
0 1 11435
0 1 11436
0 1 11437
0 1 11438
0 1 11443
0 1 11445
0 1 11446
0 1 11447
0 1 11456
0 1 11465
0 1 11470
0 1 11473
0 1 11475
0 1 11477
0 1 11478
0 1 11479
0 1 11482
0 1 11484
0 1 11485
0 1 11486
0 1 11489
0 1 11490
0 1 11494
0 1 11495
0 1 11499
0 1 11502
0 1 11509
0 1 11510
0 1 11511
0 1 11512
0 1 11513
0 1 11516
0 1 11518
0 1 11519
0 1 11522
0 1 11523
0 1 11527
0 1 11534
0 1 11537
0 1 11538
0 1 11539
0 1 11540
0 1 11543
0 1 11547
0 1 11549
0 1 11555
0 1 11556
0 1 11559
0 1 11564
0 1 11567
0 1 11568
0 1 11570
0 1 11574
0 1 11576
0 1 11579
0 1 11582
0 1 11590
0 1 11591
0 1 11592
0 1 11593
0 1 11595
0 1 11596
0 1 11597
0 1 11598
0 1 11600
0 1 11602
0 1 11603
0 1 11604
0 1 11605
0 1 11609
0 1 11610
0 1 11611
0 1 11612
0 1 11613
0 1 11614
0 1 11615
0 1 11618
0 1 11627
0 1 11633
0 1 11635
0 1 11636
0 1 11637
0 1 11638
0 1 11640
0 1 11641
0 1 11647
0 1 11648
0 1 11649
0 1 11650
0 1 11657
0 1 11661
0 1 11668
0 1 11674
0 1 11675
0 1 11678
0 1 11680
0 1 11682
0 1 11683
0 1 11686
0 1 11687
0 1 11688
0 1 11692
0 1 11693
0 1 11695
0 1 11696
0 1 11699
0 1 11700
0 1 11702
0 1 11703
0 1 11707
0 1 11709
0 1 11711
0 1 11715
0 1 11717
0 1 11719
0 1 11720
0 1 11723
0 1 11727
0 1 11732
0 1 11734
0 1 11736
0 1 11737
0 1 11738
0 1 11739
0 1 11742
0 1 11743
0 1 11745
0 1 11746
0 1 11748
0 1 11751
0 1 11755
0 1 11758
0 1 11762
0 1 11763
0 1 11765
0 1 11766
0 1 11775
0 1 11776
0 1 11782
0 1 11785
0 1 11789
0 1 11791
0 1 11793
0 1 11796
0 1 11798
0 1 11799
0 1 11801
0 1 11803
0 1 11804
0 1 11810
0 1 11813
0 1 11815
0 1 11816
0 1 11817
0 1 11818
0 1 11822
0 1 11826
0 1 11829
0 1 11832
0 1 11834
0 1 11835
0 1 11837
0 1 11839
0 1 11840
0 1 11841
0 1 11842
0 1 11843
0 1 11845
0 1 11847
0 1 11849
0 1 11851
0 1 11857
0 1 11860
0 1 11861
0 1 11864
0 1 11870
0 1 11872
0 1 11875
0 1 11876
0 1 11880
0 1 11881
0 1 11883
0 1 11884
0 1 11885
0 1 11886
0 1 11887
0 1 11890
0 1 11892
0 1 11893
0 1 11894
0 1 11896
0 1 11899
0 1 11900
0 1 11902
0 1 11903
0 1 11904
0 1 11905
0 1 11906
0 1 11907
0 1 11914
0 1 11915
0 1 11916
0 1 11917
0 1 11919
0 1 11922
0 1 11931
0 1 11932
0 1 11937
0 1 11938
0 1 11940
0 1 11945
0 1 11946
0 1 11947
0 1 11950
0 1 11953
0 1 11954
0 1 11957
0 1 11959
0 1 11963
0 1 11965
0 1 11970
0 1 11971
0 1 11972
0 1 11977
0 1 11983
0 1 11984
0 1 11985
0 1 11986
0 1 11988
0 1 11989
0 1 11990
0 1 11992
0 1 11993
0 1 11994
0 1 11996
0 1 11997
0 1 11999
0 1 12002
0 1 12003
0 1 12004
0 1 12005
0 1 12010
0 1 12013
0 1 12014
0 1 12016
0 1 12020
0 1 12021
0 1 12023
0 1 12026
0 1 12036
0 1 12038
0 1 12039
0 1 12043
0 1 12044
0 1 12045
0 1 12046
0 1 12050
0 1 12053
0 1 12054
0 1 12057
0 1 12058
0 1 12059
0 1 12061
0 1 12063
0 1 12065
0 1 12068
0 1 12070
0 1 12072
0 1 12075
0 1 12077
0 1 12078
0 1 12079
0 1 12081
0 1 12084
0 1 12089
0 1 12092
0 1 12095
0 1 12098
0 1 12100
0 1 12104
0 1 12110
0 1 12111
0 1 12116
0 1 12118
0 1 12120
0 1 12130
0 1 12133
0 1 12142
0 1 12143
0 1 12144
0 1 12145
0 1 12146
0 1 12148
0 1 12150
0 1 12151
0 1 12156
0 1 12157
0 1 12158
0 1 12161
0 1 12162
0 1 12167
0 1 12174
0 1 12175
0 1 12177
0 1 12179
0 1 12180
0 1 12181
0 1 12182
0 1 12183
0 1 12186
0 1 12189
0 1 12193
0 1 12194
0 1 12196
0 1 12201
0 1 12203
0 1 12204
0 1 12205
0 1 12211
0 1 12212
0 1 12213
0 1 12214
0 1 12222
0 1 12225
0 1 12230
0 1 12231
0 1 12232
0 1 12235
0 1 12237
0 1 12239
0 1 12249
0 1 12251
0 1 12252
0 1 12253
0 1 12254
0 1 12257
0 1 12263
0 1 12264
0 1 12265
0 1 12272
0 1 12279
0 1 12281
0 1 12283
0 1 12284
0 1 12285
0 1 12287
0 1 12289
0 1 12293
0 1 12296
0 1 12299
0 1 12301
0 1 12304
0 1 12306
0 1 12310
0 1 12312
0 1 12313
0 1 12314
0 1 12316
0 1 12324
0 1 12326
0 1 12330
0 1 12331
0 1 12332
0 1 12333
0 1 12334
0 1 12335
0 1 12336
0 1 12337
0 1 12338
0 1 12344
0 1 12346
0 1 12347
0 1 12348
0 1 12349
0 1 12352
0 1 12353
0 1 12354
0 1 12356
0 1 12363
0 1 12367
0 1 12368
0 1 12370
0 1 12371
0 1 12372
0 1 12375
0 1 12378
0 1 12379
0 1 12380
0 1 12381
0 1 12384
0 1 12387
0 1 12396
0 1 12402
0 1 12404
0 1 12408
0 1 12410
0 1 12411
0 1 12413
0 1 12419
0 1 12422
0 1 12424
0 1 12425
0 1 12426
0 1 12427
0 1 12428
0 1 12433
0 1 12434
0 1 12436
0 1 12441
0 1 12443
0 1 12448
0 1 12449
0 1 12451
0 1 12457
0 1 12460
0 1 12462
0 1 12463
0 1 12464
0 1 12477
0 1 12480
0 1 12484
0 1 12487
0 1 12488
0 1 12491
0 1 12492
0 1 12493
0 1 12499
0 1 12500
0 1 12504
0 1 12506
0 1 12508
0 1 12510
0 1 12516
0 1 12518
0 1 12519
0 1 12521
0 1 12522
0 1 12523
0 1 12524
0 1 12527
0 1 12528
0 1 12530
0 1 12531
0 1 12532
0 1 12534
0 1 12541
0 1 12542
0 1 12548
0 1 12551
0 1 12554
0 1 12555
0 1 12561
0 1 12562
0 1 12563
0 1 12564
0 1 12565
0 1 12567
0 1 12568
0 1 12570
0 1 12573
0 1 12578
0 1 12581
0 1 12582
0 1 12583
0 1 12585
0 1 12589
0 1 12590
0 1 12591
0 1 12592
0 1 12594
0 1 12598
0 1 12599
0 1 12602
0 1 12603
0 1 12604
0 1 12610
0 1 12611
0 1 12613
0 1 12615
0 1 12617
0 1 12619
0 1 12621
0 1 12622
0 1 12623
0 1 12625
0 1 12627
0 1 12628
0 1 12629
0 1 12635
0 1 12640
0 1 12646
0 1 12647
0 1 12648
0 1 12657
0 1 12659
0 1 12663
0 1 12664
0 1 12667
0 1 12669
0 1 12670
0 1 12671
0 1 12673
0 1 12675
0 1 12677
0 1 12678
0 1 12683
0 1 12685
0 1 12687
0 1 12688
0 1 12691
0 1 12693
0 1 12695
0 1 12696
0 1 12697
0 1 12701
0 1 12704
0 1 12706
0 1 12708
0 1 12709
0 1 12715
0 1 12716
0 1 12718
0 1 12723
0 1 12731
0 1 12732
0 1 12734
0 1 12735
0 1 12737
0 1 12740
0 1 12741
0 1 12742
0 1 12752
0 1 12756
0 1 12757
0 1 12761
0 1 12762
0 1 12764
0 1 12765
0 1 12766
0 1 12768
0 1 12769
0 1 12770
0 1 12773
0 1 12778
0 1 12781
0 1 12782
0 1 12783
0 1 12784
0 1 12785
0 1 12788
0 1 12789
0 1 12790
0 1 12791
0 1 12793
0 1 12796
0 1 12801
0 1 12802
0 1 12804
0 1 12805
0 1 12807
0 1 12808
0 1 12809
0 1 12810
0 1 12811
0 1 12812
0 1 12813
0 1 12815
0 1 12816
0 1 12817
0 1 12819
0 1 12820
0 1 12822
0 1 12825
0 1 12829
0 1 12836
0 1 12837
0 1 12839
0 1 12840
0 1 12842
0 1 12843
0 1 12844
0 1 12850
0 1 12852
0 1 12857
0 1 12858
0 1 12861
0 1 12867
0 1 12869
0 1 12871
0 1 12875
0 1 12876
0 1 12878
0 1 12884
0 1 12886
0 1 12890
0 1 12894
0 1 12895
0 1 12896
0 1 12897
0 1 12899
0 1 12901
0 1 12904
0 1 12910
0 1 12913
0 1 12915
0 1 12916
0 1 12919
0 1 12921
0 1 12924
0 1 12927
0 1 12928
0 1 12929
0 1 12931
0 1 12935
0 1 12943
0 1 12944
0 1 12949
0 1 12955
0 1 12957
0 1 12960
0 1 12961
0 1 12962
0 1 12963
0 1 12965
0 1 12969
0 1 12970
0 1 12975
0 1 12977
0 1 12987
0 1 12991
0 1 12992
0 1 12999
0 1 13001
0 1 13002
0 1 13004
0 1 13006
0 1 13012
0 1 13013
0 1 13014
0 1 13021
0 1 13023
0 1 13024
0 1 13025
0 1 13028
0 1 13033
0 1 13034
0 1 13036
0 1 13037
0 1 13043
0 1 13044
0 1 13045
0 1 13049
0 1 13058
0 1 13064
0 1 13067
0 1 13068
0 1 13071
0 1 13072
0 1 13073
0 1 13075
0 1 13077
0 1 13078
0 1 13080
0 1 13081
0 1 13083
0 1 13084
0 1 13090
0 1 13091
0 1 13096
0 1 13100
0 1 13102
0 1 13103
0 1 13105
0 1 13109
0 1 13111
0 1 13117
0 1 13119
0 1 13122
0 1 13124
0 1 13127
0 1 13130
0 1 13133
0 1 13136
0 1 13137
0 1 13140
0 1 13141
0 1 13145
0 1 13146
0 1 13151
0 1 13152
0 1 13155
0 1 13157
0 1 13165
0 1 13167
0 1 13168
0 1 13169
0 1 13171
0 1 13175
0 1 13178
0 1 13179
0 1 13182
0 1 13183
0 1 13184
0 1 13185
0 1 13187
0 1 13188
0 1 13192
0 1 13193
0 1 13195
0 1 13197
0 1 13198
0 1 13199
0 1 13200
0 1 13203
0 1 13204
0 1 13207
0 1 13210
0 1 13211
0 1 13213
0 1 13215
0 1 13217
0 1 13218
0 1 13220
0 1 13222
0 1 13225
0 1 13226
0 1 13228
0 1 13231
0 1 13232
0 1 13234
0 1 13238
0 1 13240
0 1 13245
0 1 13249
0 1 13252
0 1 13258
0 1 13259
0 1 13260
0 1 13261
0 1 13272
0 1 13274
0 1 13279
0 1 13280
0 1 13283
0 1 13286
0 1 13289
0 1 13291
0 1 13294
0 1 13296
0 1 13301
0 1 13302
0 1 13303
0 1 13308
0 1 13310
0 1 13317
0 1 13319
0 1 13321
0 1 13322
0 1 13323
0 1 13325
0 1 13331
0 1 13334
0 1 13337
0 1 13339
0 1 13340
0 1 13341
0 1 13342
0 1 13350
0 1 13354
0 1 13357
0 1 13359
0 1 13360
0 1 13361
0 1 13364
0 1 13366
0 1 13373
0 1 13374
0 1 13377
0 1 13378
0 1 13380
0 1 13381
0 1 13383
0 1 13384
0 1 13386
0 1 13387
0 1 13390
0 1 13391
0 1 13392
0 1 13395
0 1 13396
0 1 13397
0 1 13401
0 1 13402
0 1 13403
0 1 13404
0 1 13408
0 1 13413
0 1 13415
0 1 13417
0 1 13418
0 1 13419
0 1 13422
0 1 13424
0 1 13431
0 1 13435
0 1 13438
0 1 13439
0 1 13443
0 1 13453
0 1 13455
0 1 13457
0 1 13458
0 1 13459
0 1 13461
0 1 13463
0 1 13465
0 1 13467
0 1 13469
0 1 13471
0 1 13475
0 1 13476
0 1 13479
0 1 13480
0 1 13482
0 1 13484
0 1 13485
0 1 13486
0 1 13499
0 1 13502
0 1 13504
0 1 13506
0 1 13509
0 1 13511
0 1 13512
0 1 13514
0 1 13518
0 1 13523
0 1 13525
0 1 13531
0 1 13533
0 1 13536
0 1 13537
0 1 13538
0 1 13540
0 1 13541
0 1 13542
0 1 13544
0 1 13550
0 1 13551
0 1 13552
0 1 13557
0 1 13558
0 1 13567
0 1 13569
0 1 13573
0 1 13578
0 1 13579
0 1 13580
0 1 13582
0 1 13583
0 1 13584
0 1 13585
0 1 13592
0 1 13594
0 1 13595
0 1 13598
0 1 13605
0 1 13606
0 1 13609
0 1 13616
0 1 13618
0 1 13619
0 1 13622
0 1 13624
0 1 13627
0 1 13628
0 1 13630
0 1 13637
0 1 13638
0 1 13645
0 1 13656
0 1 13662
0 1 13664
0 1 13671
0 1 13672
0 1 13673
0 1 13674
0 1 13677
0 1 13678
0 1 13679
0 1 13680
0 1 13683
0 1 13691
0 1 13693
0 1 13695
0 1 13696
0 1 13699
0 1 13700
0 1 13705
0 1 13706
0 1 13710
0 1 13711
0 1 13713
0 1 13719
0 1 13721
0 1 13722
0 1 13723
0 1 13728
0 1 13729
0 1 13730
0 1 13732
0 1 13733
0 1 13734
0 1 13735
0 1 13736
0 1 13737
0 1 13739
0 1 13741
0 1 13748
0 1 13750
0 1 13752
0 1 13758
0 1 13759
0 1 13762
0 1 13763
0 1 13766
0 1 13768
0 1 13772
0 1 13773
0 1 13774
0 1 13783
0 1 13786
0 1 13787
0 1 13788
0 1 13789
0 1 13790
0 1 13792
0 1 13793
0 1 13794
0 1 13795
0 1 13796
0 1 13799
0 1 13801
0 1 13802
0 1 13803
0 1 13804
0 1 13815
0 1 13817
0 1 13819
0 1 13820
0 1 13821
0 1 13822
0 1 13824
0 1 13828
0 1 13829
0 1 13830
0 1 13832
0 1 13836
0 1 13838
0 1 13839
0 1 13840
0 1 13841
0 1 13842
0 1 13843
0 1 13844
0 1 13854
0 1 13856
0 1 13858
0 1 13859
0 1 13860
0 1 13865
0 1 13867
0 1 13869
0 1 13870
0 1 13872
0 1 13875
0 1 13876
0 1 13879
0 1 13880
0 1 13881
0 1 13882
0 1 13883
0 1 13884
0 1 13885
0 1 13889
0 1 13891
0 1 13893
0 1 13895
0 1 13903
0 1 13904
0 1 13905
0 1 13909
0 1 13910
0 1 13914
0 1 13915
0 1 13916
0 1 13917
0 1 13919
0 1 13929
0 1 13931
0 1 13933
0 1 13934
0 1 13935
0 1 13937
0 1 13943
0 1 13945
0 1 13947
0 1 13949
0 1 13950
0 1 13951
0 1 13952
0 1 13954
0 1 13955
0 1 13957
0 1 13959
0 1 13961
0 1 13962
0 1 13963
0 1 13968
0 1 13970
0 1 13971
0 1 13972
0 1 13973
0 1 13975
0 1 13976
0 1 13979
0 1 13982
0 1 13985
0 1 13987
0 1 13999
0 1 14003
0 1 14004
0 1 14005
0 1 14008
0 1 14009
0 1 14014
0 1 14015
0 1 14016
0 1 14019
0 1 14020
0 1 14023
0 1 14025
0 1 14027
0 1 14028
0 1 14029
0 1 14030
0 1 14032
0 1 14038
0 1 14039
0 1 14040
0 1 14041
0 1 14042
0 1 14046
0 1 14047
0 1 14058
0 1 14068
0 1 14073
0 1 14077
0 1 14078
0 1 14079
0 1 14080
0 1 14081
0 1 14082
0 1 14084
0 1 14093
0 1 14095
0 1 14096
0 1 14097
0 1 14099
0 1 14101
0 1 14108
0 1 14109
0 1 14110
0 1 14111
0 1 14113
0 1 14115
0 1 14116
0 1 14118
0 1 14120
0 1 14126
0 1 14127
0 1 14128
0 1 14130
0 1 14135
0 1 14136
0 1 14137
0 1 14140
0 1 14143
0 1 14144
0 1 14150
0 1 14151
0 1 14152
0 1 14153
0 1 14157
0 1 14158
0 1 14159
0 1 14160
0 1 14161
0 1 14163
0 1 14165
0 1 14167
0 1 14169
0 1 14173
0 1 14176
0 1 14177
0 1 14186
0 1 14187
0 1 14188
0 1 14190
0 1 14191
0 1 14193
0 1 14196
0 1 14198
0 1 14201
0 1 14202
0 1 14207
0 1 14209
0 1 14211
0 1 14212
0 1 14213
0 1 14214
0 1 14217
0 1 14222
0 1 14223
0 1 14228
0 1 14230
0 1 14232
0 1 14233
0 1 14234
0 1 14237
0 1 14238
0 1 14241
0 1 14244
0 1 14245
0 1 14246
0 1 14248
0 1 14249
0 1 14250
0 1 14252
0 1 14253
0 1 14258
0 1 14259
0 1 14260
0 1 14261
0 1 14266
0 1 14274
0 1 14275
0 1 14279
0 1 14285
0 1 14287
0 1 14288
0 1 14289
0 1 14292
0 1 14294
0 1 14295
0 1 14296
0 1 14297
0 1 14300
0 1 14306
0 1 14308
0 1 14309
0 1 14310
0 1 14311
0 1 14312
0 1 14314
0 1 14315
0 1 14318
0 1 14320
0 1 14321
0 1 14325
0 1 14327
0 1 14331
0 1 14333
0 1 14334
0 1 14339
0 1 14341
0 1 14343
0 1 14345
0 1 14348
0 1 14349
0 1 14350
0 1 14352
0 1 14356
0 1 14360
0 1 14361
0 1 14362
0 1 14367
0 1 14368
0 1 14371
0 1 14372
0 1 14373
0 1 14374
0 1 14376
0 1 14382
0 1 14383
0 1 14384
0 1 14385
0 1 14386
0 1 14388
0 1 14392
0 1 14404
0 1 14407
0 1 14413
0 1 14414
0 1 14417
0 1 14419
0 1 14422
0 1 14423
0 1 14428
0 1 14429
0 1 14430
0 1 14431
0 1 14432
0 1 14437
0 1 14439
0 1 14440
0 1 14444
0 1 14446
0 1 14447
0 1 14449
0 1 14451
0 1 14452
0 1 14454
0 1 14456
0 1 14459
0 1 14464
0 1 14466
0 1 14469
0 1 14473
0 1 14474
0 1 14475
0 1 14478
0 1 14479
0 1 14485
0 1 14486
0 1 14489
0 1 14490
0 1 14491
0 1 14492
0 1 14493
0 1 14494
0 1 14495
0 1 14497
0 1 14500
0 1 14501
0 1 14502
0 1 14503
0 1 14504
0 1 14505
0 1 14508
0 1 14514
0 1 14515
0 1 14516
0 1 14520
0 1 14521
0 1 14522
0 1 14523
0 1 14528
0 1 14529
0 1 14531
0 1 14532
0 1 14533
0 1 14538
0 1 14541
0 1 14542
0 1 14543
0 1 14544
0 1 14546
0 1 14547
0 1 14548
0 1 14549
0 1 14550
0 1 14554
0 1 14555
0 1 14559
0 1 14562
0 1 14564
0 1 14567
0 1 14571
0 1 14574
0 1 14580
0 1 14582
0 1 14587
0 1 14593
0 1 14594
0 1 14600
0 1 14601
0 1 14606
0 1 14607
0 1 14608
0 1 14609
0 1 14611
0 1 14617
0 1 14619
0 1 14624
0 1 14625
0 1 14626
0 1 14627
0 1 14629
0 1 14630
0 1 14631
0 1 14635
0 1 14637
0 1 14647
0 1 14650
0 1 14651
0 1 14653
0 1 14654
0 1 14655
0 1 14659
0 1 14665
0 1 14667
0 1 14668
0 1 14669
0 1 14670
0 1 14671
0 1 14673
0 1 14678
0 1 14679
0 1 14685
0 1 14687
0 1 14689
0 1 14694
0 1 14695
0 1 14697
0 1 14699
0 1 14700
0 1 14704
0 1 14706
0 1 14707
0 1 14708
0 1 14709
0 1 14711
0 1 14714
0 1 14715
0 1 14716
0 1 14719
0 1 14720
0 1 14726
0 1 14727
0 1 14736
0 1 14737
0 1 14738
0 1 14744
0 1 14746
0 1 14748
0 1 14750
0 1 14751
0 1 14767
0 1 14768
0 1 14769
0 1 14773
0 1 14777
0 1 14780
0 1 14781
0 1 14782
0 1 14786
0 1 14789
0 1 14792
0 1 14796
0 1 14797
0 1 14798
0 1 14800
0 1 14802
0 1 14803
0 1 14807
0 1 14808
0 1 14813
0 1 14814
0 1 14816
0 1 14821
0 1 14824
0 1 14826
0 1 14828
0 1 14829
0 1 14830
0 1 14838
0 1 14839
0 1 14840
0 1 14841
0 1 14842
0 1 14852
0 1 14856
0 1 14860
0 1 14863
0 1 14866
0 1 14867
0 1 14870
0 1 14879
0 1 14880
0 1 14885
0 1 14890
0 1 14892
0 1 14895
0 1 14897
0 1 14898
0 1 14899
0 1 14900
0 1 14903
0 1 14906
0 1 14908
0 1 14910
0 1 14913
0 1 14915
0 1 14916
0 1 14917
0 1 14923
0 1 14925
0 1 14928
0 1 14933
0 1 14934
0 1 14935
0 1 14938
0 1 14939
0 1 14948
0 1 14949
0 1 14950
0 1 14956
0 1 14957
0 1 14960
0 1 14961
0 1 14963
0 1 14964
0 1 14965
0 1 14967
0 1 14970
0 1 14973
0 1 14974
0 1 14977
0 1 14978
0 1 14979
0 1 14982
0 1 14983
0 1 14986
0 1 14989
0 1 14992
0 1 15007
0 1 15009
0 1 15010
0 1 15013
0 1 15015
0 1 15017
0 1 15022
0 1 15023
0 1 15025
0 1 15029
0 1 15032
0 1 15033
0 1 15034
0 1 15037
0 1 15040
0 1 15042
0 1 15043
0 1 15044
0 1 15046
0 1 15047
0 1 15050
0 1 15051
0 1 15054
0 1 15056
0 1 15057
0 1 15060
0 1 15061
0 1 15062
0 1 15064
0 1 15068
0 1 15069
0 1 15071
0 1 15074
0 1 15076
0 1 15078
0 1 15080
0 1 15081
0 1 15084
0 1 15086
0 1 15094
0 1 15095
0 1 15097
0 1 15102
0 1 15103
0 1 15109
0 1 15112
0 1 15116
0 1 15118
0 1 15119
0 1 15121
0 1 15123
0 1 15124
0 1 15127
0 1 15128
0 1 15129
0 1 15130
0 1 15131
0 1 15133
0 1 15134
0 1 15135
0 1 15139
0 1 15144
0 1 15147
0 1 15150
0 1 15151
0 1 15156
0 1 15164
0 1 15172
0 1 15174
0 1 15176
0 1 15178
0 1 15179
0 1 15183
0 1 15184
0 1 15185
0 1 15186
0 1 15189
0 1 15190
0 1 15192
0 1 15199
0 1 15200
0 1 15205
0 1 15206
0 1 15208
0 1 15210
0 1 15211
0 1 15215
0 1 15216
0 1 15219
0 1 15223
0 1 15228
0 1 15232
0 1 15233
0 1 15234
0 1 15236
0 1 15237
0 1 15239
0 1 15241
0 1 15245
0 1 15246
0 1 15247
0 1 15248
0 1 15251
0 1 15253
0 1 15256
0 1 15260
0 1 15262
0 1 15265
0 1 15269
0 1 15273
0 1 15274
0 1 15276
0 1 15279
0 1 15282
0 1 15288
0 1 15290
0 1 15298
0 1 15299
0 1 15301
0 1 15302
0 1 15304
0 1 15306
0 1 15308
0 1 15311
0 1 15312
0 1 15318
0 1 15323
0 1 15324
0 1 15325
0 1 15327
0 1 15328
0 1 15331
0 1 15341
0 1 15343
0 1 15344
0 1 15350
0 1 15360
0 1 15364
0 1 15366
0 1 15367
0 1 15369
0 1 15372
0 1 15374
0 1 15375
0 1 15377
0 1 15388
0 1 15394
0 1 15395
0 1 15400
0 1 15401
0 1 15402
0 1 15404
0 1 15406
0 1 15408
0 1 15409
0 1 15411
0 1 15412
0 1 15414
0 1 15416
0 1 15418
0 1 15421
0 1 15423
0 1 15429
0 1 15430
0 1 15432
0 1 15433
0 1 15434
0 1 15435
0 1 15439
0 1 15445
0 1 15446
0 1 15447
0 1 15450
0 1 15454
0 1 15460
0 1 15461
0 1 15471
0 1 15474
0 1 15476
0 1 15477
0 1 15480
0 1 15487
0 1 15492
0 1 15494
0 1 15495
0 1 15498
0 1 15502
0 1 15504
0 1 15507
0 1 15508
0 1 15509
0 1 15511
0 1 15512
0 1 15514
0 1 15515
0 1 15520
0 1 15521
0 1 15525
0 1 15530
0 1 15531
0 1 15533
0 1 15534
0 1 15545
0 1 15548
0 1 15549
0 1 15550
0 1 15551
0 1 15552
0 1 15553
0 1 15556
0 1 15559
0 1 15561
0 1 15563
0 1 15570
0 1 15571
0 1 15573
0 1 15578
0 1 15580
0 1 15582
0 1 15586
0 1 15589
0 1 15590
0 1 15592
0 1 15593
0 1 15598
0 1 15607
0 1 15609
0 1 15610
0 1 15611
0 1 15612
0 1 15614
0 1 15615
0 1 15619
0 1 15620
0 1 15626
0 1 15632
0 1 15634
0 1 15636
0 1 15637
0 1 15638
0 1 15642
0 1 15647
0 1 15648
0 1 15651
0 1 15654
0 1 15655
0 1 15658
0 1 15662
0 1 15671
0 1 15674
0 1 15676
0 1 15677
0 1 15679
0 1 15683
0 1 15685
0 1 15689
0 1 15693
0 1 15697
0 1 15702
0 1 15706
0 1 15708
0 1 15710
0 1 15713
0 1 15715
0 1 15718
0 1 15720
0 1 15724
0 1 15725
0 1 15726
0 1 15727
0 1 15729
0 1 15734
0 1 15735
0 1 15736
0 1 15741
0 1 15745
0 1 15747
0 1 15748
0 1 15749
0 1 15753
0 1 15755
0 1 15756
0 1 15757
0 1 15760
0 1 15762
0 1 15766
0 1 15767
0 1 15769
0 1 15770
0 1 15774
0 1 15777
0 1 15779
0 1 15780
0 1 15782
0 1 15784
0 1 15787
0 1 15788
0 1 15789
0 1 15792
0 1 15793
0 1 15795
0 1 15798
0 1 15799
0 1 15801
0 1 15802
0 1 15803
0 1 15808
0 1 15809
0 1 15810
0 1 15817
0 1 15820
0 1 15821
0 1 15823
0 1 15827
0 1 15831
0 1 15832
0 1 15833
0 1 15835
0 1 15837
0 1 15840
0 1 15841
0 1 15843
0 1 15847
0 1 15848
0 1 15849
0 1 15856
0 1 15859
0 1 15864
0 1 15866
0 1 15868
0 1 15870
0 1 15871
0 1 15872
0 1 15874
0 1 15878
0 1 15882
0 1 15891
0 1 15892
0 1 15893
0 1 15894
0 1 15896
0 1 15905
0 1 15906
0 1 15909
0 1 15911
0 1 15913
0 1 15917
0 1 15920
0 1 15923
0 1 15927
0 1 15929
0 1 15930
0 1 15933
0 1 15936
0 1 15937
0 1 15940
0 1 15941
0 1 15944
0 1 15946
0 1 15948
0 1 15949
0 1 15951
0 1 15958
0 1 15959
0 1 15960
0 1 15965
0 1 15966
0 1 15969
0 1 15973
0 1 15975
0 1 15977
0 1 15981
0 1 15982
0 1 15984
0 1 15986
0 1 15990
0 1 15993
0 1 15995
0 1 15997
0 1 16004
0 1 16010
0 1 16011
0 1 16016
0 1 16025
0 1 16027
0 1 16035
0 1 16037
0 1 16040
0 1 16042
0 1 16044
0 1 16046
0 1 16049
0 1 16050
0 1 16051
0 1 16052
0 1 16054
0 1 16058
0 1 16067
0 1 16068
0 1 16072
0 1 16073
0 1 16074
0 1 16078
0 1 16079
0 1 16080
0 1 16081
0 1 16087
0 1 16089
0 1 16090
0 1 16091
0 1 16093
0 1 16095
0 1 16096
0 1 16097
0 1 16098
0 1 16099
0 1 16100
0 1 16103
0 1 16104
0 1 16105
0 1 16106
0 1 16107
0 1 16109
0 1 16111
0 1 16112
0 1 16113
0 1 16114
0 1 16115
0 1 16116
0 1 16117
0 1 16119
0 1 16121
0 1 16123
0 1 16124
0 1 16125
0 1 16127
0 1 16129
0 1 16130
0 1 16131
0 1 16133
0 1 16138
0 1 16142
0 1 16143
0 1 16145
0 1 16147
0 1 16149
0 1 16151
0 1 16155
0 1 16160
0 1 16162
0 1 16165
0 1 16166
0 1 16167
0 1 16168
0 1 16169
0 1 16171
0 1 16173
0 1 16174
0 1 16179
0 1 16185
0 1 16187
0 1 16189
0 1 16190
0 1 16194
0 1 16197
0 1 16200
0 1 16203
0 1 16205
0 1 16210
0 1 16211
0 1 16212
0 1 16218
0 1 16221
0 1 16226
0 1 16227
0 1 16229
0 1 16239
0 1 16241
0 1 16244
0 1 16245
0 1 16252
0 1 16257
0 1 16258
0 1 16260
0 1 16262
0 1 16263
0 1 16264
0 1 16270
0 1 16279
0 1 16282
0 1 16283
0 1 16284
0 1 16291
0 1 16293
0 1 16294
0 1 16295
0 1 16297
0 1 16299
0 1 16301
0 1 16304
0 1 16305
0 1 16306
0 1 16309
0 1 16312
0 1 16315
0 1 16317
0 1 16318
0 1 16319
0 1 16321
0 1 16323
0 1 16330
0 1 16331
0 1 16332
0 1 16333
0 1 16336
0 1 16338
0 1 16340
0 1 16342
0 1 16344
0 1 16345
0 1 16357
0 1 16360
0 1 16362
0 1 16364
0 1 16371
0 1 16374
0 1 16375
0 1 16376
0 1 16377
0 1 16380
0 1 16388
0 1 16394
0 1 16395
0 1 16396
0 1 16397
0 1 16402
0 1 16403
0 1 16404
0 1 16405
0 1 16407
0 1 16411
0 1 16412
0 1 16413
0 1 16415
0 1 16420
0 1 16423
0 1 16425
0 1 16428
0 1 16430
0 1 16432
0 1 16433
0 1 16436
0 1 16438
0 1 16439
0 1 16442
0 1 16448
0 1 16454
0 1 16455
0 1 16456
0 1 16463
0 1 16464
0 1 16466
0 1 16469
0 1 16472
0 1 16473
0 1 16474
0 1 16477
0 1 16481
0 1 16485
0 1 16486
0 1 16492
0 1 16494
0 1 16495
0 1 16496
0 1 16498
0 1 16499
0 1 16501
0 1 16509
0 1 16514
0 1 16519
0 1 16522
0 1 16523
0 1 16524
0 1 16525
0 1 16529
0 1 16535
0 1 16536
0 1 16537
0 1 16543
0 1 16546
0 1 16547
0 1 16548
0 1 16550
0 1 16557
0 1 16561
0 1 16562
0 1 16563
0 1 16564
0 1 16571
0 1 16572
0 1 16577
0 1 16581
0 1 16583
0 1 16584
0 1 16585
0 1 16591
0 1 16593
0 1 16595
0 1 16596
0 1 16599
0 1 16600
0 1 16602
0 1 16606
0 1 16607
0 1 16608
0 1 16609
0 1 16612
0 1 16616
0 1 16619
0 1 16620
0 1 16622
0 1 16626
0 1 16627
0 1 16628
0 1 16633
0 1 16635
0 1 16639
0 1 16644
0 1 16645
0 1 16646
0 1 16647
0 1 16649
0 1 16652
0 1 16654
0 1 16660
0 1 16661
0 1 16666
0 1 16674
0 1 16677
0 1 16680
0 1 16682
0 1 16686
0 1 16687
0 1 16688
0 1 16690
0 1 16692
0 1 16693
0 1 16697
0 1 16698
0 1 16699
0 1 16700
0 1 16701
0 1 16702
0 1 16704
0 1 16705
0 1 16706
0 1 16710
0 1 16711
0 1 16713
0 1 16720
0 1 16723
0 1 16724
0 1 16727
0 1 16732
0 1 16734
0 1 16735
0 1 16736
0 1 16737
0 1 16740
0 1 16741
0 1 16742
0 1 16743
0 1 16744
0 1 16746
0 1 16748
0 1 16752
0 1 16753
0 1 16754
0 1 16755
0 1 16756
0 1 16757
0 1 16758
0 1 16761
0 1 16762
0 1 16764
0 1 16767
0 1 16768
0 1 16769
0 1 16770
0 1 16771
0 1 16772
0 1 16774
0 1 16775
0 1 16776
0 1 16777
0 1 16778
0 1 16780
0 1 16781
0 1 16782
0 1 16790
0 1 16791
0 1 16793
0 1 16798
0 1 16799
0 1 16805
0 1 16806
0 1 16811
0 1 16819
0 1 16822
0 1 16823
0 1 16824
0 1 16826
0 1 16827
0 1 16830
0 1 16833
0 1 16836
0 1 16839
0 1 16840
0 1 16841
0 1 16842
0 1 16844
0 1 16852
0 1 16855
0 1 16857
0 1 16858
0 1 16864
0 1 16865
0 1 16870
0 1 16871
0 1 16872
0 1 16877
0 1 16879
0 1 16880
0 1 16887
0 1 16892
0 1 16903
0 1 16904
0 1 16905
0 1 16907
0 1 16908
0 1 16911
0 1 16912
0 1 16913
0 1 16914
0 1 16917
0 1 16919
0 1 16920
0 1 16921
0 1 16922
0 1 16924
0 1 16929
0 1 16937
0 1 16938
0 1 16940
0 1 16941
0 1 16944
0 1 16947
0 1 16950
0 1 16951
0 1 16954
0 1 16955
0 1 16956
0 1 16957
0 1 16958
0 1 16968
0 1 16970
0 1 16974
0 1 16976
0 1 16978
0 1 16981
0 1 16982
0 1 16987
0 1 16989
0 1 16991
0 1 16993
0 1 16994
0 1 16995
0 1 16996
0 1 16998
0 1 17002
0 1 17004
0 1 17006
0 1 17008
0 1 17009
0 1 17010
0 1 17011
0 1 17012
0 1 17013
0 1 17015
0 1 17017
0 1 17024
0 1 17026
0 1 17029
0 1 17030
0 1 17031
0 1 17032
0 1 17040
0 1 17041
0 1 17042
0 1 17043
0 1 17046
0 1 17047
0 1 17048
0 1 17050
0 1 17051
0 1 17052
0 1 17053
0 1 17056
0 1 17058
0 1 17060
0 1 17062
0 1 17063
0 1 17065
0 1 17071
0 1 17072
0 1 17073
0 1 17074
0 1 17075
0 1 17081
0 1 17084
0 1 17085
0 1 17086
0 1 17090
0 1 17091
0 1 17092
0 1 17095
0 1 17101
0 1 17103
0 1 17108
0 1 17109
0 1 17111
0 1 17114
0 1 17116
0 1 17129
0 1 17131
0 1 17132
0 1 17135
0 1 17136
0 1 17138
0 1 17141
0 1 17148
0 1 17150
0 1 17151
0 1 17154
0 1 17155
0 1 17157
0 1 17158
0 1 17164
0 1 17165
0 1 17168
0 1 17169
0 1 17172
0 1 17176
0 1 17179
0 1 17182
0 1 17186
0 1 17187
0 1 17189
0 1 17190
0 1 17191
0 1 17192
0 1 17195
0 1 17198
0 1 17199
0 1 17200
0 1 17201
0 1 17205
0 1 17207
0 1 17208
0 1 17212
0 1 17216
0 1 17220
0 1 17222
0 1 17223
0 1 17224
0 1 17225
0 1 17229
0 1 17230
0 1 17231
0 1 17235
0 1 17236
0 1 17239
0 1 17241
0 1 17244
0 1 17245
0 1 17246
0 1 17253
0 1 17256
0 1 17258
0 1 17262
0 1 17266
0 1 17269
0 1 17270
0 1 17272
0 1 17274
0 1 17275
0 1 17277
0 1 17279
0 1 17283
0 1 17287
0 1 17288
0 1 17297
0 1 17298
0 1 17301
0 1 17303
0 1 17305
0 1 17306
0 1 17308
0 1 17310
0 1 17313
0 1 17316
0 1 17317
0 1 17319
0 1 17320
0 1 17321
0 1 17322
0 1 17328
0 1 17329
0 1 17330
0 1 17332
0 1 17334
0 1 17335
0 1 17339
0 1 17342
0 1 17345
0 1 17349
0 1 17355
0 1 17356
0 1 17366
0 1 17367
0 1 17371
0 1 17372
0 1 17373
0 1 17374
0 1 17378
0 1 17379
0 1 17387
0 1 17388
0 1 17389
0 1 17394
0 1 17402
0 1 17412
0 1 17413
0 1 17414
0 1 17418
0 1 17419
0 1 17422
0 1 17424
0 1 17427
0 1 17431
0 1 17435
0 1 17438
0 1 17439
0 1 17441
0 1 17442
0 1 17446
0 1 17447
0 1 17458
0 1 17459
0 1 17460
0 1 17461
0 1 17462
0 1 17463
0 1 17464
0 1 17465
0 1 17467
0 1 17468
0 1 17472
0 1 17477
0 1 17478
0 1 17480
0 1 17481
0 1 17485
0 1 17486
0 1 17487
0 1 17492
0 1 17501
0 1 17503
0 1 17504
0 1 17505
0 1 17507
0 1 17510
0 1 17511
0 1 17513
0 1 17515
0 1 17516
0 1 17517
0 1 17518
0 1 17523
0 1 17525
0 1 17526
0 1 17529
0 1 17533
0 1 17534
0 1 17537
0 1 17539
0 1 17540
0 1 17544
0 1 17545
0 1 17546
0 1 17549
0 1 17551
0 1 17555
0 1 17556
0 1 17557
0 1 17560
0 1 17561
0 1 17562
0 1 17565
0 1 17566
0 1 17567
0 1 17571
0 1 17572
0 1 17573
0 1 17578
0 1 17579
0 1 17582
0 1 17589
0 1 17590
0 1 17591
0 1 17593
0 1 17597
0 1 17601
0 1 17605
0 1 17620
0 1 17622
0 1 17623
0 1 17626
0 1 17628
0 1 17632
0 1 17633
0 1 17634
0 1 17636
0 1 17640
0 1 17641
0 1 17642
0 1 17644
0 1 17645
0 1 17650
0 1 17653
0 1 17658
0 1 17660
0 1 17661
0 1 17662
0 1 17664
0 1 17665
0 1 17672
0 1 17674
0 1 17679
0 1 17681
0 1 17682
0 1 17684
0 1 17687
0 1 17689
0 1 17690
0 1 17694
0 1 17696
0 1 17697
0 1 17698
0 1 17699
0 1 17703
0 1 17705
0 1 17707
0 1 17708
0 1 17711
0 1 17712
0 1 17713
0 1 17714
0 1 17715
0 1 17716
0 1 17717
0 1 17719
0 1 17722
0 1 17723
0 1 17731
0 1 17733
0 1 17734
0 1 17735
0 1 17737
0 1 17738
0 1 17741
0 1 17746
0 1 17747
0 1 17753
0 1 17755
0 1 17756
0 1 17757
0 1 17761
0 1 17762
0 1 17763
0 1 17764
0 1 17766
0 1 17770
0 1 17771
0 1 17772
0 1 17773
0 1 17774
0 1 17777
0 1 17781
0 1 17782
0 1 17785
0 1 17790
0 1 17791
0 1 17795
0 1 17796
0 1 17799
0 1 17800
0 1 17801
0 1 17805
0 1 17810
0 1 17817
0 1 17822
0 1 17823
0 1 17825
0 1 17832
0 1 17833
0 1 17834
0 1 17839
0 1 17840
0 1 17848
0 1 17850
0 1 17854
0 1 17855
0 1 17857
0 1 17860
0 1 17861
0 1 17862
0 1 17863
0 1 17865
0 1 17866
0 1 17876
0 1 17881
0 1 17882
0 1 17884
0 1 17885
0 1 17886
0 1 17890
0 1 17892
0 1 17893
0 1 17896
0 1 17899
0 1 17900
0 1 17901
0 1 17902
0 1 17903
0 1 17905
0 1 17910
0 1 17911
0 1 17913
0 1 17914
0 1 17916
0 1 17918
0 1 17921
0 1 17922
0 1 17923
0 1 17924
0 1 17925
0 1 17926
0 1 17930
0 1 17931
0 1 17932
0 1 17936
0 1 17939
0 1 17941
0 1 17947
0 1 17949
0 1 17953
0 1 17956
0 1 17958
0 1 17959
0 1 17960
0 1 17961
0 1 17964
0 1 17965
0 1 17969
0 1 17974
0 1 17975
0 1 17980
0 1 17981
0 1 17983
0 1 17984
0 1 17987
0 1 17989
0 1 17990
0 1 17993
0 1 17994
0 1 17995
0 1 17996
0 1 18001
0 1 18002
0 1 18004
0 1 18006
0 1 18007
0 1 18009
0 1 18013
0 1 18015
0 1 18016
0 1 18017
0 1 18018
0 1 18021
0 1 18023
0 1 18024
0 1 18028
0 1 18029
0 1 18030
0 1 18032
0 1 18040
0 1 18041
0 1 18042
0 1 18044
0 1 18045
0 1 18047
0 1 18048
0 1 18051
0 1 18054
0 1 18057
0 1 18058
0 1 18059
0 1 18063
0 1 18068
0 1 18070
0 1 18072
0 1 18075
0 1 18077
0 1 18078
0 1 18081
0 1 18085
0 1 18086
0 1 18087
0 1 18090
0 1 18092
0 1 18095
0 1 18097
0 1 18101
0 1 18105
0 1 18115
0 1 18118
0 1 18121
0 1 18124
0 1 18126
0 1 18128
0 1 18131
0 1 18132
0 1 18134
0 1 18138
0 1 18139
0 1 18145
0 1 18149
0 1 18151
0 1 18156
0 1 18157
0 1 18158
0 1 18161
0 1 18162
0 1 18167
0 1 18169
0 1 18170
0 1 18172
0 1 18177
0 1 18180
0 1 18181
0 1 18182
0 1 18185
0 1 18186
0 1 18188
0 1 18191
0 1 18193
0 1 18195
0 1 18196
0 1 18199
0 1 18204
0 1 18206
0 1 18207
0 1 18212
0 1 18213
0 1 18217
0 1 18219
0 1 18220
0 1 18221
0 1 18223
0 1 18224
0 1 18225
0 1 18226
0 1 18231
0 1 18232
0 1 18233
0 1 18235
0 1 18236
0 1 18238
0 1 18240
0 1 18241
0 1 18247
0 1 18253
0 1 18254
0 1 18255
0 1 18258
0 1 18261
0 1 18263
0 1 18264
0 1 18265
0 1 18274
0 1 18281
0 1 18282
0 1 18283
0 1 18287
0 1 18291
0 1 18293
0 1 18295
0 1 18301
0 1 18303
0 1 18307
0 1 18308
0 1 18309
0 1 18310
0 1 18313
0 1 18315
0 1 18316
0 1 18317
0 1 18318
0 1 18319
0 1 18321
0 1 18322
0 1 18327
0 1 18328
0 1 18333
0 1 18338
0 1 18339
0 1 18343
0 1 18346
0 1 18354
0 1 18355
0 1 18361
0 1 18363
0 1 18364
0 1 18372
0 1 18374
0 1 18377
0 1 18379
0 1 18382
0 1 18388
0 1 18390
0 1 18392
0 1 18395
0 1 18401
0 1 18404
0 1 18405
0 1 18406
0 1 18407
0 1 18409
0 1 18410
0 1 18412
0 1 18418
0 1 18419
0 1 18422
0 1 18423
0 1 18424
0 1 18427
0 1 18429
0 1 18430
0 1 18434
0 1 18436
0 1 18439
0 1 18442
0 1 18449
0 1 18450
0 1 18453
0 1 18455
0 1 18458
0 1 18459
0 1 18460
0 1 18461
0 1 18463
0 1 18470
0 1 18475
0 1 18476
0 1 18481
0 1 18483
0 1 18485
0 1 18486
0 1 18487
0 1 18488
0 1 18489
0 1 18492
0 1 18493
0 1 18495
0 1 18497
0 1 18500
0 1 18503
0 1 18506
0 1 18508
0 1 18510
0 1 18515
0 1 18518
0 1 18519
0 1 18521
0 1 18528
0 1 18529
0 1 18531
0 1 18533
0 1 18535
0 1 18540
0 1 18546
0 1 18547
0 1 18557
0 1 18561
0 1 18562
0 1 18563
0 1 18564
0 1 18565
0 1 18567
0 1 18569
0 1 18571
0 1 18576
0 1 18577
0 1 18580
0 1 18581
0 1 18588
0 1 18589
0 1 18595
0 1 18596
0 1 18598
0 1 18599
0 1 18600
0 1 18601
0 1 18603
0 1 18605
0 1 18611
0 1 18614
0 1 18615
0 1 18616
0 1 18617
0 1 18619
0 1 18621
0 1 18623
0 1 18624
0 1 18628
0 1 18629
0 1 18630
0 1 18633
0 1 18634
0 1 18635
0 1 18637
0 1 18638
0 1 18640
0 1 18641
0 1 18642
0 1 18644
0 1 18646
0 1 18647
0 1 18648
0 1 18649
0 1 18652
0 1 18653
0 1 18658
0 1 18661
0 1 18662
0 1 18666
0 1 18672
0 1 18674
0 1 18675
0 1 18677
0 1 18678
0 1 18688
0 1 18689
0 1 18693
0 1 18694
0 1 18697
0 1 18698
0 1 18706
0 1 18707
0 1 18708
0 1 18712
0 1 18713
0 1 18714
0 1 18722
0 1 18723
0 1 18724
0 1 18728
0 1 18731
0 1 18734
0 1 18735
0 1 18739
0 1 18740
0 1 18741
0 1 18749
0 1 18751
0 1 18761
0 1 18766
0 1 18769
0 1 18770
0 1 18778
0 1 18782
0 1 18788
0 1 18789
0 1 18790
0 1 18792
0 1 18794
0 1 18796
0 1 18802
0 1 18804
0 1 18806
0 1 18808
0 1 18810
0 1 18812
0 1 18814
0 1 18816
0 1 18817
0 1 18819
0 1 18820
0 1 18823
0 1 18825
0 1 18829
0 1 18831
0 1 18833
0 1 18835
0 1 18837
0 1 18842
0 1 18845
0 1 18846
0 1 18847
0 1 18848
0 1 18852
0 1 18855
0 1 18857
0 1 18865
0 1 18867
0 1 18870
0 1 18879
0 1 18882
0 1 18883
0 1 18884
0 1 18886
0 1 18887
0 1 18888
0 1 18892
0 1 18894
0 1 18896
0 1 18897
0 1 18900
0 1 18901
0 1 18907
0 1 18908
0 1 18910
0 1 18911
0 1 18912
0 1 18913
0 1 18914
0 1 18915
0 1 18916
0 1 18917
0 1 18918
0 1 18924
0 1 18926
0 1 18929
0 1 18931
0 1 18932
0 1 18938
0 1 18942
0 1 18943
0 1 18944
0 1 18945
0 1 18946
0 1 18949
0 1 18950
0 1 18952
0 1 18954
0 1 18955
0 1 18956
0 1 18960
0 1 18961
0 1 18964
0 1 18969
0 1 18970
0 1 18971
0 1 18978
0 1 18988
0 1 18993
0 1 18994
0 1 18998
0 1 19000
0 1 19001
0 1 19004
0 1 19005
0 1 19006
0 1 19007
0 1 19012
0 1 19015
0 1 19017
0 1 19018
0 1 19019
0 1 19020
0 1 19021
0 1 19023
0 1 19028
0 1 19029
0 1 19030
0 1 19031
0 1 19032
0 1 19036
0 1 19041
0 1 19042
0 1 19043
0 1 19044
0 1 19046
0 1 19048
0 1 19050
0 1 19051
0 1 19052
0 1 19053
0 1 19054
0 1 19055
0 1 19056
0 1 19058
0 1 19060
0 1 19062
0 1 19063
0 1 19068
0 1 19069
0 1 19070
0 1 19071
0 1 19072
0 1 19077
0 1 19081
0 1 19082
0 1 19083
0 1 19086
0 1 19088
0 1 19099
0 1 19102
0 1 19108
0 1 19116
0 1 19121
0 1 19124
0 1 19127
0 1 19128
0 1 19133
0 1 19135
0 1 19136
0 1 19137
0 1 19139
0 1 19143
0 1 19145
0 1 19147
0 1 19149
0 1 19150
0 1 19151
0 1 19154
0 1 19155
0 1 19160
0 1 19161
0 1 19165
0 1 19172
0 1 19175
0 1 19184
0 1 19185
0 1 19186
0 1 19188
0 1 19191
0 1 19199
0 1 19201
0 1 19203
0 1 19206
0 1 19207
0 1 19208
0 1 19212
0 1 19213
0 1 19214
0 1 19222
0 1 19226
0 1 19228
0 1 19231
0 1 19238
0 1 19243
0 1 19244
0 1 19245
0 1 19247
0 1 19248
0 1 19249
0 1 19250
0 1 19251
0 1 19255
0 1 19256
0 1 19262
0 1 19268
0 1 19272
0 1 19275
0 1 19277
0 1 19278
0 1 19279
0 1 19284
0 1 19287
0 1 19289
0 1 19293
0 1 19294
0 1 19295
0 1 19296
0 1 19304
0 1 19305
0 1 19308
0 1 19317
0 1 19320
0 1 19322
0 1 19324
0 1 19329
0 1 19335
0 1 19343
0 1 19348
0 1 19352
0 1 19354
0 1 19356
0 1 19359
0 1 19360
0 1 19362
0 1 19363
0 1 19368
0 1 19371
0 1 19372
0 1 19376
0 1 19377
0 1 19378
0 1 19381
0 1 19382
0 1 19384
0 1 19389
0 1 19390
0 1 19391
0 1 19393
0 1 19398
0 1 19401
0 1 19402
0 1 19403
0 1 19405
0 1 19406
0 1 19408
0 1 19414
0 1 19415
0 1 19417
0 1 19418
0 1 19419
0 1 19421
0 1 19422
0 1 19423
0 1 19430
0 1 19432
0 1 19434
0 1 19440
0 1 19444
0 1 19445
0 1 19455
0 1 19456
0 1 19457
0 1 19460
0 1 19462
0 1 19464
0 1 19466
0 1 19467
0 1 19469
0 1 19470
0 1 19480
0 1 19484
0 1 19487
0 1 19488
0 1 19490
0 1 19491
0 1 19492
0 1 19495
0 1 19496
0 1 19498
0 1 19500
0 1 19503
0 1 19504
0 1 19508
0 1 19509
0 1 19510
0 1 19511
0 1 19514
0 1 19517
0 1 19524
0 1 19526
0 1 19528
0 1 19534
0 1 19535
0 1 19537
0 1 19538
0 1 19539
0 1 19542
0 1 19548
0 1 19551
0 1 19552
0 1 19554
0 1 19555
0 1 19557
0 1 19558
0 1 19559
0 1 19563
0 1 19564
0 1 19566
0 1 19573
0 1 19574
0 1 19575
0 1 19578
0 1 19582
0 1 19583
0 1 19585
0 1 19597
0 1 19599
0 1 19600
0 1 19602
0 1 19605
0 1 19607
0 1 19609
0 1 19610
0 1 19611
0 1 19614
0 1 19615
0 1 19616
0 1 19617
0 1 19618
0 1 19620
0 1 19623
0 1 19625
0 1 19630
0 1 19631
0 1 19632
0 1 19634
0 1 19638
0 1 19639
0 1 19641
0 1 19643
0 1 19644
0 1 19651
0 1 19654
0 1 19655
0 1 19656
0 1 19658
0 1 19662
0 1 19663
0 1 19665
0 1 19666
0 1 19668
0 1 19670
0 1 19676
0 1 19680
0 1 19681
0 1 19682
0 1 19684
0 1 19685
0 1 19688
0 1 19698
0 1 19704
0 1 19705
0 1 19707
0 1 19708
0 1 19711
0 1 19715
0 1 19716
0 1 19718
0 1 19722
0 1 19723
0 1 19724
0 1 19725
0 1 19726
0 1 19729
0 1 19730
0 1 19731
0 1 19732
0 1 19734
0 1 19735
0 1 19739
0 1 19741
0 1 19744
0 1 19745
0 1 19746
0 1 19747
0 1 19748
0 1 19753
0 1 19754
0 1 19755
0 1 19756
0 1 19759
0 1 19760
0 1 19769
0 1 19772
0 1 19773
0 1 19777
0 1 19778
0 1 19779
0 1 19780
0 1 19781
0 1 19782
0 1 19783
0 1 19786
0 1 19787
0 1 19788
0 1 19791
0 1 19792
0 1 19794
0 1 19795
0 1 19799
0 1 19800
0 1 19801
0 1 19806
0 1 19807
0 1 19809
0 1 19811
0 1 19814
0 1 19815
0 1 19817
0 1 19819
0 1 19820
0 1 19824
0 1 19826
0 1 19827
0 1 19830
0 1 19833
0 1 19834
0 1 19837
0 1 19842
0 1 19843
0 1 19851
0 1 19855
0 1 19856
0 1 19858
0 1 19859
0 1 19861
0 1 19863
0 1 19865
0 1 19868
0 1 19869
0 1 19879
0 1 19882
0 1 19883
0 1 19887
0 1 19888
0 1 19890
0 1 19892
0 1 19893
0 1 19896
0 1 19897
0 1 19900
0 1 19903
0 1 19904
0 1 19907
0 1 19909
0 1 19910
0 1 19913
0 1 19920
0 1 19921
0 1 19922
0 1 19930
0 1 19934
0 1 19936
0 1 19937
0 1 19938
0 1 19942
0 1 19943
0 1 19949
0 1 19952
0 1 19954
0 1 19955
0 1 19957
0 1 19960
0 1 19961
0 1 19964
0 1 19966
0 1 19968
0 1 19974
0 1 19975
0 1 19976
0 1 19978
0 1 19980
0 1 19981
0 1 19983
0 1 19984
0 1 19986
0 1 19988
0 1 19991
0 1 19994
0 1 19998
0 1 19999
0 1 20003
0 1 20011
0 1 20012
0 1 20014
0 1 20018
0 1 20019
0 1 20020
0 1 20021
0 1 20023
0 1 20025
0 1 20030
0 1 20033
0 1 20036
0 1 20037
0 1 20040
0 1 20042
0 1 20046
0 1 20049
0 1 20053
0 1 20054
0 1 20056
0 1 20062
0 1 20063
0 1 20064
0 1 20067
0 1 20068
0 1 20069
0 1 20071
0 1 20072
0 1 20073
0 1 20075
0 1 20079
0 1 20084
0 1 20089
0 1 20092
0 1 20093
0 1 20094
0 1 20100
0 1 20108
0 1 20113
0 1 20114
0 1 20115
0 1 20116
0 1 20117
0 1 20119
0 1 20123
0 1 20125
0 1 20126
0 1 20127
0 1 20132
0 1 20133
0 1 20134
0 1 20135
0 1 20136
0 1 20137
0 1 20140
0 1 20141
0 1 20142
0 1 20144
0 1 20148
0 1 20150
0 1 20152
0 1 20155
0 1 20158
0 1 20159
0 1 20162
0 1 20165
0 1 20170
0 1 20172
0 1 20173
0 1 20175
0 1 20178
0 1 20180
0 1 20183
0 1 20184
0 1 20185
0 1 20186
0 1 20188
0 1 20190
0 1 20191
0 1 20193
0 1 20194
0 1 20195
0 1 20196
0 1 20199
0 1 20202
0 1 20204
0 1 20205
0 1 20206
0 1 20209
0 1 20210
0 1 20217
0 1 20218
0 1 20220
0 1 20221
0 1 20222
0 1 20224
0 1 20225
0 1 20227
0 1 20230
0 1 20233
0 1 20235
0 1 20236
0 1 20239
0 1 20243
0 1 20245
0 1 20246
0 1 20253
0 1 20257
0 1 20262
0 1 20264
0 1 20267
0 1 20268
0 1 20269
0 1 20272
0 1 20274
0 1 20275
0 1 20276
0 1 20277
0 1 20279
0 1 20280
0 1 20281
0 1 20283
0 1 20284
0 1 20286
0 1 20292
0 1 20294
0 1 20297
0 1 20298
0 1 20305
0 1 20307
0 1 20309
0 1 20311
0 1 20313
0 1 20316
0 1 20317
0 1 20322
0 1 20324
0 1 20325
0 1 20328
0 1 20329
0 1 20332
0 1 20335
0 1 20336
0 1 20338
0 1 20340
0 1 20343
0 1 20344
0 1 20345
0 1 20346
0 1 20347
0 1 20349
0 1 20352
0 1 20356
0 1 20358
0 1 20359
0 1 20360
0 1 20362
0 1 20365
0 1 20367
0 1 20370
0 1 20377
0 1 20380
0 1 20381
0 1 20382
0 1 20384
0 1 20385
0 1 20387
0 1 20399
0 1 20400
0 1 20407
0 1 20409
0 1 20410
0 1 20411
0 1 20414
0 1 20416
0 1 20419
0 1 20420
0 1 20423
0 1 20424
0 1 20426
0 1 20427
0 1 20443
0 1 20444
0 1 20445
0 1 20448
0 1 20452
0 1 20457
0 1 20458
0 1 20460
0 1 20463
0 1 20471
0 1 20473
0 1 20475
0 1 20477
0 1 20479
0 1 20482
0 1 20484
0 1 20485
0 1 20488
0 1 20490
0 1 20492
0 1 20495
0 1 20496
0 1 20498
0 1 20501
0 1 20505
0 1 20508
0 1 20510
0 1 20511
0 1 20513
0 1 20514
0 1 20516
0 1 20517
0 1 20518
0 1 20519
0 1 20525
0 1 20526
0 1 20527
0 1 20528
0 1 20533
0 1 20537
0 1 20538
0 1 20543
0 1 20546
0 1 20549
0 1 20551
0 1 20557
0 1 20558
0 1 20559
0 1 20561
0 1 20563
0 1 20564
0 1 20566
0 1 20567
0 1 20569
0 1 20572
0 1 20573
0 1 20574
0 1 20576
0 1 20577
0 1 20579
0 1 20582
0 1 20583
0 1 20584
0 1 20585
0 1 20592
0 1 20593
0 1 20594
0 1 20595
0 1 20597
0 1 20599
0 1 20601
0 1 20613
0 1 20615
0 1 20619
0 1 20620
0 1 20622
0 1 20624
0 1 20625
0 1 20635
0 1 20636
0 1 20639
0 1 20640
0 1 20641
0 1 20643
0 1 20648
0 1 20654
0 1 20655
0 1 20657
0 1 20658
0 1 20660
0 1 20665
0 1 20667
0 1 20674
0 1 20675
0 1 20677
0 1 20678
0 1 20681
0 1 20682
0 1 20684
0 1 20685
0 1 20689
0 1 20690
0 1 20693
0 1 20696
0 1 20699
0 1 20707
0 1 20708
0 1 20709
0 1 20714
0 1 20715
0 1 20721
0 1 20724
0 1 20725
0 1 20727
0 1 20728
0 1 20732
0 1 20734
0 1 20735
0 1 20736
0 1 20737
0 1 20738
0 1 20739
0 1 20742
0 1 20743
0 1 20746
0 1 20754
0 1 20757
0 1 20764
0 1 20766
0 1 20769
0 1 20771
0 1 20773
0 1 20774
0 1 20776
0 1 20779
0 1 20781
0 1 20793
0 1 20796
0 1 20800
0 1 20804
0 1 20806
0 1 20807
0 1 20808
0 1 20810
0 1 20811
0 1 20812
0 1 20817
0 1 20819
0 1 20823
0 1 20829
0 1 20830
0 1 20832
0 1 20835
0 1 20837
0 1 20839
0 1 20840
0 1 20846
0 1 20849
0 1 20853
0 1 20856
0 1 20857
0 1 20858
0 1 20865
0 1 20874
0 1 20877
0 1 20878
0 1 20880
0 1 20881
0 1 20882
0 1 20887
0 1 20888
0 1 20890
0 1 20894
0 1 20897
0 1 20898
0 1 20904
0 1 20917
0 1 20918
0 1 20926
0 1 20929
0 1 20930
0 1 20933
0 1 20934
0 1 20938
0 1 20941
0 1 20944
0 1 20945
0 1 20950
0 1 20953
0 1 20960
0 1 20962
0 1 20964
0 1 20969
0 1 20971
0 1 20976
0 1 20978
0 1 20980
0 1 20981
0 1 20983
0 1 20984
0 1 20986
0 1 20987
0 1 20990
0 1 20991
0 1 20993
0 1 20997
0 1 20999
0 1 21003
0 1 21004
0 1 21007
0 1 21010
0 1 21011
0 1 21012
0 1 21015
0 1 21018
0 1 21019
0 1 21020
0 1 21024
0 1 21026
0 1 21027
0 1 21028
0 1 21030
0 1 21032
0 1 21033
0 1 21034
0 1 21035
0 1 21036
0 1 21037
0 1 21043
0 1 21048
0 1 21051
0 1 21052
0 1 21054
0 1 21055
0 1 21062
0 1 21064
0 1 21066
0 1 21068
0 1 21073
0 1 21077
0 1 21079
0 1 21080
0 1 21081
0 1 21083
0 1 21085
0 1 21086
0 1 21087
0 1 21088
0 1 21089
0 1 21090
0 1 21092
0 1 21093
0 1 21095
0 1 21096
0 1 21098
0 1 21099
0 1 21103
0 1 21106
0 1 21109
0 1 21112
0 1 21113
0 1 21115
0 1 21116
0 1 21118
0 1 21123
0 1 21124
0 1 21125
0 1 21127
0 1 21131
0 1 21133
0 1 21135
0 1 21136
0 1 21139
0 1 21140
0 1 21141
0 1 21143
0 1 21144
0 1 21149
0 1 21150
0 1 21154
0 1 21158
0 1 21160
0 1 21161
0 1 21164
0 1 21169
0 1 21171
0 1 21174
0 1 21177
0 1 21181
0 1 21183
0 1 21187
0 1 21193
0 1 21195
0 1 21207
0 1 21208
0 1 21209
0 1 21211
0 1 21214
0 1 21215
0 1 21230
0 1 21234
0 1 21240
0 1 21244
0 1 21245
0 1 21248
0 1 21249
0 1 21250
0 1 21252
0 1 21256
0 1 21260
0 1 21262
0 1 21263
0 1 21265
0 1 21267
0 1 21273
0 1 21274
0 1 21275
0 1 21279
0 1 21280
0 1 21283
0 1 21284
0 1 21286
0 1 21287
0 1 21288
0 1 21289
0 1 21290
0 1 21295
0 1 21297
0 1 21300
0 1 21301
0 1 21303
0 1 21305
0 1 21306
0 1 21308
0 1 21313
0 1 21314
0 1 21318
0 1 21327
0 1 21330
0 1 21338
0 1 21340
0 1 21342
0 1 21345
0 1 21346
0 1 21351
0 1 21353
0 1 21354
0 1 21355
0 1 21357
0 1 21365
0 1 21370
0 1 21373
0 1 21378
0 1 21379
0 1 21388
0 1 21390
0 1 21392
0 1 21394
0 1 21397
0 1 21402
0 1 21404
0 1 21406
0 1 21408
0 1 21411
0 1 21413
0 1 21414
0 1 21415
0 1 21416
0 1 21417
0 1 21421
0 1 21422
0 1 21423
0 1 21424
0 1 21428
0 1 21429
0 1 21438
0 1 21439
0 1 21441
0 1 21443
0 1 21444
0 1 21445
0 1 21446
0 1 21447
0 1 21449
0 1 21450
0 1 21451
0 1 21457
0 1 21458
0 1 21459
0 1 21462
0 1 21464
0 1 21468
0 1 21470
0 1 21471
0 1 21472
0 1 21473
0 1 21474
0 1 21476
0 1 21478
0 1 21482
0 1 21486
0 1 21489
0 1 21495
0 1 21496
0 1 21499
0 1 21502
0 1 21506
0 1 21508
0 1 21511
0 1 21514
0 1 21515
0 1 21517
0 1 21520
0 1 21532
0 1 21536
0 1 21537
0 1 21538
0 1 21541
0 1 21542
0 1 21543
0 1 21544
0 1 21546
0 1 21549
0 1 21550
0 1 21551
0 1 21554
0 1 21555
0 1 21558
0 1 21559
0 1 21560
0 1 21565
0 1 21566
0 1 21571
0 1 21577
0 1 21578
0 1 21579
0 1 21582
0 1 21584
0 1 21587
0 1 21590
0 1 21594
0 1 21597
0 1 21601
0 1 21603
0 1 21604
0 1 21605
0 1 21606
0 1 21607
0 1 21609
0 1 21610
0 1 21612
0 1 21614
0 1 21615
0 1 21616
0 1 21619
0 1 21622
0 1 21625
0 1 21628
0 1 21631
0 1 21633
0 1 21637
0 1 21639
0 1 21641
0 1 21643
0 1 21646
0 1 21651
0 1 21654
0 1 21655
0 1 21658
0 1 21659
0 1 21661
0 1 21669
0 1 21673
0 1 21674
0 1 21676
0 1 21677
0 1 21680
0 1 21682
0 1 21683
0 1 21684
0 1 21686
0 1 21687
0 1 21689
0 1 21691
0 1 21693
0 1 21694
0 1 21695
0 1 21696
0 1 21701
0 1 21705
0 1 21707
0 1 21713
0 1 21716
0 1 21717
0 1 21719
0 1 21720
0 1 21722
0 1 21726
0 1 21727
0 1 21728
0 1 21733
0 1 21734
0 1 21735
0 1 21736
0 1 21737
0 1 21738
0 1 21744
0 1 21748
0 1 21751
0 1 21753
0 1 21762
0 1 21764
0 1 21769
0 1 21770
0 1 21774
0 1 21775
0 1 21776
0 1 21777
0 1 21778
0 1 21779
0 1 21780
0 1 21783
0 1 21785
0 1 21787
0 1 21792
0 1 21793
0 1 21794
0 1 21795
0 1 21801
0 1 21802
0 1 21803
0 1 21806
0 1 21808
0 1 21810
0 1 21814
0 1 21816
0 1 21817
0 1 21819
0 1 21821
0 1 21822
0 1 21828
0 1 21829
0 1 21831
0 1 21832
0 1 21833
0 1 21835
0 1 21839
0 1 21841
0 1 21842
0 1 21843
0 1 21845
0 1 21846
0 1 21847
0 1 21856
0 1 21857
0 1 21863
0 1 21865
0 1 21866
0 1 21868
0 1 21871
0 1 21873
0 1 21875
0 1 21877
0 1 21884
0 1 21887
0 1 21889
0 1 21890
0 1 21892
0 1 21893
0 1 21894
0 1 21895
0 1 21903
0 1 21906
0 1 21908
0 1 21911
0 1 21916
0 1 21918
0 1 21922
0 1 21928
0 1 21937
0 1 21938
0 1 21940
0 1 21947
0 1 21954
0 1 21957
0 1 21960
0 1 21962
0 1 21963
0 1 21967
0 1 21969
0 1 21970
0 1 21971
0 1 21973
0 1 21977
0 1 21984
0 1 21988
0 1 21989
0 1 21994
0 1 21995
0 1 21996
0 1 21998
0 1 22001
0 1 22006
0 1 22007
0 1 22010
0 1 22011
0 1 22013
0 1 22018
0 1 22019
0 1 22020
0 1 22033
0 1 22034
0 1 22041
0 1 22042
0 1 22043
0 1 22044
0 1 22045
0 1 22048
0 1 22049
0 1 22050
0 1 22055
0 1 22058
0 1 22059
0 1 22062
0 1 22063
0 1 22064
0 1 22066
0 1 22069
0 1 22074
0 1 22077
0 1 22078
0 1 22079
0 1 22080
0 1 22081
0 1 22084
0 1 22085
0 1 22086
0 1 22087
0 1 22088
0 1 22089
0 1 22092
0 1 22096
0 1 22102
0 1 22103
0 1 22104
0 1 22106
0 1 22110
0 1 22113
0 1 22115
0 1 22118
0 1 22123
0 1 22124
0 1 22126
0 1 22127
0 1 22129
0 1 22131
0 1 22136
0 1 22137
0 1 22142
0 1 22145
0 1 22147
0 1 22150
0 1 22155
0 1 22156
0 1 22158
0 1 22160
0 1 22163
0 1 22165
0 1 22166
0 1 22168
0 1 22171
0 1 22172
0 1 22175
0 1 22179
0 1 22180
0 1 22181
0 1 22186
0 1 22187
0 1 22194
0 1 22198
0 1 22200
0 1 22206
0 1 22208
0 1 22209
0 1 22210
0 1 22211
0 1 22213
0 1 22214
0 1 22215
0 1 22217
0 1 22219
0 1 22221
0 1 22222
0 1 22223
0 1 22224
0 1 22226
0 1 22233
0 1 22234
0 1 22238
0 1 22239
0 1 22240
0 1 22242
0 1 22244
0 1 22245
0 1 22246
0 1 22247
0 1 22249
0 1 22250
0 1 22253
0 1 22255
0 1 22259
0 1 22260
0 1 22264
0 1 22265
0 1 22266
0 1 22269
0 1 22270
0 1 22271
0 1 22273
0 1 22274
0 1 22276
0 1 22280
0 1 22282
0 1 22286
0 1 22293
0 1 22294
0 1 22301
0 1 22307
0 1 22308
0 1 22310
0 1 22311
0 1 22316
0 1 22320
0 1 22323
0 1 22324
0 1 22325
0 1 22327
0 1 22333
0 1 22337
0 1 22342
0 1 22343
0 1 22345
0 1 22348
0 1 22350
0 1 22358
0 1 22361
0 1 22364
0 1 22365
0 1 22366
0 1 22368
0 1 22371
0 1 22372
0 1 22374
0 1 22378
0 1 22379
0 1 22381
0 1 22384
0 1 22386
0 1 22388
0 1 22392
0 1 22394
0 1 22395
0 1 22397
0 1 22401
0 1 22403
0 1 22404
0 1 22405
0 1 22406
0 1 22407
0 1 22411
0 1 22412
0 1 22413
0 1 22416
0 1 22418
0 1 22419
0 1 22425
0 1 22427
0 1 22428
0 1 22429
0 1 22430
0 1 22434
0 1 22440
0 1 22444
0 1 22446
0 1 22449
0 1 22453
0 1 22458
0 1 22462
0 1 22471
0 1 22472
0 1 22473
0 1 22474
0 1 22475
0 1 22476
0 1 22477
0 1 22480
0 1 22485
0 1 22491
0 1 22494
0 1 22495
0 1 22499
0 1 22501
0 1 22506
0 1 22509
0 1 22510
0 1 22514
0 1 22519
0 1 22520
0 1 22522
0 1 22526
0 1 22527
0 1 22528
0 1 22531
0 1 22532
0 1 22533
0 1 22537
0 1 22542
0 1 22546
0 1 22548
0 1 22549
0 1 22552
0 1 22553
0 1 22554
0 1 22556
0 1 22557
0 1 22558
0 1 22559
0 1 22567
0 1 22568
0 1 22569
0 1 22572
0 1 22574
0 1 22576
0 1 22578
0 1 22579
0 1 22581
0 1 22583
0 1 22584
0 1 22586
0 1 22590
0 1 22591
0 1 22595
0 1 22596
0 1 22599
0 1 22601
0 1 22603
0 1 22609
0 1 22612
0 1 22614
0 1 22615
0 1 22618
0 1 22619
0 1 22621
0 1 22625
0 1 22626
0 1 22628
0 1 22632
0 1 22635
0 1 22638
0 1 22645
0 1 22646
0 1 22648
0 1 22649
0 1 22650
0 1 22652
0 1 22653
0 1 22656
0 1 22658
0 1 22661
0 1 22662
0 1 22664
0 1 22667
0 1 22668
0 1 22670
0 1 22671
0 1 22672
0 1 22677
0 1 22680
0 1 22681
0 1 22683
0 1 22686
0 1 22691
0 1 22692
0 1 22694
0 1 22696
0 1 22699
0 1 22702
0 1 22703
0 1 22705
0 1 22706
0 1 22707
0 1 22708
0 1 22709
0 1 22711
0 1 22712
0 1 22715
0 1 22718
0 1 22719
0 1 22721
0 1 22723
0 1 22726
0 1 22728
0 1 22730
0 1 22731
0 1 22735
0 1 22737
0 1 22740
0 1 22742
0 1 22743
0 1 22745
0 1 22746
0 1 22750
0 1 22752
0 1 22753
0 1 22754
0 1 22759
0 1 22760
0 1 22762
0 1 22765
0 1 22767
0 1 22768
0 1 22770
0 1 22771
0 1 22773
0 1 22774
0 1 22775
0 1 22779
0 1 22783
0 1 22785
0 1 22786
0 1 22789
0 1 22793
0 1 22795
0 1 22796
0 1 22799
0 1 22804
0 1 22805
0 1 22806
0 1 22810
0 1 22813
0 1 22814
0 1 22816
0 1 22822
0 1 22824
0 1 22825
0 1 22826
0 1 22830
0 1 22832
0 1 22837
0 1 22841
0 1 22843
0 1 22844
0 1 22845
0 1 22846
0 1 22847
0 1 22848
0 1 22850
0 1 22851
0 1 22852
0 1 22855
0 1 22856
0 1 22858
0 1 22860
0 1 22863
0 1 22864
0 1 22868
0 1 22869
0 1 22872
0 1 22873
0 1 22875
0 1 22877
0 1 22880
0 1 22882
0 1 22883
0 1 22884
0 1 22886
0 1 22888
0 1 22889
0 1 22890
0 1 22893
0 1 22895
0 1 22898
0 1 22899
0 1 22900
0 1 22905
0 1 22906
0 1 22907
0 1 22909
0 1 22910
0 1 22913
0 1 22914
0 1 22920
0 1 22921
0 1 22928
0 1 22929
0 1 22930
0 1 22932
0 1 22933
0 1 22934
0 1 22941
0 1 22947
0 1 22948
0 1 22949
0 1 22952
0 1 22954
0 1 22955
0 1 22956
0 1 22960
0 1 22961
0 1 22963
0 1 22965
0 1 22968
0 1 22969
0 1 22975
0 1 22976
0 1 22985
0 1 22989
0 1 22991
0 1 22995
0 1 23000
0 1 23001
0 1 23003
0 1 23006
0 1 23011
0 1 23013
0 1 23015
0 1 23017
0 1 23020
0 1 23022
0 1 23026
0 1 23028
0 1 23029
0 1 23030
0 1 23031
0 1 23032
0 1 23033
0 1 23034
0 1 23035
0 1 23037
0 1 23038
0 1 23049
0 1 23052
0 1 23056
0 1 23057
0 1 23058
0 1 23059
0 1 23060
0 1 23062
0 1 23063
0 1 23066
0 1 23070
0 1 23071
0 1 23074
0 1 23075
0 1 23076
0 1 23080
0 1 23082
0 1 23084
0 1 23085
0 1 23087
0 1 23093
0 1 23096
0 1 23099
0 1 23101
0 1 23106
0 1 23107
0 1 23109
0 1 23111
0 1 23112
0 1 23113
0 1 23117
0 1 23120
0 1 23122
0 1 23123
0 1 23126
0 1 23136
0 1 23139
0 1 23141
0 1 23144
0 1 23145
0 1 23150
0 1 23153
0 1 23155
0 1 23156
0 1 23157
0 1 23160
0 1 23162
0 1 23163
0 1 23168
0 1 23171
0 1 23173
0 1 23175
0 1 23180
0 1 23182
0 1 23184
0 1 23194
0 1 23197
0 1 23199
0 1 23200
0 1 23201
0 1 23202
0 1 23205
0 1 23211
0 1 23212
0 1 23217
0 1 23220
0 1 23221
0 1 23222
0 1 23223
0 1 23227
0 1 23228
0 1 23230
0 1 23233
0 1 23235
0 1 23236
0 1 23242
0 1 23244
0 1 23246
0 1 23247
0 1 23248
0 1 23254
0 1 23255
0 1 23257
0 1 23262
0 1 23265
0 1 23266
0 1 23267
0 1 23268
0 1 23271
0 1 23275
0 1 23277
0 1 23278
0 1 23281
0 1 23283
0 1 23287
0 1 23290
0 1 23291
0 1 23295
0 1 23297
0 1 23299
0 1 23300
0 1 23301
0 1 23302
0 1 23304
0 1 23305
0 1 23307
0 1 23310
0 1 23311
0 1 23315
0 1 23317
0 1 23319
0 1 23321
0 1 23325
0 1 23327
0 1 23330
0 1 23332
0 1 23334
0 1 23337
0 1 23340
0 1 23341
0 1 23345
0 1 23347
0 1 23348
0 1 23353
0 1 23355
0 1 23357
0 1 23359
0 1 23361
0 1 23363
0 1 23365
0 1 23366
0 1 23367
0 1 23372
0 1 23375
0 1 23376
0 1 23377
0 1 23380
0 1 23382
0 1 23384
0 1 23385
0 1 23390
0 1 23392
0 1 23393
0 1 23400
0 1 23403
0 1 23405
0 1 23406
0 1 23407
0 1 23409
0 1 23416
0 1 23417
0 1 23420
0 1 23424
0 1 23432
0 1 23436
0 1 23439
0 1 23440
0 1 23442
0 1 23443
0 1 23446
0 1 23448
0 1 23449
0 1 23452
0 1 23453
0 1 23455
0 1 23456
0 1 23457
0 1 23460
0 1 23463
0 1 23464
0 1 23469
0 1 23470
0 1 23472
0 1 23473
0 1 23476
0 1 23478
0 1 23479
0 1 23484
0 1 23488
0 1 23490
0 1 23491
0 1 23493
0 1 23495
0 1 23496
0 1 23498
0 1 23508
0 1 23510
0 1 23512
0 1 23516
0 1 23524
0 1 23525
0 1 23527
0 1 23529
0 1 23532
0 1 23534
0 1 23535
0 1 23537
0 1 23538
0 1 23539
0 1 23543
0 1 23545
0 1 23547
0 1 23548
0 1 23553
0 1 23554
0 1 23558
0 1 23559
0 1 23561
0 1 23563
0 1 23564
0 1 23565
0 1 23569
0 1 23575
0 1 23576
0 1 23580
0 1 23582
0 1 23583
0 1 23584
0 1 23586
0 1 23587
0 1 23589
0 1 23590
0 1 23593
0 1 23596
0 1 23597
0 1 23598
0 1 23599
0 1 23600
0 1 23601
0 1 23603
0 1 23604
0 1 23605
0 1 23606
0 1 23612
0 1 23613
0 1 23617
0 1 23618
0 1 23621
0 1 23623
0 1 23625
0 1 23628
0 1 23630
0 1 23634
0 1 23642
0 1 23643
0 1 23645
0 1 23649
0 1 23651
0 1 23652
0 1 23656
0 1 23658
0 1 23661
0 1 23662
0 1 23665
0 1 23667
0 1 23675
0 1 23678
0 1 23682
0 1 23683
0 1 23685
0 1 23686
0 1 23688
0 1 23689
0 1 23691
0 1 23692
0 1 23696
0 1 23699
0 1 23700
0 1 23701
0 1 23704
0 1 23706
0 1 23709
0 1 23712
0 1 23713
0 1 23714
0 1 23717
0 1 23719
0 1 23723
0 1 23724
0 1 23726
0 1 23727
0 1 23728
0 1 23731
0 1 23733
0 1 23736
0 1 23738
0 1 23742
0 1 23746
0 1 23748
0 1 23753
0 1 23755
0 1 23757
0 1 23758
0 1 23759
0 1 23760
0 1 23761
0 1 23762
0 1 23763
0 1 23764
0 1 23765
0 1 23766
0 1 23773
0 1 23775
0 1 23777
0 1 23779
0 1 23780
0 1 23782
0 1 23784
0 1 23786
0 1 23789
0 1 23791
0 1 23798
0 1 23801
0 1 23802
0 1 23804
0 1 23805
0 1 23809
0 1 23813
0 1 23816
0 1 23818
0 1 23822
0 1 23823
0 1 23826
0 1 23827
0 1 23831
0 1 23835
0 1 23837
0 1 23842
0 1 23843
0 1 23845
0 1 23846
0 1 23850
0 1 23852
0 1 23855
0 1 23856
0 1 23859
0 1 23860
0 1 23861
0 1 23862
0 1 23863
0 1 23864
0 1 23871
0 1 23874
0 1 23875
0 1 23877
0 1 23879
0 1 23881
0 1 23883
0 1 23888
0 1 23889
0 1 23890
0 1 23895
0 1 23901
0 1 23902
0 1 23903
0 1 23904
0 1 23905
0 1 23912
0 1 23913
0 1 23915
0 1 23917
0 1 23918
0 1 23920
0 1 23922
0 1 23926
0 1 23928
0 1 23932
0 1 23934
0 1 23935
0 1 23936
0 1 23937
0 1 23939
0 1 23940
0 1 23941
0 1 23942
0 1 23945
0 1 23950
0 1 23952
0 1 23962
0 1 23964
0 1 23965
0 1 23966
0 1 23967
0 1 23971
0 1 23977
0 1 23982
0 1 23984
0 1 23986
0 1 23988
0 1 23989
0 1 23992
0 1 23995
0 1 23998
0 1 24001
0 1 24002
0 1 24004
0 1 24005
0 1 24007
0 1 24009
0 1 24010
0 1 24011
0 1 24012
0 1 24013
0 1 24016
0 1 24019
0 1 24022
0 1 24025
0 1 24030
0 1 24031
0 1 24034
0 1 24036
0 1 24038
0 1 24039
0 1 24041
0 1 24048
0 1 24052
0 1 24054
0 1 24057
0 1 24058
0 1 24059
0 1 24062
0 1 24063
0 1 24064
0 1 24065
0 1 24069
0 1 24071
0 1 24077
0 1 24078
0 1 24079
0 1 24080
0 1 24081
0 1 24082
0 1 24085
0 1 24093
0 1 24098
0 1 24103
0 1 24104
0 1 24107
0 1 24108
0 1 24110
0 1 24112
0 1 24114
0 1 24115
0 1 24116
0 1 24122
0 1 24126
0 1 24127
0 1 24128
0 1 24130
0 1 24135
0 1 24136
0 1 24137
0 1 24145
0 1 24146
0 1 24150
0 1 24153
0 1 24156
0 1 24158
0 1 24160
0 1 24162
0 1 24167
0 1 24172
0 1 24176
0 1 24178
0 1 24179
0 1 24181
0 1 24183
0 1 24187
0 1 24191
0 1 24193
0 1 24196
0 1 24201
0 1 24203
0 1 24205
0 1 24211
0 1 24212
0 1 24221
0 1 24225
0 1 24228
0 1 24232
0 1 24233
0 1 24234
0 1 24237
0 1 24241
0 1 24244
0 1 24246
0 1 24248
0 1 24251
0 1 24256
0 1 24258
0 1 24261
0 1 24267
0 1 24268
0 1 24269
0 1 24271
0 1 24272
0 1 24275
0 1 24280
0 1 24281
0 1 24283
0 1 24284
0 1 24288
0 1 24289
0 1 24293
0 1 24300
0 1 24301
0 1 24307
0 1 24309
0 1 24310
0 1 24311
0 1 24315
0 1 24316
0 1 24324
0 1 24326
0 1 24330
0 1 24331
0 1 24333
0 1 24335
0 1 24337
0 1 24341
0 1 24343
0 1 24345
0 1 24346
0 1 24347
0 1 24355
0 1 24360
0 1 24362
0 1 24363
0 1 24369
0 1 24373
0 1 24376
0 1 24377
0 1 24378
0 1 24379
0 1 24380
0 1 24382
0 1 24386
0 1 24389
0 1 24391
0 1 24392
0 1 24393
0 1 24394
0 1 24400
0 1 24408
0 1 24415
0 1 24417
0 1 24419
0 1 24420
0 1 24421
0 1 24427
0 1 24432
0 1 24433
0 1 24434
0 1 24436
0 1 24440
0 1 24441
0 1 24443
0 1 24444
0 1 24446
0 1 24447
0 1 24448
0 1 24449
0 1 24450
0 1 24454
0 1 24455
0 1 24458
0 1 24461
0 1 24462
0 1 24463
0 1 24464
0 1 24465
0 1 24466
0 1 24467
0 1 24468
0 1 24469
0 1 24470
0 1 24471
0 1 24472
0 1 24473
0 1 24474
0 1 24478
0 1 24479
0 1 24482
0 1 24484
0 1 24487
0 1 24492
0 1 24493
0 1 24495
0 1 24497
0 1 24499
0 1 24500
0 1 24501
0 1 24505
0 1 24507
0 1 24508
0 1 24512
0 1 24513
0 1 24514
0 1 24519
0 1 24521
0 1 24523
0 1 24525
0 1 24535
0 1 24538
0 1 24541
0 1 24543
0 1 24544
0 1 24545
0 1 24549
0 1 24550
0 1 24551
0 1 24554
0 1 24555
0 1 24561
0 1 24569
0 1 24575
0 1 24577
0 1 24582
0 1 24587
0 1 24588
0 1 24590
0 1 24595
0 1 24600
0 1 24602
0 1 24603
0 1 24604
0 1 24605
0 1 24606
0 1 24609
0 1 24611
0 1 24612
0 1 24615
0 1 24617
0 1 24618
0 1 24621
0 1 24623
0 1 24624
0 1 24635
0 1 24638
0 1 24640
0 1 24642
0 1 24643
0 1 24646
0 1 24651
0 1 24653
0 1 24654
0 1 24655
0 1 24657
0 1 24659
0 1 24661
0 1 24662
0 1 24663
0 1 24664
0 1 24665
0 1 24671
0 1 24673
0 1 24676
0 1 24680
0 1 24681
0 1 24685
0 1 24687
0 1 24689
0 1 24691
0 1 24695
0 1 24698
0 1 24699
0 1 24703
0 1 24704
0 1 24706
0 1 24708
0 1 24709
0 1 24712
0 1 24716
0 1 24717
0 1 24719
0 1 24720
0 1 24725
0 1 24726
0 1 24729
0 1 24730
0 1 24732
0 1 24736
0 1 24737
0 1 24738
0 1 24739
0 1 24740
0 1 24741
0 1 24744
0 1 24745
0 1 24748
0 1 24749
0 1 24750
0 1 24755
0 1 24757
0 1 24758
0 1 24762
0 1 24763
0 1 24766
0 1 24768
0 1 24769
0 1 24771
0 1 24772
0 1 24774
0 1 24775
0 1 24777
0 1 24780
0 1 24782
0 1 24785
0 1 24787
0 1 24789
0 1 24793
0 1 24796
0 1 24797
0 1 24798
0 1 24800
0 1 24803
0 1 24807
0 1 24813
0 1 24815
0 1 24819
0 1 24820
0 1 24821
0 1 24822
0 1 24823
0 1 24825
0 1 24827
0 1 24828
0 1 24829
0 1 24830
0 1 24833
0 1 24836
0 1 24839
0 1 24843
0 1 24845
0 1 24846
0 1 24847
0 1 24850
0 1 24851
0 1 24852
0 1 24853
0 1 24856
0 1 24857
0 1 24859
0 1 24862
0 1 24863
0 1 24864
0 1 24865
0 1 24866
0 1 24867
0 1 24869
0 1 24870
0 1 24872
0 1 24874
0 1 24875
0 1 24877
0 1 24880
0 1 24882
0 1 24883
0 1 24885
0 1 24886
0 1 24889
0 1 24890
0 1 24891
0 1 24895
0 1 24900
0 1 24901
0 1 24903
0 1 24907
0 1 24908
0 1 24910
0 1 24914
0 1 24917
0 1 24919
0 1 24923
0 1 24924
0 1 24925
0 1 24926
0 1 24927
0 1 24929
0 1 24931
0 1 24933
0 1 24934
0 1 24938
0 1 24939
0 1 24940
0 1 24942
0 1 24944
0 1 24945
0 1 24947
0 1 24948
0 1 24953
0 1 24957
0 1 24958
0 1 24959
0 1 24961
0 1 24963
0 1 24967
0 1 24968
0 1 24971
0 1 24972
0 1 24974
0 1 24975
0 1 24977
0 1 24979
0 1 24985
0 1 24986
0 1 24997
0 1 25000
0 1 25001
0 1 25002
0 1 25004
0 1 25007
0 1 25012
0 1 25015
0 1 25019
0 1 25021
0 1 25022
0 1 25026
0 1 25029
0 1 25036
0 1 25043
0 1 25047
0 1 25049
0 1 25050
0 1 25058
0 1 25059
0 1 25060
0 1 25064
0 1 25065
0 1 25067
0 1 25068
0 1 25072
0 1 25073
0 1 25074
0 1 25080
0 1 25084
0 1 25086
0 1 25087
0 1 25089
0 1 25090
0 1 25094
0 1 25096
0 1 25103
0 1 25105
0 1 25108
0 1 25109
0 1 25111
0 1 25112
0 1 25114
0 1 25119
0 1 25128
0 1 25129
0 1 25132
0 1 25135
0 1 25138
0 1 25141
0 1 25143
0 1 25146
0 1 25149
0 1 25150
0 1 25153
0 1 25154
0 1 25155
0 1 25156
0 1 25158
0 1 25160
0 1 25163
0 1 25164
0 1 25168
0 1 25171
0 1 25177
0 1 25186
0 1 25188
0 1 25189
0 1 25191
0 1 25192
0 1 25194
0 1 25198
0 1 25199
0 1 25201
0 1 25204
0 1 25206
0 1 25209
0 1 25215
0 1 25219
0 1 25221
0 1 25224
0 1 25226
0 1 25230
0 1 25234
0 1 25238
0 1 25239
0 1 25241
0 1 25243
0 1 25244
0 1 25249
0 1 25250
0 1 25251
0 1 25252
0 1 25256
0 1 25258
0 1 25260
0 1 25261
0 1 25263
0 1 25265
0 1 25267
0 1 25270
0 1 25272
0 1 25273
0 1 25276
0 1 25277
0 1 25280
0 1 25282
0 1 25289
0 1 25290
0 1 25292
0 1 25294
0 1 25299
0 1 25300
0 1 25302
0 1 25303
0 1 25307
0 1 25311
0 1 25312
0 1 25314
0 1 25316
0 1 25319
0 1 25320
0 1 25326
0 1 25327
0 1 25328
0 1 25329
0 1 25330
0 1 25335
0 1 25336
0 1 25337
0 1 25338
0 1 25340
0 1 25346
0 1 25347
0 1 25349
0 1 25351
0 1 25354
0 1 25358
0 1 25360
0 1 25365
0 1 25373
0 1 25374
0 1 25375
0 1 25376
0 1 25377
0 1 25378
0 1 25384
0 1 25388
0 1 25390
0 1 25393
0 1 25396
0 1 25397
0 1 25400
0 1 25403
0 1 25405
0 1 25410
0 1 25411
0 1 25412
0 1 25413
0 1 25416
0 1 25419
0 1 25421
0 1 25424
0 1 25426
0 1 25429
0 1 25430
0 1 25431
0 1 25433
0 1 25434
0 1 25435
0 1 25440
0 1 25443
0 1 25444
0 1 25446
0 1 25448
0 1 25450
0 1 25451
0 1 25454
0 1 25458
0 1 25463
0 1 25470
0 1 25471
0 1 25475
0 1 25476
0 1 25479
0 1 25483
0 1 25484
0 1 25485
0 1 25488
0 1 25494
0 1 25499
0 1 25502
0 1 25503
0 1 25508
0 1 25509
0 1 25510
0 1 25511
0 1 25515
0 1 25520
0 1 25521
0 1 25525
0 1 25526
0 1 25527
0 1 25528
0 1 25529
0 1 25531
0 1 25532
0 1 25534
0 1 25539
0 1 25542
0 1 25543
0 1 25546
0 1 25547
0 1 25551
0 1 25555
0 1 25560
0 1 25568
0 1 25571
0 1 25575
0 1 25576
0 1 25577
0 1 25580
0 1 25581
0 1 25582
0 1 25585
0 1 25586
0 1 25595
0 1 25598
0 1 25599
0 1 25602
0 1 25605
0 1 25606
0 1 25607
0 1 25610
0 1 25613
0 1 25614
0 1 25615
0 1 25616
0 1 25617
0 1 25619
0 1 25620
0 1 25621
0 1 25623
0 1 25625
0 1 25627
0 1 25632
0 1 25636
0 1 25637
0 1 25638
0 1 25640
0 1 25642
0 1 25643
0 1 25645
0 1 25646
0 1 25650
0 1 25651
0 1 25658
0 1 25660
0 1 25664
0 1 25665
0 1 25669
0 1 25671
0 1 25673
0 1 25677
0 1 25678
0 1 25679
0 1 25682
0 1 25684
0 1 25687
0 1 25691
0 1 25692
0 1 25698
0 1 25700
0 1 25702
0 1 25705
0 1 25706
0 1 25707
0 1 25708
0 1 25710
0 1 25714
0 1 25716
0 1 25718
0 1 25723
0 1 25724
0 1 25726
0 1 25728
0 1 25730
0 1 25732
0 1 25733
0 1 25734
0 1 25735
0 1 25738
0 1 25739
0 1 25741
0 1 25744
0 1 25746
0 1 25747
0 1 25749
0 1 25750
0 1 25752
0 1 25755
0 1 25759
0 1 25761
0 1 25762
0 1 25764
0 1 25768
0 1 25769
0 1 25771
0 1 25772
0 1 25775
0 1 25778
0 1 25779
0 1 25781
0 1 25782
0 1 25784
0 1 25785
0 1 25786
0 1 25787
0 1 25788
0 1 25790
0 1 25791
0 1 25792
0 1 25794
0 1 25795
0 1 25797
0 1 25807
0 1 25809
0 1 25815
0 1 25816
0 1 25818
0 1 25824
0 1 25826
0 1 25829
0 1 25833
0 1 25834
0 1 25836
0 1 25838
0 1 25844
0 1 25845
0 1 25848
0 1 25849
0 1 25851
0 1 25852
0 1 25855
0 1 25856
0 1 25860
0 1 25863
0 1 25864
0 1 25866
0 1 25874
0 1 25875
0 1 25878
0 1 25880
0 1 25881
0 1 25883
0 1 25884
0 1 25886
0 1 25889
0 1 25892
0 1 25897
0 1 25898
0 1 25899
0 1 25901
0 1 25903
0 1 25904
0 1 25905
0 1 25911
0 1 25913
0 1 25916
0 1 25922
0 1 25924
0 1 25925
0 1 25936
0 1 25937
0 1 25943
0 1 25944
0 1 25946
0 1 25948
0 1 25949
0 1 25951
0 1 25958
0 1 25959
0 1 25960
0 1 25963
0 1 25967
0 1 25968
0 1 25975
0 1 25979
0 1 25980
0 1 25982
0 1 25983
0 1 25990
0 1 25991
0 1 25992
0 1 25993
0 1 25994
0 1 25999
0 1 26000
0 1 26005
0 1 26008
0 1 26010
0 1 26011
0 1 26014
0 1 26020
0 1 26023
0 1 26028
0 1 26029
0 1 26030
0 1 26031
0 1 26033
0 1 26035
0 1 26039
0 1 26042
0 1 26046
0 1 26047
0 1 26050
0 1 26054
0 1 26055
0 1 26061
0 1 26062
0 1 26065
0 1 26066
0 1 26068
0 1 26069
0 1 26070
0 1 26074
0 1 26076
0 1 26083
0 1 26084
0 1 26085
0 1 26086
0 1 26088
0 1 26095
0 1 26096
0 1 26099
0 1 26100
0 1 26103
0 1 26105
0 1 26112
0 1 26117
0 1 26120
0 1 26121
0 1 26123
0 1 26125
0 1 26127
0 1 26128
0 1 26130
0 1 26132
0 1 26135
0 1 26138
0 1 26139
0 1 26143
0 1 26144
0 1 26147
0 1 26148
0 1 26149
0 1 26152
0 1 26154
0 1 26155
0 1 26156
0 1 26157
0 1 26160
0 1 26166
0 1 26168
0 1 26171
0 1 26175
0 1 26179
0 1 26180
0 1 26182
0 1 26183
0 1 26185
0 1 26188
0 1 26190
0 1 26196
0 1 26198
0 1 26202
0 1 26204
0 1 26206
0 1 26207
0 1 26208
0 1 26212
0 1 26215
0 1 26222
0 1 26224
0 1 26225
0 1 26229
0 1 26232
0 1 26234
0 1 26235
0 1 26236
0 1 26243
0 1 26244
0 1 26245
0 1 26248
0 1 26250
0 1 26257
0 1 26262
0 1 26264
0 1 26266
0 1 26270
0 1 26281
0 1 26283
0 1 26287
0 1 26294
0 1 26296
0 1 26298
0 1 26304
0 1 26305
0 1 26306
0 1 26307
0 1 26311
0 1 26319
0 1 26320
0 1 26321
0 1 26322
0 1 26326
0 1 26332
0 1 26333
0 1 26334
0 1 26337
0 1 26344
0 1 26349
0 1 26350
0 1 26351
0 1 26352
0 1 26360
0 1 26365
0 1 26366
0 1 26371
0 1 26373
0 1 26374
0 1 26376
0 1 26378
0 1 26382
0 1 26384
0 1 26394
0 1 26401
0 1 26402
0 1 26403
0 1 26406
0 1 26408
0 1 26412
0 1 26415
0 1 26416
0 1 26420
0 1 26421
0 1 26422
0 1 26427
0 1 26429
0 1 26434
0 1 26436
0 1 26441
0 1 26442
0 1 26443
0 1 26450
0 1 26452
0 1 26454
0 1 26456
0 1 26458
0 1 26459
0 1 26463
0 1 26469
0 1 26470
0 1 26471
0 1 26475
0 1 26479
0 1 26481
0 1 26482
0 1 26486
0 1 26490
0 1 26491
0 1 26493
0 1 26496
0 1 26499
0 1 26510
0 1 26511
0 1 26517
0 1 26519
0 1 26521
0 1 26524
0 1 26525
0 1 26527
0 1 26535
0 1 26539
0 1 26542
0 1 26543
0 1 26548
0 1 26553
0 1 26556
0 1 26558
0 1 26559
0 1 26563
0 1 26564
0 1 26565
0 1 26567
0 1 26569
0 1 26576
0 1 26577
0 1 26578
0 1 26581
0 1 26582
0 1 26585
0 1 26587
0 1 26593
0 1 26598
0 1 26605
0 1 26607
0 1 26611
0 1 26617
0 1 26619
0 1 26620
0 1 26623
0 1 26625
0 1 26627
0 1 26630
0 1 26631
0 1 26632
0 1 26634
0 1 26635
0 1 26636
0 1 26637
0 1 26638
0 1 26639
0 1 26642
0 1 26645
0 1 26649
0 1 26650
0 1 26653
0 1 26654
0 1 26656
0 1 26662
0 1 26663
0 1 26664
0 1 26666
0 1 26667
0 1 26670
0 1 26672
0 1 26675
0 1 26678
0 1 26683
0 1 26684
0 1 26686
0 1 26687
0 1 26689
0 1 26693
0 1 26695
0 1 26696
0 1 26697
0 1 26702
0 1 26704
0 1 26707
0 1 26710
0 1 26712
0 1 26714
0 1 26715
0 1 26720
0 1 26722
0 1 26723
0 1 26724
0 1 26726
0 1 26727
0 1 26729
0 1 26731
0 1 26736
0 1 26738
0 1 26742
0 1 26744
0 1 26747
0 1 26749
0 1 26751
0 1 26752
0 1 26755
0 1 26762
0 1 26764
0 1 26765
0 1 26768
0 1 26771
0 1 26772
0 1 26775
0 1 26776
0 1 26778
0 1 26780
0 1 26781
0 1 26782
0 1 26792
0 1 26793
0 1 26796
0 1 26798
0 1 26799
0 1 26804
0 1 26807
0 1 26809
0 1 26812
0 1 26815
0 1 26816
0 1 26818
0 1 26819
0 1 26820
0 1 26822
0 1 26826
0 1 26828
0 1 26833
0 1 26835
0 1 26838
0 1 26843
0 1 26846
0 1 26850
0 1 26851
0 1 26852
0 1 26853
0 1 26854
0 1 26855
0 1 26856
0 1 26857
0 1 26862
0 1 26864
0 1 26867
0 1 26868
0 1 26871
0 1 26873
0 1 26875
0 1 26877
0 1 26878
0 1 26879
0 1 26880
0 1 26881
0 1 26884
0 1 26885
0 1 26886
0 1 26889
0 1 26893
0 1 26894
0 1 26895
0 1 26909
0 1 26911
0 1 26920
0 1 26921
0 1 26924
0 1 26927
0 1 26932
0 1 26933
0 1 26934
0 1 26936
0 1 26937
0 1 26941
0 1 26944
0 1 26947
0 1 26959
0 1 26960
0 1 26963
0 1 26967
0 1 26969
0 1 26976
0 1 26981
0 1 26982
0 1 26983
0 1 26984
0 1 26985
0 1 26987
0 1 26988
0 1 26990
0 1 26998
0 1 27004
0 1 27006
0 1 27007
0 1 27013
0 1 27023
0 1 27025
0 1 27027
0 1 27028
0 1 27029
0 1 27031
0 1 27034
0 1 27035
0 1 27036
0 1 27038
0 1 27039
0 1 27040
0 1 27041
0 1 27043
0 1 27044
0 1 27047
0 1 27048
0 1 27051
0 1 27053
0 1 27057
0 1 27058
0 1 27060
0 1 27061
0 1 27064
0 1 27065
0 1 27067
0 1 27071
0 1 27078
0 1 27080
0 1 27082
0 1 27083
0 1 27087
0 1 27093
0 1 27095
0 1 27096
0 1 27101
0 1 27103
0 1 27105
0 1 27109
0 1 27110
0 1 27111
0 1 27112
0 1 27113
0 1 27114
0 1 27115
0 1 27116
0 1 27117
0 1 27119
0 1 27120
0 1 27121
0 1 27123
0 1 27124
0 1 27125
0 1 27126
0 1 27127
0 1 27130
0 1 27132
0 1 27133
0 1 27140
0 1 27144
0 1 27149
0 1 27150
0 1 27152
0 1 27154
0 1 27155
0 1 27156
0 1 27160
0 1 27162
0 1 27164
0 1 27168
0 1 27170
0 1 27172
0 1 27173
0 1 27174
0 1 27176
0 1 27181
0 1 27183
0 1 27185
0 1 27189
0 1 27190
0 1 27191
0 1 27193
0 1 27194
0 1 27195
0 1 27202
0 1 27203
0 1 27204
0 1 27205
0 1 27206
0 1 27207
0 1 27208
0 1 27211
0 1 27219
0 1 27220
0 1 27223
0 1 27224
0 1 27225
0 1 27226
0 1 27230
0 1 27231
0 1 27232
0 1 27233
0 1 27234
0 1 27235
0 1 27240
0 1 27242
0 1 27243
0 1 27245
0 1 27249
0 1 27251
0 1 27253
0 1 27255
0 1 27256
0 1 27261
0 1 27263
0 1 27266
0 1 27268
0 1 27272
0 1 27273
0 1 27275
0 1 27277
0 1 27278
0 1 27281
0 1 27285
0 1 27288
0 1 27293
0 1 27299
0 1 27300
0 1 27303
0 1 27306
0 1 27308
0 1 27309
0 1 27312
0 1 27313
0 1 27316
0 1 27320
0 1 27323
0 1 27325
0 1 27326
0 1 27328
0 1 27329
0 1 27330
0 1 27333
0 1 27339
0 1 27350
0 1 27351
0 1 27355
0 1 27356
0 1 27358
0 1 27362
0 1 27365
0 1 27368
0 1 27372
0 1 27373
0 1 27375
0 1 27376
0 1 27378
0 1 27380
0 1 27382
0 1 27385
0 1 27391
0 1 27393
0 1 27394
0 1 27395
0 1 27396
0 1 27399
0 1 27400
0 1 27401
0 1 27407
0 1 27410
0 1 27411
0 1 27413
0 1 27414
0 1 27415
0 1 27418
0 1 27419
0 1 27420
0 1 27422
0 1 27423
0 1 27427
0 1 27431
0 1 27436
0 1 27437
0 1 27441
0 1 27444
0 1 27446
0 1 27447
0 1 27448
0 1 27449
0 1 27453
0 1 27454
0 1 27455
0 1 27459
0 1 27466
0 1 27468
0 1 27471
0 1 27474
0 1 27475
0 1 27480
0 1 27481
0 1 27482
0 1 27484
0 1 27488
0 1 27490
0 1 27491
0 1 27493
0 1 27498
0 1 27499
0 1 27500
0 1 27506
0 1 27510
0 1 27514
0 1 27517
0 1 27518
0 1 27519
0 1 27522
0 1 27523
0 1 27528
0 1 27536
0 1 27537
0 1 27541
0 1 27542
0 1 27546
0 1 27549
0 1 27551
0 1 27554
0 1 27555
0 1 27556
0 1 27560
0 1 27565
0 1 27566
0 1 27567
0 1 27573
0 1 27577
0 1 27583
0 1 27586
0 1 27587
0 1 27590
0 1 27594
0 1 27595
0 1 27596
0 1 27597
0 1 27598
0 1 27599
0 1 27602
0 1 27603
0 1 27604
0 1 27609
0 1 27610
0 1 27612
0 1 27613
0 1 27619
0 1 27620
0 1 27621
0 1 27622
0 1 27624
0 1 27625
0 1 27626
0 1 27628
0 1 27629
0 1 27630
0 1 27633
0 1 27637
0 1 27639
0 1 27640
0 1 27643
0 1 27647
0 1 27649
0 1 27650
0 1 27656
0 1 27658
0 1 27661
0 1 27662
0 1 27663
0 1 27664
0 1 27668
0 1 27670
0 1 27671
0 1 27672
0 1 27673
0 1 27678
0 1 27682
0 1 27684
0 1 27689
0 1 27690
0 1 27691
0 1 27695
0 1 27696
0 1 27703
0 1 27705
0 1 27708
0 1 27709
0 1 27712
0 1 27713
0 1 27714
0 1 27717
0 1 27719
0 1 27723
0 1 27725
0 1 27726
0 1 27728
0 1 27730
0 1 27732
0 1 27734
0 1 27744
0 1 27745
0 1 27746
0 1 27747
0 1 27748
0 1 27750
0 1 27753
0 1 27754
0 1 27755
0 1 27757
0 1 27759
0 1 27760
0 1 27761
0 1 27762
0 1 27764
0 1 27766
0 1 27768
0 1 27775
0 1 27776
0 1 27778
0 1 27781
0 1 27783
0 1 27787
0 1 27791
0 1 27792
0 1 27797
0 1 27801
0 1 27807
0 1 27808
0 1 27810
0 1 27811
0 1 27814
0 1 27821
0 1 27822
0 1 27826
0 1 27829
0 1 27833
0 1 27834
0 1 27835
0 1 27850
0 1 27853
0 1 27867
0 1 27870
0 1 27874
0 1 27876
0 1 27877
0 1 27879
0 1 27880
0 1 27881
0 1 27882
0 1 27890
0 1 27892
0 1 27895
0 1 27898
0 1 27899
0 1 27900
0 1 27901
0 1 27903
0 1 27904
0 1 27906
0 1 27909
0 1 27916
0 1 27919
0 1 27922
0 1 27923
0 1 27927
0 1 27928
0 1 27931
0 1 27932
0 1 27934
0 1 27937
0 1 27943
0 1 27956
0 1 27961
0 1 27963
0 1 27964
0 1 27968
0 1 27970
0 1 27971
0 1 27972
0 1 27973
0 1 27974
0 1 27975
0 1 27978
0 1 27979
0 1 27980
0 1 27982
0 1 27987
0 1 27988
0 1 27990
0 1 27993
0 1 27994
0 1 28004
0 1 28015
0 1 28017
0 1 28018
0 1 28021
0 1 28022
0 1 28024
0 1 28026
0 1 28029
0 1 28031
0 1 28034
0 1 28035
0 1 28036
0 1 28039
0 1 28041
0 1 28042
0 1 28043
0 1 28050
0 1 28052
0 1 28054
0 1 28055
0 1 28057
0 1 28062
0 1 28068
0 1 28070
0 1 28073
0 1 28074
0 1 28079
0 1 28080
0 1 28081
0 1 28084
0 1 28087
0 1 28088
0 1 28089
0 1 28093
0 1 28094
0 1 28096
0 1 28097
0 1 28099
0 1 28100
0 1 28102
0 1 28103
0 1 28106
0 1 28107
0 1 28108
0 1 28109
0 1 28112
0 1 28113
0 1 28114
0 1 28116
0 1 28120
0 1 28123
0 1 28125
0 1 28127
0 1 28130
0 1 28132
0 1 28134
0 1 28135
0 1 28138
0 1 28143
0 1 28147
0 1 28152
0 1 28153
0 1 28154
0 1 28155
0 1 28156
0 1 28161
0 1 28167
0 1 28169
0 1 28171
0 1 28173
0 1 28177
0 1 28180
0 1 28184
0 1 28190
0 1 28192
0 1 28193
0 1 28199
0 1 28203
0 1 28206
0 1 28207
0 1 28209
0 1 28212
0 1 28216
0 1 28218
0 1 28219
0 1 28222
0 1 28226
0 1 28227
0 1 28228
0 1 28230
0 1 28231
0 1 28235
0 1 28239
0 1 28244
0 1 28247
0 1 28248
0 1 28250
0 1 28251
0 1 28257
0 1 28261
0 1 28265
0 1 28268
0 1 28278
0 1 28279
0 1 28283
0 1 28284
0 1 28286
0 1 28292
0 1 28298
0 1 28303
0 1 28304
0 1 28305
0 1 28306
0 1 28307
0 1 28308
0 1 28310
0 1 28311
0 1 28313
0 1 28315
0 1 28322
0 1 28323
0 1 28324
0 1 28327
0 1 28328
0 1 28332
0 1 28334
0 1 28342
0 1 28343
0 1 28345
0 1 28349
0 1 28350
0 1 28351
0 1 28352
0 1 28355
0 1 28359
0 1 28362
0 1 28364
0 1 28366
0 1 28367
0 1 28369
0 1 28373
0 1 28375
0 1 28376
0 1 28379
0 1 28380
0 1 28382
0 1 28383
0 1 28384
0 1 28385
0 1 28387
0 1 28389
0 1 28393
0 1 28396
0 1 28397
0 1 28399
0 1 28400
0 1 28403
0 1 28412
0 1 28416
0 1 28417
0 1 28420
0 1 28426
0 1 28430
0 1 28431
0 1 28433
0 1 28435
0 1 28436
0 1 28439
0 1 28444
0 1 28445
0 1 28449
0 1 28450
0 1 28452
0 1 28453
0 1 28454
0 1 28459
0 1 28462
0 1 28466
0 1 28468
0 1 28469
0 1 28470
0 1 28473
0 1 28476
0 1 28478
0 1 28479
0 1 28485
0 1 28489
0 1 28496
0 1 28497
0 1 28498
0 1 28500
0 1 28502
0 1 28509
0 1 28510
0 1 28511
0 1 28512
0 1 28513
0 1 28514
0 1 28515
0 1 28517
0 1 28519
0 1 28522
0 1 28523
0 1 28525
0 1 28529
0 1 28532
0 1 28538
0 1 28539
0 1 28541
0 1 28542
0 1 28544
0 1 28547
0 1 28550
0 1 28553
0 1 28555
0 1 28559
0 1 28560
0 1 28562
0 1 28563
0 1 28568
0 1 28570
0 1 28573
0 1 28575
0 1 28577
0 1 28583
0 1 28586
0 1 28590
0 1 28591
0 1 28592
0 1 28594
0 1 28595
0 1 28597
0 1 28598
0 1 28603
0 1 28606
0 1 28607
0 1 28614
0 1 28617
0 1 28618
0 1 28621
0 1 28624
0 1 28628
0 1 28630
0 1 28632
0 1 28634
0 1 28638
0 1 28644
0 1 28645
0 1 28646
0 1 28648
0 1 28649
0 1 28652
0 1 28655
0 1 28657
0 1 28664
0 1 28667
0 1 28673
0 1 28674
0 1 28677
0 1 28679
0 1 28681
0 1 28682
0 1 28683
0 1 28687
0 1 28689
0 1 28690
0 1 28698
0 1 28703
0 1 28705
0 1 28708
0 1 28711
0 1 28714
0 1 28715
0 1 28717
0 1 28718
0 1 28721
0 1 28722
0 1 28723
0 1 28724
0 1 28726
0 1 28733
0 1 28735
0 1 28737
0 1 28738
0 1 28739
0 1 28744
0 1 28745
0 1 28746
0 1 28748
0 1 28749
0 1 28751
0 1 28756
0 1 28758
0 1 28759
0 1 28760
0 1 28761
0 1 28764
0 1 28765
0 1 28768
0 1 28771
0 1 28773
0 1 28774
0 1 28779
0 1 28780
0 1 28781
0 1 28782
0 1 28784
0 1 28785
0 1 28789
0 1 28790
0 1 28792
0 1 28793
0 1 28794
0 1 28795
0 1 28801
0 1 28804
0 1 28806
0 1 28807
0 1 28808
0 1 28814
0 1 28820
0 1 28823
0 1 28825
0 1 28829
0 1 28831
0 1 28832
0 1 28833
0 1 28835
0 1 28841
0 1 28845
0 1 28847
0 1 28850
0 1 28852
0 1 28853
0 1 28854
0 1 28855
0 1 28857
0 1 28858
0 1 28859
0 1 28860
0 1 28864
0 1 28865
0 1 28868
0 1 28869
0 1 28873
0 1 28879
0 1 28880
0 1 28882
0 1 28883
0 1 28884
0 1 28888
0 1 28890
0 1 28891
0 1 28892
0 1 28893
0 1 28898
0 1 28899
0 1 28904
0 1 28907
0 1 28908
0 1 28909
0 1 28910
0 1 28912
0 1 28915
0 1 28916
0 1 28917
0 1 28918
0 1 28919
0 1 28926
0 1 28927
0 1 28928
0 1 28931
0 1 28936
0 1 28937
0 1 28939
0 1 28941
0 1 28943
0 1 28946
0 1 28947
0 1 28948
0 1 28951
0 1 28952
0 1 28953
0 1 28954
0 1 28955
0 1 28959
0 1 28960
0 1 28961
0 1 28962
0 1 28965
0 1 28967
0 1 28971
0 1 28972
0 1 28977
0 1 28978
0 1 28980
0 1 28982
0 1 28983
0 1 28984
0 1 28991
0 1 28994
0 1 28997
0 1 29003
0 1 29006
0 1 29007
0 1 29014
0 1 29016
0 1 29019
0 1 29020
0 1 29028
0 1 29031
0 1 29032
0 1 29033
0 1 29037
0 1 29039
0 1 29040
0 1 29043
0 1 29044
0 1 29045
0 1 29048
0 1 29049
0 1 29051
0 1 29054
0 1 29058
0 1 29059
0 1 29060
0 1 29061
0 1 29065
0 1 29066
0 1 29069
0 1 29070
0 1 29071
0 1 29072
0 1 29073
0 1 29079
0 1 29081
0 1 29085
0 1 29088
0 1 29092
0 1 29093
0 1 29094
0 1 29095
0 1 29097
0 1 29098
0 1 29102
0 1 29104
0 1 29107
0 1 29111
0 1 29117
0 1 29118
0 1 29121
0 1 29124
0 1 29128
0 1 29131
0 1 29139
0 1 29144
0 1 29145
0 1 29146
0 1 29148
0 1 29150
0 1 29153
0 1 29154
0 1 29155
0 1 29162
0 1 29163
0 1 29167
0 1 29169
0 1 29170
0 1 29172
0 1 29175
0 1 29176
0 1 29180
0 1 29183
0 1 29187
0 1 29194
0 1 29198
0 1 29202
0 1 29204
0 1 29206
0 1 29213
0 1 29217
0 1 29218
0 1 29219
0 1 29220
0 1 29221
0 1 29226
0 1 29231
0 1 29233
0 1 29235
0 1 29236
0 1 29237
0 1 29239
0 1 29240
0 1 29241
0 1 29245
0 1 29246
0 1 29248
0 1 29249
0 1 29251
0 1 29255
0 1 29261
0 1 29264
0 1 29267
0 1 29268
0 1 29274
0 1 29276
0 1 29277
0 1 29278
0 1 29279
0 1 29282
0 1 29289
0 1 29292
0 1 29295
0 1 29296
0 1 29300
0 1 29302
0 1 29305
0 1 29306
0 1 29308
0 1 29311
0 1 29312
0 1 29313
0 1 29314
0 1 29315
0 1 29316
0 1 29322
0 1 29323
0 1 29327
0 1 29328
0 1 29330
0 1 29331
0 1 29333
0 1 29335
0 1 29337
0 1 29339
0 1 29340
0 1 29341
0 1 29345
0 1 29347
0 1 29350
0 1 29362
0 1 29363
0 1 29367
0 1 29368
0 1 29369
0 1 29370
0 1 29372
0 1 29373
0 1 29374
0 1 29377
0 1 29378
0 1 29379
0 1 29380
0 1 29383
0 1 29384
0 1 29385
0 1 29390
0 1 29394
0 1 29395
0 1 29396
0 1 29397
0 1 29399
0 1 29401
0 1 29411
0 1 29412
0 1 29413
0 1 29415
0 1 29416
0 1 29418
0 1 29421
0 1 29426
0 1 29427
0 1 29428
0 1 29434
0 1 29435
0 1 29439
0 1 29440
0 1 29443
0 1 29447
0 1 29448
0 1 29449
0 1 29450
0 1 29451
0 1 29452
0 1 29453
0 1 29459
0 1 29462
0 1 29463
0 1 29464
0 1 29465
0 1 29474
0 1 29475
0 1 29480
0 1 29494
0 1 29495
0 1 29496
0 1 29510
0 1 29512
0 1 29517
0 1 29519
0 1 29522
0 1 29523
0 1 29525
0 1 29528
0 1 29530
0 1 29534
0 1 29536
0 1 29540
0 1 29541
0 1 29546
0 1 29549
0 1 29554
0 1 29559
0 1 29562
0 1 29565
0 1 29570
0 1 29572
0 1 29575
0 1 29577
0 1 29578
0 1 29582
0 1 29585
0 1 29586
0 1 29587
0 1 29590
0 1 29591
0 1 29592
0 1 29594
0 1 29597
0 1 29600
0 1 29603
0 1 29611
0 1 29615
0 1 29617
0 1 29625
0 1 29626
0 1 29627
0 1 29628
0 1 29629
0 1 29630
0 1 29635
0 1 29640
0 1 29642
0 1 29643
0 1 29647
0 1 29648
0 1 29650
0 1 29651
0 1 29654
0 1 29656
0 1 29657
0 1 29658
0 1 29659
0 1 29660
0 1 29665
0 1 29666
0 1 29668
0 1 29673
0 1 29674
0 1 29675
0 1 29678
0 1 29684
0 1 29691
0 1 29693
0 1 29695
0 1 29697
0 1 29698
0 1 29699
0 1 29701
0 1 29702
0 1 29708
0 1 29711
0 1 29714
0 1 29719
0 1 29721
0 1 29724
0 1 29726
0 1 29727
0 1 29729
0 1 29730
0 1 29735
0 1 29738
0 1 29739
0 1 29740
0 1 29742
0 1 29744
0 1 29745
0 1 29750
0 1 29752
0 1 29753
0 1 29754
0 1 29756
0 1 29757
0 1 29759
0 1 29760
0 1 29761
0 1 29762
0 1 29766
0 1 29769
0 1 29771
0 1 29773
0 1 29774
0 1 29782
0 1 29783
0 1 29784
0 1 29786
0 1 29787
0 1 29792
0 1 29795
0 1 29797
0 1 29798
0 1 29800
0 1 29805
0 1 29806
0 1 29807
0 1 29811
0 1 29812
0 1 29815
0 1 29821
0 1 29822
0 1 29825
0 1 29826
0 1 29827
0 1 29829
0 1 29832
0 1 29834
0 1 29838
0 1 29839
0 1 29842
0 1 29845
0 1 29846
0 1 29849
0 1 29853
0 1 29854
0 1 29857
0 1 29858
0 1 29859
0 1 29861
0 1 29864
0 1 29865
0 1 29868
0 1 29870
0 1 29871
0 1 29873
0 1 29874
0 1 29876
0 1 29885
0 1 29887
0 1 29889
0 1 29896
0 1 29899
0 1 29902
0 1 29903
0 1 29911
0 1 29912
0 1 29914
0 1 29917
0 1 29920
0 1 29922
0 1 29924
0 1 29925
0 1 29928
0 1 29933
0 1 29934
0 1 29937
0 1 29941
0 1 29945
0 1 29947
0 1 29948
0 1 29952
0 1 29953
0 1 29954
0 1 29958
0 1 29960
0 1 29961
0 1 29963
0 1 29964
0 1 29965
0 1 29967
0 1 29971
0 1 29972
0 1 29975
0 1 29977
0 1 29982
0 1 29985
0 1 29987
0 1 29989
0 1 29991
0 1 29992
0 1 29993
0 1 29994
0 1 30001
0 1 30002
0 1 30005
0 1 30006
0 1 30010
0 1 30012
0 1 30014
0 1 30016
0 1 30018
0 1 30020
0 1 30022
0 1 30026
0 1 30028
0 1 30029
0 1 30030
0 1 30032
0 1 30033
0 1 30035
0 1 30040
0 1 30042
0 1 30046
0 1 30047
0 1 30048
0 1 30050
0 1 30051
0 1 30053
0 1 30055
0 1 30056
0 1 30057
0 1 30061
0 1 30063
0 1 30064
0 1 30070
0 1 30071
0 1 30081
0 1 30085
0 1 30086
0 1 30089
0 1 30090
0 1 30091
0 1 30094
0 1 30098
0 1 30099
0 1 30101
0 1 30102
0 1 30107
0 1 30114
0 1 30116
0 1 30118
0 1 30119
0 1 30122
0 1 30127
0 1 30128
0 1 30129
0 1 30130
0 1 30132
0 1 30133
0 1 30134
0 1 30135
0 1 30140
0 1 30145
0 1 30146
0 1 30148
0 1 30149
0 1 30155
0 1 30156
0 1 30160
0 1 30161
0 1 30162
0 1 30167
0 1 30169
0 1 30170
0 1 30174
0 1 30175
0 1 30177
0 1 30178
0 1 30180
0 1 30183
0 1 30187
0 1 30188
0 1 30197
0 1 30198
0 1 30199
0 1 30201
0 1 30202
0 1 30209
0 1 30210
0 1 30211
0 1 30212
0 1 30213
0 1 30214
0 1 30215
0 1 30216
0 1 30218
0 1 30220
0 1 30223
0 1 30227
0 1 30232
0 1 30238
0 1 30240
0 1 30241
0 1 30243
0 1 30244
0 1 30246
0 1 30247
0 1 30249
0 1 30257
0 1 30259
0 1 30260
0 1 30261
0 1 30264
0 1 30265
0 1 30268
0 1 30270
0 1 30273
0 1 30275
0 1 30276
0 1 30277
0 1 30285
0 1 30286
0 1 30287
0 1 30294
0 1 30297
0 1 30299
0 1 30300
0 1 30304
0 1 30305
0 1 30308
0 1 30314
0 1 30323
0 1 30324
0 1 30325
0 1 30327
0 1 30331
0 1 30340
0 1 30341
0 1 30342
0 1 30343
0 1 30348
0 1 30350
0 1 30353
0 1 30354
0 1 30358
0 1 30359
0 1 30364
0 1 30368
0 1 30373
0 1 30375
0 1 30376
0 1 30380
0 1 30382
0 1 30383
0 1 30387
0 1 30390
0 1 30391
0 1 30394
0 1 30395
0 1 30397
0 1 30400
0 1 30405
0 1 30406
0 1 30409
0 1 30412
0 1 30413
0 1 30427
0 1 30428
0 1 30429
0 1 30430
0 1 30431
0 1 30433
0 1 30434
0 1 30435
0 1 30436
0 1 30439
0 1 30443
0 1 30447
0 1 30448
0 1 30452
0 1 30454
0 1 30456
0 1 30458
0 1 30464
0 1 30467
0 1 30468
0 1 30469
0 1 30473
0 1 30474
0 1 30475
0 1 30478
0 1 30479
0 1 30480
0 1 30484
0 1 30485
0 1 30487
0 1 30490
0 1 30491
0 1 30492
0 1 30495
0 1 30499
0 1 30502
0 1 30503
0 1 30504
0 1 30506
0 1 30507
0 1 30508
0 1 30509
0 1 30511
0 1 30513
0 1 30514
0 1 30517
0 1 30518
0 1 30522
0 1 30526
0 1 30527
0 1 30533
0 1 30534
0 1 30538
0 1 30540
0 1 30541
0 1 30544
0 1 30545
0 1 30546
0 1 30549
0 1 30550
0 1 30555
0 1 30559
0 1 30566
0 1 30567
0 1 30568
0 1 30570
0 1 30572
0 1 30574
0 1 30576
0 1 30578
0 1 30579
0 1 30580
0 1 30581
0 1 30582
0 1 30583
0 1 30589
0 1 30590
0 1 30594
0 1 30595
0 1 30597
0 1 30599
0 1 30603
0 1 30605
0 1 30606
0 1 30612
0 1 30615
0 1 30616
0 1 30619
0 1 30620
0 1 30622
0 1 30623
0 1 30626
0 1 30628
0 1 30629
0 1 30631
0 1 30638
0 1 30641
0 1 30645
0 1 30646
0 1 30647
0 1 30648
0 1 30649
0 1 30653
0 1 30657
0 1 30660
0 1 30661
0 1 30662
0 1 30667
0 1 30669
0 1 30672
0 1 30675
0 1 30677
0 1 30680
0 1 30681
0 1 30684
0 1 30688
0 1 30691
0 1 30696
0 1 30699
0 1 30703
0 1 30704
0 1 30706
0 1 30710
0 1 30712
0 1 30713
0 1 30714
0 1 30718
0 1 30719
0 1 30723
0 1 30725
0 1 30726
0 1 30727
0 1 30728
0 1 30729
0 1 30731
0 1 30732
0 1 30733
0 1 30737
0 1 30738
0 1 30740
0 1 30741
0 1 30742
0 1 30743
0 1 30744
0 1 30746
0 1 30749
0 1 30752
0 1 30753
0 1 30754
0 1 30762
0 1 30767
0 1 30768
0 1 30772
0 1 30775
0 1 30776
0 1 30778
0 1 30781
0 1 30783
0 1 30784
0 1 30788
0 1 30789
0 1 30791
0 1 30793
0 1 30794
0 1 30796
0 1 30797
0 1 30800
0 1 30801
0 1 30805
0 1 30806
0 1 30807
0 1 30810
0 1 30815
0 1 30818
0 1 30820
0 1 30821
0 1 30824
0 1 30828
0 1 30830
0 1 30831
0 1 30832
0 1 30833
0 1 30836
0 1 30844
0 1 30845
0 1 30847
0 1 30850
0 1 30852
0 1 30855
0 1 30857
0 1 30859
0 1 30863
0 1 30864
0 1 30866
0 1 30867
0 1 30869
0 1 30873
0 1 30875
0 1 30877
0 1 30878
0 1 30879
0 1 30882
0 1 30883
0 1 30884
0 1 30885
0 1 30886
0 1 30894
0 1 30895
0 1 30896
0 1 30901
0 1 30904
0 1 30906
0 1 30907
0 1 30909
0 1 30912
0 1 30915
0 1 30919
0 1 30923
0 1 30926
0 1 30928
0 1 30929
0 1 30931
0 1 30932
0 1 30934
0 1 30935
0 1 30936
0 1 30938
0 1 30941
0 1 30945
0 1 30952
0 1 30957
0 1 30959
0 1 30960
0 1 30964
0 1 30967
0 1 30969
0 1 30979
0 1 30980
0 1 30981
0 1 30982
0 1 30985
0 1 30986
0 1 30987
0 1 30988
0 1 30989
0 1 30995
0 1 30997
0 1 31006
0 1 31009
0 1 31012
0 1 31015
0 1 31019
0 1 31021
0 1 31022
0 1 31023
0 1 31024
0 1 31025
0 1 31032
0 1 31035
0 1 31037
0 1 31038
0 1 31040
0 1 31044
0 1 31046
0 1 31052
0 1 31053
0 1 31055
0 1 31056
0 1 31061
0 1 31062
0 1 31064
0 1 31065
0 1 31067
0 1 31069
0 1 31070
0 1 31071
0 1 31072
0 1 31076
0 1 31079
0 1 31082
0 1 31084
0 1 31085
0 1 31090
0 1 31091
0 1 31092
0 1 31093
0 1 31094
0 1 31098
0 1 31099
0 1 31103
0 1 31105
0 1 31106
0 1 31107
0 1 31109
0 1 31110
0 1 31111
0 1 31116
0 1 31121
0 1 31122
0 1 31123
0 1 31129
0 1 31131
0 1 31136
0 1 31138
0 1 31140
0 1 31141
0 1 31144
0 1 31146
0 1 31147
0 1 31150
0 1 31151
0 1 31154
0 1 31155
0 1 31156
0 1 31157
0 1 31158
0 1 31159
0 1 31163
0 1 31165
0 1 31166
0 1 31170
0 1 31171
0 1 31175
0 1 31176
0 1 31180
0 1 31183
0 1 31185
0 1 31188
0 1 31189
0 1 31199
0 1 31200
0 1 31203
0 1 31205
0 1 31206
0 1 31208
0 1 31209
0 1 31210
0 1 31211
0 1 31212
0 1 31214
0 1 31219
0 1 31220
0 1 31221
0 1 31223
0 1 31225
0 1 31226
0 1 31227
0 1 31229
0 1 31231
0 1 31232
0 1 31233
0 1 31235
0 1 31236
0 1 31238
0 1 31239
0 1 31244
0 1 31248
0 1 31249
0 1 31250
0 1 31254
0 1 31255
0 1 31257
0 1 31259
0 1 31265
0 1 31266
0 1 31267
0 1 31268
0 1 31269
0 1 31272
0 1 31275
0 1 31276
0 1 31281
0 1 31282
0 1 31283
0 1 31287
0 1 31288
0 1 31290
0 1 31291
0 1 31292
0 1 31294
0 1 31296
0 1 31299
0 1 31300
0 1 31303
0 1 31311
0 1 31316
0 1 31319
0 1 31322
0 1 31324
0 1 31326
0 1 31327
0 1 31328
0 1 31334
0 1 31337
0 1 31340
0 1 31350
0 1 31351
0 1 31357
0 1 31358
0 1 31359
0 1 31360
0 1 31362
0 1 31365
0 1 31366
0 1 31372
0 1 31373
0 1 31374
0 1 31377
0 1 31383
0 1 31386
0 1 31390
0 1 31392
0 1 31393
0 1 31394
0 1 31395
0 1 31396
0 1 31399
0 1 31400
0 1 31402
0 1 31403
0 1 31404
0 1 31408
0 1 31412
0 1 31413
0 1 31414
0 1 31426
0 1 31427
0 1 31428
0 1 31429
0 1 31437
0 1 31439
0 1 31440
0 1 31441
0 1 31442
0 1 31444
0 1 31446
0 1 31447
0 1 31451
0 1 31453
0 1 31456
0 1 31458
0 1 31459
0 1 31461
0 1 31473
0 1 31475
0 1 31476
0 1 31477
0 1 31483
0 1 31490
0 1 31491
0 1 31493
0 1 31496
0 1 31500
0 1 31506
0 1 31508
0 1 31509
0 1 31514
0 1 31515
0 1 31520
0 1 31521
0 1 31526
0 1 31530
0 1 31531
0 1 31537
0 1 31538
0 1 31540
0 1 31541
0 1 31542
0 1 31544
0 1 31552
0 1 31555
0 1 31561
0 1 31562
0 1 31567
0 1 31568
0 1 31569
0 1 31571
0 1 31578
0 1 31582
0 1 31586
0 1 31588
0 1 31590
0 1 31592
0 1 31595
0 1 31597
0 1 31598
0 1 31599
0 1 31600
0 1 31605
0 1 31612
0 1 31613
0 1 31617
0 1 31620
0 1 31625
0 1 31626
0 1 31627
0 1 31630
0 1 31632
0 1 31633
0 1 31640
0 1 31646
0 1 31647
0 1 31648
0 1 31649
0 1 31651
0 1 31653
0 1 31655
0 1 31658
0 1 31661
0 1 31663
0 1 31665
0 1 31668
0 1 31669
0 1 31672
0 1 31674
0 1 31675
0 1 31687
0 1 31691
0 1 31694
0 1 31697
0 1 31698
0 1 31699
0 1 31701
0 1 31703
0 1 31704
0 1 31705
0 1 31708
0 1 31709
0 1 31711
0 1 31712
0 1 31713
0 1 31720
0 1 31722
0 1 31724
0 1 31733
0 1 31735
0 1 31736
0 1 31739
0 1 31743
0 1 31749
0 1 31750
0 1 31751
0 1 31755
0 1 31757
0 1 31759
0 1 31760
0 1 31765
0 1 31766
0 1 31767
0 1 31768
0 1 31769
0 1 31775
0 1 31778
0 1 31781
0 1 31782
0 1 31785
0 1 31787
0 1 31788
0 1 31792
0 1 31793
0 1 31794
0 1 31795
0 1 31798
0 1 31800
0 1 31802
0 1 31805
0 1 31808
0 1 31812
0 1 31814
0 1 31816
0 1 31819
0 1 31822
0 1 31824
0 1 31831
0 1 31833
0 1 31837
0 1 31838
0 1 31840
0 1 31841
0 1 31842
0 1 31844
0 1 31848
0 1 31854
0 1 31855
0 1 31857
0 1 31860
0 1 31861
0 1 31866
0 1 31871
0 1 31872
0 1 31873
0 1 31874
0 1 31876
0 1 31877
0 1 31880
0 1 31885
0 1 31886
0 1 31888
0 1 31893
0 1 31897
0 1 31899
0 1 31902
0 1 31906
0 1 31907
0 1 31908
0 1 31909
0 1 31911
0 1 31912
0 1 31918
0 1 31919
0 1 31920
0 1 31923
0 1 31924
0 1 31926
0 1 31928
0 1 31929
0 1 31930
0 1 31934
0 1 31940
0 1 31941
0 1 31943
0 1 31946
0 1 31947
0 1 31948
0 1 31949
0 1 31953
0 1 31956
0 1 31960
0 1 31965
0 1 31966
0 1 31968
0 1 31970
0 1 31973
0 1 31974
0 1 31980
0 1 31981
0 1 31984
0 1 31988
0 1 31989
0 1 31996
0 1 31997
0 1 31998
0 1 32000
0 1 32006
0 1 32008
0 1 32010
0 1 32011
0 1 32012
0 1 32014
0 1 32017
0 1 32018
0 1 32022
0 1 32034
0 1 32038
0 1 32041
0 1 32045
0 1 32046
0 1 32048
0 1 32049
0 1 32050
0 1 32051
0 1 32052
0 1 32056
0 1 32059
0 1 32060
0 1 32063
0 1 32064
0 1 32074
0 1 32075
0 1 32080
0 1 32082
0 1 32084
0 1 32086
0 1 32090
0 1 32091
0 1 32093
0 1 32098
0 1 32099
0 1 32101
0 1 32105
0 1 32107
0 1 32114
0 1 32116
0 1 32121
0 1 32123
0 1 32128
0 1 32129
0 1 32136
0 1 32138
0 1 32139
0 1 32143
0 1 32146
0 1 32150
0 1 32157
0 1 32162
0 1 32164
0 1 32167
0 1 32168
0 1 32172
0 1 32173
0 1 32174
0 1 32178
0 1 32182
0 1 32189
0 1 32190
0 1 32191
0 1 32192
0 1 32193
0 1 32194
0 1 32197
0 1 32200
0 1 32202
0 1 32207
0 1 32208
0 1 32212
0 1 32218
0 1 32221
0 1 32229
0 1 32230
0 1 32231
0 1 32232
0 1 32233
0 1 32234
0 1 32237
0 1 32239
0 1 32240
0 1 32241
0 1 32242
0 1 32244
0 1 32250
0 1 32252
0 1 32254
0 1 32257
0 1 32259
0 1 32262
0 1 32267
0 1 32268
0 1 32270
0 1 32273
0 1 32274
0 1 32276
0 1 32278
0 1 32282
0 1 32283
0 1 32285
0 1 32286
0 1 32291
0 1 32292
0 1 32296
0 1 32297
0 1 32300
0 1 32301
0 1 32303
0 1 32305
0 1 32313
0 1 32318
0 1 32319
0 1 32322
0 1 32327
0 1 32330
0 1 32334
0 1 32335
0 1 32337
0 1 32343
0 1 32345
0 1 32346
0 1 32347
0 1 32349
0 1 32355
0 1 32356
0 1 32360
0 1 32362
0 1 32363
0 1 32365
0 1 32366
0 1 32371
0 1 32374
0 1 32379
0 1 32381
0 1 32382
0 1 32383
0 1 32384
0 1 32385
0 1 32386
0 1 32387
0 1 32388
0 1 32389
0 1 32393
0 1 32394
0 1 32395
0 1 32396
0 1 32400
0 1 32401
0 1 32403
0 1 32406
0 1 32407
0 1 32409
0 1 32411
0 1 32413
0 1 32415
0 1 32417
0 1 32419
0 1 32420
0 1 32423
0 1 32426
0 1 32427
0 1 32429
0 1 32434
0 1 32437
0 1 32441
0 1 32443
0 1 32445
0 1 32446
0 1 32447
0 1 32448
0 1 32449
0 1 32451
0 1 32453
0 1 32459
0 1 32462
0 1 32465
0 1 32474
0 1 32476
0 1 32478
0 1 32482
0 1 32484
0 1 32485
0 1 32488
0 1 32489
0 1 32490
0 1 32491
0 1 32492
0 1 32495
0 1 32496
0 1 32502
0 1 32505
0 1 32508
0 1 32514
0 1 32516
0 1 32518
0 1 32522
0 1 32525
0 1 32527
0 1 32529
0 1 32531
0 1 32541
0 1 32542
0 1 32547
0 1 32549
0 1 32550
0 1 32551
0 1 32553
0 1 32554
0 1 32556
0 1 32558
0 1 32561
0 1 32562
0 1 32563
0 1 32564
0 1 32566
0 1 32568
0 1 32570
0 1 32573
0 1 32577
0 1 32579
0 1 32581
0 1 32584
0 1 32587
0 1 32589
0 1 32591
0 1 32593
0 1 32595
0 1 32601
0 1 32602
0 1 32609
0 1 32613
0 1 32617
0 1 32620
0 1 32627
0 1 32628
0 1 32630
0 1 32631
0 1 32632
0 1 32633
0 1 32634
0 1 32635
0 1 32636
0 1 32638
0 1 32642
0 1 32645
0 1 32646
0 1 32651
0 1 32655
0 1 32658
0 1 32662
0 1 32666
0 1 32667
0 1 32668
0 1 32671
0 1 32676
0 1 32683
0 1 32686
0 1 32687
0 1 32693
0 1 32696
0 1 32700
0 1 32705
0 1 32707
0 1 32708
0 1 32710
0 1 32712
0 1 32718
0 1 32724
0 1 32727
0 1 32730
0 1 32732
0 1 32733
0 1 32734
0 1 32735
0 1 32738
0 1 32740
0 1 32743
0 1 32744
0 1 32746
0 1 32749
0 1 32751
0 1 32755
0 1 32757
0 1 32758
0 1 32759
0 1 32761
0 1 32762
0 1 32763
0 1 32765
0 1 32767
0 1 32772
0 1 32774
0 1 32778
0 1 32780
0 1 32782
0 1 32786
0 1 32787
0 1 32788
0 1 32789
0 1 32790
0 1 32791
0 1 32794
0 1 32795
0 1 32797
0 1 32798
0 1 32799
0 1 32800
0 1 32802
0 1 32803
0 1 32805
0 1 32811
0 1 32812
0 1 32813
0 1 32814
0 1 32815
0 1 32826
0 1 32827
0 1 32828
0 1 32829
0 1 32831
0 1 32834
0 1 32835
0 1 32837
0 1 32840
0 1 32841
0 1 32850
0 1 32851
0 1 32852
0 1 32855
0 1 32858
0 1 32859
0 1 32861
0 1 32862
0 1 32875
0 1 32876
0 1 32886
0 1 32889
0 1 32891
0 1 32893
0 1 32894
0 1 32895
0 1 32899
0 1 32900
0 1 32903
0 1 32905
0 1 32906
0 1 32907
0 1 32911
0 1 32912
0 1 32913
0 1 32915
0 1 32921
0 1 32924
0 1 32925
0 1 32927
0 1 32928
0 1 32929
0 1 32931
0 1 32932
0 1 32933
0 1 32934
0 1 32936
0 1 32937
0 1 32938
0 1 32940
0 1 32945
0 1 32947
0 1 32948
0 1 32954
0 1 32956
0 1 32958
0 1 32961
0 1 32967
0 1 32968
0 1 32977
0 1 32980
0 1 32984
0 1 32986
0 1 32987
0 1 32989
0 1 32993
0 1 32995
0 1 32997
0 1 33003
0 1 33007
0 1 33010
0 1 33014
0 1 33016
0 1 33021
0 1 33027
0 1 33028
0 1 33029
0 1 33031
0 1 33034
0 1 33035
0 1 33036
0 1 33037
0 1 33038
0 1 33039
0 1 33040
0 1 33043
0 1 33044
0 1 33045
0 1 33052
0 1 33055
0 1 33062
0 1 33063
0 1 33066
0 1 33067
0 1 33069
0 1 33072
0 1 33077
0 1 33078
0 1 33079
0 1 33080
0 1 33082
0 1 33085
0 1 33086
0 1 33089
0 1 33091
0 1 33092
0 1 33093
0 1 33094
0 1 33097
0 1 33098
0 1 33099
0 1 33103
0 1 33106
0 1 33107
0 1 33111
0 1 33112
0 1 33113
0 1 33115
0 1 33122
0 1 33125
0 1 33127
0 1 33128
0 1 33132
0 1 33139
0 1 33140
0 1 33147
0 1 33154
0 1 33155
0 1 33156
0 1 33157
0 1 33158
0 1 33161
0 1 33166
0 1 33168
0 1 33169
0 1 33170
0 1 33171
0 1 33173
0 1 33175
0 1 33178
0 1 33181
0 1 33182
0 1 33183
0 1 33184
0 1 33191
0 1 33196
0 1 33197
0 1 33201
0 1 33202
0 1 33204
0 1 33206
0 1 33207
0 1 33209
0 1 33210
0 1 33213
0 1 33214
0 1 33217
0 1 33219
0 1 33221
0 1 33222
0 1 33223
0 1 33224
0 1 33225
0 1 33226
0 1 33228
0 1 33234
0 1 33236
0 1 33237
0 1 33238
0 1 33239
0 1 33241
0 1 33242
0 1 33243
0 1 33244
0 1 33245
0 1 33248
0 1 33249
0 1 33253
0 1 33255
0 1 33256
0 1 33257
0 1 33259
0 1 33260
0 1 33261
0 1 33262
0 1 33268
0 1 33269
0 1 33270
0 1 33277
0 1 33279
0 1 33280
0 1 33281
0 1 33284
0 1 33285
0 1 33288
0 1 33289
0 1 33295
0 1 33306
0 1 33307
0 1 33314
0 1 33315
0 1 33316
0 1 33324
0 1 33325
0 1 33328
0 1 33329
0 1 33332
0 1 33333
0 1 33334
0 1 33335
0 1 33337
0 1 33339
0 1 33341
0 1 33344
0 1 33345
0 1 33349
0 1 33353
0 1 33354
0 1 33355
0 1 33357
0 1 33360
0 1 33363
0 1 33366
0 1 33371
0 1 33372
0 1 33374
0 1 33376
0 1 33377
0 1 33378
0 1 33380
0 1 33382
0 1 33384
0 1 33385
0 1 33386
0 1 33387
0 1 33389
0 1 33391
0 1 33393
0 1 33394
0 1 33395
0 1 33397
0 1 33398
0 1 33399
0 1 33401
0 1 33406
0 1 33409
0 1 33411
0 1 33413
0 1 33414
0 1 33420
0 1 33421
0 1 33425
0 1 33427
0 1 33436
0 1 33437
0 1 33438
0 1 33446
0 1 33447
0 1 33449
0 1 33453
0 1 33454
0 1 33458
0 1 33459
0 1 33460
0 1 33461
0 1 33468
0 1 33471
0 1 33472
0 1 33473
0 1 33480
0 1 33481
0 1 33482
0 1 33483
0 1 33485
0 1 33486
0 1 33491
0 1 33495
0 1 33496
0 1 33500
0 1 33502
0 1 33505
0 1 33509
0 1 33513
0 1 33514
0 1 33517
0 1 33520
0 1 33522
0 1 33527
0 1 33529
0 1 33530
0 1 33531
0 1 33532
0 1 33536
0 1 33537
0 1 33541
0 1 33549
0 1 33554
0 1 33555
0 1 33556
0 1 33557
0 1 33559
0 1 33561
0 1 33568
0 1 33569
0 1 33572
0 1 33573
0 1 33576
0 1 33579
0 1 33581
0 1 33582
0 1 33585
0 1 33587
0 1 33589
0 1 33590
0 1 33595
0 1 33599
0 1 33603
0 1 33605
0 1 33607
0 1 33608
0 1 33609
0 1 33611
0 1 33612
0 1 33615
0 1 33623
0 1 33624
0 1 33626
0 1 33627
0 1 33629
0 1 33630
0 1 33632
0 1 33633
0 1 33637
0 1 33640
0 1 33645
0 1 33647
0 1 33650
0 1 33652
0 1 33655
0 1 33657
0 1 33658
0 1 33661
0 1 33664
0 1 33666
0 1 33667
0 1 33670
0 1 33671
0 1 33673
0 1 33675
0 1 33676
0 1 33680
0 1 33682
0 1 33687
0 1 33692
0 1 33693
0 1 33698
0 1 33701
0 1 33704
0 1 33707
0 1 33708
0 1 33709
0 1 33711
0 1 33712
0 1 33714
0 1 33717
0 1 33720
0 1 33721
0 1 33725
0 1 33727
0 1 33729
0 1 33730
0 1 33733
0 1 33736
0 1 33741
0 1 33742
0 1 33746
0 1 33750
0 1 33751
0 1 33753
0 1 33755
0 1 33756
0 1 33757
0 1 33758
0 1 33765
0 1 33767
0 1 33770
0 1 33771
0 1 33776
0 1 33782
0 1 33784
0 1 33785
0 1 33787
0 1 33788
0 1 33789
0 1 33794
0 1 33795
0 1 33797
0 1 33800
0 1 33801
0 1 33803
0 1 33804
0 1 33807
0 1 33809
0 1 33811
0 1 33812
0 1 33814
0 1 33817
0 1 33818
0 1 33820
0 1 33823
0 1 33825
0 1 33827
0 1 33830
0 1 33835
0 1 33840
0 1 33841
0 1 33842
0 1 33844
0 1 33848
0 1 33849
0 1 33852
0 1 33853
0 1 33856
0 1 33860
0 1 33864
0 1 33865
0 1 33867
0 1 33869
0 1 33870
0 1 33871
0 1 33874
0 1 33876
0 1 33880
0 1 33886
0 1 33887
0 1 33890
0 1 33892
0 1 33898
0 1 33900
0 1 33902
0 1 33905
0 1 33906
0 1 33910
0 1 33914
0 1 33915
0 1 33917
0 1 33920
0 1 33921
0 1 33922
0 1 33923
0 1 33927
0 1 33941
0 1 33943
0 1 33944
0 1 33945
0 1 33947
0 1 33953
0 1 33956
0 1 33960
0 1 33961
0 1 33964
0 1 33974
0 1 33976
0 1 33977
0 1 33978
0 1 33981
0 1 33983
0 1 33984
0 1 33989
0 1 33990
0 1 33991
0 1 33992
0 1 33995
0 1 33999
0 1 34000
0 1 34001
0 1 34004
0 1 34005
0 1 34010
0 1 34012
0 1 34013
0 1 34016
0 1 34017
0 1 34019
0 1 34023
0 1 34026
0 1 34028
0 1 34029
0 1 34030
0 1 34035
0 1 34039
0 1 34040
0 1 34041
0 1 34042
0 1 34043
0 1 34046
0 1 34049
0 1 34053
0 1 34054
0 1 34058
0 1 34059
0 1 34060
0 1 34063
0 1 34064
0 1 34065
0 1 34066
0 1 34067
0 1 34073
0 1 34074
0 1 34075
0 1 34076
0 1 34077
0 1 34080
0 1 34085
0 1 34092
0 1 34093
0 1 34095
0 1 34097
0 1 34098
0 1 34099
0 1 34100
0 1 34105
0 1 34106
0 1 34107
0 1 34108
0 1 34109
0 1 34110
0 1 34112
0 1 34113
0 1 34115
0 1 34117
0 1 34123
0 1 34124
0 1 34125
0 1 34127
0 1 34131
0 1 34132
0 1 34135
0 1 34137
0 1 34141
0 1 34143
0 1 34144
0 1 34145
0 1 34147
0 1 34148
0 1 34151
0 1 34152
0 1 34155
0 1 34160
0 1 34163
0 1 34164
0 1 34168
0 1 34169
0 1 34170
0 1 34172
0 1 34177
0 1 34180
0 1 34185
0 1 34186
0 1 34187
0 1 34188
0 1 34190
0 1 34191
0 1 34194
0 1 34195
0 1 34197
0 1 34198
0 1 34200
0 1 34203
0 1 34204
0 1 34205
0 1 34207
0 1 34210
0 1 34219
0 1 34223
0 1 34224
0 1 34225
0 1 34226
0 1 34227
0 1 34230
0 1 34231
0 1 34232
0 1 34233
0 1 34237
0 1 34239
0 1 34241
0 1 34244
0 1 34245
0 1 34247
0 1 34248
0 1 34249
0 1 34252
0 1 34254
0 1 34258
0 1 34260
0 1 34267
0 1 34272
0 1 34280
0 1 34284
0 1 34285
0 1 34288
0 1 34290
0 1 34294
0 1 34296
0 1 34300
0 1 34302
0 1 34307
0 1 34308
0 1 34309
0 1 34314
0 1 34315
0 1 34316
0 1 34317
0 1 34318
0 1 34323
0 1 34324
0 1 34325
0 1 34327
0 1 34328
0 1 34333
0 1 34334
0 1 34335
0 1 34336
0 1 34344
0 1 34347
0 1 34348
0 1 34349
0 1 34352
0 1 34356
0 1 34357
0 1 34358
0 1 34364
0 1 34365
0 1 34366
0 1 34367
0 1 34369
0 1 34370
0 1 34372
0 1 34377
0 1 34378
0 1 34379
0 1 34384
0 1 34393
0 1 34395
0 1 34398
0 1 34400
0 1 34402
0 1 34403
0 1 34404
0 1 34406
0 1 34407
0 1 34408
0 1 34410
0 1 34411
0 1 34413
0 1 34414
0 1 34415
0 1 34417
0 1 34418
0 1 34420
0 1 34422
0 1 34424
0 1 34427
0 1 34430
0 1 34431
0 1 34433
0 1 34434
0 1 34436
0 1 34441
0 1 34443
0 1 34444
0 1 34446
0 1 34447
0 1 34449
0 1 34452
0 1 34454
0 1 34459
0 1 34460
0 1 34462
0 1 34463
0 1 34465
0 1 34466
0 1 34471
0 1 34474
0 1 34477
0 1 34478
0 1 34479
0 1 34481
0 1 34483
0 1 34485
0 1 34488
0 1 34491
0 1 34497
0 1 34498
0 1 34502
0 1 34507
0 1 34510
0 1 34512
0 1 34518
0 1 34520
0 1 34521
0 1 34522
0 1 34524
0 1 34527
0 1 34531
0 1 34532
0 1 34534
0 1 34535
0 1 34536
0 1 34537
0 1 34538
0 1 34543
0 1 34548
0 1 34549
0 1 34552
0 1 34554
0 1 34556
0 1 34560
0 1 34561
0 1 34563
0 1 34566
0 1 34567
0 1 34568
0 1 34569
0 1 34570
0 1 34573
0 1 34574
0 1 34576
0 1 34580
0 1 34582
0 1 34584
0 1 34587
0 1 34592
0 1 34595
0 1 34596
0 1 34598
0 1 34603
0 1 34605
0 1 34606
0 1 34610
0 1 34616
0 1 34617
0 1 34621
0 1 34623
0 1 34624
0 1 34625
0 1 34630
0 1 34632
0 1 34634
0 1 34635
0 1 34638
0 1 34639
0 1 34640
0 1 34641
0 1 34642
0 1 34646
0 1 34647
0 1 34652
0 1 34655
0 1 34673
0 1 34674
0 1 34675
0 1 34678
0 1 34680
0 1 34682
0 1 34687
0 1 34693
0 1 34695
0 1 34696
0 1 34698
0 1 34700
0 1 34703
0 1 34704
0 1 34706
0 1 34708
0 1 34709
0 1 34711
0 1 34713
0 1 34717
0 1 34723
0 1 34725
0 1 34728
0 1 34730
0 1 34733
0 1 34735
0 1 34742
0 1 34748
0 1 34749
0 1 34752
0 1 34753
0 1 34756
0 1 34758
0 1 34759
0 1 34760
0 1 34766
0 1 34767
0 1 34768
0 1 34773
0 1 34774
0 1 34776
0 1 34777
0 1 34781
0 1 34791
0 1 34794
0 1 34804
0 1 34805
0 1 34806
0 1 34807
0 1 34808
0 1 34810
0 1 34813
0 1 34815
0 1 34816
0 1 34817
0 1 34818
0 1 34822
0 1 34823
0 1 34825
0 1 34828
0 1 34829
0 1 34830
0 1 34833
0 1 34835
0 1 34836
0 1 34840
0 1 34842
0 1 34843
0 1 34844
0 1 34845
0 1 34847
0 1 34853
0 1 34858
0 1 34859
0 1 34861
0 1 34862
0 1 34865
0 1 34866
0 1 34868
0 1 34870
0 1 34872
0 1 34873
0 1 34875
0 1 34877
0 1 34878
0 1 34881
0 1 34883
0 1 34890
0 1 34892
0 1 34893
0 1 34894
0 1 34897
0 1 34899
0 1 34900
0 1 34901
0 1 34905
0 1 34908
0 1 34910
0 1 34911
0 1 34914
0 1 34918
0 1 34920
0 1 34921
0 1 34924
0 1 34925
0 1 34927
0 1 34932
0 1 34933
0 1 34936
0 1 34937
0 1 34938
0 1 34939
0 1 34944
0 1 34950
0 1 34953
0 1 34954
0 1 34963
0 1 34967
0 1 34968
0 1 34974
0 1 34977
0 1 34980
0 1 34986
0 1 34989
0 1 34991
0 1 34994
0 1 35005
0 1 35007
0 1 35013
0 1 35015
0 1 35019
0 1 35024
0 1 35026
0 1 35029
0 1 35030
0 1 35032
0 1 35037
0 1 35038
0 1 35039
0 1 35041
0 1 35042
0 1 35045
0 1 35046
0 1 35047
0 1 35050
0 1 35052
0 1 35055
0 1 35056
0 1 35059
0 1 35060
0 1 35063
0 1 35065
0 1 35067
0 1 35070
0 1 35073
0 1 35074
0 1 35076
0 1 35080
0 1 35082
0 1 35087
0 1 35088
0 1 35089
0 1 35091
0 1 35102
0 1 35104
0 1 35105
0 1 35107
0 1 35108
0 1 35111
0 1 35113
0 1 35114
0 1 35116
0 1 35117
0 1 35118
0 1 35119
0 1 35124
0 1 35126
0 1 35127
0 1 35139
0 1 35140
0 1 35143
0 1 35145
0 1 35146
0 1 35151
0 1 35153
0 1 35154
0 1 35159
0 1 35161
0 1 35167
0 1 35171
0 1 35172
0 1 35177
0 1 35180
0 1 35184
0 1 35185
0 1 35186
0 1 35187
0 1 35188
0 1 35189
0 1 35192
0 1 35193
0 1 35195
0 1 35199
0 1 35202
0 1 35204
0 1 35206
0 1 35208
0 1 35209
0 1 35210
0 1 35211
0 1 35212
0 1 35213
0 1 35217
0 1 35219
0 1 35220
0 1 35223
0 1 35224
0 1 35226
0 1 35228
0 1 35232
0 1 35238
0 1 35239
0 1 35242
0 1 35243
0 1 35247
0 1 35252
0 1 35253
0 1 35254
0 1 35256
0 1 35257
0 1 35258
0 1 35259
0 1 35266
0 1 35268
0 1 35269
0 1 35270
0 1 35271
0 1 35280
0 1 35282
0 1 35283
0 1 35284
0 1 35288
0 1 35290
0 1 35292
0 1 35293
0 1 35296
0 1 35298
0 1 35302
0 1 35304
0 1 35313
0 1 35316
0 1 35320
0 1 35321
0 1 35323
0 1 35331
0 1 35333
0 1 35336
0 1 35340
0 1 35341
0 1 35342
0 1 35343
0 1 35345
0 1 35349
0 1 35350
0 1 35353
0 1 35362
0 1 35363
0 1 35365
0 1 35367
0 1 35368
0 1 35373
0 1 35375
0 1 35385
0 1 35387
0 1 35388
0 1 35390
0 1 35391
0 1 35393
0 1 35396
0 1 35397
0 1 35400
0 1 35401
0 1 35403
0 1 35407
0 1 35410
0 1 35411
0 1 35412
0 1 35413
0 1 35417
0 1 35423
0 1 35424
0 1 35429
0 1 35430
0 1 35431
0 1 35433
0 1 35437
0 1 35439
0 1 35442
0 1 35443
0 1 35451
0 1 35454
0 1 35455
0 1 35457
0 1 35458
0 1 35459
0 1 35462
0 1 35465
0 1 35469
0 1 35470
0 1 35474
0 1 35476
0 1 35478
0 1 35479
0 1 35487
0 1 35489
0 1 35491
0 1 35492
0 1 35498
0 1 35500
0 1 35501
0 1 35503
0 1 35505
0 1 35506
0 1 35509
0 1 35510
0 1 35512
0 1 35514
0 1 35516
0 1 35519
0 1 35521
0 1 35522
0 1 35523
0 1 35524
0 1 35526
0 1 35527
0 1 35535
0 1 35537
0 1 35540
0 1 35541
0 1 35543
0 1 35546
0 1 35548
0 1 35551
0 1 35552
0 1 35557
0 1 35558
0 1 35559
0 1 35565
0 1 35568
0 1 35569
0 1 35573
0 1 35576
0 1 35578
0 1 35582
0 1 35583
0 1 35584
0 1 35586
0 1 35587
0 1 35592
0 1 35594
0 1 35595
0 1 35598
0 1 35604
0 1 35607
0 1 35608
0 1 35610
0 1 35611
0 1 35615
0 1 35616
0 1 35618
0 1 35619
0 1 35627
0 1 35629
0 1 35633
0 1 35639
0 1 35642
0 1 35643
0 1 35644
0 1 35646
0 1 35654
0 1 35656
0 1 35657
0 1 35658
0 1 35660
0 1 35661
0 1 35663
0 1 35668
0 1 35673
0 1 35674
0 1 35675
0 1 35680
0 1 35684
0 1 35685
0 1 35687
0 1 35688
0 1 35690
0 1 35692
0 1 35696
0 1 35697
0 1 35698
0 1 35702
0 1 35703
0 1 35704
0 1 35705
0 1 35709
0 1 35711
0 1 35712
0 1 35713
0 1 35714
0 1 35716
0 1 35717
0 1 35721
0 1 35722
0 1 35727
0 1 35729
0 1 35731
0 1 35732
0 1 35734
0 1 35739
0 1 35740
0 1 35743
0 1 35745
0 1 35747
0 1 35754
0 1 35756
0 1 35758
0 1 35759
0 1 35760
0 1 35764
0 1 35765
0 1 35766
0 1 35767
0 1 35769
0 1 35770
0 1 35772
0 1 35775
0 1 35777
0 1 35779
0 1 35780
0 1 35783
0 1 35784
0 1 35787
0 1 35788
0 1 35792
0 1 35794
0 1 35795
0 1 35796
0 1 35798
0 1 35800
0 1 35803
0 1 35806
0 1 35808
0 1 35812
0 1 35813
0 1 35814
0 1 35815
0 1 35816
0 1 35821
0 1 35830
0 1 35832
0 1 35833
0 1 35834
0 1 35836
0 1 35838
0 1 35841
0 1 35842
0 1 35844
0 1 35847
0 1 35849
0 1 35850
0 1 35851
0 1 35852
0 1 35855
0 1 35856
0 1 35859
0 1 35863
0 1 35864
0 1 35865
0 1 35866
0 1 35867
0 1 35868
0 1 35870
0 1 35872
0 1 35873
0 1 35877
0 1 35879
0 1 35883
0 1 35884
0 1 35894
0 1 35896
0 1 35898
0 1 35904
0 1 35913
0 1 35916
0 1 35918
0 1 35919
0 1 35924
0 1 35932
0 1 35933
0 1 35934
0 1 35935
0 1 35937
0 1 35939
0 1 35941
0 1 35942
0 1 35948
0 1 35949
0 1 35953
0 1 35954
0 1 35956
0 1 35957
0 1 35959
0 1 35962
0 1 35963
0 1 35965
0 1 35967
0 1 35973
0 1 35975
0 1 35978
0 1 35980
0 1 35983
0 1 35984
0 1 35986
0 1 35987
0 1 35989
0 1 35990
0 1 35992
0 1 35994
0 1 35995
0 1 35999
0 1 36001
0 1 36002
0 1 36003
0 1 36005
0 1 36006
0 1 36007
0 1 36008
0 1 36010
0 1 36013
0 1 36014
0 1 36021
0 1 36025
0 1 36026
0 1 36031
0 1 36032
0 1 36034
0 1 36035
0 1 36036
0 1 36043
0 1 36044
0 1 36045
0 1 36046
0 1 36050
0 1 36053
0 1 36054
0 1 36055
0 1 36059
0 1 36062
0 1 36064
0 1 36065
0 1 36067
0 1 36070
0 1 36075
0 1 36080
0 1 36084
0 1 36089
0 1 36090
0 1 36094
0 1 36095
0 1 36098
0 1 36099
0 1 36100
0 1 36101
0 1 36105
0 1 36106
0 1 36108
0 1 36109
0 1 36110
0 1 36111
0 1 36113
0 1 36114
0 1 36118
0 1 36121
0 1 36122
0 1 36123
0 1 36126
0 1 36128
0 1 36132
0 1 36134
0 1 36137
0 1 36140
0 1 36141
0 1 36142
0 1 36143
0 1 36144
0 1 36145
0 1 36146
0 1 36147
0 1 36148
0 1 36150
0 1 36151
0 1 36157
0 1 36160
0 1 36162
0 1 36163
0 1 36164
0 1 36165
0 1 36167
0 1 36170
0 1 36175
0 1 36176
0 1 36178
0 1 36179
0 1 36181
0 1 36186
0 1 36189
0 1 36192
0 1 36198
0 1 36202
0 1 36206
0 1 36208
0 1 36210
0 1 36216
0 1 36217
0 1 36218
0 1 36219
0 1 36220
0 1 36221
0 1 36223
0 1 36232
0 1 36235
0 1 36237
0 1 36242
0 1 36245
0 1 36247
0 1 36248
0 1 36249
0 1 36252
0 1 36253
0 1 36254
0 1 36257
0 1 36259
0 1 36265
0 1 36268
0 1 36273
0 1 36276
0 1 36280
0 1 36284
0 1 36287
0 1 36288
0 1 36289
0 1 36292
0 1 36296
0 1 36298
0 1 36299
0 1 36301
0 1 36304
0 1 36305
0 1 36306
0 1 36309
0 1 36314
0 1 36316
0 1 36319
0 1 36321
0 1 36324
0 1 36326
0 1 36328
0 1 36331
0 1 36332
0 1 36335
0 1 36336
0 1 36337
0 1 36338
0 1 36345
0 1 36346
0 1 36347
0 1 36348
0 1 36349
0 1 36350
0 1 36352
0 1 36353
0 1 36354
0 1 36355
0 1 36362
0 1 36363
0 1 36369
0 1 36371
0 1 36372
0 1 36373
0 1 36375
0 1 36380
0 1 36383
0 1 36386
0 1 36388
0 1 36390
0 1 36392
0 1 36397
0 1 36399
0 1 36401
0 1 36405
0 1 36406
0 1 36411
0 1 36420
0 1 36424
0 1 36425
0 1 36426
0 1 36433
0 1 36439
0 1 36440
0 1 36442
0 1 36443
0 1 36448
0 1 36453
0 1 36455
0 1 36457
0 1 36465
0 1 36467
0 1 36470
0 1 36475
0 1 36477
0 1 36479
0 1 36480
0 1 36481
0 1 36482
0 1 36487
0 1 36489
0 1 36490
0 1 36495
0 1 36499
0 1 36500
0 1 36504
0 1 36505
0 1 36508
0 1 36512
0 1 36513
0 1 36515
0 1 36518
0 1 36519
0 1 36521
0 1 36523
0 1 36525
0 1 36526
0 1 36527
0 1 36529
0 1 36541
0 1 36542
0 1 36543
0 1 36545
0 1 36546
0 1 36552
0 1 36555
0 1 36556
0 1 36564
0 1 36567
0 1 36569
0 1 36574
0 1 36577
0 1 36582
0 1 36584
0 1 36586
0 1 36589
0 1 36593
0 1 36594
0 1 36599
0 1 36605
0 1 36607
0 1 36609
0 1 36611
0 1 36612
0 1 36613
0 1 36614
0 1 36616
0 1 36618
0 1 36619
0 1 36620
0 1 36626
0 1 36631
0 1 36633
0 1 36636
0 1 36637
0 1 36639
0 1 36640
0 1 36641
0 1 36643
0 1 36650
0 1 36656
0 1 36659
0 1 36664
0 1 36665
0 1 36670
0 1 36672
0 1 36674
0 1 36681
0 1 36685
0 1 36687
0 1 36690
0 1 36692
0 1 36693
0 1 36694
0 1 36695
0 1 36697
0 1 36699
0 1 36702
0 1 36703
0 1 36704
0 1 36706
0 1 36709
0 1 36710
0 1 36712
0 1 36718
0 1 36722
0 1 36723
0 1 36727
0 1 36738
0 1 36739
0 1 36741
0 1 36744
0 1 36747
0 1 36748
0 1 36749
0 1 36750
0 1 36755
0 1 36757
0 1 36759
0 1 36760
0 1 36763
0 1 36764
0 1 36765
0 1 36767
0 1 36770
0 1 36772
0 1 36773
0 1 36778
0 1 36780
0 1 36782
0 1 36785
0 1 36787
0 1 36788
0 1 36790
0 1 36794
0 1 36795
0 1 36799
0 1 36800
0 1 36802
0 1 36803
0 1 36805
0 1 36807
0 1 36811
0 1 36812
0 1 36814
0 1 36816
0 1 36817
0 1 36819
0 1 36822
0 1 36823
0 1 36824
0 1 36826
0 1 36834
0 1 36836
0 1 36837
0 1 36839
0 1 36848
0 1 36849
0 1 36854
0 1 36857
0 1 36859
0 1 36862
0 1 36866
0 1 36867
0 1 36870
0 1 36872
0 1 36873
0 1 36874
0 1 36875
0 1 36878
0 1 36882
0 1 36884
0 1 36885
0 1 36886
0 1 36891
0 1 36894
0 1 36898
0 1 36900
0 1 36904
0 1 36908
0 1 36910
0 1 36913
0 1 36916
0 1 36917
0 1 36922
0 1 36923
0 1 36925
0 1 36932
0 1 36938
0 1 36940
0 1 36941
0 1 36944
0 1 36953
0 1 36955
0 1 36960
0 1 36961
0 1 36963
0 1 36972
0 1 36975
0 1 36976
0 1 36977
0 1 36978
0 1 36981
0 1 36985
0 1 36986
0 1 36989
0 1 36992
0 1 36993
0 1 36997
0 1 37005
0 1 37006
0 1 37007
0 1 37008
0 1 37013
0 1 37016
0 1 37019
0 1 37020
0 1 37024
0 1 37025
0 1 37028
0 1 37033
0 1 37035
0 1 37036
0 1 37039
0 1 37041
0 1 37044
0 1 37047
0 1 37051
0 1 37053
0 1 37054
0 1 37057
0 1 37059
0 1 37063
0 1 37066
0 1 37067
0 1 37069
0 1 37071
0 1 37074
0 1 37077
0 1 37078
0 1 37079
0 1 37080
0 1 37081
0 1 37082
0 1 37084
0 1 37093
0 1 37094
0 1 37096
0 1 37100
0 1 37101
0 1 37103
0 1 37107
0 1 37109
0 1 37112
0 1 37114
0 1 37117
0 1 37119
0 1 37121
0 1 37122
0 1 37123
0 1 37131
0 1 37133
0 1 37134
0 1 37137
0 1 37139
0 1 37141
0 1 37142
0 1 37143
0 1 37148
0 1 37150
0 1 37151
0 1 37153
0 1 37157
0 1 37158
0 1 37159
0 1 37163
0 1 37170
0 1 37171
0 1 37176
0 1 37183
0 1 37188
0 1 37191
0 1 37192
0 1 37194
0 1 37195
0 1 37197
0 1 37198
0 1 37200
0 1 37201
0 1 37203
0 1 37204
0 1 37208
0 1 37209
0 1 37210
0 1 37211
0 1 37212
0 1 37213
0 1 37218
0 1 37225
0 1 37227
0 1 37229
0 1 37230
0 1 37232
0 1 37235
0 1 37236
0 1 37240
0 1 37241
0 1 37242
0 1 37248
0 1 37249
0 1 37251
0 1 37255
0 1 37258
0 1 37259
0 1 37260
0 1 37262
0 1 37264
0 1 37266
0 1 37270
0 1 37271
0 1 37273
0 1 37275
0 1 37276
0 1 37281
0 1 37282
0 1 37283
0 1 37284
0 1 37285
0 1 37286
0 1 37287
0 1 37288
0 1 37295
0 1 37296
0 1 37297
0 1 37298
0 1 37301
0 1 37302
0 1 37306
0 1 37311
0 1 37313
0 1 37317
0 1 37318
0 1 37320
0 1 37321
0 1 37325
0 1 37335
0 1 37336
0 1 37339
0 1 37340
0 1 37341
0 1 37342
0 1 37345
0 1 37351
0 1 37352
0 1 37353
0 1 37354
0 1 37356
0 1 37358
0 1 37362
0 1 37363
0 1 37365
0 1 37369
0 1 37371
0 1 37377
0 1 37379
0 1 37380
0 1 37382
0 1 37383
0 1 37386
0 1 37387
0 1 37390
0 1 37391
0 1 37396
0 1 37397
0 1 37401
0 1 37402
0 1 37407
0 1 37412
0 1 37414
0 1 37415
0 1 37416
0 1 37418
0 1 37422
0 1 37424
0 1 37426
0 1 37427
0 1 37428
0 1 37431
0 1 37435
0 1 37438
0 1 37439
0 1 37443
0 1 37444
0 1 37448
0 1 37450
0 1 37454
0 1 37457
0 1 37460
0 1 37463
0 1 37468
0 1 37469
0 1 37474
0 1 37476
0 1 37478
0 1 37480
0 1 37481
0 1 37483
0 1 37484
0 1 37488
0 1 37490
0 1 37493
0 1 37495
0 1 37498
0 1 37500
0 1 37503
0 1 37504
0 1 37505
0 1 37510
0 1 37511
0 1 37513
0 1 37517
0 1 37520
0 1 37522
0 1 37523
0 1 37524
0 1 37526
0 1 37533
0 1 37542
0 1 37547
0 1 37549
0 1 37553
0 1 37555
0 1 37556
0 1 37559
0 1 37562
0 1 37565
0 1 37566
0 1 37570
0 1 37571
0 1 37577
0 1 37578
0 1 37579
0 1 37580
0 1 37583
0 1 37584
0 1 37587
0 1 37589
0 1 37590
0 1 37592
0 1 37595
0 1 37597
0 1 37598
0 1 37599
0 1 37600
0 1 37603
0 1 37604
0 1 37606
0 1 37607
0 1 37608
0 1 37610
0 1 37611
0 1 37615
0 1 37618
0 1 37619
0 1 37620
0 1 37626
0 1 37629
0 1 37632
0 1 37637
0 1 37643
0 1 37644
0 1 37646
0 1 37648
0 1 37649
0 1 37656
0 1 37658
0 1 37660
0 1 37662
0 1 37663
0 1 37676
0 1 37678
0 1 37681
0 1 37682
0 1 37683
0 1 37686
0 1 37692
0 1 37693
0 1 37694
0 1 37700
0 1 37702
0 1 37704
0 1 37707
0 1 37708
0 1 37709
0 1 37713
0 1 37716
0 1 37721
0 1 37723
0 1 37726
0 1 37728
0 1 37737
0 1 37739
0 1 37740
0 1 37744
0 1 37747
0 1 37748
0 1 37749
0 1 37751
0 1 37756
0 1 37760
0 1 37762
0 1 37771
0 1 37772
0 1 37775
0 1 37776
0 1 37780
0 1 37783
0 1 37786
0 1 37789
0 1 37791
0 1 37797
0 1 37798
0 1 37799
0 1 37801
0 1 37804
0 1 37806
0 1 37807
0 1 37808
0 1 37810
0 1 37811
0 1 37814
0 1 37818
0 1 37821
0 1 37822
0 1 37824
0 1 37830
0 1 37833
0 1 37834
0 1 37835
0 1 37836
0 1 37837
0 1 37848
0 1 37849
0 1 37861
0 1 37862
0 1 37864
0 1 37865
0 1 37867
0 1 37873
0 1 37874
0 1 37875
0 1 37876
0 1 37879
0 1 37880
0 1 37886
0 1 37887
0 1 37892
0 1 37895
0 1 37896
0 1 37899
0 1 37900
0 1 37902
0 1 37903
0 1 37906
0 1 37907
0 1 37908
0 1 37912
0 1 37913
0 1 37915
0 1 37917
0 1 37918
0 1 37920
0 1 37922
0 1 37923
0 1 37924
0 1 37929
0 1 37930
0 1 37932
0 1 37935
0 1 37938
0 1 37944
0 1 37946
0 1 37947
0 1 37950
0 1 37951
0 1 37952
0 1 37956
0 1 37957
0 1 37959
0 1 37962
0 1 37965
0 1 37968
0 1 37972
0 1 37974
0 1 37975
0 1 37977
0 1 37978
0 1 37979
0 1 37981
0 1 37982
0 1 37987
0 1 37988
0 1 37995
0 1 37998
0 1 38000
0 1 38002
0 1 38003
0 1 38011
0 1 38013
0 1 38014
0 1 38016
0 1 38017
0 1 38020
0 1 38021
0 1 38022
0 1 38023
0 1 38025
0 1 38027
0 1 38031
0 1 38032
0 1 38033
0 1 38034
0 1 38055
0 1 38058
0 1 38059
0 1 38061
0 1 38064
0 1 38065
0 1 38068
0 1 38069
0 1 38071
0 1 38075
0 1 38077
0 1 38078
0 1 38082
0 1 38083
0 1 38084
0 1 38089
0 1 38094
0 1 38095
0 1 38096
0 1 38101
0 1 38103
0 1 38104
0 1 38113
0 1 38114
0 1 38117
0 1 38121
0 1 38122
0 1 38124
0 1 38126
0 1 38128
0 1 38129
0 1 38130
0 1 38136
0 1 38137
0 1 38138
0 1 38139
0 1 38145
0 1 38147
0 1 38150
0 1 38151
0 1 38153
0 1 38159
0 1 38161
0 1 38164
0 1 38167
0 1 38170
0 1 38171
0 1 38174
0 1 38175
0 1 38178
0 1 38181
0 1 38184
0 1 38185
0 1 38193
0 1 38194
0 1 38195
0 1 38197
0 1 38200
0 1 38203
0 1 38207
0 1 38210
0 1 38213
0 1 38214
0 1 38215
0 1 38218
0 1 38224
0 1 38225
0 1 38228
0 1 38229
0 1 38230
0 1 38231
0 1 38236
0 1 38239
0 1 38241
0 1 38242
0 1 38250
0 1 38253
0 1 38254
0 1 38259
0 1 38262
0 1 38263
0 1 38264
0 1 38266
0 1 38267
0 1 38268
0 1 38269
0 1 38271
0 1 38273
0 1 38274
0 1 38275
0 1 38276
0 1 38278
0 1 38279
0 1 38282
0 1 38283
0 1 38284
0 1 38285
0 1 38286
0 1 38295
0 1 38301
0 1 38303
0 1 38304
0 1 38306
0 1 38307
0 1 38309
0 1 38310
0 1 38312
0 1 38313
0 1 38317
0 1 38318
0 1 38320
0 1 38323
0 1 38324
0 1 38327
0 1 38328
0 1 38329
0 1 38332
0 1 38339
0 1 38340
0 1 38342
0 1 38344
0 1 38345
0 1 38349
0 1 38351
0 1 38360
0 1 38364
0 1 38367
0 1 38369
0 1 38371
0 1 38373
0 1 38375
0 1 38381
0 1 38386
0 1 38388
0 1 38389
0 1 38392
0 1 38395
0 1 38397
0 1 38401
0 1 38403
0 1 38405
0 1 38408
0 1 38409
0 1 38414
0 1 38415
0 1 38418
0 1 38419
0 1 38421
0 1 38424
0 1 38426
0 1 38428
0 1 38429
0 1 38431
0 1 38432
0 1 38433
0 1 38437
0 1 38438
0 1 38442
0 1 38443
0 1 38446
0 1 38447
0 1 38449
0 1 38450
0 1 38451
0 1 38453
0 1 38455
0 1 38458
0 1 38461
0 1 38464
0 1 38465
0 1 38471
0 1 38473
0 1 38476
0 1 38477
0 1 38478
0 1 38484
0 1 38485
0 1 38486
0 1 38487
0 1 38491
0 1 38492
0 1 38494
0 1 38497
0 1 38499
0 1 38500
0 1 38501
0 1 38506
0 1 38510
0 1 38516
0 1 38517
0 1 38519
0 1 38520
0 1 38521
0 1 38522
0 1 38524
0 1 38527
0 1 38528
0 1 38529
0 1 38532
0 1 38534
0 1 38535
0 1 38539
0 1 38540
0 1 38542
0 1 38543
0 1 38555
0 1 38561
0 1 38564
0 1 38566
0 1 38569
0 1 38570
0 1 38582
0 1 38584
0 1 38587
0 1 38588
0 1 38589
0 1 38591
0 1 38592
0 1 38594
0 1 38595
0 1 38598
0 1 38600
0 1 38601
0 1 38604
0 1 38605
0 1 38606
0 1 38607
0 1 38610
0 1 38614
0 1 38615
0 1 38618
0 1 38621
0 1 38623
0 1 38627
0 1 38630
0 1 38631
0 1 38632
0 1 38633
0 1 38637
0 1 38638
0 1 38639
0 1 38641
0 1 38646
0 1 38650
0 1 38652
0 1 38653
0 1 38655
0 1 38656
0 1 38658
0 1 38659
0 1 38660
0 1 38661
0 1 38662
0 1 38663
0 1 38666
0 1 38667
0 1 38669
0 1 38670
0 1 38671
0 1 38672
0 1 38673
0 1 38674
0 1 38676
0 1 38680
0 1 38681
0 1 38684
0 1 38686
0 1 38687
0 1 38689
0 1 38690
0 1 38694
0 1 38699
0 1 38701
0 1 38703
0 1 38704
0 1 38707
0 1 38709
0 1 38711
0 1 38714
0 1 38719
0 1 38720
0 1 38721
0 1 38723
0 1 38726
0 1 38729
0 1 38731
0 1 38733
0 1 38743
0 1 38751
0 1 38753
0 1 38754
0 1 38757
0 1 38763
0 1 38764
0 1 38765
0 1 38766
0 1 38770
0 1 38772
0 1 38774
0 1 38776
0 1 38777
0 1 38784
0 1 38788
0 1 38791
0 1 38792
0 1 38793
0 1 38794
0 1 38796
0 1 38800
0 1 38801
0 1 38806
0 1 38811
0 1 38814
0 1 38815
0 1 38816
0 1 38817
0 1 38824
0 1 38826
0 1 38827
0 1 38837
0 1 38843
0 1 38844
0 1 38848
0 1 38851
0 1 38852
0 1 38853
0 1 38856
0 1 38862
0 1 38865
0 1 38868
0 1 38870
0 1 38871
0 1 38872
0 1 38875
0 1 38878
0 1 38880
0 1 38882
0 1 38884
0 1 38889
0 1 38892
0 1 38893
0 1 38898
0 1 38904
0 1 38905
0 1 38906
0 1 38909
0 1 38910
0 1 38911
0 1 38915
0 1 38917
0 1 38920
0 1 38921
0 1 38929
0 1 38930
0 1 38933
0 1 38935
0 1 38938
0 1 38939
0 1 38940
0 1 38942
0 1 38943
0 1 38945
0 1 38946
0 1 38951
0 1 38954
0 1 38955
0 1 38959
0 1 38963
0 1 38966
0 1 38973
0 1 38976
0 1 38977
0 1 38978
0 1 38981
0 1 38982
0 1 38984
0 1 38986
0 1 38987
0 1 38988
0 1 38990
0 1 38993
0 1 38995
0 1 38999
0 1 39004
0 1 39005
0 1 39010
0 1 39013
0 1 39014
0 1 39019
0 1 39021
0 1 39023
0 1 39026
0 1 39028
0 1 39030
0 1 39031
0 1 39035
0 1 39041
0 1 39047
0 1 39057
0 1 39060
0 1 39063
0 1 39064
0 1 39066
0 1 39067
0 1 39069
0 1 39071
0 1 39078
0 1 39079
0 1 39080
0 1 39084
0 1 39088
0 1 39091
0 1 39092
0 1 39093
0 1 39094
0 1 39098
0 1 39100
0 1 39106
0 1 39111
0 1 39114
0 1 39115
0 1 39118
0 1 39119
0 1 39122
0 1 39123
0 1 39125
0 1 39126
0 1 39128
0 1 39129
0 1 39134
0 1 39135
0 1 39136
0 1 39140
0 1 39142
0 1 39146
0 1 39149
0 1 39157
0 1 39160
0 1 39166
0 1 39168
0 1 39170
0 1 39178
0 1 39180
0 1 39182
0 1 39184
0 1 39185
0 1 39188
0 1 39189
0 1 39191
0 1 39197
0 1 39198
0 1 39199
0 1 39200
0 1 39202
0 1 39208
0 1 39211
0 1 39213
0 1 39215
0 1 39218
0 1 39219
0 1 39221
0 1 39223
0 1 39225
0 1 39226
0 1 39227
0 1 39228
0 1 39236
0 1 39242
0 1 39244
0 1 39245
0 1 39254
0 1 39258
0 1 39259
0 1 39260
0 1 39261
0 1 39264
0 1 39268
0 1 39269
0 1 39270
0 1 39272
0 1 39274
0 1 39277
0 1 39278
0 1 39279
0 1 39281
0 1 39283
0 1 39287
0 1 39289
0 1 39290
0 1 39291
0 1 39292
0 1 39293
0 1 39296
0 1 39297
0 1 39298
0 1 39300
0 1 39301
0 1 39302
0 1 39304
0 1 39305
0 1 39306
0 1 39307
0 1 39308
0 1 39310
0 1 39317
0 1 39319
0 1 39320
0 1 39322
0 1 39323
0 1 39327
0 1 39330
0 1 39331
0 1 39335
0 1 39337
0 1 39338
0 1 39340
0 1 39343
0 1 39344
0 1 39347
0 1 39349
0 1 39350
0 1 39354
0 1 39355
0 1 39363
0 1 39364
0 1 39367
0 1 39371
0 1 39372
0 1 39373
0 1 39376
0 1 39381
0 1 39383
0 1 39387
0 1 39393
0 1 39397
0 1 39400
0 1 39403
0 1 39404
0 1 39405
0 1 39414
0 1 39415
0 1 39419
0 1 39420
0 1 39421
0 1 39425
0 1 39426
0 1 39429
0 1 39435
0 1 39436
0 1 39447
0 1 39448
0 1 39450
0 1 39454
0 1 39461
0 1 39464
0 1 39465
0 1 39469
0 1 39470
0 1 39471
0 1 39472
0 1 39476
0 1 39489
0 1 39492
0 1 39493
0 1 39494
0 1 39497
0 1 39500
0 1 39501
0 1 39502
0 1 39506
0 1 39515
0 1 39516
0 1 39518
0 1 39519
0 1 39522
0 1 39523
0 1 39524
0 1 39526
0 1 39527
0 1 39528
0 1 39530
0 1 39537
0 1 39540
0 1 39542
0 1 39544
0 1 39550
0 1 39551
0 1 39552
0 1 39553
0 1 39554
0 1 39555
0 1 39556
0 1 39558
0 1 39562
0 1 39564
0 1 39566
0 1 39569
0 1 39571
0 1 39573
0 1 39574
0 1 39578
0 1 39579
0 1 39582
0 1 39583
0 1 39585
0 1 39587
0 1 39591
0 1 39592
0 1 39598
0 1 39599
0 1 39606
0 1 39609
0 1 39613
0 1 39617
0 1 39618
0 1 39620
0 1 39622
0 1 39624
0 1 39626
0 1 39628
0 1 39631
0 1 39638
0 1 39639
0 1 39643
0 1 39644
0 1 39646
0 1 39648
0 1 39650
0 1 39653
0 1 39657
0 1 39659
0 1 39660
0 1 39661
0 1 39662
0 1 39664
0 1 39668
0 1 39670
0 1 39671
0 1 39672
0 1 39673
0 1 39674
0 1 39681
0 1 39683
0 1 39692
0 1 39693
0 1 39696
0 1 39699
0 1 39700
0 1 39702
0 1 39703
0 1 39704
0 1 39706
0 1 39707
0 1 39709
0 1 39712
0 1 39713
0 1 39714
0 1 39715
0 1 39717
0 1 39719
0 1 39720
0 1 39721
0 1 39724
0 1 39725
0 1 39728
0 1 39732
0 1 39734
0 1 39735
0 1 39741
0 1 39742
0 1 39743
0 1 39746
0 1 39747
0 1 39748
0 1 39754
0 1 39759
0 1 39762
0 1 39766
0 1 39769
0 1 39773
0 1 39777
0 1 39782
0 1 39784
0 1 39789
0 1 39790
0 1 39791
0 1 39793
0 1 39794
0 1 39797
0 1 39798
0 1 39799
0 1 39803
0 1 39806
0 1 39808
0 1 39811
0 1 39819
0 1 39820
0 1 39821
0 1 39822
0 1 39823
0 1 39827
0 1 39831
0 1 39832
0 1 39833
0 1 39834
0 1 39835
0 1 39836
0 1 39838
0 1 39839
0 1 39841
0 1 39843
0 1 39848
0 1 39849
0 1 39850
0 1 39851
0 1 39852
0 1 39853
0 1 39859
0 1 39863
0 1 39865
0 1 39866
0 1 39871
0 1 39872
0 1 39876
0 1 39878
0 1 39879
0 1 39880
0 1 39882
0 1 39884
0 1 39885
0 1 39887
0 1 39888
0 1 39891
0 1 39896
0 1 39901
0 1 39910
0 1 39913
0 1 39914
0 1 39920
0 1 39924
0 1 39927
0 1 39930
0 1 39932
0 1 39933
0 1 39935
0 1 39936
0 1 39937
0 1 39938
0 1 39939
0 1 39956
0 1 39959
0 1 39964
0 1 39970
0 1 39978
0 1 39981
0 1 39982
0 1 39984
0 1 39985
0 1 39992
0 1 39996
0 1 39997
0 1 39998
0 1 40001
0 1 40002
0 1 40003
0 1 40004
0 1 40014
0 1 40018
0 1 40019
0 1 40021
0 1 40023
0 1 40024
0 1 40025
0 1 40026
0 1 40028
0 1 40029
0 1 40034
0 1 40037
0 1 40038
0 1 40041
0 1 40045
0 1 40046
0 1 40048
0 1 40049
0 1 40050
0 1 40053
0 1 40054
0 1 40055
0 1 40058
0 1 40062
0 1 40068
0 1 40069
0 1 40073
0 1 40074
0 1 40076
0 1 40078
0 1 40080
0 1 40082
0 1 40085
0 1 40086
0 1 40091
0 1 40092
0 1 40094
0 1 40095
0 1 40102
0 1 40104
0 1 40105
0 1 40106
0 1 40107
0 1 40113
0 1 40114
0 1 40117
0 1 40120
0 1 40122
0 1 40123
0 1 40124
0 1 40127
0 1 40128
0 1 40132
0 1 40135
0 1 40137
0 1 40138
0 1 40141
0 1 40142
0 1 40144
0 1 40146
0 1 40154
0 1 40156
0 1 40157
0 1 40162
0 1 40166
0 1 40167
0 1 40168
0 1 40169
0 1 40171
0 1 40174
0 1 40175
0 1 40180
0 1 40182
0 1 40185
0 1 40186
0 1 40187
0 1 40188
0 1 40189
0 1 40194
0 1 40196
0 1 40199
0 1 40202
0 1 40203
0 1 40207
0 1 40211
0 1 40213
0 1 40216
0 1 40220
0 1 40222
0 1 40224
0 1 40225
0 1 40226
0 1 40227
0 1 40230
0 1 40237
0 1 40238
0 1 40239
0 1 40242
0 1 40245
0 1 40246
0 1 40247
0 1 40249
0 1 40254
0 1 40257
0 1 40261
0 1 40262
0 1 40264
0 1 40265
0 1 40266
0 1 40267
0 1 40268
0 1 40269
0 1 40271
0 1 40279
0 1 40281
0 1 40282
0 1 40287
0 1 40290
0 1 40294
0 1 40295
0 1 40297
0 1 40301
0 1 40306
0 1 40307
0 1 40310
0 1 40311
0 1 40312
0 1 40317
0 1 40318
0 1 40320
0 1 40322
0 1 40331
0 1 40332
0 1 40333
0 1 40334
0 1 40336
0 1 40342
0 1 40345
0 1 40346
0 1 40348
0 1 40350
0 1 40354
0 1 40355
0 1 40359
0 1 40360
0 1 40361
0 1 40364
0 1 40365
0 1 40370
0 1 40372
0 1 40374
0 1 40375
0 1 40377
0 1 40380
0 1 40383
0 1 40385
0 1 40393
0 1 40394
0 1 40396
0 1 40398
0 1 40399
0 1 40401
0 1 40404
0 1 40405
0 1 40408
0 1 40411
0 1 40412
0 1 40415
0 1 40420
0 1 40423
0 1 40427
0 1 40431
0 1 40432
0 1 40436
0 1 40437
0 1 40438
0 1 40439
0 1 40441
0 1 40443
0 1 40444
0 1 40445
0 1 40447
0 1 40448
0 1 40452
0 1 40457
0 1 40459
0 1 40461
0 1 40466
0 1 40467
0 1 40469
0 1 40472
0 1 40474
0 1 40475
0 1 40477
0 1 40479
0 1 40480
0 1 40481
0 1 40482
0 1 40486
0 1 40487
0 1 40490
0 1 40493
0 1 40495
0 1 40496
0 1 40498
0 1 40501
0 1 40505
0 1 40511
0 1 40514
0 1 40515
0 1 40517
0 1 40523
0 1 40524
0 1 40531
0 1 40539
0 1 40542
0 1 40548
0 1 40551
0 1 40554
0 1 40555
0 1 40557
0 1 40558
0 1 40559
0 1 40560
0 1 40562
0 1 40563
0 1 40570
0 1 40573
0 1 40574
0 1 40583
0 1 40584
0 1 40586
0 1 40589
0 1 40590
0 1 40592
0 1 40597
0 1 40601
0 1 40606
0 1 40607
0 1 40609
0 1 40611
0 1 40613
0 1 40615
0 1 40616
0 1 40617
0 1 40619
0 1 40621
0 1 40622
0 1 40624
0 1 40625
0 1 40626
0 1 40627
0 1 40628
0 1 40629
0 1 40632
0 1 40640
0 1 40642
0 1 40643
0 1 40644
0 1 40645
0 1 40648
0 1 40652
0 1 40660
0 1 40664
0 1 40666
0 1 40667
0 1 40671
0 1 40673
0 1 40675
0 1 40676
0 1 40677
0 1 40678
0 1 40680
0 1 40681
0 1 40684
0 1 40687
0 1 40692
0 1 40694
0 1 40696
0 1 40699
0 1 40701
0 1 40702
0 1 40704
0 1 40705
0 1 40708
0 1 40709
0 1 40710
0 1 40711
0 1 40714
0 1 40715
0 1 40716
0 1 40719
0 1 40722
0 1 40723
0 1 40726
0 1 40727
0 1 40731
0 1 40732
0 1 40735
0 1 40737
0 1 40738
0 1 40739
0 1 40741
0 1 40742
0 1 40743
0 1 40745
0 1 40746
0 1 40747
0 1 40748
0 1 40749
0 1 40750
0 1 40752
0 1 40754
0 1 40755
0 1 40756
0 1 40761
0 1 40762
0 1 40765
0 1 40767
0 1 40768
0 1 40770
0 1 40771
0 1 40772
0 1 40780
0 1 40781
0 1 40782
0 1 40783
0 1 40784
0 1 40785
0 1 40787
0 1 40791
0 1 40793
0 1 40795
0 1 40797
0 1 40799
0 1 40800
0 1 40801
0 1 40803
0 1 40805
0 1 40807
0 1 40808
0 1 40809
0 1 40810
0 1 40812
0 1 40814
0 1 40821
0 1 40822
0 1 40823
0 1 40824
0 1 40830
0 1 40831
0 1 40835
0 1 40838
0 1 40840
0 1 40842
0 1 40848
0 1 40850
0 1 40851
0 1 40857
0 1 40859
0 1 40869
0 1 40871
0 1 40872
0 1 40876
0 1 40878
0 1 40888
0 1 40889
0 1 40891
0 1 40892
0 1 40893
0 1 40895
0 1 40896
0 1 40897
0 1 40903
0 1 40904
0 1 40905
0 1 40907
0 1 40908
0 1 40909
0 1 40910
0 1 40912
0 1 40914
0 1 40915
0 1 40916
0 1 40925
0 1 40933
0 1 40935
0 1 40939
0 1 40940
0 1 40942
0 1 40946
0 1 40947
0 1 40948
0 1 40951
0 1 40955
0 1 40956
0 1 40957
0 1 40959
0 1 40961
0 1 40962
0 1 40964
0 1 40968
0 1 40971
0 1 40973
0 1 40974
0 1 40976
0 1 40977
0 1 40978
0 1 40980
0 1 40983
0 1 40984
0 1 40991
0 1 40994
0 1 40995
0 1 40997
0 1 41001
0 1 41002
0 1 41003
0 1 41005
0 1 41006
0 1 41008
0 1 41009
0 1 41010
0 1 41011
0 1 41012
0 1 41013
0 1 41019
0 1 41022
0 1 41023
0 1 41029
0 1 41031
0 1 41032
0 1 41043
0 1 41047
0 1 41049
0 1 41052
0 1 41055
0 1 41058
0 1 41062
0 1 41063
0 1 41064
0 1 41072
0 1 41074
0 1 41076
0 1 41078
0 1 41080
0 1 41081
0 1 41082
0 1 41089
0 1 41097
0 1 41099
0 1 41100
0 1 41107
0 1 41110
0 1 41111
0 1 41113
0 1 41117
0 1 41120
0 1 41121
0 1 41128
0 1 41131
0 1 41132
0 1 41134
0 1 41136
0 1 41137
0 1 41146
0 1 41148
0 1 41149
0 1 41152
0 1 41153
0 1 41158
0 1 41160
0 1 41169
0 1 41171
0 1 41172
0 1 41173
0 1 41176
0 1 41179
0 1 41182
0 1 41185
0 1 41187
0 1 41189
0 1 41190
0 1 41191
0 1 41193
0 1 41195
0 1 41198
0 1 41202
0 1 41204
0 1 41206
0 1 41208
0 1 41209
0 1 41213
0 1 41215
0 1 41219
0 1 41224
0 1 41225
0 1 41229
0 1 41231
0 1 41233
0 1 41234
0 1 41236
0 1 41237
0 1 41239
0 1 41242
0 1 41244
0 1 41250
0 1 41253
0 1 41254
0 1 41256
0 1 41268
0 1 41269
0 1 41271
0 1 41272
0 1 41273
0 1 41276
0 1 41277
0 1 41279
0 1 41280
0 1 41281
0 1 41282
0 1 41285
0 1 41286
0 1 41287
0 1 41290
0 1 41297
0 1 41298
0 1 41299
0 1 41300
0 1 41303
0 1 41310
0 1 41311
0 1 41314
0 1 41317
0 1 41322
0 1 41324
0 1 41325
0 1 41327
0 1 41330
0 1 41336
0 1 41341
0 1 41346
0 1 41351
0 1 41352
0 1 41354
0 1 41355
0 1 41356
0 1 41360
0 1 41365
0 1 41367
0 1 41369
0 1 41373
0 1 41374
0 1 41379
0 1 41380
0 1 41381
0 1 41383
0 1 41384
0 1 41387
0 1 41391
0 1 41394
0 1 41395
0 1 41396
0 1 41398
0 1 41404
0 1 41406
0 1 41408
0 1 41413
0 1 41414
0 1 41416
0 1 41417
0 1 41427
0 1 41430
0 1 41431
0 1 41433
0 1 41438
0 1 41440
0 1 41441
0 1 41444
0 1 41446
0 1 41455
0 1 41458
0 1 41459
0 1 41463
0 1 41464
0 1 41466
0 1 41471
0 1 41475
0 1 41483
0 1 41484
0 1 41489
0 1 41491
0 1 41493
0 1 41495
0 1 41497
0 1 41499
0 1 41500
0 1 41501
0 1 41505
0 1 41507
0 1 41508
0 1 41510
0 1 41511
0 1 41514
0 1 41515
0 1 41517
0 1 41518
0 1 41520
0 1 41523
0 1 41524
0 1 41527
0 1 41528
0 1 41529
0 1 41530
0 1 41531
0 1 41535
0 1 41536
0 1 41537
0 1 41538
0 1 41539
0 1 41540
0 1 41543
0 1 41546
0 1 41547
0 1 41548
0 1 41551
0 1 41552
0 1 41559
0 1 41560
0 1 41561
0 1 41562
0 1 41563
0 1 41565
0 1 41567
0 1 41568
0 1 41570
0 1 41575
0 1 41576
0 1 41577
0 1 41578
0 1 41581
0 1 41582
0 1 41585
0 1 41586
0 1 41588
0 1 41589
0 1 41590
0 1 41591
0 1 41593
0 1 41594
0 1 41595
0 1 41597
0 1 41599
0 1 41600
0 1 41601
0 1 41605
0 1 41606
0 1 41607
0 1 41608
0 1 41609
0 1 41617
0 1 41620
0 1 41621
0 1 41622
0 1 41626
0 1 41627
0 1 41629
0 1 41630
0 1 41636
0 1 41639
0 1 41641
0 1 41642
0 1 41650
0 1 41651
0 1 41655
0 1 41656
0 1 41665
0 1 41674
0 1 41675
0 1 41679
0 1 41681
0 1 41682
0 1 41684
0 1 41685
0 1 41686
0 1 41687
0 1 41688
0 1 41691
0 1 41695
0 1 41698
0 1 41700
0 1 41703
0 1 41705
0 1 41711
0 1 41713
0 1 41716
0 1 41718
0 1 41720
0 1 41723
0 1 41724
0 1 41726
0 1 41727
0 1 41728
0 1 41730
0 1 41732
0 1 41734
0 1 41741
0 1 41743
0 1 41744
0 1 41745
0 1 41752
0 1 41753
0 1 41755
0 1 41756
0 1 41757
0 1 41758
0 1 41759
0 1 41760
0 1 41763
0 1 41767
0 1 41771
0 1 41772
0 1 41773
0 1 41776
0 1 41777
0 1 41778
0 1 41779
0 1 41780
0 1 41783
0 1 41787
0 1 41788
0 1 41792
0 1 41794
0 1 41796
0 1 41800
0 1 41802
0 1 41803
0 1 41806
0 1 41808
0 1 41809
0 1 41813
0 1 41815
0 1 41818
0 1 41820
0 1 41823
0 1 41824
0 1 41826
0 1 41827
0 1 41828
0 1 41833
0 1 41841
0 1 41842
0 1 41844
0 1 41845
0 1 41849
0 1 41850
0 1 41851
0 1 41855
0 1 41859
0 1 41861
0 1 41862
0 1 41866
0 1 41867
0 1 41868
0 1 41871
0 1 41874
0 1 41875
0 1 41878
0 1 41880
0 1 41881
0 1 41884
0 1 41885
0 1 41889
0 1 41891
0 1 41893
0 1 41896
0 1 41901
0 1 41904
0 1 41905
0 1 41906
0 1 41907
0 1 41910
0 1 41913
0 1 41914
0 1 41916
0 1 41917
0 1 41921
0 1 41922
0 1 41925
0 1 41926
0 1 41928
0 1 41929
0 1 41931
0 1 41935
0 1 41938
0 1 41943
0 1 41944
0 1 41945
0 1 41950
0 1 41952
0 1 41954
0 1 41957
0 1 41961
0 1 41963
0 1 41968
0 1 41970
0 1 41971
0 1 41973
0 1 41974
0 1 41976
0 1 41978
0 1 41981
0 1 41983
0 1 41987
0 1 41989
0 1 41994
0 1 41996
0 1 41997
0 1 42005
0 1 42009
0 1 42010
0 1 42012
0 1 42014
0 1 42019
0 1 42023
0 1 42025
0 1 42026
0 1 42027
0 1 42030
0 1 42034
0 1 42035
0 1 42037
0 1 42039
0 1 42040
0 1 42043
0 1 42046
0 1 42048
0 1 42052
0 1 42053
0 1 42054
0 1 42055
0 1 42057
0 1 42062
0 1 42065
0 1 42066
0 1 42067
0 1 42069
0 1 42075
0 1 42082
0 1 42084
0 1 42087
0 1 42090
0 1 42091
0 1 42093
0 1 42096
0 1 42097
0 1 42099
0 1 42101
0 1 42102
0 1 42105
0 1 42106
0 1 42107
0 1 42113
0 1 42116
0 1 42118
0 1 42121
0 1 42126
0 1 42128
0 1 42129
0 1 42130
0 1 42131
0 1 42134
0 1 42135
0 1 42136
0 1 42145
0 1 42147
0 1 42148
0 1 42149
0 1 42150
0 1 42153
0 1 42155
0 1 42156
0 1 42158
0 1 42163
0 1 42169
0 1 42172
0 1 42174
0 1 42176
0 1 42177
0 1 42183
0 1 42184
0 1 42185
0 1 42186
0 1 42194
0 1 42195
0 1 42201
0 1 42204
0 1 42206
0 1 42210
0 1 42214
0 1 42216
0 1 42218
0 1 42220
0 1 42221
0 1 42227
0 1 42234
0 1 42236
0 1 42238
0 1 42241
0 1 42243
0 1 42245
0 1 42247
0 1 42250
0 1 42255
0 1 42256
0 1 42257
0 1 42260
0 1 42263
0 1 42267
0 1 42269
0 1 42273
0 1 42278
0 1 42280
0 1 42281
0 1 42283
0 1 42287
0 1 42289
0 1 42290
0 1 42291
0 1 42292
0 1 42293
0 1 42295
0 1 42296
0 1 42300
0 1 42301
0 1 42303
0 1 42311
0 1 42314
0 1 42326
0 1 42330
0 1 42331
0 1 42333
0 1 42335
0 1 42336
0 1 42337
0 1 42341
0 1 42342
0 1 42343
0 1 42344
0 1 42345
0 1 42346
0 1 42347
0 1 42348
0 1 42349
0 1 42351
0 1 42354
0 1 42355
0 1 42356
0 1 42360
0 1 42364
0 1 42366
0 1 42367
0 1 42369
0 1 42370
0 1 42371
0 1 42373
0 1 42375
0 1 42377
0 1 42380
0 1 42381
0 1 42382
0 1 42385
0 1 42388
0 1 42389
0 1 42390
0 1 42392
0 1 42395
0 1 42398
0 1 42399
0 1 42401
0 1 42403
0 1 42404
0 1 42405
0 1 42411
0 1 42419
0 1 42427
0 1 42432
0 1 42433
0 1 42435
0 1 42436
0 1 42438
0 1 42440
0 1 42441
0 1 42443
0 1 42446
0 1 42447
0 1 42448
0 1 42449
0 1 42450
0 1 42451
0 1 42453
0 1 42454
0 1 42457
0 1 42461
0 1 42463
0 1 42465
0 1 42466
0 1 42475
0 1 42479
0 1 42480
0 1 42481
0 1 42486
0 1 42489
0 1 42491
0 1 42492
0 1 42495
0 1 42496
0 1 42502
0 1 42507
0 1 42509
0 1 42510
0 1 42518
0 1 42521
0 1 42522
0 1 42526
0 1 42532
0 1 42536
0 1 42538
0 1 42539
0 1 42547
0 1 42548
0 1 42549
0 1 42552
0 1 42557
0 1 42558
0 1 42560
0 1 42563
0 1 42570
0 1 42573
0 1 42577
0 1 42578
0 1 42579
0 1 42580
0 1 42582
0 1 42588
0 1 42589
0 1 42591
0 1 42592
0 1 42597
0 1 42599
0 1 42600
0 1 42604
0 1 42605
0 1 42606
0 1 42607
0 1 42614
0 1 42621
0 1 42623
0 1 42624
0 1 42627
0 1 42632
0 1 42633
0 1 42636
0 1 42637
0 1 42641
0 1 42644
0 1 42648
0 1 42649
0 1 42652
0 1 42657
0 1 42658
0 1 42659
0 1 42660
0 1 42661
0 1 42662
0 1 42663
0 1 42664
0 1 42666
0 1 42669
0 1 42673
0 1 42675
0 1 42676
0 1 42677
0 1 42678
0 1 42679
0 1 42680
0 1 42681
0 1 42682
0 1 42684
0 1 42685
0 1 42688
0 1 42690
0 1 42693
0 1 42695
0 1 42702
0 1 42703
0 1 42707
0 1 42710
0 1 42711
0 1 42714
0 1 42716
0 1 42718
0 1 42723
0 1 42726
0 1 42728
0 1 42730
0 1 42731
0 1 42732
0 1 42733
0 1 42734
0 1 42735
0 1 42736
0 1 42742
0 1 42746
0 1 42747
0 1 42749
0 1 42750
0 1 42752
0 1 42756
0 1 42758
0 1 42759
0 1 42761
0 1 42764
0 1 42771
0 1 42773
0 1 42775
0 1 42777
0 1 42779
0 1 42783
0 1 42784
0 1 42786
0 1 42788
0 1 42791
0 1 42797
0 1 42799
0 1 42802
0 1 42805
0 1 42807
0 1 42812
0 1 42815
0 1 42820
0 1 42824
0 1 42825
0 1 42827
0 1 42828
0 1 42829
0 1 42831
0 1 42834
0 1 42835
0 1 42836
0 1 42837
0 1 42839
0 1 42840
0 1 42843
0 1 42847
0 1 42848
0 1 42850
0 1 42851
0 1 42855
0 1 42856
0 1 42857
0 1 42860
0 1 42864
0 1 42865
0 1 42866
0 1 42869
0 1 42870
0 1 42872
0 1 42878
0 1 42879
0 1 42886
0 1 42888
0 1 42889
0 1 42892
0 1 42893
0 1 42894
0 1 42897
0 1 42899
0 1 42902
0 1 42904
0 1 42906
0 1 42908
0 1 42917
0 1 42919
0 1 42920
0 1 42923
0 1 42924
0 1 42927
0 1 42932
0 1 42933
0 1 42935
0 1 42936
0 1 42937
0 1 42942
0 1 42943
0 1 42949
0 1 42953
0 1 42954
0 1 42955
0 1 42958
0 1 42960
0 1 42961
0 1 42962
0 1 42963
0 1 42966
0 1 42967
0 1 42968
0 1 42969
0 1 42970
0 1 42971
0 1 42975
0 1 42987
0 1 42988
0 1 42989
0 1 42990
0 1 42995
0 1 42998
0 1 42999
0 1 43004
0 1 43009
0 1 43012
0 1 43013
0 1 43014
0 1 43016
0 1 43025
0 1 43029
0 1 43036
0 1 43037
0 1 43039
0 1 43041
0 1 43042
0 1 43045
0 1 43048
0 1 43049
0 1 43050
0 1 43052
0 1 43055
0 1 43057
0 1 43058
0 1 43059
0 1 43061
0 1 43072
0 1 43075
0 1 43080
0 1 43088
0 1 43091
0 1 43092
0 1 43096
0 1 43097
0 1 43101
0 1 43102
0 1 43103
0 1 43106
0 1 43107
0 1 43108
0 1 43109
0 1 43110
0 1 43111
0 1 43112
0 1 43113
0 1 43115
0 1 43122
0 1 43125
0 1 43126
0 1 43128
0 1 43129
0 1 43131
0 1 43135
0 1 43137
0 1 43143
0 1 43145
0 1 43148
0 1 43150
0 1 43151
0 1 43158
0 1 43159
0 1 43160
0 1 43161
0 1 43162
0 1 43166
0 1 43171
0 1 43172
0 1 43173
0 1 43175
0 1 43177
0 1 43178
0 1 43183
0 1 43186
0 1 43187
0 1 43190
0 1 43192
0 1 43195
0 1 43196
0 1 43197
0 1 43201
0 1 43202
0 1 43204
0 1 43209
0 1 43212
0 1 43214
0 1 43216
0 1 43217
0 1 43218
0 1 43219
0 1 43223
0 1 43225
0 1 43229
0 1 43231
0 1 43232
0 1 43233
0 1 43234
0 1 43235
0 1 43239
0 1 43245
0 1 43251
0 1 43254
0 1 43255
0 1 43262
0 1 43263
0 1 43266
0 1 43268
0 1 43275
0 1 43279
0 1 43282
0 1 43283
0 1 43284
0 1 43285
0 1 43287
0 1 43288
0 1 43289
0 1 43290
0 1 43296
0 1 43304
0 1 43305
0 1 43306
0 1 43308
0 1 43312
0 1 43315
0 1 43319
0 1 43324
0 1 43326
0 1 43330
0 1 43331
0 1 43332
0 1 43340
0 1 43342
0 1 43343
0 1 43346
0 1 43348
0 1 43356
0 1 43357
0 1 43358
0 1 43359
0 1 43360
0 1 43361
0 1 43362
0 1 43364
0 1 43365
0 1 43366
0 1 43367
0 1 43368
0 1 43370
0 1 43371
0 1 43374
0 1 43382
0 1 43383
0 1 43384
0 1 43390
0 1 43391
0 1 43392
0 1 43394
0 1 43398
0 1 43403
0 1 43411
0 1 43414
0 1 43417
0 1 43424
0 1 43429
0 1 43430
0 1 43431
0 1 43434
0 1 43435
0 1 43438
0 1 43439
0 1 43440
0 1 43441
0 1 43447
0 1 43453
0 1 43454
0 1 43457
0 1 43459
0 1 43462
0 1 43463
0 1 43465
0 1 43467
0 1 43471
0 1 43474
0 1 43476
0 1 43481
0 1 43482
0 1 43485
0 1 43487
0 1 43489
0 1 43490
0 1 43493
0 1 43499
0 1 43505
0 1 43507
0 1 43508
0 1 43512
0 1 43515
0 1 43519
0 1 43520
0 1 43521
0 1 43523
0 1 43526
0 1 43527
0 1 43530
0 1 43533
0 1 43537
0 1 43539
0 1 43545
0 1 43547
0 1 43550
0 1 43557
0 1 43560
0 1 43561
0 1 43564
0 1 43565
0 1 43572
0 1 43575
0 1 43576
0 1 43578
0 1 43581
0 1 43583
0 1 43584
0 1 43585
0 1 43586
0 1 43587
0 1 43590
0 1 43593
0 1 43597
0 1 43605
0 1 43606
0 1 43613
0 1 43615
0 1 43618
0 1 43620
0 1 43624
0 1 43625
0 1 43626
0 1 43630
0 1 43633
0 1 43636
0 1 43637
0 1 43638
0 1 43640
0 1 43641
0 1 43643
0 1 43653
0 1 43656
0 1 43657
0 1 43658
0 1 43659
0 1 43663
0 1 43664
0 1 43665
0 1 43666
0 1 43667
0 1 43668
0 1 43670
0 1 43673
0 1 43674
0 1 43676
0 1 43679
0 1 43681
0 1 43683
0 1 43685
0 1 43686
0 1 43687
0 1 43690
0 1 43692
0 1 43693
0 1 43697
0 1 43698
0 1 43699
0 1 43706
0 1 43707
0 1 43709
0 1 43711
0 1 43712
0 1 43714
0 1 43715
0 1 43717
0 1 43725
0 1 43726
0 1 43728
0 1 43730
0 1 43731
0 1 43732
0 1 43734
0 1 43739
0 1 43741
0 1 43743
0 1 43744
0 1 43745
0 1 43746
0 1 43747
0 1 43749
0 1 43751
0 1 43757
0 1 43758
0 1 43762
0 1 43764
0 1 43766
0 1 43769
0 1 43771
0 1 43772
0 1 43773
0 1 43775
0 1 43779
0 1 43780
0 1 43782
0 1 43783
0 1 43784
0 1 43788
0 1 43792
0 1 43793
0 1 43794
0 1 43795
0 1 43798
0 1 43801
0 1 43802
0 1 43804
0 1 43805
0 1 43807
0 1 43809
0 1 43812
0 1 43813
0 1 43815
0 1 43816
0 1 43817
0 1 43820
0 1 43824
0 1 43826
0 1 43832
0 1 43836
0 1 43837
0 1 43838
0 1 43839
0 1 43843
0 1 43847
0 1 43850
0 1 43853
0 1 43854
0 1 43855
0 1 43857
0 1 43858
0 1 43862
0 1 43865
0 1 43866
0 1 43870
0 1 43873
0 1 43878
0 1 43879
0 1 43880
0 1 43886
0 1 43887
0 1 43889
0 1 43891
0 1 43893
0 1 43896
0 1 43901
0 1 43908
0 1 43910
0 1 43911
0 1 43913
0 1 43914
0 1 43918
0 1 43920
0 1 43923
0 1 43925
0 1 43928
0 1 43930
0 1 43931
0 1 43932
0 1 43934
0 1 43936
0 1 43937
0 1 43940
0 1 43942
0 1 43946
0 1 43947
0 1 43949
0 1 43950
0 1 43952
0 1 43956
0 1 43959
0 1 43961
0 1 43963
0 1 43966
0 1 43967
0 1 43969
0 1 43975
0 1 43976
0 1 43979
0 1 43983
0 1 43985
0 1 43989
0 1 43991
0 1 43993
0 1 43994
0 1 43996
0 1 43997
0 1 43999
0 1 44005
0 1 44006
0 1 44010
0 1 44013
0 1 44014
0 1 44015
0 1 44016
0 1 44019
0 1 44020
0 1 44023
0 1 44026
0 1 44027
0 1 44031
0 1 44034
0 1 44035
0 1 44036
0 1 44038
0 1 44042
0 1 44044
0 1 44047
0 1 44048
0 1 44053
0 1 44064
0 1 44065
0 1 44066
0 1 44067
0 1 44070
0 1 44072
0 1 44075
0 1 44079
0 1 44080
0 1 44081
0 1 44083
0 1 44084
0 1 44088
0 1 44089
0 1 44092
0 1 44095
0 1 44096
0 1 44097
0 1 44099
0 1 44100
0 1 44103
0 1 44105
0 1 44107
0 1 44108
0 1 44109
0 1 44110
0 1 44111
0 1 44112
0 1 44113
0 1 44117
0 1 44121
0 1 44124
0 1 44127
0 1 44129
0 1 44130
0 1 44133
0 1 44136
0 1 44137
0 1 44139
0 1 44143
0 1 44144
0 1 44145
0 1 44147
0 1 44148
0 1 44150
0 1 44151
0 1 44155
0 1 44157
0 1 44158
0 1 44160
0 1 44165
0 1 44166
0 1 44168
0 1 44169
0 1 44170
0 1 44171
0 1 44172
0 1 44173
0 1 44177
0 1 44181
0 1 44186
0 1 44187
0 1 44189
0 1 44190
0 1 44192
0 1 44194
0 1 44195
0 1 44200
0 1 44205
0 1 44207
0 1 44209
0 1 44212
0 1 44214
0 1 44216
0 1 44220
0 1 44233
0 1 44235
0 1 44237
0 1 44238
0 1 44239
0 1 44240
0 1 44246
0 1 44247
0 1 44252
0 1 44254
0 1 44257
0 1 44262
0 1 44263
0 1 44267
0 1 44270
0 1 44271
0 1 44274
0 1 44275
0 1 44277
0 1 44278
0 1 44279
0 1 44281
0 1 44282
0 1 44283
0 1 44286
0 1 44290
0 1 44291
0 1 44292
0 1 44295
0 1 44297
0 1 44299
0 1 44305
0 1 44306
0 1 44307
0 1 44313
0 1 44316
0 1 44317
0 1 44318
0 1 44320
0 1 44321
0 1 44326
0 1 44328
0 1 44329
0 1 44330
0 1 44333
0 1 44334
0 1 44340
0 1 44341
0 1 44342
0 1 44345
0 1 44346
0 1 44347
0 1 44350
0 1 44355
0 1 44357
0 1 44358
0 1 44361
0 1 44362
0 1 44370
0 1 44371
0 1 44372
0 1 44373
0 1 44378
0 1 44381
0 1 44382
0 1 44383
0 1 44387
0 1 44388
0 1 44390
0 1 44395
0 1 44398
0 1 44405
0 1 44409
0 1 44412
0 1 44413
0 1 44414
0 1 44429
0 1 44435
0 1 44437
0 1 44440
0 1 44444
0 1 44451
0 1 44456
0 1 44457
0 1 44459
0 1 44460
0 1 44465
0 1 44466
0 1 44470
0 1 44472
0 1 44474
0 1 44475
0 1 44476
0 1 44477
0 1 44478
0 1 44479
0 1 44482
0 1 44484
0 1 44487
0 1 44489
0 1 44491
0 1 44496
0 1 44498
0 1 44499
0 1 44503
0 1 44504
0 1 44505
0 1 44508
0 1 44509
0 1 44513
0 1 44515
0 1 44518
0 1 44520
0 1 44524
0 1 44525
0 1 44527
0 1 44528
0 1 44531
0 1 44533
0 1 44539
0 1 44542
0 1 44546
0 1 44553
0 1 44554
0 1 44555
0 1 44557
0 1 44559
0 1 44561
0 1 44565
0 1 44566
0 1 44569
0 1 44570
0 1 44571
0 1 44573
0 1 44574
0 1 44575
0 1 44578
0 1 44583
0 1 44586
0 1 44593
0 1 44594
0 1 44595
0 1 44597
0 1 44599
0 1 44601
0 1 44602
0 1 44605
0 1 44608
0 1 44610
0 1 44611
0 1 44618
0 1 44619
0 1 44624
0 1 44628
0 1 44629
0 1 44630
0 1 44633
0 1 44634
0 1 44635
0 1 44636
0 1 44637
0 1 44638
0 1 44642
0 1 44643
0 1 44644
0 1 44646
0 1 44648
0 1 44649
0 1 44650
0 1 44652
0 1 44657
0 1 44658
0 1 44660
0 1 44661
0 1 44664
0 1 44665
0 1 44667
0 1 44675
0 1 44679
0 1 44687
0 1 44688
0 1 44689
0 1 44692
0 1 44693
0 1 44708
0 1 44709
0 1 44710
0 1 44712
0 1 44714
0 1 44723
0 1 44725
0 1 44728
0 1 44730
0 1 44732
0 1 44733
0 1 44740
0 1 44742
0 1 44743
0 1 44744
0 1 44746
0 1 44752
0 1 44753
0 1 44754
0 1 44755
0 1 44758
0 1 44759
0 1 44760
0 1 44761
0 1 44763
0 1 44764
0 1 44768
0 1 44769
0 1 44770
0 1 44771
0 1 44772
0 1 44776
0 1 44778
0 1 44779
0 1 44783
0 1 44787
0 1 44789
0 1 44792
0 1 44793
0 1 44795
0 1 44798
0 1 44799
0 1 44800
0 1 44801
0 1 44803
0 1 44804
0 1 44807
0 1 44808
0 1 44812
0 1 44813
0 1 44816
0 1 44818
0 1 44819
0 1 44820
0 1 44822
0 1 44824
0 1 44826
0 1 44828
0 1 44833
0 1 44834
0 1 44841
0 1 44842
0 1 44844
0 1 44848
0 1 44854
0 1 44855
0 1 44864
0 1 44867
0 1 44868
0 1 44869
0 1 44873
0 1 44874
0 1 44877
0 1 44883
0 1 44884
0 1 44898
0 1 44899
0 1 44902
0 1 44904
0 1 44906
0 1 44907
0 1 44908
0 1 44909
0 1 44910
0 1 44911
0 1 44912
0 1 44916
0 1 44917
0 1 44919
0 1 44924
0 1 44925
0 1 44927
0 1 44930
0 1 44933
0 1 44935
0 1 44941
0 1 44944
0 1 44945
0 1 44946
0 1 44948
0 1 44952
0 1 44954
0 1 44960
0 1 44961
0 1 44962
0 1 44963
0 1 44970
0 1 44973
0 1 44976
0 1 44977
0 1 44978
0 1 44980
0 1 44988
0 1 44990
0 1 44996
0 1 44998
0 1 45000
0 1 45002
0 1 45003
0 1 45004
0 1 45005
0 1 45007
0 1 45008
0 1 45011
0 1 45012
0 1 45015
0 1 45016
0 1 45017
0 1 45020
0 1 45026
0 1 45028
0 1 45031
0 1 45033
0 1 45034
0 1 45036
0 1 45037
0 1 45039
0 1 45048
0 1 45050
0 1 45051
0 1 45057
0 1 45059
0 1 45061
0 1 45062
0 1 45064
0 1 45065
0 1 45070
0 1 45071
0 1 45074
0 1 45077
0 1 45083
0 1 45085
0 1 45087
0 1 45088
0 1 45089
0 1 45095
0 1 45096
0 1 45098
0 1 45100
0 1 45102
0 1 45104
0 1 45105
0 1 45113
0 1 45114
0 1 45115
0 1 45121
0 1 45127
0 1 45128
0 1 45130
0 1 45131
0 1 45132
0 1 45134
0 1 45135
0 1 45136
0 1 45138
0 1 45144
0 1 45145
0 1 45146
0 1 45147
0 1 45148
0 1 45151
0 1 45154
0 1 45155
0 1 45156
0 1 45157
0 1 45160
0 1 45162
0 1 45163
0 1 45165
0 1 45166
0 1 45167
0 1 45169
0 1 45174
0 1 45177
0 1 45178
0 1 45180
0 1 45181
0 1 45183
0 1 45185
0 1 45187
0 1 45188
0 1 45189
0 1 45192
0 1 45195
0 1 45197
0 1 45200
0 1 45201
0 1 45205
0 1 45207
0 1 45210
0 1 45213
0 1 45215
0 1 45217
0 1 45220
0 1 45222
0 1 45225
0 1 45226
0 1 45227
0 1 45228
0 1 45232
0 1 45233
0 1 45234
0 1 45235
0 1 45239
0 1 45244
0 1 45246
0 1 45247
0 1 45250
0 1 45254
0 1 45259
0 1 45261
0 1 45269
0 1 45274
0 1 45276
0 1 45278
0 1 45279
0 1 45283
0 1 45284
0 1 45285
0 1 45290
0 1 45291
0 1 45293
0 1 45295
0 1 45296
0 1 45298
0 1 45301
0 1 45302
0 1 45303
0 1 45306
0 1 45308
0 1 45311
0 1 45313
0 1 45315
0 1 45317
0 1 45319
0 1 45322
0 1 45326
0 1 45329
0 1 45331
0 1 45332
0 1 45334
0 1 45337
0 1 45338
0 1 45341
0 1 45342
0 1 45346
0 1 45348
0 1 45349
0 1 45350
0 1 45351
0 1 45352
0 1 45356
0 1 45357
0 1 45358
0 1 45359
0 1 45360
0 1 45369
0 1 45370
0 1 45372
0 1 45376
0 1 45379
0 1 45382
0 1 45384
0 1 45387
0 1 45390
0 1 45391
0 1 45401
0 1 45402
0 1 45403
0 1 45404
0 1 45408
0 1 45412
0 1 45413
0 1 45414
0 1 45415
0 1 45416
0 1 45419
0 1 45422
0 1 45427
0 1 45436
0 1 45438
0 1 45439
0 1 45441
0 1 45444
0 1 45445
0 1 45446
0 1 45447
0 1 45453
0 1 45456
0 1 45457
0 1 45458
0 1 45468
0 1 45469
0 1 45470
0 1 45476
0 1 45483
0 1 45484
0 1 45485
0 1 45486
0 1 45489
0 1 45495
0 1 45498
0 1 45500
0 1 45501
0 1 45503
0 1 45505
0 1 45506
0 1 45507
0 1 45508
0 1 45511
0 1 45512
0 1 45514
0 1 45515
0 1 45516
0 1 45518
0 1 45520
0 1 45522
0 1 45525
0 1 45526
0 1 45528
0 1 45529
0 1 45530
0 1 45535
0 1 45538
0 1 45545
0 1 45547
0 1 45549
0 1 45553
0 1 45554
0 1 45557
0 1 45558
0 1 45559
0 1 45562
0 1 45564
0 1 45566
0 1 45570
0 1 45573
0 1 45575
0 1 45576
0 1 45577
0 1 45579
0 1 45580
0 1 45583
0 1 45584
0 1 45585
0 1 45587
0 1 45590
0 1 45591
0 1 45592
0 1 45594
0 1 45595
0 1 45597
0 1 45599
0 1 45602
0 1 45603
0 1 45606
0 1 45607
0 1 45609
0 1 45610
0 1 45612
0 1 45613
0 1 45615
0 1 45616
0 1 45617
0 1 45618
0 1 45624
0 1 45628
0 1 45631
0 1 45632
0 1 45633
0 1 45636
0 1 45638
0 1 45639
0 1 45642
0 1 45643
0 1 45644
0 1 45653
0 1 45654
0 1 45655
0 1 45656
0 1 45660
0 1 45663
0 1 45664
0 1 45667
0 1 45670
0 1 45671
0 1 45673
0 1 45674
0 1 45677
0 1 45681
0 1 45683
0 1 45684
0 1 45685
0 1 45686
0 1 45688
0 1 45691
0 1 45694
0 1 45695
0 1 45696
0 1 45701
0 1 45702
0 1 45703
0 1 45705
0 1 45706
0 1 45711
0 1 45712
0 1 45714
0 1 45721
0 1 45723
0 1 45725
0 1 45728
0 1 45729
0 1 45731
0 1 45739
0 1 45740
0 1 45741
0 1 45744
0 1 45749
0 1 45755
0 1 45757
0 1 45761
0 1 45762
0 1 45763
0 1 45765
0 1 45767
0 1 45769
0 1 45773
0 1 45776
0 1 45778
0 1 45779
0 1 45780
0 1 45785
0 1 45792
0 1 45797
0 1 45801
0 1 45802
0 1 45805
0 1 45806
0 1 45808
0 1 45809
0 1 45810
0 1 45813
0 1 45816
0 1 45818
0 1 45821
0 1 45822
0 1 45826
0 1 45827
0 1 45830
0 1 45832
0 1 45835
0 1 45836
0 1 45837
0 1 45839
0 1 45840
0 1 45843
0 1 45844
0 1 45845
0 1 45848
0 1 45849
0 1 45855
0 1 45858
0 1 45859
0 1 45860
0 1 45865
0 1 45866
0 1 45867
0 1 45868
0 1 45869
0 1 45871
0 1 45872
0 1 45876
0 1 45878
0 1 45880
0 1 45886
0 1 45889
0 1 45890
0 1 45893
0 1 45895
0 1 45897
0 1 45901
0 1 45906
0 1 45907
0 1 45908
0 1 45910
0 1 45915
0 1 45917
0 1 45921
0 1 45922
0 1 45925
0 1 45933
0 1 45937
0 1 45938
0 1 45939
0 1 45944
0 1 45945
0 1 45948
0 1 45950
0 1 45951
0 1 45956
0 1 45957
0 1 45958
0 1 45959
0 1 45961
0 1 45962
0 1 45964
0 1 45966
0 1 45968
0 1 45971
0 1 45974
0 1 45977
0 1 45982
0 1 45986
0 1 45987
0 1 45988
0 1 45990
0 1 45992
0 1 45996
0 1 45999
0 1 46004
0 1 46006
0 1 46007
0 1 46009
0 1 46010
0 1 46012
0 1 46013
0 1 46016
0 1 46017
0 1 46019
0 1 46022
0 1 46023
0 1 46025
0 1 46026
0 1 46027
0 1 46029
0 1 46030
0 1 46037
0 1 46040
0 1 46042
0 1 46043
0 1 46044
0 1 46049
0 1 46052
0 1 46055
0 1 46058
0 1 46060
0 1 46065
0 1 46068
0 1 46070
0 1 46072
0 1 46073
0 1 46080
0 1 46081
0 1 46082
0 1 46088
0 1 46089
0 1 46090
0 1 46091
0 1 46092
0 1 46093
0 1 46094
0 1 46097
0 1 46102
0 1 46104
0 1 46107
0 1 46109
0 1 46112
0 1 46114
0 1 46115
0 1 46116
0 1 46118
0 1 46120
0 1 46122
0 1 46124
0 1 46126
0 1 46129
0 1 46131
0 1 46133
0 1 46134
0 1 46135
0 1 46136
0 1 46138
0 1 46139
0 1 46142
0 1 46146
0 1 46148
0 1 46149
0 1 46151
0 1 46155
0 1 46161
0 1 46164
0 1 46169
0 1 46170
0 1 46171
0 1 46180
0 1 46181
0 1 46182
0 1 46184
0 1 46187
0 1 46191
0 1 46193
0 1 46197
0 1 46198
0 1 46202
0 1 46203
0 1 46209
0 1 46211
0 1 46212
0 1 46213
0 1 46214
0 1 46221
0 1 46224
0 1 46225
0 1 46226
0 1 46228
0 1 46229
0 1 46230
0 1 46231
0 1 46232
0 1 46235
0 1 46237
0 1 46238
0 1 46242
0 1 46244
0 1 46246
0 1 46251
0 1 46257
0 1 46261
0 1 46266
0 1 46267
0 1 46268
0 1 46269
0 1 46271
0 1 46272
0 1 46275
0 1 46276
0 1 46277
0 1 46280
0 1 46281
0 1 46282
0 1 46283
0 1 46285
0 1 46286
0 1 46290
0 1 46293
0 1 46294
0 1 46307
0 1 46309
0 1 46311
0 1 46312
0 1 46315
0 1 46316
0 1 46317
0 1 46322
0 1 46323
0 1 46326
0 1 46329
0 1 46340
0 1 46341
0 1 46345
0 1 46353
0 1 46355
0 1 46356
0 1 46360
0 1 46361
0 1 46367
0 1 46371
0 1 46373
0 1 46374
0 1 46376
0 1 46379
0 1 46386
0 1 46390
0 1 46392
0 1 46396
0 1 46398
0 1 46399
0 1 46400
0 1 46401
0 1 46402
0 1 46403
0 1 46406
0 1 46409
0 1 46410
0 1 46412
0 1 46413
0 1 46415
0 1 46416
0 1 46418
0 1 46419
0 1 46424
0 1 46425
0 1 46430
0 1 46432
0 1 46433
0 1 46437
0 1 46438
0 1 46440
0 1 46442
0 1 46444
0 1 46445
0 1 46450
0 1 46454
0 1 46455
0 1 46456
0 1 46460
0 1 46461
0 1 46462
0 1 46466
0 1 46469
0 1 46470
0 1 46481
0 1 46482
0 1 46486
0 1 46487
0 1 46494
0 1 46495
0 1 46496
0 1 46498
0 1 46507
0 1 46509
0 1 46510
0 1 46511
0 1 46512
0 1 46517
0 1 46519
0 1 46523
0 1 46524
0 1 46525
0 1 46526
0 1 46529
0 1 46532
0 1 46533
0 1 46539
0 1 46540
0 1 46542
0 1 46543
0 1 46550
0 1 46556
0 1 46557
0 1 46558
0 1 46561
0 1 46562
0 1 46564
0 1 46571
0 1 46572
0 1 46574
0 1 46575
0 1 46577
0 1 46578
0 1 46580
0 1 46581
0 1 46582
0 1 46583
0 1 46584
0 1 46586
0 1 46587
0 1 46590
0 1 46593
0 1 46594
0 1 46595
0 1 46596
0 1 46597
0 1 46598
0 1 46604
0 1 46605
0 1 46608
0 1 46610
0 1 46611
0 1 46612
0 1 46620
0 1 46624
0 1 46626
0 1 46634
0 1 46640
0 1 46641
0 1 46642
0 1 46647
0 1 46648
0 1 46652
0 1 46654
0 1 46655
0 1 46656
0 1 46657
0 1 46661
0 1 46662
0 1 46663
0 1 46665
0 1 46666
0 1 46670
0 1 46674
0 1 46676
0 1 46681
0 1 46686
0 1 46687
0 1 46688
0 1 46691
0 1 46693
0 1 46694
0 1 46696
0 1 46699
0 1 46700
0 1 46701
0 1 46702
0 1 46703
0 1 46709
0 1 46710
0 1 46713
0 1 46714
0 1 46716
0 1 46717
0 1 46720
0 1 46728
0 1 46730
0 1 46732
0 1 46733
0 1 46735
0 1 46736
0 1 46737
0 1 46741
0 1 46742
0 1 46743
0 1 46748
0 1 46749
0 1 46750
0 1 46751
0 1 46754
0 1 46757
0 1 46758
0 1 46762
0 1 46764
0 1 46770
0 1 46771
0 1 46772
0 1 46775
0 1 46776
0 1 46777
0 1 46779
0 1 46780
0 1 46782
0 1 46783
0 1 46785
0 1 46786
0 1 46788
0 1 46790
0 1 46791
0 1 46792
0 1 46796
0 1 46797
0 1 46798
0 1 46800
0 1 46802
0 1 46803
0 1 46804
0 1 46807
0 1 46810
0 1 46811
0 1 46813
0 1 46815
0 1 46817
0 1 46824
0 1 46826
0 1 46828
0 1 46831
0 1 46833
0 1 46835
0 1 46837
0 1 46841
0 1 46843
0 1 46844
0 1 46846
0 1 46850
0 1 46854
0 1 46856
0 1 46857
0 1 46858
0 1 46863
0 1 46867
0 1 46868
0 1 46870
0 1 46874
0 1 46877
0 1 46878
0 1 46880
0 1 46881
0 1 46883
0 1 46885
0 1 46888
0 1 46891
0 1 46897
0 1 46901
0 1 46902
0 1 46910
0 1 46912
0 1 46914
0 1 46919
0 1 46921
0 1 46922
0 1 46924
0 1 46926
0 1 46929
0 1 46930
0 1 46932
0 1 46933
0 1 46935
0 1 46937
0 1 46938
0 1 46939
0 1 46941
0 1 46945
0 1 46946
0 1 46950
0 1 46951
0 1 46955
0 1 46957
0 1 46958
0 1 46960
0 1 46961
0 1 46962
0 1 46963
0 1 46965
0 1 46966
0 1 46967
0 1 46968
0 1 46970
0 1 46971
0 1 46981
0 1 46982
0 1 46983
0 1 46984
0 1 46996
0 1 46997
0 1 47002
0 1 47003
0 1 47005
0 1 47007
0 1 47008
0 1 47016
0 1 47019
0 1 47021
0 1 47022
0 1 47023
0 1 47024
0 1 47025
0 1 47026
0 1 47028
0 1 47030
0 1 47032
0 1 47036
0 1 47038
0 1 47039
0 1 47040
0 1 47045
0 1 47046
0 1 47049
0 1 47050
0 1 47052
0 1 47053
0 1 47056
0 1 47057
0 1 47060
0 1 47061
0 1 47064
0 1 47066
0 1 47070
0 1 47071
0 1 47082
0 1 47085
0 1 47086
0 1 47087
0 1 47088
0 1 47089
0 1 47090
0 1 47092
0 1 47095
0 1 47101
0 1 47102
0 1 47103
0 1 47105
0 1 47106
0 1 47107
0 1 47108
0 1 47111
0 1 47115
0 1 47116
0 1 47118
0 1 47126
0 1 47130
0 1 47131
0 1 47132
0 1 47135
0 1 47140
0 1 47143
0 1 47144
0 1 47150
0 1 47151
0 1 47154
0 1 47156
0 1 47157
0 1 47158
0 1 47159
0 1 47160
0 1 47170
0 1 47172
0 1 47174
0 1 47177
0 1 47179
0 1 47180
0 1 47182
0 1 47183
0 1 47184
0 1 47190
0 1 47193
0 1 47194
0 1 47195
0 1 47196
0 1 47206
0 1 47208
0 1 47209
0 1 47212
0 1 47216
0 1 47217
0 1 47218
0 1 47219
0 1 47220
0 1 47221
0 1 47222
0 1 47224
0 1 47227
0 1 47230
0 1 47231
0 1 47232
0 1 47233
0 1 47234
0 1 47236
0 1 47239
0 1 47244
0 1 47248
0 1 47255
0 1 47257
0 1 47260
0 1 47266
0 1 47267
0 1 47268
0 1 47269
0 1 47270
0 1 47271
0 1 47275
0 1 47276
0 1 47278
0 1 47279
0 1 47287
0 1 47288
0 1 47289
0 1 47291
0 1 47294
0 1 47295
0 1 47301
0 1 47302
0 1 47307
0 1 47308
0 1 47314
0 1 47315
0 1 47316
0 1 47317
0 1 47320
0 1 47322
0 1 47327
0 1 47329
0 1 47330
0 1 47331
0 1 47333
0 1 47336
0 1 47340
0 1 47341
0 1 47343
0 1 47346
0 1 47347
0 1 47352
0 1 47353
0 1 47354
0 1 47355
0 1 47356
0 1 47357
0 1 47361
0 1 47363
0 1 47366
0 1 47368
0 1 47370
0 1 47371
0 1 47373
0 1 47375
0 1 47378
0 1 47380
0 1 47384
0 1 47385
0 1 47386
0 1 47389
0 1 47398
0 1 47402
0 1 47407
0 1 47410
0 1 47411
0 1 47414
0 1 47415
0 1 47416
0 1 47419
0 1 47421
0 1 47423
0 1 47424
0 1 47431
0 1 47433
0 1 47434
0 1 47435
0 1 47436
0 1 47438
0 1 47442
0 1 47443
0 1 47445
0 1 47446
0 1 47447
0 1 47448
0 1 47452
0 1 47453
0 1 47454
0 1 47455
0 1 47457
0 1 47458
0 1 47460
0 1 47463
0 1 47465
0 1 47467
0 1 47468
0 1 47472
0 1 47473
0 1 47474
0 1 47475
0 1 47476
0 1 47478
0 1 47480
0 1 47481
0 1 47483
0 1 47484
0 1 47489
0 1 47490
0 1 47492
0 1 47496
0 1 47500
0 1 47502
0 1 47504
0 1 47505
0 1 47506
0 1 47507
0 1 47510
0 1 47512
0 1 47513
0 1 47516
0 1 47520
0 1 47521
0 1 47523
0 1 47524
0 1 47525
0 1 47528
0 1 47530
0 1 47532
0 1 47533
0 1 47534
0 1 47536
0 1 47537
0 1 47539
0 1 47541
0 1 47548
0 1 47549
0 1 47558
0 1 47561
0 1 47562
0 1 47563
0 1 47568
0 1 47571
0 1 47576
0 1 47578
0 1 47580
0 1 47582
0 1 47583
0 1 47584
0 1 47589
0 1 47592
0 1 47593
0 1 47594
0 1 47597
0 1 47605
0 1 47610
0 1 47611
0 1 47615
0 1 47617
0 1 47621
0 1 47622
0 1 47624
0 1 47627
0 1 47628
0 1 47629
0 1 47633
0 1 47634
0 1 47635
0 1 47636
0 1 47638
0 1 47642
0 1 47644
0 1 47646
0 1 47647
0 1 47648
0 1 47655
0 1 47663
0 1 47664
0 1 47666
0 1 47667
0 1 47668
0 1 47669
0 1 47671
0 1 47672
0 1 47675
0 1 47677
0 1 47678
0 1 47679
0 1 47681
0 1 47683
0 1 47684
0 1 47685
0 1 47686
0 1 47687
0 1 47691
0 1 47692
0 1 47694
0 1 47697
0 1 47698
0 1 47705
0 1 47707
0 1 47709
0 1 47711
0 1 47712
0 1 47717
0 1 47721
0 1 47722
0 1 47724
0 1 47725
0 1 47726
0 1 47731
0 1 47733
0 1 47736
0 1 47739
0 1 47740
0 1 47744
0 1 47745
0 1 47746
0 1 47752
0 1 47754
0 1 47755
0 1 47759
0 1 47760
0 1 47762
0 1 47766
0 1 47767
0 1 47770
0 1 47771
0 1 47774
0 1 47778
0 1 47781
0 1 47782
0 1 47785
0 1 47788
0 1 47791
0 1 47793
0 1 47794
0 1 47799
0 1 47800
0 1 47802
0 1 47803
0 1 47805
0 1 47810
0 1 47813
0 1 47817
0 1 47818
0 1 47828
0 1 47829
0 1 47830
0 1 47834
0 1 47836
0 1 47839
0 1 47841
0 1 47842
0 1 47843
0 1 47845
0 1 47848
0 1 47853
0 1 47854
0 1 47855
0 1 47856
0 1 47857
0 1 47862
0 1 47864
0 1 47867
0 1 47872
0 1 47873
0 1 47874
0 1 47876
0 1 47878
0 1 47881
0 1 47883
0 1 47886
0 1 47890
0 1 47892
0 1 47895
0 1 47896
0 1 47899
0 1 47904
0 1 47906
0 1 47909
0 1 47914
0 1 47919
0 1 47927
0 1 47933
0 1 47935
0 1 47936
0 1 47937
0 1 47939
0 1 47941
0 1 47942
0 1 47946
0 1 47950
0 1 47953
0 1 47955
0 1 47959
0 1 47960
0 1 47961
0 1 47966
0 1 47970
0 1 47971
0 1 47974
0 1 47976
0 1 47980
0 1 47982
0 1 47985
0 1 47987
0 1 47988
0 1 47989
0 1 47994
0 1 47995
0 1 47996
0 1 47997
0 1 47999
0 1 48003
0 1 48004
0 1 48005
0 1 48008
0 1 48011
0 1 48012
0 1 48014
0 1 48015
0 1 48017
0 1 48023
0 1 48024
0 1 48027
0 1 48029
0 1 48030
0 1 48031
0 1 48034
0 1 48035
0 1 48036
0 1 48038
0 1 48039
0 1 48047
0 1 48050
0 1 48053
0 1 48054
0 1 48055
0 1 48056
0 1 48057
0 1 48062
0 1 48063
0 1 48064
0 1 48066
0 1 48067
0 1 48072
0 1 48073
0 1 48074
0 1 48077
0 1 48078
0 1 48079
0 1 48081
0 1 48085
0 1 48086
0 1 48093
0 1 48094
0 1 48100
0 1 48107
0 1 48108
0 1 48109
0 1 48111
0 1 48116
0 1 48118
0 1 48120
0 1 48121
0 1 48123
0 1 48126
0 1 48131
0 1 48133
0 1 48134
0 1 48136
0 1 48138
0 1 48142
0 1 48145
0 1 48149
0 1 48152
0 1 48153
0 1 48155
0 1 48156
0 1 48159
0 1 48160
0 1 48164
0 1 48165
0 1 48167
0 1 48169
0 1 48171
0 1 48173
0 1 48175
0 1 48179
0 1 48181
0 1 48185
0 1 48188
0 1 48193
0 1 48194
0 1 48198
0 1 48200
0 1 48202
0 1 48206
0 1 48212
0 1 48213
0 1 48216
0 1 48217
0 1 48221
0 1 48223
0 1 48225
0 1 48227
0 1 48229
0 1 48231
0 1 48232
0 1 48234
0 1 48236
0 1 48238
0 1 48239
0 1 48240
0 1 48244
0 1 48247
0 1 48248
0 1 48249
0 1 48252
0 1 48256
0 1 48258
0 1 48259
0 1 48260
0 1 48262
0 1 48263
0 1 48264
0 1 48266
0 1 48267
0 1 48268
0 1 48271
0 1 48272
0 1 48273
0 1 48275
0 1 48276
0 1 48281
0 1 48282
0 1 48290
0 1 48291
0 1 48294
0 1 48296
0 1 48297
0 1 48301
0 1 48303
0 1 48304
0 1 48305
0 1 48307
0 1 48308
0 1 48309
0 1 48310
0 1 48311
0 1 48313
0 1 48314
0 1 48317
0 1 48320
0 1 48324
0 1 48325
0 1 48328
0 1 48329
0 1 48330
0 1 48331
0 1 48332
0 1 48335
0 1 48338
0 1 48342
0 1 48344
0 1 48345
0 1 48346
0 1 48347
0 1 48350
0 1 48351
0 1 48354
0 1 48356
0 1 48361
0 1 48362
0 1 48363
0 1 48369
0 1 48370
0 1 48371
0 1 48377
0 1 48385
0 1 48386
0 1 48389
0 1 48394
0 1 48395
0 1 48396
0 1 48405
0 1 48407
0 1 48410
0 1 48414
0 1 48415
0 1 48416
0 1 48419
0 1 48422
0 1 48425
0 1 48430
0 1 48431
0 1 48434
0 1 48435
0 1 48437
0 1 48440
0 1 48443
0 1 48444
0 1 48447
0 1 48449
0 1 48451
0 1 48452
0 1 48453
0 1 48458
0 1 48459
0 1 48460
0 1 48463
0 1 48465
0 1 48467
0 1 48472
0 1 48474
0 1 48475
0 1 48477
0 1 48478
0 1 48479
0 1 48482
0 1 48483
0 1 48484
0 1 48487
0 1 48488
0 1 48492
0 1 48495
0 1 48496
0 1 48497
0 1 48498
0 1 48499
0 1 48504
0 1 48506
0 1 48510
0 1 48515
0 1 48516
0 1 48517
0 1 48523
0 1 48525
0 1 48528
0 1 48531
0 1 48534
0 1 48539
0 1 48541
0 1 48542
0 1 48543
0 1 48547
0 1 48550
0 1 48551
0 1 48552
0 1 48555
0 1 48556
0 1 48557
0 1 48558
0 1 48559
0 1 48561
0 1 48563
0 1 48567
0 1 48568
0 1 48570
0 1 48572
0 1 48573
0 1 48575
0 1 48578
0 1 48579
0 1 48584
0 1 48588
0 1 48590
0 1 48591
0 1 48595
0 1 48596
0 1 48598
0 1 48600
0 1 48602
0 1 48603
0 1 48607
0 1 48609
0 1 48622
0 1 48624
0 1 48625
0 1 48626
0 1 48630
0 1 48636
0 1 48639
0 1 48640
0 1 48644
0 1 48645
0 1 48646
0 1 48650
0 1 48653
0 1 48655
0 1 48656
0 1 48662
0 1 48665
0 1 48667
0 1 48669
0 1 48670
0 1 48671
0 1 48672
0 1 48679
0 1 48680
0 1 48681
0 1 48682
0 1 48684
0 1 48686
0 1 48687
0 1 48696
0 1 48698
0 1 48700
0 1 48702
0 1 48706
0 1 48707
0 1 48708
0 1 48713
0 1 48714
0 1 48716
0 1 48718
0 1 48722
0 1 48724
0 1 48726
0 1 48727
0 1 48728
0 1 48736
0 1 48743
0 1 48748
0 1 48749
0 1 48750
0 1 48754
0 1 48758
0 1 48759
0 1 48760
0 1 48762
0 1 48764
0 1 48770
0 1 48771
0 1 48772
0 1 48778
0 1 48782
0 1 48784
0 1 48789
0 1 48793
0 1 48796
0 1 48797
0 1 48798
0 1 48801
0 1 48802
0 1 48803
0 1 48804
0 1 48807
0 1 48811
0 1 48813
0 1 48815
0 1 48819
0 1 48822
0 1 48823
0 1 48824
0 1 48827
0 1 48829
0 1 48831
0 1 48832
0 1 48834
0 1 48839
0 1 48841
0 1 48844
0 1 48845
0 1 48846
0 1 48848
0 1 48854
0 1 48860
0 1 48862
0 1 48865
0 1 48867
0 1 48873
0 1 48877
0 1 48880
0 1 48882
0 1 48883
0 1 48885
0 1 48888
0 1 48890
0 1 48891
0 1 48892
0 1 48897
0 1 48898
0 1 48900
0 1 48905
0 1 48906
0 1 48912
0 1 48917
0 1 48918
0 1 48919
0 1 48921
0 1 48924
0 1 48926
0 1 48928
0 1 48932
0 1 48934
0 1 48935
0 1 48939
0 1 48940
0 1 48943
0 1 48947
0 1 48949
0 1 48951
0 1 48953
0 1 48955
0 1 48956
0 1 48957
0 1 48958
0 1 48959
0 1 48960
0 1 48962
0 1 48969
0 1 48970
0 1 48973
0 1 48975
0 1 48981
0 1 48986
0 1 48988
0 1 48989
0 1 48991
0 1 48992
0 1 48995
0 1 48996
0 1 49003
0 1 49005
0 1 49012
0 1 49013
0 1 49014
0 1 49015
0 1 49018
0 1 49020
0 1 49021
0 1 49022
0 1 49024
0 1 49026
0 1 49029
0 1 49031
0 1 49035
0 1 49039
0 1 49046
0 1 49048
0 1 49054
0 1 49059
0 1 49060
0 1 49062
0 1 49067
0 1 49069
0 1 49074
0 1 49077
0 1 49078
0 1 49079
0 1 49084
0 1 49087
0 1 49095
0 1 49098
0 1 49100
0 1 49104
0 1 49113
0 1 49114
0 1 49116
0 1 49117
0 1 49120
0 1 49121
0 1 49122
0 1 49124
0 1 49126
0 1 49127
0 1 49128
0 1 49130
0 1 49131
0 1 49133
0 1 49134
0 1 49135
0 1 49137
0 1 49143
0 1 49146
0 1 49147
0 1 49150
0 1 49155
0 1 49158
0 1 49159
0 1 49162
0 1 49163
0 1 49164
0 1 49165
0 1 49171
0 1 49172
0 1 49173
0 1 49181
0 1 49182
0 1 49184
0 1 49185
0 1 49186
0 1 49187
0 1 49189
0 1 49190
0 1 49192
0 1 49196
0 1 49197
0 1 49201
0 1 49204
0 1 49206
0 1 49207
0 1 49208
0 1 49211
0 1 49214
0 1 49218
0 1 49224
0 1 49226
0 1 49227
0 1 49229
0 1 49231
0 1 49232
0 1 49234
0 1 49235
0 1 49236
0 1 49241
0 1 49246
0 1 49247
0 1 49252
0 1 49254
0 1 49256
0 1 49262
0 1 49263
0 1 49266
0 1 49268
0 1 49270
0 1 49277
0 1 49282
0 1 49283
0 1 49286
0 1 49290
0 1 49291
0 1 49302
0 1 49304
0 1 49306
0 1 49311
0 1 49314
0 1 49316
0 1 49317
0 1 49319
0 1 49320
0 1 49321
0 1 49324
0 1 49331
0 1 49332
0 1 49334
0 1 49335
0 1 49337
0 1 49338
0 1 49342
0 1 49343
0 1 49344
0 1 49346
0 1 49347
0 1 49348
0 1 49353
0 1 49355
0 1 49356
0 1 49361
0 1 49362
0 1 49366
0 1 49369
0 1 49371
0 1 49373
0 1 49375
0 1 49376
0 1 49378
0 1 49379
0 1 49380
0 1 49381
0 1 49383
0 1 49384
0 1 49387
0 1 49389
0 1 49391
0 1 49392
0 1 49393
0 1 49396
0 1 49399
0 1 49400
0 1 49403
0 1 49408
0 1 49412
0 1 49413
0 1 49414
0 1 49418
0 1 49421
0 1 49426
0 1 49428
0 1 49431
0 1 49433
0 1 49434
0 1 49445
0 1 49446
0 1 49447
0 1 49451
0 1 49455
0 1 49458
0 1 49463
0 1 49466
0 1 49472
0 1 49474
0 1 49479
0 1 49481
0 1 49484
0 1 49490
0 1 49491
0 1 49495
0 1 49496
0 1 49500
0 1 49501
0 1 49503
0 1 49508
0 1 49510
0 1 49512
0 1 49516
0 1 49518
0 1 49520
0 1 49521
0 1 49525
0 1 49527
0 1 49528
0 1 49529
0 1 49531
0 1 49532
0 1 49543
0 1 49544
0 1 49545
0 1 49551
0 1 49554
0 1 49568
0 1 49572
0 1 49576
0 1 49577
0 1 49581
0 1 49585
0 1 49586
0 1 49587
0 1 49592
0 1 49601
0 1 49608
0 1 49610
0 1 49612
0 1 49613
0 1 49614
0 1 49616
0 1 49619
0 1 49622
0 1 49624
0 1 49625
0 1 49629
0 1 49632
0 1 49633
0 1 49639
0 1 49642
0 1 49643
0 1 49648
0 1 49657
0 1 49659
0 1 49660
0 1 49661
0 1 49669
0 1 49672
0 1 49673
0 1 49674
0 1 49675
0 1 49679
0 1 49681
0 1 49687
0 1 49688
0 1 49690
0 1 49691
0 1 49701
0 1 49702
0 1 49703
0 1 49705
0 1 49708
0 1 49709
0 1 49713
0 1 49715
0 1 49717
0 1 49722
0 1 49724
0 1 49725
0 1 49727
0 1 49730
0 1 49732
0 1 49734
0 1 49741
0 1 49742
0 1 49749
0 1 49752
0 1 49753
0 1 49757
0 1 49760
0 1 49761
0 1 49762
0 1 49763
0 1 49766
0 1 49768
0 1 49769
0 1 49771
0 1 49780
0 1 49782
0 1 49784
0 1 49789
0 1 49792
0 1 49794
0 1 49797
0 1 49801
0 1 49802
0 1 49803
0 1 49804
0 1 49805
0 1 49806
0 1 49807
0 1 49809
0 1 49811
0 1 49812
0 1 49813
0 1 49815
0 1 49817
0 1 49818
0 1 49819
0 1 49820
0 1 49821
0 1 49822
0 1 49823
0 1 49825
0 1 49826
0 1 49827
0 1 49828
0 1 49830
0 1 49832
0 1 49833
0 1 49836
0 1 49840
0 1 49841
0 1 49848
0 1 49860
0 1 49861
0 1 49862
0 1 49863
0 1 49864
0 1 49865
0 1 49868
0 1 49869
0 1 49872
0 1 49874
0 1 49875
0 1 49876
0 1 49877
0 1 49878
0 1 49879
0 1 49881
0 1 49882
0 1 49884
0 1 49885
0 1 49886
0 1 49893
0 1 49895
0 1 49898
0 1 49899
0 1 49900
0 1 49903
0 1 49904
0 1 49906
0 1 49909
0 1 49910
0 1 49912
0 1 49914
0 1 49916
0 1 49917
0 1 49920
0 1 49926
0 1 49927
0 1 49928
0 1 49929
0 1 49931
0 1 49934
0 1 49936
0 1 49942
0 1 49944
0 1 49948
0 1 49949
0 1 49951
0 1 49952
0 1 49954
0 1 49959
0 1 49961
0 1 49965
0 1 49974
0 1 49976
0 1 49980
0 1 49981
0 1 49983
0 1 49984
0 1 49990
0 1 49991
0 1 49995
0 1 49996
0 1 50001
0 1 50005
0 1 50006
0 1 50007
0 1 50011
0 1 50015
0 1 50018
0 1 50019
0 1 50020
0 1 50021
0 1 50023
0 1 50025
0 1 50026
0 1 50029
0 1 50032
0 1 50036
0 1 50038
0 1 50043
0 1 50044
0 1 50045
0 1 50047
0 1 50057
0 1 50061
0 1 50063
0 1 50067
0 1 50070
0 1 50072
0 1 50073
0 1 50076
0 1 50079
0 1 50081
0 1 50082
0 1 50087
0 1 50089
0 1 50090
0 1 50091
0 1 50092
0 1 50093
0 1 50096
0 1 50097
0 1 50098
0 1 50105
0 1 50106
0 1 50110
0 1 50114
0 1 50115
0 1 50116
0 1 50120
0 1 50122
0 1 50126
0 1 50127
0 1 50129
0 1 50130
0 1 50133
0 1 50134
0 1 50135
0 1 50138
0 1 50141
0 1 50146
0 1 50147
0 1 50149
0 1 50150
0 1 50154
0 1 50155
0 1 50157
0 1 50159
0 1 50161
0 1 50162
0 1 50166
0 1 50167
0 1 50168
0 1 50170
0 1 50171
0 1 50172
0 1 50176
0 1 50180
0 1 50182
0 1 50183
0 1 50192
0 1 50197
0 1 50201
0 1 50202
0 1 50204
0 1 50205
0 1 50210
0 1 50211
0 1 50217
0 1 50218
0 1 50221
0 1 50222
0 1 50226
0 1 50228
0 1 50229
0 1 50230
0 1 50232
0 1 50233
0 1 50234
0 1 50235
0 1 50237
0 1 50241
0 1 50242
0 1 50243
0 1 50244
0 1 50246
0 1 50254
0 1 50255
0 1 50258
0 1 50262
0 1 50264
0 1 50266
0 1 50267
0 1 50268
0 1 50274
0 1 50276
0 1 50279
0 1 50280
0 1 50281
0 1 50283
0 1 50286
0 1 50293
0 1 50294
0 1 50295
0 1 50296
0 1 50299
0 1 50300
0 1 50301
0 1 50302
0 1 50303
0 1 50306
0 1 50307
0 1 50309
0 1 50314
0 1 50315
0 1 50317
0 1 50319
0 1 50326
0 1 50327
0 1 50328
0 1 50329
0 1 50331
0 1 50332
0 1 50333
0 1 50336
0 1 50337
0 1 50338
0 1 50341
0 1 50343
0 1 50347
0 1 50348
0 1 50349
0 1 50354
0 1 50358
0 1 50361
0 1 50365
0 1 50366
0 1 50368
0 1 50369
0 1 50379
0 1 50382
0 1 50386
0 1 50387
0 1 50389
0 1 50390
0 1 50393
0 1 50394
0 1 50397
0 1 50398
0 1 50400
0 1 50403
0 1 50407
0 1 50416
0 1 50417
0 1 50418
0 1 50419
0 1 50421
0 1 50423
0 1 50424
0 1 50425
0 1 50426
0 1 50433
0 1 50434
0 1 50435
0 1 50439
0 1 50440
0 1 50450
0 1 50452
0 1 50455
0 1 50456
0 1 50457
0 1 50459
0 1 50460
0 1 50463
0 1 50465
0 1 50471
0 1 50473
0 1 50474
0 1 50476
0 1 50477
0 1 50478
0 1 50480
0 1 50483
0 1 50485
0 1 50486
0 1 50489
0 1 50496
0 1 50497
0 1 50499
0 1 50501
0 1 50504
0 1 50505
0 1 50506
0 1 50508
0 1 50509
0 1 50510
0 1 50511
0 1 50512
0 1 50513
0 1 50514
0 1 50515
0 1 50516
0 1 50519
0 1 50523
0 1 50524
0 1 50527
0 1 50529
0 1 50532
0 1 50534
0 1 50538
0 1 50539
0 1 50540
0 1 50542
0 1 50545
0 1 50546
0 1 50547
0 1 50553
0 1 50555
0 1 50556
0 1 50563
0 1 50565
0 1 50566
0 1 50571
0 1 50572
0 1 50578
0 1 50581
0 1 50583
0 1 50584
0 1 50585
0 1 50587
0 1 50589
0 1 50592
0 1 50593
0 1 50597
0 1 50599
0 1 50602
0 1 50604
0 1 50613
0 1 50619
0 1 50620
0 1 50628
0 1 50629
0 1 50631
0 1 50632
0 1 50634
0 1 50635
0 1 50639
0 1 50642
0 1 50644
0 1 50649
0 1 50651
0 1 50654
0 1 50655
0 1 50656
0 1 50657
0 1 50663
0 1 50664
0 1 50665
0 1 50670
0 1 50673
0 1 50674
0 1 50676
0 1 50677
0 1 50687
0 1 50688
0 1 50689
0 1 50690
0 1 50693
0 1 50698
0 1 50700
0 1 50701
0 1 50702
0 1 50703
0 1 50704
0 1 50705
0 1 50707
0 1 50709
0 1 50712
0 1 50713
0 1 50715
0 1 50717
0 1 50718
0 1 50723
0 1 50724
0 1 50725
0 1 50730
0 1 50733
0 1 50734
0 1 50738
0 1 50743
0 1 50744
0 1 50749
0 1 50751
0 1 50752
0 1 50757
0 1 50758
0 1 50760
0 1 50761
0 1 50767
0 1 50768
0 1 50771
0 1 50774
0 1 50776
0 1 50777
0 1 50784
0 1 50785
0 1 50790
0 1 50797
0 1 50802
0 1 50807
0 1 50811
0 1 50812
0 1 50813
0 1 50815
0 1 50819
0 1 50820
0 1 50824
0 1 50827
0 1 50829
0 1 50831
0 1 50836
0 1 50844
0 1 50854
0 1 50860
0 1 50865
0 1 50866
0 1 50869
0 1 50870
0 1 50871
0 1 50875
0 1 50876
0 1 50879
0 1 50881
0 1 50884
0 1 50885
0 1 50891
0 1 50893
0 1 50895
0 1 50896
0 1 50897
0 1 50900
0 1 50912
0 1 50913
0 1 50916
0 1 50917
0 1 50919
0 1 50921
0 1 50935
0 1 50938
0 1 50944
0 1 50946
0 1 50951
0 1 50952
0 1 50953
0 1 50954
0 1 50960
0 1 50961
0 1 50963
0 1 50964
0 1 50965
0 1 50966
0 1 50968
0 1 50969
0 1 50971
0 1 50979
0 1 50980
0 1 50981
0 1 50982
0 1 50983
0 1 50986
0 1 50992
0 1 50995
0 1 50996
0 1 50997
0 1 50998
0 1 51001
0 1 51005
0 1 51007
0 1 51010
0 1 51013
0 1 51014
0 1 51015
0 1 51016
0 1 51018
0 1 51026
0 1 51027
0 1 51028
0 1 51031
0 1 51036
0 1 51040
0 1 51041
0 1 51043
0 1 51048
0 1 51050
0 1 51054
0 1 51059
0 1 51066
0 1 51069
0 1 51071
0 1 51073
0 1 51076
0 1 51079
0 1 51080
0 1 51081
0 1 51083
0 1 51084
0 1 51087
0 1 51093
0 1 51094
0 1 51095
0 1 51100
0 1 51106
0 1 51114
0 1 51116
0 1 51118
0 1 51120
0 1 51121
0 1 51125
0 1 51126
0 1 51127
0 1 51130
0 1 51133
0 1 51136
0 1 51142
0 1 51145
0 1 51148
0 1 51155
0 1 51159
0 1 51160
0 1 51163
0 1 51164
0 1 51166
0 1 51169
0 1 51170
0 1 51174
0 1 51175
0 1 51176
0 1 51178
0 1 51179
0 1 51181
0 1 51183
0 1 51184
0 1 51185
0 1 51190
0 1 51191
0 1 51194
0 1 51195
0 1 51199
0 1 51205
0 1 51207
0 1 51208
0 1 51215
0 1 51218
0 1 51219
0 1 51223
0 1 51225
0 1 51226
0 1 51227
0 1 51231
0 1 51232
0 1 51233
0 1 51238
0 1 51244
0 1 51246
0 1 51248
0 1 51249
0 1 51254
0 1 51261
0 1 51263
0 1 51264
0 1 51265
0 1 51269
0 1 51275
0 1 51277
0 1 51278
0 1 51279
0 1 51281
0 1 51283
0 1 51284
0 1 51285
0 1 51287
0 1 51289
0 1 51293
0 1 51300
0 1 51302
0 1 51304
0 1 51305
0 1 51307
0 1 51308
0 1 51313
0 1 51316
0 1 51321
0 1 51322
0 1 51323
0 1 51324
0 1 51328
0 1 51332
0 1 51333
0 1 51334
0 1 51335
0 1 51337
0 1 51338
0 1 51342
0 1 51346
0 1 51347
0 1 51348
0 1 51354
0 1 51356
0 1 51363
0 1 51364
0 1 51366
0 1 51367
0 1 51368
0 1 51373
0 1 51376
0 1 51377
0 1 51380
0 1 51381
0 1 51382
0 1 51386
0 1 51388
0 1 51389
0 1 51393
0 1 51395
0 1 51410
0 1 51411
0 1 51412
0 1 51421
0 1 51423
0 1 51426
0 1 51427
0 1 51429
0 1 51431
0 1 51433
0 1 51435
0 1 51436
0 1 51441
0 1 51442
0 1 51444
0 1 51446
0 1 51447
0 1 51449
0 1 51450
0 1 51451
0 1 51453
0 1 51457
0 1 51458
0 1 51465
0 1 51472
0 1 51473
0 1 51477
0 1 51478
0 1 51484
0 1 51490
0 1 51493
0 1 51494
0 1 51498
0 1 51501
0 1 51502
0 1 51508
0 1 51509
0 1 51510
0 1 51513
0 1 51514
0 1 51515
0 1 51516
0 1 51517
0 1 51518
0 1 51521
0 1 51522
0 1 51525
0 1 51529
0 1 51530
0 1 51535
0 1 51538
0 1 51539
0 1 51540
0 1 51542
0 1 51543
0 1 51548
0 1 51553
0 1 51554
0 1 51561
0 1 51566
0 1 51569
0 1 51573
0 1 51575
0 1 51582
0 1 51587
0 1 51588
0 1 51589
0 1 51590
0 1 51592
0 1 51593
0 1 51595
0 1 51596
0 1 51598
0 1 51600
0 1 51611
0 1 51612
0 1 51613
0 1 51617
0 1 51619
0 1 51620
0 1 51621
0 1 51622
0 1 51623
0 1 51624
0 1 51625
0 1 51627
0 1 51628
0 1 51634
0 1 51635
0 1 51639
0 1 51642
0 1 51643
0 1 51644
0 1 51646
0 1 51647
0 1 51648
0 1 51652
0 1 51656
0 1 51661
0 1 51662
0 1 51663
0 1 51668
0 1 51669
0 1 51673
0 1 51675
0 1 51676
0 1 51677
0 1 51683
0 1 51686
0 1 51688
0 1 51689
0 1 51691
0 1 51692
0 1 51693
0 1 51694
0 1 51699
0 1 51700
0 1 51705
0 1 51708
0 1 51711
0 1 51712
0 1 51713
0 1 51715
0 1 51717
0 1 51719
0 1 51724
0 1 51727
0 1 51728
0 1 51731
0 1 51735
0 1 51737
0 1 51743
0 1 51744
0 1 51751
0 1 51755
0 1 51763
0 1 51764
0 1 51765
0 1 51766
0 1 51769
0 1 51775
0 1 51776
0 1 51777
0 1 51778
0 1 51782
0 1 51786
0 1 51789
0 1 51790
0 1 51791
0 1 51792
0 1 51795
0 1 51796
0 1 51801
0 1 51804
0 1 51806
0 1 51808
0 1 51810
0 1 51814
0 1 51816
0 1 51818
0 1 51821
0 1 51822
0 1 51823
0 1 51824
0 1 51825
0 1 51829
0 1 51832
0 1 51835
0 1 51836
0 1 51838
0 1 51842
0 1 51844
0 1 51845
0 1 51848
0 1 51850
0 1 51851
0 1 51854
0 1 51861
0 1 51862
0 1 51864
0 1 51867
0 1 51868
0 1 51869
0 1 51870
0 1 51872
0 1 51873
0 1 51877
0 1 51881
0 1 51882
0 1 51884
0 1 51885
0 1 51889
0 1 51896
0 1 51897
0 1 51898
0 1 51899
0 1 51904
0 1 51905
0 1 51906
0 1 51907
0 1 51909
0 1 51911
0 1 51913
0 1 51914
0 1 51918
0 1 51919
0 1 51922
0 1 51925
0 1 51927
0 1 51928
0 1 51931
0 1 51932
0 1 51933
0 1 51934
0 1 51937
0 1 51938
0 1 51939
0 1 51942
0 1 51943
0 1 51948
0 1 51949
0 1 51951
0 1 51952
0 1 51957
0 1 51958
0 1 51959
0 1 51960
0 1 51964
0 1 51965
0 1 51966
0 1 51968
0 1 51969
0 1 51971
0 1 51975
0 1 51981
0 1 51985
0 1 51986
0 1 51991
0 1 51994
0 1 51996
0 1 52001
0 1 52007
0 1 52008
0 1 52011
0 1 52012
0 1 52014
0 1 52017
0 1 52018
0 1 52019
0 1 52021
0 1 52027
0 1 52030
0 1 52031
0 1 52039
0 1 52040
0 1 52043
0 1 52044
0 1 52046
0 1 52048
0 1 52052
0 1 52054
0 1 52055
0 1 52056
0 1 52058
0 1 52059
0 1 52061
0 1 52066
0 1 52067
0 1 52069
0 1 52072
0 1 52073
0 1 52079
0 1 52080
0 1 52083
0 1 52084
0 1 52086
0 1 52087
0 1 52089
0 1 52091
0 1 52094
0 1 52096
0 1 52098
0 1 52101
0 1 52110
0 1 52113
0 1 52115
0 1 52116
0 1 52121
0 1 52122
0 1 52123
0 1 52127
0 1 52129
0 1 52138
0 1 52139
0 1 52142
0 1 52143
0 1 52144
0 1 52147
0 1 52152
0 1 52156
0 1 52157
0 1 52158
0 1 52159
0 1 52161
0 1 52167
0 1 52168
0 1 52172
0 1 52175
0 1 52179
0 1 52185
0 1 52188
0 1 52193
0 1 52195
0 1 52200
0 1 52204
0 1 52208
0 1 52209
0 1 52212
0 1 52213
0 1 52214
0 1 52216
0 1 52217
0 1 52222
0 1 52223
0 1 52224
0 1 52226
0 1 52228
0 1 52229
0 1 52230
0 1 52231
0 1 52236
0 1 52237
0 1 52241
0 1 52243
0 1 52248
0 1 52252
0 1 52256
0 1 52263
0 1 52265
0 1 52266
0 1 52269
0 1 52280
0 1 52281
0 1 52282
0 1 52284
0 1 52286
0 1 52288
0 1 52289
0 1 52292
0 1 52305
0 1 52306
0 1 52307
0 1 52311
0 1 52312
0 1 52313
0 1 52317
0 1 52318
0 1 52319
0 1 52320
0 1 52321
0 1 52322
0 1 52324
0 1 52329
0 1 52330
0 1 52331
0 1 52333
0 1 52338
0 1 52345
0 1 52348
0 1 52352
0 1 52353
0 1 52359
0 1 52360
0 1 52365
0 1 52368
0 1 52369
0 1 52370
0 1 52373
0 1 52374
0 1 52376
0 1 52377
0 1 52379
0 1 52380
0 1 52381
0 1 52383
0 1 52384
0 1 52386
0 1 52387
0 1 52391
0 1 52394
0 1 52395
0 1 52396
0 1 52397
0 1 52399
0 1 52400
0 1 52402
0 1 52403
0 1 52406
0 1 52407
0 1 52412
0 1 52414
0 1 52420
0 1 52421
0 1 52426
0 1 52427
0 1 52428
0 1 52432
0 1 52433
0 1 52434
0 1 52436
0 1 52439
0 1 52443
0 1 52444
0 1 52445
0 1 52447
0 1 52453
0 1 52454
0 1 52456
0 1 52457
0 1 52458
0 1 52461
0 1 52462
0 1 52463
0 1 52467
0 1 52468
0 1 52470
0 1 52471
0 1 52481
0 1 52487
0 1 52488
0 1 52492
0 1 52496
0 1 52497
0 1 52498
0 1 52499
0 1 52500
0 1 52501
0 1 52502
0 1 52503
0 1 52506
0 1 52508
0 1 52509
0 1 52512
0 1 52516
0 1 52519
0 1 52521
0 1 52523
0 1 52526
0 1 52529
0 1 52535
0 1 52539
0 1 52541
0 1 52547
0 1 52548
0 1 52549
0 1 52550
0 1 52551
0 1 52552
0 1 52554
0 1 52555
0 1 52556
0 1 52558
0 1 52561
0 1 52563
0 1 52568
0 1 52569
0 1 52570
0 1 52571
0 1 52573
0 1 52574
0 1 52577
0 1 52579
0 1 52582
0 1 52583
0 1 52590
0 1 52591
0 1 52595
0 1 52598
0 1 52599
0 1 52600
0 1 52610
0 1 52611
0 1 52612
0 1 52613
0 1 52615
0 1 52619
0 1 52620
0 1 52623
0 1 52627
0 1 52629
0 1 52630
0 1 52631
0 1 52635
0 1 52637
0 1 52639
0 1 52642
0 1 52645
0 1 52648
0 1 52649
0 1 52652
0 1 52655
0 1 52656
0 1 52657
0 1 52659
0 1 52660
0 1 52662
0 1 52664
0 1 52665
0 1 52674
0 1 52675
0 1 52676
0 1 52681
0 1 52683
0 1 52684
0 1 52686
0 1 52687
0 1 52688
0 1 52691
0 1 52696
0 1 52699
0 1 52700
0 1 52702
0 1 52709
0 1 52711
0 1 52712
0 1 52715
0 1 52716
0 1 52717
0 1 52718
0 1 52720
0 1 52721
0 1 52723
0 1 52724
0 1 52725
0 1 52726
0 1 52732
0 1 52733
0 1 52734
0 1 52737
0 1 52738
0 1 52741
0 1 52743
0 1 52745
0 1 52748
0 1 52750
0 1 52753
0 1 52755
0 1 52758
0 1 52763
0 1 52764
0 1 52765
0 1 52769
0 1 52770
0 1 52777
0 1 52780
0 1 52782
0 1 52788
0 1 52792
0 1 52793
0 1 52795
0 1 52797
0 1 52798
0 1 52801
0 1 52803
0 1 52805
0 1 52815
0 1 52816
0 1 52817
0 1 52819
0 1 52823
0 1 52828
0 1 52829
0 1 52832
0 1 52834
0 1 52835
0 1 52836
0 1 52838
0 1 52840
0 1 52842
0 1 52843
0 1 52844
0 1 52845
0 1 52847
0 1 52849
0 1 52850
0 1 52851
0 1 52853
0 1 52854
0 1 52855
0 1 52856
0 1 52858
0 1 52866
0 1 52869
0 1 52871
0 1 52873
0 1 52875
0 1 52876
0 1 52878
0 1 52880
0 1 52884
0 1 52887
0 1 52888
0 1 52893
0 1 52894
0 1 52895
0 1 52898
0 1 52899
0 1 52900
0 1 52906
0 1 52909
0 1 52910
0 1 52912
0 1 52914
0 1 52915
0 1 52916
0 1 52919
0 1 52920
0 1 52926
0 1 52931
0 1 52933
0 1 52935
0 1 52938
0 1 52942
0 1 52944
0 1 52946
0 1 52955
0 1 52957
0 1 52958
0 1 52961
0 1 52963
0 1 52965
0 1 52966
0 1 52968
0 1 52971
0 1 52979
0 1 52980
0 1 52984
0 1 52985
0 1 52986
0 1 52988
0 1 52990
0 1 52992
0 1 52995
0 1 52996
0 1 52997
0 1 52998
0 1 53000
0 1 53001
0 1 53002
0 1 53003
0 1 53004
0 1 53005
0 1 53006
0 1 53008
0 1 53027
0 1 53031
0 1 53032
0 1 53033
0 1 53035
0 1 53036
0 1 53040
0 1 53043
0 1 53045
0 1 53047
0 1 53049
0 1 53053
0 1 53054
0 1 53055
0 1 53060
0 1 53062
0 1 53063
0 1 53066
0 1 53070
0 1 53073
0 1 53077
0 1 53079
0 1 53080
0 1 53082
0 1 53087
0 1 53090
0 1 53100
0 1 53107
0 1 53109
0 1 53110
0 1 53111
0 1 53112
0 1 53115
0 1 53118
0 1 53124
0 1 53126
0 1 53131
0 1 53133
0 1 53135
0 1 53136
0 1 53139
0 1 53142
0 1 53145
0 1 53147
0 1 53148
0 1 53149
0 1 53150
0 1 53156
0 1 53158
0 1 53160
0 1 53162
0 1 53167
0 1 53169
0 1 53171
0 1 53172
0 1 53173
0 1 53174
0 1 53176
0 1 53177
0 1 53179
0 1 53181
0 1 53186
0 1 53187
0 1 53188
0 1 53191
0 1 53194
0 1 53198
0 1 53199
0 1 53200
0 1 53202
0 1 53204
0 1 53209
0 1 53211
0 1 53212
0 1 53214
0 1 53215
0 1 53216
0 1 53220
0 1 53222
0 1 53226
0 1 53227
0 1 53229
0 1 53235
0 1 53236
0 1 53237
0 1 53240
0 1 53244
0 1 53246
0 1 53254
0 1 53256
0 1 53257
0 1 53258
0 1 53264
0 1 53265
0 1 53269
0 1 53270
0 1 53273
0 1 53274
0 1 53278
0 1 53282
0 1 53284
0 1 53286
0 1 53288
0 1 53290
0 1 53291
0 1 53294
0 1 53306
0 1 53311
0 1 53314
0 1 53316
0 1 53318
0 1 53320
0 1 53323
0 1 53326
0 1 53329
0 1 53332
0 1 53333
0 1 53335
0 1 53337
0 1 53340
0 1 53342
0 1 53344
0 1 53346
0 1 53352
0 1 53353
0 1 53355
0 1 53356
0 1 53362
0 1 53364
0 1 53366
0 1 53367
0 1 53369
0 1 53370
0 1 53375
0 1 53376
0 1 53378
0 1 53381
0 1 53382
0 1 53385
0 1 53388
0 1 53391
0 1 53397
0 1 53400
0 1 53401
0 1 53409
0 1 53410
0 1 53413
0 1 53414
0 1 53415
0 1 53416
0 1 53418
0 1 53420
0 1 53421
0 1 53422
0 1 53424
0 1 53429
0 1 53430
0 1 53432
0 1 53433
0 1 53435
0 1 53439
0 1 53441
0 1 53443
0 1 53444
0 1 53445
0 1 53446
0 1 53447
0 1 53448
0 1 53449
0 1 53451
0 1 53452
0 1 53453
0 1 53455
0 1 53456
0 1 53457
0 1 53461
0 1 53463
0 1 53466
0 1 53467
0 1 53468
0 1 53471
0 1 53472
0 1 53473
0 1 53474
0 1 53475
0 1 53476
0 1 53478
0 1 53480
0 1 53483
0 1 53486
0 1 53487
0 1 53491
0 1 53492
0 1 53495
0 1 53499
0 1 53500
0 1 53501
0 1 53503
0 1 53504
0 1 53513
0 1 53515
0 1 53525
0 1 53526
0 1 53527
0 1 53528
0 1 53530
0 1 53536
0 1 53538
0 1 53539
0 1 53540
0 1 53543
0 1 53545
0 1 53549
0 1 53550
0 1 53567
0 1 53569
0 1 53570
0 1 53572
0 1 53575
0 1 53578
0 1 53579
0 1 53580
0 1 53582
0 1 53585
0 1 53587
0 1 53590
0 1 53591
0 1 53592
0 1 53598
0 1 53601
0 1 53602
0 1 53605
0 1 53607
0 1 53610
0 1 53613
0 1 53616
0 1 53617
0 1 53623
0 1 53624
0 1 53626
0 1 53637
0 1 53639
0 1 53641
0 1 53645
0 1 53646
0 1 53652
0 1 53656
0 1 53659
0 1 53660
0 1 53661
0 1 53664
0 1 53667
0 1 53668
0 1 53669
0 1 53671
0 1 53676
0 1 53681
0 1 53683
0 1 53684
0 1 53685
0 1 53686
0 1 53689
0 1 53694
0 1 53701
0 1 53702
0 1 53707
0 1 53709
0 1 53710
0 1 53711
0 1 53716
0 1 53718
0 1 53722
0 1 53723
0 1 53724
0 1 53725
0 1 53726
0 1 53727
0 1 53729
0 1 53730
0 1 53731
0 1 53733
0 1 53734
0 1 53737
0 1 53738
0 1 53745
0 1 53746
0 1 53748
0 1 53750
0 1 53755
0 1 53756
0 1 53760
0 1 53762
0 1 53765
0 1 53766
0 1 53769
0 1 53773
0 1 53774
0 1 53775
0 1 53779
0 1 53781
0 1 53782
0 1 53783
0 1 53785
0 1 53786
0 1 53792
0 1 53795
0 1 53796
0 1 53798
0 1 53803
0 1 53806
0 1 53807
0 1 53808
0 1 53812
0 1 53816
0 1 53826
0 1 53827
0 1 53828
0 1 53830
0 1 53832
0 1 53836
0 1 53837
0 1 53838
0 1 53844
0 1 53850
0 1 53851
0 1 53854
0 1 53855
0 1 53856
0 1 53857
0 1 53858
0 1 53860
0 1 53878
0 1 53880
0 1 53881
0 1 53883
0 1 53887
0 1 53888
0 1 53889
0 1 53892
0 1 53894
0 1 53895
0 1 53898
0 1 53901
0 1 53902
0 1 53905
0 1 53907
0 1 53909
0 1 53910
0 1 53911
0 1 53914
0 1 53915
0 1 53917
0 1 53918
0 1 53919
0 1 53921
0 1 53925
0 1 53928
0 1 53932
0 1 53933
0 1 53936
0 1 53937
0 1 53942
0 1 53943
0 1 53945
0 1 53946
0 1 53949
0 1 53950
0 1 53951
0 1 53953
0 1 53957
0 1 53965
0 1 53975
0 1 53976
0 1 53977
0 1 53978
0 1 53980
0 1 53984
0 1 53997
0 1 53998
0 1 54005
0 1 54010
0 1 54014
0 1 54017
0 1 54022
0 1 54023
0 1 54025
0 1 54026
0 1 54027
0 1 54029
0 1 54030
0 1 54034
0 1 54043
0 1 54045
0 1 54052
0 1 54058
0 1 54059
0 1 54061
0 1 54063
0 1 54064
0 1 54066
0 1 54067
0 1 54072
0 1 54073
0 1 54078
0 1 54079
0 1 54081
0 1 54088
0 1 54092
0 1 54093
0 1 54094
0 1 54095
0 1 54097
0 1 54099
0 1 54101
0 1 54103
0 1 54104
0 1 54107
0 1 54109
0 1 54110
0 1 54112
0 1 54115
0 1 54116
0 1 54117
0 1 54119
0 1 54120
0 1 54121
0 1 54123
0 1 54125
0 1 54127
0 1 54137
0 1 54140
0 1 54145
0 1 54147
0 1 54152
0 1 54153
0 1 54158
0 1 54159
0 1 54161
0 1 54164
0 1 54166
0 1 54167
0 1 54171
0 1 54175
0 1 54176
0 1 54177
0 1 54181
0 1 54183
0 1 54186
0 1 54187
0 1 54189
0 1 54191
0 1 54192
0 1 54193
0 1 54194
0 1 54195
0 1 54197
0 1 54199
0 1 54200
0 1 54201
0 1 54209
0 1 54210
0 1 54212
0 1 54215
0 1 54216
0 1 54217
0 1 54221
0 1 54223
0 1 54226
0 1 54228
0 1 54230
0 1 54231
0 1 54234
0 1 54235
0 1 54236
0 1 54237
0 1 54238
0 1 54247
0 1 54248
0 1 54251
0 1 54254
0 1 54256
0 1 54258
0 1 54260
0 1 54261
0 1 54262
0 1 54263
0 1 54265
0 1 54266
0 1 54267
0 1 54269
0 1 54271
0 1 54273
0 1 54278
0 1 54280
0 1 54281
0 1 54282
0 1 54283
0 1 54284
0 1 54289
0 1 54291
0 1 54295
0 1 54297
0 1 54298
0 1 54299
0 1 54301
0 1 54304
0 1 54311
0 1 54312
0 1 54314
0 1 54316
0 1 54317
0 1 54325
0 1 54326
0 1 54329
0 1 54330
0 1 54336
0 1 54340
0 1 54342
0 1 54343
0 1 54344
0 1 54350
0 1 54353
0 1 54354
0 1 54356
0 1 54358
0 1 54362
0 1 54365
0 1 54366
0 1 54372
0 1 54374
0 1 54376
0 1 54377
0 1 54382
0 1 54385
0 1 54387
0 1 54388
0 1 54390
0 1 54392
0 1 54395
0 1 54396
0 1 54398
0 1 54400
0 1 54408
0 1 54409
0 1 54416
0 1 54421
0 1 54423
0 1 54429
0 1 54431
0 1 54432
0 1 54435
0 1 54436
0 1 54437
0 1 54443
0 1 54444
0 1 54446
0 1 54448
0 1 54453
0 1 54456
0 1 54457
0 1 54461
0 1 54464
0 1 54465
0 1 54467
0 1 54468
0 1 54476
0 1 54479
0 1 54480
0 1 54482
0 1 54483
0 1 54485
0 1 54486
0 1 54487
0 1 54488
0 1 54489
0 1 54491
0 1 54493
0 1 54494
0 1 54498
0 1 54500
0 1 54501
0 1 54505
0 1 54509
0 1 54514
0 1 54515
0 1 54516
0 1 54517
0 1 54519
0 1 54524
0 1 54531
0 1 54535
0 1 54539
0 1 54541
0 1 54546
0 1 54550
0 1 54554
0 1 54556
0 1 54557
0 1 54558
0 1 54564
0 1 54565
0 1 54566
0 1 54572
0 1 54577
0 1 54578
0 1 54579
0 1 54585
0 1 54593
0 1 54598
0 1 54600
0 1 54603
0 1 54605
0 1 54608
0 1 54615
0 1 54619
0 1 54620
0 1 54621
0 1 54630
0 1 54632
0 1 54634
0 1 54636
0 1 54637
0 1 54639
0 1 54640
0 1 54641
0 1 54643
0 1 54645
0 1 54650
0 1 54651
0 1 54652
0 1 54656
0 1 54658
0 1 54659
0 1 54661
0 1 54662
0 1 54663
0 1 54667
0 1 54668
0 1 54675
0 1 54676
0 1 54677
0 1 54679
0 1 54680
0 1 54689
0 1 54690
0 1 54693
0 1 54694
0 1 54704
0 1 54708
0 1 54710
0 1 54711
0 1 54712
0 1 54715
0 1 54718
0 1 54721
0 1 54722
0 1 54727
0 1 54730
0 1 54735
0 1 54736
0 1 54741
0 1 54744
0 1 54745
0 1 54749
0 1 54750
0 1 54752
0 1 54756
0 1 54758
0 1 54767
0 1 54768
0 1 54769
0 1 54770
0 1 54771
0 1 54776
0 1 54778
0 1 54783
0 1 54785
0 1 54786
0 1 54795
0 1 54807
0 1 54808
0 1 54813
0 1 54814
0 1 54816
0 1 54817
0 1 54819
0 1 54821
0 1 54822
0 1 54825
0 1 54826
0 1 54828
0 1 54831
0 1 54833
0 1 54835
0 1 54837
0 1 54838
0 1 54840
0 1 54845
0 1 54850
0 1 54851
0 1 54852
0 1 54854
0 1 54855
0 1 54861
0 1 54862
0 1 54866
0 1 54869
0 1 54878
0 1 54879
0 1 54889
0 1 54892
0 1 54893
0 1 54897
0 1 54900
0 1 54906
0 1 54910
0 1 54912
0 1 54916
0 1 54918
0 1 54925
0 1 54933
0 1 54934
0 1 54936
0 1 54938
0 1 54939
0 1 54940
0 1 54941
0 1 54943
0 1 54944
0 1 54945
0 1 54946
0 1 54949
0 1 54950
0 1 54953
0 1 54956
0 1 54964
0 1 54967
0 1 54969
0 1 54970
0 1 54972
0 1 54975
0 1 54978
0 1 54980
0 1 54982
0 1 54985
0 1 54988
0 1 54990
0 1 54991
0 1 54993
0 1 55002
0 1 55003
0 1 55005
0 1 55007
0 1 55009
0 1 55012
0 1 55017
0 1 55019
0 1 55022
0 1 55023
0 1 55026
0 1 55030
0 1 55032
0 1 55035
0 1 55036
0 1 55037
0 1 55040
0 1 55046
0 1 55047
0 1 55049
0 1 55050
0 1 55052
0 1 55061
0 1 55063
0 1 55070
0 1 55072
0 1 55078
0 1 55084
0 1 55087
0 1 55088
0 1 55092
0 1 55093
0 1 55094
0 1 55095
0 1 55096
0 1 55099
0 1 55101
0 1 55105
0 1 55107
0 1 55108
0 1 55115
0 1 55116
0 1 55117
0 1 55118
0 1 55120
0 1 55129
0 1 55136
0 1 55138
0 1 55144
0 1 55146
0 1 55147
0 1 55149
0 1 55150
0 1 55156
0 1 55164
0 1 55166
0 1 55168
0 1 55169
0 1 55172
0 1 55176
0 1 55177
0 1 55178
0 1 55179
0 1 55180
0 1 55182
0 1 55185
0 1 55187
0 1 55190
0 1 55191
0 1 55192
0 1 55194
0 1 55196
0 1 55199
0 1 55200
0 1 55206
0 1 55209
0 1 55211
0 1 55213
0 1 55214
0 1 55215
0 1 55216
0 1 55219
0 1 55220
0 1 55221
0 1 55222
0 1 55223
0 1 55224
0 1 55228
0 1 55230
0 1 55232
0 1 55234
0 1 55237
0 1 55239
0 1 55240
0 1 55244
0 1 55245
0 1 55247
0 1 55249
0 1 55251
0 1 55254
0 1 55259
0 1 55262
0 1 55263
0 1 55273
0 1 55274
0 1 55276
0 1 55278
0 1 55279
0 1 55280
0 1 55290
0 1 55293
0 1 55294
0 1 55300
0 1 55301
0 1 55302
0 1 55304
0 1 55305
0 1 55306
0 1 55311
0 1 55318
0 1 55319
0 1 55321
0 1 55324
0 1 55325
0 1 55329
0 1 55330
0 1 55332
0 1 55333
0 1 55336
0 1 55337
0 1 55338
0 1 55341
0 1 55342
0 1 55343
0 1 55347
0 1 55352
0 1 55354
0 1 55355
0 1 55358
0 1 55359
0 1 55360
0 1 55361
0 1 55364
0 1 55365
0 1 55369
0 1 55371
0 1 55378
0 1 55383
0 1 55393
0 1 55399
0 1 55400
0 1 55401
0 1 55402
0 1 55413
0 1 55415
0 1 55418
0 1 55422
0 1 55425
0 1 55427
0 1 55428
0 1 55430
0 1 55434
0 1 55436
0 1 55440
0 1 55445
0 1 55446
0 1 55449
0 1 55451
0 1 55453
0 1 55457
0 1 55461
0 1 55466
0 1 55469
0 1 55470
0 1 55472
0 1 55473
0 1 55474
0 1 55478
0 1 55479
0 1 55484
0 1 55485
0 1 55491
0 1 55494
0 1 55502
0 1 55503
0 1 55504
0 1 55505
0 1 55506
0 1 55509
0 1 55513
0 1 55516
0 1 55517
0 1 55521
0 1 55525
0 1 55526
0 1 55527
0 1 55533
0 1 55536
0 1 55538
0 1 55540
0 1 55542
0 1 55543
0 1 55546
0 1 55547
0 1 55550
0 1 55551
0 1 55553
0 1 55555
0 1 55556
0 1 55557
0 1 55558
0 1 55559
0 1 55560
0 1 55563
0 1 55564
0 1 55567
0 1 55574
0 1 55578
0 1 55579
0 1 55580
0 1 55583
0 1 55584
0 1 55586
0 1 55587
0 1 55592
0 1 55596
0 1 55598
0 1 55600
0 1 55602
0 1 55610
0 1 55611
0 1 55612
0 1 55613
0 1 55616
0 1 55617
0 1 55620
0 1 55621
0 1 55629
0 1 55630
0 1 55631
0 1 55632
0 1 55634
0 1 55636
0 1 55638
0 1 55640
0 1 55642
0 1 55644
0 1 55646
0 1 55647
0 1 55649
0 1 55650
0 1 55652
0 1 55656
0 1 55657
0 1 55658
0 1 55659
0 1 55660
0 1 55662
0 1 55663
0 1 55665
0 1 55666
0 1 55668
0 1 55670
0 1 55672
0 1 55676
0 1 55678
0 1 55679
0 1 55683
0 1 55687
0 1 55689
0 1 55692
0 1 55698
0 1 55701
0 1 55702
0 1 55703
0 1 55705
0 1 55707
0 1 55709
0 1 55710
0 1 55712
0 1 55713
0 1 55715
0 1 55720
0 1 55721
0 1 55730
0 1 55734
0 1 55735
0 1 55741
0 1 55744
0 1 55745
0 1 55747
0 1 55752
0 1 55753
0 1 55758
0 1 55759
0 1 55761
0 1 55763
0 1 55765
0 1 55766
0 1 55773
0 1 55775
0 1 55776
0 1 55779
0 1 55786
0 1 55789
0 1 55790
0 1 55791
0 1 55792
0 1 55795
0 1 55798
0 1 55801
0 1 55802
0 1 55804
0 1 55806
0 1 55810
0 1 55814
0 1 55817
0 1 55820
0 1 55822
0 1 55824
0 1 55826
0 1 55828
0 1 55832
0 1 55835
0 1 55837
0 1 55841
0 1 55844
0 1 55848
0 1 55851
0 1 55852
0 1 55860
0 1 55862
0 1 55863
0 1 55867
0 1 55869
0 1 55871
0 1 55877
0 1 55878
0 1 55881
0 1 55882
0 1 55883
0 1 55884
0 1 55887
0 1 55888
0 1 55891
0 1 55892
0 1 55895
0 1 55898
0 1 55899
0 1 55903
0 1 55906
0 1 55908
0 1 55909
0 1 55910
0 1 55914
0 1 55915
0 1 55920
0 1 55922
0 1 55923
0 1 55924
0 1 55928
0 1 55929
0 1 55932
0 1 55933
0 1 55934
0 1 55942
0 1 55946
0 1 55949
0 1 55952
0 1 55955
0 1 55957
0 1 55960
0 1 55961
0 1 55963
0 1 55966
0 1 55967
0 1 55968
0 1 55969
0 1 55976
0 1 55978
0 1 55980
0 1 55981
0 1 55983
0 1 55986
0 1 55991
0 1 55994
0 1 55996
0 1 55997
0 1 55999
0 1 56001
0 1 56004
0 1 56005
0 1 56007
0 1 56008
0 1 56013
0 1 56014
0 1 56018
0 1 56021
0 1 56022
0 1 56024
0 1 56025
0 1 56026
0 1 56029
0 1 56037
0 1 56038
0 1 56039
0 1 56040
0 1 56042
0 1 56043
0 1 56045
0 1 56046
0 1 56050
0 1 56051
0 1 56055
0 1 56056
0 1 56058
0 1 56062
0 1 56063
0 1 56066
0 1 56067
0 1 56068
0 1 56070
0 1 56071
0 1 56072
0 1 56073
0 1 56074
0 1 56077
0 1 56079
0 1 56081
0 1 56084
0 1 56089
0 1 56091
0 1 56092
0 1 56093
0 1 56095
0 1 56096
0 1 56097
0 1 56100
0 1 56107
0 1 56108
0 1 56112
0 1 56114
0 1 56117
0 1 56118
0 1 56120
0 1 56122
0 1 56125
0 1 56127
0 1 56128
0 1 56129
0 1 56130
0 1 56134
0 1 56135
0 1 56136
0 1 56141
0 1 56142
0 1 56144
0 1 56148
0 1 56150
0 1 56155
0 1 56156
0 1 56160
0 1 56161
0 1 56162
0 1 56167
0 1 56168
0 1 56170
0 1 56175
0 1 56176
0 1 56177
0 1 56178
0 1 56179
0 1 56182
0 1 56185
0 1 56187
0 1 56190
0 1 56193
0 1 56194
0 1 56195
0 1 56196
0 1 56199
0 1 56200
0 1 56206
0 1 56207
0 1 56209
0 1 56211
0 1 56212
0 1 56214
0 1 56215
0 1 56216
0 1 56217
0 1 56218
0 1 56220
0 1 56221
0 1 56224
0 1 56225
0 1 56228
0 1 56229
0 1 56233
0 1 56236
0 1 56241
0 1 56242
0 1 56244
0 1 56246
0 1 56249
0 1 56251
0 1 56252
0 1 56256
0 1 56259
0 1 56260
0 1 56263
0 1 56264
0 1 56265
0 1 56266
0 1 56272
0 1 56274
0 1 56276
0 1 56277
0 1 56279
0 1 56281
0 1 56282
0 1 56286
0 1 56291
0 1 56292
0 1 56299
0 1 56303
0 1 56307
0 1 56309
0 1 56310
0 1 56315
0 1 56316
0 1 56317
0 1 56318
0 1 56319
0 1 56320
0 1 56321
0 1 56325
0 1 56329
0 1 56330
0 1 56333
0 1 56339
0 1 56341
0 1 56342
0 1 56343
0 1 56344
0 1 56345
0 1 56349
0 1 56350
0 1 56359
0 1 56362
0 1 56364
0 1 56372
0 1 56374
0 1 56375
0 1 56381
0 1 56383
0 1 56384
0 1 56388
0 1 56389
0 1 56391
0 1 56395
0 1 56398
0 1 56399
0 1 56400
0 1 56403
0 1 56405
0 1 56407
0 1 56408
0 1 56411
0 1 56413
0 1 56414
0 1 56416
0 1 56417
0 1 56420
0 1 56421
0 1 56422
0 1 56430
0 1 56434
0 1 56435
0 1 56436
0 1 56439
0 1 56440
0 1 56447
0 1 56456
0 1 56457
0 1 56458
0 1 56459
0 1 56461
0 1 56462
0 1 56464
0 1 56467
0 1 56468
0 1 56473
0 1 56474
0 1 56476
0 1 56477
0 1 56479
0 1 56481
0 1 56486
0 1 56491
0 1 56492
0 1 56494
0 1 56497
0 1 56498
0 1 56499
0 1 56502
0 1 56510
0 1 56511
0 1 56513
0 1 56514
0 1 56515
0 1 56516
0 1 56518
0 1 56520
0 1 56521
0 1 56525
0 1 56526
0 1 56527
0 1 56528
0 1 56531
0 1 56532
0 1 56534
0 1 56536
0 1 56538
0 1 56545
0 1 56546
0 1 56552
0 1 56554
0 1 56556
0 1 56562
0 1 56563
0 1 56567
0 1 56568
0 1 56569
0 1 56572
0 1 56573
0 1 56577
0 1 56581
0 1 56582
0 1 56583
0 1 56587
0 1 56589
0 1 56592
0 1 56593
0 1 56595
0 1 56596
0 1 56598
0 1 56602
0 1 56603
0 1 56604
0 1 56605
0 1 56607
0 1 56608
0 1 56610
0 1 56611
0 1 56612
0 1 56620
0 1 56623
0 1 56624
0 1 56627
0 1 56629
0 1 56630
0 1 56632
0 1 56637
0 1 56638
0 1 56641
0 1 56642
0 1 56643
0 1 56644
0 1 56648
0 1 56649
0 1 56650
0 1 56652
0 1 56654
0 1 56655
0 1 56661
0 1 56662
0 1 56664
0 1 56665
0 1 56666
0 1 56669
0 1 56671
0 1 56674
0 1 56676
0 1 56677
0 1 56681
0 1 56682
0 1 56683
0 1 56685
0 1 56690
0 1 56691
0 1 56695
0 1 56696
0 1 56698
0 1 56700
0 1 56701
0 1 56706
0 1 56709
0 1 56714
0 1 56716
0 1 56717
0 1 56718
0 1 56719
0 1 56726
0 1 56728
0 1 56731
0 1 56734
0 1 56745
0 1 56751
0 1 56753
0 1 56754
0 1 56762
0 1 56764
0 1 56768
0 1 56769
0 1 56771
0 1 56772
0 1 56774
0 1 56776
0 1 56777
0 1 56781
0 1 56783
0 1 56785
0 1 56788
0 1 56794
0 1 56795
0 1 56796
0 1 56798
0 1 56801
0 1 56804
0 1 56805
0 1 56806
0 1 56808
0 1 56809
0 1 56810
0 1 56811
0 1 56812
0 1 56814
0 1 56817
0 1 56819
0 1 56821
0 1 56822
0 1 56826
0 1 56828
0 1 56830
0 1 56832
0 1 56833
0 1 56834
0 1 56836
0 1 56837
0 1 56839
0 1 56843
0 1 56848
0 1 56851
0 1 56855
0 1 56856
0 1 56857
0 1 56858
0 1 56860
0 1 56861
0 1 56862
0 1 56865
0 1 56868
0 1 56869
0 1 56870
0 1 56871
0 1 56877
0 1 56880
0 1 56881
0 1 56887
0 1 56892
0 1 56895
0 1 56898
0 1 56900
0 1 56903
0 1 56905
0 1 56912
0 1 56914
0 1 56915
0 1 56916
0 1 56920
0 1 56921
0 1 56932
0 1 56936
0 1 56937
0 1 56940
0 1 56941
0 1 56942
0 1 56943
0 1 56945
0 1 56947
0 1 56948
0 1 56953
0 1 56954
0 1 56955
0 1 56958
0 1 56959
0 1 56960
0 1 56961
0 1 56968
0 1 56971
0 1 56972
0 1 56973
0 1 56976
0 1 56977
0 1 56978
0 1 56979
0 1 56981
0 1 56982
0 1 56983
0 1 56987
0 1 56988
0 1 56991
0 1 56993
0 1 56994
0 1 56997
0 1 56999
0 1 57004
0 1 57011
0 1 57012
0 1 57015
0 1 57016
0 1 57017
0 1 57019
0 1 57020
0 1 57022
0 1 57023
0 1 57024
0 1 57026
0 1 57029
0 1 57031
0 1 57035
0 1 57041
0 1 57042
0 1 57044
0 1 57047
0 1 57054
0 1 57058
0 1 57059
0 1 57061
0 1 57062
0 1 57063
0 1 57064
0 1 57066
0 1 57067
0 1 57071
0 1 57073
0 1 57081
0 1 57082
0 1 57086
0 1 57088
0 1 57089
0 1 57090
0 1 57093
0 1 57095
0 1 57103
0 1 57104
0 1 57109
0 1 57110
0 1 57112
0 1 57113
0 1 57117
0 1 57120
0 1 57122
0 1 57139
0 1 57140
0 1 57143
0 1 57144
0 1 57148
0 1 57157
0 1 57158
0 1 57159
0 1 57160
0 1 57161
0 1 57165
0 1 57171
0 1 57174
0 1 57178
0 1 57179
0 1 57180
0 1 57181
0 1 57182
0 1 57184
0 1 57186
0 1 57191
0 1 57192
0 1 57193
0 1 57200
0 1 57207
0 1 57209
0 1 57210
0 1 57212
0 1 57215
0 1 57217
0 1 57218
0 1 57219
0 1 57220
0 1 57222
0 1 57223
0 1 57226
0 1 57228
0 1 57229
0 1 57236
0 1 57237
0 1 57240
0 1 57244
0 1 57246
0 1 57249
0 1 57250
0 1 57257
0 1 57265
0 1 57266
0 1 57267
0 1 57268
0 1 57269
0 1 57270
0 1 57272
0 1 57273
0 1 57275
0 1 57276
0 1 57277
0 1 57278
0 1 57281
0 1 57282
0 1 57284
0 1 57289
0 1 57297
0 1 57299
0 1 57300
0 1 57304
0 1 57306
0 1 57307
0 1 57309
0 1 57311
0 1 57312
0 1 57314
0 1 57316
0 1 57317
0 1 57320
0 1 57323
0 1 57326
0 1 57327
0 1 57328
0 1 57329
0 1 57333
0 1 57336
0 1 57338
0 1 57339
0 1 57340
0 1 57344
0 1 57348
0 1 57350
0 1 57355
0 1 57356
0 1 57362
0 1 57364
0 1 57365
0 1 57367
0 1 57371
0 1 57376
0 1 57377
0 1 57379
0 1 57383
0 1 57384
0 1 57386
0 1 57391
0 1 57394
0 1 57398
0 1 57399
0 1 57400
0 1 57405
0 1 57408
0 1 57409
0 1 57410
0 1 57413
0 1 57414
0 1 57415
0 1 57419
0 1 57420
0 1 57423
0 1 57424
0 1 57426
0 1 57429
0 1 57431
0 1 57434
0 1 57437
0 1 57438
0 1 57439
0 1 57442
0 1 57444
0 1 57448
0 1 57450
0 1 57451
0 1 57452
0 1 57454
0 1 57455
0 1 57456
0 1 57458
0 1 57460
0 1 57462
0 1 57465
0 1 57468
0 1 57471
0 1 57472
0 1 57475
0 1 57477
0 1 57478
0 1 57481
0 1 57483
0 1 57484
0 1 57487
0 1 57488
0 1 57491
0 1 57497
0 1 57498
0 1 57500
0 1 57502
0 1 57504
0 1 57505
0 1 57506
0 1 57507
0 1 57508
0 1 57509
0 1 57510
0 1 57512
0 1 57514
0 1 57515
0 1 57516
0 1 57521
0 1 57525
0 1 57526
0 1 57531
0 1 57532
0 1 57533
0 1 57537
0 1 57541
0 1 57542
0 1 57543
0 1 57546
0 1 57547
0 1 57549
0 1 57550
0 1 57554
0 1 57555
0 1 57559
0 1 57560
0 1 57565
0 1 57568
0 1 57572
0 1 57576
0 1 57577
0 1 57581
0 1 57582
0 1 57585
0 1 57587
0 1 57589
0 1 57590
0 1 57594
0 1 57602
0 1 57606
0 1 57607
0 1 57609
0 1 57613
0 1 57614
0 1 57620
0 1 57621
0 1 57624
0 1 57625
0 1 57626
0 1 57627
0 1 57631
0 1 57632
0 1 57633
0 1 57638
0 1 57639
0 1 57642
0 1 57644
0 1 57646
0 1 57650
0 1 57656
0 1 57659
0 1 57660
0 1 57661
0 1 57663
0 1 57666
0 1 57667
0 1 57672
0 1 57674
0 1 57678
0 1 57679
0 1 57681
0 1 57683
0 1 57685
0 1 57686
0 1 57693
0 1 57695
0 1 57698
0 1 57699
0 1 57703
0 1 57706
0 1 57715
0 1 57716
0 1 57720
0 1 57721
0 1 57722
0 1 57723
0 1 57730
0 1 57731
0 1 57732
0 1 57733
0 1 57734
0 1 57738
0 1 57739
0 1 57741
0 1 57745
0 1 57747
0 1 57751
0 1 57753
0 1 57756
0 1 57759
0 1 57761
0 1 57764
0 1 57765
0 1 57767
0 1 57770
0 1 57772
0 1 57773
0 1 57774
0 1 57778
0 1 57780
0 1 57781
0 1 57784
0 1 57788
0 1 57791
0 1 57793
0 1 57794
0 1 57796
0 1 57798
0 1 57800
0 1 57801
0 1 57804
0 1 57805
0 1 57809
0 1 57812
0 1 57814
0 1 57818
0 1 57819
0 1 57820
0 1 57821
0 1 57826
0 1 57827
0 1 57829
0 1 57833
0 1 57836
0 1 57839
0 1 57841
0 1 57849
0 1 57857
0 1 57860
0 1 57863
0 1 57865
0 1 57866
0 1 57867
0 1 57868
0 1 57870
0 1 57871
0 1 57875
0 1 57879
0 1 57882
0 1 57884
0 1 57885
0 1 57889
0 1 57892
0 1 57893
0 1 57895
0 1 57896
0 1 57899
0 1 57900
0 1 57903
0 1 57911
0 1 57916
0 1 57920
0 1 57921
0 1 57923
0 1 57924
0 1 57928
0 1 57929
0 1 57931
0 1 57932
0 1 57933
0 1 57937
0 1 57938
0 1 57941
0 1 57943
0 1 57947
0 1 57951
0 1 57952
0 1 57955
0 1 57958
0 1 57962
0 1 57963
0 1 57965
0 1 57967
0 1 57971
0 1 57972
0 1 57973
0 1 57987
0 1 57988
0 1 57989
0 1 57995
0 1 57998
0 1 58001
0 1 58004
0 1 58008
0 1 58016
0 1 58018
0 1 58020
0 1 58022
0 1 58025
0 1 58032
0 1 58034
0 1 58035
0 1 58036
0 1 58039
0 1 58040
0 1 58041
0 1 58043
0 1 58045
0 1 58054
0 1 58062
0 1 58064
0 1 58066
0 1 58069
0 1 58072
0 1 58073
0 1 58074
0 1 58078
0 1 58080
0 1 58083
0 1 58084
0 1 58091
0 1 58094
0 1 58095
0 1 58101
0 1 58103
0 1 58105
0 1 58106
0 1 58107
0 1 58109
0 1 58113
0 1 58114
0 1 58116
0 1 58117
0 1 58118
0 1 58122
0 1 58124
0 1 58131
0 1 58134
0 1 58136
0 1 58138
0 1 58140
0 1 58143
0 1 58147
0 1 58150
0 1 58152
0 1 58156
0 1 58159
0 1 58162
0 1 58163
0 1 58167
0 1 58169
0 1 58170
0 1 58173
0 1 58176
0 1 58180
0 1 58184
0 1 58185
0 1 58186
0 1 58187
0 1 58188
0 1 58190
0 1 58195
0 1 58196
0 1 58198
0 1 58202
0 1 58203
0 1 58204
0 1 58206
0 1 58207
0 1 58208
0 1 58209
0 1 58213
0 1 58214
0 1 58215
0 1 58221
0 1 58223
0 1 58224
0 1 58229
0 1 58232
0 1 58234
0 1 58240
0 1 58241
0 1 58242
0 1 58243
0 1 58244
0 1 58245
0 1 58246
0 1 58247
0 1 58248
0 1 58249
0 1 58250
0 1 58251
0 1 58252
0 1 58260
0 1 58261
0 1 58263
0 1 58264
0 1 58266
0 1 58273
0 1 58278
0 1 58281
0 1 58282
0 1 58290
0 1 58294
0 1 58295
0 1 58297
0 1 58298
0 1 58302
0 1 58304
0 1 58305
0 1 58308
0 1 58312
0 1 58313
0 1 58314
0 1 58317
0 1 58323
0 1 58326
0 1 58327
0 1 58328
0 1 58330
0 1 58335
0 1 58336
0 1 58337
0 1 58338
0 1 58339
0 1 58341
0 1 58342
0 1 58343
0 1 58344
0 1 58345
0 1 58347
0 1 58348
0 1 58350
0 1 58351
0 1 58356
0 1 58359
0 1 58360
0 1 58364
0 1 58366
0 1 58370
0 1 58372
0 1 58375
0 1 58377
0 1 58384
0 1 58385
0 1 58387
0 1 58389
0 1 58392
0 1 58393
0 1 58394
0 1 58395
0 1 58399
0 1 58402
0 1 58404
0 1 58409
0 1 58410
0 1 58413
0 1 58415
0 1 58417
0 1 58422
0 1 58423
0 1 58424
0 1 58425
0 1 58426
0 1 58429
0 1 58432
0 1 58434
0 1 58435
0 1 58436
0 1 58439
0 1 58442
0 1 58443
0 1 58445
0 1 58446
0 1 58447
0 1 58448
0 1 58450
0 1 58457
0 1 58460
0 1 58461
0 1 58462
0 1 58463
0 1 58469
0 1 58470
0 1 58477
0 1 58478
0 1 58479
0 1 58480
0 1 58481
0 1 58484
0 1 58485
0 1 58487
0 1 58489
0 1 58490
0 1 58491
0 1 58492
0 1 58493
0 1 58503
0 1 58504
0 1 58508
0 1 58510
0 1 58511
0 1 58512
0 1 58515
0 1 58518
0 1 58520
0 1 58523
0 1 58524
0 1 58525
0 1 58526
0 1 58528
0 1 58529
0 1 58531
0 1 58534
0 1 58535
0 1 58537
0 1 58538
0 1 58540
0 1 58541
0 1 58547
0 1 58551
0 1 58553
0 1 58554
0 1 58555
0 1 58562
0 1 58563
0 1 58566
0 1 58569
0 1 58570
0 1 58579
0 1 58581
0 1 58586
0 1 58588
0 1 58589
0 1 58590
0 1 58594
0 1 58596
0 1 58598
0 1 58599
0 1 58600
0 1 58601
0 1 58603
0 1 58606
0 1 58609
0 1 58616
0 1 58617
0 1 58619
0 1 58622
0 1 58627
0 1 58631
0 1 58633
0 1 58634
0 1 58635
0 1 58637
0 1 58638
0 1 58640
0 1 58641
0 1 58642
0 1 58644
0 1 58645
0 1 58658
0 1 58659
0 1 58661
0 1 58667
0 1 58671
0 1 58673
0 1 58674
0 1 58680
0 1 58686
0 1 58690
0 1 58695
0 1 58697
0 1 58699
0 1 58703
0 1 58706
0 1 58707
0 1 58708
0 1 58712
0 1 58713
0 1 58715
0 1 58716
0 1 58722
0 1 58724
0 1 58725
0 1 58728
0 1 58742
0 1 58744
0 1 58745
0 1 58749
0 1 58750
0 1 58751
0 1 58752
0 1 58758
0 1 58760
0 1 58763
0 1 58765
0 1 58768
0 1 58773
0 1 58774
0 1 58777
0 1 58779
0 1 58782
0 1 58785
0 1 58786
0 1 58789
0 1 58790
0 1 58792
0 1 58796
0 1 58797
0 1 58798
0 1 58802
0 1 58804
0 1 58805
0 1 58806
0 1 58808
0 1 58809
0 1 58811
0 1 58818
0 1 58826
0 1 58828
0 1 58829
0 1 58832
0 1 58837
0 1 58838
0 1 58841
0 1 58848
0 1 58850
0 1 58851
0 1 58852
0 1 58858
0 1 58861
0 1 58862
0 1 58866
0 1 58869
0 1 58871
0 1 58875
0 1 58878
0 1 58882
0 1 58883
0 1 58886
0 1 58891
0 1 58892
0 1 58897
0 1 58901
0 1 58902
0 1 58906
0 1 58908
0 1 58909
0 1 58910
0 1 58912
0 1 58913
0 1 58915
0 1 58916
0 1 58917
0 1 58918
0 1 58920
0 1 58922
0 1 58923
0 1 58926
0 1 58929
0 1 58937
0 1 58939
0 1 58940
0 1 58941
0 1 58942
0 1 58943
0 1 58945
0 1 58953
0 1 58956
0 1 58958
0 1 58960
0 1 58961
0 1 58965
0 1 58966
0 1 58970
0 1 58972
0 1 58977
0 1 58979
0 1 58982
0 1 58983
0 1 58984
0 1 58986
0 1 58987
0 1 58992
0 1 58993
0 1 58994
0 1 58996
0 1 59007
0 1 59008
0 1 59009
0 1 59010
0 1 59012
0 1 59015
0 1 59016
0 1 59017
0 1 59018
0 1 59023
0 1 59024
0 1 59030
0 1 59032
0 1 59034
0 1 59035
0 1 59039
0 1 59040
0 1 59043
0 1 59046
0 1 59049
0 1 59058
0 1 59059
0 1 59061
0 1 59062
0 1 59063
0 1 59064
0 1 59065
0 1 59066
0 1 59068
0 1 59075
0 1 59081
0 1 59082
0 1 59086
0 1 59087
0 1 59099
0 1 59102
0 1 59103
0 1 59108
0 1 59110
0 1 59112
0 1 59114
0 1 59125
0 1 59126
0 1 59128
0 1 59129
0 1 59132
0 1 59133
0 1 59134
0 1 59135
0 1 59137
0 1 59138
0 1 59142
0 1 59144
0 1 59148
0 1 59150
0 1 59152
0 1 59154
0 1 59157
0 1 59160
0 1 59163
0 1 59173
0 1 59177
0 1 59182
0 1 59186
0 1 59187
0 1 59188
0 1 59189
0 1 59193
0 1 59199
0 1 59202
0 1 59210
0 1 59214
0 1 59215
0 1 59216
0 1 59220
0 1 59221
0 1 59222
0 1 59223
0 1 59224
0 1 59226
0 1 59227
0 1 59228
0 1 59230
0 1 59234
0 1 59235
0 1 59236
0 1 59238
0 1 59240
0 1 59244
0 1 59247
0 1 59248
0 1 59254
0 1 59255
0 1 59257
0 1 59258
0 1 59261
0 1 59263
0 1 59264
0 1 59267
0 1 59268
0 1 59276
0 1 59277
0 1 59282
0 1 59289
0 1 59290
0 1 59293
0 1 59296
0 1 59303
0 1 59304
0 1 59308
0 1 59309
0 1 59310
0 1 59311
0 1 59313
0 1 59314
0 1 59315
0 1 59317
0 1 59319
0 1 59320
0 1 59321
0 1 59322
0 1 59325
0 1 59329
0 1 59330
0 1 59331
0 1 59332
0 1 59333
0 1 59334
0 1 59335
0 1 59337
0 1 59339
0 1 59340
0 1 59341
0 1 59342
0 1 59343
0 1 59345
0 1 59346
0 1 59348
0 1 59350
0 1 59351
0 1 59353
0 1 59356
0 1 59357
0 1 59360
0 1 59362
0 1 59363
0 1 59366
0 1 59367
0 1 59369
0 1 59371
0 1 59373
0 1 59374
0 1 59375
0 1 59376
0 1 59377
0 1 59380
0 1 59382
0 1 59384
0 1 59385
0 1 59386
0 1 59388
0 1 59389
0 1 59393
0 1 59394
0 1 59395
0 1 59397
0 1 59401
0 1 59402
0 1 59405
0 1 59406
0 1 59407
0 1 59411
0 1 59414
0 1 59415
0 1 59416
0 1 59417
0 1 59418
0 1 59422
0 1 59425
0 1 59426
0 1 59429
0 1 59431
0 1 59433
0 1 59435
0 1 59437
0 1 59440
0 1 59442
0 1 59443
0 1 59449
0 1 59451
0 1 59453
0 1 59455
0 1 59457
0 1 59461
0 1 59467
0 1 59468
0 1 59470
0 1 59478
0 1 59480
0 1 59483
0 1 59484
0 1 59485
0 1 59486
0 1 59487
0 1 59491
0 1 59494
0 1 59497
0 1 59498
0 1 59499
0 1 59504
0 1 59512
0 1 59513
0 1 59514
0 1 59515
0 1 59516
0 1 59517
0 1 59520
0 1 59522
0 1 59523
0 1 59524
0 1 59525
0 1 59528
0 1 59529
0 1 59530
0 1 59532
0 1 59533
0 1 59538
0 1 59540
0 1 59548
0 1 59550
0 1 59551
0 1 59552
0 1 59553
0 1 59554
0 1 59555
0 1 59556
0 1 59559
0 1 59560
0 1 59562
0 1 59563
0 1 59564
0 1 59565
0 1 59566
0 1 59572
0 1 59573
0 1 59579
0 1 59583
0 1 59586
0 1 59587
0 1 59591
0 1 59598
0 1 59600
0 1 59601
0 1 59607
0 1 59608
0 1 59614
0 1 59615
0 1 59618
0 1 59619
0 1 59624
0 1 59625
0 1 59629
0 1 59630
0 1 59633
0 1 59634
0 1 59635
0 1 59640
0 1 59642
0 1 59647
0 1 59650
0 1 59652
0 1 59653
0 1 59654
0 1 59656
0 1 59657
0 1 59660
0 1 59662
0 1 59663
0 1 59666
0 1 59670
0 1 59672
0 1 59673
0 1 59675
0 1 59677
0 1 59678
0 1 59680
0 1 59681
0 1 59684
0 1 59690
0 1 59691
0 1 59692
0 1 59695
0 1 59697
0 1 59702
0 1 59704
0 1 59706
0 1 59709
0 1 59710
0 1 59713
0 1 59715
0 1 59718
0 1 59719
0 1 59721
0 1 59724
0 1 59727
0 1 59728
0 1 59730
0 1 59732
0 1 59733
0 1 59737
0 1 59738
0 1 59742
0 1 59750
0 1 59751
0 1 59753
0 1 59755
0 1 59764
0 1 59765
0 1 59766
0 1 59770
0 1 59776
0 1 59777
0 1 59778
0 1 59780
0 1 59785
0 1 59789
0 1 59791
0 1 59793
0 1 59794
0 1 59797
0 1 59800
0 1 59801
0 1 59803
0 1 59807
0 1 59809
0 1 59812
0 1 59816
0 1 59817
0 1 59821
0 1 59826
0 1 59829
0 1 59834
0 1 59835
0 1 59839
0 1 59843
0 1 59844
0 1 59847
0 1 59851
0 1 59853
0 1 59856
0 1 59862
0 1 59864
0 1 59866
0 1 59867
0 1 59872
0 1 59874
0 1 59881
0 1 59882
0 1 59883
0 1 59886
0 1 59892
0 1 59901
0 1 59902
0 1 59903
0 1 59904
0 1 59909
0 1 59915
0 1 59919
0 1 59920
0 1 59921
0 1 59922
0 1 59925
0 1 59926
0 1 59927
0 1 59932
0 1 59933
0 1 59935
0 1 59936
0 1 59938
0 1 59941
0 1 59944
0 1 59945
0 1 59947
0 1 59948
0 1 59949
0 1 59951
0 1 59952
0 1 59953
0 1 59954
0 1 59958
0 1 59960
0 1 59962
0 1 59965
0 1 59968
0 1 59970
0 1 59972
0 1 59975
0 1 59976
0 1 59979
0 1 59980
0 1 59984
0 1 59986
0 1 59987
0 1 59989
0 1 59991
0 1 59994
0 1 60002
0 1 60006
0 1 60009
0 1 60013
0 1 60018
0 1 60021
0 1 60031
0 1 60036
0 1 60038
0 1 60040
0 1 60042
0 1 60044
0 1 60046
0 1 60047
0 1 60051
0 1 60053
0 1 60054
0 1 60058
0 1 60061
0 1 60063
0 1 60072
0 1 60074
0 1 60078
0 1 60080
0 1 60081
0 1 60083
0 1 60088
0 1 60094
0 1 60102
0 1 60104
0 1 60110
0 1 60113
0 1 60114
0 1 60119
0 1 60123
0 1 60126
0 1 60127
0 1 60131
0 1 60135
0 1 60137
0 1 60140
0 1 60141
0 1 60144
0 1 60148
0 1 60149
0 1 60150
0 1 60151
0 1 60152
0 1 60158
0 1 60159
0 1 60161
0 1 60163
0 1 60164
0 1 60165
0 1 60166
0 1 60168
0 1 60169
0 1 60173
0 1 60175
0 1 60176
0 1 60177
0 1 60178
0 1 60179
0 1 60180
0 1 60182
0 1 60184
0 1 60185
0 1 60193
0 1 60199
0 1 60202
0 1 60206
0 1 60212
0 1 60213
0 1 60215
0 1 60217
0 1 60219
0 1 60221
0 1 60222
0 1 60225
0 1 60227
0 1 60228
0 1 60232
0 1 60236
0 1 60237
0 1 60238
0 1 60242
0 1 60244
0 1 60245
0 1 60246
0 1 60247
0 1 60248
0 1 60250
0 1 60256
0 1 60257
0 1 60260
0 1 60263
0 1 60264
0 1 60265
0 1 60267
0 1 60269
0 1 60270
0 1 60277
0 1 60282
0 1 60283
0 1 60288
0 1 60289
0 1 60293
0 1 60294
0 1 60299
0 1 60300
0 1 60301
0 1 60302
0 1 60303
0 1 60307
0 1 60310
0 1 60311
0 1 60312
0 1 60313
0 1 60316
0 1 60318
0 1 60319
0 1 60321
0 1 60324
0 1 60327
0 1 60328
0 1 60330
0 1 60332
0 1 60334
0 1 60336
0 1 60343
0 1 60345
0 1 60347
0 1 60350
0 1 60351
0 1 60353
0 1 60356
0 1 60365
0 1 60367
0 1 60368
0 1 60369
0 1 60373
0 1 60376
0 1 60378
0 1 60379
0 1 60380
0 1 60383
0 1 60387
0 1 60390
0 1 60394
0 1 60398
0 1 60403
0 1 60405
0 1 60406
0 1 60407
0 1 60409
0 1 60411
0 1 60413
0 1 60415
0 1 60418
0 1 60419
0 1 60420
0 1 60423
0 1 60424
0 1 60433
0 1 60434
0 1 60437
0 1 60439
0 1 60441
0 1 60450
0 1 60452
0 1 60456
0 1 60460
0 1 60462
0 1 60466
0 1 60468
0 1 60471
0 1 60474
0 1 60475
0 1 60476
0 1 60478
0 1 60480
0 1 60482
0 1 60483
0 1 60484
0 1 60491
0 1 60492
0 1 60493
0 1 60500
0 1 60502
0 1 60505
0 1 60506
0 1 60509
0 1 60510
0 1 60511
0 1 60515
0 1 60518
0 1 60524
0 1 60529
0 1 60532
0 1 60534
0 1 60535
0 1 60537
0 1 60540
0 1 60541
0 1 60546
0 1 60547
0 1 60548
0 1 60553
0 1 60557
0 1 60558
0 1 60561
0 1 60562
0 1 60563
0 1 60564
0 1 60569
0 1 60570
0 1 60573
0 1 60576
0 1 60577
0 1 60578
0 1 60579
0 1 60580
0 1 60584
0 1 60585
0 1 60586
0 1 60588
0 1 60591
0 1 60595
0 1 60596
0 1 60604
0 1 60607
0 1 60610
0 1 60616
0 1 60618
0 1 60619
0 1 60620
0 1 60621
0 1 60622
0 1 60623
0 1 60628
0 1 60630
0 1 60631
0 1 60635
0 1 60640
0 1 60644
0 1 60649
0 1 60650
0 1 60654
0 1 60655
0 1 60658
0 1 60660
0 1 60662
0 1 60664
0 1 60665
0 1 60670
0 1 60671
0 1 60672
0 1 60674
0 1 60677
0 1 60679
0 1 60682
0 1 60689
0 1 60692
0 1 60693
0 1 60702
0 1 60704
0 1 60709
0 1 60713
0 1 60714
0 1 60717
0 1 60718
0 1 60722
0 1 60724
0 1 60725
0 1 60728
0 1 60731
0 1 60732
0 1 60736
0 1 60740
0 1 60745
0 1 60746
0 1 60748
0 1 60749
0 1 60750
0 1 60753
0 1 60754
0 1 60755
0 1 60756
0 1 60757
0 1 60758
0 1 60762
0 1 60764
0 1 60766
0 1 60769
0 1 60772
0 1 60773
0 1 60775
0 1 60776
0 1 60777
0 1 60778
0 1 60779
0 1 60784
0 1 60791
0 1 60798
0 1 60802
0 1 60803
0 1 60805
0 1 60808
0 1 60810
0 1 60811
0 1 60813
0 1 60820
0 1 60821
0 1 60823
0 1 60824
0 1 60832
0 1 60835
0 1 60836
0 1 60838
0 1 60840
0 1 60842
0 1 60843
0 1 60845
0 1 60846
0 1 60852
0 1 60853
0 1 60854
0 1 60855
0 1 60859
0 1 60860
0 1 60863
0 1 60865
0 1 60866
0 1 60874
0 1 60878
0 1 60879
0 1 60880
0 1 60881
0 1 60882
0 1 60884
0 1 60887
0 1 60888
0 1 60889
0 1 60890
0 1 60892
0 1 60893
0 1 60896
0 1 60897
0 1 60898
0 1 60900
0 1 60901
0 1 60904
0 1 60906
0 1 60908
0 1 60913
0 1 60914
0 1 60918
0 1 60921
0 1 60926
0 1 60933
0 1 60934
0 1 60937
0 1 60938
0 1 60942
0 1 60944
0 1 60946
0 1 60953
0 1 60954
0 1 60955
0 1 60962
0 1 60963
0 1 60966
0 1 60968
0 1 60969
0 1 60970
0 1 60971
0 1 60972
0 1 60973
0 1 60977
0 1 60980
0 1 60981
0 1 60982
0 1 60984
0 1 60986
0 1 60987
0 1 60990
0 1 60994
0 1 60996
0 1 60997
0 1 60999
0 1 61000
0 1 61001
0 1 61003
0 1 61006
0 1 61008
0 1 61011
0 1 61012
0 1 61015
0 1 61016
0 1 61021
0 1 61022
0 1 61031
0 1 61032
0 1 61034
0 1 61035
0 1 61036
0 1 61038
0 1 61040
0 1 61041
0 1 61045
0 1 61046
0 1 61047
0 1 61052
0 1 61055
0 1 61057
0 1 61059
0 1 61062
0 1 61068
0 1 61069
0 1 61072
0 1 61073
0 1 61075
0 1 61078
0 1 61082
0 1 61083
0 1 61084
0 1 61086
0 1 61087
0 1 61089
0 1 61092
0 1 61094
0 1 61096
0 1 61098
0 1 61100
0 1 61101
0 1 61104
0 1 61105
0 1 61106
0 1 61109
0 1 61114
0 1 61115
0 1 61118
0 1 61120
0 1 61122
0 1 61125
0 1 61130
0 1 61132
0 1 61133
0 1 61136
0 1 61137
0 1 61138
0 1 61140
0 1 61142
0 1 61144
0 1 61146
0 1 61147
0 1 61150
0 1 61151
0 1 61154
0 1 61160
0 1 61162
0 1 61163
0 1 61164
0 1 61170
0 1 61171
0 1 61175
0 1 61176
0 1 61177
0 1 61179
0 1 61180
0 1 61181
0 1 61187
0 1 61188
0 1 61189
0 1 61193
0 1 61195
0 1 61196
0 1 61201
0 1 61202
0 1 61207
0 1 61209
0 1 61212
0 1 61221
0 1 61222
0 1 61227
0 1 61229
0 1 61234
0 1 61235
0 1 61240
0 1 61241
0 1 61243
0 1 61244
0 1 61248
0 1 61249
0 1 61252
0 1 61255
0 1 61256
0 1 61259
0 1 61261
0 1 61263
0 1 61264
0 1 61265
0 1 61267
0 1 61268
0 1 61274
0 1 61276
0 1 61277
0 1 61278
0 1 61280
0 1 61281
0 1 61284
0 1 61288
0 1 61292
0 1 61293
0 1 61294
0 1 61299
0 1 61300
0 1 61309
0 1 61311
0 1 61312
0 1 61314
0 1 61318
0 1 61321
0 1 61323
0 1 61324
0 1 61325
0 1 61326
0 1 61327
0 1 61328
0 1 61332
0 1 61337
0 1 61338
0 1 61340
0 1 61341
0 1 61342
0 1 61344
0 1 61345
0 1 61347
0 1 61352
0 1 61353
0 1 61354
0 1 61356
0 1 61358
0 1 61359
0 1 61361
0 1 61363
0 1 61366
0 1 61367
0 1 61368
0 1 61371
0 1 61372
0 1 61378
0 1 61379
0 1 61385
0 1 61387
0 1 61390
0 1 61399
0 1 61401
0 1 61402
0 1 61409
0 1 61414
0 1 61415
0 1 61417
0 1 61418
0 1 61424
0 1 61427
0 1 61432
0 1 61438
0 1 61439
0 1 61446
0 1 61451
0 1 61452
0 1 61455
0 1 61457
0 1 61462
0 1 61463
0 1 61468
0 1 61470
0 1 61472
0 1 61474
0 1 61476
0 1 61478
0 1 61480
0 1 61481
0 1 61485
0 1 61492
0 1 61493
0 1 61500
0 1 61505
0 1 61508
0 1 61509
0 1 61515
0 1 61516
0 1 61517
0 1 61519
0 1 61520
0 1 61521
0 1 61523
0 1 61524
0 1 61526
0 1 61529
0 1 61533
0 1 61534
0 1 61540
0 1 61541
0 1 61542
0 1 61545
0 1 61552
0 1 61555
0 1 61556
0 1 61558
0 1 61560
0 1 61562
0 1 61563
0 1 61565
0 1 61571
0 1 61575
0 1 61581
0 1 61582
0 1 61583
0 1 61584
0 1 61585
0 1 61592
0 1 61601
0 1 61604
0 1 61608
0 1 61613
0 1 61614
0 1 61615
0 1 61616
0 1 61618
0 1 61623
0 1 61624
0 1 61625
0 1 61626
0 1 61633
0 1 61634
0 1 61635
0 1 61636
0 1 61638
0 1 61639
0 1 61643
0 1 61644
0 1 61648
0 1 61650
0 1 61653
0 1 61655
0 1 61656
0 1 61659
0 1 61661
0 1 61663
0 1 61664
0 1 61668
0 1 61669
0 1 61677
0 1 61684
0 1 61686
0 1 61690
0 1 61692
0 1 61695
0 1 61699
0 1 61700
0 1 61704
0 1 61709
0 1 61710
0 1 61713
0 1 61716
0 1 61717
0 1 61718
0 1 61722
0 1 61723
0 1 61726
0 1 61727
0 1 61729
0 1 61730
0 1 61731
0 1 61734
0 1 61736
0 1 61739
0 1 61740
0 1 61742
0 1 61745
0 1 61747
0 1 61749
0 1 61751
0 1 61752
0 1 61756
0 1 61759
0 1 61765
0 1 61769
0 1 61774
0 1 61775
0 1 61777
0 1 61779
0 1 61782
0 1 61783
0 1 61784
0 1 61790
0 1 61797
0 1 61798
0 1 61801
0 1 61804
0 1 61810
0 1 61815
0 1 61819
0 1 61820
0 1 61821
0 1 61823
0 1 61826
0 1 61827
0 1 61828
0 1 61830
0 1 61831
0 1 61832
0 1 61834
0 1 61841
0 1 61842
0 1 61845
0 1 61847
0 1 61848
0 1 61849
0 1 61850
0 1 61851
0 1 61852
0 1 61857
0 1 61859
0 1 61861
0 1 61863
0 1 61864
0 1 61865
0 1 61868
0 1 61870
0 1 61877
0 1 61884
0 1 61886
0 1 61887
0 1 61889
0 1 61892
0 1 61897
0 1 61898
0 1 61901
0 1 61906
0 1 61907
0 1 61911
0 1 61916
0 1 61922
0 1 61924
0 1 61925
0 1 61930
0 1 61935
0 1 61936
0 1 61938
0 1 61939
0 1 61940
0 1 61941
0 1 61944
0 1 61945
0 1 61947
0 1 61948
0 1 61954
0 1 61955
0 1 61959
0 1 61960
0 1 61962
0 1 61964
0 1 61970
0 1 61971
0 1 61975
0 1 61977
0 1 61978
0 1 61979
0 1 61982
0 1 61986
0 1 61992
0 1 61993
0 1 61994
0 1 61995
0 1 61999
0 1 62002
0 1 62005
0 1 62006
0 1 62009
0 1 62012
0 1 62013
0 1 62016
0 1 62018
0 1 62019
0 1 62022
0 1 62025
0 1 62027
0 1 62030
0 1 62031
0 1 62033
0 1 62035
0 1 62036
0 1 62043
0 1 62044
0 1 62045
0 1 62046
0 1 62048
0 1 62055
0 1 62056
0 1 62059
0 1 62060
0 1 62062
0 1 62070
0 1 62079
0 1 62080
0 1 62082
0 1 62084
0 1 62085
0 1 62091
0 1 62092
0 1 62094
0 1 62100
0 1 62104
0 1 62108
0 1 62110
0 1 62111
0 1 62112
0 1 62114
0 1 62120
0 1 62135
0 1 62137
0 1 62138
0 1 62139
0 1 62140
0 1 62141
0 1 62146
0 1 62147
0 1 62161
0 1 62162
0 1 62163
0 1 62164
0 1 62168
0 1 62172
0 1 62175
0 1 62176
0 1 62182
0 1 62191
0 1 62192
0 1 62193
0 1 62200
0 1 62203
0 1 62206
0 1 62210
0 1 62212
0 1 62214
0 1 62217
0 1 62218
0 1 62223
0 1 62225
0 1 62227
0 1 62230
0 1 62231
0 1 62232
0 1 62234
0 1 62240
0 1 62243
0 1 62244
0 1 62246
0 1 62248
0 1 62249
0 1 62254
0 1 62255
0 1 62256
0 1 62258
0 1 62259
0 1 62261
0 1 62263
0 1 62266
0 1 62269
0 1 62271
0 1 62279
0 1 62283
0 1 62288
0 1 62289
0 1 62290
0 1 62291
0 1 62295
0 1 62296
0 1 62302
0 1 62303
0 1 62304
0 1 62305
0 1 62306
0 1 62307
0 1 62309
0 1 62312
0 1 62313
0 1 62316
0 1 62320
0 1 62322
0 1 62323
0 1 62330
0 1 62331
0 1 62334
0 1 62335
0 1 62337
0 1 62345
0 1 62346
0 1 62347
0 1 62351
0 1 62354
0 1 62355
0 1 62357
0 1 62363
0 1 62366
0 1 62367
0 1 62378
0 1 62381
0 1 62382
0 1 62384
0 1 62386
0 1 62387
0 1 62391
0 1 62392
0 1 62393
0 1 62397
0 1 62399
0 1 62403
0 1 62405
0 1 62407
0 1 62408
0 1 62409
0 1 62411
0 1 62415
0 1 62417
0 1 62418
0 1 62419
0 1 62425
0 1 62428
0 1 62429
0 1 62432
0 1 62435
0 1 62436
0 1 62439
0 1 62441
0 1 62443
0 1 62444
0 1 62445
0 1 62452
0 1 62454
0 1 62464
0 1 62468
0 1 62474
0 1 62476
0 1 62477
0 1 62479
0 1 62480
0 1 62485
0 1 62487
0 1 62489
0 1 62490
0 1 62491
0 1 62495
0 1 62496
0 1 62499
0 1 62500
0 1 62502
0 1 62508
0 1 62510
0 1 62515
0 1 62517
0 1 62518
0 1 62521
0 1 62525
0 1 62526
0 1 62530
0 1 62531
0 1 62533
0 1 62534
0 1 62535
0 1 62536
0 1 62538
0 1 62544
0 1 62548
0 1 62549
0 1 62551
0 1 62556
0 1 62557
0 1 62558
0 1 62560
0 1 62561
0 1 62565
0 1 62570
0 1 62571
0 1 62574
0 1 62575
0 1 62577
0 1 62580
0 1 62589
0 1 62590
0 1 62591
0 1 62593
0 1 62596
0 1 62597
0 1 62598
0 1 62599
0 1 62600
0 1 62601
0 1 62602
0 1 62603
0 1 62610
0 1 62611
0 1 62613
0 1 62614
0 1 62615
0 1 62619
0 1 62623
0 1 62626
0 1 62635
0 1 62637
0 1 62640
0 1 62641
0 1 62643
0 1 62644
0 1 62650
0 1 62652
0 1 62654
0 1 62655
0 1 62656
0 1 62660
0 1 62661
0 1 62664
0 1 62667
0 1 62671
0 1 62674
0 1 62675
0 1 62676
0 1 62677
0 1 62679
0 1 62680
0 1 62683
0 1 62687
0 1 62692
0 1 62694
0 1 62696
0 1 62697
0 1 62699
0 1 62700
0 1 62707
0 1 62715
0 1 62717
0 1 62718
0 1 62719
0 1 62720
0 1 62721
0 1 62730
0 1 62733
0 1 62734
0 1 62736
0 1 62740
0 1 62742
0 1 62746
0 1 62748
0 1 62749
0 1 62751
0 1 62753
0 1 62755
0 1 62757
0 1 62758
0 1 62759
0 1 62760
0 1 62762
0 1 62765
0 1 62766
0 1 62767
0 1 62769
0 1 62771
0 1 62772
0 1 62774
0 1 62776
0 1 62778
0 1 62779
0 1 62780
0 1 62783
0 1 62788
0 1 62791
0 1 62792
0 1 62795
0 1 62797
0 1 62798
0 1 62800
0 1 62802
0 1 62806
0 1 62807
0 1 62808
0 1 62811
0 1 62813
0 1 62828
0 1 62829
0 1 62832
0 1 62835
0 1 62836
0 1 62838
0 1 62839
0 1 62842
0 1 62844
0 1 62846
0 1 62850
0 1 62857
0 1 62859
0 1 62860
0 1 62864
0 1 62870
0 1 62880
0 1 62883
0 1 62884
0 1 62886
0 1 62894
0 1 62896
0 1 62897
0 1 62900
0 1 62904
0 1 62905
0 1 62907
0 1 62910
0 1 62914
0 1 62915
0 1 62924
0 1 62925
0 1 62929
0 1 62933
0 1 62935
0 1 62938
0 1 62941
0 1 62943
0 1 62952
0 1 62955
0 1 62956
0 1 62962
0 1 62965
0 1 62967
0 1 62975
0 1 62978
0 1 62979
0 1 62980
0 1 62981
0 1 62983
0 1 62984
0 1 62985
0 1 62986
0 1 62987
0 1 62992
0 1 62993
0 1 62994
0 1 62998
0 1 62999
0 1 63000
0 1 63001
0 1 63004
0 1 63007
0 1 63009
0 1 63018
0 1 63020
0 1 63021
0 1 63022
0 1 63023
0 1 63025
0 1 63026
0 1 63027
0 1 63028
0 1 63029
0 1 63030
0 1 63031
0 1 63034
0 1 63040
0 1 63047
0 1 63049
0 1 63053
0 1 63054
0 1 63056
0 1 63061
0 1 63062
0 1 63064
0 1 63068
0 1 63070
0 1 63074
0 1 63081
0 1 63084
0 1 63089
0 1 63090
0 1 63091
0 1 63092
0 1 63093
0 1 63094
0 1 63096
0 1 63098
0 1 63103
0 1 63104
0 1 63107
0 1 63108
0 1 63112
0 1 63114
0 1 63116
0 1 63118
0 1 63120
0 1 63122
0 1 63126
0 1 63127
0 1 63129
0 1 63131
0 1 63132
0 1 63133
0 1 63135
0 1 63136
0 1 63141
0 1 63142
0 1 63143
0 1 63144
0 1 63145
0 1 63149
0 1 63152
0 1 63153
0 1 63155
0 1 63157
0 1 63162
0 1 63166
0 1 63169
0 1 63171
0 1 63173
0 1 63174
0 1 63175
0 1 63176
0 1 63178
0 1 63180
0 1 63185
0 1 63186
0 1 63192
0 1 63200
0 1 63202
0 1 63205
0 1 63208
0 1 63209
0 1 63211
0 1 63213
0 1 63214
0 1 63217
0 1 63218
0 1 63219
0 1 63220
0 1 63222
0 1 63223
0 1 63224
0 1 63226
0 1 63228
0 1 63229
0 1 63234
0 1 63243
0 1 63244
0 1 63252
0 1 63253
0 1 63255
0 1 63257
0 1 63258
0 1 63261
0 1 63264
0 1 63267
0 1 63268
0 1 63269
0 1 63270
0 1 63271
0 1 63273
0 1 63274
0 1 63276
0 1 63277
0 1 63279
0 1 63281
0 1 63284
0 1 63287
0 1 63291
0 1 63297
0 1 63298
0 1 63301
0 1 63307
0 1 63309
0 1 63311
0 1 63312
0 1 63315
0 1 63317
0 1 63318
0 1 63319
0 1 63320
0 1 63321
0 1 63326
0 1 63329
0 1 63333
0 1 63335
0 1 63337
0 1 63340
0 1 63341
0 1 63343
0 1 63344
0 1 63346
0 1 63348
0 1 63350
0 1 63351
0 1 63352
0 1 63357
0 1 63359
0 1 63362
0 1 63363
0 1 63366
0 1 63368
0 1 63369
0 1 63374
0 1 63375
0 1 63376
0 1 63379
0 1 63380
0 1 63383
0 1 63384
0 1 63385
0 1 63386
0 1 63390
0 1 63393
0 1 63395
0 1 63399
0 1 63402
0 1 63403
0 1 63406
0 1 63408
0 1 63412
0 1 63415
0 1 63417
0 1 63418
0 1 63426
0 1 63427
0 1 63431
0 1 63435
0 1 63440
0 1 63441
0 1 63442
0 1 63445
0 1 63446
0 1 63447
0 1 63448
0 1 63450
0 1 63451
0 1 63452
0 1 63455
0 1 63461
0 1 63466
0 1 63469
0 1 63474
0 1 63475
0 1 63477
0 1 63482
0 1 63484
0 1 63488
0 1 63493
0 1 63498
0 1 63499
0 1 63501
0 1 63503
0 1 63504
0 1 63506
0 1 63507
0 1 63512
0 1 63517
0 1 63519
0 1 63525
0 1 63526
0 1 63529
0 1 63530
0 1 63531
0 1 63532
0 1 63533
0 1 63535
0 1 63538
0 1 63540
0 1 63541
0 1 63546
0 1 63547
0 1 63549
0 1 63552
0 1 63554
0 1 63555
0 1 63556
0 1 63560
0 1 63561
0 1 63564
0 1 63565
0 1 63567
0 1 63570
0 1 63571
0 1 63572
0 1 63575
0 1 63577
0 1 63578
0 1 63580
0 1 63581
0 1 63584
0 1 63585
0 1 63589
0 1 63593
0 1 63596
0 1 63597
0 1 63599
0 1 63602
0 1 63606
0 1 63608
0 1 63610
0 1 63612
0 1 63614
0 1 63620
0 1 63622
0 1 63623
0 1 63624
0 1 63626
0 1 63628
0 1 63633
0 1 63637
0 1 63638
0 1 63641
0 1 63642
0 1 63645
0 1 63651
0 1 63655
0 1 63658
0 1 63661
0 1 63662
0 1 63664
0 1 63665
0 1 63666
0 1 63668
0 1 63671
0 1 63674
0 1 63677
0 1 63682
0 1 63686
0 1 63691
0 1 63692
0 1 63695
0 1 63697
0 1 63699
0 1 63702
0 1 63703
0 1 63705
0 1 63706
0 1 63707
0 1 63708
0 1 63710
0 1 63714
0 1 63715
0 1 63716
0 1 63722
0 1 63725
0 1 63728
0 1 63729
0 1 63730
0 1 63731
0 1 63735
0 1 63736
0 1 63738
0 1 63742
0 1 63743
0 1 63745
0 1 63746
0 1 63747
0 1 63755
0 1 63758
0 1 63760
0 1 63764
0 1 63769
0 1 63770
0 1 63771
0 1 63774
0 1 63775
0 1 63777
0 1 63780
0 1 63781
0 1 63784
0 1 63788
0 1 63792
0 1 63799
0 1 63800
0 1 63804
0 1 63806
0 1 63808
0 1 63809
0 1 63810
0 1 63812
0 1 63813
0 1 63814
0 1 63815
0 1 63819
0 1 63820
0 1 63823
0 1 63827
0 1 63829
0 1 63832
0 1 63835
0 1 63836
0 1 63841
0 1 63843
0 1 63845
0 1 63846
0 1 63849
0 1 63850
0 1 63859
0 1 63860
0 1 63861
0 1 63872
0 1 63878
0 1 63879
0 1 63884
0 1 63885
0 1 63888
0 1 63889
0 1 63891
0 1 63896
0 1 63899
0 1 63900
0 1 63904
0 1 63905
0 1 63910
0 1 63912
0 1 63915
0 1 63916
0 1 63917
0 1 63918
0 1 63921
0 1 63924
0 1 63926
0 1 63927
0 1 63928
0 1 63931
0 1 63934
0 1 63937
0 1 63941
0 1 63942
0 1 63943
0 1 63945
0 1 63948
0 1 63949
0 1 63951
0 1 63952
0 1 63953
0 1 63955
0 1 63957
0 1 63959
0 1 63963
0 1 63966
0 1 63967
0 1 63968
0 1 63970
0 1 63972
0 1 63975
0 1 63976
0 1 63977
0 1 63979
0 1 63981
0 1 63985
0 1 63990
0 1 63991
0 1 63992
0 1 63994
0 1 63997
0 1 64001
0 1 64002
0 1 64003
0 1 64004
0 1 64006
0 1 64008
0 1 64011
0 1 64013
0 1 64015
0 1 64016
0 1 64020
0 1 64025
0 1 64033
0 1 64035
0 1 64036
0 1 64038
0 1 64039
0 1 64041
0 1 64043
0 1 64045
0 1 64050
0 1 64052
0 1 64054
0 1 64055
0 1 64056
0 1 64058
0 1 64060
0 1 64061
0 1 64062
0 1 64064
0 1 64065
0 1 64071
0 1 64072
0 1 64073
0 1 64075
0 1 64082
0 1 64083
0 1 64087
0 1 64089
0 1 64096
0 1 64100
0 1 64101
0 1 64102
0 1 64104
0 1 64105
0 1 64106
0 1 64107
0 1 64109
0 1 64111
0 1 64112
0 1 64113
0 1 64114
0 1 64115
0 1 64119
0 1 64120
0 1 64123
0 1 64126
0 1 64129
0 1 64130
0 1 64131
0 1 64134
0 1 64135
0 1 64137
0 1 64140
0 1 64141
0 1 64143
0 1 64144
0 1 64145
0 1 64146
0 1 64147
0 1 64149
0 1 64152
0 1 64153
0 1 64154
0 1 64157
0 1 64159
0 1 64160
0 1 64161
0 1 64162
0 1 64163
0 1 64166
0 1 64169
0 1 64170
0 1 64177
0 1 64178
0 1 64183
0 1 64187
0 1 64188
0 1 64189
0 1 64194
0 1 64196
0 1 64200
0 1 64201
0 1 64202
0 1 64205
0 1 64206
0 1 64207
0 1 64208
0 1 64211
0 1 64213
0 1 64214
0 1 64216
0 1 64217
0 1 64220
0 1 64221
0 1 64223
0 1 64226
0 1 64228
0 1 64230
0 1 64234
0 1 64235
0 1 64237
0 1 64238
0 1 64240
0 1 64244
0 1 64245
0 1 64246
0 1 64247
0 1 64253
0 1 64256
0 1 64258
0 1 64259
0 1 64261
0 1 64265
0 1 64267
0 1 64268
0 1 64273
0 1 64277
0 1 64278
0 1 64284
0 1 64288
0 1 64290
0 1 64291
0 1 64292
0 1 64296
0 1 64298
0 1 64300
0 1 64302
0 1 64304
0 1 64305
0 1 64309
0 1 64310
0 1 64312
0 1 64313
0 1 64315
0 1 64319
0 1 64324
0 1 64328
0 1 64333
0 1 64334
0 1 64346
0 1 64347
0 1 64348
0 1 64350
0 1 64352
0 1 64353
0 1 64357
0 1 64360
0 1 64362
0 1 64366
0 1 64368
0 1 64370
0 1 64371
0 1 64373
0 1 64379
0 1 64383
0 1 64384
0 1 64385
0 1 64388
0 1 64389
0 1 64392
0 1 64393
0 1 64395
0 1 64400
0 1 64401
0 1 64402
0 1 64410
0 1 64411
0 1 64414
0 1 64417
0 1 64421
0 1 64422
0 1 64424
0 1 64425
0 1 64426
0 1 64429
0 1 64431
0 1 64432
0 1 64442
0 1 64445
0 1 64446
0 1 64453
0 1 64458
0 1 64460
0 1 64461
0 1 64462
0 1 64463
0 1 64465
0 1 64469
0 1 64471
0 1 64473
0 1 64476
0 1 64477
0 1 64480
0 1 64481
0 1 64482
0 1 64483
0 1 64484
0 1 64487
0 1 64488
0 1 64491
0 1 64495
0 1 64498
0 1 64501
0 1 64504
0 1 64510
0 1 64511
0 1 64512
0 1 64513
0 1 64519
0 1 64521
0 1 64526
0 1 64527
0 1 64529
0 1 64531
0 1 64532
0 1 64533
0 1 64534
0 1 64536
0 1 64537
0 1 64546
0 1 64547
0 1 64548
0 1 64549
0 1 64552
0 1 64553
0 1 64554
0 1 64555
0 1 64558
0 1 64559
0 1 64560
0 1 64561
0 1 64562
0 1 64563
0 1 64564
0 1 64565
0 1 64574
0 1 64575
0 1 64577
0 1 64578
0 1 64582
0 1 64585
0 1 64586
0 1 64591
0 1 64596
0 1 64599
0 1 64600
0 1 64603
0 1 64605
0 1 64606
0 1 64607
0 1 64609
0 1 64611
0 1 64612
0 1 64614
0 1 64615
0 1 64616
0 1 64617
0 1 64621
0 1 64624
0 1 64628
0 1 64630
0 1 64632
0 1 64633
0 1 64634
0 1 64635
0 1 64638
0 1 64639
0 1 64645
0 1 64646
0 1 64647
0 1 64652
0 1 64655
0 1 64656
0 1 64658
0 1 64662
0 1 64665
0 1 64667
0 1 64668
0 1 64670
0 1 64671
0 1 64672
0 1 64675
0 1 64678
0 1 64679
0 1 64684
0 1 64685
0 1 64686
0 1 64688
0 1 64691
0 1 64693
0 1 64699
0 1 64703
0 1 64704
0 1 64705
0 1 64707
0 1 64708
0 1 64710
0 1 64712
0 1 64713
0 1 64717
0 1 64718
0 1 64721
0 1 64723
0 1 64724
0 1 64726
0 1 64727
0 1 64729
0 1 64736
0 1 64738
0 1 64740
0 1 64741
0 1 64742
0 1 64743
0 1 64746
0 1 64750
0 1 64752
0 1 64753
0 1 64754
0 1 64758
0 1 64761
0 1 64765
0 1 64767
0 1 64770
0 1 64771
0 1 64779
0 1 64780
0 1 64782
0 1 64786
0 1 64787
0 1 64788
0 1 64789
0 1 64793
0 1 64796
0 1 64799
0 1 64807
0 1 64808
0 1 64812
0 1 64813
0 1 64814
0 1 64817
0 1 64818
0 1 64819
0 1 64821
0 1 64825
0 1 64826
0 1 64830
0 1 64831
0 1 64832
0 1 64833
0 1 64836
0 1 64837
0 1 64838
0 1 64839
0 1 64841
0 1 64842
0 1 64847
0 1 64848
0 1 64851
0 1 64853
0 1 64859
0 1 64862
0 1 64863
0 1 64864
0 1 64868
0 1 64869
0 1 64875
0 1 64878
0 1 64881
0 1 64883
0 1 64885
0 1 64887
0 1 64890
0 1 64891
0 1 64892
0 1 64895
0 1 64896
0 1 64897
0 1 64898
0 1 64899
0 1 64900
0 1 64901
0 1 64909
0 1 64910
0 1 64911
0 1 64912
0 1 64914
0 1 64916
0 1 64923
0 1 64925
0 1 64931
0 1 64937
0 1 64940
0 1 64941
0 1 64942
0 1 64944
0 1 64945
0 1 64948
0 1 64950
0 1 64951
0 1 64952
0 1 64956
0 1 64957
0 1 64958
0 1 64959
0 1 64960
0 1 64961
0 1 64962
0 1 64963
0 1 64966
0 1 64971
0 1 64973
0 1 64974
0 1 64977
0 1 64986
0 1 64990
0 1 64992
0 1 64993
0 1 64995
0 1 64997
0 1 65000
0 1 65003
0 1 65004
0 1 65005
0 1 65009
0 1 65011
0 1 65013
0 1 65015
0 1 65016
0 1 65019
0 1 65020
0 1 65033
0 1 65039
0 1 65040
0 1 65047
0 1 65049
0 1 65050
0 1 65052
0 1 65054
0 1 65056
0 1 65057
0 1 65059
0 1 65060
0 1 65062
0 1 65064
0 1 65069
0 1 65070
0 1 65072
0 1 65078
0 1 65079
0 1 65081
0 1 65083
0 1 65084
0 1 65093
0 1 65094
0 1 65098
0 1 65099
0 1 65103
0 1 65104
0 1 65105
0 1 65108
0 1 65111
0 1 65112
0 1 65116
0 1 65117
0 1 65119
0 1 65127
0 1 65130
0 1 65132
0 1 65133
0 1 65134
0 1 65136
0 1 65137
0 1 65138
0 1 65139
0 1 65141
0 1 65142
0 1 65147
0 1 65148
0 1 65150
0 1 65156
0 1 65159
0 1 65160
0 1 65161
0 1 65164
0 1 65166
0 1 65171
0 1 65173
0 1 65174
0 1 65179
0 1 65181
0 1 65184
0 1 65185
0 1 65186
0 1 65187
0 1 65188
0 1 65189
0 1 65190
0 1 65192
0 1 65194
0 1 65195
0 1 65197
0 1 65198
0 1 65201
0 1 65202
0 1 65207
0 1 65210
0 1 65211
0 1 65212
0 1 65215
0 1 65216
0 1 65218
0 1 65219
0 1 65222
0 1 65223
0 1 65225
0 1 65226
0 1 65228
0 1 65231
0 1 65232
0 1 65238
0 1 65240
0 1 65242
0 1 65245
0 1 65253
0 1 65254
0 1 65255
0 1 65257
0 1 65259
0 1 65260
0 1 65265
0 1 65266
0 1 65267
0 1 65268
0 1 65269
0 1 65271
0 1 65275
0 1 65276
0 1 65277
0 1 65279
0 1 65282
0 1 65283
0 1 65285
0 1 65287
0 1 65288
0 1 65289
0 1 65293
0 1 65297
0 1 65302
0 1 65304
0 1 65305
0 1 65306
0 1 65307
0 1 65309
0 1 65312
0 1 65313
0 1 65316
0 1 65319
0 1 65321
0 1 65324
0 1 65327
0 1 65328
0 1 65330
0 1 65333
0 1 65336
0 1 65338
0 1 65341
0 1 65346
0 1 65350
0 1 65351
0 1 65352
0 1 65353
0 1 65354
0 1 65356
0 1 65360
0 1 65361
0 1 65362
0 1 65366
0 1 65369
0 1 65371
0 1 65372
0 1 65373
0 1 65375
0 1 65377
0 1 65379
0 1 65388
0 1 65389
0 1 65391
0 1 65394
0 1 65399
0 1 65400
0 1 65401
0 1 65404
0 1 65405
0 1 65406
0 1 65408
0 1 65409
0 1 65411
0 1 65413
0 1 65416
0 1 65417
0 1 65419
0 1 65421
0 1 65424
0 1 65426
0 1 65428
0 1 65430
0 1 65431
0 1 65434
0 1 65437
0 1 65440
0 1 65444
0 1 65446
0 1 65449
0 1 65454
0 1 65455
0 1 65457
0 1 65465
0 1 65477
0 1 65478
0 1 65479
0 1 65480
0 1 65481
0 1 65482
0 1 65484
0 1 65486
0 1 65489
0 1 65491
0 1 65492
0 1 65493
0 1 65496
0 1 65498
0 1 65501
0 1 65503
0 1 65504
0 1 65505
0 1 65506
0 1 65513
0 1 65514
0 1 65515
0 1 65516
0 1 65517
0 1 65519
0 1 65526
0 1 65527
0 1 65530
0 1 65532
0 1 65534
0 1 65535
0 1 65536
0 1 65542
0 1 65543
0 1 65544
0 1 65545
0 1 65547
0 1 65550
0 1 65552
0 1 65554
0 1 65561
0 1 65566
0 1 65567
0 1 65568
0 1 65569
0 1 65570
0 1 65571
0 1 65572
0 1 65577
0 1 65578
0 1 65579
0 1 65581
0 1 65582
0 1 65590
0 1 65596
0 1 65597
0 1 65599
0 1 65602
0 1 65605
0 1 65609
0 1 65611
0 1 65615
0 1 65616
0 1 65617
0 1 65618
0 1 65621
0 1 65622
0 1 65623
0 1 65624
0 1 65626
0 1 65627
0 1 65629
0 1 65630
0 1 65632
0 1 65637
0 1 65638
0 1 65639
0 1 65642
0 1 65649
0 1 65650
0 1 65652
0 1 65654
0 1 65657
0 1 65661
0 1 65662
0 1 65663
0 1 65666
0 1 65669
0 1 65672
0 1 65673
0 1 65674
0 1 65675
0 1 65676
0 1 65678
0 1 65680
0 1 65687
0 1 65690
0 1 65691
0 1 65699
0 1 65700
0 1 65702
0 1 65704
0 1 65705
0 1 65708
0 1 65714
0 1 65715
0 1 65716
0 1 65718
0 1 65719
0 1 65720
0 1 65723
0 1 65727
0 1 65730
0 1 65732
0 1 65736
0 1 65737
0 1 65739
0 1 65740
0 1 65741
0 1 65745
0 1 65748
0 1 65750
0 1 65751
0 1 65754
0 1 65756
0 1 65760
0 1 65763
0 1 65764
0 1 65766
0 1 65767
0 1 65771
0 1 65777
0 1 65779
0 1 65780
0 1 65781
0 1 65783
0 1 65787
0 1 65788
0 1 65789
0 1 65795
0 1 65799
0 1 65804
0 1 65806
0 1 65810
0 1 65812
0 1 65815
0 1 65817
0 1 65818
0 1 65819
0 1 65820
0 1 65821
0 1 65824
0 1 65827
0 1 65830
0 1 65833
0 1 65840
0 1 65841
0 1 65843
0 1 65844
0 1 65846
0 1 65849
0 1 65851
0 1 65854
0 1 65856
0 1 65859
0 1 65861
0 1 65862
0 1 65868
0 1 65874
0 1 65875
0 1 65877
0 1 65878
0 1 65883
0 1 65885
0 1 65886
0 1 65888
0 1 65889
0 1 65894
0 1 65896
0 1 65900
0 1 65902
0 1 65904
0 1 65907
0 1 65913
0 1 65916
0 1 65917
0 1 65919
0 1 65923
0 1 65924
0 1 65926
0 1 65927
0 1 65931
0 1 65935
0 1 65936
0 1 65938
0 1 65943
0 1 65944
0 1 65946
0 1 65948
0 1 65949
0 1 65961
0 1 65962
0 1 65963
0 1 65966
0 1 65970
0 1 65974
0 1 65975
0 1 65976
0 1 65977
0 1 65978
0 1 65980
0 1 65982
0 1 65986
0 1 65988
0 1 65990
0 1 65994
0 1 65995
0 1 65996
0 1 65997
0 1 65998
0 1 66002
0 1 66004
0 1 66006
0 1 66009
0 1 66010
0 1 66013
0 1 66017
0 1 66020
0 1 66023
0 1 66024
0 1 66026
0 1 66028
0 1 66030
0 1 66031
0 1 66032
0 1 66034
0 1 66035
0 1 66039
0 1 66040
0 1 66041
0 1 66042
0 1 66045
0 1 66047
0 1 66056
0 1 66057
0 1 66058
0 1 66059
0 1 66063
0 1 66064
0 1 66065
0 1 66070
0 1 66073
0 1 66074
0 1 66075
0 1 66077
0 1 66079
0 1 66085
0 1 66086
0 1 66088
0 1 66089
0 1 66091
0 1 66092
0 1 66093
0 1 66095
0 1 66098
0 1 66102
0 1 66103
0 1 66109
0 1 66112
0 1 66119
0 1 66120
0 1 66122
0 1 66123
0 1 66125
0 1 66126
0 1 66127
0 1 66133
0 1 66134
0 1 66138
0 1 66140
0 1 66142
0 1 66143
0 1 66144
0 1 66145
0 1 66146
0 1 66147
0 1 66153
0 1 66155
0 1 66156
0 1 66159
0 1 66160
0 1 66161
0 1 66162
0 1 66169
0 1 66170
0 1 66171
0 1 66172
0 1 66177
0 1 66181
0 1 66187
0 1 66188
0 1 66189
0 1 66193
0 1 66194
0 1 66197
0 1 66205
0 1 66206
0 1 66208
0 1 66210
0 1 66211
0 1 66213
0 1 66221
0 1 66223
0 1 66227
0 1 66228
0 1 66232
0 1 66234
0 1 66235
0 1 66237
0 1 66238
0 1 66241
0 1 66246
0 1 66247
0 1 66248
0 1 66251
0 1 66252
0 1 66261
0 1 66262
0 1 66264
0 1 66265
0 1 66268
0 1 66269
0 1 66270
0 1 66272
0 1 66275
0 1 66277
0 1 66279
0 1 66281
0 1 66283
0 1 66285
0 1 66286
0 1 66288
0 1 66289
0 1 66290
0 1 66293
0 1 66295
0 1 66300
0 1 66301
0 1 66302
0 1 66309
0 1 66312
0 1 66317
0 1 66318
0 1 66323
0 1 66327
0 1 66328
0 1 66329
0 1 66333
0 1 66335
0 1 66336
0 1 66344
0 1 66345
0 1 66347
0 1 66348
0 1 66350
0 1 66351
0 1 66352
0 1 66354
0 1 66355
0 1 66357
0 1 66358
0 1 66362
0 1 66365
0 1 66376
0 1 66377
0 1 66379
0 1 66385
0 1 66387
0 1 66388
0 1 66390
0 1 66391
0 1 66392
0 1 66394
0 1 66402
0 1 66403
0 1 66407
0 1 66408
0 1 66409
0 1 66410
0 1 66411
0 1 66414
0 1 66415
0 1 66418
0 1 66422
0 1 66426
0 1 66427
0 1 66429
0 1 66436
0 1 66439
0 1 66442
0 1 66443
0 1 66444
0 1 66447
0 1 66448
0 1 66450
0 1 66451
0 1 66454
0 1 66455
0 1 66457
0 1 66458
0 1 66459
0 1 66462
0 1 66464
0 1 66465
0 1 66466
0 1 66467
0 1 66469
0 1 66470
0 1 66471
0 1 66473
0 1 66480
0 1 66481
0 1 66482
0 1 66487
0 1 66488
0 1 66489
0 1 66494
0 1 66497
0 1 66500
0 1 66502
0 1 66504
0 1 66506
0 1 66515
0 1 66516
0 1 66517
0 1 66519
0 1 66525
0 1 66529
0 1 66530
0 1 66532
0 1 66533
0 1 66534
0 1 66535
0 1 66538
0 1 66541
0 1 66543
0 1 66545
0 1 66550
0 1 66551
0 1 66552
0 1 66558
0 1 66560
0 1 66562
0 1 66563
0 1 66564
0 1 66565
0 1 66566
0 1 66569
0 1 66570
0 1 66579
0 1 66580
0 1 66582
0 1 66584
0 1 66594
0 1 66595
0 1 66598
0 1 66599
0 1 66601
0 1 66603
0 1 66604
0 1 66608
0 1 66611
0 1 66613
0 1 66615
0 1 66616
0 1 66617
0 1 66619
0 1 66623
0 1 66630
0 1 66631
0 1 66634
0 1 66637
0 1 66638
0 1 66641
0 1 66646
0 1 66647
0 1 66649
0 1 66650
0 1 66655
0 1 66657
0 1 66658
0 1 66660
0 1 66661
0 1 66663
0 1 66665
0 1 66667
0 1 66668
0 1 66673
0 1 66677
0 1 66681
0 1 66682
0 1 66683
0 1 66685
0 1 66688
0 1 66693
0 1 66694
0 1 66695
0 1 66696
0 1 66698
0 1 66701
0 1 66702
0 1 66703
0 1 66704
0 1 66707
0 1 66708
0 1 66709
0 1 66712
0 1 66713
0 1 66714
0 1 66715
0 1 66716
0 1 66718
0 1 66722
0 1 66726
0 1 66728
0 1 66729
0 1 66732
0 1 66734
0 1 66735
0 1 66736
0 1 66737
0 1 66741
0 1 66748
0 1 66749
0 1 66752
0 1 66762
0 1 66765
0 1 66766
0 1 66767
0 1 66770
0 1 66775
0 1 66776
0 1 66787
0 1 66789
0 1 66794
0 1 66795
0 1 66796
0 1 66799
0 1 66800
0 1 66809
0 1 66810
0 1 66812
0 1 66814
0 1 66815
0 1 66816
0 1 66819
0 1 66820
0 1 66823
0 1 66824
0 1 66827
0 1 66829
0 1 66830
0 1 66833
0 1 66834
0 1 66835
0 1 66838
0 1 66839
0 1 66840
0 1 66843
0 1 66846
0 1 66847
0 1 66854
0 1 66859
0 1 66860
0 1 66861
0 1 66862
0 1 66863
0 1 66868
0 1 66871
0 1 66874
0 1 66883
0 1 66886
0 1 66888
0 1 66890
0 1 66894
0 1 66897
0 1 66901
0 1 66904
0 1 66909
0 1 66910
0 1 66911
0 1 66913
0 1 66914
0 1 66915
0 1 66918
0 1 66919
0 1 66920
0 1 66922
0 1 66923
0 1 66929
0 1 66930
0 1 66932
0 1 66935
0 1 66937
0 1 66941
0 1 66942
0 1 66948
0 1 66949
0 1 66955
0 1 66958
0 1 66959
0 1 66961
0 1 66962
0 1 66963
0 1 66964
0 1 66965
0 1 66966
0 1 66968
0 1 66975
0 1 66977
0 1 66979
0 1 66981
0 1 66982
0 1 66983
0 1 66985
0 1 66988
0 1 66990
0 1 66991
0 1 66992
0 1 66994
0 1 66995
0 1 66999
0 1 67001
0 1 67003
0 1 67010
0 1 67011
0 1 67012
0 1 67015
0 1 67016
0 1 67018
0 1 67023
0 1 67027
0 1 67028
0 1 67035
0 1 67036
0 1 67039
0 1 67040
0 1 67044
0 1 67045
0 1 67049
0 1 67051
0 1 67055
0 1 67056
0 1 67057
0 1 67058
0 1 67060
0 1 67062
0 1 67063
0 1 67064
0 1 67067
0 1 67068
0 1 67069
0 1 67074
0 1 67076
0 1 67077
0 1 67079
0 1 67080
0 1 67082
0 1 67085
0 1 67096
0 1 67097
0 1 67099
0 1 67100
0 1 67102
0 1 67105
0 1 67108
0 1 67109
0 1 67111
0 1 67115
0 1 67123
0 1 67132
0 1 67136
0 1 67138
0 1 67145
0 1 67148
0 1 67149
0 1 67151
0 1 67153
0 1 67156
0 1 67168
0 1 67169
0 1 67171
0 1 67174
0 1 67177
0 1 67180
0 1 67181
0 1 67184
0 1 67187
0 1 67189
0 1 67190
0 1 67191
0 1 67192
0 1 67193
0 1 67194
0 1 67195
0 1 67197
0 1 67198
0 1 67201
0 1 67205
0 1 67209
0 1 67215
0 1 67216
0 1 67220
0 1 67226
0 1 67229
0 1 67234
0 1 67235
0 1 67240
0 1 67244
0 1 67247
0 1 67249
0 1 67250
0 1 67252
0 1 67254
0 1 67255
0 1 67256
0 1 67257
0 1 67259
0 1 67260
0 1 67264
0 1 67265
0 1 67267
0 1 67271
0 1 67272
0 1 67273
0 1 67275
0 1 67277
0 1 67280
0 1 67282
0 1 67283
0 1 67284
0 1 67286
0 1 67287
0 1 67288
0 1 67289
0 1 67293
0 1 67294
0 1 67295
0 1 67296
0 1 67299
0 1 67309
0 1 67310
0 1 67313
0 1 67317
0 1 67320
0 1 67322
0 1 67325
0 1 67327
0 1 67329
0 1 67331
0 1 67334
0 1 67337
0 1 67341
0 1 67342
0 1 67344
0 1 67348
0 1 67349
0 1 67350
0 1 67351
0 1 67353
0 1 67354
0 1 67355
0 1 67359
0 1 67361
0 1 67364
0 1 67365
0 1 67367
0 1 67369
0 1 67370
0 1 67371
0 1 67376
0 1 67380
0 1 67389
0 1 67394
0 1 67395
0 1 67400
0 1 67403
0 1 67404
0 1 67407
0 1 67413
0 1 67414
0 1 67416
0 1 67417
0 1 67419
0 1 67420
0 1 67421
0 1 67428
0 1 67429
0 1 67430
0 1 67431
0 1 67436
0 1 67439
0 1 67443
0 1 67445
0 1 67447
0 1 67449
0 1 67450
0 1 67454
0 1 67456
0 1 67457
0 1 67458
0 1 67463
0 1 67465
0 1 67472
0 1 67473
0 1 67474
0 1 67475
0 1 67480
0 1 67485
0 1 67492
0 1 67493
0 1 67494
0 1 67495
0 1 67496
0 1 67499
0 1 67502
0 1 67506
0 1 67513
0 1 67516
0 1 67521
0 1 67524
0 1 67528
0 1 67529
0 1 67530
0 1 67537
0 1 67549
0 1 67551
0 1 67552
0 1 67555
0 1 67557
0 1 67558
0 1 67560
0 1 67563
0 1 67565
0 1 67566
0 1 67569
0 1 67574
0 1 67576
0 1 67578
0 1 67584
0 1 67587
0 1 67588
0 1 67590
0 1 67594
0 1 67596
0 1 67599
0 1 67601
0 1 67603
0 1 67604
0 1 67605
0 1 67606
0 1 67611
0 1 67615
0 1 67617
0 1 67625
0 1 67629
0 1 67630
0 1 67635
0 1 67638
0 1 67640
0 1 67643
0 1 67646
0 1 67648
0 1 67649
0 1 67650
0 1 67653
0 1 67658
0 1 67659
0 1 67661
0 1 67662
0 1 67664
0 1 67665
0 1 67666
0 1 67668
0 1 67670
0 1 67672
0 1 67673
0 1 67677
0 1 67680
0 1 67684
0 1 67689
0 1 67692
0 1 67693
0 1 67694
0 1 67695
0 1 67697
0 1 67699
0 1 67702
0 1 67705
0 1 67706
0 1 67707
0 1 67708
0 1 67716
0 1 67717
0 1 67722
0 1 67729
0 1 67732
0 1 67736
0 1 67741
0 1 67742
0 1 67743
0 1 67744
0 1 67747
0 1 67752
0 1 67755
0 1 67761
0 1 67762
0 1 67766
0 1 67770
0 1 67773
0 1 67774
0 1 67777
0 1 67781
0 1 67786
0 1 67788
0 1 67794
0 1 67797
0 1 67798
0 1 67799
0 1 67800
0 1 67801
0 1 67804
0 1 67807
0 1 67809
0 1 67810
0 1 67811
0 1 67812
0 1 67819
0 1 67821
0 1 67822
0 1 67828
0 1 67830
0 1 67831
0 1 67834
0 1 67835
0 1 67838
0 1 67841
0 1 67845
0 1 67846
0 1 67853
0 1 67855
0 1 67857
0 1 67860
0 1 67864
0 1 67865
0 1 67869
0 1 67870
0 1 67872
0 1 67876
0 1 67878
0 1 67884
0 1 67886
0 1 67888
0 1 67889
0 1 67890
0 1 67894
0 1 67903
0 1 67904
0 1 67905
0 1 67911
0 1 67912
0 1 67913
0 1 67915
0 1 67917
0 1 67920
0 1 67924
0 1 67927
0 1 67928
0 1 67929
0 1 67932
0 1 67934
0 1 67935
0 1 67936
0 1 67937
0 1 67938
0 1 67944
0 1 67945
0 1 67946
0 1 67947
0 1 67948
0 1 67949
0 1 67954
0 1 67955
0 1 67957
0 1 67959
0 1 67962
0 1 67964
0 1 67967
0 1 67971
0 1 67975
0 1 67978
0 1 67979
0 1 67982
0 1 67984
0 1 67988
0 1 67989
0 1 67990
0 1 67991
0 1 67996
0 1 67997
0 1 68001
0 1 68005
0 1 68015
0 1 68017
0 1 68018
0 1 68019
0 1 68021
0 1 68027
0 1 68028
0 1 68031
0 1 68032
0 1 68034
0 1 68036
0 1 68043
0 1 68045
0 1 68047
0 1 68048
0 1 68056
0 1 68059
0 1 68060
0 1 68061
0 1 68062
0 1 68064
0 1 68065
0 1 68067
0 1 68070
0 1 68071
0 1 68079
0 1 68081
0 1 68083
0 1 68086
0 1 68091
0 1 68094
0 1 68096
0 1 68097
0 1 68100
0 1 68112
0 1 68113
0 1 68114
0 1 68116
0 1 68119
0 1 68125
0 1 68128
0 1 68131
0 1 68133
0 1 68136
0 1 68141
0 1 68143
0 1 68147
0 1 68149
0 1 68150
0 1 68151
0 1 68154
0 1 68155
0 1 68157
0 1 68161
0 1 68167
0 1 68171
0 1 68173
0 1 68175
0 1 68177
0 1 68181
0 1 68185
0 1 68186
0 1 68189
0 1 68191
0 1 68193
0 1 68195
0 1 68196
0 1 68197
0 1 68198
0 1 68199
0 1 68200
0 1 68202
0 1 68204
0 1 68207
0 1 68209
0 1 68210
0 1 68212
0 1 68214
0 1 68217
0 1 68219
0 1 68220
0 1 68222
0 1 68223
0 1 68228
0 1 68229
0 1 68230
0 1 68231
0 1 68235
0 1 68236
0 1 68241
0 1 68243
0 1 68244
0 1 68249
0 1 68250
0 1 68252
0 1 68254
0 1 68255
0 1 68258
0 1 68265
0 1 68266
0 1 68268
0 1 68270
0 1 68271
0 1 68272
0 1 68274
0 1 68276
0 1 68281
0 1 68282
0 1 68286
0 1 68287
0 1 68288
0 1 68297
0 1 68299
0 1 68300
0 1 68301
0 1 68303
0 1 68304
0 1 68309
0 1 68313
0 1 68316
0 1 68317
0 1 68320
0 1 68323
0 1 68324
0 1 68325
0 1 68327
0 1 68331
0 1 68333
0 1 68335
0 1 68337
0 1 68339
0 1 68340
0 1 68341
0 1 68345
0 1 68348
0 1 68349
0 1 68350
0 1 68355
0 1 68356
0 1 68358
0 1 68360
0 1 68364
0 1 68365
0 1 68369
0 1 68370
0 1 68376
0 1 68380
0 1 68381
0 1 68386
0 1 68390
0 1 68396
0 1 68402
0 1 68403
0 1 68404
0 1 68405
0 1 68409
0 1 68414
0 1 68415
0 1 68420
0 1 68422
0 1 68423
0 1 68426
0 1 68429
0 1 68430
0 1 68431
0 1 68436
0 1 68437
0 1 68440
0 1 68442
0 1 68446
0 1 68447
0 1 68450
0 1 68451
0 1 68455
0 1 68461
0 1 68464
0 1 68465
0 1 68466
0 1 68468
0 1 68472
0 1 68473
0 1 68480
0 1 68482
0 1 68487
0 1 68488
0 1 68489
0 1 68496
0 1 68498
0 1 68500
0 1 68502
0 1 68503
0 1 68504
0 1 68505
0 1 68506
0 1 68509
0 1 68512
0 1 68518
0 1 68522
0 1 68525
0 1 68526
0 1 68527
0 1 68528
0 1 68530
0 1 68531
0 1 68535
0 1 68538
0 1 68541
0 1 68542
0 1 68546
0 1 68549
0 1 68558
0 1 68562
0 1 68565
0 1 68569
0 1 68570
0 1 68571
0 1 68572
0 1 68573
0 1 68575
0 1 68576
0 1 68581
0 1 68582
0 1 68588
0 1 68591
0 1 68594
0 1 68596
0 1 68599
0 1 68603
0 1 68608
0 1 68610
0 1 68611
0 1 68615
0 1 68616
0 1 68621
0 1 68623
0 1 68625
0 1 68626
0 1 68627
0 1 68628
0 1 68633
0 1 68640
0 1 68641
0 1 68642
0 1 68643
0 1 68644
0 1 68645
0 1 68648
0 1 68649
0 1 68650
0 1 68652
0 1 68653
0 1 68655
0 1 68657
0 1 68658
0 1 68661
0 1 68663
0 1 68666
0 1 68672
0 1 68674
0 1 68675
0 1 68681
0 1 68683
0 1 68692
0 1 68697
0 1 68699
0 1 68701
0 1 68703
0 1 68706
0 1 68708
0 1 68711
0 1 68712
0 1 68720
0 1 68722
0 1 68723
0 1 68725
0 1 68732
0 1 68735
0 1 68736
0 1 68737
0 1 68739
0 1 68740
0 1 68741
0 1 68742
0 1 68744
0 1 68746
0 1 68748
0 1 68752
0 1 68755
0 1 68757
0 1 68762
0 1 68764
0 1 68765
0 1 68769
0 1 68770
0 1 68771
0 1 68775
0 1 68779
0 1 68783
0 1 68785
0 1 68786
0 1 68793
0 1 68794
0 1 68795
0 1 68796
0 1 68799
0 1 68801
0 1 68802
0 1 68804
0 1 68807
0 1 68813
0 1 68814
0 1 68815
0 1 68818
0 1 68819
0 1 68823
0 1 68824
0 1 68829
0 1 68834
0 1 68837
0 1 68838
0 1 68840
0 1 68843
0 1 68845
0 1 68847
0 1 68848
0 1 68855
0 1 68859
0 1 68860
0 1 68872
0 1 68874
0 1 68877
0 1 68878
0 1 68882
0 1 68883
0 1 68886
0 1 68891
0 1 68892
0 1 68893
0 1 68899
0 1 68902
0 1 68905
0 1 68906
0 1 68908
0 1 68909
0 1 68910
0 1 68911
0 1 68913
0 1 68915
0 1 68916
0 1 68918
0 1 68924
0 1 68925
0 1 68926
0 1 68927
0 1 68931
0 1 68935
0 1 68936
0 1 68937
0 1 68939
0 1 68941
0 1 68942
0 1 68947
0 1 68949
0 1 68950
0 1 68953
0 1 68954
0 1 68956
0 1 68957
0 1 68958
0 1 68960
0 1 68962
0 1 68968
0 1 68971
0 1 68972
0 1 68974
0 1 68976
0 1 68978
0 1 68979
0 1 68980
0 1 68982
0 1 68983
0 1 68986
0 1 68987
0 1 68990
0 1 68991
0 1 68992
0 1 68994
0 1 68996
0 1 68999
0 1 69001
0 1 69006
0 1 69011
0 1 69013
0 1 69018
0 1 69027
0 1 69028
0 1 69031
0 1 69033
0 1 69036
0 1 69039
0 1 69040
0 1 69041
0 1 69042
0 1 69044
0 1 69050
0 1 69056
0 1 69057
0 1 69061
0 1 69063
0 1 69065
0 1 69066
0 1 69073
0 1 69074
0 1 69076
0 1 69078
0 1 69080
0 1 69086
0 1 69087
0 1 69088
0 1 69089
0 1 69090
0 1 69093
0 1 69095
0 1 69102
0 1 69104
0 1 69105
0 1 69107
0 1 69109
0 1 69110
0 1 69112
0 1 69116
0 1 69117
0 1 69118
0 1 69120
0 1 69122
0 1 69123
0 1 69127
0 1 69131
0 1 69132
0 1 69135
0 1 69138
0 1 69139
0 1 69144
0 1 69148
0 1 69150
0 1 69151
0 1 69152
0 1 69153
0 1 69154
0 1 69156
0 1 69159
0 1 69165
0 1 69166
0 1 69170
0 1 69171
0 1 69176
0 1 69177
0 1 69179
0 1 69180
0 1 69183
0 1 69188
0 1 69189
0 1 69190
0 1 69194
0 1 69195
0 1 69199
0 1 69201
0 1 69203
0 1 69210
0 1 69211
0 1 69217
0 1 69219
0 1 69220
0 1 69221
0 1 69226
0 1 69227
0 1 69228
0 1 69229
0 1 69231
0 1 69232
0 1 69233
0 1 69234
0 1 69237
0 1 69238
0 1 69243
0 1 69244
0 1 69245
0 1 69246
0 1 69248
0 1 69258
0 1 69259
0 1 69261
0 1 69264
0 1 69266
0 1 69267
0 1 69269
0 1 69270
0 1 69271
0 1 69272
0 1 69273
0 1 69274
0 1 69275
0 1 69277
0 1 69278
0 1 69280
0 1 69281
0 1 69283
0 1 69284
0 1 69286
0 1 69287
0 1 69288
0 1 69295
0 1 69296
0 1 69297
0 1 69299
0 1 69304
0 1 69309
0 1 69312
0 1 69315
0 1 69320
0 1 69323
0 1 69324
0 1 69325
0 1 69326
0 1 69330
0 1 69333
0 1 69335
0 1 69337
0 1 69338
0 1 69341
0 1 69343
0 1 69345
0 1 69349
0 1 69350
0 1 69352
0 1 69353
0 1 69354
0 1 69357
0 1 69358
0 1 69359
0 1 69360
0 1 69361
0 1 69366
0 1 69368
0 1 69375
0 1 69377
0 1 69378
0 1 69384
0 1 69386
0 1 69392
0 1 69396
0 1 69412
0 1 69413
0 1 69415
0 1 69416
0 1 69418
0 1 69419
0 1 69420
0 1 69422
0 1 69429
0 1 69431
0 1 69434
0 1 69437
0 1 69439
0 1 69440
0 1 69445
0 1 69450
0 1 69455
0 1 69457
0 1 69459
0 1 69462
0 1 69465
0 1 69467
0 1 69468
0 1 69469
0 1 69470
0 1 69471
0 1 69473
0 1 69480
0 1 69482
0 1 69484
0 1 69485
0 1 69487
0 1 69490
0 1 69492
0 1 69494
0 1 69496
0 1 69497
0 1 69499
0 1 69502
0 1 69503
0 1 69504
0 1 69505
0 1 69508
0 1 69509
0 1 69510
0 1 69514
0 1 69515
0 1 69520
0 1 69522
0 1 69523
0 1 69524
0 1 69525
0 1 69527
0 1 69528
0 1 69530
0 1 69532
0 1 69533
0 1 69534
0 1 69535
0 1 69538
0 1 69540
0 1 69546
0 1 69549
0 1 69551
0 1 69552
0 1 69555
0 1 69559
0 1 69561
0 1 69565
0 1 69575
0 1 69576
0 1 69577
0 1 69581
0 1 69582
0 1 69584
0 1 69585
0 1 69590
0 1 69594
0 1 69595
0 1 69596
0 1 69597
0 1 69603
0 1 69604
0 1 69606
0 1 69607
0 1 69608
0 1 69613
0 1 69614
0 1 69615
0 1 69617
0 1 69618
0 1 69623
0 1 69626
0 1 69635
0 1 69636
0 1 69639
0 1 69640
0 1 69643
0 1 69644
0 1 69646
0 1 69649
0 1 69650
0 1 69659
0 1 69661
0 1 69662
0 1 69663
0 1 69664
0 1 69667
0 1 69668
0 1 69675
0 1 69676
0 1 69687
0 1 69690
0 1 69694
0 1 69695
0 1 69697
0 1 69699
0 1 69704
0 1 69706
0 1 69710
0 1 69711
0 1 69712
0 1 69714
0 1 69716
0 1 69718
0 1 69720
0 1 69721
0 1 69726
0 1 69727
0 1 69729
0 1 69730
0 1 69734
0 1 69735
0 1 69741
0 1 69744
0 1 69745
0 1 69746
0 1 69748
0 1 69750
0 1 69753
0 1 69758
0 1 69760
0 1 69763
0 1 69766
0 1 69767
0 1 69773
0 1 69774
0 1 69779
0 1 69781
0 1 69784
0 1 69786
0 1 69788
0 1 69790
0 1 69791
0 1 69792
0 1 69793
0 1 69795
0 1 69797
0 1 69801
0 1 69803
0 1 69809
0 1 69810
0 1 69811
0 1 69815
0 1 69817
0 1 69819
0 1 69825
0 1 69826
0 1 69830
0 1 69832
0 1 69833
0 1 69836
0 1 69838
0 1 69839
0 1 69841
0 1 69842
0 1 69844
0 1 69845
0 1 69846
0 1 69848
0 1 69849
0 1 69850
0 1 69855
0 1 69858
0 1 69860
0 1 69872
0 1 69878
0 1 69881
0 1 69884
0 1 69886
0 1 69889
0 1 69896
0 1 69897
0 1 69899
0 1 69902
0 1 69910
0 1 69917
0 1 69920
0 1 69923
0 1 69924
0 1 69925
0 1 69926
0 1 69927
0 1 69929
0 1 69930
0 1 69937
0 1 69938
0 1 69939
0 1 69940
0 1 69943
0 1 69947
0 1 69951
0 1 69953
0 1 69954
0 1 69955
0 1 69956
0 1 69957
0 1 69959
0 1 69961
0 1 69962
0 1 69963
0 1 69968
0 1 69970
0 1 69971
0 1 69973
0 1 69975
0 1 69976
0 1 69977
0 1 69983
0 1 69984
0 1 69986
0 1 69987
0 1 69991
0 1 69994
0 1 69996
0 1 70002
0 1 70003
0 1 70005
0 1 70009
0 1 70011
0 1 70013
0 1 70015
0 1 70016
0 1 70019
0 1 70021
0 1 70022
0 1 70023
0 1 70024
0 1 70025
0 1 70028
0 1 70031
0 1 70035
0 1 70036
0 1 70039
0 1 70042
0 1 70047
0 1 70048
0 1 70050
0 1 70054
0 1 70055
0 1 70056
0 1 70057
0 1 70060
0 1 70062
0 1 70068
0 1 70069
0 1 70072
0 1 70076
0 1 70084
0 1 70085
0 1 70086
0 1 70088
0 1 70089
0 1 70092
0 1 70094
0 1 70095
0 1 70108
0 1 70113
0 1 70115
0 1 70117
0 1 70120
0 1 70121
0 1 70125
0 1 70131
0 1 70135
0 1 70139
0 1 70147
0 1 70148
0 1 70150
0 1 70151
0 1 70153
0 1 70155
0 1 70157
0 1 70160
0 1 70162
0 1 70165
0 1 70166
0 1 70167
0 1 70171
0 1 70175
0 1 70177
0 1 70178
0 1 70181
0 1 70184
0 1 70186
0 1 70188
0 1 70192
0 1 70193
0 1 70204
0 1 70205
0 1 70208
0 1 70210
0 1 70211
0 1 70212
0 1 70213
0 1 70215
0 1 70217
0 1 70219
0 1 70220
0 1 70221
0 1 70222
0 1 70226
0 1 70230
0 1 70233
0 1 70235
0 1 70236
0 1 70237
0 1 70239
0 1 70240
0 1 70243
0 1 70246
0 1 70248
0 1 70250
0 1 70254
0 1 70255
0 1 70256
0 1 70260
0 1 70261
0 1 70262
0 1 70263
0 1 70264
0 1 70265
0 1 70266
0 1 70268
0 1 70271
0 1 70272
0 1 70274
0 1 70275
0 1 70276
0 1 70279
0 1 70283
0 1 70289
0 1 70291
0 1 70292
0 1 70296
0 1 70297
0 1 70300
0 1 70301
0 1 70303
0 1 70304
0 1 70310
0 1 70312
0 1 70315
0 1 70319
0 1 70320
0 1 70322
0 1 70324
0 1 70326
0 1 70329
0 1 70332
0 1 70339
0 1 70342
0 1 70345
0 1 70347
0 1 70349
0 1 70350
0 1 70354
0 1 70355
0 1 70358
0 1 70359
0 1 70363
0 1 70364
0 1 70366
0 1 70368
0 1 70370
0 1 70372
0 1 70380
0 1 70381
0 1 70382
0 1 70383
0 1 70384
0 1 70386
0 1 70387
0 1 70389
0 1 70391
0 1 70394
0 1 70396
0 1 70403
0 1 70408
0 1 70413
0 1 70420
0 1 70421
0 1 70422
0 1 70424
0 1 70427
0 1 70431
0 1 70435
0 1 70439
0 1 70450
0 1 70453
0 1 70455
0 1 70457
0 1 70459
0 1 70461
0 1 70463
0 1 70468
0 1 70469
0 1 70472
0 1 70478
0 1 70481
0 1 70482
0 1 70483
0 1 70485
0 1 70486
0 1 70490
0 1 70493
0 1 70495
0 1 70496
0 1 70497
0 1 70500
0 1 70502
0 1 70506
0 1 70507
0 1 70509
0 1 70511
0 1 70516
0 1 70518
0 1 70519
0 1 70525
0 1 70530
0 1 70533
0 1 70534
0 1 70536
0 1 70537
0 1 70538
0 1 70545
0 1 70548
0 1 70549
0 1 70550
0 1 70551
0 1 70552
0 1 70555
0 1 70557
0 1 70558
0 1 70560
0 1 70564
0 1 70566
0 1 70570
0 1 70572
0 1 70573
0 1 70574
0 1 70575
0 1 70577
0 1 70583
0 1 70586
0 1 70590
0 1 70593
0 1 70594
0 1 70595
0 1 70602
0 1 70604
0 1 70607
0 1 70609
0 1 70611
0 1 70612
0 1 70615
0 1 70616
0 1 70617
0 1 70618
0 1 70623
0 1 70625
0 1 70626
0 1 70627
0 1 70628
0 1 70630
0 1 70631
0 1 70632
0 1 70633
0 1 70636
0 1 70642
0 1 70643
0 1 70648
0 1 70649
0 1 70651
0 1 70653
0 1 70654
0 1 70656
0 1 70660
0 1 70664
0 1 70665
0 1 70666
0 1 70668
0 1 70669
0 1 70670
0 1 70675
0 1 70677
0 1 70678
0 1 70679
0 1 70681
0 1 70683
0 1 70685
0 1 70688
0 1 70690
0 1 70692
0 1 70693
0 1 70694
0 1 70700
0 1 70702
0 1 70707
0 1 70711
0 1 70712
0 1 70713
0 1 70714
0 1 70717
0 1 70720
0 1 70721
0 1 70722
0 1 70728
0 1 70730
0 1 70731
0 1 70733
0 1 70734
0 1 70737
0 1 70738
0 1 70741
0 1 70742
0 1 70743
0 1 70744
0 1 70750
0 1 70753
0 1 70759
0 1 70760
0 1 70764
0 1 70768
0 1 70769
0 1 70776
0 1 70780
0 1 70782
0 1 70785
0 1 70786
0 1 70790
0 1 70792
0 1 70793
0 1 70794
0 1 70795
0 1 70800
0 1 70802
0 1 70803
0 1 70804
0 1 70805
0 1 70806
0 1 70807
0 1 70808
0 1 70809
0 1 70811
0 1 70812
0 1 70814
0 1 70817
0 1 70818
0 1 70825
0 1 70826
0 1 70829
0 1 70831
0 1 70836
0 1 70837
0 1 70844
0 1 70846
0 1 70847
0 1 70848
0 1 70849
0 1 70851
0 1 70852
0 1 70854
0 1 70855
0 1 70857
0 1 70859
0 1 70860
0 1 70862
0 1 70863
0 1 70864
0 1 70870
0 1 70871
0 1 70872
0 1 70874
0 1 70879
0 1 70880
0 1 70882
0 1 70885
0 1 70890
0 1 70892
0 1 70894
0 1 70898
0 1 70900
0 1 70901
0 1 70904
0 1 70905
0 1 70909
0 1 70911
0 1 70914
0 1 70915
0 1 70916
0 1 70917
0 1 70918
0 1 70920
0 1 70921
0 1 70923
0 1 70924
0 1 70926
0 1 70927
0 1 70929
0 1 70930
0 1 70933
0 1 70936
0 1 70937
0 1 70938
0 1 70940
0 1 70941
0 1 70942
0 1 70943
0 1 70947
0 1 70948
0 1 70955
0 1 70956
0 1 70959
0 1 70961
0 1 70962
0 1 70963
0 1 70964
0 1 70966
0 1 70971
0 1 70975
0 1 70977
0 1 70980
0 1 70990
0 1 70991
0 1 70994
0 1 70996
0 1 70997
0 1 71001
0 1 71004
0 1 71007
0 1 71012
0 1 71018
0 1 71019
0 1 71021
0 1 71022
0 1 71025
0 1 71030
0 1 71038
0 1 71040
0 1 71042
0 1 71048
0 1 71050
0 1 71051
0 1 71052
0 1 71053
0 1 71054
0 1 71055
0 1 71057
0 1 71060
0 1 71061
0 1 71062
0 1 71063
0 1 71064
0 1 71066
0 1 71069
0 1 71074
0 1 71075
0 1 71076
0 1 71077
0 1 71087
0 1 71089
0 1 71092
0 1 71095
0 1 71097
0 1 71099
0 1 71100
0 1 71104
0 1 71110
0 1 71112
0 1 71115
0 1 71116
0 1 71119
0 1 71122
0 1 71129
0 1 71131
0 1 71132
0 1 71138
0 1 71139
0 1 71140
0 1 71141
0 1 71142
0 1 71146
0 1 71148
0 1 71149
0 1 71150
0 1 71156
0 1 71159
0 1 71162
0 1 71164
0 1 71165
0 1 71167
0 1 71169
0 1 71172
0 1 71173
0 1 71174
0 1 71182
0 1 71183
0 1 71186
0 1 71187
0 1 71190
0 1 71193
0 1 71194
0 1 71197
0 1 71198
0 1 71204
0 1 71205
0 1 71207
0 1 71208
0 1 71210
0 1 71213
0 1 71221
0 1 71222
0 1 71227
0 1 71229
0 1 71230
0 1 71231
0 1 71232
0 1 71235
0 1 71236
0 1 71237
0 1 71240
0 1 71241
0 1 71242
0 1 71243
0 1 71244
0 1 71245
0 1 71246
0 1 71247
0 1 71249
0 1 71252
0 1 71257
0 1 71258
0 1 71261
0 1 71265
0 1 71268
0 1 71272
0 1 71273
0 1 71277
0 1 71283
0 1 71284
0 1 71285
0 1 71287
0 1 71289
0 1 71297
0 1 71298
0 1 71299
0 1 71302
0 1 71303
0 1 71304
0 1 71306
0 1 71307
0 1 71309
0 1 71318
0 1 71323
0 1 71326
0 1 71327
0 1 71328
0 1 71330
0 1 71334
0 1 71340
0 1 71341
0 1 71343
0 1 71344
0 1 71346
0 1 71347
0 1 71348
0 1 71351
0 1 71357
0 1 71359
0 1 71362
0 1 71366
0 1 71367
0 1 71369
0 1 71370
0 1 71371
0 1 71373
0 1 71376
0 1 71377
0 1 71378
0 1 71380
0 1 71388
0 1 71393
0 1 71394
0 1 71395
0 1 71398
0 1 71399
0 1 71401
0 1 71402
0 1 71405
0 1 71406
0 1 71408
0 1 71409
0 1 71410
0 1 71411
0 1 71414
0 1 71418
0 1 71419
0 1 71420
0 1 71421
0 1 71422
0 1 71423
0 1 71425
0 1 71428
0 1 71432
0 1 71434
0 1 71435
0 1 71436
0 1 71437
0 1 71440
0 1 71443
0 1 71444
0 1 71446
0 1 71449
0 1 71452
0 1 71453
0 1 71454
0 1 71457
0 1 71459
0 1 71462
0 1 71468
0 1 71469
0 1 71471
0 1 71472
0 1 71473
0 1 71475
0 1 71478
0 1 71479
0 1 71481
0 1 71483
0 1 71484
0 1 71485
0 1 71487
0 1 71488
0 1 71492
0 1 71494
0 1 71498
0 1 71500
0 1 71503
0 1 71504
0 1 71508
0 1 71509
0 1 71513
0 1 71517
0 1 71518
0 1 71521
0 1 71527
0 1 71529
0 1 71533
0 1 71534
0 1 71535
0 1 71536
0 1 71537
0 1 71542
0 1 71548
0 1 71554
0 1 71557
0 1 71558
0 1 71565
0 1 71567
0 1 71568
0 1 71572
0 1 71573
0 1 71578
0 1 71582
0 1 71588
0 1 71589
0 1 71591
0 1 71592
0 1 71593
0 1 71594
0 1 71595
0 1 71596
0 1 71599
0 1 71600
0 1 71601
0 1 71603
0 1 71604
0 1 71607
0 1 71611
0 1 71612
0 1 71616
0 1 71618
0 1 71621
0 1 71622
0 1 71627
0 1 71631
0 1 71637
0 1 71638
0 1 71640
0 1 71645
0 1 71649
0 1 71650
0 1 71653
0 1 71656
0 1 71659
0 1 71660
0 1 71664
0 1 71666
0 1 71668
0 1 71669
0 1 71670
0 1 71672
0 1 71674
0 1 71677
0 1 71678
0 1 71680
0 1 71685
0 1 71690
0 1 71697
0 1 71703
0 1 71704
0 1 71705
0 1 71706
0 1 71709
0 1 71710
0 1 71711
0 1 71717
0 1 71718
0 1 71719
0 1 71721
0 1 71722
0 1 71724
0 1 71727
0 1 71729
0 1 71732
0 1 71733
0 1 71739
0 1 71747
0 1 71750
0 1 71752
0 1 71758
0 1 71759
0 1 71761
0 1 71765
0 1 71766
0 1 71771
0 1 71776
0 1 71777
0 1 71779
0 1 71781
0 1 71785
0 1 71786
0 1 71787
0 1 71788
0 1 71791
0 1 71793
0 1 71794
0 1 71795
0 1 71796
0 1 71797
0 1 71799
0 1 71803
0 1 71804
0 1 71806
0 1 71810
0 1 71813
0 1 71814
0 1 71816
0 1 71819
0 1 71820
0 1 71823
0 1 71826
0 1 71837
0 1 71839
0 1 71842
0 1 71844
0 1 71845
0 1 71851
0 1 71856
0 1 71858
0 1 71861
0 1 71864
0 1 71865
0 1 71866
0 1 71868
0 1 71869
0 1 71874
0 1 71877
0 1 71882
0 1 71884
0 1 71886
0 1 71888
0 1 71889
0 1 71892
0 1 71893
0 1 71894
0 1 71895
0 1 71898
0 1 71899
0 1 71902
0 1 71903
0 1 71906
0 1 71908
0 1 71912
0 1 71915
0 1 71920
0 1 71923
0 1 71929
0 1 71934
0 1 71935
0 1 71936
0 1 71941
0 1 71945
0 1 71946
0 1 71948
0 1 71952
0 1 71954
0 1 71957
0 1 71960
0 1 71962
0 1 71964
0 1 71966
0 1 71967
0 1 71968
0 1 71970
0 1 71978
0 1 71981
0 1 71984
0 1 71985
0 1 71988
0 1 71990
0 1 71995
0 1 71997
0 1 71999
0 1 72000
0 1 72001
0 1 72004
0 1 72008
0 1 72009
0 1 72010
0 1 72011
0 1 72012
0 1 72015
0 1 72018
0 1 72022
0 1 72024
0 1 72025
0 1 72027
0 1 72034
0 1 72037
0 1 72039
0 1 72040
0 1 72042
0 1 72043
0 1 72045
0 1 72048
0 1 72050
0 1 72051
0 1 72053
0 1 72055
0 1 72060
0 1 72061
0 1 72062
0 1 72063
0 1 72068
0 1 72069
0 1 72073
0 1 72075
0 1 72076
0 1 72080
0 1 72084
0 1 72094
0 1 72096
0 1 72097
0 1 72100
0 1 72101
0 1 72102
0 1 72103
0 1 72106
0 1 72108
0 1 72109
0 1 72112
0 1 72113
0 1 72116
0 1 72119
0 1 72122
0 1 72128
0 1 72129
0 1 72132
0 1 72133
0 1 72135
0 1 72137
0 1 72139
0 1 72140
0 1 72149
0 1 72151
0 1 72152
0 1 72154
0 1 72157
0 1 72158
0 1 72162
0 1 72166
0 1 72174
0 1 72175
0 1 72176
0 1 72177
0 1 72178
0 1 72181
0 1 72182
0 1 72185
0 1 72186
0 1 72187
0 1 72188
0 1 72189
0 1 72196
0 1 72197
0 1 72198
0 1 72201
0 1 72202
0 1 72205
0 1 72210
0 1 72212
0 1 72213
0 1 72214
0 1 72217
0 1 72219
0 1 72220
0 1 72221
0 1 72224
0 1 72225
0 1 72226
0 1 72227
0 1 72228
0 1 72230
0 1 72232
0 1 72239
0 1 72244
0 1 72248
0 1 72251
0 1 72252
0 1 72254
0 1 72255
0 1 72259
0 1 72266
0 1 72267
0 1 72268
0 1 72270
0 1 72274
0 1 72277
0 1 72278
0 1 72281
0 1 72286
0 1 72287
0 1 72288
0 1 72293
0 1 72294
0 1 72298
0 1 72299
0 1 72300
0 1 72304
0 1 72305
0 1 72308
0 1 72309
0 1 72313
0 1 72315
0 1 72316
0 1 72318
0 1 72319
0 1 72321
0 1 72324
0 1 72328
0 1 72329
0 1 72330
0 1 72332
0 1 72335
0 1 72336
0 1 72341
0 1 72344
0 1 72346
0 1 72349
0 1 72350
0 1 72361
0 1 72363
0 1 72365
0 1 72366
0 1 72367
0 1 72368
0 1 72370
0 1 72371
0 1 72372
0 1 72377
0 1 72382
0 1 72386
0 1 72388
0 1 72389
0 1 72392
0 1 72395
0 1 72396
0 1 72397
0 1 72398
0 1 72401
0 1 72405
0 1 72407
0 1 72408
0 1 72409
0 1 72411
0 1 72413
0 1 72414
0 1 72420
0 1 72421
0 1 72422
0 1 72424
0 1 72426
0 1 72430
0 1 72432
0 1 72433
0 1 72434
0 1 72435
0 1 72439
0 1 72443
0 1 72445
0 1 72448
0 1 72450
0 1 72452
0 1 72454
0 1 72456
0 1 72457
0 1 72458
0 1 72460
0 1 72466
0 1 72467
0 1 72469
0 1 72470
0 1 72472
0 1 72480
0 1 72481
0 1 72482
0 1 72483
0 1 72484
0 1 72486
0 1 72487
0 1 72492
0 1 72493
0 1 72495
0 1 72499
0 1 72501
0 1 72503
0 1 72506
0 1 72508
0 1 72511
0 1 72518
0 1 72519
0 1 72520
0 1 72521
0 1 72522
0 1 72523
0 1 72524
0 1 72528
0 1 72529
0 1 72530
0 1 72533
0 1 72545
0 1 72546
0 1 72553
0 1 72561
0 1 72565
0 1 72567
0 1 72570
0 1 72571
0 1 72572
0 1 72574
0 1 72576
0 1 72579
0 1 72580
0 1 72581
0 1 72582
0 1 72584
0 1 72585
0 1 72586
0 1 72593
0 1 72594
0 1 72595
0 1 72596
0 1 72598
0 1 72601
0 1 72603
0 1 72604
0 1 72605
0 1 72606
0 1 72607
0 1 72612
0 1 72614
0 1 72616
0 1 72618
0 1 72624
0 1 72625
0 1 72628
0 1 72629
0 1 72630
0 1 72632
0 1 72633
0 1 72638
0 1 72639
0 1 72642
0 1 72644
0 1 72647
0 1 72650
0 1 72655
0 1 72660
0 1 72662
0 1 72663
0 1 72667
0 1 72669
0 1 72673
0 1 72680
0 1 72681
0 1 72687
0 1 72689
0 1 72690
0 1 72691
0 1 72692
0 1 72694
0 1 72695
0 1 72698
0 1 72701
0 1 72704
0 1 72705
0 1 72707
0 1 72708
0 1 72710
0 1 72712
0 1 72714
0 1 72717
0 1 72719
0 1 72722
0 1 72723
0 1 72724
0 1 72727
0 1 72731
0 1 72735
0 1 72736
0 1 72737
0 1 72739
0 1 72740
0 1 72741
0 1 72743
0 1 72745
0 1 72746
0 1 72747
0 1 72750
0 1 72755
0 1 72756
0 1 72758
0 1 72759
0 1 72760
0 1 72763
0 1 72766
0 1 72768
0 1 72769
0 1 72774
0 1 72778
0 1 72780
0 1 72781
0 1 72785
0 1 72786
0 1 72788
0 1 72791
0 1 72792
0 1 72794
0 1 72798
0 1 72799
0 1 72805
0 1 72807
0 1 72808
0 1 72809
0 1 72810
0 1 72812
0 1 72813
0 1 72815
0 1 72823
0 1 72824
0 1 72826
0 1 72828
0 1 72829
0 1 72831
0 1 72836
0 1 72837
0 1 72838
0 1 72839
0 1 72843
0 1 72844
0 1 72846
0 1 72847
0 1 72849
0 1 72853
0 1 72855
0 1 72857
0 1 72860
0 1 72867
0 1 72868
0 1 72869
0 1 72876
0 1 72877
0 1 72880
0 1 72881
0 1 72885
0 1 72886
0 1 72887
0 1 72888
0 1 72889
0 1 72899
0 1 72905
0 1 72906
0 1 72908
0 1 72911
0 1 72912
0 1 72914
0 1 72915
0 1 72922
0 1 72926
0 1 72927
0 1 72928
0 1 72929
0 1 72932
0 1 72934
0 1 72938
0 1 72940
0 1 72941
0 1 72942
0 1 72943
0 1 72944
0 1 72945
0 1 72947
0 1 72948
0 1 72949
0 1 72950
0 1 72953
0 1 72954
0 1 72959
0 1 72961
0 1 72967
0 1 72968
0 1 72972
0 1 72973
0 1 72977
0 1 72978
0 1 72980
0 1 72981
0 1 72984
0 1 72985
0 1 72989
0 1 72990
0 1 72992
0 1 72993
0 1 72995
0 1 72997
0 1 73002
0 1 73005
0 1 73007
0 1 73008
0 1 73012
0 1 73018
0 1 73019
0 1 73023
0 1 73024
0 1 73025
0 1 73026
0 1 73028
0 1 73035
0 1 73036
0 1 73045
0 1 73048
0 1 73049
0 1 73051
0 1 73052
0 1 73053
0 1 73054
0 1 73055
0 1 73056
0 1 73060
0 1 73061
0 1 73062
0 1 73064
0 1 73068
0 1 73070
0 1 73071
0 1 73073
0 1 73076
0 1 73077
0 1 73079
0 1 73080
0 1 73083
0 1 73084
0 1 73086
0 1 73087
0 1 73088
0 1 73090
0 1 73092
0 1 73094
0 1 73096
0 1 73097
0 1 73098
0 1 73101
0 1 73102
0 1 73104
0 1 73105
0 1 73106
0 1 73109
0 1 73112
0 1 73114
0 1 73121
0 1 73122
0 1 73123
0 1 73127
0 1 73131
0 1 73132
0 1 73133
0 1 73134
0 1 73135
0 1 73136
0 1 73142
0 1 73152
0 1 73156
0 1 73157
0 1 73158
0 1 73162
0 1 73168
0 1 73169
0 1 73171
0 1 73175
0 1 73176
0 1 73185
0 1 73189
0 1 73190
0 1 73191
0 1 73195
0 1 73196
0 1 73197
0 1 73198
0 1 73201
0 1 73203
0 1 73206
0 1 73207
0 1 73208
0 1 73209
0 1 73210
0 1 73213
0 1 73214
0 1 73215
0 1 73216
0 1 73219
0 1 73222
0 1 73224
0 1 73227
0 1 73233
0 1 73238
0 1 73239
0 1 73242
0 1 73243
0 1 73244
0 1 73248
0 1 73253
0 1 73255
0 1 73256
0 1 73258
0 1 73259
0 1 73261
0 1 73262
0 1 73263
0 1 73265
0 1 73268
0 1 73270
0 1 73277
0 1 73278
0 1 73280
0 1 73284
0 1 73285
0 1 73288
0 1 73291
0 1 73292
0 1 73294
0 1 73298
0 1 73300
0 1 73302
0 1 73305
0 1 73309
0 1 73313
0 1 73323
0 1 73329
0 1 73331
0 1 73332
0 1 73333
0 1 73334
0 1 73335
0 1 73341
0 1 73342
0 1 73346
0 1 73355
0 1 73357
0 1 73359
0 1 73361
0 1 73362
0 1 73363
0 1 73365
0 1 73369
0 1 73373
0 1 73378
0 1 73381
0 1 73384
0 1 73387
0 1 73388
0 1 73394
0 1 73395
0 1 73397
0 1 73398
0 1 73399
0 1 73400
0 1 73401
0 1 73402
0 1 73404
0 1 73407
0 1 73412
0 1 73417
0 1 73419
0 1 73421
0 1 73424
0 1 73426
0 1 73428
0 1 73430
0 1 73432
0 1 73433
0 1 73435
0 1 73437
0 1 73440
0 1 73441
0 1 73443
0 1 73444
0 1 73447
0 1 73453
0 1 73457
0 1 73458
0 1 73459
0 1 73463
0 1 73464
0 1 73466
0 1 73467
0 1 73472
0 1 73478
0 1 73482
0 1 73483
0 1 73485
0 1 73487
0 1 73489
0 1 73491
0 1 73492
0 1 73494
0 1 73499
0 1 73500
0 1 73503
0 1 73505
0 1 73506
0 1 73509
0 1 73510
0 1 73516
0 1 73517
0 1 73519
0 1 73524
0 1 73527
0 1 73529
0 1 73530
0 1 73534
0 1 73535
0 1 73536
0 1 73538
0 1 73539
0 1 73541
0 1 73546
0 1 73547
0 1 73548
0 1 73553
0 1 73554
0 1 73555
0 1 73556
0 1 73558
0 1 73559
0 1 73560
0 1 73561
0 1 73564
0 1 73572
0 1 73573
0 1 73574
0 1 73576
0 1 73578
0 1 73585
0 1 73589
0 1 73590
0 1 73591
0 1 73592
0 1 73593
0 1 73596
0 1 73597
0 1 73598
0 1 73599
0 1 73600
0 1 73602
0 1 73604
0 1 73606
0 1 73622
0 1 73625
0 1 73630
0 1 73637
0 1 73639
0 1 73640
0 1 73641
0 1 73645
0 1 73646
0 1 73647
0 1 73649
0 1 73650
0 1 73652
0 1 73655
0 1 73656
0 1 73657
0 1 73667
0 1 73671
0 1 73673
0 1 73674
0 1 73675
0 1 73679
0 1 73680
0 1 73681
0 1 73682
0 1 73687
0 1 73689
0 1 73691
0 1 73694
0 1 73698
0 1 73700
0 1 73702
0 1 73705
0 1 73706
0 1 73709
0 1 73712
0 1 73714
0 1 73715
0 1 73718
0 1 73719
0 1 73723
0 1 73724
0 1 73727
0 1 73728
0 1 73729
0 1 73730
0 1 73732
0 1 73733
0 1 73734
0 1 73736
0 1 73739
0 1 73740
0 1 73741
0 1 73742
0 1 73746
0 1 73747
0 1 73748
0 1 73750
0 1 73752
0 1 73753
0 1 73755
0 1 73756
0 1 73757
0 1 73760
0 1 73763
0 1 73768
0 1 73769
0 1 73770
0 1 73771
0 1 73772
0 1 73777
0 1 73778
0 1 73779
0 1 73780
0 1 73783
0 1 73784
0 1 73786
0 1 73787
0 1 73788
0 1 73789
0 1 73790
0 1 73792
0 1 73796
0 1 73798
0 1 73799
0 1 73800
0 1 73802
0 1 73803
0 1 73807
0 1 73808
0 1 73809
0 1 73811
0 1 73813
0 1 73815
0 1 73822
0 1 73823
0 1 73826
0 1 73827
0 1 73828
0 1 73830
0 1 73837
0 1 73839
0 1 73844
0 1 73846
0 1 73847
0 1 73849
0 1 73852
0 1 73854
0 1 73855
0 1 73858
0 1 73859
0 1 73862
0 1 73864
0 1 73865
0 1 73866
0 1 73870
0 1 73872
0 1 73874
0 1 73876
0 1 73877
0 1 73878
0 1 73881
0 1 73882
0 1 73883
0 1 73885
0 1 73887
0 1 73890
0 1 73892
0 1 73895
0 1 73896
0 1 73899
0 1 73901
0 1 73906
0 1 73909
0 1 73914
0 1 73916
0 1 73917
0 1 73921
0 1 73926
0 1 73933
0 1 73934
0 1 73936
0 1 73938
0 1 73943
0 1 73944
0 1 73947
0 1 73949
0 1 73950
0 1 73952
0 1 73953
0 1 73956
0 1 73957
0 1 73964
0 1 73972
0 1 73974
0 1 73976
0 1 73977
0 1 73978
0 1 73981
0 1 73982
0 1 73984
0 1 73988
0 1 73990
0 1 73995
0 1 73997
0 1 73999
0 1 74000
0 1 74001
0 1 74002
0 1 74007
0 1 74009
0 1 74011
0 1 74014
0 1 74015
0 1 74024
0 1 74027
0 1 74029
0 1 74031
0 1 74032
0 1 74035
0 1 74036
0 1 74038
0 1 74040
0 1 74051
0 1 74053
0 1 74055
0 1 74056
0 1 74059
0 1 74060
0 1 74061
0 1 74062
0 1 74066
0 1 74069
0 1 74071
0 1 74073
0 1 74074
0 1 74077
0 1 74084
0 1 74086
0 1 74087
0 1 74092
0 1 74097
0 1 74099
0 1 74100
0 1 74102
0 1 74103
0 1 74105
0 1 74106
0 1 74113
0 1 74114
0 1 74115
0 1 74117
0 1 74120
0 1 74128
0 1 74129
0 1 74132
0 1 74133
0 1 74134
0 1 74136
0 1 74146
0 1 74148
0 1 74150
0 1 74152
0 1 74153
0 1 74154
0 1 74160
0 1 74161
0 1 74165
0 1 74169
0 1 74172
0 1 74174
0 1 74175
0 1 74177
0 1 74178
0 1 74181
0 1 74182
0 1 74185
0 1 74186
0 1 74187
0 1 74188
0 1 74194
0 1 74197
0 1 74198
0 1 74201
0 1 74205
0 1 74206
0 1 74207
0 1 74209
0 1 74213
0 1 74216
0 1 74217
0 1 74219
0 1 74224
0 1 74232
0 1 74233
0 1 74234
0 1 74236
0 1 74238
0 1 74240
0 1 74241
0 1 74243
0 1 74244
0 1 74247
0 1 74248
0 1 74256
0 1 74266
0 1 74267
0 1 74268
0 1 74269
0 1 74271
0 1 74274
0 1 74278
0 1 74279
0 1 74281
0 1 74282
0 1 74283
0 1 74285
0 1 74286
0 1 74287
0 1 74288
0 1 74289
0 1 74290
0 1 74292
0 1 74294
0 1 74295
0 1 74297
0 1 74300
0 1 74302
0 1 74305
0 1 74310
0 1 74311
0 1 74313
0 1 74318
0 1 74319
0 1 74321
0 1 74324
0 1 74328
0 1 74332
0 1 74334
0 1 74336
0 1 74339
0 1 74341
0 1 74342
0 1 74344
0 1 74348
0 1 74350
0 1 74351
0 1 74353
0 1 74355
0 1 74356
0 1 74359
0 1 74360
0 1 74361
0 1 74368
0 1 74369
0 1 74371
0 1 74372
0 1 74373
0 1 74374
0 1 74376
0 1 74379
0 1 74380
0 1 74381
0 1 74382
0 1 74384
0 1 74385
0 1 74389
0 1 74390
0 1 74394
0 1 74396
0 1 74397
0 1 74399
0 1 74400
0 1 74402
0 1 74404
0 1 74406
0 1 74411
0 1 74413
0 1 74414
0 1 74415
0 1 74423
0 1 74424
0 1 74426
0 1 74427
0 1 74429
0 1 74430
0 1 74431
0 1 74432
0 1 74436
0 1 74440
0 1 74441
0 1 74445
0 1 74446
0 1 74449
0 1 74451
0 1 74452
0 1 74453
0 1 74455
0 1 74458
0 1 74459
0 1 74460
0 1 74466
0 1 74467
0 1 74470
0 1 74472
0 1 74473
0 1 74475
0 1 74481
0 1 74485
0 1 74489
0 1 74490
0 1 74491
0 1 74494
0 1 74497
0 1 74498
0 1 74499
0 1 74505
0 1 74506
0 1 74510
0 1 74512
0 1 74517
0 1 74521
0 1 74522
0 1 74525
0 1 74527
0 1 74528
0 1 74532
0 1 74533
0 1 74534
0 1 74538
0 1 74542
0 1 74544
0 1 74546
0 1 74547
0 1 74549
0 1 74550
0 1 74553
0 1 74555
0 1 74556
0 1 74557
0 1 74560
0 1 74561
0 1 74563
0 1 74566
0 1 74567
0 1 74568
0 1 74572
0 1 74573
0 1 74578
0 1 74580
0 1 74581
0 1 74583
0 1 74584
0 1 74586
0 1 74589
0 1 74590
0 1 74594
0 1 74595
0 1 74597
0 1 74598
0 1 74600
0 1 74601
0 1 74602
0 1 74604
0 1 74606
0 1 74607
0 1 74610
0 1 74614
0 1 74615
0 1 74616
0 1 74617
0 1 74620
0 1 74631
0 1 74634
0 1 74635
0 1 74636
0 1 74637
0 1 74641
0 1 74644
0 1 74646
0 1 74648
0 1 74653
0 1 74654
0 1 74655
0 1 74660
0 1 74661
0 1 74662
0 1 74665
0 1 74667
0 1 74668
0 1 74671
0 1 74674
0 1 74675
0 1 74678
0 1 74680
0 1 74684
0 1 74686
0 1 74687
0 1 74690
0 1 74695
0 1 74696
0 1 74697
0 1 74701
0 1 74705
0 1 74707
0 1 74712
0 1 74715
0 1 74717
0 1 74718
0 1 74723
0 1 74727
0 1 74728
0 1 74730
0 1 74732
0 1 74734
0 1 74736
0 1 74741
0 1 74750
0 1 74754
0 1 74755
0 1 74758
0 1 74761
0 1 74762
0 1 74763
0 1 74765
0 1 74769
0 1 74770
0 1 74772
0 1 74775
0 1 74777
0 1 74778
0 1 74779
0 1 74780
0 1 74783
0 1 74790
0 1 74796
0 1 74801
0 1 74802
0 1 74803
0 1 74805
0 1 74810
0 1 74814
0 1 74820
0 1 74821
0 1 74823
0 1 74828
0 1 74830
0 1 74833
0 1 74840
0 1 74844
0 1 74845
0 1 74846
0 1 74847
0 1 74849
0 1 74854
0 1 74857
0 1 74861
0 1 74863
0 1 74868
0 1 74875
0 1 74876
0 1 74877
0 1 74882
0 1 74890
0 1 74891
0 1 74892
0 1 74894
0 1 74897
0 1 74899
0 1 74906
0 1 74912
0 1 74914
0 1 74918
0 1 74919
0 1 74921
0 1 74923
0 1 74929
0 1 74935
0 1 74936
0 1 74940
0 1 74942
0 1 74944
0 1 74948
0 1 74952
0 1 74954
0 1 74955
0 1 74960
0 1 74961
0 1 74962
0 1 74970
0 1 74972
0 1 74973
0 1 74976
0 1 74983
0 1 74987
0 1 74990
0 1 74991
0 1 74995
0 1 74998
0 1 74999
0 1 75000
0 1 75001
0 1 75004
0 1 75005
0 1 75009
0 1 75011
0 1 75012
0 1 75015
0 1 75016
0 1 75017
0 1 75019
0 1 75020
0 1 75021
0 1 75024
0 1 75026
0 1 75030
0 1 75032
0 1 75034
0 1 75039
0 1 75042
0 1 75043
0 1 75046
0 1 75051
0 1 75052
0 1 75056
0 1 75057
0 1 75059
0 1 75061
0 1 75063
0 1 75066
0 1 75069
0 1 75071
0 1 75072
0 1 75078
0 1 75079
0 1 75081
0 1 75084
0 1 75089
0 1 75090
0 1 75091
0 1 75094
0 1 75095
0 1 75097
0 1 75102
0 1 75110
0 1 75113
0 1 75116
0 1 75117
0 1 75119
0 1 75120
0 1 75121
0 1 75123
0 1 75131
0 1 75132
0 1 75133
0 1 75135
0 1 75139
0 1 75145
0 1 75148
0 1 75150
0 1 75157
0 1 75159
0 1 75161
0 1 75162
0 1 75164
0 1 75165
0 1 75166
0 1 75167
0 1 75169
0 1 75170
0 1 75171
0 1 75172
0 1 75175
0 1 75178
0 1 75186
0 1 75190
0 1 75191
0 1 75192
0 1 75194
0 1 75195
0 1 75197
0 1 75198
0 1 75199
0 1 75200
0 1 75201
0 1 75203
0 1 75206
0 1 75210
0 1 75212
0 1 75214
0 1 75216
0 1 75217
0 1 75219
0 1 75222
0 1 75225
0 1 75232
0 1 75237
0 1 75239
0 1 75242
0 1 75246
0 1 75252
0 1 75253
0 1 75255
0 1 75258
0 1 75261
0 1 75262
0 1 75264
0 1 75266
0 1 75267
0 1 75268
0 1 75270
0 1 75271
0 1 75272
0 1 75274
0 1 75282
0 1 75285
0 1 75287
0 1 75290
0 1 75292
0 1 75294
0 1 75295
0 1 75296
0 1 75299
0 1 75301
0 1 75305
0 1 75307
0 1 75308
0 1 75309
0 1 75311
0 1 75313
0 1 75315
0 1 75317
0 1 75318
0 1 75320
0 1 75327
0 1 75329
0 1 75331
0 1 75336
0 1 75338
0 1 75339
0 1 75346
0 1 75347
0 1 75350
0 1 75354
0 1 75358
0 1 75365
0 1 75369
0 1 75371
0 1 75373
0 1 75374
0 1 75375
0 1 75376
0 1 75377
0 1 75380
0 1 75382
0 1 75384
0 1 75386
0 1 75389
0 1 75390
0 1 75391
0 1 75397
0 1 75398
0 1 75400
0 1 75402
0 1 75403
0 1 75404
0 1 75406
0 1 75408
0 1 75416
0 1 75424
0 1 75426
0 1 75431
0 1 75435
0 1 75436
0 1 75437
0 1 75443
0 1 75446
0 1 75447
0 1 75448
0 1 75449
0 1 75450
0 1 75452
0 1 75460
0 1 75461
0 1 75462
0 1 75465
0 1 75468
0 1 75469
0 1 75470
0 1 75475
0 1 75476
0 1 75477
0 1 75481
0 1 75485
0 1 75487
0 1 75493
0 1 75496
0 1 75498
0 1 75505
0 1 75508
0 1 75509
0 1 75516
0 1 75520
0 1 75521
0 1 75525
0 1 75529
0 1 75531
0 1 75540
0 1 75542
0 1 75543
0 1 75545
0 1 75546
0 1 75547
0 1 75548
0 1 75552
0 1 75554
0 1 75558
0 1 75566
0 1 75570
0 1 75576
0 1 75577
0 1 75578
0 1 75579
0 1 75581
0 1 75582
0 1 75586
0 1 75588
0 1 75590
0 1 75593
0 1 75597
0 1 75599
0 1 75601
0 1 75602
0 1 75605
0 1 75606
0 1 75607
0 1 75608
0 1 75611
0 1 75612
0 1 75617
0 1 75620
0 1 75621
0 1 75623
0 1 75625
0 1 75626
0 1 75627
0 1 75632
0 1 75638
0 1 75640
0 1 75641
0 1 75645
0 1 75646
0 1 75649
0 1 75651
0 1 75653
0 1 75656
0 1 75658
0 1 75664
0 1 75665
0 1 75673
0 1 75674
0 1 75675
0 1 75677
0 1 75684
0 1 75687
0 1 75693
0 1 75696
0 1 75697
0 1 75698
0 1 75699
0 1 75701
0 1 75702
0 1 75705
0 1 75709
0 1 75713
0 1 75715
0 1 75717
0 1 75718
0 1 75719
0 1 75721
0 1 75722
0 1 75723
0 1 75724
0 1 75729
0 1 75736
0 1 75741
0 1 75742
0 1 75743
0 1 75745
0 1 75746
0 1 75750
0 1 75756
0 1 75758
0 1 75759
0 1 75761
0 1 75763
0 1 75766
0 1 75767
0 1 75768
0 1 75770
0 1 75771
0 1 75772
0 1 75775
0 1 75780
0 1 75781
0 1 75782
0 1 75786
0 1 75787
0 1 75789
0 1 75791
0 1 75792
0 1 75795
0 1 75797
0 1 75798
0 1 75799
0 1 75800
0 1 75802
0 1 75803
0 1 75804
0 1 75806
0 1 75812
0 1 75813
0 1 75816
0 1 75818
0 1 75822
0 1 75823
0 1 75825
0 1 75826
0 1 75831
0 1 75835
0 1 75837
0 1 75842
0 1 75843
0 1 75844
0 1 75845
0 1 75851
0 1 75852
0 1 75853
0 1 75854
0 1 75855
0 1 75861
0 1 75862
0 1 75866
0 1 75867
0 1 75870
0 1 75875
0 1 75876
0 1 75879
0 1 75880
0 1 75882
0 1 75883
0 1 75884
0 1 75891
0 1 75892
0 1 75893
0 1 75895
0 1 75897
0 1 75900
0 1 75903
0 1 75906
0 1 75908
0 1 75909
0 1 75910
0 1 75911
0 1 75913
0 1 75914
0 1 75915
0 1 75923
0 1 75926
0 1 75927
0 1 75932
0 1 75940
0 1 75942
0 1 75943
0 1 75947
0 1 75949
0 1 75950
0 1 75951
0 1 75952
0 1 75953
0 1 75954
0 1 75958
0 1 75959
0 1 75963
0 1 75964
0 1 75965
0 1 75968
0 1 75969
0 1 75971
0 1 75972
0 1 75973
0 1 75976
0 1 75980
0 1 75982
0 1 75986
0 1 75988
0 1 75990
0 1 76000
0 1 76001
0 1 76007
0 1 76009
0 1 76010
0 1 76014
0 1 76017
0 1 76019
0 1 76028
0 1 76031
0 1 76033
0 1 76036
0 1 76037
0 1 76039
0 1 76041
0 1 76042
0 1 76044
0 1 76046
0 1 76047
0 1 76051
0 1 76052
0 1 76053
0 1 76055
0 1 76056
0 1 76057
0 1 76061
0 1 76064
0 1 76076
0 1 76079
0 1 76080
0 1 76082
0 1 76083
0 1 76084
0 1 76085
0 1 76091
0 1 76092
0 1 76094
0 1 76098
0 1 76103
0 1 76109
0 1 76115
0 1 76116
0 1 76118
0 1 76119
0 1 76123
0 1 76124
0 1 76126
0 1 76130
0 1 76133
0 1 76136
0 1 76140
0 1 76142
0 1 76143
0 1 76144
0 1 76149
0 1 76153
0 1 76154
0 1 76158
0 1 76162
0 1 76163
0 1 76164
0 1 76165
0 1 76166
0 1 76168
0 1 76170
0 1 76176
0 1 76179
0 1 76183
0 1 76188
0 1 76189
0 1 76190
0 1 76191
0 1 76192
0 1 76197
0 1 76198
0 1 76199
0 1 76201
0 1 76203
0 1 76207
0 1 76213
0 1 76214
0 1 76215
0 1 76216
0 1 76217
0 1 76218
0 1 76219
0 1 76220
0 1 76221
0 1 76222
0 1 76223
0 1 76227
0 1 76229
0 1 76230
0 1 76231
0 1 76232
0 1 76241
0 1 76242
0 1 76243
0 1 76245
0 1 76247
0 1 76248
0 1 76252
0 1 76254
0 1 76255
0 1 76260
0 1 76261
0 1 76266
0 1 76267
0 1 76268
0 1 76273
0 1 76276
0 1 76278
0 1 76279
0 1 76283
0 1 76292
0 1 76294
0 1 76295
0 1 76297
0 1 76298
0 1 76300
0 1 76303
0 1 76305
0 1 76306
0 1 76308
0 1 76309
0 1 76310
0 1 76314
0 1 76317
0 1 76318
0 1 76323
0 1 76324
0 1 76330
0 1 76335
0 1 76336
0 1 76340
0 1 76341
0 1 76342
0 1 76344
0 1 76345
0 1 76346
0 1 76347
0 1 76348
0 1 76349
0 1 76351
0 1 76352
0 1 76353
0 1 76358
0 1 76360
0 1 76362
0 1 76363
0 1 76364
0 1 76365
0 1 76367
0 1 76369
0 1 76370
0 1 76374
0 1 76377
0 1 76381
0 1 76384
0 1 76388
0 1 76391
0 1 76394
0 1 76396
0 1 76401
0 1 76404
0 1 76405
0 1 76406
0 1 76409
0 1 76411
0 1 76415
0 1 76419
0 1 76425
0 1 76426
0 1 76427
0 1 76428
0 1 76435
0 1 76436
0 1 76440
0 1 76444
0 1 76445
0 1 76447
0 1 76451
0 1 76454
0 1 76455
0 1 76456
0 1 76457
0 1 76459
0 1 76463
0 1 76464
0 1 76469
0 1 76470
0 1 76472
0 1 76477
0 1 76482
0 1 76483
0 1 76486
0 1 76488
0 1 76493
0 1 76494
0 1 76495
0 1 76498
0 1 76502
0 1 76503
0 1 76504
0 1 76505
0 1 76506
0 1 76507
0 1 76510
0 1 76513
0 1 76515
0 1 76516
0 1 76520
0 1 76524
0 1 76528
0 1 76529
0 1 76530
0 1 76535
0 1 76536
0 1 76539
0 1 76540
0 1 76541
0 1 76542
0 1 76543
0 1 76545
0 1 76546
0 1 76547
0 1 76549
0 1 76550
0 1 76556
0 1 76558
0 1 76560
0 1 76563
0 1 76565
0 1 76567
0 1 76574
0 1 76576
0 1 76577
0 1 76578
0 1 76580
0 1 76583
0 1 76584
0 1 76585
0 1 76590
0 1 76591
0 1 76598
0 1 76599
0 1 76600
0 1 76601
0 1 76603
0 1 76606
0 1 76608
0 1 76609
0 1 76610
0 1 76611
0 1 76612
0 1 76622
0 1 76623
0 1 76624
0 1 76625
0 1 76627
0 1 76629
0 1 76631
0 1 76635
0 1 76636
0 1 76643
0 1 76646
0 1 76648
0 1 76653
0 1 76654
0 1 76663
0 1 76666
0 1 76669
0 1 76671
0 1 76674
0 1 76676
0 1 76679
0 1 76680
0 1 76681
0 1 76689
0 1 76693
0 1 76694
0 1 76695
0 1 76697
0 1 76699
0 1 76703
0 1 76706
0 1 76711
0 1 76713
0 1 76714
0 1 76716
0 1 76718
0 1 76721
0 1 76724
0 1 76726
0 1 76728
0 1 76729
0 1 76731
0 1 76734
0 1 76736
0 1 76738
0 1 76740
0 1 76741
0 1 76743
0 1 76744
0 1 76745
0 1 76746
0 1 76748
0 1 76749
0 1 76757
0 1 76759
0 1 76762
0 1 76767
0 1 76771
0 1 76772
0 1 76773
0 1 76774
0 1 76776
0 1 76778
0 1 76779
0 1 76780
0 1 76792
0 1 76794
0 1 76796
0 1 76798
0 1 76802
0 1 76804
0 1 76806
0 1 76807
0 1 76810
0 1 76815
0 1 76816
0 1 76818
0 1 76823
0 1 76824
0 1 76825
0 1 76832
0 1 76835
0 1 76838
0 1 76839
0 1 76840
0 1 76842
0 1 76844
0 1 76846
0 1 76853
0 1 76854
0 1 76857
0 1 76860
0 1 76863
0 1 76864
0 1 76868
0 1 76871
0 1 76874
0 1 76875
0 1 76878
0 1 76880
0 1 76886
0 1 76890
0 1 76891
0 1 76894
0 1 76897
0 1 76899
0 1 76900
0 1 76902
0 1 76904
0 1 76906
0 1 76908
0 1 76909
0 1 76910
0 1 76917
0 1 76923
0 1 76924
0 1 76925
0 1 76929
0 1 76931
0 1 76939
0 1 76940
0 1 76941
0 1 76951
0 1 76956
0 1 76959
0 1 76960
0 1 76961
0 1 76962
0 1 76965
0 1 76967
0 1 76970
0 1 76974
0 1 76978
0 1 76979
0 1 76980
0 1 76982
0 1 76983
0 1 76984
0 1 76985
0 1 76987
0 1 76990
0 1 76993
0 1 76994
0 1 76996
0 1 77000
0 1 77001
0 1 77002
0 1 77003
0 1 77007
0 1 77009
0 1 77010
0 1 77014
0 1 77015
0 1 77016
0 1 77017
0 1 77022
0 1 77027
0 1 77035
0 1 77047
0 1 77054
0 1 77055
0 1 77060
0 1 77062
0 1 77066
0 1 77067
0 1 77068
0 1 77069
0 1 77073
0 1 77076
0 1 77080
0 1 77081
0 1 77085
0 1 77089
0 1 77091
0 1 77097
0 1 77099
0 1 77103
0 1 77105
0 1 77107
0 1 77117
0 1 77118
0 1 77120
0 1 77121
0 1 77122
0 1 77128
0 1 77129
0 1 77131
0 1 77132
0 1 77133
0 1 77134
0 1 77135
0 1 77136
0 1 77141
0 1 77142
0 1 77143
0 1 77144
0 1 77145
0 1 77146
0 1 77149
0 1 77153
0 1 77154
0 1 77156
0 1 77157
0 1 77158
0 1 77161
0 1 77162
0 1 77164
0 1 77165
0 1 77166
0 1 77170
0 1 77173
0 1 77175
0 1 77176
0 1 77180
0 1 77181
0 1 77183
0 1 77185
0 1 77189
0 1 77190
0 1 77198
0 1 77201
0 1 77202
0 1 77203
0 1 77208
0 1 77212
0 1 77215
0 1 77217
0 1 77218
0 1 77222
0 1 77226
0 1 77229
0 1 77232
0 1 77233
0 1 77234
0 1 77235
0 1 77236
0 1 77239
0 1 77240
0 1 77242
0 1 77243
0 1 77244
0 1 77245
0 1 77246
0 1 77248
0 1 77249
0 1 77250
0 1 77252
0 1 77253
0 1 77256
0 1 77257
0 1 77258
0 1 77266
0 1 77269
0 1 77271
0 1 77272
0 1 77273
0 1 77274
0 1 77276
0 1 77277
0 1 77278
0 1 77284
0 1 77285
0 1 77292
0 1 77294
0 1 77298
0 1 77302
0 1 77306
0 1 77312
0 1 77313
0 1 77314
0 1 77316
0 1 77325
0 1 77326
0 1 77331
0 1 77332
0 1 77333
0 1 77334
0 1 77335
0 1 77337
0 1 77338
0 1 77340
0 1 77341
0 1 77342
0 1 77344
0 1 77345
0 1 77352
0 1 77353
0 1 77354
0 1 77356
0 1 77361
0 1 77362
0 1 77363
0 1 77365
0 1 77367
0 1 77369
0 1 77376
0 1 77379
0 1 77382
0 1 77384
0 1 77386
0 1 77387
0 1 77388
0 1 77391
0 1 77393
0 1 77394
0 1 77397
0 1 77398
0 1 77399
0 1 77404
0 1 77406
0 1 77408
0 1 77409
0 1 77420
0 1 77421
0 1 77423
0 1 77429
0 1 77432
0 1 77434
0 1 77435
0 1 77440
0 1 77442
0 1 77445
0 1 77446
0 1 77447
0 1 77448
0 1 77453
0 1 77455
0 1 77463
0 1 77465
0 1 77466
0 1 77468
0 1 77469
0 1 77470
0 1 77471
0 1 77474
0 1 77475
0 1 77477
0 1 77480
0 1 77481
0 1 77483
0 1 77484
0 1 77485
0 1 77486
0 1 77488
0 1 77493
0 1 77494
0 1 77495
0 1 77496
0 1 77503
0 1 77504
0 1 77505
0 1 77506
0 1 77508
0 1 77510
0 1 77511
0 1 77513
0 1 77515
0 1 77517
0 1 77519
0 1 77523
0 1 77526
0 1 77531
0 1 77534
0 1 77536
0 1 77537
0 1 77538
0 1 77543
0 1 77548
0 1 77549
0 1 77550
0 1 77553
0 1 77555
0 1 77556
0 1 77559
0 1 77565
0 1 77569
0 1 77570
0 1 77573
0 1 77575
0 1 77576
0 1 77577
0 1 77582
0 1 77585
0 1 77586
0 1 77588
0 1 77590
0 1 77592
0 1 77595
0 1 77600
0 1 77601
0 1 77602
0 1 77604
0 1 77607
0 1 77611
0 1 77615
0 1 77616
0 1 77619
0 1 77621
0 1 77622
0 1 77624
0 1 77625
0 1 77630
0 1 77631
0 1 77634
0 1 77635
0 1 77638
0 1 77640
0 1 77642
0 1 77645
0 1 77649
0 1 77652
0 1 77654
0 1 77655
0 1 77658
0 1 77659
0 1 77660
0 1 77661
0 1 77663
0 1 77664
0 1 77675
0 1 77677
0 1 77689
0 1 77694
0 1 77700
0 1 77701
0 1 77703
0 1 77706
0 1 77707
0 1 77716
0 1 77719
0 1 77722
0 1 77723
0 1 77724
0 1 77726
0 1 77727
0 1 77728
0 1 77730
0 1 77732
0 1 77735
0 1 77737
0 1 77738
0 1 77740
0 1 77744
0 1 77746
0 1 77748
0 1 77753
0 1 77754
0 1 77755
0 1 77757
0 1 77760
0 1 77763
0 1 77764
0 1 77765
0 1 77769
0 1 77771
0 1 77777
0 1 77779
0 1 77783
0 1 77784
0 1 77790
0 1 77791
0 1 77792
0 1 77795
0 1 77797
0 1 77798
0 1 77799
0 1 77804
0 1 77806
0 1 77808
0 1 77813
0 1 77814
0 1 77815
0 1 77816
0 1 77818
0 1 77819
0 1 77821
0 1 77823
0 1 77824
0 1 77827
0 1 77829
0 1 77831
0 1 77832
0 1 77833
0 1 77840
0 1 77841
0 1 77846
0 1 77854
0 1 77856
0 1 77859
0 1 77862
0 1 77866
0 1 77871
0 1 77875
0 1 77876
0 1 77883
0 1 77884
0 1 77889
0 1 77891
0 1 77893
0 1 77896
0 1 77902
0 1 77908
0 1 77915
0 1 77916
0 1 77917
0 1 77918
0 1 77922
0 1 77927
0 1 77928
0 1 77934
0 1 77935
0 1 77936
0 1 77937
0 1 77938
0 1 77941
0 1 77944
0 1 77945
0 1 77953
0 1 77955
0 1 77957
0 1 77958
0 1 77960
0 1 77963
0 1 77964
0 1 77976
0 1 77984
0 1 77987
0 1 77989
0 1 77990
0 1 77992
0 1 77993
0 1 77996
0 1 77998
0 1 77999
0 1 78002
0 1 78003
0 1 78005
0 1 78009
0 1 78014
0 1 78015
0 1 78016
0 1 78017
0 1 78021
0 1 78022
0 1 78025
0 1 78026
0 1 78027
0 1 78031
0 1 78037
0 1 78039
0 1 78040
0 1 78042
0 1 78044
0 1 78045
0 1 78054
0 1 78055
0 1 78057
0 1 78058
0 1 78060
0 1 78071
0 1 78072
0 1 78073
0 1 78074
0 1 78076
0 1 78079
0 1 78085
0 1 78086
0 1 78087
0 1 78090
0 1 78091
0 1 78094
0 1 78097
0 1 78098
0 1 78102
0 1 78106
0 1 78110
0 1 78114
0 1 78116
0 1 78117
0 1 78118
0 1 78119
0 1 78120
0 1 78121
0 1 78122
0 1 78123
0 1 78124
0 1 78125
0 1 78128
0 1 78129
0 1 78131
0 1 78133
0 1 78137
0 1 78138
0 1 78140
0 1 78142
0 1 78147
0 1 78151
0 1 78153
0 1 78155
0 1 78162
0 1 78173
0 1 78175
0 1 78176
0 1 78177
0 1 78179
0 1 78182
0 1 78184
0 1 78187
0 1 78189
0 1 78194
0 1 78196
0 1 78197
0 1 78200
0 1 78202
0 1 78204
0 1 78205
0 1 78207
0 1 78209
0 1 78212
0 1 78213
0 1 78216
0 1 78217
0 1 78221
0 1 78225
0 1 78226
0 1 78227
0 1 78228
0 1 78234
0 1 78238
0 1 78242
0 1 78244
0 1 78245
0 1 78246
0 1 78254
0 1 78255
0 1 78257
0 1 78258
0 1 78260
0 1 78261
0 1 78264
0 1 78265
0 1 78270
0 1 78273
0 1 78274
0 1 78275
0 1 78277
0 1 78278
0 1 78282
0 1 78283
0 1 78284
0 1 78285
0 1 78287
0 1 78289
0 1 78293
0 1 78294
0 1 78295
0 1 78305
0 1 78307
0 1 78308
0 1 78310
0 1 78311
0 1 78313
0 1 78315
0 1 78316
0 1 78323
0 1 78326
0 1 78327
0 1 78332
0 1 78337
0 1 78340
0 1 78341
0 1 78343
0 1 78347
0 1 78355
0 1 78362
0 1 78364
0 1 78366
0 1 78368
0 1 78371
0 1 78372
0 1 78373
0 1 78375
0 1 78377
0 1 78378
0 1 78380
0 1 78381
0 1 78382
0 1 78385
0 1 78387
0 1 78390
0 1 78394
0 1 78396
0 1 78398
0 1 78401
0 1 78405
0 1 78406
0 1 78409
0 1 78413
0 1 78414
0 1 78415
0 1 78416
0 1 78418
0 1 78420
0 1 78421
0 1 78424
0 1 78425
0 1 78426
0 1 78427
0 1 78429
0 1 78430
0 1 78434
0 1 78438
0 1 78439
0 1 78445
0 1 78446
0 1 78451
0 1 78452
0 1 78454
0 1 78456
0 1 78457
0 1 78459
0 1 78464
0 1 78470
0 1 78472
0 1 78484
0 1 78486
0 1 78488
0 1 78490
0 1 78493
0 1 78494
0 1 78495
0 1 78496
0 1 78497
0 1 78498
0 1 78501
0 1 78502
0 1 78505
0 1 78506
0 1 78507
0 1 78508
0 1 78510
0 1 78511
0 1 78515
0 1 78516
0 1 78517
0 1 78519
0 1 78520
0 1 78522
0 1 78523
0 1 78525
0 1 78529
0 1 78530
0 1 78532
0 1 78533
0 1 78534
0 1 78538
0 1 78543
0 1 78547
0 1 78549
0 1 78551
0 1 78552
0 1 78555
0 1 78556
0 1 78558
0 1 78561
0 1 78567
0 1 78568
0 1 78570
0 1 78577
0 1 78578
0 1 78582
0 1 78583
0 1 78585
0 1 78587
0 1 78589
0 1 78590
0 1 78592
0 1 78593
0 1 78594
0 1 78595
0 1 78598
0 1 78599
0 1 78601
0 1 78603
0 1 78610
0 1 78611
0 1 78613
0 1 78614
0 1 78616
0 1 78620
0 1 78623
0 1 78629
0 1 78634
0 1 78638
0 1 78642
0 1 78646
0 1 78648
0 1 78649
0 1 78651
0 1 78652
0 1 78654
0 1 78657
0 1 78660
0 1 78661
0 1 78663
0 1 78665
0 1 78668
0 1 78670
0 1 78671
0 1 78674
0 1 78677
0 1 78679
0 1 78680
0 1 78686
0 1 78688
0 1 78689
0 1 78691
0 1 78696
0 1 78701
0 1 78703
0 1 78704
0 1 78705
0 1 78708
0 1 78709
0 1 78715
0 1 78717
0 1 78718
0 1 78722
0 1 78725
0 1 78726
0 1 78727
0 1 78728
0 1 78729
0 1 78735
0 1 78736
0 1 78740
0 1 78741
0 1 78745
0 1 78746
0 1 78748
0 1 78749
0 1 78753
0 1 78754
0 1 78755
0 1 78756
0 1 78760
0 1 78762
0 1 78763
0 1 78764
0 1 78767
0 1 78770
0 1 78771
0 1 78773
0 1 78776
0 1 78778
0 1 78779
0 1 78780
0 1 78783
0 1 78786
0 1 78787
0 1 78789
0 1 78791
0 1 78793
0 1 78795
0 1 78797
0 1 78799
0 1 78800
0 1 78801
0 1 78803
0 1 78804
0 1 78808
0 1 78810
0 1 78814
0 1 78815
0 1 78818
0 1 78819
0 1 78821
0 1 78823
0 1 78825
0 1 78830
0 1 78831
0 1 78835
0 1 78837
0 1 78839
0 1 78840
0 1 78841
0 1 78844
0 1 78845
0 1 78847
0 1 78849
0 1 78853
0 1 78855
0 1 78865
0 1 78866
0 1 78868
0 1 78873
0 1 78874
0 1 78877
0 1 78878
0 1 78879
0 1 78880
0 1 78887
0 1 78889
0 1 78890
0 1 78894
0 1 78896
0 1 78903
0 1 78907
0 1 78908
0 1 78909
0 1 78910
0 1 78913
0 1 78919
0 1 78921
0 1 78922
0 1 78924
0 1 78925
0 1 78928
0 1 78929
0 1 78935
0 1 78938
0 1 78943
0 1 78944
0 1 78947
0 1 78948
0 1 78950
0 1 78951
0 1 78952
0 1 78955
0 1 78957
0 1 78958
0 1 78962
0 1 78965
0 1 78966
0 1 78968
0 1 78969
0 1 78973
0 1 78975
0 1 78977
0 1 78978
0 1 78979
0 1 78981
0 1 78982
0 1 78984
0 1 78985
0 1 78992
0 1 78993
0 1 78997
0 1 79000
0 1 79002
0 1 79004
0 1 79009
0 1 79011
0 1 79016
0 1 79020
0 1 79022
0 1 79025
0 1 79026
0 1 79027
0 1 79028
0 1 79032
0 1 79038
0 1 79039
0 1 79041
0 1 79042
0 1 79046
0 1 79048
0 1 79051
0 1 79055
0 1 79056
0 1 79060
0 1 79063
0 1 79065
0 1 79066
0 1 79070
0 1 79074
0 1 79079
0 1 79080
0 1 79084
0 1 79086
0 1 79087
0 1 79090
0 1 79092
0 1 79099
0 1 79100
0 1 79102
0 1 79104
0 1 79105
0 1 79107
0 1 79115
0 1 79118
0 1 79120
0 1 79124
0 1 79130
0 1 79135
0 1 79136
0 1 79141
0 1 79143
0 1 79146
0 1 79147
0 1 79150
0 1 79152
0 1 79155
0 1 79158
0 1 79168
0 1 79170
0 1 79172
0 1 79174
0 1 79178
0 1 79179
0 1 79183
0 1 79184
0 1 79185
0 1 79187
0 1 79189
0 1 79190
0 1 79192
0 1 79197
0 1 79201
0 1 79202
0 1 79204
0 1 79205
0 1 79206
0 1 79209
0 1 79210
0 1 79211
0 1 79212
0 1 79213
0 1 79217
0 1 79218
0 1 79222
0 1 79244
0 1 79250
0 1 79251
0 1 79252
0 1 79255
0 1 79257
0 1 79258
0 1 79260
0 1 79261
0 1 79263
0 1 79265
0 1 79267
0 1 79268
0 1 79270
0 1 79271
0 1 79273
0 1 79275
0 1 79276
0 1 79277
0 1 79280
0 1 79281
0 1 79285
0 1 79287
0 1 79291
0 1 79292
0 1 79294
0 1 79296
0 1 79297
0 1 79302
0 1 79306
0 1 79308
0 1 79309
0 1 79311
0 1 79312
0 1 79319
0 1 79320
0 1 79321
0 1 79323
0 1 79324
0 1 79326
0 1 79331
0 1 79333
0 1 79339
0 1 79343
0 1 79344
0 1 79346
0 1 79352
0 1 79355
0 1 79358
0 1 79361
0 1 79362
0 1 79364
0 1 79365
0 1 79368
0 1 79369
0 1 79372
0 1 79373
0 1 79375
0 1 79380
0 1 79382
0 1 79385
0 1 79387
0 1 79390
0 1 79391
0 1 79392
0 1 79393
0 1 79397
0 1 79398
0 1 79402
0 1 79406
0 1 79407
0 1 79411
0 1 79412
0 1 79416
0 1 79420
0 1 79421
0 1 79422
0 1 79429
0 1 79432
0 1 79433
0 1 79438
0 1 79444
0 1 79446
0 1 79449
0 1 79451
0 1 79453
0 1 79456
0 1 79457
0 1 79460
0 1 79465
0 1 79469
0 1 79470
0 1 79471
0 1 79477
0 1 79480
0 1 79483
0 1 79486
0 1 79488
0 1 79489
0 1 79490
0 1 79492
0 1 79493
0 1 79496
0 1 79498
0 1 79500
0 1 79501
0 1 79503
0 1 79506
0 1 79509
0 1 79510
0 1 79515
0 1 79516
0 1 79517
0 1 79525
0 1 79526
0 1 79528
0 1 79529
0 1 79531
0 1 79536
0 1 79539
0 1 79540
0 1 79544
0 1 79547
0 1 79548
0 1 79554
0 1 79555
0 1 79558
0 1 79559
0 1 79562
0 1 79563
0 1 79569
0 1 79571
0 1 79572
0 1 79573
0 1 79576
0 1 79582
0 1 79588
0 1 79593
0 1 79594
0 1 79595
0 1 79601
0 1 79604
0 1 79605
0 1 79609
0 1 79610
0 1 79611
0 1 79616
0 1 79622
0 1 79627
0 1 79632
0 1 79634
0 1 79636
0 1 79638
0 1 79641
0 1 79642
0 1 79644
0 1 79648
0 1 79649
0 1 79651
0 1 79652
0 1 79654
0 1 79657
0 1 79658
0 1 79659
0 1 79660
0 1 79661
0 1 79664
0 1 79668
0 1 79669
0 1 79674
0 1 79676
0 1 79678
0 1 79679
0 1 79680
0 1 79683
0 1 79685
0 1 79686
0 1 79690
0 1 79691
0 1 79696
0 1 79698
0 1 79702
0 1 79703
0 1 79705
0 1 79706
0 1 79712
0 1 79714
0 1 79718
0 1 79719
0 1 79720
0 1 79722
0 1 79723
0 1 79724
0 1 79729
0 1 79730
0 1 79731
0 1 79732
0 1 79735
0 1 79743
0 1 79746
0 1 79751
0 1 79752
0 1 79754
0 1 79756
0 1 79757
0 1 79759
0 1 79761
0 1 79762
0 1 79764
0 1 79767
0 1 79770
0 1 79773
0 1 79776
0 1 79778
0 1 79780
0 1 79781
0 1 79785
0 1 79786
0 1 79787
0 1 79789
0 1 79790
0 1 79792
0 1 79795
0 1 79796
0 1 79798
0 1 79801
0 1 79803
0 1 79808
0 1 79810
0 1 79811
0 1 79814
0 1 79818
0 1 79820
0 1 79821
0 1 79823
0 1 79829
0 1 79831
0 1 79833
0 1 79834
0 1 79835
0 1 79838
0 1 79840
0 1 79841
0 1 79846
0 1 79852
0 1 79853
0 1 79855
0 1 79864
0 1 79866
0 1 79868
0 1 79871
0 1 79872
0 1 79874
0 1 79875
0 1 79876
0 1 79883
0 1 79884
0 1 79886
0 1 79887
0 1 79890
0 1 79891
0 1 79894
0 1 79898
0 1 79905
0 1 79906
0 1 79911
0 1 79913
0 1 79915
0 1 79916
0 1 79918
0 1 79921
0 1 79923
0 1 79926
0 1 79927
0 1 79928
0 1 79929
0 1 79930
0 1 79932
0 1 79938
0 1 79940
0 1 79941
0 1 79942
0 1 79944
0 1 79947
0 1 79950
0 1 79955
0 1 79959
0 1 79960
0 1 79963
0 1 79964
0 1 79965
0 1 79966
0 1 79975
0 1 79979
0 1 79982
0 1 79985
0 1 79986
0 1 79989
0 1 79993
0 1 79995
0 1 79997
0 1 79999
0 1 80002
0 1 80008
0 1 80009
0 1 80012
0 1 80013
0 1 80016
0 1 80024
0 1 80025
0 1 80029
0 1 80031
0 1 80033
0 1 80034
0 1 80035
0 1 80036
0 1 80037
0 1 80038
0 1 80041
0 1 80049
0 1 80050
0 1 80053
0 1 80056
0 1 80058
0 1 80059
0 1 80061
0 1 80064
0 1 80065
0 1 80066
0 1 80068
0 1 80072
0 1 80074
0 1 80080
0 1 80085
0 1 80088
0 1 80089
0 1 80091
0 1 80092
0 1 80094
0 1 80095
0 1 80096
0 1 80098
0 1 80099
0 1 80103
0 1 80104
0 1 80109
0 1 80123
0 1 80127
0 1 80129
0 1 80130
0 1 80131
0 1 80135
0 1 80137
0 1 80140
0 1 80141
0 1 80142
0 1 80144
0 1 80152
0 1 80153
0 1 80155
0 1 80156
0 1 80158
0 1 80163
0 1 80165
0 1 80168
0 1 80170
0 1 80174
0 1 80176
0 1 80177
0 1 80183
0 1 80185
0 1 80189
0 1 80190
0 1 80191
0 1 80196
0 1 80205
0 1 80206
0 1 80211
0 1 80214
0 1 80216
0 1 80220
0 1 80221
0 1 80223
0 1 80224
0 1 80225
0 1 80227
0 1 80229
0 1 80234
0 1 80235
0 1 80238
0 1 80242
0 1 80246
0 1 80248
0 1 80249
0 1 80251
0 1 80266
0 1 80267
0 1 80269
0 1 80271
0 1 80274
0 1 80278
0 1 80281
0 1 80283
0 1 80285
0 1 80291
0 1 80293
0 1 80294
0 1 80296
0 1 80305
0 1 80307
0 1 80308
0 1 80311
0 1 80312
0 1 80313
0 1 80314
0 1 80316
0 1 80317
0 1 80319
0 1 80322
0 1 80326
0 1 80331
0 1 80333
0 1 80336
0 1 80337
0 1 80341
0 1 80342
0 1 80346
0 1 80349
0 1 80350
0 1 80351
0 1 80362
0 1 80366
0 1 80367
0 1 80368
0 1 80369
0 1 80372
0 1 80374
0 1 80376
0 1 80377
0 1 80379
0 1 80380
0 1 80381
0 1 80384
0 1 80388
0 1 80391
0 1 80394
0 1 80396
0 1 80402
0 1 80407
0 1 80408
0 1 80412
0 1 80414
0 1 80417
0 1 80418
0 1 80419
0 1 80420
0 1 80422
0 1 80424
0 1 80427
0 1 80428
0 1 80430
0 1 80431
0 1 80433
0 1 80439
0 1 80442
0 1 80444
0 1 80446
0 1 80448
0 1 80451
0 1 80454
0 1 80457
0 1 80458
0 1 80466
0 1 80467
0 1 80472
0 1 80476
0 1 80477
0 1 80481
0 1 80482
0 1 80483
0 1 80484
0 1 80487
0 1 80489
0 1 80490
0 1 80491
0 1 80492
0 1 80500
0 1 80502
0 1 80503
0 1 80505
0 1 80506
0 1 80507
0 1 80510
0 1 80512
0 1 80514
0 1 80516
0 1 80517
0 1 80521
0 1 80531
0 1 80532
0 1 80535
0 1 80536
0 1 80537
0 1 80543
0 1 80545
0 1 80546
0 1 80551
0 1 80552
0 1 80553
0 1 80557
0 1 80558
0 1 80562
0 1 80563
0 1 80566
0 1 80567
0 1 80569
0 1 80570
0 1 80575
0 1 80577
0 1 80580
0 1 80583
0 1 80585
0 1 80586
0 1 80593
0 1 80594
0 1 80595
0 1 80598
0 1 80605
0 1 80606
0 1 80615
0 1 80616
0 1 80621
0 1 80623
0 1 80624
0 1 80625
0 1 80626
0 1 80628
0 1 80629
0 1 80630
0 1 80632
0 1 80633
0 1 80639
0 1 80640
0 1 80645
0 1 80646
0 1 80649
0 1 80650
0 1 80652
0 1 80653
0 1 80657
0 1 80658
0 1 80659
0 1 80660
0 1 80661
0 1 80666
0 1 80667
0 1 80668
0 1 80669
0 1 80673
0 1 80677
0 1 80680
0 1 80681
0 1 80683
0 1 80685
0 1 80686
0 1 80692
0 1 80697
0 1 80698
0 1 80702
0 1 80704
0 1 80707
0 1 80708
0 1 80709
0 1 80710
0 1 80714
0 1 80716
0 1 80718
0 1 80719
0 1 80722
0 1 80723
0 1 80724
0 1 80726
0 1 80731
0 1 80732
0 1 80735
0 1 80739
0 1 80740
0 1 80741
0 1 80742
0 1 80743
0 1 80751
0 1 80753
0 1 80755
0 1 80759
0 1 80763
0 1 80766
0 1 80767
0 1 80770
0 1 80773
0 1 80782
0 1 80784
0 1 80785
0 1 80790
0 1 80792
0 1 80794
0 1 80797
0 1 80799
0 1 80802
0 1 80807
0 1 80808
0 1 80809
0 1 80810
0 1 80817
0 1 80819
0 1 80823
0 1 80825
0 1 80826
0 1 80827
0 1 80829
0 1 80832
0 1 80834
0 1 80835
0 1 80837
0 1 80838
0 1 80839
0 1 80844
0 1 80846
0 1 80849
0 1 80851
0 1 80854
0 1 80860
0 1 80862
0 1 80865
0 1 80867
0 1 80868
0 1 80869
0 1 80870
0 1 80871
0 1 80872
0 1 80874
0 1 80875
0 1 80876
0 1 80881
0 1 80885
0 1 80886
0 1 80887
0 1 80889
0 1 80891
0 1 80892
0 1 80895
0 1 80897
0 1 80898
0 1 80900
0 1 80903
0 1 80904
0 1 80906
0 1 80908
0 1 80912
0 1 80913
0 1 80914
0 1 80916
0 1 80917
0 1 80919
0 1 80920
0 1 80923
0 1 80924
0 1 80926
0 1 80932
0 1 80938
0 1 80939
0 1 80940
0 1 80943
0 1 80947
0 1 80950
0 1 80959
0 1 80964
0 1 80966
0 1 80968
0 1 80969
0 1 80972
0 1 80973
0 1 80974
0 1 80979
0 1 80982
0 1 80983
0 1 80984
0 1 80987
0 1 80989
0 1 80992
0 1 80996
0 1 80997
0 1 80998
0 1 81001
0 1 81002
0 1 81005
0 1 81009
0 1 81011
0 1 81014
0 1 81016
0 1 81018
0 1 81020
0 1 81025
0 1 81026
0 1 81027
0 1 81028
0 1 81029
0 1 81035
0 1 81041
0 1 81042
0 1 81047
0 1 81051
0 1 81056
0 1 81058
0 1 81059
0 1 81060
0 1 81061
0 1 81063
0 1 81065
0 1 81070
0 1 81071
0 1 81073
0 1 81074
0 1 81075
0 1 81076
0 1 81083
0 1 81085
0 1 81088
0 1 81092
0 1 81093
0 1 81094
0 1 81097
0 1 81098
0 1 81101
0 1 81104
0 1 81110
0 1 81116
0 1 81118
0 1 81122
0 1 81124
0 1 81125
0 1 81126
0 1 81127
0 1 81129
0 1 81135
0 1 81138
0 1 81143
0 1 81144
0 1 81145
0 1 81147
0 1 81148
0 1 81151
0 1 81154
0 1 81156
0 1 81158
0 1 81159
0 1 81160
0 1 81162
0 1 81174
0 1 81178
0 1 81180
0 1 81181
0 1 81183
0 1 81188
0 1 81189
0 1 81194
0 1 81196
0 1 81197
0 1 81198
0 1 81200
0 1 81205
0 1 81207
0 1 81210
0 1 81211
0 1 81212
0 1 81213
0 1 81214
0 1 81215
0 1 81218
0 1 81219
0 1 81222
0 1 81223
0 1 81224
0 1 81227
0 1 81231
0 1 81232
0 1 81233
0 1 81236
0 1 81240
0 1 81242
0 1 81251
0 1 81261
0 1 81262
0 1 81265
0 1 81269
0 1 81272
0 1 81274
0 1 81275
0 1 81276
0 1 81277
0 1 81278
0 1 81279
0 1 81289
0 1 81297
0 1 81303
0 1 81304
0 1 81308
0 1 81315
0 1 81316
0 1 81317
0 1 81318
0 1 81319
0 1 81320
0 1 81322
0 1 81328
0 1 81333
0 1 81335
0 1 81340
0 1 81346
0 1 81348
0 1 81350
0 1 81351
0 1 81355
0 1 81356
0 1 81359
0 1 81362
0 1 81364
0 1 81365
0 1 81366
0 1 81367
0 1 81373
0 1 81375
0 1 81381
0 1 81382
0 1 81384
0 1 81389
0 1 81393
0 1 81394
0 1 81396
0 1 81399
0 1 81400
0 1 81401
0 1 81402
0 1 81404
0 1 81406
0 1 81408
0 1 81409
0 1 81412
0 1 81423
0 1 81425
0 1 81429
0 1 81430
0 1 81431
0 1 81432
0 1 81434
0 1 81435
0 1 81437
0 1 81438
0 1 81439
0 1 81440
0 1 81441
0 1 81446
0 1 81448
0 1 81449
0 1 81450
0 1 81451
0 1 81456
0 1 81460
0 1 81461
0 1 81462
0 1 81463
0 1 81466
0 1 81467
0 1 81469
0 1 81475
0 1 81478
0 1 81479
0 1 81485
0 1 81487
0 1 81488
0 1 81490
0 1 81502
0 1 81511
0 1 81512
0 1 81514
0 1 81517
0 1 81521
0 1 81523
0 1 81524
0 1 81529
0 1 81534
0 1 81545
0 1 81550
0 1 81554
0 1 81555
0 1 81556
0 1 81559
0 1 81561
0 1 81563
0 1 81564
0 1 81565
0 1 81566
0 1 81567
0 1 81570
0 1 81571
0 1 81572
0 1 81575
0 1 81577
0 1 81579
0 1 81580
0 1 81583
0 1 81585
0 1 81586
0 1 81587
0 1 81597
0 1 81604
0 1 81607
0 1 81609
0 1 81611
0 1 81613
0 1 81617
0 1 81619
0 1 81620
0 1 81621
0 1 81623
0 1 81624
0 1 81626
0 1 81628
0 1 81630
0 1 81631
0 1 81634
0 1 81637
0 1 81639
0 1 81643
0 1 81650
0 1 81652
0 1 81653
0 1 81655
0 1 81659
0 1 81661
0 1 81662
0 1 81664
0 1 81669
0 1 81670
0 1 81672
0 1 81673
0 1 81674
0 1 81676
0 1 81678
0 1 81679
0 1 81684
0 1 81686
0 1 81689
0 1 81691
0 1 81693
0 1 81696
0 1 81702
0 1 81704
0 1 81711
0 1 81716
0 1 81717
0 1 81721
0 1 81726
0 1 81729
0 1 81732
0 1 81734
0 1 81735
0 1 81736
0 1 81737
0 1 81739
0 1 81743
0 1 81747
0 1 81750
0 1 81751
0 1 81755
0 1 81756
0 1 81758
0 1 81759
0 1 81760
0 1 81761
0 1 81764
0 1 81770
0 1 81773
0 1 81775
0 1 81779
0 1 81780
0 1 81781
0 1 81782
0 1 81783
0 1 81784
0 1 81790
0 1 81791
0 1 81793
0 1 81797
0 1 81800
0 1 81802
0 1 81803
0 1 81805
0 1 81810
0 1 81814
0 1 81817
0 1 81820
0 1 81822
0 1 81826
0 1 81828
0 1 81832
0 1 81833
0 1 81842
0 1 81847
0 1 81848
0 1 81861
0 1 81862
0 1 81864
0 1 81866
0 1 81867
0 1 81869
0 1 81870
0 1 81872
0 1 81875
0 1 81879
0 1 81888
0 1 81889
0 1 81891
0 1 81892
0 1 81894
0 1 81897
0 1 81898
0 1 81899
0 1 81900
0 1 81901
0 1 81903
0 1 81905
0 1 81906
0 1 81909
0 1 81912
0 1 81915
0 1 81916
0 1 81917
0 1 81922
0 1 81923
0 1 81929
0 1 81931
0 1 81935
0 1 81937
0 1 81940
0 1 81942
0 1 81944
0 1 81949
0 1 81950
0 1 81951
0 1 81952
0 1 81954
0 1 81955
0 1 81959
0 1 81962
0 1 81963
0 1 81964
0 1 81968
0 1 81973
0 1 81975
0 1 81981
0 1 81982
0 1 81984
0 1 81985
0 1 81986
0 1 81989
0 1 81991
0 1 81994
0 1 81996
0 1 81997
0 1 81998
0 1 82003
0 1 82005
0 1 82010
0 1 82011
0 1 82012
0 1 82015
0 1 82018
0 1 82021
0 1 82022
0 1 82023
0 1 82025
0 1 82030
0 1 82031
0 1 82037
0 1 82041
0 1 82044
0 1 82046
0 1 82050
0 1 82052
0 1 82055
0 1 82061
0 1 82065
0 1 82069
0 1 82071
0 1 82073
0 1 82074
0 1 82082
0 1 82083
0 1 82085
0 1 82087
0 1 82088
0 1 82089
0 1 82090
0 1 82091
0 1 82092
0 1 82096
0 1 82099
0 1 82103
0 1 82104
0 1 82105
0 1 82106
0 1 82107
0 1 82109
0 1 82110
0 1 82114
0 1 82115
0 1 82119
0 1 82121
0 1 82123
0 1 82125
0 1 82130
0 1 82133
0 1 82135
0 1 82136
0 1 82138
0 1 82141
0 1 82143
0 1 82146
0 1 82147
0 1 82151
0 1 82158
0 1 82160
0 1 82161
0 1 82163
0 1 82165
0 1 82170
0 1 82173
0 1 82174
0 1 82177
0 1 82178
0 1 82184
0 1 82185
0 1 82187
0 1 82192
0 1 82193
0 1 82195
0 1 82198
0 1 82203
0 1 82205
0 1 82206
0 1 82212
0 1 82214
0 1 82215
0 1 82216
0 1 82217
0 1 82220
0 1 82223
0 1 82226
0 1 82227
0 1 82231
0 1 82232
0 1 82234
0 1 82236
0 1 82237
0 1 82239
0 1 82243
0 1 82244
0 1 82252
0 1 82257
0 1 82258
0 1 82262
0 1 82267
0 1 82271
0 1 82278
0 1 82279
0 1 82280
0 1 82281
0 1 82283
0 1 82288
0 1 82289
0 1 82291
0 1 82292
0 1 82293
0 1 82294
0 1 82295
0 1 82296
0 1 82298
0 1 82301
0 1 82302
0 1 82308
0 1 82310
0 1 82311
0 1 82312
0 1 82314
0 1 82318
0 1 82319
0 1 82320
0 1 82324
0 1 82330
0 1 82335
0 1 82336
0 1 82337
0 1 82341
0 1 82343
0 1 82350
0 1 82354
0 1 82359
0 1 82360
0 1 82365
0 1 82366
0 1 82367
0 1 82368
0 1 82371
0 1 82373
0 1 82374
0 1 82376
0 1 82378
0 1 82379
0 1 82382
0 1 82385
0 1 82386
0 1 82388
0 1 82390
0 1 82391
0 1 82392
0 1 82398
0 1 82400
0 1 82402
0 1 82403
0 1 82412
0 1 82417
0 1 82419
0 1 82420
0 1 82421
0 1 82422
0 1 82427
0 1 82430
0 1 82431
0 1 82433
0 1 82437
0 1 82445
0 1 82446
0 1 82447
0 1 82448
0 1 82454
0 1 82456
0 1 82457
0 1 82459
0 1 82461
0 1 82463
0 1 82465
0 1 82472
0 1 82475
0 1 82478
0 1 82485
0 1 82487
0 1 82488
0 1 82492
0 1 82495
0 1 82496
0 1 82499
0 1 82502
0 1 82507
0 1 82508
0 1 82514
0 1 82516
0 1 82517
0 1 82522
0 1 82525
0 1 82526
0 1 82528
0 1 82529
0 1 82533
0 1 82537
0 1 82540
0 1 82542
0 1 82543
0 1 82544
0 1 82545
0 1 82548
0 1 82550
0 1 82555
0 1 82556
0 1 82557
0 1 82559
0 1 82562
0 1 82563
0 1 82567
0 1 82571
0 1 82576
0 1 82577
0 1 82578
0 1 82579
0 1 82591
0 1 82592
0 1 82596
0 1 82597
0 1 82600
0 1 82601
0 1 82602
0 1 82604
0 1 82605
0 1 82607
0 1 82608
0 1 82609
0 1 82610
0 1 82611
0 1 82612
0 1 82613
0 1 82618
0 1 82620
0 1 82629
0 1 82630
0 1 82632
0 1 82633
0 1 82634
0 1 82635
0 1 82636
0 1 82637
0 1 82638
0 1 82641
0 1 82642
0 1 82644
0 1 82645
0 1 82648
0 1 82650
0 1 82652
0 1 82653
0 1 82655
0 1 82657
0 1 82659
0 1 82662
0 1 82664
0 1 82671
0 1 82672
0 1 82674
0 1 82677
0 1 82678
0 1 82682
0 1 82685
0 1 82687
0 1 82688
0 1 82691
0 1 82697
0 1 82700
0 1 82706
0 1 82708
0 1 82710
0 1 82712
0 1 82713
0 1 82714
0 1 82716
0 1 82717
0 1 82719
0 1 82720
0 1 82722
0 1 82728
0 1 82729
0 1 82732
0 1 82734
0 1 82735
0 1 82744
0 1 82745
0 1 82747
0 1 82748
0 1 82751
0 1 82755
0 1 82757
0 1 82758
0 1 82759
0 1 82760
0 1 82761
0 1 82766
0 1 82768
0 1 82769
0 1 82773
0 1 82775
0 1 82776
0 1 82779
0 1 82781
0 1 82782
0 1 82783
0 1 82784
0 1 82785
0 1 82790
0 1 82793
0 1 82794
0 1 82805
0 1 82806
0 1 82807
0 1 82809
0 1 82811
0 1 82812
0 1 82815
0 1 82818
0 1 82819
0 1 82821
0 1 82824
0 1 82825
0 1 82826
0 1 82832
0 1 82836
0 1 82838
0 1 82844
0 1 82846
0 1 82848
0 1 82852
0 1 82853
0 1 82855
0 1 82857
0 1 82859
0 1 82862
0 1 82863
0 1 82864
0 1 82866
0 1 82867
0 1 82874
0 1 82878
0 1 82884
0 1 82885
0 1 82887
0 1 82889
0 1 82890
0 1 82891
0 1 82893
0 1 82899
0 1 82905
0 1 82908
0 1 82909
0 1 82910
0 1 82911
0 1 82915
0 1 82917
0 1 82922
0 1 82923
0 1 82925
0 1 82930
0 1 82933
0 1 82935
0 1 82937
0 1 82938
0 1 82944
0 1 82945
0 1 82948
0 1 82950
0 1 82953
0 1 82955
0 1 82956
0 1 82957
0 1 82960
0 1 82962
0 1 82967
0 1 82970
0 1 82973
0 1 82975
0 1 82980
0 1 82982
0 1 82988
0 1 82990
0 1 82992
0 1 82993
0 1 82995
0 1 82997
0 1 83001
0 1 83002
0 1 83003
0 1 83005
0 1 83006
0 1 83007
0 1 83008
0 1 83015
0 1 83017
0 1 83022
0 1 83023
0 1 83024
0 1 83026
0 1 83031
0 1 83032
0 1 83033
0 1 83034
0 1 83036
0 1 83037
0 1 83038
0 1 83039
0 1 83040
0 1 83041
0 1 83042
0 1 83043
0 1 83044
0 1 83049
0 1 83058
0 1 83062
0 1 83065
0 1 83070
0 1 83072
0 1 83073
0 1 83074
0 1 83075
0 1 83077
0 1 83078
0 1 83080
0 1 83081
0 1 83085
0 1 83086
0 1 83087
0 1 83088
0 1 83090
0 1 83095
0 1 83096
0 1 83099
0 1 83100
0 1 83101
0 1 83104
0 1 83105
0 1 83112
0 1 83113
0 1 83114
0 1 83116
0 1 83120
0 1 83121
0 1 83122
0 1 83124
0 1 83125
0 1 83126
0 1 83127
0 1 83128
0 1 83129
0 1 83134
0 1 83138
0 1 83140
0 1 83143
0 1 83144
0 1 83152
0 1 83153
0 1 83155
0 1 83156
0 1 83158
0 1 83160
0 1 83161
0 1 83163
0 1 83164
0 1 83165
0 1 83166
0 1 83170
0 1 83173
0 1 83177
0 1 83180
0 1 83186
0 1 83188
0 1 83191
0 1 83195
0 1 83198
0 1 83201
0 1 83202
0 1 83203
0 1 83204
0 1 83209
0 1 83210
0 1 83217
0 1 83218
0 1 83219
0 1 83223
0 1 83224
0 1 83225
0 1 83226
0 1 83227
0 1 83231
0 1 83232
0 1 83237
0 1 83239
0 1 83240
0 1 83242
0 1 83243
0 1 83247
0 1 83248
0 1 83249
0 1 83250
0 1 83256
0 1 83257
0 1 83260
0 1 83264
0 1 83266
0 1 83270
0 1 83271
0 1 83272
0 1 83277
0 1 83278
0 1 83280
0 1 83281
0 1 83284
0 1 83288
0 1 83289
0 1 83290
0 1 83292
0 1 83295
0 1 83297
0 1 83298
0 1 83301
0 1 83303
0 1 83308
0 1 83309
0 1 83314
0 1 83318
0 1 83321
0 1 83322
0 1 83323
0 1 83324
0 1 83326
0 1 83330
0 1 83333
0 1 83336
0 1 83337
0 1 83338
0 1 83343
0 1 83344
0 1 83348
0 1 83349
0 1 83350
0 1 83354
0 1 83359
0 1 83361
0 1 83364
0 1 83365
0 1 83369
0 1 83372
0 1 83373
0 1 83377
0 1 83378
0 1 83379
0 1 83380
0 1 83382
0 1 83385
0 1 83386
0 1 83388
0 1 83389
0 1 83397
0 1 83401
0 1 83402
0 1 83404
0 1 83406
0 1 83407
0 1 83408
0 1 83411
0 1 83413
0 1 83415
0 1 83416
0 1 83419
0 1 83421
0 1 83426
0 1 83429
0 1 83434
0 1 83438
0 1 83439
0 1 83440
0 1 83443
0 1 83451
0 1 83452
0 1 83454
0 1 83455
0 1 83458
0 1 83461
0 1 83462
0 1 83465
0 1 83468
0 1 83470
0 1 83472
0 1 83475
0 1 83478
0 1 83479
0 1 83480
0 1 83481
0 1 83486
0 1 83487
0 1 83488
0 1 83489
0 1 83491
0 1 83492
0 1 83494
0 1 83500
0 1 83503
0 1 83504
0 1 83506
0 1 83507
0 1 83509
0 1 83510
0 1 83512
0 1 83515
0 1 83517
0 1 83519
0 1 83521
0 1 83523
0 1 83524
0 1 83525
0 1 83529
0 1 83530
0 1 83532
0 1 83533
0 1 83534
0 1 83537
0 1 83539
0 1 83540
0 1 83541
0 1 83543
0 1 83544
0 1 83546
0 1 83548
0 1 83553
0 1 83555
0 1 83557
0 1 83559
0 1 83561
0 1 83563
0 1 83565
0 1 83566
0 1 83567
0 1 83572
0 1 83576
0 1 83577
0 1 83579
0 1 83580
0 1 83583
0 1 83585
0 1 83586
0 1 83587
0 1 83589
0 1 83590
0 1 83591
0 1 83593
0 1 83601
0 1 83607
0 1 83610
0 1 83612
0 1 83613
0 1 83618
0 1 83619
0 1 83620
0 1 83623
0 1 83624
0 1 83632
0 1 83636
0 1 83637
0 1 83638
0 1 83639
0 1 83640
0 1 83642
0 1 83645
0 1 83646
0 1 83647
0 1 83649
0 1 83650
0 1 83652
0 1 83654
0 1 83657
0 1 83659
0 1 83660
0 1 83661
0 1 83671
0 1 83672
0 1 83673
0 1 83678
0 1 83682
0 1 83685
0 1 83688
0 1 83691
0 1 83693
0 1 83699
0 1 83701
0 1 83702
0 1 83710
0 1 83714
0 1 83716
0 1 83718
0 1 83723
0 1 83724
0 1 83725
0 1 83727
0 1 83730
0 1 83732
0 1 83740
0 1 83747
0 1 83748
0 1 83749
0 1 83750
0 1 83753
0 1 83757
0 1 83761
0 1 83763
0 1 83766
0 1 83769
0 1 83772
0 1 83773
0 1 83776
0 1 83782
0 1 83783
0 1 83786
0 1 83790
0 1 83791
0 1 83793
0 1 83796
0 1 83801
0 1 83803
0 1 83804
0 1 83805
0 1 83806
0 1 83810
0 1 83812
0 1 83816
0 1 83817
0 1 83818
0 1 83819
0 1 83820
0 1 83821
0 1 83822
0 1 83823
0 1 83826
0 1 83827
0 1 83828
0 1 83829
0 1 83831
0 1 83832
0 1 83833
0 1 83834
0 1 83835
0 1 83837
0 1 83838
0 1 83842
0 1 83846
0 1 83860
0 1 83861
0 1 83869
0 1 83870
0 1 83872
0 1 83874
0 1 83877
0 1 83881
0 1 83882
0 1 83889
0 1 83891
0 1 83894
0 1 83895
0 1 83896
0 1 83897
0 1 83900
0 1 83902
0 1 83904
0 1 83910
0 1 83911
0 1 83915
0 1 83918
0 1 83919
0 1 83920
0 1 83921
0 1 83923
0 1 83924
0 1 83926
0 1 83928
0 1 83930
0 1 83931
0 1 83932
0 1 83936
0 1 83939
0 1 83940
0 1 83941
0 1 83944
0 1 83947
0 1 83948
0 1 83950
0 1 83954
0 1 83957
0 1 83958
0 1 83962
0 1 83963
0 1 83966
0 1 83967
0 1 83970
0 1 83971
0 1 83975
0 1 83979
0 1 83980
0 1 83981
0 1 83982
0 1 83983
0 1 83984
0 1 83986
0 1 83987
0 1 83989
0 1 83990
0 1 83991
0 1 83994
0 1 83997
0 1 83998
0 1 84000
0 1 84003
0 1 84006
0 1 84008
0 1 84012
0 1 84016
0 1 84018
0 1 84019
0 1 84020
0 1 84025
0 1 84028
0 1 84029
0 1 84033
0 1 84042
0 1 84045
0 1 84046
0 1 84049
0 1 84050
0 1 84052
0 1 84054
0 1 84055
0 1 84060
0 1 84061
0 1 84063
0 1 84064
0 1 84065
0 1 84067
0 1 84072
0 1 84073
0 1 84074
0 1 84075
0 1 84077
0 1 84079
0 1 84081
0 1 84083
0 1 84085
0 1 84087
0 1 84088
0 1 84091
0 1 84093
0 1 84095
0 1 84096
0 1 84098
0 1 84100
0 1 84102
0 1 84103
0 1 84104
0 1 84106
0 1 84108
0 1 84109
0 1 84111
0 1 84112
0 1 84117
0 1 84119
0 1 84122
0 1 84123
0 1 84125
0 1 84127
0 1 84129
0 1 84133
0 1 84134
0 1 84136
0 1 84138
0 1 84139
0 1 84143
0 1 84144
0 1 84154
0 1 84156
0 1 84157
0 1 84160
0 1 84162
0 1 84163
0 1 84164
0 1 84169
0 1 84170
0 1 84171
0 1 84173
0 1 84175
0 1 84178
0 1 84180
0 1 84183
0 1 84185
0 1 84187
0 1 84188
0 1 84190
0 1 84191
0 1 84194
0 1 84195
0 1 84196
0 1 84198
0 1 84199
0 1 84202
0 1 84204
0 1 84207
0 1 84211
0 1 84216
0 1 84217
0 1 84221
0 1 84224
0 1 84229
0 1 84231
0 1 84233
0 1 84237
0 1 84243
0 1 84244
0 1 84247
0 1 84249
0 1 84250
0 1 84252
0 1 84253
0 1 84254
0 1 84257
0 1 84264
0 1 84265
0 1 84266
0 1 84269
0 1 84271
0 1 84275
0 1 84279
0 1 84280
0 1 84284
0 1 84287
0 1 84292
0 1 84293
0 1 84297
0 1 84303
0 1 84306
0 1 84308
0 1 84312
0 1 84313
0 1 84315
0 1 84316
0 1 84318
0 1 84322
0 1 84323
0 1 84324
0 1 84327
0 1 84328
0 1 84329
0 1 84332
0 1 84334
0 1 84337
0 1 84338
0 1 84343
0 1 84345
0 1 84347
0 1 84349
0 1 84350
0 1 84351
0 1 84352
0 1 84353
0 1 84354
0 1 84357
0 1 84358
0 1 84360
0 1 84361
0 1 84363
0 1 84364
0 1 84367
0 1 84369
0 1 84373
0 1 84376
0 1 84377
0 1 84379
0 1 84380
0 1 84384
0 1 84385
0 1 84388
0 1 84393
0 1 84394
0 1 84395
0 1 84401
0 1 84402
0 1 84410
0 1 84414
0 1 84415
0 1 84417
0 1 84418
0 1 84420
0 1 84421
0 1 84424
0 1 84425
0 1 84426
0 1 84427
0 1 84429
0 1 84435
0 1 84438
0 1 84441
0 1 84443
0 1 84446
0 1 84455
0 1 84456
0 1 84457
0 1 84458
0 1 84459
0 1 84460
0 1 84462
0 1 84463
0 1 84465
0 1 84466
0 1 84471
0 1 84472
0 1 84473
0 1 84474
0 1 84479
0 1 84481
0 1 84485
0 1 84486
0 1 84487
0 1 84488
0 1 84489
0 1 84490
0 1 84495
0 1 84498
0 1 84500
0 1 84501
0 1 84503
0 1 84510
0 1 84513
0 1 84522
0 1 84523
0 1 84525
0 1 84526
0 1 84530
0 1 84531
0 1 84532
0 1 84533
0 1 84534
0 1 84535
0 1 84536
0 1 84543
0 1 84549
0 1 84553
0 1 84554
0 1 84555
0 1 84557
0 1 84558
0 1 84562
0 1 84566
0 1 84571
0 1 84572
0 1 84574
0 1 84576
0 1 84577
0 1 84581
0 1 84582
0 1 84583
0 1 84589
0 1 84591
0 1 84592
0 1 84593
0 1 84596
0 1 84598
0 1 84600
0 1 84602
0 1 84605
0 1 84609
0 1 84611
0 1 84613
0 1 84615
0 1 84616
0 1 84617
0 1 84623
0 1 84625
0 1 84628
0 1 84630
0 1 84631
0 1 84638
0 1 84640
0 1 84641
0 1 84642
0 1 84647
0 1 84649
0 1 84653
0 1 84654
0 1 84655
0 1 84656
0 1 84662
0 1 84666
0 1 84668
0 1 84670
0 1 84673
0 1 84679
0 1 84681
0 1 84684
0 1 84686
0 1 84690
0 1 84693
0 1 84694
0 1 84699
0 1 84701
0 1 84702
0 1 84705
0 1 84706
0 1 84707
0 1 84708
0 1 84713
0 1 84714
0 1 84716
0 1 84717
0 1 84719
0 1 84721
0 1 84723
0 1 84731
0 1 84733
0 1 84734
0 1 84738
0 1 84739
0 1 84741
0 1 84742
0 1 84747
0 1 84750
0 1 84753
0 1 84755
0 1 84757
0 1 84763
0 1 84765
0 1 84766
0 1 84767
0 1 84770
0 1 84772
0 1 84773
0 1 84775
0 1 84779
0 1 84780
0 1 84783
0 1 84784
0 1 84791
0 1 84794
0 1 84797
0 1 84799
0 1 84801
0 1 84803
0 1 84807
0 1 84808
0 1 84809
0 1 84810
0 1 84812
0 1 84815
0 1 84816
0 1 84817
0 1 84821
0 1 84824
0 1 84825
0 1 84834
0 1 84837
0 1 84848
0 1 84849
0 1 84853
0 1 84854
0 1 84855
0 1 84858
0 1 84865
0 1 84866
0 1 84867
0 1 84874
0 1 84875
0 1 84878
0 1 84880
0 1 84885
0 1 84886
0 1 84889
0 1 84895
0 1 84896
0 1 84900
0 1 84901
0 1 84904
0 1 84907
0 1 84913
0 1 84914
0 1 84915
0 1 84916
0 1 84919
0 1 84920
0 1 84921
0 1 84923
0 1 84926
0 1 84931
0 1 84932
0 1 84933
0 1 84935
0 1 84937
0 1 84941
0 1 84942
0 1 84943
0 1 84945
0 1 84949
0 1 84952
0 1 84953
0 1 84955
0 1 84956
0 1 84957
0 1 84960
0 1 84963
0 1 84967
0 1 84969
0 1 84974
0 1 84975
0 1 84977
0 1 84978
0 1 84979
0 1 84980
0 1 84981
0 1 84983
0 1 84989
0 1 84991
0 1 84992
0 1 84993
0 1 84996
0 1 84999
0 1 85003
0 1 85008
0 1 85013
0 1 85014
0 1 85018
0 1 85021
0 1 85024
0 1 85025
0 1 85026
0 1 85028
0 1 85032
0 1 85034
0 1 85043
0 1 85046
0 1 85048
0 1 85053
0 1 85054
0 1 85055
0 1 85063
0 1 85065
0 1 85066
0 1 85067
0 1 85068
0 1 85070
0 1 85071
0 1 85072
0 1 85075
0 1 85076
0 1 85080
0 1 85083
0 1 85086
0 1 85089
0 1 85093
0 1 85100
0 1 85102
0 1 85105
0 1 85109
0 1 85112
0 1 85117
0 1 85119
0 1 85121
0 1 85125
0 1 85129
0 1 85130
0 1 85131
0 1 85136
0 1 85137
0 1 85139
0 1 85145
0 1 85146
0 1 85150
0 1 85151
0 1 85154
0 1 85155
0 1 85157
0 1 85159
0 1 85166
0 1 85168
0 1 85172
0 1 85174
0 1 85178
0 1 85179
0 1 85182
0 1 85185
0 1 85189
0 1 85191
0 1 85192
0 1 85193
0 1 85194
0 1 85198
0 1 85201
0 1 85202
0 1 85204
0 1 85206
0 1 85209
0 1 85210
0 1 85215
0 1 85222
0 1 85223
0 1 85227
0 1 85230
0 1 85235
0 1 85239
0 1 85242
0 1 85243
0 1 85246
0 1 85247
0 1 85251
0 1 85252
0 1 85256
0 1 85257
0 1 85259
0 1 85262
0 1 85266
0 1 85267
0 1 85270
0 1 85271
0 1 85273
0 1 85274
0 1 85276
0 1 85281
0 1 85282
0 1 85283
0 1 85284
0 1 85285
0 1 85288
0 1 85298
0 1 85300
0 1 85301
0 1 85303
0 1 85306
0 1 85313
0 1 85322
0 1 85323
0 1 85326
0 1 85327
0 1 85330
0 1 85333
0 1 85334
0 1 85337
0 1 85341
0 1 85342
0 1 85343
0 1 85344
0 1 85353
0 1 85356
0 1 85357
0 1 85359
0 1 85365
0 1 85369
0 1 85373
0 1 85374
0 1 85375
0 1 85376
0 1 85377
0 1 85378
0 1 85381
0 1 85382
0 1 85388
0 1 85390
0 1 85392
0 1 85394
0 1 85395
0 1 85398
0 1 85401
0 1 85402
0 1 85403
0 1 85404
0 1 85405
0 1 85407
0 1 85413
0 1 85420
0 1 85424
0 1 85425
0 1 85430
0 1 85435
0 1 85437
0 1 85438
0 1 85439
0 1 85440
0 1 85445
0 1 85448
0 1 85455
0 1 85457
0 1 85458
0 1 85459
0 1 85463
0 1 85464
0 1 85470
0 1 85474
0 1 85478
0 1 85479
0 1 85481
0 1 85487
0 1 85488
0 1 85489
0 1 85492
0 1 85493
0 1 85495
0 1 85501
0 1 85503
0 1 85506
0 1 85510
0 1 85514
0 1 85519
0 1 85523
0 1 85527
0 1 85529
0 1 85534
0 1 85535
0 1 85536
0 1 85537
0 1 85539
0 1 85543
0 1 85544
0 1 85545
0 1 85546
0 1 85549
0 1 85551
0 1 85556
0 1 85561
0 1 85562
0 1 85566
0 1 85567
0 1 85569
0 1 85572
0 1 85575
0 1 85582
0 1 85585
0 1 85586
0 1 85589
0 1 85591
0 1 85592
0 1 85596
0 1 85597
0 1 85598
0 1 85599
0 1 85600
0 1 85605
0 1 85608
0 1 85609
0 1 85610
0 1 85613
0 1 85614
0 1 85615
0 1 85616
0 1 85617
0 1 85621
0 1 85622
0 1 85623
0 1 85625
0 1 85626
0 1 85628
0 1 85629
0 1 85630
0 1 85631
0 1 85633
0 1 85637
0 1 85640
0 1 85641
0 1 85646
0 1 85647
0 1 85651
0 1 85652
0 1 85655
0 1 85659
0 1 85661
0 1 85667
0 1 85675
0 1 85678
0 1 85679
0 1 85680
0 1 85687
0 1 85694
0 1 85696
0 1 85698
0 1 85701
0 1 85702
0 1 85706
0 1 85707
0 1 85709
0 1 85710
0 1 85711
0 1 85714
0 1 85717
0 1 85719
0 1 85720
0 1 85723
0 1 85724
0 1 85726
0 1 85727
0 1 85730
0 1 85732
0 1 85733
0 1 85734
0 1 85737
0 1 85740
0 1 85742
0 1 85746
0 1 85747
0 1 85748
0 1 85749
0 1 85753
0 1 85755
0 1 85756
0 1 85759
0 1 85761
0 1 85764
0 1 85766
0 1 85767
0 1 85768
0 1 85769
0 1 85771
0 1 85772
0 1 85773
0 1 85776
0 1 85777
0 1 85779
0 1 85784
0 1 85786
0 1 85787
0 1 85788
0 1 85789
0 1 85791
0 1 85792
0 1 85793
0 1 85794
0 1 85798
0 1 85801
0 1 85813
0 1 85817
0 1 85819
0 1 85826
0 1 85827
0 1 85828
0 1 85830
0 1 85834
0 1 85836
0 1 85838
0 1 85841
0 1 85842
0 1 85843
0 1 85844
0 1 85845
0 1 85846
0 1 85848
0 1 85849
0 1 85850
0 1 85853
0 1 85855
0 1 85857
0 1 85858
0 1 85860
0 1 85863
0 1 85865
0 1 85866
0 1 85867
0 1 85868
0 1 85873
0 1 85875
0 1 85877
0 1 85880
0 1 85884
0 1 85886
0 1 85887
0 1 85899
0 1 85901
0 1 85906
0 1 85907
0 1 85910
0 1 85912
0 1 85913
0 1 85915
0 1 85916
0 1 85918
0 1 85921
0 1 85923
0 1 85926
0 1 85933
0 1 85934
0 1 85936
0 1 85937
0 1 85938
0 1 85943
0 1 85944
0 1 85947
0 1 85950
0 1 85951
0 1 85953
0 1 85954
0 1 85956
0 1 85958
0 1 85960
0 1 85967
0 1 85970
0 1 85971
0 1 85972
0 1 85973
0 1 85975
0 1 85978
0 1 85980
0 1 85982
0 1 85985
0 1 85986
0 1 85987
0 1 85991
0 1 85995
0 1 85996
0 1 85998
0 1 86000
0 1 86002
0 1 86003
0 1 86005
0 1 86006
0 1 86010
0 1 86011
0 1 86013
0 1 86017
0 1 86020
0 1 86022
0 1 86024
0 1 86026
0 1 86028
0 1 86029
0 1 86030
0 1 86033
0 1 86035
0 1 86036
0 1 86038
0 1 86044
0 1 86046
0 1 86048
0 1 86049
0 1 86050
0 1 86051
0 1 86053
0 1 86055
0 1 86056
0 1 86057
0 1 86060
0 1 86061
0 1 86062
0 1 86065
0 1 86069
0 1 86073
0 1 86075
0 1 86077
0 1 86080
0 1 86081
0 1 86082
0 1 86083
0 1 86088
0 1 86090
0 1 86094
0 1 86095
0 1 86102
0 1 86104
0 1 86107
0 1 86110
0 1 86111
0 1 86114
0 1 86115
0 1 86116
0 1 86130
0 1 86131
0 1 86136
0 1 86138
0 1 86141
0 1 86147
0 1 86148
0 1 86150
0 1 86151
0 1 86154
0 1 86155
0 1 86157
0 1 86158
0 1 86163
0 1 86164
0 1 86165
0 1 86172
0 1 86178
0 1 86180
0 1 86181
0 1 86187
0 1 86188
0 1 86189
0 1 86191
0 1 86194
0 1 86195
0 1 86197
0 1 86198
0 1 86199
0 1 86202
0 1 86203
0 1 86210
0 1 86212
0 1 86213
0 1 86216
0 1 86217
0 1 86222
0 1 86225
0 1 86227
0 1 86228
0 1 86231
0 1 86232
0 1 86236
0 1 86238
0 1 86239
0 1 86244
0 1 86246
0 1 86247
0 1 86251
0 1 86257
0 1 86258
0 1 86260
0 1 86266
0 1 86267
0 1 86272
0 1 86274
0 1 86275
0 1 86276
0 1 86277
0 1 86281
0 1 86282
0 1 86283
0 1 86284
0 1 86289
0 1 86290
0 1 86292
0 1 86296
0 1 86298
0 1 86300
0 1 86301
0 1 86304
0 1 86305
0 1 86306
0 1 86307
0 1 86311
0 1 86315
0 1 86316
0 1 86317
0 1 86319
0 1 86321
0 1 86322
0 1 86323
0 1 86326
0 1 86327
0 1 86328
0 1 86330
0 1 86333
0 1 86335
0 1 86339
0 1 86342
0 1 86348
0 1 86351
0 1 86352
0 1 86353
0 1 86356
0 1 86357
0 1 86359
0 1 86362
0 1 86365
0 1 86367
0 1 86368
0 1 86371
0 1 86372
0 1 86375
0 1 86379
0 1 86381
0 1 86383
0 1 86386
0 1 86387
0 1 86390
0 1 86391
0 1 86392
0 1 86394
0 1 86396
0 1 86400
0 1 86401
0 1 86402
0 1 86403
0 1 86406
0 1 86407
0 1 86410
0 1 86412
0 1 86413
0 1 86418
0 1 86419
0 1 86420
0 1 86421
0 1 86422
0 1 86423
0 1 86426
0 1 86434
0 1 86435
0 1 86440
0 1 86441
0 1 86443
0 1 86446
0 1 86448
0 1 86449
0 1 86452
0 1 86463
0 1 86467
0 1 86469
0 1 86473
0 1 86476
0 1 86479
0 1 86481
0 1 86482
0 1 86483
0 1 86484
0 1 86485
0 1 86487
0 1 86488
0 1 86491
0 1 86494
0 1 86497
0 1 86498
0 1 86501
0 1 86503
0 1 86504
0 1 86505
0 1 86511
0 1 86514
0 1 86515
0 1 86517
0 1 86519
0 1 86520
0 1 86521
0 1 86524
0 1 86526
0 1 86534
0 1 86535
0 1 86536
0 1 86537
0 1 86538
0 1 86539
0 1 86543
0 1 86545
0 1 86546
0 1 86551
0 1 86552
0 1 86555
0 1 86556
0 1 86560
0 1 86562
0 1 86563
0 1 86568
0 1 86570
0 1 86571
0 1 86573
0 1 86576
0 1 86577
0 1 86583
0 1 86585
0 1 86586
0 1 86588
0 1 86589
0 1 86591
0 1 86596
0 1 86598
0 1 86600
0 1 86601
0 1 86602
0 1 86603
0 1 86605
0 1 86606
0 1 86609
0 1 86618
0 1 86619
0 1 86620
0 1 86623
0 1 86624
0 1 86626
0 1 86629
0 1 86632
0 1 86633
0 1 86636
0 1 86638
0 1 86646
0 1 86651
0 1 86656
0 1 86658
0 1 86661
0 1 86662
0 1 86666
0 1 86668
0 1 86678
0 1 86681
0 1 86682
0 1 86683
0 1 86693
0 1 86695
0 1 86696
0 1 86701
0 1 86702
0 1 86703
0 1 86705
0 1 86708
0 1 86710
0 1 86716
0 1 86722
0 1 86723
0 1 86724
0 1 86727
0 1 86730
0 1 86742
0 1 86747
0 1 86751
0 1 86758
0 1 86759
0 1 86762
0 1 86766
0 1 86769
0 1 86770
0 1 86783
0 1 86785
0 1 86786
0 1 86788
0 1 86790
0 1 86793
0 1 86795
0 1 86796
0 1 86802
0 1 86805
0 1 86809
0 1 86811
0 1 86812
0 1 86814
0 1 86815
0 1 86816
0 1 86818
0 1 86819
0 1 86822
0 1 86827
0 1 86829
0 1 86830
0 1 86834
0 1 86835
0 1 86837
0 1 86844
0 1 86846
0 1 86847
0 1 86850
0 1 86853
0 1 86854
0 1 86855
0 1 86858
0 1 86859
0 1 86862
0 1 86863
0 1 86865
0 1 86867
0 1 86869
0 1 86870
0 1 86872
0 1 86873
0 1 86874
0 1 86875
0 1 86876
0 1 86881
0 1 86884
0 1 86887
0 1 86889
0 1 86892
0 1 86893
0 1 86895
0 1 86896
0 1 86897
0 1 86898
0 1 86899
0 1 86902
0 1 86905
0 1 86907
0 1 86912
0 1 86915
0 1 86917
0 1 86918
0 1 86920
0 1 86922
0 1 86924
0 1 86925
0 1 86926
0 1 86927
0 1 86929
0 1 86930
0 1 86931
0 1 86932
0 1 86933
0 1 86937
0 1 86938
0 1 86939
0 1 86941
0 1 86949
0 1 86950
0 1 86951
0 1 86952
0 1 86953
0 1 86954
0 1 86955
0 1 86958
0 1 86960
0 1 86965
0 1 86967
0 1 86969
0 1 86970
0 1 86973
0 1 86982
0 1 86983
0 1 86986
0 1 86987
0 1 86989
0 1 86993
0 1 86994
0 1 86995
0 1 86997
0 1 87003
0 1 87006
0 1 87007
0 1 87008
0 1 87009
0 1 87011
0 1 87013
0 1 87014
0 1 87017
0 1 87018
0 1 87019
0 1 87021
0 1 87023
0 1 87024
0 1 87026
0 1 87030
0 1 87031
0 1 87032
0 1 87034
0 1 87036
0 1 87037
0 1 87039
0 1 87042
0 1 87048
0 1 87050
0 1 87052
0 1 87054
0 1 87056
0 1 87059
0 1 87062
0 1 87065
0 1 87068
0 1 87069
0 1 87071
0 1 87074
0 1 87076
0 1 87078
0 1 87082
0 1 87088
0 1 87089
0 1 87091
0 1 87092
0 1 87098
0 1 87099
0 1 87100
0 1 87101
0 1 87102
0 1 87104
0 1 87106
0 1 87107
0 1 87109
0 1 87110
0 1 87112
0 1 87115
0 1 87118
0 1 87123
0 1 87126
0 1 87128
0 1 87131
0 1 87132
0 1 87133
0 1 87134
0 1 87138
0 1 87140
0 1 87143
0 1 87146
0 1 87148
0 1 87149
0 1 87151
0 1 87152
0 1 87153
0 1 87158
0 1 87160
0 1 87161
0 1 87164
0 1 87168
0 1 87170
0 1 87171
0 1 87172
0 1 87173
0 1 87175
0 1 87178
0 1 87181
0 1 87182
0 1 87191
0 1 87192
0 1 87195
0 1 87197
0 1 87201
0 1 87214
0 1 87218
0 1 87219
0 1 87220
0 1 87221
0 1 87230
0 1 87231
0 1 87232
0 1 87238
0 1 87243
0 1 87246
0 1 87247
0 1 87249
0 1 87251
0 1 87252
0 1 87255
0 1 87256
0 1 87258
0 1 87261
0 1 87266
0 1 87267
0 1 87269
0 1 87272
0 1 87273
0 1 87276
0 1 87278
0 1 87279
0 1 87283
0 1 87288
0 1 87290
0 1 87291
0 1 87293
0 1 87296
0 1 87297
0 1 87298
0 1 87303
0 1 87307
0 1 87309
0 1 87310
0 1 87313
0 1 87314
0 1 87317
0 1 87318
0 1 87320
0 1 87321
0 1 87322
0 1 87326
0 1 87334
0 1 87335
0 1 87336
0 1 87337
0 1 87339
0 1 87341
0 1 87344
0 1 87347
0 1 87348
0 1 87349
0 1 87354
0 1 87358
0 1 87359
0 1 87363
0 1 87364
0 1 87368
0 1 87369
0 1 87370
0 1 87372
0 1 87375
0 1 87376
0 1 87377
0 1 87379
0 1 87380
0 1 87384
0 1 87385
0 1 87387
0 1 87391
0 1 87397
0 1 87402
0 1 87405
0 1 87407
0 1 87408
0 1 87409
0 1 87412
0 1 87415
0 1 87416
0 1 87417
0 1 87424
0 1 87426
0 1 87430
0 1 87436
0 1 87440
0 1 87442
0 1 87444
0 1 87445
0 1 87446
0 1 87448
0 1 87449
0 1 87451
0 1 87462
0 1 87463
0 1 87465
0 1 87468
0 1 87470
0 1 87472
0 1 87474
0 1 87475
0 1 87477
0 1 87481
0 1 87482
0 1 87487
0 1 87488
0 1 87491
0 1 87492
0 1 87497
0 1 87499
0 1 87500
0 1 87503
0 1 87504
0 1 87505
0 1 87510
0 1 87511
0 1 87516
0 1 87524
0 1 87530
0 1 87531
0 1 87533
0 1 87534
0 1 87540
0 1 87541
0 1 87544
0 1 87545
0 1 87547
0 1 87550
0 1 87553
0 1 87556
0 1 87558
0 1 87559
0 1 87560
0 1 87561
0 1 87564
0 1 87566
0 1 87568
0 1 87570
0 1 87571
0 1 87573
0 1 87576
0 1 87581
0 1 87583
0 1 87586
0 1 87591
0 1 87596
0 1 87597
0 1 87602
0 1 87603
0 1 87605
0 1 87608
0 1 87609
0 1 87610
0 1 87611
0 1 87613
0 1 87620
0 1 87626
0 1 87627
0 1 87628
0 1 87629
0 1 87630
0 1 87636
0 1 87639
0 1 87641
0 1 87646
0 1 87647
0 1 87648
0 1 87652
0 1 87653
0 1 87655
0 1 87657
0 1 87659
0 1 87661
0 1 87664
0 1 87666
0 1 87670
0 1 87671
0 1 87672
0 1 87674
0 1 87677
0 1 87679
0 1 87681
0 1 87682
0 1 87683
0 1 87685
0 1 87686
0 1 87691
0 1 87694
0 1 87695
0 1 87696
0 1 87697
0 1 87702
0 1 87704
0 1 87705
0 1 87710
0 1 87716
0 1 87718
0 1 87720
0 1 87723
0 1 87725
0 1 87726
0 1 87729
0 1 87730
0 1 87738
0 1 87739
0 1 87742
0 1 87744
0 1 87749
0 1 87750
0 1 87753
0 1 87754
0 1 87756
0 1 87761
0 1 87762
0 1 87763
0 1 87764
0 1 87768
0 1 87771
0 1 87773
0 1 87776
0 1 87778
0 1 87783
0 1 87784
0 1 87789
0 1 87790
0 1 87791
0 1 87799
0 1 87804
0 1 87807
0 1 87809
0 1 87812
0 1 87814
0 1 87816
0 1 87818
0 1 87819
0 1 87822
0 1 87825
0 1 87827
0 1 87829
0 1 87830
0 1 87832
0 1 87833
0 1 87834
0 1 87835
0 1 87841
0 1 87847
0 1 87848
0 1 87850
0 1 87854
0 1 87862
0 1 87863
0 1 87864
0 1 87866
0 1 87868
0 1 87870
0 1 87873
0 1 87878
0 1 87879
0 1 87881
0 1 87883
0 1 87884
0 1 87885
0 1 87887
0 1 87893
0 1 87895
0 1 87896
0 1 87897
0 1 87899
0 1 87900
0 1 87901
0 1 87905
0 1 87906
0 1 87910
0 1 87912
0 1 87913
0 1 87919
0 1 87920
0 1 87921
0 1 87922
0 1 87926
0 1 87928
0 1 87932
0 1 87934
0 1 87935
0 1 87940
0 1 87943
0 1 87944
0 1 87945
0 1 87949
0 1 87951
0 1 87960
0 1 87961
0 1 87962
0 1 87964
0 1 87966
0 1 87967
0 1 87968
0 1 87971
0 1 87972
0 1 87975
0 1 87977
0 1 87979
0 1 87980
0 1 87983
0 1 87986
0 1 87987
0 1 87990
0 1 87991
0 1 87995
0 1 88005
0 1 88006
0 1 88011
0 1 88014
0 1 88022
0 1 88023
0 1 88024
0 1 88027
0 1 88028
0 1 88030
0 1 88031
0 1 88032
0 1 88035
0 1 88038
0 1 88042
0 1 88047
0 1 88049
0 1 88051
0 1 88053
0 1 88055
0 1 88061
0 1 88062
0 1 88065
0 1 88068
0 1 88069
0 1 88073
0 1 88074
0 1 88077
0 1 88079
0 1 88083
0 1 88084
0 1 88086
0 1 88087
0 1 88097
0 1 88098
0 1 88102
0 1 88103
0 1 88106
0 1 88108
0 1 88113
0 1 88114
0 1 88118
0 1 88119
0 1 88121
0 1 88122
0 1 88124
0 1 88125
0 1 88127
0 1 88128
0 1 88129
0 1 88134
0 1 88135
0 1 88136
0 1 88138
0 1 88139
0 1 88140
0 1 88141
0 1 88142
0 1 88145
0 1 88146
0 1 88152
0 1 88154
0 1 88156
0 1 88157
0 1 88161
0 1 88163
0 1 88165
0 1 88170
0 1 88173
0 1 88174
0 1 88175
0 1 88179
0 1 88182
0 1 88184
0 1 88186
0 1 88189
0 1 88190
0 1 88192
0 1 88195
0 1 88198
0 1 88202
0 1 88204
0 1 88208
0 1 88214
0 1 88216
0 1 88219
0 1 88221
0 1 88223
0 1 88226
0 1 88227
0 1 88229
0 1 88231
0 1 88233
0 1 88236
0 1 88237
0 1 88245
0 1 88247
0 1 88248
0 1 88251
0 1 88252
0 1 88253
0 1 88255
0 1 88258
0 1 88260
0 1 88262
0 1 88263
0 1 88264
0 1 88266
0 1 88267
0 1 88268
0 1 88270
0 1 88271
0 1 88273
0 1 88276
0 1 88277
0 1 88278
0 1 88279
0 1 88282
0 1 88284
0 1 88285
0 1 88287
0 1 88290
0 1 88294
0 1 88297
0 1 88304
0 1 88307
0 1 88308
0 1 88311
0 1 88312
0 1 88313
0 1 88314
0 1 88319
0 1 88320
0 1 88321
0 1 88322
0 1 88323
0 1 88326
0 1 88327
0 1 88330
0 1 88333
0 1 88339
0 1 88340
0 1 88343
0 1 88344
0 1 88345
0 1 88353
0 1 88355
0 1 88359
0 1 88360
0 1 88369
0 1 88370
0 1 88371
0 1 88376
0 1 88378
0 1 88382
0 1 88383
0 1 88386
0 1 88388
0 1 88391
0 1 88393
0 1 88395
0 1 88399
0 1 88400
0 1 88401
0 1 88402
0 1 88403
0 1 88405
0 1 88408
0 1 88411
0 1 88412
0 1 88414
0 1 88415
0 1 88416
0 1 88417
0 1 88419
0 1 88421
0 1 88423
0 1 88425
0 1 88428
0 1 88429
0 1 88431
0 1 88432
0 1 88434
0 1 88440
0 1 88441
0 1 88448
0 1 88449
0 1 88450
0 1 88452
0 1 88453
0 1 88454
0 1 88463
0 1 88468
0 1 88470
0 1 88473
0 1 88475
0 1 88478
0 1 88481
0 1 88482
0 1 88483
0 1 88487
0 1 88491
0 1 88493
0 1 88495
0 1 88497
0 1 88507
0 1 88508
0 1 88510
0 1 88515
0 1 88519
0 1 88521
0 1 88523
0 1 88524
0 1 88528
0 1 88531
0 1 88532
0 1 88536
0 1 88538
0 1 88541
0 1 88542
0 1 88543
0 1 88544
0 1 88545
0 1 88548
0 1 88549
0 1 88558
0 1 88564
0 1 88568
0 1 88569
0 1 88574
0 1 88577
0 1 88580
0 1 88583
0 1 88584
0 1 88585
0 1 88587
0 1 88588
0 1 88589
0 1 88592
0 1 88594
0 1 88596
0 1 88599
0 1 88602
0 1 88603
0 1 88604
0 1 88606
0 1 88607
0 1 88608
0 1 88611
0 1 88612
0 1 88613
0 1 88617
0 1 88619
0 1 88620
0 1 88622
0 1 88623
0 1 88625
0 1 88628
0 1 88630
0 1 88631
0 1 88636
0 1 88639
0 1 88644
0 1 88646
0 1 88652
0 1 88653
0 1 88654
0 1 88657
0 1 88659
0 1 88662
0 1 88664
0 1 88671
0 1 88673
0 1 88684
0 1 88690
0 1 88692
0 1 88694
0 1 88696
0 1 88697
0 1 88698
0 1 88700
0 1 88701
0 1 88702
0 1 88706
0 1 88709
0 1 88711
0 1 88712
0 1 88715
0 1 88716
0 1 88718
0 1 88721
0 1 88724
0 1 88727
0 1 88729
0 1 88733
0 1 88740
0 1 88741
0 1 88742
0 1 88745
0 1 88747
0 1 88748
0 1 88750
0 1 88751
0 1 88753
0 1 88754
0 1 88759
0 1 88760
0 1 88765
0 1 88766
0 1 88767
0 1 88768
0 1 88769
0 1 88770
0 1 88772
0 1 88774
0 1 88776
0 1 88783
0 1 88785
0 1 88787
0 1 88788
0 1 88791
0 1 88800
0 1 88803
0 1 88804
0 1 88806
0 1 88807
0 1 88808
0 1 88809
0 1 88810
0 1 88813
0 1 88814
0 1 88815
0 1 88825
0 1 88828
0 1 88829
0 1 88831
0 1 88832
0 1 88833
0 1 88838
0 1 88839
0 1 88840
0 1 88842
0 1 88843
0 1 88845
0 1 88849
0 1 88853
0 1 88856
0 1 88857
0 1 88858
0 1 88860
0 1 88863
0 1 88864
0 1 88865
0 1 88867
0 1 88871
0 1 88873
0 1 88879
0 1 88880
0 1 88884
0 1 88887
0 1 88891
0 1 88898
0 1 88899
0 1 88902
0 1 88903
0 1 88906
0 1 88907
0 1 88911
0 1 88912
0 1 88917
0 1 88921
0 1 88925
0 1 88927
0 1 88928
0 1 88929
0 1 88930
0 1 88931
0 1 88934
0 1 88939
0 1 88942
0 1 88950
0 1 88951
0 1 88957
0 1 88958
0 1 88960
0 1 88961
0 1 88964
0 1 88965
0 1 88968
0 1 88973
0 1 88974
0 1 88975
0 1 88978
0 1 88980
0 1 88985
0 1 88986
0 1 88987
0 1 88988
0 1 88989
0 1 88994
0 1 88995
0 1 89001
0 1 89003
0 1 89008
0 1 89010
0 1 89012
0 1 89013
0 1 89025
0 1 89028
0 1 89030
0 1 89032
0 1 89036
0 1 89038
0 1 89039
0 1 89041
0 1 89044
0 1 89045
0 1 89048
0 1 89051
0 1 89052
0 1 89062
0 1 89065
0 1 89073
0 1 89075
0 1 89077
0 1 89080
0 1 89084
0 1 89086
0 1 89087
0 1 89088
0 1 89096
0 1 89099
0 1 89100
0 1 89101
0 1 89105
0 1 89107
0 1 89112
0 1 89113
0 1 89115
0 1 89121
0 1 89122
0 1 89123
0 1 89125
0 1 89126
0 1 89127
0 1 89129
0 1 89143
0 1 89146
0 1 89148
0 1 89152
0 1 89153
0 1 89154
0 1 89155
0 1 89157
0 1 89164
0 1 89168
0 1 89171
0 1 89172
0 1 89176
0 1 89178
0 1 89181
0 1 89183
0 1 89185
0 1 89187
0 1 89188
0 1 89191
0 1 89194
0 1 89195
0 1 89196
0 1 89200
0 1 89202
0 1 89203
0 1 89204
0 1 89205
0 1 89206
0 1 89207
0 1 89210
0 1 89213
0 1 89220
0 1 89221
0 1 89222
0 1 89223
0 1 89224
0 1 89225
0 1 89235
0 1 89239
0 1 89243
0 1 89245
0 1 89246
0 1 89251
0 1 89252
0 1 89254
0 1 89255
0 1 89256
0 1 89259
0 1 89260
0 1 89264
0 1 89265
0 1 89266
0 1 89272
0 1 89273
0 1 89276
0 1 89278
0 1 89279
0 1 89293
0 1 89298
0 1 89300
0 1 89302
0 1 89308
0 1 89309
0 1 89315
0 1 89325
0 1 89327
0 1 89328
0 1 89330
0 1 89333
0 1 89335
0 1 89338
0 1 89339
0 1 89345
0 1 89346
0 1 89350
0 1 89352
0 1 89356
0 1 89360
0 1 89364
0 1 89365
0 1 89366
0 1 89367
0 1 89368
0 1 89369
0 1 89372
0 1 89374
0 1 89375
0 1 89378
0 1 89379
0 1 89380
0 1 89381
0 1 89385
0 1 89389
0 1 89391
0 1 89394
0 1 89396
0 1 89398
0 1 89402
0 1 89404
0 1 89408
0 1 89410
0 1 89411
0 1 89414
0 1 89419
0 1 89420
0 1 89423
0 1 89428
0 1 89431
0 1 89432
0 1 89433
0 1 89436
0 1 89438
0 1 89439
0 1 89441
0 1 89443
0 1 89444
0 1 89445
0 1 89446
0 1 89447
0 1 89453
0 1 89456
0 1 89458
0 1 89459
0 1 89461
0 1 89465
0 1 89466
0 1 89470
0 1 89471
0 1 89472
0 1 89473
0 1 89477
0 1 89481
0 1 89482
0 1 89486
0 1 89488
0 1 89490
0 1 89493
0 1 89496
0 1 89498
0 1 89500
0 1 89502
0 1 89503
0 1 89505
0 1 89508
0 1 89509
0 1 89511
0 1 89512
0 1 89515
0 1 89518
0 1 89519
0 1 89520
0 1 89521
0 1 89528
0 1 89529
0 1 89530
0 1 89531
0 1 89532
0 1 89537
0 1 89542
0 1 89543
0 1 89544
0 1 89546
0 1 89550
0 1 89551
0 1 89552
0 1 89555
0 1 89556
0 1 89557
0 1 89560
0 1 89561
0 1 89562
0 1 89567
0 1 89570
0 1 89571
0 1 89572
0 1 89574
0 1 89577
0 1 89579
0 1 89581
0 1 89582
0 1 89585
0 1 89590
0 1 89592
0 1 89593
0 1 89596
0 1 89597
0 1 89600
0 1 89602
0 1 89604
0 1 89608
0 1 89609
0 1 89610
0 1 89615
0 1 89617
0 1 89618
0 1 89620
0 1 89622
0 1 89624
0 1 89625
0 1 89631
0 1 89633
0 1 89637
0 1 89638
0 1 89640
0 1 89642
0 1 89650
0 1 89651
0 1 89653
0 1 89656
0 1 89659
0 1 89662
0 1 89663
0 1 89664
0 1 89668
0 1 89672
0 1 89674
0 1 89675
0 1 89681
0 1 89683
0 1 89684
0 1 89686
0 1 89687
0 1 89688
0 1 89691
0 1 89693
0 1 89694
0 1 89698
0 1 89703
0 1 89705
0 1 89713
0 1 89720
0 1 89722
0 1 89730
0 1 89736
0 1 89738
0 1 89739
0 1 89740
0 1 89742
0 1 89745
0 1 89746
0 1 89747
0 1 89750
0 1 89751
0 1 89755
0 1 89757
0 1 89761
0 1 89762
0 1 89763
0 1 89766
0 1 89767
0 1 89770
0 1 89772
0 1 89773
0 1 89778
0 1 89785
0 1 89789
0 1 89793
0 1 89795
0 1 89796
0 1 89799
0 1 89801
0 1 89803
0 1 89804
0 1 89806
0 1 89808
0 1 89809
0 1 89810
0 1 89813
0 1 89814
0 1 89816
0 1 89822
0 1 89823
0 1 89827
0 1 89831
0 1 89835
0 1 89839
0 1 89843
0 1 89846
0 1 89847
0 1 89848
0 1 89849
0 1 89850
0 1 89851
0 1 89852
0 1 89866
0 1 89867
0 1 89868
0 1 89872
0 1 89876
0 1 89877
0 1 89879
0 1 89884
0 1 89886
0 1 89887
0 1 89888
0 1 89889
0 1 89893
0 1 89894
0 1 89895
0 1 89897
0 1 89898
0 1 89899
0 1 89902
0 1 89906
0 1 89908
0 1 89911
0 1 89912
0 1 89914
0 1 89915
0 1 89917
0 1 89919
0 1 89921
0 1 89929
0 1 89932
0 1 89934
0 1 89935
0 1 89936
0 1 89937
0 1 89939
0 1 89945
0 1 89946
0 1 89949
0 1 89950
0 1 89953
0 1 89954
0 1 89963
0 1 89965
0 1 89969
0 1 89972
0 1 89981
0 1 89982
0 1 89984
0 1 89986
0 1 89987
0 1 89988
0 1 89989
0 1 89991
0 1 89992
0 1 89993
0 1 90003
0 1 90005
0 1 90009
0 1 90015
0 1 90016
0 1 90017
0 1 90018
0 1 90019
0 1 90020
0 1 90022
0 1 90023
0 1 90024
0 1 90026
0 1 90027
0 1 90030
0 1 90035
0 1 90037
0 1 90039
0 1 90042
0 1 90044
0 1 90050
0 1 90053
0 1 90054
0 1 90055
0 1 90056
0 1 90057
0 1 90058
0 1 90060
0 1 90065
0 1 90067
0 1 90069
0 1 90070
0 1 90072
0 1 90076
0 1 90077
0 1 90082
0 1 90087
0 1 90089
0 1 90091
0 1 90095
0 1 90098
0 1 90103
0 1 90104
0 1 90109
0 1 90115
0 1 90117
0 1 90120
0 1 90121
0 1 90123
0 1 90126
0 1 90128
0 1 90129
0 1 90134
0 1 90137
0 1 90141
0 1 90142
0 1 90144
0 1 90146
0 1 90148
0 1 90150
0 1 90154
0 1 90157
0 1 90158
0 1 90164
0 1 90165
0 1 90166
0 1 90170
0 1 90171
0 1 90172
0 1 90173
0 1 90174
0 1 90175
0 1 90178
0 1 90179
0 1 90180
0 1 90181
0 1 90187
0 1 90189
0 1 90190
0 1 90194
0 1 90196
0 1 90199
0 1 90200
0 1 90202
0 1 90207
0 1 90210
0 1 90214
0 1 90222
0 1 90223
0 1 90225
0 1 90226
0 1 90231
0 1 90236
0 1 90237
0 1 90238
0 1 90239
0 1 90243
0 1 90244
0 1 90247
0 1 90252
0 1 90253
0 1 90254
0 1 90255
0 1 90258
0 1 90259
0 1 90261
0 1 90265
0 1 90268
0 1 90272
0 1 90274
0 1 90280
0 1 90281
0 1 90283
0 1 90285
0 1 90290
0 1 90292
0 1 90293
0 1 90294
0 1 90297
0 1 90301
0 1 90302
0 1 90305
0 1 90306
0 1 90307
0 1 90309
0 1 90314
0 1 90315
0 1 90316
0 1 90320
0 1 90322
0 1 90326
0 1 90328
0 1 90329
0 1 90332
0 1 90334
0 1 90335
0 1 90336
0 1 90337
0 1 90338
0 1 90341
0 1 90343
0 1 90344
0 1 90346
0 1 90347
0 1 90350
0 1 90351
0 1 90352
0 1 90353
0 1 90354
0 1 90355
0 1 90357
0 1 90359
0 1 90361
0 1 90362
0 1 90365
0 1 90366
0 1 90368
0 1 90370
0 1 90373
0 1 90380
0 1 90382
0 1 90388
0 1 90390
0 1 90392
0 1 90395
0 1 90396
0 1 90398
0 1 90400
0 1 90404
0 1 90408
0 1 90409
0 1 90411
0 1 90414
0 1 90417
0 1 90418
0 1 90421
0 1 90424
0 1 90429
0 1 90434
0 1 90436
0 1 90438
0 1 90441
0 1 90444
0 1 90445
0 1 90446
0 1 90447
0 1 90450
0 1 90451
0 1 90452
0 1 90453
0 1 90454
0 1 90456
0 1 90457
0 1 90458
0 1 90460
0 1 90467
0 1 90469
0 1 90471
0 1 90476
0 1 90477
0 1 90478
0 1 90481
0 1 90483
0 1 90488
0 1 90492
0 1 90493
0 1 90494
0 1 90498
0 1 90501
0 1 90505
0 1 90506
0 1 90507
0 1 90508
0 1 90509
0 1 90516
0 1 90518
0 1 90519
0 1 90521
0 1 90522
0 1 90524
0 1 90531
0 1 90533
0 1 90534
0 1 90535
0 1 90537
0 1 90539
0 1 90544
0 1 90546
0 1 90548
0 1 90549
0 1 90550
0 1 90551
0 1 90552
0 1 90553
0 1 90561
0 1 90562
0 1 90563
0 1 90566
0 1 90572
0 1 90575
0 1 90576
0 1 90580
0 1 90584
0 1 90585
0 1 90590
0 1 90591
0 1 90600
0 1 90602
0 1 90604
0 1 90614
0 1 90615
0 1 90616
0 1 90621
0 1 90623
0 1 90624
0 1 90626
0 1 90627
0 1 90629
0 1 90642
0 1 90646
0 1 90647
0 1 90648
0 1 90649
0 1 90652
0 1 90653
0 1 90656
0 1 90658
0 1 90660
0 1 90664
0 1 90666
0 1 90668
0 1 90670
0 1 90671
0 1 90673
0 1 90675
0 1 90676
0 1 90678
0 1 90679
0 1 90683
0 1 90685
0 1 90689
0 1 90691
0 1 90692
0 1 90693
0 1 90694
0 1 90696
0 1 90697
0 1 90699
0 1 90700
0 1 90702
0 1 90703
0 1 90706
0 1 90707
0 1 90708
0 1 90711
0 1 90713
0 1 90714
0 1 90716
0 1 90718
0 1 90720
0 1 90721
0 1 90722
0 1 90724
0 1 90733
0 1 90734
0 1 90737
0 1 90738
0 1 90739
0 1 90744
0 1 90746
0 1 90748
0 1 90749
0 1 90752
0 1 90753
0 1 90755
0 1 90757
0 1 90760
0 1 90764
0 1 90765
0 1 90767
0 1 90770
0 1 90775
0 1 90776
0 1 90778
0 1 90779
0 1 90782
0 1 90784
0 1 90785
0 1 90786
0 1 90789
0 1 90793
0 1 90794
0 1 90795
0 1 90801
0 1 90808
0 1 90812
0 1 90818
0 1 90819
0 1 90821
0 1 90823
0 1 90825
0 1 90831
0 1 90834
0 1 90835
0 1 90840
0 1 90841
0 1 90842
0 1 90844
0 1 90845
0 1 90847
0 1 90848
0 1 90849
0 1 90854
0 1 90861
0 1 90867
0 1 90868
0 1 90871
0 1 90874
0 1 90875
0 1 90876
0 1 90880
0 1 90883
0 1 90885
0 1 90887
0 1 90890
0 1 90892
0 1 90896
0 1 90899
0 1 90900
0 1 90902
0 1 90905
0 1 90908
0 1 90911
0 1 90913
0 1 90914
0 1 90920
0 1 90926
0 1 90927
0 1 90933
0 1 90934
0 1 90936
0 1 90937
0 1 90938
0 1 90939
0 1 90940
0 1 90941
0 1 90942
0 1 90943
0 1 90946
0 1 90955
0 1 90956
0 1 90958
0 1 90962
0 1 90966
0 1 90969
0 1 90972
0 1 90973
0 1 90977
0 1 90978
0 1 90980
0 1 90981
0 1 90982
0 1 90984
0 1 90985
0 1 90988
0 1 90989
0 1 90991
0 1 90993
0 1 90995
0 1 90996
0 1 90998
0 1 91000
0 1 91004
0 1 91006
0 1 91008
0 1 91014
0 1 91015
0 1 91018
0 1 91024
0 1 91030
0 1 91032
0 1 91033
0 1 91034
0 1 91036
0 1 91037
0 1 91041
0 1 91043
0 1 91045
0 1 91054
0 1 91057
0 1 91060
0 1 91062
0 1 91064
0 1 91065
0 1 91067
0 1 91068
0 1 91070
0 1 91072
0 1 91079
0 1 91080
0 1 91084
0 1 91086
0 1 91095
0 1 91097
0 1 91101
0 1 91108
0 1 91112
0 1 91115
0 1 91116
0 1 91117
0 1 91118
0 1 91121
0 1 91122
0 1 91124
0 1 91126
0 1 91127
0 1 91129
0 1 91131
0 1 91141
0 1 91142
0 1 91143
0 1 91151
0 1 91163
0 1 91165
0 1 91166
0 1 91167
0 1 91168
0 1 91169
0 1 91170
0 1 91176
0 1 91177
0 1 91178
0 1 91179
0 1 91182
0 1 91183
0 1 91188
0 1 91189
0 1 91194
0 1 91200
0 1 91206
0 1 91208
0 1 91210
0 1 91211
0 1 91215
0 1 91220
0 1 91222
0 1 91225
0 1 91230
0 1 91234
0 1 91238
0 1 91239
0 1 91241
0 1 91242
0 1 91243
0 1 91244
0 1 91245
0 1 91246
0 1 91247
0 1 91262
0 1 91266
0 1 91268
0 1 91269
0 1 91271
0 1 91274
0 1 91275
0 1 91278
0 1 91282
0 1 91286
0 1 91287
0 1 91289
0 1 91290
0 1 91293
0 1 91295
0 1 91296
0 1 91297
0 1 91301
0 1 91309
0 1 91310
0 1 91311
0 1 91317
0 1 91321
0 1 91323
0 1 91324
0 1 91326
0 1 91327
0 1 91329
0 1 91331
0 1 91333
0 1 91335
0 1 91336
0 1 91337
0 1 91341
0 1 91342
0 1 91350
0 1 91355
0 1 91356
0 1 91358
0 1 91360
0 1 91363
0 1 91365
0 1 91366
0 1 91368
0 1 91370
0 1 91371
0 1 91373
0 1 91374
0 1 91377
0 1 91381
0 1 91384
0 1 91385
0 1 91388
0 1 91393
0 1 91396
0 1 91397
0 1 91400
0 1 91402
0 1 91405
0 1 91409
0 1 91415
0 1 91417
0 1 91418
0 1 91419
0 1 91421
0 1 91425
0 1 91427
0 1 91432
0 1 91434
0 1 91436
0 1 91438
0 1 91439
0 1 91445
0 1 91446
0 1 91447
0 1 91448
0 1 91451
0 1 91458
0 1 91459
0 1 91461
0 1 91464
0 1 91465
0 1 91471
0 1 91474
0 1 91476
0 1 91477
0 1 91484
0 1 91489
0 1 91490
0 1 91491
0 1 91498
0 1 91499
0 1 91502
0 1 91503
0 1 91505
0 1 91509
0 1 91512
0 1 91516
0 1 91518
0 1 91520
0 1 91523
0 1 91527
0 1 91529
0 1 91530
0 1 91531
0 1 91532
0 1 91533
0 1 91535
0 1 91536
0 1 91538
0 1 91539
0 1 91540
0 1 91543
0 1 91544
0 1 91546
0 1 91547
0 1 91553
0 1 91554
0 1 91558
0 1 91563
0 1 91566
0 1 91571
0 1 91574
0 1 91575
0 1 91577
0 1 91578
0 1 91581
0 1 91583
0 1 91587
0 1 91590
0 1 91591
0 1 91593
0 1 91595
0 1 91599
0 1 91600
0 1 91611
0 1 91612
0 1 91617
0 1 91618
0 1 91619
0 1 91620
0 1 91625
0 1 91629
0 1 91632
0 1 91637
0 1 91639
0 1 91643
0 1 91647
0 1 91655
0 1 91657
0 1 91658
0 1 91660
0 1 91663
0 1 91664
0 1 91665
0 1 91668
0 1 91669
0 1 91677
0 1 91679
0 1 91681
0 1 91682
0 1 91683
0 1 91684
0 1 91685
0 1 91686
0 1 91688
0 1 91689
0 1 91704
0 1 91708
0 1 91709
0 1 91711
0 1 91712
0 1 91714
0 1 91716
0 1 91717
0 1 91718
0 1 91719
0 1 91722
0 1 91724
0 1 91725
0 1 91726
0 1 91727
0 1 91733
0 1 91734
0 1 91735
0 1 91736
0 1 91737
0 1 91738
0 1 91739
0 1 91740
0 1 91746
0 1 91749
0 1 91752
0 1 91756
0 1 91757
0 1 91761
0 1 91768
0 1 91771
0 1 91775
0 1 91777
0 1 91779
0 1 91780
0 1 91784
0 1 91785
0 1 91786
0 1 91788
0 1 91792
0 1 91793
0 1 91796
0 1 91798
0 1 91799
0 1 91800
0 1 91804
0 1 91805
0 1 91807
0 1 91809
0 1 91814
0 1 91817
0 1 91820
0 1 91821
0 1 91824
0 1 91826
0 1 91827
0 1 91828
0 1 91830
0 1 91831
0 1 91832
0 1 91834
0 1 91837
0 1 91846
0 1 91848
0 1 91850
0 1 91852
0 1 91853
0 1 91854
0 1 91856
0 1 91857
0 1 91859
0 1 91860
0 1 91861
0 1 91863
0 1 91867
0 1 91868
0 1 91870
0 1 91872
0 1 91873
0 1 91875
0 1 91877
0 1 91879
0 1 91880
0 1 91882
0 1 91885
0 1 91886
0 1 91890
0 1 91891
0 1 91892
0 1 91894
0 1 91901
0 1 91902
0 1 91910
0 1 91911
0 1 91912
0 1 91913
0 1 91917
0 1 91918
0 1 91920
0 1 91921
0 1 91922
0 1 91923
0 1 91924
0 1 91926
0 1 91928
0 1 91932
0 1 91937
0 1 91940
0 1 91942
0 1 91943
0 1 91945
0 1 91946
0 1 91950
0 1 91951
0 1 91953
0 1 91958
0 1 91960
0 1 91964
0 1 91965
0 1 91972
0 1 91974
0 1 91975
0 1 91978
0 1 91983
0 1 91989
0 1 91991
0 1 91994
0 1 91995
0 1 91997
0 1 91998
0 1 92000
0 1 92004
0 1 92007
0 1 92008
0 1 92009
0 1 92011
0 1 92013
0 1 92025
0 1 92029
0 1 92030
0 1 92033
0 1 92035
0 1 92037
0 1 92038
0 1 92042
0 1 92044
0 1 92045
0 1 92048
0 1 92049
0 1 92050
0 1 92052
0 1 92054
0 1 92056
0 1 92058
0 1 92059
0 1 92061
0 1 92062
0 1 92064
0 1 92072
0 1 92073
0 1 92074
0 1 92075
0 1 92079
0 1 92080
0 1 92082
0 1 92085
0 1 92090
0 1 92091
0 1 92092
0 1 92095
0 1 92096
0 1 92098
0 1 92100
0 1 92102
0 1 92103
0 1 92105
0 1 92108
0 1 92113
0 1 92114
0 1 92115
0 1 92116
0 1 92118
0 1 92120
0 1 92126
0 1 92127
0 1 92135
0 1 92136
0 1 92137
0 1 92138
0 1 92144
0 1 92145
0 1 92153
0 1 92156
0 1 92157
0 1 92158
0 1 92161
0 1 92163
0 1 92165
0 1 92170
0 1 92174
0 1 92175
0 1 92177
0 1 92181
0 1 92182
0 1 92185
0 1 92187
0 1 92189
0 1 92192
0 1 92194
0 1 92195
0 1 92196
0 1 92197
0 1 92198
0 1 92203
0 1 92209
0 1 92211
0 1 92214
0 1 92216
0 1 92218
0 1 92220
0 1 92225
0 1 92226
0 1 92229
0 1 92230
0 1 92231
0 1 92238
0 1 92239
0 1 92240
0 1 92241
0 1 92242
0 1 92245
0 1 92247
0 1 92249
0 1 92257
0 1 92260
0 1 92262
0 1 92265
0 1 92270
0 1 92273
0 1 92275
0 1 92276
0 1 92282
0 1 92283
0 1 92286
0 1 92291
0 1 92292
0 1 92295
0 1 92301
0 1 92305
0 1 92307
0 1 92308
0 1 92312
0 1 92314
0 1 92315
0 1 92316
0 1 92320
0 1 92321
0 1 92326
0 1 92327
0 1 92328
0 1 92329
0 1 92330
0 1 92331
0 1 92337
0 1 92341
0 1 92345
0 1 92346
0 1 92347
0 1 92348
0 1 92353
0 1 92354
0 1 92369
0 1 92373
0 1 92377
0 1 92381
0 1 92384
0 1 92385
0 1 92388
0 1 92390
0 1 92392
0 1 92394
0 1 92398
0 1 92399
0 1 92408
0 1 92413
0 1 92414
0 1 92416
0 1 92418
0 1 92419
0 1 92422
0 1 92431
0 1 92432
0 1 92433
0 1 92439
0 1 92440
0 1 92445
0 1 92446
0 1 92447
0 1 92448
0 1 92451
0 1 92454
0 1 92456
0 1 92459
0 1 92466
0 1 92467
0 1 92469
0 1 92473
0 1 92477
0 1 92479
0 1 92488
0 1 92489
0 1 92498
0 1 92500
0 1 92503
0 1 92504
0 1 92508
0 1 92509
0 1 92511
0 1 92512
0 1 92513
0 1 92518
0 1 92520
0 1 92522
0 1 92523
0 1 92524
0 1 92526
0 1 92529
0 1 92531
0 1 92532
0 1 92536
0 1 92538
0 1 92543
0 1 92548
0 1 92549
0 1 92550
0 1 92551
0 1 92554
0 1 92555
0 1 92559
0 1 92567
0 1 92569
0 1 92572
0 1 92578
0 1 92579
0 1 92583
0 1 92587
0 1 92588
0 1 92590
0 1 92591
0 1 92593
0 1 92596
0 1 92599
0 1 92600
0 1 92601
0 1 92602
0 1 92603
0 1 92608
0 1 92611
0 1 92614
0 1 92615
0 1 92618
0 1 92619
0 1 92620
0 1 92623
0 1 92624
0 1 92627
0 1 92628
0 1 92630
0 1 92634
0 1 92635
0 1 92639
0 1 92640
0 1 92642
0 1 92643
0 1 92644
0 1 92645
0 1 92646
0 1 92647
0 1 92653
0 1 92655
0 1 92657
0 1 92659
0 1 92661
0 1 92666
0 1 92669
0 1 92670
0 1 92671
0 1 92672
0 1 92674
0 1 92683
0 1 92685
0 1 92692
0 1 92696
0 1 92699
0 1 92700
0 1 92701
0 1 92707
0 1 92710
0 1 92711
0 1 92713
0 1 92714
0 1 92715
0 1 92718
0 1 92720
0 1 92725
0 1 92726
0 1 92728
0 1 92730
0 1 92731
0 1 92732
0 1 92733
0 1 92734
0 1 92735
0 1 92736
0 1 92737
0 1 92738
0 1 92742
0 1 92750
0 1 92752
0 1 92754
0 1 92755
0 1 92756
0 1 92759
0 1 92760
0 1 92761
0 1 92764
0 1 92765
0 1 92766
0 1 92770
0 1 92775
0 1 92779
0 1 92780
0 1 92782
0 1 92783
0 1 92788
0 1 92789
0 1 92790
0 1 92792
0 1 92793
0 1 92796
0 1 92798
0 1 92800
0 1 92801
0 1 92803
0 1 92804
0 1 92806
0 1 92811
0 1 92812
0 1 92814
0 1 92816
0 1 92817
0 1 92818
0 1 92820
0 1 92832
0 1 92835
0 1 92836
0 1 92843
0 1 92844
0 1 92845
0 1 92847
0 1 92852
0 1 92856
0 1 92857
0 1 92859
0 1 92862
0 1 92864
0 1 92869
0 1 92871
0 1 92873
0 1 92876
0 1 92879
0 1 92880
0 1 92882
0 1 92885
0 1 92888
0 1 92889
0 1 92891
0 1 92894
0 1 92895
0 1 92898
0 1 92900
0 1 92901
0 1 92902
0 1 92903
0 1 92904
0 1 92908
0 1 92909
0 1 92910
0 1 92911
0 1 92912
0 1 92918
0 1 92919
0 1 92923
0 1 92929
0 1 92930
0 1 92932
0 1 92936
0 1 92938
0 1 92939
0 1 92941
0 1 92942
0 1 92945
0 1 92950
0 1 92952
0 1 92953
0 1 92954
0 1 92956
0 1 92959
0 1 92962
0 1 92963
0 1 92966
0 1 92972
0 1 92975
0 1 92976
0 1 92984
0 1 92986
0 1 92987
0 1 92990
0 1 92992
0 1 92994
0 1 92997
0 1 92998
0 1 92999
0 1 93003
0 1 93004
0 1 93005
0 1 93007
0 1 93009
0 1 93012
0 1 93013
0 1 93014
0 1 93015
0 1 93018
0 1 93021
0 1 93022
0 1 93023
0 1 93024
0 1 93026
0 1 93027
0 1 93031
0 1 93032
0 1 93033
0 1 93034
0 1 93035
0 1 93039
0 1 93040
0 1 93045
0 1 93046
0 1 93047
0 1 93049
0 1 93051
0 1 93053
0 1 93055
0 1 93059
0 1 93062
0 1 93063
0 1 93069
0 1 93070
0 1 93079
0 1 93081
0 1 93082
0 1 93085
0 1 93086
0 1 93089
0 1 93093
0 1 93100
0 1 93101
0 1 93102
0 1 93104
0 1 93106
0 1 93107
0 1 93108
0 1 93114
0 1 93117
0 1 93118
0 1 93126
0 1 93131
0 1 93135
0 1 93136
0 1 93137
0 1 93142
0 1 93143
0 1 93146
0 1 93148
0 1 93156
0 1 93157
0 1 93166
0 1 93168
0 1 93171
0 1 93173
0 1 93177
0 1 93178
0 1 93179
0 1 93186
0 1 93190
0 1 93192
0 1 93193
0 1 93199
0 1 93204
0 1 93206
0 1 93207
0 1 93211
0 1 93212
0 1 93213
0 1 93214
0 1 93216
0 1 93218
0 1 93219
0 1 93223
0 1 93224
0 1 93231
0 1 93233
0 1 93235
0 1 93237
0 1 93238
0 1 93241
0 1 93243
0 1 93246
0 1 93247
0 1 93251
0 1 93255
0 1 93256
0 1 93258
0 1 93259
0 1 93262
0 1 93264
0 1 93265
0 1 93268
0 1 93269
0 1 93271
0 1 93273
0 1 93274
0 1 93276
0 1 93278
0 1 93282
0 1 93283
0 1 93284
0 1 93285
0 1 93291
0 1 93292
0 1 93297
0 1 93298
0 1 93299
0 1 93301
0 1 93302
0 1 93304
0 1 93306
0 1 93307
0 1 93313
0 1 93316
0 1 93320
0 1 93322
0 1 93323
0 1 93324
0 1 93325
0 1 93328
0 1 93329
0 1 93330
0 1 93331
0 1 93333
0 1 93336
0 1 93337
0 1 93339
0 1 93343
0 1 93348
0 1 93349
0 1 93353
0 1 93355
0 1 93358
0 1 93359
0 1 93362
0 1 93363
0 1 93364
0 1 93366
0 1 93368
0 1 93371
0 1 93373
0 1 93376
0 1 93378
0 1 93379
0 1 93383
0 1 93384
0 1 93387
0 1 93390
0 1 93391
0 1 93392
0 1 93395
0 1 93398
0 1 93399
0 1 93404
0 1 93409
0 1 93413
0 1 93414
0 1 93416
0 1 93417
0 1 93418
0 1 93419
0 1 93421
0 1 93427
0 1 93430
0 1 93431
0 1 93433
0 1 93434
0 1 93440
0 1 93441
0 1 93447
0 1 93451
0 1 93452
0 1 93454
0 1 93455
0 1 93462
0 1 93465
0 1 93471
0 1 93476
0 1 93479
0 1 93481
0 1 93483
0 1 93486
0 1 93491
0 1 93492
0 1 93495
0 1 93499
0 1 93500
0 1 93501
0 1 93502
0 1 93505
0 1 93507
0 1 93509
0 1 93511
0 1 93513
0 1 93516
0 1 93519
0 1 93520
0 1 93521
0 1 93522
0 1 93524
0 1 93526
0 1 93527
0 1 93529
0 1 93530
0 1 93531
0 1 93532
0 1 93533
0 1 93536
0 1 93538
0 1 93540
0 1 93541
0 1 93542
0 1 93543
0 1 93545
0 1 93546
0 1 93547
0 1 93550
0 1 93552
0 1 93554
0 1 93555
0 1 93558
0 1 93561
0 1 93562
0 1 93565
0 1 93566
0 1 93570
0 1 93573
0 1 93586
0 1 93587
0 1 93588
0 1 93589
0 1 93590
0 1 93596
0 1 93601
0 1 93603
0 1 93605
0 1 93607
0 1 93608
0 1 93612
0 1 93616
0 1 93617
0 1 93620
0 1 93624
0 1 93625
0 1 93627
0 1 93628
0 1 93633
0 1 93634
0 1 93640
0 1 93641
0 1 93642
0 1 93645
0 1 93647
0 1 93650
0 1 93651
0 1 93652
0 1 93654
0 1 93655
0 1 93657
0 1 93659
0 1 93664
0 1 93665
0 1 93666
0 1 93667
0 1 93671
0 1 93672
0 1 93676
0 1 93679
0 1 93680
0 1 93681
0 1 93683
0 1 93684
0 1 93686
0 1 93688
0 1 93690
0 1 93693
0 1 93694
0 1 93695
0 1 93696
0 1 93697
0 1 93700
0 1 93702
0 1 93704
0 1 93705
0 1 93708
0 1 93711
0 1 93724
0 1 93726
0 1 93727
0 1 93732
0 1 93733
0 1 93735
0 1 93737
0 1 93738
0 1 93739
0 1 93741
0 1 93744
0 1 93747
0 1 93748
0 1 93750
0 1 93751
0 1 93753
0 1 93754
0 1 93755
0 1 93756
0 1 93759
0 1 93760
0 1 93764
0 1 93766
0 1 93767
0 1 93773
0 1 93782
0 1 93783
0 1 93788
0 1 93790
0 1 93791
0 1 93794
0 1 93798
0 1 93800
0 1 93803
0 1 93805
0 1 93812
0 1 93813
0 1 93814
0 1 93817
0 1 93819
0 1 93821
0 1 93823
0 1 93824
0 1 93825
0 1 93827
0 1 93833
0 1 93836
0 1 93837
0 1 93841
0 1 93843
0 1 93845
0 1 93846
0 1 93850
0 1 93854
0 1 93855
0 1 93856
0 1 93857
0 1 93863
0 1 93865
0 1 93868
0 1 93871
0 1 93872
0 1 93873
0 1 93874
0 1 93875
0 1 93879
0 1 93881
0 1 93882
0 1 93887
0 1 93888
0 1 93889
0 1 93891
0 1 93894
0 1 93895
0 1 93897
0 1 93898
0 1 93900
0 1 93901
0 1 93902
0 1 93903
0 1 93906
0 1 93908
0 1 93912
0 1 93913
0 1 93915
0 1 93917
0 1 93919
0 1 93920
0 1 93922
0 1 93923
0 1 93925
0 1 93926
0 1 93935
0 1 93938
0 1 93944
0 1 93947
0 1 93949
0 1 93950
0 1 93951
0 1 93953
0 1 93960
0 1 93961
0 1 93967
0 1 93969
0 1 93975
0 1 93976
0 1 93979
0 1 93980
0 1 93981
0 1 93982
0 1 93983
0 1 93984
0 1 93985
0 1 93989
0 1 93990
0 1 93991
0 1 93993
0 1 93994
0 1 93995
0 1 93997
0 1 93998
0 1 94000
0 1 94001
0 1 94005
0 1 94007
0 1 94008
0 1 94009
0 1 94012
0 1 94013
0 1 94014
0 1 94018
0 1 94022
0 1 94024
0 1 94025
0 1 94033
0 1 94039
0 1 94040
0 1 94044
0 1 94045
0 1 94050
0 1 94051
0 1 94052
0 1 94053
0 1 94054
0 1 94055
0 1 94056
0 1 94061
0 1 94063
0 1 94068
0 1 94072
0 1 94078
0 1 94080
0 1 94081
0 1 94083
0 1 94087
0 1 94088
0 1 94091
0 1 94093
0 1 94097
0 1 94098
0 1 94101
0 1 94104
0 1 94105
0 1 94109
0 1 94110
0 1 94114
0 1 94120
0 1 94123
0 1 94124
0 1 94125
0 1 94127
0 1 94128
0 1 94130
0 1 94132
0 1 94138
0 1 94139
0 1 94141
0 1 94143
0 1 94148
0 1 94150
0 1 94155
0 1 94158
0 1 94159
0 1 94162
0 1 94163
0 1 94164
0 1 94166
0 1 94167
0 1 94171
0 1 94173
0 1 94175
0 1 94177
0 1 94178
0 1 94179
0 1 94184
0 1 94185
0 1 94189
0 1 94191
0 1 94192
0 1 94195
0 1 94196
0 1 94203
0 1 94207
0 1 94209
0 1 94211
0 1 94212
0 1 94213
0 1 94214
0 1 94215
0 1 94216
0 1 94217
0 1 94220
0 1 94224
0 1 94226
0 1 94227
0 1 94231
0 1 94233
0 1 94236
0 1 94239
0 1 94240
0 1 94241
0 1 94242
0 1 94243
0 1 94247
0 1 94249
0 1 94251
0 1 94252
0 1 94253
0 1 94254
0 1 94256
0 1 94258
0 1 94259
0 1 94261
0 1 94262
0 1 94263
0 1 94267
0 1 94271
0 1 94273
0 1 94274
0 1 94276
0 1 94283
0 1 94284
0 1 94291
0 1 94293
0 1 94301
0 1 94306
0 1 94308
0 1 94310
0 1 94313
0 1 94315
0 1 94318
0 1 94321
0 1 94322
0 1 94325
0 1 94328
0 1 94329
0 1 94332
0 1 94333
0 1 94335
0 1 94336
0 1 94338
0 1 94339
0 1 94342
0 1 94343
0 1 94345
0 1 94346
0 1 94347
0 1 94349
0 1 94355
0 1 94356
0 1 94357
0 1 94360
0 1 94361
0 1 94363
0 1 94365
0 1 94367
0 1 94368
0 1 94370
0 1 94371
0 1 94372
0 1 94376
0 1 94377
0 1 94378
0 1 94383
0 1 94385
0 1 94387
0 1 94391
0 1 94397
0 1 94405
0 1 94407
0 1 94408
0 1 94409
0 1 94410
0 1 94411
0 1 94412
0 1 94413
0 1 94416
0 1 94422
0 1 94423
0 1 94425
0 1 94426
0 1 94429
0 1 94436
0 1 94440
0 1 94441
0 1 94442
0 1 94445
0 1 94446
0 1 94447
0 1 94450
0 1 94451
0 1 94453
0 1 94455
0 1 94456
0 1 94464
0 1 94467
0 1 94468
0 1 94470
0 1 94471
0 1 94473
0 1 94478
0 1 94479
0 1 94481
0 1 94483
0 1 94487
0 1 94488
0 1 94490
0 1 94491
0 1 94503
0 1 94509
0 1 94519
0 1 94521
0 1 94525
0 1 94526
0 1 94528
0 1 94533
0 1 94534
0 1 94537
0 1 94538
0 1 94541
0 1 94544
0 1 94551
0 1 94552
0 1 94555
0 1 94557
0 1 94560
0 1 94563
0 1 94567
0 1 94568
0 1 94570
0 1 94571
0 1 94574
0 1 94578
0 1 94581
0 1 94583
0 1 94584
0 1 94586
0 1 94592
0 1 94594
0 1 94596
0 1 94604
0 1 94608
0 1 94609
0 1 94613
0 1 94615
0 1 94616
0 1 94617
0 1 94620
0 1 94622
0 1 94624
0 1 94626
0 1 94629
0 1 94633
0 1 94634
0 1 94637
0 1 94640
0 1 94643
0 1 94644
0 1 94651
0 1 94654
0 1 94660
0 1 94662
0 1 94665
0 1 94666
0 1 94667
0 1 94671
0 1 94673
0 1 94674
0 1 94688
0 1 94690
0 1 94691
0 1 94692
0 1 94695
0 1 94698
0 1 94700
0 1 94702
0 1 94708
0 1 94709
0 1 94714
0 1 94715
0 1 94716
0 1 94717
0 1 94720
0 1 94722
0 1 94724
0 1 94725
0 1 94728
0 1 94729
0 1 94731
0 1 94732
0 1 94733
0 1 94734
0 1 94736
0 1 94742
0 1 94746
0 1 94747
0 1 94750
0 1 94753
0 1 94755
0 1 94758
0 1 94759
0 1 94760
0 1 94762
0 1 94766
0 1 94767
0 1 94768
0 1 94770
0 1 94771
0 1 94773
0 1 94776
0 1 94778
0 1 94780
0 1 94781
0 1 94783
0 1 94786
0 1 94787
0 1 94788
0 1 94790
0 1 94791
0 1 94794
0 1 94795
0 1 94798
0 1 94799
0 1 94803
0 1 94804
0 1 94807
0 1 94808
0 1 94811
0 1 94816
0 1 94819
0 1 94820
0 1 94821
0 1 94822
0 1 94824
0 1 94826
0 1 94828
0 1 94831
0 1 94832
0 1 94839
0 1 94843
0 1 94844
0 1 94846
0 1 94848
0 1 94849
0 1 94852
0 1 94854
0 1 94857
0 1 94858
0 1 94862
0 1 94863
0 1 94866
0 1 94869
0 1 94872
0 1 94873
0 1 94875
0 1 94880
0 1 94883
0 1 94886
0 1 94888
0 1 94889
0 1 94897
0 1 94903
0 1 94908
0 1 94911
0 1 94913
0 1 94915
0 1 94916
0 1 94925
0 1 94926
0 1 94927
0 1 94928
0 1 94929
0 1 94933
0 1 94935
0 1 94942
0 1 94946
0 1 94949
0 1 94950
0 1 94952
0 1 94953
0 1 94954
0 1 94964
0 1 94966
0 1 94970
0 1 94971
0 1 94972
0 1 94974
0 1 94977
0 1 94979
0 1 94981
0 1 94986
0 1 94988
0 1 94989
0 1 94995
0 1 94997
0 1 94999
0 1 95001
0 1 95003
0 1 95006
0 1 95008
0 1 95011
0 1 95014
0 1 95018
0 1 95021
0 1 95027
0 1 95033
0 1 95039
0 1 95040
0 1 95041
0 1 95043
0 1 95045
0 1 95046
0 1 95047
0 1 95054
0 1 95060
0 1 95063
0 1 95065
0 1 95071
0 1 95072
0 1 95073
0 1 95074
0 1 95078
0 1 95079
0 1 95081
0 1 95087
0 1 95088
0 1 95090
0 1 95093
0 1 95094
0 1 95097
0 1 95101
0 1 95104
0 1 95105
0 1 95107
0 1 95110
0 1 95111
0 1 95113
0 1 95114
0 1 95115
0 1 95123
0 1 95131
0 1 95132
0 1 95133
0 1 95136
0 1 95137
0 1 95141
0 1 95143
0 1 95144
0 1 95146
0 1 95147
0 1 95148
0 1 95150
0 1 95156
0 1 95158
0 1 95159
0 1 95164
0 1 95166
0 1 95174
0 1 95177
0 1 95186
0 1 95190
0 1 95191
0 1 95193
0 1 95202
0 1 95205
0 1 95208
0 1 95210
0 1 95216
0 1 95223
0 1 95224
0 1 95233
0 1 95238
0 1 95240
0 1 95244
0 1 95247
0 1 95249
0 1 95250
0 1 95251
0 1 95252
0 1 95254
0 1 95257
0 1 95258
0 1 95259
0 1 95260
0 1 95263
0 1 95264
0 1 95265
0 1 95269
0 1 95271
0 1 95273
0 1 95274
0 1 95277
0 1 95281
0 1 95282
0 1 95283
0 1 95284
0 1 95286
0 1 95287
0 1 95288
0 1 95291
0 1 95294
0 1 95295
0 1 95300
0 1 95303
0 1 95304
0 1 95305
0 1 95306
0 1 95307
0 1 95314
0 1 95316
0 1 95321
0 1 95323
0 1 95330
0 1 95334
0 1 95335
0 1 95336
0 1 95340
0 1 95342
0 1 95344
0 1 95350
0 1 95355
0 1 95356
0 1 95358
0 1 95359
0 1 95360
0 1 95361
0 1 95362
0 1 95366
0 1 95368
0 1 95370
0 1 95380
0 1 95382
0 1 95389
0 1 95394
0 1 95398
0 1 95399
0 1 95402
0 1 95403
0 1 95404
0 1 95407
0 1 95408
0 1 95412
0 1 95416
0 1 95418
0 1 95419
0 1 95425
0 1 95429
0 1 95431
0 1 95433
0 1 95435
0 1 95442
0 1 95445
0 1 95446
0 1 95449
0 1 95452
0 1 95455
0 1 95459
0 1 95460
0 1 95463
0 1 95464
0 1 95466
0 1 95469
0 1 95470
0 1 95474
0 1 95476
0 1 95477
0 1 95480
0 1 95485
0 1 95488
0 1 95490
0 1 95491
0 1 95492
0 1 95494
0 1 95497
0 1 95500
0 1 95501
0 1 95506
0 1 95510
0 1 95512
0 1 95513
0 1 95515
0 1 95516
0 1 95520
0 1 95524
0 1 95531
0 1 95532
0 1 95538
0 1 95539
0 1 95540
0 1 95541
0 1 95542
0 1 95546
0 1 95552
0 1 95555
0 1 95556
0 1 95558
0 1 95561
0 1 95564
0 1 95578
0 1 95584
0 1 95588
0 1 95589
0 1 95596
0 1 95599
0 1 95600
0 1 95601
0 1 95604
0 1 95607
0 1 95608
0 1 95609
0 1 95610
0 1 95613
0 1 95616
0 1 95620
0 1 95621
0 1 95624
0 1 95630
0 1 95636
0 1 95645
0 1 95646
0 1 95650
0 1 95651
0 1 95652
0 1 95653
0 1 95655
0 1 95656
0 1 95660
0 1 95662
0 1 95668
0 1 95669
0 1 95671
0 1 95675
0 1 95676
0 1 95677
0 1 95681
0 1 95685
0 1 95689
0 1 95695
0 1 95699
0 1 95700
0 1 95703
0 1 95707
0 1 95708
0 1 95712
0 1 95716
0 1 95721
0 1 95722
0 1 95724
0 1 95725
0 1 95726
0 1 95728
0 1 95731
0 1 95734
0 1 95743
0 1 95745
0 1 95746
0 1 95750
0 1 95752
0 1 95753
0 1 95754
0 1 95755
0 1 95757
0 1 95758
0 1 95760
0 1 95765
0 1 95766
0 1 95768
0 1 95769
0 1 95770
0 1 95771
0 1 95773
0 1 95775
0 1 95777
0 1 95780
0 1 95782
0 1 95783
0 1 95787
0 1 95788
0 1 95791
0 1 95795
0 1 95800
0 1 95802
0 1 95803
0 1 95805
0 1 95806
0 1 95808
0 1 95810
0 1 95811
0 1 95814
0 1 95815
0 1 95817
0 1 95818
0 1 95819
0 1 95821
0 1 95825
0 1 95826
0 1 95828
0 1 95830
0 1 95832
0 1 95835
0 1 95845
0 1 95848
0 1 95852
0 1 95853
0 1 95854
0 1 95857
0 1 95861
0 1 95866
0 1 95874
0 1 95875
0 1 95876
0 1 95877
0 1 95878
0 1 95879
0 1 95880
0 1 95886
0 1 95887
0 1 95889
0 1 95895
0 1 95896
0 1 95899
0 1 95900
0 1 95902
0 1 95903
0 1 95905
0 1 95907
0 1 95909
0 1 95913
0 1 95916
0 1 95922
0 1 95925
0 1 95927
0 1 95929
0 1 95936
0 1 95937
0 1 95941
0 1 95943
0 1 95944
0 1 95945
0 1 95949
0 1 95950
0 1 95952
0 1 95959
0 1 95961
0 1 95962
0 1 95964
0 1 95965
0 1 95970
0 1 95973
0 1 95974
0 1 95976
0 1 95978
0 1 95979
0 1 95982
0 1 95986
0 1 95988
0 1 95989
0 1 95994
0 1 95996
0 1 95997
0 1 96002
0 1 96004
0 1 96005
0 1 96008
0 1 96010
0 1 96012
0 1 96014
0 1 96017
0 1 96018
0 1 96019
0 1 96022
0 1 96025
0 1 96031
0 1 96032
0 1 96033
0 1 96037
0 1 96044
0 1 96045
0 1 96046
0 1 96049
0 1 96052
0 1 96053
0 1 96055
0 1 96056
0 1 96057
0 1 96058
0 1 96059
0 1 96064
0 1 96067
0 1 96069
0 1 96071
0 1 96074
0 1 96075
0 1 96076
0 1 96078
0 1 96079
0 1 96080
0 1 96081
0 1 96086
0 1 96088
0 1 96092
0 1 96093
0 1 96094
0 1 96095
0 1 96098
0 1 96101
0 1 96102
0 1 96103
0 1 96104
0 1 96106
0 1 96108
0 1 96111
0 1 96116
0 1 96117
0 1 96118
0 1 96121
0 1 96124
0 1 96125
0 1 96128
0 1 96129
0 1 96130
0 1 96135
0 1 96136
0 1 96137
0 1 96138
0 1 96144
0 1 96145
0 1 96147
0 1 96150
0 1 96152
0 1 96155
0 1 96159
0 1 96161
0 1 96162
0 1 96171
0 1 96176
0 1 96179
0 1 96180
0 1 96182
0 1 96185
0 1 96186
0 1 96187
0 1 96189
0 1 96195
0 1 96196
0 1 96198
0 1 96200
0 1 96202
0 1 96204
0 1 96206
0 1 96208
0 1 96209
0 1 96212
0 1 96213
0 1 96214
0 1 96220
0 1 96222
0 1 96230
0 1 96233
0 1 96234
0 1 96236
0 1 96243
0 1 96248
0 1 96249
0 1 96250
0 1 96251
0 1 96258
0 1 96272
0 1 96279
0 1 96293
0 1 96294
0 1 96295
0 1 96297
0 1 96298
0 1 96303
0 1 96305
0 1 96307
0 1 96311
0 1 96312
0 1 96316
0 1 96324
0 1 96325
0 1 96330
0 1 96332
0 1 96334
0 1 96342
0 1 96343
0 1 96344
0 1 96345
0 1 96348
0 1 96350
0 1 96351
0 1 96355
0 1 96356
0 1 96357
0 1 96359
0 1 96360
0 1 96363
0 1 96364
0 1 96366
0 1 96367
0 1 96371
0 1 96373
0 1 96377
0 1 96378
0 1 96380
0 1 96381
0 1 96383
0 1 96384
0 1 96387
0 1 96389
0 1 96394
0 1 96395
0 1 96400
0 1 96402
0 1 96405
0 1 96408
0 1 96410
0 1 96417
0 1 96420
0 1 96421
0 1 96422
0 1 96423
0 1 96424
0 1 96427
0 1 96430
0 1 96431
0 1 96433
0 1 96437
0 1 96441
0 1 96446
0 1 96452
0 1 96453
0 1 96454
0 1 96457
0 1 96458
0 1 96459
0 1 96460
0 1 96465
0 1 96466
0 1 96471
0 1 96472
0 1 96475
0 1 96477
0 1 96482
0 1 96484
0 1 96486
0 1 96487
0 1 96488
0 1 96489
0 1 96490
0 1 96491
0 1 96497
0 1 96499
0 1 96502
0 1 96506
0 1 96508
0 1 96509
0 1 96510
0 1 96511
0 1 96517
0 1 96518
0 1 96528
0 1 96529
0 1 96534
0 1 96535
0 1 96538
0 1 96543
0 1 96545
0 1 96546
0 1 96547
0 1 96548
0 1 96549
0 1 96551
0 1 96552
0 1 96555
0 1 96562
0 1 96563
0 1 96566
0 1 96567
0 1 96573
0 1 96575
0 1 96581
0 1 96585
0 1 96587
0 1 96588
0 1 96589
0 1 96591
0 1 96597
0 1 96598
0 1 96599
0 1 96602
0 1 96605
0 1 96606
0 1 96607
0 1 96608
0 1 96611
0 1 96612
0 1 96614
0 1 96616
0 1 96625
0 1 96627
0 1 96631
0 1 96632
0 1 96633
0 1 96634
0 1 96635
0 1 96636
0 1 96637
0 1 96639
0 1 96640
0 1 96641
0 1 96643
0 1 96645
0 1 96646
0 1 96647
0 1 96648
0 1 96650
0 1 96651
0 1 96659
0 1 96661
0 1 96662
0 1 96663
0 1 96666
0 1 96669
0 1 96671
0 1 96674
0 1 96680
0 1 96681
0 1 96683
0 1 96684
0 1 96685
0 1 96686
0 1 96690
0 1 96691
0 1 96693
0 1 96696
0 1 96697
0 1 96699
0 1 96702
0 1 96703
0 1 96705
0 1 96706
0 1 96707
0 1 96708
0 1 96709
0 1 96710
0 1 96712
0 1 96713
0 1 96716
0 1 96717
0 1 96720
0 1 96721
0 1 96722
0 1 96723
0 1 96725
0 1 96728
0 1 96730
0 1 96731
0 1 96733
0 1 96738
0 1 96740
0 1 96744
0 1 96748
0 1 96750
0 1 96756
0 1 96759
0 1 96763
0 1 96764
0 1 96766
0 1 96767
0 1 96770
0 1 96771
0 1 96774
0 1 96780
0 1 96783
0 1 96786
0 1 96789
0 1 96797
0 1 96798
0 1 96800
0 1 96802
0 1 96806
0 1 96810
0 1 96812
0 1 96814
0 1 96816
0 1 96817
0 1 96818
0 1 96819
0 1 96820
0 1 96822
0 1 96823
0 1 96827
0 1 96828
0 1 96829
0 1 96832
0 1 96846
0 1 96849
0 1 96850
0 1 96851
0 1 96853
0 1 96854
0 1 96855
0 1 96856
0 1 96859
0 1 96860
0 1 96861
0 1 96862
0 1 96865
0 1 96867
0 1 96869
0 1 96870
0 1 96872
0 1 96873
0 1 96874
0 1 96878
0 1 96879
0 1 96885
0 1 96886
0 1 96887
0 1 96888
0 1 96889
0 1 96893
0 1 96896
0 1 96898
0 1 96899
0 1 96900
0 1 96901
0 1 96903
0 1 96905
0 1 96906
0 1 96910
0 1 96914
0 1 96915
0 1 96919
0 1 96922
0 1 96928
0 1 96930
0 1 96935
0 1 96938
0 1 96939
0 1 96940
0 1 96946
0 1 96947
0 1 96949
0 1 96951
0 1 96953
0 1 96954
0 1 96957
0 1 96958
0 1 96961
0 1 96962
0 1 96963
0 1 96964
0 1 96968
0 1 96969
0 1 96971
0 1 96972
0 1 96980
0 1 96982
0 1 96986
0 1 96987
0 1 96988
0 1 96995
0 1 97000
0 1 97001
0 1 97003
0 1 97006
0 1 97008
0 1 97010
0 1 97015
0 1 97017
0 1 97018
0 1 97019
0 1 97025
0 1 97029
0 1 97030
0 1 97037
0 1 97039
0 1 97042
0 1 97045
0 1 97047
0 1 97048
0 1 97049
0 1 97050
0 1 97055
0 1 97059
0 1 97062
0 1 97064
0 1 97065
0 1 97068
0 1 97077
0 1 97078
0 1 97084
0 1 97086
0 1 97089
0 1 97090
0 1 97097
0 1 97100
0 1 97101
0 1 97102
0 1 97103
0 1 97110
0 1 97111
0 1 97113
0 1 97114
0 1 97117
0 1 97123
0 1 97129
0 1 97132
0 1 97133
0 1 97134
0 1 97136
0 1 97140
0 1 97141
0 1 97143
0 1 97147
0 1 97148
0 1 97154
0 1 97156
0 1 97157
0 1 97159
0 1 97161
0 1 97162
0 1 97163
0 1 97164
0 1 97165
0 1 97169
0 1 97170
0 1 97173
0 1 97174
0 1 97176
0 1 97177
0 1 97178
0 1 97180
0 1 97184
0 1 97188
0 1 97191
0 1 97192
0 1 97196
0 1 97197
0 1 97198
0 1 97199
0 1 97200
0 1 97205
0 1 97207
0 1 97208
0 1 97210
0 1 97213
0 1 97215
0 1 97218
0 1 97221
0 1 97225
0 1 97228
0 1 97231
0 1 97233
0 1 97235
0 1 97237
0 1 97238
0 1 97241
0 1 97243
0 1 97244
0 1 97247
0 1 97249
0 1 97250
0 1 97254
0 1 97256
0 1 97258
0 1 97260
0 1 97265
0 1 97266
0 1 97267
0 1 97268
0 1 97269
0 1 97275
0 1 97279
0 1 97281
0 1 97286
0 1 97288
0 1 97293
0 1 97294
0 1 97297
0 1 97299
0 1 97304
0 1 97307
0 1 97313
0 1 97314
0 1 97316
0 1 97317
0 1 97328
0 1 97329
0 1 97331
0 1 97332
0 1 97333
0 1 97335
0 1 97336
0 1 97337
0 1 97338
0 1 97339
0 1 97340
0 1 97342
0 1 97345
0 1 97347
0 1 97356
0 1 97357
0 1 97362
0 1 97366
0 1 97368
0 1 97369
0 1 97370
0 1 97371
0 1 97373
0 1 97374
0 1 97381
0 1 97382
0 1 97384
0 1 97388
0 1 97389
0 1 97392
0 1 97395
0 1 97396
0 1 97397
0 1 97400
0 1 97402
0 1 97406
0 1 97408
0 1 97409
0 1 97410
0 1 97417
0 1 97422
0 1 97424
0 1 97425
0 1 97429
0 1 97431
0 1 97432
0 1 97434
0 1 97435
0 1 97436
0 1 97440
0 1 97449
0 1 97450
0 1 97451
0 1 97455
0 1 97456
0 1 97458
0 1 97460
0 1 97463
0 1 97465
0 1 97469
0 1 97472
0 1 97474
0 1 97484
0 1 97488
0 1 97489
0 1 97496
0 1 97497
0 1 97498
0 1 97501
0 1 97502
0 1 97503
0 1 97506
0 1 97512
0 1 97514
0 1 97516
0 1 97525
0 1 97528
0 1 97529
0 1 97530
0 1 97531
0 1 97532
0 1 97534
0 1 97536
0 1 97539
0 1 97545
0 1 97546
0 1 97553
0 1 97554
0 1 97555
0 1 97556
0 1 97558
0 1 97559
0 1 97562
0 1 97563
0 1 97564
0 1 97565
0 1 97566
0 1 97567
0 1 97570
0 1 97573
0 1 97579
0 1 97582
0 1 97584
0 1 97586
0 1 97588
0 1 97589
0 1 97590
0 1 97592
0 1 97594
0 1 97598
0 1 97601
0 1 97605
0 1 97608
0 1 97610
0 1 97612
0 1 97613
0 1 97614
0 1 97615
0 1 97616
0 1 97618
0 1 97619
0 1 97620
0 1 97622
0 1 97624
0 1 97627
0 1 97633
0 1 97635
0 1 97636
0 1 97640
0 1 97641
0 1 97642
0 1 97645
0 1 97647
0 1 97649
0 1 97651
0 1 97652
0 1 97656
0 1 97658
0 1 97660
0 1 97662
0 1 97669
0 1 97670
0 1 97675
0 1 97676
0 1 97678
0 1 97679
0 1 97680
0 1 97682
0 1 97693
0 1 97696
0 1 97697
0 1 97698
0 1 97700
0 1 97701
0 1 97705
0 1 97707
0 1 97708
0 1 97712
0 1 97715
0 1 97716
0 1 97717
0 1 97718
0 1 97721
0 1 97722
0 1 97723
0 1 97725
0 1 97727
0 1 97731
0 1 97736
0 1 97740
0 1 97743
0 1 97747
0 1 97748
0 1 97749
0 1 97750
0 1 97753
0 1 97754
0 1 97755
0 1 97756
0 1 97760
0 1 97761
0 1 97764
0 1 97767
0 1 97774
0 1 97777
0 1 97779
0 1 97780
0 1 97781
0 1 97783
0 1 97787
0 1 97789
0 1 97791
0 1 97792
0 1 97794
0 1 97799
0 1 97800
0 1 97801
0 1 97803
0 1 97805
0 1 97806
0 1 97808
0 1 97810
0 1 97813
0 1 97818
0 1 97822
0 1 97823
0 1 97830
0 1 97832
0 1 97833
0 1 97834
0 1 97835
0 1 97837
0 1 97841
0 1 97843
0 1 97844
0 1 97847
0 1 97848
0 1 97849
0 1 97850
0 1 97852
0 1 97854
0 1 97855
0 1 97857
0 1 97858
0 1 97859
0 1 97865
0 1 97868
0 1 97870
0 1 97875
0 1 97878
0 1 97881
0 1 97882
0 1 97883
0 1 97884
0 1 97885
0 1 97887
0 1 97888
0 1 97890
0 1 97891
0 1 97892
0 1 97893
0 1 97894
0 1 97896
0 1 97897
0 1 97901
0 1 97905
0 1 97906
0 1 97908
0 1 97909
0 1 97913
0 1 97914
0 1 97915
0 1 97916
0 1 97917
0 1 97919
0 1 97930
0 1 97931
0 1 97935
0 1 97936
0 1 97938
0 1 97939
0 1 97945
0 1 97951
0 1 97953
0 1 97957
0 1 97960
0 1 97962
0 1 97965
0 1 97968
0 1 97969
0 1 97970
0 1 97972
0 1 97973
0 1 97975
0 1 97976
0 1 97977
0 1 97983
0 1 97984
0 1 97988
0 1 97989
0 1 97992
0 1 97993
0 1 97997
0 1 97999
0 1 98001
0 1 98002
0 1 98009
0 1 98013
0 1 98015
0 1 98016
0 1 98019
0 1 98020
0 1 98021
0 1 98022
0 1 98025
0 1 98026
0 1 98028
0 1 98029
0 1 98031
0 1 98032
0 1 98033
0 1 98037
0 1 98038
0 1 98040
0 1 98045
0 1 98051
0 1 98052
0 1 98053
0 1 98054
0 1 98055
0 1 98060
0 1 98061
0 1 98064
0 1 98065
0 1 98075
0 1 98076
0 1 98080
0 1 98082
0 1 98087
0 1 98091
0 1 98093
0 1 98095
0 1 98096
0 1 98099
0 1 98101
0 1 98102
0 1 98104
0 1 98113
0 1 98117
0 1 98119
0 1 98124
0 1 98125
0 1 98130
0 1 98131
0 1 98134
0 1 98138
0 1 98142
0 1 98144
0 1 98147
0 1 98148
0 1 98149
0 1 98150
0 1 98151
0 1 98153
0 1 98155
0 1 98158
0 1 98160
0 1 98164
0 1 98173
0 1 98174
0 1 98180
0 1 98186
0 1 98189
0 1 98191
0 1 98193
0 1 98195
0 1 98196
0 1 98198
0 1 98199
0 1 98200
0 1 98201
0 1 98203
0 1 98207
0 1 98209
0 1 98213
0 1 98214
0 1 98216
0 1 98218
0 1 98219
0 1 98227
0 1 98228
0 1 98230
0 1 98231
0 1 98233
0 1 98237
0 1 98242
0 1 98244
0 1 98248
0 1 98250
0 1 98253
0 1 98254
0 1 98257
0 1 98259
0 1 98262
0 1 98263
0 1 98266
0 1 98267
0 1 98273
0 1 98277
0 1 98279
0 1 98283
0 1 98285
0 1 98287
0 1 98289
0 1 98293
0 1 98297
0 1 98298
0 1 98308
0 1 98310
0 1 98314
0 1 98317
0 1 98320
0 1 98322
0 1 98323
0 1 98325
0 1 98331
0 1 98333
0 1 98334
0 1 98336
0 1 98343
0 1 98344
0 1 98345
0 1 98346
0 1 98354
0 1 98356
0 1 98359
0 1 98364
0 1 98367
0 1 98370
0 1 98372
0 1 98373
0 1 98375
0 1 98377
0 1 98378
0 1 98379
0 1 98381
0 1 98383
0 1 98388
0 1 98389
0 1 98390
0 1 98392
0 1 98396
0 1 98398
0 1 98401
0 1 98403
0 1 98404
0 1 98414
0 1 98416
0 1 98418
0 1 98419
0 1 98422
0 1 98424
0 1 98425
0 1 98427
0 1 98431
0 1 98432
0 1 98433
0 1 98435
0 1 98436
0 1 98437
0 1 98438
0 1 98442
0 1 98446
0 1 98449
0 1 98451
0 1 98455
0 1 98460
0 1 98462
0 1 98466
0 1 98470
0 1 98473
0 1 98475
0 1 98478
0 1 98484
0 1 98486
0 1 98490
0 1 98494
0 1 98496
0 1 98497
0 1 98499
0 1 98500
0 1 98501
0 1 98502
0 1 98503
0 1 98506
0 1 98512
0 1 98516
0 1 98519
0 1 98521
0 1 98522
0 1 98526
0 1 98528
0 1 98529
0 1 98531
0 1 98532
0 1 98534
0 1 98537
0 1 98541
0 1 98542
0 1 98545
0 1 98551
0 1 98553
0 1 98554
0 1 98562
0 1 98563
0 1 98564
0 1 98566
0 1 98568
0 1 98570
0 1 98572
0 1 98576
0 1 98580
0 1 98582
0 1 98583
0 1 98584
0 1 98585
0 1 98586
0 1 98590
0 1 98593
0 1 98594
0 1 98595
0 1 98597
0 1 98600
0 1 98604
0 1 98606
0 1 98609
0 1 98617
0 1 98620
0 1 98624
0 1 98627
0 1 98633
0 1 98634
0 1 98635
0 1 98637
0 1 98640
0 1 98642
0 1 98643
0 1 98645
0 1 98649
0 1 98652
0 1 98656
0 1 98657
0 1 98663
0 1 98666
0 1 98670
0 1 98672
0 1 98674
0 1 98675
0 1 98677
0 1 98681
0 1 98682
0 1 98684
0 1 98688
0 1 98691
0 1 98692
0 1 98693
0 1 98695
0 1 98698
0 1 98701
0 1 98706
0 1 98708
0 1 98711
0 1 98713
0 1 98718
0 1 98725
0 1 98726
0 1 98727
0 1 98728
0 1 98730
0 1 98732
0 1 98734
0 1 98735
0 1 98741
0 1 98748
0 1 98751
0 1 98753
0 1 98756
0 1 98758
0 1 98759
0 1 98761
0 1 98768
0 1 98771
0 1 98772
0 1 98778
0 1 98781
0 1 98785
0 1 98791
0 1 98792
0 1 98793
0 1 98794
0 1 98804
0 1 98805
0 1 98807
0 1 98811
0 1 98814
0 1 98815
0 1 98821
0 1 98822
0 1 98823
0 1 98825
0 1 98826
0 1 98829
0 1 98832
0 1 98834
0 1 98836
0 1 98838
0 1 98844
0 1 98845
0 1 98847
0 1 98852
0 1 98855
0 1 98858
0 1 98860
0 1 98861
0 1 98866
0 1 98867
0 1 98873
0 1 98874
0 1 98875
0 1 98877
0 1 98881
0 1 98885
0 1 98889
0 1 98892
0 1 98897
0 1 98899
0 1 98903
0 1 98905
0 1 98911
0 1 98912
0 1 98914
0 1 98916
0 1 98917
0 1 98920
0 1 98923
0 1 98924
0 1 98925
0 1 98926
0 1 98927
0 1 98928
0 1 98931
0 1 98932
0 1 98933
0 1 98936
0 1 98940
0 1 98943
0 1 98949
0 1 98955
0 1 98958
0 1 98960
0 1 98961
0 1 98962
0 1 98963
0 1 98970
0 1 98974
0 1 98976
0 1 98977
0 1 98978
0 1 98979
0 1 98980
0 1 98986
0 1 98987
0 1 98995
0 1 98996
0 1 98998
0 1 99005
0 1 99006
0 1 99007
0 1 99011
0 1 99014
0 1 99015
0 1 99016
0 1 99018
0 1 99023
0 1 99025
0 1 99028
0 1 99032
0 1 99041
0 1 99044
0 1 99048
0 1 99050
0 1 99051
0 1 99052
0 1 99053
0 1 99054
0 1 99055
0 1 99059
0 1 99061
0 1 99064
0 1 99065
0 1 99066
0 1 99068
0 1 99071
0 1 99073
0 1 99074
0 1 99078
0 1 99079
0 1 99080
0 1 99082
0 1 99087
0 1 99088
0 1 99090
0 1 99091
0 1 99096
0 1 99101
0 1 99107
0 1 99108
0 1 99114
0 1 99122
0 1 99124
0 1 99127
0 1 99129
0 1 99132
0 1 99133
0 1 99134
0 1 99135
0 1 99138
0 1 99139
0 1 99145
0 1 99146
0 1 99148
0 1 99153
0 1 99154
0 1 99157
0 1 99158
0 1 99159
0 1 99163
0 1 99164
0 1 99166
0 1 99168
0 1 99169
0 1 99170
0 1 99171
0 1 99174
0 1 99176
0 1 99177
0 1 99178
0 1 99179
0 1 99181
0 1 99187
0 1 99188
0 1 99189
0 1 99191
0 1 99192
0 1 99196
0 1 99197
0 1 99198
0 1 99200
0 1 99205
0 1 99207
0 1 99209
0 1 99212
0 1 99221
0 1 99225
0 1 99235
0 1 99242
0 1 99243
0 1 99249
0 1 99250
0 1 99251
0 1 99252
0 1 99253
0 1 99254
0 1 99257
0 1 99266
0 1 99267
0 1 99268
0 1 99277
0 1 99280
0 1 99281
0 1 99284
0 1 99285
0 1 99286
0 1 99291
0 1 99294
0 1 99296
0 1 99299
0 1 99303
0 1 99304
0 1 99306
0 1 99309
0 1 99310
0 1 99311
0 1 99314
0 1 99315
0 1 99316
0 1 99317
0 1 99318
0 1 99319
0 1 99325
0 1 99327
0 1 99329
0 1 99330
0 1 99332
0 1 99333
0 1 99334
0 1 99335
0 1 99340
0 1 99342
0 1 99343
0 1 99349
0 1 99350
0 1 99352
0 1 99353
0 1 99354
0 1 99356
0 1 99359
0 1 99366
0 1 99367
0 1 99372
0 1 99373
0 1 99375
0 1 99380
0 1 99383
0 1 99388
0 1 99389
0 1 99391
0 1 99392
0 1 99394
0 1 99395
0 1 99396
0 1 99399
0 1 99400
0 1 99406
0 1 99407
0 1 99410
0 1 99416
0 1 99424
0 1 99425
0 1 99428
0 1 99431
0 1 99435
0 1 99438
0 1 99441
0 1 99443
0 1 99444
0 1 99445
0 1 99446
0 1 99453
0 1 99454
0 1 99456
0 1 99457
0 1 99459
0 1 99462
0 1 99464
0 1 99465
0 1 99468
0 1 99469
0 1 99471
0 1 99475
0 1 99477
0 1 99479
0 1 99481
0 1 99486
0 1 99488
0 1 99491
0 1 99492
0 1 99494
0 1 99495
0 1 99496
0 1 99504
0 1 99505
0 1 99515
0 1 99518
0 1 99525
0 1 99526
0 1 99527
0 1 99528
0 1 99533
0 1 99536
0 1 99537
0 1 99538
0 1 99541
0 1 99543
0 1 99544
0 1 99547
0 1 99551
0 1 99552
0 1 99553
0 1 99554
0 1 99556
0 1 99558
0 1 99560
0 1 99562
0 1 99564
0 1 99568
0 1 99569
0 1 99571
0 1 99572
0 1 99574
0 1 99575
0 1 99579
0 1 99582
0 1 99585
0 1 99586
0 1 99587
0 1 99588
0 1 99592
0 1 99593
0 1 99599
0 1 99601
0 1 99604
0 1 99606
0 1 99608
0 1 99609
0 1 99613
0 1 99614
0 1 99617
0 1 99620
0 1 99622
0 1 99623
0 1 99627
0 1 99629
0 1 99632
0 1 99634
0 1 99636
0 1 99637
0 1 99639
0 1 99640
0 1 99641
0 1 99643
0 1 99645
0 1 99650
0 1 99651
0 1 99653
0 1 99654
0 1 99655
0 1 99656
0 1 99657
0 1 99659
0 1 99664
0 1 99665
0 1 99666
0 1 99668
0 1 99672
0 1 99673
0 1 99674
0 1 99677
0 1 99679
0 1 99680
0 1 99681
0 1 99682
0 1 99686
0 1 99688
0 1 99694
0 1 99696
0 1 99698
0 1 99699
0 1 99702
0 1 99703
0 1 99707
0 1 99709
0 1 99710
0 1 99712
0 1 99713
0 1 99719
0 1 99723
0 1 99725
0 1 99728
0 1 99731
0 1 99732
0 1 99735
0 1 99736
0 1 99738
0 1 99741
0 1 99744
0 1 99750
0 1 99751
0 1 99755
0 1 99760
0 1 99763
0 1 99766
0 1 99768
0 1 99769
0 1 99774
0 1 99775
0 1 99778
0 1 99780
0 1 99782
0 1 99783
0 1 99784
0 1 99786
0 1 99788
0 1 99793
0 1 99796
0 1 99798
0 1 99800
0 1 99802
0 1 99803
0 1 99804
0 1 99807
0 1 99809
0 1 99810
0 1 99811
0 1 99812
0 1 99813
0 1 99815
0 1 99816
0 1 99817
0 1 99818
0 1 99819
0 1 99823
0 1 99826
0 1 99829
0 1 99834
0 1 99836
0 1 99840
0 1 99844
0 1 99846
0 1 99847
0 1 99849
0 1 99851
0 1 99852
0 1 99853
0 1 99854
0 1 99856
0 1 99858
0 1 99862
0 1 99867
0 1 99875
0 1 99878
0 1 99881
0 1 99882
0 1 99883
0 1 99890
0 1 99891
0 1 99898
0 1 99900
0 1 99902
0 1 99904
0 1 99909
0 1 99911
0 1 99913
0 1 99914
0 1 99916
0 1 99918
0 1 99920
0 1 99921
0 1 99924
0 1 99925
0 1 99929
0 1 99930
0 1 99932
0 1 99934
0 1 99935
0 1 99938
0 1 99939
0 1 99940
0 1 99943
0 1 99945
0 1 99946
0 1 99947
0 1 99948
0 1 99951
0 1 99954
0 1 99955
0 1 99957
0 1 99962
0 1 99965
0 1 99975
0 1 99977
0 1 99979
0 1 99982
0 1 99986
0 1 99987
0 1 99991
0 1 99992
0 1 99995
